[
  {
    "context": "TRAIN",
    "doc": {
      "id": "Abbie_Prosser",
      "tl": [
        {
          "si": 0,
          "sti": 0,
          "dti": 0,
          "sco": 0,
          "dco": 0,
          "txt": "Abbie"
        },
        {
          "si": 0,
          "sti": 1,
          "dti": 1,
          "sco": 6,
          "dco": 6,
          "txt": "Prosser"
        },
        {
          "si": 0,
          "sti": 2,
          "dti": 2,
          "sco": 13,
          "dco": 13,
          "txt": "."
        },
        {
          "si": 1,
          "sti": 0,
          "dti": 3,
          "sco": 0,
          "dco": 15,
          "txt": "Abbie"
        },
        {
          "si": 1,
          "sti": 1,
          "dti": 4,
          "sco": 6,
          "dco": 21,
          "txt": "Prosser"
        },
        {
          "si": 1,
          "sti": 2,
          "dti": 5,
          "sco": 14,
          "dco": 29,
          "txt": "("
        },
        {
          "si": 1,
          "sti": 3,
          "dti": 6,
          "sco": 15,
          "dco": 30,
          "txt": "born"
        },
        {
          "si": 1,
          "sti": 4,
          "dti": 7,
          "sco": 20,
          "dco": 35,
          "txt": "4"
        },
        {
          "si": 1,
          "sti": 5,
          "dti": 8,
          "sco": 22,
          "dco": 37,
          "txt": "September"
        },
        {
          "si": 1,
          "sti": 6,
          "dti": 9,
          "sco": 32,
          "dco": 47,
          "txt": "1991"
        },
        {
          "si": 1,
          "sti": 7,
          "dti": 10,
          "sco": 36,
          "dco": 51,
          "txt": ")"
        },
        {
          "si": 1,
          "sti": 8,
          "dti": 11,
          "sco": 38,
          "dco": 53,
          "txt": "is"
        },
        {
          "si": 1,
          "sti": 9,
          "dti": 12,
          "sco": 41,
          "dco": 56,
          "txt": "an"
        },
        {
          "si": 1,
          "sti": 10,
          "dti": 13,
          "sco": 44,
          "dco": 59,
          "txt": "English"
        },
        {
          "si": 1,
          "sti": 11,
          "dti": 14,
          "sco": 52,
          "dco": 67,
          "txt": "association"
        },
        {
          "si": 1,
          "sti": 12,
          "dti": 15,
          "sco": 64,
          "dco": 79,
          "txt": "football"
        },
        {
          "si": 1,
          "sti": 13,
          "dti": 16,
          "sco": 73,
          "dco": 88,
          "txt": "midfielder"
        },
        {
          "si": 1,
          "sti": 14,
          "dti": 17,
          "sco": 83,
          "dco": 98,
          "txt": ","
        },
        {
          "si": 1,
          "sti": 15,
          "dti": 18,
          "sco": 85,
          "dco": 100,
          "txt": "who"
        },
        {
          "si": 1,
          "sti": 16,
          "dti": 19,
          "sco": 89,
          "dco": 104,
          "txt": "currently"
        },
        {
          "si": 1,
          "sti": 17,
          "dti": 20,
          "sco": 99,
          "dco": 114,
          "txt": "plays"
        },
        {
          "si": 1,
          "sti": 18,
          "dti": 21,
          "sco": 105,
          "dco": 120,
          "txt": "for"
        },
        {
          "si": 1,
          "sti": 19,
          "dti": 22,
          "sco": 109,
          "dco": 124,
          "txt": "Doncaster"
        },
        {
          "si": 1,
          "sti": 20,
          "dti": 23,
          "sco": 119,
          "dco": 134,
          "txt": "Rovers"
        },
        {
          "si": 1,
          "sti": 21,
          "dti": 24,
          "sco": 126,
          "dco": 141,
          "txt": "Belles"
        },
        {
          "si": 1,
          "sti": 22,
          "dti": 25,
          "sco": 133,
          "dco": 148,
          "txt": "L"
        },
        {
          "si": 1,
          "sti": 23,
          "dti": 26,
          "sco": 134,
          "dco": 149,
          "txt": "."
        },
        {
          "si": 1,
          "sti": 24,
          "dti": 27,
          "sco": 135,
          "dco": 150,
          "txt": "F"
        },
        {
          "si": 1,
          "sti": 25,
          "dti": 28,
          "sco": 136,
          "dco": 151,
          "txt": "."
        },
        {
          "si": 1,
          "sti": 26,
          "dti": 29,
          "sco": 137,
          "dco": 152,
          "txt": "C"
        },
        {
          "si": 1,
          "sti": 27,
          "dti": 30,
          "sco": 138,
          "dco": 153,
          "txt": "."
        },
        {
          "si": 1,
          "sti": 28,
          "dti": 31,
          "sco": 139,
          "dco": 154,
          "txt": "."
        },
        {
          "si": 2,
          "sti": 0,
          "dti": 32,
          "sco": 0,
          "dco": 156,
          "txt": "Prosser"
        },
        {
          "si": 2,
          "sti": 1,
          "dti": 33,
          "sco": 8,
          "dco": 164,
          "txt": "has"
        },
        {
          "si": 2,
          "sti": 2,
          "dti": 34,
          "sco": 12,
          "dco": 168,
          "txt": "represented"
        },
        {
          "si": 2,
          "sti": 3,
          "dti": 35,
          "sco": 24,
          "dco": 180,
          "txt": "England"
        },
        {
          "si": 2,
          "sti": 4,
          "dti": 36,
          "sco": 32,
          "dco": 188,
          "txt": "women"
        },
        {
          "si": 2,
          "sti": 5,
          "dti": 37,
          "sco": 37,
          "dco": 193,
          "txt": "'"
        },
        {
          "si": 2,
          "sti": 6,
          "dti": 38,
          "sco": 38,
          "dco": 194,
          "txt": "s"
        },
        {
          "si": 2,
          "sti": 7,
          "dti": 39,
          "sco": 40,
          "dco": 196,
          "txt": "national"
        },
        {
          "si": 2,
          "sti": 8,
          "dti": 40,
          "sco": 49,
          "dco": 205,
          "txt": "football"
        },
        {
          "si": 2,
          "sti": 9,
          "dti": 41,
          "sco": 58,
          "dco": 214,
          "txt": "team"
        },
        {
          "si": 2,
          "sti": 10,
          "dti": 42,
          "sco": 63,
          "dco": 219,
          "txt": "at"
        },
        {
          "si": 2,
          "sti": 11,
          "dti": 43,
          "sco": 66,
          "dco": 222,
          "txt": "under"
        },
        {
          "si": 2,
          "sti": 12,
          "dti": 44,
          "sco": 71,
          "dco": 227,
          "txt": "-"
        },
        {
          "si": 2,
          "sti": 13,
          "dti": 45,
          "sco": 72,
          "dco": 228,
          "txt": "19"
        },
        {
          "si": 2,
          "sti": 14,
          "dti": 46,
          "sco": 75,
          "dco": 231,
          "txt": "level"
        },
        {
          "si": 2,
          "sti": 15,
          "dti": 47,
          "sco": 80,
          "dco": 236,
          "txt": "."
        },
        {
          "si": 3,
          "sti": 0,
          "dti": 48,
          "sco": 0,
          "dco": 238,
          "txt": "Club"
        },
        {
          "si": 3,
          "sti": 1,
          "dti": 49,
          "sco": 5,
          "dco": 243,
          "txt": "career"
        },
        {
          "si": 3,
          "sti": 2,
          "dti": 50,
          "sco": 11,
          "dco": 249,
          "txt": "."
        },
        {
          "si": 4,
          "sti": 0,
          "dti": 51,
          "sco": 0,
          "dco": 251,
          "txt": "Prosser"
        },
        {
          "si": 4,
          "sti": 1,
          "dti": 52,
          "sco": 8,
          "dco": 259,
          "txt": "started"
        },
        {
          "si": 4,
          "sti": 2,
          "dti": 53,
          "sco": 16,
          "dco": 267,
          "txt": "off"
        },
        {
          "si": 4,
          "sti": 3,
          "dti": 54,
          "sco": 20,
          "dco": 271,
          "txt": "playing"
        },
        {
          "si": 4,
          "sti": 4,
          "dti": 55,
          "sco": 28,
          "dco": 279,
          "txt": "for"
        },
        {
          "si": 4,
          "sti": 5,
          "dti": 56,
          "sco": 32,
          "dco": 283,
          "txt": "Barnet"
        },
        {
          "si": 4,
          "sti": 6,
          "dti": 57,
          "sco": 39,
          "dco": 290,
          "txt": "F"
        },
        {
          "si": 4,
          "sti": 7,
          "dti": 58,
          "sco": 40,
          "dco": 291,
          "txt": "."
        },
        {
          "si": 4,
          "sti": 8,
          "dti": 59,
          "sco": 41,
          "dco": 292,
          "txt": "C"
        },
        {
          "si": 4,
          "sti": 9,
          "dti": 60,
          "sco": 42,
          "dco": 293,
          "txt": "."
        },
        {
          "si": 5,
          "sti": 0,
          "dti": 61,
          "sco": 0,
          "dco": 295,
          "txt": "Ladies"
        },
        {
          "si": 5,
          "sti": 1,
          "dti": 62,
          "sco": 6,
          "dco": 301,
          "txt": ","
        },
        {
          "si": 5,
          "sti": 2,
          "dti": 63,
          "sco": 8,
          "dco": 303,
          "txt": "before"
        },
        {
          "si": 5,
          "sti": 3,
          "dti": 64,
          "sco": 15,
          "dco": 310,
          "txt": "moving"
        },
        {
          "si": 5,
          "sti": 4,
          "dti": 65,
          "sco": 22,
          "dco": 317,
          "txt": "to"
        },
        {
          "si": 5,
          "sti": 5,
          "dti": 66,
          "sco": 25,
          "dco": 320,
          "txt": "play"
        },
        {
          "si": 5,
          "sti": 6,
          "dti": 67,
          "sco": 30,
          "dco": 325,
          "txt": "for"
        },
        {
          "si": 5,
          "sti": 7,
          "dti": 68,
          "sco": 34,
          "dco": 329,
          "txt": "Doncaster"
        },
        {
          "si": 5,
          "sti": 8,
          "dti": 69,
          "sco": 44,
          "dco": 339,
          "txt": "Rovers"
        },
        {
          "si": 5,
          "sti": 9,
          "dti": 70,
          "sco": 51,
          "dco": 346,
          "txt": "in"
        },
        {
          "si": 5,
          "sti": 10,
          "dti": 71,
          "sco": 54,
          "dco": 349,
          "txt": "2011"
        },
        {
          "si": 5,
          "sti": 11,
          "dti": 72,
          "sco": 58,
          "dco": 353,
          "txt": ","
        },
        {
          "si": 5,
          "sti": 12,
          "dti": 73,
          "sco": 60,
          "dco": 355,
          "txt": "where"
        },
        {
          "si": 5,
          "sti": 13,
          "dti": 74,
          "sco": 66,
          "dco": 361,
          "txt": "she"
        },
        {
          "si": 5,
          "sti": 14,
          "dti": 75,
          "sco": 70,
          "dco": 365,
          "txt": "scored"
        },
        {
          "si": 5,
          "sti": 15,
          "dti": 76,
          "sco": 77,
          "dco": 372,
          "txt": "no"
        },
        {
          "si": 5,
          "sti": 16,
          "dti": 77,
          "sco": 80,
          "dco": 375,
          "txt": "goals"
        },
        {
          "si": 5,
          "sti": 17,
          "dti": 78,
          "sco": 86,
          "dco": 381,
          "txt": "in"
        },
        {
          "si": 5,
          "sti": 18,
          "dti": 79,
          "sco": 89,
          "dco": 384,
          "txt": "her"
        },
        {
          "si": 5,
          "sti": 19,
          "dti": 80,
          "sco": 93,
          "dco": 388,
          "txt": "seven"
        },
        {
          "si": 5,
          "sti": 20,
          "dti": 81,
          "sco": 99,
          "dco": 394,
          "txt": "appearances"
        },
        {
          "si": 5,
          "sti": 21,
          "dti": 82,
          "sco": 110,
          "dco": 405,
          "txt": "."
        },
        {
          "si": 6,
          "sti": 0,
          "dti": 83,
          "sco": 0,
          "dco": 407,
          "txt": "However"
        },
        {
          "si": 6,
          "sti": 1,
          "dti": 84,
          "sco": 7,
          "dco": 414,
          "txt": ","
        },
        {
          "si": 6,
          "sti": 2,
          "dti": 85,
          "sco": 9,
          "dco": 416,
          "txt": "for"
        },
        {
          "si": 6,
          "sti": 3,
          "dti": 86,
          "sco": 13,
          "dco": 420,
          "txt": "the"
        },
        {
          "si": 6,
          "sti": 4,
          "dti": 87,
          "sco": 17,
          "dco": 424,
          "txt": "England"
        },
        {
          "si": 6,
          "sti": 5,
          "dti": 88,
          "sco": 25,
          "dco": 432,
          "txt": "women"
        },
        {
          "si": 6,
          "sti": 6,
          "dti": 89,
          "sco": 30,
          "dco": 437,
          "txt": "'"
        },
        {
          "si": 6,
          "sti": 7,
          "dti": 90,
          "sco": 31,
          "dco": 438,
          "txt": "s"
        },
        {
          "si": 6,
          "sti": 8,
          "dti": 91,
          "sco": 33,
          "dco": 440,
          "txt": "national"
        },
        {
          "si": 6,
          "sti": 9,
          "dti": 92,
          "sco": 42,
          "dco": 449,
          "txt": "under"
        },
        {
          "si": 6,
          "sti": 10,
          "dti": 93,
          "sco": 47,
          "dco": 454,
          "txt": "-"
        },
        {
          "si": 6,
          "sti": 11,
          "dti": 94,
          "sco": 48,
          "dco": 455,
          "txt": "19"
        },
        {
          "si": 6,
          "sti": 12,
          "dti": 95,
          "sco": 51,
          "dco": 458,
          "txt": "football"
        },
        {
          "si": 6,
          "sti": 13,
          "dti": 96,
          "sco": 60,
          "dco": 467,
          "txt": "team"
        },
        {
          "si": 6,
          "sti": 14,
          "dti": 97,
          "sco": 64,
          "dco": 471,
          "txt": ","
        },
        {
          "si": 6,
          "sti": 15,
          "dti": 98,
          "sco": 66,
          "dco": 473,
          "txt": "Prosser"
        },
        {
          "si": 6,
          "sti": 16,
          "dti": 99,
          "sco": 74,
          "dco": 481,
          "txt": "played"
        },
        {
          "si": 6,
          "sti": 17,
          "dti": 100,
          "sco": 81,
          "dco": 488,
          "txt": "18"
        },
        {
          "si": 6,
          "sti": 18,
          "dti": 101,
          "sco": 84,
          "dco": 491,
          "txt": "matches"
        },
        {
          "si": 6,
          "sti": 19,
          "dti": 102,
          "sco": 91,
          "dco": 498,
          "txt": ","
        },
        {
          "si": 6,
          "sti": 20,
          "dti": 103,
          "sco": 93,
          "dco": 500,
          "txt": "but"
        },
        {
          "si": 6,
          "sti": 21,
          "dti": 104,
          "sco": 97,
          "dco": 504,
          "txt": "scored"
        },
        {
          "si": 6,
          "sti": 22,
          "dti": 105,
          "sco": 104,
          "dco": 511,
          "txt": "no"
        },
        {
          "si": 6,
          "sti": 23,
          "dti": 106,
          "sco": 107,
          "dco": 514,
          "txt": "goals"
        },
        {
          "si": 6,
          "sti": 24,
          "dti": 107,
          "sco": 112,
          "dco": 519,
          "txt": "."
        },
        {
          "si": 7,
          "sti": 0,
          "dti": 108,
          "sco": 0,
          "dco": 521,
          "txt": "Family"
        },
        {
          "si": 7,
          "sti": 1,
          "dti": 109,
          "sco": 6,
          "dco": 527,
          "txt": "."
        },
        {
          "si": 8,
          "sti": 0,
          "dti": 110,
          "sco": 0,
          "dco": 529,
          "txt": "Prosser"
        },
        {
          "si": 8,
          "sti": 1,
          "dti": 111,
          "sco": 8,
          "dco": 537,
          "txt": "is"
        },
        {
          "si": 8,
          "sti": 2,
          "dti": 112,
          "sco": 11,
          "dco": 540,
          "txt": "the"
        },
        {
          "si": 8,
          "sti": 3,
          "dti": 113,
          "sco": 15,
          "dco": 544,
          "txt": "sister"
        },
        {
          "si": 8,
          "sti": 4,
          "dti": 114,
          "sco": 22,
          "dco": 551,
          "txt": "of"
        },
        {
          "si": 8,
          "sti": 5,
          "dti": 115,
          "sco": 25,
          "dco": 554,
          "txt": "Luke"
        },
        {
          "si": 8,
          "sti": 6,
          "dti": 116,
          "sco": 30,
          "dco": 559,
          "txt": "Prosser"
        },
        {
          "si": 8,
          "sti": 7,
          "dti": 117,
          "sco": 37,
          "dco": 566,
          "txt": ","
        },
        {
          "si": 8,
          "sti": 8,
          "dti": 118,
          "sco": 39,
          "dco": 568,
          "txt": "who"
        },
        {
          "si": 8,
          "sti": 9,
          "dti": 119,
          "sco": 43,
          "dco": 572,
          "txt": "is"
        },
        {
          "si": 8,
          "sti": 10,
          "dti": 120,
          "sco": 46,
          "dco": 575,
          "txt": "also"
        },
        {
          "si": 8,
          "sti": 11,
          "dti": 121,
          "sco": 51,
          "dco": 580,
          "txt": "a"
        },
        {
          "si": 8,
          "sti": 12,
          "dti": 122,
          "sco": 53,
          "dco": 582,
          "txt": "footballer"
        },
        {
          "si": 8,
          "sti": 13,
          "dti": 123,
          "sco": 63,
          "dco": 592,
          "txt": "."
        }
      ]
    },
    "ganns": {
      "dla": [],
      "la": [],
      "ea": [],
      "eta": [
        {
          "ra": {
            "ea": {
              "etn": "Abbie_Prosser"
            }
          },
          "sfs": [
            [
              {
                "stn": "birthYear"
              },
              {
                "dla": {
                  "txt": {
                    "sff": "1991"
                  },
                  "et": {
                    "etn": "BirthYear"
                  },
                  "dp": {
                    "off": 47
                  }
                }
              }
            ],
            [
              {
                "stn": "deathYear"
              },
              {}
            ]
          ],
          "mfs": [
            [
              {
                "stn": "position"
              },
              {
                "dla": [],
                "la": [],
                "ea": [
                  {
                    "etn": "Midfielder"
                  }
                ],
                "eta": []
              }
            ],
            [
              {
                "stn": "team"
              },
              {
                "dla": [],
                "la": [],
                "ea": [
                  {
                    "etn": "Doncaster_Rovers_Belles_L.F.C."
                  },
                  {
                    "etn": "England_women's_national_football_team"
                  }
                ],
                "eta": []
              }
            ],
            [
              {
                "stn": "birthPlace"
              },
              {
                "dla": [],
                "la": [],
                "ea": [],
                "eta": []
              }
            ]
          ]
        }
      ]
    }
  }
]
