[
  {
    "context": "DEVELOPMENT",
    "doc": {
      "id": "Abdurabb_Al_Yazeedi",
      "tl": [
        {
          "si": 0,
          "sti": 0,
          "dti": 0,
          "sco": 0,
          "dco": 0,
          "txt": "Abdurabb"
        },
        {
          "si": 0,
          "sti": 1,
          "dti": 1,
          "sco": 9,
          "dco": 9,
          "txt": "Al"
        },
        {
          "si": 0,
          "sti": 2,
          "dti": 2,
          "sco": 12,
          "dco": 12,
          "txt": "Yazeedi"
        },
        {
          "si": 0,
          "sti": 3,
          "dti": 3,
          "sco": 19,
          "dco": 19,
          "txt": "."
        },
        {
          "si": 1,
          "sti": 0,
          "dti": 4,
          "sco": 0,
          "dco": 21,
          "txt": "Mohammed"
        },
        {
          "si": 1,
          "sti": 1,
          "dti": 5,
          "sco": 9,
          "dco": 30,
          "txt": "Abdurabb"
        },
        {
          "si": 1,
          "sti": 2,
          "dti": 6,
          "sco": 18,
          "dco": 39,
          "txt": "Al"
        },
        {
          "si": 1,
          "sti": 3,
          "dti": 7,
          "sco": 21,
          "dco": 42,
          "txt": "Yazeedi"
        },
        {
          "si": 1,
          "sti": 4,
          "dti": 8,
          "sco": 29,
          "dco": 50,
          "txt": "("
        },
        {
          "si": 1,
          "sti": 5,
          "dti": 9,
          "sco": 30,
          "dco": 51,
          "txt": "born"
        },
        {
          "si": 1,
          "sti": 6,
          "dti": 10,
          "sco": 35,
          "dco": 56,
          "txt": "30"
        },
        {
          "si": 1,
          "sti": 7,
          "dti": 11,
          "sco": 38,
          "dco": 59,
          "txt": "October"
        },
        {
          "si": 1,
          "sti": 8,
          "dti": 12,
          "sco": 46,
          "dco": 67,
          "txt": "1988"
        },
        {
          "si": 1,
          "sti": 9,
          "dti": 13,
          "sco": 50,
          "dco": 71,
          "txt": ")"
        },
        {
          "si": 1,
          "sti": 10,
          "dti": 14,
          "sco": 52,
          "dco": 73,
          "txt": "is"
        },
        {
          "si": 1,
          "sti": 11,
          "dti": 15,
          "sco": 55,
          "dco": 76,
          "txt": "a"
        },
        {
          "si": 1,
          "sti": 12,
          "dti": 16,
          "sco": 57,
          "dco": 78,
          "txt": "Qatari"
        },
        {
          "si": 1,
          "sti": 13,
          "dti": 17,
          "sco": 64,
          "dco": 85,
          "txt": "footballer"
        },
        {
          "si": 1,
          "sti": 14,
          "dti": 18,
          "sco": 74,
          "dco": 95,
          "txt": "."
        },
        {
          "si": 2,
          "sti": 0,
          "dti": 19,
          "sco": 0,
          "dco": 97,
          "txt": "He"
        },
        {
          "si": 2,
          "sti": 1,
          "dti": 20,
          "sco": 3,
          "dco": 100,
          "txt": "currently"
        },
        {
          "si": 2,
          "sti": 2,
          "dti": 21,
          "sco": 13,
          "dco": 110,
          "txt": "plays"
        },
        {
          "si": 2,
          "sti": 3,
          "dti": 22,
          "sco": 19,
          "dco": 116,
          "txt": "as"
        },
        {
          "si": 2,
          "sti": 4,
          "dti": 23,
          "sco": 22,
          "dco": 119,
          "txt": "a"
        },
        {
          "si": 2,
          "sti": 5,
          "dti": 24,
          "sco": 24,
          "dco": 121,
          "txt": "midfielder"
        },
        {
          "si": 2,
          "sti": 6,
          "dti": 25,
          "sco": 35,
          "dco": 132,
          "txt": "for"
        },
        {
          "si": 2,
          "sti": 7,
          "dti": 26,
          "sco": 39,
          "dco": 136,
          "txt": "Al"
        },
        {
          "si": 2,
          "sti": 8,
          "dti": 27,
          "sco": 41,
          "dco": 138,
          "txt": "-"
        },
        {
          "si": 2,
          "sti": 9,
          "dti": 28,
          "sco": 42,
          "dco": 139,
          "txt": "Kharaitiyat"
        },
        {
          "si": 2,
          "sti": 10,
          "dti": 29,
          "sco": 53,
          "dco": 150,
          "txt": "."
        },
        {
          "si": 3,
          "sti": 0,
          "dti": 30,
          "sco": 0,
          "dco": 152,
          "txt": "He"
        },
        {
          "si": 3,
          "sti": 1,
          "dti": 31,
          "sco": 3,
          "dco": 155,
          "txt": "is"
        },
        {
          "si": 3,
          "sti": 2,
          "dti": 32,
          "sco": 6,
          "dco": 158,
          "txt": "often"
        },
        {
          "si": 3,
          "sti": 3,
          "dti": 33,
          "sco": 12,
          "dco": 164,
          "txt": "compared"
        },
        {
          "si": 3,
          "sti": 4,
          "dti": 34,
          "sco": 21,
          "dco": 173,
          "txt": "to"
        },
        {
          "si": 3,
          "sti": 5,
          "dti": 35,
          "sco": 24,
          "dco": 176,
          "txt": "his"
        },
        {
          "si": 3,
          "sti": 6,
          "dti": 36,
          "sco": 28,
          "dco": 180,
          "txt": "former"
        },
        {
          "si": 3,
          "sti": 7,
          "dti": 37,
          "sco": 35,
          "dco": 187,
          "txt": "partner"
        },
        {
          "si": 3,
          "sti": 8,
          "dti": 38,
          "sco": 43,
          "dco": 195,
          "txt": "\""
        },
        {
          "si": 3,
          "sti": 9,
          "dti": 39,
          "sco": 44,
          "dco": 196,
          "txt": "Felipe"
        },
        {
          "si": 3,
          "sti": 10,
          "dti": 40,
          "sco": 51,
          "dco": 203,
          "txt": "Jorge"
        },
        {
          "si": 3,
          "sti": 11,
          "dti": 41,
          "sco": 56,
          "dco": 208,
          "txt": "\""
        },
        {
          "si": 3,
          "sti": 12,
          "dti": 42,
          "sco": 57,
          "dco": 209,
          "txt": "."
        },
        {
          "si": 4,
          "sti": 0,
          "dti": 43,
          "sco": 0,
          "dco": 211,
          "txt": "He"
        },
        {
          "si": 4,
          "sti": 1,
          "dti": 44,
          "sco": 3,
          "dco": 214,
          "txt": "is"
        },
        {
          "si": 4,
          "sti": 2,
          "dti": 45,
          "sco": 6,
          "dco": 217,
          "txt": "of"
        },
        {
          "si": 4,
          "sti": 3,
          "dti": 46,
          "sco": 9,
          "dco": 220,
          "txt": "Yemeni"
        },
        {
          "si": 4,
          "sti": 4,
          "dti": 47,
          "sco": 16,
          "dco": 227,
          "txt": "descent"
        },
        {
          "si": 4,
          "sti": 5,
          "dti": 48,
          "sco": 23,
          "dco": 234,
          "txt": "."
        },
        {
          "si": 5,
          "sti": 0,
          "dti": 49,
          "sco": 0,
          "dco": 236,
          "txt": "International"
        },
        {
          "si": 5,
          "sti": 1,
          "dti": 50,
          "sco": 14,
          "dco": 250,
          "txt": "career"
        },
        {
          "si": 5,
          "sti": 2,
          "dti": 51,
          "sco": 20,
          "dco": 256,
          "txt": "."
        },
        {
          "si": 6,
          "sti": 0,
          "dti": 52,
          "sco": 0,
          "dco": 258,
          "txt": "Al"
        },
        {
          "si": 6,
          "sti": 1,
          "dti": 53,
          "sco": 3,
          "dco": 261,
          "txt": "Yazeedi"
        },
        {
          "si": 6,
          "sti": 2,
          "dti": 54,
          "sco": 11,
          "dco": 269,
          "txt": "has"
        },
        {
          "si": 6,
          "sti": 3,
          "dti": 55,
          "sco": 15,
          "dco": 273,
          "txt": "made"
        },
        {
          "si": 6,
          "sti": 4,
          "dti": 56,
          "sco": 20,
          "dco": 278,
          "txt": "two"
        },
        {
          "si": 6,
          "sti": 5,
          "dti": 57,
          "sco": 24,
          "dco": 282,
          "txt": "appearances"
        },
        {
          "si": 6,
          "sti": 6,
          "dti": 58,
          "sco": 36,
          "dco": 294,
          "txt": "for"
        },
        {
          "si": 6,
          "sti": 7,
          "dti": 59,
          "sco": 40,
          "dco": 298,
          "txt": "the"
        },
        {
          "si": 6,
          "sti": 8,
          "dti": 60,
          "sco": 44,
          "dco": 302,
          "txt": "senior"
        },
        {
          "si": 6,
          "sti": 9,
          "dti": 61,
          "sco": 51,
          "dco": 309,
          "txt": "Qatar"
        },
        {
          "si": 6,
          "sti": 10,
          "dti": 62,
          "sco": 57,
          "dco": 315,
          "txt": "national"
        },
        {
          "si": 6,
          "sti": 11,
          "dti": 63,
          "sco": 66,
          "dco": 324,
          "txt": "football"
        },
        {
          "si": 6,
          "sti": 12,
          "dti": 64,
          "sco": 75,
          "dco": 333,
          "txt": "team"
        },
        {
          "si": 6,
          "sti": 13,
          "dti": 65,
          "sco": 79,
          "dco": 337,
          "txt": ","
        },
        {
          "si": 6,
          "sti": 14,
          "dti": 66,
          "sco": 81,
          "dco": 339,
          "txt": "including"
        },
        {
          "si": 6,
          "sti": 15,
          "dti": 67,
          "sco": 91,
          "dco": 349,
          "txt": "a"
        },
        {
          "si": 6,
          "sti": 16,
          "dti": 68,
          "sco": 93,
          "dco": 351,
          "txt": "2010"
        },
        {
          "si": 6,
          "sti": 17,
          "dti": 69,
          "sco": 98,
          "dco": 356,
          "txt": "FIFA"
        },
        {
          "si": 6,
          "sti": 18,
          "dti": 70,
          "sco": 103,
          "dco": 361,
          "txt": "World"
        },
        {
          "si": 6,
          "sti": 19,
          "dti": 71,
          "sco": 109,
          "dco": 367,
          "txt": "Cup"
        },
        {
          "si": 6,
          "sti": 20,
          "dti": 72,
          "sco": 113,
          "dco": 371,
          "txt": "qualifying"
        },
        {
          "si": 6,
          "sti": 21,
          "dti": 73,
          "sco": 124,
          "dco": 382,
          "txt": "match"
        },
        {
          "si": 6,
          "sti": 22,
          "dti": 74,
          "sco": 130,
          "dco": 388,
          "txt": "against"
        },
        {
          "si": 6,
          "sti": 23,
          "dti": 75,
          "sco": 138,
          "dco": 396,
          "txt": "Japan"
        },
        {
          "si": 6,
          "sti": 24,
          "dti": 76,
          "sco": 144,
          "dco": 402,
          "txt": "on"
        },
        {
          "si": 6,
          "sti": 25,
          "dti": 77,
          "sco": 147,
          "dco": 405,
          "txt": "19"
        },
        {
          "si": 6,
          "sti": 26,
          "dti": 78,
          "sco": 150,
          "dco": 408,
          "txt": "November"
        },
        {
          "si": 6,
          "sti": 27,
          "dti": 79,
          "sco": 159,
          "dco": 417,
          "txt": "2008"
        },
        {
          "si": 6,
          "sti": 28,
          "dti": 80,
          "sco": 163,
          "dco": 421,
          "txt": "."
        },
        {
          "si": 7,
          "sti": 0,
          "dti": 81,
          "sco": 0,
          "dco": 423,
          "txt": "He"
        },
        {
          "si": 7,
          "sti": 1,
          "dti": 82,
          "sco": 3,
          "dco": 426,
          "txt": "also"
        },
        {
          "si": 7,
          "sti": 2,
          "dti": 83,
          "sco": 8,
          "dco": 431,
          "txt": "participated"
        },
        {
          "si": 7,
          "sti": 3,
          "dti": 84,
          "sco": 21,
          "dco": 444,
          "txt": "in"
        },
        {
          "si": 7,
          "sti": 4,
          "dti": 85,
          "sco": 24,
          "dco": 447,
          "txt": "the"
        },
        {
          "si": 7,
          "sti": 5,
          "dti": 86,
          "sco": 28,
          "dco": 451,
          "txt": "2005"
        },
        {
          "si": 7,
          "sti": 6,
          "dti": 87,
          "sco": 33,
          "dco": 456,
          "txt": "FIFA"
        },
        {
          "si": 7,
          "sti": 7,
          "dti": 88,
          "sco": 38,
          "dco": 461,
          "txt": "U"
        },
        {
          "si": 7,
          "sti": 8,
          "dti": 89,
          "sco": 39,
          "dco": 462,
          "txt": "-"
        },
        {
          "si": 7,
          "sti": 9,
          "dti": 90,
          "sco": 40,
          "dco": 463,
          "txt": "17"
        },
        {
          "si": 7,
          "sti": 10,
          "dti": 91,
          "sco": 43,
          "dco": 466,
          "txt": "World"
        },
        {
          "si": 7,
          "sti": 11,
          "dti": 92,
          "sco": 49,
          "dco": 472,
          "txt": "Championship"
        },
        {
          "si": 7,
          "sti": 12,
          "dti": 93,
          "sco": 61,
          "dco": 484,
          "txt": "."
        }
      ]
    },
    "ganns": {
      "dla": [],
      "la": [],
      "ea": [],
      "eta": [
        {
          "ra": {
            "ea": {
              "etn": "Abdurabb_Al_Yazeedi"
            }
          },
          "sfs": [
            [
              {
                "stn": "birthYear"
              },
              {
                "dla": {
                  "txt": {
                    "sff": "1988"
                  },
                  "et": {
                    "etn": "BirthYear"
                  },
                  "dp": {
                    "off": 67
                  }
                }
              }
            ],
            [
              {
                "stn": "deathYear"
              },
              {}
            ]
          ],
          "mfs": [
            [
              {
                "stn": "position"
              },
              {
                "dla": [],
                "la": [],
                "ea": [
                  {
                    "etn": "Midfielder"
                  }
                ],
                "eta": []
              }
            ],
            [
              {
                "stn": "team"
              },
              {
                "dla": [],
                "la": [],
                "ea": [
                  {
                    "etn": "Qatar_national_football_team"
                  }
                ],
                "eta": []
              }
            ],
            [
              {
                "stn": "birthPlace"
              },
              {
                "dla": [],
                "la": [],
                "ea": [
                  {
                    "etn": "Qatar"
                  }
                ],
                "eta": []
              }
            ]
          ]
        }
      ]
    }
  }
]
