[
  {
    "context": "DEVELOPMENT",
    "doc": {
      "id": "Abhijit_Das",
      "tl": [
        {
          "si": 0,
          "sti": 0,
          "dti": 0,
          "sco": 0,
          "dco": 0,
          "txt": "Abhijit"
        },
        {
          "si": 0,
          "sti": 1,
          "dti": 1,
          "sco": 8,
          "dco": 8,
          "txt": "Das"
        },
        {
          "si": 0,
          "sti": 2,
          "dti": 2,
          "sco": 11,
          "dco": 11,
          "txt": "."
        },
        {
          "si": 1,
          "sti": 0,
          "dti": 3,
          "sco": 0,
          "dco": 13,
          "txt": "Abhijit"
        },
        {
          "si": 1,
          "sti": 1,
          "dti": 4,
          "sco": 8,
          "dco": 21,
          "txt": "Das"
        },
        {
          "si": 1,
          "sti": 2,
          "dti": 5,
          "sco": 12,
          "dco": 25,
          "txt": "("
        },
        {
          "si": 1,
          "sti": 3,
          "dti": 6,
          "sco": 13,
          "dco": 26,
          "txt": "born"
        },
        {
          "si": 1,
          "sti": 4,
          "dti": 7,
          "sco": 18,
          "dco": 31,
          "txt": "10"
        },
        {
          "si": 1,
          "sti": 5,
          "dti": 8,
          "sco": 21,
          "dco": 34,
          "txt": "July"
        },
        {
          "si": 1,
          "sti": 6,
          "dti": 9,
          "sco": 26,
          "dco": 39,
          "txt": "1987"
        },
        {
          "si": 1,
          "sti": 7,
          "dti": 10,
          "sco": 30,
          "dco": 43,
          "txt": ")"
        },
        {
          "si": 1,
          "sti": 8,
          "dti": 11,
          "sco": 32,
          "dco": 45,
          "txt": "is"
        },
        {
          "si": 1,
          "sti": 9,
          "dti": 12,
          "sco": 35,
          "dco": 48,
          "txt": "an"
        },
        {
          "si": 1,
          "sti": 10,
          "dti": 13,
          "sco": 38,
          "dco": 51,
          "txt": "Indian"
        },
        {
          "si": 1,
          "sti": 11,
          "dti": 14,
          "sco": 45,
          "dco": 58,
          "txt": "professional"
        },
        {
          "si": 1,
          "sti": 12,
          "dti": 15,
          "sco": 58,
          "dco": 71,
          "txt": "footballer"
        },
        {
          "si": 1,
          "sti": 13,
          "dti": 16,
          "sco": 69,
          "dco": 82,
          "txt": "who"
        },
        {
          "si": 1,
          "sti": 14,
          "dti": 17,
          "sco": 73,
          "dco": 86,
          "txt": "plays"
        },
        {
          "si": 1,
          "sti": 15,
          "dti": 18,
          "sco": 79,
          "dco": 92,
          "txt": "as"
        },
        {
          "si": 1,
          "sti": 16,
          "dti": 19,
          "sco": 82,
          "dco": 95,
          "txt": "a"
        },
        {
          "si": 1,
          "sti": 17,
          "dti": 20,
          "sco": 84,
          "dco": 97,
          "txt": "goalkeeper"
        },
        {
          "si": 1,
          "sti": 18,
          "dti": 21,
          "sco": 95,
          "dco": 108,
          "txt": "for"
        },
        {
          "si": 1,
          "sti": 19,
          "dti": 22,
          "sco": 99,
          "dco": 112,
          "txt": "Salgaocar"
        },
        {
          "si": 1,
          "sti": 20,
          "dti": 23,
          "sco": 109,
          "dco": 122,
          "txt": "F"
        },
        {
          "si": 1,
          "sti": 21,
          "dti": 24,
          "sco": 110,
          "dco": 123,
          "txt": "."
        },
        {
          "si": 1,
          "sti": 22,
          "dti": 25,
          "sco": 111,
          "dco": 124,
          "txt": "C"
        },
        {
          "si": 1,
          "sti": 23,
          "dti": 26,
          "sco": 112,
          "dco": 125,
          "txt": "."
        },
        {
          "si": 1,
          "sti": 24,
          "dti": 27,
          "sco": 114,
          "dco": 127,
          "txt": "in"
        },
        {
          "si": 1,
          "sti": 25,
          "dti": 28,
          "sco": 117,
          "dco": 130,
          "txt": "the"
        },
        {
          "si": 1,
          "sti": 26,
          "dti": 29,
          "sco": 121,
          "dco": 134,
          "txt": "I"
        },
        {
          "si": 1,
          "sti": 27,
          "dti": 30,
          "sco": 122,
          "dco": 135,
          "txt": "-"
        },
        {
          "si": 1,
          "sti": 28,
          "dti": 31,
          "sco": 123,
          "dco": 136,
          "txt": "League"
        },
        {
          "si": 1,
          "sti": 29,
          "dti": 32,
          "sco": 129,
          "dco": 142,
          "txt": "."
        },
        {
          "si": 2,
          "sti": 0,
          "dti": 33,
          "sco": 0,
          "dco": 144,
          "txt": "United"
        },
        {
          "si": 2,
          "sti": 1,
          "dti": 34,
          "sco": 6,
          "dco": 150,
          "txt": "."
        },
        {
          "si": 3,
          "sti": 0,
          "dti": 35,
          "sco": 0,
          "dco": 152,
          "txt": "Abhijit"
        },
        {
          "si": 3,
          "sti": 1,
          "dti": 36,
          "sco": 8,
          "dco": 160,
          "txt": "signed"
        },
        {
          "si": 3,
          "sti": 2,
          "dti": 37,
          "sco": 15,
          "dco": 167,
          "txt": "his"
        },
        {
          "si": 3,
          "sti": 3,
          "dti": 38,
          "sco": 19,
          "dco": 171,
          "txt": "first"
        },
        {
          "si": 3,
          "sti": 4,
          "dti": 39,
          "sco": 25,
          "dco": 177,
          "txt": "professional"
        },
        {
          "si": 3,
          "sti": 5,
          "dti": 40,
          "sco": 38,
          "dco": 190,
          "txt": "contract"
        },
        {
          "si": 3,
          "sti": 6,
          "dti": 41,
          "sco": 47,
          "dco": 199,
          "txt": "at"
        },
        {
          "si": 3,
          "sti": 7,
          "dti": 42,
          "sco": 50,
          "dco": 202,
          "txt": "the"
        },
        {
          "si": 3,
          "sti": 8,
          "dti": 43,
          "sco": 54,
          "dco": 206,
          "txt": "age"
        },
        {
          "si": 3,
          "sti": 9,
          "dti": 44,
          "sco": 58,
          "dco": 210,
          "txt": "of"
        },
        {
          "si": 3,
          "sti": 10,
          "dti": 45,
          "sco": 61,
          "dco": 213,
          "txt": "23"
        },
        {
          "si": 3,
          "sti": 11,
          "dti": 46,
          "sco": 64,
          "dco": 216,
          "txt": "for"
        },
        {
          "si": 3,
          "sti": 12,
          "dti": 47,
          "sco": 68,
          "dco": 220,
          "txt": "Southern"
        },
        {
          "si": 3,
          "sti": 13,
          "dti": 48,
          "sco": 77,
          "dco": 229,
          "txt": "Samity"
        },
        {
          "si": 3,
          "sti": 14,
          "dti": 49,
          "sco": 84,
          "dco": 236,
          "txt": "and"
        },
        {
          "si": 3,
          "sti": 15,
          "dti": 50,
          "sco": 88,
          "dco": 240,
          "txt": "represented"
        },
        {
          "si": 3,
          "sti": 16,
          "dti": 51,
          "sco": 100,
          "dco": 252,
          "txt": "the"
        },
        {
          "si": 3,
          "sti": 17,
          "dti": 52,
          "sco": 104,
          "dco": 256,
          "txt": "club"
        },
        {
          "si": 3,
          "sti": 18,
          "dti": 53,
          "sco": 109,
          "dco": 261,
          "txt": "for"
        },
        {
          "si": 3,
          "sti": 19,
          "dti": 54,
          "sco": 113,
          "dco": 265,
          "txt": "three"
        },
        {
          "si": 3,
          "sti": 20,
          "dti": 55,
          "sco": 119,
          "dco": 271,
          "txt": "years"
        },
        {
          "si": 3,
          "sti": 21,
          "dti": 56,
          "sco": 124,
          "dco": 276,
          "txt": "."
        },
        {
          "si": 4,
          "sti": 0,
          "dti": 57,
          "sco": 0,
          "dco": 278,
          "txt": "Born"
        },
        {
          "si": 4,
          "sti": 1,
          "dti": 58,
          "sco": 5,
          "dco": 283,
          "txt": "in"
        },
        {
          "si": 4,
          "sti": 2,
          "dti": 59,
          "sco": 8,
          "dco": 286,
          "txt": "Kolkata"
        },
        {
          "si": 4,
          "sti": 3,
          "dti": 60,
          "sco": 15,
          "dco": 293,
          "txt": ","
        },
        {
          "si": 4,
          "sti": 4,
          "dti": 61,
          "sco": 17,
          "dco": 295,
          "txt": "West"
        },
        {
          "si": 4,
          "sti": 5,
          "dti": 62,
          "sco": 22,
          "dco": 300,
          "txt": "Bengal"
        },
        {
          "si": 4,
          "sti": 6,
          "dti": 63,
          "sco": 28,
          "dco": 306,
          "txt": ","
        },
        {
          "si": 4,
          "sti": 7,
          "dti": 64,
          "sco": 30,
          "dco": 308,
          "txt": "Das"
        },
        {
          "si": 4,
          "sti": 8,
          "dti": 65,
          "sco": 34,
          "dco": 312,
          "txt": "made"
        },
        {
          "si": 4,
          "sti": 9,
          "dti": 66,
          "sco": 39,
          "dco": 317,
          "txt": "his"
        },
        {
          "si": 4,
          "sti": 10,
          "dti": 67,
          "sco": 43,
          "dco": 321,
          "txt": "professional"
        },
        {
          "si": 4,
          "sti": 11,
          "dti": 68,
          "sco": 56,
          "dco": 334,
          "txt": "debut"
        },
        {
          "si": 4,
          "sti": 12,
          "dti": 69,
          "sco": 62,
          "dco": 340,
          "txt": "for"
        },
        {
          "si": 4,
          "sti": 13,
          "dti": 70,
          "sco": 66,
          "dco": 344,
          "txt": "United"
        },
        {
          "si": 4,
          "sti": 14,
          "dti": 71,
          "sco": 73,
          "dco": 351,
          "txt": "S"
        },
        {
          "si": 4,
          "sti": 15,
          "dti": 72,
          "sco": 74,
          "dco": 352,
          "txt": "."
        },
        {
          "si": 4,
          "sti": 16,
          "dti": 73,
          "sco": 75,
          "dco": 353,
          "txt": "C"
        },
        {
          "si": 4,
          "sti": 17,
          "dti": 74,
          "sco": 76,
          "dco": 354,
          "txt": "."
        },
        {
          "si": 4,
          "sti": 18,
          "dti": 75,
          "sco": 78,
          "dco": 356,
          "txt": "on"
        },
        {
          "si": 4,
          "sti": 19,
          "dti": 76,
          "sco": 81,
          "dco": 359,
          "txt": "10"
        },
        {
          "si": 4,
          "sti": 20,
          "dti": 77,
          "sco": 84,
          "dco": 362,
          "txt": "December"
        },
        {
          "si": 4,
          "sti": 21,
          "dti": 78,
          "sco": 93,
          "dco": 371,
          "txt": "2013"
        },
        {
          "si": 4,
          "sti": 22,
          "dti": 79,
          "sco": 98,
          "dco": 376,
          "txt": "against"
        },
        {
          "si": 4,
          "sti": 23,
          "dti": 80,
          "sco": 106,
          "dco": 384,
          "txt": "Dempo"
        },
        {
          "si": 4,
          "sti": 24,
          "dti": 81,
          "sco": 112,
          "dco": 390,
          "txt": "at"
        },
        {
          "si": 4,
          "sti": 25,
          "dti": 82,
          "sco": 115,
          "dco": 393,
          "txt": "the"
        },
        {
          "si": 4,
          "sti": 26,
          "dti": 83,
          "sco": 119,
          "dco": 397,
          "txt": "Salt"
        },
        {
          "si": 4,
          "sti": 27,
          "dti": 84,
          "sco": 124,
          "dco": 402,
          "txt": "Lake"
        },
        {
          "si": 4,
          "sti": 28,
          "dti": 85,
          "sco": 129,
          "dco": 407,
          "txt": "Stadium"
        },
        {
          "si": 4,
          "sti": 29,
          "dti": 86,
          "sco": 137,
          "dco": 415,
          "txt": "after"
        },
        {
          "si": 4,
          "sti": 30,
          "dti": 87,
          "sco": 143,
          "dco": 421,
          "txt": "both"
        },
        {
          "si": 4,
          "sti": 31,
          "dti": 88,
          "sco": 148,
          "dco": 426,
          "txt": "of"
        },
        {
          "si": 4,
          "sti": 32,
          "dti": 89,
          "sco": 151,
          "dco": 429,
          "txt": "United"
        },
        {
          "si": 4,
          "sti": 33,
          "dti": 90,
          "sco": 157,
          "dco": 435,
          "txt": "'"
        },
        {
          "si": 4,
          "sti": 34,
          "dti": 91,
          "sco": 158,
          "dco": 436,
          "txt": "s"
        },
        {
          "si": 4,
          "sti": 35,
          "dti": 92,
          "sco": 160,
          "dco": 438,
          "txt": "first"
        },
        {
          "si": 4,
          "sti": 36,
          "dti": 93,
          "sco": 166,
          "dco": 444,
          "txt": "two"
        },
        {
          "si": 4,
          "sti": 37,
          "dti": 94,
          "sco": 170,
          "dco": 448,
          "txt": "choice"
        },
        {
          "si": 4,
          "sti": 38,
          "dti": 95,
          "sco": 177,
          "dco": 455,
          "txt": "goalkeepers"
        },
        {
          "si": 4,
          "sti": 39,
          "dti": 96,
          "sco": 188,
          "dco": 466,
          "txt": ","
        },
        {
          "si": 4,
          "sti": 40,
          "dti": 97,
          "sco": 190,
          "dco": 468,
          "txt": "Sangram"
        },
        {
          "si": 4,
          "sti": 41,
          "dti": 98,
          "sco": 198,
          "dco": 476,
          "txt": "Mukherjee"
        },
        {
          "si": 4,
          "sti": 42,
          "dti": 99,
          "sco": 208,
          "dco": 486,
          "txt": "and"
        },
        {
          "si": 4,
          "sti": 43,
          "dti": 100,
          "sco": 212,
          "dco": 490,
          "txt": "Ishan"
        },
        {
          "si": 4,
          "sti": 44,
          "dti": 101,
          "sco": 218,
          "dco": 496,
          "txt": "Debnath"
        },
        {
          "si": 4,
          "sti": 45,
          "dti": 102,
          "sco": 225,
          "dco": 503,
          "txt": ","
        },
        {
          "si": 4,
          "sti": 46,
          "dti": 103,
          "sco": 227,
          "dco": 505,
          "txt": "were"
        },
        {
          "si": 4,
          "sti": 47,
          "dti": 104,
          "sco": 232,
          "dco": 510,
          "txt": "revealed"
        },
        {
          "si": 4,
          "sti": 48,
          "dti": 105,
          "sco": 241,
          "dco": 519,
          "txt": "to"
        },
        {
          "si": 4,
          "sti": 49,
          "dti": 106,
          "sco": 244,
          "dco": 522,
          "txt": "be"
        },
        {
          "si": 4,
          "sti": 50,
          "dti": 107,
          "sco": 247,
          "dco": 525,
          "txt": "injured"
        },
        {
          "si": 4,
          "sti": 51,
          "dti": 108,
          "sco": 254,
          "dco": 532,
          "txt": "."
        },
        {
          "si": 5,
          "sti": 0,
          "dti": 109,
          "sco": 0,
          "dco": 534,
          "txt": "Salgaocar"
        },
        {
          "si": 5,
          "sti": 1,
          "dti": 110,
          "sco": 9,
          "dco": 543,
          "txt": "."
        },
        {
          "si": 6,
          "sti": 0,
          "dti": 111,
          "sco": 0,
          "dco": 545,
          "txt": "On"
        },
        {
          "si": 6,
          "sti": 1,
          "dti": 112,
          "sco": 3,
          "dco": 548,
          "txt": "18"
        },
        {
          "si": 6,
          "sti": 2,
          "dti": 113,
          "sco": 6,
          "dco": 551,
          "txt": "June"
        },
        {
          "si": 6,
          "sti": 3,
          "dti": 114,
          "sco": 11,
          "dco": 556,
          "txt": "2014"
        },
        {
          "si": 6,
          "sti": 4,
          "dti": 115,
          "sco": 16,
          "dco": 561,
          "txt": "it"
        },
        {
          "si": 6,
          "sti": 5,
          "dti": 116,
          "sco": 19,
          "dco": 564,
          "txt": "was"
        },
        {
          "si": 6,
          "sti": 6,
          "dti": 117,
          "sco": 23,
          "dco": 568,
          "txt": "announced"
        },
        {
          "si": 6,
          "sti": 7,
          "dti": 118,
          "sco": 33,
          "dco": 578,
          "txt": "that"
        },
        {
          "si": 6,
          "sti": 8,
          "dti": 119,
          "sco": 38,
          "dco": 583,
          "txt": "Abhijit"
        },
        {
          "si": 6,
          "sti": 9,
          "dti": 120,
          "sco": 46,
          "dco": 591,
          "txt": "has"
        },
        {
          "si": 6,
          "sti": 10,
          "dti": 121,
          "sco": 50,
          "dco": 595,
          "txt": "signed"
        },
        {
          "si": 6,
          "sti": 11,
          "dti": 122,
          "sco": 57,
          "dco": 602,
          "txt": "for"
        },
        {
          "si": 6,
          "sti": 12,
          "dti": 123,
          "sco": 61,
          "dco": 606,
          "txt": "Salgaocar"
        },
        {
          "si": 6,
          "sti": 13,
          "dti": 124,
          "sco": 71,
          "dco": 616,
          "txt": "F"
        },
        {
          "si": 6,
          "sti": 14,
          "dti": 125,
          "sco": 72,
          "dco": 617,
          "txt": "."
        },
        {
          "si": 6,
          "sti": 15,
          "dti": 126,
          "sco": 73,
          "dco": 618,
          "txt": "C"
        },
        {
          "si": 6,
          "sti": 16,
          "dti": 127,
          "sco": 74,
          "dco": 619,
          "txt": "."
        },
        {
          "si": 6,
          "sti": 17,
          "dti": 128,
          "sco": 76,
          "dco": 621,
          "txt": "on"
        },
        {
          "si": 6,
          "sti": 18,
          "dti": 129,
          "sco": 79,
          "dco": 624,
          "txt": "a"
        },
        {
          "si": 6,
          "sti": 19,
          "dti": 130,
          "sco": 81,
          "dco": 626,
          "txt": "three"
        },
        {
          "si": 6,
          "sti": 20,
          "dti": 131,
          "sco": 87,
          "dco": 632,
          "txt": "year"
        },
        {
          "si": 6,
          "sti": 21,
          "dti": 132,
          "sco": 92,
          "dco": 637,
          "txt": "deal"
        },
        {
          "si": 6,
          "sti": 22,
          "dti": 133,
          "sco": 96,
          "dco": 641,
          "txt": "."
        },
        {
          "si": 7,
          "sti": 0,
          "dti": 134,
          "sco": 0,
          "dco": 643,
          "txt": "Personal"
        },
        {
          "si": 7,
          "sti": 1,
          "dti": 135,
          "sco": 9,
          "dco": 652,
          "txt": "Life"
        },
        {
          "si": 7,
          "sti": 2,
          "dti": 136,
          "sco": 13,
          "dco": 656,
          "txt": "."
        },
        {
          "si": 8,
          "sti": 0,
          "dti": 137,
          "sco": 0,
          "dco": 658,
          "txt": "Abhijit"
        },
        {
          "si": 8,
          "sti": 1,
          "dti": 138,
          "sco": 8,
          "dco": 666,
          "txt": "is"
        },
        {
          "si": 8,
          "sti": 2,
          "dti": 139,
          "sco": 11,
          "dco": 669,
          "txt": "a"
        },
        {
          "si": 8,
          "sti": 3,
          "dti": 140,
          "sco": 13,
          "dco": 671,
          "txt": "fan"
        },
        {
          "si": 8,
          "sti": 4,
          "dti": 141,
          "sco": 17,
          "dco": 675,
          "txt": "of"
        },
        {
          "si": 8,
          "sti": 5,
          "dti": 142,
          "sco": 20,
          "dco": 678,
          "txt": "Manchester"
        },
        {
          "si": 8,
          "sti": 6,
          "dti": 143,
          "sco": 31,
          "dco": 689,
          "txt": "United"
        },
        {
          "si": 8,
          "sti": 7,
          "dti": 144,
          "sco": 37,
          "dco": 695,
          "txt": ","
        },
        {
          "si": 8,
          "sti": 8,
          "dti": 145,
          "sco": 39,
          "dco": 697,
          "txt": "Uruguay"
        },
        {
          "si": 8,
          "sti": 9,
          "dti": 146,
          "sco": 47,
          "dco": 705,
          "txt": "national"
        },
        {
          "si": 8,
          "sti": 10,
          "dti": 147,
          "sco": 56,
          "dco": 714,
          "txt": "football"
        },
        {
          "si": 8,
          "sti": 11,
          "dti": 148,
          "sco": 65,
          "dco": 723,
          "txt": "team"
        },
        {
          "si": 8,
          "sti": 12,
          "dti": 149,
          "sco": 70,
          "dco": 728,
          "txt": "and"
        },
        {
          "si": 8,
          "sti": 13,
          "dti": 150,
          "sco": 74,
          "dco": 732,
          "txt": "Diego"
        },
        {
          "si": 8,
          "sti": 14,
          "dti": 151,
          "sco": 80,
          "dco": 738,
          "txt": "Forlan"
        },
        {
          "si": 8,
          "sti": 15,
          "dti": 152,
          "sco": 87,
          "dco": 745,
          "txt": "is"
        },
        {
          "si": 8,
          "sti": 16,
          "dti": 153,
          "sco": 90,
          "dco": 748,
          "txt": "his"
        },
        {
          "si": 8,
          "sti": 17,
          "dti": 154,
          "sco": 94,
          "dco": 752,
          "txt": "favourite"
        },
        {
          "si": 8,
          "sti": 18,
          "dti": 155,
          "sco": 104,
          "dco": 762,
          "txt": "player"
        },
        {
          "si": 8,
          "sti": 19,
          "dti": 156,
          "sco": 110,
          "dco": 768,
          "txt": "."
        }
      ]
    },
    "ganns": {
      "dla": [],
      "la": [],
      "ea": [],
      "eta": [
        {
          "ra": {
            "ea": {
              "etn": "Abhijit_Das"
            }
          },
          "sfs": [
            [
              {
                "stn": "birthYear"
              },
              {
                "dla": {
                  "txt": {
                    "sff": "1987"
                  },
                  "et": {
                    "etn": "BirthYear"
                  },
                  "dp": {
                    "off": 39
                  }
                }
              }
            ],
            [
              {
                "stn": "deathYear"
              },
              {}
            ]
          ],
          "mfs": [
            [
              {
                "stn": "birthPlaces"
              },
              {
                "dla": [],
                "la": [],
                "ea": [
                  {
                    "etn": "Kolkata"
                  },
                  {
                    "etn": "West_Bengal"
                  }
                ],
                "eta": []
              }
            ],
            [
              {
                "stn": "teams"
              },
              {
                "dla": [],
                "la": [],
                "ea": [
                  {
                    "etn": "United_S.C."
                  }
                ],
                "eta": []
              }
            ],
            [
              {
                "stn": "positions"
              },
              {
                "dla": [],
                "la": [],
                "ea": [
                  {
                    "etn": "Goalkeeper_(association_football)"
                  }
                ],
                "eta": []
              }
            ]
          ]
        }
      ]
    }
  }
]
