[
  {
    "context": "TRAIN",
    "doc": {
      "id": "Adam_Marjan",
      "tl": [
        {
          "si": 0,
          "sti": 0,
          "dti": 0,
          "sco": 0,
          "dco": 0,
          "txt": "Adam"
        },
        {
          "si": 0,
          "sti": 1,
          "dti": 1,
          "sco": 5,
          "dco": 5,
          "txt": "Marjan"
        },
        {
          "si": 0,
          "sti": 2,
          "dti": 2,
          "sco": 11,
          "dco": 11,
          "txt": "."
        },
        {
          "si": 1,
          "sti": 0,
          "dti": 3,
          "sco": 0,
          "dco": 13,
          "txt": "Adam"
        },
        {
          "si": 1,
          "sti": 1,
          "dti": 4,
          "sco": 5,
          "dco": 18,
          "txt": "Ahmed"
        },
        {
          "si": 1,
          "sti": 2,
          "dti": 5,
          "sco": 11,
          "dco": 24,
          "txt": "Marjan"
        },
        {
          "si": 1,
          "sti": 3,
          "dti": 6,
          "sco": 18,
          "dco": 31,
          "txt": "("
        },
        {
          "si": 1,
          "sti": 4,
          "dti": 7,
          "sco": 19,
          "dco": 32,
          "txt": "born"
        },
        {
          "si": 1,
          "sti": 5,
          "dti": 8,
          "sco": 24,
          "dco": 37,
          "txt": "23"
        },
        {
          "si": 1,
          "sti": 6,
          "dti": 9,
          "sco": 27,
          "dco": 40,
          "txt": "September"
        },
        {
          "si": 1,
          "sti": 7,
          "dti": 10,
          "sco": 37,
          "dco": 50,
          "txt": "1957"
        },
        {
          "si": 1,
          "sti": 8,
          "dti": 11,
          "sco": 41,
          "dco": 54,
          "txt": ")"
        },
        {
          "si": 1,
          "sti": 9,
          "dti": 12,
          "sco": 43,
          "dco": 56,
          "txt": "is"
        },
        {
          "si": 1,
          "sti": 10,
          "dti": 13,
          "sco": 46,
          "dco": 59,
          "txt": "a"
        },
        {
          "si": 1,
          "sti": 11,
          "dti": 14,
          "sco": 48,
          "dco": 61,
          "txt": "Kuwaiti"
        },
        {
          "si": 1,
          "sti": 12,
          "dti": 15,
          "sco": 56,
          "dco": 69,
          "txt": "football"
        },
        {
          "si": 1,
          "sti": 13,
          "dti": 16,
          "sco": 65,
          "dco": 78,
          "txt": "goalkeeper"
        },
        {
          "si": 1,
          "sti": 14,
          "dti": 17,
          "sco": 76,
          "dco": 89,
          "txt": "who"
        },
        {
          "si": 1,
          "sti": 15,
          "dti": 18,
          "sco": 80,
          "dco": 93,
          "txt": "played"
        },
        {
          "si": 1,
          "sti": 16,
          "dti": 19,
          "sco": 87,
          "dco": 100,
          "txt": "for"
        },
        {
          "si": 1,
          "sti": 17,
          "dti": 20,
          "sco": 91,
          "dco": 104,
          "txt": "Kuwait"
        },
        {
          "si": 1,
          "sti": 18,
          "dti": 21,
          "sco": 98,
          "dco": 111,
          "txt": "in"
        },
        {
          "si": 1,
          "sti": 19,
          "dti": 22,
          "sco": 101,
          "dco": 114,
          "txt": "the"
        },
        {
          "si": 1,
          "sti": 20,
          "dti": 23,
          "sco": 105,
          "dco": 118,
          "txt": "1982"
        },
        {
          "si": 1,
          "sti": 21,
          "dti": 24,
          "sco": 110,
          "dco": 123,
          "txt": "FIFA"
        },
        {
          "si": 1,
          "sti": 22,
          "dti": 25,
          "sco": 115,
          "dco": 128,
          "txt": "World"
        },
        {
          "si": 1,
          "sti": 23,
          "dti": 26,
          "sco": 121,
          "dco": 134,
          "txt": "Cup"
        },
        {
          "si": 1,
          "sti": 24,
          "dti": 27,
          "sco": 124,
          "dco": 137,
          "txt": "."
        },
        {
          "si": 2,
          "sti": 0,
          "dti": 28,
          "sco": 0,
          "dco": 139,
          "txt": "He"
        },
        {
          "si": 2,
          "sti": 1,
          "dti": 29,
          "sco": 3,
          "dco": 142,
          "txt": "also"
        },
        {
          "si": 2,
          "sti": 2,
          "dti": 30,
          "sco": 8,
          "dco": 147,
          "txt": "played"
        },
        {
          "si": 2,
          "sti": 3,
          "dti": 31,
          "sco": 15,
          "dco": 154,
          "txt": "for"
        },
        {
          "si": 2,
          "sti": 4,
          "dti": 32,
          "sco": 19,
          "dco": 158,
          "txt": "Kazma"
        },
        {
          "si": 2,
          "sti": 5,
          "dti": 33,
          "sco": 25,
          "dco": 164,
          "txt": "Sporting"
        },
        {
          "si": 2,
          "sti": 6,
          "dti": 34,
          "sco": 34,
          "dco": 173,
          "txt": "Club"
        },
        {
          "si": 2,
          "sti": 7,
          "dti": 35,
          "sco": 38,
          "dco": 177,
          "txt": "."
        }
      ]
    },
    "ganns": {
      "dla": [],
      "la": [],
      "ea": [],
      "eta": [
        {
          "ra": {
            "ea": {
              "etn": "Adam_Marjan"
            }
          },
          "sfs": [
            [
              {
                "stn": "birthYear"
              },
              {
                "dla": {
                  "txt": {
                    "sff": "1957"
                  },
                  "et": {
                    "etn": "BirthYear"
                  },
                  "dp": {
                    "off": 50
                  }
                }
              }
            ],
            [
              {
                "stn": "deathYear"
              },
              {}
            ]
          ],
          "mfs": [
            [
              {
                "stn": "birthPlaces"
              },
              {
                "dla": [],
                "la": [],
                "ea": [
                  {
                    "etn": "Kuwait"
                  }
                ],
                "eta": []
              }
            ],
            [
              {
                "stn": "teams"
              },
              {
                "dla": [],
                "la": [],
                "ea": [
                  {
                    "etn": "Kazma_Sporting_Club"
                  },
                  {
                    "etn": "Kuwait_national_football_team"
                  }
                ],
                "eta": []
              }
            ],
            [
              {
                "stn": "positions"
              },
              {
                "dla": [],
                "la": [],
                "ea": [
                  {
                    "etn": "Goalkeeper_(association_football)"
                  }
                ],
                "eta": []
              }
            ]
          ]
        }
      ]
    }
  }
]
