[
  {
    "context": "DEVELOPMENT",
    "doc": {
      "id": "Adam_Cummins",
      "tl": [
        {
          "si": 0,
          "sti": 0,
          "dti": 0,
          "sco": 0,
          "dco": 0,
          "txt": "Adam"
        },
        {
          "si": 0,
          "sti": 1,
          "dti": 1,
          "sco": 5,
          "dco": 5,
          "txt": "Cummins"
        },
        {
          "si": 0,
          "sti": 2,
          "dti": 2,
          "sco": 12,
          "dco": 12,
          "txt": "."
        },
        {
          "si": 1,
          "sti": 0,
          "dti": 3,
          "sco": 0,
          "dco": 14,
          "txt": "Adam"
        },
        {
          "si": 1,
          "sti": 1,
          "dti": 4,
          "sco": 5,
          "dco": 19,
          "txt": "Cummins"
        },
        {
          "si": 1,
          "sti": 2,
          "dti": 5,
          "sco": 13,
          "dco": 27,
          "txt": "("
        },
        {
          "si": 1,
          "sti": 3,
          "dti": 6,
          "sco": 14,
          "dco": 28,
          "txt": "born"
        },
        {
          "si": 1,
          "sti": 4,
          "dti": 7,
          "sco": 19,
          "dco": 33,
          "txt": "3"
        },
        {
          "si": 1,
          "sti": 5,
          "dti": 8,
          "sco": 21,
          "dco": 35,
          "txt": "March"
        },
        {
          "si": 1,
          "sti": 6,
          "dti": 9,
          "sco": 27,
          "dco": 41,
          "txt": "1993"
        },
        {
          "si": 1,
          "sti": 7,
          "dti": 10,
          "sco": 31,
          "dco": 45,
          "txt": ")"
        },
        {
          "si": 1,
          "sti": 8,
          "dti": 11,
          "sco": 33,
          "dco": 47,
          "txt": "is"
        },
        {
          "si": 1,
          "sti": 9,
          "dti": 12,
          "sco": 36,
          "dco": 50,
          "txt": "an"
        },
        {
          "si": 1,
          "sti": 10,
          "dti": 13,
          "sco": 39,
          "dco": 53,
          "txt": "English"
        },
        {
          "si": 1,
          "sti": 11,
          "dti": 14,
          "sco": 47,
          "dco": 61,
          "txt": "professional"
        },
        {
          "si": 1,
          "sti": 12,
          "dti": 15,
          "sco": 60,
          "dco": 74,
          "txt": "footballer"
        },
        {
          "si": 1,
          "sti": 13,
          "dti": 16,
          "sco": 71,
          "dco": 85,
          "txt": "who"
        },
        {
          "si": 1,
          "sti": 14,
          "dti": 17,
          "sco": 75,
          "dco": 89,
          "txt": "plays"
        },
        {
          "si": 1,
          "sti": 15,
          "dti": 18,
          "sco": 81,
          "dco": 95,
          "txt": "for"
        },
        {
          "si": 1,
          "sti": 16,
          "dti": 19,
          "sco": 85,
          "dco": 99,
          "txt": "Bangor"
        },
        {
          "si": 1,
          "sti": 17,
          "dti": 20,
          "sco": 92,
          "dco": 106,
          "txt": "City"
        },
        {
          "si": 1,
          "sti": 18,
          "dti": 21,
          "sco": 97,
          "dco": 111,
          "txt": "as"
        },
        {
          "si": 1,
          "sti": 19,
          "dti": 22,
          "sco": 100,
          "dco": 114,
          "txt": "a"
        },
        {
          "si": 1,
          "sti": 20,
          "dti": 23,
          "sco": 102,
          "dco": 116,
          "txt": "defender"
        },
        {
          "si": 1,
          "sti": 21,
          "dti": 24,
          "sco": 110,
          "dco": 124,
          "txt": "."
        },
        {
          "si": 2,
          "sti": 0,
          "dti": 25,
          "sco": 0,
          "dco": 126,
          "txt": "Cummins"
        },
        {
          "si": 2,
          "sti": 1,
          "dti": 26,
          "sco": 8,
          "dco": 134,
          "txt": "has"
        },
        {
          "si": 2,
          "sti": 2,
          "dti": 27,
          "sco": 12,
          "dco": 138,
          "txt": "previously"
        },
        {
          "si": 2,
          "sti": 3,
          "dti": 28,
          "sco": 23,
          "dco": 149,
          "txt": "played"
        },
        {
          "si": 2,
          "sti": 4,
          "dti": 29,
          "sco": 30,
          "dco": 156,
          "txt": "for"
        },
        {
          "si": 2,
          "sti": 5,
          "dti": 30,
          "sco": 34,
          "dco": 160,
          "txt": "Motherwell"
        },
        {
          "si": 2,
          "sti": 6,
          "dti": 31,
          "sco": 44,
          "dco": 170,
          "txt": ","
        },
        {
          "si": 2,
          "sti": 7,
          "dti": 32,
          "sco": 46,
          "dco": 172,
          "txt": "Dundee"
        },
        {
          "si": 2,
          "sti": 8,
          "dti": 33,
          "sco": 52,
          "dco": 178,
          "txt": ","
        },
        {
          "si": 2,
          "sti": 9,
          "dti": 34,
          "sco": 54,
          "dco": 180,
          "txt": "Ayr"
        },
        {
          "si": 2,
          "sti": 10,
          "dti": 35,
          "sco": 58,
          "dco": 184,
          "txt": "United"
        },
        {
          "si": 2,
          "sti": 11,
          "dti": 36,
          "sco": 65,
          "dco": 191,
          "txt": "and"
        },
        {
          "si": 2,
          "sti": 12,
          "dti": 37,
          "sco": 69,
          "dco": 195,
          "txt": "Stirling"
        },
        {
          "si": 2,
          "sti": 13,
          "dti": 38,
          "sco": 78,
          "dco": 204,
          "txt": "Albion"
        },
        {
          "si": 2,
          "sti": 14,
          "dti": 39,
          "sco": 84,
          "dco": 210,
          "txt": "."
        },
        {
          "si": 3,
          "sti": 0,
          "dti": 40,
          "sco": 0,
          "dco": 212,
          "txt": "Motherwell"
        },
        {
          "si": 3,
          "sti": 1,
          "dti": 41,
          "sco": 10,
          "dco": 222,
          "txt": "."
        },
        {
          "si": 4,
          "sti": 0,
          "dti": 42,
          "sco": 0,
          "dco": 224,
          "txt": "Born"
        },
        {
          "si": 4,
          "sti": 1,
          "dti": 43,
          "sco": 5,
          "dco": 229,
          "txt": "in"
        },
        {
          "si": 4,
          "sti": 2,
          "dti": 44,
          "sco": 8,
          "dco": 232,
          "txt": "Liverpool"
        },
        {
          "si": 4,
          "sti": 3,
          "dti": 45,
          "sco": 18,
          "dco": 242,
          "txt": "and"
        },
        {
          "si": 4,
          "sti": 4,
          "dti": 46,
          "sco": 22,
          "dco": 246,
          "txt": "growing"
        },
        {
          "si": 4,
          "sti": 5,
          "dti": 47,
          "sco": 30,
          "dco": 254,
          "txt": "up"
        },
        {
          "si": 4,
          "sti": 6,
          "dti": 48,
          "sco": 33,
          "dco": 257,
          "txt": "as"
        },
        {
          "si": 4,
          "sti": 7,
          "dti": 49,
          "sco": 36,
          "dco": 260,
          "txt": "a"
        },
        {
          "si": 4,
          "sti": 8,
          "dti": 50,
          "sco": 38,
          "dco": 262,
          "txt": "Liverpool"
        },
        {
          "si": 4,
          "sti": 9,
          "dti": 51,
          "sco": 48,
          "dco": 272,
          "txt": "fan"
        },
        {
          "si": 4,
          "sti": 10,
          "dti": 52,
          "sco": 51,
          "dco": 275,
          "txt": ","
        },
        {
          "si": 4,
          "sti": 11,
          "dti": 53,
          "sco": 53,
          "dco": 277,
          "txt": "Cummins"
        },
        {
          "si": 4,
          "sti": 12,
          "dti": 54,
          "sco": 61,
          "dco": 285,
          "txt": "joined"
        },
        {
          "si": 4,
          "sti": 13,
          "dti": 55,
          "sco": 68,
          "dco": 292,
          "txt": "Motherwell"
        },
        {
          "si": 4,
          "sti": 14,
          "dti": 56,
          "sco": 79,
          "dco": 303,
          "txt": "in"
        },
        {
          "si": 4,
          "sti": 15,
          "dti": 57,
          "sco": 82,
          "dco": 306,
          "txt": "July"
        },
        {
          "si": 4,
          "sti": 16,
          "dti": 58,
          "sco": 87,
          "dco": 311,
          "txt": "2011"
        },
        {
          "si": 4,
          "sti": 17,
          "dti": 59,
          "sco": 92,
          "dco": 316,
          "txt": "from"
        },
        {
          "si": 4,
          "sti": 18,
          "dti": 60,
          "sco": 97,
          "dco": 321,
          "txt": "Everton"
        },
        {
          "si": 4,
          "sti": 19,
          "dti": 61,
          "sco": 104,
          "dco": 328,
          "txt": ","
        },
        {
          "si": 4,
          "sti": 20,
          "dti": 62,
          "sco": 106,
          "dco": 330,
          "txt": "and"
        },
        {
          "si": 4,
          "sti": 21,
          "dti": 63,
          "sco": 110,
          "dco": 334,
          "txt": "was"
        },
        {
          "si": 4,
          "sti": 22,
          "dti": 64,
          "sco": 114,
          "dco": 338,
          "txt": "immediately"
        },
        {
          "si": 4,
          "sti": 23,
          "dti": 65,
          "sco": 126,
          "dco": 350,
          "txt": "drafted"
        },
        {
          "si": 4,
          "sti": 24,
          "dti": 66,
          "sco": 134,
          "dco": 358,
          "txt": "into"
        },
        {
          "si": 4,
          "sti": 25,
          "dti": 67,
          "sco": 139,
          "dco": 363,
          "txt": "the"
        },
        {
          "si": 4,
          "sti": 26,
          "dti": 68,
          "sco": 143,
          "dco": 367,
          "txt": "Motherwell"
        },
        {
          "si": 4,
          "sti": 27,
          "dti": 69,
          "sco": 154,
          "dco": 378,
          "txt": "under"
        },
        {
          "si": 4,
          "sti": 28,
          "dti": 70,
          "sco": 159,
          "dco": 383,
          "txt": "-"
        },
        {
          "si": 4,
          "sti": 29,
          "dti": 71,
          "sco": 160,
          "dco": 384,
          "txt": "19"
        },
        {
          "si": 4,
          "sti": 30,
          "dti": 72,
          "sco": 163,
          "dco": 387,
          "txt": "squad"
        },
        {
          "si": 4,
          "sti": 31,
          "dti": 73,
          "sco": 168,
          "dco": 392,
          "txt": "."
        },
        {
          "si": 5,
          "sti": 0,
          "dti": 74,
          "sco": 0,
          "dco": 394,
          "txt": "His"
        },
        {
          "si": 5,
          "sti": 1,
          "dti": 75,
          "sco": 4,
          "dco": 398,
          "txt": "performances"
        },
        {
          "si": 5,
          "sti": 2,
          "dti": 76,
          "sco": 17,
          "dco": 411,
          "txt": "for"
        },
        {
          "si": 5,
          "sti": 3,
          "dti": 77,
          "sco": 21,
          "dco": 415,
          "txt": "the"
        },
        {
          "si": 5,
          "sti": 4,
          "dti": 78,
          "sco": 25,
          "dco": 419,
          "txt": "Under"
        },
        {
          "si": 5,
          "sti": 5,
          "dti": 79,
          "sco": 30,
          "dco": 424,
          "txt": "-"
        },
        {
          "si": 5,
          "sti": 6,
          "dti": 80,
          "sco": 31,
          "dco": 425,
          "txt": "19"
        },
        {
          "si": 5,
          "sti": 7,
          "dti": 81,
          "sco": 33,
          "dco": 427,
          "txt": "'"
        },
        {
          "si": 5,
          "sti": 8,
          "dti": 82,
          "sco": 34,
          "dco": 428,
          "txt": "s"
        },
        {
          "si": 5,
          "sti": 9,
          "dti": 83,
          "sco": 36,
          "dco": 430,
          "txt": "led"
        },
        {
          "si": 5,
          "sti": 10,
          "dti": 84,
          "sco": 40,
          "dco": 434,
          "txt": "to"
        },
        {
          "si": 5,
          "sti": 11,
          "dti": 85,
          "sco": 43,
          "dco": 437,
          "txt": "him"
        },
        {
          "si": 5,
          "sti": 12,
          "dti": 86,
          "sco": 47,
          "dco": 441,
          "txt": "featuring"
        },
        {
          "si": 5,
          "sti": 13,
          "dti": 87,
          "sco": 57,
          "dco": 451,
          "txt": "from"
        },
        {
          "si": 5,
          "sti": 14,
          "dti": 88,
          "sco": 62,
          "dco": 456,
          "txt": "the"
        },
        {
          "si": 5,
          "sti": 15,
          "dti": 89,
          "sco": 66,
          "dco": 460,
          "txt": "start"
        },
        {
          "si": 5,
          "sti": 16,
          "dti": 90,
          "sco": 72,
          "dco": 466,
          "txt": "in"
        },
        {
          "si": 5,
          "sti": 17,
          "dti": 91,
          "sco": 75,
          "dco": 469,
          "txt": "friendlies"
        },
        {
          "si": 5,
          "sti": 18,
          "dti": 92,
          "sco": 86,
          "dco": 480,
          "txt": "for"
        },
        {
          "si": 5,
          "sti": 19,
          "dti": 93,
          "sco": 90,
          "dco": 484,
          "txt": "the"
        },
        {
          "si": 5,
          "sti": 20,
          "dti": 94,
          "sco": 94,
          "dco": 488,
          "txt": "Motherwell"
        },
        {
          "si": 5,
          "sti": 21,
          "dti": 95,
          "sco": 105,
          "dco": 499,
          "txt": "reserves"
        },
        {
          "si": 5,
          "sti": 22,
          "dti": 96,
          "sco": 113,
          "dco": 507,
          "txt": "."
        },
        {
          "si": 6,
          "sti": 0,
          "dti": 97,
          "sco": 0,
          "dco": 509,
          "txt": "Cummins"
        },
        {
          "si": 6,
          "sti": 1,
          "dti": 98,
          "sco": 8,
          "dco": 517,
          "txt": "made"
        },
        {
          "si": 6,
          "sti": 2,
          "dti": 99,
          "sco": 13,
          "dco": 522,
          "txt": "his"
        },
        {
          "si": 6,
          "sti": 3,
          "dti": 100,
          "sco": 17,
          "dco": 526,
          "txt": "first"
        },
        {
          "si": 6,
          "sti": 4,
          "dti": 101,
          "sco": 22,
          "dco": 531,
          "txt": "-"
        },
        {
          "si": 6,
          "sti": 5,
          "dti": 102,
          "sco": 23,
          "dco": 532,
          "txt": "team"
        },
        {
          "si": 6,
          "sti": 6,
          "dti": 103,
          "sco": 28,
          "dco": 537,
          "txt": "debut"
        },
        {
          "si": 6,
          "sti": 7,
          "dti": 104,
          "sco": 34,
          "dco": 543,
          "txt": "in"
        },
        {
          "si": 6,
          "sti": 8,
          "dti": 105,
          "sco": 37,
          "dco": 546,
          "txt": "a"
        },
        {
          "si": 6,
          "sti": 9,
          "dti": 106,
          "sco": 39,
          "dco": 548,
          "txt": "1"
        },
        {
          "si": 6,
          "sti": 10,
          "dti": 107,
          "sco": 40,
          "dco": 549,
          "txt": "–"
        },
        {
          "si": 6,
          "sti": 11,
          "dti": 108,
          "sco": 41,
          "dco": 550,
          "txt": "0"
        },
        {
          "si": 6,
          "sti": 12,
          "dti": 109,
          "sco": 43,
          "dco": 552,
          "txt": "win"
        },
        {
          "si": 6,
          "sti": 13,
          "dti": 110,
          "sco": 47,
          "dco": 556,
          "txt": "over"
        },
        {
          "si": 6,
          "sti": 14,
          "dti": 111,
          "sco": 52,
          "dco": 561,
          "txt": "Aberdeen"
        },
        {
          "si": 6,
          "sti": 15,
          "dti": 112,
          "sco": 61,
          "dco": 570,
          "txt": "on"
        },
        {
          "si": 6,
          "sti": 16,
          "dti": 113,
          "sco": 64,
          "dco": 573,
          "txt": "17"
        },
        {
          "si": 6,
          "sti": 17,
          "dti": 114,
          "sco": 67,
          "dco": 576,
          "txt": "March"
        },
        {
          "si": 6,
          "sti": 18,
          "dti": 115,
          "sco": 73,
          "dco": 582,
          "txt": "2012"
        },
        {
          "si": 6,
          "sti": 19,
          "dti": 116,
          "sco": 77,
          "dco": 586,
          "txt": ","
        },
        {
          "si": 6,
          "sti": 20,
          "dti": 117,
          "sco": 79,
          "dco": 588,
          "txt": "playing"
        },
        {
          "si": 6,
          "sti": 21,
          "dti": 118,
          "sco": 87,
          "dco": 596,
          "txt": "the"
        },
        {
          "si": 6,
          "sti": 22,
          "dti": 119,
          "sco": 91,
          "dco": 600,
          "txt": "full"
        },
        {
          "si": 6,
          "sti": 23,
          "dti": 120,
          "sco": 96,
          "dco": 605,
          "txt": "90"
        },
        {
          "si": 6,
          "sti": 24,
          "dti": 121,
          "sco": 99,
          "dco": 608,
          "txt": "minutes"
        },
        {
          "si": 6,
          "sti": 25,
          "dti": 122,
          "sco": 106,
          "dco": 615,
          "txt": "."
        },
        {
          "si": 7,
          "sti": 0,
          "dti": 123,
          "sco": 0,
          "dco": 617,
          "txt": "He"
        },
        {
          "si": 7,
          "sti": 1,
          "dti": 124,
          "sco": 3,
          "dco": 620,
          "txt": "later"
        },
        {
          "si": 7,
          "sti": 2,
          "dti": 125,
          "sco": 9,
          "dco": 626,
          "txt": "got"
        },
        {
          "si": 7,
          "sti": 3,
          "dti": 126,
          "sco": 13,
          "dco": 630,
          "txt": "his"
        },
        {
          "si": 7,
          "sti": 4,
          "dti": 127,
          "sco": 17,
          "dco": 634,
          "txt": "first"
        },
        {
          "si": 7,
          "sti": 5,
          "dti": 128,
          "sco": 23,
          "dco": 640,
          "txt": "career"
        },
        {
          "si": 7,
          "sti": 6,
          "dti": 129,
          "sco": 30,
          "dco": 647,
          "txt": "goal"
        },
        {
          "si": 7,
          "sti": 7,
          "dti": 130,
          "sco": 35,
          "dco": 652,
          "txt": "in"
        },
        {
          "si": 7,
          "sti": 8,
          "dti": 131,
          "sco": 38,
          "dco": 655,
          "txt": "a"
        },
        {
          "si": 7,
          "sti": 9,
          "dti": 132,
          "sco": 40,
          "dco": 657,
          "txt": "5"
        },
        {
          "si": 7,
          "sti": 10,
          "dti": 133,
          "sco": 41,
          "dco": 658,
          "txt": "–"
        },
        {
          "si": 7,
          "sti": 11,
          "dti": 134,
          "sco": 42,
          "dco": 659,
          "txt": "1"
        },
        {
          "si": 7,
          "sti": 12,
          "dti": 135,
          "sco": 44,
          "dco": 661,
          "txt": "win"
        },
        {
          "si": 7,
          "sti": 13,
          "dti": 136,
          "sco": 48,
          "dco": 665,
          "txt": "away"
        },
        {
          "si": 7,
          "sti": 14,
          "dti": 137,
          "sco": 53,
          "dco": 670,
          "txt": "to"
        },
        {
          "si": 7,
          "sti": 15,
          "dti": 138,
          "sco": 56,
          "dco": 673,
          "txt": "Inverness"
        },
        {
          "si": 7,
          "sti": 16,
          "dti": 139,
          "sco": 66,
          "dco": 683,
          "txt": "Caley"
        },
        {
          "si": 7,
          "sti": 17,
          "dti": 140,
          "sco": 72,
          "dco": 689,
          "txt": "Thistle"
        },
        {
          "si": 7,
          "sti": 18,
          "dti": 141,
          "sco": 80,
          "dco": 697,
          "txt": "on"
        },
        {
          "si": 7,
          "sti": 19,
          "dti": 142,
          "sco": 83,
          "dco": 700,
          "txt": "18"
        },
        {
          "si": 7,
          "sti": 20,
          "dti": 143,
          "sco": 86,
          "dco": 703,
          "txt": "November"
        },
        {
          "si": 7,
          "sti": 21,
          "dti": 144,
          "sco": 95,
          "dco": 712,
          "txt": "2012"
        },
        {
          "si": 7,
          "sti": 22,
          "dti": 145,
          "sco": 99,
          "dco": 716,
          "txt": "."
        },
        {
          "si": 8,
          "sti": 0,
          "dti": 146,
          "sco": 0,
          "dco": 718,
          "txt": "On"
        },
        {
          "si": 8,
          "sti": 1,
          "dti": 147,
          "sco": 3,
          "dco": 721,
          "txt": "4"
        },
        {
          "si": 8,
          "sti": 2,
          "dti": 148,
          "sco": 5,
          "dco": 723,
          "txt": "December"
        },
        {
          "si": 8,
          "sti": 3,
          "dti": 149,
          "sco": 14,
          "dco": 732,
          "txt": "2012"
        },
        {
          "si": 8,
          "sti": 4,
          "dti": 150,
          "sco": 18,
          "dco": 736,
          "txt": ","
        },
        {
          "si": 8,
          "sti": 5,
          "dti": 151,
          "sco": 20,
          "dco": 738,
          "txt": "Cummins"
        },
        {
          "si": 8,
          "sti": 6,
          "dti": 152,
          "sco": 28,
          "dco": 746,
          "txt": "signed"
        },
        {
          "si": 8,
          "sti": 7,
          "dti": 153,
          "sco": 35,
          "dco": 753,
          "txt": "a"
        },
        {
          "si": 8,
          "sti": 8,
          "dti": 154,
          "sco": 37,
          "dco": 755,
          "txt": "two"
        },
        {
          "si": 8,
          "sti": 9,
          "dti": 155,
          "sco": 40,
          "dco": 758,
          "txt": "-"
        },
        {
          "si": 8,
          "sti": 10,
          "dti": 156,
          "sco": 41,
          "dco": 759,
          "txt": "and"
        },
        {
          "si": 8,
          "sti": 11,
          "dti": 157,
          "sco": 44,
          "dco": 762,
          "txt": "-"
        },
        {
          "si": 8,
          "sti": 12,
          "dti": 158,
          "sco": 45,
          "dco": 763,
          "txt": "a"
        },
        {
          "si": 8,
          "sti": 13,
          "dti": 159,
          "sco": 46,
          "dco": 764,
          "txt": "-"
        },
        {
          "si": 8,
          "sti": 14,
          "dti": 160,
          "sco": 47,
          "dco": 765,
          "txt": "half"
        },
        {
          "si": 8,
          "sti": 15,
          "dti": 161,
          "sco": 52,
          "dco": 770,
          "txt": "year"
        },
        {
          "si": 8,
          "sti": 16,
          "dti": 162,
          "sco": 57,
          "dco": 775,
          "txt": "contract"
        },
        {
          "si": 8,
          "sti": 17,
          "dti": 163,
          "sco": 66,
          "dco": 784,
          "txt": "extension"
        },
        {
          "si": 8,
          "sti": 18,
          "dti": 164,
          "sco": 75,
          "dco": 793,
          "txt": ","
        },
        {
          "si": 8,
          "sti": 19,
          "dti": 165,
          "sco": 77,
          "dco": 795,
          "txt": "keeping"
        },
        {
          "si": 8,
          "sti": 20,
          "dti": 166,
          "sco": 85,
          "dco": 803,
          "txt": "him"
        },
        {
          "si": 8,
          "sti": 21,
          "dti": 167,
          "sco": 89,
          "dco": 807,
          "txt": "at"
        },
        {
          "si": 8,
          "sti": 22,
          "dti": 168,
          "sco": 92,
          "dco": 810,
          "txt": "Motherwell"
        },
        {
          "si": 8,
          "sti": 23,
          "dti": 169,
          "sco": 103,
          "dco": 821,
          "txt": "until"
        },
        {
          "si": 8,
          "sti": 24,
          "dti": 170,
          "sco": 109,
          "dco": 827,
          "txt": "Summer"
        },
        {
          "si": 8,
          "sti": 25,
          "dti": 171,
          "sco": 116,
          "dco": 834,
          "txt": "2015"
        },
        {
          "si": 8,
          "sti": 26,
          "dti": 172,
          "sco": 120,
          "dco": 838,
          "txt": "."
        },
        {
          "si": 9,
          "sti": 0,
          "dti": 173,
          "sco": 0,
          "dco": 840,
          "txt": "Cummins"
        },
        {
          "si": 9,
          "sti": 1,
          "dti": 174,
          "sco": 8,
          "dco": 848,
          "txt": "said"
        },
        {
          "si": 9,
          "sti": 2,
          "dti": 175,
          "sco": 13,
          "dco": 853,
          "txt": "signing"
        },
        {
          "si": 9,
          "sti": 3,
          "dti": 176,
          "sco": 21,
          "dco": 861,
          "txt": "a"
        },
        {
          "si": 9,
          "sti": 4,
          "dti": 177,
          "sco": 23,
          "dco": 863,
          "txt": "contract"
        },
        {
          "si": 9,
          "sti": 5,
          "dti": 178,
          "sco": 32,
          "dco": 872,
          "txt": "extension"
        },
        {
          "si": 9,
          "sti": 6,
          "dti": 179,
          "sco": 42,
          "dco": 882,
          "txt": "was"
        },
        {
          "si": 9,
          "sti": 7,
          "dti": 180,
          "sco": 46,
          "dco": 886,
          "txt": "an"
        },
        {
          "si": 9,
          "sti": 8,
          "dti": 181,
          "sco": 49,
          "dco": 889,
          "txt": "easy"
        },
        {
          "si": 9,
          "sti": 9,
          "dti": 182,
          "sco": 54,
          "dco": 894,
          "txt": "decision"
        },
        {
          "si": 9,
          "sti": 10,
          "dti": 183,
          "sco": 62,
          "dco": 902,
          "txt": "."
        },
        {
          "si": 10,
          "sti": 0,
          "dti": 184,
          "sco": 0,
          "dco": 904,
          "txt": "On"
        },
        {
          "si": 10,
          "sti": 1,
          "dti": 185,
          "sco": 3,
          "dco": 907,
          "txt": "9"
        },
        {
          "si": 10,
          "sti": 2,
          "dti": 186,
          "sco": 5,
          "dco": 909,
          "txt": "January"
        },
        {
          "si": 10,
          "sti": 3,
          "dti": 187,
          "sco": 13,
          "dco": 917,
          "txt": "2014"
        },
        {
          "si": 10,
          "sti": 4,
          "dti": 188,
          "sco": 17,
          "dco": 921,
          "txt": ","
        },
        {
          "si": 10,
          "sti": 5,
          "dti": 189,
          "sco": 19,
          "dco": 923,
          "txt": "Cummins"
        },
        {
          "si": 10,
          "sti": 6,
          "dti": 190,
          "sco": 27,
          "dco": 931,
          "txt": "joined"
        },
        {
          "si": 10,
          "sti": 7,
          "dti": 191,
          "sco": 34,
          "dco": 938,
          "txt": "Dundee"
        },
        {
          "si": 10,
          "sti": 8,
          "dti": 192,
          "sco": 41,
          "dco": 945,
          "txt": "on"
        },
        {
          "si": 10,
          "sti": 9,
          "dti": 193,
          "sco": 44,
          "dco": 948,
          "txt": "loan"
        },
        {
          "si": 10,
          "sti": 10,
          "dti": 194,
          "sco": 49,
          "dco": 953,
          "txt": "until"
        },
        {
          "si": 10,
          "sti": 11,
          "dti": 195,
          "sco": 55,
          "dco": 959,
          "txt": "the"
        },
        {
          "si": 10,
          "sti": 12,
          "dti": 196,
          "sco": 59,
          "dco": 963,
          "txt": "end"
        },
        {
          "si": 10,
          "sti": 13,
          "dti": 197,
          "sco": 63,
          "dco": 967,
          "txt": "of"
        },
        {
          "si": 10,
          "sti": 14,
          "dti": 198,
          "sco": 66,
          "dco": 970,
          "txt": "the"
        },
        {
          "si": 10,
          "sti": 15,
          "dti": 199,
          "sco": 70,
          "dco": 974,
          "txt": "season"
        },
        {
          "si": 10,
          "sti": 16,
          "dti": 200,
          "sco": 76,
          "dco": 980,
          "txt": "."
        },
        {
          "si": 11,
          "sti": 0,
          "dti": 201,
          "sco": 0,
          "dco": 982,
          "txt": "After"
        },
        {
          "si": 11,
          "sti": 1,
          "dti": 202,
          "sco": 6,
          "dco": 988,
          "txt": "two"
        },
        {
          "si": 11,
          "sti": 2,
          "dti": 203,
          "sco": 10,
          "dco": 992,
          "txt": "months"
        },
        {
          "si": 11,
          "sti": 3,
          "dti": 204,
          "sco": 17,
          "dco": 999,
          "txt": "on"
        },
        {
          "si": 11,
          "sti": 4,
          "dti": 205,
          "sco": 20,
          "dco": 1002,
          "txt": "the"
        },
        {
          "si": 11,
          "sti": 5,
          "dti": 206,
          "sco": 24,
          "dco": 1006,
          "txt": "bench"
        },
        {
          "si": 11,
          "sti": 6,
          "dti": 207,
          "sco": 29,
          "dco": 1011,
          "txt": ","
        },
        {
          "si": 11,
          "sti": 7,
          "dti": 208,
          "sco": 31,
          "dco": 1013,
          "txt": "on"
        },
        {
          "si": 11,
          "sti": 8,
          "dti": 209,
          "sco": 34,
          "dco": 1016,
          "txt": "25"
        },
        {
          "si": 11,
          "sti": 9,
          "dti": 210,
          "sco": 37,
          "dco": 1019,
          "txt": "March"
        },
        {
          "si": 11,
          "sti": 10,
          "dti": 211,
          "sco": 43,
          "dco": 1025,
          "txt": "2014"
        },
        {
          "si": 11,
          "sti": 11,
          "dti": 212,
          "sco": 47,
          "dco": 1029,
          "txt": ","
        },
        {
          "si": 11,
          "sti": 12,
          "dti": 213,
          "sco": 49,
          "dco": 1031,
          "txt": "Cummins"
        },
        {
          "si": 11,
          "sti": 13,
          "dti": 214,
          "sco": 57,
          "dco": 1039,
          "txt": "made"
        },
        {
          "si": 11,
          "sti": 14,
          "dti": 215,
          "sco": 62,
          "dco": 1044,
          "txt": "his"
        },
        {
          "si": 11,
          "sti": 15,
          "dti": 216,
          "sco": 66,
          "dco": 1048,
          "txt": "debut"
        },
        {
          "si": 11,
          "sti": 16,
          "dti": 217,
          "sco": 72,
          "dco": 1054,
          "txt": "for"
        },
        {
          "si": 11,
          "sti": 17,
          "dti": 218,
          "sco": 76,
          "dco": 1058,
          "txt": "the"
        },
        {
          "si": 11,
          "sti": 18,
          "dti": 219,
          "sco": 80,
          "dco": 1062,
          "txt": "club"
        },
        {
          "si": 11,
          "sti": 19,
          "dti": 220,
          "sco": 84,
          "dco": 1066,
          "txt": ","
        },
        {
          "si": 11,
          "sti": 20,
          "dti": 221,
          "sco": 86,
          "dco": 1068,
          "txt": "in"
        },
        {
          "si": 11,
          "sti": 21,
          "dti": 222,
          "sco": 89,
          "dco": 1071,
          "txt": "a"
        },
        {
          "si": 11,
          "sti": 22,
          "dti": 223,
          "sco": 91,
          "dco": 1073,
          "txt": "1"
        },
        {
          "si": 11,
          "sti": 23,
          "dti": 224,
          "sco": 92,
          "dco": 1074,
          "txt": "–"
        },
        {
          "si": 11,
          "sti": 24,
          "dti": 225,
          "sco": 93,
          "dco": 1075,
          "txt": "0"
        },
        {
          "si": 11,
          "sti": 25,
          "dti": 226,
          "sco": 95,
          "dco": 1077,
          "txt": "win"
        },
        {
          "si": 11,
          "sti": 26,
          "dti": 227,
          "sco": 99,
          "dco": 1081,
          "txt": "over"
        },
        {
          "si": 11,
          "sti": 27,
          "dti": 228,
          "sco": 104,
          "dco": 1086,
          "txt": "Queen"
        },
        {
          "si": 11,
          "sti": 28,
          "dti": 229,
          "sco": 110,
          "dco": 1092,
          "txt": "of"
        },
        {
          "si": 11,
          "sti": 29,
          "dti": 230,
          "sco": 113,
          "dco": 1095,
          "txt": "the"
        },
        {
          "si": 11,
          "sti": 30,
          "dti": 231,
          "sco": 117,
          "dco": 1099,
          "txt": "South"
        },
        {
          "si": 11,
          "sti": 31,
          "dti": 232,
          "sco": 122,
          "dco": 1104,
          "txt": ","
        },
        {
          "si": 11,
          "sti": 32,
          "dti": 233,
          "sco": 124,
          "dco": 1106,
          "txt": "playing"
        },
        {
          "si": 11,
          "sti": 33,
          "dti": 234,
          "sco": 132,
          "dco": 1114,
          "txt": "the"
        },
        {
          "si": 11,
          "sti": 34,
          "dti": 235,
          "sco": 136,
          "dco": 1118,
          "txt": "full"
        },
        {
          "si": 11,
          "sti": 35,
          "dti": 236,
          "sco": 141,
          "dco": 1123,
          "txt": "90"
        },
        {
          "si": 11,
          "sti": 36,
          "dti": 237,
          "sco": 144,
          "dco": 1126,
          "txt": "minutes"
        },
        {
          "si": 11,
          "sti": 37,
          "dti": 238,
          "sco": 151,
          "dco": 1133,
          "txt": "."
        },
        {
          "si": 12,
          "sti": 0,
          "dti": 239,
          "sco": 0,
          "dco": 1135,
          "txt": "On"
        },
        {
          "si": 12,
          "sti": 1,
          "dti": 240,
          "sco": 3,
          "dco": 1138,
          "txt": "20"
        },
        {
          "si": 12,
          "sti": 2,
          "dti": 241,
          "sco": 6,
          "dco": 1141,
          "txt": "November"
        },
        {
          "si": 12,
          "sti": 3,
          "dti": 242,
          "sco": 15,
          "dco": 1150,
          "txt": "2014"
        },
        {
          "si": 12,
          "sti": 4,
          "dti": 243,
          "sco": 19,
          "dco": 1154,
          "txt": ","
        },
        {
          "si": 12,
          "sti": 5,
          "dti": 244,
          "sco": 21,
          "dco": 1156,
          "txt": "Cummins"
        },
        {
          "si": 12,
          "sti": 6,
          "dti": 245,
          "sco": 29,
          "dco": 1164,
          "txt": "signed"
        },
        {
          "si": 12,
          "sti": 7,
          "dti": 246,
          "sco": 36,
          "dco": 1171,
          "txt": "for"
        },
        {
          "si": 12,
          "sti": 8,
          "dti": 247,
          "sco": 40,
          "dco": 1175,
          "txt": "Scottish"
        },
        {
          "si": 12,
          "sti": 9,
          "dti": 248,
          "sco": 49,
          "dco": 1184,
          "txt": "League"
        },
        {
          "si": 12,
          "sti": 10,
          "dti": 249,
          "sco": 56,
          "dco": 1191,
          "txt": "One"
        },
        {
          "si": 12,
          "sti": 11,
          "dti": 250,
          "sco": 60,
          "dco": 1195,
          "txt": "club"
        },
        {
          "si": 12,
          "sti": 12,
          "dti": 251,
          "sco": 65,
          "dco": 1200,
          "txt": "Ayr"
        },
        {
          "si": 12,
          "sti": 13,
          "dti": 252,
          "sco": 69,
          "dco": 1204,
          "txt": "United"
        },
        {
          "si": 12,
          "sti": 14,
          "dti": 253,
          "sco": 76,
          "dco": 1211,
          "txt": "on"
        },
        {
          "si": 12,
          "sti": 15,
          "dti": 254,
          "sco": 79,
          "dco": 1214,
          "txt": "loan"
        },
        {
          "si": 12,
          "sti": 16,
          "dti": 255,
          "sco": 84,
          "dco": 1219,
          "txt": "for"
        },
        {
          "si": 12,
          "sti": 17,
          "dti": 256,
          "sco": 88,
          "dco": 1223,
          "txt": "30"
        },
        {
          "si": 12,
          "sti": 18,
          "dti": 257,
          "sco": 91,
          "dco": 1226,
          "txt": "days"
        },
        {
          "si": 12,
          "sti": 19,
          "dti": 258,
          "sco": 95,
          "dco": 1230,
          "txt": "."
        },
        {
          "si": 13,
          "sti": 0,
          "dti": 259,
          "sco": 0,
          "dco": 1232,
          "txt": "On"
        },
        {
          "si": 13,
          "sti": 1,
          "dti": 260,
          "sco": 3,
          "dco": 1235,
          "txt": "27"
        },
        {
          "si": 13,
          "sti": 2,
          "dti": 261,
          "sco": 6,
          "dco": 1238,
          "txt": "February"
        },
        {
          "si": 13,
          "sti": 3,
          "dti": 262,
          "sco": 15,
          "dco": 1247,
          "txt": "2015"
        },
        {
          "si": 13,
          "sti": 4,
          "dti": 263,
          "sco": 19,
          "dco": 1251,
          "txt": ","
        },
        {
          "si": 13,
          "sti": 5,
          "dti": 264,
          "sco": 21,
          "dco": 1253,
          "txt": "Cummins"
        },
        {
          "si": 13,
          "sti": 6,
          "dti": 265,
          "sco": 29,
          "dco": 1261,
          "txt": "went"
        },
        {
          "si": 13,
          "sti": 7,
          "dti": 266,
          "sco": 34,
          "dco": 1266,
          "txt": "out"
        },
        {
          "si": 13,
          "sti": 8,
          "dti": 267,
          "sco": 38,
          "dco": 1270,
          "txt": "on"
        },
        {
          "si": 13,
          "sti": 9,
          "dti": 268,
          "sco": 41,
          "dco": 1273,
          "txt": "loan"
        },
        {
          "si": 13,
          "sti": 10,
          "dti": 269,
          "sco": 46,
          "dco": 1278,
          "txt": "again"
        },
        {
          "si": 13,
          "sti": 11,
          "dti": 270,
          "sco": 51,
          "dco": 1283,
          "txt": ","
        },
        {
          "si": 13,
          "sti": 12,
          "dti": 271,
          "sco": 53,
          "dco": 1285,
          "txt": "this"
        },
        {
          "si": 13,
          "sti": 13,
          "dti": 272,
          "sco": 58,
          "dco": 1290,
          "txt": "time"
        },
        {
          "si": 13,
          "sti": 14,
          "dti": 273,
          "sco": 63,
          "dco": 1295,
          "txt": "to"
        },
        {
          "si": 13,
          "sti": 15,
          "dti": 274,
          "sco": 66,
          "dco": 1298,
          "txt": "Stirling"
        },
        {
          "si": 13,
          "sti": 16,
          "dti": 275,
          "sco": 75,
          "dco": 1307,
          "txt": "Albion"
        },
        {
          "si": 13,
          "sti": 17,
          "dti": 276,
          "sco": 82,
          "dco": 1314,
          "txt": "for"
        },
        {
          "si": 13,
          "sti": 18,
          "dti": 277,
          "sco": 86,
          "dco": 1318,
          "txt": "the"
        },
        {
          "si": 13,
          "sti": 19,
          "dti": 278,
          "sco": 90,
          "dco": 1322,
          "txt": "remainder"
        },
        {
          "si": 13,
          "sti": 20,
          "dti": 279,
          "sco": 100,
          "dco": 1332,
          "txt": "of"
        },
        {
          "si": 13,
          "sti": 21,
          "dti": 280,
          "sco": 103,
          "dco": 1335,
          "txt": "the"
        },
        {
          "si": 13,
          "sti": 22,
          "dti": 281,
          "sco": 107,
          "dco": 1339,
          "txt": "2014"
        },
        {
          "si": 13,
          "sti": 23,
          "dti": 282,
          "sco": 111,
          "dco": 1343,
          "txt": "–"
        },
        {
          "si": 13,
          "sti": 24,
          "dti": 283,
          "sco": 112,
          "dco": 1344,
          "txt": "15"
        },
        {
          "si": 13,
          "sti": 25,
          "dti": 284,
          "sco": 115,
          "dco": 1347,
          "txt": "season"
        },
        {
          "si": 13,
          "sti": 26,
          "dti": 285,
          "sco": 121,
          "dco": 1353,
          "txt": "."
        },
        {
          "si": 14,
          "sti": 0,
          "dti": 286,
          "sco": 0,
          "dco": 1355,
          "txt": "He"
        },
        {
          "si": 14,
          "sti": 1,
          "dti": 287,
          "sco": 3,
          "dco": 1358,
          "txt": "made"
        },
        {
          "si": 14,
          "sti": 2,
          "dti": 288,
          "sco": 8,
          "dco": 1363,
          "txt": "his"
        },
        {
          "si": 14,
          "sti": 3,
          "dti": 289,
          "sco": 12,
          "dco": 1367,
          "txt": "debut"
        },
        {
          "si": 14,
          "sti": 4,
          "dti": 290,
          "sco": 18,
          "dco": 1373,
          "txt": "in"
        },
        {
          "si": 14,
          "sti": 5,
          "dti": 291,
          "sco": 21,
          "dco": 1376,
          "txt": "a"
        },
        {
          "si": 14,
          "sti": 6,
          "dti": 292,
          "sco": 23,
          "dco": 1378,
          "txt": "4"
        },
        {
          "si": 14,
          "sti": 7,
          "dti": 293,
          "sco": 24,
          "dco": 1379,
          "txt": "–"
        },
        {
          "si": 14,
          "sti": 8,
          "dti": 294,
          "sco": 25,
          "dco": 1380,
          "txt": "1"
        },
        {
          "si": 14,
          "sti": 9,
          "dti": 295,
          "sco": 27,
          "dco": 1382,
          "txt": "defeat"
        },
        {
          "si": 14,
          "sti": 10,
          "dti": 296,
          "sco": 34,
          "dco": 1389,
          "txt": "against"
        },
        {
          "si": 14,
          "sti": 11,
          "dti": 297,
          "sco": 42,
          "dco": 1397,
          "txt": "Airdrieonians"
        },
        {
          "si": 14,
          "sti": 12,
          "dti": 298,
          "sco": 56,
          "dco": 1411,
          "txt": "on"
        },
        {
          "si": 14,
          "sti": 13,
          "dti": 299,
          "sco": 59,
          "dco": 1414,
          "txt": "28"
        },
        {
          "si": 14,
          "sti": 14,
          "dti": 300,
          "sco": 62,
          "dco": 1417,
          "txt": "February"
        },
        {
          "si": 14,
          "sti": 15,
          "dti": 301,
          "sco": 71,
          "dco": 1426,
          "txt": "2015"
        },
        {
          "si": 14,
          "sti": 16,
          "dti": 302,
          "sco": 75,
          "dco": 1430,
          "txt": "."
        },
        {
          "si": 15,
          "sti": 0,
          "dti": 303,
          "sco": 0,
          "dco": 1432,
          "txt": "Cummins"
        },
        {
          "si": 15,
          "sti": 1,
          "dti": 304,
          "sco": 8,
          "dco": 1440,
          "txt": "was"
        },
        {
          "si": 15,
          "sti": 2,
          "dti": 305,
          "sco": 12,
          "dco": 1444,
          "txt": "released"
        },
        {
          "si": 15,
          "sti": 3,
          "dti": 306,
          "sco": 21,
          "dco": 1453,
          "txt": "by"
        },
        {
          "si": 15,
          "sti": 4,
          "dti": 307,
          "sco": 24,
          "dco": 1456,
          "txt": "Motherwell"
        },
        {
          "si": 15,
          "sti": 5,
          "dti": 308,
          "sco": 35,
          "dco": 1467,
          "txt": "at"
        },
        {
          "si": 15,
          "sti": 6,
          "dti": 309,
          "sco": 38,
          "dco": 1470,
          "txt": "the"
        },
        {
          "si": 15,
          "sti": 7,
          "dti": 310,
          "sco": 42,
          "dco": 1474,
          "txt": "end"
        },
        {
          "si": 15,
          "sti": 8,
          "dti": 311,
          "sco": 46,
          "dco": 1478,
          "txt": "of"
        },
        {
          "si": 15,
          "sti": 9,
          "dti": 312,
          "sco": 49,
          "dco": 1481,
          "txt": "the"
        },
        {
          "si": 15,
          "sti": 10,
          "dti": 313,
          "sco": 53,
          "dco": 1485,
          "txt": "2014"
        },
        {
          "si": 15,
          "sti": 11,
          "dti": 314,
          "sco": 57,
          "dco": 1489,
          "txt": "/"
        },
        {
          "si": 15,
          "sti": 12,
          "dti": 315,
          "sco": 58,
          "dco": 1490,
          "txt": "15"
        },
        {
          "si": 15,
          "sti": 13,
          "dti": 316,
          "sco": 61,
          "dco": 1493,
          "txt": "season"
        },
        {
          "si": 15,
          "sti": 14,
          "dti": 317,
          "sco": 67,
          "dco": 1499,
          "txt": "."
        },
        {
          "si": 16,
          "sti": 0,
          "dti": 318,
          "sco": 0,
          "dco": 1501,
          "txt": "Bangor"
        },
        {
          "si": 16,
          "sti": 1,
          "dti": 319,
          "sco": 7,
          "dco": 1508,
          "txt": "City"
        },
        {
          "si": 16,
          "sti": 2,
          "dti": 320,
          "sco": 11,
          "dco": 1512,
          "txt": "."
        },
        {
          "si": 17,
          "sti": 0,
          "dti": 321,
          "sco": 0,
          "dco": 1514,
          "txt": "On"
        },
        {
          "si": 17,
          "sti": 1,
          "dti": 322,
          "sco": 3,
          "dco": 1517,
          "txt": "18"
        },
        {
          "si": 17,
          "sti": 2,
          "dti": 323,
          "sco": 6,
          "dco": 1520,
          "txt": "August"
        },
        {
          "si": 17,
          "sti": 3,
          "dti": 324,
          "sco": 13,
          "dco": 1527,
          "txt": "2015"
        },
        {
          "si": 17,
          "sti": 4,
          "dti": 325,
          "sco": 17,
          "dco": 1531,
          "txt": ","
        },
        {
          "si": 17,
          "sti": 5,
          "dti": 326,
          "sco": 19,
          "dco": 1533,
          "txt": "Cummins"
        },
        {
          "si": 17,
          "sti": 6,
          "dti": 327,
          "sco": 27,
          "dco": 1541,
          "txt": "signed"
        },
        {
          "si": 17,
          "sti": 7,
          "dti": 328,
          "sco": 34,
          "dco": 1548,
          "txt": "for"
        },
        {
          "si": 17,
          "sti": 8,
          "dti": 329,
          "sco": 38,
          "dco": 1552,
          "txt": "Welsh"
        },
        {
          "si": 17,
          "sti": 9,
          "dti": 330,
          "sco": 44,
          "dco": 1558,
          "txt": "Premier"
        },
        {
          "si": 17,
          "sti": 10,
          "dti": 331,
          "sco": 52,
          "dco": 1566,
          "txt": "League"
        },
        {
          "si": 17,
          "sti": 11,
          "dti": 332,
          "sco": 59,
          "dco": 1573,
          "txt": "side"
        },
        {
          "si": 17,
          "sti": 12,
          "dti": 333,
          "sco": 64,
          "dco": 1578,
          "txt": "Bangor"
        },
        {
          "si": 17,
          "sti": 13,
          "dti": 334,
          "sco": 71,
          "dco": 1585,
          "txt": "City"
        },
        {
          "si": 17,
          "sti": 14,
          "dti": 335,
          "sco": 75,
          "dco": 1589,
          "txt": "."
        },
        {
          "si": 18,
          "sti": 0,
          "dti": 336,
          "sco": 0,
          "dco": 1591,
          "txt": "Cummins"
        },
        {
          "si": 18,
          "sti": 1,
          "dti": 337,
          "sco": 8,
          "dco": 1599,
          "txt": "made"
        },
        {
          "si": 18,
          "sti": 2,
          "dti": 338,
          "sco": 13,
          "dco": 1604,
          "txt": "his"
        },
        {
          "si": 18,
          "sti": 3,
          "dti": 339,
          "sco": 17,
          "dco": 1608,
          "txt": "first"
        },
        {
          "si": 18,
          "sti": 4,
          "dti": 340,
          "sco": 23,
          "dco": 1614,
          "txt": "team"
        },
        {
          "si": 18,
          "sti": 5,
          "dti": 341,
          "sco": 28,
          "dco": 1619,
          "txt": "debut"
        },
        {
          "si": 18,
          "sti": 6,
          "dti": 342,
          "sco": 34,
          "dco": 1625,
          "txt": "for"
        },
        {
          "si": 18,
          "sti": 7,
          "dti": 343,
          "sco": 38,
          "dco": 1629,
          "txt": "Bangor"
        },
        {
          "si": 18,
          "sti": 8,
          "dti": 344,
          "sco": 45,
          "dco": 1636,
          "txt": "City"
        },
        {
          "si": 18,
          "sti": 9,
          "dti": 345,
          "sco": 50,
          "dco": 1641,
          "txt": "in"
        },
        {
          "si": 18,
          "sti": 10,
          "dti": 346,
          "sco": 53,
          "dco": 1644,
          "txt": "a"
        },
        {
          "si": 18,
          "sti": 11,
          "dti": 347,
          "sco": 55,
          "dco": 1646,
          "txt": "1"
        },
        {
          "si": 18,
          "sti": 12,
          "dti": 348,
          "sco": 56,
          "dco": 1647,
          "txt": "-"
        },
        {
          "si": 18,
          "sti": 13,
          "dti": 349,
          "sco": 57,
          "dco": 1648,
          "txt": "1"
        },
        {
          "si": 18,
          "sti": 14,
          "dti": 350,
          "sco": 59,
          "dco": 1650,
          "txt": "draw"
        },
        {
          "si": 18,
          "sti": 15,
          "dti": 351,
          "sco": 64,
          "dco": 1655,
          "txt": "against"
        },
        {
          "si": 18,
          "sti": 16,
          "dti": 352,
          "sco": 72,
          "dco": 1663,
          "txt": "Rhyl"
        },
        {
          "si": 18,
          "sti": 17,
          "dti": 353,
          "sco": 77,
          "dco": 1668,
          "txt": "on"
        },
        {
          "si": 18,
          "sti": 18,
          "dti": 354,
          "sco": 80,
          "dco": 1671,
          "txt": "21"
        },
        {
          "si": 18,
          "sti": 19,
          "dti": 355,
          "sco": 83,
          "dco": 1674,
          "txt": "August"
        },
        {
          "si": 18,
          "sti": 20,
          "dti": 356,
          "sco": 90,
          "dco": 1681,
          "txt": "2015"
        },
        {
          "si": 18,
          "sti": 21,
          "dti": 357,
          "sco": 94,
          "dco": 1685,
          "txt": ","
        },
        {
          "si": 18,
          "sti": 22,
          "dti": 358,
          "sco": 96,
          "dco": 1687,
          "txt": "playing"
        },
        {
          "si": 18,
          "sti": 23,
          "dti": 359,
          "sco": 104,
          "dco": 1695,
          "txt": "the"
        },
        {
          "si": 18,
          "sti": 24,
          "dti": 360,
          "sco": 108,
          "dco": 1699,
          "txt": "full"
        },
        {
          "si": 18,
          "sti": 25,
          "dti": 361,
          "sco": 113,
          "dco": 1704,
          "txt": "90"
        },
        {
          "si": 18,
          "sti": 26,
          "dti": 362,
          "sco": 116,
          "dco": 1707,
          "txt": "minutes"
        },
        {
          "si": 18,
          "sti": 27,
          "dti": 363,
          "sco": 123,
          "dco": 1714,
          "txt": "."
        }
      ]
    },
    "ganns": {
      "dla": [],
      "la": [],
      "ea": [],
      "eta": [
        {
          "ra": {
            "ea": {
              "etn": "Adam_Cummins"
            }
          },
          "sfs": [
            [
              {
                "stn": "birthYear"
              },
              {
                "dla": {
                  "txt": {
                    "sff": "1993"
                  },
                  "et": {
                    "etn": "BirthYear"
                  },
                  "dp": {
                    "off": 41
                  }
                }
              }
            ],
            [
              {
                "stn": "deathYear"
              },
              {}
            ]
          ],
          "mfs": [
            [
              {
                "stn": "position"
              },
              {
                "dla": [],
                "la": [],
                "ea": [
                  {
                    "etn": "Defender_(association_football)"
                  }
                ],
                "eta": []
              }
            ],
            [
              {
                "stn": "team"
              },
              {
                "dla": [],
                "la": [],
                "ea": [
                  {
                    "etn": "Motherwell_F.C."
                  },
                  {
                    "etn": "Everton_F.C."
                  },
                  {
                    "etn": "Dundee_F.C."
                  }
                ],
                "eta": []
              }
            ],
            [
              {
                "stn": "birthPlace"
              },
              {
                "dla": [],
                "la": [],
                "ea": [
                  {
                    "etn": "Liverpool"
                  }
                ],
                "eta": []
              }
            ]
          ]
        }
      ]
    }
  }
]
