[
  {
    "context": "TRAIN",
    "doc": {
      "id": "Alexandru_Zaharia",
      "tl": [
        {
          "si": 0,
          "sti": 0,
          "dti": 0,
          "sco": 0,
          "dco": 0,
          "txt": "Alexandru"
        },
        {
          "si": 0,
          "sti": 1,
          "dti": 1,
          "sco": 10,
          "dco": 10,
          "txt": "Zaharia"
        },
        {
          "si": 0,
          "sti": 2,
          "dti": 2,
          "sco": 17,
          "dco": 17,
          "txt": "."
        },
        {
          "si": 1,
          "sti": 0,
          "dti": 3,
          "sco": 0,
          "dco": 19,
          "txt": "Alexandru"
        },
        {
          "si": 1,
          "sti": 1,
          "dti": 4,
          "sco": 10,
          "dco": 29,
          "txt": "Zaharia"
        },
        {
          "si": 1,
          "sti": 2,
          "dti": 5,
          "sco": 18,
          "dco": 37,
          "txt": "("
        },
        {
          "si": 1,
          "sti": 3,
          "dti": 6,
          "sco": 19,
          "dco": 38,
          "txt": "born"
        },
        {
          "si": 1,
          "sti": 4,
          "dti": 7,
          "sco": 24,
          "dco": 43,
          "txt": "25"
        },
        {
          "si": 1,
          "sti": 5,
          "dti": 8,
          "sco": 27,
          "dco": 46,
          "txt": "May"
        },
        {
          "si": 1,
          "sti": 6,
          "dti": 9,
          "sco": 31,
          "dco": 50,
          "txt": "1990"
        },
        {
          "si": 1,
          "sti": 7,
          "dti": 10,
          "sco": 36,
          "dco": 55,
          "txt": "in"
        },
        {
          "si": 1,
          "sti": 8,
          "dti": 11,
          "sco": 39,
          "dco": 58,
          "txt": "Craiova"
        },
        {
          "si": 1,
          "sti": 9,
          "dti": 12,
          "sco": 46,
          "dco": 65,
          "txt": ","
        },
        {
          "si": 1,
          "sti": 10,
          "dti": 13,
          "sco": 48,
          "dco": 67,
          "txt": "Romania"
        },
        {
          "si": 1,
          "sti": 11,
          "dti": 14,
          "sco": 55,
          "dco": 74,
          "txt": ")"
        },
        {
          "si": 1,
          "sti": 12,
          "dti": 15,
          "sco": 57,
          "dco": 76,
          "txt": "is"
        },
        {
          "si": 1,
          "sti": 13,
          "dti": 16,
          "sco": 60,
          "dco": 79,
          "txt": "a"
        },
        {
          "si": 1,
          "sti": 14,
          "dti": 17,
          "sco": 62,
          "dco": 81,
          "txt": "Romanian"
        },
        {
          "si": 1,
          "sti": 15,
          "dti": 18,
          "sco": 71,
          "dco": 90,
          "txt": "footballer"
        },
        {
          "si": 1,
          "sti": 16,
          "dti": 19,
          "sco": 82,
          "dco": 101,
          "txt": "who"
        },
        {
          "si": 1,
          "sti": 17,
          "dti": 20,
          "sco": 86,
          "dco": 105,
          "txt": "plays"
        },
        {
          "si": 1,
          "sti": 18,
          "dti": 21,
          "sco": 92,
          "dco": 111,
          "txt": "for"
        },
        {
          "si": 1,
          "sti": 19,
          "dti": 22,
          "sco": 96,
          "dco": 115,
          "txt": "O"
        },
        {
          "si": 1,
          "sti": 20,
          "dti": 23,
          "sco": 97,
          "dco": 116,
          "txt": "ț"
        },
        {
          "si": 1,
          "sti": 21,
          "dti": 24,
          "sco": 98,
          "dco": 117,
          "txt": "elul"
        },
        {
          "si": 1,
          "sti": 22,
          "dti": 25,
          "sco": 103,
          "dco": 122,
          "txt": "Gala"
        },
        {
          "si": 1,
          "sti": 23,
          "dti": 26,
          "sco": 107,
          "dco": 126,
          "txt": "ț"
        },
        {
          "si": 1,
          "sti": 24,
          "dti": 27,
          "sco": 108,
          "dco": 127,
          "txt": "i"
        },
        {
          "si": 1,
          "sti": 25,
          "dti": 28,
          "sco": 110,
          "dco": 129,
          "txt": "as"
        },
        {
          "si": 1,
          "sti": 26,
          "dti": 29,
          "sco": 113,
          "dco": 132,
          "txt": "a"
        },
        {
          "si": 1,
          "sti": 27,
          "dti": 30,
          "sco": 115,
          "dco": 134,
          "txt": "left"
        },
        {
          "si": 1,
          "sti": 28,
          "dti": 31,
          "sco": 120,
          "dco": 139,
          "txt": "midfielder"
        },
        {
          "si": 1,
          "sti": 29,
          "dti": 32,
          "sco": 130,
          "dco": 149,
          "txt": "."
        }
      ]
    },
    "ganns": {
      "dla": [],
      "la": [],
      "ea": [],
      "eta": [
        {
          "ra": {
            "ea": {
              "etn": "Alexandru_Zaharia"
            }
          },
          "sfs": [
            [
              {
                "stn": "birthYear"
              },
              {
                "dla": {
                  "txt": {
                    "sff": "1990"
                  },
                  "et": {
                    "etn": "BirthYear"
                  },
                  "dp": {
                    "off": 50
                  }
                }
              }
            ],
            [
              {
                "stn": "deathYear"
              },
              {}
            ]
          ],
          "mfs": [
            [
              {
                "stn": "position"
              },
              {
                "dla": [],
                "la": [],
                "ea": [
                  {
                    "etn": "Midfielder"
                  }
                ],
                "eta": []
              }
            ],
            [
              {
                "stn": "team"
              },
              {
                "dla": [],
                "la": [],
                "ea": [],
                "eta": []
              }
            ],
            [
              {
                "stn": "birthPlace"
              },
              {
                "dla": [],
                "la": [],
                "ea": [
                  {
                    "etn": "Craiova"
                  },
                  {
                    "etn": "Romania"
                  }
                ],
                "eta": []
              }
            ]
          ]
        }
      ]
    }
  }
]
