[
  {
    "context": "TRAIN",
    "doc": {
      "id": "Alick_Jeffrey",
      "tl": [
        {
          "si": 0,
          "sti": 0,
          "dti": 0,
          "sco": 0,
          "dco": 0,
          "txt": "Alick"
        },
        {
          "si": 0,
          "sti": 1,
          "dti": 1,
          "sco": 6,
          "dco": 6,
          "txt": "Jeffrey"
        },
        {
          "si": 0,
          "sti": 2,
          "dti": 2,
          "sco": 13,
          "dco": 13,
          "txt": "."
        },
        {
          "si": 1,
          "sti": 0,
          "dti": 3,
          "sco": 0,
          "dco": 15,
          "txt": "Alick"
        },
        {
          "si": 1,
          "sti": 1,
          "dti": 4,
          "sco": 6,
          "dco": 21,
          "txt": "Jeffrey"
        },
        {
          "si": 1,
          "sti": 2,
          "dti": 5,
          "sco": 14,
          "dco": 29,
          "txt": "("
        },
        {
          "si": 1,
          "sti": 3,
          "dti": 6,
          "sco": 15,
          "dco": 30,
          "txt": "29"
        },
        {
          "si": 1,
          "sti": 4,
          "dti": 7,
          "sco": 18,
          "dco": 33,
          "txt": "January"
        },
        {
          "si": 1,
          "sti": 5,
          "dti": 8,
          "sco": 26,
          "dco": 41,
          "txt": "1939"
        },
        {
          "si": 1,
          "sti": 6,
          "dti": 9,
          "sco": 31,
          "dco": 46,
          "txt": "–"
        },
        {
          "si": 1,
          "sti": 7,
          "dti": 10,
          "sco": 33,
          "dco": 48,
          "txt": "22"
        },
        {
          "si": 1,
          "sti": 8,
          "dti": 11,
          "sco": 36,
          "dco": 51,
          "txt": "November"
        },
        {
          "si": 1,
          "sti": 9,
          "dti": 12,
          "sco": 45,
          "dco": 60,
          "txt": "2000"
        },
        {
          "si": 1,
          "sti": 10,
          "dti": 13,
          "sco": 49,
          "dco": 64,
          "txt": ")"
        },
        {
          "si": 1,
          "sti": 11,
          "dti": 14,
          "sco": 51,
          "dco": 66,
          "txt": "was"
        },
        {
          "si": 1,
          "sti": 12,
          "dti": 15,
          "sco": 55,
          "dco": 70,
          "txt": "an"
        },
        {
          "si": 1,
          "sti": 13,
          "dti": 16,
          "sco": 58,
          "dco": 73,
          "txt": "English"
        },
        {
          "si": 1,
          "sti": 14,
          "dti": 17,
          "sco": 66,
          "dco": 81,
          "txt": "professional"
        },
        {
          "si": 1,
          "sti": 15,
          "dti": 18,
          "sco": 79,
          "dco": 94,
          "txt": "footballer"
        },
        {
          "si": 1,
          "sti": 16,
          "dti": 19,
          "sco": 90,
          "dco": 105,
          "txt": "who"
        },
        {
          "si": 1,
          "sti": 17,
          "dti": 20,
          "sco": 94,
          "dco": 109,
          "txt": "played"
        },
        {
          "si": 1,
          "sti": 18,
          "dti": 21,
          "sco": 101,
          "dco": 116,
          "txt": "as"
        },
        {
          "si": 1,
          "sti": 19,
          "dti": 22,
          "sco": 104,
          "dco": 119,
          "txt": "a"
        },
        {
          "si": 1,
          "sti": 20,
          "dti": 23,
          "sco": 106,
          "dco": 121,
          "txt": "striker"
        },
        {
          "si": 1,
          "sti": 21,
          "dti": 24,
          "sco": 113,
          "dco": 128,
          "txt": "."
        },
        {
          "si": 2,
          "sti": 0,
          "dti": 25,
          "sco": 0,
          "dco": 130,
          "txt": "Jeffrey"
        },
        {
          "si": 2,
          "sti": 1,
          "dti": 26,
          "sco": 8,
          "dco": 138,
          "txt": "made"
        },
        {
          "si": 2,
          "sti": 2,
          "dti": 27,
          "sco": 13,
          "dco": 143,
          "txt": "nearly"
        },
        {
          "si": 2,
          "sti": 3,
          "dti": 28,
          "sco": 20,
          "dco": 150,
          "txt": "300"
        },
        {
          "si": 2,
          "sti": 4,
          "dti": 29,
          "sco": 24,
          "dco": 154,
          "txt": "appearances"
        },
        {
          "si": 2,
          "sti": 5,
          "dti": 30,
          "sco": 36,
          "dco": 166,
          "txt": "in"
        },
        {
          "si": 2,
          "sti": 6,
          "dti": 31,
          "sco": 39,
          "dco": 169,
          "txt": "the"
        },
        {
          "si": 2,
          "sti": 7,
          "dti": 32,
          "sco": 43,
          "dco": 173,
          "txt": "Football"
        },
        {
          "si": 2,
          "sti": 8,
          "dti": 33,
          "sco": 52,
          "dco": 182,
          "txt": "League"
        },
        {
          "si": 2,
          "sti": 9,
          "dti": 34,
          "sco": 58,
          "dco": 188,
          "txt": ","
        },
        {
          "si": 2,
          "sti": 10,
          "dti": 35,
          "sco": 60,
          "dco": 190,
          "txt": "scoring"
        },
        {
          "si": 2,
          "sti": 11,
          "dti": 36,
          "sco": 68,
          "dco": 198,
          "txt": "over"
        },
        {
          "si": 2,
          "sti": 12,
          "dti": 37,
          "sco": 73,
          "dco": 203,
          "txt": "100"
        },
        {
          "si": 2,
          "sti": 13,
          "dti": 38,
          "sco": 77,
          "dco": 207,
          "txt": "goals"
        },
        {
          "si": 2,
          "sti": 14,
          "dti": 39,
          "sco": 82,
          "dco": 212,
          "txt": "."
        },
        {
          "si": 3,
          "sti": 0,
          "dti": 40,
          "sco": 0,
          "dco": 214,
          "txt": "Career"
        },
        {
          "si": 3,
          "sti": 1,
          "dti": 41,
          "sco": 6,
          "dco": 220,
          "txt": "."
        },
        {
          "si": 4,
          "sti": 0,
          "dti": 42,
          "sco": 0,
          "dco": 222,
          "txt": "Born"
        },
        {
          "si": 4,
          "sti": 1,
          "dti": 43,
          "sco": 5,
          "dco": 227,
          "txt": "in"
        },
        {
          "si": 4,
          "sti": 2,
          "dti": 44,
          "sco": 8,
          "dco": 230,
          "txt": "Rawmarsh"
        },
        {
          "si": 4,
          "sti": 3,
          "dti": 45,
          "sco": 16,
          "dco": 238,
          "txt": ","
        },
        {
          "si": 4,
          "sti": 4,
          "dti": 46,
          "sco": 18,
          "dco": 240,
          "txt": "Jeffrey"
        },
        {
          "si": 4,
          "sti": 5,
          "dti": 47,
          "sco": 26,
          "dco": 248,
          "txt": "made"
        },
        {
          "si": 4,
          "sti": 6,
          "dti": 48,
          "sco": 31,
          "dco": 253,
          "txt": "his"
        },
        {
          "si": 4,
          "sti": 7,
          "dti": 49,
          "sco": 35,
          "dco": 257,
          "txt": "senior"
        },
        {
          "si": 4,
          "sti": 8,
          "dti": 50,
          "sco": 42,
          "dco": 264,
          "txt": "debut"
        },
        {
          "si": 4,
          "sti": 9,
          "dti": 51,
          "sco": 48,
          "dco": 270,
          "txt": "for"
        },
        {
          "si": 4,
          "sti": 10,
          "dti": 52,
          "sco": 52,
          "dco": 274,
          "txt": "Doncaster"
        },
        {
          "si": 4,
          "sti": 11,
          "dti": 53,
          "sco": 62,
          "dco": 284,
          "txt": "Rovers"
        },
        {
          "si": 4,
          "sti": 12,
          "dti": 54,
          "sco": 69,
          "dco": 291,
          "txt": "in"
        },
        {
          "si": 4,
          "sti": 13,
          "dti": 55,
          "sco": 72,
          "dco": 294,
          "txt": "1954"
        },
        {
          "si": 4,
          "sti": 14,
          "dti": 56,
          "sco": 76,
          "dco": 298,
          "txt": ","
        },
        {
          "si": 4,
          "sti": 15,
          "dti": 57,
          "sco": 78,
          "dco": 300,
          "txt": "at"
        },
        {
          "si": 4,
          "sti": 16,
          "dti": 58,
          "sco": 81,
          "dco": 303,
          "txt": "the"
        },
        {
          "si": 4,
          "sti": 17,
          "dti": 59,
          "sco": 85,
          "dco": 307,
          "txt": "age"
        },
        {
          "si": 4,
          "sti": 18,
          "dti": 60,
          "sco": 89,
          "dco": 311,
          "txt": "of"
        },
        {
          "si": 4,
          "sti": 19,
          "dti": 61,
          "sco": 92,
          "dco": 314,
          "txt": "just"
        },
        {
          "si": 4,
          "sti": 20,
          "dti": 62,
          "sco": 97,
          "dco": 319,
          "txt": "15"
        },
        {
          "si": 4,
          "sti": 21,
          "dti": 63,
          "sco": 99,
          "dco": 321,
          "txt": "."
        },
        {
          "si": 5,
          "sti": 0,
          "dti": 64,
          "sco": 0,
          "dco": 323,
          "txt": "Jeffrey"
        },
        {
          "si": 5,
          "sti": 1,
          "dti": 65,
          "sco": 8,
          "dco": 331,
          "txt": "had"
        },
        {
          "si": 5,
          "sti": 2,
          "dti": 66,
          "sco": 12,
          "dco": 335,
          "txt": "agreed"
        },
        {
          "si": 5,
          "sti": 3,
          "dti": 67,
          "sco": 19,
          "dco": 342,
          "txt": "a"
        },
        {
          "si": 5,
          "sti": 4,
          "dti": 68,
          "sco": 21,
          "dco": 344,
          "txt": "move"
        },
        {
          "si": 5,
          "sti": 5,
          "dti": 69,
          "sco": 26,
          "dco": 349,
          "txt": "to"
        },
        {
          "si": 5,
          "sti": 6,
          "dti": 70,
          "sco": 29,
          "dco": 352,
          "txt": "Manchester"
        },
        {
          "si": 5,
          "sti": 7,
          "dti": 71,
          "sco": 40,
          "dco": 363,
          "txt": "United"
        },
        {
          "si": 5,
          "sti": 8,
          "dti": 72,
          "sco": 47,
          "dco": 370,
          "txt": "when"
        },
        {
          "si": 5,
          "sti": 9,
          "dti": 73,
          "sco": 52,
          "dco": 375,
          "txt": "he"
        },
        {
          "si": 5,
          "sti": 10,
          "dti": 74,
          "sco": 55,
          "dco": 378,
          "txt": "sustained"
        },
        {
          "si": 5,
          "sti": 11,
          "dti": 75,
          "sco": 65,
          "dco": 388,
          "txt": "a"
        },
        {
          "si": 5,
          "sti": 12,
          "dti": 76,
          "sco": 67,
          "dco": 390,
          "txt": "badly"
        },
        {
          "si": 5,
          "sti": 13,
          "dti": 77,
          "sco": 73,
          "dco": 396,
          "txt": "broken"
        },
        {
          "si": 5,
          "sti": 14,
          "dti": 78,
          "sco": 80,
          "dco": 403,
          "txt": "leg"
        },
        {
          "si": 5,
          "sti": 15,
          "dti": 79,
          "sco": 84,
          "dco": 407,
          "txt": "playing"
        },
        {
          "si": 5,
          "sti": 16,
          "dti": 80,
          "sco": 92,
          "dco": 415,
          "txt": "for"
        },
        {
          "si": 5,
          "sti": 17,
          "dti": 81,
          "sco": 96,
          "dco": 419,
          "txt": "England"
        },
        {
          "si": 5,
          "sti": 18,
          "dti": 82,
          "sco": 104,
          "dco": 427,
          "txt": "U"
        },
        {
          "si": 5,
          "sti": 19,
          "dti": 83,
          "sco": 105,
          "dco": 428,
          "txt": "23"
        },
        {
          "si": 5,
          "sti": 20,
          "dti": 84,
          "sco": 108,
          "dco": 431,
          "txt": "v"
        },
        {
          "si": 5,
          "sti": 21,
          "dti": 85,
          "sco": 110,
          "dco": 433,
          "txt": "France"
        },
        {
          "si": 5,
          "sti": 22,
          "dti": 86,
          "sco": 117,
          "dco": 440,
          "txt": "in"
        },
        {
          "si": 5,
          "sti": 23,
          "dti": 87,
          "sco": 120,
          "dco": 443,
          "txt": "October"
        },
        {
          "si": 5,
          "sti": 24,
          "dti": 88,
          "sco": 128,
          "dco": 451,
          "txt": "1956"
        },
        {
          "si": 5,
          "sti": 25,
          "dti": 89,
          "sco": 132,
          "dco": 455,
          "txt": "."
        },
        {
          "si": 6,
          "sti": 0,
          "dti": 90,
          "sco": 0,
          "dco": 457,
          "txt": "He"
        },
        {
          "si": 6,
          "sti": 1,
          "dti": 91,
          "sco": 3,
          "dco": 460,
          "txt": "was"
        },
        {
          "si": 6,
          "sti": 2,
          "dti": 92,
          "sco": 7,
          "dco": 464,
          "txt": "forced"
        },
        {
          "si": 6,
          "sti": 3,
          "dti": 93,
          "sco": 14,
          "dco": 471,
          "txt": "to"
        },
        {
          "si": 6,
          "sti": 4,
          "dti": 94,
          "sco": 17,
          "dco": 474,
          "txt": "retire"
        },
        {
          "si": 6,
          "sti": 5,
          "dti": 95,
          "sco": 24,
          "dco": 481,
          "txt": "due"
        },
        {
          "si": 6,
          "sti": 6,
          "dti": 96,
          "sco": 28,
          "dco": 485,
          "txt": "to"
        },
        {
          "si": 6,
          "sti": 7,
          "dti": 97,
          "sco": 31,
          "dco": 488,
          "txt": "that"
        },
        {
          "si": 6,
          "sti": 8,
          "dti": 98,
          "sco": 36,
          "dco": 493,
          "txt": "injury"
        },
        {
          "si": 6,
          "sti": 9,
          "dti": 99,
          "sco": 43,
          "dco": 500,
          "txt": "in"
        },
        {
          "si": 6,
          "sti": 10,
          "dti": 100,
          "sco": 46,
          "dco": 503,
          "txt": "1957"
        },
        {
          "si": 6,
          "sti": 11,
          "dti": 101,
          "sco": 50,
          "dco": 507,
          "txt": "."
        },
        {
          "si": 7,
          "sti": 0,
          "dti": 102,
          "sco": 0,
          "dco": 509,
          "txt": "An"
        },
        {
          "si": 7,
          "sti": 1,
          "dti": 103,
          "sco": 3,
          "dco": 512,
          "txt": "attempted"
        },
        {
          "si": 7,
          "sti": 2,
          "dti": 104,
          "sco": 13,
          "dco": 522,
          "txt": "come"
        },
        {
          "si": 7,
          "sti": 3,
          "dti": 105,
          "sco": 18,
          "dco": 527,
          "txt": "back"
        },
        {
          "si": 7,
          "sti": 4,
          "dti": 106,
          "sco": 23,
          "dco": 532,
          "txt": "with"
        },
        {
          "si": 7,
          "sti": 5,
          "dti": 107,
          "sco": 28,
          "dco": 537,
          "txt": "Skegness"
        },
        {
          "si": 7,
          "sti": 6,
          "dti": 108,
          "sco": 37,
          "dco": 546,
          "txt": "Town"
        },
        {
          "si": 7,
          "sti": 7,
          "dti": 109,
          "sco": 42,
          "dco": 551,
          "txt": "in"
        },
        {
          "si": 7,
          "sti": 8,
          "dti": 110,
          "sco": 45,
          "dco": 554,
          "txt": "August"
        },
        {
          "si": 7,
          "sti": 9,
          "dti": 111,
          "sco": 52,
          "dco": 561,
          "txt": "1959"
        },
        {
          "si": 7,
          "sti": 10,
          "dti": 112,
          "sco": 56,
          "dco": 565,
          "txt": ","
        },
        {
          "si": 7,
          "sti": 11,
          "dti": 113,
          "sco": 58,
          "dco": 567,
          "txt": "ended"
        },
        {
          "si": 7,
          "sti": 12,
          "dti": 114,
          "sco": 64,
          "dco": 573,
          "txt": "when"
        },
        {
          "si": 7,
          "sti": 13,
          "dti": 115,
          "sco": 69,
          "dco": 578,
          "txt": "he"
        },
        {
          "si": 7,
          "sti": 14,
          "dti": 116,
          "sco": 72,
          "dco": 581,
          "txt": "broke"
        },
        {
          "si": 7,
          "sti": 15,
          "dti": 117,
          "sco": 78,
          "dco": 587,
          "txt": "his"
        },
        {
          "si": 7,
          "sti": 16,
          "dti": 118,
          "sco": 82,
          "dco": 591,
          "txt": "leg"
        },
        {
          "si": 7,
          "sti": 17,
          "dti": 119,
          "sco": 86,
          "dco": 595,
          "txt": "again"
        },
        {
          "si": 7,
          "sti": 18,
          "dti": 120,
          "sco": 92,
          "dco": 601,
          "txt": "on"
        },
        {
          "si": 7,
          "sti": 19,
          "dti": 121,
          "sco": 95,
          "dco": 604,
          "txt": "his"
        },
        {
          "si": 7,
          "sti": 20,
          "dti": 122,
          "sco": 99,
          "dco": 608,
          "txt": "debut"
        },
        {
          "si": 7,
          "sti": 21,
          "dti": 123,
          "sco": 104,
          "dco": 613,
          "txt": "."
        },
        {
          "si": 8,
          "sti": 0,
          "dti": 124,
          "sco": 0,
          "dco": 615,
          "txt": "Jeffrey"
        },
        {
          "si": 8,
          "sti": 1,
          "dti": 125,
          "sco": 8,
          "dco": 623,
          "txt": "then"
        },
        {
          "si": 8,
          "sti": 2,
          "dti": 126,
          "sco": 13,
          "dco": 628,
          "txt": "moved"
        },
        {
          "si": 8,
          "sti": 3,
          "dti": 127,
          "sco": 19,
          "dco": 634,
          "txt": "to"
        },
        {
          "si": 8,
          "sti": 4,
          "dti": 128,
          "sco": 22,
          "dco": 637,
          "txt": "Australia"
        },
        {
          "si": 8,
          "sti": 5,
          "dti": 129,
          "sco": 31,
          "dco": 646,
          "txt": ","
        },
        {
          "si": 8,
          "sti": 6,
          "dti": 130,
          "sco": 33,
          "dco": 648,
          "txt": "and"
        },
        {
          "si": 8,
          "sti": 7,
          "dti": 131,
          "sco": 37,
          "dco": 652,
          "txt": "began"
        },
        {
          "si": 8,
          "sti": 8,
          "dti": 132,
          "sco": 43,
          "dco": 658,
          "txt": "his"
        },
        {
          "si": 8,
          "sti": 9,
          "dti": 133,
          "sco": 47,
          "dco": 662,
          "txt": "long"
        },
        {
          "si": 8,
          "sti": 10,
          "dti": 134,
          "sco": 52,
          "dco": 667,
          "txt": "road"
        },
        {
          "si": 8,
          "sti": 11,
          "dti": 135,
          "sco": 57,
          "dco": 672,
          "txt": "back"
        },
        {
          "si": 8,
          "sti": 12,
          "dti": 136,
          "sco": 62,
          "dco": 677,
          "txt": "to"
        },
        {
          "si": 8,
          "sti": 13,
          "dti": 137,
          "sco": 65,
          "dco": 680,
          "txt": "professional"
        },
        {
          "si": 8,
          "sti": 14,
          "dti": 138,
          "sco": 78,
          "dco": 693,
          "txt": "football"
        },
        {
          "si": 8,
          "sti": 15,
          "dti": 139,
          "sco": 87,
          "dco": 702,
          "txt": "with"
        },
        {
          "si": 8,
          "sti": 16,
          "dti": 140,
          "sco": 92,
          "dco": 707,
          "txt": "Sydney"
        },
        {
          "si": 8,
          "sti": 17,
          "dti": 141,
          "sco": 99,
          "dco": 714,
          "txt": "Prague"
        },
        {
          "si": 8,
          "sti": 18,
          "dti": 142,
          "sco": 106,
          "dco": 721,
          "txt": "in"
        },
        {
          "si": 8,
          "sti": 19,
          "dti": 143,
          "sco": 109,
          "dco": 724,
          "txt": "1961"
        },
        {
          "si": 8,
          "sti": 20,
          "dti": 144,
          "sco": 114,
          "dco": 729,
          "txt": "and"
        },
        {
          "si": 8,
          "sti": 21,
          "dti": 145,
          "sco": 118,
          "dco": 733,
          "txt": "Auburn"
        },
        {
          "si": 8,
          "sti": 22,
          "dti": 146,
          "sco": 125,
          "dco": 740,
          "txt": "in"
        },
        {
          "si": 8,
          "sti": 23,
          "dti": 147,
          "sco": 128,
          "dco": 743,
          "txt": "1962"
        },
        {
          "si": 8,
          "sti": 24,
          "dti": 148,
          "sco": 132,
          "dco": 747,
          "txt": "."
        },
        {
          "si": 9,
          "sti": 0,
          "dti": 149,
          "sco": 0,
          "dco": 749,
          "txt": "Later"
        },
        {
          "si": 9,
          "sti": 1,
          "dti": 150,
          "sco": 6,
          "dco": 755,
          "txt": "that"
        },
        {
          "si": 9,
          "sti": 2,
          "dti": 151,
          "sco": 11,
          "dco": 760,
          "txt": "same"
        },
        {
          "si": 9,
          "sti": 3,
          "dti": 152,
          "sco": 16,
          "dco": 765,
          "txt": "year"
        },
        {
          "si": 9,
          "sti": 4,
          "dti": 153,
          "sco": 20,
          "dco": 769,
          "txt": ","
        },
        {
          "si": 9,
          "sti": 5,
          "dti": 154,
          "sco": 22,
          "dco": 771,
          "txt": "he"
        },
        {
          "si": 9,
          "sti": 6,
          "dti": 155,
          "sco": 25,
          "dco": 774,
          "txt": "returned"
        },
        {
          "si": 9,
          "sti": 7,
          "dti": 156,
          "sco": 34,
          "dco": 783,
          "txt": "to"
        },
        {
          "si": 9,
          "sti": 8,
          "dti": 157,
          "sco": 37,
          "dco": 786,
          "txt": "England"
        },
        {
          "si": 9,
          "sti": 9,
          "dti": 158,
          "sco": 45,
          "dco": 794,
          "txt": "to"
        },
        {
          "si": 9,
          "sti": 10,
          "dti": 159,
          "sco": 48,
          "dco": 797,
          "txt": "play"
        },
        {
          "si": 9,
          "sti": 11,
          "dti": 160,
          "sco": 53,
          "dco": 802,
          "txt": "non"
        },
        {
          "si": 9,
          "sti": 12,
          "dti": 161,
          "sco": 56,
          "dco": 805,
          "txt": "-"
        },
        {
          "si": 9,
          "sti": 13,
          "dti": 162,
          "sco": 57,
          "dco": 806,
          "txt": "league"
        },
        {
          "si": 9,
          "sti": 14,
          "dti": 163,
          "sco": 64,
          "dco": 813,
          "txt": "football"
        },
        {
          "si": 9,
          "sti": 15,
          "dti": 164,
          "sco": 73,
          "dco": 822,
          "txt": "with"
        },
        {
          "si": 9,
          "sti": 16,
          "dti": 165,
          "sco": 78,
          "dco": 827,
          "txt": "Skegness"
        },
        {
          "si": 9,
          "sti": 17,
          "dti": 166,
          "sco": 87,
          "dco": 836,
          "txt": "Town"
        },
        {
          "si": 9,
          "sti": 18,
          "dti": 167,
          "sco": 92,
          "dco": 841,
          "txt": "before"
        },
        {
          "si": 9,
          "sti": 19,
          "dti": 168,
          "sco": 99,
          "dco": 848,
          "txt": "finally"
        },
        {
          "si": 9,
          "sti": 20,
          "dti": 169,
          "sco": 107,
          "dco": 856,
          "txt": "returning"
        },
        {
          "si": 9,
          "sti": 21,
          "dti": 170,
          "sco": 117,
          "dco": 866,
          "txt": "to"
        },
        {
          "si": 9,
          "sti": 22,
          "dti": 171,
          "sco": 120,
          "dco": 869,
          "txt": "professional"
        },
        {
          "si": 9,
          "sti": 23,
          "dti": 172,
          "sco": 133,
          "dco": 882,
          "txt": "football"
        },
        {
          "si": 9,
          "sti": 24,
          "dti": 173,
          "sco": 142,
          "dco": 891,
          "txt": "with"
        },
        {
          "si": 9,
          "sti": 25,
          "dti": 174,
          "sco": 147,
          "dco": 896,
          "txt": "Doncaster"
        },
        {
          "si": 9,
          "sti": 26,
          "dti": 175,
          "sco": 157,
          "dco": 906,
          "txt": "Rovers"
        },
        {
          "si": 9,
          "sti": 27,
          "dti": 176,
          "sco": 164,
          "dco": 913,
          "txt": "in"
        },
        {
          "si": 9,
          "sti": 28,
          "dti": 177,
          "sco": 167,
          "dco": 916,
          "txt": "December"
        },
        {
          "si": 9,
          "sti": 29,
          "dti": 178,
          "sco": 176,
          "dco": 925,
          "txt": "1963"
        },
        {
          "si": 9,
          "sti": 30,
          "dti": 179,
          "sco": 180,
          "dco": 929,
          "txt": "."
        },
        {
          "si": 10,
          "sti": 0,
          "dti": 180,
          "sco": 0,
          "dco": 931,
          "txt": "He"
        },
        {
          "si": 10,
          "sti": 1,
          "dti": 181,
          "sco": 3,
          "dco": 934,
          "txt": "also"
        },
        {
          "si": 10,
          "sti": 2,
          "dti": 182,
          "sco": 8,
          "dco": 939,
          "txt": "played"
        },
        {
          "si": 10,
          "sti": 3,
          "dti": 183,
          "sco": 15,
          "dco": 946,
          "txt": "in"
        },
        {
          "si": 10,
          "sti": 4,
          "dti": 184,
          "sco": 18,
          "dco": 949,
          "txt": "the"
        },
        {
          "si": 10,
          "sti": 5,
          "dti": 185,
          "sco": 22,
          "dco": 953,
          "txt": "Football"
        },
        {
          "si": 10,
          "sti": 6,
          "dti": 186,
          "sco": 31,
          "dco": 962,
          "txt": "League"
        },
        {
          "si": 10,
          "sti": 7,
          "dti": 187,
          "sco": 38,
          "dco": 969,
          "txt": "with"
        },
        {
          "si": 10,
          "sti": 8,
          "dti": 188,
          "sco": 43,
          "dco": 974,
          "txt": "Lincoln"
        },
        {
          "si": 10,
          "sti": 9,
          "dti": 189,
          "sco": 51,
          "dco": 982,
          "txt": "City"
        },
        {
          "si": 10,
          "sti": 10,
          "dti": 190,
          "sco": 55,
          "dco": 986,
          "txt": ","
        },
        {
          "si": 10,
          "sti": 11,
          "dti": 191,
          "sco": 57,
          "dco": 988,
          "txt": "before"
        },
        {
          "si": 10,
          "sti": 12,
          "dti": 192,
          "sco": 64,
          "dco": 995,
          "txt": "playing"
        },
        {
          "si": 10,
          "sti": 13,
          "dti": 193,
          "sco": 72,
          "dco": 1003,
          "txt": "non"
        },
        {
          "si": 10,
          "sti": 14,
          "dti": 194,
          "sco": 75,
          "dco": 1006,
          "txt": "-"
        },
        {
          "si": 10,
          "sti": 15,
          "dti": 195,
          "sco": 76,
          "dco": 1007,
          "txt": "league"
        },
        {
          "si": 10,
          "sti": 16,
          "dti": 196,
          "sco": 83,
          "dco": 1014,
          "txt": "football"
        },
        {
          "si": 10,
          "sti": 17,
          "dti": 197,
          "sco": 92,
          "dco": 1023,
          "txt": "with"
        },
        {
          "si": 10,
          "sti": 18,
          "dti": 198,
          "sco": 97,
          "dco": 1028,
          "txt": "Worksop"
        },
        {
          "si": 10,
          "sti": 19,
          "dti": 199,
          "sco": 105,
          "dco": 1036,
          "txt": "Town"
        },
        {
          "si": 10,
          "sti": 20,
          "dti": 200,
          "sco": 110,
          "dco": 1041,
          "txt": "in"
        },
        {
          "si": 10,
          "sti": 21,
          "dti": 201,
          "sco": 113,
          "dco": 1044,
          "txt": "1970"
        },
        {
          "si": 10,
          "sti": 22,
          "dti": 202,
          "sco": 117,
          "dco": 1048,
          "txt": "."
        },
        {
          "si": 11,
          "sti": 0,
          "dti": 203,
          "sco": 0,
          "dco": 1050,
          "txt": "Legacy"
        },
        {
          "si": 11,
          "sti": 1,
          "dti": 204,
          "sco": 6,
          "dco": 1056,
          "txt": "."
        },
        {
          "si": 12,
          "sti": 0,
          "dti": 205,
          "sco": 0,
          "dco": 1058,
          "txt": "The"
        },
        {
          "si": 12,
          "sti": 1,
          "dti": 206,
          "sco": 4,
          "dco": 1062,
          "txt": "road"
        },
        {
          "si": 12,
          "sti": 2,
          "dti": 207,
          "sco": 9,
          "dco": 1067,
          "txt": "around"
        },
        {
          "si": 12,
          "sti": 3,
          "dti": 208,
          "sco": 16,
          "dco": 1074,
          "txt": "the"
        },
        {
          "si": 12,
          "sti": 4,
          "dti": 209,
          "sco": 20,
          "dco": 1078,
          "txt": "Doncaster"
        },
        {
          "si": 12,
          "sti": 5,
          "dti": 210,
          "sco": 30,
          "dco": 1088,
          "txt": "Rovers"
        },
        {
          "si": 12,
          "sti": 6,
          "dti": 211,
          "sco": 37,
          "dco": 1095,
          "txt": "stadium"
        },
        {
          "si": 12,
          "sti": 7,
          "dti": 212,
          "sco": 45,
          "dco": 1103,
          "txt": "opened"
        },
        {
          "si": 12,
          "sti": 8,
          "dti": 213,
          "sco": 52,
          "dco": 1110,
          "txt": "in"
        },
        {
          "si": 12,
          "sti": 9,
          "dti": 214,
          "sco": 55,
          "dco": 1113,
          "txt": "2006"
        },
        {
          "si": 12,
          "sti": 10,
          "dti": 215,
          "sco": 60,
          "dco": 1118,
          "txt": "was"
        },
        {
          "si": 12,
          "sti": 11,
          "dti": 216,
          "sco": 64,
          "dco": 1122,
          "txt": "named"
        },
        {
          "si": 12,
          "sti": 12,
          "dti": 217,
          "sco": 70,
          "dco": 1128,
          "txt": "Alick"
        },
        {
          "si": 12,
          "sti": 13,
          "dti": 218,
          "sco": 76,
          "dco": 1134,
          "txt": "Jeffrey"
        },
        {
          "si": 12,
          "sti": 14,
          "dti": 219,
          "sco": 84,
          "dco": 1142,
          "txt": "Way"
        },
        {
          "si": 12,
          "sti": 15,
          "dti": 220,
          "sco": 87,
          "dco": 1145,
          "txt": "."
        }
      ]
    },
    "ganns": {
      "dla": [],
      "la": [],
      "ea": [],
      "eta": [
        {
          "ra": {
            "ea": {
              "etn": "Alick_Jeffrey"
            }
          },
          "sfs": [
            [
              {
                "stn": "birthYear"
              },
              {
                "dla": {
                  "txt": {
                    "sff": "1939"
                  },
                  "et": {
                    "etn": "BirthYear"
                  },
                  "dp": {
                    "off": 41
                  }
                }
              }
            ],
            [
              {
                "stn": "deathYear"
              },
              {
                "dla": {
                  "txt": {
                    "sff": "2000"
                  },
                  "et": {
                    "etn": "DeathYear"
                  },
                  "dp": {
                    "off": 60
                  }
                }
              }
            ]
          ],
          "mfs": [
            [
              {
                "stn": "position"
              },
              {
                "dla": [],
                "la": [],
                "ea": [
                  {
                    "etn": "Forward_(association_football)"
                  }
                ],
                "eta": []
              }
            ],
            [
              {
                "stn": "team"
              },
              {
                "dla": [],
                "la": [],
                "ea": [
                  {
                    "etn": "Worksop_Town_F.C."
                  },
                  {
                    "etn": "Lincoln_City_F.C."
                  },
                  {
                    "etn": "Doncaster_Rovers_F.C."
                  }
                ],
                "eta": []
              }
            ],
            [
              {
                "stn": "birthPlace"
              },
              {
                "dla": [],
                "la": [],
                "ea": [
                  {
                    "etn": "Rawmarsh"
                  }
                ],
                "eta": []
              }
            ]
          ]
        }
      ]
    }
  }
]
