[
  {
    "context": "DEVELOPMENT",
    "doc": {
      "id": "Ambrose_Harris",
      "tl": [
        {
          "si": 0,
          "sti": 0,
          "dti": 0,
          "sco": 0,
          "dco": 0,
          "txt": "Ambrose"
        },
        {
          "si": 0,
          "sti": 1,
          "dti": 1,
          "sco": 8,
          "dco": 8,
          "txt": "Harris"
        },
        {
          "si": 0,
          "sti": 2,
          "dti": 2,
          "sco": 14,
          "dco": 14,
          "txt": "."
        },
        {
          "si": 1,
          "sti": 0,
          "dti": 3,
          "sco": 0,
          "dco": 16,
          "txt": "Ambrose"
        },
        {
          "si": 1,
          "sti": 1,
          "dti": 4,
          "sco": 8,
          "dco": 24,
          "txt": "Harris"
        },
        {
          "si": 1,
          "sti": 2,
          "dti": 5,
          "sco": 15,
          "dco": 31,
          "txt": "("
        },
        {
          "si": 1,
          "sti": 3,
          "dti": 6,
          "sco": 16,
          "dco": 32,
          "txt": "29"
        },
        {
          "si": 1,
          "sti": 4,
          "dti": 7,
          "sco": 19,
          "dco": 35,
          "txt": "October"
        },
        {
          "si": 1,
          "sti": 5,
          "dti": 8,
          "sco": 27,
          "dco": 43,
          "txt": "1902"
        },
        {
          "si": 1,
          "sti": 6,
          "dti": 9,
          "sco": 32,
          "dco": 48,
          "txt": "–"
        },
        {
          "si": 1,
          "sti": 7,
          "dti": 10,
          "sco": 34,
          "dco": 50,
          "txt": "1952"
        },
        {
          "si": 1,
          "sti": 8,
          "dti": 11,
          "sco": 38,
          "dco": 54,
          "txt": ")"
        },
        {
          "si": 1,
          "sti": 9,
          "dti": 12,
          "sco": 40,
          "dco": 56,
          "txt": "was"
        },
        {
          "si": 1,
          "sti": 10,
          "dti": 13,
          "sco": 44,
          "dco": 60,
          "txt": "an"
        },
        {
          "si": 1,
          "sti": 11,
          "dti": 14,
          "sco": 47,
          "dco": 63,
          "txt": "English"
        },
        {
          "si": 1,
          "sti": 12,
          "dti": 15,
          "sco": 55,
          "dco": 71,
          "txt": "professional"
        },
        {
          "si": 1,
          "sti": 13,
          "dti": 16,
          "sco": 68,
          "dco": 84,
          "txt": "footballer"
        },
        {
          "si": 1,
          "sti": 14,
          "dti": 17,
          "sco": 79,
          "dco": 95,
          "txt": "who"
        },
        {
          "si": 1,
          "sti": 15,
          "dti": 18,
          "sco": 83,
          "dco": 99,
          "txt": "played"
        },
        {
          "si": 1,
          "sti": 16,
          "dti": 19,
          "sco": 90,
          "dco": 106,
          "txt": "in"
        },
        {
          "si": 1,
          "sti": 17,
          "dti": 20,
          "sco": 93,
          "dco": 109,
          "txt": "a"
        },
        {
          "si": 1,
          "sti": 18,
          "dti": 21,
          "sco": 95,
          "dco": 111,
          "txt": "number"
        },
        {
          "si": 1,
          "sti": 19,
          "dti": 22,
          "sco": 102,
          "dco": 118,
          "txt": "of"
        },
        {
          "si": 1,
          "sti": 20,
          "dti": 23,
          "sco": 105,
          "dco": 121,
          "txt": "positions"
        },
        {
          "si": 1,
          "sti": 21,
          "dti": 24,
          "sco": 114,
          "dco": 130,
          "txt": ","
        },
        {
          "si": 1,
          "sti": 22,
          "dti": 25,
          "sco": 116,
          "dco": 132,
          "txt": "mainly"
        },
        {
          "si": 1,
          "sti": 23,
          "dti": 26,
          "sco": 123,
          "dco": 139,
          "txt": "as"
        },
        {
          "si": 1,
          "sti": 24,
          "dti": 27,
          "sco": 126,
          "dco": 142,
          "txt": "a"
        },
        {
          "si": 1,
          "sti": 25,
          "dti": 28,
          "sco": 128,
          "dco": 144,
          "txt": "half"
        },
        {
          "si": 1,
          "sti": 26,
          "dti": 29,
          "sco": 132,
          "dco": 148,
          "txt": "-"
        },
        {
          "si": 1,
          "sti": 27,
          "dti": 30,
          "sco": 133,
          "dco": 149,
          "txt": "back"
        },
        {
          "si": 1,
          "sti": 28,
          "dti": 31,
          "sco": 137,
          "dco": 153,
          "txt": "."
        },
        {
          "si": 2,
          "sti": 0,
          "dti": 32,
          "sco": 0,
          "dco": 155,
          "txt": "He"
        },
        {
          "si": 2,
          "sti": 1,
          "dti": 33,
          "sco": 3,
          "dco": 158,
          "txt": "played"
        },
        {
          "si": 2,
          "sti": 2,
          "dti": 34,
          "sco": 10,
          "dco": 165,
          "txt": "in"
        },
        {
          "si": 2,
          "sti": 3,
          "dti": 35,
          "sco": 13,
          "dco": 168,
          "txt": "the"
        },
        {
          "si": 2,
          "sti": 4,
          "dti": 36,
          "sco": 17,
          "dco": 172,
          "txt": "Football"
        },
        {
          "si": 2,
          "sti": 5,
          "dti": 37,
          "sco": 26,
          "dco": 181,
          "txt": "League"
        },
        {
          "si": 2,
          "sti": 6,
          "dti": 38,
          "sco": 33,
          "dco": 188,
          "txt": "with"
        },
        {
          "si": 2,
          "sti": 7,
          "dti": 39,
          "sco": 38,
          "dco": 193,
          "txt": "Nelson"
        },
        {
          "si": 2,
          "sti": 8,
          "dti": 40,
          "sco": 44,
          "dco": 199,
          "txt": ","
        },
        {
          "si": 2,
          "sti": 9,
          "dti": 41,
          "sco": 46,
          "dco": 201,
          "txt": "making"
        },
        {
          "si": 2,
          "sti": 10,
          "dti": 42,
          "sco": 53,
          "dco": 208,
          "txt": "almost"
        },
        {
          "si": 2,
          "sti": 11,
          "dti": 43,
          "sco": 60,
          "dco": 215,
          "txt": "60"
        },
        {
          "si": 2,
          "sti": 12,
          "dti": 44,
          "sco": 63,
          "dco": 218,
          "txt": "first"
        },
        {
          "si": 2,
          "sti": 13,
          "dti": 45,
          "sco": 68,
          "dco": 223,
          "txt": "-"
        },
        {
          "si": 2,
          "sti": 14,
          "dti": 46,
          "sco": 69,
          "dco": 224,
          "txt": "team"
        },
        {
          "si": 2,
          "sti": 15,
          "dti": 47,
          "sco": 74,
          "dco": 229,
          "txt": "appearances"
        },
        {
          "si": 2,
          "sti": 16,
          "dti": 48,
          "sco": 86,
          "dco": 241,
          "txt": "for"
        },
        {
          "si": 2,
          "sti": 17,
          "dti": 49,
          "sco": 90,
          "dco": 245,
          "txt": "the"
        },
        {
          "si": 2,
          "sti": 18,
          "dti": 50,
          "sco": 94,
          "dco": 249,
          "txt": "club"
        },
        {
          "si": 2,
          "sti": 19,
          "dti": 51,
          "sco": 99,
          "dco": 254,
          "txt": "in"
        },
        {
          "si": 2,
          "sti": 20,
          "dti": 52,
          "sco": 102,
          "dco": 257,
          "txt": "a"
        },
        {
          "si": 2,
          "sti": 21,
          "dti": 53,
          "sco": 104,
          "dco": 259,
          "txt": "four"
        },
        {
          "si": 2,
          "sti": 22,
          "dti": 54,
          "sco": 108,
          "dco": 263,
          "txt": "-"
        },
        {
          "si": 2,
          "sti": 23,
          "dti": 55,
          "sco": 109,
          "dco": 264,
          "txt": "year"
        },
        {
          "si": 2,
          "sti": 24,
          "dti": 56,
          "sco": 114,
          "dco": 269,
          "txt": "spell"
        },
        {
          "si": 2,
          "sti": 25,
          "dti": 57,
          "sco": 119,
          "dco": 274,
          "txt": "."
        },
        {
          "si": 3,
          "sti": 0,
          "dti": 58,
          "sco": 0,
          "dco": 276,
          "txt": "He"
        },
        {
          "si": 3,
          "sti": 1,
          "dti": 59,
          "sco": 3,
          "dco": 279,
          "txt": "also"
        },
        {
          "si": 3,
          "sti": 2,
          "dti": 60,
          "sco": 8,
          "dco": 284,
          "txt": "played"
        },
        {
          "si": 3,
          "sti": 3,
          "dti": 61,
          "sco": 15,
          "dco": 291,
          "txt": "with"
        },
        {
          "si": 3,
          "sti": 4,
          "dti": 62,
          "sco": 20,
          "dco": 296,
          "txt": "several"
        },
        {
          "si": 3,
          "sti": 5,
          "dti": 63,
          "sco": 28,
          "dco": 304,
          "txt": "non"
        },
        {
          "si": 3,
          "sti": 6,
          "dti": 64,
          "sco": 31,
          "dco": 307,
          "txt": "-"
        },
        {
          "si": 3,
          "sti": 7,
          "dti": 65,
          "sco": 32,
          "dco": 308,
          "txt": "league"
        },
        {
          "si": 3,
          "sti": 8,
          "dti": 66,
          "sco": 39,
          "dco": 315,
          "txt": "sides"
        },
        {
          "si": 3,
          "sti": 9,
          "dti": 67,
          "sco": 45,
          "dco": 321,
          "txt": "throughout"
        },
        {
          "si": 3,
          "sti": 10,
          "dti": 68,
          "sco": 56,
          "dco": 332,
          "txt": "his"
        },
        {
          "si": 3,
          "sti": 11,
          "dti": 69,
          "sco": 60,
          "dco": 336,
          "txt": "career"
        },
        {
          "si": 3,
          "sti": 12,
          "dti": 70,
          "sco": 66,
          "dco": 342,
          "txt": ","
        },
        {
          "si": 3,
          "sti": 13,
          "dti": 71,
          "sco": 68,
          "dco": 344,
          "txt": "including"
        },
        {
          "si": 3,
          "sti": 14,
          "dti": 72,
          "sco": 78,
          "dco": 354,
          "txt": "Barnoldswick"
        },
        {
          "si": 3,
          "sti": 15,
          "dti": 73,
          "sco": 91,
          "dco": 367,
          "txt": "Town"
        },
        {
          "si": 3,
          "sti": 16,
          "dti": 74,
          "sco": 95,
          "dco": 371,
          "txt": "."
        },
        {
          "si": 4,
          "sti": 0,
          "dti": 75,
          "sco": 0,
          "dco": 373,
          "txt": "Biography"
        },
        {
          "si": 4,
          "sti": 1,
          "dti": 76,
          "sco": 9,
          "dco": 382,
          "txt": "."
        },
        {
          "si": 5,
          "sti": 0,
          "dti": 77,
          "sco": 0,
          "dco": 384,
          "txt": "Ambrose"
        },
        {
          "si": 5,
          "sti": 1,
          "dti": 78,
          "sco": 8,
          "dco": 392,
          "txt": "Harris"
        },
        {
          "si": 5,
          "sti": 2,
          "dti": 79,
          "sco": 15,
          "dco": 399,
          "txt": "was"
        },
        {
          "si": 5,
          "sti": 3,
          "dti": 80,
          "sco": 19,
          "dco": 403,
          "txt": "born"
        },
        {
          "si": 5,
          "sti": 4,
          "dti": 81,
          "sco": 24,
          "dco": 408,
          "txt": "on"
        },
        {
          "si": 5,
          "sti": 5,
          "dti": 82,
          "sco": 27,
          "dco": 411,
          "txt": "29"
        },
        {
          "si": 5,
          "sti": 6,
          "dti": 83,
          "sco": 30,
          "dco": 414,
          "txt": "October"
        },
        {
          "si": 5,
          "sti": 7,
          "dti": 84,
          "sco": 38,
          "dco": 422,
          "txt": "1902"
        },
        {
          "si": 5,
          "sti": 8,
          "dti": 85,
          "sco": 43,
          "dco": 427,
          "txt": "in"
        },
        {
          "si": 5,
          "sti": 9,
          "dti": 86,
          "sco": 46,
          "dco": 430,
          "txt": "Harle"
        },
        {
          "si": 5,
          "sti": 10,
          "dti": 87,
          "sco": 52,
          "dco": 436,
          "txt": "Syke"
        },
        {
          "si": 5,
          "sti": 11,
          "dti": 88,
          "sco": 56,
          "dco": 440,
          "txt": ","
        },
        {
          "si": 5,
          "sti": 12,
          "dti": 89,
          "sco": 58,
          "dco": 442,
          "txt": "in"
        },
        {
          "si": 5,
          "sti": 13,
          "dti": 90,
          "sco": 61,
          "dco": 445,
          "txt": "the"
        },
        {
          "si": 5,
          "sti": 14,
          "dti": 91,
          "sco": 65,
          "dco": 449,
          "txt": "parish"
        },
        {
          "si": 5,
          "sti": 15,
          "dti": 92,
          "sco": 72,
          "dco": 456,
          "txt": "of"
        },
        {
          "si": 5,
          "sti": 16,
          "dti": 93,
          "sco": 75,
          "dco": 459,
          "txt": "Briercliffe"
        },
        {
          "si": 5,
          "sti": 17,
          "dti": 94,
          "sco": 86,
          "dco": 470,
          "txt": ","
        },
        {
          "si": 5,
          "sti": 18,
          "dti": 95,
          "sco": 88,
          "dco": 472,
          "txt": "near"
        },
        {
          "si": 5,
          "sti": 19,
          "dti": 96,
          "sco": 93,
          "dco": 477,
          "txt": "Burnley"
        },
        {
          "si": 5,
          "sti": 20,
          "dti": 97,
          "sco": 101,
          "dco": 485,
          "txt": "in"
        },
        {
          "si": 5,
          "sti": 21,
          "dti": 98,
          "sco": 104,
          "dco": 488,
          "txt": "Lancashire"
        },
        {
          "si": 5,
          "sti": 22,
          "dti": 99,
          "sco": 114,
          "dco": 498,
          "txt": "."
        },
        {
          "si": 6,
          "sti": 0,
          "dti": 100,
          "sco": 0,
          "dco": 500,
          "txt": "He"
        },
        {
          "si": 6,
          "sti": 1,
          "dti": 101,
          "sco": 3,
          "dco": 503,
          "txt": "lived"
        },
        {
          "si": 6,
          "sti": 2,
          "dti": 102,
          "sco": 9,
          "dco": 509,
          "txt": "in"
        },
        {
          "si": 6,
          "sti": 3,
          "dti": 103,
          "sco": 12,
          "dco": 512,
          "txt": "the"
        },
        {
          "si": 6,
          "sti": 4,
          "dti": 104,
          "sco": 16,
          "dco": 516,
          "txt": "village"
        },
        {
          "si": 6,
          "sti": 5,
          "dti": 105,
          "sco": 24,
          "dco": 524,
          "txt": "throughout"
        },
        {
          "si": 6,
          "sti": 6,
          "dti": 106,
          "sco": 35,
          "dco": 535,
          "txt": "his"
        },
        {
          "si": 6,
          "sti": 7,
          "dti": 107,
          "sco": 39,
          "dco": 539,
          "txt": "life"
        },
        {
          "si": 6,
          "sti": 8,
          "dti": 108,
          "sco": 44,
          "dco": 544,
          "txt": "and"
        },
        {
          "si": 6,
          "sti": 9,
          "dti": 109,
          "sco": 48,
          "dco": 548,
          "txt": "died"
        },
        {
          "si": 6,
          "sti": 10,
          "dti": 110,
          "sco": 53,
          "dco": 553,
          "txt": "there"
        },
        {
          "si": 6,
          "sti": 11,
          "dti": 111,
          "sco": 59,
          "dco": 559,
          "txt": "in"
        },
        {
          "si": 6,
          "sti": 12,
          "dti": 112,
          "sco": 62,
          "dco": 562,
          "txt": "the"
        },
        {
          "si": 6,
          "sti": 13,
          "dti": 113,
          "sco": 66,
          "dco": 566,
          "txt": "summer"
        },
        {
          "si": 6,
          "sti": 14,
          "dti": 114,
          "sco": 73,
          "dco": 573,
          "txt": "of"
        },
        {
          "si": 6,
          "sti": 15,
          "dti": 115,
          "sco": 76,
          "dco": 576,
          "txt": "1952"
        },
        {
          "si": 6,
          "sti": 16,
          "dti": 116,
          "sco": 80,
          "dco": 580,
          "txt": ","
        },
        {
          "si": 6,
          "sti": 17,
          "dti": 117,
          "sco": 82,
          "dco": 582,
          "txt": "at"
        },
        {
          "si": 6,
          "sti": 18,
          "dti": 118,
          "sco": 85,
          "dco": 585,
          "txt": "the"
        },
        {
          "si": 6,
          "sti": 19,
          "dti": 119,
          "sco": 89,
          "dco": 589,
          "txt": "age"
        },
        {
          "si": 6,
          "sti": 20,
          "dti": 120,
          "sco": 93,
          "dco": 593,
          "txt": "of"
        },
        {
          "si": 6,
          "sti": 21,
          "dti": 121,
          "sco": 96,
          "dco": 596,
          "txt": "49"
        },
        {
          "si": 6,
          "sti": 22,
          "dti": 122,
          "sco": 98,
          "dco": 598,
          "txt": "."
        },
        {
          "si": 7,
          "sti": 0,
          "dti": 123,
          "sco": 0,
          "dco": 600,
          "txt": "Career"
        },
        {
          "si": 7,
          "sti": 1,
          "dti": 124,
          "sco": 6,
          "dco": 606,
          "txt": "."
        },
        {
          "si": 8,
          "sti": 0,
          "dti": 125,
          "sco": 0,
          "dco": 608,
          "txt": "Harris"
        },
        {
          "si": 8,
          "sti": 1,
          "dti": 126,
          "sco": 7,
          "dco": 615,
          "txt": "started"
        },
        {
          "si": 8,
          "sti": 2,
          "dti": 127,
          "sco": 15,
          "dco": 623,
          "txt": "his"
        },
        {
          "si": 8,
          "sti": 3,
          "dti": 128,
          "sco": 19,
          "dco": 627,
          "txt": "football"
        },
        {
          "si": 8,
          "sti": 4,
          "dti": 129,
          "sco": 28,
          "dco": 636,
          "txt": "career"
        },
        {
          "si": 8,
          "sti": 5,
          "dti": 130,
          "sco": 35,
          "dco": 643,
          "txt": "with"
        },
        {
          "si": 8,
          "sti": 6,
          "dti": 131,
          "sco": 40,
          "dco": 648,
          "txt": "his"
        },
        {
          "si": 8,
          "sti": 7,
          "dti": 132,
          "sco": 44,
          "dco": 652,
          "txt": "local"
        },
        {
          "si": 8,
          "sti": 8,
          "dti": 133,
          "sco": 50,
          "dco": 658,
          "txt": "club"
        },
        {
          "si": 8,
          "sti": 9,
          "dti": 134,
          "sco": 55,
          "dco": 663,
          "txt": "Briercliffe"
        },
        {
          "si": 8,
          "sti": 10,
          "dti": 135,
          "sco": 67,
          "dco": 675,
          "txt": "before"
        },
        {
          "si": 8,
          "sti": 11,
          "dti": 136,
          "sco": 74,
          "dco": 682,
          "txt": "joining"
        },
        {
          "si": 8,
          "sti": 12,
          "dti": 137,
          "sco": 82,
          "dco": 690,
          "txt": "Football"
        },
        {
          "si": 8,
          "sti": 13,
          "dti": 138,
          "sco": 91,
          "dco": 699,
          "txt": "League"
        },
        {
          "si": 8,
          "sti": 14,
          "dti": 139,
          "sco": 98,
          "dco": 706,
          "txt": "Third"
        },
        {
          "si": 8,
          "sti": 15,
          "dti": 140,
          "sco": 104,
          "dco": 712,
          "txt": "Division"
        },
        {
          "si": 8,
          "sti": 16,
          "dti": 141,
          "sco": 113,
          "dco": 721,
          "txt": "North"
        },
        {
          "si": 8,
          "sti": 17,
          "dti": 142,
          "sco": 119,
          "dco": 727,
          "txt": "side"
        },
        {
          "si": 8,
          "sti": 18,
          "dti": 143,
          "sco": 124,
          "dco": 732,
          "txt": "Nelson"
        },
        {
          "si": 8,
          "sti": 19,
          "dti": 144,
          "sco": 131,
          "dco": 739,
          "txt": "at"
        },
        {
          "si": 8,
          "sti": 20,
          "dti": 145,
          "sco": 134,
          "dco": 742,
          "txt": "the"
        },
        {
          "si": 8,
          "sti": 21,
          "dti": 146,
          "sco": 138,
          "dco": 746,
          "txt": "start"
        },
        {
          "si": 8,
          "sti": 22,
          "dti": 147,
          "sco": 144,
          "dco": 752,
          "txt": "of"
        },
        {
          "si": 8,
          "sti": 23,
          "dti": 148,
          "sco": 147,
          "dco": 755,
          "txt": "the"
        },
        {
          "si": 8,
          "sti": 24,
          "dti": 149,
          "sco": 151,
          "dco": 759,
          "txt": "1924"
        },
        {
          "si": 8,
          "sti": 25,
          "dti": 150,
          "sco": 155,
          "dco": 763,
          "txt": "–"
        },
        {
          "si": 8,
          "sti": 26,
          "dti": 151,
          "sco": 156,
          "dco": 764,
          "txt": "25"
        },
        {
          "si": 8,
          "sti": 27,
          "dti": 152,
          "sco": 159,
          "dco": 767,
          "txt": "season"
        },
        {
          "si": 8,
          "sti": 28,
          "dti": 153,
          "sco": 165,
          "dco": 773,
          "txt": "."
        },
        {
          "si": 9,
          "sti": 0,
          "dti": 154,
          "sco": 0,
          "dco": 775,
          "txt": "Harris"
        },
        {
          "si": 9,
          "sti": 1,
          "dti": 155,
          "sco": 7,
          "dco": 782,
          "txt": "made"
        },
        {
          "si": 9,
          "sti": 2,
          "dti": 156,
          "sco": 12,
          "dco": 787,
          "txt": "his"
        },
        {
          "si": 9,
          "sti": 3,
          "dti": 157,
          "sco": 16,
          "dco": 791,
          "txt": "professional"
        },
        {
          "si": 9,
          "sti": 4,
          "dti": 158,
          "sco": 29,
          "dco": 804,
          "txt": "debut"
        },
        {
          "si": 9,
          "sti": 5,
          "dti": 159,
          "sco": 35,
          "dco": 810,
          "txt": "on"
        },
        {
          "si": 9,
          "sti": 6,
          "dti": 160,
          "sco": 38,
          "dco": 813,
          "txt": "25"
        },
        {
          "si": 9,
          "sti": 7,
          "dti": 161,
          "sco": 41,
          "dco": 816,
          "txt": "December"
        },
        {
          "si": 9,
          "sti": 8,
          "dti": 162,
          "sco": 50,
          "dco": 825,
          "txt": "1924"
        },
        {
          "si": 9,
          "sti": 9,
          "dti": 163,
          "sco": 55,
          "dco": 830,
          "txt": "in"
        },
        {
          "si": 9,
          "sti": 10,
          "dti": 164,
          "sco": 58,
          "dco": 833,
          "txt": "the"
        },
        {
          "si": 9,
          "sti": 11,
          "dti": 165,
          "sco": 62,
          "dco": 837,
          "txt": "1"
        },
        {
          "si": 9,
          "sti": 12,
          "dti": 166,
          "sco": 63,
          "dco": 838,
          "txt": "–"
        },
        {
          "si": 9,
          "sti": 13,
          "dti": 167,
          "sco": 64,
          "dco": 839,
          "txt": "0"
        },
        {
          "si": 9,
          "sti": 14,
          "dti": 168,
          "sco": 66,
          "dco": 841,
          "txt": "victory"
        },
        {
          "si": 9,
          "sti": 15,
          "dti": 169,
          "sco": 74,
          "dco": 849,
          "txt": "against"
        },
        {
          "si": 9,
          "sti": 16,
          "dti": 170,
          "sco": 82,
          "dco": 857,
          "txt": "Chesterfield"
        },
        {
          "si": 9,
          "sti": 17,
          "dti": 171,
          "sco": 95,
          "dco": 870,
          "txt": "at"
        },
        {
          "si": 9,
          "sti": 18,
          "dti": 172,
          "sco": 98,
          "dco": 873,
          "txt": "Seedhill"
        },
        {
          "si": 9,
          "sti": 19,
          "dti": 173,
          "sco": 106,
          "dco": 881,
          "txt": "."
        },
        {
          "si": 10,
          "sti": 0,
          "dti": 174,
          "sco": 0,
          "dco": 883,
          "txt": "He"
        },
        {
          "si": 10,
          "sti": 1,
          "dti": 175,
          "sco": 3,
          "dco": 886,
          "txt": "enjoyed"
        },
        {
          "si": 10,
          "sti": 2,
          "dti": 176,
          "sco": 11,
          "dco": 894,
          "txt": "a"
        },
        {
          "si": 10,
          "sti": 3,
          "dti": 177,
          "sco": 13,
          "dco": 896,
          "txt": "run"
        },
        {
          "si": 10,
          "sti": 4,
          "dti": 178,
          "sco": 17,
          "dco": 900,
          "txt": "of"
        },
        {
          "si": 10,
          "sti": 5,
          "dti": 179,
          "sco": 20,
          "dco": 903,
          "txt": "five"
        },
        {
          "si": 10,
          "sti": 6,
          "dti": 180,
          "sco": 25,
          "dco": 908,
          "txt": "matches"
        },
        {
          "si": 10,
          "sti": 7,
          "dti": 181,
          "sco": 33,
          "dco": 916,
          "txt": "in"
        },
        {
          "si": 10,
          "sti": 8,
          "dti": 182,
          "sco": 36,
          "dco": 919,
          "txt": "the"
        },
        {
          "si": 10,
          "sti": 9,
          "dti": 183,
          "sco": 40,
          "dco": 923,
          "txt": "first"
        },
        {
          "si": 10,
          "sti": 10,
          "dti": 184,
          "sco": 45,
          "dco": 928,
          "txt": "-"
        },
        {
          "si": 10,
          "sti": 11,
          "dti": 185,
          "sco": 46,
          "dco": 929,
          "txt": "team"
        },
        {
          "si": 10,
          "sti": 12,
          "dti": 186,
          "sco": 51,
          "dco": 934,
          "txt": "during"
        },
        {
          "si": 10,
          "sti": 13,
          "dti": 187,
          "sco": 58,
          "dco": 941,
          "txt": "March"
        },
        {
          "si": 10,
          "sti": 14,
          "dti": 188,
          "sco": 63,
          "dco": 946,
          "txt": "–"
        },
        {
          "si": 10,
          "sti": 15,
          "dti": 189,
          "sco": 64,
          "dco": 947,
          "txt": "April"
        },
        {
          "si": 10,
          "sti": 16,
          "dti": 190,
          "sco": 70,
          "dco": 953,
          "txt": "1925"
        },
        {
          "si": 10,
          "sti": 17,
          "dti": 191,
          "sco": 74,
          "dco": 957,
          "txt": ","
        },
        {
          "si": 10,
          "sti": 18,
          "dti": 192,
          "sco": 76,
          "dco": 959,
          "txt": "making"
        },
        {
          "si": 10,
          "sti": 19,
          "dti": 193,
          "sco": 83,
          "dco": 966,
          "txt": "a"
        },
        {
          "si": 10,
          "sti": 20,
          "dti": 194,
          "sco": 85,
          "dco": 968,
          "txt": "total"
        },
        {
          "si": 10,
          "sti": 21,
          "dti": 195,
          "sco": 91,
          "dco": 974,
          "txt": "of"
        },
        {
          "si": 10,
          "sti": 22,
          "dti": 196,
          "sco": 94,
          "dco": 977,
          "txt": "eight"
        },
        {
          "si": 10,
          "sti": 23,
          "dti": 197,
          "sco": 100,
          "dco": 983,
          "txt": "appearances"
        },
        {
          "si": 10,
          "sti": 24,
          "dti": 198,
          "sco": 112,
          "dco": 995,
          "txt": "in"
        },
        {
          "si": 10,
          "sti": 25,
          "dti": 199,
          "sco": 115,
          "dco": 998,
          "txt": "his"
        },
        {
          "si": 10,
          "sti": 26,
          "dti": 200,
          "sco": 119,
          "dco": 1002,
          "txt": "first"
        },
        {
          "si": 10,
          "sti": 27,
          "dti": 201,
          "sco": 125,
          "dco": 1008,
          "txt": "senior"
        },
        {
          "si": 10,
          "sti": 28,
          "dti": 202,
          "sco": 132,
          "dco": 1015,
          "txt": "season"
        },
        {
          "si": 10,
          "sti": 29,
          "dti": 203,
          "sco": 138,
          "dco": 1021,
          "txt": "."
        },
        {
          "si": 11,
          "sti": 0,
          "dti": 204,
          "sco": 0,
          "dco": 1023,
          "txt": "Harris"
        },
        {
          "si": 11,
          "sti": 1,
          "dti": 205,
          "sco": 7,
          "dco": 1030,
          "txt": "played"
        },
        {
          "si": 11,
          "sti": 2,
          "dti": 206,
          "sco": 14,
          "dco": 1037,
          "txt": "in"
        },
        {
          "si": 11,
          "sti": 3,
          "dti": 207,
          "sco": 17,
          "dco": 1040,
          "txt": "the"
        },
        {
          "si": 11,
          "sti": 4,
          "dti": 208,
          "sco": 21,
          "dco": 1044,
          "txt": "reserve"
        },
        {
          "si": 11,
          "sti": 5,
          "dti": 209,
          "sco": 29,
          "dco": 1052,
          "txt": "team"
        },
        {
          "si": 11,
          "sti": 6,
          "dti": 210,
          "sco": 34,
          "dco": 1057,
          "txt": "at"
        },
        {
          "si": 11,
          "sti": 7,
          "dti": 211,
          "sco": 37,
          "dco": 1060,
          "txt": "the"
        },
        {
          "si": 11,
          "sti": 8,
          "dti": 212,
          "sco": 41,
          "dco": 1064,
          "txt": "beginning"
        },
        {
          "si": 11,
          "sti": 9,
          "dti": 213,
          "sco": 51,
          "dco": 1074,
          "txt": "of"
        },
        {
          "si": 11,
          "sti": 10,
          "dti": 214,
          "sco": 54,
          "dco": 1077,
          "txt": "the"
        },
        {
          "si": 11,
          "sti": 11,
          "dti": 215,
          "sco": 58,
          "dco": 1081,
          "txt": "1925"
        },
        {
          "si": 11,
          "sti": 12,
          "dti": 216,
          "sco": 62,
          "dco": 1085,
          "txt": "–"
        },
        {
          "si": 11,
          "sti": 13,
          "dti": 217,
          "sco": 63,
          "dco": 1086,
          "txt": "26"
        },
        {
          "si": 11,
          "sti": 14,
          "dti": 218,
          "sco": 66,
          "dco": 1089,
          "txt": "campaign"
        },
        {
          "si": 11,
          "sti": 15,
          "dti": 219,
          "sco": 74,
          "dco": 1097,
          "txt": ","
        },
        {
          "si": 11,
          "sti": 16,
          "dti": 220,
          "sco": 76,
          "dco": 1099,
          "txt": "but"
        },
        {
          "si": 11,
          "sti": 17,
          "dti": 221,
          "sco": 80,
          "dco": 1103,
          "txt": "was"
        },
        {
          "si": 11,
          "sti": 18,
          "dti": 222,
          "sco": 84,
          "dco": 1107,
          "txt": "recalled"
        },
        {
          "si": 11,
          "sti": 19,
          "dti": 223,
          "sco": 93,
          "dco": 1116,
          "txt": "to"
        },
        {
          "si": 11,
          "sti": 20,
          "dti": 224,
          "sco": 96,
          "dco": 1119,
          "txt": "the"
        },
        {
          "si": 11,
          "sti": 21,
          "dti": 225,
          "sco": 100,
          "dco": 1123,
          "txt": "starting"
        },
        {
          "si": 11,
          "sti": 22,
          "dti": 226,
          "sco": 109,
          "dco": 1132,
          "txt": "line"
        },
        {
          "si": 11,
          "sti": 23,
          "dti": 227,
          "sco": 113,
          "dco": 1136,
          "txt": "-"
        },
        {
          "si": 11,
          "sti": 24,
          "dti": 228,
          "sco": 114,
          "dco": 1137,
          "txt": "up"
        },
        {
          "si": 11,
          "sti": 25,
          "dti": 229,
          "sco": 117,
          "dco": 1140,
          "txt": "for"
        },
        {
          "si": 11,
          "sti": 26,
          "dti": 230,
          "sco": 121,
          "dco": 1144,
          "txt": "the"
        },
        {
          "si": 11,
          "sti": 27,
          "dti": 231,
          "sco": 125,
          "dco": 1148,
          "txt": "1"
        },
        {
          "si": 11,
          "sti": 28,
          "dti": 232,
          "sco": 126,
          "dco": 1149,
          "txt": "–"
        },
        {
          "si": 11,
          "sti": 29,
          "dti": 233,
          "sco": 127,
          "dco": 1150,
          "txt": "1"
        },
        {
          "si": 11,
          "sti": 30,
          "dti": 234,
          "sco": 129,
          "dco": 1152,
          "txt": "draw"
        },
        {
          "si": 11,
          "sti": 31,
          "dti": 235,
          "sco": 134,
          "dco": 1157,
          "txt": "with"
        },
        {
          "si": 11,
          "sti": 32,
          "dti": 236,
          "sco": 139,
          "dco": 1162,
          "txt": "Grimsby"
        },
        {
          "si": 11,
          "sti": 33,
          "dti": 237,
          "sco": 147,
          "dco": 1170,
          "txt": "Town"
        },
        {
          "si": 11,
          "sti": 34,
          "dti": 238,
          "sco": 152,
          "dco": 1175,
          "txt": "on"
        },
        {
          "si": 11,
          "sti": 35,
          "dti": 239,
          "sco": 155,
          "dco": 1178,
          "txt": "5"
        },
        {
          "si": 11,
          "sti": 36,
          "dti": 240,
          "sco": 157,
          "dco": 1180,
          "txt": "December"
        },
        {
          "si": 11,
          "sti": 37,
          "dti": 241,
          "sco": 166,
          "dco": 1189,
          "txt": "1925"
        },
        {
          "si": 11,
          "sti": 38,
          "dti": 242,
          "sco": 170,
          "dco": 1193,
          "txt": "."
        },
        {
          "si": 12,
          "sti": 0,
          "dti": 243,
          "sco": 0,
          "dco": 1195,
          "txt": "He"
        },
        {
          "si": 12,
          "sti": 1,
          "dti": 244,
          "sco": 3,
          "dco": 1198,
          "txt": "went"
        },
        {
          "si": 12,
          "sti": 2,
          "dti": 245,
          "sco": 8,
          "dco": 1203,
          "txt": "on"
        },
        {
          "si": 12,
          "sti": 3,
          "dti": 246,
          "sco": 11,
          "dco": 1206,
          "txt": "to"
        },
        {
          "si": 12,
          "sti": 4,
          "dti": 247,
          "sco": 14,
          "dco": 1209,
          "txt": "play"
        },
        {
          "si": 12,
          "sti": 5,
          "dti": 248,
          "sco": 19,
          "dco": 1214,
          "txt": "the"
        },
        {
          "si": 12,
          "sti": 6,
          "dti": 249,
          "sco": 23,
          "dco": 1218,
          "txt": "following"
        },
        {
          "si": 12,
          "sti": 7,
          "dti": 250,
          "sco": 33,
          "dco": 1228,
          "txt": "ten"
        },
        {
          "si": 12,
          "sti": 8,
          "dti": 251,
          "sco": 37,
          "dco": 1232,
          "txt": "matches"
        },
        {
          "si": 12,
          "sti": 9,
          "dti": 252,
          "sco": 44,
          "dco": 1239,
          "txt": ","
        },
        {
          "si": 12,
          "sti": 10,
          "dti": 253,
          "sco": 46,
          "dco": 1241,
          "txt": "before"
        },
        {
          "si": 12,
          "sti": 11,
          "dti": 254,
          "sco": 53,
          "dco": 1248,
          "txt": "his"
        },
        {
          "si": 12,
          "sti": 12,
          "dti": 255,
          "sco": 57,
          "dco": 1252,
          "txt": "place"
        },
        {
          "si": 12,
          "sti": 13,
          "dti": 256,
          "sco": 63,
          "dco": 1258,
          "txt": "in"
        },
        {
          "si": 12,
          "sti": 14,
          "dti": 257,
          "sco": 66,
          "dco": 1261,
          "txt": "the"
        },
        {
          "si": 12,
          "sti": 15,
          "dti": 258,
          "sco": 70,
          "dco": 1265,
          "txt": "team"
        },
        {
          "si": 12,
          "sti": 16,
          "dti": 259,
          "sco": 75,
          "dco": 1270,
          "txt": "was"
        },
        {
          "si": 12,
          "sti": 17,
          "dti": 260,
          "sco": 79,
          "dco": 1274,
          "txt": "taken"
        },
        {
          "si": 12,
          "sti": 18,
          "dti": 261,
          "sco": 85,
          "dco": 1280,
          "txt": "by"
        },
        {
          "si": 12,
          "sti": 19,
          "dti": 262,
          "sco": 88,
          "dco": 1283,
          "txt": "Ernie"
        },
        {
          "si": 12,
          "sti": 20,
          "dti": 263,
          "sco": 94,
          "dco": 1289,
          "txt": "Braidwood"
        },
        {
          "si": 12,
          "sti": 21,
          "dti": 264,
          "sco": 103,
          "dco": 1298,
          "txt": "."
        },
        {
          "si": 13,
          "sti": 0,
          "dti": 265,
          "sco": 0,
          "dco": 1300,
          "txt": "Harris"
        },
        {
          "si": 13,
          "sti": 1,
          "dti": 266,
          "sco": 7,
          "dco": 1307,
          "txt": "returned"
        },
        {
          "si": 13,
          "sti": 2,
          "dti": 267,
          "sco": 16,
          "dco": 1316,
          "txt": "to"
        },
        {
          "si": 13,
          "sti": 3,
          "dti": 268,
          "sco": 19,
          "dco": 1319,
          "txt": "the"
        },
        {
          "si": 13,
          "sti": 4,
          "dti": 269,
          "sco": 23,
          "dco": 1323,
          "txt": "side"
        },
        {
          "si": 13,
          "sti": 5,
          "dti": 270,
          "sco": 28,
          "dco": 1328,
          "txt": "on"
        },
        {
          "si": 13,
          "sti": 6,
          "dti": 271,
          "sco": 31,
          "dco": 1331,
          "txt": "27"
        },
        {
          "si": 13,
          "sti": 7,
          "dti": 272,
          "sco": 34,
          "dco": 1334,
          "txt": "February"
        },
        {
          "si": 13,
          "sti": 8,
          "dti": 273,
          "sco": 43,
          "dco": 1343,
          "txt": "1926"
        },
        {
          "si": 13,
          "sti": 9,
          "dti": 274,
          "sco": 47,
          "dco": 1347,
          "txt": ","
        },
        {
          "si": 13,
          "sti": 10,
          "dti": 275,
          "sco": 49,
          "dco": 1349,
          "txt": "for"
        },
        {
          "si": 13,
          "sti": 11,
          "dti": 276,
          "sco": 53,
          "dco": 1353,
          "txt": "the"
        },
        {
          "si": 13,
          "sti": 12,
          "dti": 277,
          "sco": 57,
          "dco": 1357,
          "txt": "4"
        },
        {
          "si": 13,
          "sti": 13,
          "dti": 278,
          "sco": 58,
          "dco": 1358,
          "txt": "–"
        },
        {
          "si": 13,
          "sti": 14,
          "dti": 279,
          "sco": 59,
          "dco": 1359,
          "txt": "0"
        },
        {
          "si": 13,
          "sti": 15,
          "dti": 280,
          "sco": 61,
          "dco": 1361,
          "txt": "win"
        },
        {
          "si": 13,
          "sti": 16,
          "dti": 281,
          "sco": 65,
          "dco": 1365,
          "txt": "at"
        },
        {
          "si": 13,
          "sti": 17,
          "dti": 282,
          "sco": 68,
          "dco": 1368,
          "txt": "home"
        },
        {
          "si": 13,
          "sti": 18,
          "dti": 283,
          "sco": 73,
          "dco": 1373,
          "txt": "against"
        },
        {
          "si": 13,
          "sti": 19,
          "dti": 284,
          "sco": 81,
          "dco": 1381,
          "txt": "Durham"
        },
        {
          "si": 13,
          "sti": 20,
          "dti": 285,
          "sco": 88,
          "dco": 1388,
          "txt": "City"
        },
        {
          "si": 13,
          "sti": 21,
          "dti": 286,
          "sco": 92,
          "dco": 1392,
          "txt": "."
        },
        {
          "si": 14,
          "sti": 0,
          "dti": 287,
          "sco": 0,
          "dco": 1394,
          "txt": "Altogether"
        },
        {
          "si": 14,
          "sti": 1,
          "dti": 288,
          "sco": 11,
          "dco": 1405,
          "txt": "he"
        },
        {
          "si": 14,
          "sti": 2,
          "dti": 289,
          "sco": 14,
          "dco": 1408,
          "txt": "played"
        },
        {
          "si": 14,
          "sti": 3,
          "dti": 290,
          "sco": 21,
          "dco": 1415,
          "txt": "22"
        },
        {
          "si": 14,
          "sti": 4,
          "dti": 291,
          "sco": 24,
          "dco": 1418,
          "txt": "league"
        },
        {
          "si": 14,
          "sti": 5,
          "dti": 292,
          "sco": 31,
          "dco": 1425,
          "txt": "games"
        },
        {
          "si": 14,
          "sti": 6,
          "dti": 293,
          "sco": 37,
          "dco": 1431,
          "txt": "for"
        },
        {
          "si": 14,
          "sti": 7,
          "dti": 294,
          "sco": 41,
          "dco": 1435,
          "txt": "Nelson"
        },
        {
          "si": 14,
          "sti": 8,
          "dti": 295,
          "sco": 48,
          "dco": 1442,
          "txt": "during"
        },
        {
          "si": 14,
          "sti": 9,
          "dti": 296,
          "sco": 55,
          "dco": 1449,
          "txt": "the"
        },
        {
          "si": 14,
          "sti": 10,
          "dti": 297,
          "sco": 59,
          "dco": 1453,
          "txt": "campaign"
        },
        {
          "si": 14,
          "sti": 11,
          "dti": 298,
          "sco": 68,
          "dco": 1462,
          "txt": "as"
        },
        {
          "si": 14,
          "sti": 12,
          "dti": 299,
          "sco": 71,
          "dco": 1465,
          "txt": "the"
        },
        {
          "si": 14,
          "sti": 13,
          "dti": 300,
          "sco": 75,
          "dco": 1469,
          "txt": "team"
        },
        {
          "si": 14,
          "sti": 14,
          "dti": 301,
          "sco": 80,
          "dco": 1474,
          "txt": "finished"
        },
        {
          "si": 14,
          "sti": 15,
          "dti": 302,
          "sco": 89,
          "dco": 1483,
          "txt": "eighth"
        },
        {
          "si": 14,
          "sti": 16,
          "dti": 303,
          "sco": 96,
          "dco": 1490,
          "txt": "in"
        },
        {
          "si": 14,
          "sti": 17,
          "dti": 304,
          "sco": 99,
          "dco": 1493,
          "txt": "the"
        },
        {
          "si": 14,
          "sti": 18,
          "dti": 305,
          "sco": 103,
          "dco": 1497,
          "txt": "division"
        },
        {
          "si": 14,
          "sti": 19,
          "dti": 306,
          "sco": 111,
          "dco": 1505,
          "txt": "."
        },
        {
          "si": 15,
          "sti": 0,
          "dti": 307,
          "sco": 0,
          "dco": 1507,
          "txt": "Harris"
        },
        {
          "si": 15,
          "sti": 1,
          "dti": 308,
          "sco": 7,
          "dco": 1514,
          "txt": "lost"
        },
        {
          "si": 15,
          "sti": 2,
          "dti": 309,
          "sco": 12,
          "dco": 1519,
          "txt": "his"
        },
        {
          "si": 15,
          "sti": 3,
          "dti": 310,
          "sco": 16,
          "dco": 1523,
          "txt": "first"
        },
        {
          "si": 15,
          "sti": 4,
          "dti": 311,
          "sco": 21,
          "dco": 1528,
          "txt": "-"
        },
        {
          "si": 15,
          "sti": 5,
          "dti": 312,
          "sco": 22,
          "dco": 1529,
          "txt": "team"
        },
        {
          "si": 15,
          "sti": 6,
          "dti": 313,
          "sco": 27,
          "dco": 1534,
          "txt": "place"
        },
        {
          "si": 15,
          "sti": 7,
          "dti": 314,
          "sco": 33,
          "dco": 1540,
          "txt": "to"
        },
        {
          "si": 15,
          "sti": 8,
          "dti": 315,
          "sco": 36,
          "dco": 1543,
          "txt": "new"
        },
        {
          "si": 15,
          "sti": 9,
          "dti": 316,
          "sco": 40,
          "dco": 1547,
          "txt": "signing"
        },
        {
          "si": 15,
          "sti": 10,
          "dti": 317,
          "sco": 48,
          "dco": 1555,
          "txt": "Jim"
        },
        {
          "si": 15,
          "sti": 11,
          "dti": 318,
          "sco": 52,
          "dco": 1559,
          "txt": "Baker"
        },
        {
          "si": 15,
          "sti": 12,
          "dti": 319,
          "sco": 58,
          "dco": 1565,
          "txt": "at"
        },
        {
          "si": 15,
          "sti": 13,
          "dti": 320,
          "sco": 61,
          "dco": 1568,
          "txt": "the"
        },
        {
          "si": 15,
          "sti": 14,
          "dti": 321,
          "sco": 65,
          "dco": 1572,
          "txt": "start"
        },
        {
          "si": 15,
          "sti": 15,
          "dti": 322,
          "sco": 71,
          "dco": 1578,
          "txt": "of"
        },
        {
          "si": 15,
          "sti": 16,
          "dti": 323,
          "sco": 74,
          "dco": 1581,
          "txt": "the"
        },
        {
          "si": 15,
          "sti": 17,
          "dti": 324,
          "sco": 78,
          "dco": 1585,
          "txt": "next"
        },
        {
          "si": 15,
          "sti": 18,
          "dti": 325,
          "sco": 83,
          "dco": 1590,
          "txt": "campaign"
        },
        {
          "si": 15,
          "sti": 19,
          "dti": 326,
          "sco": 91,
          "dco": 1598,
          "txt": ","
        },
        {
          "si": 15,
          "sti": 20,
          "dti": 327,
          "sco": 93,
          "dco": 1600,
          "txt": "but"
        },
        {
          "si": 15,
          "sti": 21,
          "dti": 328,
          "sco": 97,
          "dco": 1604,
          "txt": "was"
        },
        {
          "si": 15,
          "sti": 22,
          "dti": 329,
          "sco": 101,
          "dco": 1608,
          "txt": "reinstated"
        },
        {
          "si": 15,
          "sti": 23,
          "dti": 330,
          "sco": 112,
          "dco": 1619,
          "txt": "to"
        },
        {
          "si": 15,
          "sti": 24,
          "dti": 331,
          "sco": 115,
          "dco": 1622,
          "txt": "the"
        },
        {
          "si": 15,
          "sti": 25,
          "dti": 332,
          "sco": 119,
          "dco": 1626,
          "txt": "side"
        },
        {
          "si": 15,
          "sti": 26,
          "dti": 333,
          "sco": 124,
          "dco": 1631,
          "txt": "following"
        },
        {
          "si": 15,
          "sti": 27,
          "dti": 334,
          "sco": 134,
          "dco": 1641,
          "txt": "the"
        },
        {
          "si": 15,
          "sti": 28,
          "dti": 335,
          "sco": 138,
          "dco": 1645,
          "txt": "1"
        },
        {
          "si": 15,
          "sti": 29,
          "dti": 336,
          "sco": 139,
          "dco": 1646,
          "txt": "–"
        },
        {
          "si": 15,
          "sti": 30,
          "dti": 337,
          "sco": 140,
          "dco": 1647,
          "txt": "4"
        },
        {
          "si": 15,
          "sti": 31,
          "dti": 338,
          "sco": 142,
          "dco": 1649,
          "txt": "loss"
        },
        {
          "si": 15,
          "sti": 32,
          "dti": 339,
          "sco": 147,
          "dco": 1654,
          "txt": "away"
        },
        {
          "si": 15,
          "sti": 33,
          "dti": 340,
          "sco": 152,
          "dco": 1659,
          "txt": "at"
        },
        {
          "si": 15,
          "sti": 34,
          "dti": 341,
          "sco": 155,
          "dco": 1662,
          "txt": "Stoke"
        },
        {
          "si": 15,
          "sti": 35,
          "dti": 342,
          "sco": 161,
          "dco": 1668,
          "txt": "City"
        },
        {
          "si": 15,
          "sti": 36,
          "dti": 343,
          "sco": 166,
          "dco": 1673,
          "txt": "on"
        },
        {
          "si": 15,
          "sti": 37,
          "dti": 344,
          "sco": 169,
          "dco": 1676,
          "txt": "11"
        },
        {
          "si": 15,
          "sti": 38,
          "dti": 345,
          "sco": 172,
          "dco": 1679,
          "txt": "September"
        },
        {
          "si": 15,
          "sti": 39,
          "dti": 346,
          "sco": 182,
          "dco": 1689,
          "txt": "1926"
        },
        {
          "si": 15,
          "sti": 40,
          "dti": 347,
          "sco": 186,
          "dco": 1693,
          "txt": "."
        },
        {
          "si": 16,
          "sti": 0,
          "dti": 348,
          "sco": 0,
          "dco": 1695,
          "txt": "He"
        },
        {
          "si": 16,
          "sti": 1,
          "dti": 349,
          "sco": 3,
          "dco": 1698,
          "txt": "played"
        },
        {
          "si": 16,
          "sti": 2,
          "dti": 350,
          "sco": 10,
          "dco": 1705,
          "txt": "at"
        },
        {
          "si": 16,
          "sti": 3,
          "dti": 351,
          "sco": 13,
          "dco": 1708,
          "txt": "inside"
        },
        {
          "si": 16,
          "sti": 4,
          "dti": 352,
          "sco": 20,
          "dco": 1715,
          "txt": "forward"
        },
        {
          "si": 16,
          "sti": 5,
          "dti": 353,
          "sco": 28,
          "dco": 1723,
          "txt": "for"
        },
        {
          "si": 16,
          "sti": 6,
          "dti": 354,
          "sco": 32,
          "dco": 1727,
          "txt": "the"
        },
        {
          "si": 16,
          "sti": 7,
          "dti": 355,
          "sco": 36,
          "dco": 1731,
          "txt": "first"
        },
        {
          "si": 16,
          "sti": 8,
          "dti": 356,
          "sco": 42,
          "dco": 1737,
          "txt": "time"
        },
        {
          "si": 16,
          "sti": 9,
          "dti": 357,
          "sco": 47,
          "dco": 1742,
          "txt": "in"
        },
        {
          "si": 16,
          "sti": 10,
          "dti": 358,
          "sco": 50,
          "dco": 1745,
          "txt": "the"
        },
        {
          "si": 16,
          "sti": 11,
          "dti": 359,
          "sco": 54,
          "dco": 1749,
          "txt": "away"
        },
        {
          "si": 16,
          "sti": 12,
          "dti": 360,
          "sco": 59,
          "dco": 1754,
          "txt": "match"
        },
        {
          "si": 16,
          "sti": 13,
          "dti": 361,
          "sco": 65,
          "dco": 1760,
          "txt": "against"
        },
        {
          "si": 16,
          "sti": 14,
          "dti": 362,
          "sco": 73,
          "dco": 1768,
          "txt": "Lincoln"
        },
        {
          "si": 16,
          "sti": 15,
          "dti": 363,
          "sco": 81,
          "dco": 1776,
          "txt": "City"
        },
        {
          "si": 16,
          "sti": 16,
          "dti": 364,
          "sco": 86,
          "dco": 1781,
          "txt": "on"
        },
        {
          "si": 16,
          "sti": 17,
          "dti": 365,
          "sco": 89,
          "dco": 1784,
          "txt": "9"
        },
        {
          "si": 16,
          "sti": 18,
          "dti": 366,
          "sco": 91,
          "dco": 1786,
          "txt": "October"
        },
        {
          "si": 16,
          "sti": 19,
          "dti": 367,
          "sco": 98,
          "dco": 1793,
          "txt": ","
        },
        {
          "si": 16,
          "sti": 20,
          "dti": 368,
          "sco": 100,
          "dco": 1795,
          "txt": "and"
        },
        {
          "si": 16,
          "sti": 21,
          "dti": 369,
          "sco": 104,
          "dco": 1799,
          "txt": "scored"
        },
        {
          "si": 16,
          "sti": 22,
          "dti": 370,
          "sco": 111,
          "dco": 1806,
          "txt": "his"
        },
        {
          "si": 16,
          "sti": 23,
          "dti": 371,
          "sco": 115,
          "dco": 1810,
          "txt": "first"
        },
        {
          "si": 16,
          "sti": 24,
          "dti": 372,
          "sco": 121,
          "dco": 1816,
          "txt": "professional"
        },
        {
          "si": 16,
          "sti": 25,
          "dti": 373,
          "sco": 134,
          "dco": 1829,
          "txt": "goal"
        },
        {
          "si": 16,
          "sti": 26,
          "dti": 374,
          "sco": 139,
          "dco": 1834,
          "txt": "in"
        },
        {
          "si": 16,
          "sti": 27,
          "dti": 375,
          "sco": 142,
          "dco": 1837,
          "txt": "a"
        },
        {
          "si": 16,
          "sti": 28,
          "dti": 376,
          "sco": 144,
          "dco": 1839,
          "txt": "4"
        },
        {
          "si": 16,
          "sti": 29,
          "dti": 377,
          "sco": 145,
          "dco": 1840,
          "txt": "–"
        },
        {
          "si": 16,
          "sti": 30,
          "dti": 378,
          "sco": 146,
          "dco": 1841,
          "txt": "1"
        },
        {
          "si": 16,
          "sti": 31,
          "dti": 379,
          "sco": 148,
          "dco": 1843,
          "txt": "Nelson"
        },
        {
          "si": 16,
          "sti": 32,
          "dti": 380,
          "sco": 155,
          "dco": 1850,
          "txt": "win"
        },
        {
          "si": 16,
          "sti": 33,
          "dti": 381,
          "sco": 158,
          "dco": 1853,
          "txt": "."
        },
        {
          "si": 17,
          "sti": 0,
          "dti": 382,
          "sco": 0,
          "dco": 1855,
          "txt": "Harris"
        },
        {
          "si": 17,
          "sti": 1,
          "dti": 383,
          "sco": 7,
          "dco": 1862,
          "txt": "remained"
        },
        {
          "si": 17,
          "sti": 2,
          "dti": 384,
          "sco": 16,
          "dco": 1871,
          "txt": "with"
        },
        {
          "si": 17,
          "sti": 3,
          "dti": 385,
          "sco": 21,
          "dco": 1876,
          "txt": "Nelson"
        },
        {
          "si": 17,
          "sti": 4,
          "dti": 386,
          "sco": 28,
          "dco": 1883,
          "txt": "until"
        },
        {
          "si": 17,
          "sti": 5,
          "dti": 387,
          "sco": 34,
          "dco": 1889,
          "txt": "the"
        },
        {
          "si": 17,
          "sti": 6,
          "dti": 388,
          "sco": 38,
          "dco": 1893,
          "txt": "end"
        },
        {
          "si": 17,
          "sti": 7,
          "dti": 389,
          "sco": 42,
          "dco": 1897,
          "txt": "of"
        },
        {
          "si": 17,
          "sti": 8,
          "dti": 390,
          "sco": 45,
          "dco": 1900,
          "txt": "the"
        },
        {
          "si": 17,
          "sti": 9,
          "dti": 391,
          "sco": 49,
          "dco": 1904,
          "txt": "1927"
        },
        {
          "si": 17,
          "sti": 10,
          "dti": 392,
          "sco": 53,
          "dco": 1908,
          "txt": "–"
        },
        {
          "si": 17,
          "sti": 11,
          "dti": 393,
          "sco": 54,
          "dco": 1909,
          "txt": "28"
        },
        {
          "si": 17,
          "sti": 12,
          "dti": 394,
          "sco": 57,
          "dco": 1912,
          "txt": "season"
        },
        {
          "si": 17,
          "sti": 13,
          "dti": 395,
          "sco": 63,
          "dco": 1918,
          "txt": ","
        },
        {
          "si": 17,
          "sti": 14,
          "dti": 396,
          "sco": 65,
          "dco": 1920,
          "txt": "when"
        },
        {
          "si": 17,
          "sti": 15,
          "dti": 397,
          "sco": 70,
          "dco": 1925,
          "txt": "he"
        },
        {
          "si": 17,
          "sti": 16,
          "dti": 398,
          "sco": 73,
          "dco": 1928,
          "txt": "left"
        },
        {
          "si": 17,
          "sti": 17,
          "dti": 399,
          "sco": 78,
          "dco": 1933,
          "txt": "the"
        },
        {
          "si": 17,
          "sti": 18,
          "dti": 400,
          "sco": 82,
          "dco": 1937,
          "txt": "club"
        },
        {
          "si": 17,
          "sti": 19,
          "dti": 401,
          "sco": 87,
          "dco": 1942,
          "txt": "after"
        },
        {
          "si": 17,
          "sti": 20,
          "dti": 402,
          "sco": 93,
          "dco": 1948,
          "txt": "playing"
        },
        {
          "si": 17,
          "sti": 21,
          "dti": 403,
          "sco": 101,
          "dco": 1956,
          "txt": "a"
        },
        {
          "si": 17,
          "sti": 22,
          "dti": 404,
          "sco": 103,
          "dco": 1958,
          "txt": "total"
        },
        {
          "si": 17,
          "sti": 23,
          "dti": 405,
          "sco": 109,
          "dco": 1964,
          "txt": "of"
        },
        {
          "si": 17,
          "sti": 24,
          "dti": 406,
          "sco": 112,
          "dco": 1967,
          "txt": "58"
        },
        {
          "si": 17,
          "sti": 25,
          "dti": 407,
          "sco": 115,
          "dco": 1970,
          "txt": "first"
        },
        {
          "si": 17,
          "sti": 26,
          "dti": 408,
          "sco": 120,
          "dco": 1975,
          "txt": "-"
        },
        {
          "si": 17,
          "sti": 27,
          "dti": 409,
          "sco": 121,
          "dco": 1976,
          "txt": "team"
        },
        {
          "si": 17,
          "sti": 28,
          "dti": 410,
          "sco": 126,
          "dco": 1981,
          "txt": "matches"
        },
        {
          "si": 17,
          "sti": 29,
          "dti": 411,
          "sco": 134,
          "dco": 1989,
          "txt": "during"
        },
        {
          "si": 17,
          "sti": 30,
          "dti": 412,
          "sco": 141,
          "dco": 1996,
          "txt": "his"
        },
        {
          "si": 17,
          "sti": 31,
          "dti": 413,
          "sco": 145,
          "dco": 2000,
          "txt": "four"
        },
        {
          "si": 17,
          "sti": 32,
          "dti": 414,
          "sco": 150,
          "dco": 2005,
          "txt": "years"
        },
        {
          "si": 17,
          "sti": 33,
          "dti": 415,
          "sco": 156,
          "dco": 2011,
          "txt": "at"
        },
        {
          "si": 17,
          "sti": 34,
          "dti": 416,
          "sco": 159,
          "dco": 2014,
          "txt": "Seedhill"
        },
        {
          "si": 17,
          "sti": 35,
          "dti": 417,
          "sco": 167,
          "dco": 2022,
          "txt": "."
        },
        {
          "si": 18,
          "sti": 0,
          "dti": 418,
          "sco": 0,
          "dco": 2024,
          "txt": "He"
        },
        {
          "si": 18,
          "sti": 1,
          "dti": 419,
          "sco": 3,
          "dco": 2027,
          "txt": "signed"
        },
        {
          "si": 18,
          "sti": 2,
          "dti": 420,
          "sco": 10,
          "dco": 2034,
          "txt": "for"
        },
        {
          "si": 18,
          "sti": 3,
          "dti": 421,
          "sco": 14,
          "dco": 2038,
          "txt": "non"
        },
        {
          "si": 18,
          "sti": 4,
          "dti": 422,
          "sco": 17,
          "dco": 2041,
          "txt": "-"
        },
        {
          "si": 18,
          "sti": 5,
          "dti": 423,
          "sco": 18,
          "dco": 2042,
          "txt": "league"
        },
        {
          "si": 18,
          "sti": 6,
          "dti": 424,
          "sco": 25,
          "dco": 2049,
          "txt": "outfit"
        },
        {
          "si": 18,
          "sti": 7,
          "dti": 425,
          "sco": 32,
          "dco": 2056,
          "txt": "Barnoldswick"
        },
        {
          "si": 18,
          "sti": 8,
          "dti": 426,
          "sco": 45,
          "dco": 2069,
          "txt": "Town"
        },
        {
          "si": 18,
          "sti": 9,
          "dti": 427,
          "sco": 50,
          "dco": 2074,
          "txt": "in"
        },
        {
          "si": 18,
          "sti": 10,
          "dti": 428,
          "sco": 53,
          "dco": 2077,
          "txt": "the"
        },
        {
          "si": 18,
          "sti": 11,
          "dti": 429,
          "sco": 57,
          "dco": 2081,
          "txt": "summer"
        },
        {
          "si": 18,
          "sti": 12,
          "dti": 430,
          "sco": 64,
          "dco": 2088,
          "txt": "of"
        },
        {
          "si": 18,
          "sti": 13,
          "dti": 431,
          "sco": 67,
          "dco": 2091,
          "txt": "1928"
        },
        {
          "si": 18,
          "sti": 14,
          "dti": 432,
          "sco": 71,
          "dco": 2095,
          "txt": "."
        },
        {
          "si": 19,
          "sti": 0,
          "dti": 433,
          "sco": 0,
          "dco": 2097,
          "txt": "Harris"
        },
        {
          "si": 19,
          "sti": 1,
          "dti": 434,
          "sco": 7,
          "dco": 2104,
          "txt": "played"
        },
        {
          "si": 19,
          "sti": 2,
          "dti": 435,
          "sco": 14,
          "dco": 2111,
          "txt": "three"
        },
        {
          "si": 19,
          "sti": 3,
          "dti": 436,
          "sco": 20,
          "dco": 2117,
          "txt": "seasons"
        },
        {
          "si": 19,
          "sti": 4,
          "dti": 437,
          "sco": 28,
          "dco": 2125,
          "txt": "with"
        },
        {
          "si": 19,
          "sti": 5,
          "dti": 438,
          "sco": 33,
          "dco": 2130,
          "txt": "the"
        },
        {
          "si": 19,
          "sti": 6,
          "dti": 439,
          "sco": 37,
          "dco": 2134,
          "txt": "team"
        },
        {
          "si": 19,
          "sti": 7,
          "dti": 440,
          "sco": 42,
          "dco": 2139,
          "txt": "before"
        },
        {
          "si": 19,
          "sti": 8,
          "dti": 441,
          "sco": 49,
          "dco": 2146,
          "txt": "joining"
        },
        {
          "si": 19,
          "sti": 9,
          "dti": 442,
          "sco": 57,
          "dco": 2154,
          "txt": "Brierfield"
        },
        {
          "si": 19,
          "sti": 10,
          "dti": 443,
          "sco": 68,
          "dco": 2165,
          "txt": "Central"
        },
        {
          "si": 19,
          "sti": 11,
          "dti": 444,
          "sco": 76,
          "dco": 2173,
          "txt": "at"
        },
        {
          "si": 19,
          "sti": 12,
          "dti": 445,
          "sco": 79,
          "dco": 2176,
          "txt": "the"
        },
        {
          "si": 19,
          "sti": 13,
          "dti": 446,
          "sco": 83,
          "dco": 2180,
          "txt": "start"
        },
        {
          "si": 19,
          "sti": 14,
          "dti": 447,
          "sco": 89,
          "dco": 2186,
          "txt": "of"
        },
        {
          "si": 19,
          "sti": 15,
          "dti": 448,
          "sco": 92,
          "dco": 2189,
          "txt": "the"
        },
        {
          "si": 19,
          "sti": 16,
          "dti": 449,
          "sco": 96,
          "dco": 2193,
          "txt": "1931"
        },
        {
          "si": 19,
          "sti": 17,
          "dti": 450,
          "sco": 100,
          "dco": 2197,
          "txt": "–"
        },
        {
          "si": 19,
          "sti": 18,
          "dti": 451,
          "sco": 101,
          "dco": 2198,
          "txt": "32"
        },
        {
          "si": 19,
          "sti": 19,
          "dti": 452,
          "sco": 104,
          "dco": 2201,
          "txt": "campaign"
        },
        {
          "si": 19,
          "sti": 20,
          "dti": 453,
          "sco": 112,
          "dco": 2209,
          "txt": ","
        },
        {
          "si": 19,
          "sti": 21,
          "dti": 454,
          "sco": 114,
          "dco": 2211,
          "txt": "where"
        },
        {
          "si": 19,
          "sti": 22,
          "dti": 455,
          "sco": 120,
          "dco": 2217,
          "txt": "he"
        },
        {
          "si": 19,
          "sti": 23,
          "dti": 456,
          "sco": 123,
          "dco": 2220,
          "txt": "ended"
        },
        {
          "si": 19,
          "sti": 24,
          "dti": 457,
          "sco": 129,
          "dco": 2226,
          "txt": "his"
        },
        {
          "si": 19,
          "sti": 25,
          "dti": 458,
          "sco": 133,
          "dco": 2230,
          "txt": "career"
        },
        {
          "si": 19,
          "sti": 26,
          "dti": 459,
          "sco": 140,
          "dco": 2237,
          "txt": "some"
        },
        {
          "si": 19,
          "sti": 27,
          "dti": 460,
          "sco": 145,
          "dco": 2242,
          "txt": "time"
        },
        {
          "si": 19,
          "sti": 28,
          "dti": 461,
          "sco": 150,
          "dco": 2247,
          "txt": "later"
        },
        {
          "si": 19,
          "sti": 29,
          "dti": 462,
          "sco": 155,
          "dco": 2252,
          "txt": "."
        },
        {
          "si": 20,
          "sti": 0,
          "dti": 463,
          "sco": 0,
          "dco": 2254,
          "txt": "Style"
        },
        {
          "si": 20,
          "sti": 1,
          "dti": 464,
          "sco": 6,
          "dco": 2260,
          "txt": "of"
        },
        {
          "si": 20,
          "sti": 2,
          "dti": 465,
          "sco": 9,
          "dco": 2263,
          "txt": "play"
        },
        {
          "si": 20,
          "sti": 3,
          "dti": 466,
          "sco": 13,
          "dco": 2267,
          "txt": "."
        },
        {
          "si": 21,
          "sti": 0,
          "dti": 467,
          "sco": 0,
          "dco": 2269,
          "txt": "Courtesy"
        },
        {
          "si": 21,
          "sti": 1,
          "dti": 468,
          "sco": 9,
          "dco": 2278,
          "txt": "of"
        },
        {
          "si": 21,
          "sti": 2,
          "dti": 469,
          "sco": 12,
          "dco": 2281,
          "txt": "his"
        },
        {
          "si": 21,
          "sti": 3,
          "dti": 470,
          "sco": 16,
          "dco": 2285,
          "txt": "ability"
        },
        {
          "si": 21,
          "sti": 4,
          "dti": 471,
          "sco": 24,
          "dco": 2293,
          "txt": "with"
        },
        {
          "si": 21,
          "sti": 5,
          "dti": 472,
          "sco": 29,
          "dco": 2298,
          "txt": "both"
        },
        {
          "si": 21,
          "sti": 6,
          "dti": 473,
          "sco": 34,
          "dco": 2303,
          "txt": "feet"
        },
        {
          "si": 21,
          "sti": 7,
          "dti": 474,
          "sco": 38,
          "dco": 2307,
          "txt": ","
        },
        {
          "si": 21,
          "sti": 8,
          "dti": 475,
          "sco": 40,
          "dco": 2309,
          "txt": "Harris"
        },
        {
          "si": 21,
          "sti": 9,
          "dti": 476,
          "sco": 47,
          "dco": 2316,
          "txt": "was"
        },
        {
          "si": 21,
          "sti": 10,
          "dti": 477,
          "sco": 51,
          "dco": 2320,
          "txt": "able"
        },
        {
          "si": 21,
          "sti": 11,
          "dti": 478,
          "sco": 56,
          "dco": 2325,
          "txt": "to"
        },
        {
          "si": 21,
          "sti": 12,
          "dti": 479,
          "sco": 59,
          "dco": 2328,
          "txt": "play"
        },
        {
          "si": 21,
          "sti": 13,
          "dti": 480,
          "sco": 64,
          "dco": 2333,
          "txt": "in"
        },
        {
          "si": 21,
          "sti": 14,
          "dti": 481,
          "sco": 67,
          "dco": 2336,
          "txt": "a"
        },
        {
          "si": 21,
          "sti": 15,
          "dti": 482,
          "sco": 69,
          "dco": 2338,
          "txt": "number"
        },
        {
          "si": 21,
          "sti": 16,
          "dti": 483,
          "sco": 76,
          "dco": 2345,
          "txt": "of"
        },
        {
          "si": 21,
          "sti": 17,
          "dti": 484,
          "sco": 79,
          "dco": 2348,
          "txt": "positions"
        },
        {
          "si": 21,
          "sti": 18,
          "dti": 485,
          "sco": 89,
          "dco": 2358,
          "txt": "in"
        },
        {
          "si": 21,
          "sti": 19,
          "dti": 486,
          "sco": 92,
          "dco": 2361,
          "txt": "the"
        },
        {
          "si": 21,
          "sti": 20,
          "dti": 487,
          "sco": 96,
          "dco": 2365,
          "txt": "defense"
        },
        {
          "si": 21,
          "sti": 21,
          "dti": 488,
          "sco": 103,
          "dco": 2372,
          "txt": ","
        },
        {
          "si": 21,
          "sti": 22,
          "dti": 489,
          "sco": 105,
          "dco": 2374,
          "txt": "mostly"
        },
        {
          "si": 21,
          "sti": 23,
          "dti": 490,
          "sco": 112,
          "dco": 2381,
          "txt": "right"
        },
        {
          "si": 21,
          "sti": 24,
          "dti": 491,
          "sco": 117,
          "dco": 2386,
          "txt": "-"
        },
        {
          "si": 21,
          "sti": 25,
          "dti": 492,
          "sco": 118,
          "dco": 2387,
          "txt": "half"
        },
        {
          "si": 21,
          "sti": 26,
          "dti": 493,
          "sco": 123,
          "dco": 2392,
          "txt": "and"
        },
        {
          "si": 21,
          "sti": 27,
          "dti": 494,
          "sco": 127,
          "dco": 2396,
          "txt": "left"
        },
        {
          "si": 21,
          "sti": 28,
          "dti": 495,
          "sco": 131,
          "dco": 2400,
          "txt": "-"
        },
        {
          "si": 21,
          "sti": 29,
          "dti": 496,
          "sco": 132,
          "dco": 2401,
          "txt": "half"
        },
        {
          "si": 21,
          "sti": 30,
          "dti": 497,
          "sco": 136,
          "dco": 2405,
          "txt": ","
        },
        {
          "si": 21,
          "sti": 31,
          "dti": 498,
          "sco": 138,
          "dco": 2407,
          "txt": "although"
        },
        {
          "si": 21,
          "sti": 32,
          "dti": 499,
          "sco": 147,
          "dco": 2416,
          "txt": "he"
        },
        {
          "si": 21,
          "sti": 33,
          "dti": 500,
          "sco": 150,
          "dco": 2419,
          "txt": "occasionally"
        },
        {
          "si": 21,
          "sti": 34,
          "dti": 501,
          "sco": 163,
          "dco": 2432,
          "txt": "played"
        },
        {
          "si": 21,
          "sti": 35,
          "dti": 502,
          "sco": 170,
          "dco": 2439,
          "txt": "as"
        },
        {
          "si": 21,
          "sti": 36,
          "dti": 503,
          "sco": 173,
          "dco": 2442,
          "txt": "an"
        },
        {
          "si": 21,
          "sti": 37,
          "dti": 504,
          "sco": 176,
          "dco": 2445,
          "txt": "inside"
        },
        {
          "si": 21,
          "sti": 38,
          "dti": 505,
          "sco": 183,
          "dco": 2452,
          "txt": "forward"
        },
        {
          "si": 21,
          "sti": 39,
          "dti": 506,
          "sco": 190,
          "dco": 2459,
          "txt": "."
        },
        {
          "si": 22,
          "sti": 0,
          "dti": 507,
          "sco": 0,
          "dco": 2461,
          "txt": "He"
        },
        {
          "si": 22,
          "sti": 1,
          "dti": 508,
          "sco": 3,
          "dco": 2464,
          "txt": "was"
        },
        {
          "si": 22,
          "sti": 2,
          "dti": 509,
          "sco": 7,
          "dco": 2468,
          "txt": "described"
        },
        {
          "si": 22,
          "sti": 3,
          "dti": 510,
          "sco": 17,
          "dco": 2478,
          "txt": "as"
        },
        {
          "si": 22,
          "sti": 4,
          "dti": 511,
          "sco": 20,
          "dco": 2481,
          "txt": "being"
        },
        {
          "si": 22,
          "sti": 5,
          "dti": 512,
          "sco": 26,
          "dco": 2487,
          "txt": "a"
        },
        {
          "si": 22,
          "sti": 6,
          "dti": 513,
          "sco": 28,
          "dco": 2489,
          "txt": "\""
        },
        {
          "si": 22,
          "sti": 7,
          "dti": 514,
          "sco": 29,
          "dco": 2490,
          "txt": "clever"
        },
        {
          "si": 22,
          "sti": 8,
          "dti": 515,
          "sco": 36,
          "dco": 2497,
          "txt": "dribbler"
        },
        {
          "si": 22,
          "sti": 9,
          "dti": 516,
          "sco": 44,
          "dco": 2505,
          "txt": "\""
        },
        {
          "si": 22,
          "sti": 10,
          "dti": 517,
          "sco": 46,
          "dco": 2507,
          "txt": "and"
        },
        {
          "si": 22,
          "sti": 11,
          "dti": 518,
          "sco": 50,
          "dco": 2511,
          "txt": "a"
        },
        {
          "si": 22,
          "sti": 12,
          "dti": 519,
          "sco": 52,
          "dco": 2513,
          "txt": "\""
        },
        {
          "si": 22,
          "sti": 13,
          "dti": 520,
          "sco": 53,
          "dco": 2514,
          "txt": "perceptive"
        },
        {
          "si": 22,
          "sti": 14,
          "dti": 521,
          "sco": 64,
          "dco": 2525,
          "txt": "passer"
        },
        {
          "si": 22,
          "sti": 15,
          "dti": 522,
          "sco": 70,
          "dco": 2531,
          "txt": "\""
        },
        {
          "si": 22,
          "sti": 16,
          "dti": 523,
          "sco": 71,
          "dco": 2532,
          "txt": ","
        },
        {
          "si": 22,
          "sti": 17,
          "dti": 524,
          "sco": 73,
          "dco": 2534,
          "txt": "although"
        },
        {
          "si": 22,
          "sti": 18,
          "dti": 525,
          "sco": 82,
          "dco": 2543,
          "txt": "he"
        },
        {
          "si": 22,
          "sti": 19,
          "dti": 526,
          "sco": 85,
          "dco": 2546,
          "txt": "lacked"
        },
        {
          "si": 22,
          "sti": 20,
          "dti": 527,
          "sco": 92,
          "dco": 2553,
          "txt": "strength"
        },
        {
          "si": 22,
          "sti": 21,
          "dti": 528,
          "sco": 101,
          "dco": 2562,
          "txt": "due"
        },
        {
          "si": 22,
          "sti": 22,
          "dti": 529,
          "sco": 105,
          "dco": 2566,
          "txt": "to"
        },
        {
          "si": 22,
          "sti": 23,
          "dti": 530,
          "sco": 108,
          "dco": 2569,
          "txt": "being"
        },
        {
          "si": 22,
          "sti": 24,
          "dti": 531,
          "sco": 114,
          "dco": 2575,
          "txt": "relatively"
        },
        {
          "si": 22,
          "sti": 25,
          "dti": 532,
          "sco": 125,
          "dco": 2586,
          "txt": "short"
        },
        {
          "si": 22,
          "sti": 26,
          "dti": 533,
          "sco": 130,
          "dco": 2591,
          "txt": "."
        }
      ]
    },
    "ganns": {
      "dla": [],
      "la": [],
      "ea": [],
      "eta": [
        {
          "ra": {
            "ea": {
              "etn": "Ambrose_Harris"
            }
          },
          "sfs": [
            [
              {
                "stn": "birthYear"
              },
              {
                "dla": {
                  "txt": {
                    "sff": "1902"
                  },
                  "et": {
                    "etn": "BirthYear"
                  },
                  "dp": {
                    "off": 43
                  }
                }
              }
            ],
            [
              {
                "stn": "deathYear"
              },
              {
                "dla": {
                  "txt": {
                    "sff": "1952"
                  },
                  "et": {
                    "etn": "DeathYear"
                  },
                  "dp": {
                    "off": 50
                  }
                }
              }
            ]
          ],
          "mfs": [
            [
              {
                "stn": "position"
              },
              {
                "dla": [],
                "la": [],
                "ea": [
                  {
                    "etn": "Defender_(association_football)"
                  }
                ],
                "eta": []
              }
            ],
            [
              {
                "stn": "team"
              },
              {
                "dla": [],
                "la": [],
                "ea": [
                  {
                    "etn": "Briercliffe"
                  },
                  {
                    "etn": "Nelson_F.C."
                  },
                  {
                    "etn": "Barnoldswick_Town_F.C."
                  }
                ],
                "eta": []
              }
            ],
            [
              {
                "stn": "birthPlace"
              },
              {
                "dla": [],
                "la": [],
                "ea": [
                  {
                    "etn": "Briercliffe"
                  }
                ],
                "eta": []
              }
            ]
          ]
        }
      ]
    }
  }
]
