[
  {
    "context": "TEST",
    "doc": {
      "id": "Andrew_Cant_(footballer)",
      "tl": [
        {
          "si": 0,
          "sti": 0,
          "dti": 0,
          "sco": 0,
          "dco": 0,
          "txt": "Andrew"
        },
        {
          "si": 0,
          "sti": 1,
          "dti": 1,
          "sco": 7,
          "dco": 7,
          "txt": "Cant"
        },
        {
          "si": 0,
          "sti": 2,
          "dti": 2,
          "sco": 12,
          "dco": 12,
          "txt": "("
        },
        {
          "si": 0,
          "sti": 3,
          "dti": 3,
          "sco": 13,
          "dco": 13,
          "txt": "footballer"
        },
        {
          "si": 0,
          "sti": 4,
          "dti": 4,
          "sco": 23,
          "dco": 23,
          "txt": ")"
        },
        {
          "si": 0,
          "sti": 5,
          "dti": 5,
          "sco": 24,
          "dco": 24,
          "txt": "."
        },
        {
          "si": 1,
          "sti": 0,
          "dti": 6,
          "sco": 0,
          "dco": 26,
          "txt": "Andrew"
        },
        {
          "si": 1,
          "sti": 1,
          "dti": 7,
          "sco": 7,
          "dco": 33,
          "txt": "Cant"
        },
        {
          "si": 1,
          "sti": 2,
          "dti": 8,
          "sco": 12,
          "dco": 38,
          "txt": "("
        },
        {
          "si": 1,
          "sti": 3,
          "dti": 9,
          "sco": 13,
          "dco": 39,
          "txt": "born"
        },
        {
          "si": 1,
          "sti": 4,
          "dti": 10,
          "sco": 18,
          "dco": 44,
          "txt": "1899"
        },
        {
          "si": 1,
          "sti": 5,
          "dti": 11,
          "sco": 22,
          "dco": 48,
          "txt": ")"
        },
        {
          "si": 1,
          "sti": 6,
          "dti": 12,
          "sco": 24,
          "dco": 50,
          "txt": "was"
        },
        {
          "si": 1,
          "sti": 7,
          "dti": 13,
          "sco": 28,
          "dco": 54,
          "txt": "a"
        },
        {
          "si": 1,
          "sti": 8,
          "dti": 14,
          "sco": 30,
          "dco": 56,
          "txt": "Scottish"
        },
        {
          "si": 1,
          "sti": 9,
          "dti": 15,
          "sco": 39,
          "dco": 65,
          "txt": "professional"
        },
        {
          "si": 1,
          "sti": 10,
          "dti": 16,
          "sco": 52,
          "dco": 78,
          "txt": "footballer"
        },
        {
          "si": 1,
          "sti": 11,
          "dti": 17,
          "sco": 63,
          "dco": 89,
          "txt": "who"
        },
        {
          "si": 1,
          "sti": 12,
          "dti": 18,
          "sco": 67,
          "dco": 93,
          "txt": "played"
        },
        {
          "si": 1,
          "sti": 13,
          "dti": 19,
          "sco": 74,
          "dco": 100,
          "txt": "as"
        },
        {
          "si": 1,
          "sti": 14,
          "dti": 20,
          "sco": 77,
          "dco": 103,
          "txt": "a"
        },
        {
          "si": 1,
          "sti": 15,
          "dti": 21,
          "sco": 79,
          "dco": 105,
          "txt": "centre"
        },
        {
          "si": 1,
          "sti": 16,
          "dti": 22,
          "sco": 86,
          "dco": 112,
          "txt": "forward"
        },
        {
          "si": 1,
          "sti": 17,
          "dti": 23,
          "sco": 93,
          "dco": 119,
          "txt": "."
        },
        {
          "si": 2,
          "sti": 0,
          "dti": 24,
          "sco": 0,
          "dco": 121,
          "txt": "Career"
        },
        {
          "si": 2,
          "sti": 1,
          "dti": 25,
          "sco": 6,
          "dco": 127,
          "txt": "."
        },
        {
          "si": 3,
          "sti": 0,
          "dti": 26,
          "sco": 0,
          "dco": 129,
          "txt": "Born"
        },
        {
          "si": 3,
          "sti": 1,
          "dti": 27,
          "sco": 5,
          "dco": 134,
          "txt": "in"
        },
        {
          "si": 3,
          "sti": 2,
          "dti": 28,
          "sco": 8,
          "dco": 137,
          "txt": "Glasgow"
        },
        {
          "si": 3,
          "sti": 3,
          "dti": 29,
          "sco": 15,
          "dco": 144,
          "txt": ","
        },
        {
          "si": 3,
          "sti": 4,
          "dti": 30,
          "sco": 17,
          "dco": 146,
          "txt": "Cant"
        },
        {
          "si": 3,
          "sti": 5,
          "dti": 31,
          "sco": 22,
          "dco": 151,
          "txt": "played"
        },
        {
          "si": 3,
          "sti": 6,
          "dti": 32,
          "sco": 29,
          "dco": 158,
          "txt": "for"
        },
        {
          "si": 3,
          "sti": 7,
          "dti": 33,
          "sco": 33,
          "dco": 162,
          "txt": "East"
        },
        {
          "si": 3,
          "sti": 8,
          "dti": 34,
          "sco": 38,
          "dco": 167,
          "txt": "Fife"
        },
        {
          "si": 3,
          "sti": 9,
          "dti": 35,
          "sco": 43,
          "dco": 172,
          "txt": "and"
        },
        {
          "si": 3,
          "sti": 10,
          "dti": 36,
          "sco": 47,
          "dco": 176,
          "txt": "Bradford"
        },
        {
          "si": 3,
          "sti": 11,
          "dti": 37,
          "sco": 56,
          "dco": 185,
          "txt": "City"
        },
        {
          "si": 3,
          "sti": 12,
          "dti": 38,
          "sco": 60,
          "dco": 189,
          "txt": "."
        },
        {
          "si": 4,
          "sti": 0,
          "dti": 39,
          "sco": 0,
          "dco": 191,
          "txt": "For"
        },
        {
          "si": 4,
          "sti": 1,
          "dti": 40,
          "sco": 4,
          "dco": 195,
          "txt": "Bradford"
        },
        {
          "si": 4,
          "sti": 2,
          "dti": 41,
          "sco": 13,
          "dco": 204,
          "txt": "City"
        },
        {
          "si": 4,
          "sti": 3,
          "dti": 42,
          "sco": 17,
          "dco": 208,
          "txt": ","
        },
        {
          "si": 4,
          "sti": 4,
          "dti": 43,
          "sco": 19,
          "dco": 210,
          "txt": "he"
        },
        {
          "si": 4,
          "sti": 5,
          "dti": 44,
          "sco": 22,
          "dco": 213,
          "txt": "made"
        },
        {
          "si": 4,
          "sti": 6,
          "dti": 45,
          "sco": 27,
          "dco": 218,
          "txt": "14"
        },
        {
          "si": 4,
          "sti": 7,
          "dti": 46,
          "sco": 30,
          "dco": 221,
          "txt": "appearances"
        },
        {
          "si": 4,
          "sti": 8,
          "dti": 47,
          "sco": 42,
          "dco": 233,
          "txt": "in"
        },
        {
          "si": 4,
          "sti": 9,
          "dti": 48,
          "sco": 45,
          "dco": 236,
          "txt": "the"
        },
        {
          "si": 4,
          "sti": 10,
          "dti": 49,
          "sco": 49,
          "dco": 240,
          "txt": "Football"
        },
        {
          "si": 4,
          "sti": 11,
          "dti": 50,
          "sco": 58,
          "dco": 249,
          "txt": "League"
        },
        {
          "si": 4,
          "sti": 12,
          "dti": 51,
          "sco": 64,
          "dco": 255,
          "txt": ","
        },
        {
          "si": 4,
          "sti": 13,
          "dti": 52,
          "sco": 66,
          "dco": 257,
          "txt": "scoring"
        },
        {
          "si": 4,
          "sti": 14,
          "dti": 53,
          "sco": 74,
          "dco": 265,
          "txt": "three"
        },
        {
          "si": 4,
          "sti": 15,
          "dti": 54,
          "sco": 80,
          "dco": 271,
          "txt": "goals"
        },
        {
          "si": 4,
          "sti": 16,
          "dti": 55,
          "sco": 85,
          "dco": 276,
          "txt": ";"
        },
        {
          "si": 4,
          "sti": 17,
          "dti": 56,
          "sco": 87,
          "dco": 278,
          "txt": "he"
        },
        {
          "si": 4,
          "sti": 18,
          "dti": 57,
          "sco": 90,
          "dco": 281,
          "txt": "also"
        },
        {
          "si": 4,
          "sti": 19,
          "dti": 58,
          "sco": 95,
          "dco": 286,
          "txt": "made"
        },
        {
          "si": 4,
          "sti": 20,
          "dti": 59,
          "sco": 100,
          "dco": 291,
          "txt": "1"
        },
        {
          "si": 4,
          "sti": 21,
          "dti": 60,
          "sco": 102,
          "dco": 293,
          "txt": "appearance"
        },
        {
          "si": 4,
          "sti": 22,
          "dti": 61,
          "sco": 113,
          "dco": 304,
          "txt": "in"
        },
        {
          "si": 4,
          "sti": 23,
          "dti": 62,
          "sco": 116,
          "dco": 307,
          "txt": "the"
        },
        {
          "si": 4,
          "sti": 24,
          "dti": 63,
          "sco": 120,
          "dco": 311,
          "txt": "FA"
        },
        {
          "si": 4,
          "sti": 25,
          "dti": 64,
          "sco": 123,
          "dco": 314,
          "txt": "Cup"
        },
        {
          "si": 4,
          "sti": 26,
          "dti": 65,
          "sco": 126,
          "dco": 317,
          "txt": "."
        }
      ]
    },
    "ganns": {
      "dla": [],
      "la": [],
      "ea": [],
      "eta": [
        {
          "ra": {
            "ea": {
              "etn": "Andrew_Cant_(footballer)"
            }
          },
          "sfs": [
            [
              {
                "stn": "birthYear"
              },
              {
                "dla": {
                  "txt": {
                    "sff": "1899"
                  },
                  "et": {
                    "etn": "BirthYear"
                  },
                  "dp": {
                    "off": 44
                  }
                }
              }
            ],
            [
              {
                "stn": "deathYear"
              },
              {}
            ]
          ],
          "mfs": [
            [
              {
                "stn": "position"
              },
              {
                "dla": [],
                "la": [],
                "ea": [
                  {
                    "etn": "Forward_(association_football)"
                  }
                ],
                "eta": []
              }
            ],
            [
              {
                "stn": "team"
              },
              {
                "dla": [],
                "la": [],
                "ea": [
                  {
                    "etn": "East_Fife_F.C."
                  },
                  {
                    "etn": "Bradford_City_A.F.C."
                  }
                ],
                "eta": []
              }
            ],
            [
              {
                "stn": "birthPlace"
              },
              {
                "dla": [],
                "la": [],
                "ea": [
                  {
                    "etn": "Glasgow"
                  }
                ],
                "eta": []
              }
            ]
          ]
        }
      ]
    }
  }
]
