[
  {
    "context": "DEVELOPMENT",
    "doc": {
      "id": "Andy_Collett",
      "tl": [
        {
          "si": 0,
          "sti": 0,
          "dti": 0,
          "sco": 0,
          "dco": 0,
          "txt": "Andy"
        },
        {
          "si": 0,
          "sti": 1,
          "dti": 1,
          "sco": 5,
          "dco": 5,
          "txt": "Collett"
        },
        {
          "si": 0,
          "sti": 2,
          "dti": 2,
          "sco": 12,
          "dco": 12,
          "txt": "."
        },
        {
          "si": 1,
          "sti": 0,
          "dti": 3,
          "sco": 0,
          "dco": 14,
          "txt": "Andrew"
        },
        {
          "si": 1,
          "sti": 1,
          "dti": 4,
          "sco": 7,
          "dco": 21,
          "txt": "Alfred"
        },
        {
          "si": 1,
          "sti": 2,
          "dti": 5,
          "sco": 14,
          "dco": 28,
          "txt": "\""
        },
        {
          "si": 1,
          "sti": 3,
          "dti": 6,
          "sco": 15,
          "dco": 29,
          "txt": "Andy"
        },
        {
          "si": 1,
          "sti": 4,
          "dti": 7,
          "sco": 19,
          "dco": 33,
          "txt": "\""
        },
        {
          "si": 1,
          "sti": 5,
          "dti": 8,
          "sco": 21,
          "dco": 35,
          "txt": "Collett"
        },
        {
          "si": 1,
          "sti": 6,
          "dti": 9,
          "sco": 29,
          "dco": 43,
          "txt": "("
        },
        {
          "si": 1,
          "sti": 7,
          "dti": 10,
          "sco": 30,
          "dco": 44,
          "txt": "born"
        },
        {
          "si": 1,
          "sti": 8,
          "dti": 11,
          "sco": 35,
          "dco": 49,
          "txt": "28"
        },
        {
          "si": 1,
          "sti": 9,
          "dti": 12,
          "sco": 38,
          "dco": 52,
          "txt": "October"
        },
        {
          "si": 1,
          "sti": 10,
          "dti": 13,
          "sco": 46,
          "dco": 60,
          "txt": "1973"
        },
        {
          "si": 1,
          "sti": 11,
          "dti": 14,
          "sco": 50,
          "dco": 64,
          "txt": ")"
        },
        {
          "si": 1,
          "sti": 12,
          "dti": 15,
          "sco": 52,
          "dco": 66,
          "txt": "is"
        },
        {
          "si": 1,
          "sti": 13,
          "dti": 16,
          "sco": 55,
          "dco": 69,
          "txt": "a"
        },
        {
          "si": 1,
          "sti": 14,
          "dti": 17,
          "sco": 57,
          "dco": 71,
          "txt": "retired"
        },
        {
          "si": 1,
          "sti": 15,
          "dti": 18,
          "sco": 65,
          "dco": 79,
          "txt": "English"
        },
        {
          "si": 1,
          "sti": 16,
          "dti": 19,
          "sco": 73,
          "dco": 87,
          "txt": "professional"
        },
        {
          "si": 1,
          "sti": 17,
          "dti": 20,
          "sco": 86,
          "dco": 100,
          "txt": "goalkeeper"
        },
        {
          "si": 1,
          "sti": 18,
          "dti": 21,
          "sco": 96,
          "dco": 110,
          "txt": "."
        },
        {
          "si": 2,
          "sti": 0,
          "dti": 22,
          "sco": 0,
          "dco": 112,
          "txt": "He"
        },
        {
          "si": 2,
          "sti": 1,
          "dti": 23,
          "sco": 3,
          "dco": 115,
          "txt": "is"
        },
        {
          "si": 2,
          "sti": 2,
          "dti": 24,
          "sco": 6,
          "dco": 118,
          "txt": "currently"
        },
        {
          "si": 2,
          "sti": 3,
          "dti": 25,
          "sco": 16,
          "dco": 128,
          "txt": "the"
        },
        {
          "si": 2,
          "sti": 4,
          "dti": 26,
          "sco": 20,
          "dco": 132,
          "txt": "goalkeeping"
        },
        {
          "si": 2,
          "sti": 5,
          "dti": 27,
          "sco": 32,
          "dco": 144,
          "txt": "coach"
        },
        {
          "si": 2,
          "sti": 6,
          "dti": 28,
          "sco": 38,
          "dco": 150,
          "txt": "at"
        },
        {
          "si": 2,
          "sti": 7,
          "dti": 29,
          "sco": 41,
          "dco": 153,
          "txt": "York"
        },
        {
          "si": 2,
          "sti": 8,
          "dti": 30,
          "sco": 46,
          "dco": 158,
          "txt": "City"
        },
        {
          "si": 2,
          "sti": 9,
          "dti": 31,
          "sco": 51,
          "dco": 163,
          "txt": "F"
        },
        {
          "si": 2,
          "sti": 10,
          "dti": 32,
          "sco": 52,
          "dco": 164,
          "txt": "."
        },
        {
          "si": 2,
          "sti": 11,
          "dti": 33,
          "sco": 53,
          "dco": 165,
          "txt": "C"
        },
        {
          "si": 2,
          "sti": 12,
          "dti": 34,
          "sco": 54,
          "dco": 166,
          "txt": "."
        },
        {
          "si": 2,
          "sti": 13,
          "dti": 35,
          "sco": 55,
          "dco": 167,
          "txt": "."
        },
        {
          "si": 3,
          "sti": 0,
          "dti": 36,
          "sco": 0,
          "dco": 169,
          "txt": "Collett"
        },
        {
          "si": 3,
          "sti": 1,
          "dti": 37,
          "sco": 7,
          "dco": 176,
          "txt": ","
        },
        {
          "si": 3,
          "sti": 2,
          "dti": 38,
          "sco": 9,
          "dco": 178,
          "txt": "born"
        },
        {
          "si": 3,
          "sti": 3,
          "dti": 39,
          "sco": 14,
          "dco": 183,
          "txt": "in"
        },
        {
          "si": 3,
          "sti": 4,
          "dti": 40,
          "sco": 17,
          "dco": 186,
          "txt": "Stockton"
        },
        {
          "si": 3,
          "sti": 5,
          "dti": 41,
          "sco": 25,
          "dco": 194,
          "txt": "-"
        },
        {
          "si": 3,
          "sti": 6,
          "dti": 42,
          "sco": 26,
          "dco": 195,
          "txt": "on"
        },
        {
          "si": 3,
          "sti": 7,
          "dti": 43,
          "sco": 28,
          "dco": 197,
          "txt": "-"
        },
        {
          "si": 3,
          "sti": 8,
          "dti": 44,
          "sco": 29,
          "dco": 198,
          "txt": "Tees"
        },
        {
          "si": 3,
          "sti": 9,
          "dti": 45,
          "sco": 33,
          "dco": 202,
          "txt": ","
        },
        {
          "si": 3,
          "sti": 10,
          "dti": 46,
          "sco": 35,
          "dco": 204,
          "txt": "was"
        },
        {
          "si": 3,
          "sti": 11,
          "dti": 47,
          "sco": 39,
          "dco": 208,
          "txt": "the"
        },
        {
          "si": 3,
          "sti": 12,
          "dti": 48,
          "sco": 43,
          "dco": 212,
          "txt": "son"
        },
        {
          "si": 3,
          "sti": 13,
          "dti": 49,
          "sco": 47,
          "dco": 216,
          "txt": "of"
        },
        {
          "si": 3,
          "sti": 14,
          "dti": 50,
          "sco": 50,
          "dco": 219,
          "txt": "a"
        },
        {
          "si": 3,
          "sti": 15,
          "dti": 51,
          "sco": 52,
          "dco": 221,
          "txt": "demolition"
        },
        {
          "si": 3,
          "sti": 16,
          "dti": 52,
          "sco": 63,
          "dco": 232,
          "txt": "worker"
        },
        {
          "si": 3,
          "sti": 17,
          "dti": 53,
          "sco": 69,
          "dco": 238,
          "txt": "."
        },
        {
          "si": 4,
          "sti": 0,
          "dti": 54,
          "sco": 0,
          "dco": 240,
          "txt": "He"
        },
        {
          "si": 4,
          "sti": 1,
          "dti": 55,
          "sco": 3,
          "dco": 243,
          "txt": "began"
        },
        {
          "si": 4,
          "sti": 2,
          "dti": 56,
          "sco": 9,
          "dco": 249,
          "txt": "his"
        },
        {
          "si": 4,
          "sti": 3,
          "dti": 57,
          "sco": 13,
          "dco": 253,
          "txt": "career"
        },
        {
          "si": 4,
          "sti": 4,
          "dti": 58,
          "sco": 20,
          "dco": 260,
          "txt": "at"
        },
        {
          "si": 4,
          "sti": 5,
          "dti": 59,
          "sco": 23,
          "dco": 263,
          "txt": "his"
        },
        {
          "si": 4,
          "sti": 6,
          "dti": 60,
          "sco": 27,
          "dco": 267,
          "txt": "home"
        },
        {
          "si": 4,
          "sti": 7,
          "dti": 61,
          "sco": 31,
          "dco": 271,
          "txt": "-"
        },
        {
          "si": 4,
          "sti": 8,
          "dti": 62,
          "sco": 32,
          "dco": 272,
          "txt": "town"
        },
        {
          "si": 4,
          "sti": 9,
          "dti": 63,
          "sco": 37,
          "dco": 277,
          "txt": "club"
        },
        {
          "si": 4,
          "sti": 10,
          "dti": 64,
          "sco": 41,
          "dco": 281,
          "txt": ","
        },
        {
          "si": 4,
          "sti": 11,
          "dti": 65,
          "sco": 43,
          "dco": 283,
          "txt": "Middlesbrough"
        },
        {
          "si": 4,
          "sti": 12,
          "dti": 66,
          "sco": 57,
          "dco": 297,
          "txt": "F"
        },
        {
          "si": 4,
          "sti": 13,
          "dti": 67,
          "sco": 58,
          "dco": 298,
          "txt": "."
        },
        {
          "si": 4,
          "sti": 14,
          "dti": 68,
          "sco": 59,
          "dco": 299,
          "txt": "C"
        },
        {
          "si": 4,
          "sti": 15,
          "dti": 69,
          "sco": 60,
          "dco": 300,
          "txt": "."
        },
        {
          "si": 4,
          "sti": 16,
          "dti": 70,
          "sco": 61,
          "dco": 301,
          "txt": ","
        },
        {
          "si": 4,
          "sti": 17,
          "dti": 71,
          "sco": 63,
          "dco": 303,
          "txt": "for"
        },
        {
          "si": 4,
          "sti": 18,
          "dti": 72,
          "sco": 67,
          "dco": 307,
          "txt": "whom"
        },
        {
          "si": 4,
          "sti": 19,
          "dti": 73,
          "sco": 72,
          "dco": 312,
          "txt": "he"
        },
        {
          "si": 4,
          "sti": 20,
          "dti": 74,
          "sco": 75,
          "dco": 315,
          "txt": "made"
        },
        {
          "si": 4,
          "sti": 21,
          "dti": 75,
          "sco": 80,
          "dco": 320,
          "txt": "only"
        },
        {
          "si": 4,
          "sti": 22,
          "dti": 76,
          "sco": 85,
          "dco": 325,
          "txt": "two"
        },
        {
          "si": 4,
          "sti": 23,
          "dti": 77,
          "sco": 89,
          "dco": 329,
          "txt": "first"
        },
        {
          "si": 4,
          "sti": 24,
          "dti": 78,
          "sco": 94,
          "dco": 334,
          "txt": "-"
        },
        {
          "si": 4,
          "sti": 25,
          "dti": 79,
          "sco": 95,
          "dco": 335,
          "txt": "team"
        },
        {
          "si": 4,
          "sti": 26,
          "dti": 80,
          "sco": 100,
          "dco": 340,
          "txt": "appearances"
        },
        {
          "si": 4,
          "sti": 27,
          "dti": 81,
          "sco": 111,
          "dco": 351,
          "txt": "."
        },
        {
          "si": 5,
          "sti": 0,
          "dti": 82,
          "sco": 0,
          "dco": 353,
          "txt": "He"
        },
        {
          "si": 5,
          "sti": 1,
          "dti": 83,
          "sco": 3,
          "dco": 356,
          "txt": "then"
        },
        {
          "si": 5,
          "sti": 2,
          "dti": 84,
          "sco": 8,
          "dco": 361,
          "txt": "moved"
        },
        {
          "si": 5,
          "sti": 3,
          "dti": 85,
          "sco": 14,
          "dco": 367,
          "txt": "south"
        },
        {
          "si": 5,
          "sti": 4,
          "dti": 86,
          "sco": 20,
          "dco": 373,
          "txt": "to"
        },
        {
          "si": 5,
          "sti": 5,
          "dti": 87,
          "sco": 23,
          "dco": 376,
          "txt": "Bristol"
        },
        {
          "si": 5,
          "sti": 6,
          "dti": 88,
          "sco": 31,
          "dco": 384,
          "txt": "Rovers"
        },
        {
          "si": 5,
          "sti": 7,
          "dti": 89,
          "sco": 37,
          "dco": 390,
          "txt": ","
        },
        {
          "si": 5,
          "sti": 8,
          "dti": 90,
          "sco": 39,
          "dco": 392,
          "txt": "where"
        },
        {
          "si": 5,
          "sti": 9,
          "dti": 91,
          "sco": 45,
          "dco": 398,
          "txt": "he"
        },
        {
          "si": 5,
          "sti": 10,
          "dti": 92,
          "sco": 48,
          "dco": 401,
          "txt": "remained"
        },
        {
          "si": 5,
          "sti": 11,
          "dti": 93,
          "sco": 57,
          "dco": 410,
          "txt": "for"
        },
        {
          "si": 5,
          "sti": 12,
          "dti": 94,
          "sco": 61,
          "dco": 414,
          "txt": "five"
        },
        {
          "si": 5,
          "sti": 13,
          "dti": 95,
          "sco": 66,
          "dco": 419,
          "txt": "years"
        },
        {
          "si": 5,
          "sti": 14,
          "dti": 96,
          "sco": 72,
          "dco": 425,
          "txt": "before"
        },
        {
          "si": 5,
          "sti": 15,
          "dti": 97,
          "sco": 79,
          "dco": 432,
          "txt": "moving"
        },
        {
          "si": 5,
          "sti": 16,
          "dti": 98,
          "sco": 86,
          "dco": 439,
          "txt": "on"
        },
        {
          "si": 5,
          "sti": 17,
          "dti": 99,
          "sco": 89,
          "dco": 442,
          "txt": "to"
        },
        {
          "si": 5,
          "sti": 18,
          "dti": 100,
          "sco": 92,
          "dco": 445,
          "txt": "Darlington"
        },
        {
          "si": 5,
          "sti": 19,
          "dti": 101,
          "sco": 102,
          "dco": 455,
          "txt": "."
        },
        {
          "si": 6,
          "sti": 0,
          "dti": 102,
          "sco": 0,
          "dco": 457,
          "txt": "He"
        },
        {
          "si": 6,
          "sti": 1,
          "dti": 103,
          "sco": 3,
          "dco": 460,
          "txt": "stayed"
        },
        {
          "si": 6,
          "sti": 2,
          "dti": 104,
          "sco": 10,
          "dco": 467,
          "txt": "at"
        },
        {
          "si": 6,
          "sti": 3,
          "dti": 105,
          "sco": 13,
          "dco": 470,
          "txt": "Darlington"
        },
        {
          "si": 6,
          "sti": 4,
          "dti": 106,
          "sco": 24,
          "dco": 481,
          "txt": "for"
        },
        {
          "si": 6,
          "sti": 5,
          "dti": 107,
          "sco": 28,
          "dco": 485,
          "txt": "five"
        },
        {
          "si": 6,
          "sti": 6,
          "dti": 108,
          "sco": 33,
          "dco": 490,
          "txt": "years"
        },
        {
          "si": 6,
          "sti": 7,
          "dti": 109,
          "sco": 38,
          "dco": 495,
          "txt": ","
        },
        {
          "si": 6,
          "sti": 8,
          "dti": 110,
          "sco": 40,
          "dco": 497,
          "txt": "before"
        },
        {
          "si": 6,
          "sti": 9,
          "dti": 111,
          "sco": 47,
          "dco": 504,
          "txt": "his"
        },
        {
          "si": 6,
          "sti": 10,
          "dti": 112,
          "sco": 51,
          "dco": 508,
          "txt": "career"
        },
        {
          "si": 6,
          "sti": 11,
          "dti": 113,
          "sco": 58,
          "dco": 515,
          "txt": "was"
        },
        {
          "si": 6,
          "sti": 12,
          "dti": 114,
          "sco": 62,
          "dco": 519,
          "txt": "cut"
        },
        {
          "si": 6,
          "sti": 13,
          "dti": 115,
          "sco": 66,
          "dco": 523,
          "txt": "short"
        },
        {
          "si": 6,
          "sti": 14,
          "dti": 116,
          "sco": 72,
          "dco": 529,
          "txt": "because"
        },
        {
          "si": 6,
          "sti": 15,
          "dti": 117,
          "sco": 80,
          "dco": 537,
          "txt": "of"
        },
        {
          "si": 6,
          "sti": 16,
          "dti": 118,
          "sco": 83,
          "dco": 540,
          "txt": "a"
        },
        {
          "si": 6,
          "sti": 17,
          "dti": 119,
          "sco": 85,
          "dco": 542,
          "txt": "shoulder"
        },
        {
          "si": 6,
          "sti": 18,
          "dti": 120,
          "sco": 94,
          "dco": 551,
          "txt": "injury"
        },
        {
          "si": 6,
          "sti": 19,
          "dti": 121,
          "sco": 100,
          "dco": 557,
          "txt": "."
        },
        {
          "si": 7,
          "sti": 0,
          "dti": 122,
          "sco": 0,
          "dco": 559,
          "txt": "In"
        },
        {
          "si": 7,
          "sti": 1,
          "dti": 123,
          "sco": 3,
          "dco": 562,
          "txt": "2000"
        },
        {
          "si": 7,
          "sti": 2,
          "dti": 124,
          "sco": 7,
          "dco": 566,
          "txt": ","
        },
        {
          "si": 7,
          "sti": 3,
          "dti": 125,
          "sco": 9,
          "dco": 568,
          "txt": "Collett"
        },
        {
          "si": 7,
          "sti": 4,
          "dti": 126,
          "sco": 17,
          "dco": 576,
          "txt": "played"
        },
        {
          "si": 7,
          "sti": 5,
          "dti": 127,
          "sco": 24,
          "dco": 583,
          "txt": "a"
        },
        {
          "si": 7,
          "sti": 6,
          "dti": 128,
          "sco": 26,
          "dco": 585,
          "txt": "vital"
        },
        {
          "si": 7,
          "sti": 7,
          "dti": 129,
          "sco": 32,
          "dco": 591,
          "txt": "role"
        },
        {
          "si": 7,
          "sti": 8,
          "dti": 130,
          "sco": 37,
          "dco": 596,
          "txt": "in"
        },
        {
          "si": 7,
          "sti": 9,
          "dti": 131,
          "sco": 40,
          "dco": 599,
          "txt": "helping"
        },
        {
          "si": 7,
          "sti": 10,
          "dti": 132,
          "sco": 48,
          "dco": 607,
          "txt": "Darlington"
        },
        {
          "si": 7,
          "sti": 11,
          "dti": 133,
          "sco": 59,
          "dco": 618,
          "txt": "reach"
        },
        {
          "si": 7,
          "sti": 12,
          "dti": 134,
          "sco": 65,
          "dco": 624,
          "txt": "the"
        },
        {
          "si": 7,
          "sti": 13,
          "dti": 135,
          "sco": 69,
          "dco": 628,
          "txt": "Division"
        },
        {
          "si": 7,
          "sti": 14,
          "dti": 136,
          "sco": 78,
          "dco": 637,
          "txt": "Three"
        },
        {
          "si": 7,
          "sti": 15,
          "dti": 137,
          "sco": 84,
          "dco": 643,
          "txt": "play"
        },
        {
          "si": 7,
          "sti": 16,
          "dti": 138,
          "sco": 88,
          "dco": 647,
          "txt": "-"
        },
        {
          "si": 7,
          "sti": 17,
          "dti": 139,
          "sco": 89,
          "dco": 648,
          "txt": "off"
        },
        {
          "si": 7,
          "sti": 18,
          "dti": 140,
          "sco": 93,
          "dco": 652,
          "txt": "final"
        },
        {
          "si": 7,
          "sti": 19,
          "dti": 141,
          "sco": 98,
          "dco": 657,
          "txt": ","
        },
        {
          "si": 7,
          "sti": 20,
          "dti": 142,
          "sco": 100,
          "dco": 659,
          "txt": "where"
        },
        {
          "si": 7,
          "sti": 21,
          "dti": 143,
          "sco": 106,
          "dco": 665,
          "txt": "they"
        },
        {
          "si": 7,
          "sti": 22,
          "dti": 144,
          "sco": 111,
          "dco": 670,
          "txt": "lost"
        },
        {
          "si": 7,
          "sti": 23,
          "dti": 145,
          "sco": 116,
          "dco": 675,
          "txt": "to"
        },
        {
          "si": 7,
          "sti": 24,
          "dti": 146,
          "sco": 119,
          "dco": 678,
          "txt": "Peterborough"
        },
        {
          "si": 7,
          "sti": 25,
          "dti": 147,
          "sco": 132,
          "dco": 691,
          "txt": "United"
        },
        {
          "si": 7,
          "sti": 26,
          "dti": 148,
          "sco": 138,
          "dco": 697,
          "txt": "."
        },
        {
          "si": 8,
          "sti": 0,
          "dti": 149,
          "sco": 0,
          "dco": 699,
          "txt": "He"
        },
        {
          "si": 8,
          "sti": 1,
          "dti": 150,
          "sco": 3,
          "dco": 702,
          "txt": "was"
        },
        {
          "si": 8,
          "sti": 2,
          "dti": 151,
          "sco": 7,
          "dco": 706,
          "txt": "rewarded"
        },
        {
          "si": 8,
          "sti": 3,
          "dti": 152,
          "sco": 16,
          "dco": 715,
          "txt": "for"
        },
        {
          "si": 8,
          "sti": 4,
          "dti": 153,
          "sco": 20,
          "dco": 719,
          "txt": "a"
        },
        {
          "si": 8,
          "sti": 5,
          "dti": 154,
          "sco": 22,
          "dco": 721,
          "txt": "consistent"
        },
        {
          "si": 8,
          "sti": 6,
          "dti": 155,
          "sco": 33,
          "dco": 732,
          "txt": "season"
        },
        {
          "si": 8,
          "sti": 7,
          "dti": 156,
          "sco": 40,
          "dco": 739,
          "txt": "and"
        },
        {
          "si": 8,
          "sti": 8,
          "dti": 157,
          "sco": 44,
          "dco": 743,
          "txt": "some"
        },
        {
          "si": 8,
          "sti": 9,
          "dti": 158,
          "sco": 49,
          "dco": 748,
          "txt": "extravagant"
        },
        {
          "si": 8,
          "sti": 10,
          "dti": 159,
          "sco": 61,
          "dco": 760,
          "txt": "saves"
        },
        {
          "si": 8,
          "sti": 11,
          "dti": 160,
          "sco": 67,
          "dco": 766,
          "txt": "when"
        },
        {
          "si": 8,
          "sti": 12,
          "dti": 161,
          "sco": 72,
          "dco": 771,
          "txt": "he"
        },
        {
          "si": 8,
          "sti": 13,
          "dti": 162,
          "sco": 75,
          "dco": 774,
          "txt": "received"
        },
        {
          "si": 8,
          "sti": 14,
          "dti": 163,
          "sco": 84,
          "dco": 783,
          "txt": "the"
        },
        {
          "si": 8,
          "sti": 15,
          "dti": 164,
          "sco": 88,
          "dco": 787,
          "txt": "Division"
        },
        {
          "si": 8,
          "sti": 16,
          "dti": 165,
          "sco": 97,
          "dco": 796,
          "txt": "Three"
        },
        {
          "si": 8,
          "sti": 17,
          "dti": 166,
          "sco": 103,
          "dco": 802,
          "txt": "Goalkeeper"
        },
        {
          "si": 8,
          "sti": 18,
          "dti": 167,
          "sco": 114,
          "dco": 813,
          "txt": "of"
        },
        {
          "si": 8,
          "sti": 19,
          "dti": 168,
          "sco": 117,
          "dco": 816,
          "txt": "the"
        },
        {
          "si": 8,
          "sti": 20,
          "dti": 169,
          "sco": 121,
          "dco": 820,
          "txt": "Year"
        },
        {
          "si": 8,
          "sti": 21,
          "dti": 170,
          "sco": 126,
          "dco": 825,
          "txt": "award"
        },
        {
          "si": 8,
          "sti": 22,
          "dti": 171,
          "sco": 132,
          "dco": 831,
          "txt": "for"
        },
        {
          "si": 8,
          "sti": 23,
          "dti": 172,
          "sco": 136,
          "dco": 835,
          "txt": "the"
        },
        {
          "si": 8,
          "sti": 24,
          "dti": 173,
          "sco": 140,
          "dco": 839,
          "txt": "1999"
        },
        {
          "si": 8,
          "sti": 25,
          "dti": 174,
          "sco": 144,
          "dco": 843,
          "txt": "–"
        },
        {
          "si": 8,
          "sti": 26,
          "dti": 175,
          "sco": 145,
          "dco": 844,
          "txt": "2000"
        },
        {
          "si": 8,
          "sti": 27,
          "dti": 176,
          "sco": 150,
          "dco": 849,
          "txt": "season"
        },
        {
          "si": 8,
          "sti": 28,
          "dti": 177,
          "sco": 156,
          "dco": 855,
          "txt": "."
        },
        {
          "si": 9,
          "sti": 0,
          "dti": 178,
          "sco": 0,
          "dco": 857,
          "txt": "Collett"
        },
        {
          "si": 9,
          "sti": 1,
          "dti": 179,
          "sco": 8,
          "dco": 865,
          "txt": "was"
        },
        {
          "si": 9,
          "sti": 2,
          "dti": 180,
          "sco": 12,
          "dco": 869,
          "txt": "appointed"
        },
        {
          "si": 9,
          "sti": 3,
          "dti": 181,
          "sco": 22,
          "dco": 879,
          "txt": "Darlington"
        },
        {
          "si": 9,
          "sti": 4,
          "dti": 182,
          "sco": 32,
          "dco": 889,
          "txt": "'"
        },
        {
          "si": 9,
          "sti": 5,
          "dti": 183,
          "sco": 33,
          "dco": 890,
          "txt": "s"
        },
        {
          "si": 9,
          "sti": 6,
          "dti": 184,
          "sco": 35,
          "dco": 892,
          "txt": "goalkeeping"
        },
        {
          "si": 9,
          "sti": 7,
          "dti": 185,
          "sco": 47,
          "dco": 904,
          "txt": "coach"
        },
        {
          "si": 9,
          "sti": 8,
          "dti": 186,
          "sco": 53,
          "dco": 910,
          "txt": "after"
        },
        {
          "si": 9,
          "sti": 9,
          "dti": 187,
          "sco": 59,
          "dco": 916,
          "txt": "he"
        },
        {
          "si": 9,
          "sti": 10,
          "dti": 188,
          "sco": 62,
          "dco": 919,
          "txt": "retired"
        },
        {
          "si": 9,
          "sti": 11,
          "dti": 189,
          "sco": 70,
          "dco": 927,
          "txt": "as"
        },
        {
          "si": 9,
          "sti": 12,
          "dti": 190,
          "sco": 73,
          "dco": 930,
          "txt": "a"
        },
        {
          "si": 9,
          "sti": 13,
          "dti": 191,
          "sco": 75,
          "dco": 932,
          "txt": "player"
        },
        {
          "si": 9,
          "sti": 14,
          "dti": 192,
          "sco": 82,
          "dco": 939,
          "txt": "in"
        },
        {
          "si": 9,
          "sti": 15,
          "dti": 193,
          "sco": 85,
          "dco": 942,
          "txt": "2004"
        },
        {
          "si": 9,
          "sti": 16,
          "dti": 194,
          "sco": 89,
          "dco": 946,
          "txt": "."
        },
        {
          "si": 10,
          "sti": 0,
          "dti": 195,
          "sco": 0,
          "dco": 948,
          "txt": "On"
        },
        {
          "si": 10,
          "sti": 1,
          "dti": 196,
          "sco": 3,
          "dco": 951,
          "txt": "the"
        },
        {
          "si": 10,
          "sti": 2,
          "dti": 197,
          "sco": 7,
          "dco": 955,
          "txt": "26"
        },
        {
          "si": 10,
          "sti": 3,
          "dti": 198,
          "sco": 10,
          "dco": 958,
          "txt": "May"
        },
        {
          "si": 10,
          "sti": 4,
          "dti": 199,
          "sco": 14,
          "dco": 962,
          "txt": "2009"
        },
        {
          "si": 10,
          "sti": 5,
          "dti": 200,
          "sco": 18,
          "dco": 966,
          "txt": ","
        },
        {
          "si": 10,
          "sti": 6,
          "dti": 201,
          "sco": 20,
          "dco": 968,
          "txt": "he"
        },
        {
          "si": 10,
          "sti": 7,
          "dti": 202,
          "sco": 23,
          "dco": 971,
          "txt": "was"
        },
        {
          "si": 10,
          "sti": 8,
          "dti": 203,
          "sco": 27,
          "dco": 975,
          "txt": "appointed"
        },
        {
          "si": 10,
          "sti": 9,
          "dti": 204,
          "sco": 37,
          "dco": 985,
          "txt": "goalkeeper"
        },
        {
          "si": 10,
          "sti": 10,
          "dti": 205,
          "sco": 48,
          "dco": 996,
          "txt": "coach"
        },
        {
          "si": 10,
          "sti": 11,
          "dti": 206,
          "sco": 54,
          "dco": 1002,
          "txt": "of"
        },
        {
          "si": 10,
          "sti": 12,
          "dti": 207,
          "sco": 57,
          "dco": 1005,
          "txt": "Oldham"
        },
        {
          "si": 10,
          "sti": 13,
          "dti": 208,
          "sco": 64,
          "dco": 1012,
          "txt": "Athletic"
        },
        {
          "si": 10,
          "sti": 14,
          "dti": 209,
          "sco": 72,
          "dco": 1020,
          "txt": "."
        },
        {
          "si": 11,
          "sti": 0,
          "dti": 210,
          "sco": 0,
          "dco": 1022,
          "txt": "He"
        },
        {
          "si": 11,
          "sti": 1,
          "dti": 211,
          "sco": 3,
          "dco": 1025,
          "txt": "rejoined"
        },
        {
          "si": 11,
          "sti": 2,
          "dti": 212,
          "sco": 12,
          "dco": 1034,
          "txt": "Dave"
        },
        {
          "si": 11,
          "sti": 3,
          "dti": 213,
          "sco": 17,
          "dco": 1039,
          "txt": "Penney"
        },
        {
          "si": 11,
          "sti": 4,
          "dti": 214,
          "sco": 24,
          "dco": 1046,
          "txt": "and"
        },
        {
          "si": 11,
          "sti": 5,
          "dti": 215,
          "sco": 28,
          "dco": 1050,
          "txt": "Martin"
        },
        {
          "si": 11,
          "sti": 6,
          "dti": 216,
          "sco": 35,
          "dco": 1057,
          "txt": "Gray"
        },
        {
          "si": 11,
          "sti": 7,
          "dti": 217,
          "sco": 39,
          "dco": 1061,
          "txt": ","
        },
        {
          "si": 11,
          "sti": 8,
          "dti": 218,
          "sco": 41,
          "dco": 1063,
          "txt": "who"
        },
        {
          "si": 11,
          "sti": 9,
          "dti": 219,
          "sco": 45,
          "dco": 1067,
          "txt": "were"
        },
        {
          "si": 11,
          "sti": 10,
          "dti": 220,
          "sco": 50,
          "dco": 1072,
          "txt": "also"
        },
        {
          "si": 11,
          "sti": 11,
          "dti": 221,
          "sco": 55,
          "dco": 1077,
          "txt": "amongst"
        },
        {
          "si": 11,
          "sti": 12,
          "dti": 222,
          "sco": 63,
          "dco": 1085,
          "txt": "the"
        },
        {
          "si": 11,
          "sti": 13,
          "dti": 223,
          "sco": 67,
          "dco": 1089,
          "txt": "coaching"
        },
        {
          "si": 11,
          "sti": 14,
          "dti": 224,
          "sco": 76,
          "dco": 1098,
          "txt": "staff"
        },
        {
          "si": 11,
          "sti": 15,
          "dti": 225,
          "sco": 82,
          "dco": 1104,
          "txt": "of"
        },
        {
          "si": 11,
          "sti": 16,
          "dti": 226,
          "sco": 85,
          "dco": 1107,
          "txt": "Darlington"
        },
        {
          "si": 11,
          "sti": 17,
          "dti": 227,
          "sco": 95,
          "dco": 1117,
          "txt": "."
        },
        {
          "si": 12,
          "sti": 0,
          "dti": 228,
          "sco": 0,
          "dco": 1119,
          "txt": "Honours"
        },
        {
          "si": 12,
          "sti": 1,
          "dti": 229,
          "sco": 7,
          "dco": 1126,
          "txt": "."
        },
        {
          "si": 13,
          "sti": 0,
          "dti": 230,
          "sco": 0,
          "dco": 1128,
          "txt": "Bristol"
        },
        {
          "si": 13,
          "sti": 1,
          "dti": 231,
          "sco": 8,
          "dco": 1136,
          "txt": "Rovers"
        },
        {
          "si": 13,
          "sti": 2,
          "dti": 232,
          "sco": 15,
          "dco": 1143,
          "txt": "Darlington"
        },
        {
          "si": 13,
          "sti": 3,
          "dti": 233,
          "sco": 26,
          "dco": 1154,
          "txt": "During"
        },
        {
          "si": 13,
          "sti": 4,
          "dti": 234,
          "sco": 33,
          "dco": 1161,
          "txt": "a"
        },
        {
          "si": 13,
          "sti": 5,
          "dti": 235,
          "sco": 35,
          "dco": 1163,
          "txt": "goalkeeping"
        },
        {
          "si": 13,
          "sti": 6,
          "dti": 236,
          "sco": 47,
          "dco": 1175,
          "txt": "injury"
        },
        {
          "si": 13,
          "sti": 7,
          "dti": 237,
          "sco": 54,
          "dco": 1182,
          "txt": "crisis"
        },
        {
          "si": 13,
          "sti": 8,
          "dti": 238,
          "sco": 61,
          "dco": 1189,
          "txt": "in"
        },
        {
          "si": 13,
          "sti": 9,
          "dti": 239,
          "sco": 64,
          "dco": 1192,
          "txt": "October"
        },
        {
          "si": 13,
          "sti": 10,
          "dti": 240,
          "sco": 72,
          "dco": 1200,
          "txt": "1999"
        },
        {
          "si": 13,
          "sti": 11,
          "dti": 241,
          "sco": 76,
          "dco": 1204,
          "txt": ","
        },
        {
          "si": 13,
          "sti": 12,
          "dti": 242,
          "sco": 78,
          "dco": 1206,
          "txt": "then"
        },
        {
          "si": 13,
          "sti": 13,
          "dti": 243,
          "sco": 82,
          "dco": 1210,
          "txt": "-"
        },
        {
          "si": 13,
          "sti": 14,
          "dti": 244,
          "sco": 83,
          "dco": 1211,
          "txt": "England"
        },
        {
          "si": 13,
          "sti": 15,
          "dti": 245,
          "sco": 91,
          "dco": 1219,
          "txt": "manager"
        },
        {
          "si": 13,
          "sti": 16,
          "dti": 246,
          "sco": 99,
          "dco": 1227,
          "txt": "Kevin"
        },
        {
          "si": 13,
          "sti": 17,
          "dti": 247,
          "sco": 105,
          "dco": 1233,
          "txt": "Keegan"
        },
        {
          "si": 13,
          "sti": 18,
          "dti": 248,
          "sco": 112,
          "dco": 1240,
          "txt": "seriously"
        },
        {
          "si": 13,
          "sti": 19,
          "dti": 249,
          "sco": 122,
          "dco": 1250,
          "txt": "considered"
        },
        {
          "si": 13,
          "sti": 20,
          "dti": 250,
          "sco": 133,
          "dco": 1261,
          "txt": "selecting"
        },
        {
          "si": 13,
          "sti": 21,
          "dti": 251,
          "sco": 143,
          "dco": 1271,
          "txt": "Collett"
        },
        {
          "si": 13,
          "sti": 22,
          "dti": 252,
          "sco": 150,
          "dco": 1278,
          "txt": ","
        },
        {
          "si": 13,
          "sti": 23,
          "dti": 253,
          "sco": 152,
          "dco": 1280,
          "txt": "who"
        },
        {
          "si": 13,
          "sti": 24,
          "dti": 254,
          "sco": 156,
          "dco": 1284,
          "txt": "had"
        },
        {
          "si": 13,
          "sti": 25,
          "dti": 255,
          "sco": 160,
          "dco": 1288,
          "txt": "impressed"
        },
        {
          "si": 13,
          "sti": 26,
          "dti": 256,
          "sco": 170,
          "dco": 1298,
          "txt": "an"
        },
        {
          "si": 13,
          "sti": 27,
          "dti": 257,
          "sco": 173,
          "dco": 1301,
          "txt": "England"
        },
        {
          "si": 13,
          "sti": 28,
          "dti": 258,
          "sco": 181,
          "dco": 1309,
          "txt": "coach"
        },
        {
          "si": 13,
          "sti": 29,
          "dti": 259,
          "sco": 187,
          "dco": 1315,
          "txt": "with"
        },
        {
          "si": 13,
          "sti": 30,
          "dti": 260,
          "sco": 192,
          "dco": 1320,
          "txt": "a"
        },
        {
          "si": 13,
          "sti": 31,
          "dti": 261,
          "sco": 194,
          "dco": 1322,
          "txt": "penalty"
        },
        {
          "si": 13,
          "sti": 32,
          "dti": 262,
          "sco": 202,
          "dco": 1330,
          "txt": "save"
        },
        {
          "si": 13,
          "sti": 33,
          "dti": 263,
          "sco": 207,
          "dco": 1335,
          "txt": "during"
        },
        {
          "si": 13,
          "sti": 34,
          "dti": 264,
          "sco": 214,
          "dco": 1342,
          "txt": "a"
        },
        {
          "si": 13,
          "sti": 35,
          "dti": 265,
          "sco": 216,
          "dco": 1344,
          "txt": "Third"
        },
        {
          "si": 13,
          "sti": 36,
          "dti": 266,
          "sco": 222,
          "dco": 1350,
          "txt": "Division"
        },
        {
          "si": 13,
          "sti": 37,
          "dti": 267,
          "sco": 231,
          "dco": 1359,
          "txt": "game"
        },
        {
          "si": 13,
          "sti": 38,
          "dti": 268,
          "sco": 236,
          "dco": 1364,
          "txt": "against"
        },
        {
          "si": 13,
          "sti": 39,
          "dti": 269,
          "sco": 244,
          "dco": 1372,
          "txt": "Hartlepool"
        },
        {
          "si": 13,
          "sti": 40,
          "dti": 270,
          "sco": 255,
          "dco": 1383,
          "txt": "a"
        },
        {
          "si": 13,
          "sti": 41,
          "dti": 271,
          "sco": 257,
          "dco": 1385,
          "txt": "week"
        },
        {
          "si": 13,
          "sti": 42,
          "dti": 272,
          "sco": 262,
          "dco": 1390,
          "txt": "earlier"
        },
        {
          "si": 13,
          "sti": 43,
          "dti": 273,
          "sco": 269,
          "dco": 1397,
          "txt": "."
        },
        {
          "si": 14,
          "sti": 0,
          "dti": 274,
          "sco": 0,
          "dco": 1399,
          "txt": "However"
        },
        {
          "si": 14,
          "sti": 1,
          "dti": 275,
          "sco": 7,
          "dco": 1406,
          "txt": ","
        },
        {
          "si": 14,
          "sti": 2,
          "dti": 276,
          "sco": 9,
          "dco": 1408,
          "txt": "Collett"
        },
        {
          "si": 14,
          "sti": 3,
          "dti": 277,
          "sco": 16,
          "dco": 1415,
          "txt": "'"
        },
        {
          "si": 14,
          "sti": 4,
          "dti": 278,
          "sco": 17,
          "dco": 1416,
          "txt": "s"
        },
        {
          "si": 14,
          "sti": 5,
          "dti": 279,
          "sco": 19,
          "dco": 1418,
          "txt": "dream"
        },
        {
          "si": 14,
          "sti": 6,
          "dti": 280,
          "sco": 25,
          "dco": 1424,
          "txt": "was"
        },
        {
          "si": 14,
          "sti": 7,
          "dti": 281,
          "sco": 29,
          "dco": 1428,
          "txt": "ended"
        },
        {
          "si": 14,
          "sti": 8,
          "dti": 282,
          "sco": 35,
          "dco": 1434,
          "txt": "when"
        },
        {
          "si": 14,
          "sti": 9,
          "dti": 283,
          "sco": 40,
          "dco": 1439,
          "txt": "Nigel"
        },
        {
          "si": 14,
          "sti": 10,
          "dti": 284,
          "sco": 46,
          "dco": 1445,
          "txt": "Martyn"
        },
        {
          "si": 14,
          "sti": 11,
          "dti": 285,
          "sco": 53,
          "dco": 1452,
          "txt": "declared"
        },
        {
          "si": 14,
          "sti": 12,
          "dti": 286,
          "sco": 62,
          "dco": 1461,
          "txt": "himself"
        },
        {
          "si": 14,
          "sti": 13,
          "dti": 287,
          "sco": 70,
          "dco": 1469,
          "txt": "fit"
        },
        {
          "si": 14,
          "sti": 14,
          "dti": 288,
          "sco": 74,
          "dco": 1473,
          "txt": "enough"
        },
        {
          "si": 14,
          "sti": 15,
          "dti": 289,
          "sco": 81,
          "dco": 1480,
          "txt": "to"
        },
        {
          "si": 14,
          "sti": 16,
          "dti": 290,
          "sco": 84,
          "dco": 1483,
          "txt": "provide"
        },
        {
          "si": 14,
          "sti": 17,
          "dti": 291,
          "sco": 92,
          "dco": 1491,
          "txt": "back"
        },
        {
          "si": 14,
          "sti": 18,
          "dti": 292,
          "sco": 96,
          "dco": 1495,
          "txt": "-"
        },
        {
          "si": 14,
          "sti": 19,
          "dti": 293,
          "sco": 97,
          "dco": 1496,
          "txt": "up"
        },
        {
          "si": 14,
          "sti": 20,
          "dti": 294,
          "sco": 100,
          "dco": 1499,
          "txt": "for"
        },
        {
          "si": 14,
          "sti": 21,
          "dti": 295,
          "sco": 104,
          "dco": 1503,
          "txt": "David"
        },
        {
          "si": 14,
          "sti": 22,
          "dti": 296,
          "sco": 110,
          "dco": 1509,
          "txt": "Seaman"
        },
        {
          "si": 14,
          "sti": 23,
          "dti": 297,
          "sco": 116,
          "dco": 1515,
          "txt": "."
        }
      ]
    },
    "ganns": {
      "dla": [],
      "la": [],
      "ea": [],
      "eta": [
        {
          "ra": {
            "ea": {
              "etn": "Andy_Collett"
            }
          },
          "sfs": [
            [
              {
                "stn": "birthYear"
              },
              {
                "dla": {
                  "txt": {
                    "sff": "1973"
                  },
                  "et": {
                    "etn": "BirthYear"
                  },
                  "dp": {
                    "off": 60
                  }
                }
              }
            ],
            [
              {
                "stn": "deathYear"
              },
              {}
            ]
          ],
          "mfs": [
            [
              {
                "stn": "position"
              },
              {
                "dla": [],
                "la": [],
                "ea": [
                  {
                    "etn": "Goalkeeper_(association_football)"
                  }
                ],
                "eta": []
              }
            ],
            [
              {
                "stn": "team"
              },
              {
                "dla": [],
                "la": [],
                "ea": [
                  {
                    "etn": "Middlesbrough_F.C."
                  },
                  {
                    "etn": "Darlington_F.C."
                  },
                  {
                    "etn": "Bristol_Rovers_F.C."
                  }
                ],
                "eta": []
              }
            ],
            [
              {
                "stn": "birthPlace"
              },
              {
                "dla": [],
                "la": [],
                "ea": [
                  {
                    "etn": "Stockton-on-Tees"
                  }
                ],
                "eta": []
              }
            ]
          ]
        }
      ]
    }
  }
]
