[
  {
    "context": "TRAIN",
    "doc": {
      "id": "Antar_Djemaouni",
      "tl": [
        {
          "si": 0,
          "sti": 0,
          "dti": 0,
          "sco": 0,
          "dco": 0,
          "txt": "Antar"
        },
        {
          "si": 0,
          "sti": 1,
          "dti": 1,
          "sco": 6,
          "dco": 6,
          "txt": "Djemaouni"
        },
        {
          "si": 0,
          "sti": 2,
          "dti": 2,
          "sco": 15,
          "dco": 15,
          "txt": "."
        },
        {
          "si": 1,
          "sti": 0,
          "dti": 3,
          "sco": 0,
          "dco": 17,
          "txt": "Antar"
        },
        {
          "si": 1,
          "sti": 1,
          "dti": 4,
          "sco": 6,
          "dco": 23,
          "txt": "Djemaouni"
        },
        {
          "si": 1,
          "sti": 2,
          "dti": 5,
          "sco": 16,
          "dco": 33,
          "txt": "("
        },
        {
          "si": 1,
          "sti": 3,
          "dti": 6,
          "sco": 17,
          "dco": 34,
          "txt": "born"
        },
        {
          "si": 1,
          "sti": 4,
          "dti": 7,
          "sco": 22,
          "dco": 39,
          "txt": "August"
        },
        {
          "si": 1,
          "sti": 5,
          "dti": 8,
          "sco": 29,
          "dco": 46,
          "txt": "29"
        },
        {
          "si": 1,
          "sti": 6,
          "dti": 9,
          "sco": 31,
          "dco": 48,
          "txt": ","
        },
        {
          "si": 1,
          "sti": 7,
          "dti": 10,
          "sco": 33,
          "dco": 50,
          "txt": "1987"
        },
        {
          "si": 1,
          "sti": 8,
          "dti": 11,
          "sco": 37,
          "dco": 54,
          "txt": ")"
        },
        {
          "si": 1,
          "sti": 9,
          "dti": 12,
          "sco": 39,
          "dco": 56,
          "txt": "is"
        },
        {
          "si": 1,
          "sti": 10,
          "dti": 13,
          "sco": 42,
          "dco": 59,
          "txt": "an"
        },
        {
          "si": 1,
          "sti": 11,
          "dti": 14,
          "sco": 45,
          "dco": 62,
          "txt": "Algerian"
        },
        {
          "si": 1,
          "sti": 12,
          "dti": 15,
          "sco": 54,
          "dco": 71,
          "txt": "football"
        },
        {
          "si": 1,
          "sti": 13,
          "dti": 16,
          "sco": 63,
          "dco": 80,
          "txt": "player"
        },
        {
          "si": 1,
          "sti": 14,
          "dti": 17,
          "sco": 69,
          "dco": 86,
          "txt": "."
        },
        {
          "si": 2,
          "sti": 0,
          "dti": 18,
          "sco": 0,
          "dco": 88,
          "txt": "He"
        },
        {
          "si": 2,
          "sti": 1,
          "dti": 19,
          "sco": 3,
          "dco": 91,
          "txt": "is"
        },
        {
          "si": 2,
          "sti": 2,
          "dti": 20,
          "sco": 6,
          "dco": 94,
          "txt": "currently"
        },
        {
          "si": 2,
          "sti": 3,
          "dti": 21,
          "sco": 16,
          "dco": 104,
          "txt": "playing"
        },
        {
          "si": 2,
          "sti": 4,
          "dti": 22,
          "sco": 24,
          "dco": 112,
          "txt": "for"
        },
        {
          "si": 2,
          "sti": 5,
          "dti": 23,
          "sco": 28,
          "dco": 116,
          "txt": "USM"
        },
        {
          "si": 2,
          "sti": 6,
          "dti": 24,
          "sco": 32,
          "dco": 120,
          "txt": "Blida"
        },
        {
          "si": 2,
          "sti": 7,
          "dti": 25,
          "sco": 38,
          "dco": 126,
          "txt": "in"
        },
        {
          "si": 2,
          "sti": 8,
          "dti": 26,
          "sco": 41,
          "dco": 129,
          "txt": "the"
        },
        {
          "si": 2,
          "sti": 9,
          "dti": 27,
          "sco": 45,
          "dco": 133,
          "txt": "Algerian"
        },
        {
          "si": 2,
          "sti": 10,
          "dti": 28,
          "sco": 54,
          "dco": 142,
          "txt": "Ligue"
        },
        {
          "si": 2,
          "sti": 11,
          "dti": 29,
          "sco": 60,
          "dco": 148,
          "txt": "Professionnelle"
        },
        {
          "si": 2,
          "sti": 12,
          "dti": 30,
          "sco": 76,
          "dco": 164,
          "txt": "1"
        },
        {
          "si": 2,
          "sti": 13,
          "dti": 31,
          "sco": 77,
          "dco": 165,
          "txt": "."
        },
        {
          "si": 3,
          "sti": 0,
          "dti": 32,
          "sco": 0,
          "dco": 167,
          "txt": "Club"
        },
        {
          "si": 3,
          "sti": 1,
          "dti": 33,
          "sco": 5,
          "dco": 172,
          "txt": "career"
        },
        {
          "si": 3,
          "sti": 2,
          "dti": 34,
          "sco": 11,
          "dco": 178,
          "txt": "."
        },
        {
          "si": 4,
          "sti": 0,
          "dti": 35,
          "sco": 0,
          "dco": 180,
          "txt": "Djemaouni"
        },
        {
          "si": 4,
          "sti": 1,
          "dti": 36,
          "sco": 10,
          "dco": 190,
          "txt": "began"
        },
        {
          "si": 4,
          "sti": 2,
          "dti": 37,
          "sco": 16,
          "dco": 196,
          "txt": "his"
        },
        {
          "si": 4,
          "sti": 3,
          "dti": 38,
          "sco": 20,
          "dco": 200,
          "txt": "career"
        },
        {
          "si": 4,
          "sti": 4,
          "dti": 39,
          "sco": 27,
          "dco": 207,
          "txt": "in"
        },
        {
          "si": 4,
          "sti": 5,
          "dti": 40,
          "sco": 30,
          "dco": 210,
          "txt": "the"
        },
        {
          "si": 4,
          "sti": 6,
          "dti": 41,
          "sco": 34,
          "dco": 214,
          "txt": "youth"
        },
        {
          "si": 4,
          "sti": 7,
          "dti": 42,
          "sco": 40,
          "dco": 220,
          "txt": "ranks"
        },
        {
          "si": 4,
          "sti": 8,
          "dti": 43,
          "sco": 46,
          "dco": 226,
          "txt": "of"
        },
        {
          "si": 4,
          "sti": 9,
          "dti": 44,
          "sco": 49,
          "dco": 229,
          "txt": "CRB"
        },
        {
          "si": 4,
          "sti": 10,
          "dti": 45,
          "sco": 53,
          "dco": 233,
          "txt": "Ferdjioua"
        },
        {
          "si": 4,
          "sti": 11,
          "dti": 46,
          "sco": 62,
          "dco": 242,
          "txt": "."
        },
        {
          "si": 5,
          "sti": 0,
          "dti": 47,
          "sco": 0,
          "dco": 244,
          "txt": "In"
        },
        {
          "si": 5,
          "sti": 1,
          "dti": 48,
          "sco": 3,
          "dco": 247,
          "txt": "the"
        },
        {
          "si": 5,
          "sti": 2,
          "dti": 49,
          "sco": 7,
          "dco": 251,
          "txt": "summer"
        },
        {
          "si": 5,
          "sti": 3,
          "dti": 50,
          "sco": 14,
          "dco": 258,
          "txt": "of"
        },
        {
          "si": 5,
          "sti": 4,
          "dti": 51,
          "sco": 17,
          "dco": 261,
          "txt": "2009"
        },
        {
          "si": 5,
          "sti": 5,
          "dti": 52,
          "sco": 21,
          "dco": 265,
          "txt": ","
        },
        {
          "si": 5,
          "sti": 6,
          "dti": 53,
          "sco": 23,
          "dco": 267,
          "txt": "he"
        },
        {
          "si": 5,
          "sti": 7,
          "dti": 54,
          "sco": 26,
          "dco": 270,
          "txt": "joined"
        },
        {
          "si": 5,
          "sti": 8,
          "dti": 55,
          "sco": 33,
          "dco": 277,
          "txt": "USM"
        },
        {
          "si": 5,
          "sti": 9,
          "dti": 56,
          "sco": 37,
          "dco": 281,
          "txt": "Blida"
        },
        {
          "si": 5,
          "sti": 10,
          "dti": 57,
          "sco": 43,
          "dco": 287,
          "txt": "two"
        },
        {
          "si": 5,
          "sti": 11,
          "dti": 58,
          "sco": 47,
          "dco": 291,
          "txt": "days"
        },
        {
          "si": 5,
          "sti": 12,
          "dti": 59,
          "sco": 52,
          "dco": 296,
          "txt": "before"
        },
        {
          "si": 5,
          "sti": 13,
          "dti": 60,
          "sco": 59,
          "dco": 303,
          "txt": "the"
        },
        {
          "si": 5,
          "sti": 14,
          "dti": 61,
          "sco": 63,
          "dco": 307,
          "txt": "end"
        },
        {
          "si": 5,
          "sti": 15,
          "dti": 62,
          "sco": 67,
          "dco": 311,
          "txt": "of"
        },
        {
          "si": 5,
          "sti": 16,
          "dti": 63,
          "sco": 70,
          "dco": 314,
          "txt": "the"
        },
        {
          "si": 5,
          "sti": 17,
          "dti": 64,
          "sco": 74,
          "dco": 318,
          "txt": "transfer"
        },
        {
          "si": 5,
          "sti": 18,
          "dti": 65,
          "sco": 83,
          "dco": 327,
          "txt": "period"
        },
        {
          "si": 5,
          "sti": 19,
          "dti": 66,
          "sco": 89,
          "dco": 333,
          "txt": "."
        },
        {
          "si": 6,
          "sti": 0,
          "dti": 67,
          "sco": 0,
          "dco": 335,
          "txt": "On"
        },
        {
          "si": 6,
          "sti": 1,
          "dti": 68,
          "sco": 3,
          "dco": 338,
          "txt": "September"
        },
        {
          "si": 6,
          "sti": 2,
          "dti": 69,
          "sco": 13,
          "dco": 348,
          "txt": "11"
        },
        {
          "si": 6,
          "sti": 3,
          "dti": 70,
          "sco": 15,
          "dco": 350,
          "txt": ","
        },
        {
          "si": 6,
          "sti": 4,
          "dti": 71,
          "sco": 17,
          "dco": 352,
          "txt": "2009"
        },
        {
          "si": 6,
          "sti": 5,
          "dti": 72,
          "sco": 21,
          "dco": 356,
          "txt": ","
        },
        {
          "si": 6,
          "sti": 6,
          "dti": 73,
          "sco": 23,
          "dco": 358,
          "txt": "in"
        },
        {
          "si": 6,
          "sti": 7,
          "dti": 74,
          "sco": 26,
          "dco": 361,
          "txt": "just"
        },
        {
          "si": 6,
          "sti": 8,
          "dti": 75,
          "sco": 31,
          "dco": 366,
          "txt": "his"
        },
        {
          "si": 6,
          "sti": 9,
          "dti": 76,
          "sco": 35,
          "dco": 370,
          "txt": "fourth"
        },
        {
          "si": 6,
          "sti": 10,
          "dti": 77,
          "sco": 42,
          "dco": 377,
          "txt": "game"
        },
        {
          "si": 6,
          "sti": 11,
          "dti": 78,
          "sco": 47,
          "dco": 382,
          "txt": "with"
        },
        {
          "si": 6,
          "sti": 12,
          "dti": 79,
          "sco": 52,
          "dco": 387,
          "txt": "the"
        },
        {
          "si": 6,
          "sti": 13,
          "dti": 80,
          "sco": 56,
          "dco": 391,
          "txt": "club"
        },
        {
          "si": 6,
          "sti": 14,
          "dti": 81,
          "sco": 60,
          "dco": 395,
          "txt": ","
        },
        {
          "si": 6,
          "sti": 15,
          "dti": 82,
          "sco": 62,
          "dco": 397,
          "txt": "Djemaouni"
        },
        {
          "si": 6,
          "sti": 16,
          "dti": 83,
          "sco": 72,
          "dco": 407,
          "txt": "scored"
        },
        {
          "si": 6,
          "sti": 17,
          "dti": 84,
          "sco": 79,
          "dco": 414,
          "txt": "his"
        },
        {
          "si": 6,
          "sti": 18,
          "dti": 85,
          "sco": 83,
          "dco": 418,
          "txt": "first"
        },
        {
          "si": 6,
          "sti": 19,
          "dti": 86,
          "sco": 89,
          "dco": 424,
          "txt": "professional"
        },
        {
          "si": 6,
          "sti": 20,
          "dti": 87,
          "sco": 102,
          "dco": 437,
          "txt": "goal"
        },
        {
          "si": 6,
          "sti": 21,
          "dti": 88,
          "sco": 107,
          "dco": 442,
          "txt": "in"
        },
        {
          "si": 6,
          "sti": 22,
          "dti": 89,
          "sco": 110,
          "dco": 445,
          "txt": "a"
        },
        {
          "si": 6,
          "sti": 23,
          "dti": 90,
          "sco": 112,
          "dco": 447,
          "txt": "league"
        },
        {
          "si": 6,
          "sti": 24,
          "dti": 91,
          "sco": 119,
          "dco": 454,
          "txt": "match"
        },
        {
          "si": 6,
          "sti": 25,
          "dti": 92,
          "sco": 125,
          "dco": 460,
          "txt": "against"
        },
        {
          "si": 6,
          "sti": 26,
          "dti": 93,
          "sco": 133,
          "dco": 468,
          "txt": "JSM"
        },
        {
          "si": 6,
          "sti": 27,
          "dti": 94,
          "sco": 137,
          "dco": 472,
          "txt": "B"
        },
        {
          "si": 6,
          "sti": 28,
          "dti": 95,
          "sco": 138,
          "dco": 473,
          "txt": "é"
        },
        {
          "si": 6,
          "sti": 29,
          "dti": 96,
          "sco": 139,
          "dco": 474,
          "txt": "ja"
        },
        {
          "si": 6,
          "sti": 30,
          "dti": 97,
          "sco": 141,
          "dco": 476,
          "txt": "ï"
        },
        {
          "si": 6,
          "sti": 31,
          "dti": 98,
          "sco": 142,
          "dco": 477,
          "txt": "a"
        },
        {
          "si": 6,
          "sti": 32,
          "dti": 99,
          "sco": 143,
          "dco": 478,
          "txt": "."
        },
        {
          "si": 7,
          "sti": 0,
          "dti": 100,
          "sco": 0,
          "dco": 480,
          "txt": "He"
        },
        {
          "si": 7,
          "sti": 1,
          "dti": 101,
          "sco": 3,
          "dco": 483,
          "txt": "went"
        },
        {
          "si": 7,
          "sti": 2,
          "dti": 102,
          "sco": 8,
          "dco": 488,
          "txt": "on"
        },
        {
          "si": 7,
          "sti": 3,
          "dti": 103,
          "sco": 11,
          "dco": 491,
          "txt": "to"
        },
        {
          "si": 7,
          "sti": 4,
          "dti": 104,
          "sco": 14,
          "dco": 494,
          "txt": "score"
        },
        {
          "si": 7,
          "sti": 5,
          "dti": 105,
          "sco": 20,
          "dco": 500,
          "txt": "two"
        },
        {
          "si": 7,
          "sti": 6,
          "dti": 106,
          "sco": 24,
          "dco": 504,
          "txt": "more"
        },
        {
          "si": 7,
          "sti": 7,
          "dti": 107,
          "sco": 29,
          "dco": 509,
          "txt": "goals"
        },
        {
          "si": 7,
          "sti": 8,
          "dti": 108,
          "sco": 35,
          "dco": 515,
          "txt": "in"
        },
        {
          "si": 7,
          "sti": 9,
          "dti": 109,
          "sco": 38,
          "dco": 518,
          "txt": "the"
        },
        {
          "si": 7,
          "sti": 10,
          "dti": 110,
          "sco": 42,
          "dco": 522,
          "txt": "same"
        },
        {
          "si": 7,
          "sti": 11,
          "dti": 111,
          "sco": 47,
          "dco": 527,
          "txt": "game"
        },
        {
          "si": 7,
          "sti": 12,
          "dti": 112,
          "sco": 52,
          "dco": 532,
          "txt": "to"
        },
        {
          "si": 7,
          "sti": 13,
          "dti": 113,
          "sco": 55,
          "dco": 535,
          "txt": "also"
        },
        {
          "si": 7,
          "sti": 14,
          "dti": 114,
          "sco": 60,
          "dco": 540,
          "txt": "record"
        },
        {
          "si": 7,
          "sti": 15,
          "dti": 115,
          "sco": 67,
          "dco": 547,
          "txt": "his"
        },
        {
          "si": 7,
          "sti": 16,
          "dti": 116,
          "sco": 71,
          "dco": 551,
          "txt": "first"
        },
        {
          "si": 7,
          "sti": 17,
          "dti": 117,
          "sco": 77,
          "dco": 557,
          "txt": "hat"
        },
        {
          "si": 7,
          "sti": 18,
          "dti": 118,
          "sco": 80,
          "dco": 560,
          "txt": "-"
        },
        {
          "si": 7,
          "sti": 19,
          "dti": 119,
          "sco": 81,
          "dco": 561,
          "txt": "trick"
        },
        {
          "si": 7,
          "sti": 20,
          "dti": 120,
          "sco": 86,
          "dco": 566,
          "txt": "."
        }
      ]
    },
    "ganns": {
      "dla": [],
      "la": [],
      "ea": [],
      "eta": [
        {
          "ra": {
            "ea": {
              "etn": "Antar_Djemaouni"
            }
          },
          "sfs": [
            [
              {
                "stn": "birthYear"
              },
              {
                "dla": {
                  "txt": {
                    "sff": "1987"
                  },
                  "et": {
                    "etn": "BirthYear"
                  },
                  "dp": {
                    "off": 50
                  }
                }
              }
            ],
            [
              {
                "stn": "deathYear"
              },
              {}
            ]
          ],
          "mfs": [
            [
              {
                "stn": "birthPlaces"
              },
              {
                "dla": [],
                "la": [],
                "ea": [
                  {
                    "etn": "Algeria"
                  }
                ],
                "eta": []
              }
            ],
            [
              {
                "stn": "teams"
              },
              {
                "dla": [],
                "la": [],
                "ea": [
                  {
                    "etn": "USM_Blida"
                  }
                ],
                "eta": []
              }
            ],
            [
              {
                "stn": "positions"
              },
              {
                "dla": [],
                "la": [],
                "ea": [],
                "eta": []
              }
            ]
          ]
        }
      ]
    }
  }
]
