[
  {
    "context": "TRAIN",
    "doc": {
      "id": "Anthony_Stewart_(footballer)",
      "tl": [
        {
          "si": 0,
          "sti": 0,
          "dti": 0,
          "sco": 0,
          "dco": 0,
          "txt": "Anthony"
        },
        {
          "si": 0,
          "sti": 1,
          "dti": 1,
          "sco": 8,
          "dco": 8,
          "txt": "Stewart"
        },
        {
          "si": 0,
          "sti": 2,
          "dti": 2,
          "sco": 16,
          "dco": 16,
          "txt": "("
        },
        {
          "si": 0,
          "sti": 3,
          "dti": 3,
          "sco": 17,
          "dco": 17,
          "txt": "footballer"
        },
        {
          "si": 0,
          "sti": 4,
          "dti": 4,
          "sco": 27,
          "dco": 27,
          "txt": ")"
        },
        {
          "si": 0,
          "sti": 5,
          "dti": 5,
          "sco": 28,
          "dco": 28,
          "txt": "."
        },
        {
          "si": 1,
          "sti": 0,
          "dti": 6,
          "sco": 0,
          "dco": 30,
          "txt": "Anthony"
        },
        {
          "si": 1,
          "sti": 1,
          "dti": 7,
          "sco": 8,
          "dco": 38,
          "txt": "Kelvin"
        },
        {
          "si": 1,
          "sti": 2,
          "dti": 8,
          "sco": 15,
          "dco": 45,
          "txt": "Stewart"
        },
        {
          "si": 1,
          "sti": 3,
          "dti": 9,
          "sco": 23,
          "dco": 53,
          "txt": "("
        },
        {
          "si": 1,
          "sti": 4,
          "dti": 10,
          "sco": 24,
          "dco": 54,
          "txt": "born"
        },
        {
          "si": 1,
          "sti": 5,
          "dti": 11,
          "sco": 29,
          "dco": 59,
          "txt": "18"
        },
        {
          "si": 1,
          "sti": 6,
          "dti": 12,
          "sco": 32,
          "dco": 62,
          "txt": "September"
        },
        {
          "si": 1,
          "sti": 7,
          "dti": 13,
          "sco": 42,
          "dco": 72,
          "txt": "1992"
        },
        {
          "si": 1,
          "sti": 8,
          "dti": 14,
          "sco": 46,
          "dco": 76,
          "txt": ")"
        },
        {
          "si": 1,
          "sti": 9,
          "dti": 15,
          "sco": 48,
          "dco": 78,
          "txt": "is"
        },
        {
          "si": 1,
          "sti": 10,
          "dti": 16,
          "sco": 51,
          "dco": 81,
          "txt": "an"
        },
        {
          "si": 1,
          "sti": 11,
          "dti": 17,
          "sco": 54,
          "dco": 84,
          "txt": "English"
        },
        {
          "si": 1,
          "sti": 12,
          "dti": 18,
          "sco": 62,
          "dco": 92,
          "txt": "professional"
        },
        {
          "si": 1,
          "sti": 13,
          "dti": 19,
          "sco": 75,
          "dco": 105,
          "txt": "footballer"
        },
        {
          "si": 1,
          "sti": 14,
          "dti": 20,
          "sco": 86,
          "dco": 116,
          "txt": "who"
        },
        {
          "si": 1,
          "sti": 15,
          "dti": 21,
          "sco": 90,
          "dco": 120,
          "txt": "plays"
        },
        {
          "si": 1,
          "sti": 16,
          "dti": 22,
          "sco": 96,
          "dco": 126,
          "txt": "for"
        },
        {
          "si": 1,
          "sti": 17,
          "dti": 23,
          "sco": 100,
          "dco": 130,
          "txt": "Wycombe"
        },
        {
          "si": 1,
          "sti": 18,
          "dti": 24,
          "sco": 108,
          "dco": 138,
          "txt": "Wanderers"
        },
        {
          "si": 1,
          "sti": 19,
          "dti": 25,
          "sco": 117,
          "dco": 147,
          "txt": ","
        },
        {
          "si": 1,
          "sti": 20,
          "dti": 26,
          "sco": 119,
          "dco": 149,
          "txt": "as"
        },
        {
          "si": 1,
          "sti": 21,
          "dti": 27,
          "sco": 122,
          "dco": 152,
          "txt": "a"
        },
        {
          "si": 1,
          "sti": 22,
          "dti": 28,
          "sco": 124,
          "dco": 154,
          "txt": "defender"
        },
        {
          "si": 1,
          "sti": 23,
          "dti": 29,
          "sco": 132,
          "dco": 162,
          "txt": "."
        },
        {
          "si": 2,
          "sti": 0,
          "dti": 30,
          "sco": 0,
          "dco": 164,
          "txt": "Career"
        },
        {
          "si": 2,
          "sti": 1,
          "dti": 31,
          "sco": 6,
          "dco": 170,
          "txt": "."
        },
        {
          "si": 3,
          "sti": 0,
          "dti": 32,
          "sco": 0,
          "dco": 172,
          "txt": "Stewart"
        },
        {
          "si": 3,
          "sti": 1,
          "dti": 33,
          "sco": 8,
          "dco": 180,
          "txt": "came"
        },
        {
          "si": 3,
          "sti": 2,
          "dti": 34,
          "sco": 13,
          "dco": 185,
          "txt": "through"
        },
        {
          "si": 3,
          "sti": 3,
          "dti": 35,
          "sco": 21,
          "dco": 193,
          "txt": "Wycombe"
        },
        {
          "si": 3,
          "sti": 4,
          "dti": 36,
          "sco": 29,
          "dco": 201,
          "txt": "Wanderers"
        },
        {
          "si": 3,
          "sti": 5,
          "dti": 37,
          "sco": 38,
          "dco": 210,
          "txt": "'"
        },
        {
          "si": 3,
          "sti": 6,
          "dti": 38,
          "sco": 39,
          "dco": 211,
          "txt": "s"
        },
        {
          "si": 3,
          "sti": 7,
          "dti": 39,
          "sco": 41,
          "dco": 213,
          "txt": "youth"
        },
        {
          "si": 3,
          "sti": 8,
          "dti": 40,
          "sco": 47,
          "dco": 219,
          "txt": "system"
        },
        {
          "si": 3,
          "sti": 9,
          "dti": 41,
          "sco": 54,
          "dco": 226,
          "txt": "and"
        },
        {
          "si": 3,
          "sti": 10,
          "dti": 42,
          "sco": 58,
          "dco": 230,
          "txt": "was"
        },
        {
          "si": 3,
          "sti": 11,
          "dti": 43,
          "sco": 62,
          "dco": 234,
          "txt": "awarded"
        },
        {
          "si": 3,
          "sti": 12,
          "dti": 44,
          "sco": 70,
          "dco": 242,
          "txt": "his"
        },
        {
          "si": 3,
          "sti": 13,
          "dti": 45,
          "sco": 74,
          "dco": 246,
          "txt": "first"
        },
        {
          "si": 3,
          "sti": 14,
          "dti": 46,
          "sco": 80,
          "dco": 252,
          "txt": "professional"
        },
        {
          "si": 3,
          "sti": 15,
          "dti": 47,
          "sco": 93,
          "dco": 265,
          "txt": "contract"
        },
        {
          "si": 3,
          "sti": 16,
          "dti": 48,
          "sco": 102,
          "dco": 274,
          "txt": "in"
        },
        {
          "si": 3,
          "sti": 17,
          "dti": 49,
          "sco": 105,
          "dco": 277,
          "txt": "2011"
        },
        {
          "si": 3,
          "sti": 18,
          "dti": 50,
          "sco": 109,
          "dco": 281,
          "txt": "."
        },
        {
          "si": 4,
          "sti": 0,
          "dti": 51,
          "sco": 0,
          "dco": 283,
          "txt": "He"
        },
        {
          "si": 4,
          "sti": 1,
          "dti": 52,
          "sco": 3,
          "dco": 286,
          "txt": "made"
        },
        {
          "si": 4,
          "sti": 2,
          "dti": 53,
          "sco": 8,
          "dco": 291,
          "txt": "his"
        },
        {
          "si": 4,
          "sti": 3,
          "dti": 54,
          "sco": 12,
          "dco": 295,
          "txt": "Football"
        },
        {
          "si": 4,
          "sti": 4,
          "dti": 55,
          "sco": 21,
          "dco": 304,
          "txt": "League"
        },
        {
          "si": 4,
          "sti": 5,
          "dti": 56,
          "sco": 28,
          "dco": 311,
          "txt": "debut"
        },
        {
          "si": 4,
          "sti": 6,
          "dti": 57,
          "sco": 34,
          "dco": 317,
          "txt": "against"
        },
        {
          "si": 4,
          "sti": 7,
          "dti": 58,
          "sco": 42,
          "dco": 325,
          "txt": "Preston"
        },
        {
          "si": 4,
          "sti": 8,
          "dti": 59,
          "sco": 50,
          "dco": 333,
          "txt": "North"
        },
        {
          "si": 4,
          "sti": 9,
          "dti": 60,
          "sco": 56,
          "dco": 339,
          "txt": "End"
        },
        {
          "si": 4,
          "sti": 10,
          "dti": 61,
          "sco": 60,
          "dco": 343,
          "txt": "on"
        },
        {
          "si": 4,
          "sti": 11,
          "dti": 62,
          "sco": 63,
          "dco": 346,
          "txt": "14"
        },
        {
          "si": 4,
          "sti": 12,
          "dti": 63,
          "sco": 66,
          "dco": 349,
          "txt": "January"
        },
        {
          "si": 4,
          "sti": 13,
          "dti": 64,
          "sco": 74,
          "dco": 357,
          "txt": "2012"
        },
        {
          "si": 4,
          "sti": 14,
          "dti": 65,
          "sco": 78,
          "dco": 361,
          "txt": ","
        },
        {
          "si": 4,
          "sti": 15,
          "dti": 66,
          "sco": 80,
          "dco": 363,
          "txt": "playing"
        },
        {
          "si": 4,
          "sti": 16,
          "dti": 67,
          "sco": 88,
          "dco": 371,
          "txt": "the"
        },
        {
          "si": 4,
          "sti": 17,
          "dti": 68,
          "sco": 92,
          "dco": 375,
          "txt": "full"
        },
        {
          "si": 4,
          "sti": 18,
          "dti": 69,
          "sco": 97,
          "dco": 380,
          "txt": "match"
        },
        {
          "si": 4,
          "sti": 19,
          "dti": 70,
          "sco": 103,
          "dco": 386,
          "txt": "Following"
        },
        {
          "si": 4,
          "sti": 20,
          "dti": 71,
          "sco": 113,
          "dco": 396,
          "txt": "this"
        },
        {
          "si": 4,
          "sti": 21,
          "dti": 72,
          "sco": 118,
          "dco": 401,
          "txt": "he"
        },
        {
          "si": 4,
          "sti": 22,
          "dti": 73,
          "sco": 121,
          "dco": 404,
          "txt": "featured"
        },
        {
          "si": 4,
          "sti": 23,
          "dti": 74,
          "sco": 130,
          "dco": 413,
          "txt": "among"
        },
        {
          "si": 4,
          "sti": 24,
          "dti": 75,
          "sco": 136,
          "dco": 419,
          "txt": "the"
        },
        {
          "si": 4,
          "sti": 25,
          "dti": 76,
          "sco": 140,
          "dco": 423,
          "txt": "substitutes"
        },
        {
          "si": 4,
          "sti": 26,
          "dti": 77,
          "sco": 152,
          "dco": 435,
          "txt": "before"
        },
        {
          "si": 4,
          "sti": 27,
          "dti": 78,
          "sco": 159,
          "dco": 442,
          "txt": "getting"
        },
        {
          "si": 4,
          "sti": 28,
          "dti": 79,
          "sco": 167,
          "dco": 450,
          "txt": "his"
        },
        {
          "si": 4,
          "sti": 29,
          "dti": 80,
          "sco": 171,
          "dco": 454,
          "txt": "next"
        },
        {
          "si": 4,
          "sti": 30,
          "dti": 81,
          "sco": 176,
          "dco": 459,
          "txt": "appearance"
        },
        {
          "si": 4,
          "sti": 31,
          "dti": 82,
          "sco": 187,
          "dco": 470,
          "txt": "with"
        },
        {
          "si": 4,
          "sti": 32,
          "dti": 83,
          "sco": 192,
          "dco": 475,
          "txt": "a"
        },
        {
          "si": 4,
          "sti": 33,
          "dti": 84,
          "sco": 194,
          "dco": 477,
          "txt": "start"
        },
        {
          "si": 4,
          "sti": 34,
          "dti": 85,
          "sco": 200,
          "dco": 483,
          "txt": "away"
        },
        {
          "si": 4,
          "sti": 35,
          "dti": 86,
          "sco": 205,
          "dco": 488,
          "txt": "to"
        },
        {
          "si": 4,
          "sti": 36,
          "dti": 87,
          "sco": 208,
          "dco": 491,
          "txt": "Stevenage"
        },
        {
          "si": 4,
          "sti": 37,
          "dti": 88,
          "sco": 217,
          "dco": 500,
          "txt": "."
        },
        {
          "si": 5,
          "sti": 0,
          "dti": 89,
          "sco": 0,
          "dco": 502,
          "txt": "He"
        },
        {
          "si": 5,
          "sti": 1,
          "dti": 90,
          "sco": 3,
          "dco": 505,
          "txt": "then"
        },
        {
          "si": 5,
          "sti": 2,
          "dti": 91,
          "sco": 8,
          "dco": 510,
          "txt": "followed"
        },
        {
          "si": 5,
          "sti": 3,
          "dti": 92,
          "sco": 17,
          "dco": 519,
          "txt": "this"
        },
        {
          "si": 5,
          "sti": 4,
          "dti": 93,
          "sco": 22,
          "dco": 524,
          "txt": "with"
        },
        {
          "si": 5,
          "sti": 5,
          "dti": 94,
          "sco": 27,
          "dco": 529,
          "txt": "a"
        },
        {
          "si": 5,
          "sti": 6,
          "dti": 95,
          "sco": 29,
          "dco": 531,
          "txt": "home"
        },
        {
          "si": 5,
          "sti": 7,
          "dti": 96,
          "sco": 34,
          "dco": 536,
          "txt": "debut"
        },
        {
          "si": 5,
          "sti": 8,
          "dti": 97,
          "sco": 40,
          "dco": 542,
          "txt": "in"
        },
        {
          "si": 5,
          "sti": 9,
          "dti": 98,
          "sco": 43,
          "dco": 545,
          "txt": "the"
        },
        {
          "si": 5,
          "sti": 10,
          "dti": 99,
          "sco": 47,
          "dco": 549,
          "txt": "1"
        },
        {
          "si": 5,
          "sti": 11,
          "dti": 100,
          "sco": 48,
          "dco": 550,
          "txt": "–"
        },
        {
          "si": 5,
          "sti": 12,
          "dti": 101,
          "sco": 49,
          "dco": 551,
          "txt": "1"
        },
        {
          "si": 5,
          "sti": 13,
          "dti": 102,
          "sco": 51,
          "dco": 553,
          "txt": "draw"
        },
        {
          "si": 5,
          "sti": 14,
          "dti": 103,
          "sco": 56,
          "dco": 558,
          "txt": "with"
        },
        {
          "si": 5,
          "sti": 15,
          "dti": 104,
          "sco": 61,
          "dco": 563,
          "txt": "Carlisle"
        },
        {
          "si": 5,
          "sti": 16,
          "dti": 105,
          "sco": 69,
          "dco": 571,
          "txt": "."
        },
        {
          "si": 6,
          "sti": 0,
          "dti": 106,
          "sco": 0,
          "dco": 573,
          "txt": "His"
        },
        {
          "si": 6,
          "sti": 1,
          "dti": 107,
          "sco": 4,
          "dco": 577,
          "txt": "emergence"
        },
        {
          "si": 6,
          "sti": 2,
          "dti": 108,
          "sco": 14,
          "dco": 587,
          "txt": "as"
        },
        {
          "si": 6,
          "sti": 3,
          "dti": 109,
          "sco": 17,
          "dco": 590,
          "txt": "a"
        },
        {
          "si": 6,
          "sti": 4,
          "dti": 110,
          "sco": 19,
          "dco": 592,
          "txt": "first"
        },
        {
          "si": 6,
          "sti": 5,
          "dti": 111,
          "sco": 25,
          "dco": 598,
          "txt": "team"
        },
        {
          "si": 6,
          "sti": 6,
          "dti": 112,
          "sco": 30,
          "dco": 603,
          "txt": "player"
        },
        {
          "si": 6,
          "sti": 7,
          "dti": 113,
          "sco": 37,
          "dco": 610,
          "txt": "coincided"
        },
        {
          "si": 6,
          "sti": 8,
          "dti": 114,
          "sco": 47,
          "dco": 620,
          "txt": "with"
        },
        {
          "si": 6,
          "sti": 9,
          "dti": 115,
          "sco": 52,
          "dco": 625,
          "txt": "reported"
        },
        {
          "si": 6,
          "sti": 10,
          "dti": 116,
          "sco": 61,
          "dco": 634,
          "txt": "interested"
        },
        {
          "si": 6,
          "sti": 11,
          "dti": 117,
          "sco": 72,
          "dco": 645,
          "txt": "from"
        },
        {
          "si": 6,
          "sti": 12,
          "dti": 118,
          "sco": 77,
          "dco": 650,
          "txt": "fellow"
        },
        {
          "si": 6,
          "sti": 13,
          "dti": 119,
          "sco": 84,
          "dco": 657,
          "txt": "League"
        },
        {
          "si": 6,
          "sti": 14,
          "dti": 120,
          "sco": 91,
          "dco": 664,
          "txt": "One"
        },
        {
          "si": 6,
          "sti": 15,
          "dti": 121,
          "sco": 95,
          "dco": 668,
          "txt": "sides"
        },
        {
          "si": 6,
          "sti": 16,
          "dti": 122,
          "sco": 101,
          "dco": 674,
          "txt": "Charlton"
        },
        {
          "si": 6,
          "sti": 17,
          "dti": 123,
          "sco": 109,
          "dco": 682,
          "txt": ","
        },
        {
          "si": 6,
          "sti": 18,
          "dti": 124,
          "sco": 111,
          "dco": 684,
          "txt": "Colchester"
        },
        {
          "si": 6,
          "sti": 19,
          "dti": 125,
          "sco": 122,
          "dco": 695,
          "txt": "and"
        },
        {
          "si": 6,
          "sti": 20,
          "dti": 126,
          "sco": 126,
          "dco": 699,
          "txt": "Stevenage"
        },
        {
          "si": 6,
          "sti": 21,
          "dti": 127,
          "sco": 135,
          "dco": 708,
          "txt": "."
        },
        {
          "si": 7,
          "sti": 0,
          "dti": 128,
          "sco": 0,
          "dco": 710,
          "txt": "Stewart"
        },
        {
          "si": 7,
          "sti": 1,
          "dti": 129,
          "sco": 8,
          "dco": 718,
          "txt": "joined"
        },
        {
          "si": 7,
          "sti": 2,
          "dti": 130,
          "sco": 15,
          "dco": 725,
          "txt": "Crewe"
        },
        {
          "si": 7,
          "sti": 3,
          "dti": 131,
          "sco": 21,
          "dco": 731,
          "txt": "Alexandra"
        },
        {
          "si": 7,
          "sti": 4,
          "dti": 132,
          "sco": 31,
          "dco": 741,
          "txt": "on"
        },
        {
          "si": 7,
          "sti": 5,
          "dti": 133,
          "sco": 34,
          "dco": 744,
          "txt": "loan"
        },
        {
          "si": 7,
          "sti": 6,
          "dti": 134,
          "sco": 39,
          "dco": 749,
          "txt": "in"
        },
        {
          "si": 7,
          "sti": 7,
          "dti": 135,
          "sco": 42,
          "dco": 752,
          "txt": "November"
        },
        {
          "si": 7,
          "sti": 8,
          "dti": 136,
          "sco": 51,
          "dco": 761,
          "txt": "2014"
        },
        {
          "si": 7,
          "sti": 9,
          "dti": 137,
          "sco": 56,
          "dco": 766,
          "txt": "even"
        },
        {
          "si": 7,
          "sti": 10,
          "dti": 138,
          "sco": 61,
          "dco": 771,
          "txt": "though"
        },
        {
          "si": 7,
          "sti": 11,
          "dti": 139,
          "sco": 68,
          "dco": 778,
          "txt": "he"
        },
        {
          "si": 7,
          "sti": 12,
          "dti": 140,
          "sco": 71,
          "dco": 781,
          "txt": "was"
        },
        {
          "si": 7,
          "sti": 13,
          "dti": 141,
          "sco": 75,
          "dco": 785,
          "txt": "not"
        },
        {
          "si": 7,
          "sti": 14,
          "dti": 142,
          "sco": 79,
          "dco": 789,
          "txt": "under"
        },
        {
          "si": 7,
          "sti": 15,
          "dti": 143,
          "sco": 85,
          "dco": 795,
          "txt": "any"
        },
        {
          "si": 7,
          "sti": 16,
          "dti": 144,
          "sco": 89,
          "dco": 799,
          "txt": "contract"
        },
        {
          "si": 7,
          "sti": 17,
          "dti": 145,
          "sco": 98,
          "dco": 808,
          "txt": "at"
        },
        {
          "si": 7,
          "sti": 18,
          "dti": 146,
          "sco": 101,
          "dco": 811,
          "txt": "Wycombe"
        },
        {
          "si": 7,
          "sti": 19,
          "dti": 147,
          "sco": 109,
          "dco": 819,
          "txt": "Wanderers"
        },
        {
          "si": 7,
          "sti": 20,
          "dti": 148,
          "sco": 118,
          "dco": 828,
          "txt": ","
        },
        {
          "si": 7,
          "sti": 21,
          "dti": 149,
          "sco": 120,
          "dco": 830,
          "txt": "but"
        },
        {
          "si": 7,
          "sti": 22,
          "dti": 150,
          "sco": 124,
          "dco": 834,
          "txt": "at"
        },
        {
          "si": 7,
          "sti": 23,
          "dti": 151,
          "sco": 127,
          "dco": 837,
          "txt": "the"
        },
        {
          "si": 7,
          "sti": 24,
          "dti": 152,
          "sco": 131,
          "dco": 841,
          "txt": "end"
        },
        {
          "si": 7,
          "sti": 25,
          "dti": 153,
          "sco": 135,
          "dco": 845,
          "txt": "of"
        },
        {
          "si": 7,
          "sti": 26,
          "dti": 154,
          "sco": 138,
          "dco": 848,
          "txt": "the"
        },
        {
          "si": 7,
          "sti": 27,
          "dti": 155,
          "sco": 142,
          "dco": 852,
          "txt": "2014"
        },
        {
          "si": 7,
          "sti": 28,
          "dti": 156,
          "sco": 146,
          "dco": 856,
          "txt": "-"
        },
        {
          "si": 7,
          "sti": 29,
          "dti": 157,
          "sco": 147,
          "dco": 857,
          "txt": "15"
        },
        {
          "si": 7,
          "sti": 30,
          "dti": 158,
          "sco": 150,
          "dco": 860,
          "txt": "season"
        },
        {
          "si": 7,
          "sti": 31,
          "dti": 159,
          "sco": 156,
          "dco": 866,
          "txt": ","
        },
        {
          "si": 7,
          "sti": 32,
          "dti": 160,
          "sco": 158,
          "dco": 868,
          "txt": "Crewe"
        },
        {
          "si": 7,
          "sti": 33,
          "dti": 161,
          "sco": 164,
          "dco": 874,
          "txt": "Alexandra"
        },
        {
          "si": 7,
          "sti": 34,
          "dti": 162,
          "sco": 174,
          "dco": 884,
          "txt": "decided"
        },
        {
          "si": 7,
          "sti": 35,
          "dti": 163,
          "sco": 182,
          "dco": 892,
          "txt": "not"
        },
        {
          "si": 7,
          "sti": 36,
          "dti": 164,
          "sco": 186,
          "dco": 896,
          "txt": "to"
        },
        {
          "si": 7,
          "sti": 37,
          "dti": 165,
          "sco": 189,
          "dco": 899,
          "txt": "renew"
        },
        {
          "si": 7,
          "sti": 38,
          "dti": 166,
          "sco": 195,
          "dco": 905,
          "txt": "Stewart"
        },
        {
          "si": 7,
          "sti": 39,
          "dti": 167,
          "sco": 202,
          "dco": 912,
          "txt": "'"
        },
        {
          "si": 7,
          "sti": 40,
          "dti": 168,
          "sco": 203,
          "dco": 913,
          "txt": "s"
        },
        {
          "si": 7,
          "sti": 41,
          "dti": 169,
          "sco": 205,
          "dco": 915,
          "txt": "contract"
        },
        {
          "si": 7,
          "sti": 42,
          "dti": 170,
          "sco": 214,
          "dco": 924,
          "txt": "and"
        },
        {
          "si": 7,
          "sti": 43,
          "dti": 171,
          "sco": 218,
          "dco": 928,
          "txt": "he"
        },
        {
          "si": 7,
          "sti": 44,
          "dti": 172,
          "sco": 221,
          "dco": 931,
          "txt": "is"
        },
        {
          "si": 7,
          "sti": 45,
          "dti": 173,
          "sco": 224,
          "dco": 934,
          "txt": "now"
        },
        {
          "si": 7,
          "sti": 46,
          "dti": 174,
          "sco": 228,
          "dco": 938,
          "txt": "a"
        },
        {
          "si": 7,
          "sti": 47,
          "dti": 175,
          "sco": 230,
          "dco": 940,
          "txt": "free"
        },
        {
          "si": 7,
          "sti": 48,
          "dti": 176,
          "sco": 235,
          "dco": 945,
          "txt": "agent"
        },
        {
          "si": 7,
          "sti": 49,
          "dti": 177,
          "sco": 240,
          "dco": 950,
          "txt": "."
        },
        {
          "si": 7,
          "sti": 50,
          "dti": 178,
          "sco": 241,
          "dco": 951,
          "txt": "."
        },
        {
          "si": 8,
          "sti": 0,
          "dti": 179,
          "sco": 0,
          "dco": 953,
          "txt": "In"
        },
        {
          "si": 8,
          "sti": 1,
          "dti": 180,
          "sco": 3,
          "dco": 956,
          "txt": "January"
        },
        {
          "si": 8,
          "sti": 2,
          "dti": 181,
          "sco": 11,
          "dco": 964,
          "txt": "2015"
        },
        {
          "si": 8,
          "sti": 3,
          "dti": 182,
          "sco": 15,
          "dco": 968,
          "txt": ","
        },
        {
          "si": 8,
          "sti": 4,
          "dti": 183,
          "sco": 17,
          "dco": 970,
          "txt": "he"
        },
        {
          "si": 8,
          "sti": 5,
          "dti": 184,
          "sco": 20,
          "dco": 973,
          "txt": "signed"
        },
        {
          "si": 8,
          "sti": 6,
          "dti": 185,
          "sco": 27,
          "dco": 980,
          "txt": "a"
        },
        {
          "si": 8,
          "sti": 7,
          "dti": 186,
          "sco": 29,
          "dco": 982,
          "txt": "short"
        },
        {
          "si": 8,
          "sti": 8,
          "dti": 187,
          "sco": 34,
          "dco": 987,
          "txt": "-"
        },
        {
          "si": 8,
          "sti": 9,
          "dti": 188,
          "sco": 35,
          "dco": 988,
          "txt": "term"
        },
        {
          "si": 8,
          "sti": 10,
          "dti": 189,
          "sco": 40,
          "dco": 993,
          "txt": "contract"
        },
        {
          "si": 8,
          "sti": 11,
          "dti": 190,
          "sco": 49,
          "dco": 1002,
          "txt": "to"
        },
        {
          "si": 8,
          "sti": 12,
          "dti": 191,
          "sco": 52,
          "dco": 1005,
          "txt": "the"
        },
        {
          "si": 8,
          "sti": 13,
          "dti": 192,
          "sco": 56,
          "dco": 1009,
          "txt": "end"
        },
        {
          "si": 8,
          "sti": 14,
          "dti": 193,
          "sco": 60,
          "dco": 1013,
          "txt": "of"
        },
        {
          "si": 8,
          "sti": 15,
          "dti": 194,
          "sco": 63,
          "dco": 1016,
          "txt": "the"
        },
        {
          "si": 8,
          "sti": 16,
          "dti": 195,
          "sco": 67,
          "dco": 1020,
          "txt": "season"
        },
        {
          "si": 8,
          "sti": 17,
          "dti": 196,
          "sco": 74,
          "dco": 1027,
          "txt": "at"
        },
        {
          "si": 8,
          "sti": 18,
          "dti": 197,
          "sco": 77,
          "dco": 1030,
          "txt": "Crewe"
        },
        {
          "si": 8,
          "sti": 19,
          "dti": 198,
          "sco": 82,
          "dco": 1035,
          "txt": ","
        },
        {
          "si": 8,
          "sti": 20,
          "dti": 199,
          "sco": 84,
          "dco": 1037,
          "txt": "with"
        },
        {
          "si": 8,
          "sti": 21,
          "dti": 200,
          "sco": 89,
          "dco": 1042,
          "txt": "Wycombe"
        },
        {
          "si": 8,
          "sti": 22,
          "dti": 201,
          "sco": 97,
          "dco": 1050,
          "txt": "receiving"
        },
        {
          "si": 8,
          "sti": 23,
          "dti": 202,
          "sco": 107,
          "dco": 1060,
          "txt": "a"
        },
        {
          "si": 8,
          "sti": 24,
          "dti": 203,
          "sco": 109,
          "dco": 1062,
          "txt": "small"
        },
        {
          "si": 8,
          "sti": 25,
          "dti": 204,
          "sco": 115,
          "dco": 1068,
          "txt": "fee"
        },
        {
          "si": 8,
          "sti": 26,
          "dti": 205,
          "sco": 118,
          "dco": 1071,
          "txt": "."
        },
        {
          "si": 9,
          "sti": 0,
          "dti": 206,
          "sco": 0,
          "dco": 1073,
          "txt": "On"
        },
        {
          "si": 9,
          "sti": 1,
          "dti": 207,
          "sco": 3,
          "dco": 1076,
          "txt": "26"
        },
        {
          "si": 9,
          "sti": 2,
          "dti": 208,
          "sco": 6,
          "dco": 1079,
          "txt": "June"
        },
        {
          "si": 9,
          "sti": 3,
          "dti": 209,
          "sco": 11,
          "dco": 1084,
          "txt": "2015"
        },
        {
          "si": 9,
          "sti": 4,
          "dti": 210,
          "sco": 15,
          "dco": 1088,
          "txt": ","
        },
        {
          "si": 9,
          "sti": 5,
          "dti": 211,
          "sco": 17,
          "dco": 1090,
          "txt": "having"
        },
        {
          "si": 9,
          "sti": 6,
          "dti": 212,
          "sco": 24,
          "dco": 1097,
          "txt": "been"
        },
        {
          "si": 9,
          "sti": 7,
          "dti": 213,
          "sco": 29,
          "dco": 1102,
          "txt": "released"
        },
        {
          "si": 9,
          "sti": 8,
          "dti": 214,
          "sco": 38,
          "dco": 1111,
          "txt": "by"
        },
        {
          "si": 9,
          "sti": 9,
          "dti": 215,
          "sco": 41,
          "dco": 1114,
          "txt": "Crewe"
        },
        {
          "si": 9,
          "sti": 10,
          "dti": 216,
          "sco": 47,
          "dco": 1120,
          "txt": "at"
        },
        {
          "si": 9,
          "sti": 11,
          "dti": 217,
          "sco": 50,
          "dco": 1123,
          "txt": "the"
        },
        {
          "si": 9,
          "sti": 12,
          "dti": 218,
          "sco": 54,
          "dco": 1127,
          "txt": "end"
        },
        {
          "si": 9,
          "sti": 13,
          "dti": 219,
          "sco": 58,
          "dco": 1131,
          "txt": "of"
        },
        {
          "si": 9,
          "sti": 14,
          "dti": 220,
          "sco": 61,
          "dco": 1134,
          "txt": "the"
        },
        {
          "si": 9,
          "sti": 15,
          "dti": 221,
          "sco": 65,
          "dco": 1138,
          "txt": "2014"
        },
        {
          "si": 9,
          "sti": 16,
          "dti": 222,
          "sco": 69,
          "dco": 1142,
          "txt": "–"
        },
        {
          "si": 9,
          "sti": 17,
          "dti": 223,
          "sco": 70,
          "dco": 1143,
          "txt": "15"
        },
        {
          "si": 9,
          "sti": 18,
          "dti": 224,
          "sco": 73,
          "dco": 1146,
          "txt": "season"
        },
        {
          "si": 9,
          "sti": 19,
          "dti": 225,
          "sco": 79,
          "dco": 1152,
          "txt": ","
        },
        {
          "si": 9,
          "sti": 20,
          "dti": 226,
          "sco": 81,
          "dco": 1154,
          "txt": "Stewart"
        },
        {
          "si": 9,
          "sti": 21,
          "dti": 227,
          "sco": 89,
          "dco": 1162,
          "txt": "rejoined"
        },
        {
          "si": 9,
          "sti": 22,
          "dti": 228,
          "sco": 98,
          "dco": 1171,
          "txt": "Wycombe"
        },
        {
          "si": 9,
          "sti": 23,
          "dti": 229,
          "sco": 106,
          "dco": 1179,
          "txt": "Wanderers"
        },
        {
          "si": 9,
          "sti": 24,
          "dti": 230,
          "sco": 116,
          "dco": 1189,
          "txt": "on"
        },
        {
          "si": 9,
          "sti": 25,
          "dti": 231,
          "sco": 119,
          "dco": 1192,
          "txt": "a"
        },
        {
          "si": 9,
          "sti": 26,
          "dti": 232,
          "sco": 121,
          "dco": 1194,
          "txt": "two"
        },
        {
          "si": 9,
          "sti": 27,
          "dti": 233,
          "sco": 124,
          "dco": 1197,
          "txt": "-"
        },
        {
          "si": 9,
          "sti": 28,
          "dti": 234,
          "sco": 125,
          "dco": 1198,
          "txt": "year"
        },
        {
          "si": 9,
          "sti": 29,
          "dti": 235,
          "sco": 130,
          "dco": 1203,
          "txt": "deal"
        },
        {
          "si": 9,
          "sti": 30,
          "dti": 236,
          "sco": 134,
          "dco": 1207,
          "txt": "."
        }
      ]
    },
    "ganns": {
      "dla": [],
      "la": [],
      "ea": [],
      "eta": [
        {
          "ra": {
            "ea": {
              "etn": "Anthony_Stewart_(footballer)"
            }
          },
          "sfs": [
            [
              {
                "stn": "birthYear"
              },
              {
                "dla": {
                  "txt": {
                    "sff": "1992"
                  },
                  "et": {
                    "etn": "BirthYear"
                  },
                  "dp": {
                    "off": 72
                  }
                }
              }
            ],
            [
              {
                "stn": "deathYear"
              },
              {}
            ]
          ],
          "mfs": [
            [
              {
                "stn": "birthPlaces"
              },
              {
                "dla": [],
                "la": [],
                "ea": [],
                "eta": []
              }
            ],
            [
              {
                "stn": "teams"
              },
              {
                "dla": [],
                "la": [],
                "ea": [
                  {
                    "etn": "Wycombe_Wanderers_F.C."
                  }
                ],
                "eta": []
              }
            ],
            [
              {
                "stn": "positions"
              },
              {
                "dla": [],
                "la": [],
                "ea": [
                  {
                    "etn": "Defender_(association_football)"
                  }
                ],
                "eta": []
              }
            ]
          ]
        }
      ]
    }
  }
]
