[
  {
    "context": "TRAIN",
    "doc": {
      "id": "Arsen_Beglaryan",
      "tl": [
        {
          "si": 0,
          "sti": 0,
          "dti": 0,
          "sco": 0,
          "dco": 0,
          "txt": "Arsen"
        },
        {
          "si": 0,
          "sti": 1,
          "dti": 1,
          "sco": 6,
          "dco": 6,
          "txt": "Beglaryan"
        },
        {
          "si": 0,
          "sti": 2,
          "dti": 2,
          "sco": 15,
          "dco": 15,
          "txt": "."
        },
        {
          "si": 1,
          "sti": 0,
          "dti": 3,
          "sco": 0,
          "dco": 17,
          "txt": "Arsen"
        },
        {
          "si": 1,
          "sti": 1,
          "dti": 4,
          "sco": 6,
          "dco": 23,
          "txt": "Beglaryan"
        },
        {
          "si": 1,
          "sti": 2,
          "dti": 5,
          "sco": 16,
          "dco": 33,
          "txt": "("
        },
        {
          "si": 1,
          "sti": 3,
          "dti": 6,
          "sco": 17,
          "dco": 34,
          "txt": ","
        },
        {
          "si": 1,
          "sti": 4,
          "dti": 7,
          "sco": 19,
          "dco": 36,
          "txt": "born"
        },
        {
          "si": 1,
          "sti": 5,
          "dti": 8,
          "sco": 24,
          "dco": 41,
          "txt": "18"
        },
        {
          "si": 1,
          "sti": 6,
          "dti": 9,
          "sco": 27,
          "dco": 44,
          "txt": "February"
        },
        {
          "si": 1,
          "sti": 7,
          "dti": 10,
          "sco": 36,
          "dco": 53,
          "txt": "1993"
        },
        {
          "si": 1,
          "sti": 8,
          "dti": 11,
          "sco": 41,
          "dco": 58,
          "txt": "in"
        },
        {
          "si": 1,
          "sti": 9,
          "dti": 12,
          "sco": 44,
          "dco": 61,
          "txt": "Krasnodar"
        },
        {
          "si": 1,
          "sti": 10,
          "dti": 13,
          "sco": 53,
          "dco": 70,
          "txt": ")"
        },
        {
          "si": 1,
          "sti": 11,
          "dti": 14,
          "sco": 55,
          "dco": 72,
          "txt": "is"
        },
        {
          "si": 1,
          "sti": 12,
          "dti": 15,
          "sco": 58,
          "dco": 75,
          "txt": "an"
        },
        {
          "si": 1,
          "sti": 13,
          "dti": 16,
          "sco": 61,
          "dco": 78,
          "txt": "Armenian"
        },
        {
          "si": 1,
          "sti": 14,
          "dti": 17,
          "sco": 70,
          "dco": 87,
          "txt": "football"
        },
        {
          "si": 1,
          "sti": 15,
          "dti": 18,
          "sco": 79,
          "dco": 96,
          "txt": "player"
        },
        {
          "si": 1,
          "sti": 16,
          "dti": 19,
          "sco": 86,
          "dco": 103,
          "txt": "who"
        },
        {
          "si": 1,
          "sti": 17,
          "dti": 20,
          "sco": 90,
          "dco": 107,
          "txt": "currently"
        },
        {
          "si": 1,
          "sti": 18,
          "dti": 21,
          "sco": 100,
          "dco": 117,
          "txt": "plays"
        },
        {
          "si": 1,
          "sti": 19,
          "dti": 22,
          "sco": 106,
          "dco": 123,
          "txt": "as"
        },
        {
          "si": 1,
          "sti": 20,
          "dti": 23,
          "sco": 109,
          "dco": 126,
          "txt": "a"
        },
        {
          "si": 1,
          "sti": 21,
          "dti": 24,
          "sco": 111,
          "dco": 128,
          "txt": "goalkeeper"
        },
        {
          "si": 1,
          "sti": 22,
          "dti": 25,
          "sco": 122,
          "dco": 139,
          "txt": "for"
        },
        {
          "si": 1,
          "sti": 23,
          "dti": 26,
          "sco": 126,
          "dco": 143,
          "txt": "the"
        },
        {
          "si": 1,
          "sti": 24,
          "dti": 27,
          "sco": 130,
          "dco": 147,
          "txt": "Armenian"
        },
        {
          "si": 1,
          "sti": 25,
          "dti": 28,
          "sco": 139,
          "dco": 156,
          "txt": "national"
        },
        {
          "si": 1,
          "sti": 26,
          "dti": 29,
          "sco": 148,
          "dco": 165,
          "txt": "team"
        },
        {
          "si": 1,
          "sti": 27,
          "dti": 30,
          "sco": 153,
          "dco": 170,
          "txt": "and"
        },
        {
          "si": 1,
          "sti": 28,
          "dti": 31,
          "sco": 157,
          "dco": 174,
          "txt": "the"
        },
        {
          "si": 1,
          "sti": 29,
          "dti": 32,
          "sco": 161,
          "dco": 178,
          "txt": "Armenian"
        },
        {
          "si": 1,
          "sti": 30,
          "dti": 33,
          "sco": 170,
          "dco": 187,
          "txt": "Premier"
        },
        {
          "si": 1,
          "sti": 31,
          "dti": 34,
          "sco": 178,
          "dco": 195,
          "txt": "League"
        },
        {
          "si": 1,
          "sti": 32,
          "dti": 35,
          "sco": 185,
          "dco": 202,
          "txt": "club"
        },
        {
          "si": 1,
          "sti": 33,
          "dti": 36,
          "sco": 190,
          "dco": 207,
          "txt": "FC"
        },
        {
          "si": 1,
          "sti": 34,
          "dti": 37,
          "sco": 193,
          "dco": 210,
          "txt": "Mika"
        },
        {
          "si": 1,
          "sti": 35,
          "dti": 38,
          "sco": 197,
          "dco": 214,
          "txt": "."
        },
        {
          "si": 2,
          "sti": 0,
          "dti": 39,
          "sco": 0,
          "dco": 216,
          "txt": "Club"
        },
        {
          "si": 2,
          "sti": 1,
          "dti": 40,
          "sco": 5,
          "dco": 221,
          "txt": "career"
        },
        {
          "si": 2,
          "sti": 2,
          "dti": 41,
          "sco": 11,
          "dco": 227,
          "txt": "."
        },
        {
          "si": 3,
          "sti": 0,
          "dti": 42,
          "sco": 0,
          "dco": 229,
          "txt": "Arsen"
        },
        {
          "si": 3,
          "sti": 1,
          "dti": 43,
          "sco": 6,
          "dco": 235,
          "txt": "Beglaryan"
        },
        {
          "si": 3,
          "sti": 2,
          "dti": 44,
          "sco": 16,
          "dco": 245,
          "txt": "was"
        },
        {
          "si": 3,
          "sti": 3,
          "dti": 45,
          "sco": 20,
          "dco": 249,
          "txt": "born"
        },
        {
          "si": 3,
          "sti": 4,
          "dti": 46,
          "sco": 25,
          "dco": 254,
          "txt": "in"
        },
        {
          "si": 3,
          "sti": 5,
          "dti": 47,
          "sco": 28,
          "dco": 257,
          "txt": "Krasnodar"
        },
        {
          "si": 3,
          "sti": 6,
          "dti": 48,
          "sco": 37,
          "dco": 266,
          "txt": ","
        },
        {
          "si": 3,
          "sti": 7,
          "dti": 49,
          "sco": 39,
          "dco": 268,
          "txt": "Russia"
        },
        {
          "si": 3,
          "sti": 8,
          "dti": 50,
          "sco": 45,
          "dco": 274,
          "txt": "."
        },
        {
          "si": 4,
          "sti": 0,
          "dti": 51,
          "sco": 0,
          "dco": 276,
          "txt": "He"
        },
        {
          "si": 4,
          "sti": 1,
          "dti": 52,
          "sco": 3,
          "dco": 279,
          "txt": "played"
        },
        {
          "si": 4,
          "sti": 2,
          "dti": 53,
          "sco": 10,
          "dco": 286,
          "txt": "goalkeeper"
        },
        {
          "si": 4,
          "sti": 3,
          "dti": 54,
          "sco": 21,
          "dco": 297,
          "txt": "for"
        },
        {
          "si": 4,
          "sti": 4,
          "dti": 55,
          "sco": 25,
          "dco": 301,
          "txt": "the"
        },
        {
          "si": 4,
          "sti": 5,
          "dti": 56,
          "sco": 29,
          "dco": 305,
          "txt": "second"
        },
        {
          "si": 4,
          "sti": 6,
          "dti": 57,
          "sco": 36,
          "dco": 312,
          "txt": "teams"
        },
        {
          "si": 4,
          "sti": 7,
          "dti": 58,
          "sco": 42,
          "dco": 318,
          "txt": "of"
        },
        {
          "si": 4,
          "sti": 8,
          "dti": 59,
          "sco": 45,
          "dco": 321,
          "txt": "Kuban"
        },
        {
          "si": 4,
          "sti": 9,
          "dti": 60,
          "sco": 51,
          "dco": 327,
          "txt": "Krasnodar"
        },
        {
          "si": 4,
          "sti": 10,
          "dti": 61,
          "sco": 61,
          "dco": 337,
          "txt": "and"
        },
        {
          "si": 4,
          "sti": 11,
          "dti": 62,
          "sco": 65,
          "dco": 341,
          "txt": "Krasnodar"
        },
        {
          "si": 4,
          "sti": 12,
          "dti": 63,
          "sco": 75,
          "dco": 351,
          "txt": "during"
        },
        {
          "si": 4,
          "sti": 13,
          "dti": 64,
          "sco": 82,
          "dco": 358,
          "txt": "his"
        },
        {
          "si": 4,
          "sti": 14,
          "dti": 65,
          "sco": 86,
          "dco": 362,
          "txt": "early"
        },
        {
          "si": 4,
          "sti": 15,
          "dti": 66,
          "sco": 92,
          "dco": 368,
          "txt": "career"
        },
        {
          "si": 4,
          "sti": 16,
          "dti": 67,
          "sco": 98,
          "dco": 374,
          "txt": "."
        },
        {
          "si": 5,
          "sti": 0,
          "dti": 68,
          "sco": 0,
          "dco": 376,
          "txt": "Although"
        },
        {
          "si": 5,
          "sti": 1,
          "dti": 69,
          "sco": 9,
          "dco": 385,
          "txt": "he"
        },
        {
          "si": 5,
          "sti": 2,
          "dti": 70,
          "sco": 12,
          "dco": 388,
          "txt": "received"
        },
        {
          "si": 5,
          "sti": 3,
          "dti": 71,
          "sco": 21,
          "dco": 397,
          "txt": "many"
        },
        {
          "si": 5,
          "sti": 4,
          "dti": 72,
          "sco": 26,
          "dco": 402,
          "txt": "offers"
        },
        {
          "si": 5,
          "sti": 5,
          "dti": 73,
          "sco": 33,
          "dco": 409,
          "txt": "from"
        },
        {
          "si": 5,
          "sti": 6,
          "dti": 74,
          "sco": 38,
          "dco": 414,
          "txt": "Russian"
        },
        {
          "si": 5,
          "sti": 7,
          "dti": 75,
          "sco": 46,
          "dco": 422,
          "txt": "clubs"
        },
        {
          "si": 5,
          "sti": 8,
          "dti": 76,
          "sco": 51,
          "dco": 427,
          "txt": ","
        },
        {
          "si": 5,
          "sti": 9,
          "dti": 77,
          "sco": 53,
          "dco": 429,
          "txt": "Beglaryan"
        },
        {
          "si": 5,
          "sti": 10,
          "dti": 78,
          "sco": 63,
          "dco": 439,
          "txt": "joined"
        },
        {
          "si": 5,
          "sti": 11,
          "dti": 79,
          "sco": 70,
          "dco": 446,
          "txt": "Armenian"
        },
        {
          "si": 5,
          "sti": 12,
          "dti": 80,
          "sco": 79,
          "dco": 455,
          "txt": "club"
        },
        {
          "si": 5,
          "sti": 13,
          "dti": 81,
          "sco": 84,
          "dco": 460,
          "txt": "Gandzasar"
        },
        {
          "si": 5,
          "sti": 14,
          "dti": 82,
          "sco": 94,
          "dco": 470,
          "txt": "Kapan"
        },
        {
          "si": 5,
          "sti": 15,
          "dti": 83,
          "sco": 100,
          "dco": 476,
          "txt": "on"
        },
        {
          "si": 5,
          "sti": 16,
          "dti": 84,
          "sco": 103,
          "dco": 479,
          "txt": "January"
        },
        {
          "si": 5,
          "sti": 17,
          "dti": 85,
          "sco": 111,
          "dco": 487,
          "txt": "1"
        },
        {
          "si": 5,
          "sti": 18,
          "dti": 86,
          "sco": 112,
          "dco": 488,
          "txt": ","
        },
        {
          "si": 5,
          "sti": 19,
          "dti": 87,
          "sco": 114,
          "dco": 490,
          "txt": "2012"
        },
        {
          "si": 5,
          "sti": 20,
          "dti": 88,
          "sco": 119,
          "dco": 495,
          "txt": "in"
        },
        {
          "si": 5,
          "sti": 21,
          "dti": 89,
          "sco": 122,
          "dco": 498,
          "txt": "order"
        },
        {
          "si": 5,
          "sti": 22,
          "dti": 90,
          "sco": 128,
          "dco": 504,
          "txt": "to"
        },
        {
          "si": 5,
          "sti": 23,
          "dti": 91,
          "sco": 131,
          "dco": 507,
          "txt": "get"
        },
        {
          "si": 5,
          "sti": 24,
          "dti": 92,
          "sco": 135,
          "dco": 511,
          "txt": "more"
        },
        {
          "si": 5,
          "sti": 25,
          "dti": 93,
          "sco": 140,
          "dco": 516,
          "txt": "practice"
        },
        {
          "si": 5,
          "sti": 26,
          "dti": 94,
          "sco": 148,
          "dco": 524,
          "txt": "."
        },
        {
          "si": 6,
          "sti": 0,
          "dti": 95,
          "sco": 0,
          "dco": 526,
          "txt": "The"
        },
        {
          "si": 6,
          "sti": 1,
          "dti": 96,
          "sco": 4,
          "dco": 530,
          "txt": "contact"
        },
        {
          "si": 6,
          "sti": 2,
          "dti": 97,
          "sco": 12,
          "dco": 538,
          "txt": "with"
        },
        {
          "si": 6,
          "sti": 3,
          "dti": 98,
          "sco": 17,
          "dco": 543,
          "txt": "Gandzasar"
        },
        {
          "si": 6,
          "sti": 4,
          "dti": 99,
          "sco": 27,
          "dco": 553,
          "txt": "will"
        },
        {
          "si": 6,
          "sti": 5,
          "dti": 100,
          "sco": 32,
          "dco": 558,
          "txt": "expire"
        },
        {
          "si": 6,
          "sti": 6,
          "dti": 101,
          "sco": 39,
          "dco": 565,
          "txt": "on"
        },
        {
          "si": 6,
          "sti": 7,
          "dti": 102,
          "sco": 42,
          "dco": 568,
          "txt": "June"
        },
        {
          "si": 6,
          "sti": 8,
          "dti": 103,
          "sco": 47,
          "dco": 573,
          "txt": "30"
        },
        {
          "si": 6,
          "sti": 9,
          "dti": 104,
          "sco": 49,
          "dco": 575,
          "txt": ","
        },
        {
          "si": 6,
          "sti": 10,
          "dti": 105,
          "sco": 51,
          "dco": 577,
          "txt": "2014"
        },
        {
          "si": 6,
          "sti": 11,
          "dti": 106,
          "sco": 55,
          "dco": 581,
          "txt": "."
        },
        {
          "si": 7,
          "sti": 0,
          "dti": 107,
          "sco": 0,
          "dco": 583,
          "txt": "He"
        },
        {
          "si": 7,
          "sti": 1,
          "dti": 108,
          "sco": 3,
          "dco": 586,
          "txt": "was"
        },
        {
          "si": 7,
          "sti": 2,
          "dti": 109,
          "sco": 7,
          "dco": 590,
          "txt": "the"
        },
        {
          "si": 7,
          "sti": 3,
          "dti": 110,
          "sco": 11,
          "dco": 594,
          "txt": "second"
        },
        {
          "si": 7,
          "sti": 4,
          "dti": 111,
          "sco": 18,
          "dco": 601,
          "txt": "candidate"
        },
        {
          "si": 7,
          "sti": 5,
          "dti": 112,
          "sco": 28,
          "dco": 611,
          "txt": "from"
        },
        {
          "si": 7,
          "sti": 6,
          "dti": 113,
          "sco": 33,
          "dco": 616,
          "txt": "Gandzasar"
        },
        {
          "si": 7,
          "sti": 7,
          "dti": 114,
          "sco": 43,
          "dco": 626,
          "txt": "to"
        },
        {
          "si": 7,
          "sti": 8,
          "dti": 115,
          "sco": 46,
          "dco": 629,
          "txt": "be"
        },
        {
          "si": 7,
          "sti": 9,
          "dti": 116,
          "sco": 49,
          "dco": 632,
          "txt": "nominated"
        },
        {
          "si": 7,
          "sti": 10,
          "dti": 117,
          "sco": 59,
          "dco": 642,
          "txt": "for"
        },
        {
          "si": 7,
          "sti": 11,
          "dti": 118,
          "sco": 63,
          "dco": 646,
          "txt": "the"
        },
        {
          "si": 7,
          "sti": 12,
          "dti": 119,
          "sco": 67,
          "dco": 650,
          "txt": "Armenian"
        },
        {
          "si": 7,
          "sti": 13,
          "dti": 120,
          "sco": 76,
          "dco": 659,
          "txt": "Footballer"
        },
        {
          "si": 7,
          "sti": 14,
          "dti": 121,
          "sco": 87,
          "dco": 670,
          "txt": "of"
        },
        {
          "si": 7,
          "sti": 15,
          "dti": 122,
          "sco": 90,
          "dco": 673,
          "txt": "the"
        },
        {
          "si": 7,
          "sti": 16,
          "dti": 123,
          "sco": 94,
          "dco": 677,
          "txt": "Year"
        },
        {
          "si": 7,
          "sti": 17,
          "dti": 124,
          "sco": 99,
          "dco": 682,
          "txt": "award"
        },
        {
          "si": 7,
          "sti": 18,
          "dti": 125,
          "sco": 105,
          "dco": 688,
          "txt": "in"
        },
        {
          "si": 7,
          "sti": 19,
          "dti": 126,
          "sco": 108,
          "dco": 691,
          "txt": "2012"
        },
        {
          "si": 7,
          "sti": 20,
          "dti": 127,
          "sco": 112,
          "dco": 695,
          "txt": "."
        },
        {
          "si": 8,
          "sti": 0,
          "dti": 128,
          "sco": 0,
          "dco": 697,
          "txt": "International"
        },
        {
          "si": 8,
          "sti": 1,
          "dti": 129,
          "sco": 14,
          "dco": 711,
          "txt": "career"
        },
        {
          "si": 8,
          "sti": 2,
          "dti": 130,
          "sco": 20,
          "dco": 717,
          "txt": "."
        },
        {
          "si": 9,
          "sti": 0,
          "dti": 131,
          "sco": 0,
          "dco": 719,
          "txt": "Beglaryan"
        },
        {
          "si": 9,
          "sti": 1,
          "dti": 132,
          "sco": 10,
          "dco": 729,
          "txt": "was"
        },
        {
          "si": 9,
          "sti": 2,
          "dti": 133,
          "sco": 14,
          "dco": 733,
          "txt": "invited"
        },
        {
          "si": 9,
          "sti": 3,
          "dti": 134,
          "sco": 22,
          "dco": 741,
          "txt": "into"
        },
        {
          "si": 9,
          "sti": 4,
          "dti": 135,
          "sco": 27,
          "dco": 746,
          "txt": "the"
        },
        {
          "si": 9,
          "sti": 5,
          "dti": 136,
          "sco": 31,
          "dco": 750,
          "txt": "Armenia"
        },
        {
          "si": 9,
          "sti": 6,
          "dti": 137,
          "sco": 39,
          "dco": 758,
          "txt": "national"
        },
        {
          "si": 9,
          "sti": 7,
          "dti": 138,
          "sco": 48,
          "dco": 767,
          "txt": "football"
        },
        {
          "si": 9,
          "sti": 8,
          "dti": 139,
          "sco": 57,
          "dco": 776,
          "txt": "team"
        },
        {
          "si": 9,
          "sti": 9,
          "dti": 140,
          "sco": 62,
          "dco": 781,
          "txt": "in"
        },
        {
          "si": 9,
          "sti": 10,
          "dti": 141,
          "sco": 65,
          "dco": 784,
          "txt": "early"
        },
        {
          "si": 9,
          "sti": 11,
          "dti": 142,
          "sco": 71,
          "dco": 790,
          "txt": "September"
        },
        {
          "si": 9,
          "sti": 12,
          "dti": 143,
          "sco": 81,
          "dco": 800,
          "txt": "2012"
        },
        {
          "si": 9,
          "sti": 13,
          "dti": 144,
          "sco": 85,
          "dco": 804,
          "txt": "."
        },
        {
          "si": 10,
          "sti": 0,
          "dti": 145,
          "sco": 0,
          "dco": 806,
          "txt": "He"
        },
        {
          "si": 10,
          "sti": 1,
          "dti": 146,
          "sco": 3,
          "dco": 809,
          "txt": "debuted"
        },
        {
          "si": 10,
          "sti": 2,
          "dti": 147,
          "sco": 11,
          "dco": 817,
          "txt": "for"
        },
        {
          "si": 10,
          "sti": 3,
          "dti": 148,
          "sco": 15,
          "dco": 821,
          "txt": "the"
        },
        {
          "si": 10,
          "sti": 4,
          "dti": 149,
          "sco": 19,
          "dco": 825,
          "txt": "national"
        },
        {
          "si": 10,
          "sti": 5,
          "dti": 150,
          "sco": 28,
          "dco": 834,
          "txt": "team"
        },
        {
          "si": 10,
          "sti": 6,
          "dti": 151,
          "sco": 33,
          "dco": 839,
          "txt": "on"
        },
        {
          "si": 10,
          "sti": 7,
          "dti": 152,
          "sco": 36,
          "dco": 842,
          "txt": "February"
        },
        {
          "si": 10,
          "sti": 8,
          "dti": 153,
          "sco": 45,
          "dco": 851,
          "txt": "5"
        },
        {
          "si": 10,
          "sti": 9,
          "dti": 154,
          "sco": 46,
          "dco": 852,
          "txt": ","
        },
        {
          "si": 10,
          "sti": 10,
          "dti": 155,
          "sco": 48,
          "dco": 854,
          "txt": "2013"
        },
        {
          "si": 10,
          "sti": 11,
          "dti": 156,
          "sco": 53,
          "dco": 859,
          "txt": "in"
        },
        {
          "si": 10,
          "sti": 12,
          "dti": 157,
          "sco": 56,
          "dco": 862,
          "txt": "a"
        },
        {
          "si": 10,
          "sti": 13,
          "dti": 158,
          "sco": 58,
          "dco": 864,
          "txt": "friendly"
        },
        {
          "si": 10,
          "sti": 14,
          "dti": 159,
          "sco": 67,
          "dco": 873,
          "txt": "match"
        },
        {
          "si": 10,
          "sti": 15,
          "dti": 160,
          "sco": 73,
          "dco": 879,
          "txt": "against"
        },
        {
          "si": 10,
          "sti": 16,
          "dti": 161,
          "sco": 81,
          "dco": 887,
          "txt": "Luxembourg"
        },
        {
          "si": 10,
          "sti": 17,
          "dti": 162,
          "sco": 92,
          "dco": 898,
          "txt": "in"
        },
        {
          "si": 10,
          "sti": 18,
          "dti": 163,
          "sco": 95,
          "dco": 901,
          "txt": "Valence"
        },
        {
          "si": 10,
          "sti": 19,
          "dti": 164,
          "sco": 102,
          "dco": 908,
          "txt": ","
        },
        {
          "si": 10,
          "sti": 20,
          "dti": 165,
          "sco": 104,
          "dco": 910,
          "txt": "France"
        },
        {
          "si": 10,
          "sti": 21,
          "dti": 166,
          "sco": 110,
          "dco": 916,
          "txt": "."
        },
        {
          "si": 11,
          "sti": 0,
          "dti": 167,
          "sco": 0,
          "dco": 918,
          "txt": "He"
        },
        {
          "si": 11,
          "sti": 1,
          "dti": 168,
          "sco": 3,
          "dco": 921,
          "txt": "has"
        },
        {
          "si": 11,
          "sti": 2,
          "dti": 169,
          "sco": 7,
          "dco": 925,
          "txt": "yet"
        },
        {
          "si": 11,
          "sti": 3,
          "dti": 170,
          "sco": 11,
          "dco": 929,
          "txt": "to"
        },
        {
          "si": 11,
          "sti": 4,
          "dti": 171,
          "sco": 14,
          "dco": 932,
          "txt": "play"
        },
        {
          "si": 11,
          "sti": 5,
          "dti": 172,
          "sco": 19,
          "dco": 937,
          "txt": "off"
        },
        {
          "si": 11,
          "sti": 6,
          "dti": 173,
          "sco": 23,
          "dco": 941,
          "txt": "the"
        },
        {
          "si": 11,
          "sti": 7,
          "dti": 174,
          "sco": 27,
          "dco": 945,
          "txt": "bench"
        },
        {
          "si": 11,
          "sti": 8,
          "dti": 175,
          "sco": 32,
          "dco": 950,
          "txt": "."
        }
      ]
    },
    "ganns": {
      "dla": [],
      "la": [],
      "ea": [],
      "eta": [
        {
          "ra": {
            "ea": {
              "etn": "Arsen_Beglaryan"
            }
          },
          "sfs": [
            [
              {
                "stn": "birthYear"
              },
              {
                "dla": {
                  "txt": {
                    "sff": "1993"
                  },
                  "et": {
                    "etn": "BirthYear"
                  },
                  "dp": {
                    "off": 53
                  }
                }
              }
            ],
            [
              {
                "stn": "deathYear"
              },
              {}
            ]
          ],
          "mfs": [
            [
              {
                "stn": "birthPlaces"
              },
              {
                "dla": [],
                "la": [],
                "ea": [
                  {
                    "etn": "Krasnodar"
                  },
                  {
                    "etn": "Russia"
                  }
                ],
                "eta": []
              }
            ],
            [
              {
                "stn": "teams"
              },
              {
                "dla": [],
                "la": [],
                "ea": [
                  {
                    "etn": "FC_Kuban_Krasnodar"
                  },
                  {
                    "etn": "FC_Krasnodar"
                  }
                ],
                "eta": []
              }
            ],
            [
              {
                "stn": "positions"
              },
              {
                "dla": [],
                "la": [],
                "ea": [
                  {
                    "etn": "Goalkeeper_(association_football)"
                  }
                ],
                "eta": []
              }
            ]
          ]
        }
      ]
    }
  }
]
