[
  {
    "context": "DEVELOPMENT",
    "doc": {
      "id": "Azidan_Sarudin",
      "tl": [
        {
          "si": 0,
          "sti": 0,
          "dti": 0,
          "sco": 0,
          "dco": 0,
          "txt": "Azidan"
        },
        {
          "si": 0,
          "sti": 1,
          "dti": 1,
          "sco": 7,
          "dco": 7,
          "txt": "Sarudin"
        },
        {
          "si": 0,
          "sti": 2,
          "dti": 2,
          "sco": 14,
          "dco": 14,
          "txt": "."
        },
        {
          "si": 1,
          "sti": 0,
          "dti": 3,
          "sco": 0,
          "dco": 16,
          "txt": "Azidan"
        },
        {
          "si": 1,
          "sti": 1,
          "dti": 4,
          "sco": 7,
          "dco": 23,
          "txt": "Sarudin"
        },
        {
          "si": 1,
          "sti": 2,
          "dti": 5,
          "sco": 15,
          "dco": 31,
          "txt": "("
        },
        {
          "si": 1,
          "sti": 3,
          "dti": 6,
          "sco": 16,
          "dco": 32,
          "txt": "born"
        },
        {
          "si": 1,
          "sti": 4,
          "dti": 7,
          "sco": 21,
          "dco": 37,
          "txt": "31"
        },
        {
          "si": 1,
          "sti": 5,
          "dti": 8,
          "sco": 24,
          "dco": 40,
          "txt": "May"
        },
        {
          "si": 1,
          "sti": 6,
          "dti": 9,
          "sco": 28,
          "dco": 44,
          "txt": "1986"
        },
        {
          "si": 1,
          "sti": 7,
          "dti": 10,
          "sco": 33,
          "dco": 49,
          "txt": "in"
        },
        {
          "si": 1,
          "sti": 8,
          "dti": 11,
          "sco": 36,
          "dco": 52,
          "txt": "Kuala"
        },
        {
          "si": 1,
          "sti": 9,
          "dti": 12,
          "sco": 42,
          "dco": 58,
          "txt": "Lumpur"
        },
        {
          "si": 1,
          "sti": 10,
          "dti": 13,
          "sco": 48,
          "dco": 64,
          "txt": ")"
        },
        {
          "si": 1,
          "sti": 11,
          "dti": 14,
          "sco": 50,
          "dco": 66,
          "txt": "is"
        },
        {
          "si": 1,
          "sti": 12,
          "dti": 15,
          "sco": 53,
          "dco": 69,
          "txt": "a"
        },
        {
          "si": 1,
          "sti": 13,
          "dti": 16,
          "sco": 55,
          "dco": 71,
          "txt": "Malaysian"
        },
        {
          "si": 1,
          "sti": 14,
          "dti": 17,
          "sco": 65,
          "dco": 81,
          "txt": "footballer"
        },
        {
          "si": 1,
          "sti": 15,
          "dti": 18,
          "sco": 76,
          "dco": 92,
          "txt": "currently"
        },
        {
          "si": 1,
          "sti": 16,
          "dti": 19,
          "sco": 86,
          "dco": 102,
          "txt": "playing"
        },
        {
          "si": 1,
          "sti": 17,
          "dti": 20,
          "sco": 94,
          "dco": 110,
          "txt": "for"
        },
        {
          "si": 1,
          "sti": 18,
          "dti": 21,
          "sco": 98,
          "dco": 114,
          "txt": "Pahang"
        },
        {
          "si": 1,
          "sti": 19,
          "dti": 22,
          "sco": 105,
          "dco": 121,
          "txt": "FA"
        },
        {
          "si": 1,
          "sti": 20,
          "dti": 23,
          "sco": 108,
          "dco": 124,
          "txt": "in"
        },
        {
          "si": 1,
          "sti": 21,
          "dti": 24,
          "sco": 111,
          "dco": 127,
          "txt": "Malaysia"
        },
        {
          "si": 1,
          "sti": 22,
          "dti": 25,
          "sco": 120,
          "dco": 136,
          "txt": "Super"
        },
        {
          "si": 1,
          "sti": 23,
          "dti": 26,
          "sco": 126,
          "dco": 142,
          "txt": "League"
        },
        {
          "si": 1,
          "sti": 24,
          "dti": 27,
          "sco": 132,
          "dco": 148,
          "txt": "."
        },
        {
          "si": 2,
          "sti": 0,
          "dti": 28,
          "sco": 0,
          "dco": 150,
          "txt": "He"
        },
        {
          "si": 2,
          "sti": 1,
          "dti": 29,
          "sco": 3,
          "dco": 153,
          "txt": "plays"
        },
        {
          "si": 2,
          "sti": 2,
          "dti": 30,
          "sco": 9,
          "dco": 159,
          "txt": "as"
        },
        {
          "si": 2,
          "sti": 3,
          "dti": 31,
          "sco": 12,
          "dco": 162,
          "txt": "a"
        },
        {
          "si": 2,
          "sti": 4,
          "dti": 32,
          "sco": 14,
          "dco": 164,
          "txt": "central"
        },
        {
          "si": 2,
          "sti": 5,
          "dti": 33,
          "sco": 22,
          "dco": 172,
          "txt": "midfielder"
        },
        {
          "si": 2,
          "sti": 6,
          "dti": 34,
          "sco": 33,
          "dco": 183,
          "txt": "for"
        },
        {
          "si": 2,
          "sti": 7,
          "dti": 35,
          "sco": 37,
          "dco": 187,
          "txt": "the"
        },
        {
          "si": 2,
          "sti": 8,
          "dti": 36,
          "sco": 41,
          "dco": 191,
          "txt": "squad"
        },
        {
          "si": 2,
          "sti": 9,
          "dti": 37,
          "sco": 46,
          "dco": 196,
          "txt": "."
        },
        {
          "si": 3,
          "sti": 0,
          "dti": 38,
          "sco": 0,
          "dco": 198,
          "txt": "Before"
        },
        {
          "si": 3,
          "sti": 1,
          "dti": 39,
          "sco": 7,
          "dco": 205,
          "txt": "his"
        },
        {
          "si": 3,
          "sti": 2,
          "dti": 40,
          "sco": 11,
          "dco": 209,
          "txt": "transfer"
        },
        {
          "si": 3,
          "sti": 3,
          "dti": 41,
          "sco": 20,
          "dco": 218,
          "txt": "to"
        },
        {
          "si": 3,
          "sti": 4,
          "dti": 42,
          "sco": 23,
          "dco": 221,
          "txt": "Pahang"
        },
        {
          "si": 3,
          "sti": 5,
          "dti": 43,
          "sco": 30,
          "dco": 228,
          "txt": "FA"
        },
        {
          "si": 3,
          "sti": 6,
          "dti": 44,
          "sco": 32,
          "dco": 230,
          "txt": ","
        },
        {
          "si": 3,
          "sti": 7,
          "dti": 45,
          "sco": 34,
          "dco": 232,
          "txt": "he"
        },
        {
          "si": 3,
          "sti": 8,
          "dti": 46,
          "sco": 37,
          "dco": 235,
          "txt": "played"
        },
        {
          "si": 3,
          "sti": 9,
          "dti": 47,
          "sco": 44,
          "dco": 242,
          "txt": "with"
        },
        {
          "si": 3,
          "sti": 10,
          "dti": 48,
          "sco": 49,
          "dco": 247,
          "txt": "Selangor"
        },
        {
          "si": 3,
          "sti": 11,
          "dti": 49,
          "sco": 58,
          "dco": 256,
          "txt": "FA"
        },
        {
          "si": 3,
          "sti": 12,
          "dti": 50,
          "sco": 61,
          "dco": 259,
          "txt": "and"
        },
        {
          "si": 3,
          "sti": 13,
          "dti": 51,
          "sco": 65,
          "dco": 263,
          "txt": "Kuala"
        },
        {
          "si": 3,
          "sti": 14,
          "dti": 52,
          "sco": 71,
          "dco": 269,
          "txt": "Lumpur"
        },
        {
          "si": 3,
          "sti": 15,
          "dti": 53,
          "sco": 78,
          "dco": 276,
          "txt": "FA"
        },
        {
          "si": 3,
          "sti": 16,
          "dti": 54,
          "sco": 80,
          "dco": 278,
          "txt": "."
        },
        {
          "si": 4,
          "sti": 0,
          "dti": 55,
          "sco": 0,
          "dco": 280,
          "txt": "Pahang"
        },
        {
          "si": 4,
          "sti": 1,
          "dti": 56,
          "sco": 6,
          "dco": 286,
          "txt": ","
        },
        {
          "si": 4,
          "sti": 2,
          "dti": 57,
          "sco": 8,
          "dco": 288,
          "txt": "the"
        },
        {
          "si": 4,
          "sti": 3,
          "dti": 58,
          "sco": 12,
          "dco": 292,
          "txt": "runners"
        },
        {
          "si": 4,
          "sti": 4,
          "dti": 59,
          "sco": 19,
          "dco": 299,
          "txt": "-"
        },
        {
          "si": 4,
          "sti": 5,
          "dti": 60,
          "sco": 20,
          "dco": 300,
          "txt": "up"
        },
        {
          "si": 4,
          "sti": 6,
          "dti": 61,
          "sco": 23,
          "dco": 303,
          "txt": "in"
        },
        {
          "si": 4,
          "sti": 7,
          "dti": 62,
          "sco": 26,
          "dco": 306,
          "txt": "the"
        },
        {
          "si": 4,
          "sti": 8,
          "dti": 63,
          "sco": 30,
          "dco": 310,
          "txt": "2012"
        },
        {
          "si": 4,
          "sti": 9,
          "dti": 64,
          "sco": 35,
          "dco": 315,
          "txt": "Premier"
        },
        {
          "si": 4,
          "sti": 10,
          "dti": 65,
          "sco": 43,
          "dco": 323,
          "txt": "League"
        },
        {
          "si": 4,
          "sti": 11,
          "dti": 66,
          "sco": 49,
          "dco": 329,
          "txt": ","
        },
        {
          "si": 4,
          "sti": 12,
          "dti": 67,
          "sco": 51,
          "dco": 331,
          "txt": "who"
        },
        {
          "si": 4,
          "sti": 13,
          "dti": 68,
          "sco": 55,
          "dco": 335,
          "txt": "earned"
        },
        {
          "si": 4,
          "sti": 14,
          "dti": 69,
          "sco": 62,
          "dco": 342,
          "txt": "promotion"
        },
        {
          "si": 4,
          "sti": 15,
          "dti": 70,
          "sco": 72,
          "dco": 352,
          "txt": "by"
        },
        {
          "si": 4,
          "sti": 16,
          "dti": 71,
          "sco": 75,
          "dco": 355,
          "txt": "overcoming"
        },
        {
          "si": 4,
          "sti": 17,
          "dti": 72,
          "sco": 86,
          "dco": 366,
          "txt": "Kedah"
        },
        {
          "si": 4,
          "sti": 18,
          "dti": 73,
          "sco": 92,
          "dco": 372,
          "txt": "on"
        },
        {
          "si": 4,
          "sti": 19,
          "dti": 74,
          "sco": 95,
          "dco": 375,
          "txt": "penalties"
        },
        {
          "si": 4,
          "sti": 20,
          "dti": 75,
          "sco": 105,
          "dco": 385,
          "txt": "in"
        },
        {
          "si": 4,
          "sti": 21,
          "dti": 76,
          "sco": 108,
          "dco": 388,
          "txt": "a"
        },
        {
          "si": 4,
          "sti": 22,
          "dti": 77,
          "sco": 110,
          "dco": 390,
          "txt": "play"
        },
        {
          "si": 4,
          "sti": 23,
          "dti": 78,
          "sco": 114,
          "dco": 394,
          "txt": "-"
        },
        {
          "si": 4,
          "sti": 24,
          "dti": 79,
          "sco": 115,
          "dco": 395,
          "txt": "off"
        },
        {
          "si": 4,
          "sti": 25,
          "dti": 80,
          "sco": 119,
          "dco": 399,
          "txt": "match"
        },
        {
          "si": 4,
          "sti": 26,
          "dti": 81,
          "sco": 124,
          "dco": 404,
          "txt": ","
        },
        {
          "si": 4,
          "sti": 27,
          "dti": 82,
          "sco": 126,
          "dco": 406,
          "txt": "has"
        },
        {
          "si": 4,
          "sti": 28,
          "dti": 83,
          "sco": 130,
          "dco": 410,
          "txt": "strengthen"
        },
        {
          "si": 4,
          "sti": 29,
          "dti": 84,
          "sco": 141,
          "dco": 421,
          "txt": "his"
        },
        {
          "si": 4,
          "sti": 30,
          "dti": 85,
          "sco": 145,
          "dco": 425,
          "txt": "squad"
        },
        {
          "si": 4,
          "sti": 31,
          "dti": 86,
          "sco": 151,
          "dco": 431,
          "txt": "by"
        },
        {
          "si": 4,
          "sti": 32,
          "dti": 87,
          "sco": 154,
          "dco": 434,
          "txt": "signing"
        },
        {
          "si": 4,
          "sti": 33,
          "dti": 88,
          "sco": 162,
          "dco": 442,
          "txt": "him"
        },
        {
          "si": 4,
          "sti": 34,
          "dti": 89,
          "sco": 166,
          "dco": 446,
          "txt": "with"
        },
        {
          "si": 4,
          "sti": 35,
          "dti": 90,
          "sco": 171,
          "dco": 451,
          "txt": "other"
        },
        {
          "si": 4,
          "sti": 36,
          "dti": 91,
          "sco": 177,
          "dco": 457,
          "txt": "two"
        },
        {
          "si": 4,
          "sti": 37,
          "dti": 92,
          "sco": 181,
          "dco": 461,
          "txt": "Selangor"
        },
        {
          "si": 4,
          "sti": 38,
          "dti": 93,
          "sco": 190,
          "dco": 470,
          "txt": "players"
        },
        {
          "si": 4,
          "sti": 39,
          "dti": 94,
          "sco": 197,
          "dco": 477,
          "txt": ","
        },
        {
          "si": 4,
          "sti": 40,
          "dti": 95,
          "sco": 198,
          "dco": 478,
          "txt": "Amirulhadi"
        },
        {
          "si": 4,
          "sti": 41,
          "dti": 96,
          "sco": 209,
          "dco": 489,
          "txt": "Zainal"
        },
        {
          "si": 4,
          "sti": 42,
          "dti": 97,
          "sco": 216,
          "dco": 496,
          "txt": "and"
        },
        {
          "si": 4,
          "sti": 43,
          "dti": 98,
          "sco": 220,
          "dco": 500,
          "txt": "Razman"
        },
        {
          "si": 4,
          "sti": 44,
          "dti": 99,
          "sco": 227,
          "dco": 507,
          "txt": "Roslan"
        },
        {
          "si": 4,
          "sti": 45,
          "dti": 100,
          "sco": 234,
          "dco": 514,
          "txt": "in"
        },
        {
          "si": 4,
          "sti": 46,
          "dti": 101,
          "sco": 237,
          "dco": 517,
          "txt": "the"
        },
        {
          "si": 4,
          "sti": 47,
          "dti": 102,
          "sco": 241,
          "dco": 521,
          "txt": "2013"
        },
        {
          "si": 4,
          "sti": 48,
          "dti": 103,
          "sco": 246,
          "dco": 526,
          "txt": "Super"
        },
        {
          "si": 4,
          "sti": 49,
          "dti": 104,
          "sco": 252,
          "dco": 532,
          "txt": "League"
        },
        {
          "si": 4,
          "sti": 50,
          "dti": 105,
          "sco": 259,
          "dco": 539,
          "txt": "season"
        },
        {
          "si": 4,
          "sti": 51,
          "dti": 106,
          "sco": 265,
          "dco": 545,
          "txt": "."
        }
      ]
    },
    "ganns": {
      "dla": [],
      "la": [],
      "ea": [],
      "eta": [
        {
          "ra": {
            "ea": {
              "etn": "Azidan_Sarudin"
            }
          },
          "sfs": [
            [
              {
                "stn": "birthYear"
              },
              {
                "dla": {
                  "txt": {
                    "sff": "1986"
                  },
                  "et": {
                    "etn": "BirthYear"
                  },
                  "dp": {
                    "off": 44
                  }
                }
              }
            ],
            [
              {
                "stn": "deathYear"
              },
              {}
            ]
          ],
          "mfs": [
            [
              {
                "stn": "position"
              },
              {
                "dla": [],
                "la": [],
                "ea": [
                  {
                    "etn": "Midfielder"
                  }
                ],
                "eta": []
              }
            ],
            [
              {
                "stn": "team"
              },
              {
                "dla": [],
                "la": [],
                "ea": [
                  {
                    "etn": "Selangor_FA"
                  },
                  {
                    "etn": "Kuala_Lumpur_FA"
                  },
                  {
                    "etn": "Pahang_FA"
                  }
                ],
                "eta": []
              }
            ],
            [
              {
                "stn": "birthPlace"
              },
              {
                "dla": [],
                "la": [],
                "ea": [
                  {
                    "etn": "Kuala_Lumpur"
                  },
                  {
                    "etn": "Malaysia"
                  }
                ],
                "eta": []
              }
            ]
          ]
        }
      ]
    }
  }
]
