[
  {
    "context": "TRAIN",
    "doc": {
      "id": "Baptiste_Reynet",
      "tl": [
        {
          "si": 0,
          "sti": 0,
          "dti": 0,
          "sco": 0,
          "dco": 0,
          "txt": "Baptiste"
        },
        {
          "si": 0,
          "sti": 1,
          "dti": 1,
          "sco": 9,
          "dco": 9,
          "txt": "Reynet"
        },
        {
          "si": 0,
          "sti": 2,
          "dti": 2,
          "sco": 15,
          "dco": 15,
          "txt": "."
        },
        {
          "si": 1,
          "sti": 0,
          "dti": 3,
          "sco": 0,
          "dco": 17,
          "txt": "Baptiste"
        },
        {
          "si": 1,
          "sti": 1,
          "dti": 4,
          "sco": 9,
          "dco": 26,
          "txt": "Reynet"
        },
        {
          "si": 1,
          "sti": 2,
          "dti": 5,
          "sco": 16,
          "dco": 33,
          "txt": "("
        },
        {
          "si": 1,
          "sti": 3,
          "dti": 6,
          "sco": 17,
          "dco": 34,
          "txt": "born"
        },
        {
          "si": 1,
          "sti": 4,
          "dti": 7,
          "sco": 22,
          "dco": 39,
          "txt": "28"
        },
        {
          "si": 1,
          "sti": 5,
          "dti": 8,
          "sco": 25,
          "dco": 42,
          "txt": "October"
        },
        {
          "si": 1,
          "sti": 6,
          "dti": 9,
          "sco": 33,
          "dco": 50,
          "txt": "1990"
        },
        {
          "si": 1,
          "sti": 7,
          "dti": 10,
          "sco": 38,
          "dco": 55,
          "txt": "in"
        },
        {
          "si": 1,
          "sti": 8,
          "dti": 11,
          "sco": 41,
          "dco": 58,
          "txt": "Romans"
        },
        {
          "si": 1,
          "sti": 9,
          "dti": 12,
          "sco": 47,
          "dco": 64,
          "txt": ")"
        },
        {
          "si": 1,
          "sti": 10,
          "dti": 13,
          "sco": 49,
          "dco": 66,
          "txt": "is"
        },
        {
          "si": 1,
          "sti": 11,
          "dti": 14,
          "sco": 52,
          "dco": 69,
          "txt": "a"
        },
        {
          "si": 1,
          "sti": 12,
          "dti": 15,
          "sco": 54,
          "dco": 71,
          "txt": "French"
        },
        {
          "si": 1,
          "sti": 13,
          "dti": 16,
          "sco": 61,
          "dco": 78,
          "txt": "football"
        },
        {
          "si": 1,
          "sti": 14,
          "dti": 17,
          "sco": 70,
          "dco": 87,
          "txt": "player"
        },
        {
          "si": 1,
          "sti": 15,
          "dti": 18,
          "sco": 77,
          "dco": 94,
          "txt": "who"
        },
        {
          "si": 1,
          "sti": 16,
          "dti": 19,
          "sco": 81,
          "dco": 98,
          "txt": "plays"
        },
        {
          "si": 1,
          "sti": 17,
          "dti": 20,
          "sco": 87,
          "dco": 104,
          "txt": "as"
        },
        {
          "si": 1,
          "sti": 18,
          "dti": 21,
          "sco": 90,
          "dco": 107,
          "txt": "a"
        },
        {
          "si": 1,
          "sti": 19,
          "dti": 22,
          "sco": 92,
          "dco": 109,
          "txt": "goalkeeper"
        },
        {
          "si": 1,
          "sti": 20,
          "dti": 23,
          "sco": 103,
          "dco": 120,
          "txt": "for"
        },
        {
          "si": 1,
          "sti": 21,
          "dti": 24,
          "sco": 107,
          "dco": 124,
          "txt": "French"
        },
        {
          "si": 1,
          "sti": 22,
          "dti": 25,
          "sco": 114,
          "dco": 131,
          "txt": "club"
        },
        {
          "si": 1,
          "sti": 23,
          "dti": 26,
          "sco": 119,
          "dco": 136,
          "txt": "Dijon"
        },
        {
          "si": 1,
          "sti": 24,
          "dti": 27,
          "sco": 125,
          "dco": 142,
          "txt": "FCO"
        },
        {
          "si": 1,
          "sti": 25,
          "dti": 28,
          "sco": 129,
          "dco": 146,
          "txt": "in"
        },
        {
          "si": 1,
          "sti": 26,
          "dti": 29,
          "sco": 132,
          "dco": 149,
          "txt": "Ligue"
        },
        {
          "si": 1,
          "sti": 27,
          "dti": 30,
          "sco": 138,
          "dco": 155,
          "txt": "2"
        },
        {
          "si": 1,
          "sti": 28,
          "dti": 31,
          "sco": 139,
          "dco": 156,
          "txt": "."
        },
        {
          "si": 2,
          "sti": 0,
          "dti": 32,
          "sco": 0,
          "dco": 158,
          "txt": "He"
        },
        {
          "si": 2,
          "sti": 1,
          "dti": 33,
          "sco": 3,
          "dco": 161,
          "txt": "joined"
        },
        {
          "si": 2,
          "sti": 2,
          "dti": 34,
          "sco": 10,
          "dco": 168,
          "txt": "Dijon"
        },
        {
          "si": 2,
          "sti": 3,
          "dti": 35,
          "sco": 16,
          "dco": 174,
          "txt": "in"
        },
        {
          "si": 2,
          "sti": 4,
          "dti": 36,
          "sco": 19,
          "dco": 177,
          "txt": "May"
        },
        {
          "si": 2,
          "sti": 5,
          "dti": 37,
          "sco": 23,
          "dco": 181,
          "txt": "2011"
        },
        {
          "si": 2,
          "sti": 6,
          "dti": 38,
          "sco": 28,
          "dco": 186,
          "txt": "after"
        },
        {
          "si": 2,
          "sti": 7,
          "dti": 39,
          "sco": 34,
          "dco": 192,
          "txt": "spending"
        },
        {
          "si": 2,
          "sti": 8,
          "dti": 40,
          "sco": 43,
          "dco": 201,
          "txt": "three"
        },
        {
          "si": 2,
          "sti": 9,
          "dti": 41,
          "sco": 49,
          "dco": 207,
          "txt": "years"
        },
        {
          "si": 2,
          "sti": 10,
          "dti": 42,
          "sco": 55,
          "dco": 213,
          "txt": "with"
        },
        {
          "si": 2,
          "sti": 11,
          "dti": 43,
          "sco": 60,
          "dco": 218,
          "txt": "Martigues"
        },
        {
          "si": 2,
          "sti": 12,
          "dti": 44,
          "sco": 70,
          "dco": 228,
          "txt": "whom"
        },
        {
          "si": 2,
          "sti": 13,
          "dti": 45,
          "sco": 75,
          "dco": 233,
          "txt": "he"
        },
        {
          "si": 2,
          "sti": 14,
          "dti": 46,
          "sco": 78,
          "dco": 236,
          "txt": "made"
        },
        {
          "si": 2,
          "sti": 15,
          "dti": 47,
          "sco": 83,
          "dco": 241,
          "txt": "over"
        },
        {
          "si": 2,
          "sti": 16,
          "dti": 48,
          "sco": 88,
          "dco": 246,
          "txt": "50"
        },
        {
          "si": 2,
          "sti": 17,
          "dti": 49,
          "sco": 91,
          "dco": 249,
          "txt": "appearances"
        },
        {
          "si": 2,
          "sti": 18,
          "dti": 50,
          "sco": 103,
          "dco": 261,
          "txt": "with"
        },
        {
          "si": 2,
          "sti": 19,
          "dti": 51,
          "sco": 107,
          "dco": 265,
          "txt": "."
        },
        {
          "si": 3,
          "sti": 0,
          "dti": 52,
          "sco": 0,
          "dco": 267,
          "txt": "Reynet"
        },
        {
          "si": 3,
          "sti": 1,
          "dti": 53,
          "sco": 7,
          "dco": 274,
          "txt": "made"
        },
        {
          "si": 3,
          "sti": 2,
          "dti": 54,
          "sco": 12,
          "dco": 279,
          "txt": "his"
        },
        {
          "si": 3,
          "sti": 3,
          "dti": 55,
          "sco": 16,
          "dco": 283,
          "txt": "club"
        },
        {
          "si": 3,
          "sti": 4,
          "dti": 56,
          "sco": 21,
          "dco": 288,
          "txt": "debut"
        },
        {
          "si": 3,
          "sti": 5,
          "dti": 57,
          "sco": 27,
          "dco": 294,
          "txt": "with"
        },
        {
          "si": 3,
          "sti": 6,
          "dti": 58,
          "sco": 32,
          "dco": 299,
          "txt": "Dijon"
        },
        {
          "si": 3,
          "sti": 7,
          "dti": 59,
          "sco": 38,
          "dco": 305,
          "txt": "on"
        },
        {
          "si": 3,
          "sti": 8,
          "dti": 60,
          "sco": 41,
          "dco": 308,
          "txt": "13"
        },
        {
          "si": 3,
          "sti": 9,
          "dti": 61,
          "sco": 44,
          "dco": 311,
          "txt": "August"
        },
        {
          "si": 3,
          "sti": 10,
          "dti": 62,
          "sco": 51,
          "dco": 318,
          "txt": "2011"
        },
        {
          "si": 3,
          "sti": 11,
          "dti": 63,
          "sco": 56,
          "dco": 323,
          "txt": "in"
        },
        {
          "si": 3,
          "sti": 12,
          "dti": 64,
          "sco": 59,
          "dco": 326,
          "txt": "a"
        },
        {
          "si": 3,
          "sti": 13,
          "dti": 65,
          "sco": 61,
          "dco": 328,
          "txt": "2"
        },
        {
          "si": 3,
          "sti": 14,
          "dti": 66,
          "sco": 62,
          "dco": 329,
          "txt": "–"
        },
        {
          "si": 3,
          "sti": 15,
          "dti": 67,
          "sco": 63,
          "dco": 330,
          "txt": "0"
        },
        {
          "si": 3,
          "sti": 16,
          "dti": 68,
          "sco": 65,
          "dco": 332,
          "txt": "league"
        },
        {
          "si": 3,
          "sti": 17,
          "dti": 69,
          "sco": 72,
          "dco": 339,
          "txt": "defeat"
        },
        {
          "si": 3,
          "sti": 18,
          "dti": 70,
          "sco": 79,
          "dco": 346,
          "txt": "to"
        },
        {
          "si": 3,
          "sti": 19,
          "dti": 71,
          "sco": 82,
          "dco": 349,
          "txt": "Toulouse"
        },
        {
          "si": 3,
          "sti": 20,
          "dti": 72,
          "sco": 90,
          "dco": 357,
          "txt": "."
        },
        {
          "si": 4,
          "sti": 0,
          "dti": 73,
          "sco": 0,
          "dco": 359,
          "txt": "He"
        },
        {
          "si": 4,
          "sti": 1,
          "dti": 74,
          "sco": 3,
          "dco": 362,
          "txt": "was"
        },
        {
          "si": 4,
          "sti": 2,
          "dti": 75,
          "sco": 7,
          "dco": 366,
          "txt": "loaned"
        },
        {
          "si": 4,
          "sti": 3,
          "dti": 76,
          "sco": 14,
          "dco": 373,
          "txt": "back"
        },
        {
          "si": 4,
          "sti": 4,
          "dti": 77,
          "sco": 19,
          "dco": 378,
          "txt": "to"
        },
        {
          "si": 4,
          "sti": 5,
          "dti": 78,
          "sco": 22,
          "dco": 381,
          "txt": "Dijon"
        },
        {
          "si": 4,
          "sti": 6,
          "dti": 79,
          "sco": 28,
          "dco": 387,
          "txt": "FCO"
        },
        {
          "si": 4,
          "sti": 7,
          "dti": 80,
          "sco": 32,
          "dco": 391,
          "txt": "after"
        },
        {
          "si": 4,
          "sti": 8,
          "dti": 81,
          "sco": 38,
          "dco": 397,
          "txt": "one"
        },
        {
          "si": 4,
          "sti": 9,
          "dti": 82,
          "sco": 42,
          "dco": 401,
          "txt": "year"
        },
        {
          "si": 4,
          "sti": 10,
          "dti": 83,
          "sco": 47,
          "dco": 406,
          "txt": "in"
        },
        {
          "si": 4,
          "sti": 11,
          "dti": 84,
          "sco": 50,
          "dco": 409,
          "txt": "FC"
        },
        {
          "si": 4,
          "sti": 12,
          "dti": 85,
          "sco": 53,
          "dco": 412,
          "txt": "Lorient"
        },
        {
          "si": 4,
          "sti": 13,
          "dti": 86,
          "sco": 60,
          "dco": 419,
          "txt": "."
        }
      ]
    },
    "ganns": {
      "dla": [],
      "la": [],
      "ea": [],
      "eta": [
        {
          "ra": {
            "ea": {
              "etn": "Baptiste_Reynet"
            }
          },
          "sfs": [
            [
              {
                "stn": "birthYear"
              },
              {
                "dla": {
                  "txt": {
                    "sff": "1990"
                  },
                  "et": {
                    "etn": "BirthYear"
                  },
                  "dp": {
                    "off": 50
                  }
                }
              }
            ],
            [
              {
                "stn": "deathYear"
              },
              {}
            ]
          ],
          "mfs": [
            [
              {
                "stn": "birthPlaces"
              },
              {
                "dla": [],
                "la": [],
                "ea": [
                  {
                    "etn": "France"
                  }
                ],
                "eta": []
              }
            ],
            [
              {
                "stn": "teams"
              },
              {
                "dla": [],
                "la": [],
                "ea": [
                  {
                    "etn": "FC_Lorient"
                  },
                  {
                    "etn": "Dijon_FCO"
                  },
                  {
                    "etn": "FC_Martigues"
                  }
                ],
                "eta": []
              }
            ],
            [
              {
                "stn": "positions"
              },
              {
                "dla": [],
                "la": [],
                "ea": [
                  {
                    "etn": "Goalkeeper_(association_football)"
                  }
                ],
                "eta": []
              }
            ]
          ]
        }
      ]
    }
  }
]
