[
  {
    "context": "DEVELOPMENT",
    "doc": {
      "id": "Barry_Hancock",
      "tl": [
        {
          "si": 0,
          "sti": 0,
          "dti": 0,
          "sco": 0,
          "dco": 0,
          "txt": "Barry"
        },
        {
          "si": 0,
          "sti": 1,
          "dti": 1,
          "sco": 6,
          "dco": 6,
          "txt": "Hancock"
        },
        {
          "si": 0,
          "sti": 2,
          "dti": 2,
          "sco": 13,
          "dco": 13,
          "txt": "."
        },
        {
          "si": 1,
          "sti": 0,
          "dti": 3,
          "sco": 0,
          "dco": 15,
          "txt": "Barry"
        },
        {
          "si": 1,
          "sti": 1,
          "dti": 4,
          "sco": 6,
          "dco": 21,
          "txt": "John"
        },
        {
          "si": 1,
          "sti": 2,
          "dti": 5,
          "sco": 11,
          "dco": 26,
          "txt": "Hancock"
        },
        {
          "si": 1,
          "sti": 3,
          "dti": 6,
          "sco": 19,
          "dco": 34,
          "txt": "("
        },
        {
          "si": 1,
          "sti": 4,
          "dti": 7,
          "sco": 20,
          "dco": 35,
          "txt": "30"
        },
        {
          "si": 1,
          "sti": 5,
          "dti": 8,
          "sco": 23,
          "dco": 38,
          "txt": "December"
        },
        {
          "si": 1,
          "sti": 6,
          "dti": 9,
          "sco": 32,
          "dco": 47,
          "txt": "1938"
        },
        {
          "si": 1,
          "sti": 7,
          "dti": 10,
          "sco": 37,
          "dco": 52,
          "txt": "–"
        },
        {
          "si": 1,
          "sti": 8,
          "dti": 11,
          "sco": 39,
          "dco": 54,
          "txt": "10"
        },
        {
          "si": 1,
          "sti": 9,
          "dti": 12,
          "sco": 42,
          "dco": 57,
          "txt": "September"
        },
        {
          "si": 1,
          "sti": 10,
          "dti": 13,
          "sco": 52,
          "dco": 67,
          "txt": "2013"
        },
        {
          "si": 1,
          "sti": 11,
          "dti": 14,
          "sco": 56,
          "dco": 71,
          "txt": ")"
        },
        {
          "si": 1,
          "sti": 12,
          "dti": 15,
          "sco": 58,
          "dco": 73,
          "txt": "was"
        },
        {
          "si": 1,
          "sti": 13,
          "dti": 16,
          "sco": 62,
          "dco": 77,
          "txt": "an"
        },
        {
          "si": 1,
          "sti": 14,
          "dti": 17,
          "sco": 65,
          "dco": 80,
          "txt": "English"
        },
        {
          "si": 1,
          "sti": 15,
          "dti": 18,
          "sco": 73,
          "dco": 88,
          "txt": "footballer"
        },
        {
          "si": 1,
          "sti": 16,
          "dti": 19,
          "sco": 84,
          "dco": 99,
          "txt": "who"
        },
        {
          "si": 1,
          "sti": 17,
          "dti": 20,
          "sco": 88,
          "dco": 103,
          "txt": "played"
        },
        {
          "si": 1,
          "sti": 18,
          "dti": 21,
          "sco": 95,
          "dco": 110,
          "txt": "as"
        },
        {
          "si": 1,
          "sti": 19,
          "dti": 22,
          "sco": 98,
          "dco": 113,
          "txt": "an"
        },
        {
          "si": 1,
          "sti": 20,
          "dti": 23,
          "sco": 101,
          "dco": 116,
          "txt": "inside"
        },
        {
          "si": 1,
          "sti": 21,
          "dti": 24,
          "sco": 107,
          "dco": 122,
          "txt": "-"
        },
        {
          "si": 1,
          "sti": 22,
          "dti": 25,
          "sco": 108,
          "dco": 123,
          "txt": "forward"
        },
        {
          "si": 1,
          "sti": 23,
          "dti": 26,
          "sco": 115,
          "dco": 130,
          "txt": "."
        },
        {
          "si": 2,
          "sti": 0,
          "dti": 27,
          "sco": 0,
          "dco": 132,
          "txt": "He"
        },
        {
          "si": 2,
          "sti": 1,
          "dti": 28,
          "sco": 3,
          "dco": 135,
          "txt": "played"
        },
        {
          "si": 2,
          "sti": 2,
          "dti": 29,
          "sco": 10,
          "dco": 142,
          "txt": "24"
        },
        {
          "si": 2,
          "sti": 3,
          "dti": 30,
          "sco": 13,
          "dco": 145,
          "txt": "league"
        },
        {
          "si": 2,
          "sti": 4,
          "dti": 31,
          "sco": 20,
          "dco": 152,
          "txt": "games"
        },
        {
          "si": 2,
          "sti": 5,
          "dti": 32,
          "sco": 26,
          "dco": 158,
          "txt": "in"
        },
        {
          "si": 2,
          "sti": 6,
          "dti": 33,
          "sco": 29,
          "dco": 161,
          "txt": "the"
        },
        {
          "si": 2,
          "sti": 7,
          "dti": 34,
          "sco": 33,
          "dco": 165,
          "txt": "Football"
        },
        {
          "si": 2,
          "sti": 8,
          "dti": 35,
          "sco": 42,
          "dco": 174,
          "txt": "League"
        },
        {
          "si": 2,
          "sti": 9,
          "dti": 36,
          "sco": 49,
          "dco": 181,
          "txt": "for"
        },
        {
          "si": 2,
          "sti": 10,
          "dti": 37,
          "sco": 53,
          "dco": 185,
          "txt": "Port"
        },
        {
          "si": 2,
          "sti": 11,
          "dti": 38,
          "sco": 58,
          "dco": 190,
          "txt": "Vale"
        },
        {
          "si": 2,
          "sti": 12,
          "dti": 39,
          "sco": 63,
          "dco": 195,
          "txt": "and"
        },
        {
          "si": 2,
          "sti": 13,
          "dti": 40,
          "sco": 67,
          "dco": 199,
          "txt": "Crewe"
        },
        {
          "si": 2,
          "sti": 14,
          "dti": 41,
          "sco": 73,
          "dco": 205,
          "txt": "Alexandra"
        },
        {
          "si": 2,
          "sti": 15,
          "dti": 42,
          "sco": 83,
          "dco": 215,
          "txt": "between"
        },
        {
          "si": 2,
          "sti": 16,
          "dti": 43,
          "sco": 91,
          "dco": 223,
          "txt": "1961"
        },
        {
          "si": 2,
          "sti": 17,
          "dti": 44,
          "sco": 96,
          "dco": 228,
          "txt": "and"
        },
        {
          "si": 2,
          "sti": 18,
          "dti": 45,
          "sco": 100,
          "dco": 232,
          "txt": "1965"
        },
        {
          "si": 2,
          "sti": 19,
          "dti": 46,
          "sco": 104,
          "dco": 236,
          "txt": "."
        },
        {
          "si": 3,
          "sti": 0,
          "dti": 47,
          "sco": 0,
          "dco": 238,
          "txt": "Playing"
        },
        {
          "si": 3,
          "sti": 1,
          "dti": 48,
          "sco": 8,
          "dco": 246,
          "txt": "career"
        },
        {
          "si": 3,
          "sti": 2,
          "dti": 49,
          "sco": 14,
          "dco": 252,
          "txt": "."
        },
        {
          "si": 4,
          "sti": 0,
          "dti": 50,
          "sco": 0,
          "dco": 254,
          "txt": "Hancock"
        },
        {
          "si": 4,
          "sti": 1,
          "dti": 51,
          "sco": 8,
          "dco": 262,
          "txt": "supported"
        },
        {
          "si": 4,
          "sti": 2,
          "dti": 52,
          "sco": 18,
          "dco": 272,
          "txt": "Port"
        },
        {
          "si": 4,
          "sti": 3,
          "dti": 53,
          "sco": 23,
          "dco": 277,
          "txt": "Vale"
        },
        {
          "si": 4,
          "sti": 4,
          "dti": 54,
          "sco": 28,
          "dco": 282,
          "txt": "since"
        },
        {
          "si": 4,
          "sti": 5,
          "dti": 55,
          "sco": 34,
          "dco": 288,
          "txt": "childhood"
        },
        {
          "si": 4,
          "sti": 6,
          "dti": 56,
          "sco": 44,
          "dco": 298,
          "txt": "and"
        },
        {
          "si": 4,
          "sti": 7,
          "dti": 57,
          "sco": 48,
          "dco": 302,
          "txt": "also"
        },
        {
          "si": 4,
          "sti": 8,
          "dti": 58,
          "sco": 53,
          "dco": 307,
          "txt": "spent"
        },
        {
          "si": 4,
          "sti": 9,
          "dti": 59,
          "sco": 59,
          "dco": 313,
          "txt": "matchdays"
        },
        {
          "si": 4,
          "sti": 10,
          "dti": 60,
          "sco": 69,
          "dco": 323,
          "txt": "working"
        },
        {
          "si": 4,
          "sti": 11,
          "dti": 61,
          "sco": 77,
          "dco": 331,
          "txt": "as"
        },
        {
          "si": 4,
          "sti": 12,
          "dti": 62,
          "sco": 80,
          "dco": 334,
          "txt": "a"
        },
        {
          "si": 4,
          "sti": 13,
          "dti": 63,
          "sco": 82,
          "dco": 336,
          "txt": "programme"
        },
        {
          "si": 4,
          "sti": 14,
          "dti": 64,
          "sco": 92,
          "dco": 346,
          "txt": "seller"
        },
        {
          "si": 4,
          "sti": 15,
          "dti": 65,
          "sco": 99,
          "dco": 353,
          "txt": "at"
        },
        {
          "si": 4,
          "sti": 16,
          "dti": 66,
          "sco": 102,
          "dco": 356,
          "txt": "Vale"
        },
        {
          "si": 4,
          "sti": 17,
          "dti": 67,
          "sco": 107,
          "dco": 361,
          "txt": "Park"
        },
        {
          "si": 4,
          "sti": 18,
          "dti": 68,
          "sco": 111,
          "dco": 365,
          "txt": "."
        },
        {
          "si": 5,
          "sti": 0,
          "dti": 69,
          "sco": 0,
          "dco": 367,
          "txt": "He"
        },
        {
          "si": 5,
          "sti": 1,
          "dti": 70,
          "sco": 3,
          "dco": 370,
          "txt": "managed"
        },
        {
          "si": 5,
          "sti": 2,
          "dti": 71,
          "sco": 11,
          "dco": 378,
          "txt": "to"
        },
        {
          "si": 5,
          "sti": 3,
          "dti": 72,
          "sco": 14,
          "dco": 381,
          "txt": "join"
        },
        {
          "si": 5,
          "sti": 4,
          "dti": 73,
          "sco": 19,
          "dco": 386,
          "txt": "the"
        },
        {
          "si": 5,
          "sti": 5,
          "dti": 74,
          "sco": 23,
          "dco": 390,
          "txt": "club"
        },
        {
          "si": 5,
          "sti": 6,
          "dti": 75,
          "sco": 28,
          "dco": 395,
          "txt": "as"
        },
        {
          "si": 5,
          "sti": 7,
          "dti": 76,
          "sco": 31,
          "dco": 398,
          "txt": "an"
        },
        {
          "si": 5,
          "sti": 8,
          "dti": 77,
          "sco": 34,
          "dco": 401,
          "txt": "amateur"
        },
        {
          "si": 5,
          "sti": 9,
          "dti": 78,
          "sco": 42,
          "dco": 409,
          "txt": "after"
        },
        {
          "si": 5,
          "sti": 10,
          "dti": 79,
          "sco": 48,
          "dco": 415,
          "txt": "a"
        },
        {
          "si": 5,
          "sti": 11,
          "dti": 80,
          "sco": 50,
          "dco": 417,
          "txt": "time"
        },
        {
          "si": 5,
          "sti": 12,
          "dti": 81,
          "sco": 55,
          "dco": 422,
          "txt": "with"
        },
        {
          "si": 5,
          "sti": 13,
          "dti": 82,
          "sco": 60,
          "dco": 427,
          "txt": "Birches"
        },
        {
          "si": 5,
          "sti": 14,
          "dti": 83,
          "sco": 68,
          "dco": 435,
          "txt": "Head"
        },
        {
          "si": 5,
          "sti": 15,
          "dti": 84,
          "sco": 73,
          "dco": 440,
          "txt": "R"
        },
        {
          "si": 5,
          "sti": 16,
          "dti": 85,
          "sco": 74,
          "dco": 441,
          "txt": "."
        },
        {
          "si": 5,
          "sti": 17,
          "dti": 86,
          "sco": 75,
          "dco": 442,
          "txt": "C"
        },
        {
          "si": 5,
          "sti": 18,
          "dti": 87,
          "sco": 76,
          "dco": 443,
          "txt": "."
        },
        {
          "si": 6,
          "sti": 0,
          "dti": 88,
          "sco": 0,
          "dco": 445,
          "txt": "He"
        },
        {
          "si": 6,
          "sti": 1,
          "dti": 89,
          "sco": 3,
          "dco": 448,
          "txt": "signed"
        },
        {
          "si": 6,
          "sti": 2,
          "dti": 90,
          "sco": 10,
          "dco": 455,
          "txt": "as"
        },
        {
          "si": 6,
          "sti": 3,
          "dti": 91,
          "sco": 13,
          "dco": 458,
          "txt": "a"
        },
        {
          "si": 6,
          "sti": 4,
          "dti": 92,
          "sco": 15,
          "dco": 460,
          "txt": "professional"
        },
        {
          "si": 6,
          "sti": 5,
          "dti": 93,
          "sco": 28,
          "dco": 473,
          "txt": "in"
        },
        {
          "si": 6,
          "sti": 6,
          "dti": 94,
          "sco": 31,
          "dco": 476,
          "txt": "July"
        },
        {
          "si": 6,
          "sti": 7,
          "dti": 95,
          "sco": 36,
          "dco": 481,
          "txt": "1957"
        },
        {
          "si": 6,
          "sti": 8,
          "dti": 96,
          "sco": 41,
          "dco": 486,
          "txt": "and"
        },
        {
          "si": 6,
          "sti": 9,
          "dti": 97,
          "sco": 45,
          "dco": 490,
          "txt": "finally"
        },
        {
          "si": 6,
          "sti": 10,
          "dti": 98,
          "sco": 53,
          "dco": 498,
          "txt": "made"
        },
        {
          "si": 6,
          "sti": 11,
          "dti": 99,
          "sco": 58,
          "dco": 503,
          "txt": "his"
        },
        {
          "si": 6,
          "sti": 12,
          "dti": 100,
          "sco": 62,
          "dco": 507,
          "txt": "debut"
        },
        {
          "si": 6,
          "sti": 13,
          "dti": 101,
          "sco": 68,
          "dco": 513,
          "txt": "on"
        },
        {
          "si": 6,
          "sti": 14,
          "dti": 102,
          "sco": 71,
          "dco": 516,
          "txt": "24"
        },
        {
          "si": 6,
          "sti": 15,
          "dti": 103,
          "sco": 74,
          "dco": 519,
          "txt": "April"
        },
        {
          "si": 6,
          "sti": 16,
          "dti": 104,
          "sco": 80,
          "dco": 525,
          "txt": "1961"
        },
        {
          "si": 6,
          "sti": 17,
          "dti": 105,
          "sco": 85,
          "dco": 530,
          "txt": "against"
        },
        {
          "si": 6,
          "sti": 18,
          "dti": 106,
          "sco": 93,
          "dco": 538,
          "txt": "Potteries"
        },
        {
          "si": 6,
          "sti": 19,
          "dti": 107,
          "sco": 103,
          "dco": 548,
          "txt": "derby"
        },
        {
          "si": 6,
          "sti": 20,
          "dti": 108,
          "sco": 109,
          "dco": 554,
          "txt": "rivals"
        },
        {
          "si": 6,
          "sti": 21,
          "dti": 109,
          "sco": 116,
          "dco": 561,
          "txt": "Stoke"
        },
        {
          "si": 6,
          "sti": 22,
          "dti": 110,
          "sco": 122,
          "dco": 567,
          "txt": "City"
        },
        {
          "si": 6,
          "sti": 23,
          "dti": 111,
          "sco": 127,
          "dco": 572,
          "txt": "in"
        },
        {
          "si": 6,
          "sti": 24,
          "dti": 112,
          "sco": 130,
          "dco": 575,
          "txt": "the"
        },
        {
          "si": 6,
          "sti": 25,
          "dti": 113,
          "sco": 134,
          "dco": 579,
          "txt": "("
        },
        {
          "si": 6,
          "sti": 26,
          "dti": 114,
          "sco": 135,
          "dco": 580,
          "txt": "replayed"
        },
        {
          "si": 6,
          "sti": 27,
          "dti": 115,
          "sco": 143,
          "dco": 588,
          "txt": ")"
        },
        {
          "si": 6,
          "sti": 28,
          "dti": 116,
          "sco": 145,
          "dco": 590,
          "txt": "final"
        },
        {
          "si": 6,
          "sti": 29,
          "dti": 117,
          "sco": 151,
          "dco": 596,
          "txt": "of"
        },
        {
          "si": 6,
          "sti": 30,
          "dti": 118,
          "sco": 154,
          "dco": 599,
          "txt": "the"
        },
        {
          "si": 6,
          "sti": 31,
          "dti": 119,
          "sco": 158,
          "dco": 603,
          "txt": "Supporters"
        },
        {
          "si": 6,
          "sti": 32,
          "dti": 120,
          "sco": 168,
          "dco": 613,
          "txt": "'"
        },
        {
          "si": 6,
          "sti": 33,
          "dti": 121,
          "sco": 170,
          "dco": 615,
          "txt": "Clubs"
        },
        {
          "si": 6,
          "sti": 34,
          "dti": 122,
          "sco": 175,
          "dco": 620,
          "txt": "'"
        },
        {
          "si": 6,
          "sti": 35,
          "dti": 123,
          "sco": 177,
          "dco": 622,
          "txt": "Trophy"
        },
        {
          "si": 6,
          "sti": 36,
          "dti": 124,
          "sco": 184,
          "dco": 629,
          "txt": "in"
        },
        {
          "si": 6,
          "sti": 37,
          "dti": 125,
          "sco": 187,
          "dco": 632,
          "txt": "1961"
        },
        {
          "si": 6,
          "sti": 38,
          "dti": 126,
          "sco": 191,
          "dco": 636,
          "txt": "."
        },
        {
          "si": 7,
          "sti": 0,
          "dti": 127,
          "sco": 0,
          "dco": 638,
          "txt": "He"
        },
        {
          "si": 7,
          "sti": 1,
          "dti": 128,
          "sco": 3,
          "dco": 641,
          "txt": "played"
        },
        {
          "si": 7,
          "sti": 2,
          "dti": 129,
          "sco": 10,
          "dco": 648,
          "txt": "two"
        },
        {
          "si": 7,
          "sti": 3,
          "dti": 130,
          "sco": 14,
          "dco": 652,
          "txt": "Third"
        },
        {
          "si": 7,
          "sti": 4,
          "dti": 131,
          "sco": 20,
          "dco": 658,
          "txt": "Division"
        },
        {
          "si": 7,
          "sti": 5,
          "dti": 132,
          "sco": 29,
          "dco": 667,
          "txt": "games"
        },
        {
          "si": 7,
          "sti": 6,
          "dti": 133,
          "sco": 35,
          "dco": 673,
          "txt": "in"
        },
        {
          "si": 7,
          "sti": 7,
          "dti": 134,
          "sco": 38,
          "dco": 676,
          "txt": "1960"
        },
        {
          "si": 7,
          "sti": 8,
          "dti": 135,
          "sco": 42,
          "dco": 680,
          "txt": "–"
        },
        {
          "si": 7,
          "sti": 9,
          "dti": 136,
          "sco": 43,
          "dco": 681,
          "txt": "61"
        },
        {
          "si": 7,
          "sti": 10,
          "dti": 137,
          "sco": 45,
          "dco": 683,
          "txt": ","
        },
        {
          "si": 7,
          "sti": 11,
          "dti": 138,
          "sco": 47,
          "dco": 685,
          "txt": "though"
        },
        {
          "si": 7,
          "sti": 12,
          "dti": 139,
          "sco": 54,
          "dco": 692,
          "txt": "Norman"
        },
        {
          "si": 7,
          "sti": 13,
          "dti": 140,
          "sco": 61,
          "dco": 699,
          "txt": "Low"
        },
        {
          "si": 7,
          "sti": 14,
          "dti": 141,
          "sco": 65,
          "dco": 703,
          "txt": "played"
        },
        {
          "si": 7,
          "sti": 15,
          "dti": 142,
          "sco": 72,
          "dco": 710,
          "txt": "him"
        },
        {
          "si": 7,
          "sti": 16,
          "dti": 143,
          "sco": 76,
          "dco": 714,
          "txt": "just"
        },
        {
          "si": 7,
          "sti": 17,
          "dti": 144,
          "sco": 81,
          "dco": 719,
          "txt": "six"
        },
        {
          "si": 7,
          "sti": 18,
          "dti": 145,
          "sco": 85,
          "dco": 723,
          "txt": "times"
        },
        {
          "si": 7,
          "sti": 19,
          "dti": 146,
          "sco": 91,
          "dco": 729,
          "txt": "in"
        },
        {
          "si": 7,
          "sti": 20,
          "dti": 147,
          "sco": 94,
          "dco": 732,
          "txt": "1961"
        },
        {
          "si": 7,
          "sti": 21,
          "dti": 148,
          "sco": 98,
          "dco": 736,
          "txt": "–"
        },
        {
          "si": 7,
          "sti": 22,
          "dti": 149,
          "sco": 99,
          "dco": 737,
          "txt": "62"
        },
        {
          "si": 7,
          "sti": 23,
          "dti": 150,
          "sco": 101,
          "dco": 739,
          "txt": "."
        },
        {
          "si": 8,
          "sti": 0,
          "dti": 151,
          "sco": 0,
          "dco": 741,
          "txt": "He"
        },
        {
          "si": 8,
          "sti": 1,
          "dti": 152,
          "sco": 3,
          "dco": 744,
          "txt": "featured"
        },
        {
          "si": 8,
          "sti": 2,
          "dti": 153,
          "sco": 12,
          "dco": 753,
          "txt": "nine"
        },
        {
          "si": 8,
          "sti": 3,
          "dti": 154,
          "sco": 17,
          "dco": 758,
          "txt": "times"
        },
        {
          "si": 8,
          "sti": 4,
          "dti": 155,
          "sco": 23,
          "dco": 764,
          "txt": "at"
        },
        {
          "si": 8,
          "sti": 5,
          "dti": 156,
          "sco": 26,
          "dco": 767,
          "txt": "Vale"
        },
        {
          "si": 8,
          "sti": 6,
          "dti": 157,
          "sco": 31,
          "dco": 772,
          "txt": "Park"
        },
        {
          "si": 8,
          "sti": 7,
          "dti": 158,
          "sco": 36,
          "dco": 777,
          "txt": "in"
        },
        {
          "si": 8,
          "sti": 8,
          "dti": 159,
          "sco": 39,
          "dco": 780,
          "txt": "1962"
        },
        {
          "si": 8,
          "sti": 9,
          "dti": 160,
          "sco": 43,
          "dco": 784,
          "txt": "–"
        },
        {
          "si": 8,
          "sti": 10,
          "dti": 161,
          "sco": 44,
          "dco": 785,
          "txt": "63"
        },
        {
          "si": 8,
          "sti": 11,
          "dti": 162,
          "sco": 46,
          "dco": 787,
          "txt": ","
        },
        {
          "si": 8,
          "sti": 12,
          "dti": 163,
          "sco": 48,
          "dco": 789,
          "txt": "before"
        },
        {
          "si": 8,
          "sti": 13,
          "dti": 164,
          "sco": 55,
          "dco": 796,
          "txt": "scoring"
        },
        {
          "si": 8,
          "sti": 14,
          "dti": 165,
          "sco": 63,
          "dco": 804,
          "txt": "his"
        },
        {
          "si": 8,
          "sti": 15,
          "dti": 166,
          "sco": 67,
          "dco": 808,
          "txt": "first"
        },
        {
          "si": 8,
          "sti": 16,
          "dti": 167,
          "sco": 73,
          "dco": 814,
          "txt": "and"
        },
        {
          "si": 8,
          "sti": 17,
          "dti": 168,
          "sco": 77,
          "dco": 818,
          "txt": "only"
        },
        {
          "si": 8,
          "sti": 18,
          "dti": 169,
          "sco": 82,
          "dco": 823,
          "txt": "senior"
        },
        {
          "si": 8,
          "sti": 19,
          "dti": 170,
          "sco": 89,
          "dco": 830,
          "txt": "goal"
        },
        {
          "si": 8,
          "sti": 20,
          "dti": 171,
          "sco": 94,
          "dco": 835,
          "txt": "on"
        },
        {
          "si": 8,
          "sti": 21,
          "dti": 172,
          "sco": 97,
          "dco": 838,
          "txt": "9"
        },
        {
          "si": 8,
          "sti": 22,
          "dti": 173,
          "sco": 99,
          "dco": 840,
          "txt": "September"
        },
        {
          "si": 8,
          "sti": 23,
          "dti": 174,
          "sco": 109,
          "dco": 850,
          "txt": "1963"
        },
        {
          "si": 8,
          "sti": 24,
          "dti": 175,
          "sco": 113,
          "dco": 854,
          "txt": ","
        },
        {
          "si": 8,
          "sti": 25,
          "dti": 176,
          "sco": 115,
          "dco": 856,
          "txt": "in"
        },
        {
          "si": 8,
          "sti": 26,
          "dti": 177,
          "sco": 118,
          "dco": 859,
          "txt": "a"
        },
        {
          "si": 8,
          "sti": 27,
          "dti": 178,
          "sco": 120,
          "dco": 861,
          "txt": "1"
        },
        {
          "si": 8,
          "sti": 28,
          "dti": 179,
          "sco": 121,
          "dco": 862,
          "txt": "–"
        },
        {
          "si": 8,
          "sti": 29,
          "dti": 180,
          "sco": 122,
          "dco": 863,
          "txt": "1"
        },
        {
          "si": 8,
          "sti": 30,
          "dti": 181,
          "sco": 124,
          "dco": 865,
          "txt": "draw"
        },
        {
          "si": 8,
          "sti": 31,
          "dti": 182,
          "sco": 129,
          "dco": 870,
          "txt": "with"
        },
        {
          "si": 8,
          "sti": 32,
          "dti": 183,
          "sco": 134,
          "dco": 875,
          "txt": "Mansfield"
        },
        {
          "si": 8,
          "sti": 33,
          "dti": 184,
          "sco": 144,
          "dco": 885,
          "txt": "Town"
        },
        {
          "si": 8,
          "sti": 34,
          "dti": 185,
          "sco": 149,
          "dco": 890,
          "txt": "at"
        },
        {
          "si": 8,
          "sti": 35,
          "dti": 186,
          "sco": 152,
          "dco": 893,
          "txt": "Field"
        },
        {
          "si": 8,
          "sti": 36,
          "dti": 187,
          "sco": 158,
          "dco": 899,
          "txt": "Mill"
        },
        {
          "si": 8,
          "sti": 37,
          "dti": 188,
          "sco": 162,
          "dco": 903,
          "txt": ","
        },
        {
          "si": 8,
          "sti": 38,
          "dti": 189,
          "sco": 164,
          "dco": 905,
          "txt": "in"
        },
        {
          "si": 8,
          "sti": 39,
          "dti": 190,
          "sco": 167,
          "dco": 908,
          "txt": "one"
        },
        {
          "si": 8,
          "sti": 40,
          "dti": 191,
          "sco": 171,
          "dco": 912,
          "txt": "of"
        },
        {
          "si": 8,
          "sti": 41,
          "dti": 192,
          "sco": 174,
          "dco": 915,
          "txt": "only"
        },
        {
          "si": 8,
          "sti": 42,
          "dti": 193,
          "sco": 179,
          "dco": 920,
          "txt": "five"
        },
        {
          "si": 8,
          "sti": 43,
          "dti": 194,
          "sco": 184,
          "dco": 925,
          "txt": "appearances"
        },
        {
          "si": 8,
          "sti": 44,
          "dti": 195,
          "sco": 196,
          "dco": 937,
          "txt": "for"
        },
        {
          "si": 8,
          "sti": 45,
          "dti": 196,
          "sco": 200,
          "dco": 941,
          "txt": "the"
        },
        {
          "si": 8,
          "sti": 46,
          "dti": 197,
          "sco": 204,
          "dco": 945,
          "txt": "\""
        },
        {
          "si": 8,
          "sti": 47,
          "dti": 198,
          "sco": 205,
          "dco": 946,
          "txt": "Valiants"
        },
        {
          "si": 8,
          "sti": 48,
          "dti": 199,
          "sco": 213,
          "dco": 954,
          "txt": "\""
        },
        {
          "si": 8,
          "sti": 49,
          "dti": 200,
          "sco": 215,
          "dco": 956,
          "txt": "in"
        },
        {
          "si": 8,
          "sti": 50,
          "dti": 201,
          "sco": 218,
          "dco": 959,
          "txt": "1963"
        },
        {
          "si": 8,
          "sti": 51,
          "dti": 202,
          "sco": 222,
          "dco": 963,
          "txt": "–"
        },
        {
          "si": 8,
          "sti": 52,
          "dti": 203,
          "sco": 223,
          "dco": 964,
          "txt": "64"
        },
        {
          "si": 8,
          "sti": 53,
          "dti": 204,
          "sco": 225,
          "dco": 966,
          "txt": ";"
        },
        {
          "si": 8,
          "sti": 54,
          "dti": 205,
          "sco": 227,
          "dco": 968,
          "txt": "Hancock"
        },
        {
          "si": 8,
          "sti": 55,
          "dti": 206,
          "sco": 235,
          "dco": 976,
          "txt": "was"
        },
        {
          "si": 8,
          "sti": 56,
          "dti": 207,
          "sco": 239,
          "dco": 980,
          "txt": "released"
        },
        {
          "si": 8,
          "sti": 57,
          "dti": 208,
          "sco": 248,
          "dco": 989,
          "txt": "by"
        },
        {
          "si": 8,
          "sti": 58,
          "dti": 209,
          "sco": 251,
          "dco": 992,
          "txt": "manager"
        },
        {
          "si": 8,
          "sti": 59,
          "dti": 210,
          "sco": 259,
          "dco": 1000,
          "txt": "Freddie"
        },
        {
          "si": 8,
          "sti": 60,
          "dti": 211,
          "sco": 267,
          "dco": 1008,
          "txt": "Steele"
        },
        {
          "si": 8,
          "sti": 61,
          "dti": 212,
          "sco": 274,
          "dco": 1015,
          "txt": "at"
        },
        {
          "si": 8,
          "sti": 62,
          "dti": 213,
          "sco": 277,
          "dco": 1018,
          "txt": "the"
        },
        {
          "si": 8,
          "sti": 63,
          "dti": 214,
          "sco": 281,
          "dco": 1022,
          "txt": "end"
        },
        {
          "si": 8,
          "sti": 64,
          "dti": 215,
          "sco": 285,
          "dco": 1026,
          "txt": "of"
        },
        {
          "si": 8,
          "sti": 65,
          "dti": 216,
          "sco": 288,
          "dco": 1029,
          "txt": "the"
        },
        {
          "si": 8,
          "sti": 66,
          "dti": 217,
          "sco": 292,
          "dco": 1033,
          "txt": "season"
        },
        {
          "si": 8,
          "sti": 67,
          "dti": 218,
          "sco": 298,
          "dco": 1039,
          "txt": "."
        },
        {
          "si": 9,
          "sti": 0,
          "dti": 219,
          "sco": 0,
          "dco": 1041,
          "txt": "He"
        },
        {
          "si": 9,
          "sti": 1,
          "dti": 220,
          "sco": 3,
          "dco": 1044,
          "txt": "moved"
        },
        {
          "si": 9,
          "sti": 2,
          "dti": 221,
          "sco": 9,
          "dco": 1050,
          "txt": "on"
        },
        {
          "si": 9,
          "sti": 3,
          "dti": 222,
          "sco": 12,
          "dco": 1053,
          "txt": "to"
        },
        {
          "si": 9,
          "sti": 4,
          "dti": 223,
          "sco": 15,
          "dco": 1056,
          "txt": "Crewe"
        },
        {
          "si": 9,
          "sti": 5,
          "dti": 224,
          "sco": 21,
          "dco": 1062,
          "txt": "Alexandra"
        },
        {
          "si": 9,
          "sti": 6,
          "dti": 225,
          "sco": 30,
          "dco": 1071,
          "txt": ","
        },
        {
          "si": 9,
          "sti": 7,
          "dti": 226,
          "sco": 32,
          "dco": 1073,
          "txt": "playing"
        },
        {
          "si": 9,
          "sti": 8,
          "dti": 227,
          "sco": 40,
          "dco": 1081,
          "txt": "three"
        },
        {
          "si": 9,
          "sti": 9,
          "dti": 228,
          "sco": 46,
          "dco": 1087,
          "txt": "Fourth"
        },
        {
          "si": 9,
          "sti": 10,
          "dti": 229,
          "sco": 53,
          "dco": 1094,
          "txt": "Division"
        },
        {
          "si": 9,
          "sti": 11,
          "dti": 230,
          "sco": 62,
          "dco": 1103,
          "txt": "games"
        },
        {
          "si": 9,
          "sti": 12,
          "dti": 231,
          "sco": 68,
          "dco": 1109,
          "txt": "in"
        },
        {
          "si": 9,
          "sti": 13,
          "dti": 232,
          "sco": 71,
          "dco": 1112,
          "txt": "1964"
        },
        {
          "si": 9,
          "sti": 14,
          "dti": 233,
          "sco": 75,
          "dco": 1116,
          "txt": "–"
        },
        {
          "si": 9,
          "sti": 15,
          "dti": 234,
          "sco": 76,
          "dco": 1117,
          "txt": "65"
        },
        {
          "si": 9,
          "sti": 16,
          "dti": 235,
          "sco": 78,
          "dco": 1119,
          "txt": ","
        },
        {
          "si": 9,
          "sti": 17,
          "dti": 236,
          "sco": 80,
          "dco": 1121,
          "txt": "and"
        },
        {
          "si": 9,
          "sti": 18,
          "dti": 237,
          "sco": 84,
          "dco": 1125,
          "txt": "later"
        },
        {
          "si": 9,
          "sti": 19,
          "dti": 238,
          "sco": 90,
          "dco": 1131,
          "txt": "played"
        },
        {
          "si": 9,
          "sti": 20,
          "dti": 239,
          "sco": 97,
          "dco": 1138,
          "txt": "for"
        },
        {
          "si": 9,
          "sti": 21,
          "dti": 240,
          "sco": 101,
          "dco": 1142,
          "txt": "non"
        },
        {
          "si": 9,
          "sti": 22,
          "dti": 241,
          "sco": 104,
          "dco": 1145,
          "txt": "-"
        },
        {
          "si": 9,
          "sti": 23,
          "dti": 242,
          "sco": 105,
          "dco": 1146,
          "txt": "league"
        },
        {
          "si": 9,
          "sti": 24,
          "dti": 243,
          "sco": 112,
          "dco": 1153,
          "txt": "Stafford"
        },
        {
          "si": 9,
          "sti": 25,
          "dti": 244,
          "sco": 121,
          "dco": 1162,
          "txt": "Rangers"
        },
        {
          "si": 9,
          "sti": 26,
          "dti": 245,
          "sco": 128,
          "dco": 1169,
          "txt": "."
        },
        {
          "si": 10,
          "sti": 0,
          "dti": 246,
          "sco": 0,
          "dco": 1171,
          "txt": "He"
        },
        {
          "si": 10,
          "sti": 1,
          "dti": 247,
          "sco": 3,
          "dco": 1174,
          "txt": "later"
        },
        {
          "si": 10,
          "sti": 2,
          "dti": 248,
          "sco": 9,
          "dco": 1180,
          "txt": "played"
        },
        {
          "si": 10,
          "sti": 3,
          "dti": 249,
          "sco": 16,
          "dco": 1187,
          "txt": "for"
        },
        {
          "si": 10,
          "sti": 4,
          "dti": 250,
          "sco": 20,
          "dco": 1191,
          "txt": "All"
        },
        {
          "si": 10,
          "sti": 5,
          "dti": 251,
          "sco": 24,
          "dco": 1195,
          "txt": "Blacks"
        },
        {
          "si": 10,
          "sti": 6,
          "dti": 252,
          "sco": 31,
          "dco": 1202,
          "txt": "before"
        },
        {
          "si": 10,
          "sti": 7,
          "dti": 253,
          "sco": 38,
          "dco": 1209,
          "txt": "going"
        },
        {
          "si": 10,
          "sti": 8,
          "dti": 254,
          "sco": 44,
          "dco": 1215,
          "txt": "back"
        },
        {
          "si": 10,
          "sti": 9,
          "dti": 255,
          "sco": 49,
          "dco": 1220,
          "txt": "to"
        },
        {
          "si": 10,
          "sti": 10,
          "dti": 256,
          "sco": 52,
          "dco": 1223,
          "txt": "Birches"
        },
        {
          "si": 10,
          "sti": 11,
          "dti": 257,
          "sco": 60,
          "dco": 1231,
          "txt": "Head"
        },
        {
          "si": 10,
          "sti": 12,
          "dti": 258,
          "sco": 65,
          "dco": 1236,
          "txt": "R"
        },
        {
          "si": 10,
          "sti": 13,
          "dti": 259,
          "sco": 66,
          "dco": 1237,
          "txt": "."
        },
        {
          "si": 10,
          "sti": 14,
          "dti": 260,
          "sco": 67,
          "dco": 1238,
          "txt": "C"
        },
        {
          "si": 10,
          "sti": 15,
          "dti": 261,
          "sco": 68,
          "dco": 1239,
          "txt": "."
        },
        {
          "si": 10,
          "sti": 16,
          "dti": 262,
          "sco": 70,
          "dco": 1241,
          "txt": "as"
        },
        {
          "si": 10,
          "sti": 17,
          "dti": 263,
          "sco": 73,
          "dco": 1244,
          "txt": "a"
        },
        {
          "si": 10,
          "sti": 18,
          "dti": 264,
          "sco": 75,
          "dco": 1246,
          "txt": "referee"
        },
        {
          "si": 10,
          "sti": 19,
          "dti": 265,
          "sco": 82,
          "dco": 1253,
          "txt": "."
        },
        {
          "si": 11,
          "sti": 0,
          "dti": 266,
          "sco": 0,
          "dco": 1255,
          "txt": "After"
        },
        {
          "si": 11,
          "sti": 1,
          "dti": 267,
          "sco": 6,
          "dco": 1261,
          "txt": "retiring"
        },
        {
          "si": 11,
          "sti": 2,
          "dti": 268,
          "sco": 15,
          "dco": 1270,
          "txt": "he"
        },
        {
          "si": 11,
          "sti": 3,
          "dti": 269,
          "sco": 18,
          "dco": 1273,
          "txt": "once"
        },
        {
          "si": 11,
          "sti": 4,
          "dti": 270,
          "sco": 23,
          "dco": 1278,
          "txt": "more"
        },
        {
          "si": 11,
          "sti": 5,
          "dti": 271,
          "sco": 28,
          "dco": 1283,
          "txt": "became"
        },
        {
          "si": 11,
          "sti": 6,
          "dti": 272,
          "sco": 35,
          "dco": 1290,
          "txt": "a"
        },
        {
          "si": 11,
          "sti": 7,
          "dti": 273,
          "sco": 37,
          "dco": 1292,
          "txt": "programme"
        },
        {
          "si": 11,
          "sti": 8,
          "dti": 274,
          "sco": 47,
          "dco": 1302,
          "txt": "distributor"
        },
        {
          "si": 11,
          "sti": 9,
          "dti": 275,
          "sco": 59,
          "dco": 1314,
          "txt": "at"
        },
        {
          "si": 11,
          "sti": 10,
          "dti": 276,
          "sco": 62,
          "dco": 1317,
          "txt": "Vale"
        },
        {
          "si": 11,
          "sti": 11,
          "dti": 277,
          "sco": 67,
          "dco": 1322,
          "txt": "Park"
        },
        {
          "si": 11,
          "sti": 12,
          "dti": 278,
          "sco": 71,
          "dco": 1326,
          "txt": "."
        }
      ]
    },
    "ganns": {
      "dla": [],
      "la": [],
      "ea": [],
      "eta": [
        {
          "ra": {
            "ea": {
              "etn": "Barry_Hancock"
            }
          },
          "sfs": [
            [
              {
                "stn": "birthYear"
              },
              {
                "dla": {
                  "txt": {
                    "sff": "1938"
                  },
                  "et": {
                    "etn": "BirthYear"
                  },
                  "dp": {
                    "off": 47
                  }
                }
              }
            ],
            [
              {
                "stn": "deathYear"
              },
              {
                "dla": {
                  "txt": {
                    "sff": "2013"
                  },
                  "et": {
                    "etn": "DeathYear"
                  },
                  "dp": {
                    "off": 67
                  }
                }
              }
            ]
          ],
          "mfs": [
            [
              {
                "stn": "position"
              },
              {
                "dla": [],
                "la": [],
                "ea": [
                  {
                    "etn": "Forward_(association_football)"
                  }
                ],
                "eta": []
              }
            ],
            [
              {
                "stn": "team"
              },
              {
                "dla": [],
                "la": [],
                "ea": [
                  {
                    "etn": "Crewe_Alexandra_F.C."
                  },
                  {
                    "etn": "Stafford_Rangers_F.C."
                  },
                  {
                    "etn": "Port_Vale_F.C."
                  }
                ],
                "eta": []
              }
            ],
            [
              {
                "stn": "birthPlace"
              },
              {
                "dla": [],
                "la": [],
                "ea": [],
                "eta": []
              }
            ]
          ]
        }
      ]
    }
  }
]
