[
  {
    "context": "TEST",
    "doc": {
      "id": "Ben_Prosser",
      "tl": [
        {
          "si": 0,
          "sti": 0,
          "dti": 0,
          "sco": 0,
          "dco": 0,
          "txt": "Ben"
        },
        {
          "si": 0,
          "sti": 1,
          "dti": 1,
          "sco": 4,
          "dco": 4,
          "txt": "Prosser"
        },
        {
          "si": 0,
          "sti": 2,
          "dti": 2,
          "sco": 11,
          "dco": 11,
          "txt": "."
        },
        {
          "si": 1,
          "sti": 0,
          "dti": 3,
          "sco": 0,
          "dco": 13,
          "txt": "Benjamin"
        },
        {
          "si": 1,
          "sti": 1,
          "dti": 4,
          "sco": 9,
          "dco": 22,
          "txt": "\""
        },
        {
          "si": 1,
          "sti": 2,
          "dti": 5,
          "sco": 10,
          "dco": 23,
          "txt": "Ben"
        },
        {
          "si": 1,
          "sti": 3,
          "dti": 6,
          "sco": 13,
          "dco": 26,
          "txt": "\""
        },
        {
          "si": 1,
          "sti": 4,
          "dti": 7,
          "sco": 15,
          "dco": 28,
          "txt": "Prosser"
        },
        {
          "si": 1,
          "sti": 5,
          "dti": 8,
          "sco": 23,
          "dco": 36,
          "txt": "("
        },
        {
          "si": 1,
          "sti": 6,
          "dti": 9,
          "sco": 24,
          "dco": 37,
          "txt": "1878"
        },
        {
          "si": 1,
          "sti": 7,
          "dti": 10,
          "sco": 29,
          "dco": 42,
          "txt": "–"
        },
        {
          "si": 1,
          "sti": 8,
          "dti": 11,
          "sco": 31,
          "dco": 44,
          "txt": "1936"
        },
        {
          "si": 1,
          "sti": 9,
          "dti": 12,
          "sco": 35,
          "dco": 48,
          "txt": ")"
        },
        {
          "si": 1,
          "sti": 10,
          "dti": 13,
          "sco": 37,
          "dco": 50,
          "txt": "was"
        },
        {
          "si": 1,
          "sti": 11,
          "dti": 14,
          "sco": 41,
          "dco": 54,
          "txt": "an"
        },
        {
          "si": 1,
          "sti": 12,
          "dti": 15,
          "sco": 44,
          "dco": 57,
          "txt": "English"
        },
        {
          "si": 1,
          "sti": 13,
          "dti": 16,
          "sco": 52,
          "dco": 65,
          "txt": "footballer"
        },
        {
          "si": 1,
          "sti": 14,
          "dti": 17,
          "sco": 63,
          "dco": 76,
          "txt": "who"
        },
        {
          "si": 1,
          "sti": 15,
          "dti": 18,
          "sco": 67,
          "dco": 80,
          "txt": "played"
        },
        {
          "si": 1,
          "sti": 16,
          "dti": 19,
          "sco": 74,
          "dco": 87,
          "txt": "in"
        },
        {
          "si": 1,
          "sti": 17,
          "dti": 20,
          "sco": 77,
          "dco": 90,
          "txt": "the"
        },
        {
          "si": 1,
          "sti": 18,
          "dti": 21,
          "sco": 81,
          "dco": 94,
          "txt": "Football"
        },
        {
          "si": 1,
          "sti": 19,
          "dti": 22,
          "sco": 90,
          "dco": 103,
          "txt": "League"
        },
        {
          "si": 1,
          "sti": 20,
          "dti": 23,
          "sco": 97,
          "dco": 110,
          "txt": "for"
        },
        {
          "si": 1,
          "sti": 21,
          "dti": 24,
          "sco": 101,
          "dco": 114,
          "txt": "Bradford"
        },
        {
          "si": 1,
          "sti": 22,
          "dti": 25,
          "sco": 110,
          "dco": 123,
          "txt": "City"
        },
        {
          "si": 1,
          "sti": 23,
          "dti": 26,
          "sco": 115,
          "dco": 128,
          "txt": "and"
        },
        {
          "si": 1,
          "sti": 24,
          "dti": 27,
          "sco": 119,
          "dco": 132,
          "txt": "Stoke"
        },
        {
          "si": 1,
          "sti": 25,
          "dti": 28,
          "sco": 124,
          "dco": 137,
          "txt": "."
        },
        {
          "si": 2,
          "sti": 0,
          "dti": 29,
          "sco": 0,
          "dco": 139,
          "txt": "Career"
        },
        {
          "si": 2,
          "sti": 1,
          "dti": 30,
          "sco": 6,
          "dco": 145,
          "txt": "."
        },
        {
          "si": 3,
          "sti": 0,
          "dti": 31,
          "sco": 0,
          "dco": 147,
          "txt": "Prosser"
        },
        {
          "si": 3,
          "sti": 1,
          "dti": 32,
          "sco": 8,
          "dco": 155,
          "txt": "was"
        },
        {
          "si": 3,
          "sti": 2,
          "dti": 33,
          "sco": 12,
          "dco": 159,
          "txt": "born"
        },
        {
          "si": 3,
          "sti": 3,
          "dti": 34,
          "sco": 17,
          "dco": 164,
          "txt": "in"
        },
        {
          "si": 3,
          "sti": 4,
          "dti": 35,
          "sco": 20,
          "dco": 167,
          "txt": "Yorkshire"
        },
        {
          "si": 3,
          "sti": 5,
          "dti": 36,
          "sco": 30,
          "dco": 177,
          "txt": "and"
        },
        {
          "si": 3,
          "sti": 6,
          "dti": 37,
          "sco": 34,
          "dco": 181,
          "txt": "began"
        },
        {
          "si": 3,
          "sti": 7,
          "dti": 38,
          "sco": 40,
          "dco": 187,
          "txt": "his"
        },
        {
          "si": 3,
          "sti": 8,
          "dti": 39,
          "sco": 44,
          "dco": 191,
          "txt": "career"
        },
        {
          "si": 3,
          "sti": 9,
          "dti": 40,
          "sco": 51,
          "dco": 198,
          "txt": "with"
        },
        {
          "si": 3,
          "sti": 10,
          "dti": 41,
          "sco": 56,
          "dco": 203,
          "txt": "Leeds"
        },
        {
          "si": 3,
          "sti": 11,
          "dti": 42,
          "sco": 62,
          "dco": 209,
          "txt": "City"
        },
        {
          "si": 3,
          "sti": 12,
          "dti": 43,
          "sco": 67,
          "dco": 214,
          "txt": "before"
        },
        {
          "si": 3,
          "sti": 13,
          "dti": 44,
          "sco": 74,
          "dco": 221,
          "txt": "making"
        },
        {
          "si": 3,
          "sti": 14,
          "dti": 45,
          "sco": 81,
          "dco": 228,
          "txt": "the"
        },
        {
          "si": 3,
          "sti": 15,
          "dti": 46,
          "sco": 85,
          "dco": 232,
          "txt": "move"
        },
        {
          "si": 3,
          "sti": 16,
          "dti": 47,
          "sco": 90,
          "dco": 237,
          "txt": "to"
        },
        {
          "si": 3,
          "sti": 17,
          "dti": 48,
          "sco": 93,
          "dco": 240,
          "txt": "Stoke"
        },
        {
          "si": 3,
          "sti": 18,
          "dti": 49,
          "sco": 99,
          "dco": 246,
          "txt": "in"
        },
        {
          "si": 3,
          "sti": 19,
          "dti": 50,
          "sco": 102,
          "dco": 249,
          "txt": "1902"
        },
        {
          "si": 3,
          "sti": 20,
          "dti": 51,
          "sco": 106,
          "dco": 253,
          "txt": "."
        },
        {
          "si": 4,
          "sti": 0,
          "dti": 52,
          "sco": 0,
          "dco": 255,
          "txt": "He"
        },
        {
          "si": 4,
          "sti": 1,
          "dti": 53,
          "sco": 3,
          "dco": 258,
          "txt": "played"
        },
        {
          "si": 4,
          "sti": 2,
          "dti": 54,
          "sco": 10,
          "dco": 265,
          "txt": "once"
        },
        {
          "si": 4,
          "sti": 3,
          "dti": 55,
          "sco": 15,
          "dco": 270,
          "txt": "for"
        },
        {
          "si": 4,
          "sti": 4,
          "dti": 56,
          "sco": 19,
          "dco": 274,
          "txt": "Stoke"
        },
        {
          "si": 4,
          "sti": 5,
          "dti": 57,
          "sco": 25,
          "dco": 280,
          "txt": "in"
        },
        {
          "si": 4,
          "sti": 6,
          "dti": 58,
          "sco": 28,
          "dco": 283,
          "txt": "1902"
        },
        {
          "si": 4,
          "sti": 7,
          "dti": 59,
          "sco": 32,
          "dco": 287,
          "txt": "–"
        },
        {
          "si": 4,
          "sti": 8,
          "dti": 60,
          "sco": 33,
          "dco": 288,
          "txt": "03"
        },
        {
          "si": 4,
          "sti": 9,
          "dti": 61,
          "sco": 36,
          "dco": 291,
          "txt": "season"
        },
        {
          "si": 4,
          "sti": 10,
          "dti": 62,
          "sco": 43,
          "dco": 298,
          "txt": "which"
        },
        {
          "si": 4,
          "sti": 11,
          "dti": 63,
          "sco": 49,
          "dco": 304,
          "txt": "came"
        },
        {
          "si": 4,
          "sti": 12,
          "dti": 64,
          "sco": 54,
          "dco": 309,
          "txt": "in"
        },
        {
          "si": 4,
          "sti": 13,
          "dti": 65,
          "sco": 57,
          "dco": 312,
          "txt": "a"
        },
        {
          "si": 4,
          "sti": 14,
          "dti": 66,
          "sco": 59,
          "dco": 314,
          "txt": "2"
        },
        {
          "si": 4,
          "sti": 15,
          "dti": 67,
          "sco": 60,
          "dco": 315,
          "txt": "–"
        },
        {
          "si": 4,
          "sti": 16,
          "dti": 68,
          "sco": 61,
          "dco": 316,
          "txt": "0"
        },
        {
          "si": 4,
          "sti": 17,
          "dti": 69,
          "sco": 63,
          "dco": 318,
          "txt": "loss"
        },
        {
          "si": 4,
          "sti": 18,
          "dti": 70,
          "sco": 68,
          "dco": 323,
          "txt": "at"
        },
        {
          "si": 4,
          "sti": 19,
          "dti": 71,
          "sco": 71,
          "dco": 326,
          "txt": "Derby"
        },
        {
          "si": 4,
          "sti": 20,
          "dti": 72,
          "sco": 77,
          "dco": 332,
          "txt": "County"
        },
        {
          "si": 4,
          "sti": 21,
          "dti": 73,
          "sco": 84,
          "dco": 339,
          "txt": "in"
        },
        {
          "si": 4,
          "sti": 22,
          "dti": 74,
          "sco": 87,
          "dco": 342,
          "txt": "March"
        },
        {
          "si": 4,
          "sti": 23,
          "dti": 75,
          "sco": 93,
          "dco": 348,
          "txt": "1903"
        },
        {
          "si": 4,
          "sti": 24,
          "dti": 76,
          "sco": 97,
          "dco": 352,
          "txt": "."
        },
        {
          "si": 5,
          "sti": 0,
          "dti": 77,
          "sco": 0,
          "dco": 354,
          "txt": "He"
        },
        {
          "si": 5,
          "sti": 1,
          "dti": 78,
          "sco": 3,
          "dco": 357,
          "txt": "then"
        },
        {
          "si": 5,
          "sti": 2,
          "dti": 79,
          "sco": 8,
          "dco": 362,
          "txt": "moved"
        },
        {
          "si": 5,
          "sti": 3,
          "dti": 80,
          "sco": 14,
          "dco": 368,
          "txt": "on"
        },
        {
          "si": 5,
          "sti": 4,
          "dti": 81,
          "sco": 17,
          "dco": 371,
          "txt": "to"
        },
        {
          "si": 5,
          "sti": 5,
          "dti": 82,
          "sco": 20,
          "dco": 374,
          "txt": "Bradford"
        },
        {
          "si": 5,
          "sti": 6,
          "dti": 83,
          "sco": 29,
          "dco": 383,
          "txt": "City"
        },
        {
          "si": 5,
          "sti": 7,
          "dti": 84,
          "sco": 34,
          "dco": 388,
          "txt": "where"
        },
        {
          "si": 5,
          "sti": 8,
          "dti": 85,
          "sco": 40,
          "dco": 394,
          "txt": "he"
        },
        {
          "si": 5,
          "sti": 9,
          "dti": 86,
          "sco": 43,
          "dco": 397,
          "txt": "spent"
        },
        {
          "si": 5,
          "sti": 10,
          "dti": 87,
          "sco": 49,
          "dco": 403,
          "txt": "the"
        },
        {
          "si": 5,
          "sti": 11,
          "dti": 88,
          "sco": 53,
          "dco": 407,
          "txt": "1903"
        },
        {
          "si": 5,
          "sti": 12,
          "dti": 89,
          "sco": 57,
          "dco": 411,
          "txt": "–"
        },
        {
          "si": 5,
          "sti": 13,
          "dti": 90,
          "sco": 58,
          "dco": 412,
          "txt": "04"
        },
        {
          "si": 5,
          "sti": 14,
          "dti": 91,
          "sco": 61,
          "dco": 415,
          "txt": "season"
        },
        {
          "si": 5,
          "sti": 15,
          "dti": 92,
          "sco": 68,
          "dco": 422,
          "txt": "scoring"
        },
        {
          "si": 5,
          "sti": 16,
          "dti": 93,
          "sco": 76,
          "dco": 430,
          "txt": "five"
        },
        {
          "si": 5,
          "sti": 17,
          "dti": 94,
          "sco": 81,
          "dco": 435,
          "txt": "goals"
        },
        {
          "si": 5,
          "sti": 18,
          "dti": 95,
          "sco": 87,
          "dco": 441,
          "txt": "in"
        },
        {
          "si": 5,
          "sti": 19,
          "dti": 96,
          "sco": 90,
          "dco": 444,
          "txt": "19"
        },
        {
          "si": 5,
          "sti": 20,
          "dti": 97,
          "sco": 93,
          "dco": 447,
          "txt": "matches"
        },
        {
          "si": 5,
          "sti": 21,
          "dti": 98,
          "sco": 101,
          "dco": 455,
          "txt": "for"
        },
        {
          "si": 5,
          "sti": 22,
          "dti": 99,
          "sco": 105,
          "dco": 459,
          "txt": "the"
        },
        {
          "si": 5,
          "sti": 23,
          "dti": 100,
          "sco": 109,
          "dco": 463,
          "txt": "\""
        },
        {
          "si": 5,
          "sti": 24,
          "dti": 101,
          "sco": 110,
          "dco": 464,
          "txt": "Bantams"
        },
        {
          "si": 5,
          "sti": 25,
          "dti": 102,
          "sco": 117,
          "dco": 471,
          "txt": "\""
        },
        {
          "si": 5,
          "sti": 26,
          "dti": 103,
          "sco": 118,
          "dco": 472,
          "txt": "."
        }
      ]
    },
    "ganns": {
      "dla": [],
      "la": [],
      "ea": [],
      "eta": [
        {
          "ra": {
            "ea": {
              "etn": "Ben_Prosser"
            }
          },
          "sfs": [
            [
              {
                "stn": "birthYear"
              },
              {
                "dla": {
                  "txt": {
                    "sff": "1878"
                  },
                  "et": {
                    "etn": "BirthYear"
                  },
                  "dp": {
                    "off": 37
                  }
                }
              }
            ],
            [
              {
                "stn": "deathYear"
              },
              {
                "dla": {
                  "txt": {
                    "sff": "1936"
                  },
                  "et": {
                    "etn": "DeathYear"
                  },
                  "dp": {
                    "off": 44
                  }
                }
              }
            ]
          ],
          "mfs": [
            [
              {
                "stn": "position"
              },
              {
                "dla": [],
                "la": [],
                "ea": [],
                "eta": []
              }
            ],
            [
              {
                "stn": "team"
              },
              {
                "dla": [],
                "la": [],
                "ea": [
                  {
                    "etn": "Stoke_City_F.C."
                  },
                  {
                    "etn": "Leeds_City_F.C."
                  },
                  {
                    "etn": "Bradford_City_A.F.C."
                  }
                ],
                "eta": []
              }
            ],
            [
              {
                "stn": "birthPlace"
              },
              {
                "dla": [],
                "la": [],
                "ea": [
                  {
                    "etn": "Yorkshire"
                  }
                ],
                "eta": []
              }
            ]
          ]
        }
      ]
    }
  }
]
