[
  {
    "context": "TRAIN",
    "doc": {
      "id": "Billy_Milne",
      "tl": [
        {
          "si": 0,
          "sti": 0,
          "dti": 0,
          "sco": 0,
          "dco": 0,
          "txt": "Billy"
        },
        {
          "si": 0,
          "sti": 1,
          "dti": 1,
          "sco": 6,
          "dco": 6,
          "txt": "Milne"
        },
        {
          "si": 0,
          "sti": 2,
          "dti": 2,
          "sco": 11,
          "dco": 11,
          "txt": "."
        },
        {
          "si": 1,
          "sti": 0,
          "dti": 3,
          "sco": 0,
          "dco": 13,
          "txt": "William"
        },
        {
          "si": 1,
          "sti": 1,
          "dti": 4,
          "sco": 8,
          "dco": 21,
          "txt": "\""
        },
        {
          "si": 1,
          "sti": 2,
          "dti": 5,
          "sco": 9,
          "dco": 22,
          "txt": "Billy"
        },
        {
          "si": 1,
          "sti": 3,
          "dti": 6,
          "sco": 14,
          "dco": 27,
          "txt": "\""
        },
        {
          "si": 1,
          "sti": 4,
          "dti": 7,
          "sco": 16,
          "dco": 29,
          "txt": "Milne"
        },
        {
          "si": 1,
          "sti": 5,
          "dti": 8,
          "sco": 22,
          "dco": 35,
          "txt": "DCM"
        },
        {
          "si": 1,
          "sti": 6,
          "dti": 9,
          "sco": 25,
          "dco": 38,
          "txt": ","
        },
        {
          "si": 1,
          "sti": 7,
          "dti": 10,
          "sco": 27,
          "dco": 40,
          "txt": "also"
        },
        {
          "si": 1,
          "sti": 8,
          "dti": 11,
          "sco": 32,
          "dco": 45,
          "txt": "known"
        },
        {
          "si": 1,
          "sti": 9,
          "dti": 12,
          "sco": 38,
          "dco": 51,
          "txt": "locally"
        },
        {
          "si": 1,
          "sti": 10,
          "dti": 13,
          "sco": 46,
          "dco": 59,
          "txt": "as"
        },
        {
          "si": 1,
          "sti": 11,
          "dti": 14,
          "sco": 49,
          "dco": 62,
          "txt": "'"
        },
        {
          "si": 1,
          "sti": 12,
          "dti": 15,
          "sco": 50,
          "dco": 63,
          "txt": "Stir"
        },
        {
          "si": 1,
          "sti": 13,
          "dti": 16,
          "sco": 54,
          "dco": 67,
          "txt": "'"
        },
        {
          "si": 1,
          "sti": 14,
          "dti": 17,
          "sco": 55,
          "dco": 68,
          "txt": ","
        },
        {
          "si": 1,
          "sti": 15,
          "dti": 18,
          "sco": 57,
          "dco": 70,
          "txt": "("
        },
        {
          "si": 1,
          "sti": 16,
          "dti": 19,
          "sco": 58,
          "dco": 71,
          "txt": "24"
        },
        {
          "si": 1,
          "sti": 17,
          "dti": 20,
          "sco": 61,
          "dco": 74,
          "txt": "November"
        },
        {
          "si": 1,
          "sti": 18,
          "dti": 21,
          "sco": 70,
          "dco": 83,
          "txt": "1895"
        },
        {
          "si": 1,
          "sti": 19,
          "dti": 22,
          "sco": 75,
          "dco": 88,
          "txt": "–"
        },
        {
          "si": 1,
          "sti": 20,
          "dti": 23,
          "sco": 77,
          "dco": 90,
          "txt": "July"
        },
        {
          "si": 1,
          "sti": 21,
          "dti": 24,
          "sco": 82,
          "dco": 95,
          "txt": "1975"
        },
        {
          "si": 1,
          "sti": 22,
          "dti": 25,
          "sco": 86,
          "dco": 99,
          "txt": ")"
        },
        {
          "si": 1,
          "sti": 23,
          "dti": 26,
          "sco": 87,
          "dco": 100,
          "txt": ","
        },
        {
          "si": 1,
          "sti": 24,
          "dti": 27,
          "sco": 89,
          "dco": 102,
          "txt": "was"
        },
        {
          "si": 1,
          "sti": 25,
          "dti": 28,
          "sco": 93,
          "dco": 106,
          "txt": "a"
        },
        {
          "si": 1,
          "sti": 26,
          "dti": 29,
          "sco": 95,
          "dco": 108,
          "txt": "Scottish"
        },
        {
          "si": 1,
          "sti": 27,
          "dti": 30,
          "sco": 104,
          "dco": 117,
          "txt": "footballer"
        },
        {
          "si": 1,
          "sti": 28,
          "dti": 31,
          "sco": 115,
          "dco": 128,
          "txt": "who"
        },
        {
          "si": 1,
          "sti": 29,
          "dti": 32,
          "sco": 119,
          "dco": 132,
          "txt": "played"
        },
        {
          "si": 1,
          "sti": 30,
          "dti": 33,
          "sco": 126,
          "dco": 139,
          "txt": "for"
        },
        {
          "si": 1,
          "sti": 31,
          "dti": 34,
          "sco": 130,
          "dco": 143,
          "txt": "Arsenal"
        },
        {
          "si": 1,
          "sti": 32,
          "dti": 35,
          "sco": 137,
          "dco": 150,
          "txt": ","
        },
        {
          "si": 1,
          "sti": 33,
          "dti": 36,
          "sco": 139,
          "dco": 152,
          "txt": "before"
        },
        {
          "si": 1,
          "sti": 34,
          "dti": 37,
          "sco": 146,
          "dco": 159,
          "txt": "becoming"
        },
        {
          "si": 1,
          "sti": 35,
          "dti": 38,
          "sco": 155,
          "dco": 168,
          "txt": "a"
        },
        {
          "si": 1,
          "sti": 36,
          "dti": 39,
          "sco": 157,
          "dco": 170,
          "txt": "long"
        },
        {
          "si": 1,
          "sti": 37,
          "dti": 40,
          "sco": 161,
          "dco": 174,
          "txt": "-"
        },
        {
          "si": 1,
          "sti": 38,
          "dti": 41,
          "sco": 162,
          "dco": 175,
          "txt": "standing"
        },
        {
          "si": 1,
          "sti": 39,
          "dti": 42,
          "sco": 171,
          "dco": 184,
          "txt": "member"
        },
        {
          "si": 1,
          "sti": 40,
          "dti": 43,
          "sco": 178,
          "dco": 191,
          "txt": "of"
        },
        {
          "si": 1,
          "sti": 41,
          "dti": 44,
          "sco": 181,
          "dco": 194,
          "txt": "the"
        },
        {
          "si": 1,
          "sti": 42,
          "dti": 45,
          "sco": 185,
          "dco": 198,
          "txt": "club"
        },
        {
          "si": 1,
          "sti": 43,
          "dti": 46,
          "sco": 189,
          "dco": 202,
          "txt": "'"
        },
        {
          "si": 1,
          "sti": 44,
          "dti": 47,
          "sco": 190,
          "dco": 203,
          "txt": "s"
        },
        {
          "si": 1,
          "sti": 45,
          "dti": 48,
          "sco": 192,
          "dco": 205,
          "txt": "backroom"
        },
        {
          "si": 1,
          "sti": 46,
          "dti": 49,
          "sco": 201,
          "dco": 214,
          "txt": "staff"
        },
        {
          "si": 1,
          "sti": 47,
          "dti": 50,
          "sco": 206,
          "dco": 219,
          "txt": "."
        },
        {
          "si": 2,
          "sti": 0,
          "dti": 51,
          "sco": 0,
          "dco": 221,
          "txt": "Born"
        },
        {
          "si": 2,
          "sti": 1,
          "dti": 52,
          "sco": 5,
          "dco": 226,
          "txt": "in"
        },
        {
          "si": 2,
          "sti": 2,
          "dti": 53,
          "sco": 8,
          "dco": 229,
          "txt": "Buckie"
        },
        {
          "si": 2,
          "sti": 3,
          "dti": 54,
          "sco": 14,
          "dco": 235,
          "txt": ","
        },
        {
          "si": 2,
          "sti": 4,
          "dti": 55,
          "sco": 16,
          "dco": 237,
          "txt": "Banffshire"
        },
        {
          "si": 2,
          "sti": 5,
          "dti": 56,
          "sco": 26,
          "dco": 247,
          "txt": ","
        },
        {
          "si": 2,
          "sti": 6,
          "dti": 57,
          "sco": 28,
          "dco": 249,
          "txt": "Milne"
        },
        {
          "si": 2,
          "sti": 7,
          "dti": 58,
          "sco": 34,
          "dco": 255,
          "txt": "started"
        },
        {
          "si": 2,
          "sti": 8,
          "dti": 59,
          "sco": 42,
          "dco": 263,
          "txt": "his"
        },
        {
          "si": 2,
          "sti": 9,
          "dti": 60,
          "sco": 46,
          "dco": 267,
          "txt": "career"
        },
        {
          "si": 2,
          "sti": 10,
          "dti": 61,
          "sco": 53,
          "dco": 274,
          "txt": "at"
        },
        {
          "si": 2,
          "sti": 11,
          "dti": 62,
          "sco": 56,
          "dco": 277,
          "txt": "his"
        },
        {
          "si": 2,
          "sti": 12,
          "dti": 63,
          "sco": 60,
          "dco": 281,
          "txt": "hometown"
        },
        {
          "si": 2,
          "sti": 13,
          "dti": 64,
          "sco": 69,
          "dco": 290,
          "txt": "club"
        },
        {
          "si": 2,
          "sti": 14,
          "dti": 65,
          "sco": 73,
          "dco": 294,
          "txt": ","
        },
        {
          "si": 2,
          "sti": 15,
          "dti": 66,
          "sco": 75,
          "dco": 296,
          "txt": "Buckie"
        },
        {
          "si": 2,
          "sti": 16,
          "dti": 67,
          "sco": 82,
          "dco": 303,
          "txt": "Thistle"
        },
        {
          "si": 2,
          "sti": 17,
          "dti": 68,
          "sco": 90,
          "dco": 311,
          "txt": "in"
        },
        {
          "si": 2,
          "sti": 18,
          "dti": 69,
          "sco": 93,
          "dco": 314,
          "txt": "the"
        },
        {
          "si": 2,
          "sti": 19,
          "dti": 70,
          "sco": 97,
          "dco": 318,
          "txt": "Scottish"
        },
        {
          "si": 2,
          "sti": 20,
          "dti": 71,
          "sco": 106,
          "dco": 327,
          "txt": "Highland"
        },
        {
          "si": 2,
          "sti": 21,
          "dti": 72,
          "sco": 115,
          "dco": 336,
          "txt": "Football"
        },
        {
          "si": 2,
          "sti": 22,
          "dti": 73,
          "sco": 124,
          "dco": 345,
          "txt": "League"
        },
        {
          "si": 2,
          "sti": 23,
          "dti": 74,
          "sco": 130,
          "dco": 351,
          "txt": ","
        },
        {
          "si": 2,
          "sti": 24,
          "dti": 75,
          "sco": 132,
          "dco": 353,
          "txt": "although"
        },
        {
          "si": 2,
          "sti": 25,
          "dti": 76,
          "sco": 141,
          "dco": 362,
          "txt": "his"
        },
        {
          "si": 2,
          "sti": 26,
          "dti": 77,
          "sco": 145,
          "dco": 366,
          "txt": "career"
        },
        {
          "si": 2,
          "sti": 27,
          "dti": 78,
          "sco": 152,
          "dco": 373,
          "txt": "was"
        },
        {
          "si": 2,
          "sti": 28,
          "dti": 79,
          "sco": 156,
          "dco": 377,
          "txt": "interrupted"
        },
        {
          "si": 2,
          "sti": 29,
          "dti": 80,
          "sco": 168,
          "dco": 389,
          "txt": "early"
        },
        {
          "si": 2,
          "sti": 30,
          "dti": 81,
          "sco": 174,
          "dco": 395,
          "txt": "on"
        },
        {
          "si": 2,
          "sti": 31,
          "dti": 82,
          "sco": 177,
          "dco": 398,
          "txt": "by"
        },
        {
          "si": 2,
          "sti": 32,
          "dti": 83,
          "sco": 180,
          "dco": 401,
          "txt": "World"
        },
        {
          "si": 2,
          "sti": 33,
          "dti": 84,
          "sco": 186,
          "dco": 407,
          "txt": "War"
        },
        {
          "si": 2,
          "sti": 34,
          "dti": 85,
          "sco": 190,
          "dco": 411,
          "txt": "I"
        },
        {
          "si": 2,
          "sti": 35,
          "dti": 86,
          "sco": 191,
          "dco": 412,
          "txt": "."
        },
        {
          "si": 3,
          "sti": 0,
          "dti": 87,
          "sco": 0,
          "dco": 414,
          "txt": "During"
        },
        {
          "si": 3,
          "sti": 1,
          "dti": 88,
          "sco": 7,
          "dco": 421,
          "txt": "the"
        },
        {
          "si": 3,
          "sti": 2,
          "dti": 89,
          "sco": 11,
          "dco": 425,
          "txt": "war"
        },
        {
          "si": 3,
          "sti": 3,
          "dti": 90,
          "sco": 14,
          "dco": 428,
          "txt": ","
        },
        {
          "si": 3,
          "sti": 4,
          "dti": 91,
          "sco": 16,
          "dco": 430,
          "txt": "Milne"
        },
        {
          "si": 3,
          "sti": 5,
          "dti": 92,
          "sco": 22,
          "dco": 436,
          "txt": "served"
        },
        {
          "si": 3,
          "sti": 6,
          "dti": 93,
          "sco": 29,
          "dco": 443,
          "txt": "with"
        },
        {
          "si": 3,
          "sti": 7,
          "dti": 94,
          "sco": 34,
          "dco": 448,
          "txt": "the"
        },
        {
          "si": 3,
          "sti": 8,
          "dti": 95,
          "sco": 38,
          "dco": 452,
          "txt": "Seaforth"
        },
        {
          "si": 3,
          "sti": 9,
          "dti": 96,
          "sco": 47,
          "dco": 461,
          "txt": "Highlanders"
        },
        {
          "si": 3,
          "sti": 10,
          "dti": 97,
          "sco": 59,
          "dco": 473,
          "txt": "in"
        },
        {
          "si": 3,
          "sti": 11,
          "dti": 98,
          "sco": 62,
          "dco": 476,
          "txt": "France"
        },
        {
          "si": 3,
          "sti": 12,
          "dti": 99,
          "sco": 69,
          "dco": 483,
          "txt": "and"
        },
        {
          "si": 3,
          "sti": 13,
          "dti": 100,
          "sco": 73,
          "dco": 487,
          "txt": "won"
        },
        {
          "si": 3,
          "sti": 14,
          "dti": 101,
          "sco": 77,
          "dco": 491,
          "txt": "the"
        },
        {
          "si": 3,
          "sti": 15,
          "dti": 102,
          "sco": 81,
          "dco": 495,
          "txt": "Distinguished"
        },
        {
          "si": 3,
          "sti": 16,
          "dti": 103,
          "sco": 95,
          "dco": 509,
          "txt": "Conduct"
        },
        {
          "si": 3,
          "sti": 17,
          "dti": 104,
          "sco": 103,
          "dco": 517,
          "txt": "Medal"
        },
        {
          "si": 3,
          "sti": 18,
          "dti": 105,
          "sco": 109,
          "dco": 523,
          "txt": "in"
        },
        {
          "si": 3,
          "sti": 19,
          "dti": 106,
          "sco": 112,
          "dco": 526,
          "txt": "1918"
        },
        {
          "si": 3,
          "sti": 20,
          "dti": 107,
          "sco": 116,
          "dco": 530,
          "txt": "."
        },
        {
          "si": 4,
          "sti": 0,
          "dti": 108,
          "sco": 0,
          "dco": 532,
          "txt": "After"
        },
        {
          "si": 4,
          "sti": 1,
          "dti": 109,
          "sco": 6,
          "dco": 538,
          "txt": "hostilities"
        },
        {
          "si": 4,
          "sti": 2,
          "dti": 110,
          "sco": 18,
          "dco": 550,
          "txt": "ceased"
        },
        {
          "si": 4,
          "sti": 3,
          "dti": 111,
          "sco": 24,
          "dco": 556,
          "txt": ","
        },
        {
          "si": 4,
          "sti": 4,
          "dti": 112,
          "sco": 26,
          "dco": 558,
          "txt": "Milne"
        },
        {
          "si": 4,
          "sti": 5,
          "dti": 113,
          "sco": 32,
          "dco": 564,
          "txt": "returned"
        },
        {
          "si": 4,
          "sti": 6,
          "dti": 114,
          "sco": 41,
          "dco": 573,
          "txt": "to"
        },
        {
          "si": 4,
          "sti": 7,
          "dti": 115,
          "sco": 44,
          "dco": 576,
          "txt": "Buckie"
        },
        {
          "si": 4,
          "sti": 8,
          "dti": 116,
          "sco": 50,
          "dco": 582,
          "txt": ","
        },
        {
          "si": 4,
          "sti": 9,
          "dti": 117,
          "sco": 52,
          "dco": 584,
          "txt": "and"
        },
        {
          "si": 4,
          "sti": 10,
          "dti": 118,
          "sco": 56,
          "dco": 588,
          "txt": "to"
        },
        {
          "si": 4,
          "sti": 11,
          "dti": 119,
          "sco": 59,
          "dco": 591,
          "txt": "Buckie"
        },
        {
          "si": 4,
          "sti": 12,
          "dti": 120,
          "sco": 66,
          "dco": 598,
          "txt": "Thistle"
        },
        {
          "si": 4,
          "sti": 13,
          "dti": 121,
          "sco": 73,
          "dco": 605,
          "txt": ","
        },
        {
          "si": 4,
          "sti": 14,
          "dti": 122,
          "sco": 75,
          "dco": 607,
          "txt": "where"
        },
        {
          "si": 4,
          "sti": 15,
          "dti": 123,
          "sco": 81,
          "dco": 613,
          "txt": "he"
        },
        {
          "si": 4,
          "sti": 16,
          "dti": 124,
          "sco": 84,
          "dco": 616,
          "txt": "made"
        },
        {
          "si": 4,
          "sti": 17,
          "dti": 125,
          "sco": 89,
          "dco": 621,
          "txt": "a"
        },
        {
          "si": 4,
          "sti": 18,
          "dti": 126,
          "sco": 91,
          "dco": 623,
          "txt": "name"
        },
        {
          "si": 4,
          "sti": 19,
          "dti": 127,
          "sco": 96,
          "dco": 628,
          "txt": "for"
        },
        {
          "si": 4,
          "sti": 20,
          "dti": 128,
          "sco": 100,
          "dco": 632,
          "txt": "himself"
        },
        {
          "si": 4,
          "sti": 21,
          "dti": 129,
          "sco": 108,
          "dco": 640,
          "txt": "as"
        },
        {
          "si": 4,
          "sti": 22,
          "dti": 130,
          "sco": 111,
          "dco": 643,
          "txt": "a"
        },
        {
          "si": 4,
          "sti": 23,
          "dti": 131,
          "sco": 113,
          "dco": 645,
          "txt": "tireless"
        },
        {
          "si": 4,
          "sti": 24,
          "dti": 132,
          "sco": 122,
          "dco": 654,
          "txt": "and"
        },
        {
          "si": 4,
          "sti": 25,
          "dti": 133,
          "sco": 126,
          "dco": 658,
          "txt": "enthusiastic"
        },
        {
          "si": 4,
          "sti": 26,
          "dti": 134,
          "sco": 139,
          "dco": 671,
          "txt": "wing"
        },
        {
          "si": 4,
          "sti": 27,
          "dti": 135,
          "sco": 144,
          "dco": 676,
          "txt": "half"
        },
        {
          "si": 4,
          "sti": 28,
          "dti": 136,
          "sco": 149,
          "dco": 681,
          "txt": "("
        },
        {
          "si": 4,
          "sti": 29,
          "dti": 137,
          "sco": 150,
          "dco": 682,
          "txt": "what"
        },
        {
          "si": 4,
          "sti": 30,
          "dti": 138,
          "sco": 155,
          "dco": 687,
          "txt": "would"
        },
        {
          "si": 4,
          "sti": 31,
          "dti": 139,
          "sco": 161,
          "dco": 693,
          "txt": "today"
        },
        {
          "si": 4,
          "sti": 32,
          "dti": 140,
          "sco": 167,
          "dco": 699,
          "txt": "be"
        },
        {
          "si": 4,
          "sti": 33,
          "dti": 141,
          "sco": 170,
          "dco": 702,
          "txt": "approximately"
        },
        {
          "si": 4,
          "sti": 34,
          "dti": 142,
          "sco": 184,
          "dco": 716,
          "txt": "a"
        },
        {
          "si": 4,
          "sti": 35,
          "dti": 143,
          "sco": 186,
          "dco": 718,
          "txt": "midfield"
        },
        {
          "si": 4,
          "sti": 36,
          "dti": 144,
          "sco": 195,
          "dco": 727,
          "txt": "position"
        },
        {
          "si": 4,
          "sti": 37,
          "dti": 145,
          "sco": 203,
          "dco": 735,
          "txt": ")"
        },
        {
          "si": 4,
          "sti": 38,
          "dti": 146,
          "sco": 204,
          "dco": 736,
          "txt": "."
        },
        {
          "si": 5,
          "sti": 0,
          "dti": 147,
          "sco": 0,
          "dco": 738,
          "txt": "In"
        },
        {
          "si": 5,
          "sti": 1,
          "dti": 148,
          "sco": 3,
          "dco": 741,
          "txt": "September"
        },
        {
          "si": 5,
          "sti": 2,
          "dti": 149,
          "sco": 13,
          "dco": 751,
          "txt": "1921"
        },
        {
          "si": 5,
          "sti": 3,
          "dti": 150,
          "sco": 18,
          "dco": 756,
          "txt": "he"
        },
        {
          "si": 5,
          "sti": 4,
          "dti": 151,
          "sco": 21,
          "dco": 759,
          "txt": "made"
        },
        {
          "si": 5,
          "sti": 5,
          "dti": 152,
          "sco": 26,
          "dco": 764,
          "txt": "the"
        },
        {
          "si": 5,
          "sti": 6,
          "dti": 153,
          "sco": 30,
          "dco": 768,
          "txt": "long"
        },
        {
          "si": 5,
          "sti": 7,
          "dti": 154,
          "sco": 35,
          "dco": 773,
          "txt": "journey"
        },
        {
          "si": 5,
          "sti": 8,
          "dti": 155,
          "sco": 43,
          "dco": 781,
          "txt": "south"
        },
        {
          "si": 5,
          "sti": 9,
          "dti": 156,
          "sco": 49,
          "dco": 787,
          "txt": "by"
        },
        {
          "si": 5,
          "sti": 10,
          "dti": 157,
          "sco": 52,
          "dco": 790,
          "txt": "train"
        },
        {
          "si": 5,
          "sti": 11,
          "dti": 158,
          "sco": 58,
          "dco": 796,
          "txt": "("
        },
        {
          "si": 5,
          "sti": 12,
          "dti": 159,
          "sco": 59,
          "dco": 797,
          "txt": "Great"
        },
        {
          "si": 5,
          "sti": 13,
          "dti": 160,
          "sco": 65,
          "dco": 803,
          "txt": "North"
        },
        {
          "si": 5,
          "sti": 14,
          "dti": 161,
          "sco": 71,
          "dco": 809,
          "txt": "of"
        },
        {
          "si": 5,
          "sti": 15,
          "dti": 162,
          "sco": 74,
          "dco": 812,
          "txt": "Scotland"
        },
        {
          "si": 5,
          "sti": 16,
          "dti": 163,
          "sco": 83,
          "dco": 821,
          "txt": "Railway"
        },
        {
          "si": 5,
          "sti": 17,
          "dti": 164,
          "sco": 90,
          "dco": 828,
          "txt": ")"
        },
        {
          "si": 5,
          "sti": 18,
          "dti": 165,
          "sco": 92,
          "dco": 830,
          "txt": "from"
        },
        {
          "si": 5,
          "sti": 19,
          "dti": 166,
          "sco": 97,
          "dco": 835,
          "txt": "Buckie"
        },
        {
          "si": 5,
          "sti": 20,
          "dti": 167,
          "sco": 104,
          "dco": 842,
          "txt": "to"
        },
        {
          "si": 5,
          "sti": 21,
          "dti": 168,
          "sco": 107,
          "dco": 845,
          "txt": "join"
        },
        {
          "si": 5,
          "sti": 22,
          "dti": 169,
          "sco": 112,
          "dco": 850,
          "txt": "London"
        },
        {
          "si": 5,
          "sti": 23,
          "dti": 170,
          "sco": 119,
          "dco": 857,
          "txt": "side"
        },
        {
          "si": 5,
          "sti": 24,
          "dti": 171,
          "sco": 124,
          "dco": 862,
          "txt": "Arsenal"
        },
        {
          "si": 5,
          "sti": 25,
          "dti": 172,
          "sco": 131,
          "dco": 869,
          "txt": "."
        },
        {
          "si": 6,
          "sti": 0,
          "dti": 173,
          "sco": 0,
          "dco": 871,
          "txt": "Milne"
        },
        {
          "si": 6,
          "sti": 1,
          "dti": 174,
          "sco": 6,
          "dco": 877,
          "txt": "made"
        },
        {
          "si": 6,
          "sti": 2,
          "dti": 175,
          "sco": 11,
          "dco": 882,
          "txt": "his"
        },
        {
          "si": 6,
          "sti": 3,
          "dti": 176,
          "sco": 15,
          "dco": 886,
          "txt": "debut"
        },
        {
          "si": 6,
          "sti": 4,
          "dti": 177,
          "sco": 21,
          "dco": 892,
          "txt": "for"
        },
        {
          "si": 6,
          "sti": 5,
          "dti": 178,
          "sco": 25,
          "dco": 896,
          "txt": "Arsenal"
        },
        {
          "si": 6,
          "sti": 6,
          "dti": 179,
          "sco": 33,
          "dco": 904,
          "txt": "away"
        },
        {
          "si": 6,
          "sti": 7,
          "dti": 180,
          "sco": 38,
          "dco": 909,
          "txt": "to"
        },
        {
          "si": 6,
          "sti": 8,
          "dti": 181,
          "sco": 41,
          "dco": 912,
          "txt": "Cardiff"
        },
        {
          "si": 6,
          "sti": 9,
          "dti": 182,
          "sco": 49,
          "dco": 920,
          "txt": "City"
        },
        {
          "si": 6,
          "sti": 10,
          "dti": 183,
          "sco": 54,
          "dco": 925,
          "txt": "on"
        },
        {
          "si": 6,
          "sti": 11,
          "dti": 184,
          "sco": 57,
          "dco": 928,
          "txt": "27"
        },
        {
          "si": 6,
          "sti": 12,
          "dti": 185,
          "sco": 60,
          "dco": 931,
          "txt": "December"
        },
        {
          "si": 6,
          "sti": 13,
          "dti": 186,
          "sco": 69,
          "dco": 940,
          "txt": "1921"
        },
        {
          "si": 6,
          "sti": 14,
          "dti": 187,
          "sco": 73,
          "dco": 944,
          "txt": ","
        },
        {
          "si": 6,
          "sti": 15,
          "dti": 188,
          "sco": 75,
          "dco": 946,
          "txt": "but"
        },
        {
          "si": 6,
          "sti": 16,
          "dti": 189,
          "sco": 79,
          "dco": 950,
          "txt": "only"
        },
        {
          "si": 6,
          "sti": 17,
          "dti": 190,
          "sco": 84,
          "dco": 955,
          "txt": "played"
        },
        {
          "si": 6,
          "sti": 18,
          "dti": 191,
          "sco": 91,
          "dco": 962,
          "txt": "another"
        },
        {
          "si": 6,
          "sti": 19,
          "dti": 192,
          "sco": 99,
          "dco": 970,
          "txt": "four"
        },
        {
          "si": 6,
          "sti": 20,
          "dti": 193,
          "sco": 104,
          "dco": 975,
          "txt": "games"
        },
        {
          "si": 6,
          "sti": 21,
          "dti": 194,
          "sco": 110,
          "dco": 981,
          "txt": "that"
        },
        {
          "si": 6,
          "sti": 22,
          "dti": 195,
          "sco": 115,
          "dco": 986,
          "txt": "season"
        },
        {
          "si": 6,
          "sti": 23,
          "dti": 196,
          "sco": 121,
          "dco": 992,
          "txt": "."
        },
        {
          "si": 7,
          "sti": 0,
          "dti": 197,
          "sco": 0,
          "dco": 994,
          "txt": "However"
        },
        {
          "si": 7,
          "sti": 1,
          "dti": 198,
          "sco": 7,
          "dco": 1001,
          "txt": ","
        },
        {
          "si": 7,
          "sti": 2,
          "dti": 199,
          "sco": 9,
          "dco": 1003,
          "txt": "the"
        },
        {
          "si": 7,
          "sti": 3,
          "dti": 200,
          "sco": 13,
          "dco": 1007,
          "txt": "following"
        },
        {
          "si": 7,
          "sti": 4,
          "dti": 201,
          "sco": 23,
          "dco": 1017,
          "txt": "season"
        },
        {
          "si": 7,
          "sti": 5,
          "dti": 202,
          "sco": 30,
          "dco": 1024,
          "txt": "he"
        },
        {
          "si": 7,
          "sti": 6,
          "dti": 203,
          "sco": 33,
          "dco": 1027,
          "txt": "became"
        },
        {
          "si": 7,
          "sti": 7,
          "dti": 204,
          "sco": 40,
          "dco": 1034,
          "txt": "an"
        },
        {
          "si": 7,
          "sti": 8,
          "dti": 205,
          "sco": 43,
          "dco": 1037,
          "txt": "established"
        },
        {
          "si": 7,
          "sti": 9,
          "dti": 206,
          "sco": 55,
          "dco": 1049,
          "txt": "regular"
        },
        {
          "si": 7,
          "sti": 10,
          "dti": 207,
          "sco": 63,
          "dco": 1057,
          "txt": "in"
        },
        {
          "si": 7,
          "sti": 11,
          "dti": 208,
          "sco": 66,
          "dco": 1060,
          "txt": "the"
        },
        {
          "si": 7,
          "sti": 12,
          "dti": 209,
          "sco": 70,
          "dco": 1064,
          "txt": "Arsenal"
        },
        {
          "si": 7,
          "sti": 13,
          "dti": 210,
          "sco": 78,
          "dco": 1072,
          "txt": "side"
        },
        {
          "si": 7,
          "sti": 14,
          "dti": 211,
          "sco": 82,
          "dco": 1076,
          "txt": ","
        },
        {
          "si": 7,
          "sti": 15,
          "dti": 212,
          "sco": 84,
          "dco": 1078,
          "txt": "as"
        },
        {
          "si": 7,
          "sti": 16,
          "dti": 213,
          "sco": 87,
          "dco": 1081,
          "txt": "a"
        },
        {
          "si": 7,
          "sti": 17,
          "dti": 214,
          "sco": 89,
          "dco": 1083,
          "txt": "right"
        },
        {
          "si": 7,
          "sti": 18,
          "dti": 215,
          "sco": 95,
          "dco": 1089,
          "txt": "half"
        },
        {
          "si": 7,
          "sti": 19,
          "dti": 216,
          "sco": 99,
          "dco": 1093,
          "txt": ","
        },
        {
          "si": 7,
          "sti": 20,
          "dti": 217,
          "sco": 101,
          "dco": 1095,
          "txt": "and"
        },
        {
          "si": 7,
          "sti": 21,
          "dti": 218,
          "sco": 105,
          "dco": 1099,
          "txt": "continued"
        },
        {
          "si": 7,
          "sti": 22,
          "dti": 219,
          "sco": 115,
          "dco": 1109,
          "txt": "to"
        },
        {
          "si": 7,
          "sti": 23,
          "dti": 220,
          "sco": 118,
          "dco": 1112,
          "txt": "play"
        },
        {
          "si": 7,
          "sti": 24,
          "dti": 221,
          "sco": 123,
          "dco": 1117,
          "txt": "there"
        },
        {
          "si": 7,
          "sti": 25,
          "dti": 222,
          "sco": 129,
          "dco": 1123,
          "txt": "for"
        },
        {
          "si": 7,
          "sti": 26,
          "dti": 223,
          "sco": 133,
          "dco": 1127,
          "txt": "another"
        },
        {
          "si": 7,
          "sti": 27,
          "dti": 224,
          "sco": 141,
          "dco": 1135,
          "txt": "four"
        },
        {
          "si": 7,
          "sti": 28,
          "dti": 225,
          "sco": 146,
          "dco": 1140,
          "txt": "seasons"
        },
        {
          "si": 7,
          "sti": 29,
          "dti": 226,
          "sco": 153,
          "dco": 1147,
          "txt": "."
        },
        {
          "si": 8,
          "sti": 0,
          "dti": 227,
          "sco": 0,
          "dco": 1149,
          "txt": "However"
        },
        {
          "si": 8,
          "sti": 1,
          "dti": 228,
          "sco": 7,
          "dco": 1156,
          "txt": ","
        },
        {
          "si": 8,
          "sti": 2,
          "dti": 229,
          "sco": 9,
          "dco": 1158,
          "txt": "after"
        },
        {
          "si": 8,
          "sti": 3,
          "dti": 230,
          "sco": 15,
          "dco": 1164,
          "txt": "the"
        },
        {
          "si": 8,
          "sti": 4,
          "dti": 231,
          "sco": 19,
          "dco": 1168,
          "txt": "arrival"
        },
        {
          "si": 8,
          "sti": 5,
          "dti": 232,
          "sco": 27,
          "dco": 1176,
          "txt": "of"
        },
        {
          "si": 8,
          "sti": 6,
          "dti": 233,
          "sco": 30,
          "dco": 1179,
          "txt": "Alf"
        },
        {
          "si": 8,
          "sti": 7,
          "dti": 234,
          "sco": 34,
          "dco": 1183,
          "txt": "Baker"
        },
        {
          "si": 8,
          "sti": 8,
          "dti": 235,
          "sco": 40,
          "dco": 1189,
          "txt": "he"
        },
        {
          "si": 8,
          "sti": 9,
          "dti": 236,
          "sco": 43,
          "dco": 1192,
          "txt": "was"
        },
        {
          "si": 8,
          "sti": 10,
          "dti": 237,
          "sco": 47,
          "dco": 1196,
          "txt": "dropped"
        },
        {
          "si": 8,
          "sti": 11,
          "dti": 238,
          "sco": 54,
          "dco": 1203,
          "txt": ";"
        },
        {
          "si": 8,
          "sti": 12,
          "dti": 239,
          "sco": 56,
          "dco": 1205,
          "txt": "he"
        },
        {
          "si": 8,
          "sti": 13,
          "dti": 240,
          "sco": 59,
          "dco": 1208,
          "txt": "was"
        },
        {
          "si": 8,
          "sti": 14,
          "dti": 241,
          "sco": 63,
          "dco": 1212,
          "txt": "a"
        },
        {
          "si": 8,
          "sti": 15,
          "dti": 242,
          "sco": 65,
          "dco": 1214,
          "txt": "bit"
        },
        {
          "si": 8,
          "sti": 16,
          "dti": 243,
          "sco": 68,
          "dco": 1217,
          "txt": "-"
        },
        {
          "si": 8,
          "sti": 17,
          "dti": 244,
          "sco": 69,
          "dco": 1218,
          "txt": "part"
        },
        {
          "si": 8,
          "sti": 18,
          "dti": 245,
          "sco": 74,
          "dco": 1223,
          "txt": "player"
        },
        {
          "si": 8,
          "sti": 19,
          "dti": 246,
          "sco": 81,
          "dco": 1230,
          "txt": "for"
        },
        {
          "si": 8,
          "sti": 20,
          "dti": 247,
          "sco": 85,
          "dco": 1234,
          "txt": "the"
        },
        {
          "si": 8,
          "sti": 21,
          "dti": 248,
          "sco": 89,
          "dco": 1238,
          "txt": "next"
        },
        {
          "si": 8,
          "sti": 22,
          "dti": 249,
          "sco": 94,
          "dco": 1243,
          "txt": "few"
        },
        {
          "si": 8,
          "sti": 23,
          "dti": 250,
          "sco": 98,
          "dco": 1247,
          "txt": "seasons"
        },
        {
          "si": 8,
          "sti": 24,
          "dti": 251,
          "sco": 105,
          "dco": 1254,
          "txt": ","
        },
        {
          "si": 8,
          "sti": 25,
          "dti": 252,
          "sco": 107,
          "dco": 1256,
          "txt": "but"
        },
        {
          "si": 8,
          "sti": 26,
          "dti": 253,
          "sco": 111,
          "dco": 1260,
          "txt": "in"
        },
        {
          "si": 8,
          "sti": 27,
          "dti": 254,
          "sco": 114,
          "dco": 1263,
          "txt": "a"
        },
        {
          "si": 8,
          "sti": 28,
          "dti": 255,
          "sco": 116,
          "dco": 1265,
          "txt": "match"
        },
        {
          "si": 8,
          "sti": 29,
          "dti": 256,
          "sco": 122,
          "dco": 1271,
          "txt": "against"
        },
        {
          "si": 8,
          "sti": 30,
          "dti": 257,
          "sco": 130,
          "dco": 1279,
          "txt": "Huddersfield"
        },
        {
          "si": 8,
          "sti": 31,
          "dti": 258,
          "sco": 143,
          "dco": 1292,
          "txt": "Town"
        },
        {
          "si": 8,
          "sti": 32,
          "dti": 259,
          "sco": 148,
          "dco": 1297,
          "txt": "on"
        },
        {
          "si": 8,
          "sti": 33,
          "dti": 260,
          "sco": 151,
          "dco": 1300,
          "txt": "2"
        },
        {
          "si": 8,
          "sti": 34,
          "dti": 261,
          "sco": 153,
          "dco": 1302,
          "txt": "April"
        },
        {
          "si": 8,
          "sti": 35,
          "dti": 262,
          "sco": 159,
          "dco": 1308,
          "txt": "1927"
        },
        {
          "si": 8,
          "sti": 36,
          "dti": 263,
          "sco": 164,
          "dco": 1313,
          "txt": "he"
        },
        {
          "si": 8,
          "sti": 37,
          "dti": 264,
          "sco": 167,
          "dco": 1316,
          "txt": "broke"
        },
        {
          "si": 8,
          "sti": 38,
          "dti": 265,
          "sco": 173,
          "dco": 1322,
          "txt": "his"
        },
        {
          "si": 8,
          "sti": 39,
          "dti": 266,
          "sco": 177,
          "dco": 1326,
          "txt": "leg"
        },
        {
          "si": 8,
          "sti": 40,
          "dti": 267,
          "sco": 181,
          "dco": 1330,
          "txt": "and"
        },
        {
          "si": 8,
          "sti": 41,
          "dti": 268,
          "sco": 185,
          "dco": 1334,
          "txt": "his"
        },
        {
          "si": 8,
          "sti": 42,
          "dti": 269,
          "sco": 189,
          "dco": 1338,
          "txt": "playing"
        },
        {
          "si": 8,
          "sti": 43,
          "dti": 270,
          "sco": 197,
          "dco": 1346,
          "txt": "career"
        },
        {
          "si": 8,
          "sti": 44,
          "dti": 271,
          "sco": 204,
          "dco": 1353,
          "txt": "was"
        },
        {
          "si": 8,
          "sti": 45,
          "dti": 272,
          "sco": 208,
          "dco": 1357,
          "txt": "effectively"
        },
        {
          "si": 8,
          "sti": 46,
          "dti": 273,
          "sco": 220,
          "dco": 1369,
          "txt": "finished"
        },
        {
          "si": 8,
          "sti": 47,
          "dti": 274,
          "sco": 228,
          "dco": 1377,
          "txt": "."
        },
        {
          "si": 9,
          "sti": 0,
          "dti": 275,
          "sco": 0,
          "dco": 1379,
          "txt": "In"
        },
        {
          "si": 9,
          "sti": 1,
          "dti": 276,
          "sco": 3,
          "dco": 1382,
          "txt": "all"
        },
        {
          "si": 9,
          "sti": 2,
          "dti": 277,
          "sco": 7,
          "dco": 1386,
          "txt": "he"
        },
        {
          "si": 9,
          "sti": 3,
          "dti": 278,
          "sco": 10,
          "dco": 1389,
          "txt": "played"
        },
        {
          "si": 9,
          "sti": 4,
          "dti": 279,
          "sco": 17,
          "dco": 1396,
          "txt": "124"
        },
        {
          "si": 9,
          "sti": 5,
          "dti": 280,
          "sco": 21,
          "dco": 1400,
          "txt": "times"
        },
        {
          "si": 9,
          "sti": 6,
          "dti": 281,
          "sco": 27,
          "dco": 1406,
          "txt": "for"
        },
        {
          "si": 9,
          "sti": 7,
          "dti": 282,
          "sco": 31,
          "dco": 1410,
          "txt": "Arsenal"
        },
        {
          "si": 9,
          "sti": 8,
          "dti": 283,
          "sco": 38,
          "dco": 1417,
          "txt": ","
        },
        {
          "si": 9,
          "sti": 9,
          "dti": 284,
          "sco": 40,
          "dco": 1419,
          "txt": "scoring"
        },
        {
          "si": 9,
          "sti": 10,
          "dti": 285,
          "sco": 48,
          "dco": 1427,
          "txt": "three"
        },
        {
          "si": 9,
          "sti": 11,
          "dti": 286,
          "sco": 54,
          "dco": 1433,
          "txt": "goals"
        },
        {
          "si": 9,
          "sti": 12,
          "dti": 287,
          "sco": 59,
          "dco": 1438,
          "txt": "."
        },
        {
          "si": 10,
          "sti": 0,
          "dti": 288,
          "sco": 0,
          "dco": 1440,
          "txt": "Milne"
        },
        {
          "si": 10,
          "sti": 1,
          "dti": 289,
          "sco": 5,
          "dco": 1445,
          "txt": "'"
        },
        {
          "si": 10,
          "sti": 2,
          "dti": 290,
          "sco": 6,
          "dco": 1446,
          "txt": "s"
        },
        {
          "si": 10,
          "sti": 3,
          "dti": 291,
          "sco": 8,
          "dco": 1448,
          "txt": "tenaciousness"
        },
        {
          "si": 10,
          "sti": 4,
          "dti": 292,
          "sco": 22,
          "dco": 1462,
          "txt": "and"
        },
        {
          "si": 10,
          "sti": 5,
          "dti": 293,
          "sco": 26,
          "dco": 1466,
          "txt": "high"
        },
        {
          "si": 10,
          "sti": 6,
          "dti": 294,
          "sco": 31,
          "dco": 1471,
          "txt": "levels"
        },
        {
          "si": 10,
          "sti": 7,
          "dti": 295,
          "sco": 38,
          "dco": 1478,
          "txt": "of"
        },
        {
          "si": 10,
          "sti": 8,
          "dti": 296,
          "sco": 41,
          "dco": 1481,
          "txt": "fitness"
        },
        {
          "si": 10,
          "sti": 9,
          "dti": 297,
          "sco": 49,
          "dco": 1489,
          "txt": "led"
        },
        {
          "si": 10,
          "sti": 10,
          "dti": 298,
          "sco": 53,
          "dco": 1493,
          "txt": "Arsenal"
        },
        {
          "si": 10,
          "sti": 11,
          "dti": 299,
          "sco": 61,
          "dco": 1501,
          "txt": "manager"
        },
        {
          "si": 10,
          "sti": 12,
          "dti": 300,
          "sco": 69,
          "dco": 1509,
          "txt": "Herbert"
        },
        {
          "si": 10,
          "sti": 13,
          "dti": 301,
          "sco": 77,
          "dco": 1517,
          "txt": "Chapman"
        },
        {
          "si": 10,
          "sti": 14,
          "dti": 302,
          "sco": 85,
          "dco": 1525,
          "txt": "to"
        },
        {
          "si": 10,
          "sti": 15,
          "dti": 303,
          "sco": 88,
          "dco": 1528,
          "txt": "retain"
        },
        {
          "si": 10,
          "sti": 16,
          "dti": 304,
          "sco": 95,
          "dco": 1535,
          "txt": "Milne"
        },
        {
          "si": 10,
          "sti": 17,
          "dti": 305,
          "sco": 100,
          "dco": 1540,
          "txt": "'"
        },
        {
          "si": 10,
          "sti": 18,
          "dti": 306,
          "sco": 101,
          "dco": 1541,
          "txt": "s"
        },
        {
          "si": 10,
          "sti": 19,
          "dti": 307,
          "sco": 103,
          "dco": 1543,
          "txt": "services"
        },
        {
          "si": 10,
          "sti": 20,
          "dti": 308,
          "sco": 111,
          "dco": 1551,
          "txt": ","
        },
        {
          "si": 10,
          "sti": 21,
          "dti": 309,
          "sco": 113,
          "dco": 1553,
          "txt": "appointing"
        },
        {
          "si": 10,
          "sti": 22,
          "dti": 310,
          "sco": 124,
          "dco": 1564,
          "txt": "him"
        },
        {
          "si": 10,
          "sti": 23,
          "dti": 311,
          "sco": 128,
          "dco": 1568,
          "txt": "as"
        },
        {
          "si": 10,
          "sti": 24,
          "dti": 312,
          "sco": 131,
          "dco": 1571,
          "txt": "assistant"
        },
        {
          "si": 10,
          "sti": 25,
          "dti": 313,
          "sco": 141,
          "dco": 1581,
          "txt": "trainer"
        },
        {
          "si": 10,
          "sti": 26,
          "dti": 314,
          "sco": 149,
          "dco": 1589,
          "txt": "to"
        },
        {
          "si": 10,
          "sti": 27,
          "dti": 315,
          "sco": 152,
          "dco": 1592,
          "txt": "Tom"
        },
        {
          "si": 10,
          "sti": 28,
          "dti": 316,
          "sco": 156,
          "dco": 1596,
          "txt": "Whittaker"
        },
        {
          "si": 10,
          "sti": 29,
          "dti": 317,
          "sco": 165,
          "dco": 1605,
          "txt": "."
        },
        {
          "si": 11,
          "sti": 0,
          "dti": 318,
          "sco": 0,
          "dco": 1607,
          "txt": "During"
        },
        {
          "si": 11,
          "sti": 1,
          "dti": 319,
          "sco": 7,
          "dco": 1614,
          "txt": "World"
        },
        {
          "si": 11,
          "sti": 2,
          "dti": 320,
          "sco": 13,
          "dco": 1620,
          "txt": "War"
        },
        {
          "si": 11,
          "sti": 3,
          "dti": 321,
          "sco": 17,
          "dco": 1624,
          "txt": "II"
        },
        {
          "si": 11,
          "sti": 4,
          "dti": 322,
          "sco": 20,
          "dco": 1627,
          "txt": "he"
        },
        {
          "si": 11,
          "sti": 5,
          "dti": 323,
          "sco": 23,
          "dco": 1630,
          "txt": "was"
        },
        {
          "si": 11,
          "sti": 6,
          "dti": 324,
          "sco": 27,
          "dco": 1634,
          "txt": "stationed"
        },
        {
          "si": 11,
          "sti": 7,
          "dti": 325,
          "sco": 37,
          "dco": 1644,
          "txt": "as"
        },
        {
          "si": 11,
          "sti": 8,
          "dti": 326,
          "sco": 40,
          "dco": 1647,
          "txt": "an"
        },
        {
          "si": 11,
          "sti": 9,
          "dti": 327,
          "sco": 43,
          "dco": 1650,
          "txt": "ARP"
        },
        {
          "si": 11,
          "sti": 10,
          "dti": 328,
          "sco": 47,
          "dco": 1654,
          "txt": "warden"
        },
        {
          "si": 11,
          "sti": 11,
          "dti": 329,
          "sco": 54,
          "dco": 1661,
          "txt": "at"
        },
        {
          "si": 11,
          "sti": 12,
          "dti": 330,
          "sco": 57,
          "dco": 1664,
          "txt": "Highbury"
        },
        {
          "si": 11,
          "sti": 13,
          "dti": 331,
          "sco": 66,
          "dco": 1673,
          "txt": "and"
        },
        {
          "si": 11,
          "sti": 14,
          "dti": 332,
          "sco": 70,
          "dco": 1677,
          "txt": "was"
        },
        {
          "si": 11,
          "sti": 15,
          "dti": 333,
          "sco": 74,
          "dco": 1681,
          "txt": "present"
        },
        {
          "si": 11,
          "sti": 16,
          "dti": 334,
          "sco": 82,
          "dco": 1689,
          "txt": "the"
        },
        {
          "si": 11,
          "sti": 17,
          "dti": 335,
          "sco": 86,
          "dco": 1693,
          "txt": "night"
        },
        {
          "si": 11,
          "sti": 18,
          "dti": 336,
          "sco": 92,
          "dco": 1699,
          "txt": "the"
        },
        {
          "si": 11,
          "sti": 19,
          "dti": 337,
          "sco": 96,
          "dco": 1703,
          "txt": "stadium"
        },
        {
          "si": 11,
          "sti": 20,
          "dti": 338,
          "sco": 104,
          "dco": 1711,
          "txt": "was"
        },
        {
          "si": 11,
          "sti": 21,
          "dti": 339,
          "sco": 108,
          "dco": 1715,
          "txt": "bombed"
        },
        {
          "si": 11,
          "sti": 22,
          "dti": 340,
          "sco": 115,
          "dco": 1722,
          "txt": "with"
        },
        {
          "si": 11,
          "sti": 23,
          "dti": 341,
          "sco": 120,
          "dco": 1727,
          "txt": "incendiary"
        },
        {
          "si": 11,
          "sti": 24,
          "dti": 342,
          "sco": 131,
          "dco": 1738,
          "txt": "devices"
        },
        {
          "si": 11,
          "sti": 25,
          "dti": 343,
          "sco": 138,
          "dco": 1745,
          "txt": ";"
        },
        {
          "si": 11,
          "sti": 26,
          "dti": 344,
          "sco": 140,
          "dco": 1747,
          "txt": "Milne"
        },
        {
          "si": 11,
          "sti": 27,
          "dti": 345,
          "sco": 146,
          "dco": 1753,
          "txt": "helped"
        },
        {
          "si": 11,
          "sti": 28,
          "dti": 346,
          "sco": 153,
          "dco": 1760,
          "txt": "put"
        },
        {
          "si": 11,
          "sti": 29,
          "dti": 347,
          "sco": 157,
          "dco": 1764,
          "txt": "out"
        },
        {
          "si": 11,
          "sti": 30,
          "dti": 348,
          "sco": 161,
          "dco": 1768,
          "txt": "the"
        },
        {
          "si": 11,
          "sti": 31,
          "dti": 349,
          "sco": 165,
          "dco": 1772,
          "txt": "resulting"
        },
        {
          "si": 11,
          "sti": 32,
          "dti": 350,
          "sco": 175,
          "dco": 1782,
          "txt": "fire"
        },
        {
          "si": 11,
          "sti": 33,
          "dti": 351,
          "sco": 180,
          "dco": 1787,
          "txt": "and"
        },
        {
          "si": 11,
          "sti": 34,
          "dti": 352,
          "sco": 184,
          "dco": 1791,
          "txt": "saved"
        },
        {
          "si": 11,
          "sti": 35,
          "dti": 353,
          "sco": 190,
          "dco": 1797,
          "txt": "the"
        },
        {
          "si": 11,
          "sti": 36,
          "dti": 354,
          "sco": 194,
          "dco": 1801,
          "txt": "stadium"
        },
        {
          "si": 11,
          "sti": 37,
          "dti": 355,
          "sco": 202,
          "dco": 1809,
          "txt": "from"
        },
        {
          "si": 11,
          "sti": 38,
          "dti": 356,
          "sco": 207,
          "dco": 1814,
          "txt": "even"
        },
        {
          "si": 11,
          "sti": 39,
          "dti": 357,
          "sco": 212,
          "dco": 1819,
          "txt": "more"
        },
        {
          "si": 11,
          "sti": 40,
          "dti": 358,
          "sco": 217,
          "dco": 1824,
          "txt": "serious"
        },
        {
          "si": 11,
          "sti": 41,
          "dti": 359,
          "sco": 225,
          "dco": 1832,
          "txt": "damage"
        },
        {
          "si": 11,
          "sti": 42,
          "dti": 360,
          "sco": 231,
          "dco": 1838,
          "txt": "."
        },
        {
          "si": 12,
          "sti": 0,
          "dti": 361,
          "sco": 0,
          "dco": 1840,
          "txt": "Milne"
        },
        {
          "si": 12,
          "sti": 1,
          "dti": 362,
          "sco": 6,
          "dco": 1846,
          "txt": "continued"
        },
        {
          "si": 12,
          "sti": 2,
          "dti": 363,
          "sco": 16,
          "dco": 1856,
          "txt": "to"
        },
        {
          "si": 12,
          "sti": 3,
          "dti": 364,
          "sco": 19,
          "dco": 1859,
          "txt": "hold"
        },
        {
          "si": 12,
          "sti": 4,
          "dti": 365,
          "sco": 24,
          "dco": 1864,
          "txt": "the"
        },
        {
          "si": 12,
          "sti": 5,
          "dti": 366,
          "sco": 28,
          "dco": 1868,
          "txt": "assistant"
        },
        {
          "si": 12,
          "sti": 6,
          "dti": 367,
          "sco": 38,
          "dco": 1878,
          "txt": "trainer"
        },
        {
          "si": 12,
          "sti": 7,
          "dti": 368,
          "sco": 45,
          "dco": 1885,
          "txt": "'"
        },
        {
          "si": 12,
          "sti": 8,
          "dti": 369,
          "sco": 46,
          "dco": 1886,
          "txt": "s"
        },
        {
          "si": 12,
          "sti": 9,
          "dti": 370,
          "sco": 48,
          "dco": 1888,
          "txt": "position"
        },
        {
          "si": 12,
          "sti": 10,
          "dti": 371,
          "sco": 57,
          "dco": 1897,
          "txt": "until"
        },
        {
          "si": 12,
          "sti": 11,
          "dti": 372,
          "sco": 63,
          "dco": 1903,
          "txt": "Whittaker"
        },
        {
          "si": 12,
          "sti": 12,
          "dti": 373,
          "sco": 73,
          "dco": 1913,
          "txt": "himself"
        },
        {
          "si": 12,
          "sti": 13,
          "dti": 374,
          "sco": 81,
          "dco": 1921,
          "txt": "became"
        },
        {
          "si": 12,
          "sti": 14,
          "dti": 375,
          "sco": 88,
          "dco": 1928,
          "txt": "Arsenal"
        },
        {
          "si": 12,
          "sti": 15,
          "dti": 376,
          "sco": 96,
          "dco": 1936,
          "txt": "manager"
        },
        {
          "si": 12,
          "sti": 16,
          "dti": 377,
          "sco": 104,
          "dco": 1944,
          "txt": "in"
        },
        {
          "si": 12,
          "sti": 17,
          "dti": 378,
          "sco": 107,
          "dco": 1947,
          "txt": "1947"
        },
        {
          "si": 12,
          "sti": 18,
          "dti": 379,
          "sco": 111,
          "dco": 1951,
          "txt": ","
        },
        {
          "si": 12,
          "sti": 19,
          "dti": 380,
          "sco": 113,
          "dco": 1953,
          "txt": "upon"
        },
        {
          "si": 12,
          "sti": 20,
          "dti": 381,
          "sco": 118,
          "dco": 1958,
          "txt": "which"
        },
        {
          "si": 12,
          "sti": 21,
          "dti": 382,
          "sco": 124,
          "dco": 1964,
          "txt": "Milne"
        },
        {
          "si": 12,
          "sti": 22,
          "dti": 383,
          "sco": 130,
          "dco": 1970,
          "txt": "became"
        },
        {
          "si": 12,
          "sti": 23,
          "dti": 384,
          "sco": 137,
          "dco": 1977,
          "txt": "first"
        },
        {
          "si": 12,
          "sti": 24,
          "dti": 385,
          "sco": 142,
          "dco": 1982,
          "txt": "-"
        },
        {
          "si": 12,
          "sti": 25,
          "dti": 386,
          "sco": 143,
          "dco": 1983,
          "txt": "team"
        },
        {
          "si": 12,
          "sti": 26,
          "dti": 387,
          "sco": 148,
          "dco": 1988,
          "txt": "trainer"
        },
        {
          "si": 12,
          "sti": 27,
          "dti": 388,
          "sco": 155,
          "dco": 1995,
          "txt": ","
        },
        {
          "si": 12,
          "sti": 28,
          "dti": 389,
          "sco": 157,
          "dco": 1997,
          "txt": "and"
        },
        {
          "si": 12,
          "sti": 29,
          "dti": 390,
          "sco": 161,
          "dco": 2001,
          "txt": "later"
        },
        {
          "si": 12,
          "sti": 30,
          "dti": 391,
          "sco": 167,
          "dco": 2007,
          "txt": "club"
        },
        {
          "si": 12,
          "sti": 31,
          "dti": 392,
          "sco": 172,
          "dco": 2012,
          "txt": "physiotherapist"
        },
        {
          "si": 12,
          "sti": 32,
          "dti": 393,
          "sco": 187,
          "dco": 2027,
          "txt": ";"
        },
        {
          "si": 12,
          "sti": 33,
          "dti": 394,
          "sco": 189,
          "dco": 2029,
          "txt": "he"
        },
        {
          "si": 12,
          "sti": 34,
          "dti": 395,
          "sco": 192,
          "dco": 2032,
          "txt": "also"
        },
        {
          "si": 12,
          "sti": 35,
          "dti": 396,
          "sco": 197,
          "dco": 2037,
          "txt": "served"
        },
        {
          "si": 12,
          "sti": 36,
          "dti": 397,
          "sco": 204,
          "dco": 2044,
          "txt": "the"
        },
        {
          "si": 12,
          "sti": 37,
          "dti": 398,
          "sco": 208,
          "dco": 2048,
          "txt": "England"
        },
        {
          "si": 12,
          "sti": 38,
          "dti": 399,
          "sco": 216,
          "dco": 2056,
          "txt": "team"
        },
        {
          "si": 12,
          "sti": 39,
          "dti": 400,
          "sco": 221,
          "dco": 2061,
          "txt": "in"
        },
        {
          "si": 12,
          "sti": 40,
          "dti": 401,
          "sco": 224,
          "dco": 2064,
          "txt": "a"
        },
        {
          "si": 12,
          "sti": 41,
          "dti": 402,
          "sco": 226,
          "dco": 2066,
          "txt": "similar"
        },
        {
          "si": 12,
          "sti": 42,
          "dti": 403,
          "sco": 234,
          "dco": 2074,
          "txt": "capacity"
        },
        {
          "si": 12,
          "sti": 43,
          "dti": 404,
          "sco": 242,
          "dco": 2082,
          "txt": "."
        },
        {
          "si": 13,
          "sti": 0,
          "dti": 405,
          "sco": 0,
          "dco": 2084,
          "txt": "He"
        },
        {
          "si": 13,
          "sti": 1,
          "dti": 406,
          "sco": 3,
          "dco": 2087,
          "txt": "fully"
        },
        {
          "si": 13,
          "sti": 2,
          "dti": 407,
          "sco": 9,
          "dco": 2093,
          "txt": "retired"
        },
        {
          "si": 13,
          "sti": 3,
          "dti": 408,
          "sco": 17,
          "dco": 2101,
          "txt": "in"
        },
        {
          "si": 13,
          "sti": 4,
          "dti": 409,
          "sco": 20,
          "dco": 2104,
          "txt": "1960"
        },
        {
          "si": 13,
          "sti": 5,
          "dti": 410,
          "sco": 25,
          "dco": 2109,
          "txt": "and"
        },
        {
          "si": 13,
          "sti": 6,
          "dti": 411,
          "sco": 29,
          "dco": 2113,
          "txt": "was"
        },
        {
          "si": 13,
          "sti": 7,
          "dti": 412,
          "sco": 33,
          "dco": 2117,
          "txt": "succeeded"
        },
        {
          "si": 13,
          "sti": 8,
          "dti": 413,
          "sco": 43,
          "dco": 2127,
          "txt": "by"
        },
        {
          "si": 13,
          "sti": 9,
          "dti": 414,
          "sco": 46,
          "dco": 2130,
          "txt": "Bertie"
        },
        {
          "si": 13,
          "sti": 10,
          "dti": 415,
          "sco": 53,
          "dco": 2137,
          "txt": "Mee"
        },
        {
          "si": 13,
          "sti": 11,
          "dti": 416,
          "sco": 56,
          "dco": 2140,
          "txt": ","
        },
        {
          "si": 13,
          "sti": 12,
          "dti": 417,
          "sco": 58,
          "dco": 2142,
          "txt": "who"
        },
        {
          "si": 13,
          "sti": 13,
          "dti": 418,
          "sco": 62,
          "dco": 2146,
          "txt": "would"
        },
        {
          "si": 13,
          "sti": 14,
          "dti": 419,
          "sco": 68,
          "dco": 2152,
          "txt": "later"
        },
        {
          "si": 13,
          "sti": 15,
          "dti": 420,
          "sco": 74,
          "dco": 2158,
          "txt": "become"
        },
        {
          "si": 13,
          "sti": 16,
          "dti": 421,
          "sco": 81,
          "dco": 2165,
          "txt": "Arsenal"
        },
        {
          "si": 13,
          "sti": 17,
          "dti": 422,
          "sco": 88,
          "dco": 2172,
          "txt": "'"
        },
        {
          "si": 13,
          "sti": 18,
          "dti": 423,
          "sco": 89,
          "dco": 2173,
          "txt": "s"
        },
        {
          "si": 13,
          "sti": 19,
          "dti": 424,
          "sco": 91,
          "dco": 2175,
          "txt": "Double"
        },
        {
          "si": 13,
          "sti": 20,
          "dti": 425,
          "sco": 97,
          "dco": 2181,
          "txt": "-"
        },
        {
          "si": 13,
          "sti": 21,
          "dti": 426,
          "sco": 98,
          "dco": 2182,
          "txt": "winning"
        },
        {
          "si": 13,
          "sti": 22,
          "dti": 427,
          "sco": 106,
          "dco": 2190,
          "txt": "manager"
        },
        {
          "si": 13,
          "sti": 23,
          "dti": 428,
          "sco": 113,
          "dco": 2197,
          "txt": "."
        },
        {
          "si": 14,
          "sti": 0,
          "dti": 429,
          "sco": 0,
          "dco": 2199,
          "txt": "He"
        },
        {
          "si": 14,
          "sti": 1,
          "dti": 430,
          "sco": 3,
          "dco": 2202,
          "txt": "died"
        },
        {
          "si": 14,
          "sti": 2,
          "dti": 431,
          "sco": 8,
          "dco": 2207,
          "txt": "in"
        },
        {
          "si": 14,
          "sti": 3,
          "dti": 432,
          "sco": 11,
          "dco": 2210,
          "txt": "1975"
        },
        {
          "si": 14,
          "sti": 4,
          "dti": 433,
          "sco": 15,
          "dco": 2214,
          "txt": ","
        },
        {
          "si": 14,
          "sti": 5,
          "dti": 434,
          "sco": 17,
          "dco": 2216,
          "txt": "at"
        },
        {
          "si": 14,
          "sti": 6,
          "dti": 435,
          "sco": 20,
          "dco": 2219,
          "txt": "the"
        },
        {
          "si": 14,
          "sti": 7,
          "dti": 436,
          "sco": 24,
          "dco": 2223,
          "txt": "age"
        },
        {
          "si": 14,
          "sti": 8,
          "dti": 437,
          "sco": 28,
          "dco": 2227,
          "txt": "of"
        },
        {
          "si": 14,
          "sti": 9,
          "dti": 438,
          "sco": 31,
          "dco": 2230,
          "txt": "79"
        },
        {
          "si": 14,
          "sti": 10,
          "dti": 439,
          "sco": 33,
          "dco": 2232,
          "txt": "."
        }
      ]
    },
    "ganns": {
      "dla": [],
      "la": [],
      "ea": [],
      "eta": [
        {
          "ra": {
            "ea": {
              "etn": "Billy_Milne"
            }
          },
          "sfs": [
            [
              {
                "stn": "birthYear"
              },
              {
                "dla": {
                  "txt": {
                    "sff": "1895"
                  },
                  "et": {
                    "etn": "BirthYear"
                  },
                  "dp": {
                    "off": 83
                  }
                }
              }
            ],
            [
              {
                "stn": "deathYear"
              },
              {
                "dla": {
                  "txt": {
                    "sff": "1975"
                  },
                  "et": {
                    "etn": "DeathYear"
                  },
                  "dp": {
                    "off": 95
                  }
                }
              }
            ]
          ],
          "mfs": [
            [
              {
                "stn": "birthPlaces"
              },
              {
                "dla": [],
                "la": [],
                "ea": [
                  {
                    "etn": "Scotland"
                  },
                  {
                    "etn": "Buckie"
                  },
                  {
                    "etn": "Banffshire"
                  }
                ],
                "eta": []
              }
            ],
            [
              {
                "stn": "teams"
              },
              {
                "dla": [],
                "la": [],
                "ea": [
                  {
                    "etn": "Buckie_Thistle_F.C."
                  },
                  {
                    "etn": "Arsenal_F.C."
                  }
                ],
                "eta": []
              }
            ],
            [
              {
                "stn": "positions"
              },
              {
                "dla": [],
                "la": [],
                "ea": [],
                "eta": []
              }
            ]
          ]
        }
      ]
    }
  }
]
