[
  {
    "context": "TRAIN",
    "doc": {
      "id": "Bill_Robertson_(English_footballer)",
      "tl": [
        {
          "si": 0,
          "sti": 0,
          "dti": 0,
          "sco": 0,
          "dco": 0,
          "txt": "Bill"
        },
        {
          "si": 0,
          "sti": 1,
          "dti": 1,
          "sco": 5,
          "dco": 5,
          "txt": "Robertson"
        },
        {
          "si": 0,
          "sti": 2,
          "dti": 2,
          "sco": 15,
          "dco": 15,
          "txt": "("
        },
        {
          "si": 0,
          "sti": 3,
          "dti": 3,
          "sco": 16,
          "dco": 16,
          "txt": "English"
        },
        {
          "si": 0,
          "sti": 4,
          "dti": 4,
          "sco": 24,
          "dco": 24,
          "txt": "footballer"
        },
        {
          "si": 0,
          "sti": 5,
          "dti": 5,
          "sco": 34,
          "dco": 34,
          "txt": ")"
        },
        {
          "si": 0,
          "sti": 6,
          "dti": 6,
          "sco": 35,
          "dco": 35,
          "txt": "."
        },
        {
          "si": 1,
          "sti": 0,
          "dti": 7,
          "sco": 0,
          "dco": 37,
          "txt": "William"
        },
        {
          "si": 1,
          "sti": 1,
          "dti": 8,
          "sco": 8,
          "dco": 45,
          "txt": "Harold"
        },
        {
          "si": 1,
          "sti": 2,
          "dti": 9,
          "sco": 15,
          "dco": 52,
          "txt": "\""
        },
        {
          "si": 1,
          "sti": 3,
          "dti": 10,
          "sco": 16,
          "dco": 53,
          "txt": "Bill"
        },
        {
          "si": 1,
          "sti": 4,
          "dti": 11,
          "sco": 20,
          "dco": 57,
          "txt": "\""
        },
        {
          "si": 1,
          "sti": 5,
          "dti": 12,
          "sco": 22,
          "dco": 59,
          "txt": "Robertson"
        },
        {
          "si": 1,
          "sti": 6,
          "dti": 13,
          "sco": 32,
          "dco": 69,
          "txt": "("
        },
        {
          "si": 1,
          "sti": 7,
          "dti": 14,
          "sco": 33,
          "dco": 70,
          "txt": "25"
        },
        {
          "si": 1,
          "sti": 8,
          "dti": 15,
          "sco": 36,
          "dco": 73,
          "txt": "March"
        },
        {
          "si": 1,
          "sti": 9,
          "dti": 16,
          "sco": 42,
          "dco": 79,
          "txt": "1923"
        },
        {
          "si": 1,
          "sti": 10,
          "dti": 17,
          "sco": 47,
          "dco": 84,
          "txt": "–"
        },
        {
          "si": 1,
          "sti": 11,
          "dti": 18,
          "sco": 49,
          "dco": 86,
          "txt": "15"
        },
        {
          "si": 1,
          "sti": 12,
          "dti": 19,
          "sco": 52,
          "dco": 89,
          "txt": "March"
        },
        {
          "si": 1,
          "sti": 13,
          "dti": 20,
          "sco": 58,
          "dco": 95,
          "txt": "2003"
        },
        {
          "si": 1,
          "sti": 14,
          "dti": 21,
          "sco": 62,
          "dco": 99,
          "txt": ")"
        },
        {
          "si": 1,
          "sti": 15,
          "dti": 22,
          "sco": 64,
          "dco": 101,
          "txt": "is"
        },
        {
          "si": 1,
          "sti": 16,
          "dti": 23,
          "sco": 67,
          "dco": 104,
          "txt": "an"
        },
        {
          "si": 1,
          "sti": 17,
          "dti": 24,
          "sco": 70,
          "dco": 107,
          "txt": "English"
        },
        {
          "si": 1,
          "sti": 18,
          "dti": 25,
          "sco": 78,
          "dco": 115,
          "txt": "former"
        },
        {
          "si": 1,
          "sti": 19,
          "dti": 26,
          "sco": 85,
          "dco": 122,
          "txt": "professional"
        },
        {
          "si": 1,
          "sti": 20,
          "dti": 27,
          "sco": 98,
          "dco": 135,
          "txt": "footballer"
        },
        {
          "si": 1,
          "sti": 21,
          "dti": 28,
          "sco": 109,
          "dco": 146,
          "txt": "who"
        },
        {
          "si": 1,
          "sti": 22,
          "dti": 29,
          "sco": 113,
          "dco": 150,
          "txt": "played"
        },
        {
          "si": 1,
          "sti": 23,
          "dti": 30,
          "sco": 120,
          "dco": 157,
          "txt": "in"
        },
        {
          "si": 1,
          "sti": 24,
          "dti": 31,
          "sco": 123,
          "dco": 160,
          "txt": "the"
        },
        {
          "si": 1,
          "sti": 25,
          "dti": 32,
          "sco": 127,
          "dco": 164,
          "txt": "Football"
        },
        {
          "si": 1,
          "sti": 26,
          "dti": 33,
          "sco": 136,
          "dco": 173,
          "txt": "League"
        },
        {
          "si": 1,
          "sti": 27,
          "dti": 34,
          "sco": 143,
          "dco": 180,
          "txt": "for"
        },
        {
          "si": 1,
          "sti": 28,
          "dti": 35,
          "sco": 147,
          "dco": 184,
          "txt": "Chelsea"
        },
        {
          "si": 1,
          "sti": 29,
          "dti": 36,
          "sco": 154,
          "dco": 191,
          "txt": ","
        },
        {
          "si": 1,
          "sti": 30,
          "dti": 37,
          "sco": 156,
          "dco": 193,
          "txt": "Birmingham"
        },
        {
          "si": 1,
          "sti": 31,
          "dti": 38,
          "sco": 167,
          "dco": 204,
          "txt": "City"
        },
        {
          "si": 1,
          "sti": 32,
          "dti": 39,
          "sco": 172,
          "dco": 209,
          "txt": "and"
        },
        {
          "si": 1,
          "sti": 33,
          "dti": 40,
          "sco": 176,
          "dco": 213,
          "txt": "Stoke"
        },
        {
          "si": 1,
          "sti": 34,
          "dti": 41,
          "sco": 182,
          "dco": 219,
          "txt": "City"
        },
        {
          "si": 1,
          "sti": 35,
          "dti": 42,
          "sco": 186,
          "dco": 223,
          "txt": "."
        },
        {
          "si": 2,
          "sti": 0,
          "dti": 43,
          "sco": 0,
          "dco": 225,
          "txt": "He"
        },
        {
          "si": 2,
          "sti": 1,
          "dti": 44,
          "sco": 3,
          "dco": 228,
          "txt": "played"
        },
        {
          "si": 2,
          "sti": 2,
          "dti": 45,
          "sco": 10,
          "dco": 235,
          "txt": "as"
        },
        {
          "si": 2,
          "sti": 3,
          "dti": 46,
          "sco": 13,
          "dco": 238,
          "txt": "a"
        },
        {
          "si": 2,
          "sti": 4,
          "dti": 47,
          "sco": 15,
          "dco": 240,
          "txt": "goalkeeper"
        },
        {
          "si": 2,
          "sti": 5,
          "dti": 48,
          "sco": 25,
          "dco": 250,
          "txt": "."
        },
        {
          "si": 3,
          "sti": 0,
          "dti": 49,
          "sco": 0,
          "dco": 252,
          "txt": "Career"
        },
        {
          "si": 3,
          "sti": 1,
          "dti": 50,
          "sco": 6,
          "dco": 258,
          "txt": "."
        },
        {
          "si": 4,
          "sti": 0,
          "dti": 51,
          "sco": 0,
          "dco": 260,
          "txt": "Robertson"
        },
        {
          "si": 4,
          "sti": 1,
          "dti": 52,
          "sco": 10,
          "dco": 270,
          "txt": "was"
        },
        {
          "si": 4,
          "sti": 2,
          "dti": 53,
          "sco": 14,
          "dco": 274,
          "txt": "born"
        },
        {
          "si": 4,
          "sti": 3,
          "dti": 54,
          "sco": 19,
          "dco": 279,
          "txt": "in"
        },
        {
          "si": 4,
          "sti": 4,
          "dti": 55,
          "sco": 22,
          "dco": 282,
          "txt": "Crowthorne"
        },
        {
          "si": 4,
          "sti": 5,
          "dti": 56,
          "sco": 32,
          "dco": 292,
          "txt": ","
        },
        {
          "si": 4,
          "sti": 6,
          "dti": 57,
          "sco": 34,
          "dco": 294,
          "txt": "Berkshire"
        },
        {
          "si": 4,
          "sti": 7,
          "dti": 58,
          "sco": 43,
          "dco": 303,
          "txt": "."
        },
        {
          "si": 5,
          "sti": 0,
          "dti": 59,
          "sco": 0,
          "dco": 305,
          "txt": "In"
        },
        {
          "si": 5,
          "sti": 1,
          "dti": 60,
          "sco": 3,
          "dco": 308,
          "txt": "youth"
        },
        {
          "si": 5,
          "sti": 2,
          "dti": 61,
          "sco": 9,
          "dco": 314,
          "txt": "football"
        },
        {
          "si": 5,
          "sti": 3,
          "dti": 62,
          "sco": 18,
          "dco": 323,
          "txt": "he"
        },
        {
          "si": 5,
          "sti": 4,
          "dti": 63,
          "sco": 21,
          "dco": 326,
          "txt": "played"
        },
        {
          "si": 5,
          "sti": 5,
          "dti": 64,
          "sco": 28,
          "dco": 333,
          "txt": "as"
        },
        {
          "si": 5,
          "sti": 6,
          "dti": 65,
          "sco": 31,
          "dco": 336,
          "txt": "a"
        },
        {
          "si": 5,
          "sti": 7,
          "dti": 66,
          "sco": 33,
          "dco": 338,
          "txt": "centre"
        },
        {
          "si": 5,
          "sti": 8,
          "dti": 67,
          "sco": 40,
          "dco": 345,
          "txt": "forward"
        },
        {
          "si": 5,
          "sti": 9,
          "dti": 68,
          "sco": 47,
          "dco": 352,
          "txt": ","
        },
        {
          "si": 5,
          "sti": 10,
          "dti": 69,
          "sco": 49,
          "dco": 354,
          "txt": "only"
        },
        {
          "si": 5,
          "sti": 11,
          "dti": 70,
          "sco": 54,
          "dco": 359,
          "txt": "switching"
        },
        {
          "si": 5,
          "sti": 12,
          "dti": 71,
          "sco": 64,
          "dco": 369,
          "txt": "to"
        },
        {
          "si": 5,
          "sti": 13,
          "dti": 72,
          "sco": 67,
          "dco": 372,
          "txt": "goalkeeping"
        },
        {
          "si": 5,
          "sti": 14,
          "dti": 73,
          "sco": 79,
          "dco": 384,
          "txt": "while"
        },
        {
          "si": 5,
          "sti": 15,
          "dti": 74,
          "sco": 85,
          "dco": 390,
          "txt": "in"
        },
        {
          "si": 5,
          "sti": 16,
          "dti": 75,
          "sco": 88,
          "dco": 393,
          "txt": "the"
        },
        {
          "si": 5,
          "sti": 17,
          "dti": 76,
          "sco": 92,
          "dco": 397,
          "txt": "Royal"
        },
        {
          "si": 5,
          "sti": 18,
          "dti": 77,
          "sco": 98,
          "dco": 403,
          "txt": "Air"
        },
        {
          "si": 5,
          "sti": 19,
          "dti": 78,
          "sco": 102,
          "dco": 407,
          "txt": "Force"
        },
        {
          "si": 5,
          "sti": 20,
          "dti": 79,
          "sco": 108,
          "dco": 413,
          "txt": "stationed"
        },
        {
          "si": 5,
          "sti": 21,
          "dti": 80,
          "sco": 118,
          "dco": 423,
          "txt": "at"
        },
        {
          "si": 5,
          "sti": 22,
          "dti": 81,
          "sco": 121,
          "dco": 426,
          "txt": "Lossiemouth"
        },
        {
          "si": 5,
          "sti": 23,
          "dti": 82,
          "sco": 133,
          "dco": 438,
          "txt": "during"
        },
        {
          "si": 5,
          "sti": 24,
          "dti": 83,
          "sco": 140,
          "dco": 445,
          "txt": "the"
        },
        {
          "si": 5,
          "sti": 25,
          "dti": 84,
          "sco": 144,
          "dco": 449,
          "txt": "Second"
        },
        {
          "si": 5,
          "sti": 26,
          "dti": 85,
          "sco": 151,
          "dco": 456,
          "txt": "World"
        },
        {
          "si": 5,
          "sti": 27,
          "dti": 86,
          "sco": 157,
          "dco": 462,
          "txt": "War"
        },
        {
          "si": 5,
          "sti": 28,
          "dti": 87,
          "sco": 160,
          "dco": 465,
          "txt": "."
        },
        {
          "si": 6,
          "sti": 0,
          "dti": 88,
          "sco": 0,
          "dco": 467,
          "txt": "He"
        },
        {
          "si": 6,
          "sti": 1,
          "dti": 89,
          "sco": 3,
          "dco": 470,
          "txt": "signed"
        },
        {
          "si": 6,
          "sti": 2,
          "dti": 90,
          "sco": 10,
          "dco": 477,
          "txt": "for"
        },
        {
          "si": 6,
          "sti": 3,
          "dti": 91,
          "sco": 14,
          "dco": 481,
          "txt": "Chelsea"
        },
        {
          "si": 6,
          "sti": 4,
          "dti": 92,
          "sco": 22,
          "dco": 489,
          "txt": "in"
        },
        {
          "si": 6,
          "sti": 5,
          "dti": 93,
          "sco": 25,
          "dco": 492,
          "txt": "October"
        },
        {
          "si": 6,
          "sti": 6,
          "dti": 94,
          "sco": 33,
          "dco": 500,
          "txt": "1945"
        },
        {
          "si": 6,
          "sti": 7,
          "dti": 95,
          "sco": 37,
          "dco": 504,
          "txt": ","
        },
        {
          "si": 6,
          "sti": 8,
          "dti": 96,
          "sco": 39,
          "dco": 506,
          "txt": "and"
        },
        {
          "si": 6,
          "sti": 9,
          "dti": 97,
          "sco": 43,
          "dco": 510,
          "txt": "played"
        },
        {
          "si": 6,
          "sti": 10,
          "dti": 98,
          "sco": 50,
          "dco": 517,
          "txt": "43"
        },
        {
          "si": 6,
          "sti": 11,
          "dti": 99,
          "sco": 53,
          "dco": 520,
          "txt": "times"
        },
        {
          "si": 6,
          "sti": 12,
          "dti": 100,
          "sco": 59,
          "dco": 526,
          "txt": "in"
        },
        {
          "si": 6,
          "sti": 13,
          "dti": 101,
          "sco": 62,
          "dco": 529,
          "txt": "all"
        },
        {
          "si": 6,
          "sti": 14,
          "dti": 102,
          "sco": 66,
          "dco": 533,
          "txt": "competitions"
        },
        {
          "si": 6,
          "sti": 15,
          "dti": 103,
          "sco": 79,
          "dco": 546,
          "txt": "for"
        },
        {
          "si": 6,
          "sti": 16,
          "dti": 104,
          "sco": 83,
          "dco": 550,
          "txt": "the"
        },
        {
          "si": 6,
          "sti": 17,
          "dti": 105,
          "sco": 87,
          "dco": 554,
          "txt": "first"
        },
        {
          "si": 6,
          "sti": 18,
          "dti": 106,
          "sco": 93,
          "dco": 560,
          "txt": "team"
        },
        {
          "si": 6,
          "sti": 19,
          "dti": 107,
          "sco": 98,
          "dco": 565,
          "txt": "before"
        },
        {
          "si": 6,
          "sti": 20,
          "dti": 108,
          "sco": 105,
          "dco": 572,
          "txt": "moving"
        },
        {
          "si": 6,
          "sti": 21,
          "dti": 109,
          "sco": 112,
          "dco": 579,
          "txt": "to"
        },
        {
          "si": 6,
          "sti": 22,
          "dti": 110,
          "sco": 115,
          "dco": 582,
          "txt": "Birmingham"
        },
        {
          "si": 6,
          "sti": 23,
          "dti": 111,
          "sco": 126,
          "dco": 593,
          "txt": "City"
        },
        {
          "si": 6,
          "sti": 24,
          "dti": 112,
          "sco": 131,
          "dco": 598,
          "txt": "in"
        },
        {
          "si": 6,
          "sti": 25,
          "dti": 113,
          "sco": 134,
          "dco": 601,
          "txt": "December"
        },
        {
          "si": 6,
          "sti": 26,
          "dti": 114,
          "sco": 143,
          "dco": 610,
          "txt": "1948"
        },
        {
          "si": 6,
          "sti": 27,
          "dti": 115,
          "sco": 147,
          "dco": 614,
          "txt": "."
        },
        {
          "si": 7,
          "sti": 0,
          "dti": 116,
          "sco": 0,
          "dco": 616,
          "txt": "This"
        },
        {
          "si": 7,
          "sti": 1,
          "dti": 117,
          "sco": 5,
          "dco": 621,
          "txt": "move"
        },
        {
          "si": 7,
          "sti": 2,
          "dti": 118,
          "sco": 10,
          "dco": 626,
          "txt": "failed"
        },
        {
          "si": 7,
          "sti": 3,
          "dti": 119,
          "sco": 17,
          "dco": 633,
          "txt": "to"
        },
        {
          "si": 7,
          "sti": 4,
          "dti": 120,
          "sco": 20,
          "dco": 636,
          "txt": "improve"
        },
        {
          "si": 7,
          "sti": 5,
          "dti": 121,
          "sco": 28,
          "dco": 644,
          "txt": "matters"
        },
        {
          "si": 7,
          "sti": 6,
          "dti": 122,
          "sco": 35,
          "dco": 651,
          "txt": ","
        },
        {
          "si": 7,
          "sti": 7,
          "dti": 123,
          "sco": 37,
          "dco": 653,
          "txt": "as"
        },
        {
          "si": 7,
          "sti": 8,
          "dti": 124,
          "sco": 40,
          "dco": 656,
          "txt": "Robertson"
        },
        {
          "si": 7,
          "sti": 9,
          "dti": 125,
          "sco": 50,
          "dco": 666,
          "txt": "found"
        },
        {
          "si": 7,
          "sti": 10,
          "dti": 126,
          "sco": 56,
          "dco": 672,
          "txt": "himself"
        },
        {
          "si": 7,
          "sti": 11,
          "dti": 127,
          "sco": 64,
          "dco": 680,
          "txt": "behind"
        },
        {
          "si": 7,
          "sti": 12,
          "dti": 128,
          "sco": 71,
          "dco": 687,
          "txt": "Gil"
        },
        {
          "si": 7,
          "sti": 13,
          "dti": 129,
          "sco": 75,
          "dco": 691,
          "txt": "Merrick"
        },
        {
          "si": 7,
          "sti": 14,
          "dti": 130,
          "sco": 83,
          "dco": 699,
          "txt": "in"
        },
        {
          "si": 7,
          "sti": 15,
          "dti": 131,
          "sco": 86,
          "dco": 702,
          "txt": "the"
        },
        {
          "si": 7,
          "sti": 16,
          "dti": 132,
          "sco": 90,
          "dco": 706,
          "txt": "pecking"
        },
        {
          "si": 7,
          "sti": 17,
          "dti": 133,
          "sco": 98,
          "dco": 714,
          "txt": "order"
        },
        {
          "si": 7,
          "sti": 18,
          "dti": 134,
          "sco": 104,
          "dco": 720,
          "txt": "and"
        },
        {
          "si": 7,
          "sti": 19,
          "dti": 135,
          "sco": 108,
          "dco": 724,
          "txt": "played"
        },
        {
          "si": 7,
          "sti": 20,
          "dti": 136,
          "sco": 115,
          "dco": 731,
          "txt": "just"
        },
        {
          "si": 7,
          "sti": 21,
          "dti": 137,
          "sco": 120,
          "dco": 736,
          "txt": "three"
        },
        {
          "si": 7,
          "sti": 22,
          "dti": 138,
          "sco": 126,
          "dco": 742,
          "txt": "times"
        },
        {
          "si": 7,
          "sti": 23,
          "dti": 139,
          "sco": 132,
          "dco": 748,
          "txt": "in"
        },
        {
          "si": 7,
          "sti": 24,
          "dti": 140,
          "sco": 135,
          "dco": 751,
          "txt": "a"
        },
        {
          "si": 7,
          "sti": 25,
          "dti": 141,
          "sco": 137,
          "dco": 753,
          "txt": "three"
        },
        {
          "si": 7,
          "sti": 26,
          "dti": 142,
          "sco": 142,
          "dco": 758,
          "txt": "-"
        },
        {
          "si": 7,
          "sti": 27,
          "dti": 143,
          "sco": 143,
          "dco": 759,
          "txt": "and"
        },
        {
          "si": 7,
          "sti": 28,
          "dti": 144,
          "sco": 146,
          "dco": 762,
          "txt": "-"
        },
        {
          "si": 7,
          "sti": 29,
          "dti": 145,
          "sco": 147,
          "dco": 763,
          "txt": "a"
        },
        {
          "si": 7,
          "sti": 30,
          "dti": 146,
          "sco": 148,
          "dco": 764,
          "txt": "-"
        },
        {
          "si": 7,
          "sti": 31,
          "dti": 147,
          "sco": 149,
          "dco": 765,
          "txt": "half"
        },
        {
          "si": 7,
          "sti": 32,
          "dti": 148,
          "sco": 154,
          "dco": 770,
          "txt": "years"
        },
        {
          "si": 7,
          "sti": 33,
          "dti": 149,
          "sco": 159,
          "dco": 775,
          "txt": "."
        },
        {
          "si": 8,
          "sti": 0,
          "dti": 150,
          "sco": 0,
          "dco": 777,
          "txt": "He"
        },
        {
          "si": 8,
          "sti": 1,
          "dti": 151,
          "sco": 3,
          "dco": 780,
          "txt": "became"
        },
        {
          "si": 8,
          "sti": 2,
          "dti": 152,
          "sco": 10,
          "dco": 787,
          "txt": "new"
        },
        {
          "si": 8,
          "sti": 3,
          "dti": 153,
          "sco": 14,
          "dco": 791,
          "txt": "Stoke"
        },
        {
          "si": 8,
          "sti": 4,
          "dti": 154,
          "sco": 20,
          "dco": 797,
          "txt": "City"
        },
        {
          "si": 8,
          "sti": 5,
          "dti": 155,
          "sco": 25,
          "dco": 802,
          "txt": "manager"
        },
        {
          "si": 8,
          "sti": 6,
          "dti": 156,
          "sco": 33,
          "dco": 810,
          "txt": "Frank"
        },
        {
          "si": 8,
          "sti": 7,
          "dti": 157,
          "sco": 39,
          "dco": 816,
          "txt": "Taylor"
        },
        {
          "si": 8,
          "sti": 8,
          "dti": 158,
          "sco": 45,
          "dco": 822,
          "txt": "'"
        },
        {
          "si": 8,
          "sti": 9,
          "dti": 159,
          "sco": 46,
          "dco": 823,
          "txt": "s"
        },
        {
          "si": 8,
          "sti": 10,
          "dti": 160,
          "sco": 48,
          "dco": 825,
          "txt": "first"
        },
        {
          "si": 8,
          "sti": 11,
          "dti": 161,
          "sco": 54,
          "dco": 831,
          "txt": "signing"
        },
        {
          "si": 8,
          "sti": 12,
          "dti": 162,
          "sco": 62,
          "dco": 839,
          "txt": "in"
        },
        {
          "si": 8,
          "sti": 13,
          "dti": 163,
          "sco": 65,
          "dco": 842,
          "txt": "the"
        },
        {
          "si": 8,
          "sti": 14,
          "dti": 164,
          "sco": 69,
          "dco": 846,
          "txt": "summer"
        },
        {
          "si": 8,
          "sti": 15,
          "dti": 165,
          "sco": 76,
          "dco": 853,
          "txt": "of"
        },
        {
          "si": 8,
          "sti": 16,
          "dti": 166,
          "sco": 79,
          "dco": 856,
          "txt": "1952"
        },
        {
          "si": 8,
          "sti": 17,
          "dti": 167,
          "sco": 84,
          "dco": 861,
          "txt": "as"
        },
        {
          "si": 8,
          "sti": 18,
          "dti": 168,
          "sco": 87,
          "dco": 864,
          "txt": "he"
        },
        {
          "si": 8,
          "sti": 19,
          "dti": 169,
          "sco": 90,
          "dco": 867,
          "txt": "saw"
        },
        {
          "si": 8,
          "sti": 20,
          "dti": 170,
          "sco": 94,
          "dco": 871,
          "txt": "him"
        },
        {
          "si": 8,
          "sti": 21,
          "dti": 171,
          "sco": 98,
          "dco": 875,
          "txt": "as"
        },
        {
          "si": 8,
          "sti": 22,
          "dti": 172,
          "sco": 101,
          "dco": 878,
          "txt": "a"
        },
        {
          "si": 8,
          "sti": 23,
          "dti": 173,
          "sco": 103,
          "dco": 880,
          "txt": "replacement"
        },
        {
          "si": 8,
          "sti": 24,
          "dti": 174,
          "sco": 115,
          "dco": 892,
          "txt": "for"
        },
        {
          "si": 8,
          "sti": 25,
          "dti": 175,
          "sco": 119,
          "dco": 896,
          "txt": "the"
        },
        {
          "si": 8,
          "sti": 26,
          "dti": 176,
          "sco": 123,
          "dco": 900,
          "txt": "ageing"
        },
        {
          "si": 8,
          "sti": 27,
          "dti": 177,
          "sco": 130,
          "dco": 907,
          "txt": "Dennis"
        },
        {
          "si": 8,
          "sti": 28,
          "dti": 178,
          "sco": 137,
          "dco": 914,
          "txt": "Herod"
        },
        {
          "si": 8,
          "sti": 29,
          "dti": 179,
          "sco": 142,
          "dco": 919,
          "txt": "."
        },
        {
          "si": 9,
          "sti": 0,
          "dti": 180,
          "sco": 0,
          "dco": 921,
          "txt": "He"
        },
        {
          "si": 9,
          "sti": 1,
          "dti": 181,
          "sco": 3,
          "dco": 924,
          "txt": "had"
        },
        {
          "si": 9,
          "sti": 2,
          "dti": 182,
          "sco": 7,
          "dco": 928,
          "txt": "an"
        },
        {
          "si": 9,
          "sti": 3,
          "dti": 183,
          "sco": 10,
          "dco": 931,
          "txt": "awful"
        },
        {
          "si": 9,
          "sti": 4,
          "dti": 184,
          "sco": 16,
          "dco": 937,
          "txt": "first"
        },
        {
          "si": 9,
          "sti": 5,
          "dti": 185,
          "sco": 22,
          "dco": 943,
          "txt": "season"
        },
        {
          "si": 9,
          "sti": 6,
          "dti": 186,
          "sco": 29,
          "dco": 950,
          "txt": "with"
        },
        {
          "si": 9,
          "sti": 7,
          "dti": 187,
          "sco": 34,
          "dco": 955,
          "txt": "the"
        },
        {
          "si": 9,
          "sti": 8,
          "dti": 188,
          "sco": 38,
          "dco": 959,
          "txt": "club"
        },
        {
          "si": 9,
          "sti": 9,
          "dti": 189,
          "sco": 43,
          "dco": 964,
          "txt": "breaking"
        },
        {
          "si": 9,
          "sti": 10,
          "dti": 190,
          "sco": 52,
          "dco": 973,
          "txt": "his"
        },
        {
          "si": 9,
          "sti": 11,
          "dti": 191,
          "sco": 56,
          "dco": 977,
          "txt": "leg"
        },
        {
          "si": 9,
          "sti": 12,
          "dti": 192,
          "sco": 60,
          "dco": 981,
          "txt": "against"
        },
        {
          "si": 9,
          "sti": 13,
          "dti": 193,
          "sco": 68,
          "dco": 989,
          "txt": "Manchester"
        },
        {
          "si": 9,
          "sti": 14,
          "dti": 194,
          "sco": 79,
          "dco": 1000,
          "txt": "City"
        },
        {
          "si": 9,
          "sti": 15,
          "dti": 195,
          "sco": 84,
          "dco": 1005,
          "txt": "on"
        },
        {
          "si": 9,
          "sti": 16,
          "dti": 196,
          "sco": 87,
          "dco": 1008,
          "txt": "20"
        },
        {
          "si": 9,
          "sti": 17,
          "dti": 197,
          "sco": 90,
          "dco": 1011,
          "txt": "December"
        },
        {
          "si": 9,
          "sti": 18,
          "dti": 198,
          "sco": 99,
          "dco": 1020,
          "txt": "1952"
        },
        {
          "si": 9,
          "sti": 19,
          "dti": 199,
          "sco": 104,
          "dco": 1025,
          "txt": "after"
        },
        {
          "si": 9,
          "sti": 20,
          "dti": 200,
          "sco": 110,
          "dco": 1031,
          "txt": "19"
        },
        {
          "si": 9,
          "sti": 21,
          "dti": 201,
          "sco": 113,
          "dco": 1034,
          "txt": "matches"
        },
        {
          "si": 9,
          "sti": 22,
          "dti": 202,
          "sco": 121,
          "dco": 1042,
          "txt": "during"
        },
        {
          "si": 9,
          "sti": 23,
          "dti": 203,
          "sco": 128,
          "dco": 1049,
          "txt": "which"
        },
        {
          "si": 9,
          "sti": 24,
          "dti": 204,
          "sco": 134,
          "dco": 1055,
          "txt": "time"
        },
        {
          "si": 9,
          "sti": 25,
          "dti": 205,
          "sco": 139,
          "dco": 1060,
          "txt": "he"
        },
        {
          "si": 9,
          "sti": 26,
          "dti": 206,
          "sco": 142,
          "dco": 1063,
          "txt": "had"
        },
        {
          "si": 9,
          "sti": 27,
          "dti": 207,
          "sco": 146,
          "dco": 1067,
          "txt": "conceded"
        },
        {
          "si": 9,
          "sti": 28,
          "dti": 208,
          "sco": 155,
          "dco": 1076,
          "txt": "38"
        },
        {
          "si": 9,
          "sti": 29,
          "dti": 209,
          "sco": 158,
          "dco": 1079,
          "txt": "goals"
        },
        {
          "si": 9,
          "sti": 30,
          "dti": 210,
          "sco": 164,
          "dco": 1085,
          "txt": "and"
        },
        {
          "si": 9,
          "sti": 31,
          "dti": 211,
          "sco": 168,
          "dco": 1089,
          "txt": "the"
        },
        {
          "si": 9,
          "sti": 32,
          "dti": 212,
          "sco": 172,
          "dco": 1093,
          "txt": "1952"
        },
        {
          "si": 9,
          "sti": 33,
          "dti": 213,
          "sco": 176,
          "dco": 1097,
          "txt": "–"
        },
        {
          "si": 9,
          "sti": 34,
          "dti": 214,
          "sco": 177,
          "dco": 1098,
          "txt": "53"
        },
        {
          "si": 9,
          "sti": 35,
          "dti": 215,
          "sco": 180,
          "dco": 1101,
          "txt": "season"
        },
        {
          "si": 9,
          "sti": 36,
          "dti": 216,
          "sco": 187,
          "dco": 1108,
          "txt": "ended"
        },
        {
          "si": 9,
          "sti": 37,
          "dti": 217,
          "sco": 193,
          "dco": 1114,
          "txt": "with"
        },
        {
          "si": 9,
          "sti": 38,
          "dti": 218,
          "sco": 198,
          "dco": 1119,
          "txt": "relegation"
        },
        {
          "si": 9,
          "sti": 39,
          "dti": 219,
          "sco": 209,
          "dco": 1130,
          "txt": "to"
        },
        {
          "si": 9,
          "sti": 40,
          "dti": 220,
          "sco": 212,
          "dco": 1133,
          "txt": "the"
        },
        {
          "si": 9,
          "sti": 41,
          "dti": 221,
          "sco": 216,
          "dco": 1137,
          "txt": "Second"
        },
        {
          "si": 9,
          "sti": 42,
          "dti": 222,
          "sco": 223,
          "dco": 1144,
          "txt": "Division"
        },
        {
          "si": 9,
          "sti": 43,
          "dti": 223,
          "sco": 231,
          "dco": 1152,
          "txt": "."
        },
        {
          "si": 10,
          "sti": 0,
          "dti": 224,
          "sco": 0,
          "dco": 1154,
          "txt": "He"
        },
        {
          "si": 10,
          "sti": 1,
          "dti": 225,
          "sco": 3,
          "dco": 1157,
          "txt": "recovered"
        },
        {
          "si": 10,
          "sti": 2,
          "dti": 226,
          "sco": 13,
          "dco": 1167,
          "txt": "from"
        },
        {
          "si": 10,
          "sti": 3,
          "dti": 227,
          "sco": 18,
          "dco": 1172,
          "txt": "his"
        },
        {
          "si": 10,
          "sti": 4,
          "dti": 228,
          "sco": 22,
          "dco": 1176,
          "txt": "injury"
        },
        {
          "si": 10,
          "sti": 5,
          "dti": 229,
          "sco": 29,
          "dco": 1183,
          "txt": "and"
        },
        {
          "si": 10,
          "sti": 6,
          "dti": 230,
          "sco": 33,
          "dco": 1187,
          "txt": "became"
        },
        {
          "si": 10,
          "sti": 7,
          "dti": 231,
          "sco": 40,
          "dco": 1194,
          "txt": "first"
        },
        {
          "si": 10,
          "sti": 8,
          "dti": 232,
          "sco": 46,
          "dco": 1200,
          "txt": "choice"
        },
        {
          "si": 10,
          "sti": 9,
          "dti": 233,
          "sco": 53,
          "dco": 1207,
          "txt": "'"
        },
        {
          "si": 10,
          "sti": 10,
          "dti": 234,
          "sco": 54,
          "dco": 1208,
          "txt": "keeper"
        },
        {
          "si": 10,
          "sti": 11,
          "dti": 235,
          "sco": 61,
          "dco": 1215,
          "txt": "under"
        },
        {
          "si": 10,
          "sti": 12,
          "dti": 236,
          "sco": 67,
          "dco": 1221,
          "txt": "Taylor"
        },
        {
          "si": 10,
          "sti": 13,
          "dti": 237,
          "sco": 74,
          "dco": 1228,
          "txt": "as"
        },
        {
          "si": 10,
          "sti": 14,
          "dti": 238,
          "sco": 77,
          "dco": 1231,
          "txt": "Stoke"
        },
        {
          "si": 10,
          "sti": 15,
          "dti": 239,
          "sco": 83,
          "dco": 1237,
          "txt": "failed"
        },
        {
          "si": 10,
          "sti": 16,
          "dti": 240,
          "sco": 90,
          "dco": 1244,
          "txt": "to"
        },
        {
          "si": 10,
          "sti": 17,
          "dti": 241,
          "sco": 93,
          "dco": 1247,
          "txt": "gain"
        },
        {
          "si": 10,
          "sti": 18,
          "dti": 242,
          "sco": 98,
          "dco": 1252,
          "txt": "a"
        },
        {
          "si": 10,
          "sti": 19,
          "dti": 243,
          "sco": 100,
          "dco": 1254,
          "txt": "return"
        },
        {
          "si": 10,
          "sti": 20,
          "dti": 244,
          "sco": 107,
          "dco": 1261,
          "txt": "to"
        },
        {
          "si": 10,
          "sti": 21,
          "dti": 245,
          "sco": 110,
          "dco": 1264,
          "txt": "the"
        },
        {
          "si": 10,
          "sti": 22,
          "dti": 246,
          "sco": 114,
          "dco": 1268,
          "txt": "top"
        },
        {
          "si": 10,
          "sti": 23,
          "dti": 247,
          "sco": 117,
          "dco": 1271,
          "txt": "-"
        },
        {
          "si": 10,
          "sti": 24,
          "dti": 248,
          "sco": 118,
          "dco": 1272,
          "txt": "flight"
        },
        {
          "si": 10,
          "sti": 25,
          "dti": 249,
          "sco": 124,
          "dco": 1278,
          "txt": ","
        },
        {
          "si": 10,
          "sti": 26,
          "dti": 250,
          "sco": 126,
          "dco": 1280,
          "txt": "narrowly"
        },
        {
          "si": 10,
          "sti": 27,
          "dti": 251,
          "sco": 135,
          "dco": 1289,
          "txt": "missed"
        },
        {
          "si": 10,
          "sti": 28,
          "dti": 252,
          "sco": 142,
          "dco": 1296,
          "txt": "out"
        },
        {
          "si": 10,
          "sti": 29,
          "dti": 253,
          "sco": 146,
          "dco": 1300,
          "txt": "in"
        },
        {
          "si": 10,
          "sti": 30,
          "dti": 254,
          "sco": 149,
          "dco": 1303,
          "txt": "1954"
        },
        {
          "si": 10,
          "sti": 31,
          "dti": 255,
          "sco": 153,
          "dco": 1307,
          "txt": "–"
        },
        {
          "si": 10,
          "sti": 32,
          "dti": 256,
          "sco": 154,
          "dco": 1308,
          "txt": "55"
        },
        {
          "si": 10,
          "sti": 33,
          "dti": 257,
          "sco": 156,
          "dco": 1310,
          "txt": ","
        },
        {
          "si": 10,
          "sti": 34,
          "dti": 258,
          "sco": 158,
          "dco": 1312,
          "txt": "1956"
        },
        {
          "si": 10,
          "sti": 35,
          "dti": 259,
          "sco": 162,
          "dco": 1316,
          "txt": "–"
        },
        {
          "si": 10,
          "sti": 36,
          "dti": 260,
          "sco": 163,
          "dco": 1317,
          "txt": "57"
        },
        {
          "si": 10,
          "sti": 37,
          "dti": 261,
          "sco": 166,
          "dco": 1320,
          "txt": "and"
        },
        {
          "si": 10,
          "sti": 38,
          "dti": 262,
          "sco": 170,
          "dco": 1324,
          "txt": "1958"
        },
        {
          "si": 10,
          "sti": 39,
          "dti": 263,
          "sco": 174,
          "dco": 1328,
          "txt": "–"
        },
        {
          "si": 10,
          "sti": 40,
          "dti": 264,
          "sco": 175,
          "dco": 1329,
          "txt": "59"
        },
        {
          "si": 10,
          "sti": 41,
          "dti": 265,
          "sco": 178,
          "dco": 1332,
          "txt": "finishing"
        },
        {
          "si": 10,
          "sti": 42,
          "dti": 266,
          "sco": 188,
          "dco": 1342,
          "txt": "5"
        },
        {
          "si": 10,
          "sti": 43,
          "dti": 267,
          "sco": 189,
          "dco": 1343,
          "txt": "th"
        },
        {
          "si": 10,
          "sti": 44,
          "dti": 268,
          "sco": 192,
          "dco": 1346,
          "txt": "three"
        },
        {
          "si": 10,
          "sti": 45,
          "dti": 269,
          "sco": 198,
          "dco": 1352,
          "txt": "times"
        },
        {
          "si": 10,
          "sti": 46,
          "dti": 270,
          "sco": 203,
          "dco": 1357,
          "txt": "."
        },
        {
          "si": 11,
          "sti": 0,
          "dti": 271,
          "sco": 0,
          "dco": 1359,
          "txt": "Stoke"
        },
        {
          "si": 11,
          "sti": 1,
          "dti": 272,
          "sco": 6,
          "dco": 1365,
          "txt": "had"
        },
        {
          "si": 11,
          "sti": 2,
          "dti": 273,
          "sco": 10,
          "dco": 1369,
          "txt": "an"
        },
        {
          "si": 11,
          "sti": 3,
          "dti": 274,
          "sco": 13,
          "dco": 1372,
          "txt": "awful"
        },
        {
          "si": 11,
          "sti": 4,
          "dti": 275,
          "sco": 19,
          "dco": 1378,
          "txt": "1959"
        },
        {
          "si": 11,
          "sti": 5,
          "dti": 276,
          "sco": 23,
          "dco": 1382,
          "txt": "–"
        },
        {
          "si": 11,
          "sti": 6,
          "dti": 277,
          "sco": 24,
          "dco": 1383,
          "txt": "60"
        },
        {
          "si": 11,
          "sti": 7,
          "dti": 278,
          "sco": 27,
          "dco": 1386,
          "txt": "campaign"
        },
        {
          "si": 11,
          "sti": 8,
          "dti": 279,
          "sco": 36,
          "dco": 1395,
          "txt": "which"
        },
        {
          "si": 11,
          "sti": 9,
          "dti": 280,
          "sco": 42,
          "dco": 1401,
          "txt": "saw"
        },
        {
          "si": 11,
          "sti": 10,
          "dti": 281,
          "sco": 46,
          "dco": 1405,
          "txt": "Taylor"
        },
        {
          "si": 11,
          "sti": 11,
          "dti": 282,
          "sco": 53,
          "dco": 1412,
          "txt": "sacked"
        },
        {
          "si": 11,
          "sti": 12,
          "dti": 283,
          "sco": 60,
          "dco": 1419,
          "txt": "by"
        },
        {
          "si": 11,
          "sti": 13,
          "dti": 284,
          "sco": 63,
          "dco": 1422,
          "txt": "the"
        },
        {
          "si": 11,
          "sti": 14,
          "dti": 285,
          "sco": 67,
          "dco": 1426,
          "txt": "board"
        },
        {
          "si": 11,
          "sti": 15,
          "dti": 286,
          "sco": 73,
          "dco": 1432,
          "txt": "and"
        },
        {
          "si": 11,
          "sti": 16,
          "dti": 287,
          "sco": 77,
          "dco": 1436,
          "txt": "new"
        },
        {
          "si": 11,
          "sti": 17,
          "dti": 288,
          "sco": 81,
          "dco": 1440,
          "txt": "manager"
        },
        {
          "si": 11,
          "sti": 18,
          "dti": 289,
          "sco": 89,
          "dco": 1448,
          "txt": "Tony"
        },
        {
          "si": 11,
          "sti": 19,
          "dti": 290,
          "sco": 94,
          "dco": 1453,
          "txt": "Waddington"
        },
        {
          "si": 11,
          "sti": 20,
          "dti": 291,
          "sco": 105,
          "dco": 1464,
          "txt": "signed"
        },
        {
          "si": 11,
          "sti": 21,
          "dti": 292,
          "sco": 112,
          "dco": 1471,
          "txt": "Everton"
        },
        {
          "si": 11,
          "sti": 22,
          "dti": 293,
          "sco": 119,
          "dco": 1478,
          "txt": "'"
        },
        {
          "si": 11,
          "sti": 23,
          "dti": 294,
          "sco": 120,
          "dco": 1479,
          "txt": "s"
        },
        {
          "si": 11,
          "sti": 24,
          "dti": 295,
          "sco": 122,
          "dco": 1481,
          "txt": "Jimmy"
        },
        {
          "si": 11,
          "sti": 25,
          "dti": 296,
          "sco": 128,
          "dco": 1487,
          "txt": "O"
        },
        {
          "si": 11,
          "sti": 26,
          "dti": 297,
          "sco": 129,
          "dco": 1488,
          "txt": "'"
        },
        {
          "si": 11,
          "sti": 27,
          "dti": 298,
          "sco": 130,
          "dco": 1489,
          "txt": "Neill"
        },
        {
          "si": 11,
          "sti": 28,
          "dti": 299,
          "sco": 136,
          "dco": 1495,
          "txt": "and"
        },
        {
          "si": 11,
          "sti": 29,
          "dti": 300,
          "sco": 140,
          "dco": 1499,
          "txt": "Robertson"
        },
        {
          "si": 11,
          "sti": 30,
          "dti": 301,
          "sco": 150,
          "dco": 1509,
          "txt": "decided"
        },
        {
          "si": 11,
          "sti": 31,
          "dti": 302,
          "sco": 158,
          "dco": 1517,
          "txt": "to"
        },
        {
          "si": 11,
          "sti": 32,
          "dti": 303,
          "sco": 161,
          "dco": 1520,
          "txt": "retire"
        },
        {
          "si": 11,
          "sti": 33,
          "dti": 304,
          "sco": 167,
          "dco": 1526,
          "txt": "."
        },
        {
          "si": 12,
          "sti": 0,
          "dti": 305,
          "sco": 0,
          "dco": 1528,
          "txt": "After"
        },
        {
          "si": 12,
          "sti": 1,
          "dti": 306,
          "sco": 6,
          "dco": 1534,
          "txt": "retirement"
        },
        {
          "si": 12,
          "sti": 2,
          "dti": 307,
          "sco": 17,
          "dco": 1545,
          "txt": "from"
        },
        {
          "si": 12,
          "sti": 3,
          "dti": 308,
          "sco": 22,
          "dco": 1550,
          "txt": "football"
        },
        {
          "si": 12,
          "sti": 4,
          "dti": 309,
          "sco": 31,
          "dco": 1559,
          "txt": "he"
        },
        {
          "si": 12,
          "sti": 5,
          "dti": 310,
          "sco": 34,
          "dco": 1562,
          "txt": "kept"
        },
        {
          "si": 12,
          "sti": 6,
          "dti": 311,
          "sco": 39,
          "dco": 1567,
          "txt": "a"
        },
        {
          "si": 12,
          "sti": 7,
          "dti": 312,
          "sco": 41,
          "dco": 1569,
          "txt": "newsagents"
        },
        {
          "si": 12,
          "sti": 8,
          "dti": 313,
          "sco": 51,
          "dco": 1579,
          "txt": "'"
        },
        {
          "si": 12,
          "sti": 9,
          "dti": 314,
          "sco": 53,
          "dco": 1581,
          "txt": "in"
        },
        {
          "si": 12,
          "sti": 10,
          "dti": 315,
          "sco": 56,
          "dco": 1584,
          "txt": "Bucknell"
        },
        {
          "si": 12,
          "sti": 11,
          "dti": 316,
          "sco": 64,
          "dco": 1592,
          "txt": ","
        },
        {
          "si": 12,
          "sti": 12,
          "dti": 317,
          "sco": 66,
          "dco": 1594,
          "txt": "Shropshire"
        },
        {
          "si": 12,
          "sti": 13,
          "dti": 318,
          "sco": 76,
          "dco": 1604,
          "txt": ","
        },
        {
          "si": 12,
          "sti": 14,
          "dti": 319,
          "sco": 78,
          "dco": 1606,
          "txt": "before"
        },
        {
          "si": 12,
          "sti": 15,
          "dti": 320,
          "sco": 85,
          "dco": 1613,
          "txt": "returning"
        },
        {
          "si": 12,
          "sti": 16,
          "dti": 321,
          "sco": 95,
          "dco": 1623,
          "txt": "to"
        },
        {
          "si": 12,
          "sti": 17,
          "dti": 322,
          "sco": 98,
          "dco": 1626,
          "txt": "the"
        },
        {
          "si": 12,
          "sti": 18,
          "dti": 323,
          "sco": 102,
          "dco": 1630,
          "txt": "south"
        },
        {
          "si": 12,
          "sti": 19,
          "dti": 324,
          "sco": 108,
          "dco": 1636,
          "txt": "of"
        },
        {
          "si": 12,
          "sti": 20,
          "dti": 325,
          "sco": 111,
          "dco": 1639,
          "txt": "England"
        },
        {
          "si": 12,
          "sti": 21,
          "dti": 326,
          "sco": 119,
          "dco": 1647,
          "txt": "in"
        },
        {
          "si": 12,
          "sti": 22,
          "dti": 327,
          "sco": 122,
          "dco": 1650,
          "txt": "1963"
        },
        {
          "si": 12,
          "sti": 23,
          "dti": 328,
          "sco": 126,
          "dco": 1654,
          "txt": "."
        },
        {
          "si": 13,
          "sti": 0,
          "dti": 329,
          "sco": 0,
          "dco": 1656,
          "txt": "He"
        },
        {
          "si": 13,
          "sti": 1,
          "dti": 330,
          "sco": 3,
          "dco": 1659,
          "txt": "moved"
        },
        {
          "si": 13,
          "sti": 2,
          "dti": 331,
          "sco": 9,
          "dco": 1665,
          "txt": "to"
        },
        {
          "si": 13,
          "sti": 3,
          "dti": 332,
          "sco": 12,
          "dco": 1668,
          "txt": "Hanworth"
        },
        {
          "si": 13,
          "sti": 4,
          "dti": 333,
          "sco": 20,
          "dco": 1676,
          "txt": ","
        },
        {
          "si": 13,
          "sti": 5,
          "dti": 334,
          "sco": 22,
          "dco": 1678,
          "txt": "Middlesex"
        },
        {
          "si": 13,
          "sti": 6,
          "dti": 335,
          "sco": 31,
          "dco": 1687,
          "txt": ","
        },
        {
          "si": 13,
          "sti": 7,
          "dti": 336,
          "sco": 33,
          "dco": 1689,
          "txt": "where"
        },
        {
          "si": 13,
          "sti": 8,
          "dti": 337,
          "sco": 39,
          "dco": 1695,
          "txt": "he"
        },
        {
          "si": 13,
          "sti": 9,
          "dti": 338,
          "sco": 42,
          "dco": 1698,
          "txt": "again"
        },
        {
          "si": 13,
          "sti": 10,
          "dti": 339,
          "sco": 48,
          "dco": 1704,
          "txt": "kept"
        },
        {
          "si": 13,
          "sti": 11,
          "dti": 340,
          "sco": 53,
          "dco": 1709,
          "txt": "a"
        },
        {
          "si": 13,
          "sti": 12,
          "dti": 341,
          "sco": 55,
          "dco": 1711,
          "txt": "newsagents"
        },
        {
          "si": 13,
          "sti": 13,
          "dti": 342,
          "sco": 65,
          "dco": 1721,
          "txt": "'"
        },
        {
          "si": 13,
          "sti": 14,
          "dti": 343,
          "sco": 67,
          "dco": 1723,
          "txt": "shop"
        },
        {
          "si": 13,
          "sti": 15,
          "dti": 344,
          "sco": 72,
          "dco": 1728,
          "txt": "until"
        },
        {
          "si": 13,
          "sti": 16,
          "dti": 345,
          "sco": 78,
          "dco": 1734,
          "txt": "his"
        },
        {
          "si": 13,
          "sti": 17,
          "dti": 346,
          "sco": 82,
          "dco": 1738,
          "txt": "retirement"
        },
        {
          "si": 13,
          "sti": 18,
          "dti": 347,
          "sco": 92,
          "dco": 1748,
          "txt": "."
        }
      ]
    },
    "ganns": {
      "dla": [],
      "la": [],
      "ea": [],
      "eta": [
        {
          "ra": {
            "ea": {
              "etn": "Bill_Robertson_(English_footballer)"
            }
          },
          "sfs": [
            [
              {
                "stn": "birthYear"
              },
              {
                "dla": {
                  "txt": {
                    "sff": "1923"
                  },
                  "et": {
                    "etn": "BirthYear"
                  },
                  "dp": {
                    "off": 79
                  }
                }
              }
            ],
            [
              {
                "stn": "deathYear"
              },
              {
                "dla": {
                  "txt": {
                    "sff": "2003"
                  },
                  "et": {
                    "etn": "DeathYear"
                  },
                  "dp": {
                    "off": 95
                  }
                }
              }
            ]
          ],
          "mfs": [
            [
              {
                "stn": "birthPlaces"
              },
              {
                "dla": [],
                "la": [],
                "ea": [
                  {
                    "etn": "Crowthorne"
                  }
                ],
                "eta": []
              }
            ],
            [
              {
                "stn": "teams"
              },
              {
                "dla": [],
                "la": [],
                "ea": [
                  {
                    "etn": "Chelsea_F.C."
                  },
                  {
                    "etn": "Stoke_City_F.C."
                  },
                  {
                    "etn": "Birmingham_City_F.C."
                  }
                ],
                "eta": []
              }
            ],
            [
              {
                "stn": "positions"
              },
              {
                "dla": [],
                "la": [],
                "ea": [
                  {
                    "etn": "Goalkeeper_(association_football)"
                  }
                ],
                "eta": []
              }
            ]
          ]
        }
      ]
    }
  }
]
