[
  {
    "context": "TRAIN",
    "doc": {
      "id": "Bob_McIntyre_(soccer)",
      "tl": [
        {
          "si": 0,
          "sti": 0,
          "dti": 0,
          "sco": 0,
          "dco": 0,
          "txt": "Bob"
        },
        {
          "si": 0,
          "sti": 1,
          "dti": 1,
          "sco": 4,
          "dco": 4,
          "txt": "McIntyre"
        },
        {
          "si": 0,
          "sti": 2,
          "dti": 2,
          "sco": 13,
          "dco": 13,
          "txt": "("
        },
        {
          "si": 0,
          "sti": 3,
          "dti": 3,
          "sco": 14,
          "dco": 14,
          "txt": "soccer"
        },
        {
          "si": 0,
          "sti": 4,
          "dti": 4,
          "sco": 20,
          "dco": 20,
          "txt": ")"
        },
        {
          "si": 0,
          "sti": 5,
          "dti": 5,
          "sco": 21,
          "dco": 21,
          "txt": "."
        },
        {
          "si": 1,
          "sti": 0,
          "dti": 6,
          "sco": 0,
          "dco": 23,
          "txt": "Robert"
        },
        {
          "si": 1,
          "sti": 1,
          "dti": 7,
          "sco": 7,
          "dco": 30,
          "txt": "\""
        },
        {
          "si": 1,
          "sti": 2,
          "dti": 8,
          "sco": 8,
          "dco": 31,
          "txt": "Bob"
        },
        {
          "si": 1,
          "sti": 3,
          "dti": 9,
          "sco": 11,
          "dco": 34,
          "txt": "\""
        },
        {
          "si": 1,
          "sti": 4,
          "dti": 10,
          "sco": 13,
          "dco": 36,
          "txt": "McIntyre"
        },
        {
          "si": 1,
          "sti": 5,
          "dti": 11,
          "sco": 22,
          "dco": 45,
          "txt": "("
        },
        {
          "si": 1,
          "sti": 6,
          "dti": 12,
          "sco": 23,
          "dco": 46,
          "txt": "May"
        },
        {
          "si": 1,
          "sti": 7,
          "dti": 13,
          "sco": 27,
          "dco": 50,
          "txt": "15"
        },
        {
          "si": 1,
          "sti": 8,
          "dti": 14,
          "sco": 29,
          "dco": 52,
          "txt": ","
        },
        {
          "si": 1,
          "sti": 9,
          "dti": 15,
          "sco": 31,
          "dco": 54,
          "txt": "1904"
        },
        {
          "si": 1,
          "sti": 10,
          "dti": 16,
          "sco": 36,
          "dco": 59,
          "txt": "–"
        },
        {
          "si": 1,
          "sti": 11,
          "dti": 17,
          "sco": 38,
          "dco": 61,
          "txt": "February"
        },
        {
          "si": 1,
          "sti": 12,
          "dti": 18,
          "sco": 47,
          "dco": 70,
          "txt": "18"
        },
        {
          "si": 1,
          "sti": 13,
          "dti": 19,
          "sco": 49,
          "dco": 72,
          "txt": ","
        },
        {
          "si": 1,
          "sti": 14,
          "dti": 20,
          "sco": 51,
          "dco": 74,
          "txt": "1998"
        },
        {
          "si": 1,
          "sti": 15,
          "dti": 21,
          "sco": 55,
          "dco": 78,
          "txt": ")"
        },
        {
          "si": 1,
          "sti": 16,
          "dti": 22,
          "sco": 57,
          "dco": 80,
          "txt": "was"
        },
        {
          "si": 1,
          "sti": 17,
          "dti": 23,
          "sco": 61,
          "dco": 84,
          "txt": "a"
        },
        {
          "si": 1,
          "sti": 18,
          "dti": 24,
          "sco": 63,
          "dco": 86,
          "txt": "Scottish"
        },
        {
          "si": 1,
          "sti": 19,
          "dti": 25,
          "sco": 71,
          "dco": 94,
          "txt": "-"
        },
        {
          "si": 1,
          "sti": 20,
          "dti": 26,
          "sco": 72,
          "dco": 95,
          "txt": "American"
        },
        {
          "si": 1,
          "sti": 21,
          "dti": 27,
          "sco": 81,
          "dco": 104,
          "txt": "soccer"
        },
        {
          "si": 1,
          "sti": 22,
          "dti": 28,
          "sco": 88,
          "dco": 111,
          "txt": "center"
        },
        {
          "si": 1,
          "sti": 23,
          "dti": 29,
          "sco": 95,
          "dco": 118,
          "txt": "forward"
        },
        {
          "si": 1,
          "sti": 24,
          "dti": 30,
          "sco": 103,
          "dco": 126,
          "txt": "who"
        },
        {
          "si": 1,
          "sti": 25,
          "dti": 31,
          "sco": 107,
          "dco": 130,
          "txt": "spent"
        },
        {
          "si": 1,
          "sti": 26,
          "dti": 32,
          "sco": 113,
          "dco": 136,
          "txt": "two"
        },
        {
          "si": 1,
          "sti": 27,
          "dti": 33,
          "sco": 117,
          "dco": 140,
          "txt": "years"
        },
        {
          "si": 1,
          "sti": 28,
          "dti": 34,
          "sco": 123,
          "dco": 146,
          "txt": "in"
        },
        {
          "si": 1,
          "sti": 29,
          "dti": 35,
          "sco": 126,
          "dco": 149,
          "txt": "the"
        },
        {
          "si": 1,
          "sti": 30,
          "dti": 36,
          "sco": 130,
          "dco": 153,
          "txt": "American"
        },
        {
          "si": 1,
          "sti": 31,
          "dti": 37,
          "sco": 139,
          "dco": 162,
          "txt": "Soccer"
        },
        {
          "si": 1,
          "sti": 32,
          "dti": 38,
          "sco": 146,
          "dco": 169,
          "txt": "League"
        },
        {
          "si": 1,
          "sti": 33,
          "dti": 39,
          "sco": 152,
          "dco": 175,
          "txt": ","
        },
        {
          "si": 1,
          "sti": 34,
          "dti": 40,
          "sco": 154,
          "dco": 177,
          "txt": "leading"
        },
        {
          "si": 1,
          "sti": 35,
          "dti": 41,
          "sco": 162,
          "dco": 185,
          "txt": "the"
        },
        {
          "si": 1,
          "sti": 36,
          "dti": 42,
          "sco": 166,
          "dco": 189,
          "txt": "league"
        },
        {
          "si": 1,
          "sti": 37,
          "dti": 43,
          "sco": 173,
          "dco": 196,
          "txt": "in"
        },
        {
          "si": 1,
          "sti": 38,
          "dti": 44,
          "sco": 176,
          "dco": 199,
          "txt": "scoring"
        },
        {
          "si": 1,
          "sti": 39,
          "dti": 45,
          "sco": 184,
          "dco": 207,
          "txt": "during"
        },
        {
          "si": 1,
          "sti": 40,
          "dti": 46,
          "sco": 191,
          "dco": 214,
          "txt": "the"
        },
        {
          "si": 1,
          "sti": 41,
          "dti": 47,
          "sco": 195,
          "dco": 218,
          "txt": "spring"
        },
        {
          "si": 1,
          "sti": 42,
          "dti": 48,
          "sco": 202,
          "dco": 225,
          "txt": "1931"
        },
        {
          "si": 1,
          "sti": 43,
          "dti": 49,
          "sco": 207,
          "dco": 230,
          "txt": "season"
        },
        {
          "si": 1,
          "sti": 44,
          "dti": 50,
          "sco": 213,
          "dco": 236,
          "txt": "."
        },
        {
          "si": 2,
          "sti": 0,
          "dti": 51,
          "sco": 0,
          "dco": 238,
          "txt": "He"
        },
        {
          "si": 2,
          "sti": 1,
          "dti": 52,
          "sco": 3,
          "dco": 241,
          "txt": "was"
        },
        {
          "si": 2,
          "sti": 2,
          "dti": 53,
          "sco": 7,
          "dco": 245,
          "txt": "born"
        },
        {
          "si": 2,
          "sti": 3,
          "dti": 54,
          "sco": 12,
          "dco": 250,
          "txt": "in"
        },
        {
          "si": 2,
          "sti": 4,
          "dti": 55,
          "sco": 15,
          "dco": 253,
          "txt": "Cambuslang"
        },
        {
          "si": 2,
          "sti": 5,
          "dti": 56,
          "sco": 25,
          "dco": 263,
          "txt": ","
        },
        {
          "si": 2,
          "sti": 6,
          "dti": 57,
          "sco": 27,
          "dco": 265,
          "txt": "Scotland"
        },
        {
          "si": 2,
          "sti": 7,
          "dti": 58,
          "sco": 35,
          "dco": 273,
          "txt": "."
        },
        {
          "si": 3,
          "sti": 0,
          "dti": 59,
          "sco": 0,
          "dco": 275,
          "txt": "McIntyre"
        },
        {
          "si": 3,
          "sti": 1,
          "dti": 60,
          "sco": 9,
          "dco": 284,
          "txt": "began"
        },
        {
          "si": 3,
          "sti": 2,
          "dti": 61,
          "sco": 15,
          "dco": 290,
          "txt": "playing"
        },
        {
          "si": 3,
          "sti": 3,
          "dti": 62,
          "sco": 23,
          "dco": 298,
          "txt": "soccer"
        },
        {
          "si": 3,
          "sti": 4,
          "dti": 63,
          "sco": 30,
          "dco": 305,
          "txt": "in"
        },
        {
          "si": 3,
          "sti": 5,
          "dti": 64,
          "sco": 33,
          "dco": 308,
          "txt": "Scotland"
        },
        {
          "si": 3,
          "sti": 6,
          "dti": 65,
          "sco": 42,
          "dco": 317,
          "txt": "with"
        },
        {
          "si": 3,
          "sti": 7,
          "dti": 66,
          "sco": 47,
          "dco": 322,
          "txt": "Renfrew"
        },
        {
          "si": 3,
          "sti": 8,
          "dti": 67,
          "sco": 55,
          "dco": 330,
          "txt": "Juniors"
        },
        {
          "si": 3,
          "sti": 9,
          "dti": 68,
          "sco": 62,
          "dco": 337,
          "txt": "."
        },
        {
          "si": 4,
          "sti": 0,
          "dti": 69,
          "sco": 0,
          "dco": 339,
          "txt": "In"
        },
        {
          "si": 4,
          "sti": 1,
          "dti": 70,
          "sco": 3,
          "dco": 342,
          "txt": "1923"
        },
        {
          "si": 4,
          "sti": 2,
          "dti": 71,
          "sco": 7,
          "dco": 346,
          "txt": ","
        },
        {
          "si": 4,
          "sti": 3,
          "dti": 72,
          "sco": 9,
          "dco": 348,
          "txt": "he"
        },
        {
          "si": 4,
          "sti": 4,
          "dti": 73,
          "sco": 12,
          "dco": 351,
          "txt": "moved"
        },
        {
          "si": 4,
          "sti": 5,
          "dti": 74,
          "sco": 18,
          "dco": 357,
          "txt": "to"
        },
        {
          "si": 4,
          "sti": 6,
          "dti": 75,
          "sco": 21,
          "dco": 360,
          "txt": "the"
        },
        {
          "si": 4,
          "sti": 7,
          "dti": 76,
          "sco": 25,
          "dco": 364,
          "txt": "United"
        },
        {
          "si": 4,
          "sti": 8,
          "dti": 77,
          "sco": 32,
          "dco": 371,
          "txt": "States"
        },
        {
          "si": 4,
          "sti": 9,
          "dti": 78,
          "sco": 38,
          "dco": 377,
          "txt": ","
        },
        {
          "si": 4,
          "sti": 10,
          "dti": 79,
          "sco": 40,
          "dco": 379,
          "txt": "settling"
        },
        {
          "si": 4,
          "sti": 11,
          "dti": 80,
          "sco": 49,
          "dco": 388,
          "txt": "in"
        },
        {
          "si": 4,
          "sti": 12,
          "dti": 81,
          "sco": 52,
          "dco": 391,
          "txt": "Boston"
        },
        {
          "si": 4,
          "sti": 13,
          "dti": 82,
          "sco": 58,
          "dco": 397,
          "txt": "."
        },
        {
          "si": 5,
          "sti": 0,
          "dti": 83,
          "sco": 0,
          "dco": 399,
          "txt": "When"
        },
        {
          "si": 5,
          "sti": 1,
          "dti": 84,
          "sco": 5,
          "dco": 404,
          "txt": "he"
        },
        {
          "si": 5,
          "sti": 2,
          "dti": 85,
          "sco": 8,
          "dco": 407,
          "txt": "arrived"
        },
        {
          "si": 5,
          "sti": 3,
          "dti": 86,
          "sco": 15,
          "dco": 414,
          "txt": ","
        },
        {
          "si": 5,
          "sti": 4,
          "dti": 87,
          "sco": 17,
          "dco": 416,
          "txt": "he"
        },
        {
          "si": 5,
          "sti": 5,
          "dti": 88,
          "sco": 20,
          "dco": 419,
          "txt": "joined"
        },
        {
          "si": 5,
          "sti": 6,
          "dti": 89,
          "sco": 27,
          "dco": 426,
          "txt": "the"
        },
        {
          "si": 5,
          "sti": 7,
          "dti": 90,
          "sco": 31,
          "dco": 430,
          "txt": "amateur"
        },
        {
          "si": 5,
          "sti": 8,
          "dti": 91,
          "sco": 39,
          "dco": 438,
          "txt": "Lusitania"
        },
        {
          "si": 5,
          "sti": 9,
          "dti": 92,
          "sco": 49,
          "dco": 448,
          "txt": "Recreation"
        },
        {
          "si": 5,
          "sti": 10,
          "dti": 93,
          "sco": 60,
          "dco": 459,
          "txt": "club"
        },
        {
          "si": 5,
          "sti": 11,
          "dti": 94,
          "sco": 64,
          "dco": 463,
          "txt": "."
        },
        {
          "si": 6,
          "sti": 0,
          "dti": 95,
          "sco": 0,
          "dco": 465,
          "txt": "In"
        },
        {
          "si": 6,
          "sti": 1,
          "dti": 96,
          "sco": 3,
          "dco": 468,
          "txt": "1930"
        },
        {
          "si": 6,
          "sti": 2,
          "dti": 97,
          "sco": 7,
          "dco": 472,
          "txt": ","
        },
        {
          "si": 6,
          "sti": 3,
          "dti": 98,
          "sco": 9,
          "dco": 474,
          "txt": "he"
        },
        {
          "si": 6,
          "sti": 4,
          "dti": 99,
          "sco": 12,
          "dco": 477,
          "txt": "signed"
        },
        {
          "si": 6,
          "sti": 5,
          "dti": 100,
          "sco": 19,
          "dco": 484,
          "txt": "with"
        },
        {
          "si": 6,
          "sti": 6,
          "dti": 101,
          "sco": 24,
          "dco": 489,
          "txt": "the"
        },
        {
          "si": 6,
          "sti": 7,
          "dti": 102,
          "sco": 28,
          "dco": 493,
          "txt": "professional"
        },
        {
          "si": 6,
          "sti": 8,
          "dti": 103,
          "sco": 41,
          "dco": 506,
          "txt": "Pawtucket"
        },
        {
          "si": 6,
          "sti": 9,
          "dti": 104,
          "sco": 51,
          "dco": 516,
          "txt": "Rangers"
        },
        {
          "si": 6,
          "sti": 10,
          "dti": 105,
          "sco": 59,
          "dco": 524,
          "txt": "of"
        },
        {
          "si": 6,
          "sti": 11,
          "dti": 106,
          "sco": 62,
          "dco": 527,
          "txt": "the"
        },
        {
          "si": 6,
          "sti": 12,
          "dti": 107,
          "sco": 66,
          "dco": 531,
          "txt": "American"
        },
        {
          "si": 6,
          "sti": 13,
          "dti": 108,
          "sco": 75,
          "dco": 540,
          "txt": "Soccer"
        },
        {
          "si": 6,
          "sti": 14,
          "dti": 109,
          "sco": 82,
          "dco": 547,
          "txt": "League"
        },
        {
          "si": 6,
          "sti": 15,
          "dti": 110,
          "sco": 88,
          "dco": 553,
          "txt": "."
        },
        {
          "si": 7,
          "sti": 0,
          "dti": 111,
          "sco": 0,
          "dco": 555,
          "txt": "He"
        },
        {
          "si": 7,
          "sti": 1,
          "dti": 112,
          "sco": 3,
          "dco": 558,
          "txt": "had"
        },
        {
          "si": 7,
          "sti": 2,
          "dti": 113,
          "sco": 7,
          "dco": 562,
          "txt": "an"
        },
        {
          "si": 7,
          "sti": 3,
          "dti": 114,
          "sco": 10,
          "dco": 565,
          "txt": "immediate"
        },
        {
          "si": 7,
          "sti": 4,
          "dti": 115,
          "sco": 20,
          "dco": 575,
          "txt": "impact"
        },
        {
          "si": 7,
          "sti": 5,
          "dti": 116,
          "sco": 26,
          "dco": 581,
          "txt": ","
        },
        {
          "si": 7,
          "sti": 6,
          "dti": 117,
          "sco": 28,
          "dco": 583,
          "txt": "scoring"
        },
        {
          "si": 7,
          "sti": 7,
          "dti": 118,
          "sco": 36,
          "dco": 591,
          "txt": "twenty"
        },
        {
          "si": 7,
          "sti": 8,
          "dti": 119,
          "sco": 42,
          "dco": 597,
          "txt": "-"
        },
        {
          "si": 7,
          "sti": 9,
          "dti": 120,
          "sco": 43,
          "dco": 598,
          "txt": "three"
        },
        {
          "si": 7,
          "sti": 10,
          "dti": 121,
          "sco": 49,
          "dco": 604,
          "txt": "goals"
        },
        {
          "si": 7,
          "sti": 11,
          "dti": 122,
          "sco": 55,
          "dco": 610,
          "txt": "in"
        },
        {
          "si": 7,
          "sti": 12,
          "dti": 123,
          "sco": 58,
          "dco": 613,
          "txt": "thirty"
        },
        {
          "si": 7,
          "sti": 13,
          "dti": 124,
          "sco": 64,
          "dco": 619,
          "txt": "-"
        },
        {
          "si": 7,
          "sti": 14,
          "dti": 125,
          "sco": 65,
          "dco": 620,
          "txt": "one"
        },
        {
          "si": 7,
          "sti": 15,
          "dti": 126,
          "sco": 69,
          "dco": 624,
          "txt": "games"
        },
        {
          "si": 7,
          "sti": 16,
          "dti": 127,
          "sco": 75,
          "dco": 630,
          "txt": "in"
        },
        {
          "si": 7,
          "sti": 17,
          "dti": 128,
          "sco": 78,
          "dco": 633,
          "txt": "the"
        },
        {
          "si": 7,
          "sti": 18,
          "dti": 129,
          "sco": 82,
          "dco": 637,
          "txt": "fall"
        },
        {
          "si": 7,
          "sti": 19,
          "dti": 130,
          "sco": 87,
          "dco": 642,
          "txt": "1930"
        },
        {
          "si": 7,
          "sti": 20,
          "dti": 131,
          "sco": 92,
          "dco": 647,
          "txt": "season"
        },
        {
          "si": 7,
          "sti": 21,
          "dti": 132,
          "sco": 98,
          "dco": 653,
          "txt": "."
        },
        {
          "si": 8,
          "sti": 0,
          "dti": 133,
          "sco": 0,
          "dco": 655,
          "txt": "That"
        },
        {
          "si": 8,
          "sti": 1,
          "dti": 134,
          "sco": 5,
          "dco": 660,
          "txt": "was"
        },
        {
          "si": 8,
          "sti": 2,
          "dti": 135,
          "sco": 9,
          "dco": 664,
          "txt": "good"
        },
        {
          "si": 8,
          "sti": 3,
          "dti": 136,
          "sco": 14,
          "dco": 669,
          "txt": "enough"
        },
        {
          "si": 8,
          "sti": 4,
          "dti": 137,
          "sco": 21,
          "dco": 676,
          "txt": "to"
        },
        {
          "si": 8,
          "sti": 5,
          "dti": 138,
          "sco": 24,
          "dco": 679,
          "txt": "take"
        },
        {
          "si": 8,
          "sti": 6,
          "dti": 139,
          "sco": 29,
          "dco": 684,
          "txt": "second"
        },
        {
          "si": 8,
          "sti": 7,
          "dti": 140,
          "sco": 36,
          "dco": 691,
          "txt": "in"
        },
        {
          "si": 8,
          "sti": 8,
          "dti": 141,
          "sco": 39,
          "dco": 694,
          "txt": "the"
        },
        {
          "si": 8,
          "sti": 9,
          "dti": 142,
          "sco": 43,
          "dco": 698,
          "txt": "league"
        },
        {
          "si": 8,
          "sti": 10,
          "dti": 143,
          "sco": 50,
          "dco": 705,
          "txt": "scoring"
        },
        {
          "si": 8,
          "sti": 11,
          "dti": 144,
          "sco": 58,
          "dco": 713,
          "txt": "table"
        },
        {
          "si": 8,
          "sti": 12,
          "dti": 145,
          "sco": 63,
          "dco": 718,
          "txt": "."
        },
        {
          "si": 9,
          "sti": 0,
          "dti": 146,
          "sco": 0,
          "dco": 720,
          "txt": "In"
        },
        {
          "si": 9,
          "sti": 1,
          "dti": 147,
          "sco": 3,
          "dco": 723,
          "txt": "the"
        },
        {
          "si": 9,
          "sti": 2,
          "dti": 148,
          "sco": 7,
          "dco": 727,
          "txt": "spring"
        },
        {
          "si": 9,
          "sti": 3,
          "dti": 149,
          "sco": 14,
          "dco": 734,
          "txt": "of"
        },
        {
          "si": 9,
          "sti": 4,
          "dti": 150,
          "sco": 17,
          "dco": 737,
          "txt": "1931"
        },
        {
          "si": 9,
          "sti": 5,
          "dti": 151,
          "sco": 21,
          "dco": 741,
          "txt": ","
        },
        {
          "si": 9,
          "sti": 6,
          "dti": 152,
          "sco": 23,
          "dco": 743,
          "txt": "he"
        },
        {
          "si": 9,
          "sti": 7,
          "dti": 153,
          "sco": 26,
          "dco": 746,
          "txt": "played"
        },
        {
          "si": 9,
          "sti": 8,
          "dti": 154,
          "sco": 33,
          "dco": 753,
          "txt": "only"
        },
        {
          "si": 9,
          "sti": 9,
          "dti": 155,
          "sco": 38,
          "dco": 758,
          "txt": "eighteen"
        },
        {
          "si": 9,
          "sti": 10,
          "dti": 156,
          "sco": 47,
          "dco": 767,
          "txt": "games"
        },
        {
          "si": 9,
          "sti": 11,
          "dti": 157,
          "sco": 52,
          "dco": 772,
          "txt": ","
        },
        {
          "si": 9,
          "sti": 12,
          "dti": 158,
          "sco": 54,
          "dco": 774,
          "txt": "but"
        },
        {
          "si": 9,
          "sti": 13,
          "dti": 159,
          "sco": 58,
          "dco": 778,
          "txt": "again"
        },
        {
          "si": 9,
          "sti": 14,
          "dti": 160,
          "sco": 64,
          "dco": 784,
          "txt": "scored"
        },
        {
          "si": 9,
          "sti": 15,
          "dti": 161,
          "sco": 71,
          "dco": 791,
          "txt": "twenty"
        },
        {
          "si": 9,
          "sti": 16,
          "dti": 162,
          "sco": 77,
          "dco": 797,
          "txt": "-"
        },
        {
          "si": 9,
          "sti": 17,
          "dti": 163,
          "sco": 78,
          "dco": 798,
          "txt": "three"
        },
        {
          "si": 9,
          "sti": 18,
          "dti": 164,
          "sco": 84,
          "dco": 804,
          "txt": "goals"
        },
        {
          "si": 9,
          "sti": 19,
          "dti": 165,
          "sco": 89,
          "dco": 809,
          "txt": ","
        },
        {
          "si": 9,
          "sti": 20,
          "dti": 166,
          "sco": 91,
          "dco": 811,
          "txt": "taking"
        },
        {
          "si": 9,
          "sti": 21,
          "dti": 167,
          "sco": 98,
          "dco": 818,
          "txt": "the"
        },
        {
          "si": 9,
          "sti": 22,
          "dti": 168,
          "sco": 102,
          "dco": 822,
          "txt": "league"
        },
        {
          "si": 9,
          "sti": 23,
          "dti": 169,
          "sco": 109,
          "dco": 829,
          "txt": "scoring"
        },
        {
          "si": 9,
          "sti": 24,
          "dti": 170,
          "sco": 117,
          "dco": 837,
          "txt": "title"
        },
        {
          "si": 9,
          "sti": 25,
          "dti": 171,
          "sco": 122,
          "dco": 842,
          "txt": "."
        },
        {
          "si": 10,
          "sti": 0,
          "dti": 172,
          "sco": 0,
          "dco": 844,
          "txt": "That"
        },
        {
          "si": 10,
          "sti": 1,
          "dti": 173,
          "sco": 5,
          "dco": 849,
          "txt": "fall"
        },
        {
          "si": 10,
          "sti": 2,
          "dti": 174,
          "sco": 9,
          "dco": 853,
          "txt": ","
        },
        {
          "si": 10,
          "sti": 3,
          "dti": 175,
          "sco": 11,
          "dco": 855,
          "txt": "he"
        },
        {
          "si": 10,
          "sti": 4,
          "dti": 176,
          "sco": 14,
          "dco": 858,
          "txt": "added"
        },
        {
          "si": 10,
          "sti": 5,
          "dti": 177,
          "sco": 20,
          "dco": 864,
          "txt": "another"
        },
        {
          "si": 10,
          "sti": 6,
          "dti": 178,
          "sco": 28,
          "dco": 872,
          "txt": "fifteen"
        },
        {
          "si": 10,
          "sti": 7,
          "dti": 179,
          "sco": 36,
          "dco": 880,
          "txt": "goals"
        },
        {
          "si": 10,
          "sti": 8,
          "dti": 180,
          "sco": 42,
          "dco": 886,
          "txt": "in"
        },
        {
          "si": 10,
          "sti": 9,
          "dti": 181,
          "sco": 45,
          "dco": 889,
          "txt": "sixteen"
        },
        {
          "si": 10,
          "sti": 10,
          "dti": 182,
          "sco": 53,
          "dco": 897,
          "txt": "games"
        },
        {
          "si": 10,
          "sti": 11,
          "dti": 183,
          "sco": 58,
          "dco": 902,
          "txt": "."
        },
        {
          "si": 11,
          "sti": 0,
          "dti": 184,
          "sco": 0,
          "dco": 904,
          "txt": "In"
        },
        {
          "si": 11,
          "sti": 1,
          "dti": 185,
          "sco": 3,
          "dco": 907,
          "txt": "1939"
        },
        {
          "si": 11,
          "sti": 2,
          "dti": 186,
          "sco": 7,
          "dco": 911,
          "txt": ","
        },
        {
          "si": 11,
          "sti": 3,
          "dti": 187,
          "sco": 9,
          "dco": 913,
          "txt": "a"
        },
        {
          "si": 11,
          "sti": 4,
          "dti": 188,
          "sco": 11,
          "dco": 915,
          "txt": "Bob"
        },
        {
          "si": 11,
          "sti": 5,
          "dti": 189,
          "sco": 15,
          "dco": 919,
          "txt": "McIntyre"
        },
        {
          "si": 11,
          "sti": 6,
          "dti": 190,
          "sco": 24,
          "dco": 928,
          "txt": "is"
        },
        {
          "si": 11,
          "sti": 7,
          "dti": 191,
          "sco": 27,
          "dco": 931,
          "txt": "listed"
        },
        {
          "si": 11,
          "sti": 8,
          "dti": 192,
          "sco": 34,
          "dco": 938,
          "txt": "as"
        },
        {
          "si": 11,
          "sti": 9,
          "dti": 193,
          "sco": 37,
          "dco": 941,
          "txt": "playing"
        },
        {
          "si": 11,
          "sti": 10,
          "dti": 194,
          "sco": 45,
          "dco": 949,
          "txt": "in"
        },
        {
          "si": 11,
          "sti": 11,
          "dti": 195,
          "sco": 48,
          "dco": 952,
          "txt": "the"
        },
        {
          "si": 11,
          "sti": 12,
          "dti": 196,
          "sco": 52,
          "dco": 956,
          "txt": "second"
        },
        {
          "si": 11,
          "sti": 13,
          "dti": 197,
          "sco": 59,
          "dco": 963,
          "txt": "American"
        },
        {
          "si": 11,
          "sti": 14,
          "dti": 198,
          "sco": 68,
          "dco": 972,
          "txt": "Soccer"
        },
        {
          "si": 11,
          "sti": 15,
          "dti": 199,
          "sco": 75,
          "dco": 979,
          "txt": "League"
        },
        {
          "si": 11,
          "sti": 16,
          "dti": 200,
          "sco": 81,
          "dco": 985,
          "txt": ","
        },
        {
          "si": 11,
          "sti": 17,
          "dti": 201,
          "sco": 83,
          "dco": 987,
          "txt": "but"
        },
        {
          "si": 11,
          "sti": 18,
          "dti": 202,
          "sco": 87,
          "dco": 991,
          "txt": "this"
        },
        {
          "si": 11,
          "sti": 19,
          "dti": 203,
          "sco": 92,
          "dco": 996,
          "txt": "may"
        },
        {
          "si": 11,
          "sti": 20,
          "dti": 204,
          "sco": 96,
          "dco": 1000,
          "txt": "be"
        },
        {
          "si": 11,
          "sti": 21,
          "dti": 205,
          "sco": 99,
          "dco": 1003,
          "txt": "a"
        },
        {
          "si": 11,
          "sti": 22,
          "dti": 206,
          "sco": 101,
          "dco": 1005,
          "txt": "different"
        },
        {
          "si": 11,
          "sti": 23,
          "dti": 207,
          "sco": 111,
          "dco": 1015,
          "txt": "McIntyre"
        },
        {
          "si": 11,
          "sti": 24,
          "dti": 208,
          "sco": 120,
          "dco": 1024,
          "txt": "as"
        },
        {
          "si": 11,
          "sti": 25,
          "dti": 209,
          "sco": 123,
          "dco": 1027,
          "txt": "there"
        },
        {
          "si": 11,
          "sti": 26,
          "dti": 210,
          "sco": 129,
          "dco": 1033,
          "txt": "were"
        },
        {
          "si": 11,
          "sti": 27,
          "dti": 211,
          "sco": 134,
          "dco": 1038,
          "txt": "three"
        },
        {
          "si": 11,
          "sti": 28,
          "dti": 212,
          "sco": 140,
          "dco": 1044,
          "txt": "Bob"
        },
        {
          "si": 11,
          "sti": 29,
          "dti": 213,
          "sco": 144,
          "dco": 1048,
          "txt": "McIntyre"
        },
        {
          "si": 11,
          "sti": 30,
          "dti": 214,
          "sco": 152,
          "dco": 1056,
          "txt": "'"
        },
        {
          "si": 11,
          "sti": 31,
          "dti": 215,
          "sco": 153,
          "dco": 1057,
          "txt": "s"
        },
        {
          "si": 11,
          "sti": 32,
          "dti": 216,
          "sco": 155,
          "dco": 1059,
          "txt": "playing"
        },
        {
          "si": 11,
          "sti": 33,
          "dti": 217,
          "sco": 163,
          "dco": 1067,
          "txt": "during"
        },
        {
          "si": 11,
          "sti": 34,
          "dti": 218,
          "sco": 170,
          "dco": 1074,
          "txt": "the"
        },
        {
          "si": 11,
          "sti": 35,
          "dti": 219,
          "sco": 174,
          "dco": 1078,
          "txt": "last"
        },
        {
          "si": 11,
          "sti": 36,
          "dti": 220,
          "sco": 179,
          "dco": 1083,
          "txt": "few"
        },
        {
          "si": 11,
          "sti": 37,
          "dti": 221,
          "sco": 183,
          "dco": 1087,
          "txt": "seasons"
        },
        {
          "si": 11,
          "sti": 38,
          "dti": 222,
          "sco": 191,
          "dco": 1095,
          "txt": "on"
        },
        {
          "si": 11,
          "sti": 39,
          "dti": 223,
          "sco": 194,
          "dco": 1098,
          "txt": "the"
        },
        {
          "si": 11,
          "sti": 40,
          "dti": 224,
          "sco": 198,
          "dco": 1102,
          "txt": "first"
        },
        {
          "si": 11,
          "sti": 41,
          "dti": 225,
          "sco": 204,
          "dco": 1108,
          "txt": "ASL"
        },
        {
          "si": 11,
          "sti": 42,
          "dti": 226,
          "sco": 207,
          "dco": 1111,
          "txt": "."
        }
      ]
    },
    "ganns": {
      "dla": [],
      "la": [],
      "ea": [],
      "eta": [
        {
          "ra": {
            "ea": {
              "etn": "Bob_McIntyre_(soccer)"
            }
          },
          "sfs": [
            [
              {
                "stn": "birthYear"
              },
              {
                "dla": {
                  "txt": {
                    "sff": "1904"
                  },
                  "et": {
                    "etn": "BirthYear"
                  },
                  "dp": {
                    "off": 54
                  }
                }
              }
            ],
            [
              {
                "stn": "deathYear"
              },
              {
                "dla": {
                  "txt": {
                    "sff": "1998"
                  },
                  "et": {
                    "etn": "DeathYear"
                  },
                  "dp": {
                    "off": 74
                  }
                }
              }
            ]
          ],
          "mfs": [
            [
              {
                "stn": "birthPlaces"
              },
              {
                "dla": [],
                "la": [],
                "ea": [
                  {
                    "etn": "Scotland"
                  },
                  {
                    "etn": "Cambuslang"
                  }
                ],
                "eta": []
              }
            ],
            [
              {
                "stn": "teams"
              },
              {
                "dla": [],
                "la": [],
                "ea": [
                  {
                    "etn": "Pawtucket_Rangers"
                  }
                ],
                "eta": []
              }
            ],
            [
              {
                "stn": "positions"
              },
              {
                "dla": [],
                "la": [],
                "ea": [],
                "eta": []
              }
            ]
          ]
        }
      ]
    }
  }
]
