[
  {
    "context": "TRAIN",
    "doc": {
      "id": "Bobby_Hassell",
      "tl": [
        {
          "si": 0,
          "sti": 0,
          "dti": 0,
          "sco": 0,
          "dco": 0,
          "txt": "Bobby"
        },
        {
          "si": 0,
          "sti": 1,
          "dti": 1,
          "sco": 6,
          "dco": 6,
          "txt": "Hassell"
        },
        {
          "si": 0,
          "sti": 2,
          "dti": 2,
          "sco": 13,
          "dco": 13,
          "txt": "."
        },
        {
          "si": 1,
          "sti": 0,
          "dti": 3,
          "sco": 0,
          "dco": 15,
          "txt": "Robert"
        },
        {
          "si": 1,
          "sti": 1,
          "dti": 4,
          "sco": 7,
          "dco": 22,
          "txt": "John"
        },
        {
          "si": 1,
          "sti": 2,
          "dti": 5,
          "sco": 12,
          "dco": 27,
          "txt": "Francis"
        },
        {
          "si": 1,
          "sti": 3,
          "dti": 6,
          "sco": 20,
          "dco": 35,
          "txt": "\""
        },
        {
          "si": 1,
          "sti": 4,
          "dti": 7,
          "sco": 21,
          "dco": 36,
          "txt": "Bobby"
        },
        {
          "si": 1,
          "sti": 5,
          "dti": 8,
          "sco": 26,
          "dco": 41,
          "txt": "\""
        },
        {
          "si": 1,
          "sti": 6,
          "dti": 9,
          "sco": 28,
          "dco": 43,
          "txt": "Hassell"
        },
        {
          "si": 1,
          "sti": 7,
          "dti": 10,
          "sco": 36,
          "dco": 51,
          "txt": "("
        },
        {
          "si": 1,
          "sti": 8,
          "dti": 11,
          "sco": 37,
          "dco": 52,
          "txt": "born"
        },
        {
          "si": 1,
          "sti": 9,
          "dti": 12,
          "sco": 42,
          "dco": 57,
          "txt": "4"
        },
        {
          "si": 1,
          "sti": 10,
          "dti": 13,
          "sco": 44,
          "dco": 59,
          "txt": "June"
        },
        {
          "si": 1,
          "sti": 11,
          "dti": 14,
          "sco": 49,
          "dco": 64,
          "txt": "1980"
        },
        {
          "si": 1,
          "sti": 12,
          "dti": 15,
          "sco": 53,
          "dco": 68,
          "txt": ")"
        },
        {
          "si": 1,
          "sti": 13,
          "dti": 16,
          "sco": 55,
          "dco": 70,
          "txt": "is"
        },
        {
          "si": 1,
          "sti": 14,
          "dti": 17,
          "sco": 58,
          "dco": 73,
          "txt": "an"
        },
        {
          "si": 1,
          "sti": 15,
          "dti": 18,
          "sco": 61,
          "dco": 76,
          "txt": "English"
        },
        {
          "si": 1,
          "sti": 16,
          "dti": 19,
          "sco": 69,
          "dco": 84,
          "txt": "footballer"
        },
        {
          "si": 1,
          "sti": 17,
          "dti": 20,
          "sco": 80,
          "dco": 95,
          "txt": "who"
        },
        {
          "si": 1,
          "sti": 18,
          "dti": 21,
          "sco": 84,
          "dco": 99,
          "txt": "plays"
        },
        {
          "si": 1,
          "sti": 19,
          "dti": 22,
          "sco": 90,
          "dco": 105,
          "txt": "for"
        },
        {
          "si": 1,
          "sti": 20,
          "dti": 23,
          "sco": 94,
          "dco": 109,
          "txt": "Bharat"
        },
        {
          "si": 1,
          "sti": 21,
          "dti": 24,
          "sco": 101,
          "dco": 116,
          "txt": "FC"
        },
        {
          "si": 1,
          "sti": 22,
          "dti": 25,
          "sco": 104,
          "dco": 119,
          "txt": "in"
        },
        {
          "si": 1,
          "sti": 23,
          "dti": 26,
          "sco": 107,
          "dco": 122,
          "txt": "I"
        },
        {
          "si": 1,
          "sti": 24,
          "dti": 27,
          "sco": 108,
          "dco": 123,
          "txt": "-"
        },
        {
          "si": 1,
          "sti": 25,
          "dti": 28,
          "sco": 109,
          "dco": 124,
          "txt": "League"
        },
        {
          "si": 1,
          "sti": 26,
          "dti": 29,
          "sco": 116,
          "dco": 131,
          "txt": "as"
        },
        {
          "si": 1,
          "sti": 27,
          "dti": 30,
          "sco": 119,
          "dco": 134,
          "txt": "a"
        },
        {
          "si": 1,
          "sti": 28,
          "dti": 31,
          "sco": 121,
          "dco": 136,
          "txt": "defender"
        },
        {
          "si": 1,
          "sti": 29,
          "dti": 32,
          "sco": 129,
          "dco": 144,
          "txt": "."
        },
        {
          "si": 2,
          "sti": 0,
          "dti": 33,
          "sco": 0,
          "dco": 146,
          "txt": "Career"
        },
        {
          "si": 2,
          "sti": 1,
          "dti": 34,
          "sco": 6,
          "dco": 152,
          "txt": "."
        },
        {
          "si": 3,
          "sti": 0,
          "dti": 35,
          "sco": 0,
          "dco": 154,
          "txt": "Born"
        },
        {
          "si": 3,
          "sti": 1,
          "dti": 36,
          "sco": 5,
          "dco": 159,
          "txt": "in"
        },
        {
          "si": 3,
          "sti": 2,
          "dti": 37,
          "sco": 8,
          "dco": 162,
          "txt": "Derby"
        },
        {
          "si": 3,
          "sti": 3,
          "dti": 38,
          "sco": 13,
          "dco": 167,
          "txt": ","
        },
        {
          "si": 3,
          "sti": 4,
          "dti": 39,
          "sco": 15,
          "dco": 169,
          "txt": "Derbyshire"
        },
        {
          "si": 3,
          "sti": 5,
          "dti": 40,
          "sco": 25,
          "dco": 179,
          "txt": ","
        },
        {
          "si": 3,
          "sti": 6,
          "dti": 41,
          "sco": 27,
          "dco": 181,
          "txt": "Barnsley"
        },
        {
          "si": 3,
          "sti": 7,
          "dti": 42,
          "sco": 36,
          "dco": 190,
          "txt": "boss"
        },
        {
          "si": 3,
          "sti": 8,
          "dti": 43,
          "sco": 41,
          "dco": 195,
          "txt": "Paul"
        },
        {
          "si": 3,
          "sti": 9,
          "dti": 44,
          "sco": 46,
          "dco": 200,
          "txt": "Hart"
        },
        {
          "si": 3,
          "sti": 10,
          "dti": 45,
          "sco": 51,
          "dco": 205,
          "txt": "continued"
        },
        {
          "si": 3,
          "sti": 11,
          "dti": 46,
          "sco": 61,
          "dco": 215,
          "txt": "his"
        },
        {
          "si": 3,
          "sti": 12,
          "dti": 47,
          "sco": 65,
          "dco": 219,
          "txt": "rebuilding"
        },
        {
          "si": 3,
          "sti": 13,
          "dti": 48,
          "sco": 76,
          "dco": 230,
          "txt": "by"
        },
        {
          "si": 3,
          "sti": 14,
          "dti": 49,
          "sco": 79,
          "dco": 233,
          "txt": "signing"
        },
        {
          "si": 3,
          "sti": 15,
          "dti": 50,
          "sco": 87,
          "dco": 241,
          "txt": "full"
        },
        {
          "si": 3,
          "sti": 16,
          "dti": 51,
          "sco": 92,
          "dco": 246,
          "txt": "back"
        },
        {
          "si": 3,
          "sti": 17,
          "dti": 52,
          "sco": 97,
          "dco": 251,
          "txt": "Hassell"
        },
        {
          "si": 3,
          "sti": 18,
          "dti": 53,
          "sco": 105,
          "dco": 259,
          "txt": "from"
        },
        {
          "si": 3,
          "sti": 19,
          "dti": 54,
          "sco": 110,
          "dco": 264,
          "txt": "Mansfield"
        },
        {
          "si": 3,
          "sti": 20,
          "dti": 55,
          "sco": 120,
          "dco": 274,
          "txt": "Town"
        },
        {
          "si": 3,
          "sti": 21,
          "dti": 56,
          "sco": 125,
          "dco": 279,
          "txt": "in"
        },
        {
          "si": 3,
          "sti": 22,
          "dti": 57,
          "sco": 128,
          "dco": 282,
          "txt": "the"
        },
        {
          "si": 3,
          "sti": 23,
          "dti": 58,
          "sco": 132,
          "dco": 286,
          "txt": "summer"
        },
        {
          "si": 3,
          "sti": 24,
          "dti": 59,
          "sco": 139,
          "dco": 293,
          "txt": "of"
        },
        {
          "si": 3,
          "sti": 25,
          "dti": 60,
          "sco": 142,
          "dco": 296,
          "txt": "2004"
        },
        {
          "si": 3,
          "sti": 26,
          "dti": 61,
          "sco": 146,
          "dco": 300,
          "txt": "."
        },
        {
          "si": 4,
          "sti": 0,
          "dti": 62,
          "sco": 0,
          "dco": 302,
          "txt": "He"
        },
        {
          "si": 4,
          "sti": 1,
          "dti": 63,
          "sco": 3,
          "dco": 305,
          "txt": "failed"
        },
        {
          "si": 4,
          "sti": 2,
          "dti": 64,
          "sco": 10,
          "dco": 312,
          "txt": "to"
        },
        {
          "si": 4,
          "sti": 3,
          "dti": 65,
          "sco": 13,
          "dco": 315,
          "txt": "negotiate"
        },
        {
          "si": 4,
          "sti": 4,
          "dti": 66,
          "sco": 23,
          "dco": 325,
          "txt": "a"
        },
        {
          "si": 4,
          "sti": 5,
          "dti": 67,
          "sco": 25,
          "dco": 327,
          "txt": "new"
        },
        {
          "si": 4,
          "sti": 6,
          "dti": 68,
          "sco": 29,
          "dco": 331,
          "txt": "contract"
        },
        {
          "si": 4,
          "sti": 7,
          "dti": 69,
          "sco": 38,
          "dco": 340,
          "txt": "with"
        },
        {
          "si": 4,
          "sti": 8,
          "dti": 70,
          "sco": 43,
          "dco": 345,
          "txt": "Mansfield"
        },
        {
          "si": 4,
          "sti": 9,
          "dti": 71,
          "sco": 53,
          "dco": 355,
          "txt": "Town"
        },
        {
          "si": 4,
          "sti": 10,
          "dti": 72,
          "sco": 58,
          "dco": 360,
          "txt": "at"
        },
        {
          "si": 4,
          "sti": 11,
          "dti": 73,
          "sco": 61,
          "dco": 363,
          "txt": "the"
        },
        {
          "si": 4,
          "sti": 12,
          "dti": 74,
          "sco": 65,
          "dco": 367,
          "txt": "end"
        },
        {
          "si": 4,
          "sti": 13,
          "dti": 75,
          "sco": 69,
          "dco": 371,
          "txt": "of"
        },
        {
          "si": 4,
          "sti": 14,
          "dti": 76,
          "sco": 72,
          "dco": 374,
          "txt": "the"
        },
        {
          "si": 4,
          "sti": 15,
          "dti": 77,
          "sco": 76,
          "dco": 378,
          "txt": "2003"
        },
        {
          "si": 4,
          "sti": 16,
          "dti": 78,
          "sco": 80,
          "dco": 382,
          "txt": "–"
        },
        {
          "si": 4,
          "sti": 17,
          "dti": 79,
          "sco": 81,
          "dco": 383,
          "txt": "04"
        },
        {
          "si": 4,
          "sti": 18,
          "dti": 80,
          "sco": 84,
          "dco": 386,
          "txt": "season"
        },
        {
          "si": 4,
          "sti": 19,
          "dti": 81,
          "sco": 91,
          "dco": 393,
          "txt": "and"
        },
        {
          "si": 4,
          "sti": 20,
          "dti": 82,
          "sco": 95,
          "dco": 397,
          "txt": "completed"
        },
        {
          "si": 4,
          "sti": 21,
          "dti": 83,
          "sco": 105,
          "dco": 407,
          "txt": "his"
        },
        {
          "si": 4,
          "sti": 22,
          "dti": 84,
          "sco": 109,
          "dco": 411,
          "txt": "move"
        },
        {
          "si": 4,
          "sti": 23,
          "dti": 85,
          "sco": 114,
          "dco": 416,
          "txt": "to"
        },
        {
          "si": 4,
          "sti": 24,
          "dti": 86,
          "sco": 117,
          "dco": 419,
          "txt": "Oakwell"
        },
        {
          "si": 4,
          "sti": 25,
          "dti": 87,
          "sco": 125,
          "dco": 427,
          "txt": "on"
        },
        {
          "si": 4,
          "sti": 26,
          "dti": 88,
          "sco": 128,
          "dco": 430,
          "txt": "1"
        },
        {
          "si": 4,
          "sti": 27,
          "dti": 89,
          "sco": 130,
          "dco": 432,
          "txt": "July"
        },
        {
          "si": 4,
          "sti": 28,
          "dti": 90,
          "sco": 134,
          "dco": 436,
          "txt": "."
        },
        {
          "si": 5,
          "sti": 0,
          "dti": 91,
          "sco": 0,
          "dco": 438,
          "txt": "Hassell"
        },
        {
          "si": 5,
          "sti": 1,
          "dti": 92,
          "sco": 8,
          "dco": 446,
          "txt": "was"
        },
        {
          "si": 5,
          "sti": 2,
          "dti": 93,
          "sco": 12,
          "dco": 450,
          "txt": "excellent"
        },
        {
          "si": 5,
          "sti": 3,
          "dti": 94,
          "sco": 22,
          "dco": 460,
          "txt": "for"
        },
        {
          "si": 5,
          "sti": 4,
          "dti": 95,
          "sco": 26,
          "dco": 464,
          "txt": "Barnsley"
        },
        {
          "si": 5,
          "sti": 5,
          "dti": 96,
          "sco": 35,
          "dco": 473,
          "txt": "throughout"
        },
        {
          "si": 5,
          "sti": 6,
          "dti": 97,
          "sco": 46,
          "dco": 484,
          "txt": "the"
        },
        {
          "si": 5,
          "sti": 7,
          "dti": 98,
          "sco": 50,
          "dco": 488,
          "txt": "2004"
        },
        {
          "si": 5,
          "sti": 8,
          "dti": 99,
          "sco": 54,
          "dco": 492,
          "txt": "–"
        },
        {
          "si": 5,
          "sti": 9,
          "dti": 100,
          "sco": 55,
          "dco": 493,
          "txt": "05"
        },
        {
          "si": 5,
          "sti": 10,
          "dti": 101,
          "sco": 58,
          "dco": 496,
          "txt": "campaign"
        },
        {
          "si": 5,
          "sti": 11,
          "dti": 102,
          "sco": 67,
          "dco": 505,
          "txt": "and"
        },
        {
          "si": 5,
          "sti": 12,
          "dti": 103,
          "sco": 71,
          "dco": 509,
          "txt": "was"
        },
        {
          "si": 5,
          "sti": 13,
          "dti": 104,
          "sco": 75,
          "dco": 513,
          "txt": "a"
        },
        {
          "si": 5,
          "sti": 14,
          "dti": 105,
          "sco": 77,
          "dco": 515,
          "txt": "certain"
        },
        {
          "si": 5,
          "sti": 15,
          "dti": 106,
          "sco": 85,
          "dco": 523,
          "txt": "starter"
        },
        {
          "si": 5,
          "sti": 16,
          "dti": 107,
          "sco": 93,
          "dco": 531,
          "txt": "when"
        },
        {
          "si": 5,
          "sti": 17,
          "dti": 108,
          "sco": 98,
          "dco": 536,
          "txt": "fit"
        },
        {
          "si": 5,
          "sti": 18,
          "dti": 109,
          "sco": 101,
          "dco": 539,
          "txt": "."
        },
        {
          "si": 6,
          "sti": 0,
          "dti": 110,
          "sco": 0,
          "dco": 541,
          "txt": "He"
        },
        {
          "si": 6,
          "sti": 1,
          "dti": 111,
          "sco": 3,
          "dco": 544,
          "txt": "made"
        },
        {
          "si": 6,
          "sti": 2,
          "dti": 112,
          "sco": 8,
          "dco": 549,
          "txt": "43"
        },
        {
          "si": 6,
          "sti": 3,
          "dti": 113,
          "sco": 11,
          "dco": 552,
          "txt": "appearances"
        },
        {
          "si": 6,
          "sti": 4,
          "dti": 114,
          "sco": 23,
          "dco": 564,
          "txt": "throughout"
        },
        {
          "si": 6,
          "sti": 5,
          "dti": 115,
          "sco": 34,
          "dco": 575,
          "txt": "the"
        },
        {
          "si": 6,
          "sti": 6,
          "dti": 116,
          "sco": 38,
          "dco": 579,
          "txt": "campaign"
        },
        {
          "si": 6,
          "sti": 7,
          "dti": 117,
          "sco": 47,
          "dco": 588,
          "txt": "and"
        },
        {
          "si": 6,
          "sti": 8,
          "dti": 118,
          "sco": 51,
          "dco": 592,
          "txt": "put"
        },
        {
          "si": 6,
          "sti": 9,
          "dti": 119,
          "sco": 55,
          "dco": 596,
          "txt": "in"
        },
        {
          "si": 6,
          "sti": 10,
          "dti": 120,
          "sco": 58,
          "dco": 599,
          "txt": "some"
        },
        {
          "si": 6,
          "sti": 11,
          "dti": 121,
          "sco": 63,
          "dco": 604,
          "txt": "notable"
        },
        {
          "si": 6,
          "sti": 12,
          "dti": 122,
          "sco": 71,
          "dco": 612,
          "txt": "displays"
        },
        {
          "si": 6,
          "sti": 13,
          "dti": 123,
          "sco": 80,
          "dco": 621,
          "txt": "both"
        },
        {
          "si": 6,
          "sti": 14,
          "dti": 124,
          "sco": 85,
          "dco": 626,
          "txt": "at"
        },
        {
          "si": 6,
          "sti": 15,
          "dti": 125,
          "sco": 88,
          "dco": 629,
          "txt": "right"
        },
        {
          "si": 6,
          "sti": 16,
          "dti": 126,
          "sco": 94,
          "dco": 635,
          "txt": "back"
        },
        {
          "si": 6,
          "sti": 17,
          "dti": 127,
          "sco": 99,
          "dco": 640,
          "txt": "and"
        },
        {
          "si": 6,
          "sti": 18,
          "dti": 128,
          "sco": 103,
          "dco": 644,
          "txt": "in"
        },
        {
          "si": 6,
          "sti": 19,
          "dti": 129,
          "sco": 106,
          "dco": 647,
          "txt": "the"
        },
        {
          "si": 6,
          "sti": 20,
          "dti": 130,
          "sco": 110,
          "dco": 651,
          "txt": "middle"
        },
        {
          "si": 6,
          "sti": 21,
          "dti": 131,
          "sco": 117,
          "dco": 658,
          "txt": "of"
        },
        {
          "si": 6,
          "sti": 22,
          "dti": 132,
          "sco": 120,
          "dco": 661,
          "txt": "defence"
        },
        {
          "si": 6,
          "sti": 23,
          "dti": 133,
          "sco": 127,
          "dco": 668,
          "txt": "."
        },
        {
          "si": 7,
          "sti": 0,
          "dti": 134,
          "sco": 0,
          "dco": 670,
          "txt": "He"
        },
        {
          "si": 7,
          "sti": 1,
          "dti": 135,
          "sco": 3,
          "dco": 673,
          "txt": "missed"
        },
        {
          "si": 7,
          "sti": 2,
          "dti": 136,
          "sco": 10,
          "dco": 680,
          "txt": "parts"
        },
        {
          "si": 7,
          "sti": 3,
          "dti": 137,
          "sco": 16,
          "dco": 686,
          "txt": "of"
        },
        {
          "si": 7,
          "sti": 4,
          "dti": 138,
          "sco": 19,
          "dco": 689,
          "txt": "the"
        },
        {
          "si": 7,
          "sti": 5,
          "dti": 139,
          "sco": 23,
          "dco": 693,
          "txt": "2005"
        },
        {
          "si": 7,
          "sti": 6,
          "dti": 140,
          "sco": 27,
          "dco": 697,
          "txt": "–"
        },
        {
          "si": 7,
          "sti": 7,
          "dti": 141,
          "sco": 28,
          "dco": 698,
          "txt": "06"
        },
        {
          "si": 7,
          "sti": 8,
          "dti": 142,
          "sco": 31,
          "dco": 701,
          "txt": "campaign"
        },
        {
          "si": 7,
          "sti": 9,
          "dti": 143,
          "sco": 40,
          "dco": 710,
          "txt": "through"
        },
        {
          "si": 7,
          "sti": 10,
          "dti": 144,
          "sco": 48,
          "dco": 718,
          "txt": "injury"
        },
        {
          "si": 7,
          "sti": 11,
          "dti": 145,
          "sco": 55,
          "dco": 725,
          "txt": "he"
        },
        {
          "si": 7,
          "sti": 12,
          "dti": 146,
          "sco": 58,
          "dco": 728,
          "txt": "was"
        },
        {
          "si": 7,
          "sti": 13,
          "dti": 147,
          "sco": 62,
          "dco": 732,
          "txt": "in"
        },
        {
          "si": 7,
          "sti": 14,
          "dti": 148,
          "sco": 65,
          "dco": 735,
          "txt": "fine"
        },
        {
          "si": 7,
          "sti": 15,
          "dti": 149,
          "sco": 70,
          "dco": 740,
          "txt": "form"
        },
        {
          "si": 7,
          "sti": 16,
          "dti": 150,
          "sco": 75,
          "dco": 745,
          "txt": "whether"
        },
        {
          "si": 7,
          "sti": 17,
          "dti": 151,
          "sco": 83,
          "dco": 753,
          "txt": "at"
        },
        {
          "si": 7,
          "sti": 18,
          "dti": 152,
          "sco": 86,
          "dco": 756,
          "txt": "right"
        },
        {
          "si": 7,
          "sti": 19,
          "dti": 153,
          "sco": 92,
          "dco": 762,
          "txt": "back"
        },
        {
          "si": 7,
          "sti": 20,
          "dti": 154,
          "sco": 97,
          "dco": 767,
          "txt": "of"
        },
        {
          "si": 7,
          "sti": 21,
          "dti": 155,
          "sco": 100,
          "dco": 770,
          "txt": "in"
        },
        {
          "si": 7,
          "sti": 22,
          "dti": 156,
          "sco": 103,
          "dco": 773,
          "txt": "the"
        },
        {
          "si": 7,
          "sti": 23,
          "dti": 157,
          "sco": 107,
          "dco": 777,
          "txt": "middle"
        },
        {
          "si": 7,
          "sti": 24,
          "dti": 158,
          "sco": 114,
          "dco": 784,
          "txt": "of"
        },
        {
          "si": 7,
          "sti": 25,
          "dti": 159,
          "sco": 117,
          "dco": 787,
          "txt": "defence"
        },
        {
          "si": 7,
          "sti": 26,
          "dti": 160,
          "sco": 125,
          "dco": 795,
          "txt": "to"
        },
        {
          "si": 7,
          "sti": 27,
          "dti": 161,
          "sco": 128,
          "dco": 798,
          "txt": "help"
        },
        {
          "si": 7,
          "sti": 28,
          "dti": 162,
          "sco": 133,
          "dco": 803,
          "txt": "Barnsley"
        },
        {
          "si": 7,
          "sti": 29,
          "dti": 163,
          "sco": 142,
          "dco": 812,
          "txt": "gain"
        },
        {
          "si": 7,
          "sti": 30,
          "dti": 164,
          "sco": 147,
          "dco": 817,
          "txt": "promotion"
        },
        {
          "si": 7,
          "sti": 31,
          "dti": 165,
          "sco": 156,
          "dco": 826,
          "txt": "."
        },
        {
          "si": 8,
          "sti": 0,
          "dti": 166,
          "sco": 0,
          "dco": 828,
          "txt": "He"
        },
        {
          "si": 8,
          "sti": 1,
          "dti": 167,
          "sco": 3,
          "dco": 831,
          "txt": "then"
        },
        {
          "si": 8,
          "sti": 2,
          "dti": 168,
          "sco": 8,
          "dco": 836,
          "txt": "enjoyed"
        },
        {
          "si": 8,
          "sti": 3,
          "dti": 169,
          "sco": 16,
          "dco": 844,
          "txt": "another"
        },
        {
          "si": 8,
          "sti": 4,
          "dti": 170,
          "sco": 24,
          "dco": 852,
          "txt": "fine"
        },
        {
          "si": 8,
          "sti": 5,
          "dti": 171,
          "sco": 29,
          "dco": 857,
          "txt": "campaign"
        },
        {
          "si": 8,
          "sti": 6,
          "dti": 172,
          "sco": 38,
          "dco": 866,
          "txt": "during"
        },
        {
          "si": 8,
          "sti": 7,
          "dti": 173,
          "sco": 45,
          "dco": 873,
          "txt": "2006"
        },
        {
          "si": 8,
          "sti": 8,
          "dti": 174,
          "sco": 49,
          "dco": 877,
          "txt": "–"
        },
        {
          "si": 8,
          "sti": 9,
          "dti": 175,
          "sco": 50,
          "dco": 878,
          "txt": "07"
        },
        {
          "si": 8,
          "sti": 10,
          "dti": 176,
          "sco": 52,
          "dco": 880,
          "txt": ","
        },
        {
          "si": 8,
          "sti": 11,
          "dti": 177,
          "sco": 54,
          "dco": 882,
          "txt": "again"
        },
        {
          "si": 8,
          "sti": 12,
          "dti": 178,
          "sco": 60,
          "dco": 888,
          "txt": "in"
        },
        {
          "si": 8,
          "sti": 13,
          "dti": 179,
          "sco": 63,
          "dco": 891,
          "txt": "the"
        },
        {
          "si": 8,
          "sti": 14,
          "dti": 180,
          "sco": 67,
          "dco": 895,
          "txt": "running"
        },
        {
          "si": 8,
          "sti": 15,
          "dti": 181,
          "sco": 75,
          "dco": 903,
          "txt": "for"
        },
        {
          "si": 8,
          "sti": 16,
          "dti": 182,
          "sco": 79,
          "dco": 907,
          "txt": "all"
        },
        {
          "si": 8,
          "sti": 17,
          "dti": 183,
          "sco": 83,
          "dco": 911,
          "txt": "the"
        },
        {
          "si": 8,
          "sti": 18,
          "dti": 184,
          "sco": 87,
          "dco": 915,
          "txt": "end"
        },
        {
          "si": 8,
          "sti": 19,
          "dti": 185,
          "sco": 91,
          "dco": 919,
          "txt": "of"
        },
        {
          "si": 8,
          "sti": 20,
          "dti": 186,
          "sco": 94,
          "dco": 922,
          "txt": "season"
        },
        {
          "si": 8,
          "sti": 21,
          "dti": 187,
          "sco": 101,
          "dco": 929,
          "txt": "awards"
        },
        {
          "si": 8,
          "sti": 22,
          "dti": 188,
          "sco": 107,
          "dco": 935,
          "txt": ","
        },
        {
          "si": 8,
          "sti": 23,
          "dti": 189,
          "sco": 109,
          "dco": 937,
          "txt": "Hassell"
        },
        {
          "si": 8,
          "sti": 24,
          "dti": 190,
          "sco": 117,
          "dco": 945,
          "txt": "clocked"
        },
        {
          "si": 8,
          "sti": 25,
          "dti": 191,
          "sco": 125,
          "dco": 953,
          "txt": "up"
        },
        {
          "si": 8,
          "sti": 26,
          "dti": 192,
          "sco": 128,
          "dco": 956,
          "txt": "42"
        },
        {
          "si": 8,
          "sti": 27,
          "dti": 193,
          "sco": 131,
          "dco": 959,
          "txt": "appearances"
        },
        {
          "si": 8,
          "sti": 28,
          "dti": 194,
          "sco": 142,
          "dco": 970,
          "txt": ","
        },
        {
          "si": 8,
          "sti": 29,
          "dti": 195,
          "sco": 144,
          "dco": 972,
          "txt": "netting"
        },
        {
          "si": 8,
          "sti": 30,
          "dti": 196,
          "sco": 152,
          "dco": 980,
          "txt": "two"
        },
        {
          "si": 8,
          "sti": 31,
          "dti": 197,
          "sco": 156,
          "dco": 984,
          "txt": "goals"
        },
        {
          "si": 8,
          "sti": 32,
          "dti": 198,
          "sco": 161,
          "dco": 989,
          "txt": "."
        },
        {
          "si": 9,
          "sti": 0,
          "dti": 199,
          "sco": 0,
          "dco": 991,
          "txt": "He"
        },
        {
          "si": 9,
          "sti": 1,
          "dti": 200,
          "sco": 3,
          "dco": 994,
          "txt": "was"
        },
        {
          "si": 9,
          "sti": 2,
          "dti": 201,
          "sco": 7,
          "dco": 998,
          "txt": "named"
        },
        {
          "si": 9,
          "sti": 3,
          "dti": 202,
          "sco": 13,
          "dco": 1004,
          "txt": "Players"
        },
        {
          "si": 9,
          "sti": 4,
          "dti": 203,
          "sco": 20,
          "dco": 1011,
          "txt": "'"
        },
        {
          "si": 9,
          "sti": 5,
          "dti": 204,
          "sco": 22,
          "dco": 1013,
          "txt": "Player"
        },
        {
          "si": 9,
          "sti": 6,
          "dti": 205,
          "sco": 29,
          "dco": 1020,
          "txt": "of"
        },
        {
          "si": 9,
          "sti": 7,
          "dti": 206,
          "sco": 32,
          "dco": 1023,
          "txt": "the"
        },
        {
          "si": 9,
          "sti": 8,
          "dti": 207,
          "sco": 36,
          "dco": 1027,
          "txt": "Year"
        },
        {
          "si": 9,
          "sti": 9,
          "dti": 208,
          "sco": 40,
          "dco": 1031,
          "txt": ","
        },
        {
          "si": 9,
          "sti": 10,
          "dti": 209,
          "sco": 42,
          "dco": 1033,
          "txt": "Fans"
        },
        {
          "si": 9,
          "sti": 11,
          "dti": 210,
          "sco": 47,
          "dco": 1038,
          "txt": "Player"
        },
        {
          "si": 9,
          "sti": 12,
          "dti": 211,
          "sco": 54,
          "dco": 1045,
          "txt": "of"
        },
        {
          "si": 9,
          "sti": 13,
          "dti": 212,
          "sco": 57,
          "dco": 1048,
          "txt": "the"
        },
        {
          "si": 9,
          "sti": 14,
          "dti": 213,
          "sco": 61,
          "dco": 1052,
          "txt": "Year"
        },
        {
          "si": 9,
          "sti": 15,
          "dti": 214,
          "sco": 66,
          "dco": 1057,
          "txt": "and"
        },
        {
          "si": 9,
          "sti": 16,
          "dti": 215,
          "sco": 70,
          "dco": 1061,
          "txt": "Disabled"
        },
        {
          "si": 9,
          "sti": 17,
          "dti": 216,
          "sco": 79,
          "dco": 1070,
          "txt": "Supporters"
        },
        {
          "si": 9,
          "sti": 18,
          "dti": 217,
          "sco": 89,
          "dco": 1080,
          "txt": "'"
        },
        {
          "si": 9,
          "sti": 19,
          "dti": 218,
          "sco": 91,
          "dco": 1082,
          "txt": "Player"
        },
        {
          "si": 9,
          "sti": 20,
          "dti": 219,
          "sco": 98,
          "dco": 1089,
          "txt": "of"
        },
        {
          "si": 9,
          "sti": 21,
          "dti": 220,
          "sco": 101,
          "dco": 1092,
          "txt": "the"
        },
        {
          "si": 9,
          "sti": 22,
          "dti": 221,
          "sco": 105,
          "dco": 1096,
          "txt": "Year"
        },
        {
          "si": 9,
          "sti": 23,
          "dti": 222,
          "sco": 110,
          "dco": 1101,
          "txt": "for"
        },
        {
          "si": 9,
          "sti": 24,
          "dti": 223,
          "sco": 114,
          "dco": 1105,
          "txt": "the"
        },
        {
          "si": 9,
          "sti": 25,
          "dti": 224,
          "sco": 118,
          "dco": 1109,
          "txt": "2008"
        },
        {
          "si": 9,
          "sti": 26,
          "dti": 225,
          "sco": 122,
          "dco": 1113,
          "txt": "–"
        },
        {
          "si": 9,
          "sti": 27,
          "dti": 226,
          "sco": 123,
          "dco": 1114,
          "txt": "09"
        },
        {
          "si": 9,
          "sti": 28,
          "dti": 227,
          "sco": 126,
          "dco": 1117,
          "txt": "season"
        },
        {
          "si": 9,
          "sti": 29,
          "dti": 228,
          "sco": 132,
          "dco": 1123,
          "txt": "."
        },
        {
          "si": 10,
          "sti": 0,
          "dti": 229,
          "sco": 0,
          "dco": 1125,
          "txt": "When"
        },
        {
          "si": 10,
          "sti": 1,
          "dti": 230,
          "sco": 5,
          "dco": 1130,
          "txt": "Mark"
        },
        {
          "si": 10,
          "sti": 2,
          "dti": 231,
          "sco": 10,
          "dco": 1135,
          "txt": "Robins"
        },
        {
          "si": 10,
          "sti": 3,
          "dti": 232,
          "sco": 17,
          "dco": 1142,
          "txt": "joined"
        },
        {
          "si": 10,
          "sti": 4,
          "dti": 233,
          "sco": 24,
          "dco": 1149,
          "txt": "Barnsley"
        },
        {
          "si": 10,
          "sti": 5,
          "dti": 234,
          "sco": 33,
          "dco": 1158,
          "txt": "following"
        },
        {
          "si": 10,
          "sti": 6,
          "dti": 235,
          "sco": 43,
          "dco": 1168,
          "txt": "the"
        },
        {
          "si": 10,
          "sti": 7,
          "dti": 236,
          "sco": 47,
          "dco": 1172,
          "txt": "start"
        },
        {
          "si": 10,
          "sti": 8,
          "dti": 237,
          "sco": 53,
          "dco": 1178,
          "txt": "of"
        },
        {
          "si": 10,
          "sti": 9,
          "dti": 238,
          "sco": 56,
          "dco": 1181,
          "txt": "the"
        },
        {
          "si": 10,
          "sti": 10,
          "dti": 239,
          "sco": 60,
          "dco": 1185,
          "txt": "2009"
        },
        {
          "si": 10,
          "sti": 11,
          "dti": 240,
          "sco": 64,
          "dco": 1189,
          "txt": "/"
        },
        {
          "si": 10,
          "sti": 12,
          "dti": 241,
          "sco": 65,
          "dco": 1190,
          "txt": "2010"
        },
        {
          "si": 10,
          "sti": 13,
          "dti": 242,
          "sco": 70,
          "dco": 1195,
          "txt": "season"
        },
        {
          "si": 10,
          "sti": 14,
          "dti": 243,
          "sco": 76,
          "dco": 1201,
          "txt": ","
        },
        {
          "si": 10,
          "sti": 15,
          "dti": 244,
          "sco": 78,
          "dco": 1203,
          "txt": "Hassell"
        },
        {
          "si": 10,
          "sti": 16,
          "dti": 245,
          "sco": 86,
          "dco": 1211,
          "txt": "initially"
        },
        {
          "si": 10,
          "sti": 17,
          "dti": 246,
          "sco": 96,
          "dco": 1221,
          "txt": "dropped"
        },
        {
          "si": 10,
          "sti": 18,
          "dti": 247,
          "sco": 104,
          "dco": 1229,
          "txt": "out"
        },
        {
          "si": 10,
          "sti": 19,
          "dti": 248,
          "sco": 108,
          "dco": 1233,
          "txt": "of"
        },
        {
          "si": 10,
          "sti": 20,
          "dti": 249,
          "sco": 111,
          "dco": 1236,
          "txt": "the"
        },
        {
          "si": 10,
          "sti": 21,
          "dti": 250,
          "sco": 115,
          "dco": 1240,
          "txt": "team"
        },
        {
          "si": 10,
          "sti": 22,
          "dti": 251,
          "sco": 119,
          "dco": 1244,
          "txt": ","
        },
        {
          "si": 10,
          "sti": 23,
          "dti": 252,
          "sco": 121,
          "dco": 1246,
          "txt": "yet"
        },
        {
          "si": 10,
          "sti": 24,
          "dti": 253,
          "sco": 125,
          "dco": 1250,
          "txt": "soon"
        },
        {
          "si": 10,
          "sti": 25,
          "dti": 254,
          "sco": 130,
          "dco": 1255,
          "txt": "found"
        },
        {
          "si": 10,
          "sti": 26,
          "dti": 255,
          "sco": 136,
          "dco": 1261,
          "txt": "his"
        },
        {
          "si": 10,
          "sti": 27,
          "dti": 256,
          "sco": 140,
          "dco": 1265,
          "txt": "way"
        },
        {
          "si": 10,
          "sti": 28,
          "dti": 257,
          "sco": 144,
          "dco": 1269,
          "txt": "back"
        },
        {
          "si": 10,
          "sti": 29,
          "dti": 258,
          "sco": 149,
          "dco": 1274,
          "txt": "in"
        },
        {
          "si": 10,
          "sti": 30,
          "dti": 259,
          "sco": 152,
          "dco": 1277,
          "txt": "due"
        },
        {
          "si": 10,
          "sti": 31,
          "dti": 260,
          "sco": 156,
          "dco": 1281,
          "txt": "to"
        },
        {
          "si": 10,
          "sti": 32,
          "dti": 261,
          "sco": 159,
          "dco": 1284,
          "txt": "consistent"
        },
        {
          "si": 10,
          "sti": 33,
          "dti": 262,
          "sco": 170,
          "dco": 1295,
          "txt": "performances"
        },
        {
          "si": 10,
          "sti": 34,
          "dti": 263,
          "sco": 183,
          "dco": 1308,
          "txt": "and"
        },
        {
          "si": 10,
          "sti": 35,
          "dti": 264,
          "sco": 187,
          "dco": 1312,
          "txt": "a"
        },
        {
          "si": 10,
          "sti": 36,
          "dti": 265,
          "sco": 189,
          "dco": 1314,
          "txt": "high"
        },
        {
          "si": 10,
          "sti": 37,
          "dti": 266,
          "sco": 194,
          "dco": 1319,
          "txt": "work"
        },
        {
          "si": 10,
          "sti": 38,
          "dti": 267,
          "sco": 199,
          "dco": 1324,
          "txt": "rate"
        },
        {
          "si": 10,
          "sti": 39,
          "dti": 268,
          "sco": 203,
          "dco": 1328,
          "txt": "."
        },
        {
          "si": 11,
          "sti": 0,
          "dti": 269,
          "sco": 0,
          "dco": 1330,
          "txt": "Hassell"
        },
        {
          "si": 11,
          "sti": 1,
          "dti": 270,
          "sco": 8,
          "dco": 1338,
          "txt": "was"
        },
        {
          "si": 11,
          "sti": 2,
          "dti": 271,
          "sco": 12,
          "dco": 1342,
          "txt": "made"
        },
        {
          "si": 11,
          "sti": 3,
          "dti": 272,
          "sco": 17,
          "dco": 1347,
          "txt": "Barnsley"
        },
        {
          "si": 11,
          "sti": 4,
          "dti": 273,
          "sco": 26,
          "dco": 1356,
          "txt": "vice"
        },
        {
          "si": 11,
          "sti": 5,
          "dti": 274,
          "sco": 30,
          "dco": 1360,
          "txt": "-"
        },
        {
          "si": 11,
          "sti": 6,
          "dti": 275,
          "sco": 31,
          "dco": 1361,
          "txt": "captain"
        },
        {
          "si": 11,
          "sti": 7,
          "dti": 276,
          "sco": 39,
          "dco": 1369,
          "txt": "in"
        },
        {
          "si": 11,
          "sti": 8,
          "dti": 277,
          "sco": 42,
          "dco": 1372,
          "txt": "the"
        },
        {
          "si": 11,
          "sti": 9,
          "dti": 278,
          "sco": 46,
          "dco": 1376,
          "txt": "summer"
        },
        {
          "si": 11,
          "sti": 10,
          "dti": 279,
          "sco": 53,
          "dco": 1383,
          "txt": "of"
        },
        {
          "si": 11,
          "sti": 11,
          "dti": 280,
          "sco": 56,
          "dco": 1386,
          "txt": "2010"
        },
        {
          "si": 11,
          "sti": 12,
          "dti": 281,
          "sco": 61,
          "dco": 1391,
          "txt": "when"
        },
        {
          "si": 11,
          "sti": 13,
          "dti": 282,
          "sco": 66,
          "dco": 1396,
          "txt": "Mark"
        },
        {
          "si": 11,
          "sti": 14,
          "dti": 283,
          "sco": 71,
          "dco": 1401,
          "txt": "Robins"
        },
        {
          "si": 11,
          "sti": 15,
          "dti": 284,
          "sco": 78,
          "dco": 1408,
          "txt": "handed"
        },
        {
          "si": 11,
          "sti": 16,
          "dti": 285,
          "sco": 85,
          "dco": 1415,
          "txt": "the"
        },
        {
          "si": 11,
          "sti": 17,
          "dti": 286,
          "sco": 89,
          "dco": 1419,
          "txt": "captaincy"
        },
        {
          "si": 11,
          "sti": 18,
          "dti": 287,
          "sco": 99,
          "dco": 1429,
          "txt": "to"
        },
        {
          "si": 11,
          "sti": 19,
          "dti": 288,
          "sco": 102,
          "dco": 1432,
          "txt": "Jason"
        },
        {
          "si": 11,
          "sti": 20,
          "dti": 289,
          "sco": 108,
          "dco": 1438,
          "txt": "Shackell"
        },
        {
          "si": 11,
          "sti": 21,
          "dti": 290,
          "sco": 116,
          "dco": 1446,
          "txt": "."
        },
        {
          "si": 12,
          "sti": 0,
          "dti": 291,
          "sco": 0,
          "dco": 1448,
          "txt": "The"
        },
        {
          "si": 12,
          "sti": 1,
          "dti": 292,
          "sco": 4,
          "dco": 1452,
          "txt": "2010"
        },
        {
          "si": 12,
          "sti": 2,
          "dti": 293,
          "sco": 8,
          "dco": 1456,
          "txt": "/"
        },
        {
          "si": 12,
          "sti": 3,
          "dti": 294,
          "sco": 9,
          "dco": 1457,
          "txt": "2011"
        },
        {
          "si": 12,
          "sti": 4,
          "dti": 295,
          "sco": 14,
          "dco": 1462,
          "txt": "season"
        },
        {
          "si": 12,
          "sti": 5,
          "dti": 296,
          "sco": 21,
          "dco": 1469,
          "txt": "was"
        },
        {
          "si": 12,
          "sti": 6,
          "dti": 297,
          "sco": 25,
          "dco": 1473,
          "txt": "another"
        },
        {
          "si": 12,
          "sti": 7,
          "dti": 298,
          "sco": 33,
          "dco": 1481,
          "txt": "successful"
        },
        {
          "si": 12,
          "sti": 8,
          "dti": 299,
          "sco": 44,
          "dco": 1492,
          "txt": "one"
        },
        {
          "si": 12,
          "sti": 9,
          "dti": 300,
          "sco": 48,
          "dco": 1496,
          "txt": "for"
        },
        {
          "si": 12,
          "sti": 10,
          "dti": 301,
          "sco": 52,
          "dco": 1500,
          "txt": "Hassell"
        },
        {
          "si": 12,
          "sti": 11,
          "dti": 302,
          "sco": 60,
          "dco": 1508,
          "txt": "who"
        },
        {
          "si": 12,
          "sti": 12,
          "dti": 303,
          "sco": 64,
          "dco": 1512,
          "txt": "made"
        },
        {
          "si": 12,
          "sti": 13,
          "dti": 304,
          "sco": 69,
          "dco": 1517,
          "txt": "his"
        },
        {
          "si": 12,
          "sti": 14,
          "dti": 305,
          "sco": 73,
          "dco": 1521,
          "txt": "200"
        },
        {
          "si": 12,
          "sti": 15,
          "dti": 306,
          "sco": 76,
          "dco": 1524,
          "txt": "th"
        },
        {
          "si": 12,
          "sti": 16,
          "dti": 307,
          "sco": 79,
          "dco": 1527,
          "txt": "league"
        },
        {
          "si": 12,
          "sti": 17,
          "dti": 308,
          "sco": 86,
          "dco": 1534,
          "txt": "start"
        },
        {
          "si": 12,
          "sti": 18,
          "dti": 309,
          "sco": 92,
          "dco": 1540,
          "txt": "for"
        },
        {
          "si": 12,
          "sti": 19,
          "dti": 310,
          "sco": 96,
          "dco": 1544,
          "txt": "Barnsley"
        },
        {
          "si": 12,
          "sti": 20,
          "dti": 311,
          "sco": 105,
          "dco": 1553,
          "txt": "against"
        },
        {
          "si": 12,
          "sti": 21,
          "dti": 312,
          "sco": 113,
          "dco": 1561,
          "txt": "Millwall"
        },
        {
          "si": 12,
          "sti": 22,
          "dti": 313,
          "sco": 122,
          "dco": 1570,
          "txt": "in"
        },
        {
          "si": 12,
          "sti": 23,
          "dti": 314,
          "sco": 125,
          "dco": 1573,
          "txt": "January"
        },
        {
          "si": 12,
          "sti": 24,
          "dti": 315,
          "sco": 132,
          "dco": 1580,
          "txt": "."
        },
        {
          "si": 13,
          "sti": 0,
          "dti": 316,
          "sco": 0,
          "dco": 1582,
          "txt": "Keith"
        },
        {
          "si": 13,
          "sti": 1,
          "dti": 317,
          "sco": 6,
          "dco": 1588,
          "txt": "Hill"
        },
        {
          "si": 13,
          "sti": 2,
          "dti": 318,
          "sco": 11,
          "dco": 1593,
          "txt": "named"
        },
        {
          "si": 13,
          "sti": 3,
          "dti": 319,
          "sco": 17,
          "dco": 1599,
          "txt": "Hassell"
        },
        {
          "si": 13,
          "sti": 4,
          "dti": 320,
          "sco": 25,
          "dco": 1607,
          "txt": "as"
        },
        {
          "si": 13,
          "sti": 5,
          "dti": 321,
          "sco": 28,
          "dco": 1610,
          "txt": "club"
        },
        {
          "si": 13,
          "sti": 6,
          "dti": 322,
          "sco": 33,
          "dco": 1615,
          "txt": "captain"
        },
        {
          "si": 13,
          "sti": 7,
          "dti": 323,
          "sco": 41,
          "dco": 1623,
          "txt": "for"
        },
        {
          "si": 13,
          "sti": 8,
          "dti": 324,
          "sco": 45,
          "dco": 1627,
          "txt": "the"
        },
        {
          "si": 13,
          "sti": 9,
          "dti": 325,
          "sco": 49,
          "dco": 1631,
          "txt": "2011"
        },
        {
          "si": 13,
          "sti": 10,
          "dti": 326,
          "sco": 53,
          "dco": 1635,
          "txt": "/"
        },
        {
          "si": 13,
          "sti": 11,
          "dti": 327,
          "sco": 54,
          "dco": 1636,
          "txt": "2012"
        },
        {
          "si": 13,
          "sti": 12,
          "dti": 328,
          "sco": 59,
          "dco": 1641,
          "txt": "season"
        },
        {
          "si": 13,
          "sti": 13,
          "dti": 329,
          "sco": 65,
          "dco": 1647,
          "txt": "."
        },
        {
          "si": 14,
          "sti": 0,
          "dti": 330,
          "sco": 0,
          "dco": 1649,
          "txt": "Hassell"
        },
        {
          "si": 14,
          "sti": 1,
          "dti": 331,
          "sco": 8,
          "dco": 1657,
          "txt": "is"
        },
        {
          "si": 14,
          "sti": 2,
          "dti": 332,
          "sco": 11,
          "dco": 1660,
          "txt": "a"
        },
        {
          "si": 14,
          "sti": 3,
          "dti": 333,
          "sco": 13,
          "dco": 1662,
          "txt": "committed"
        },
        {
          "si": 14,
          "sti": 4,
          "dti": 334,
          "sco": 23,
          "dco": 1672,
          "txt": "Christian"
        },
        {
          "si": 14,
          "sti": 5,
          "dti": 335,
          "sco": 33,
          "dco": 1682,
          "txt": "and"
        },
        {
          "si": 14,
          "sti": 6,
          "dti": 336,
          "sco": 37,
          "dco": 1686,
          "txt": "he"
        },
        {
          "si": 14,
          "sti": 7,
          "dti": 337,
          "sco": 40,
          "dco": 1689,
          "txt": "credits"
        },
        {
          "si": 14,
          "sti": 8,
          "dti": 338,
          "sco": 48,
          "dco": 1697,
          "txt": "his"
        },
        {
          "si": 14,
          "sti": 9,
          "dti": 339,
          "sco": 52,
          "dco": 1701,
          "txt": "faith"
        },
        {
          "si": 14,
          "sti": 10,
          "dti": 340,
          "sco": 58,
          "dco": 1707,
          "txt": "as"
        },
        {
          "si": 14,
          "sti": 11,
          "dti": 341,
          "sco": 61,
          "dco": 1710,
          "txt": "helping"
        },
        {
          "si": 14,
          "sti": 12,
          "dti": 342,
          "sco": 69,
          "dco": 1718,
          "txt": "him"
        },
        {
          "si": 14,
          "sti": 13,
          "dti": 343,
          "sco": 73,
          "dco": 1722,
          "txt": "overcome"
        },
        {
          "si": 14,
          "sti": 14,
          "dti": 344,
          "sco": 82,
          "dco": 1731,
          "txt": "his"
        },
        {
          "si": 14,
          "sti": 15,
          "dti": 345,
          "sco": 86,
          "dco": 1735,
          "txt": "temper"
        },
        {
          "si": 14,
          "sti": 16,
          "dti": 346,
          "sco": 93,
          "dco": 1742,
          "txt": "and"
        },
        {
          "si": 14,
          "sti": 17,
          "dti": 347,
          "sco": 97,
          "dco": 1746,
          "txt": "giving"
        },
        {
          "si": 14,
          "sti": 18,
          "dti": 348,
          "sco": 104,
          "dco": 1753,
          "txt": "him"
        },
        {
          "si": 14,
          "sti": 19,
          "dti": 349,
          "sco": 108,
          "dco": 1757,
          "txt": "an"
        },
        {
          "si": 14,
          "sti": 20,
          "dti": 350,
          "sco": 111,
          "dco": 1760,
          "txt": "abundant"
        },
        {
          "si": 14,
          "sti": 21,
          "dti": 351,
          "sco": 120,
          "dco": 1769,
          "txt": "sense"
        },
        {
          "si": 14,
          "sti": 22,
          "dti": 352,
          "sco": 126,
          "dco": 1775,
          "txt": "of"
        },
        {
          "si": 14,
          "sti": 23,
          "dti": 353,
          "sco": 129,
          "dco": 1778,
          "txt": "peace"
        },
        {
          "si": 14,
          "sti": 24,
          "dti": 354,
          "sco": 134,
          "dco": 1783,
          "txt": "."
        },
        {
          "si": 15,
          "sti": 0,
          "dti": 355,
          "sco": 0,
          "dco": 1785,
          "txt": "Hassell"
        },
        {
          "si": 15,
          "sti": 1,
          "dti": 356,
          "sco": 8,
          "dco": 1793,
          "txt": "had"
        },
        {
          "si": 15,
          "sti": 2,
          "dti": 357,
          "sco": 12,
          "dco": 1797,
          "txt": "to"
        },
        {
          "si": 15,
          "sti": 3,
          "dti": 358,
          "sco": 15,
          "dco": 1800,
          "txt": "go"
        },
        {
          "si": 15,
          "sti": 4,
          "dti": 359,
          "sco": 18,
          "dco": 1803,
          "txt": "in"
        },
        {
          "si": 15,
          "sti": 5,
          "dti": 360,
          "sco": 21,
          "dco": 1806,
          "txt": "goal"
        },
        {
          "si": 15,
          "sti": 6,
          "dti": 361,
          "sco": 26,
          "dco": 1811,
          "txt": "in"
        },
        {
          "si": 15,
          "sti": 7,
          "dti": 362,
          "sco": 29,
          "dco": 1814,
          "txt": "a"
        },
        {
          "si": 15,
          "sti": 8,
          "dti": 363,
          "sco": 31,
          "dco": 1816,
          "txt": "League"
        },
        {
          "si": 15,
          "sti": 9,
          "dti": 364,
          "sco": 38,
          "dco": 1823,
          "txt": "Cup"
        },
        {
          "si": 15,
          "sti": 10,
          "dti": 365,
          "sco": 42,
          "dco": 1827,
          "txt": "tie"
        },
        {
          "si": 15,
          "sti": 11,
          "dti": 366,
          "sco": 46,
          "dco": 1831,
          "txt": "with"
        },
        {
          "si": 15,
          "sti": 12,
          "dti": 367,
          "sco": 51,
          "dco": 1836,
          "txt": "Rochdale"
        },
        {
          "si": 15,
          "sti": 13,
          "dti": 368,
          "sco": 60,
          "dco": 1845,
          "txt": "on"
        },
        {
          "si": 15,
          "sti": 14,
          "dti": 369,
          "sco": 63,
          "dco": 1848,
          "txt": "11"
        },
        {
          "si": 15,
          "sti": 15,
          "dti": 370,
          "sco": 66,
          "dco": 1851,
          "txt": "August"
        },
        {
          "si": 15,
          "sti": 16,
          "dti": 371,
          "sco": 73,
          "dco": 1858,
          "txt": "2012"
        },
        {
          "si": 15,
          "sti": 17,
          "dti": 372,
          "sco": 78,
          "dco": 1863,
          "txt": "after"
        },
        {
          "si": 15,
          "sti": 18,
          "dti": 373,
          "sco": 84,
          "dco": 1869,
          "txt": "Ben"
        },
        {
          "si": 15,
          "sti": 19,
          "dti": 374,
          "sco": 88,
          "dco": 1873,
          "txt": "Alnwick"
        },
        {
          "si": 15,
          "sti": 20,
          "dti": 375,
          "sco": 96,
          "dco": 1881,
          "txt": "was"
        },
        {
          "si": 15,
          "sti": 21,
          "dti": 376,
          "sco": 100,
          "dco": 1885,
          "txt": "sent"
        },
        {
          "si": 15,
          "sti": 22,
          "dti": 377,
          "sco": 105,
          "dco": 1890,
          "txt": "off"
        },
        {
          "si": 15,
          "sti": 23,
          "dti": 378,
          "sco": 109,
          "dco": 1894,
          "txt": "and"
        },
        {
          "si": 15,
          "sti": 24,
          "dti": 379,
          "sco": 113,
          "dco": 1898,
          "txt": "Barnsley"
        },
        {
          "si": 15,
          "sti": 25,
          "dti": 380,
          "sco": 122,
          "dco": 1907,
          "txt": "had"
        },
        {
          "si": 15,
          "sti": 26,
          "dti": 381,
          "sco": 126,
          "dco": 1911,
          "txt": "already"
        },
        {
          "si": 15,
          "sti": 27,
          "dti": 382,
          "sco": 134,
          "dco": 1919,
          "txt": "used"
        },
        {
          "si": 15,
          "sti": 28,
          "dti": 383,
          "sco": 139,
          "dco": 1924,
          "txt": "all"
        },
        {
          "si": 15,
          "sti": 29,
          "dti": 384,
          "sco": 143,
          "dco": 1928,
          "txt": "3"
        },
        {
          "si": 15,
          "sti": 30,
          "dti": 385,
          "sco": 145,
          "dco": 1930,
          "txt": "of"
        },
        {
          "si": 15,
          "sti": 31,
          "dti": 386,
          "sco": 148,
          "dco": 1933,
          "txt": "their"
        },
        {
          "si": 15,
          "sti": 32,
          "dti": 387,
          "sco": 154,
          "dco": 1939,
          "txt": "substitutions"
        },
        {
          "si": 15,
          "sti": 33,
          "dti": 388,
          "sco": 167,
          "dco": 1952,
          "txt": "."
        },
        {
          "si": 16,
          "sti": 0,
          "dti": 389,
          "sco": 0,
          "dco": 1954,
          "txt": "Bharat"
        },
        {
          "si": 16,
          "sti": 1,
          "dti": 390,
          "sco": 7,
          "dco": 1961,
          "txt": "FC"
        },
        {
          "si": 16,
          "sti": 2,
          "dti": 391,
          "sco": 9,
          "dco": 1963,
          "txt": "."
        },
        {
          "si": 17,
          "sti": 0,
          "dti": 392,
          "sco": 0,
          "dco": 1965,
          "txt": "In"
        },
        {
          "si": 17,
          "sti": 1,
          "dti": 393,
          "sco": 3,
          "dco": 1968,
          "txt": "December"
        },
        {
          "si": 17,
          "sti": 2,
          "dti": 394,
          "sco": 12,
          "dco": 1977,
          "txt": "2014"
        },
        {
          "si": 17,
          "sti": 3,
          "dti": 395,
          "sco": 16,
          "dco": 1981,
          "txt": ","
        },
        {
          "si": 17,
          "sti": 4,
          "dti": 396,
          "sco": 18,
          "dco": 1983,
          "txt": "Bobby"
        },
        {
          "si": 17,
          "sti": 5,
          "dti": 397,
          "sco": 24,
          "dco": 1989,
          "txt": "signed"
        },
        {
          "si": 17,
          "sti": 6,
          "dti": 398,
          "sco": 31,
          "dco": 1996,
          "txt": "for"
        },
        {
          "si": 17,
          "sti": 7,
          "dti": 399,
          "sco": 35,
          "dco": 2000,
          "txt": "new"
        },
        {
          "si": 17,
          "sti": 8,
          "dti": 400,
          "sco": 39,
          "dco": 2004,
          "txt": "I"
        },
        {
          "si": 17,
          "sti": 9,
          "dti": 401,
          "sco": 40,
          "dco": 2005,
          "txt": "-"
        },
        {
          "si": 17,
          "sti": 10,
          "dti": 402,
          "sco": 41,
          "dco": 2006,
          "txt": "League"
        },
        {
          "si": 17,
          "sti": 11,
          "dti": 403,
          "sco": 48,
          "dco": 2013,
          "txt": "team"
        },
        {
          "si": 17,
          "sti": 12,
          "dti": 404,
          "sco": 53,
          "dco": 2018,
          "txt": "Bharat"
        },
        {
          "si": 17,
          "sti": 13,
          "dti": 405,
          "sco": 60,
          "dco": 2025,
          "txt": "FC"
        },
        {
          "si": 17,
          "sti": 14,
          "dti": 406,
          "sco": 62,
          "dco": 2027,
          "txt": "."
        },
        {
          "si": 18,
          "sti": 0,
          "dti": 407,
          "sco": 0,
          "dco": 2029,
          "txt": "Hassell"
        },
        {
          "si": 18,
          "sti": 1,
          "dti": 408,
          "sco": 8,
          "dco": 2037,
          "txt": "played"
        },
        {
          "si": 18,
          "sti": 2,
          "dti": 409,
          "sco": 15,
          "dco": 2044,
          "txt": "the"
        },
        {
          "si": 18,
          "sti": 3,
          "dti": 410,
          "sco": 19,
          "dco": 2048,
          "txt": "first"
        },
        {
          "si": 18,
          "sti": 4,
          "dti": 411,
          "sco": 25,
          "dco": 2054,
          "txt": "ever"
        },
        {
          "si": 18,
          "sti": 5,
          "dti": 412,
          "sco": 30,
          "dco": 2059,
          "txt": "match"
        },
        {
          "si": 18,
          "sti": 6,
          "dti": 413,
          "sco": 36,
          "dco": 2065,
          "txt": "for"
        },
        {
          "si": 18,
          "sti": 7,
          "dti": 414,
          "sco": 40,
          "dco": 2069,
          "txt": "the"
        },
        {
          "si": 18,
          "sti": 8,
          "dti": 415,
          "sco": 44,
          "dco": 2073,
          "txt": "club"
        },
        {
          "si": 18,
          "sti": 9,
          "dti": 416,
          "sco": 49,
          "dco": 2078,
          "txt": "as"
        },
        {
          "si": 18,
          "sti": 10,
          "dti": 417,
          "sco": 52,
          "dco": 2081,
          "txt": "the"
        },
        {
          "si": 18,
          "sti": 11,
          "dti": 418,
          "sco": 56,
          "dco": 2085,
          "txt": "I"
        },
        {
          "si": 18,
          "sti": 12,
          "dti": 419,
          "sco": 57,
          "dco": 2086,
          "txt": "-"
        },
        {
          "si": 18,
          "sti": 13,
          "dti": 420,
          "sco": 58,
          "dco": 2087,
          "txt": "League"
        },
        {
          "si": 18,
          "sti": 14,
          "dti": 421,
          "sco": 65,
          "dco": 2094,
          "txt": "debutants"
        },
        {
          "si": 18,
          "sti": 15,
          "dti": 422,
          "sco": 75,
          "dco": 2104,
          "txt": "held"
        },
        {
          "si": 18,
          "sti": 16,
          "dti": 423,
          "sco": 80,
          "dco": 2109,
          "txt": "Dempo"
        },
        {
          "si": 18,
          "sti": 17,
          "dti": 424,
          "sco": 86,
          "dco": 2115,
          "txt": "to"
        },
        {
          "si": 18,
          "sti": 18,
          "dti": 425,
          "sco": 89,
          "dco": 2118,
          "txt": "a"
        },
        {
          "si": 18,
          "sti": 19,
          "dti": 426,
          "sco": 91,
          "dco": 2120,
          "txt": "goalless"
        },
        {
          "si": 18,
          "sti": 20,
          "dti": 427,
          "sco": 100,
          "dco": 2129,
          "txt": "draw"
        },
        {
          "si": 18,
          "sti": 21,
          "dti": 428,
          "sco": 104,
          "dco": 2133,
          "txt": "."
        }
      ]
    },
    "ganns": {
      "dla": [],
      "la": [],
      "ea": [],
      "eta": [
        {
          "ra": {
            "ea": {
              "etn": "Bobby_Hassell"
            }
          },
          "sfs": [
            [
              {
                "stn": "birthYear"
              },
              {
                "dla": {
                  "txt": {
                    "sff": "1980"
                  },
                  "et": {
                    "etn": "BirthYear"
                  },
                  "dp": {
                    "off": 64
                  }
                }
              }
            ],
            [
              {
                "stn": "deathYear"
              },
              {}
            ]
          ],
          "mfs": [
            [
              {
                "stn": "position"
              },
              {
                "dla": [],
                "la": [],
                "ea": [
                  {
                    "etn": "Defender_(association_football)"
                  }
                ],
                "eta": []
              }
            ],
            [
              {
                "stn": "team"
              },
              {
                "dla": [],
                "la": [],
                "ea": [
                  {
                    "etn": "Mansfield_Town_F.C."
                  },
                  {
                    "etn": "Barnsley_F.C."
                  }
                ],
                "eta": []
              }
            ],
            [
              {
                "stn": "birthPlace"
              },
              {
                "dla": [],
                "la": [],
                "ea": [
                  {
                    "etn": "Derby"
                  }
                ],
                "eta": []
              }
            ]
          ]
        }
      ]
    }
  }
]
