[
  {
    "context": "TRAIN",
    "doc": {
      "id": "Brima_Bangura",
      "tl": [
        {
          "si": 0,
          "sti": 0,
          "dti": 0,
          "sco": 0,
          "dco": 0,
          "txt": "Brima"
        },
        {
          "si": 0,
          "sti": 1,
          "dti": 1,
          "sco": 6,
          "dco": 6,
          "txt": "Bangura"
        },
        {
          "si": 0,
          "sti": 2,
          "dti": 2,
          "sco": 13,
          "dco": 13,
          "txt": "."
        },
        {
          "si": 1,
          "sti": 0,
          "dti": 3,
          "sco": 0,
          "dco": 15,
          "txt": "Brima"
        },
        {
          "si": 1,
          "sti": 1,
          "dti": 4,
          "sco": 6,
          "dco": 21,
          "txt": "Attouga"
        },
        {
          "si": 1,
          "sti": 2,
          "dti": 5,
          "sco": 14,
          "dco": 29,
          "txt": "Bangura"
        },
        {
          "si": 1,
          "sti": 3,
          "dti": 6,
          "sco": 22,
          "dco": 37,
          "txt": "("
        },
        {
          "si": 1,
          "sti": 4,
          "dti": 7,
          "sco": 23,
          "dco": 38,
          "txt": "born"
        },
        {
          "si": 1,
          "sti": 5,
          "dti": 8,
          "sco": 28,
          "dco": 43,
          "txt": "January"
        },
        {
          "si": 1,
          "sti": 6,
          "dti": 9,
          "sco": 36,
          "dco": 51,
          "txt": "27"
        },
        {
          "si": 1,
          "sti": 7,
          "dti": 10,
          "sco": 38,
          "dco": 53,
          "txt": ","
        },
        {
          "si": 1,
          "sti": 8,
          "dti": 11,
          "sco": 40,
          "dco": 55,
          "txt": "1981"
        },
        {
          "si": 1,
          "sti": 9,
          "dti": 12,
          "sco": 45,
          "dco": 60,
          "txt": "in"
        },
        {
          "si": 1,
          "sti": 10,
          "dti": 13,
          "sco": 48,
          "dco": 63,
          "txt": "Kenema"
        },
        {
          "si": 1,
          "sti": 11,
          "dti": 14,
          "sco": 54,
          "dco": 69,
          "txt": ","
        },
        {
          "si": 1,
          "sti": 12,
          "dti": 15,
          "sco": 56,
          "dco": 71,
          "txt": "Sierra"
        },
        {
          "si": 1,
          "sti": 13,
          "dti": 16,
          "sco": 63,
          "dco": 78,
          "txt": "Leone"
        },
        {
          "si": 1,
          "sti": 14,
          "dti": 17,
          "sco": 68,
          "dco": 83,
          "txt": ")"
        },
        {
          "si": 1,
          "sti": 15,
          "dti": 18,
          "sco": 70,
          "dco": 85,
          "txt": "is"
        },
        {
          "si": 1,
          "sti": 16,
          "dti": 19,
          "sco": 73,
          "dco": 88,
          "txt": "a"
        },
        {
          "si": 1,
          "sti": 17,
          "dti": 20,
          "sco": 75,
          "dco": 90,
          "txt": "Sierra"
        },
        {
          "si": 1,
          "sti": 18,
          "dti": 21,
          "sco": 82,
          "dco": 97,
          "txt": "Leonean"
        },
        {
          "si": 1,
          "sti": 19,
          "dti": 22,
          "sco": 90,
          "dco": 105,
          "txt": "international"
        },
        {
          "si": 1,
          "sti": 20,
          "dti": 23,
          "sco": 104,
          "dco": 119,
          "txt": "goalkeeper"
        },
        {
          "si": 1,
          "sti": 21,
          "dti": 24,
          "sco": 114,
          "dco": 129,
          "txt": "."
        },
        {
          "si": 2,
          "sti": 0,
          "dti": 25,
          "sco": 0,
          "dco": 131,
          "txt": "He"
        },
        {
          "si": 2,
          "sti": 1,
          "dti": 26,
          "sco": 3,
          "dco": 134,
          "txt": "is"
        },
        {
          "si": 2,
          "sti": 2,
          "dti": 27,
          "sco": 6,
          "dco": 137,
          "txt": "one"
        },
        {
          "si": 2,
          "sti": 3,
          "dti": 28,
          "sco": 10,
          "dco": 141,
          "txt": "of"
        },
        {
          "si": 2,
          "sti": 4,
          "dti": 29,
          "sco": 13,
          "dco": 144,
          "txt": "the"
        },
        {
          "si": 2,
          "sti": 5,
          "dti": 30,
          "sco": 17,
          "dco": 148,
          "txt": "best"
        },
        {
          "si": 2,
          "sti": 6,
          "dti": 31,
          "sco": 22,
          "dco": 153,
          "txt": "goalkeepers"
        },
        {
          "si": 2,
          "sti": 7,
          "dti": 32,
          "sco": 34,
          "dco": 165,
          "txt": "in"
        },
        {
          "si": 2,
          "sti": 8,
          "dti": 33,
          "sco": 37,
          "dco": 168,
          "txt": "Sierra"
        },
        {
          "si": 2,
          "sti": 9,
          "dti": 34,
          "sco": 44,
          "dco": 175,
          "txt": "Leone"
        },
        {
          "si": 2,
          "sti": 10,
          "dti": 35,
          "sco": 49,
          "dco": 180,
          "txt": "."
        },
        {
          "si": 2,
          "sti": 11,
          "dti": 36,
          "sco": 51,
          "dco": 182,
          "txt": "he"
        },
        {
          "si": 2,
          "sti": 12,
          "dti": 37,
          "sco": 54,
          "dco": 185,
          "txt": "plays"
        },
        {
          "si": 2,
          "sti": 13,
          "dti": 38,
          "sco": 60,
          "dco": 191,
          "txt": "for"
        },
        {
          "si": 2,
          "sti": 14,
          "dti": 39,
          "sco": 64,
          "dco": 195,
          "txt": "Ports"
        },
        {
          "si": 2,
          "sti": 15,
          "dti": 40,
          "sco": 70,
          "dco": 201,
          "txt": "Authority"
        },
        {
          "si": 2,
          "sti": 16,
          "dti": 41,
          "sco": 80,
          "dco": 211,
          "txt": "F"
        },
        {
          "si": 2,
          "sti": 17,
          "dti": 42,
          "sco": 81,
          "dco": 212,
          "txt": "."
        },
        {
          "si": 2,
          "sti": 18,
          "dti": 43,
          "sco": 82,
          "dco": 213,
          "txt": "C"
        },
        {
          "si": 2,
          "sti": 19,
          "dti": 44,
          "sco": 83,
          "dco": 214,
          "txt": "."
        },
        {
          "si": 2,
          "sti": 20,
          "dti": 45,
          "sco": 85,
          "dco": 216,
          "txt": "one"
        },
        {
          "si": 2,
          "sti": 21,
          "dti": 46,
          "sco": 89,
          "dco": 220,
          "txt": "of"
        },
        {
          "si": 2,
          "sti": 22,
          "dti": 47,
          "sco": 92,
          "dco": 223,
          "txt": "the"
        },
        {
          "si": 2,
          "sti": 23,
          "dti": 48,
          "sco": 96,
          "dco": 227,
          "txt": "top"
        },
        {
          "si": 2,
          "sti": 24,
          "dti": 49,
          "sco": 100,
          "dco": 231,
          "txt": "soccer"
        },
        {
          "si": 2,
          "sti": 25,
          "dti": 50,
          "sco": 107,
          "dco": 238,
          "txt": "clubs"
        },
        {
          "si": 2,
          "sti": 26,
          "dti": 51,
          "sco": 113,
          "dco": 244,
          "txt": "in"
        },
        {
          "si": 2,
          "sti": 27,
          "dti": 52,
          "sco": 116,
          "dco": 247,
          "txt": "Sierra"
        },
        {
          "si": 2,
          "sti": 28,
          "dti": 53,
          "sco": 123,
          "dco": 254,
          "txt": "Leone"
        },
        {
          "si": 2,
          "sti": 29,
          "dti": 54,
          "sco": 129,
          "dco": 260,
          "txt": "League"
        },
        {
          "si": 2,
          "sti": 30,
          "dti": 55,
          "sco": 136,
          "dco": 267,
          "txt": "Bangura"
        },
        {
          "si": 2,
          "sti": 31,
          "dti": 56,
          "sco": 144,
          "dco": 275,
          "txt": "was"
        },
        {
          "si": 2,
          "sti": 32,
          "dti": 57,
          "sco": 148,
          "dco": 279,
          "txt": "recruited"
        },
        {
          "si": 2,
          "sti": 33,
          "dti": 58,
          "sco": 158,
          "dco": 289,
          "txt": "into"
        },
        {
          "si": 2,
          "sti": 34,
          "dti": 59,
          "sco": 163,
          "dco": 294,
          "txt": "football"
        },
        {
          "si": 2,
          "sti": 35,
          "dti": 60,
          "sco": 172,
          "dco": 303,
          "txt": "by"
        },
        {
          "si": 2,
          "sti": 36,
          "dti": 61,
          "sco": 175,
          "dco": 306,
          "txt": "his"
        },
        {
          "si": 2,
          "sti": 37,
          "dti": 62,
          "sco": 179,
          "dco": 310,
          "txt": "late"
        },
        {
          "si": 2,
          "sti": 38,
          "dti": 63,
          "sco": 184,
          "dco": 315,
          "txt": "boss"
        },
        {
          "si": 2,
          "sti": 39,
          "dti": 64,
          "sco": 189,
          "dco": 320,
          "txt": "Brima"
        },
        {
          "si": 2,
          "sti": 40,
          "dti": 65,
          "sco": 195,
          "dco": 326,
          "txt": "Attouga"
        },
        {
          "si": 2,
          "sti": 41,
          "dti": 66,
          "sco": 203,
          "dco": 334,
          "txt": "Kamara"
        },
        {
          "si": 2,
          "sti": 42,
          "dti": 67,
          "sco": 209,
          "dco": 340,
          "txt": ","
        },
        {
          "si": 2,
          "sti": 43,
          "dti": 68,
          "sco": 211,
          "dco": 342,
          "txt": "a"
        },
        {
          "si": 2,
          "sti": 44,
          "dti": 69,
          "sco": 213,
          "dco": 344,
          "txt": "former"
        },
        {
          "si": 2,
          "sti": 45,
          "dti": 70,
          "sco": 220,
          "dco": 351,
          "txt": "goalkeeper"
        },
        {
          "si": 2,
          "sti": 46,
          "dti": 71,
          "sco": 231,
          "dco": 362,
          "txt": "for"
        },
        {
          "si": 2,
          "sti": 47,
          "dti": 72,
          "sco": 235,
          "dco": 366,
          "txt": "Sierra"
        },
        {
          "si": 2,
          "sti": 48,
          "dti": 73,
          "sco": 242,
          "dco": 373,
          "txt": "Leone"
        },
        {
          "si": 2,
          "sti": 49,
          "dti": 74,
          "sco": 248,
          "dco": 379,
          "txt": "national"
        },
        {
          "si": 2,
          "sti": 50,
          "dti": 75,
          "sco": 257,
          "dco": 388,
          "txt": "football"
        },
        {
          "si": 2,
          "sti": 51,
          "dti": 76,
          "sco": 266,
          "dco": 397,
          "txt": "team"
        },
        {
          "si": 2,
          "sti": 52,
          "dti": 77,
          "sco": 270,
          "dco": 401,
          "txt": "."
        },
        {
          "si": 3,
          "sti": 0,
          "dti": 78,
          "sco": 0,
          "dco": 403,
          "txt": "Having"
        },
        {
          "si": 3,
          "sti": 1,
          "dti": 79,
          "sco": 7,
          "dco": 410,
          "txt": "been"
        },
        {
          "si": 3,
          "sti": 2,
          "dti": 80,
          "sco": 12,
          "dco": 415,
          "txt": "initiated"
        },
        {
          "si": 3,
          "sti": 3,
          "dti": 81,
          "sco": 22,
          "dco": 425,
          "txt": "into"
        },
        {
          "si": 3,
          "sti": 4,
          "dti": 82,
          "sco": 27,
          "dco": 430,
          "txt": "football"
        },
        {
          "si": 3,
          "sti": 5,
          "dti": 83,
          "sco": 35,
          "dco": 438,
          "txt": ","
        },
        {
          "si": 3,
          "sti": 6,
          "dti": 84,
          "sco": 37,
          "dco": 440,
          "txt": "Bangura"
        },
        {
          "si": 3,
          "sti": 7,
          "dti": 85,
          "sco": 45,
          "dco": 448,
          "txt": "made"
        },
        {
          "si": 3,
          "sti": 8,
          "dti": 86,
          "sco": 50,
          "dco": 453,
          "txt": "a"
        },
        {
          "si": 3,
          "sti": 9,
          "dti": 87,
          "sco": 52,
          "dco": 455,
          "txt": "name"
        },
        {
          "si": 3,
          "sti": 10,
          "dti": 88,
          "sco": 57,
          "dco": 460,
          "txt": "for"
        },
        {
          "si": 3,
          "sti": 11,
          "dti": 89,
          "sco": 61,
          "dco": 464,
          "txt": "himself"
        },
        {
          "si": 3,
          "sti": 12,
          "dti": 90,
          "sco": 69,
          "dco": 472,
          "txt": "while"
        },
        {
          "si": 3,
          "sti": 13,
          "dti": 91,
          "sco": 75,
          "dco": 478,
          "txt": "playing"
        },
        {
          "si": 3,
          "sti": 14,
          "dti": 92,
          "sco": 83,
          "dco": 486,
          "txt": "in"
        },
        {
          "si": 3,
          "sti": 15,
          "dti": 93,
          "sco": 86,
          "dco": 489,
          "txt": "a"
        },
        {
          "si": 3,
          "sti": 16,
          "dti": 94,
          "sco": 88,
          "dco": 491,
          "txt": "series"
        },
        {
          "si": 3,
          "sti": 17,
          "dti": 95,
          "sco": 95,
          "dco": 498,
          "txt": "of"
        },
        {
          "si": 3,
          "sti": 18,
          "dti": 96,
          "sco": 98,
          "dco": 501,
          "txt": "junior"
        },
        {
          "si": 3,
          "sti": 19,
          "dti": 97,
          "sco": 105,
          "dco": 508,
          "txt": "league"
        },
        {
          "si": 3,
          "sti": 20,
          "dti": 98,
          "sco": 112,
          "dco": 515,
          "txt": "competitions"
        },
        {
          "si": 3,
          "sti": 21,
          "dti": 99,
          "sco": 125,
          "dco": 528,
          "txt": "played"
        },
        {
          "si": 3,
          "sti": 22,
          "dti": 100,
          "sco": 132,
          "dco": 535,
          "txt": "all"
        },
        {
          "si": 3,
          "sti": 23,
          "dti": 101,
          "sco": 136,
          "dco": 539,
          "txt": "over"
        },
        {
          "si": 3,
          "sti": 24,
          "dti": 102,
          "sco": 141,
          "dco": 544,
          "txt": "Freetown"
        },
        {
          "si": 3,
          "sti": 25,
          "dti": 103,
          "sco": 149,
          "dco": 552,
          "txt": "."
        },
        {
          "si": 4,
          "sti": 0,
          "dti": 104,
          "sco": 0,
          "dco": 554,
          "txt": "He"
        },
        {
          "si": 4,
          "sti": 1,
          "dti": 105,
          "sco": 3,
          "dco": 557,
          "txt": "won"
        },
        {
          "si": 4,
          "sti": 2,
          "dti": 106,
          "sco": 7,
          "dco": 561,
          "txt": "several"
        },
        {
          "si": 4,
          "sti": 3,
          "dti": 107,
          "sco": 15,
          "dco": 569,
          "txt": "best"
        },
        {
          "si": 4,
          "sti": 4,
          "dti": 108,
          "sco": 20,
          "dco": 574,
          "txt": "goalkeeper"
        },
        {
          "si": 4,
          "sti": 5,
          "dti": 109,
          "sco": 31,
          "dco": 585,
          "txt": "awards"
        },
        {
          "si": 4,
          "sti": 6,
          "dti": 110,
          "sco": 38,
          "dco": 592,
          "txt": "with"
        },
        {
          "si": 4,
          "sti": 7,
          "dti": 111,
          "sco": 43,
          "dco": 597,
          "txt": "youth"
        },
        {
          "si": 4,
          "sti": 8,
          "dti": 112,
          "sco": 49,
          "dco": 603,
          "txt": "clubs"
        },
        {
          "si": 4,
          "sti": 9,
          "dti": 113,
          "sco": 55,
          "dco": 609,
          "txt": "like"
        },
        {
          "si": 4,
          "sti": 10,
          "dti": 114,
          "sco": 60,
          "dco": 614,
          "txt": "Blackhall"
        },
        {
          "si": 4,
          "sti": 11,
          "dti": 115,
          "sco": 70,
          "dco": 624,
          "txt": "Strikers"
        },
        {
          "si": 4,
          "sti": 12,
          "dti": 116,
          "sco": 78,
          "dco": 632,
          "txt": ","
        },
        {
          "si": 4,
          "sti": 13,
          "dti": 117,
          "sco": 80,
          "dco": 634,
          "txt": "Junior"
        },
        {
          "si": 4,
          "sti": 14,
          "dti": 118,
          "sco": 87,
          "dco": 641,
          "txt": "Cenegal"
        },
        {
          "si": 4,
          "sti": 15,
          "dti": 119,
          "sco": 94,
          "dco": 648,
          "txt": ","
        },
        {
          "si": 4,
          "sti": 16,
          "dti": 120,
          "sco": 96,
          "dco": 650,
          "txt": "and"
        },
        {
          "si": 4,
          "sti": 17,
          "dti": 121,
          "sco": 100,
          "dco": 654,
          "txt": "Best"
        },
        {
          "si": 4,
          "sti": 18,
          "dti": 122,
          "sco": 105,
          "dco": 659,
          "txt": "Contractors"
        },
        {
          "si": 4,
          "sti": 19,
          "dti": 123,
          "sco": 116,
          "dco": 670,
          "txt": "."
        },
        {
          "si": 5,
          "sti": 0,
          "dti": 124,
          "sco": 0,
          "dco": 672,
          "txt": "In"
        },
        {
          "si": 5,
          "sti": 1,
          "dti": 125,
          "sco": 3,
          "dco": 675,
          "txt": "1992"
        },
        {
          "si": 5,
          "sti": 2,
          "dti": 126,
          "sco": 7,
          "dco": 679,
          "txt": ","
        },
        {
          "si": 5,
          "sti": 3,
          "dti": 127,
          "sco": 9,
          "dco": 681,
          "txt": "Brima"
        },
        {
          "si": 5,
          "sti": 4,
          "dti": 128,
          "sco": 15,
          "dco": 687,
          "txt": "Attouga"
        },
        {
          "si": 5,
          "sti": 5,
          "dti": 129,
          "sco": 23,
          "dco": 695,
          "txt": "Kamara"
        },
        {
          "si": 5,
          "sti": 6,
          "dti": 130,
          "sco": 30,
          "dco": 702,
          "txt": "brought"
        },
        {
          "si": 5,
          "sti": 7,
          "dti": 131,
          "sco": 38,
          "dco": 710,
          "txt": "him"
        },
        {
          "si": 5,
          "sti": 8,
          "dti": 132,
          "sco": 42,
          "dco": 714,
          "txt": "to"
        },
        {
          "si": 5,
          "sti": 9,
          "dti": 133,
          "sco": 45,
          "dco": 717,
          "txt": "Ports"
        },
        {
          "si": 5,
          "sti": 10,
          "dti": 134,
          "sco": 51,
          "dco": 723,
          "txt": "Authority"
        },
        {
          "si": 5,
          "sti": 11,
          "dti": 135,
          "sco": 61,
          "dco": 733,
          "txt": "youth"
        },
        {
          "si": 5,
          "sti": 12,
          "dti": 136,
          "sco": 67,
          "dco": 739,
          "txt": "team"
        },
        {
          "si": 5,
          "sti": 13,
          "dti": 137,
          "sco": 71,
          "dco": 743,
          "txt": "."
        },
        {
          "si": 6,
          "sti": 0,
          "dti": 138,
          "sco": 0,
          "dco": 745,
          "txt": "In"
        },
        {
          "si": 6,
          "sti": 1,
          "dti": 139,
          "sco": 3,
          "dco": 748,
          "txt": "1996"
        },
        {
          "si": 6,
          "sti": 2,
          "dti": 140,
          "sco": 7,
          "dco": 752,
          "txt": ","
        },
        {
          "si": 6,
          "sti": 3,
          "dti": 141,
          "sco": 9,
          "dco": 754,
          "txt": "he"
        },
        {
          "si": 6,
          "sti": 4,
          "dti": 142,
          "sco": 12,
          "dco": 757,
          "txt": "was"
        },
        {
          "si": 6,
          "sti": 5,
          "dti": 143,
          "sco": 16,
          "dco": 761,
          "txt": "promoted"
        },
        {
          "si": 6,
          "sti": 6,
          "dti": 144,
          "sco": 25,
          "dco": 770,
          "txt": "from"
        },
        {
          "si": 6,
          "sti": 7,
          "dti": 145,
          "sco": 30,
          "dco": 775,
          "txt": "the"
        },
        {
          "si": 6,
          "sti": 8,
          "dti": 146,
          "sco": 34,
          "dco": 779,
          "txt": "youth"
        },
        {
          "si": 6,
          "sti": 9,
          "dti": 147,
          "sco": 40,
          "dco": 785,
          "txt": "team"
        },
        {
          "si": 6,
          "sti": 10,
          "dti": 148,
          "sco": 45,
          "dco": 790,
          "txt": "to"
        },
        {
          "si": 6,
          "sti": 11,
          "dti": 149,
          "sco": 48,
          "dco": 793,
          "txt": "the"
        },
        {
          "si": 6,
          "sti": 12,
          "dti": 150,
          "sco": 52,
          "dco": 797,
          "txt": "senior"
        },
        {
          "si": 6,
          "sti": 13,
          "dti": 151,
          "sco": 59,
          "dco": 804,
          "txt": "squad"
        },
        {
          "si": 6,
          "sti": 14,
          "dti": 152,
          "sco": 64,
          "dco": 809,
          "txt": "."
        },
        {
          "si": 7,
          "sti": 0,
          "dti": 153,
          "sco": 0,
          "dco": 811,
          "txt": "In"
        },
        {
          "si": 7,
          "sti": 1,
          "dti": 154,
          "sco": 3,
          "dco": 814,
          "txt": "1997"
        },
        {
          "si": 7,
          "sti": 2,
          "dti": 155,
          "sco": 7,
          "dco": 818,
          "txt": ","
        },
        {
          "si": 7,
          "sti": 3,
          "dti": 156,
          "sco": 9,
          "dco": 820,
          "txt": "Bangura"
        },
        {
          "si": 7,
          "sti": 4,
          "dti": 157,
          "sco": 17,
          "dco": 828,
          "txt": "was"
        },
        {
          "si": 7,
          "sti": 5,
          "dti": 158,
          "sco": 21,
          "dco": 832,
          "txt": "outstanding"
        },
        {
          "si": 7,
          "sti": 6,
          "dti": 159,
          "sco": 33,
          "dco": 844,
          "txt": "in"
        },
        {
          "si": 7,
          "sti": 7,
          "dti": 160,
          "sco": 36,
          "dco": 847,
          "txt": "goal"
        },
        {
          "si": 7,
          "sti": 8,
          "dti": 161,
          "sco": 41,
          "dco": 852,
          "txt": "in"
        },
        {
          "si": 7,
          "sti": 9,
          "dti": 162,
          "sco": 44,
          "dco": 855,
          "txt": "an"
        },
        {
          "si": 7,
          "sti": 10,
          "dti": 163,
          "sco": 47,
          "dco": 858,
          "txt": "international"
        },
        {
          "si": 7,
          "sti": 11,
          "dti": 164,
          "sco": 61,
          "dco": 872,
          "txt": "friendly"
        },
        {
          "si": 7,
          "sti": 12,
          "dti": 165,
          "sco": 70,
          "dco": 881,
          "txt": "against"
        },
        {
          "si": 7,
          "sti": 13,
          "dti": 166,
          "sco": 78,
          "dco": 889,
          "txt": "a"
        },
        {
          "si": 7,
          "sti": 14,
          "dti": 167,
          "sco": 80,
          "dco": 891,
          "txt": "top"
        },
        {
          "si": 7,
          "sti": 15,
          "dti": 168,
          "sco": 84,
          "dco": 895,
          "txt": "Liberian"
        },
        {
          "si": 7,
          "sti": 16,
          "dti": 169,
          "sco": 93,
          "dco": 904,
          "txt": "side"
        },
        {
          "si": 7,
          "sti": 17,
          "dti": 170,
          "sco": 98,
          "dco": 909,
          "txt": "Invincible"
        },
        {
          "si": 7,
          "sti": 18,
          "dti": 171,
          "sco": 109,
          "dco": 920,
          "txt": "Eleven"
        },
        {
          "si": 7,
          "sti": 19,
          "dti": 172,
          "sco": 115,
          "dco": 926,
          "txt": "."
        },
        {
          "si": 8,
          "sti": 0,
          "dti": 173,
          "sco": 0,
          "dco": 928,
          "txt": "Since"
        },
        {
          "si": 8,
          "sti": 1,
          "dti": 174,
          "sco": 6,
          "dco": 934,
          "txt": "that"
        },
        {
          "si": 8,
          "sti": 2,
          "dti": 175,
          "sco": 11,
          "dco": 939,
          "txt": "match"
        },
        {
          "si": 8,
          "sti": 3,
          "dti": 176,
          "sco": 16,
          "dco": 944,
          "txt": ","
        },
        {
          "si": 8,
          "sti": 4,
          "dti": 177,
          "sco": 18,
          "dco": 946,
          "txt": "he"
        },
        {
          "si": 8,
          "sti": 5,
          "dti": 178,
          "sco": 21,
          "dco": 949,
          "txt": "has"
        },
        {
          "si": 8,
          "sti": 6,
          "dti": 179,
          "sco": 25,
          "dco": 953,
          "txt": "excelled"
        },
        {
          "si": 8,
          "sti": 7,
          "dti": 180,
          "sco": 34,
          "dco": 962,
          "txt": "as"
        },
        {
          "si": 8,
          "sti": 8,
          "dti": 181,
          "sco": 37,
          "dco": 965,
          "txt": "Ports"
        },
        {
          "si": 8,
          "sti": 9,
          "dti": 182,
          "sco": 43,
          "dco": 971,
          "txt": "Authority"
        },
        {
          "si": 8,
          "sti": 10,
          "dti": 183,
          "sco": 53,
          "dco": 981,
          "txt": "first"
        },
        {
          "si": 8,
          "sti": 11,
          "dti": 184,
          "sco": 59,
          "dco": 987,
          "txt": "choice"
        },
        {
          "si": 8,
          "sti": 12,
          "dti": 185,
          "sco": 66,
          "dco": 994,
          "txt": "goalkeeper"
        },
        {
          "si": 8,
          "sti": 13,
          "dti": 186,
          "sco": 76,
          "dco": 1004,
          "txt": ","
        },
        {
          "si": 8,
          "sti": 14,
          "dti": 187,
          "sco": 78,
          "dco": 1006,
          "txt": "and"
        },
        {
          "si": 8,
          "sti": 15,
          "dti": 188,
          "sco": 82,
          "dco": 1010,
          "txt": "as"
        },
        {
          "si": 8,
          "sti": 16,
          "dti": 189,
          "sco": 85,
          "dco": 1013,
          "txt": "well"
        },
        {
          "si": 8,
          "sti": 17,
          "dti": 190,
          "sco": 90,
          "dco": 1018,
          "txt": "as"
        },
        {
          "si": 8,
          "sti": 18,
          "dti": 191,
          "sco": 93,
          "dco": 1021,
          "txt": "one"
        },
        {
          "si": 8,
          "sti": 19,
          "dti": 192,
          "sco": 97,
          "dco": 1025,
          "txt": "of"
        },
        {
          "si": 8,
          "sti": 20,
          "dti": 193,
          "sco": 100,
          "dco": 1028,
          "txt": "the"
        },
        {
          "si": 8,
          "sti": 21,
          "dti": 194,
          "sco": 104,
          "dco": 1032,
          "txt": "best"
        },
        {
          "si": 8,
          "sti": 22,
          "dti": 195,
          "sco": 109,
          "dco": 1037,
          "txt": "goalkeepers"
        },
        {
          "si": 8,
          "sti": 23,
          "dti": 196,
          "sco": 121,
          "dco": 1049,
          "txt": "in"
        },
        {
          "si": 8,
          "sti": 24,
          "dti": 197,
          "sco": 124,
          "dco": 1052,
          "txt": "Sierra"
        },
        {
          "si": 8,
          "sti": 25,
          "dti": 198,
          "sco": 131,
          "dco": 1059,
          "txt": "Leone"
        },
        {
          "si": 8,
          "sti": 26,
          "dti": 199,
          "sco": 136,
          "dco": 1064,
          "txt": "."
        },
        {
          "si": 9,
          "sti": 0,
          "dti": 200,
          "sco": 0,
          "dco": 1066,
          "txt": "He"
        },
        {
          "si": 9,
          "sti": 1,
          "dti": 201,
          "sco": 3,
          "dco": 1069,
          "txt": "made"
        },
        {
          "si": 9,
          "sti": 2,
          "dti": 202,
          "sco": 8,
          "dco": 1074,
          "txt": "his"
        },
        {
          "si": 9,
          "sti": 3,
          "dti": 203,
          "sco": 12,
          "dco": 1078,
          "txt": "senior"
        },
        {
          "si": 9,
          "sti": 4,
          "dti": 204,
          "sco": 19,
          "dco": 1085,
          "txt": "debut"
        },
        {
          "si": 9,
          "sti": 5,
          "dti": 205,
          "sco": 25,
          "dco": 1091,
          "txt": "for"
        },
        {
          "si": 9,
          "sti": 6,
          "dti": 206,
          "sco": 29,
          "dco": 1095,
          "txt": "Sierra"
        },
        {
          "si": 9,
          "sti": 7,
          "dti": 207,
          "sco": 36,
          "dco": 1102,
          "txt": "Leone"
        },
        {
          "si": 9,
          "sti": 8,
          "dti": 208,
          "sco": 42,
          "dco": 1108,
          "txt": "in"
        },
        {
          "si": 9,
          "sti": 9,
          "dti": 209,
          "sco": 45,
          "dco": 1111,
          "txt": "1999"
        },
        {
          "si": 9,
          "sti": 10,
          "dti": 210,
          "sco": 49,
          "dco": 1115,
          "txt": "."
        }
      ]
    },
    "ganns": {
      "dla": [],
      "la": [],
      "ea": [],
      "eta": [
        {
          "ra": {
            "ea": {
              "etn": "Brima_Bangura"
            }
          },
          "sfs": [
            [
              {
                "stn": "birthYear"
              },
              {
                "dla": {
                  "txt": {
                    "sff": "1981"
                  },
                  "et": {
                    "etn": "BirthYear"
                  },
                  "dp": {
                    "off": 55
                  }
                }
              }
            ],
            [
              {
                "stn": "deathYear"
              },
              {}
            ]
          ],
          "mfs": [
            [
              {
                "stn": "birthPlaces"
              },
              {
                "dla": [],
                "la": [],
                "ea": [
                  {
                    "etn": "Sierra_Leone"
                  },
                  {
                    "etn": "Kenema"
                  }
                ],
                "eta": []
              }
            ],
            [
              {
                "stn": "teams"
              },
              {
                "dla": [],
                "la": [],
                "ea": [
                  {
                    "etn": "Sierra_Leone_national_football_team"
                  },
                  {
                    "etn": "Ports_Authority_F.C."
                  }
                ],
                "eta": []
              }
            ],
            [
              {
                "stn": "positions"
              },
              {
                "dla": [],
                "la": [],
                "ea": [
                  {
                    "etn": "Goalkeeper_(association_football)"
                  }
                ],
                "eta": []
              }
            ]
          ]
        }
      ]
    }
  }
]
