[
  {
    "context": "TRAIN",
    "doc": {
      "id": "Buenaventura_Ferreira",
      "tl": [
        {
          "si": 0,
          "sti": 0,
          "dti": 0,
          "sco": 0,
          "dco": 0,
          "txt": "Buenaventura"
        },
        {
          "si": 0,
          "sti": 1,
          "dti": 1,
          "sco": 13,
          "dco": 13,
          "txt": "Ferreira"
        },
        {
          "si": 0,
          "sti": 2,
          "dti": 2,
          "sco": 21,
          "dco": 21,
          "txt": "."
        },
        {
          "si": 1,
          "sti": 0,
          "dti": 3,
          "sco": 0,
          "dco": 23,
          "txt": "Buenaventura"
        },
        {
          "si": 1,
          "sti": 1,
          "dti": 4,
          "sco": 13,
          "dco": 36,
          "txt": "Ferreira"
        },
        {
          "si": 1,
          "sti": 2,
          "dti": 5,
          "sco": 22,
          "dco": 45,
          "txt": "G"
        },
        {
          "si": 1,
          "sti": 3,
          "dti": 6,
          "sco": 23,
          "dco": 46,
          "txt": "ó"
        },
        {
          "si": 1,
          "sti": 4,
          "dti": 7,
          "sco": 24,
          "dco": 47,
          "txt": "mez"
        },
        {
          "si": 1,
          "sti": 5,
          "dti": 8,
          "sco": 28,
          "dco": 51,
          "txt": "("
        },
        {
          "si": 1,
          "sti": 6,
          "dti": 9,
          "sco": 29,
          "dco": 52,
          "txt": "born"
        },
        {
          "si": 1,
          "sti": 7,
          "dti": 10,
          "sco": 34,
          "dco": 57,
          "txt": "4"
        },
        {
          "si": 1,
          "sti": 8,
          "dti": 11,
          "sco": 36,
          "dco": 59,
          "txt": "July"
        },
        {
          "si": 1,
          "sti": 9,
          "dti": 12,
          "sco": 41,
          "dco": 64,
          "txt": "1960"
        },
        {
          "si": 1,
          "sti": 10,
          "dti": 13,
          "sco": 46,
          "dco": 69,
          "txt": "in"
        },
        {
          "si": 1,
          "sti": 11,
          "dti": 14,
          "sco": 49,
          "dco": 72,
          "txt": "Coronel"
        },
        {
          "si": 1,
          "sti": 12,
          "dti": 15,
          "sco": 57,
          "dco": 80,
          "txt": "Oviedo"
        },
        {
          "si": 1,
          "sti": 13,
          "dti": 16,
          "sco": 63,
          "dco": 86,
          "txt": ")"
        },
        {
          "si": 1,
          "sti": 14,
          "dti": 17,
          "sco": 65,
          "dco": 88,
          "txt": "is"
        },
        {
          "si": 1,
          "sti": 15,
          "dti": 18,
          "sco": 68,
          "dco": 91,
          "txt": "a"
        },
        {
          "si": 1,
          "sti": 16,
          "dti": 19,
          "sco": 70,
          "dco": 93,
          "txt": "Paraguayan"
        },
        {
          "si": 1,
          "sti": 17,
          "dti": 20,
          "sco": 81,
          "dco": 104,
          "txt": "former"
        },
        {
          "si": 1,
          "sti": 18,
          "dti": 21,
          "sco": 88,
          "dco": 111,
          "txt": "football"
        },
        {
          "si": 1,
          "sti": 19,
          "dti": 22,
          "sco": 97,
          "dco": 120,
          "txt": "striker"
        },
        {
          "si": 1,
          "sti": 20,
          "dti": 23,
          "sco": 105,
          "dco": 128,
          "txt": "or"
        },
        {
          "si": 1,
          "sti": 21,
          "dti": 24,
          "sco": 108,
          "dco": 131,
          "txt": "midfielder"
        },
        {
          "si": 1,
          "sti": 22,
          "dti": 25,
          "sco": 118,
          "dco": 141,
          "txt": "."
        },
        {
          "si": 2,
          "sti": 0,
          "dti": 26,
          "sco": 0,
          "dco": 143,
          "txt": "He"
        },
        {
          "si": 2,
          "sti": 1,
          "dti": 27,
          "sco": 3,
          "dco": 146,
          "txt": "played"
        },
        {
          "si": 2,
          "sti": 2,
          "dti": 28,
          "sco": 10,
          "dco": 153,
          "txt": "his"
        },
        {
          "si": 2,
          "sti": 3,
          "dti": 29,
          "sco": 14,
          "dco": 157,
          "txt": "club"
        },
        {
          "si": 2,
          "sti": 4,
          "dti": 30,
          "sco": 19,
          "dco": 162,
          "txt": "football"
        },
        {
          "si": 2,
          "sti": 5,
          "dti": 31,
          "sco": 28,
          "dco": 171,
          "txt": "for"
        },
        {
          "si": 2,
          "sti": 6,
          "dti": 32,
          "sco": 32,
          "dco": 175,
          "txt": "Club"
        },
        {
          "si": 2,
          "sti": 7,
          "dti": 33,
          "sco": 37,
          "dco": 180,
          "txt": "Guaran"
        },
        {
          "si": 2,
          "sti": 8,
          "dti": 34,
          "sco": 43,
          "dco": 186,
          "txt": "í"
        },
        {
          "si": 2,
          "sti": 9,
          "dti": 35,
          "sco": 44,
          "dco": 187,
          "txt": ","
        },
        {
          "si": 2,
          "sti": 10,
          "dti": 36,
          "sco": 46,
          "dco": 189,
          "txt": "Deportivo"
        },
        {
          "si": 2,
          "sti": 11,
          "dti": 37,
          "sco": 56,
          "dco": 199,
          "txt": "Cali"
        },
        {
          "si": 2,
          "sti": 12,
          "dti": 38,
          "sco": 61,
          "dco": 204,
          "txt": "of"
        },
        {
          "si": 2,
          "sti": 13,
          "dti": 39,
          "sco": 64,
          "dco": 207,
          "txt": "Colombia"
        },
        {
          "si": 2,
          "sti": 14,
          "dti": 40,
          "sco": 72,
          "dco": 215,
          "txt": ","
        },
        {
          "si": 2,
          "sti": 15,
          "dti": 41,
          "sco": 74,
          "dco": 217,
          "txt": "Spain"
        },
        {
          "si": 2,
          "sti": 16,
          "dti": 42,
          "sco": 79,
          "dco": 222,
          "txt": "'"
        },
        {
          "si": 2,
          "sti": 17,
          "dti": 43,
          "sco": 80,
          "dco": 223,
          "txt": "s"
        },
        {
          "si": 2,
          "sti": 18,
          "dti": 44,
          "sco": 82,
          "dco": 225,
          "txt": "CE"
        },
        {
          "si": 2,
          "sti": 19,
          "dti": 45,
          "sco": 85,
          "dco": 228,
          "txt": "Sabadell"
        },
        {
          "si": 2,
          "sti": 20,
          "dti": 46,
          "sco": 94,
          "dco": 237,
          "txt": "FC"
        },
        {
          "si": 2,
          "sti": 21,
          "dti": 47,
          "sco": 97,
          "dco": 240,
          "txt": "and"
        },
        {
          "si": 2,
          "sti": 22,
          "dti": 48,
          "sco": 101,
          "dco": 244,
          "txt": "Bolivian"
        },
        {
          "si": 2,
          "sti": 23,
          "dti": 49,
          "sco": 110,
          "dco": 253,
          "txt": "side"
        },
        {
          "si": 2,
          "sti": 24,
          "dti": 50,
          "sco": 115,
          "dco": 258,
          "txt": "Oriente"
        },
        {
          "si": 2,
          "sti": 25,
          "dti": 51,
          "sco": 123,
          "dco": 266,
          "txt": "Petrolero"
        },
        {
          "si": 2,
          "sti": 26,
          "dti": 52,
          "sco": 132,
          "dco": 275,
          "txt": "."
        },
        {
          "si": 3,
          "sti": 0,
          "dti": 53,
          "sco": 0,
          "dco": 277,
          "txt": "He"
        },
        {
          "si": 3,
          "sti": 1,
          "dti": 54,
          "sco": 3,
          "dco": 280,
          "txt": "also"
        },
        {
          "si": 3,
          "sti": 2,
          "dti": 55,
          "sco": 8,
          "dco": 285,
          "txt": "played"
        },
        {
          "si": 3,
          "sti": 3,
          "dti": 56,
          "sco": 15,
          "dco": 292,
          "txt": "in"
        },
        {
          "si": 3,
          "sti": 4,
          "dti": 57,
          "sco": 18,
          "dco": 295,
          "txt": "Argentina"
        },
        {
          "si": 3,
          "sti": 5,
          "dti": 58,
          "sco": 28,
          "dco": 305,
          "txt": "for"
        },
        {
          "si": 3,
          "sti": 6,
          "dti": 59,
          "sco": 32,
          "dco": 309,
          "txt": "V"
        },
        {
          "si": 3,
          "sti": 7,
          "dti": 60,
          "sco": 33,
          "dco": 310,
          "txt": "é"
        },
        {
          "si": 3,
          "sti": 8,
          "dti": 61,
          "sco": 34,
          "dco": 311,
          "txt": "lez"
        },
        {
          "si": 3,
          "sti": 9,
          "dti": 62,
          "sco": 38,
          "dco": 315,
          "txt": "S"
        },
        {
          "si": 3,
          "sti": 10,
          "dti": 63,
          "sco": 39,
          "dco": 316,
          "txt": "á"
        },
        {
          "si": 3,
          "sti": 11,
          "dti": 64,
          "sco": 40,
          "dco": 317,
          "txt": "rsfield"
        },
        {
          "si": 3,
          "sti": 12,
          "dti": 65,
          "sco": 48,
          "dco": 325,
          "txt": "and"
        },
        {
          "si": 3,
          "sti": 13,
          "dti": 66,
          "sco": 52,
          "dco": 329,
          "txt": "Col"
        },
        {
          "si": 3,
          "sti": 14,
          "dti": 67,
          "sco": 55,
          "dco": 332,
          "txt": "ó"
        },
        {
          "si": 3,
          "sti": 15,
          "dti": 68,
          "sco": 56,
          "dco": 333,
          "txt": "n"
        },
        {
          "si": 3,
          "sti": 16,
          "dti": 69,
          "sco": 58,
          "dco": 335,
          "txt": "de"
        },
        {
          "si": 3,
          "sti": 17,
          "dti": 70,
          "sco": 61,
          "dco": 338,
          "txt": "Santa"
        },
        {
          "si": 3,
          "sti": 18,
          "dti": 71,
          "sco": 67,
          "dco": 344,
          "txt": "Fe"
        },
        {
          "si": 3,
          "sti": 19,
          "dti": 72,
          "sco": 69,
          "dco": 346,
          "txt": "."
        },
        {
          "si": 4,
          "sti": 0,
          "dti": 73,
          "sco": 0,
          "dco": 348,
          "txt": "Ferreira"
        },
        {
          "si": 4,
          "sti": 1,
          "dti": 74,
          "sco": 9,
          "dco": 357,
          "txt": "appeared"
        },
        {
          "si": 4,
          "sti": 2,
          "dti": 75,
          "sco": 18,
          "dco": 366,
          "txt": "as"
        },
        {
          "si": 4,
          "sti": 3,
          "dti": 76,
          "sco": 21,
          "dco": 369,
          "txt": "an"
        },
        {
          "si": 4,
          "sti": 4,
          "dti": 77,
          "sco": 24,
          "dco": 372,
          "txt": "international"
        },
        {
          "si": 4,
          "sti": 5,
          "dti": 78,
          "sco": 38,
          "dco": 386,
          "txt": "for"
        },
        {
          "si": 4,
          "sti": 6,
          "dti": 79,
          "sco": 42,
          "dco": 390,
          "txt": "Paraguay"
        },
        {
          "si": 4,
          "sti": 7,
          "dti": 80,
          "sco": 51,
          "dco": 399,
          "txt": "on"
        },
        {
          "si": 4,
          "sti": 8,
          "dti": 81,
          "sco": 54,
          "dco": 402,
          "txt": "several"
        },
        {
          "si": 4,
          "sti": 9,
          "dti": 82,
          "sco": 62,
          "dco": 410,
          "txt": "occasions"
        },
        {
          "si": 4,
          "sti": 10,
          "dti": 83,
          "sco": 71,
          "dco": 419,
          "txt": ","
        },
        {
          "si": 4,
          "sti": 11,
          "dti": 84,
          "sco": 73,
          "dco": 421,
          "txt": "and"
        },
        {
          "si": 4,
          "sti": 12,
          "dti": 85,
          "sco": 77,
          "dco": 425,
          "txt": "was"
        },
        {
          "si": 4,
          "sti": 13,
          "dti": 86,
          "sco": 81,
          "dco": 429,
          "txt": "part"
        },
        {
          "si": 4,
          "sti": 14,
          "dti": 87,
          "sco": 86,
          "dco": 434,
          "txt": "of"
        },
        {
          "si": 4,
          "sti": 15,
          "dti": 88,
          "sco": 89,
          "dco": 437,
          "txt": "the"
        },
        {
          "si": 4,
          "sti": 16,
          "dti": 89,
          "sco": 93,
          "dco": 441,
          "txt": "squad"
        },
        {
          "si": 4,
          "sti": 17,
          "dti": 90,
          "sco": 99,
          "dco": 447,
          "txt": "that"
        },
        {
          "si": 4,
          "sti": 18,
          "dti": 91,
          "sco": 104,
          "dco": 452,
          "txt": "participated"
        },
        {
          "si": 4,
          "sti": 19,
          "dti": 92,
          "sco": 117,
          "dco": 465,
          "txt": "in"
        },
        {
          "si": 4,
          "sti": 20,
          "dti": 93,
          "sco": 120,
          "dco": 468,
          "txt": "the"
        },
        {
          "si": 4,
          "sti": 21,
          "dti": 94,
          "sco": 124,
          "dco": 472,
          "txt": "1986"
        },
        {
          "si": 4,
          "sti": 22,
          "dti": 95,
          "sco": 129,
          "dco": 477,
          "txt": "FIFA"
        },
        {
          "si": 4,
          "sti": 23,
          "dti": 96,
          "sco": 134,
          "dco": 482,
          "txt": "World"
        },
        {
          "si": 4,
          "sti": 24,
          "dti": 97,
          "sco": 140,
          "dco": 488,
          "txt": "Cup"
        },
        {
          "si": 4,
          "sti": 25,
          "dti": 98,
          "sco": 143,
          "dco": 491,
          "txt": "."
        }
      ]
    },
    "ganns": {
      "dla": [],
      "la": [],
      "ea": [],
      "eta": [
        {
          "ra": {
            "ea": {
              "etn": "Buenaventura_Ferreira"
            }
          },
          "sfs": [
            [
              {
                "stn": "birthYear"
              },
              {
                "dla": {
                  "txt": {
                    "sff": "1960"
                  },
                  "et": {
                    "etn": "BirthYear"
                  },
                  "dp": {
                    "off": 64
                  }
                }
              }
            ],
            [
              {
                "stn": "deathYear"
              },
              {}
            ]
          ],
          "mfs": [
            [
              {
                "stn": "birthPlaces"
              },
              {
                "dla": [],
                "la": [],
                "ea": [
                  {
                    "etn": "Coronel_Oviedo"
                  },
                  {
                    "etn": "Paraguay"
                  }
                ],
                "eta": []
              }
            ],
            [
              {
                "stn": "teams"
              },
              {
                "dla": [],
                "la": [],
                "ea": [
                  {
                    "etn": "Paraguay_national_football_team"
                  }
                ],
                "eta": []
              }
            ],
            [
              {
                "stn": "positions"
              },
              {
                "dla": [],
                "la": [],
                "ea": [
                  {
                    "etn": "Midfielder"
                  }
                ],
                "eta": []
              }
            ]
          ]
        }
      ]
    }
  }
]
