[
  {
    "context": "DEVELOPMENT",
    "doc": {
      "id": "Can_Erdem",
      "tl": [
        {
          "si": 0,
          "sti": 0,
          "dti": 0,
          "sco": 0,
          "dco": 0,
          "txt": "Can"
        },
        {
          "si": 0,
          "sti": 1,
          "dti": 1,
          "sco": 4,
          "dco": 4,
          "txt": "Erdem"
        },
        {
          "si": 0,
          "sti": 2,
          "dti": 2,
          "sco": 9,
          "dco": 9,
          "txt": "."
        },
        {
          "si": 1,
          "sti": 0,
          "dti": 3,
          "sco": 0,
          "dco": 11,
          "txt": "Can"
        },
        {
          "si": 1,
          "sti": 1,
          "dti": 4,
          "sco": 4,
          "dco": 15,
          "txt": "Erdem"
        },
        {
          "si": 1,
          "sti": 2,
          "dti": 5,
          "sco": 10,
          "dco": 21,
          "txt": "("
        },
        {
          "si": 1,
          "sti": 3,
          "dti": 6,
          "sco": 11,
          "dco": 22,
          "txt": "born"
        },
        {
          "si": 1,
          "sti": 4,
          "dti": 7,
          "sco": 16,
          "dco": 27,
          "txt": "8"
        },
        {
          "si": 1,
          "sti": 5,
          "dti": 8,
          "sco": 18,
          "dco": 29,
          "txt": "June"
        },
        {
          "si": 1,
          "sti": 6,
          "dti": 9,
          "sco": 23,
          "dco": 34,
          "txt": "1987"
        },
        {
          "si": 1,
          "sti": 7,
          "dti": 10,
          "sco": 28,
          "dco": 39,
          "txt": "in"
        },
        {
          "si": 1,
          "sti": 8,
          "dti": 11,
          "sco": 31,
          "dco": 42,
          "txt": "Istanbul"
        },
        {
          "si": 1,
          "sti": 9,
          "dti": 12,
          "sco": 39,
          "dco": 50,
          "txt": ")"
        },
        {
          "si": 1,
          "sti": 10,
          "dti": 13,
          "sco": 41,
          "dco": 52,
          "txt": "is"
        },
        {
          "si": 1,
          "sti": 11,
          "dti": 14,
          "sco": 44,
          "dco": 55,
          "txt": "a"
        },
        {
          "si": 1,
          "sti": 12,
          "dti": 15,
          "sco": 46,
          "dco": 57,
          "txt": "Turkish"
        },
        {
          "si": 1,
          "sti": 13,
          "dti": 16,
          "sco": 54,
          "dco": 65,
          "txt": "footballer"
        },
        {
          "si": 1,
          "sti": 14,
          "dti": 17,
          "sco": 65,
          "dco": 76,
          "txt": "who"
        },
        {
          "si": 1,
          "sti": 15,
          "dti": 18,
          "sco": 69,
          "dco": 80,
          "txt": "currently"
        },
        {
          "si": 1,
          "sti": 16,
          "dti": 19,
          "sco": 79,
          "dco": 90,
          "txt": "plays"
        },
        {
          "si": 1,
          "sti": 17,
          "dti": 20,
          "sco": 85,
          "dco": 96,
          "txt": "as"
        },
        {
          "si": 1,
          "sti": 18,
          "dti": 21,
          "sco": 88,
          "dco": 99,
          "txt": "a"
        },
        {
          "si": 1,
          "sti": 19,
          "dti": 22,
          "sco": 90,
          "dco": 101,
          "txt": "striker"
        },
        {
          "si": 1,
          "sti": 20,
          "dti": 23,
          "sco": 98,
          "dco": 109,
          "txt": "for"
        },
        {
          "si": 1,
          "sti": 21,
          "dti": 24,
          "sco": 102,
          "dco": 113,
          "txt": "Sar"
        },
        {
          "si": 1,
          "sti": 22,
          "dti": 25,
          "sco": 105,
          "dco": 116,
          "txt": "ı"
        },
        {
          "si": 1,
          "sti": 23,
          "dti": 26,
          "sco": 106,
          "dco": 117,
          "txt": "yer"
        },
        {
          "si": 1,
          "sti": 24,
          "dti": 27,
          "sco": 110,
          "dco": 121,
          "txt": "SK"
        },
        {
          "si": 1,
          "sti": 25,
          "dti": 28,
          "sco": 112,
          "dco": 123,
          "txt": "."
        },
        {
          "si": 2,
          "sti": 0,
          "dti": 29,
          "sco": 0,
          "dco": 125,
          "txt": "Erdem"
        },
        {
          "si": 2,
          "sti": 1,
          "dti": 30,
          "sco": 6,
          "dco": 131,
          "txt": "had"
        },
        {
          "si": 2,
          "sti": 2,
          "dti": 31,
          "sco": 10,
          "dco": 135,
          "txt": "begun"
        },
        {
          "si": 2,
          "sti": 3,
          "dti": 32,
          "sco": 16,
          "dco": 141,
          "txt": "his"
        },
        {
          "si": 2,
          "sti": 4,
          "dti": 33,
          "sco": 20,
          "dco": 145,
          "txt": "career"
        },
        {
          "si": 2,
          "sti": 5,
          "dti": 34,
          "sco": 27,
          "dco": 152,
          "txt": "at"
        },
        {
          "si": 2,
          "sti": 6,
          "dti": 35,
          "sco": 30,
          "dco": 155,
          "txt": "a"
        },
        {
          "si": 2,
          "sti": 7,
          "dti": 36,
          "sco": 32,
          "dco": 157,
          "txt": "local"
        },
        {
          "si": 2,
          "sti": 8,
          "dti": 37,
          "sco": 38,
          "dco": 163,
          "txt": "club"
        },
        {
          "si": 2,
          "sti": 9,
          "dti": 38,
          "sco": 42,
          "dco": 167,
          "txt": ","
        },
        {
          "si": 2,
          "sti": 10,
          "dti": 39,
          "sco": 44,
          "dco": 169,
          "txt": "Alanya"
        },
        {
          "si": 2,
          "sti": 11,
          "dti": 40,
          "sco": 51,
          "dco": 176,
          "txt": "Belediyespor"
        },
        {
          "si": 2,
          "sti": 12,
          "dti": 41,
          "sco": 63,
          "dco": 188,
          "txt": ","
        },
        {
          "si": 2,
          "sti": 13,
          "dti": 42,
          "sco": 65,
          "dco": 190,
          "txt": "based"
        },
        {
          "si": 2,
          "sti": 14,
          "dti": 43,
          "sco": 71,
          "dco": 196,
          "txt": "in"
        },
        {
          "si": 2,
          "sti": 15,
          "dti": 44,
          "sco": 74,
          "dco": 199,
          "txt": "Antalya"
        },
        {
          "si": 2,
          "sti": 16,
          "dti": 45,
          "sco": 81,
          "dco": 206,
          "txt": "."
        },
        {
          "si": 3,
          "sti": 0,
          "dti": 46,
          "sco": 0,
          "dco": 208,
          "txt": "He"
        },
        {
          "si": 3,
          "sti": 1,
          "dti": 47,
          "sco": 3,
          "dco": 211,
          "txt": "was"
        },
        {
          "si": 3,
          "sti": 2,
          "dti": 48,
          "sco": 7,
          "dco": 215,
          "txt": "trained"
        },
        {
          "si": 3,
          "sti": 3,
          "dti": 49,
          "sco": 15,
          "dco": 223,
          "txt": "there"
        },
        {
          "si": 3,
          "sti": 4,
          "dti": 50,
          "sco": 21,
          "dco": 229,
          "txt": "until"
        },
        {
          "si": 3,
          "sti": 5,
          "dti": 51,
          "sco": 27,
          "dco": 235,
          "txt": "2005"
        },
        {
          "si": 3,
          "sti": 6,
          "dti": 52,
          "sco": 32,
          "dco": 240,
          "txt": "before"
        },
        {
          "si": 3,
          "sti": 7,
          "dti": 53,
          "sco": 39,
          "dco": 247,
          "txt": "joining"
        },
        {
          "si": 3,
          "sti": 8,
          "dti": 54,
          "sco": 47,
          "dco": 255,
          "txt": "Be"
        },
        {
          "si": 3,
          "sti": 9,
          "dti": 55,
          "sco": 49,
          "dco": 257,
          "txt": "ş"
        },
        {
          "si": 3,
          "sti": 10,
          "dti": 56,
          "sco": 50,
          "dco": 258,
          "txt": "ikta"
        },
        {
          "si": 3,
          "sti": 11,
          "dti": 57,
          "sco": 54,
          "dco": 262,
          "txt": "ş"
        },
        {
          "si": 3,
          "sti": 12,
          "dti": 58,
          "sco": 55,
          "dco": 263,
          "txt": "."
        },
        {
          "si": 4,
          "sti": 0,
          "dti": 59,
          "sco": 0,
          "dco": 265,
          "txt": "After"
        },
        {
          "si": 4,
          "sti": 1,
          "dti": 60,
          "sco": 6,
          "dco": 271,
          "txt": "a"
        },
        {
          "si": 4,
          "sti": 2,
          "dti": 61,
          "sco": 8,
          "dco": 273,
          "txt": "short"
        },
        {
          "si": 4,
          "sti": 3,
          "dti": 62,
          "sco": 14,
          "dco": 279,
          "txt": "spell"
        },
        {
          "si": 4,
          "sti": 4,
          "dti": 63,
          "sco": 19,
          "dco": 284,
          "txt": ","
        },
        {
          "si": 4,
          "sti": 5,
          "dti": 64,
          "sco": 21,
          "dco": 286,
          "txt": "he"
        },
        {
          "si": 4,
          "sti": 6,
          "dti": 65,
          "sco": 24,
          "dco": 289,
          "txt": "was"
        },
        {
          "si": 4,
          "sti": 7,
          "dti": 66,
          "sco": 28,
          "dco": 293,
          "txt": "promoted"
        },
        {
          "si": 4,
          "sti": 8,
          "dti": 67,
          "sco": 37,
          "dco": 302,
          "txt": "to"
        },
        {
          "si": 4,
          "sti": 9,
          "dti": 68,
          "sco": 40,
          "dco": 305,
          "txt": "senior"
        },
        {
          "si": 4,
          "sti": 10,
          "dti": 69,
          "sco": 47,
          "dco": 312,
          "txt": "squad"
        },
        {
          "si": 4,
          "sti": 11,
          "dti": 70,
          "sco": 53,
          "dco": 318,
          "txt": "by"
        },
        {
          "si": 4,
          "sti": 12,
          "dti": 71,
          "sco": 56,
          "dco": 321,
          "txt": "French"
        },
        {
          "si": 4,
          "sti": 13,
          "dti": 72,
          "sco": 63,
          "dco": 328,
          "txt": "manager"
        },
        {
          "si": 4,
          "sti": 14,
          "dti": 73,
          "sco": 71,
          "dco": 336,
          "txt": "Jean"
        },
        {
          "si": 4,
          "sti": 15,
          "dti": 74,
          "sco": 76,
          "dco": 341,
          "txt": "Tigana"
        },
        {
          "si": 4,
          "sti": 16,
          "dti": 75,
          "sco": 83,
          "dco": 348,
          "txt": "in"
        },
        {
          "si": 4,
          "sti": 17,
          "dti": 76,
          "sco": 86,
          "dco": 351,
          "txt": "2006"
        },
        {
          "si": 4,
          "sti": 18,
          "dti": 77,
          "sco": 90,
          "dco": 355,
          "txt": "."
        },
        {
          "si": 5,
          "sti": 0,
          "dti": 78,
          "sco": 0,
          "dco": 357,
          "txt": "Erdem"
        },
        {
          "si": 5,
          "sti": 1,
          "dti": 79,
          "sco": 6,
          "dco": 363,
          "txt": "then"
        },
        {
          "si": 5,
          "sti": 2,
          "dti": 80,
          "sco": 11,
          "dco": 368,
          "txt": "joined"
        },
        {
          "si": 5,
          "sti": 3,
          "dti": 81,
          "sco": 18,
          "dco": 375,
          "txt": "Kocaelispor"
        },
        {
          "si": 5,
          "sti": 4,
          "dti": 82,
          "sco": 30,
          "dco": 387,
          "txt": "on"
        },
        {
          "si": 5,
          "sti": 5,
          "dti": 83,
          "sco": 33,
          "dco": 390,
          "txt": "loan"
        },
        {
          "si": 5,
          "sti": 6,
          "dti": 84,
          "sco": 38,
          "dco": 395,
          "txt": "in"
        },
        {
          "si": 5,
          "sti": 7,
          "dti": 85,
          "sco": 41,
          "dco": 398,
          "txt": "the"
        },
        {
          "si": 5,
          "sti": 8,
          "dti": 86,
          "sco": 45,
          "dco": 402,
          "txt": "2007"
        },
        {
          "si": 5,
          "sti": 9,
          "dti": 87,
          "sco": 49,
          "dco": 406,
          "txt": "–"
        },
        {
          "si": 5,
          "sti": 10,
          "dti": 88,
          "sco": 50,
          "dco": 407,
          "txt": "08"
        },
        {
          "si": 5,
          "sti": 11,
          "dti": 89,
          "sco": 53,
          "dco": 410,
          "txt": "season"
        },
        {
          "si": 5,
          "sti": 12,
          "dti": 90,
          "sco": 59,
          "dco": 416,
          "txt": "."
        },
        {
          "si": 6,
          "sti": 0,
          "dti": 91,
          "sco": 0,
          "dco": 418,
          "txt": "At"
        },
        {
          "si": 6,
          "sti": 1,
          "dti": 92,
          "sco": 3,
          "dco": 421,
          "txt": "the"
        },
        {
          "si": 6,
          "sti": 2,
          "dti": 93,
          "sco": 7,
          "dco": 425,
          "txt": "end"
        },
        {
          "si": 6,
          "sti": 3,
          "dti": 94,
          "sco": 11,
          "dco": 429,
          "txt": "of"
        },
        {
          "si": 6,
          "sti": 4,
          "dti": 95,
          "sco": 14,
          "dco": 432,
          "txt": "the"
        },
        {
          "si": 6,
          "sti": 5,
          "dti": 96,
          "sco": 18,
          "dco": 436,
          "txt": "season"
        },
        {
          "si": 6,
          "sti": 6,
          "dti": 97,
          "sco": 24,
          "dco": 442,
          "txt": ","
        },
        {
          "si": 6,
          "sti": 7,
          "dti": 98,
          "sco": 26,
          "dco": 444,
          "txt": "Kocaelispor"
        },
        {
          "si": 6,
          "sti": 8,
          "dti": 99,
          "sco": 38,
          "dco": 456,
          "txt": "was"
        },
        {
          "si": 6,
          "sti": 9,
          "dti": 100,
          "sco": 42,
          "dco": 460,
          "txt": "promoted"
        },
        {
          "si": 6,
          "sti": 10,
          "dti": 101,
          "sco": 51,
          "dco": 469,
          "txt": "to"
        },
        {
          "si": 6,
          "sti": 11,
          "dti": 102,
          "sco": 54,
          "dco": 472,
          "txt": "the"
        },
        {
          "si": 6,
          "sti": 12,
          "dti": 103,
          "sco": 58,
          "dco": 476,
          "txt": "S"
        },
        {
          "si": 6,
          "sti": 13,
          "dti": 104,
          "sco": 59,
          "dco": 477,
          "txt": "ü"
        },
        {
          "si": 6,
          "sti": 14,
          "dti": 105,
          "sco": 60,
          "dco": 478,
          "txt": "per"
        },
        {
          "si": 6,
          "sti": 15,
          "dti": 106,
          "sco": 64,
          "dco": 482,
          "txt": "Lig"
        },
        {
          "si": 6,
          "sti": 16,
          "dti": 107,
          "sco": 67,
          "dco": 485,
          "txt": "."
        },
        {
          "si": 7,
          "sti": 0,
          "dti": 108,
          "sco": 0,
          "dco": 487,
          "txt": "In"
        },
        {
          "si": 7,
          "sti": 1,
          "dti": 109,
          "sco": 3,
          "dco": 490,
          "txt": "the"
        },
        {
          "si": 7,
          "sti": 2,
          "dti": 110,
          "sco": 7,
          "dco": 494,
          "txt": "2008"
        },
        {
          "si": 7,
          "sti": 3,
          "dti": 111,
          "sco": 11,
          "dco": 498,
          "txt": "–"
        },
        {
          "si": 7,
          "sti": 4,
          "dti": 112,
          "sco": 12,
          "dco": 499,
          "txt": "09"
        },
        {
          "si": 7,
          "sti": 5,
          "dti": 113,
          "sco": 15,
          "dco": 502,
          "txt": "season"
        },
        {
          "si": 7,
          "sti": 6,
          "dti": 114,
          "sco": 21,
          "dco": 508,
          "txt": ","
        },
        {
          "si": 7,
          "sti": 7,
          "dti": 115,
          "sco": 23,
          "dco": 510,
          "txt": "he"
        },
        {
          "si": 7,
          "sti": 8,
          "dti": 116,
          "sco": 26,
          "dco": 513,
          "txt": "returned"
        },
        {
          "si": 7,
          "sti": 9,
          "dti": 117,
          "sco": 35,
          "dco": 522,
          "txt": "Be"
        },
        {
          "si": 7,
          "sti": 10,
          "dti": 118,
          "sco": 37,
          "dco": 524,
          "txt": "ş"
        },
        {
          "si": 7,
          "sti": 11,
          "dti": 119,
          "sco": 38,
          "dco": 525,
          "txt": "ikta"
        },
        {
          "si": 7,
          "sti": 12,
          "dti": 120,
          "sco": 42,
          "dco": 529,
          "txt": "ş"
        },
        {
          "si": 7,
          "sti": 13,
          "dti": 121,
          "sco": 44,
          "dco": 531,
          "txt": "and"
        },
        {
          "si": 7,
          "sti": 14,
          "dti": 122,
          "sco": 48,
          "dco": 535,
          "txt": "began"
        },
        {
          "si": 7,
          "sti": 15,
          "dti": 123,
          "sco": 54,
          "dco": 541,
          "txt": "to"
        },
        {
          "si": 7,
          "sti": 16,
          "dti": 124,
          "sco": 57,
          "dco": 544,
          "txt": "train"
        },
        {
          "si": 7,
          "sti": 17,
          "dti": 125,
          "sco": 63,
          "dco": 550,
          "txt": "at"
        },
        {
          "si": 7,
          "sti": 18,
          "dti": 126,
          "sco": 66,
          "dco": 553,
          "txt": "senior"
        },
        {
          "si": 7,
          "sti": 19,
          "dti": 127,
          "sco": 73,
          "dco": 560,
          "txt": "squad"
        },
        {
          "si": 7,
          "sti": 20,
          "dti": 128,
          "sco": 79,
          "dco": 566,
          "txt": "again"
        },
        {
          "si": 7,
          "sti": 21,
          "dti": 129,
          "sco": 84,
          "dco": 571,
          "txt": ","
        },
        {
          "si": 7,
          "sti": 22,
          "dti": 130,
          "sco": 86,
          "dco": 573,
          "txt": "under"
        },
        {
          "si": 7,
          "sti": 23,
          "dti": 131,
          "sco": 92,
          "dco": 579,
          "txt": "manager"
        },
        {
          "si": 7,
          "sti": 24,
          "dti": 132,
          "sco": 100,
          "dco": 587,
          "txt": "Ertu"
        },
        {
          "si": 7,
          "sti": 25,
          "dti": 133,
          "sco": 104,
          "dco": 591,
          "txt": "ğ"
        },
        {
          "si": 7,
          "sti": 26,
          "dti": 134,
          "sco": 105,
          "dco": 592,
          "txt": "rul"
        },
        {
          "si": 7,
          "sti": 27,
          "dti": 135,
          "sco": 109,
          "dco": 596,
          "txt": "Sa"
        },
        {
          "si": 7,
          "sti": 28,
          "dti": 136,
          "sco": 111,
          "dco": 598,
          "txt": "ğ"
        },
        {
          "si": 7,
          "sti": 29,
          "dti": 137,
          "sco": 112,
          "dco": 599,
          "txt": "lam"
        },
        {
          "si": 7,
          "sti": 30,
          "dti": 138,
          "sco": 115,
          "dco": 602,
          "txt": "."
        },
        {
          "si": 8,
          "sti": 0,
          "dti": 139,
          "sco": 0,
          "dco": 604,
          "txt": "However"
        },
        {
          "si": 8,
          "sti": 1,
          "dti": 140,
          "sco": 7,
          "dco": 611,
          "txt": ","
        },
        {
          "si": 8,
          "sti": 2,
          "dti": 141,
          "sco": 9,
          "dco": 613,
          "txt": "he"
        },
        {
          "si": 8,
          "sti": 3,
          "dti": 142,
          "sco": 12,
          "dco": 616,
          "txt": "was"
        },
        {
          "si": 8,
          "sti": 4,
          "dti": 143,
          "sco": 16,
          "dco": 620,
          "txt": "loaned"
        },
        {
          "si": 8,
          "sti": 5,
          "dti": 144,
          "sco": 23,
          "dco": 627,
          "txt": "out"
        },
        {
          "si": 8,
          "sti": 6,
          "dti": 145,
          "sco": 27,
          "dco": 631,
          "txt": "to"
        },
        {
          "si": 8,
          "sti": 7,
          "dti": 146,
          "sco": 30,
          "dco": 634,
          "txt": "İ"
        },
        {
          "si": 8,
          "sti": 8,
          "dti": 147,
          "sco": 31,
          "dco": 635,
          "txt": "zmir"
        },
        {
          "si": 8,
          "sti": 9,
          "dti": 148,
          "sco": 36,
          "dco": 640,
          "txt": "club"
        },
        {
          "si": 8,
          "sti": 10,
          "dti": 149,
          "sco": 41,
          "dco": 645,
          "txt": "Altay"
        },
        {
          "si": 8,
          "sti": 11,
          "dti": 150,
          "sco": 46,
          "dco": 650,
          "txt": "."
        }
      ]
    },
    "ganns": {
      "dla": [],
      "la": [],
      "ea": [],
      "eta": [
        {
          "ra": {
            "ea": {
              "etn": "Can_Erdem"
            }
          },
          "sfs": [
            [
              {
                "stn": "birthYear"
              },
              {
                "dla": {
                  "txt": {
                    "sff": "1987"
                  },
                  "et": {
                    "etn": "BirthYear"
                  },
                  "dp": {
                    "off": 34
                  }
                }
              }
            ],
            [
              {
                "stn": "deathYear"
              },
              {}
            ]
          ],
          "mfs": [
            [
              {
                "stn": "birthPlaces"
              },
              {
                "dla": [],
                "la": [],
                "ea": [
                  {
                    "etn": "Turkey"
                  },
                  {
                    "etn": "Istanbul"
                  }
                ],
                "eta": []
              }
            ],
            [
              {
                "stn": "teams"
              },
              {
                "dla": [],
                "la": [],
                "ea": [
                  {
                    "etn": "Kocaelispor"
                  },
                  {
                    "etn": "Altay_S.K."
                  }
                ],
                "eta": []
              }
            ],
            [
              {
                "stn": "positions"
              },
              {
                "dla": [],
                "la": [],
                "ea": [
                  {
                    "etn": "Forward_(association_football)"
                  }
                ],
                "eta": []
              }
            ]
          ]
        }
      ]
    }
  }
]
