[
  {
    "context": "TEST",
    "doc": {
      "id": "Carlos_Lapetra",
      "tl": [
        {
          "si": 0,
          "sti": 0,
          "dti": 0,
          "sco": 0,
          "dco": 0,
          "txt": "Carlos"
        },
        {
          "si": 0,
          "sti": 1,
          "dti": 1,
          "sco": 7,
          "dco": 7,
          "txt": "Lapetra"
        },
        {
          "si": 0,
          "sti": 2,
          "dti": 2,
          "sco": 14,
          "dco": 14,
          "txt": "."
        },
        {
          "si": 1,
          "sti": 0,
          "dti": 3,
          "sco": 0,
          "dco": 16,
          "txt": "Carlos"
        },
        {
          "si": 1,
          "sti": 1,
          "dti": 4,
          "sco": 7,
          "dco": 23,
          "txt": "Lapetra"
        },
        {
          "si": 1,
          "sti": 2,
          "dti": 5,
          "sco": 15,
          "dco": 31,
          "txt": "Coarasa"
        },
        {
          "si": 1,
          "sti": 3,
          "dti": 6,
          "sco": 23,
          "dco": 39,
          "txt": "("
        },
        {
          "si": 1,
          "sti": 4,
          "dti": 7,
          "sco": 24,
          "dco": 40,
          "txt": "29"
        },
        {
          "si": 1,
          "sti": 5,
          "dti": 8,
          "sco": 27,
          "dco": 43,
          "txt": "November"
        },
        {
          "si": 1,
          "sti": 6,
          "dti": 9,
          "sco": 36,
          "dco": 52,
          "txt": "1938"
        },
        {
          "si": 1,
          "sti": 7,
          "dti": 10,
          "sco": 41,
          "dco": 57,
          "txt": "–"
        },
        {
          "si": 1,
          "sti": 8,
          "dti": 11,
          "sco": 43,
          "dco": 59,
          "txt": "24"
        },
        {
          "si": 1,
          "sti": 9,
          "dti": 12,
          "sco": 46,
          "dco": 62,
          "txt": "December"
        },
        {
          "si": 1,
          "sti": 10,
          "dti": 13,
          "sco": 55,
          "dco": 71,
          "txt": "1995"
        },
        {
          "si": 1,
          "sti": 11,
          "dti": 14,
          "sco": 59,
          "dco": 75,
          "txt": ")"
        },
        {
          "si": 1,
          "sti": 12,
          "dti": 15,
          "sco": 61,
          "dco": 77,
          "txt": "was"
        },
        {
          "si": 1,
          "sti": 13,
          "dti": 16,
          "sco": 65,
          "dco": 81,
          "txt": "a"
        },
        {
          "si": 1,
          "sti": 14,
          "dti": 17,
          "sco": 67,
          "dco": 83,
          "txt": "Spanish"
        },
        {
          "si": 1,
          "sti": 15,
          "dti": 18,
          "sco": 75,
          "dco": 91,
          "txt": "footballer"
        },
        {
          "si": 1,
          "sti": 16,
          "dti": 19,
          "sco": 86,
          "dco": 102,
          "txt": "who"
        },
        {
          "si": 1,
          "sti": 17,
          "dti": 20,
          "sco": 90,
          "dco": 106,
          "txt": "played"
        },
        {
          "si": 1,
          "sti": 18,
          "dti": 21,
          "sco": 97,
          "dco": 113,
          "txt": "as"
        },
        {
          "si": 1,
          "sti": 19,
          "dti": 22,
          "sco": 100,
          "dco": 116,
          "txt": "a"
        },
        {
          "si": 1,
          "sti": 20,
          "dti": 23,
          "sco": 102,
          "dco": 118,
          "txt": "forward"
        },
        {
          "si": 1,
          "sti": 21,
          "dti": 24,
          "sco": 109,
          "dco": 125,
          "txt": "."
        },
        {
          "si": 2,
          "sti": 0,
          "dti": 25,
          "sco": 0,
          "dco": 127,
          "txt": "He"
        },
        {
          "si": 2,
          "sti": 1,
          "dti": 26,
          "sco": 3,
          "dco": 130,
          "txt": "spent"
        },
        {
          "si": 2,
          "sti": 2,
          "dti": 27,
          "sco": 9,
          "dco": 136,
          "txt": "ten"
        },
        {
          "si": 2,
          "sti": 3,
          "dti": 28,
          "sco": 13,
          "dco": 140,
          "txt": "of"
        },
        {
          "si": 2,
          "sti": 4,
          "dti": 29,
          "sco": 16,
          "dco": 143,
          "txt": "his"
        },
        {
          "si": 2,
          "sti": 5,
          "dti": 30,
          "sco": 20,
          "dco": 147,
          "txt": "11"
        },
        {
          "si": 2,
          "sti": 6,
          "dti": 31,
          "sco": 23,
          "dco": 150,
          "txt": "years"
        },
        {
          "si": 2,
          "sti": 7,
          "dti": 32,
          "sco": 29,
          "dco": 156,
          "txt": "as"
        },
        {
          "si": 2,
          "sti": 8,
          "dti": 33,
          "sco": 32,
          "dco": 159,
          "txt": "a"
        },
        {
          "si": 2,
          "sti": 9,
          "dti": 34,
          "sco": 34,
          "dco": 161,
          "txt": "professional"
        },
        {
          "si": 2,
          "sti": 10,
          "dti": 35,
          "sco": 47,
          "dco": 174,
          "txt": "with"
        },
        {
          "si": 2,
          "sti": 11,
          "dti": 36,
          "sco": 52,
          "dco": 179,
          "txt": "Zaragoza"
        },
        {
          "si": 2,
          "sti": 12,
          "dti": 37,
          "sco": 60,
          "dco": 187,
          "txt": ","
        },
        {
          "si": 2,
          "sti": 13,
          "dti": 38,
          "sco": 62,
          "dco": 189,
          "txt": "appearing"
        },
        {
          "si": 2,
          "sti": 14,
          "dti": 39,
          "sco": 72,
          "dco": 199,
          "txt": "in"
        },
        {
          "si": 2,
          "sti": 15,
          "dti": 40,
          "sco": 75,
          "dco": 202,
          "txt": "279"
        },
        {
          "si": 2,
          "sti": 16,
          "dti": 41,
          "sco": 79,
          "dco": 206,
          "txt": "official"
        },
        {
          "si": 2,
          "sti": 17,
          "dti": 42,
          "sco": 88,
          "dco": 215,
          "txt": "games"
        },
        {
          "si": 2,
          "sti": 18,
          "dti": 43,
          "sco": 94,
          "dco": 221,
          "txt": "("
        },
        {
          "si": 2,
          "sti": 19,
          "dti": 44,
          "sco": 95,
          "dco": 222,
          "txt": "62"
        },
        {
          "si": 2,
          "sti": 20,
          "dti": 45,
          "sco": 98,
          "dco": 225,
          "txt": "goals"
        },
        {
          "si": 2,
          "sti": 21,
          "dti": 46,
          "sco": 103,
          "dco": 230,
          "txt": ")"
        },
        {
          "si": 2,
          "sti": 22,
          "dti": 47,
          "sco": 105,
          "dco": 232,
          "txt": "and"
        },
        {
          "si": 2,
          "sti": 23,
          "dti": 48,
          "sco": 109,
          "dco": 236,
          "txt": "winning"
        },
        {
          "si": 2,
          "sti": 24,
          "dti": 49,
          "sco": 117,
          "dco": 244,
          "txt": "three"
        },
        {
          "si": 2,
          "sti": 25,
          "dti": 50,
          "sco": 123,
          "dco": 250,
          "txt": "major"
        },
        {
          "si": 2,
          "sti": 26,
          "dti": 51,
          "sco": 129,
          "dco": 256,
          "txt": "titles"
        },
        {
          "si": 2,
          "sti": 27,
          "dti": 52,
          "sco": 136,
          "dco": 263,
          "txt": "with"
        },
        {
          "si": 2,
          "sti": 28,
          "dti": 53,
          "sco": 141,
          "dco": 268,
          "txt": "the"
        },
        {
          "si": 2,
          "sti": 29,
          "dti": 54,
          "sco": 145,
          "dco": 272,
          "txt": "club"
        },
        {
          "si": 2,
          "sti": 30,
          "dti": 55,
          "sco": 149,
          "dco": 276,
          "txt": "."
        },
        {
          "si": 3,
          "sti": 0,
          "dti": 56,
          "sco": 0,
          "dco": 278,
          "txt": "A"
        },
        {
          "si": 3,
          "sti": 1,
          "dti": 57,
          "sco": 2,
          "dco": 280,
          "txt": "Spanish"
        },
        {
          "si": 3,
          "sti": 2,
          "dti": 58,
          "sco": 10,
          "dco": 288,
          "txt": "international"
        },
        {
          "si": 3,
          "sti": 3,
          "dti": 59,
          "sco": 24,
          "dco": 302,
          "txt": "during"
        },
        {
          "si": 3,
          "sti": 4,
          "dti": 60,
          "sco": 31,
          "dco": 309,
          "txt": "the"
        },
        {
          "si": 3,
          "sti": 5,
          "dti": 61,
          "sco": 35,
          "dco": 313,
          "txt": "60"
        },
        {
          "si": 3,
          "sti": 6,
          "dti": 62,
          "sco": 37,
          "dco": 315,
          "txt": "s"
        },
        {
          "si": 3,
          "sti": 7,
          "dti": 63,
          "sco": 38,
          "dco": 316,
          "txt": ","
        },
        {
          "si": 3,
          "sti": 8,
          "dti": 64,
          "sco": 40,
          "dco": 318,
          "txt": "Lapetra"
        },
        {
          "si": 3,
          "sti": 9,
          "dti": 65,
          "sco": 48,
          "dco": 326,
          "txt": "represented"
        },
        {
          "si": 3,
          "sti": 10,
          "dti": 66,
          "sco": 60,
          "dco": 338,
          "txt": "the"
        },
        {
          "si": 3,
          "sti": 11,
          "dti": 67,
          "sco": 64,
          "dco": 342,
          "txt": "country"
        },
        {
          "si": 3,
          "sti": 12,
          "dti": 68,
          "sco": 72,
          "dco": 350,
          "txt": "at"
        },
        {
          "si": 3,
          "sti": 13,
          "dti": 69,
          "sco": 75,
          "dco": 353,
          "txt": "the"
        },
        {
          "si": 3,
          "sti": 14,
          "dti": 70,
          "sco": 79,
          "dco": 357,
          "txt": "1964"
        },
        {
          "si": 3,
          "sti": 15,
          "dti": 71,
          "sco": 84,
          "dco": 362,
          "txt": "European"
        },
        {
          "si": 3,
          "sti": 16,
          "dti": 72,
          "sco": 93,
          "dco": 371,
          "txt": "Nations"
        },
        {
          "si": 3,
          "sti": 17,
          "dti": 73,
          "sco": 100,
          "dco": 378,
          "txt": "'"
        },
        {
          "si": 3,
          "sti": 18,
          "dti": 74,
          "sco": 102,
          "dco": 380,
          "txt": "Cup"
        },
        {
          "si": 3,
          "sti": 19,
          "dti": 75,
          "sco": 106,
          "dco": 384,
          "txt": "and"
        },
        {
          "si": 3,
          "sti": 20,
          "dti": 76,
          "sco": 110,
          "dco": 388,
          "txt": "the"
        },
        {
          "si": 3,
          "sti": 21,
          "dti": 77,
          "sco": 114,
          "dco": 392,
          "txt": "1966"
        },
        {
          "si": 3,
          "sti": 22,
          "dti": 78,
          "sco": 119,
          "dco": 397,
          "txt": "World"
        },
        {
          "si": 3,
          "sti": 23,
          "dti": 79,
          "sco": 125,
          "dco": 403,
          "txt": "Cup"
        },
        {
          "si": 3,
          "sti": 24,
          "dti": 80,
          "sco": 128,
          "dco": 406,
          "txt": ","
        },
        {
          "si": 3,
          "sti": 25,
          "dti": 81,
          "sco": 130,
          "dco": 408,
          "txt": "winning"
        },
        {
          "si": 3,
          "sti": 26,
          "dti": 82,
          "sco": 138,
          "dco": 416,
          "txt": "the"
        },
        {
          "si": 3,
          "sti": 27,
          "dti": 83,
          "sco": 142,
          "dco": 420,
          "txt": "former"
        },
        {
          "si": 3,
          "sti": 28,
          "dti": 84,
          "sco": 149,
          "dco": 427,
          "txt": "tournament"
        },
        {
          "si": 3,
          "sti": 29,
          "dti": 85,
          "sco": 159,
          "dco": 437,
          "txt": "."
        },
        {
          "si": 4,
          "sti": 0,
          "dti": 86,
          "sco": 0,
          "dco": 439,
          "txt": "Club"
        },
        {
          "si": 4,
          "sti": 1,
          "dti": 87,
          "sco": 5,
          "dco": 444,
          "txt": "career"
        },
        {
          "si": 4,
          "sti": 2,
          "dti": 88,
          "sco": 11,
          "dco": 450,
          "txt": "."
        },
        {
          "si": 5,
          "sti": 0,
          "dti": 89,
          "sco": 0,
          "dco": 452,
          "txt": "Born"
        },
        {
          "si": 5,
          "sti": 1,
          "dti": 90,
          "sco": 5,
          "dco": 457,
          "txt": "in"
        },
        {
          "si": 5,
          "sti": 2,
          "dti": 91,
          "sco": 8,
          "dco": 460,
          "txt": "Zaragoza"
        },
        {
          "si": 5,
          "sti": 3,
          "dti": 92,
          "sco": 16,
          "dco": 468,
          "txt": ","
        },
        {
          "si": 5,
          "sti": 4,
          "dti": 93,
          "sco": 18,
          "dco": 470,
          "txt": "Aragon"
        },
        {
          "si": 5,
          "sti": 5,
          "dti": 94,
          "sco": 25,
          "dco": 477,
          "txt": "as"
        },
        {
          "si": 5,
          "sti": 6,
          "dti": 95,
          "sco": 28,
          "dco": 480,
          "txt": "his"
        },
        {
          "si": 5,
          "sti": 7,
          "dti": 96,
          "sco": 32,
          "dco": 484,
          "txt": "parents"
        },
        {
          "si": 5,
          "sti": 8,
          "dti": 97,
          "sco": 40,
          "dco": 492,
          "txt": "had"
        },
        {
          "si": 5,
          "sti": 9,
          "dti": 98,
          "sco": 44,
          "dco": 496,
          "txt": "relocated"
        },
        {
          "si": 5,
          "sti": 10,
          "dti": 99,
          "sco": 54,
          "dco": 506,
          "txt": "to"
        },
        {
          "si": 5,
          "sti": 11,
          "dti": 100,
          "sco": 57,
          "dco": 509,
          "txt": "the"
        },
        {
          "si": 5,
          "sti": 12,
          "dti": 101,
          "sco": 61,
          "dco": 513,
          "txt": "city"
        },
        {
          "si": 5,
          "sti": 13,
          "dti": 102,
          "sco": 66,
          "dco": 518,
          "txt": "from"
        },
        {
          "si": 5,
          "sti": 14,
          "dti": 103,
          "sco": 71,
          "dco": 523,
          "txt": "Huesca"
        },
        {
          "si": 5,
          "sti": 15,
          "dti": 104,
          "sco": 78,
          "dco": 530,
          "txt": "due"
        },
        {
          "si": 5,
          "sti": 16,
          "dti": 105,
          "sco": 82,
          "dco": 534,
          "txt": "to"
        },
        {
          "si": 5,
          "sti": 17,
          "dti": 106,
          "sco": 85,
          "dco": 537,
          "txt": "the"
        },
        {
          "si": 5,
          "sti": 18,
          "dti": 107,
          "sco": 89,
          "dco": 541,
          "txt": "Spanish"
        },
        {
          "si": 5,
          "sti": 19,
          "dti": 108,
          "sco": 97,
          "dco": 549,
          "txt": "Civil"
        },
        {
          "si": 5,
          "sti": 20,
          "dti": 109,
          "sco": 103,
          "dco": 555,
          "txt": "War"
        },
        {
          "si": 5,
          "sti": 21,
          "dti": 110,
          "sco": 106,
          "dco": 558,
          "txt": "."
        },
        {
          "si": 6,
          "sti": 0,
          "dti": 111,
          "sco": 0,
          "dco": 560,
          "txt": "After"
        },
        {
          "si": 6,
          "sti": 1,
          "dti": 112,
          "sco": 6,
          "dco": 566,
          "txt": "one"
        },
        {
          "si": 6,
          "sti": 2,
          "dti": 113,
          "sco": 10,
          "dco": 570,
          "txt": "year"
        },
        {
          "si": 6,
          "sti": 3,
          "dti": 114,
          "sco": 15,
          "dco": 575,
          "txt": "in"
        },
        {
          "si": 6,
          "sti": 4,
          "dti": 115,
          "sco": 18,
          "dco": 578,
          "txt": "the"
        },
        {
          "si": 6,
          "sti": 5,
          "dti": 116,
          "sco": 22,
          "dco": 582,
          "txt": "lower"
        },
        {
          "si": 6,
          "sti": 6,
          "dti": 117,
          "sco": 28,
          "dco": 588,
          "txt": "leagues"
        },
        {
          "si": 6,
          "sti": 7,
          "dti": 118,
          "sco": 36,
          "dco": 596,
          "txt": "with"
        },
        {
          "si": 6,
          "sti": 8,
          "dti": 119,
          "sco": 41,
          "dco": 601,
          "txt": "CD"
        },
        {
          "si": 6,
          "sti": 9,
          "dti": 120,
          "sco": 44,
          "dco": 604,
          "txt": "Guadalajara"
        },
        {
          "si": 6,
          "sti": 10,
          "dti": 121,
          "sco": 56,
          "dco": 616,
          "txt": "he"
        },
        {
          "si": 6,
          "sti": 11,
          "dti": 122,
          "sco": 59,
          "dco": 619,
          "txt": "moved"
        },
        {
          "si": 6,
          "sti": 12,
          "dti": 123,
          "sco": 65,
          "dco": 625,
          "txt": "to"
        },
        {
          "si": 6,
          "sti": 13,
          "dti": 124,
          "sco": 68,
          "dco": 628,
          "txt": "Real"
        },
        {
          "si": 6,
          "sti": 14,
          "dti": 125,
          "sco": 73,
          "dco": 633,
          "txt": "Zaragoza"
        },
        {
          "si": 6,
          "sti": 15,
          "dti": 126,
          "sco": 82,
          "dco": 642,
          "txt": "in"
        },
        {
          "si": 6,
          "sti": 16,
          "dti": 127,
          "sco": 85,
          "dco": 645,
          "txt": "1959"
        },
        {
          "si": 6,
          "sti": 17,
          "dti": 128,
          "sco": 89,
          "dco": 649,
          "txt": ","
        },
        {
          "si": 6,
          "sti": 18,
          "dti": 129,
          "sco": 91,
          "dco": 651,
          "txt": "remaining"
        },
        {
          "si": 6,
          "sti": 19,
          "dti": 130,
          "sco": 101,
          "dco": 661,
          "txt": "with"
        },
        {
          "si": 6,
          "sti": 20,
          "dti": 131,
          "sco": 106,
          "dco": 666,
          "txt": "the"
        },
        {
          "si": 6,
          "sti": 21,
          "dti": 132,
          "sco": 110,
          "dco": 670,
          "txt": "club"
        },
        {
          "si": 6,
          "sti": 22,
          "dti": 133,
          "sco": 115,
          "dco": 675,
          "txt": "until"
        },
        {
          "si": 6,
          "sti": 23,
          "dti": 134,
          "sco": 121,
          "dco": 681,
          "txt": "his"
        },
        {
          "si": 6,
          "sti": 24,
          "dti": 135,
          "sco": 125,
          "dco": 685,
          "txt": "retirement"
        },
        {
          "si": 6,
          "sti": 25,
          "dti": 136,
          "sco": 135,
          "dco": 695,
          "txt": "."
        },
        {
          "si": 7,
          "sti": 0,
          "dti": 137,
          "sco": 0,
          "dco": 697,
          "txt": "During"
        },
        {
          "si": 7,
          "sti": 1,
          "dti": 138,
          "sco": 7,
          "dco": 704,
          "txt": "his"
        },
        {
          "si": 7,
          "sti": 2,
          "dti": 139,
          "sco": 11,
          "dco": 708,
          "txt": "one"
        },
        {
          "si": 7,
          "sti": 3,
          "dti": 140,
          "sco": 14,
          "dco": 711,
          "txt": "-"
        },
        {
          "si": 7,
          "sti": 4,
          "dti": 141,
          "sco": 15,
          "dco": 712,
          "txt": "decade"
        },
        {
          "si": 7,
          "sti": 5,
          "dti": 142,
          "sco": 22,
          "dco": 719,
          "txt": "spell"
        },
        {
          "si": 7,
          "sti": 6,
          "dti": 143,
          "sco": 28,
          "dco": 725,
          "txt": "Lapetra"
        },
        {
          "si": 7,
          "sti": 7,
          "dti": 144,
          "sco": 36,
          "dco": 733,
          "txt": "was"
        },
        {
          "si": 7,
          "sti": 8,
          "dti": 145,
          "sco": 40,
          "dco": 737,
          "txt": "part"
        },
        {
          "si": 7,
          "sti": 9,
          "dti": 146,
          "sco": 45,
          "dco": 742,
          "txt": "of"
        },
        {
          "si": 7,
          "sti": 10,
          "dti": 147,
          "sco": 48,
          "dco": 745,
          "txt": "an"
        },
        {
          "si": 7,
          "sti": 11,
          "dti": 148,
          "sco": 51,
          "dco": 748,
          "txt": "offensive"
        },
        {
          "si": 7,
          "sti": 12,
          "dti": 149,
          "sco": 61,
          "dco": 758,
          "txt": "unit"
        },
        {
          "si": 7,
          "sti": 13,
          "dti": 150,
          "sco": 66,
          "dco": 763,
          "txt": "that"
        },
        {
          "si": 7,
          "sti": 14,
          "dti": 151,
          "sco": 71,
          "dco": 768,
          "txt": "also"
        },
        {
          "si": 7,
          "sti": 15,
          "dti": 152,
          "sco": 76,
          "dco": 773,
          "txt": "featured"
        },
        {
          "si": 7,
          "sti": 16,
          "dti": 153,
          "sco": 85,
          "dco": 782,
          "txt": "Can"
        },
        {
          "si": 7,
          "sti": 17,
          "dti": 154,
          "sco": 88,
          "dco": 785,
          "txt": "á"
        },
        {
          "si": 7,
          "sti": 18,
          "dti": 155,
          "sco": 89,
          "dco": 786,
          "txt": "rio"
        },
        {
          "si": 7,
          "sti": 19,
          "dti": 156,
          "sco": 92,
          "dco": 789,
          "txt": ","
        },
        {
          "si": 7,
          "sti": 20,
          "dti": 157,
          "sco": 94,
          "dco": 791,
          "txt": "Marcelino"
        },
        {
          "si": 7,
          "sti": 21,
          "dti": 158,
          "sco": 103,
          "dco": 800,
          "txt": ","
        },
        {
          "si": 7,
          "sti": 22,
          "dti": 159,
          "sco": 105,
          "dco": 802,
          "txt": "Eleuterio"
        },
        {
          "si": 7,
          "sti": 23,
          "dti": 160,
          "sco": 115,
          "dco": 812,
          "txt": "Santos"
        },
        {
          "si": 7,
          "sti": 24,
          "dti": 161,
          "sco": 122,
          "dco": 819,
          "txt": "and"
        },
        {
          "si": 7,
          "sti": 25,
          "dti": 162,
          "sco": 126,
          "dco": 823,
          "txt": "Juan"
        },
        {
          "si": 7,
          "sti": 26,
          "dti": 163,
          "sco": 131,
          "dco": 828,
          "txt": "Manuel"
        },
        {
          "si": 7,
          "sti": 27,
          "dti": 164,
          "sco": 138,
          "dco": 835,
          "txt": "Villa"
        },
        {
          "si": 7,
          "sti": 28,
          "dti": 165,
          "sco": 143,
          "dco": 840,
          "txt": ","
        },
        {
          "si": 7,
          "sti": 29,
          "dti": 166,
          "sco": 145,
          "dco": 842,
          "txt": "dubbed"
        },
        {
          "si": 7,
          "sti": 30,
          "dti": 167,
          "sco": 152,
          "dco": 849,
          "txt": "\""
        },
        {
          "si": 7,
          "sti": 31,
          "dti": 168,
          "sco": 153,
          "dco": 850,
          "txt": "Los"
        },
        {
          "si": 7,
          "sti": 32,
          "dti": 169,
          "sco": 157,
          "dco": 854,
          "txt": "Magn"
        },
        {
          "si": 7,
          "sti": 33,
          "dti": 170,
          "sco": 161,
          "dco": 858,
          "txt": "í"
        },
        {
          "si": 7,
          "sti": 34,
          "dti": 171,
          "sco": 162,
          "dco": 859,
          "txt": "ficos"
        },
        {
          "si": 7,
          "sti": 35,
          "dti": 172,
          "sco": 167,
          "dco": 864,
          "txt": "\""
        },
        {
          "si": 7,
          "sti": 36,
          "dti": 173,
          "sco": 169,
          "dco": 866,
          "txt": "("
        },
        {
          "si": 7,
          "sti": 37,
          "dti": 174,
          "sco": 170,
          "dco": 867,
          "txt": "The"
        },
        {
          "si": 7,
          "sti": 38,
          "dti": 175,
          "sco": 174,
          "dco": 871,
          "txt": "Magnificent"
        },
        {
          "si": 7,
          "sti": 39,
          "dti": 176,
          "sco": 185,
          "dco": 882,
          "txt": ")"
        },
        {
          "si": 7,
          "sti": 40,
          "dti": 177,
          "sco": 186,
          "dco": 883,
          "txt": "."
        },
        {
          "si": 8,
          "sti": 0,
          "dti": 178,
          "sco": 0,
          "dco": 885,
          "txt": "He"
        },
        {
          "si": 8,
          "sti": 1,
          "dti": 179,
          "sco": 3,
          "dco": 888,
          "txt": "helped"
        },
        {
          "si": 8,
          "sti": 2,
          "dti": 180,
          "sco": 10,
          "dco": 895,
          "txt": "the"
        },
        {
          "si": 8,
          "sti": 3,
          "dti": 181,
          "sco": 14,
          "dco": 899,
          "txt": "club"
        },
        {
          "si": 8,
          "sti": 4,
          "dti": 182,
          "sco": 19,
          "dco": 904,
          "txt": "to"
        },
        {
          "si": 8,
          "sti": 5,
          "dti": 183,
          "sco": 22,
          "dco": 907,
          "txt": "four"
        },
        {
          "si": 8,
          "sti": 6,
          "dti": 184,
          "sco": 27,
          "dco": 912,
          "txt": "Copa"
        },
        {
          "si": 8,
          "sti": 7,
          "dti": 185,
          "sco": 32,
          "dco": 917,
          "txt": "del"
        },
        {
          "si": 8,
          "sti": 8,
          "dti": 186,
          "sco": 36,
          "dco": 921,
          "txt": "Rey"
        },
        {
          "si": 8,
          "sti": 9,
          "dti": 187,
          "sco": 40,
          "dco": 925,
          "txt": "finals"
        },
        {
          "si": 8,
          "sti": 10,
          "dti": 188,
          "sco": 47,
          "dco": 932,
          "txt": "in"
        },
        {
          "si": 8,
          "sti": 11,
          "dti": 189,
          "sco": 50,
          "dco": 935,
          "txt": "the"
        },
        {
          "si": 8,
          "sti": 12,
          "dti": 190,
          "sco": 54,
          "dco": 939,
          "txt": "60"
        },
        {
          "si": 8,
          "sti": 13,
          "dti": 191,
          "sco": 56,
          "dco": 941,
          "txt": "s"
        },
        {
          "si": 8,
          "sti": 14,
          "dti": 192,
          "sco": 57,
          "dco": 942,
          "txt": ","
        },
        {
          "si": 8,
          "sti": 15,
          "dti": 193,
          "sco": 59,
          "dco": 944,
          "txt": "winning"
        },
        {
          "si": 8,
          "sti": 16,
          "dti": 194,
          "sco": 67,
          "dco": 952,
          "txt": "twice"
        },
        {
          "si": 8,
          "sti": 17,
          "dti": 195,
          "sco": 73,
          "dco": 958,
          "txt": "and"
        },
        {
          "si": 8,
          "sti": 18,
          "dti": 196,
          "sco": 77,
          "dco": 962,
          "txt": "scoring"
        },
        {
          "si": 8,
          "sti": 19,
          "dti": 197,
          "sco": 85,
          "dco": 970,
          "txt": "in"
        },
        {
          "si": 8,
          "sti": 20,
          "dti": 198,
          "sco": 88,
          "dco": 973,
          "txt": "both"
        },
        {
          "si": 8,
          "sti": 21,
          "dti": 199,
          "sco": 93,
          "dco": 978,
          "txt": "finals"
        },
        {
          "si": 8,
          "sti": 22,
          "dti": 200,
          "sco": 99,
          "dco": 984,
          "txt": ","
        },
        {
          "si": 8,
          "sti": 23,
          "dti": 201,
          "sco": 101,
          "dco": 986,
          "txt": "against"
        },
        {
          "si": 8,
          "sti": 24,
          "dti": 202,
          "sco": 109,
          "dco": 994,
          "txt": "Atl"
        },
        {
          "si": 8,
          "sti": 25,
          "dti": 203,
          "sco": 112,
          "dco": 997,
          "txt": "é"
        },
        {
          "si": 8,
          "sti": 26,
          "dti": 204,
          "sco": 113,
          "dco": 998,
          "txt": "tico"
        },
        {
          "si": 8,
          "sti": 27,
          "dti": 205,
          "sco": 118,
          "dco": 1003,
          "txt": "Madrid"
        },
        {
          "si": 8,
          "sti": 28,
          "dti": 206,
          "sco": 125,
          "dco": 1010,
          "txt": "in"
        },
        {
          "si": 8,
          "sti": 29,
          "dti": 207,
          "sco": 128,
          "dco": 1013,
          "txt": "1964"
        },
        {
          "si": 8,
          "sti": 30,
          "dti": 208,
          "sco": 133,
          "dco": 1018,
          "txt": "and"
        },
        {
          "si": 8,
          "sti": 31,
          "dti": 209,
          "sco": 137,
          "dco": 1022,
          "txt": "Athletic"
        },
        {
          "si": 8,
          "sti": 32,
          "dti": 210,
          "sco": 146,
          "dco": 1031,
          "txt": "Bilbao"
        },
        {
          "si": 8,
          "sti": 33,
          "dti": 211,
          "sco": 153,
          "dco": 1038,
          "txt": "in"
        },
        {
          "si": 8,
          "sti": 34,
          "dti": 212,
          "sco": 156,
          "dco": 1041,
          "txt": "1966"
        },
        {
          "si": 8,
          "sti": 35,
          "dti": 213,
          "sco": 160,
          "dco": 1045,
          "txt": "."
        },
        {
          "si": 9,
          "sti": 0,
          "dti": 214,
          "sco": 0,
          "dco": 1047,
          "txt": "Lapetra"
        },
        {
          "si": 9,
          "sti": 1,
          "dti": 215,
          "sco": 8,
          "dco": 1055,
          "txt": "retired"
        },
        {
          "si": 9,
          "sti": 2,
          "dti": 216,
          "sco": 16,
          "dco": 1063,
          "txt": "from"
        },
        {
          "si": 9,
          "sti": 3,
          "dti": 217,
          "sco": 21,
          "dco": 1068,
          "txt": "football"
        },
        {
          "si": 9,
          "sti": 4,
          "dti": 218,
          "sco": 30,
          "dco": 1077,
          "txt": "at"
        },
        {
          "si": 9,
          "sti": 5,
          "dti": 219,
          "sco": 33,
          "dco": 1080,
          "txt": "only"
        },
        {
          "si": 9,
          "sti": 6,
          "dti": 220,
          "sco": 38,
          "dco": 1085,
          "txt": "30"
        },
        {
          "si": 9,
          "sti": 7,
          "dti": 221,
          "sco": 40,
          "dco": 1087,
          "txt": ","
        },
        {
          "si": 9,
          "sti": 8,
          "dti": 222,
          "sco": 42,
          "dco": 1089,
          "txt": "due"
        },
        {
          "si": 9,
          "sti": 9,
          "dti": 223,
          "sco": 46,
          "dco": 1093,
          "txt": "to"
        },
        {
          "si": 9,
          "sti": 10,
          "dti": 224,
          "sco": 49,
          "dco": 1096,
          "txt": "recurrent"
        },
        {
          "si": 9,
          "sti": 11,
          "dti": 225,
          "sco": 59,
          "dco": 1106,
          "txt": "injury"
        },
        {
          "si": 9,
          "sti": 12,
          "dti": 226,
          "sco": 66,
          "dco": 1113,
          "txt": "problems"
        },
        {
          "si": 9,
          "sti": 13,
          "dti": 227,
          "sco": 75,
          "dco": 1122,
          "txt": "and"
        },
        {
          "si": 9,
          "sti": 14,
          "dti": 228,
          "sco": 79,
          "dco": 1126,
          "txt": "as"
        },
        {
          "si": 9,
          "sti": 15,
          "dti": 229,
          "sco": 82,
          "dco": 1129,
          "txt": "Zaragoza"
        },
        {
          "si": 9,
          "sti": 16,
          "dti": 230,
          "sco": 91,
          "dco": 1138,
          "txt": "did"
        },
        {
          "si": 9,
          "sti": 17,
          "dti": 231,
          "sco": 95,
          "dco": 1142,
          "txt": "not"
        },
        {
          "si": 9,
          "sti": 18,
          "dti": 232,
          "sco": 99,
          "dco": 1146,
          "txt": "renew"
        },
        {
          "si": 9,
          "sti": 19,
          "dti": 233,
          "sco": 105,
          "dco": 1152,
          "txt": "his"
        },
        {
          "si": 9,
          "sti": 20,
          "dti": 234,
          "sco": 109,
          "dco": 1156,
          "txt": "contract"
        },
        {
          "si": 9,
          "sti": 21,
          "dti": 235,
          "sco": 117,
          "dco": 1164,
          "txt": "."
        },
        {
          "si": 10,
          "sti": 0,
          "dti": 236,
          "sco": 0,
          "dco": 1166,
          "txt": "He"
        },
        {
          "si": 10,
          "sti": 1,
          "dti": 237,
          "sco": 3,
          "dco": 1169,
          "txt": "settled"
        },
        {
          "si": 10,
          "sti": 2,
          "dti": 238,
          "sco": 11,
          "dco": 1177,
          "txt": "in"
        },
        {
          "si": 10,
          "sti": 3,
          "dti": 239,
          "sco": 14,
          "dco": 1180,
          "txt": "Huesca"
        },
        {
          "si": 10,
          "sti": 4,
          "dti": 240,
          "sco": 21,
          "dco": 1187,
          "txt": "subsequently"
        },
        {
          "si": 10,
          "sti": 5,
          "dti": 241,
          "sco": 33,
          "dco": 1199,
          "txt": ","
        },
        {
          "si": 10,
          "sti": 6,
          "dti": 242,
          "sco": 35,
          "dco": 1201,
          "txt": "working"
        },
        {
          "si": 10,
          "sti": 7,
          "dti": 243,
          "sco": 43,
          "dco": 1209,
          "txt": "in"
        },
        {
          "si": 10,
          "sti": 8,
          "dti": 244,
          "sco": 46,
          "dco": 1212,
          "txt": "directorial"
        },
        {
          "si": 10,
          "sti": 9,
          "dti": 245,
          "sco": 58,
          "dco": 1224,
          "txt": "capacities"
        },
        {
          "si": 10,
          "sti": 10,
          "dti": 246,
          "sco": 69,
          "dco": 1235,
          "txt": "with"
        },
        {
          "si": 10,
          "sti": 11,
          "dti": 247,
          "sco": 74,
          "dco": 1240,
          "txt": "SD"
        },
        {
          "si": 10,
          "sti": 12,
          "dti": 248,
          "sco": 77,
          "dco": 1243,
          "txt": "Huesca"
        },
        {
          "si": 10,
          "sti": 13,
          "dti": 249,
          "sco": 84,
          "dco": 1250,
          "txt": "and"
        },
        {
          "si": 10,
          "sti": 14,
          "dti": 250,
          "sco": 88,
          "dco": 1254,
          "txt": "the"
        },
        {
          "si": 10,
          "sti": 15,
          "dti": 251,
          "sco": 92,
          "dco": 1258,
          "txt": "Spanish"
        },
        {
          "si": 10,
          "sti": 16,
          "dti": 252,
          "sco": 100,
          "dco": 1266,
          "txt": "national"
        },
        {
          "si": 10,
          "sti": 17,
          "dti": 253,
          "sco": 109,
          "dco": 1275,
          "txt": "team"
        },
        {
          "si": 10,
          "sti": 18,
          "dti": 254,
          "sco": 114,
          "dco": 1280,
          "txt": "and"
        },
        {
          "si": 10,
          "sti": 19,
          "dti": 255,
          "sco": 118,
          "dco": 1284,
          "txt": "dying"
        },
        {
          "si": 10,
          "sti": 20,
          "dti": 256,
          "sco": 124,
          "dco": 1290,
          "txt": "on"
        },
        {
          "si": 10,
          "sti": 21,
          "dti": 257,
          "sco": 127,
          "dco": 1293,
          "txt": "24"
        },
        {
          "si": 10,
          "sti": 22,
          "dti": 258,
          "sco": 130,
          "dco": 1296,
          "txt": "December"
        },
        {
          "si": 10,
          "sti": 23,
          "dti": 259,
          "sco": 139,
          "dco": 1305,
          "txt": "1995"
        },
        {
          "si": 10,
          "sti": 24,
          "dti": 260,
          "sco": 144,
          "dco": 1310,
          "txt": "at"
        },
        {
          "si": 10,
          "sti": 25,
          "dti": 261,
          "sco": 147,
          "dco": 1313,
          "txt": "the"
        },
        {
          "si": 10,
          "sti": 26,
          "dti": 262,
          "sco": 151,
          "dco": 1317,
          "txt": "age"
        },
        {
          "si": 10,
          "sti": 27,
          "dti": 263,
          "sco": 155,
          "dco": 1321,
          "txt": "of"
        },
        {
          "si": 10,
          "sti": 28,
          "dti": 264,
          "sco": 158,
          "dco": 1324,
          "txt": "57"
        },
        {
          "si": 10,
          "sti": 29,
          "dti": 265,
          "sco": 160,
          "dco": 1326,
          "txt": ","
        },
        {
          "si": 10,
          "sti": 30,
          "dti": 266,
          "sco": 162,
          "dco": 1328,
          "txt": "due"
        },
        {
          "si": 10,
          "sti": 31,
          "dti": 267,
          "sco": 166,
          "dco": 1332,
          "txt": "to"
        },
        {
          "si": 10,
          "sti": 32,
          "dti": 268,
          "sco": 169,
          "dco": 1335,
          "txt": "cancer"
        },
        {
          "si": 10,
          "sti": 33,
          "dti": 269,
          "sco": 175,
          "dco": 1341,
          "txt": "."
        },
        {
          "si": 11,
          "sti": 0,
          "dti": 270,
          "sco": 0,
          "dco": 1343,
          "txt": "International"
        },
        {
          "si": 11,
          "sti": 1,
          "dti": 271,
          "sco": 14,
          "dco": 1357,
          "txt": "career"
        },
        {
          "si": 11,
          "sti": 2,
          "dti": 272,
          "sco": 20,
          "dco": 1363,
          "txt": "."
        },
        {
          "si": 12,
          "sti": 0,
          "dti": 273,
          "sco": 0,
          "dco": 1365,
          "txt": "Lapetra"
        },
        {
          "si": 12,
          "sti": 1,
          "dti": 274,
          "sco": 8,
          "dco": 1373,
          "txt": "gained"
        },
        {
          "si": 12,
          "sti": 2,
          "dti": 275,
          "sco": 15,
          "dco": 1380,
          "txt": "13"
        },
        {
          "si": 12,
          "sti": 3,
          "dti": 276,
          "sco": 18,
          "dco": 1383,
          "txt": "caps"
        },
        {
          "si": 12,
          "sti": 4,
          "dti": 277,
          "sco": 23,
          "dco": 1388,
          "txt": "for"
        },
        {
          "si": 12,
          "sti": 5,
          "dti": 278,
          "sco": 27,
          "dco": 1392,
          "txt": "Spain"
        },
        {
          "si": 12,
          "sti": 6,
          "dti": 279,
          "sco": 33,
          "dco": 1398,
          "txt": "during"
        },
        {
          "si": 12,
          "sti": 7,
          "dti": 280,
          "sco": 40,
          "dco": 1405,
          "txt": "three"
        },
        {
          "si": 12,
          "sti": 8,
          "dti": 281,
          "sco": 46,
          "dco": 1411,
          "txt": "years"
        },
        {
          "si": 12,
          "sti": 9,
          "dti": 282,
          "sco": 51,
          "dco": 1416,
          "txt": "."
        },
        {
          "si": 13,
          "sti": 0,
          "dti": 283,
          "sco": 0,
          "dco": 1418,
          "txt": "He"
        },
        {
          "si": 13,
          "sti": 1,
          "dti": 284,
          "sco": 3,
          "dco": 1421,
          "txt": "was"
        },
        {
          "si": 13,
          "sti": 2,
          "dti": 285,
          "sco": 7,
          "dco": 1425,
          "txt": "part"
        },
        {
          "si": 13,
          "sti": 3,
          "dti": 286,
          "sco": 12,
          "dco": 1430,
          "txt": "of"
        },
        {
          "si": 13,
          "sti": 4,
          "dti": 287,
          "sco": 15,
          "dco": 1433,
          "txt": "the"
        },
        {
          "si": 13,
          "sti": 5,
          "dti": 288,
          "sco": 19,
          "dco": 1437,
          "txt": "squads"
        },
        {
          "si": 13,
          "sti": 6,
          "dti": 289,
          "sco": 26,
          "dco": 1444,
          "txt": "that"
        },
        {
          "si": 13,
          "sti": 7,
          "dti": 290,
          "sco": 31,
          "dco": 1449,
          "txt": "appeared"
        },
        {
          "si": 13,
          "sti": 8,
          "dti": 291,
          "sco": 40,
          "dco": 1458,
          "txt": "at"
        },
        {
          "si": 13,
          "sti": 9,
          "dti": 292,
          "sco": 43,
          "dco": 1461,
          "txt": "the"
        },
        {
          "si": 13,
          "sti": 10,
          "dti": 293,
          "sco": 47,
          "dco": 1465,
          "txt": "1964"
        },
        {
          "si": 13,
          "sti": 11,
          "dti": 294,
          "sco": 52,
          "dco": 1470,
          "txt": "European"
        },
        {
          "si": 13,
          "sti": 12,
          "dti": 295,
          "sco": 61,
          "dco": 1479,
          "txt": "Nations"
        },
        {
          "si": 13,
          "sti": 13,
          "dti": 296,
          "sco": 68,
          "dco": 1486,
          "txt": "'"
        },
        {
          "si": 13,
          "sti": 14,
          "dti": 297,
          "sco": 70,
          "dco": 1488,
          "txt": "Cup"
        },
        {
          "si": 13,
          "sti": 15,
          "dti": 298,
          "sco": 74,
          "dco": 1492,
          "txt": "("
        },
        {
          "si": 13,
          "sti": 16,
          "dti": 299,
          "sco": 75,
          "dco": 1493,
          "txt": "starting"
        },
        {
          "si": 13,
          "sti": 17,
          "dti": 300,
          "sco": 84,
          "dco": 1502,
          "txt": "in"
        },
        {
          "si": 13,
          "sti": 18,
          "dti": 301,
          "sco": 87,
          "dco": 1505,
          "txt": "the"
        },
        {
          "si": 13,
          "sti": 19,
          "dti": 302,
          "sco": 91,
          "dco": 1509,
          "txt": "2"
        },
        {
          "si": 13,
          "sti": 20,
          "dti": 303,
          "sco": 92,
          "dco": 1510,
          "txt": "–"
        },
        {
          "si": 13,
          "sti": 21,
          "dti": 304,
          "sco": 93,
          "dco": 1511,
          "txt": "1"
        },
        {
          "si": 13,
          "sti": 22,
          "dti": 305,
          "sco": 95,
          "dco": 1513,
          "txt": "final"
        },
        {
          "si": 13,
          "sti": 23,
          "dti": 306,
          "sco": 101,
          "dco": 1519,
          "txt": "win"
        },
        {
          "si": 13,
          "sti": 24,
          "dti": 307,
          "sco": 105,
          "dco": 1523,
          "txt": "against"
        },
        {
          "si": 13,
          "sti": 25,
          "dti": 308,
          "sco": 113,
          "dco": 1531,
          "txt": "the"
        },
        {
          "si": 13,
          "sti": 26,
          "dti": 309,
          "sco": 117,
          "dco": 1535,
          "txt": "Soviet"
        },
        {
          "si": 13,
          "sti": 27,
          "dti": 310,
          "sco": 124,
          "dco": 1542,
          "txt": "Union"
        },
        {
          "si": 13,
          "sti": 28,
          "dti": 311,
          "sco": 130,
          "dco": 1548,
          "txt": "in"
        },
        {
          "si": 13,
          "sti": 29,
          "dti": 312,
          "sco": 133,
          "dco": 1551,
          "txt": "the"
        },
        {
          "si": 13,
          "sti": 30,
          "dti": 313,
          "sco": 137,
          "dco": 1555,
          "txt": "place"
        },
        {
          "si": 13,
          "sti": 31,
          "dti": 314,
          "sco": 143,
          "dco": 1561,
          "txt": "of"
        },
        {
          "si": 13,
          "sti": 32,
          "dti": 315,
          "sco": 146,
          "dco": 1564,
          "txt": "legendary"
        },
        {
          "si": 13,
          "sti": 33,
          "dti": 316,
          "sco": 156,
          "dco": 1574,
          "txt": "Francisco"
        },
        {
          "si": 13,
          "sti": 34,
          "dti": 317,
          "sco": 166,
          "dco": 1584,
          "txt": "Gento"
        },
        {
          "si": 13,
          "sti": 35,
          "dti": 318,
          "sco": 171,
          "dco": 1589,
          "txt": ")"
        },
        {
          "si": 13,
          "sti": 36,
          "dti": 319,
          "sco": 173,
          "dco": 1591,
          "txt": "and"
        },
        {
          "si": 13,
          "sti": 37,
          "dti": 320,
          "sco": 177,
          "dco": 1595,
          "txt": "the"
        },
        {
          "si": 13,
          "sti": 38,
          "dti": 321,
          "sco": 181,
          "dco": 1599,
          "txt": "1966"
        },
        {
          "si": 13,
          "sti": 39,
          "dti": 322,
          "sco": 186,
          "dco": 1604,
          "txt": "FIFA"
        },
        {
          "si": 13,
          "sti": 40,
          "dti": 323,
          "sco": 191,
          "dco": 1609,
          "txt": "World"
        },
        {
          "si": 13,
          "sti": 41,
          "dti": 324,
          "sco": 197,
          "dco": 1615,
          "txt": "Cup"
        },
        {
          "si": 13,
          "sti": 42,
          "dti": 325,
          "sco": 201,
          "dco": 1619,
          "txt": "("
        },
        {
          "si": 13,
          "sti": 43,
          "dti": 326,
          "sco": 202,
          "dco": 1620,
          "txt": "featured"
        },
        {
          "si": 13,
          "sti": 44,
          "dti": 327,
          "sco": 211,
          "dco": 1629,
          "txt": "in"
        },
        {
          "si": 13,
          "sti": 45,
          "dti": 328,
          "sco": 214,
          "dco": 1632,
          "txt": "the"
        },
        {
          "si": 13,
          "sti": 46,
          "dti": 329,
          "sco": 218,
          "dco": 1636,
          "txt": "1"
        },
        {
          "si": 13,
          "sti": 47,
          "dti": 330,
          "sco": 219,
          "dco": 1637,
          "txt": "–"
        },
        {
          "si": 13,
          "sti": 48,
          "dti": 331,
          "sco": 220,
          "dco": 1638,
          "txt": "2"
        },
        {
          "si": 13,
          "sti": 49,
          "dti": 332,
          "sco": 222,
          "dco": 1640,
          "txt": "group"
        },
        {
          "si": 13,
          "sti": 50,
          "dti": 333,
          "sco": 228,
          "dco": 1646,
          "txt": "stage"
        },
        {
          "si": 13,
          "sti": 51,
          "dti": 334,
          "sco": 234,
          "dco": 1652,
          "txt": "loss"
        },
        {
          "si": 13,
          "sti": 52,
          "dti": 335,
          "sco": 239,
          "dco": 1657,
          "txt": "to"
        },
        {
          "si": 13,
          "sti": 53,
          "dti": 336,
          "sco": 242,
          "dco": 1660,
          "txt": "West"
        },
        {
          "si": 13,
          "sti": 54,
          "dti": 337,
          "sco": 247,
          "dco": 1665,
          "txt": "Germany"
        },
        {
          "si": 13,
          "sti": 55,
          "dti": 338,
          "sco": 254,
          "dco": 1672,
          "txt": ")"
        },
        {
          "si": 13,
          "sti": 56,
          "dti": 339,
          "sco": 255,
          "dco": 1673,
          "txt": "."
        },
        {
          "si": 14,
          "sti": 0,
          "dti": 340,
          "sco": 0,
          "dco": 1675,
          "txt": "Personal"
        },
        {
          "si": 14,
          "sti": 1,
          "dti": 341,
          "sco": 9,
          "dco": 1684,
          "txt": "life"
        },
        {
          "si": 14,
          "sti": 2,
          "dti": 342,
          "sco": 13,
          "dco": 1688,
          "txt": "."
        },
        {
          "si": 15,
          "sti": 0,
          "dti": 343,
          "sco": 0,
          "dco": 1690,
          "txt": "Lapetra"
        },
        {
          "si": 15,
          "sti": 1,
          "dti": 344,
          "sco": 7,
          "dco": 1697,
          "txt": "'"
        },
        {
          "si": 15,
          "sti": 2,
          "dti": 345,
          "sco": 8,
          "dco": 1698,
          "txt": "s"
        },
        {
          "si": 15,
          "sti": 3,
          "dti": 346,
          "sco": 10,
          "dco": 1700,
          "txt": "older"
        },
        {
          "si": 15,
          "sti": 4,
          "dti": 347,
          "sco": 16,
          "dco": 1706,
          "txt": "brother"
        },
        {
          "si": 15,
          "sti": 5,
          "dti": 348,
          "sco": 23,
          "dco": 1713,
          "txt": ","
        },
        {
          "si": 15,
          "sti": 6,
          "dti": 349,
          "sco": 25,
          "dco": 1715,
          "txt": "Ricardo"
        },
        {
          "si": 15,
          "sti": 7,
          "dti": 350,
          "sco": 32,
          "dco": 1722,
          "txt": ","
        },
        {
          "si": 15,
          "sti": 8,
          "dti": 351,
          "sco": 34,
          "dco": 1724,
          "txt": "was"
        },
        {
          "si": 15,
          "sti": 9,
          "dti": 352,
          "sco": 38,
          "dco": 1728,
          "txt": "also"
        },
        {
          "si": 15,
          "sti": 10,
          "dti": 353,
          "sco": 43,
          "dco": 1733,
          "txt": "a"
        },
        {
          "si": 15,
          "sti": 11,
          "dti": 354,
          "sco": 45,
          "dco": 1735,
          "txt": "footballer"
        },
        {
          "si": 15,
          "sti": 12,
          "dti": 355,
          "sco": 55,
          "dco": 1745,
          "txt": "."
        },
        {
          "si": 16,
          "sti": 0,
          "dti": 356,
          "sco": 0,
          "dco": 1747,
          "txt": "He"
        },
        {
          "si": 16,
          "sti": 1,
          "dti": 357,
          "sco": 3,
          "dco": 1750,
          "txt": "too"
        },
        {
          "si": 16,
          "sti": 2,
          "dti": 358,
          "sco": 7,
          "dco": 1754,
          "txt": "played"
        },
        {
          "si": 16,
          "sti": 3,
          "dti": 359,
          "sco": 14,
          "dco": 1761,
          "txt": "for"
        },
        {
          "si": 16,
          "sti": 4,
          "dti": 360,
          "sco": 18,
          "dco": 1765,
          "txt": "Zaragoza"
        },
        {
          "si": 16,
          "sti": 5,
          "dti": 361,
          "sco": 26,
          "dco": 1773,
          "txt": ","
        },
        {
          "si": 16,
          "sti": 6,
          "dti": 362,
          "sco": 28,
          "dco": 1775,
          "txt": "but"
        },
        {
          "si": 16,
          "sti": 7,
          "dti": 363,
          "sco": 32,
          "dco": 1779,
          "txt": "with"
        },
        {
          "si": 16,
          "sti": 8,
          "dti": 364,
          "sco": 37,
          "dco": 1784,
          "txt": "much"
        },
        {
          "si": 16,
          "sti": 9,
          "dti": 365,
          "sco": 42,
          "dco": 1789,
          "txt": "less"
        },
        {
          "si": 16,
          "sti": 10,
          "dti": 366,
          "sco": 47,
          "dco": 1794,
          "txt": "success"
        },
        {
          "si": 16,
          "sti": 11,
          "dti": 367,
          "sco": 54,
          "dco": 1801,
          "txt": "."
        }
      ]
    },
    "ganns": {
      "dla": [],
      "la": [],
      "ea": [],
      "eta": [
        {
          "ra": {
            "ea": {
              "etn": "Carlos_Lapetra"
            }
          },
          "sfs": [
            [
              {
                "stn": "birthYear"
              },
              {
                "dla": {
                  "txt": {
                    "sff": "1938"
                  },
                  "et": {
                    "etn": "BirthYear"
                  },
                  "dp": {
                    "off": 52
                  }
                }
              }
            ],
            [
              {
                "stn": "deathYear"
              },
              {
                "dla": {
                  "txt": {
                    "sff": "1995"
                  },
                  "et": {
                    "etn": "DeathYear"
                  },
                  "dp": {
                    "off": 71
                  }
                }
              }
            ]
          ],
          "mfs": [
            [
              {
                "stn": "position"
              },
              {
                "dla": [],
                "la": [],
                "ea": [
                  {
                    "etn": "Forward_(association_football)"
                  }
                ],
                "eta": []
              }
            ],
            [
              {
                "stn": "team"
              },
              {
                "dla": [],
                "la": [],
                "ea": [
                  {
                    "etn": "Real_Zaragoza"
                  },
                  {
                    "etn": "Spain_national_football_team"
                  },
                  {
                    "etn": "CD_Guadalajara_(Spain)"
                  }
                ],
                "eta": []
              }
            ],
            [
              {
                "stn": "birthPlace"
              },
              {
                "dla": [],
                "la": [],
                "ea": [
                  {
                    "etn": "Zaragoza"
                  }
                ],
                "eta": []
              }
            ]
          ]
        }
      ]
    }
  }
]
