[
  {
    "context": "DEVELOPMENT",
    "doc": {
      "id": "Carles_Mas",
      "tl": [
        {
          "si": 0,
          "sti": 0,
          "dti": 0,
          "sco": 0,
          "dco": 0,
          "txt": "Carles"
        },
        {
          "si": 0,
          "sti": 1,
          "dti": 1,
          "sco": 7,
          "dco": 7,
          "txt": "Mas"
        },
        {
          "si": 0,
          "sti": 2,
          "dti": 2,
          "sco": 10,
          "dco": 10,
          "txt": "."
        },
        {
          "si": 1,
          "sti": 0,
          "dti": 3,
          "sco": 0,
          "dco": 12,
          "txt": "Carles"
        },
        {
          "si": 1,
          "sti": 1,
          "dti": 4,
          "sco": 7,
          "dco": 19,
          "txt": "Mas"
        },
        {
          "si": 1,
          "sti": 2,
          "dti": 5,
          "sco": 11,
          "dco": 23,
          "txt": "Bacardit"
        },
        {
          "si": 1,
          "sti": 3,
          "dti": 6,
          "sco": 20,
          "dco": 32,
          "txt": "("
        },
        {
          "si": 1,
          "sti": 4,
          "dti": 7,
          "sco": 21,
          "dco": 33,
          "txt": "born"
        },
        {
          "si": 1,
          "sti": 5,
          "dti": 8,
          "sco": 26,
          "dco": 38,
          "txt": "27"
        },
        {
          "si": 1,
          "sti": 6,
          "dti": 9,
          "sco": 29,
          "dco": 41,
          "txt": "February"
        },
        {
          "si": 1,
          "sti": 7,
          "dti": 10,
          "sco": 38,
          "dco": 50,
          "txt": "1993"
        },
        {
          "si": 1,
          "sti": 8,
          "dti": 11,
          "sco": 42,
          "dco": 54,
          "txt": ")"
        },
        {
          "si": 1,
          "sti": 9,
          "dti": 12,
          "sco": 44,
          "dco": 56,
          "txt": "is"
        },
        {
          "si": 1,
          "sti": 10,
          "dti": 13,
          "sco": 47,
          "dco": 59,
          "txt": "a"
        },
        {
          "si": 1,
          "sti": 11,
          "dti": 14,
          "sco": 49,
          "dco": 61,
          "txt": "Spanish"
        },
        {
          "si": 1,
          "sti": 12,
          "dti": 15,
          "sco": 57,
          "dco": 69,
          "txt": "professional"
        },
        {
          "si": 1,
          "sti": 13,
          "dti": 16,
          "sco": 70,
          "dco": 82,
          "txt": "footballer"
        },
        {
          "si": 1,
          "sti": 14,
          "dti": 17,
          "sco": 81,
          "dco": 93,
          "txt": "who"
        },
        {
          "si": 1,
          "sti": 15,
          "dti": 18,
          "sco": 85,
          "dco": 97,
          "txt": "plays"
        },
        {
          "si": 1,
          "sti": 16,
          "dti": 19,
          "sco": 91,
          "dco": 103,
          "txt": "for"
        },
        {
          "si": 1,
          "sti": 17,
          "dti": 20,
          "sco": 95,
          "dco": 107,
          "txt": "Girona"
        },
        {
          "si": 1,
          "sti": 18,
          "dti": 21,
          "sco": 102,
          "dco": 114,
          "txt": "FC"
        },
        {
          "si": 1,
          "sti": 19,
          "dti": 22,
          "sco": 105,
          "dco": 117,
          "txt": "as"
        },
        {
          "si": 1,
          "sti": 20,
          "dti": 23,
          "sco": 108,
          "dco": 120,
          "txt": "a"
        },
        {
          "si": 1,
          "sti": 21,
          "dti": 24,
          "sco": 110,
          "dco": 122,
          "txt": "central"
        },
        {
          "si": 1,
          "sti": 22,
          "dti": 25,
          "sco": 118,
          "dco": 130,
          "txt": "defender"
        },
        {
          "si": 1,
          "sti": 23,
          "dti": 26,
          "sco": 126,
          "dco": 138,
          "txt": "."
        },
        {
          "si": 2,
          "sti": 0,
          "dti": 27,
          "sco": 0,
          "dco": 140,
          "txt": "Club"
        },
        {
          "si": 2,
          "sti": 1,
          "dti": 28,
          "sco": 5,
          "dco": 145,
          "txt": "career"
        },
        {
          "si": 2,
          "sti": 2,
          "dti": 29,
          "sco": 11,
          "dco": 151,
          "txt": "."
        },
        {
          "si": 3,
          "sti": 0,
          "dti": 30,
          "sco": 0,
          "dco": 153,
          "txt": "Born"
        },
        {
          "si": 3,
          "sti": 1,
          "dti": 31,
          "sco": 5,
          "dco": 158,
          "txt": "in"
        },
        {
          "si": 3,
          "sti": 2,
          "dti": 32,
          "sco": 8,
          "dco": 161,
          "txt": "Banyoles"
        },
        {
          "si": 3,
          "sti": 3,
          "dti": 33,
          "sco": 16,
          "dco": 169,
          "txt": ","
        },
        {
          "si": 3,
          "sti": 4,
          "dti": 34,
          "sco": 18,
          "dco": 171,
          "txt": "Girona"
        },
        {
          "si": 3,
          "sti": 5,
          "dti": 35,
          "sco": 24,
          "dco": 177,
          "txt": ","
        },
        {
          "si": 3,
          "sti": 6,
          "dti": 36,
          "sco": 26,
          "dco": 179,
          "txt": "Catalonia"
        },
        {
          "si": 3,
          "sti": 7,
          "dti": 37,
          "sco": 35,
          "dco": 188,
          "txt": ","
        },
        {
          "si": 3,
          "sti": 8,
          "dti": 38,
          "sco": 37,
          "dco": 190,
          "txt": "Mas"
        },
        {
          "si": 3,
          "sti": 9,
          "dti": 39,
          "sco": 41,
          "dco": 194,
          "txt": "graduated"
        },
        {
          "si": 3,
          "sti": 10,
          "dti": 40,
          "sco": 51,
          "dco": 204,
          "txt": "from"
        },
        {
          "si": 3,
          "sti": 11,
          "dti": 41,
          "sco": 56,
          "dco": 209,
          "txt": "Girona"
        },
        {
          "si": 3,
          "sti": 12,
          "dti": 42,
          "sco": 63,
          "dco": 216,
          "txt": "FC"
        },
        {
          "si": 3,
          "sti": 13,
          "dti": 43,
          "sco": 65,
          "dco": 218,
          "txt": "'"
        },
        {
          "si": 3,
          "sti": 14,
          "dti": 44,
          "sco": 66,
          "dco": 219,
          "txt": "s"
        },
        {
          "si": 3,
          "sti": 15,
          "dti": 45,
          "sco": 68,
          "dco": 221,
          "txt": "youth"
        },
        {
          "si": 3,
          "sti": 16,
          "dti": 46,
          "sco": 74,
          "dco": 227,
          "txt": "setup"
        },
        {
          "si": 3,
          "sti": 17,
          "dti": 47,
          "sco": 79,
          "dco": 232,
          "txt": ","
        },
        {
          "si": 3,
          "sti": 18,
          "dti": 48,
          "sco": 81,
          "dco": 234,
          "txt": "and"
        },
        {
          "si": 3,
          "sti": 19,
          "dti": 49,
          "sco": 85,
          "dco": 238,
          "txt": "made"
        },
        {
          "si": 3,
          "sti": 20,
          "dti": 50,
          "sco": 90,
          "dco": 243,
          "txt": "his"
        },
        {
          "si": 3,
          "sti": 21,
          "dti": 51,
          "sco": 94,
          "dco": 247,
          "txt": "senior"
        },
        {
          "si": 3,
          "sti": 22,
          "dti": 52,
          "sco": 101,
          "dco": 254,
          "txt": "debuts"
        },
        {
          "si": 3,
          "sti": 23,
          "dti": 53,
          "sco": 108,
          "dco": 261,
          "txt": "with"
        },
        {
          "si": 3,
          "sti": 24,
          "dti": 54,
          "sco": 113,
          "dco": 266,
          "txt": "the"
        },
        {
          "si": 3,
          "sti": 25,
          "dti": 55,
          "sco": 117,
          "dco": 270,
          "txt": "reserves"
        },
        {
          "si": 3,
          "sti": 26,
          "dti": 56,
          "sco": 126,
          "dco": 279,
          "txt": "in"
        },
        {
          "si": 3,
          "sti": 27,
          "dti": 57,
          "sco": 129,
          "dco": 282,
          "txt": "the"
        },
        {
          "si": 3,
          "sti": 28,
          "dti": 58,
          "sco": 133,
          "dco": 286,
          "txt": "regional"
        },
        {
          "si": 3,
          "sti": 29,
          "dti": 59,
          "sco": 142,
          "dco": 295,
          "txt": "leagues"
        },
        {
          "si": 3,
          "sti": 30,
          "dti": 60,
          "sco": 149,
          "dco": 302,
          "txt": "."
        },
        {
          "si": 4,
          "sti": 0,
          "dti": 61,
          "sco": 0,
          "dco": 304,
          "txt": "On"
        },
        {
          "si": 4,
          "sti": 1,
          "dti": 62,
          "sco": 3,
          "dco": 307,
          "txt": "8"
        },
        {
          "si": 4,
          "sti": 2,
          "dti": 63,
          "sco": 5,
          "dco": 309,
          "txt": "June"
        },
        {
          "si": 4,
          "sti": 3,
          "dti": 64,
          "sco": 10,
          "dco": 314,
          "txt": "2013"
        },
        {
          "si": 4,
          "sti": 4,
          "dti": 65,
          "sco": 15,
          "dco": 319,
          "txt": "he"
        },
        {
          "si": 4,
          "sti": 5,
          "dti": 66,
          "sco": 18,
          "dco": 322,
          "txt": "played"
        },
        {
          "si": 4,
          "sti": 6,
          "dti": 67,
          "sco": 25,
          "dco": 329,
          "txt": "his"
        },
        {
          "si": 4,
          "sti": 7,
          "dti": 68,
          "sco": 29,
          "dco": 333,
          "txt": "first"
        },
        {
          "si": 4,
          "sti": 8,
          "dti": 69,
          "sco": 35,
          "dco": 339,
          "txt": "match"
        },
        {
          "si": 4,
          "sti": 9,
          "dti": 70,
          "sco": 41,
          "dco": 345,
          "txt": "as"
        },
        {
          "si": 4,
          "sti": 10,
          "dti": 71,
          "sco": 44,
          "dco": 348,
          "txt": "a"
        },
        {
          "si": 4,
          "sti": 11,
          "dti": 72,
          "sco": 46,
          "dco": 350,
          "txt": "professional"
        },
        {
          "si": 4,
          "sti": 12,
          "dti": 73,
          "sco": 58,
          "dco": 362,
          "txt": ","
        },
        {
          "si": 4,
          "sti": 13,
          "dti": 74,
          "sco": 60,
          "dco": 364,
          "txt": "starting"
        },
        {
          "si": 4,
          "sti": 14,
          "dti": 75,
          "sco": 69,
          "dco": 373,
          "txt": "in"
        },
        {
          "si": 4,
          "sti": 15,
          "dti": 76,
          "sco": 72,
          "dco": 376,
          "txt": "a"
        },
        {
          "si": 4,
          "sti": 16,
          "dti": 77,
          "sco": 74,
          "dco": 378,
          "txt": "1"
        },
        {
          "si": 4,
          "sti": 17,
          "dti": 78,
          "sco": 75,
          "dco": 379,
          "txt": "–"
        },
        {
          "si": 4,
          "sti": 18,
          "dti": 79,
          "sco": 76,
          "dco": 380,
          "txt": "1"
        },
        {
          "si": 4,
          "sti": 19,
          "dti": 80,
          "sco": 78,
          "dco": 382,
          "txt": "home"
        },
        {
          "si": 4,
          "sti": 20,
          "dti": 81,
          "sco": 83,
          "dco": 387,
          "txt": "draw"
        },
        {
          "si": 4,
          "sti": 21,
          "dti": 82,
          "sco": 88,
          "dco": 392,
          "txt": "against"
        },
        {
          "si": 4,
          "sti": 22,
          "dti": 83,
          "sco": 96,
          "dco": 400,
          "txt": "Real"
        },
        {
          "si": 4,
          "sti": 23,
          "dti": 84,
          "sco": 101,
          "dco": 405,
          "txt": "Madrid"
        },
        {
          "si": 4,
          "sti": 24,
          "dti": 85,
          "sco": 108,
          "dco": 412,
          "txt": "Castilla"
        },
        {
          "si": 4,
          "sti": 25,
          "dti": 86,
          "sco": 117,
          "dco": 421,
          "txt": "for"
        },
        {
          "si": 4,
          "sti": 26,
          "dti": 87,
          "sco": 121,
          "dco": 425,
          "txt": "the"
        },
        {
          "si": 4,
          "sti": 27,
          "dti": 88,
          "sco": 125,
          "dco": 429,
          "txt": "Segunda"
        },
        {
          "si": 4,
          "sti": 28,
          "dti": 89,
          "sco": 133,
          "dco": 437,
          "txt": "Divisi"
        },
        {
          "si": 4,
          "sti": 29,
          "dti": 90,
          "sco": 139,
          "dco": 443,
          "txt": "ó"
        },
        {
          "si": 4,
          "sti": 30,
          "dti": 91,
          "sco": 140,
          "dco": 444,
          "txt": "n"
        },
        {
          "si": 4,
          "sti": 31,
          "dti": 92,
          "sco": 142,
          "dco": 446,
          "txt": "championship"
        },
        {
          "si": 4,
          "sti": 32,
          "dti": 93,
          "sco": 154,
          "dco": 458,
          "txt": "."
        },
        {
          "si": 5,
          "sti": 0,
          "dti": 94,
          "sco": 0,
          "dco": 460,
          "txt": "He"
        },
        {
          "si": 5,
          "sti": 1,
          "dti": 95,
          "sco": 3,
          "dco": 463,
          "txt": "scored"
        },
        {
          "si": 5,
          "sti": 2,
          "dti": 96,
          "sco": 10,
          "dco": 470,
          "txt": "his"
        },
        {
          "si": 5,
          "sti": 3,
          "dti": 97,
          "sco": 14,
          "dco": 474,
          "txt": "first"
        },
        {
          "si": 5,
          "sti": 4,
          "dti": 98,
          "sco": 20,
          "dco": 480,
          "txt": "professional"
        },
        {
          "si": 5,
          "sti": 5,
          "dti": 99,
          "sco": 33,
          "dco": 493,
          "txt": "goal"
        },
        {
          "si": 5,
          "sti": 6,
          "dti": 100,
          "sco": 38,
          "dco": 498,
          "txt": "on"
        },
        {
          "si": 5,
          "sti": 7,
          "dti": 101,
          "sco": 41,
          "dco": 501,
          "txt": "17"
        },
        {
          "si": 5,
          "sti": 8,
          "dti": 102,
          "sco": 44,
          "dco": 504,
          "txt": "May"
        },
        {
          "si": 5,
          "sti": 9,
          "dti": 103,
          "sco": 48,
          "dco": 508,
          "txt": "2015"
        },
        {
          "si": 5,
          "sti": 10,
          "dti": 104,
          "sco": 52,
          "dco": 512,
          "txt": ","
        },
        {
          "si": 5,
          "sti": 11,
          "dti": 105,
          "sco": 54,
          "dco": 514,
          "txt": "netting"
        },
        {
          "si": 5,
          "sti": 12,
          "dti": 106,
          "sco": 62,
          "dco": 522,
          "txt": "the"
        },
        {
          "si": 5,
          "sti": 13,
          "dti": 107,
          "sco": 66,
          "dco": 526,
          "txt": "last"
        },
        {
          "si": 5,
          "sti": 14,
          "dti": 108,
          "sco": 71,
          "dco": 531,
          "txt": "in"
        },
        {
          "si": 5,
          "sti": 15,
          "dti": 109,
          "sco": 74,
          "dco": 534,
          "txt": "a"
        },
        {
          "si": 5,
          "sti": 16,
          "dti": 110,
          "sco": 76,
          "dco": 536,
          "txt": "1"
        },
        {
          "si": 5,
          "sti": 17,
          "dti": 111,
          "sco": 77,
          "dco": 537,
          "txt": "–"
        },
        {
          "si": 5,
          "sti": 18,
          "dti": 112,
          "sco": 78,
          "dco": 538,
          "txt": "1"
        },
        {
          "si": 5,
          "sti": 19,
          "dti": 113,
          "sco": 80,
          "dco": 540,
          "txt": "home"
        },
        {
          "si": 5,
          "sti": 20,
          "dti": 114,
          "sco": 85,
          "dco": 545,
          "txt": "draw"
        },
        {
          "si": 5,
          "sti": 21,
          "dti": 115,
          "sco": 90,
          "dco": 550,
          "txt": "against"
        },
        {
          "si": 5,
          "sti": 22,
          "dti": 116,
          "sco": 98,
          "dco": 558,
          "txt": "Real"
        },
        {
          "si": 5,
          "sti": 23,
          "dti": 117,
          "sco": 103,
          "dco": 563,
          "txt": "Zaragoza"
        },
        {
          "si": 5,
          "sti": 24,
          "dti": 118,
          "sco": 111,
          "dco": 571,
          "txt": "."
        },
        {
          "si": 6,
          "sti": 0,
          "dti": 119,
          "sco": 0,
          "dco": 573,
          "txt": "On"
        },
        {
          "si": 6,
          "sti": 1,
          "dti": 120,
          "sco": 3,
          "dco": 576,
          "txt": "28"
        },
        {
          "si": 6,
          "sti": 2,
          "dti": 121,
          "sco": 6,
          "dco": 579,
          "txt": "August"
        },
        {
          "si": 6,
          "sti": 3,
          "dti": 122,
          "sco": 13,
          "dco": 586,
          "txt": "2015"
        },
        {
          "si": 6,
          "sti": 4,
          "dti": 123,
          "sco": 18,
          "dco": 591,
          "txt": "Mas"
        },
        {
          "si": 6,
          "sti": 5,
          "dti": 124,
          "sco": 22,
          "dco": 595,
          "txt": "signed"
        },
        {
          "si": 6,
          "sti": 6,
          "dti": 125,
          "sco": 29,
          "dco": 602,
          "txt": "a"
        },
        {
          "si": 6,
          "sti": 7,
          "dti": 126,
          "sco": 31,
          "dco": 604,
          "txt": "new"
        },
        {
          "si": 6,
          "sti": 8,
          "dti": 127,
          "sco": 35,
          "dco": 608,
          "txt": "one"
        },
        {
          "si": 6,
          "sti": 9,
          "dti": 128,
          "sco": 38,
          "dco": 611,
          "txt": "-"
        },
        {
          "si": 6,
          "sti": 10,
          "dti": 129,
          "sco": 39,
          "dco": 612,
          "txt": "year"
        },
        {
          "si": 6,
          "sti": 11,
          "dti": 130,
          "sco": 44,
          "dco": 617,
          "txt": "deal"
        },
        {
          "si": 6,
          "sti": 12,
          "dti": 131,
          "sco": 49,
          "dco": 622,
          "txt": "with"
        },
        {
          "si": 6,
          "sti": 13,
          "dti": 132,
          "sco": 54,
          "dco": 627,
          "txt": "the"
        },
        {
          "si": 6,
          "sti": 14,
          "dti": 133,
          "sco": 58,
          "dco": 631,
          "txt": "club"
        },
        {
          "si": 6,
          "sti": 15,
          "dti": 134,
          "sco": 62,
          "dco": 635,
          "txt": ","
        },
        {
          "si": 6,
          "sti": 16,
          "dti": 135,
          "sco": 64,
          "dco": 637,
          "txt": "after"
        },
        {
          "si": 6,
          "sti": 17,
          "dti": 136,
          "sco": 70,
          "dco": 643,
          "txt": "already"
        },
        {
          "si": 6,
          "sti": 18,
          "dti": 137,
          "sco": 78,
          "dco": 651,
          "txt": "being"
        },
        {
          "si": 6,
          "sti": 19,
          "dti": 138,
          "sco": 84,
          "dco": 657,
          "txt": "a"
        },
        {
          "si": 6,
          "sti": 20,
          "dti": 139,
          "sco": 86,
          "dco": 659,
          "txt": "regular"
        },
        {
          "si": 6,
          "sti": 21,
          "dti": 140,
          "sco": 94,
          "dco": 667,
          "txt": "member"
        },
        {
          "si": 6,
          "sti": 22,
          "dti": 141,
          "sco": 101,
          "dco": 674,
          "txt": "of"
        },
        {
          "si": 6,
          "sti": 23,
          "dti": 142,
          "sco": 104,
          "dco": 677,
          "txt": "the"
        },
        {
          "si": 6,
          "sti": 24,
          "dti": 143,
          "sco": 108,
          "dco": 681,
          "txt": "first"
        },
        {
          "si": 6,
          "sti": 25,
          "dti": 144,
          "sco": 114,
          "dco": 687,
          "txt": "team"
        },
        {
          "si": 6,
          "sti": 26,
          "dti": 145,
          "sco": 118,
          "dco": 691,
          "txt": "."
        }
      ]
    },
    "ganns": {
      "dla": [],
      "la": [],
      "ea": [],
      "eta": [
        {
          "ra": {
            "ea": {
              "etn": "Carles_Mas"
            }
          },
          "sfs": [
            [
              {
                "stn": "birthYear"
              },
              {
                "dla": {
                  "txt": {
                    "sff": "1993"
                  },
                  "et": {
                    "etn": "BirthYear"
                  },
                  "dp": {
                    "off": 50
                  }
                }
              }
            ],
            [
              {
                "stn": "deathYear"
              },
              {}
            ]
          ],
          "mfs": [
            [
              {
                "stn": "position"
              },
              {
                "dla": [],
                "la": [],
                "ea": [],
                "eta": []
              }
            ],
            [
              {
                "stn": "team"
              },
              {
                "dla": [],
                "la": [],
                "ea": [
                  {
                    "etn": "Girona_FC"
                  }
                ],
                "eta": []
              }
            ],
            [
              {
                "stn": "birthPlace"
              },
              {
                "dla": [],
                "la": [],
                "ea": [
                  {
                    "etn": "Banyoles"
                  },
                  {
                    "etn": "Girona_FC"
                  },
                  {
                    "etn": "Spain"
                  }
                ],
                "eta": []
              }
            ]
          ]
        }
      ]
    }
  }
]
