[
  {
    "context": "TRAIN",
    "doc": {
      "id": "Carlos_Nvomo",
      "tl": [
        {
          "si": 0,
          "sti": 0,
          "dti": 0,
          "sco": 0,
          "dco": 0,
          "txt": "Carlos"
        },
        {
          "si": 0,
          "sti": 1,
          "dti": 1,
          "sco": 7,
          "dco": 7,
          "txt": "Nvomo"
        },
        {
          "si": 0,
          "sti": 2,
          "dti": 2,
          "sco": 12,
          "dco": 12,
          "txt": "."
        },
        {
          "si": 1,
          "sti": 0,
          "dti": 3,
          "sco": 0,
          "dco": 14,
          "txt": "Carlos"
        },
        {
          "si": 1,
          "sti": 1,
          "dti": 4,
          "sco": 7,
          "dco": 21,
          "txt": "Nvomo"
        },
        {
          "si": 1,
          "sti": 2,
          "dti": 5,
          "sco": 13,
          "dco": 27,
          "txt": "Mangue"
        },
        {
          "si": 1,
          "sti": 3,
          "dti": 6,
          "sco": 20,
          "dco": 34,
          "txt": "("
        },
        {
          "si": 1,
          "sti": 4,
          "dti": 7,
          "sco": 21,
          "dco": 35,
          "txt": "born"
        },
        {
          "si": 1,
          "sti": 5,
          "dti": 8,
          "sco": 26,
          "dco": 40,
          "txt": "13"
        },
        {
          "si": 1,
          "sti": 6,
          "dti": 9,
          "sco": 29,
          "dco": 43,
          "txt": "May"
        },
        {
          "si": 1,
          "sti": 7,
          "dti": 10,
          "sco": 33,
          "dco": 47,
          "txt": "1983"
        },
        {
          "si": 1,
          "sti": 8,
          "dti": 11,
          "sco": 38,
          "dco": 52,
          "txt": "in"
        },
        {
          "si": 1,
          "sti": 9,
          "dti": 12,
          "sco": 41,
          "dco": 55,
          "txt": "Bata"
        },
        {
          "si": 1,
          "sti": 10,
          "dti": 13,
          "sco": 45,
          "dco": 59,
          "txt": ")"
        },
        {
          "si": 1,
          "sti": 11,
          "dti": 14,
          "sco": 47,
          "dco": 61,
          "txt": "is"
        },
        {
          "si": 1,
          "sti": 12,
          "dti": 15,
          "sco": 50,
          "dco": 64,
          "txt": "an"
        },
        {
          "si": 1,
          "sti": 13,
          "dti": 16,
          "sco": 53,
          "dco": 67,
          "txt": "Equatoguinean"
        },
        {
          "si": 1,
          "sti": 14,
          "dti": 17,
          "sco": 67,
          "dco": 81,
          "txt": "football"
        },
        {
          "si": 1,
          "sti": 15,
          "dti": 18,
          "sco": 76,
          "dco": 90,
          "txt": "midfielder"
        },
        {
          "si": 1,
          "sti": 16,
          "dti": 19,
          "sco": 86,
          "dco": 100,
          "txt": ","
        },
        {
          "si": 1,
          "sti": 17,
          "dti": 20,
          "sco": 88,
          "dco": 102,
          "txt": "who"
        },
        {
          "si": 1,
          "sti": 18,
          "dti": 21,
          "sco": 92,
          "dco": 106,
          "txt": "plays"
        },
        {
          "si": 1,
          "sti": 19,
          "dti": 22,
          "sco": 98,
          "dco": 112,
          "txt": "for"
        },
        {
          "si": 1,
          "sti": 20,
          "dti": 23,
          "sco": 102,
          "dco": 116,
          "txt": "Deportivo"
        },
        {
          "si": 1,
          "sti": 21,
          "dti": 24,
          "sco": 112,
          "dco": 126,
          "txt": "Mongomo"
        },
        {
          "si": 1,
          "sti": 22,
          "dti": 25,
          "sco": 120,
          "dco": 134,
          "txt": "in"
        },
        {
          "si": 1,
          "sti": 23,
          "dti": 26,
          "sco": 123,
          "dco": 137,
          "txt": "the"
        },
        {
          "si": 1,
          "sti": 24,
          "dti": 27,
          "sco": 127,
          "dco": 141,
          "txt": "First"
        },
        {
          "si": 1,
          "sti": 25,
          "dti": 28,
          "sco": 133,
          "dco": 147,
          "txt": "Division"
        },
        {
          "si": 1,
          "sti": 26,
          "dti": 29,
          "sco": 141,
          "dco": 155,
          "txt": "."
        },
        {
          "si": 2,
          "sti": 0,
          "dti": 30,
          "sco": 0,
          "dco": 157,
          "txt": "International"
        },
        {
          "si": 2,
          "sti": 1,
          "dti": 31,
          "sco": 14,
          "dco": 171,
          "txt": "career"
        },
        {
          "si": 2,
          "sti": 2,
          "dti": 32,
          "sco": 20,
          "dco": 177,
          "txt": "."
        },
        {
          "si": 3,
          "sti": 0,
          "dti": 33,
          "sco": 0,
          "dco": 179,
          "txt": "His"
        },
        {
          "si": 3,
          "sti": 1,
          "dti": 34,
          "sco": 4,
          "dco": 183,
          "txt": "father"
        },
        {
          "si": 3,
          "sti": 2,
          "dti": 35,
          "sco": 11,
          "dco": 190,
          "txt": "is"
        },
        {
          "si": 3,
          "sti": 3,
          "dti": 36,
          "sco": 14,
          "dco": 193,
          "txt": "Equatoguinean"
        },
        {
          "si": 3,
          "sti": 4,
          "dti": 37,
          "sco": 28,
          "dco": 207,
          "txt": "and"
        },
        {
          "si": 3,
          "sti": 5,
          "dti": 38,
          "sco": 32,
          "dco": 211,
          "txt": "his"
        },
        {
          "si": 3,
          "sti": 6,
          "dti": 39,
          "sco": 36,
          "dco": 215,
          "txt": "mother"
        },
        {
          "si": 3,
          "sti": 7,
          "dti": 40,
          "sco": 43,
          "dco": 222,
          "txt": "is"
        },
        {
          "si": 3,
          "sti": 8,
          "dti": 41,
          "sco": 46,
          "dco": 225,
          "txt": "a"
        },
        {
          "si": 3,
          "sti": 9,
          "dti": 42,
          "sco": 48,
          "dco": 227,
          "txt": "Cameroonian"
        },
        {
          "si": 3,
          "sti": 10,
          "dti": 43,
          "sco": 60,
          "dco": 239,
          "txt": "making"
        },
        {
          "si": 3,
          "sti": 11,
          "dti": 44,
          "sco": 67,
          "dco": 246,
          "txt": "him"
        },
        {
          "si": 3,
          "sti": 12,
          "dti": 45,
          "sco": 71,
          "dco": 250,
          "txt": "eligible"
        },
        {
          "si": 3,
          "sti": 13,
          "dti": 46,
          "sco": 80,
          "dco": 259,
          "txt": "to"
        },
        {
          "si": 3,
          "sti": 14,
          "dti": 47,
          "sco": 83,
          "dco": 262,
          "txt": "represent"
        },
        {
          "si": 3,
          "sti": 15,
          "dti": 48,
          "sco": 93,
          "dco": 272,
          "txt": "either"
        },
        {
          "si": 3,
          "sti": 16,
          "dti": 49,
          "sco": 100,
          "dco": 279,
          "txt": "country"
        },
        {
          "si": 3,
          "sti": 17,
          "dti": 50,
          "sco": 108,
          "dco": 287,
          "txt": "at"
        },
        {
          "si": 3,
          "sti": 18,
          "dti": 51,
          "sco": 111,
          "dco": 290,
          "txt": "international"
        },
        {
          "si": 3,
          "sti": 19,
          "dti": 52,
          "sco": 125,
          "dco": 304,
          "txt": "level"
        },
        {
          "si": 3,
          "sti": 20,
          "dti": 53,
          "sco": 130,
          "dco": 309,
          "txt": "."
        },
        {
          "si": 4,
          "sti": 0,
          "dti": 54,
          "sco": 0,
          "dco": 311,
          "txt": "Nvomo"
        },
        {
          "si": 4,
          "sti": 1,
          "dti": 55,
          "sco": 6,
          "dco": 317,
          "txt": "has"
        },
        {
          "si": 4,
          "sti": 2,
          "dti": 56,
          "sco": 10,
          "dco": 321,
          "txt": "chosen"
        },
        {
          "si": 4,
          "sti": 3,
          "dti": 57,
          "sco": 17,
          "dco": 328,
          "txt": "to"
        },
        {
          "si": 4,
          "sti": 4,
          "dti": 58,
          "sco": 20,
          "dco": 331,
          "txt": "represent"
        },
        {
          "si": 4,
          "sti": 5,
          "dti": 59,
          "sco": 30,
          "dco": 341,
          "txt": "his"
        },
        {
          "si": 4,
          "sti": 6,
          "dti": 60,
          "sco": 34,
          "dco": 345,
          "txt": "country"
        },
        {
          "si": 4,
          "sti": 7,
          "dti": 61,
          "sco": 42,
          "dco": 353,
          "txt": "of"
        },
        {
          "si": 4,
          "sti": 8,
          "dti": 62,
          "sco": 45,
          "dco": 356,
          "txt": "birth"
        },
        {
          "si": 4,
          "sti": 9,
          "dti": 63,
          "sco": 50,
          "dco": 361,
          "txt": "."
        },
        {
          "si": 5,
          "sti": 0,
          "dti": 64,
          "sco": 0,
          "dco": 363,
          "txt": "He"
        },
        {
          "si": 5,
          "sti": 1,
          "dti": 65,
          "sco": 3,
          "dco": 366,
          "txt": "has"
        },
        {
          "si": 5,
          "sti": 2,
          "dti": 66,
          "sco": 7,
          "dco": 370,
          "txt": "been"
        },
        {
          "si": 5,
          "sti": 3,
          "dti": 67,
          "sco": 12,
          "dco": 375,
          "txt": "international"
        },
        {
          "si": 5,
          "sti": 4,
          "dti": 68,
          "sco": 26,
          "dco": 389,
          "txt": "with"
        },
        {
          "si": 5,
          "sti": 5,
          "dti": 69,
          "sco": 31,
          "dco": 394,
          "txt": "the"
        },
        {
          "si": 5,
          "sti": 6,
          "dti": 70,
          "sco": 35,
          "dco": 398,
          "txt": "Equatorial"
        },
        {
          "si": 5,
          "sti": 7,
          "dti": 71,
          "sco": 46,
          "dco": 409,
          "txt": "Guinea"
        },
        {
          "si": 5,
          "sti": 8,
          "dti": 72,
          "sco": 53,
          "dco": 416,
          "txt": "national"
        },
        {
          "si": 5,
          "sti": 9,
          "dti": 73,
          "sco": 62,
          "dco": 425,
          "txt": "football"
        },
        {
          "si": 5,
          "sti": 10,
          "dti": 74,
          "sco": 71,
          "dco": 434,
          "txt": "team"
        },
        {
          "si": 5,
          "sti": 11,
          "dti": 75,
          "sco": 75,
          "dco": 438,
          "txt": ","
        },
        {
          "si": 5,
          "sti": 12,
          "dti": 76,
          "sco": 77,
          "dco": 440,
          "txt": "at"
        },
        {
          "si": 5,
          "sti": 13,
          "dti": 77,
          "sco": 80,
          "dco": 443,
          "txt": "least"
        },
        {
          "si": 5,
          "sti": 14,
          "dti": 78,
          "sco": 85,
          "dco": 448,
          "txt": ","
        },
        {
          "si": 5,
          "sti": 15,
          "dti": 79,
          "sco": 87,
          "dco": 450,
          "txt": "in"
        },
        {
          "si": 5,
          "sti": 16,
          "dti": 80,
          "sco": 90,
          "dco": 453,
          "txt": "a"
        },
        {
          "si": 5,
          "sti": 17,
          "dti": 81,
          "sco": 92,
          "dco": 455,
          "txt": "World"
        },
        {
          "si": 5,
          "sti": 18,
          "dti": 82,
          "sco": 98,
          "dco": 461,
          "txt": "Cup"
        },
        {
          "si": 5,
          "sti": 19,
          "dti": 83,
          "sco": 102,
          "dco": 465,
          "txt": "2010"
        },
        {
          "si": 5,
          "sti": 20,
          "dti": 84,
          "sco": 107,
          "dco": 470,
          "txt": "Qualifying"
        },
        {
          "si": 5,
          "sti": 21,
          "dti": 85,
          "sco": 118,
          "dco": 481,
          "txt": "match"
        },
        {
          "si": 5,
          "sti": 22,
          "dti": 86,
          "sco": 124,
          "dco": 487,
          "txt": "against"
        },
        {
          "si": 5,
          "sti": 23,
          "dti": 87,
          "sco": 132,
          "dco": 495,
          "txt": "South"
        },
        {
          "si": 5,
          "sti": 24,
          "dti": 88,
          "sco": 138,
          "dco": 501,
          "txt": "Africa"
        },
        {
          "si": 5,
          "sti": 25,
          "dti": 89,
          "sco": 145,
          "dco": 508,
          "txt": "and"
        },
        {
          "si": 5,
          "sti": 26,
          "dti": 90,
          "sco": 149,
          "dco": 512,
          "txt": "in"
        },
        {
          "si": 5,
          "sti": 27,
          "dti": 91,
          "sco": 152,
          "dco": 515,
          "txt": "a"
        },
        {
          "si": 5,
          "sti": 28,
          "dti": 92,
          "sco": 154,
          "dco": 517,
          "txt": "friendly"
        },
        {
          "si": 5,
          "sti": 29,
          "dti": 93,
          "sco": 163,
          "dco": 526,
          "txt": "match"
        },
        {
          "si": 5,
          "sti": 30,
          "dti": 94,
          "sco": 169,
          "dco": 532,
          "txt": "against"
        },
        {
          "si": 5,
          "sti": 31,
          "dti": 95,
          "sco": 177,
          "dco": 540,
          "txt": "Mali"
        },
        {
          "si": 5,
          "sti": 32,
          "dti": 96,
          "sco": 181,
          "dco": 544,
          "txt": "."
        }
      ]
    },
    "ganns": {
      "dla": [],
      "la": [],
      "ea": [],
      "eta": [
        {
          "ra": {
            "ea": {
              "etn": "Carlos_Nvomo"
            }
          },
          "sfs": [
            [
              {
                "stn": "birthYear"
              },
              {
                "dla": {
                  "txt": {
                    "sff": "1983"
                  },
                  "et": {
                    "etn": "BirthYear"
                  },
                  "dp": {
                    "off": 47
                  }
                }
              }
            ],
            [
              {
                "stn": "deathYear"
              },
              {}
            ]
          ],
          "mfs": [
            [
              {
                "stn": "birthPlaces"
              },
              {
                "dla": [],
                "la": [],
                "ea": [
                  {
                    "etn": "Equatorial_Guinea"
                  },
                  {
                    "etn": "Bata,_Equatorial_Guinea"
                  }
                ],
                "eta": []
              }
            ],
            [
              {
                "stn": "teams"
              },
              {
                "dla": [],
                "la": [],
                "ea": [
                  {
                    "etn": "Deportivo_Mongomo"
                  },
                  {
                    "etn": "Equatorial_Guinea_national_football_team"
                  }
                ],
                "eta": []
              }
            ],
            [
              {
                "stn": "positions"
              },
              {
                "dla": [],
                "la": [],
                "ea": [
                  {
                    "etn": "Midfielder"
                  }
                ],
                "eta": []
              }
            ]
          ]
        }
      ]
    }
  }
]
