[
  {
    "context": "TRAIN",
    "doc": {
      "id": "Chadi_Hammami",
      "tl": [
        {
          "si": 0,
          "sti": 0,
          "dti": 0,
          "sco": 0,
          "dco": 0,
          "txt": "Chadi"
        },
        {
          "si": 0,
          "sti": 1,
          "dti": 1,
          "sco": 6,
          "dco": 6,
          "txt": "Hammami"
        },
        {
          "si": 0,
          "sti": 2,
          "dti": 2,
          "sco": 13,
          "dco": 13,
          "txt": "."
        },
        {
          "si": 1,
          "sti": 0,
          "dti": 3,
          "sco": 0,
          "dco": 15,
          "txt": "Chadi"
        },
        {
          "si": 1,
          "sti": 1,
          "dti": 4,
          "sco": 6,
          "dco": 21,
          "txt": "Hammami"
        },
        {
          "si": 1,
          "sti": 2,
          "dti": 5,
          "sco": 14,
          "dco": 29,
          "txt": "("
        },
        {
          "si": 1,
          "sti": 3,
          "dti": 6,
          "sco": 15,
          "dco": 30,
          "txt": "born"
        },
        {
          "si": 1,
          "sti": 4,
          "dti": 7,
          "sco": 20,
          "dco": 35,
          "txt": "14"
        },
        {
          "si": 1,
          "sti": 5,
          "dti": 8,
          "sco": 23,
          "dco": 38,
          "txt": "June"
        },
        {
          "si": 1,
          "sti": 6,
          "dti": 9,
          "sco": 28,
          "dco": 43,
          "txt": "1986"
        },
        {
          "si": 1,
          "sti": 7,
          "dti": 10,
          "sco": 32,
          "dco": 47,
          "txt": ")"
        },
        {
          "si": 1,
          "sti": 8,
          "dti": 11,
          "sco": 34,
          "dco": 49,
          "txt": "is"
        },
        {
          "si": 1,
          "sti": 9,
          "dti": 12,
          "sco": 37,
          "dco": 52,
          "txt": "a"
        },
        {
          "si": 1,
          "sti": 10,
          "dti": 13,
          "sco": 39,
          "dco": 54,
          "txt": "Tunisian"
        },
        {
          "si": 1,
          "sti": 11,
          "dti": 14,
          "sco": 48,
          "dco": 63,
          "txt": "international"
        },
        {
          "si": 1,
          "sti": 12,
          "dti": 15,
          "sco": 62,
          "dco": 77,
          "txt": "footballer"
        },
        {
          "si": 1,
          "sti": 13,
          "dti": 16,
          "sco": 73,
          "dco": 88,
          "txt": "who"
        },
        {
          "si": 1,
          "sti": 14,
          "dti": 17,
          "sco": 77,
          "dco": 92,
          "txt": "plays"
        },
        {
          "si": 1,
          "sti": 15,
          "dti": 18,
          "sco": 83,
          "dco": 98,
          "txt": "for"
        },
        {
          "si": 1,
          "sti": 16,
          "dti": 19,
          "sco": 87,
          "dco": 102,
          "txt": "Kuwait"
        },
        {
          "si": 1,
          "sti": 17,
          "dti": 20,
          "sco": 94,
          "dco": 109,
          "txt": "SC"
        },
        {
          "si": 1,
          "sti": 18,
          "dti": 21,
          "sco": 96,
          "dco": 111,
          "txt": ","
        },
        {
          "si": 1,
          "sti": 19,
          "dti": 22,
          "sco": 98,
          "dco": 113,
          "txt": "as"
        },
        {
          "si": 1,
          "sti": 20,
          "dti": 23,
          "sco": 101,
          "dco": 116,
          "txt": "a"
        },
        {
          "si": 1,
          "sti": 21,
          "dti": 24,
          "sco": 103,
          "dco": 118,
          "txt": "midfielder"
        },
        {
          "si": 1,
          "sti": 22,
          "dti": 25,
          "sco": 113,
          "dco": 128,
          "txt": "."
        },
        {
          "si": 2,
          "sti": 0,
          "dti": 26,
          "sco": 0,
          "dco": 130,
          "txt": "Career"
        },
        {
          "si": 2,
          "sti": 1,
          "dti": 27,
          "sco": 6,
          "dco": 136,
          "txt": "."
        },
        {
          "si": 3,
          "sti": 0,
          "dti": 28,
          "sco": 0,
          "dco": 138,
          "txt": "Born"
        },
        {
          "si": 3,
          "sti": 1,
          "dti": 29,
          "sco": 5,
          "dco": 143,
          "txt": "in"
        },
        {
          "si": 3,
          "sti": 2,
          "dti": 30,
          "sco": 8,
          "dco": 146,
          "txt": "Sfax"
        },
        {
          "si": 3,
          "sti": 3,
          "dti": 31,
          "sco": 12,
          "dco": 150,
          "txt": ","
        },
        {
          "si": 3,
          "sti": 4,
          "dti": 32,
          "sco": 14,
          "dco": 152,
          "txt": "Hammami"
        },
        {
          "si": 3,
          "sti": 5,
          "dti": 33,
          "sco": 22,
          "dco": 160,
          "txt": "has"
        },
        {
          "si": 3,
          "sti": 6,
          "dti": 34,
          "sco": 26,
          "dco": 164,
          "txt": "played"
        },
        {
          "si": 3,
          "sti": 7,
          "dti": 35,
          "sco": 33,
          "dco": 171,
          "txt": "for"
        },
        {
          "si": 3,
          "sti": 8,
          "dti": 36,
          "sco": 37,
          "dco": 175,
          "txt": "CS"
        },
        {
          "si": 3,
          "sti": 9,
          "dti": 37,
          "sco": 40,
          "dco": 178,
          "txt": "Sfaxien"
        },
        {
          "si": 3,
          "sti": 10,
          "dti": 38,
          "sco": 48,
          "dco": 186,
          "txt": "and"
        },
        {
          "si": 3,
          "sti": 11,
          "dti": 39,
          "sco": 52,
          "dco": 190,
          "txt": "Kuwait"
        },
        {
          "si": 3,
          "sti": 12,
          "dti": 40,
          "sco": 59,
          "dco": 197,
          "txt": "SC"
        },
        {
          "si": 3,
          "sti": 13,
          "dti": 41,
          "sco": 61,
          "dco": 199,
          "txt": "."
        },
        {
          "si": 4,
          "sti": 0,
          "dti": 42,
          "sco": 0,
          "dco": 201,
          "txt": "Hammami"
        },
        {
          "si": 4,
          "sti": 1,
          "dti": 43,
          "sco": 8,
          "dco": 209,
          "txt": "made"
        },
        {
          "si": 4,
          "sti": 2,
          "dti": 44,
          "sco": 13,
          "dco": 214,
          "txt": "his"
        },
        {
          "si": 4,
          "sti": 3,
          "dti": 45,
          "sco": 17,
          "dco": 218,
          "txt": "international"
        },
        {
          "si": 4,
          "sti": 4,
          "dti": 46,
          "sco": 31,
          "dco": 232,
          "txt": "debut"
        },
        {
          "si": 4,
          "sti": 5,
          "dti": 47,
          "sco": 37,
          "dco": 238,
          "txt": "for"
        },
        {
          "si": 4,
          "sti": 6,
          "dti": 48,
          "sco": 41,
          "dco": 242,
          "txt": "Tunisia"
        },
        {
          "si": 4,
          "sti": 7,
          "dti": 49,
          "sco": 49,
          "dco": 250,
          "txt": "in"
        },
        {
          "si": 4,
          "sti": 8,
          "dti": 50,
          "sco": 52,
          "dco": 253,
          "txt": "2007"
        },
        {
          "si": 4,
          "sti": 9,
          "dti": 51,
          "sco": 56,
          "dco": 257,
          "txt": ","
        },
        {
          "si": 4,
          "sti": 10,
          "dti": 52,
          "sco": 58,
          "dco": 259,
          "txt": "and"
        },
        {
          "si": 4,
          "sti": 11,
          "dti": 53,
          "sco": 62,
          "dco": 263,
          "txt": "represented"
        },
        {
          "si": 4,
          "sti": 12,
          "dti": 54,
          "sco": 74,
          "dco": 275,
          "txt": "them"
        },
        {
          "si": 4,
          "sti": 13,
          "dti": 55,
          "sco": 79,
          "dco": 280,
          "txt": "at"
        },
        {
          "si": 4,
          "sti": 14,
          "dti": 56,
          "sco": 82,
          "dco": 283,
          "txt": "the"
        },
        {
          "si": 4,
          "sti": 15,
          "dti": 57,
          "sco": 86,
          "dco": 287,
          "txt": "2010"
        },
        {
          "si": 4,
          "sti": 16,
          "dti": 58,
          "sco": 91,
          "dco": 292,
          "txt": "Africa"
        },
        {
          "si": 4,
          "sti": 17,
          "dti": 59,
          "sco": 98,
          "dco": 299,
          "txt": "Cup"
        },
        {
          "si": 4,
          "sti": 18,
          "dti": 60,
          "sco": 102,
          "dco": 303,
          "txt": "of"
        },
        {
          "si": 4,
          "sti": 19,
          "dti": 61,
          "sco": 105,
          "dco": 306,
          "txt": "Nations"
        },
        {
          "si": 4,
          "sti": 20,
          "dti": 62,
          "sco": 112,
          "dco": 313,
          "txt": "."
        },
        {
          "si": 5,
          "sti": 0,
          "dti": 63,
          "sco": 0,
          "dco": 315,
          "txt": "He"
        },
        {
          "si": 5,
          "sti": 1,
          "dti": 64,
          "sco": 3,
          "dco": 318,
          "txt": "has"
        },
        {
          "si": 5,
          "sti": 2,
          "dti": 65,
          "sco": 7,
          "dco": 322,
          "txt": "also"
        },
        {
          "si": 5,
          "sti": 3,
          "dti": 66,
          "sco": 12,
          "dco": 327,
          "txt": "appeared"
        },
        {
          "si": 5,
          "sti": 4,
          "dti": 67,
          "sco": 21,
          "dco": 336,
          "txt": "in"
        },
        {
          "si": 5,
          "sti": 5,
          "dti": 68,
          "sco": 24,
          "dco": 339,
          "txt": "FIFA"
        },
        {
          "si": 5,
          "sti": 6,
          "dti": 69,
          "sco": 29,
          "dco": 344,
          "txt": "World"
        },
        {
          "si": 5,
          "sti": 7,
          "dti": 70,
          "sco": 35,
          "dco": 350,
          "txt": "Cup"
        },
        {
          "si": 5,
          "sti": 8,
          "dti": 71,
          "sco": 39,
          "dco": 354,
          "txt": "qualifying"
        },
        {
          "si": 5,
          "sti": 9,
          "dti": 72,
          "sco": 50,
          "dco": 365,
          "txt": "matches"
        },
        {
          "si": 5,
          "sti": 10,
          "dti": 73,
          "sco": 57,
          "dco": 372,
          "txt": "."
        }
      ]
    },
    "ganns": {
      "dla": [],
      "la": [],
      "ea": [],
      "eta": [
        {
          "ra": {
            "ea": {
              "etn": "Chadi_Hammami"
            }
          },
          "sfs": [
            [
              {
                "stn": "birthYear"
              },
              {
                "dla": {
                  "txt": {
                    "sff": "1986"
                  },
                  "et": {
                    "etn": "BirthYear"
                  },
                  "dp": {
                    "off": 43
                  }
                }
              }
            ],
            [
              {
                "stn": "deathYear"
              },
              {}
            ]
          ],
          "mfs": [
            [
              {
                "stn": "position"
              },
              {
                "dla": [],
                "la": [],
                "ea": [
                  {
                    "etn": "Midfielder"
                  }
                ],
                "eta": []
              }
            ],
            [
              {
                "stn": "team"
              },
              {
                "dla": [],
                "la": [],
                "ea": [
                  {
                    "etn": "Kuwait_SC"
                  },
                  {
                    "etn": "CS_Sfaxien"
                  },
                  {
                    "etn": "Tunisia_national_football_team"
                  }
                ],
                "eta": []
              }
            ],
            [
              {
                "stn": "birthPlace"
              },
              {
                "dla": [],
                "la": [],
                "ea": [
                  {
                    "etn": "Tunisia"
                  },
                  {
                    "etn": "Sfax"
                  }
                ],
                "eta": []
              }
            ]
          ]
        }
      ]
    }
  }
]
