[
  {
    "context": "TRAIN",
    "doc": {
      "id": "Chris_Scannell",
      "tl": [
        {
          "si": 0,
          "sti": 0,
          "dti": 0,
          "sco": 0,
          "dco": 0,
          "txt": "Chris"
        },
        {
          "si": 0,
          "sti": 1,
          "dti": 1,
          "sco": 6,
          "dco": 6,
          "txt": "Scannell"
        },
        {
          "si": 0,
          "sti": 2,
          "dti": 2,
          "sco": 14,
          "dco": 14,
          "txt": "."
        },
        {
          "si": 1,
          "sti": 0,
          "dti": 3,
          "sco": 0,
          "dco": 16,
          "txt": "Chris"
        },
        {
          "si": 1,
          "sti": 1,
          "dti": 4,
          "sco": 6,
          "dco": 22,
          "txt": "Scannell"
        },
        {
          "si": 1,
          "sti": 2,
          "dti": 5,
          "sco": 15,
          "dco": 31,
          "txt": "("
        },
        {
          "si": 1,
          "sti": 3,
          "dti": 6,
          "sco": 16,
          "dco": 32,
          "txt": "born"
        },
        {
          "si": 1,
          "sti": 4,
          "dti": 7,
          "sco": 21,
          "dco": 37,
          "txt": "7"
        },
        {
          "si": 1,
          "sti": 5,
          "dti": 8,
          "sco": 23,
          "dco": 39,
          "txt": "September"
        },
        {
          "si": 1,
          "sti": 6,
          "dti": 9,
          "sco": 33,
          "dco": 49,
          "txt": "1977"
        },
        {
          "si": 1,
          "sti": 7,
          "dti": 10,
          "sco": 37,
          "dco": 53,
          "txt": ")"
        },
        {
          "si": 1,
          "sti": 8,
          "dti": 11,
          "sco": 39,
          "dco": 55,
          "txt": "is"
        },
        {
          "si": 1,
          "sti": 9,
          "dti": 12,
          "sco": 42,
          "dco": 58,
          "txt": "a"
        },
        {
          "si": 1,
          "sti": 10,
          "dti": 13,
          "sco": 44,
          "dco": 60,
          "txt": "professional"
        },
        {
          "si": 1,
          "sti": 11,
          "dti": 14,
          "sco": 57,
          "dco": 73,
          "txt": "footballer"
        },
        {
          "si": 1,
          "sti": 12,
          "dti": 15,
          "sco": 68,
          "dco": 84,
          "txt": "from"
        },
        {
          "si": 1,
          "sti": 13,
          "dti": 16,
          "sco": 73,
          "dco": 89,
          "txt": "Northern"
        },
        {
          "si": 1,
          "sti": 14,
          "dti": 17,
          "sco": 82,
          "dco": 98,
          "txt": "Ireland"
        },
        {
          "si": 1,
          "sti": 15,
          "dti": 18,
          "sco": 90,
          "dco": 106,
          "txt": "and"
        },
        {
          "si": 1,
          "sti": 16,
          "dti": 19,
          "sco": 94,
          "dco": 110,
          "txt": "plays"
        },
        {
          "si": 1,
          "sti": 17,
          "dti": 20,
          "sco": 100,
          "dco": 116,
          "txt": "for"
        },
        {
          "si": 1,
          "sti": 18,
          "dti": 21,
          "sco": 104,
          "dco": 120,
          "txt": "Cliftonville"
        },
        {
          "si": 1,
          "sti": 19,
          "dti": 22,
          "sco": 116,
          "dco": 132,
          "txt": "."
        },
        {
          "si": 2,
          "sti": 0,
          "dti": 23,
          "sco": 0,
          "dco": 134,
          "txt": "Scannell"
        },
        {
          "si": 2,
          "sti": 1,
          "dti": 24,
          "sco": 9,
          "dco": 143,
          "txt": "is"
        },
        {
          "si": 2,
          "sti": 2,
          "dti": 25,
          "sco": 12,
          "dco": 146,
          "txt": "one"
        },
        {
          "si": 2,
          "sti": 3,
          "dti": 26,
          "sco": 16,
          "dco": 150,
          "txt": "of"
        },
        {
          "si": 2,
          "sti": 4,
          "dti": 27,
          "sco": 19,
          "dco": 153,
          "txt": "Cliftonville"
        },
        {
          "si": 2,
          "sti": 5,
          "dti": 28,
          "sco": 31,
          "dco": 165,
          "txt": "'"
        },
        {
          "si": 2,
          "sti": 6,
          "dti": 29,
          "sco": 32,
          "dco": 166,
          "txt": "s"
        },
        {
          "si": 2,
          "sti": 7,
          "dti": 30,
          "sco": 34,
          "dco": 168,
          "txt": "all"
        },
        {
          "si": 2,
          "sti": 8,
          "dti": 31,
          "sco": 37,
          "dco": 171,
          "txt": "-"
        },
        {
          "si": 2,
          "sti": 9,
          "dti": 32,
          "sco": 38,
          "dco": 172,
          "txt": "time"
        },
        {
          "si": 2,
          "sti": 10,
          "dti": 33,
          "sco": 43,
          "dco": 177,
          "txt": "leading"
        },
        {
          "si": 2,
          "sti": 11,
          "dti": 34,
          "sco": 51,
          "dco": 185,
          "txt": "goalscorers"
        },
        {
          "si": 2,
          "sti": 12,
          "dti": 35,
          "sco": 63,
          "dco": 197,
          "txt": "having"
        },
        {
          "si": 2,
          "sti": 13,
          "dti": 36,
          "sco": 70,
          "dco": 204,
          "txt": "amassed"
        },
        {
          "si": 2,
          "sti": 14,
          "dti": 37,
          "sco": 78,
          "dco": 212,
          "txt": "over"
        },
        {
          "si": 2,
          "sti": 15,
          "dti": 38,
          "sco": 83,
          "dco": 217,
          "txt": "100"
        },
        {
          "si": 2,
          "sti": 16,
          "dti": 39,
          "sco": 87,
          "dco": 221,
          "txt": "goals"
        },
        {
          "si": 2,
          "sti": 17,
          "dti": 40,
          "sco": 93,
          "dco": 227,
          "txt": "for"
        },
        {
          "si": 2,
          "sti": 18,
          "dti": 41,
          "sco": 97,
          "dco": 231,
          "txt": "the"
        },
        {
          "si": 2,
          "sti": 19,
          "dti": 42,
          "sco": 101,
          "dco": 235,
          "txt": "club"
        },
        {
          "si": 2,
          "sti": 20,
          "dti": 43,
          "sco": 105,
          "dco": 239,
          "txt": "."
        },
        {
          "si": 3,
          "sti": 0,
          "dti": 44,
          "sco": 0,
          "dco": 241,
          "txt": "His"
        },
        {
          "si": 3,
          "sti": 1,
          "dti": 45,
          "sco": 4,
          "dco": 245,
          "txt": "brother"
        },
        {
          "si": 3,
          "sti": 2,
          "dti": 46,
          "sco": 12,
          "dco": 253,
          "txt": "Ronan"
        },
        {
          "si": 3,
          "sti": 3,
          "dti": 47,
          "sco": 18,
          "dco": 259,
          "txt": "also"
        },
        {
          "si": 3,
          "sti": 4,
          "dti": 48,
          "sco": 23,
          "dco": 264,
          "txt": "plays"
        },
        {
          "si": 3,
          "sti": 5,
          "dti": 49,
          "sco": 29,
          "dco": 270,
          "txt": "for"
        },
        {
          "si": 3,
          "sti": 6,
          "dti": 50,
          "sco": 33,
          "dco": 274,
          "txt": "the"
        },
        {
          "si": 3,
          "sti": 7,
          "dti": 51,
          "sco": 37,
          "dco": 278,
          "txt": "club"
        },
        {
          "si": 3,
          "sti": 8,
          "dti": 52,
          "sco": 41,
          "dco": 282,
          "txt": "."
        },
        {
          "si": 4,
          "sti": 0,
          "dti": 53,
          "sco": 0,
          "dco": 284,
          "txt": "Born"
        },
        {
          "si": 4,
          "sti": 1,
          "dti": 54,
          "sco": 5,
          "dco": 289,
          "txt": "in"
        },
        {
          "si": 4,
          "sti": 2,
          "dti": 55,
          "sco": 8,
          "dco": 292,
          "txt": "Belfast"
        },
        {
          "si": 4,
          "sti": 3,
          "dti": 56,
          "sco": 15,
          "dco": 299,
          "txt": ","
        },
        {
          "si": 4,
          "sti": 4,
          "dti": 57,
          "sco": 17,
          "dco": 301,
          "txt": "Scannell"
        },
        {
          "si": 4,
          "sti": 5,
          "dti": 58,
          "sco": 26,
          "dco": 310,
          "txt": "made"
        },
        {
          "si": 4,
          "sti": 6,
          "dti": 59,
          "sco": 31,
          "dco": 315,
          "txt": "his"
        },
        {
          "si": 4,
          "sti": 7,
          "dti": 60,
          "sco": 35,
          "dco": 319,
          "txt": "senior"
        },
        {
          "si": 4,
          "sti": 8,
          "dti": 61,
          "sco": 42,
          "dco": 326,
          "txt": "debut"
        },
        {
          "si": 4,
          "sti": 9,
          "dti": 62,
          "sco": 48,
          "dco": 332,
          "txt": "for"
        },
        {
          "si": 4,
          "sti": 10,
          "dti": 63,
          "sco": 52,
          "dco": 336,
          "txt": "Cliftonville"
        },
        {
          "si": 4,
          "sti": 11,
          "dti": 64,
          "sco": 65,
          "dco": 349,
          "txt": "against"
        },
        {
          "si": 4,
          "sti": 12,
          "dti": 65,
          "sco": 73,
          "dco": 357,
          "txt": "Ballymena"
        },
        {
          "si": 4,
          "sti": 13,
          "dti": 66,
          "sco": 83,
          "dco": 367,
          "txt": "United"
        },
        {
          "si": 4,
          "sti": 14,
          "dti": 67,
          "sco": 90,
          "dco": 374,
          "txt": "in"
        },
        {
          "si": 4,
          "sti": 15,
          "dti": 68,
          "sco": 93,
          "dco": 377,
          "txt": "September"
        },
        {
          "si": 4,
          "sti": 16,
          "dti": 69,
          "sco": 103,
          "dco": 387,
          "txt": "1998"
        },
        {
          "si": 4,
          "sti": 17,
          "dti": 70,
          "sco": 107,
          "dco": 391,
          "txt": "."
        },
        {
          "si": 5,
          "sti": 0,
          "dti": 71,
          "sco": 0,
          "dco": 393,
          "txt": "Despite"
        },
        {
          "si": 5,
          "sti": 1,
          "dti": 72,
          "sco": 8,
          "dco": 401,
          "txt": "a"
        },
        {
          "si": 5,
          "sti": 2,
          "dti": 73,
          "sco": 10,
          "dco": 403,
          "txt": "serious"
        },
        {
          "si": 5,
          "sti": 3,
          "dti": 74,
          "sco": 18,
          "dco": 411,
          "txt": "injury"
        },
        {
          "si": 5,
          "sti": 4,
          "dti": 75,
          "sco": 25,
          "dco": 418,
          "txt": "which"
        },
        {
          "si": 5,
          "sti": 5,
          "dti": 76,
          "sco": 31,
          "dco": 424,
          "txt": "threatened"
        },
        {
          "si": 5,
          "sti": 6,
          "dti": 77,
          "sco": 42,
          "dco": 435,
          "txt": "to"
        },
        {
          "si": 5,
          "sti": 7,
          "dti": 78,
          "sco": 45,
          "dco": 438,
          "txt": "ruin"
        },
        {
          "si": 5,
          "sti": 8,
          "dti": 79,
          "sco": 50,
          "dco": 443,
          "txt": "his"
        },
        {
          "si": 5,
          "sti": 9,
          "dti": 80,
          "sco": 54,
          "dco": 447,
          "txt": "career"
        },
        {
          "si": 5,
          "sti": 10,
          "dti": 81,
          "sco": 60,
          "dco": 453,
          "txt": ","
        },
        {
          "si": 5,
          "sti": 11,
          "dti": 82,
          "sco": 62,
          "dco": 455,
          "txt": "and"
        },
        {
          "si": 5,
          "sti": 12,
          "dti": 83,
          "sco": 66,
          "dco": 459,
          "txt": "kept"
        },
        {
          "si": 5,
          "sti": 13,
          "dti": 84,
          "sco": 71,
          "dco": 464,
          "txt": "him"
        },
        {
          "si": 5,
          "sti": 14,
          "dti": 85,
          "sco": 75,
          "dco": 468,
          "txt": "out"
        },
        {
          "si": 5,
          "sti": 15,
          "dti": 86,
          "sco": 79,
          "dco": 472,
          "txt": "of"
        },
        {
          "si": 5,
          "sti": 16,
          "dti": 87,
          "sco": 82,
          "dco": 475,
          "txt": "first"
        },
        {
          "si": 5,
          "sti": 17,
          "dti": 88,
          "sco": 88,
          "dco": 481,
          "txt": "team"
        },
        {
          "si": 5,
          "sti": 18,
          "dti": 89,
          "sco": 93,
          "dco": 486,
          "txt": "action"
        },
        {
          "si": 5,
          "sti": 19,
          "dti": 90,
          "sco": 100,
          "dco": 493,
          "txt": "for"
        },
        {
          "si": 5,
          "sti": 20,
          "dti": 91,
          "sco": 104,
          "dco": 497,
          "txt": "almost"
        },
        {
          "si": 5,
          "sti": 21,
          "dti": 92,
          "sco": 111,
          "dco": 504,
          "txt": "3"
        },
        {
          "si": 5,
          "sti": 22,
          "dti": 93,
          "sco": 113,
          "dco": 506,
          "txt": "years"
        },
        {
          "si": 5,
          "sti": 23,
          "dti": 94,
          "sco": 118,
          "dco": 511,
          "txt": ","
        },
        {
          "si": 5,
          "sti": 24,
          "dti": 95,
          "sco": 120,
          "dco": 513,
          "txt": "Scannell"
        },
        {
          "si": 5,
          "sti": 25,
          "dti": 96,
          "sco": 129,
          "dco": 522,
          "txt": "is"
        },
        {
          "si": 5,
          "sti": 26,
          "dti": 97,
          "sco": 132,
          "dco": 525,
          "txt": "one"
        },
        {
          "si": 5,
          "sti": 27,
          "dti": 98,
          "sco": 136,
          "dco": 529,
          "txt": "of"
        },
        {
          "si": 5,
          "sti": 28,
          "dti": 99,
          "sco": 139,
          "dco": 532,
          "txt": "the"
        },
        {
          "si": 5,
          "sti": 29,
          "dti": 100,
          "sco": 143,
          "dco": 536,
          "txt": "most"
        },
        {
          "si": 5,
          "sti": 30,
          "dti": 101,
          "sco": 148,
          "dco": 541,
          "txt": "prolific"
        },
        {
          "si": 5,
          "sti": 31,
          "dti": 102,
          "sco": 157,
          "dco": 550,
          "txt": "strikers"
        },
        {
          "si": 5,
          "sti": 32,
          "dti": 103,
          "sco": 166,
          "dco": 559,
          "txt": "in"
        },
        {
          "si": 5,
          "sti": 33,
          "dti": 104,
          "sco": 169,
          "dco": 562,
          "txt": "the"
        },
        {
          "si": 5,
          "sti": 34,
          "dti": 105,
          "sco": 173,
          "dco": 566,
          "txt": "club"
        },
        {
          "si": 5,
          "sti": 35,
          "dti": 106,
          "sco": 177,
          "dco": 570,
          "txt": "'"
        },
        {
          "si": 5,
          "sti": 36,
          "dti": 107,
          "sco": 178,
          "dco": 571,
          "txt": "s"
        },
        {
          "si": 5,
          "sti": 37,
          "dti": 108,
          "sco": 180,
          "dco": 573,
          "txt": "history"
        },
        {
          "si": 5,
          "sti": 38,
          "dti": 109,
          "sco": 187,
          "dco": 580,
          "txt": "."
        },
        {
          "si": 6,
          "sti": 0,
          "dti": 110,
          "sco": 0,
          "dco": 582,
          "txt": "He"
        },
        {
          "si": 6,
          "sti": 1,
          "dti": 111,
          "sco": 3,
          "dco": 585,
          "txt": "has"
        },
        {
          "si": 6,
          "sti": 2,
          "dti": 112,
          "sco": 7,
          "dco": 589,
          "txt": "scored"
        },
        {
          "si": 6,
          "sti": 3,
          "dti": 113,
          "sco": 14,
          "dco": 596,
          "txt": "over"
        },
        {
          "si": 6,
          "sti": 4,
          "dti": 114,
          "sco": 19,
          "dco": 601,
          "txt": "100"
        },
        {
          "si": 6,
          "sti": 5,
          "dti": 115,
          "sco": 23,
          "dco": 605,
          "txt": "goals"
        },
        {
          "si": 6,
          "sti": 6,
          "dti": 116,
          "sco": 29,
          "dco": 611,
          "txt": "for"
        },
        {
          "si": 6,
          "sti": 7,
          "dti": 117,
          "sco": 33,
          "dco": 615,
          "txt": "the"
        },
        {
          "si": 6,
          "sti": 8,
          "dti": 118,
          "sco": 37,
          "dco": 619,
          "txt": "club"
        },
        {
          "si": 6,
          "sti": 9,
          "dti": 119,
          "sco": 41,
          "dco": 623,
          "txt": "."
        },
        {
          "si": 7,
          "sti": 0,
          "dti": 120,
          "sco": 0,
          "dco": 625,
          "txt": "Scannell"
        },
        {
          "si": 7,
          "sti": 1,
          "dti": 121,
          "sco": 9,
          "dco": 634,
          "txt": "re"
        },
        {
          "si": 7,
          "sti": 2,
          "dti": 122,
          "sco": 11,
          "dco": 636,
          "txt": "-"
        },
        {
          "si": 7,
          "sti": 3,
          "dti": 123,
          "sco": 12,
          "dco": 637,
          "txt": "signed"
        },
        {
          "si": 7,
          "sti": 4,
          "dti": 124,
          "sco": 19,
          "dco": 644,
          "txt": "for"
        },
        {
          "si": 7,
          "sti": 5,
          "dti": 125,
          "sco": 23,
          "dco": 648,
          "txt": "the"
        },
        {
          "si": 7,
          "sti": 6,
          "dti": 126,
          "sco": 27,
          "dco": 652,
          "txt": "club"
        },
        {
          "si": 7,
          "sti": 7,
          "dti": 127,
          "sco": 32,
          "dco": 657,
          "txt": "in"
        },
        {
          "si": 7,
          "sti": 8,
          "dti": 128,
          "sco": 35,
          "dco": 660,
          "txt": "January"
        },
        {
          "si": 7,
          "sti": 9,
          "dti": 129,
          "sco": 43,
          "dco": 668,
          "txt": "2005"
        },
        {
          "si": 7,
          "sti": 10,
          "dti": 130,
          "sco": 47,
          "dco": 672,
          "txt": ","
        },
        {
          "si": 7,
          "sti": 11,
          "dti": 131,
          "sco": 49,
          "dco": 674,
          "txt": "following"
        },
        {
          "si": 7,
          "sti": 12,
          "dti": 132,
          "sco": 59,
          "dco": 684,
          "txt": "a"
        },
        {
          "si": 7,
          "sti": 13,
          "dti": 133,
          "sco": 61,
          "dco": 686,
          "txt": "year"
        },
        {
          "si": 7,
          "sti": 14,
          "dti": 134,
          "sco": 66,
          "dco": 691,
          "txt": "away"
        },
        {
          "si": 7,
          "sti": 15,
          "dti": 135,
          "sco": 71,
          "dco": 696,
          "txt": "in"
        },
        {
          "si": 7,
          "sti": 16,
          "dti": 136,
          "sco": 74,
          "dco": 699,
          "txt": "Australia"
        },
        {
          "si": 7,
          "sti": 17,
          "dti": 137,
          "sco": 84,
          "dco": 709,
          "txt": "for"
        },
        {
          "si": 7,
          "sti": 18,
          "dti": 138,
          "sco": 88,
          "dco": 713,
          "txt": "work"
        },
        {
          "si": 7,
          "sti": 19,
          "dti": 139,
          "sco": 93,
          "dco": 718,
          "txt": "reasons"
        },
        {
          "si": 7,
          "sti": 20,
          "dti": 140,
          "sco": 100,
          "dco": 725,
          "txt": ","
        },
        {
          "si": 7,
          "sti": 21,
          "dti": 141,
          "sco": 102,
          "dco": 727,
          "txt": "and"
        },
        {
          "si": 7,
          "sti": 22,
          "dti": 142,
          "sco": 106,
          "dco": 731,
          "txt": "his"
        },
        {
          "si": 7,
          "sti": 23,
          "dti": 143,
          "sco": 110,
          "dco": 735,
          "txt": "performances"
        },
        {
          "si": 7,
          "sti": 24,
          "dti": 144,
          "sco": 123,
          "dco": 748,
          "txt": "earned"
        },
        {
          "si": 7,
          "sti": 25,
          "dti": 145,
          "sco": 130,
          "dco": 755,
          "txt": "him"
        },
        {
          "si": 7,
          "sti": 26,
          "dti": 146,
          "sco": 134,
          "dco": 759,
          "txt": "the"
        },
        {
          "si": 7,
          "sti": 27,
          "dti": 147,
          "sco": 138,
          "dco": 763,
          "txt": "honour"
        },
        {
          "si": 7,
          "sti": 28,
          "dti": 148,
          "sco": 145,
          "dco": 770,
          "txt": "of"
        },
        {
          "si": 7,
          "sti": 29,
          "dti": 149,
          "sco": 148,
          "dco": 773,
          "txt": "captain"
        },
        {
          "si": 7,
          "sti": 30,
          "dti": 150,
          "sco": 156,
          "dco": 781,
          "txt": "from"
        },
        {
          "si": 7,
          "sti": 31,
          "dti": 151,
          "sco": 161,
          "dco": 786,
          "txt": "the"
        },
        {
          "si": 7,
          "sti": 32,
          "dti": 152,
          "sco": 165,
          "dco": 790,
          "txt": "2008"
        },
        {
          "si": 7,
          "sti": 33,
          "dti": 153,
          "sco": 169,
          "dco": 794,
          "txt": "/"
        },
        {
          "si": 7,
          "sti": 34,
          "dti": 154,
          "sco": 170,
          "dco": 795,
          "txt": "2009"
        },
        {
          "si": 7,
          "sti": 35,
          "dti": 155,
          "sco": 175,
          "dco": 800,
          "txt": "season"
        },
        {
          "si": 7,
          "sti": 36,
          "dti": 156,
          "sco": 181,
          "dco": 806,
          "txt": "."
        },
        {
          "si": 8,
          "sti": 0,
          "dti": 157,
          "sco": 0,
          "dco": 808,
          "txt": "Captaincy"
        },
        {
          "si": 8,
          "sti": 1,
          "dti": 158,
          "sco": 10,
          "dco": 818,
          "txt": "was"
        },
        {
          "si": 8,
          "sti": 2,
          "dti": 159,
          "sco": 14,
          "dco": 822,
          "txt": "not"
        },
        {
          "si": 8,
          "sti": 3,
          "dti": 160,
          "sco": 18,
          "dco": 826,
          "txt": "the"
        },
        {
          "si": 8,
          "sti": 4,
          "dti": 161,
          "sco": 22,
          "dco": 830,
          "txt": "only"
        },
        {
          "si": 8,
          "sti": 5,
          "dti": 162,
          "sco": 27,
          "dco": 835,
          "txt": "honour"
        },
        {
          "si": 8,
          "sti": 6,
          "dti": 163,
          "sco": 34,
          "dco": 842,
          "txt": "Scannell"
        },
        {
          "si": 8,
          "sti": 7,
          "dti": 164,
          "sco": 43,
          "dco": 851,
          "txt": "earned"
        },
        {
          "si": 8,
          "sti": 8,
          "dti": 165,
          "sco": 50,
          "dco": 858,
          "txt": "that"
        },
        {
          "si": 8,
          "sti": 9,
          "dti": 166,
          "sco": 55,
          "dco": 863,
          "txt": "season"
        },
        {
          "si": 8,
          "sti": 10,
          "dti": 167,
          "sco": 61,
          "dco": 869,
          "txt": "."
        },
        {
          "si": 9,
          "sti": 0,
          "dti": 168,
          "sco": 0,
          "dco": 871,
          "txt": "Along"
        },
        {
          "si": 9,
          "sti": 1,
          "dti": 169,
          "sco": 6,
          "dco": 877,
          "txt": "with"
        },
        {
          "si": 9,
          "sti": 2,
          "dti": 170,
          "sco": 11,
          "dco": 882,
          "txt": "adding"
        },
        {
          "si": 9,
          "sti": 3,
          "dti": 171,
          "sco": 18,
          "dco": 889,
          "txt": "his"
        },
        {
          "si": 9,
          "sti": 4,
          "dti": 172,
          "sco": 22,
          "dco": 893,
          "txt": "name"
        },
        {
          "si": 9,
          "sti": 5,
          "dti": 173,
          "sco": 27,
          "dco": 898,
          "txt": "to"
        },
        {
          "si": 9,
          "sti": 6,
          "dti": 174,
          "sco": 30,
          "dco": 901,
          "txt": "the"
        },
        {
          "si": 9,
          "sti": 7,
          "dti": 175,
          "sco": 34,
          "dco": 905,
          "txt": "list"
        },
        {
          "si": 9,
          "sti": 8,
          "dti": 176,
          "sco": 39,
          "dco": 910,
          "txt": "of"
        },
        {
          "si": 9,
          "sti": 9,
          "dti": 177,
          "sco": 42,
          "dco": 913,
          "txt": "Cliftonville"
        },
        {
          "si": 9,
          "sti": 10,
          "dti": 178,
          "sco": 55,
          "dco": 926,
          "txt": "forwards"
        },
        {
          "si": 9,
          "sti": 11,
          "dti": 179,
          "sco": 64,
          "dco": 935,
          "txt": "to"
        },
        {
          "si": 9,
          "sti": 12,
          "dti": 180,
          "sco": 67,
          "dco": 938,
          "txt": "score"
        },
        {
          "si": 9,
          "sti": 13,
          "dti": 181,
          "sco": 73,
          "dco": 944,
          "txt": "more"
        },
        {
          "si": 9,
          "sti": 14,
          "dti": 182,
          "sco": 78,
          "dco": 949,
          "txt": "than"
        },
        {
          "si": 9,
          "sti": 15,
          "dti": 183,
          "sco": 83,
          "dco": 954,
          "txt": "20"
        },
        {
          "si": 9,
          "sti": 16,
          "dti": 184,
          "sco": 86,
          "dco": 957,
          "txt": "goals"
        },
        {
          "si": 9,
          "sti": 17,
          "dti": 185,
          "sco": 92,
          "dco": 963,
          "txt": "in"
        },
        {
          "si": 9,
          "sti": 18,
          "dti": 186,
          "sco": 95,
          "dco": 966,
          "txt": "one"
        },
        {
          "si": 9,
          "sti": 19,
          "dti": 187,
          "sco": 99,
          "dco": 970,
          "txt": "season"
        },
        {
          "si": 9,
          "sti": 20,
          "dti": 188,
          "sco": 105,
          "dco": 976,
          "txt": ","
        },
        {
          "si": 9,
          "sti": 21,
          "dti": 189,
          "sco": 107,
          "dco": 978,
          "txt": "Scannell"
        },
        {
          "si": 9,
          "sti": 22,
          "dti": 190,
          "sco": 116,
          "dco": 987,
          "txt": "was"
        },
        {
          "si": 9,
          "sti": 23,
          "dti": 191,
          "sco": 120,
          "dco": 991,
          "txt": "named"
        },
        {
          "si": 9,
          "sti": 24,
          "dti": 192,
          "sco": 126,
          "dco": 997,
          "txt": "Ulster"
        },
        {
          "si": 9,
          "sti": 25,
          "dti": 193,
          "sco": 133,
          "dco": 1004,
          "txt": "Footballer"
        },
        {
          "si": 9,
          "sti": 26,
          "dti": 194,
          "sco": 144,
          "dco": 1015,
          "txt": "of"
        },
        {
          "si": 9,
          "sti": 27,
          "dti": 195,
          "sco": 147,
          "dco": 1018,
          "txt": "the"
        },
        {
          "si": 9,
          "sti": 28,
          "dti": 196,
          "sco": 151,
          "dco": 1022,
          "txt": "Year"
        },
        {
          "si": 9,
          "sti": 29,
          "dti": 197,
          "sco": 156,
          "dco": 1027,
          "txt": "and"
        },
        {
          "si": 9,
          "sti": 30,
          "dti": 198,
          "sco": 160,
          "dco": 1031,
          "txt": "NI"
        },
        {
          "si": 9,
          "sti": 31,
          "dti": 199,
          "sco": 163,
          "dco": 1034,
          "txt": "Football"
        },
        {
          "si": 9,
          "sti": 32,
          "dti": 200,
          "sco": 172,
          "dco": 1043,
          "txt": "Writers"
        },
        {
          "si": 9,
          "sti": 33,
          "dti": 201,
          "sco": 179,
          "dco": 1050,
          "txt": "'"
        },
        {
          "si": 9,
          "sti": 34,
          "dti": 202,
          "sco": 181,
          "dco": 1052,
          "txt": "Player"
        },
        {
          "si": 9,
          "sti": 35,
          "dti": 203,
          "sco": 188,
          "dco": 1059,
          "txt": "of"
        },
        {
          "si": 9,
          "sti": 36,
          "dti": 204,
          "sco": 191,
          "dco": 1062,
          "txt": "the"
        },
        {
          "si": 9,
          "sti": 37,
          "dti": 205,
          "sco": 195,
          "dco": 1066,
          "txt": "Year"
        },
        {
          "si": 9,
          "sti": 38,
          "dti": 206,
          "sco": 200,
          "dco": 1071,
          "txt": "after"
        },
        {
          "si": 9,
          "sti": 39,
          "dti": 207,
          "sco": 206,
          "dco": 1077,
          "txt": "leading"
        },
        {
          "si": 9,
          "sti": 40,
          "dti": 208,
          "sco": 214,
          "dco": 1085,
          "txt": "his"
        },
        {
          "si": 9,
          "sti": 41,
          "dti": 209,
          "sco": 218,
          "dco": 1089,
          "txt": "side"
        },
        {
          "si": 9,
          "sti": 42,
          "dti": 210,
          "sco": 223,
          "dco": 1094,
          "txt": "to"
        },
        {
          "si": 9,
          "sti": 43,
          "dti": 211,
          "sco": 226,
          "dco": 1097,
          "txt": "their"
        },
        {
          "si": 9,
          "sti": 44,
          "dti": 212,
          "sco": 232,
          "dco": 1103,
          "txt": "first"
        },
        {
          "si": 9,
          "sti": 45,
          "dti": 213,
          "sco": 238,
          "dco": 1109,
          "txt": "Irish"
        },
        {
          "si": 9,
          "sti": 46,
          "dti": 214,
          "sco": 244,
          "dco": 1115,
          "txt": "Cup"
        },
        {
          "si": 9,
          "sti": 47,
          "dti": 215,
          "sco": 248,
          "dco": 1119,
          "txt": "Final"
        },
        {
          "si": 9,
          "sti": 48,
          "dti": 216,
          "sco": 254,
          "dco": 1125,
          "txt": "in"
        },
        {
          "si": 9,
          "sti": 49,
          "dti": 217,
          "sco": 257,
          "dco": 1128,
          "txt": "a"
        },
        {
          "si": 9,
          "sti": 50,
          "dti": 218,
          "sco": 259,
          "dco": 1130,
          "txt": "decade"
        },
        {
          "si": 9,
          "sti": 51,
          "dti": 219,
          "sco": 265,
          "dco": 1136,
          "txt": "."
        }
      ]
    },
    "ganns": {
      "dla": [],
      "la": [],
      "ea": [],
      "eta": [
        {
          "ra": {
            "ea": {
              "etn": "Chris_Scannell"
            }
          },
          "sfs": [
            [
              {
                "stn": "birthYear"
              },
              {
                "dla": {
                  "txt": {
                    "sff": "1977"
                  },
                  "et": {
                    "etn": "BirthYear"
                  },
                  "dp": {
                    "off": 49
                  }
                }
              }
            ],
            [
              {
                "stn": "deathYear"
              },
              {}
            ]
          ],
          "mfs": [
            [
              {
                "stn": "birthPlaces"
              },
              {
                "dla": [],
                "la": [],
                "ea": [
                  {
                    "etn": "Belfast"
                  },
                  {
                    "etn": "Northern_Ireland"
                  }
                ],
                "eta": []
              }
            ],
            [
              {
                "stn": "teams"
              },
              {
                "dla": [],
                "la": [],
                "ea": [
                  {
                    "etn": "Cliftonville_F.C."
                  }
                ],
                "eta": []
              }
            ],
            [
              {
                "stn": "positions"
              },
              {
                "dla": [],
                "la": [],
                "ea": [
                  {
                    "etn": "Forward_(association_football)"
                  }
                ],
                "eta": []
              }
            ]
          ]
        }
      ]
    }
  }
]
