[
  {
    "context": "TRAIN",
    "doc": {
      "id": "Christian_Dean",
      "tl": [
        {
          "si": 0,
          "sti": 0,
          "dti": 0,
          "sco": 0,
          "dco": 0,
          "txt": "Christian"
        },
        {
          "si": 0,
          "sti": 1,
          "dti": 1,
          "sco": 10,
          "dco": 10,
          "txt": "Dean"
        },
        {
          "si": 0,
          "sti": 2,
          "dti": 2,
          "sco": 14,
          "dco": 14,
          "txt": "."
        },
        {
          "si": 1,
          "sti": 0,
          "dti": 3,
          "sco": 0,
          "dco": 16,
          "txt": "Christian"
        },
        {
          "si": 1,
          "sti": 1,
          "dti": 4,
          "sco": 10,
          "dco": 26,
          "txt": "Dean"
        },
        {
          "si": 1,
          "sti": 2,
          "dti": 5,
          "sco": 15,
          "dco": 31,
          "txt": "("
        },
        {
          "si": 1,
          "sti": 3,
          "dti": 6,
          "sco": 16,
          "dco": 32,
          "txt": "born"
        },
        {
          "si": 1,
          "sti": 4,
          "dti": 7,
          "sco": 21,
          "dco": 37,
          "txt": "March"
        },
        {
          "si": 1,
          "sti": 5,
          "dti": 8,
          "sco": 27,
          "dco": 43,
          "txt": "14"
        },
        {
          "si": 1,
          "sti": 6,
          "dti": 9,
          "sco": 29,
          "dco": 45,
          "txt": ","
        },
        {
          "si": 1,
          "sti": 7,
          "dti": 10,
          "sco": 31,
          "dco": 47,
          "txt": "1993"
        },
        {
          "si": 1,
          "sti": 8,
          "dti": 11,
          "sco": 35,
          "dco": 51,
          "txt": ")"
        },
        {
          "si": 1,
          "sti": 9,
          "dti": 12,
          "sco": 37,
          "dco": 53,
          "txt": "is"
        },
        {
          "si": 1,
          "sti": 10,
          "dti": 13,
          "sco": 40,
          "dco": 56,
          "txt": "an"
        },
        {
          "si": 1,
          "sti": 11,
          "dti": 14,
          "sco": 43,
          "dco": 59,
          "txt": "American"
        },
        {
          "si": 1,
          "sti": 12,
          "dti": 15,
          "sco": 52,
          "dco": 68,
          "txt": "professional"
        },
        {
          "si": 1,
          "sti": 13,
          "dti": 16,
          "sco": 65,
          "dco": 81,
          "txt": "soccer"
        },
        {
          "si": 1,
          "sti": 14,
          "dti": 17,
          "sco": 72,
          "dco": 88,
          "txt": "player"
        },
        {
          "si": 1,
          "sti": 15,
          "dti": 18,
          "sco": 79,
          "dco": 95,
          "txt": "who"
        },
        {
          "si": 1,
          "sti": 16,
          "dti": 19,
          "sco": 83,
          "dco": 99,
          "txt": "plays"
        },
        {
          "si": 1,
          "sti": 17,
          "dti": 20,
          "sco": 89,
          "dco": 105,
          "txt": "as"
        },
        {
          "si": 1,
          "sti": 18,
          "dti": 21,
          "sco": 92,
          "dco": 108,
          "txt": "a"
        },
        {
          "si": 1,
          "sti": 19,
          "dti": 22,
          "sco": 94,
          "dco": 110,
          "txt": "centre"
        },
        {
          "si": 1,
          "sti": 20,
          "dti": 23,
          "sco": 101,
          "dco": 117,
          "txt": "back"
        },
        {
          "si": 1,
          "sti": 21,
          "dti": 24,
          "sco": 106,
          "dco": 122,
          "txt": "for"
        },
        {
          "si": 1,
          "sti": 22,
          "dti": 25,
          "sco": 110,
          "dco": 126,
          "txt": "the"
        },
        {
          "si": 1,
          "sti": 23,
          "dti": 26,
          "sco": 114,
          "dco": 130,
          "txt": "Vancouver"
        },
        {
          "si": 1,
          "sti": 24,
          "dti": 27,
          "sco": 124,
          "dco": 140,
          "txt": "Whitecaps"
        },
        {
          "si": 1,
          "sti": 25,
          "dti": 28,
          "sco": 134,
          "dco": 150,
          "txt": "FC"
        },
        {
          "si": 1,
          "sti": 26,
          "dti": 29,
          "sco": 137,
          "dco": 153,
          "txt": "in"
        },
        {
          "si": 1,
          "sti": 27,
          "dti": 30,
          "sco": 140,
          "dco": 156,
          "txt": "Major"
        },
        {
          "si": 1,
          "sti": 28,
          "dti": 31,
          "sco": 146,
          "dco": 162,
          "txt": "League"
        },
        {
          "si": 1,
          "sti": 29,
          "dti": 32,
          "sco": 153,
          "dco": 169,
          "txt": "Soccer"
        },
        {
          "si": 1,
          "sti": 30,
          "dti": 33,
          "sco": 159,
          "dco": 175,
          "txt": "."
        },
        {
          "si": 2,
          "sti": 0,
          "dti": 34,
          "sco": 0,
          "dco": 177,
          "txt": "Early"
        },
        {
          "si": 2,
          "sti": 1,
          "dti": 35,
          "sco": 5,
          "dco": 182,
          "txt": "."
        },
        {
          "si": 3,
          "sti": 0,
          "dti": 36,
          "sco": 0,
          "dco": 184,
          "txt": "Born"
        },
        {
          "si": 3,
          "sti": 1,
          "dti": 37,
          "sco": 5,
          "dco": 189,
          "txt": "in"
        },
        {
          "si": 3,
          "sti": 2,
          "dti": 38,
          "sco": 8,
          "dco": 192,
          "txt": "East"
        },
        {
          "si": 3,
          "sti": 3,
          "dti": 39,
          "sco": 13,
          "dco": 197,
          "txt": "Palo"
        },
        {
          "si": 3,
          "sti": 4,
          "dti": 40,
          "sco": 18,
          "dco": 202,
          "txt": "Alto"
        },
        {
          "si": 3,
          "sti": 5,
          "dti": 41,
          "sco": 22,
          "dco": 206,
          "txt": ","
        },
        {
          "si": 3,
          "sti": 6,
          "dti": 42,
          "sco": 24,
          "dco": 208,
          "txt": "California"
        },
        {
          "si": 3,
          "sti": 7,
          "dti": 43,
          "sco": 34,
          "dco": 218,
          "txt": ","
        },
        {
          "si": 3,
          "sti": 8,
          "dti": 44,
          "sco": 36,
          "dco": 220,
          "txt": "Dean"
        },
        {
          "si": 3,
          "sti": 9,
          "dti": 45,
          "sco": 41,
          "dco": 225,
          "txt": "began"
        },
        {
          "si": 3,
          "sti": 10,
          "dti": 46,
          "sco": 47,
          "dco": 231,
          "txt": "his"
        },
        {
          "si": 3,
          "sti": 11,
          "dti": 47,
          "sco": 51,
          "dco": 235,
          "txt": "youth"
        },
        {
          "si": 3,
          "sti": 12,
          "dti": 48,
          "sco": 57,
          "dco": 241,
          "txt": "soccer"
        },
        {
          "si": 3,
          "sti": 13,
          "dti": 49,
          "sco": 64,
          "dco": 248,
          "txt": "career"
        },
        {
          "si": 3,
          "sti": 14,
          "dti": 50,
          "sco": 71,
          "dco": 255,
          "txt": "at"
        },
        {
          "si": 3,
          "sti": 15,
          "dti": 51,
          "sco": 74,
          "dco": 258,
          "txt": "the"
        },
        {
          "si": 3,
          "sti": 16,
          "dti": 52,
          "sco": 78,
          "dco": 262,
          "txt": "youth"
        },
        {
          "si": 3,
          "sti": 17,
          "dti": 53,
          "sco": 84,
          "dco": 268,
          "txt": "teams"
        },
        {
          "si": 3,
          "sti": 18,
          "dti": 54,
          "sco": 90,
          "dco": 274,
          "txt": "of"
        },
        {
          "si": 3,
          "sti": 19,
          "dti": 55,
          "sco": 93,
          "dco": 277,
          "txt": "Palo"
        },
        {
          "si": 3,
          "sti": 20,
          "dti": 56,
          "sco": 98,
          "dco": 282,
          "txt": "Alto"
        },
        {
          "si": 3,
          "sti": 21,
          "dti": 57,
          "sco": 103,
          "dco": 287,
          "txt": "Football"
        },
        {
          "si": 3,
          "sti": 22,
          "dti": 58,
          "sco": 112,
          "dco": 296,
          "txt": "Club"
        },
        {
          "si": 3,
          "sti": 23,
          "dti": 59,
          "sco": 116,
          "dco": 300,
          "txt": ","
        },
        {
          "si": 3,
          "sti": 24,
          "dti": 60,
          "sco": 118,
          "dco": 302,
          "txt": "Santa"
        },
        {
          "si": 3,
          "sti": 25,
          "dti": 61,
          "sco": 124,
          "dco": 308,
          "txt": "Clara"
        },
        {
          "si": 3,
          "sti": 26,
          "dti": 62,
          "sco": 130,
          "dco": 314,
          "txt": "Sporting"
        },
        {
          "si": 3,
          "sti": 27,
          "dti": 63,
          "sco": 139,
          "dco": 323,
          "txt": "FC"
        },
        {
          "si": 3,
          "sti": 28,
          "dti": 64,
          "sco": 142,
          "dco": 326,
          "txt": "and"
        },
        {
          "si": 3,
          "sti": 29,
          "dti": 65,
          "sco": 146,
          "dco": 330,
          "txt": "De"
        },
        {
          "si": 3,
          "sti": 30,
          "dti": 66,
          "sco": 149,
          "dco": 333,
          "txt": "Anza"
        },
        {
          "si": 3,
          "sti": 31,
          "dti": 67,
          "sco": 154,
          "dco": 338,
          "txt": "Force"
        },
        {
          "si": 3,
          "sti": 32,
          "dti": 68,
          "sco": 160,
          "dco": 344,
          "txt": "Soccer"
        },
        {
          "si": 3,
          "sti": 33,
          "dti": 69,
          "sco": 167,
          "dco": 351,
          "txt": "Club"
        },
        {
          "si": 3,
          "sti": 34,
          "dti": 70,
          "sco": 171,
          "dco": 355,
          "txt": "."
        },
        {
          "si": 4,
          "sti": 0,
          "dti": 71,
          "sco": 0,
          "dco": 357,
          "txt": "He"
        },
        {
          "si": 4,
          "sti": 1,
          "dti": 72,
          "sco": 3,
          "dco": 360,
          "txt": "was"
        },
        {
          "si": 4,
          "sti": 2,
          "dti": 73,
          "sco": 7,
          "dco": 364,
          "txt": "also"
        },
        {
          "si": 4,
          "sti": 3,
          "dti": 74,
          "sco": 12,
          "dco": 369,
          "txt": "selected"
        },
        {
          "si": 4,
          "sti": 4,
          "dti": 75,
          "sco": 21,
          "dco": 378,
          "txt": "into"
        },
        {
          "si": 4,
          "sti": 5,
          "dti": 76,
          "sco": 26,
          "dco": 383,
          "txt": "the"
        },
        {
          "si": 4,
          "sti": 6,
          "dti": 77,
          "sco": 30,
          "dco": 387,
          "txt": "National"
        },
        {
          "si": 4,
          "sti": 7,
          "dti": 78,
          "sco": 39,
          "dco": 396,
          "txt": "Academy"
        },
        {
          "si": 4,
          "sti": 8,
          "dti": 79,
          "sco": 47,
          "dco": 404,
          "txt": "Select"
        },
        {
          "si": 4,
          "sti": 9,
          "dti": 80,
          "sco": 54,
          "dco": 411,
          "txt": "93"
        },
        {
          "si": 4,
          "sti": 10,
          "dti": 81,
          "sco": 57,
          "dco": 414,
          "txt": "teams"
        },
        {
          "si": 4,
          "sti": 11,
          "dti": 82,
          "sco": 63,
          "dco": 420,
          "txt": "in"
        },
        {
          "si": 4,
          "sti": 12,
          "dti": 83,
          "sco": 66,
          "dco": 423,
          "txt": "2009"
        },
        {
          "si": 4,
          "sti": 13,
          "dti": 84,
          "sco": 71,
          "dco": 428,
          "txt": "and"
        },
        {
          "si": 4,
          "sti": 14,
          "dti": 85,
          "sco": 75,
          "dco": 432,
          "txt": "2010"
        },
        {
          "si": 4,
          "sti": 15,
          "dti": 86,
          "sco": 80,
          "dco": 437,
          "txt": "for"
        },
        {
          "si": 4,
          "sti": 16,
          "dti": 87,
          "sco": 84,
          "dco": 441,
          "txt": "the"
        },
        {
          "si": 4,
          "sti": 17,
          "dti": 88,
          "sco": 88,
          "dco": 445,
          "txt": "West"
        },
        {
          "si": 4,
          "sti": 18,
          "dti": 89,
          "sco": 93,
          "dco": 450,
          "txt": "and"
        },
        {
          "si": 4,
          "sti": 19,
          "dti": 90,
          "sco": 97,
          "dco": 454,
          "txt": "won"
        },
        {
          "si": 4,
          "sti": 20,
          "dti": 91,
          "sco": 101,
          "dco": 458,
          "txt": "the"
        },
        {
          "si": 4,
          "sti": 21,
          "dti": 92,
          "sco": 105,
          "dco": 462,
          "txt": "2010"
        },
        {
          "si": 4,
          "sti": 22,
          "dti": 93,
          "sco": 110,
          "dco": 467,
          "txt": "New"
        },
        {
          "si": 4,
          "sti": 23,
          "dti": 94,
          "sco": 114,
          "dco": 471,
          "txt": "York"
        },
        {
          "si": 4,
          "sti": 24,
          "dti": 95,
          "sco": 119,
          "dco": 476,
          "txt": "Red"
        },
        {
          "si": 4,
          "sti": 25,
          "dti": 96,
          "sco": 123,
          "dco": 480,
          "txt": "Bulls"
        },
        {
          "si": 4,
          "sti": 26,
          "dti": 97,
          "sco": 129,
          "dco": 486,
          "txt": "National"
        },
        {
          "si": 4,
          "sti": 27,
          "dti": 98,
          "sco": 138,
          "dco": 495,
          "txt": "High"
        },
        {
          "si": 4,
          "sti": 28,
          "dti": 99,
          "sco": 143,
          "dco": 500,
          "txt": "School"
        },
        {
          "si": 4,
          "sti": 29,
          "dti": 100,
          "sco": 150,
          "dco": 507,
          "txt": "Cup"
        },
        {
          "si": 4,
          "sti": 30,
          "dti": 101,
          "sco": 153,
          "dco": 510,
          "txt": "."
        },
        {
          "si": 5,
          "sti": 0,
          "dti": 102,
          "sco": 0,
          "dco": 512,
          "txt": "He"
        },
        {
          "si": 5,
          "sti": 1,
          "dti": 103,
          "sco": 3,
          "dco": 515,
          "txt": "then"
        },
        {
          "si": 5,
          "sti": 2,
          "dti": 104,
          "sco": 8,
          "dco": 520,
          "txt": "went"
        },
        {
          "si": 5,
          "sti": 3,
          "dti": 105,
          "sco": 13,
          "dco": 525,
          "txt": "on"
        },
        {
          "si": 5,
          "sti": 4,
          "dti": 106,
          "sco": 16,
          "dco": 528,
          "txt": "to"
        },
        {
          "si": 5,
          "sti": 5,
          "dti": 107,
          "sco": 19,
          "dco": 531,
          "txt": "attend"
        },
        {
          "si": 5,
          "sti": 6,
          "dti": 108,
          "sco": 26,
          "dco": 538,
          "txt": "the"
        },
        {
          "si": 5,
          "sti": 7,
          "dti": 109,
          "sco": 30,
          "dco": 542,
          "txt": "University"
        },
        {
          "si": 5,
          "sti": 8,
          "dti": 110,
          "sco": 41,
          "dco": 553,
          "txt": "of"
        },
        {
          "si": 5,
          "sti": 9,
          "dti": 111,
          "sco": 44,
          "dco": 556,
          "txt": "California"
        },
        {
          "si": 5,
          "sti": 10,
          "dti": 112,
          "sco": 54,
          "dco": 566,
          "txt": ","
        },
        {
          "si": 5,
          "sti": 11,
          "dti": 113,
          "sco": 56,
          "dco": 568,
          "txt": "Berkeley"
        },
        {
          "si": 5,
          "sti": 12,
          "dti": 114,
          "sco": 65,
          "dco": 577,
          "txt": "where"
        },
        {
          "si": 5,
          "sti": 13,
          "dti": 115,
          "sco": 71,
          "dco": 583,
          "txt": "he"
        },
        {
          "si": 5,
          "sti": 14,
          "dti": 116,
          "sco": 74,
          "dco": 586,
          "txt": "played"
        },
        {
          "si": 5,
          "sti": 15,
          "dti": 117,
          "sco": 81,
          "dco": 593,
          "txt": "college"
        },
        {
          "si": 5,
          "sti": 16,
          "dti": 118,
          "sco": 89,
          "dco": 601,
          "txt": "soccer"
        },
        {
          "si": 5,
          "sti": 17,
          "dti": 119,
          "sco": 96,
          "dco": 608,
          "txt": "for"
        },
        {
          "si": 5,
          "sti": 18,
          "dti": 120,
          "sco": 100,
          "dco": 612,
          "txt": "the"
        },
        {
          "si": 5,
          "sti": 19,
          "dti": 121,
          "sco": 104,
          "dco": 616,
          "txt": "California"
        },
        {
          "si": 5,
          "sti": 20,
          "dti": 122,
          "sco": 115,
          "dco": 627,
          "txt": "Golden"
        },
        {
          "si": 5,
          "sti": 21,
          "dti": 123,
          "sco": 122,
          "dco": 634,
          "txt": "Bears"
        },
        {
          "si": 5,
          "sti": 22,
          "dti": 124,
          "sco": 127,
          "dco": 639,
          "txt": "."
        },
        {
          "si": 6,
          "sti": 0,
          "dti": 125,
          "sco": 0,
          "dco": 641,
          "txt": "During"
        },
        {
          "si": 6,
          "sti": 1,
          "dti": 126,
          "sco": 7,
          "dco": 648,
          "txt": "the"
        },
        {
          "si": 6,
          "sti": 2,
          "dti": 127,
          "sco": 11,
          "dco": 652,
          "txt": "2013"
        },
        {
          "si": 6,
          "sti": 3,
          "dti": 128,
          "sco": 16,
          "dco": 657,
          "txt": "season"
        },
        {
          "si": 6,
          "sti": 4,
          "dti": 129,
          "sco": 23,
          "dco": 664,
          "txt": "Dean"
        },
        {
          "si": 6,
          "sti": 5,
          "dti": 130,
          "sco": 28,
          "dco": 669,
          "txt": "was"
        },
        {
          "si": 6,
          "sti": 6,
          "dti": 131,
          "sco": 32,
          "dco": 673,
          "txt": "awarded"
        },
        {
          "si": 6,
          "sti": 7,
          "dti": 132,
          "sco": 40,
          "dco": 681,
          "txt": "All"
        },
        {
          "si": 6,
          "sti": 8,
          "dti": 133,
          "sco": 44,
          "dco": 685,
          "txt": "Pac"
        },
        {
          "si": 6,
          "sti": 9,
          "dti": 134,
          "sco": 47,
          "dco": 688,
          "txt": "-"
        },
        {
          "si": 6,
          "sti": 10,
          "dti": 135,
          "sco": 48,
          "dco": 689,
          "txt": "12"
        },
        {
          "si": 6,
          "sti": 11,
          "dti": 136,
          "sco": 51,
          "dco": 692,
          "txt": "and"
        },
        {
          "si": 6,
          "sti": 12,
          "dti": 137,
          "sco": 55,
          "dco": 696,
          "txt": "NSCAA"
        },
        {
          "si": 6,
          "sti": 13,
          "dti": 138,
          "sco": 61,
          "dco": 702,
          "txt": "Far"
        },
        {
          "si": 6,
          "sti": 14,
          "dti": 139,
          "sco": 65,
          "dco": 706,
          "txt": "West"
        },
        {
          "si": 6,
          "sti": 15,
          "dti": 140,
          "sco": 70,
          "dco": 711,
          "txt": "Region"
        },
        {
          "si": 6,
          "sti": 16,
          "dti": 141,
          "sco": 77,
          "dco": 718,
          "txt": "first"
        },
        {
          "si": 6,
          "sti": 17,
          "dti": 142,
          "sco": 82,
          "dco": 723,
          "txt": "-"
        },
        {
          "si": 6,
          "sti": 18,
          "dti": 143,
          "sco": 83,
          "dco": 724,
          "txt": "team"
        },
        {
          "si": 6,
          "sti": 19,
          "dti": 144,
          "sco": 88,
          "dco": 729,
          "txt": "honours"
        },
        {
          "si": 6,
          "sti": 20,
          "dti": 145,
          "sco": 96,
          "dco": 737,
          "txt": "as"
        },
        {
          "si": 6,
          "sti": 21,
          "dti": 146,
          "sco": 99,
          "dco": 740,
          "txt": "he"
        },
        {
          "si": 6,
          "sti": 22,
          "dti": 147,
          "sco": 102,
          "dco": 743,
          "txt": "led"
        },
        {
          "si": 6,
          "sti": 23,
          "dti": 148,
          "sco": 106,
          "dco": 747,
          "txt": "his"
        },
        {
          "si": 6,
          "sti": 24,
          "dti": 149,
          "sco": 110,
          "dco": 751,
          "txt": "team"
        },
        {
          "si": 6,
          "sti": 25,
          "dti": 150,
          "sco": 115,
          "dco": 756,
          "txt": "to"
        },
        {
          "si": 6,
          "sti": 26,
          "dti": 151,
          "sco": 118,
          "dco": 759,
          "txt": "the"
        },
        {
          "si": 6,
          "sti": 27,
          "dti": 152,
          "sco": 122,
          "dco": 763,
          "txt": "elite"
        },
        {
          "si": 6,
          "sti": 28,
          "dti": 153,
          "sco": 128,
          "dco": 769,
          "txt": "eight"
        },
        {
          "si": 6,
          "sti": 29,
          "dti": 154,
          "sco": 134,
          "dco": 775,
          "txt": "in"
        },
        {
          "si": 6,
          "sti": 30,
          "dti": 155,
          "sco": 137,
          "dco": 778,
          "txt": "the"
        },
        {
          "si": 6,
          "sti": 31,
          "dti": 156,
          "sco": 141,
          "dco": 782,
          "txt": "NCAA"
        },
        {
          "si": 6,
          "sti": 32,
          "dti": 157,
          "sco": 145,
          "dco": 786,
          "txt": "."
        },
        {
          "si": 7,
          "sti": 0,
          "dti": 158,
          "sco": 0,
          "dco": 788,
          "txt": "Vancouver"
        },
        {
          "si": 7,
          "sti": 1,
          "dti": 159,
          "sco": 10,
          "dco": 798,
          "txt": "Whitecaps"
        },
        {
          "si": 7,
          "sti": 2,
          "dti": 160,
          "sco": 20,
          "dco": 808,
          "txt": "FC"
        },
        {
          "si": 7,
          "sti": 3,
          "dti": 161,
          "sco": 22,
          "dco": 810,
          "txt": "."
        },
        {
          "si": 8,
          "sti": 0,
          "dti": 162,
          "sco": 0,
          "dco": 812,
          "txt": "On"
        },
        {
          "si": 8,
          "sti": 1,
          "dti": 163,
          "sco": 3,
          "dco": 815,
          "txt": "January"
        },
        {
          "si": 8,
          "sti": 2,
          "dti": 164,
          "sco": 11,
          "dco": 823,
          "txt": "16"
        },
        {
          "si": 8,
          "sti": 3,
          "dti": 165,
          "sco": 13,
          "dco": 825,
          "txt": ","
        },
        {
          "si": 8,
          "sti": 4,
          "dti": 166,
          "sco": 15,
          "dco": 827,
          "txt": "2014"
        },
        {
          "si": 8,
          "sti": 5,
          "dti": 167,
          "sco": 20,
          "dco": 832,
          "txt": "Dean"
        },
        {
          "si": 8,
          "sti": 6,
          "dti": 168,
          "sco": 25,
          "dco": 837,
          "txt": "was"
        },
        {
          "si": 8,
          "sti": 7,
          "dti": 169,
          "sco": 29,
          "dco": 841,
          "txt": "selected"
        },
        {
          "si": 8,
          "sti": 8,
          "dti": 170,
          "sco": 38,
          "dco": 850,
          "txt": "as"
        },
        {
          "si": 8,
          "sti": 9,
          "dti": 171,
          "sco": 41,
          "dco": 853,
          "txt": "the"
        },
        {
          "si": 8,
          "sti": 10,
          "dti": 172,
          "sco": 45,
          "dco": 857,
          "txt": "third"
        },
        {
          "si": 8,
          "sti": 11,
          "dti": 173,
          "sco": 51,
          "dco": 863,
          "txt": "overall"
        },
        {
          "si": 8,
          "sti": 12,
          "dti": 174,
          "sco": 59,
          "dco": 871,
          "txt": "pick"
        },
        {
          "si": 8,
          "sti": 13,
          "dti": 175,
          "sco": 64,
          "dco": 876,
          "txt": "in"
        },
        {
          "si": 8,
          "sti": 14,
          "dti": 176,
          "sco": 67,
          "dco": 879,
          "txt": "the"
        },
        {
          "si": 8,
          "sti": 15,
          "dti": 177,
          "sco": 71,
          "dco": 883,
          "txt": "2014"
        },
        {
          "si": 8,
          "sti": 16,
          "dti": 178,
          "sco": 76,
          "dco": 888,
          "txt": "MLS"
        },
        {
          "si": 8,
          "sti": 17,
          "dti": 179,
          "sco": 80,
          "dco": 892,
          "txt": "SuperDraft"
        },
        {
          "si": 8,
          "sti": 18,
          "dti": 180,
          "sco": 91,
          "dco": 903,
          "txt": "by"
        },
        {
          "si": 8,
          "sti": 19,
          "dti": 181,
          "sco": 94,
          "dco": 906,
          "txt": "the"
        },
        {
          "si": 8,
          "sti": 20,
          "dti": 182,
          "sco": 98,
          "dco": 910,
          "txt": "Vancouver"
        },
        {
          "si": 8,
          "sti": 21,
          "dti": 183,
          "sco": 108,
          "dco": 920,
          "txt": "Whitecaps"
        },
        {
          "si": 8,
          "sti": 22,
          "dti": 184,
          "sco": 118,
          "dco": 930,
          "txt": "FC"
        },
        {
          "si": 8,
          "sti": 23,
          "dti": 185,
          "sco": 121,
          "dco": 933,
          "txt": "on"
        },
        {
          "si": 8,
          "sti": 24,
          "dti": 186,
          "sco": 124,
          "dco": 936,
          "txt": "a"
        },
        {
          "si": 8,
          "sti": 25,
          "dti": 187,
          "sco": 126,
          "dco": 938,
          "txt": "Generation"
        },
        {
          "si": 8,
          "sti": 26,
          "dti": 188,
          "sco": 137,
          "dco": 949,
          "txt": "Adidas"
        },
        {
          "si": 8,
          "sti": 27,
          "dti": 189,
          "sco": 144,
          "dco": 956,
          "txt": "contract"
        },
        {
          "si": 8,
          "sti": 28,
          "dti": 190,
          "sco": 152,
          "dco": 964,
          "txt": "."
        },
        {
          "si": 9,
          "sti": 0,
          "dti": 191,
          "sco": 0,
          "dco": 966,
          "txt": "He"
        },
        {
          "si": 9,
          "sti": 1,
          "dti": 192,
          "sco": 3,
          "dco": 969,
          "txt": "made"
        },
        {
          "si": 9,
          "sti": 2,
          "dti": 193,
          "sco": 8,
          "dco": 974,
          "txt": "his"
        },
        {
          "si": 9,
          "sti": 3,
          "dti": 194,
          "sco": 12,
          "dco": 978,
          "txt": "professional"
        },
        {
          "si": 9,
          "sti": 4,
          "dti": 195,
          "sco": 25,
          "dco": 991,
          "txt": "debut"
        },
        {
          "si": 9,
          "sti": 5,
          "dti": 196,
          "sco": 31,
          "dco": 997,
          "txt": "in"
        },
        {
          "si": 9,
          "sti": 6,
          "dti": 197,
          "sco": 34,
          "dco": 1000,
          "txt": "Major"
        },
        {
          "si": 9,
          "sti": 7,
          "dti": 198,
          "sco": 40,
          "dco": 1006,
          "txt": "League"
        },
        {
          "si": 9,
          "sti": 8,
          "dti": 199,
          "sco": 47,
          "dco": 1013,
          "txt": "Soccer"
        },
        {
          "si": 9,
          "sti": 9,
          "dti": 200,
          "sco": 54,
          "dco": 1020,
          "txt": "on"
        },
        {
          "si": 9,
          "sti": 10,
          "dti": 201,
          "sco": 57,
          "dco": 1023,
          "txt": "March"
        },
        {
          "si": 9,
          "sti": 11,
          "dti": 202,
          "sco": 63,
          "dco": 1029,
          "txt": "16"
        },
        {
          "si": 9,
          "sti": 12,
          "dti": 203,
          "sco": 65,
          "dco": 1031,
          "txt": ","
        },
        {
          "si": 9,
          "sti": 13,
          "dti": 204,
          "sco": 67,
          "dco": 1033,
          "txt": "2014"
        },
        {
          "si": 9,
          "sti": 14,
          "dti": 205,
          "sco": 72,
          "dco": 1038,
          "txt": "against"
        },
        {
          "si": 9,
          "sti": 15,
          "dti": 206,
          "sco": 80,
          "dco": 1046,
          "txt": "Chivas"
        },
        {
          "si": 9,
          "sti": 16,
          "dti": 207,
          "sco": 87,
          "dco": 1053,
          "txt": "USA"
        },
        {
          "si": 9,
          "sti": 17,
          "dti": 208,
          "sco": 91,
          "dco": 1057,
          "txt": "when"
        },
        {
          "si": 9,
          "sti": 18,
          "dti": 209,
          "sco": 96,
          "dco": 1062,
          "txt": "he"
        },
        {
          "si": 9,
          "sti": 19,
          "dti": 210,
          "sco": 99,
          "dco": 1065,
          "txt": "came"
        },
        {
          "si": 9,
          "sti": 20,
          "dti": 211,
          "sco": 104,
          "dco": 1070,
          "txt": "on"
        },
        {
          "si": 9,
          "sti": 21,
          "dti": 212,
          "sco": 107,
          "dco": 1073,
          "txt": "as"
        },
        {
          "si": 9,
          "sti": 22,
          "dti": 213,
          "sco": 110,
          "dco": 1076,
          "txt": "a"
        },
        {
          "si": 9,
          "sti": 23,
          "dti": 214,
          "sco": 112,
          "dco": 1078,
          "txt": "77"
        },
        {
          "si": 9,
          "sti": 24,
          "dti": 215,
          "sco": 114,
          "dco": 1080,
          "txt": "th"
        },
        {
          "si": 9,
          "sti": 25,
          "dti": 216,
          "sco": 117,
          "dco": 1083,
          "txt": "minute"
        },
        {
          "si": 9,
          "sti": 26,
          "dti": 217,
          "sco": 124,
          "dco": 1090,
          "txt": "for"
        },
        {
          "si": 9,
          "sti": 27,
          "dti": 218,
          "sco": 128,
          "dco": 1094,
          "txt": "Andy"
        },
        {
          "si": 9,
          "sti": 28,
          "dti": 219,
          "sco": 133,
          "dco": 1099,
          "txt": "O"
        },
        {
          "si": 9,
          "sti": 29,
          "dti": 220,
          "sco": 134,
          "dco": 1100,
          "txt": "'"
        },
        {
          "si": 9,
          "sti": 30,
          "dti": 221,
          "sco": 135,
          "dco": 1101,
          "txt": "Brien"
        },
        {
          "si": 9,
          "sti": 31,
          "dti": 222,
          "sco": 141,
          "dco": 1107,
          "txt": "as"
        },
        {
          "si": 9,
          "sti": 32,
          "dti": 223,
          "sco": 144,
          "dco": 1110,
          "txt": "Vancouver"
        },
        {
          "si": 9,
          "sti": 33,
          "dti": 224,
          "sco": 154,
          "dco": 1120,
          "txt": "drew"
        },
        {
          "si": 9,
          "sti": 34,
          "dti": 225,
          "sco": 159,
          "dco": 1125,
          "txt": "1"
        },
        {
          "si": 9,
          "sti": 35,
          "dti": 226,
          "sco": 160,
          "dco": 1126,
          "txt": "–"
        },
        {
          "si": 9,
          "sti": 36,
          "dti": 227,
          "sco": 161,
          "dco": 1127,
          "txt": "1"
        },
        {
          "si": 9,
          "sti": 37,
          "dti": 228,
          "sco": 162,
          "dco": 1128,
          "txt": "."
        },
        {
          "si": 10,
          "sti": 0,
          "dti": 229,
          "sco": 0,
          "dco": 1130,
          "txt": "International"
        },
        {
          "si": 10,
          "sti": 1,
          "dti": 230,
          "sco": 13,
          "dco": 1143,
          "txt": "."
        },
        {
          "si": 11,
          "sti": 0,
          "dti": 231,
          "sco": 0,
          "dco": 1145,
          "txt": "Dean"
        },
        {
          "si": 11,
          "sti": 1,
          "dti": 232,
          "sco": 5,
          "dco": 1150,
          "txt": "trained"
        },
        {
          "si": 11,
          "sti": 2,
          "dti": 233,
          "sco": 13,
          "dco": 1158,
          "txt": "with"
        },
        {
          "si": 11,
          "sti": 3,
          "dti": 234,
          "sco": 18,
          "dco": 1163,
          "txt": "the"
        },
        {
          "si": 11,
          "sti": 4,
          "dti": 235,
          "sco": 22,
          "dco": 1167,
          "txt": "United"
        },
        {
          "si": 11,
          "sti": 5,
          "dti": 236,
          "sco": 29,
          "dco": 1174,
          "txt": "States"
        },
        {
          "si": 11,
          "sti": 6,
          "dti": 237,
          "sco": 36,
          "dco": 1181,
          "txt": "U"
        },
        {
          "si": 11,
          "sti": 7,
          "dti": 238,
          "sco": 37,
          "dco": 1182,
          "txt": "20"
        },
        {
          "si": 11,
          "sti": 8,
          "dti": 239,
          "sco": 40,
          "dco": 1185,
          "txt": "side"
        },
        {
          "si": 11,
          "sti": 9,
          "dti": 240,
          "sco": 45,
          "dco": 1190,
          "txt": "in"
        },
        {
          "si": 11,
          "sti": 10,
          "dti": 241,
          "sco": 48,
          "dco": 1193,
          "txt": "2012"
        },
        {
          "si": 11,
          "sti": 11,
          "dti": 242,
          "sco": 52,
          "dco": 1197,
          "txt": "."
        },
        {
          "si": 12,
          "sti": 0,
          "dti": 243,
          "sco": 0,
          "dco": 1199,
          "txt": "Dean"
        },
        {
          "si": 12,
          "sti": 1,
          "dti": 244,
          "sco": 5,
          "dco": 1204,
          "txt": "scored"
        },
        {
          "si": 12,
          "sti": 2,
          "dti": 245,
          "sco": 12,
          "dco": 1211,
          "txt": "his"
        },
        {
          "si": 12,
          "sti": 3,
          "dti": 246,
          "sco": 16,
          "dco": 1215,
          "txt": "first"
        },
        {
          "si": 12,
          "sti": 4,
          "dti": 247,
          "sco": 22,
          "dco": 1221,
          "txt": "international"
        },
        {
          "si": 12,
          "sti": 5,
          "dti": 248,
          "sco": 36,
          "dco": 1235,
          "txt": "goal"
        },
        {
          "si": 12,
          "sti": 6,
          "dti": 249,
          "sco": 41,
          "dco": 1240,
          "txt": "for"
        },
        {
          "si": 12,
          "sti": 7,
          "dti": 250,
          "sco": 45,
          "dco": 1244,
          "txt": "the"
        },
        {
          "si": 12,
          "sti": 8,
          "dti": 251,
          "sco": 49,
          "dco": 1248,
          "txt": "U"
        },
        {
          "si": 12,
          "sti": 9,
          "dti": 252,
          "sco": 50,
          "dco": 1249,
          "txt": "-"
        },
        {
          "si": 12,
          "sti": 10,
          "dti": 253,
          "sco": 51,
          "dco": 1250,
          "txt": "23"
        },
        {
          "si": 12,
          "sti": 11,
          "dti": 254,
          "sco": 54,
          "dco": 1253,
          "txt": "team"
        },
        {
          "si": 12,
          "sti": 12,
          "dti": 255,
          "sco": 59,
          "dco": 1258,
          "txt": "in"
        },
        {
          "si": 12,
          "sti": 13,
          "dti": 256,
          "sco": 62,
          "dco": 1261,
          "txt": "a"
        },
        {
          "si": 12,
          "sti": 14,
          "dti": 257,
          "sco": 64,
          "dco": 1263,
          "txt": "3"
        },
        {
          "si": 12,
          "sti": 15,
          "dti": 258,
          "sco": 65,
          "dco": 1264,
          "txt": "-"
        },
        {
          "si": 12,
          "sti": 16,
          "dti": 259,
          "sco": 66,
          "dco": 1265,
          "txt": "0"
        },
        {
          "si": 12,
          "sti": 17,
          "dti": 260,
          "sco": 68,
          "dco": 1267,
          "txt": "friendly"
        },
        {
          "si": 12,
          "sti": 18,
          "dti": 261,
          "sco": 77,
          "dco": 1276,
          "txt": "win"
        },
        {
          "si": 12,
          "sti": 19,
          "dti": 262,
          "sco": 81,
          "dco": 1280,
          "txt": "over"
        },
        {
          "si": 12,
          "sti": 20,
          "dti": 263,
          "sco": 86,
          "dco": 1285,
          "txt": "Mexico"
        },
        {
          "si": 12,
          "sti": 21,
          "dti": 264,
          "sco": 93,
          "dco": 1292,
          "txt": "on"
        },
        {
          "si": 12,
          "sti": 22,
          "dti": 265,
          "sco": 96,
          "dco": 1295,
          "txt": "April"
        },
        {
          "si": 12,
          "sti": 23,
          "dti": 266,
          "sco": 102,
          "dco": 1301,
          "txt": "22"
        },
        {
          "si": 12,
          "sti": 24,
          "dti": 267,
          "sco": 104,
          "dco": 1303,
          "txt": ","
        },
        {
          "si": 12,
          "sti": 25,
          "dti": 268,
          "sco": 106,
          "dco": 1305,
          "txt": "2015"
        },
        {
          "si": 12,
          "sti": 26,
          "dti": 269,
          "sco": 110,
          "dco": 1309,
          "txt": "."
        }
      ]
    },
    "ganns": {
      "dla": [],
      "la": [],
      "ea": [],
      "eta": [
        {
          "ra": {
            "ea": {
              "etn": "Christian_Dean"
            }
          },
          "sfs": [
            [
              {
                "stn": "birthYear"
              },
              {
                "dla": {
                  "txt": {
                    "sff": "1993"
                  },
                  "et": {
                    "etn": "BirthYear"
                  },
                  "dp": {
                    "off": 47
                  }
                }
              }
            ],
            [
              {
                "stn": "deathYear"
              },
              {}
            ]
          ],
          "mfs": [
            [
              {
                "stn": "birthPlaces"
              },
              {
                "dla": [],
                "la": [],
                "ea": [
                  {
                    "etn": "California"
                  },
                  {
                    "etn": "East_Palo_Alto,_California"
                  }
                ],
                "eta": []
              }
            ],
            [
              {
                "stn": "teams"
              },
              {
                "dla": [],
                "la": [],
                "ea": [
                  {
                    "etn": "Vancouver_Whitecaps_FC"
                  }
                ],
                "eta": []
              }
            ],
            [
              {
                "stn": "positions"
              },
              {
                "dla": [],
                "la": [],
                "ea": [
                  {
                    "etn": "Defender_(association_football)"
                  }
                ],
                "eta": []
              }
            ]
          ]
        }
      ]
    }
  }
]
