[
  {
    "context": "TRAIN",
    "doc": {
      "id": "Cristian_Montero",
      "tl": [
        {
          "si": 0,
          "sti": 0,
          "dti": 0,
          "sco": 0,
          "dco": 0,
          "txt": "Cristian"
        },
        {
          "si": 0,
          "sti": 1,
          "dti": 1,
          "sco": 9,
          "dco": 9,
          "txt": "Montero"
        },
        {
          "si": 0,
          "sti": 2,
          "dti": 2,
          "sco": 16,
          "dco": 16,
          "txt": "."
        },
        {
          "si": 1,
          "sti": 0,
          "dti": 3,
          "sco": 0,
          "dco": 18,
          "txt": "Cristian"
        },
        {
          "si": 1,
          "sti": 1,
          "dti": 4,
          "sco": 9,
          "dco": 27,
          "txt": "Montero"
        },
        {
          "si": 1,
          "sti": 2,
          "dti": 5,
          "sco": 17,
          "dco": 35,
          "txt": "Fallas"
        },
        {
          "si": 1,
          "sti": 3,
          "dti": 6,
          "sco": 24,
          "dco": 42,
          "txt": "("
        },
        {
          "si": 1,
          "sti": 4,
          "dti": 7,
          "sco": 25,
          "dco": 43,
          "txt": "born"
        },
        {
          "si": 1,
          "sti": 5,
          "dti": 8,
          "sco": 30,
          "dco": 48,
          "txt": "24"
        },
        {
          "si": 1,
          "sti": 6,
          "dti": 9,
          "sco": 33,
          "dco": 51,
          "txt": "June"
        },
        {
          "si": 1,
          "sti": 7,
          "dti": 10,
          "sco": 38,
          "dco": 56,
          "txt": "1982"
        },
        {
          "si": 1,
          "sti": 8,
          "dti": 11,
          "sco": 43,
          "dco": 61,
          "txt": "in"
        },
        {
          "si": 1,
          "sti": 9,
          "dti": 12,
          "sco": 46,
          "dco": 64,
          "txt": "Alajuela"
        },
        {
          "si": 1,
          "sti": 10,
          "dti": 13,
          "sco": 54,
          "dco": 72,
          "txt": ")"
        },
        {
          "si": 1,
          "sti": 11,
          "dti": 14,
          "sco": 56,
          "dco": 74,
          "txt": "is"
        },
        {
          "si": 1,
          "sti": 12,
          "dti": 15,
          "sco": 59,
          "dco": 77,
          "txt": "a"
        },
        {
          "si": 1,
          "sti": 13,
          "dti": 16,
          "sco": 61,
          "dco": 79,
          "txt": "Costa"
        },
        {
          "si": 1,
          "sti": 14,
          "dti": 17,
          "sco": 67,
          "dco": 85,
          "txt": "Rican"
        },
        {
          "si": 1,
          "sti": 15,
          "dti": 18,
          "sco": 73,
          "dco": 91,
          "txt": "professional"
        },
        {
          "si": 1,
          "sti": 16,
          "dti": 19,
          "sco": 86,
          "dco": 104,
          "txt": "football"
        },
        {
          "si": 1,
          "sti": 17,
          "dti": 20,
          "sco": 95,
          "dco": 113,
          "txt": "player"
        },
        {
          "si": 1,
          "sti": 18,
          "dti": 21,
          "sco": 102,
          "dco": 120,
          "txt": "who"
        },
        {
          "si": 1,
          "sti": 19,
          "dti": 22,
          "sco": 106,
          "dco": 124,
          "txt": "currently"
        },
        {
          "si": 1,
          "sti": 20,
          "dti": 23,
          "sco": 116,
          "dco": 134,
          "txt": "plays"
        },
        {
          "si": 1,
          "sti": 21,
          "dti": 24,
          "sco": 122,
          "dco": 140,
          "txt": "for"
        },
        {
          "si": 1,
          "sti": 22,
          "dti": 25,
          "sco": 126,
          "dco": 144,
          "txt": "Herediano"
        },
        {
          "si": 1,
          "sti": 23,
          "dti": 26,
          "sco": 136,
          "dco": 154,
          "txt": "in"
        },
        {
          "si": 1,
          "sti": 24,
          "dti": 27,
          "sco": 139,
          "dco": 157,
          "txt": "the"
        },
        {
          "si": 1,
          "sti": 25,
          "dti": 28,
          "sco": 143,
          "dco": 161,
          "txt": "Costa"
        },
        {
          "si": 1,
          "sti": 26,
          "dti": 29,
          "sco": 149,
          "dco": 167,
          "txt": "Rican"
        },
        {
          "si": 1,
          "sti": 27,
          "dti": 30,
          "sco": 155,
          "dco": 173,
          "txt": "Primera"
        },
        {
          "si": 1,
          "sti": 28,
          "dti": 31,
          "sco": 163,
          "dco": 181,
          "txt": "Divisi"
        },
        {
          "si": 1,
          "sti": 29,
          "dti": 32,
          "sco": 169,
          "dco": 187,
          "txt": "ó"
        },
        {
          "si": 1,
          "sti": 30,
          "dti": 33,
          "sco": 170,
          "dco": 188,
          "txt": "n"
        },
        {
          "si": 1,
          "sti": 31,
          "dti": 34,
          "sco": 171,
          "dco": 189,
          "txt": "."
        },
        {
          "si": 2,
          "sti": 0,
          "dti": 35,
          "sco": 0,
          "dco": 191,
          "txt": "Club"
        },
        {
          "si": 2,
          "sti": 1,
          "dti": 36,
          "sco": 5,
          "dco": 196,
          "txt": "career"
        },
        {
          "si": 2,
          "sti": 2,
          "dti": 37,
          "sco": 11,
          "dco": 202,
          "txt": "."
        },
        {
          "si": 3,
          "sti": 0,
          "dti": 38,
          "sco": 0,
          "dco": 204,
          "txt": "Montero"
        },
        {
          "si": 3,
          "sti": 1,
          "dti": 39,
          "sco": 8,
          "dco": 212,
          "txt": "started"
        },
        {
          "si": 3,
          "sti": 2,
          "dti": 40,
          "sco": 16,
          "dco": 220,
          "txt": "his"
        },
        {
          "si": 3,
          "sti": 3,
          "dti": 41,
          "sco": 20,
          "dco": 224,
          "txt": "career"
        },
        {
          "si": 3,
          "sti": 4,
          "dti": 42,
          "sco": 27,
          "dco": 231,
          "txt": "at"
        },
        {
          "si": 3,
          "sti": 5,
          "dti": 43,
          "sco": 30,
          "dco": 234,
          "txt": "Alajuelense"
        },
        {
          "si": 3,
          "sti": 6,
          "dti": 44,
          "sco": 42,
          "dco": 246,
          "txt": "in"
        },
        {
          "si": 3,
          "sti": 7,
          "dti": 45,
          "sco": 45,
          "dco": 249,
          "txt": "2001"
        },
        {
          "si": 3,
          "sti": 8,
          "dti": 46,
          "sco": 50,
          "dco": 254,
          "txt": "before"
        },
        {
          "si": 3,
          "sti": 9,
          "dti": 47,
          "sco": 57,
          "dco": 261,
          "txt": "moving"
        },
        {
          "si": 3,
          "sti": 10,
          "dti": 48,
          "sco": 64,
          "dco": 268,
          "txt": "to"
        },
        {
          "si": 3,
          "sti": 11,
          "dti": 49,
          "sco": 67,
          "dco": 271,
          "txt": "Herediano"
        },
        {
          "si": 3,
          "sti": 12,
          "dti": 50,
          "sco": 77,
          "dco": 281,
          "txt": "in"
        },
        {
          "si": 3,
          "sti": 13,
          "dti": 51,
          "sco": 80,
          "dco": 284,
          "txt": "2009"
        },
        {
          "si": 3,
          "sti": 14,
          "dti": 52,
          "sco": 84,
          "dco": 288,
          "txt": "."
        },
        {
          "si": 4,
          "sti": 0,
          "dti": 53,
          "sco": 0,
          "dco": 290,
          "txt": "International"
        },
        {
          "si": 4,
          "sti": 1,
          "dti": 54,
          "sco": 14,
          "dco": 304,
          "txt": "career"
        },
        {
          "si": 4,
          "sti": 2,
          "dti": 55,
          "sco": 20,
          "dco": 310,
          "txt": "."
        },
        {
          "si": 5,
          "sti": 0,
          "dti": 56,
          "sco": 0,
          "dco": 312,
          "txt": "Montero"
        },
        {
          "si": 5,
          "sti": 1,
          "dti": 57,
          "sco": 8,
          "dco": 320,
          "txt": "He"
        },
        {
          "si": 5,
          "sti": 2,
          "dti": 58,
          "sco": 11,
          "dco": 323,
          "txt": "also"
        },
        {
          "si": 5,
          "sti": 3,
          "dti": 59,
          "sco": 16,
          "dco": 328,
          "txt": "participated"
        },
        {
          "si": 5,
          "sti": 4,
          "dti": 60,
          "sco": 29,
          "dco": 341,
          "txt": "in"
        },
        {
          "si": 5,
          "sti": 5,
          "dti": 61,
          "sco": 32,
          "dco": 344,
          "txt": "the"
        },
        {
          "si": 5,
          "sti": 6,
          "dti": 62,
          "sco": 36,
          "dco": 348,
          "txt": "2001"
        },
        {
          "si": 5,
          "sti": 7,
          "dti": 63,
          "sco": 41,
          "dco": 353,
          "txt": "FIFA"
        },
        {
          "si": 5,
          "sti": 8,
          "dti": 64,
          "sco": 46,
          "dco": 358,
          "txt": "World"
        },
        {
          "si": 5,
          "sti": 9,
          "dti": 65,
          "sco": 52,
          "dco": 364,
          "txt": "Youth"
        },
        {
          "si": 5,
          "sti": 10,
          "dti": 66,
          "sco": 58,
          "dco": 370,
          "txt": "Championship"
        },
        {
          "si": 5,
          "sti": 11,
          "dti": 67,
          "sco": 71,
          "dco": 383,
          "txt": "in"
        },
        {
          "si": 5,
          "sti": 12,
          "dti": 68,
          "sco": 74,
          "dco": 386,
          "txt": "Argentina"
        },
        {
          "si": 5,
          "sti": 13,
          "dti": 69,
          "sco": 83,
          "dco": 395,
          "txt": "."
        },
        {
          "si": 6,
          "sti": 0,
          "dti": 70,
          "sco": 0,
          "dco": 397,
          "txt": "He"
        },
        {
          "si": 6,
          "sti": 1,
          "dti": 71,
          "sco": 3,
          "dco": 400,
          "txt": "made"
        },
        {
          "si": 6,
          "sti": 2,
          "dti": 72,
          "sco": 8,
          "dco": 405,
          "txt": "his"
        },
        {
          "si": 6,
          "sti": 3,
          "dti": 73,
          "sco": 12,
          "dco": 409,
          "txt": "senior"
        },
        {
          "si": 6,
          "sti": 4,
          "dti": 74,
          "sco": 19,
          "dco": 416,
          "txt": "debut"
        },
        {
          "si": 6,
          "sti": 5,
          "dti": 75,
          "sco": 25,
          "dco": 422,
          "txt": "for"
        },
        {
          "si": 6,
          "sti": 6,
          "dti": 76,
          "sco": 29,
          "dco": 426,
          "txt": "Costa"
        },
        {
          "si": 6,
          "sti": 7,
          "dti": 77,
          "sco": 35,
          "dco": 432,
          "txt": "Rica"
        },
        {
          "si": 6,
          "sti": 8,
          "dti": 78,
          "sco": 40,
          "dco": 437,
          "txt": "in"
        },
        {
          "si": 6,
          "sti": 9,
          "dti": 79,
          "sco": 43,
          "dco": 440,
          "txt": "a"
        },
        {
          "si": 6,
          "sti": 10,
          "dti": 80,
          "sco": 45,
          "dco": 442,
          "txt": "February"
        },
        {
          "si": 6,
          "sti": 11,
          "dti": 81,
          "sco": 54,
          "dco": 451,
          "txt": "2005"
        },
        {
          "si": 6,
          "sti": 12,
          "dti": 82,
          "sco": 59,
          "dco": 456,
          "txt": "FIFA"
        },
        {
          "si": 6,
          "sti": 13,
          "dti": 83,
          "sco": 64,
          "dco": 461,
          "txt": "World"
        },
        {
          "si": 6,
          "sti": 14,
          "dti": 84,
          "sco": 70,
          "dco": 467,
          "txt": "Cup"
        },
        {
          "si": 6,
          "sti": 15,
          "dti": 85,
          "sco": 74,
          "dco": 471,
          "txt": "qualification"
        },
        {
          "si": 6,
          "sti": 16,
          "dti": 86,
          "sco": 88,
          "dco": 485,
          "txt": "match"
        },
        {
          "si": 6,
          "sti": 17,
          "dti": 87,
          "sco": 94,
          "dco": 491,
          "txt": "against"
        },
        {
          "si": 6,
          "sti": 18,
          "dti": 88,
          "sco": 102,
          "dco": 499,
          "txt": "Mexico"
        },
        {
          "si": 6,
          "sti": 19,
          "dti": 89,
          "sco": 109,
          "dco": 506,
          "txt": "and"
        },
        {
          "si": 6,
          "sti": 20,
          "dti": 90,
          "sco": 113,
          "dco": 510,
          "txt": "earned"
        },
        {
          "si": 6,
          "sti": 21,
          "dti": 91,
          "sco": 120,
          "dco": 517,
          "txt": "a"
        },
        {
          "si": 6,
          "sti": 22,
          "dti": 92,
          "sco": 122,
          "dco": 519,
          "txt": "total"
        },
        {
          "si": 6,
          "sti": 23,
          "dti": 93,
          "sco": 128,
          "dco": 525,
          "txt": "of"
        },
        {
          "si": 6,
          "sti": 24,
          "dti": 94,
          "sco": 131,
          "dco": 528,
          "txt": "6"
        },
        {
          "si": 6,
          "sti": 25,
          "dti": 95,
          "sco": 133,
          "dco": 530,
          "txt": "caps"
        },
        {
          "si": 6,
          "sti": 26,
          "dti": 96,
          "sco": 137,
          "dco": 534,
          "txt": ","
        },
        {
          "si": 6,
          "sti": 27,
          "dti": 97,
          "sco": 139,
          "dco": 536,
          "txt": "scoring"
        },
        {
          "si": 6,
          "sti": 28,
          "dti": 98,
          "sco": 147,
          "dco": 544,
          "txt": "no"
        },
        {
          "si": 6,
          "sti": 29,
          "dti": 99,
          "sco": 150,
          "dco": 547,
          "txt": "goals"
        },
        {
          "si": 6,
          "sti": 30,
          "dti": 100,
          "sco": 155,
          "dco": 552,
          "txt": "."
        },
        {
          "si": 7,
          "sti": 0,
          "dti": 101,
          "sco": 0,
          "dco": 554,
          "txt": "He"
        },
        {
          "si": 7,
          "sti": 1,
          "dti": 102,
          "sco": 3,
          "dco": 557,
          "txt": "represented"
        },
        {
          "si": 7,
          "sti": 2,
          "dti": 103,
          "sco": 15,
          "dco": 569,
          "txt": "his"
        },
        {
          "si": 7,
          "sti": 3,
          "dti": 104,
          "sco": 19,
          "dco": 573,
          "txt": "country"
        },
        {
          "si": 7,
          "sti": 4,
          "dti": 105,
          "sco": 27,
          "dco": 581,
          "txt": "in"
        },
        {
          "si": 7,
          "sti": 5,
          "dti": 106,
          "sco": 30,
          "dco": 584,
          "txt": "6"
        },
        {
          "si": 7,
          "sti": 6,
          "dti": 107,
          "sco": 32,
          "dco": 586,
          "txt": "FIFA"
        },
        {
          "si": 7,
          "sti": 7,
          "dti": 108,
          "sco": 37,
          "dco": 591,
          "txt": "World"
        },
        {
          "si": 7,
          "sti": 8,
          "dti": 109,
          "sco": 43,
          "dco": 597,
          "txt": "Cup"
        },
        {
          "si": 7,
          "sti": 9,
          "dti": 110,
          "sco": 47,
          "dco": 601,
          "txt": "qualification"
        },
        {
          "si": 7,
          "sti": 10,
          "dti": 111,
          "sco": 61,
          "dco": 615,
          "txt": "matches"
        },
        {
          "si": 7,
          "sti": 11,
          "dti": 112,
          "sco": 68,
          "dco": 622,
          "txt": "."
        },
        {
          "si": 8,
          "sti": 0,
          "dti": 113,
          "sco": 0,
          "dco": 624,
          "txt": "His"
        },
        {
          "si": 8,
          "sti": 1,
          "dti": 114,
          "sco": 4,
          "dco": 628,
          "txt": "final"
        },
        {
          "si": 8,
          "sti": 2,
          "dti": 115,
          "sco": 10,
          "dco": 634,
          "txt": "international"
        },
        {
          "si": 8,
          "sti": 3,
          "dti": 116,
          "sco": 24,
          "dco": 648,
          "txt": "was"
        },
        {
          "si": 8,
          "sti": 4,
          "dti": 117,
          "sco": 28,
          "dco": 652,
          "txt": "an"
        },
        {
          "si": 8,
          "sti": 5,
          "dti": 118,
          "sco": 31,
          "dco": 655,
          "txt": "October"
        },
        {
          "si": 8,
          "sti": 6,
          "dti": 119,
          "sco": 39,
          "dco": 663,
          "txt": "2009"
        },
        {
          "si": 8,
          "sti": 7,
          "dti": 120,
          "sco": 44,
          "dco": 668,
          "txt": "World"
        },
        {
          "si": 8,
          "sti": 8,
          "dti": 121,
          "sco": 50,
          "dco": 674,
          "txt": "Cup"
        },
        {
          "si": 8,
          "sti": 9,
          "dti": 122,
          "sco": 54,
          "dco": 678,
          "txt": "qualification"
        },
        {
          "si": 8,
          "sti": 10,
          "dti": 123,
          "sco": 68,
          "dco": 692,
          "txt": "match"
        },
        {
          "si": 8,
          "sti": 11,
          "dti": 124,
          "sco": 74,
          "dco": 698,
          "txt": "against"
        },
        {
          "si": 8,
          "sti": 12,
          "dti": 125,
          "sco": 82,
          "dco": 706,
          "txt": "the"
        },
        {
          "si": 8,
          "sti": 13,
          "dti": 126,
          "sco": 86,
          "dco": 710,
          "txt": "United"
        },
        {
          "si": 8,
          "sti": 14,
          "dti": 127,
          "sco": 93,
          "dco": 717,
          "txt": "States"
        },
        {
          "si": 8,
          "sti": 15,
          "dti": 128,
          "sco": 99,
          "dco": 723,
          "txt": "."
        }
      ]
    },
    "ganns": {
      "dla": [],
      "la": [],
      "ea": [],
      "eta": [
        {
          "ra": {
            "ea": {
              "etn": "Cristian_Montero"
            }
          },
          "sfs": [
            [
              {
                "stn": "birthYear"
              },
              {
                "dla": {
                  "txt": {
                    "sff": "1982"
                  },
                  "et": {
                    "etn": "BirthYear"
                  },
                  "dp": {
                    "off": 56
                  }
                }
              }
            ],
            [
              {
                "stn": "deathYear"
              },
              {}
            ]
          ],
          "mfs": [
            [
              {
                "stn": "birthPlaces"
              },
              {
                "dla": [],
                "la": [],
                "ea": [
                  {
                    "etn": "Alajuela"
                  },
                  {
                    "etn": "Costa_Rica"
                  }
                ],
                "eta": []
              }
            ],
            [
              {
                "stn": "teams"
              },
              {
                "dla": [],
                "la": [],
                "ea": [
                  {
                    "etn": "Costa_Rica_national_football_team"
                  },
                  {
                    "etn": "C.S._Herediano"
                  },
                  {
                    "etn": "L.D._Alajuelense"
                  }
                ],
                "eta": []
              }
            ],
            [
              {
                "stn": "positions"
              },
              {
                "dla": [],
                "la": [],
                "ea": [],
                "eta": []
              }
            ]
          ]
        }
      ]
    }
  }
]
