[
  {
    "context": "TRAIN",
    "doc": {
      "id": "Damiano_Quintieri",
      "tl": [
        {
          "si": 0,
          "sti": 0,
          "dti": 0,
          "sco": 0,
          "dco": 0,
          "txt": "Damiano"
        },
        {
          "si": 0,
          "sti": 1,
          "dti": 1,
          "sco": 8,
          "dco": 8,
          "txt": "Quintieri"
        },
        {
          "si": 0,
          "sti": 2,
          "dti": 2,
          "sco": 17,
          "dco": 17,
          "txt": "."
        },
        {
          "si": 1,
          "sti": 0,
          "dti": 3,
          "sco": 0,
          "dco": 19,
          "txt": "Damiano"
        },
        {
          "si": 1,
          "sti": 1,
          "dti": 4,
          "sco": 8,
          "dco": 27,
          "txt": "Quintieri"
        },
        {
          "si": 1,
          "sti": 2,
          "dti": 5,
          "sco": 18,
          "dco": 37,
          "txt": "("
        },
        {
          "si": 1,
          "sti": 3,
          "dti": 6,
          "sco": 19,
          "dco": 38,
          "txt": "born"
        },
        {
          "si": 1,
          "sti": 4,
          "dti": 7,
          "sco": 24,
          "dco": 43,
          "txt": "4"
        },
        {
          "si": 1,
          "sti": 5,
          "dti": 8,
          "sco": 26,
          "dco": 45,
          "txt": "July"
        },
        {
          "si": 1,
          "sti": 6,
          "dti": 9,
          "sco": 31,
          "dco": 50,
          "txt": "1990"
        },
        {
          "si": 1,
          "sti": 7,
          "dti": 10,
          "sco": 35,
          "dco": 54,
          "txt": ","
        },
        {
          "si": 1,
          "sti": 8,
          "dti": 11,
          "sco": 37,
          "dco": 56,
          "txt": "Terranova"
        },
        {
          "si": 1,
          "sti": 9,
          "dti": 12,
          "sco": 47,
          "dco": 66,
          "txt": "da"
        },
        {
          "si": 1,
          "sti": 10,
          "dti": 13,
          "sco": 50,
          "dco": 69,
          "txt": "Sibari"
        },
        {
          "si": 1,
          "sti": 11,
          "dti": 14,
          "sco": 56,
          "dco": 75,
          "txt": ")"
        },
        {
          "si": 1,
          "sti": 12,
          "dti": 15,
          "sco": 58,
          "dco": 77,
          "txt": "is"
        },
        {
          "si": 1,
          "sti": 13,
          "dti": 16,
          "sco": 61,
          "dco": 80,
          "txt": "an"
        },
        {
          "si": 1,
          "sti": 14,
          "dti": 17,
          "sco": 64,
          "dco": 83,
          "txt": "Italian"
        },
        {
          "si": 1,
          "sti": 15,
          "dti": 18,
          "sco": 72,
          "dco": 91,
          "txt": "footballer"
        },
        {
          "si": 1,
          "sti": 16,
          "dti": 19,
          "sco": 82,
          "dco": 101,
          "txt": ","
        },
        {
          "si": 1,
          "sti": 17,
          "dti": 20,
          "sco": 84,
          "dco": 103,
          "txt": "who"
        },
        {
          "si": 1,
          "sti": 18,
          "dti": 21,
          "sco": 88,
          "dco": 107,
          "txt": "currently"
        },
        {
          "si": 1,
          "sti": 19,
          "dti": 22,
          "sco": 98,
          "dco": 117,
          "txt": "plays"
        },
        {
          "si": 1,
          "sti": 20,
          "dti": 23,
          "sco": 104,
          "dco": 123,
          "txt": "as"
        },
        {
          "si": 1,
          "sti": 21,
          "dti": 24,
          "sco": 107,
          "dco": 126,
          "txt": "a"
        },
        {
          "si": 1,
          "sti": 22,
          "dti": 25,
          "sco": 109,
          "dco": 128,
          "txt": "midfielder"
        },
        {
          "si": 1,
          "sti": 23,
          "dti": 26,
          "sco": 120,
          "dco": 139,
          "txt": "for"
        },
        {
          "si": 1,
          "sti": 24,
          "dti": 27,
          "sco": 124,
          "dco": 143,
          "txt": "Kalju"
        },
        {
          "si": 1,
          "sti": 25,
          "dti": 28,
          "sco": 130,
          "dco": 149,
          "txt": "N"
        },
        {
          "si": 1,
          "sti": 26,
          "dti": 29,
          "sco": 131,
          "dco": 150,
          "txt": "õ"
        },
        {
          "si": 1,
          "sti": 27,
          "dti": 30,
          "sco": 132,
          "dco": 151,
          "txt": "mme"
        },
        {
          "si": 1,
          "sti": 28,
          "dti": 31,
          "sco": 135,
          "dco": 154,
          "txt": ","
        },
        {
          "si": 1,
          "sti": 29,
          "dti": 32,
          "sco": 137,
          "dco": 156,
          "txt": "in"
        },
        {
          "si": 1,
          "sti": 30,
          "dti": 33,
          "sco": 140,
          "dco": 159,
          "txt": "the"
        },
        {
          "si": 1,
          "sti": 31,
          "dti": 34,
          "sco": 144,
          "dco": 163,
          "txt": "Estonian"
        },
        {
          "si": 1,
          "sti": 32,
          "dti": 35,
          "sco": 153,
          "dco": 172,
          "txt": "Meistriiliga"
        },
        {
          "si": 1,
          "sti": 33,
          "dti": 36,
          "sco": 165,
          "dco": 184,
          "txt": "."
        },
        {
          "si": 2,
          "sti": 0,
          "dti": 37,
          "sco": 2,
          "dco": 188,
          "txt": "NOTOC"
        },
        {
          "si": 2,
          "sti": 1,
          "dti": 38,
          "sco": 10,
          "dco": 196,
          "txt": "Career"
        },
        {
          "si": 2,
          "sti": 2,
          "dti": 39,
          "sco": 16,
          "dco": 202,
          "txt": "."
        },
        {
          "si": 3,
          "sti": 0,
          "dti": 40,
          "sco": 0,
          "dco": 204,
          "txt": "Quintieri"
        },
        {
          "si": 3,
          "sti": 1,
          "dti": 41,
          "sco": 10,
          "dco": 214,
          "txt": "began"
        },
        {
          "si": 3,
          "sti": 2,
          "dti": 42,
          "sco": 16,
          "dco": 220,
          "txt": "his"
        },
        {
          "si": 3,
          "sti": 3,
          "dti": 43,
          "sco": 20,
          "dco": 224,
          "txt": "youth"
        },
        {
          "si": 3,
          "sti": 4,
          "dti": 44,
          "sco": 26,
          "dco": 230,
          "txt": "career"
        },
        {
          "si": 3,
          "sti": 5,
          "dti": 45,
          "sco": 33,
          "dco": 237,
          "txt": "in"
        },
        {
          "si": 3,
          "sti": 6,
          "dti": 46,
          "sco": 36,
          "dco": 240,
          "txt": "Inter"
        },
        {
          "si": 3,
          "sti": 7,
          "dti": 47,
          "sco": 42,
          "dco": 246,
          "txt": "Logus"
        },
        {
          "si": 3,
          "sti": 8,
          "dti": 48,
          "sco": 48,
          "dco": 252,
          "txt": "Tarsia"
        },
        {
          "si": 3,
          "sti": 9,
          "dti": 49,
          "sco": 54,
          "dco": 258,
          "txt": ","
        },
        {
          "si": 3,
          "sti": 10,
          "dti": 50,
          "sco": 56,
          "dco": 260,
          "txt": "a"
        },
        {
          "si": 3,
          "sti": 11,
          "dti": 51,
          "sco": 58,
          "dco": 262,
          "txt": "club"
        },
        {
          "si": 3,
          "sti": 12,
          "dti": 52,
          "sco": 63,
          "dco": 267,
          "txt": "from"
        },
        {
          "si": 3,
          "sti": 13,
          "dti": 53,
          "sco": 68,
          "dco": 272,
          "txt": "a"
        },
        {
          "si": 3,
          "sti": 14,
          "dti": 54,
          "sco": 70,
          "dco": 274,
          "txt": "town"
        },
        {
          "si": 3,
          "sti": 15,
          "dti": 55,
          "sco": 75,
          "dco": 279,
          "txt": "near"
        },
        {
          "si": 3,
          "sti": 16,
          "dti": 56,
          "sco": 80,
          "dco": 284,
          "txt": "his"
        },
        {
          "si": 3,
          "sti": 17,
          "dti": 57,
          "sco": 84,
          "dco": 288,
          "txt": "hometown"
        },
        {
          "si": 3,
          "sti": 18,
          "dti": 58,
          "sco": 92,
          "dco": 296,
          "txt": ","
        },
        {
          "si": 3,
          "sti": 19,
          "dti": 59,
          "sco": 94,
          "dco": 298,
          "txt": "before"
        },
        {
          "si": 3,
          "sti": 20,
          "dti": 60,
          "sco": 101,
          "dco": 305,
          "txt": "moving"
        },
        {
          "si": 3,
          "sti": 21,
          "dti": 61,
          "sco": 108,
          "dco": 312,
          "txt": "to"
        },
        {
          "si": 3,
          "sti": 22,
          "dti": 62,
          "sco": 111,
          "dco": 315,
          "txt": "Inter"
        },
        {
          "si": 3,
          "sti": 23,
          "dti": 63,
          "sco": 116,
          "dco": 320,
          "txt": "'"
        },
        {
          "si": 3,
          "sti": 24,
          "dti": 64,
          "sco": 117,
          "dco": 321,
          "txt": "s"
        },
        {
          "si": 3,
          "sti": 25,
          "dti": 65,
          "sco": 119,
          "dco": 323,
          "txt": "youth"
        },
        {
          "si": 3,
          "sti": 26,
          "dti": 66,
          "sco": 125,
          "dco": 329,
          "txt": "squad"
        },
        {
          "si": 3,
          "sti": 27,
          "dti": 67,
          "sco": 130,
          "dco": 334,
          "txt": ","
        },
        {
          "si": 3,
          "sti": 28,
          "dti": 68,
          "sco": 132,
          "dco": 336,
          "txt": "in"
        },
        {
          "si": 3,
          "sti": 29,
          "dti": 69,
          "sco": 135,
          "dco": 339,
          "txt": "which"
        },
        {
          "si": 3,
          "sti": 30,
          "dti": 70,
          "sco": 141,
          "dco": 345,
          "txt": "he"
        },
        {
          "si": 3,
          "sti": 31,
          "dti": 71,
          "sco": 144,
          "dco": 348,
          "txt": "spent"
        },
        {
          "si": 3,
          "sti": 32,
          "dti": 72,
          "sco": 150,
          "dco": 354,
          "txt": "three"
        },
        {
          "si": 3,
          "sti": 33,
          "dti": 73,
          "sco": 156,
          "dco": 360,
          "txt": "years"
        },
        {
          "si": 3,
          "sti": 34,
          "dti": 74,
          "sco": 161,
          "dco": 365,
          "txt": "."
        },
        {
          "si": 4,
          "sti": 0,
          "dti": 75,
          "sco": 0,
          "dco": 367,
          "txt": "In"
        },
        {
          "si": 4,
          "sti": 1,
          "dti": 76,
          "sco": 3,
          "dco": 370,
          "txt": "the"
        },
        {
          "si": 4,
          "sti": 2,
          "dti": 77,
          "sco": 7,
          "dco": 374,
          "txt": "2008"
        },
        {
          "si": 4,
          "sti": 3,
          "dti": 78,
          "sco": 11,
          "dco": 378,
          "txt": "-"
        },
        {
          "si": 4,
          "sti": 4,
          "dti": 79,
          "sco": 12,
          "dco": 379,
          "txt": "2009"
        },
        {
          "si": 4,
          "sti": 5,
          "dti": 80,
          "sco": 17,
          "dco": 384,
          "txt": "season"
        },
        {
          "si": 4,
          "sti": 6,
          "dti": 81,
          "sco": 24,
          "dco": 391,
          "txt": "he"
        },
        {
          "si": 4,
          "sti": 7,
          "dti": 82,
          "sco": 27,
          "dco": 394,
          "txt": "debuted"
        },
        {
          "si": 4,
          "sti": 8,
          "dti": 83,
          "sco": 35,
          "dco": 402,
          "txt": "in"
        },
        {
          "si": 4,
          "sti": 9,
          "dti": 84,
          "sco": 38,
          "dco": 405,
          "txt": "Serie"
        },
        {
          "si": 4,
          "sti": 10,
          "dti": 85,
          "sco": 44,
          "dco": 411,
          "txt": "B"
        },
        {
          "si": 4,
          "sti": 11,
          "dti": 86,
          "sco": 46,
          "dco": 413,
          "txt": "with"
        },
        {
          "si": 4,
          "sti": 12,
          "dti": 87,
          "sco": 51,
          "dco": 418,
          "txt": "Pisa"
        },
        {
          "si": 4,
          "sti": 13,
          "dti": 88,
          "sco": 55,
          "dco": 422,
          "txt": ","
        },
        {
          "si": 4,
          "sti": 14,
          "dti": 89,
          "sco": 57,
          "dco": 424,
          "txt": "while"
        },
        {
          "si": 4,
          "sti": 15,
          "dti": 90,
          "sco": 63,
          "dco": 430,
          "txt": "the"
        },
        {
          "si": 4,
          "sti": 16,
          "dti": 91,
          "sco": 67,
          "dco": 434,
          "txt": "following"
        },
        {
          "si": 4,
          "sti": 17,
          "dti": 92,
          "sco": 77,
          "dco": 444,
          "txt": "season"
        },
        {
          "si": 4,
          "sti": 18,
          "dti": 93,
          "sco": 83,
          "dco": 450,
          "txt": ","
        },
        {
          "si": 4,
          "sti": 19,
          "dti": 94,
          "sco": 85,
          "dco": 452,
          "txt": "after"
        },
        {
          "si": 4,
          "sti": 20,
          "dti": 95,
          "sco": 91,
          "dco": 458,
          "txt": "Pisa"
        },
        {
          "si": 4,
          "sti": 21,
          "dti": 96,
          "sco": 96,
          "dco": 463,
          "txt": "went"
        },
        {
          "si": 4,
          "sti": 22,
          "dti": 97,
          "sco": 101,
          "dco": 468,
          "txt": "into"
        },
        {
          "si": 4,
          "sti": 23,
          "dti": 98,
          "sco": 106,
          "dco": 473,
          "txt": "Administration"
        },
        {
          "si": 4,
          "sti": 24,
          "dti": 99,
          "sco": 120,
          "dco": 487,
          "txt": ","
        },
        {
          "si": 4,
          "sti": 25,
          "dti": 100,
          "sco": 122,
          "dco": 489,
          "txt": "he"
        },
        {
          "si": 4,
          "sti": 26,
          "dti": 101,
          "sco": 125,
          "dco": 492,
          "txt": "joined"
        },
        {
          "si": 4,
          "sti": 27,
          "dti": 102,
          "sco": 132,
          "dco": 499,
          "txt": "Montichiari"
        },
        {
          "si": 4,
          "sti": 28,
          "dti": 103,
          "sco": 144,
          "dco": 511,
          "txt": "in"
        },
        {
          "si": 4,
          "sti": 29,
          "dti": 104,
          "sco": 147,
          "dco": 514,
          "txt": "Serie"
        },
        {
          "si": 4,
          "sti": 30,
          "dti": 105,
          "sco": 153,
          "dco": 520,
          "txt": "D"
        },
        {
          "si": 4,
          "sti": 31,
          "dti": 106,
          "sco": 154,
          "dco": 521,
          "txt": ","
        },
        {
          "si": 4,
          "sti": 32,
          "dti": 107,
          "sco": 156,
          "dco": 523,
          "txt": "contributing"
        },
        {
          "si": 4,
          "sti": 33,
          "dti": 108,
          "sco": 169,
          "dco": 536,
          "txt": "with"
        },
        {
          "si": 4,
          "sti": 34,
          "dti": 109,
          "sco": 174,
          "dco": 541,
          "txt": "23"
        },
        {
          "si": 4,
          "sti": 35,
          "dti": 110,
          "sco": 177,
          "dco": 544,
          "txt": "appearances"
        },
        {
          "si": 4,
          "sti": 36,
          "dti": 111,
          "sco": 189,
          "dco": 556,
          "txt": "to"
        },
        {
          "si": 4,
          "sti": 37,
          "dti": 112,
          "sco": 192,
          "dco": 559,
          "txt": "the"
        },
        {
          "si": 4,
          "sti": 38,
          "dti": 113,
          "sco": 196,
          "dco": 563,
          "txt": "team"
        },
        {
          "si": 4,
          "sti": 39,
          "dti": 114,
          "sco": 200,
          "dco": 567,
          "txt": "'"
        },
        {
          "si": 4,
          "sti": 40,
          "dti": 115,
          "sco": 201,
          "dco": 568,
          "txt": "s"
        },
        {
          "si": 4,
          "sti": 41,
          "dti": 116,
          "sco": 203,
          "dco": 570,
          "txt": "promotion"
        },
        {
          "si": 4,
          "sti": 42,
          "dti": 117,
          "sco": 213,
          "dco": 580,
          "txt": "to"
        },
        {
          "si": 4,
          "sti": 43,
          "dti": 118,
          "sco": 216,
          "dco": 583,
          "txt": "Lega"
        },
        {
          "si": 4,
          "sti": 44,
          "dti": 119,
          "sco": 221,
          "dco": 588,
          "txt": "Pro"
        },
        {
          "si": 4,
          "sti": 45,
          "dti": 120,
          "sco": 225,
          "dco": 592,
          "txt": "Seconda"
        },
        {
          "si": 4,
          "sti": 46,
          "dti": 121,
          "sco": 233,
          "dco": 600,
          "txt": "Divisione"
        },
        {
          "si": 4,
          "sti": 47,
          "dti": 122,
          "sco": 242,
          "dco": 609,
          "txt": "."
        },
        {
          "si": 5,
          "sti": 0,
          "dti": 123,
          "sco": 0,
          "dco": 611,
          "txt": "In"
        },
        {
          "si": 5,
          "sti": 1,
          "dti": 124,
          "sco": 3,
          "dco": 614,
          "txt": "the"
        },
        {
          "si": 5,
          "sti": 2,
          "dti": 125,
          "sco": 7,
          "dco": 618,
          "txt": "2010"
        },
        {
          "si": 5,
          "sti": 3,
          "dti": 126,
          "sco": 11,
          "dco": 622,
          "txt": "-"
        },
        {
          "si": 5,
          "sti": 4,
          "dti": 127,
          "sco": 12,
          "dco": 623,
          "txt": "2011"
        },
        {
          "si": 5,
          "sti": 5,
          "dti": 128,
          "sco": 17,
          "dco": 628,
          "txt": "season"
        },
        {
          "si": 5,
          "sti": 6,
          "dti": 129,
          "sco": 24,
          "dco": 635,
          "txt": "Quintieri"
        },
        {
          "si": 5,
          "sti": 7,
          "dti": 130,
          "sco": 34,
          "dco": 645,
          "txt": "played"
        },
        {
          "si": 5,
          "sti": 8,
          "dti": 131,
          "sco": 41,
          "dco": 652,
          "txt": "for"
        },
        {
          "si": 5,
          "sti": 9,
          "dti": 132,
          "sco": 45,
          "dco": 656,
          "txt": "Vallegrecanica"
        },
        {
          "si": 5,
          "sti": 10,
          "dti": 133,
          "sco": 60,
          "dco": 671,
          "txt": "in"
        },
        {
          "si": 5,
          "sti": 11,
          "dti": 134,
          "sco": 63,
          "dco": 674,
          "txt": "Serie"
        },
        {
          "si": 5,
          "sti": 12,
          "dti": 135,
          "sco": 69,
          "dco": 680,
          "txt": "D"
        },
        {
          "si": 5,
          "sti": 13,
          "dti": 136,
          "sco": 70,
          "dco": 681,
          "txt": ","
        },
        {
          "si": 5,
          "sti": 14,
          "dti": 137,
          "sco": 72,
          "dco": 683,
          "txt": "before"
        },
        {
          "si": 5,
          "sti": 15,
          "dti": 138,
          "sco": 79,
          "dco": 690,
          "txt": "signing"
        },
        {
          "si": 5,
          "sti": 16,
          "dti": 139,
          "sco": 87,
          "dco": 698,
          "txt": "a"
        },
        {
          "si": 5,
          "sti": 17,
          "dti": 140,
          "sco": 89,
          "dco": 700,
          "txt": "three"
        },
        {
          "si": 5,
          "sti": 18,
          "dti": 141,
          "sco": 94,
          "dco": 705,
          "txt": "-"
        },
        {
          "si": 5,
          "sti": 19,
          "dti": 142,
          "sco": 95,
          "dco": 706,
          "txt": "year"
        },
        {
          "si": 5,
          "sti": 20,
          "dti": 143,
          "sco": 100,
          "dco": 711,
          "txt": "contract"
        },
        {
          "si": 5,
          "sti": 21,
          "dti": 144,
          "sco": 109,
          "dco": 720,
          "txt": "with"
        },
        {
          "si": 5,
          "sti": 22,
          "dti": 145,
          "sco": 114,
          "dco": 725,
          "txt": "Estonian"
        },
        {
          "si": 5,
          "sti": 23,
          "dti": 146,
          "sco": 123,
          "dco": 734,
          "txt": "club"
        },
        {
          "si": 5,
          "sti": 24,
          "dti": 147,
          "sco": 128,
          "dco": 739,
          "txt": "Kalju"
        },
        {
          "si": 5,
          "sti": 25,
          "dti": 148,
          "sco": 134,
          "dco": 745,
          "txt": "N"
        },
        {
          "si": 5,
          "sti": 26,
          "dti": 149,
          "sco": 135,
          "dco": 746,
          "txt": "õ"
        },
        {
          "si": 5,
          "sti": 27,
          "dti": 150,
          "sco": 136,
          "dco": 747,
          "txt": "mme"
        },
        {
          "si": 5,
          "sti": 28,
          "dti": 151,
          "sco": 139,
          "dco": 750,
          "txt": ","
        },
        {
          "si": 5,
          "sti": 29,
          "dti": 152,
          "sco": 141,
          "dco": 752,
          "txt": "in"
        },
        {
          "si": 5,
          "sti": 30,
          "dti": 153,
          "sco": 144,
          "dco": 755,
          "txt": "the"
        },
        {
          "si": 5,
          "sti": 31,
          "dti": 154,
          "sco": 148,
          "dco": 759,
          "txt": "Meistriliiga"
        },
        {
          "si": 5,
          "sti": 32,
          "dti": 155,
          "sco": 160,
          "dco": 771,
          "txt": ","
        },
        {
          "si": 5,
          "sti": 33,
          "dti": 156,
          "sco": 162,
          "dco": 773,
          "txt": "the"
        },
        {
          "si": 5,
          "sti": 34,
          "dti": 157,
          "sco": 166,
          "dco": 777,
          "txt": "top"
        },
        {
          "si": 5,
          "sti": 35,
          "dti": 158,
          "sco": 170,
          "dco": 781,
          "txt": "tier"
        },
        {
          "si": 5,
          "sti": 36,
          "dti": 159,
          "sco": 175,
          "dco": 786,
          "txt": "of"
        },
        {
          "si": 5,
          "sti": 37,
          "dti": 160,
          "sco": 178,
          "dco": 789,
          "txt": "Estonian"
        },
        {
          "si": 5,
          "sti": 38,
          "dti": 161,
          "sco": 187,
          "dco": 798,
          "txt": "football"
        },
        {
          "si": 5,
          "sti": 39,
          "dti": 162,
          "sco": 195,
          "dco": 806,
          "txt": "."
        },
        {
          "si": 6,
          "sti": 0,
          "dti": 163,
          "sco": 0,
          "dco": 808,
          "txt": "Kalju"
        },
        {
          "si": 6,
          "sti": 1,
          "dti": 164,
          "sco": 6,
          "dco": 814,
          "txt": "Nomme"
        },
        {
          "si": 6,
          "sti": 2,
          "dti": 165,
          "sco": 12,
          "dco": 820,
          "txt": "won"
        },
        {
          "si": 6,
          "sti": 3,
          "dti": 166,
          "sco": 16,
          "dco": 824,
          "txt": "the"
        },
        {
          "si": 6,
          "sti": 4,
          "dti": 167,
          "sco": 20,
          "dco": 828,
          "txt": "2012"
        },
        {
          "si": 6,
          "sti": 5,
          "dti": 168,
          "sco": 25,
          "dco": 833,
          "txt": "Meistriliiga"
        },
        {
          "si": 6,
          "sti": 6,
          "dti": 169,
          "sco": 37,
          "dco": 845,
          "txt": ","
        },
        {
          "si": 6,
          "sti": 7,
          "dti": 170,
          "sco": 39,
          "dco": 847,
          "txt": "and"
        },
        {
          "si": 6,
          "sti": 8,
          "dti": 171,
          "sco": 43,
          "dco": 851,
          "txt": "Quintieri"
        },
        {
          "si": 6,
          "sti": 9,
          "dti": 172,
          "sco": 53,
          "dco": 861,
          "txt": "contributed"
        },
        {
          "si": 6,
          "sti": 10,
          "dti": 173,
          "sco": 65,
          "dco": 873,
          "txt": "scoring"
        },
        {
          "si": 6,
          "sti": 11,
          "dti": 174,
          "sco": 73,
          "dco": 881,
          "txt": "9"
        },
        {
          "si": 6,
          "sti": 12,
          "dti": 175,
          "sco": 75,
          "dco": 883,
          "txt": "goals"
        },
        {
          "si": 6,
          "sti": 13,
          "dti": 176,
          "sco": 81,
          "dco": 889,
          "txt": "in"
        },
        {
          "si": 6,
          "sti": 14,
          "dti": 177,
          "sco": 84,
          "dco": 892,
          "txt": "24"
        },
        {
          "si": 6,
          "sti": 15,
          "dti": 178,
          "sco": 87,
          "dco": 895,
          "txt": "appearances"
        },
        {
          "si": 6,
          "sti": 16,
          "dti": 179,
          "sco": 99,
          "dco": 907,
          "txt": "in"
        },
        {
          "si": 6,
          "sti": 17,
          "dti": 180,
          "sco": 102,
          "dco": 910,
          "txt": "the"
        },
        {
          "si": 6,
          "sti": 18,
          "dti": 181,
          "sco": 106,
          "dco": 914,
          "txt": "league"
        },
        {
          "si": 6,
          "sti": 19,
          "dti": 182,
          "sco": 112,
          "dco": 920,
          "txt": ";"
        },
        {
          "si": 6,
          "sti": 20,
          "dti": 183,
          "sco": 114,
          "dco": 922,
          "txt": "he"
        },
        {
          "si": 6,
          "sti": 21,
          "dti": 184,
          "sco": 117,
          "dco": 925,
          "txt": "also"
        },
        {
          "si": 6,
          "sti": 22,
          "dti": 185,
          "sco": 122,
          "dco": 930,
          "txt": "debuted"
        },
        {
          "si": 6,
          "sti": 23,
          "dti": 186,
          "sco": 130,
          "dco": 938,
          "txt": "in"
        },
        {
          "si": 6,
          "sti": 24,
          "dti": 187,
          "sco": 133,
          "dco": 941,
          "txt": "the"
        },
        {
          "si": 6,
          "sti": 25,
          "dti": 188,
          "sco": 137,
          "dco": 945,
          "txt": "Europa"
        },
        {
          "si": 6,
          "sti": 26,
          "dti": 189,
          "sco": 144,
          "dco": 952,
          "txt": "League"
        },
        {
          "si": 6,
          "sti": 27,
          "dti": 190,
          "sco": 151,
          "dco": 959,
          "txt": "qualifiers"
        },
        {
          "si": 6,
          "sti": 28,
          "dti": 191,
          "sco": 161,
          "dco": 969,
          "txt": ","
        },
        {
          "si": 6,
          "sti": 29,
          "dti": 192,
          "sco": 163,
          "dco": 971,
          "txt": "playing"
        },
        {
          "si": 6,
          "sti": 30,
          "dti": 193,
          "sco": 171,
          "dco": 979,
          "txt": "both"
        },
        {
          "si": 6,
          "sti": 31,
          "dti": 194,
          "sco": 176,
          "dco": 984,
          "txt": "matches"
        },
        {
          "si": 6,
          "sti": 32,
          "dti": 195,
          "sco": 184,
          "dco": 992,
          "txt": "versus"
        },
        {
          "si": 6,
          "sti": 33,
          "dti": 196,
          "sco": 191,
          "dco": 999,
          "txt": "Khazar"
        },
        {
          "si": 6,
          "sti": 34,
          "dti": 197,
          "sco": 198,
          "dco": 1006,
          "txt": "Lankaran"
        },
        {
          "si": 6,
          "sti": 35,
          "dti": 198,
          "sco": 206,
          "dco": 1014,
          "txt": "."
        },
        {
          "si": 7,
          "sti": 0,
          "dti": 199,
          "sco": 0,
          "dco": 1016,
          "txt": "The"
        },
        {
          "si": 7,
          "sti": 1,
          "dti": 200,
          "sco": 4,
          "dco": 1020,
          "txt": "following"
        },
        {
          "si": 7,
          "sti": 2,
          "dti": 201,
          "sco": 14,
          "dco": 1030,
          "txt": "season"
        },
        {
          "si": 7,
          "sti": 3,
          "dti": 202,
          "sco": 21,
          "dco": 1037,
          "txt": "he"
        },
        {
          "si": 7,
          "sti": 4,
          "dti": 203,
          "sco": 24,
          "dco": 1040,
          "txt": "made"
        },
        {
          "si": 7,
          "sti": 5,
          "dti": 204,
          "sco": 29,
          "dco": 1045,
          "txt": "his"
        },
        {
          "si": 7,
          "sti": 6,
          "dti": 205,
          "sco": 33,
          "dco": 1049,
          "txt": "debut"
        },
        {
          "si": 7,
          "sti": 7,
          "dti": 206,
          "sco": 39,
          "dco": 1055,
          "txt": "in"
        },
        {
          "si": 7,
          "sti": 8,
          "dti": 207,
          "sco": 42,
          "dco": 1058,
          "txt": "the"
        },
        {
          "si": 7,
          "sti": 9,
          "dti": 208,
          "sco": 46,
          "dco": 1062,
          "txt": "UEFA"
        },
        {
          "si": 7,
          "sti": 10,
          "dti": 209,
          "sco": 51,
          "dco": 1067,
          "txt": "Champions"
        },
        {
          "si": 7,
          "sti": 11,
          "dti": 210,
          "sco": 61,
          "dco": 1077,
          "txt": "League"
        },
        {
          "si": 7,
          "sti": 12,
          "dti": 211,
          "sco": 67,
          "dco": 1083,
          "txt": ","
        },
        {
          "si": 7,
          "sti": 13,
          "dti": 212,
          "sco": 69,
          "dco": 1085,
          "txt": "scoring"
        },
        {
          "si": 7,
          "sti": 14,
          "dti": 213,
          "sco": 77,
          "dco": 1093,
          "txt": "three"
        },
        {
          "si": 7,
          "sti": 15,
          "dti": 214,
          "sco": 83,
          "dco": 1099,
          "txt": "goals"
        },
        {
          "si": 7,
          "sti": 16,
          "dti": 215,
          "sco": 89,
          "dco": 1105,
          "txt": "in"
        },
        {
          "si": 7,
          "sti": 17,
          "dti": 216,
          "sco": 92,
          "dco": 1108,
          "txt": "four"
        },
        {
          "si": 7,
          "sti": 18,
          "dti": 217,
          "sco": 97,
          "dco": 1113,
          "txt": "appearances"
        },
        {
          "si": 7,
          "sti": 19,
          "dti": 218,
          "sco": 109,
          "dco": 1125,
          "txt": "in"
        },
        {
          "si": 7,
          "sti": 20,
          "dti": 219,
          "sco": 112,
          "dco": 1128,
          "txt": "the"
        },
        {
          "si": 7,
          "sti": 21,
          "dti": 220,
          "sco": 116,
          "dco": 1132,
          "txt": "qualifying"
        },
        {
          "si": 7,
          "sti": 22,
          "dti": 221,
          "sco": 127,
          "dco": 1143,
          "txt": "phase"
        },
        {
          "si": 7,
          "sti": 23,
          "dti": 222,
          "sco": 132,
          "dco": 1148,
          "txt": ","
        },
        {
          "si": 7,
          "sti": 24,
          "dti": 223,
          "sco": 134,
          "dco": 1150,
          "txt": "including"
        },
        {
          "si": 7,
          "sti": 25,
          "dti": 224,
          "sco": 144,
          "dco": 1160,
          "txt": "a"
        },
        {
          "si": 7,
          "sti": 26,
          "dti": 225,
          "sco": 146,
          "dco": 1162,
          "txt": "brace"
        },
        {
          "si": 7,
          "sti": 27,
          "dti": 226,
          "sco": 152,
          "dco": 1168,
          "txt": "in"
        },
        {
          "si": 7,
          "sti": 28,
          "dti": 227,
          "sco": 155,
          "dco": 1171,
          "txt": "Kalju"
        },
        {
          "si": 7,
          "sti": 29,
          "dti": 228,
          "sco": 161,
          "dco": 1177,
          "txt": "N"
        },
        {
          "si": 7,
          "sti": 30,
          "dti": 229,
          "sco": 162,
          "dco": 1178,
          "txt": "õ"
        },
        {
          "si": 7,
          "sti": 31,
          "dti": 230,
          "sco": 163,
          "dco": 1179,
          "txt": "mme"
        },
        {
          "si": 7,
          "sti": 32,
          "dti": 231,
          "sco": 166,
          "dco": 1182,
          "txt": "'"
        },
        {
          "si": 7,
          "sti": 33,
          "dti": 232,
          "sco": 167,
          "dco": 1183,
          "txt": "s"
        },
        {
          "si": 7,
          "sti": 34,
          "dti": 233,
          "sco": 169,
          "dco": 1185,
          "txt": "defeat"
        },
        {
          "si": 7,
          "sti": 35,
          "dti": 234,
          "sco": 176,
          "dco": 1192,
          "txt": "against"
        },
        {
          "si": 7,
          "sti": 36,
          "dti": 235,
          "sco": 184,
          "dco": 1200,
          "txt": "Viktoria"
        },
        {
          "si": 7,
          "sti": 37,
          "dti": 236,
          "sco": 193,
          "dco": 1209,
          "txt": "Plzen"
        },
        {
          "si": 7,
          "sti": 38,
          "dti": 237,
          "sco": 198,
          "dco": 1214,
          "txt": "."
        }
      ]
    },
    "ganns": {
      "dla": [],
      "la": [],
      "ea": [],
      "eta": [
        {
          "ra": {
            "ea": {
              "etn": "Damiano_Quintieri"
            }
          },
          "sfs": [
            [
              {
                "stn": "birthYear"
              },
              {
                "dla": {
                  "txt": {
                    "sff": "1990"
                  },
                  "et": {
                    "etn": "BirthYear"
                  },
                  "dp": {
                    "off": 50
                  }
                }
              }
            ],
            [
              {
                "stn": "deathYear"
              },
              {}
            ]
          ],
          "mfs": [
            [
              {
                "stn": "birthPlaces"
              },
              {
                "dla": [],
                "la": [],
                "ea": [
                  {
                    "etn": "Terranova_da_Sibari"
                  }
                ],
                "eta": []
              }
            ],
            [
              {
                "stn": "teams"
              },
              {
                "dla": [],
                "la": [],
                "ea": [
                  {
                    "etn": "Inter_Milan"
                  }
                ],
                "eta": []
              }
            ],
            [
              {
                "stn": "positions"
              },
              {
                "dla": [],
                "la": [],
                "ea": [
                  {
                    "etn": "Midfielder"
                  }
                ],
                "eta": []
              }
            ]
          ]
        }
      ]
    }
  }
]
