[
  {
    "context": "TRAIN",
    "doc": {
      "id": "David_Howie_(footballer)",
      "tl": [
        {
          "si": 0,
          "sti": 0,
          "dti": 0,
          "sco": 0,
          "dco": 0,
          "txt": "David"
        },
        {
          "si": 0,
          "sti": 1,
          "dti": 1,
          "sco": 6,
          "dco": 6,
          "txt": "Howie"
        },
        {
          "si": 0,
          "sti": 2,
          "dti": 2,
          "sco": 12,
          "dco": 12,
          "txt": "("
        },
        {
          "si": 0,
          "sti": 3,
          "dti": 3,
          "sco": 13,
          "dco": 13,
          "txt": "footballer"
        },
        {
          "si": 0,
          "sti": 4,
          "dti": 4,
          "sco": 23,
          "dco": 23,
          "txt": ")"
        },
        {
          "si": 0,
          "sti": 5,
          "dti": 5,
          "sco": 24,
          "dco": 24,
          "txt": "."
        },
        {
          "si": 1,
          "sti": 0,
          "dti": 6,
          "sco": 0,
          "dco": 26,
          "txt": "David"
        },
        {
          "si": 1,
          "sti": 1,
          "dti": 7,
          "sco": 6,
          "dco": 32,
          "txt": "Howie"
        },
        {
          "si": 1,
          "sti": 2,
          "dti": 8,
          "sco": 12,
          "dco": 38,
          "txt": "("
        },
        {
          "si": 1,
          "sti": 3,
          "dti": 9,
          "sco": 13,
          "dco": 39,
          "txt": "15"
        },
        {
          "si": 1,
          "sti": 4,
          "dti": 10,
          "sco": 16,
          "dco": 42,
          "txt": "July"
        },
        {
          "si": 1,
          "sti": 5,
          "dti": 11,
          "sco": 21,
          "dco": 47,
          "txt": "1886"
        },
        {
          "si": 1,
          "sti": 6,
          "dti": 12,
          "sco": 26,
          "dco": 52,
          "txt": "–"
        },
        {
          "si": 1,
          "sti": 7,
          "dti": 13,
          "sco": 28,
          "dco": 54,
          "txt": "1930"
        },
        {
          "si": 1,
          "sti": 8,
          "dti": 14,
          "sco": 32,
          "dco": 58,
          "txt": ")"
        },
        {
          "si": 1,
          "sti": 9,
          "dti": 15,
          "sco": 34,
          "dco": 60,
          "txt": "was"
        },
        {
          "si": 1,
          "sti": 10,
          "dti": 16,
          "sco": 38,
          "dco": 64,
          "txt": "a"
        },
        {
          "si": 1,
          "sti": 11,
          "dti": 17,
          "sco": 40,
          "dco": 66,
          "txt": "Scottish"
        },
        {
          "si": 1,
          "sti": 12,
          "dti": 18,
          "sco": 49,
          "dco": 75,
          "txt": "professional"
        },
        {
          "si": 1,
          "sti": 13,
          "dti": 19,
          "sco": 62,
          "dco": 88,
          "txt": "footballer"
        },
        {
          "si": 1,
          "sti": 14,
          "dti": 20,
          "sco": 73,
          "dco": 99,
          "txt": "who"
        },
        {
          "si": 1,
          "sti": 15,
          "dti": 21,
          "sco": 77,
          "dco": 103,
          "txt": "played"
        },
        {
          "si": 1,
          "sti": 16,
          "dti": 22,
          "sco": 84,
          "dco": 110,
          "txt": "as"
        },
        {
          "si": 1,
          "sti": 17,
          "dti": 23,
          "sco": 87,
          "dco": 113,
          "txt": "a"
        },
        {
          "si": 1,
          "sti": 18,
          "dti": 24,
          "sco": 89,
          "dco": 115,
          "txt": "central"
        },
        {
          "si": 1,
          "sti": 19,
          "dti": 25,
          "sco": 97,
          "dco": 123,
          "txt": "defender"
        },
        {
          "si": 1,
          "sti": 20,
          "dti": 26,
          "sco": 105,
          "dco": 131,
          "txt": "."
        },
        {
          "si": 2,
          "sti": 0,
          "dti": 27,
          "sco": 0,
          "dco": 133,
          "txt": "Born"
        },
        {
          "si": 2,
          "sti": 1,
          "dti": 28,
          "sco": 5,
          "dco": 138,
          "txt": "in"
        },
        {
          "si": 2,
          "sti": 2,
          "dti": 29,
          "sco": 8,
          "dco": 141,
          "txt": "Galston"
        },
        {
          "si": 2,
          "sti": 3,
          "dti": 30,
          "sco": 15,
          "dco": 148,
          "txt": ","
        },
        {
          "si": 2,
          "sti": 4,
          "dti": 31,
          "sco": 17,
          "dco": 150,
          "txt": "East"
        },
        {
          "si": 2,
          "sti": 5,
          "dti": 32,
          "sco": 22,
          "dco": 155,
          "txt": "Ayrshire"
        },
        {
          "si": 2,
          "sti": 6,
          "dti": 33,
          "sco": 30,
          "dco": 163,
          "txt": ","
        },
        {
          "si": 2,
          "sti": 7,
          "dti": 34,
          "sco": 32,
          "dco": 165,
          "txt": "he"
        },
        {
          "si": 2,
          "sti": 8,
          "dti": 35,
          "sco": 35,
          "dco": 168,
          "txt": "started"
        },
        {
          "si": 2,
          "sti": 9,
          "dti": 36,
          "sco": 43,
          "dco": 176,
          "txt": "his"
        },
        {
          "si": 2,
          "sti": 10,
          "dti": 37,
          "sco": 47,
          "dco": 180,
          "txt": "career"
        },
        {
          "si": 2,
          "sti": 11,
          "dti": 38,
          "sco": 54,
          "dco": 187,
          "txt": "in"
        },
        {
          "si": 2,
          "sti": 12,
          "dti": 39,
          "sco": 57,
          "dco": 190,
          "txt": "his"
        },
        {
          "si": 2,
          "sti": 13,
          "dti": 40,
          "sco": 61,
          "dco": 194,
          "txt": "hometown"
        },
        {
          "si": 2,
          "sti": 14,
          "dti": 41,
          "sco": 70,
          "dco": 203,
          "txt": "as"
        },
        {
          "si": 2,
          "sti": 15,
          "dti": 42,
          "sco": 73,
          "dco": 206,
          "txt": "an"
        },
        {
          "si": 2,
          "sti": 16,
          "dti": 43,
          "sco": 76,
          "dco": 209,
          "txt": "amateur"
        },
        {
          "si": 2,
          "sti": 17,
          "dti": 44,
          "sco": 84,
          "dco": 217,
          "txt": "with"
        },
        {
          "si": 2,
          "sti": 18,
          "dti": 45,
          "sco": 89,
          "dco": 222,
          "txt": "Galston"
        },
        {
          "si": 2,
          "sti": 19,
          "dti": 46,
          "sco": 97,
          "dco": 230,
          "txt": "Athletic"
        },
        {
          "si": 2,
          "sti": 20,
          "dti": 47,
          "sco": 105,
          "dco": 238,
          "txt": "."
        },
        {
          "si": 3,
          "sti": 0,
          "dti": 48,
          "sco": 0,
          "dco": 240,
          "txt": "He"
        },
        {
          "si": 3,
          "sti": 1,
          "dti": 49,
          "sco": 3,
          "dco": 243,
          "txt": "later"
        },
        {
          "si": 3,
          "sti": 2,
          "dti": 50,
          "sco": 9,
          "dco": 249,
          "txt": "moved"
        },
        {
          "si": 3,
          "sti": 3,
          "dti": 51,
          "sco": 15,
          "dco": 255,
          "txt": "to"
        },
        {
          "si": 3,
          "sti": 4,
          "dti": 52,
          "sco": 18,
          "dco": 258,
          "txt": "Kilmarnock"
        },
        {
          "si": 3,
          "sti": 5,
          "dti": 53,
          "sco": 29,
          "dco": 269,
          "txt": "before"
        },
        {
          "si": 3,
          "sti": 6,
          "dti": 54,
          "sco": 36,
          "dco": 276,
          "txt": "moving"
        },
        {
          "si": 3,
          "sti": 7,
          "dti": 55,
          "sco": 43,
          "dco": 283,
          "txt": "to"
        },
        {
          "si": 3,
          "sti": 8,
          "dti": 56,
          "sco": 46,
          "dco": 286,
          "txt": "England"
        },
        {
          "si": 3,
          "sti": 9,
          "dti": 57,
          "sco": 54,
          "dco": 294,
          "txt": "to"
        },
        {
          "si": 3,
          "sti": 10,
          "dti": 58,
          "sco": 57,
          "dco": 297,
          "txt": "sign"
        },
        {
          "si": 3,
          "sti": 11,
          "dti": 59,
          "sco": 62,
          "dco": 302,
          "txt": "for"
        },
        {
          "si": 3,
          "sti": 12,
          "dti": 60,
          "sco": 66,
          "dco": 306,
          "txt": "Bradford"
        },
        {
          "si": 3,
          "sti": 13,
          "dti": 61,
          "sco": 75,
          "dco": 315,
          "txt": "Park"
        },
        {
          "si": 3,
          "sti": 14,
          "dti": 62,
          "sco": 80,
          "dco": 320,
          "txt": "Avenue"
        },
        {
          "si": 3,
          "sti": 15,
          "dti": 63,
          "sco": 87,
          "dco": 327,
          "txt": "on"
        },
        {
          "si": 3,
          "sti": 16,
          "dti": 64,
          "sco": 90,
          "dco": 330,
          "txt": "a"
        },
        {
          "si": 3,
          "sti": 17,
          "dti": 65,
          "sco": 92,
          "dco": 332,
          "txt": "free"
        },
        {
          "si": 3,
          "sti": 18,
          "dti": 66,
          "sco": 97,
          "dco": 337,
          "txt": "transfer"
        },
        {
          "si": 3,
          "sti": 19,
          "dti": 67,
          "sco": 106,
          "dco": 346,
          "txt": "at"
        },
        {
          "si": 3,
          "sti": 20,
          "dti": 68,
          "sco": 109,
          "dco": 349,
          "txt": "the"
        },
        {
          "si": 3,
          "sti": 21,
          "dti": 69,
          "sco": 113,
          "dco": 353,
          "txt": "start"
        },
        {
          "si": 3,
          "sti": 22,
          "dti": 70,
          "sco": 119,
          "dco": 359,
          "txt": "of"
        },
        {
          "si": 3,
          "sti": 23,
          "dti": 71,
          "sco": 122,
          "dco": 362,
          "txt": "the"
        },
        {
          "si": 3,
          "sti": 24,
          "dti": 72,
          "sco": 126,
          "dco": 366,
          "txt": "1911"
        },
        {
          "si": 3,
          "sti": 25,
          "dti": 73,
          "sco": 130,
          "dco": 370,
          "txt": "–"
        },
        {
          "si": 3,
          "sti": 26,
          "dti": 74,
          "sco": 131,
          "dco": 371,
          "txt": "12"
        },
        {
          "si": 3,
          "sti": 27,
          "dti": 75,
          "sco": 134,
          "dco": 374,
          "txt": "season"
        },
        {
          "si": 3,
          "sti": 28,
          "dti": 76,
          "sco": 140,
          "dco": 380,
          "txt": "."
        },
        {
          "si": 4,
          "sti": 0,
          "dti": 77,
          "sco": 0,
          "dco": 382,
          "txt": "Howie"
        },
        {
          "si": 4,
          "sti": 1,
          "dti": 78,
          "sco": 6,
          "dco": 388,
          "txt": "continued"
        },
        {
          "si": 4,
          "sti": 2,
          "dti": 79,
          "sco": 16,
          "dco": 398,
          "txt": "to"
        },
        {
          "si": 4,
          "sti": 3,
          "dti": 80,
          "sco": 19,
          "dco": 401,
          "txt": "play"
        },
        {
          "si": 4,
          "sti": 4,
          "dti": 81,
          "sco": 24,
          "dco": 406,
          "txt": "for"
        },
        {
          "si": 4,
          "sti": 5,
          "dti": 82,
          "sco": 28,
          "dco": 410,
          "txt": "the"
        },
        {
          "si": 4,
          "sti": 6,
          "dti": 83,
          "sco": 32,
          "dco": 414,
          "txt": "club"
        },
        {
          "si": 4,
          "sti": 7,
          "dti": 84,
          "sco": 37,
          "dco": 419,
          "txt": "for"
        },
        {
          "si": 4,
          "sti": 8,
          "dti": 85,
          "sco": 41,
          "dco": 423,
          "txt": "the"
        },
        {
          "si": 4,
          "sti": 9,
          "dti": 86,
          "sco": 45,
          "dco": 427,
          "txt": "next"
        },
        {
          "si": 4,
          "sti": 10,
          "dti": 87,
          "sco": 50,
          "dco": 432,
          "txt": "14"
        },
        {
          "si": 4,
          "sti": 11,
          "dti": 88,
          "sco": 53,
          "dco": 435,
          "txt": "seasons"
        },
        {
          "si": 4,
          "sti": 12,
          "dti": 89,
          "sco": 60,
          "dco": 442,
          "txt": ","
        },
        {
          "si": 4,
          "sti": 13,
          "dti": 90,
          "sco": 62,
          "dco": 444,
          "txt": "although"
        },
        {
          "si": 4,
          "sti": 14,
          "dti": 91,
          "sco": 71,
          "dco": 453,
          "txt": "he"
        },
        {
          "si": 4,
          "sti": 15,
          "dti": 92,
          "sco": 74,
          "dco": 456,
          "txt": "missed"
        },
        {
          "si": 4,
          "sti": 16,
          "dti": 93,
          "sco": 81,
          "dco": 463,
          "txt": "four"
        },
        {
          "si": 4,
          "sti": 17,
          "dti": 94,
          "sco": 86,
          "dco": 468,
          "txt": "years"
        },
        {
          "si": 4,
          "sti": 18,
          "dti": 95,
          "sco": 92,
          "dco": 474,
          "txt": "of"
        },
        {
          "si": 4,
          "sti": 19,
          "dti": 96,
          "sco": 95,
          "dco": 477,
          "txt": "his"
        },
        {
          "si": 4,
          "sti": 20,
          "dti": 97,
          "sco": 99,
          "dco": 481,
          "txt": "career"
        },
        {
          "si": 4,
          "sti": 21,
          "dti": 98,
          "sco": 106,
          "dco": 488,
          "txt": "due"
        },
        {
          "si": 4,
          "sti": 22,
          "dti": 99,
          "sco": 110,
          "dco": 492,
          "txt": "to"
        },
        {
          "si": 4,
          "sti": 23,
          "dti": 100,
          "sco": 113,
          "dco": 495,
          "txt": "the"
        },
        {
          "si": 4,
          "sti": 24,
          "dti": 101,
          "sco": 117,
          "dco": 499,
          "txt": "First"
        },
        {
          "si": 4,
          "sti": 25,
          "dti": 102,
          "sco": 123,
          "dco": 505,
          "txt": "World"
        },
        {
          "si": 4,
          "sti": 26,
          "dti": 103,
          "sco": 129,
          "dco": 511,
          "txt": "War"
        },
        {
          "si": 4,
          "sti": 27,
          "dti": 104,
          "sco": 132,
          "dco": 514,
          "txt": "."
        }
      ]
    },
    "ganns": {
      "dla": [],
      "la": [],
      "ea": [],
      "eta": [
        {
          "ra": {
            "ea": {
              "etn": "David_Howie_(footballer)"
            }
          },
          "sfs": [
            [
              {
                "stn": "birthYear"
              },
              {
                "dla": {
                  "txt": {
                    "sff": "1886"
                  },
                  "et": {
                    "etn": "BirthYear"
                  },
                  "dp": {
                    "off": 47
                  }
                }
              }
            ],
            [
              {
                "stn": "deathYear"
              },
              {
                "dla": {
                  "txt": {
                    "sff": "1930"
                  },
                  "et": {
                    "etn": "DeathYear"
                  },
                  "dp": {
                    "off": 54
                  }
                }
              }
            ]
          ],
          "mfs": [
            [
              {
                "stn": "birthPlaces"
              },
              {
                "dla": [],
                "la": [],
                "ea": [
                  {
                    "etn": "Galston,_East_Ayrshire"
                  }
                ],
                "eta": []
              }
            ],
            [
              {
                "stn": "teams"
              },
              {
                "dla": [],
                "la": [],
                "ea": [
                  {
                    "etn": "Kilmarnock_F.C."
                  },
                  {
                    "etn": "Bradford_Park_Avenue_A.F.C."
                  }
                ],
                "eta": []
              }
            ],
            [
              {
                "stn": "positions"
              },
              {
                "dla": [],
                "la": [],
                "ea": [],
                "eta": []
              }
            ]
          ]
        }
      ]
    }
  }
]
