[
  {
    "context": "TRAIN",
    "doc": {
      "id": "David_Baillie_(footballer)",
      "tl": [
        {
          "si": 0,
          "sti": 0,
          "dti": 0,
          "sco": 0,
          "dco": 0,
          "txt": "David"
        },
        {
          "si": 0,
          "sti": 1,
          "dti": 1,
          "sco": 6,
          "dco": 6,
          "txt": "Baillie"
        },
        {
          "si": 0,
          "sti": 2,
          "dti": 2,
          "sco": 14,
          "dco": 14,
          "txt": "("
        },
        {
          "si": 0,
          "sti": 3,
          "dti": 3,
          "sco": 15,
          "dco": 15,
          "txt": "footballer"
        },
        {
          "si": 0,
          "sti": 4,
          "dti": 4,
          "sco": 25,
          "dco": 25,
          "txt": ")"
        },
        {
          "si": 0,
          "sti": 5,
          "dti": 5,
          "sco": 26,
          "dco": 26,
          "txt": "."
        },
        {
          "si": 1,
          "sti": 0,
          "dti": 6,
          "sco": 0,
          "dco": 28,
          "txt": "David"
        },
        {
          "si": 1,
          "sti": 1,
          "dti": 7,
          "sco": 6,
          "dco": 34,
          "txt": "Baillie"
        },
        {
          "si": 1,
          "sti": 2,
          "dti": 8,
          "sco": 14,
          "dco": 42,
          "txt": "("
        },
        {
          "si": 1,
          "sti": 3,
          "dti": 9,
          "sco": 15,
          "dco": 43,
          "txt": "6"
        },
        {
          "si": 1,
          "sti": 4,
          "dti": 10,
          "sco": 17,
          "dco": 45,
          "txt": "June"
        },
        {
          "si": 1,
          "sti": 5,
          "dti": 11,
          "sco": 22,
          "dco": 50,
          "txt": "1905"
        },
        {
          "si": 1,
          "sti": 6,
          "dti": 12,
          "sco": 27,
          "dco": 55,
          "txt": "–"
        },
        {
          "si": 1,
          "sti": 7,
          "dti": 13,
          "sco": 29,
          "dco": 57,
          "txt": "November"
        },
        {
          "si": 1,
          "sti": 8,
          "dti": 14,
          "sco": 38,
          "dco": 66,
          "txt": "1967"
        },
        {
          "si": 1,
          "sti": 9,
          "dti": 15,
          "sco": 42,
          "dco": 70,
          "txt": ")"
        },
        {
          "si": 1,
          "sti": 10,
          "dti": 16,
          "sco": 44,
          "dco": 72,
          "txt": "was"
        },
        {
          "si": 1,
          "sti": 11,
          "dti": 17,
          "sco": 48,
          "dco": 76,
          "txt": "an"
        },
        {
          "si": 1,
          "sti": 12,
          "dti": 18,
          "sco": 51,
          "dco": 79,
          "txt": "English"
        },
        {
          "si": 1,
          "sti": 13,
          "dti": 19,
          "sco": 59,
          "dco": 87,
          "txt": "footballer"
        },
        {
          "si": 1,
          "sti": 14,
          "dti": 20,
          "sco": 70,
          "dco": 98,
          "txt": "who"
        },
        {
          "si": 1,
          "sti": 15,
          "dti": 21,
          "sco": 74,
          "dco": 102,
          "txt": "played"
        },
        {
          "si": 1,
          "sti": 16,
          "dti": 22,
          "sco": 81,
          "dco": 109,
          "txt": "as"
        },
        {
          "si": 1,
          "sti": 17,
          "dti": 23,
          "sco": 84,
          "dco": 112,
          "txt": "a"
        },
        {
          "si": 1,
          "sti": 18,
          "dti": 24,
          "sco": 86,
          "dco": 114,
          "txt": "goalkeeper"
        },
        {
          "si": 1,
          "sti": 19,
          "dti": 25,
          "sco": 97,
          "dco": 125,
          "txt": "for"
        },
        {
          "si": 1,
          "sti": 20,
          "dti": 26,
          "sco": 101,
          "dco": 129,
          "txt": "Coryton"
        },
        {
          "si": 1,
          "sti": 21,
          "dti": 27,
          "sco": 108,
          "dco": 136,
          "txt": ","
        },
        {
          "si": 1,
          "sti": 22,
          "dti": 28,
          "sco": 110,
          "dco": 138,
          "txt": "West"
        },
        {
          "si": 1,
          "sti": 23,
          "dti": 29,
          "sco": 115,
          "dco": 143,
          "txt": "Ham"
        },
        {
          "si": 1,
          "sti": 24,
          "dti": 30,
          "sco": 119,
          "dco": 147,
          "txt": "United"
        },
        {
          "si": 1,
          "sti": 25,
          "dti": 31,
          "sco": 126,
          "dco": 154,
          "txt": "and"
        },
        {
          "si": 1,
          "sti": 26,
          "dti": 32,
          "sco": 130,
          "dco": 158,
          "txt": "Chester"
        },
        {
          "si": 1,
          "sti": 27,
          "dti": 33,
          "sco": 138,
          "dco": 166,
          "txt": "City"
        },
        {
          "si": 1,
          "sti": 28,
          "dti": 34,
          "sco": 142,
          "dco": 170,
          "txt": "."
        },
        {
          "si": 2,
          "sti": 0,
          "dti": 35,
          "sco": 0,
          "dco": 172,
          "txt": "Career"
        },
        {
          "si": 2,
          "sti": 1,
          "dti": 36,
          "sco": 6,
          "dco": 178,
          "txt": "."
        },
        {
          "si": 3,
          "sti": 0,
          "dti": 37,
          "sco": 0,
          "dco": 180,
          "txt": "Baillie"
        },
        {
          "si": 3,
          "sti": 1,
          "dti": 38,
          "sco": 8,
          "dco": 188,
          "txt": "started"
        },
        {
          "si": 3,
          "sti": 2,
          "dti": 39,
          "sco": 16,
          "dco": 196,
          "txt": "his"
        },
        {
          "si": 3,
          "sti": 3,
          "dti": 40,
          "sco": 20,
          "dco": 200,
          "txt": "career"
        },
        {
          "si": 3,
          "sti": 4,
          "dti": 41,
          "sco": 27,
          "dco": 207,
          "txt": "with"
        },
        {
          "si": 3,
          "sti": 5,
          "dti": 42,
          "sco": 32,
          "dco": 212,
          "txt": "Coryton"
        },
        {
          "si": 3,
          "sti": 6,
          "dti": 43,
          "sco": 40,
          "dco": 220,
          "txt": "before"
        },
        {
          "si": 3,
          "sti": 7,
          "dti": 44,
          "sco": 47,
          "dco": 227,
          "txt": "signing"
        },
        {
          "si": 3,
          "sti": 8,
          "dti": 45,
          "sco": 55,
          "dco": 235,
          "txt": "for"
        },
        {
          "si": 3,
          "sti": 9,
          "dti": 46,
          "sco": 59,
          "dco": 239,
          "txt": "West"
        },
        {
          "si": 3,
          "sti": 10,
          "dti": 47,
          "sco": 64,
          "dco": 244,
          "txt": "Ham"
        },
        {
          "si": 3,
          "sti": 11,
          "dti": 48,
          "sco": 68,
          "dco": 248,
          "txt": "in"
        },
        {
          "si": 3,
          "sti": 12,
          "dti": 49,
          "sco": 71,
          "dco": 251,
          "txt": "1925"
        },
        {
          "si": 3,
          "sti": 13,
          "dti": 50,
          "sco": 75,
          "dco": 255,
          "txt": "."
        },
        {
          "si": 4,
          "sti": 0,
          "dti": 51,
          "sco": 0,
          "dco": 257,
          "txt": "He"
        },
        {
          "si": 4,
          "sti": 1,
          "dti": 52,
          "sco": 3,
          "dco": 260,
          "txt": "remained"
        },
        {
          "si": 4,
          "sti": 2,
          "dti": 53,
          "sco": 12,
          "dco": 269,
          "txt": "with"
        },
        {
          "si": 4,
          "sti": 3,
          "dti": 54,
          "sco": 17,
          "dco": 274,
          "txt": "West"
        },
        {
          "si": 4,
          "sti": 4,
          "dti": 55,
          "sco": 22,
          "dco": 279,
          "txt": "Ham"
        },
        {
          "si": 4,
          "sti": 5,
          "dti": 56,
          "sco": 26,
          "dco": 283,
          "txt": "for"
        },
        {
          "si": 4,
          "sti": 6,
          "dti": 57,
          "sco": 30,
          "dco": 287,
          "txt": "six"
        },
        {
          "si": 4,
          "sti": 7,
          "dti": 58,
          "sco": 34,
          "dco": 291,
          "txt": "seasons"
        },
        {
          "si": 4,
          "sti": 8,
          "dti": 59,
          "sco": 42,
          "dco": 299,
          "txt": "but"
        },
        {
          "si": 4,
          "sti": 9,
          "dti": 60,
          "sco": 46,
          "dco": 303,
          "txt": "made"
        },
        {
          "si": 4,
          "sti": 10,
          "dti": 61,
          "sco": 51,
          "dco": 308,
          "txt": "only"
        },
        {
          "si": 4,
          "sti": 11,
          "dti": 62,
          "sco": 56,
          "dco": 313,
          "txt": "17"
        },
        {
          "si": 4,
          "sti": 12,
          "dti": 63,
          "sco": 59,
          "dco": 316,
          "txt": "appearances"
        },
        {
          "si": 4,
          "sti": 13,
          "dti": 64,
          "sco": 71,
          "dco": 328,
          "txt": "in"
        },
        {
          "si": 4,
          "sti": 14,
          "dti": 65,
          "sco": 74,
          "dco": 331,
          "txt": "all"
        },
        {
          "si": 4,
          "sti": 15,
          "dti": 66,
          "sco": 78,
          "dco": 335,
          "txt": "competitions"
        },
        {
          "si": 4,
          "sti": 16,
          "dti": 67,
          "sco": 91,
          "dco": 348,
          "txt": "and"
        },
        {
          "si": 4,
          "sti": 17,
          "dti": 68,
          "sco": 95,
          "dco": 352,
          "txt": "was"
        },
        {
          "si": 4,
          "sti": 18,
          "dti": 69,
          "sco": 99,
          "dco": 356,
          "txt": "mainly"
        },
        {
          "si": 4,
          "sti": 19,
          "dti": 70,
          "sco": 106,
          "dco": 363,
          "txt": "used"
        },
        {
          "si": 4,
          "sti": 20,
          "dti": 71,
          "sco": 111,
          "dco": 368,
          "txt": "as"
        },
        {
          "si": 4,
          "sti": 21,
          "dti": 72,
          "sco": 114,
          "dco": 371,
          "txt": "an"
        },
        {
          "si": 4,
          "sti": 22,
          "dti": 73,
          "sco": 117,
          "dco": 374,
          "txt": "understudy"
        },
        {
          "si": 4,
          "sti": 23,
          "dti": 74,
          "sco": 128,
          "dco": 385,
          "txt": "to"
        },
        {
          "si": 4,
          "sti": 24,
          "dti": 75,
          "sco": 131,
          "dco": 388,
          "txt": "first"
        },
        {
          "si": 4,
          "sti": 25,
          "dti": 76,
          "sco": 137,
          "dco": 394,
          "txt": "choice"
        },
        {
          "si": 4,
          "sti": 26,
          "dti": 77,
          "sco": 144,
          "dco": 401,
          "txt": "keeper"
        },
        {
          "si": 4,
          "sti": 27,
          "dti": 78,
          "sco": 150,
          "dco": 407,
          "txt": ","
        },
        {
          "si": 4,
          "sti": 28,
          "dti": 79,
          "sco": 152,
          "dco": 409,
          "txt": "Ted"
        },
        {
          "si": 4,
          "sti": 29,
          "dti": 80,
          "sco": 156,
          "dco": 413,
          "txt": "Hufton"
        },
        {
          "si": 4,
          "sti": 30,
          "dti": 81,
          "sco": 162,
          "dco": 419,
          "txt": "."
        },
        {
          "si": 5,
          "sti": 0,
          "dti": 82,
          "sco": 0,
          "dco": 421,
          "txt": "He"
        },
        {
          "si": 5,
          "sti": 1,
          "dti": 83,
          "sco": 3,
          "dco": 424,
          "txt": "moved"
        },
        {
          "si": 5,
          "sti": 2,
          "dti": 84,
          "sco": 9,
          "dco": 430,
          "txt": "to"
        },
        {
          "si": 5,
          "sti": 3,
          "dti": 85,
          "sco": 12,
          "dco": 433,
          "txt": "Chester"
        },
        {
          "si": 5,
          "sti": 4,
          "dti": 86,
          "sco": 20,
          "dco": 441,
          "txt": "in"
        },
        {
          "si": 5,
          "sti": 5,
          "dti": 87,
          "sco": 23,
          "dco": 444,
          "txt": "1929"
        },
        {
          "si": 5,
          "sti": 6,
          "dti": 88,
          "sco": 28,
          "dco": 449,
          "txt": "under"
        },
        {
          "si": 5,
          "sti": 7,
          "dti": 89,
          "sco": 34,
          "dco": 455,
          "txt": "the"
        },
        {
          "si": 5,
          "sti": 8,
          "dti": 90,
          "sco": 38,
          "dco": 459,
          "txt": "managership"
        },
        {
          "si": 5,
          "sti": 9,
          "dti": 91,
          "sco": 50,
          "dco": 471,
          "txt": "of"
        },
        {
          "si": 5,
          "sti": 10,
          "dti": 92,
          "sco": 54,
          "dco": 475,
          "txt": "Charlie"
        },
        {
          "si": 5,
          "sti": 11,
          "dti": 93,
          "sco": 62,
          "dco": 483,
          "txt": "Hewitt"
        },
        {
          "si": 5,
          "sti": 12,
          "dti": 94,
          "sco": 69,
          "dco": 490,
          "txt": "and"
        },
        {
          "si": 5,
          "sti": 13,
          "dti": 95,
          "sco": 72,
          "dco": 493,
          "txt": ","
        },
        {
          "si": 5,
          "sti": 14,
          "dti": 96,
          "sco": 74,
          "dco": 495,
          "txt": "at"
        },
        {
          "si": 5,
          "sti": 15,
          "dti": 97,
          "sco": 77,
          "dco": 498,
          "txt": "the"
        },
        {
          "si": 5,
          "sti": 16,
          "dti": 98,
          "sco": 81,
          "dco": 502,
          "txt": "end"
        },
        {
          "si": 5,
          "sti": 17,
          "dti": 99,
          "sco": 85,
          "dco": 506,
          "txt": "of"
        },
        {
          "si": 5,
          "sti": 18,
          "dti": 100,
          "sco": 88,
          "dco": 509,
          "txt": "his"
        },
        {
          "si": 5,
          "sti": 19,
          "dti": 101,
          "sco": 92,
          "dco": 513,
          "txt": "footballing"
        },
        {
          "si": 5,
          "sti": 20,
          "dti": 102,
          "sco": 104,
          "dco": 525,
          "txt": "career"
        },
        {
          "si": 5,
          "sti": 21,
          "dti": 103,
          "sco": 110,
          "dco": 531,
          "txt": ","
        },
        {
          "si": 5,
          "sti": 22,
          "dti": 104,
          "sco": 112,
          "dco": 533,
          "txt": "returned"
        },
        {
          "si": 5,
          "sti": 23,
          "dti": 105,
          "sco": 121,
          "dco": 542,
          "txt": "to"
        },
        {
          "si": 5,
          "sti": 24,
          "dti": 106,
          "sco": 124,
          "dco": 545,
          "txt": "Upton"
        },
        {
          "si": 5,
          "sti": 25,
          "dti": 107,
          "sco": 130,
          "dco": 551,
          "txt": "Park"
        },
        {
          "si": 5,
          "sti": 26,
          "dti": 108,
          "sco": 135,
          "dco": 556,
          "txt": "where"
        },
        {
          "si": 5,
          "sti": 27,
          "dti": 109,
          "sco": 141,
          "dco": 562,
          "txt": "he"
        },
        {
          "si": 5,
          "sti": 28,
          "dti": 110,
          "sco": 144,
          "dco": 565,
          "txt": "took"
        },
        {
          "si": 5,
          "sti": 29,
          "dti": 111,
          "sco": 149,
          "dco": 570,
          "txt": "up"
        },
        {
          "si": 5,
          "sti": 30,
          "dti": 112,
          "sco": 152,
          "dco": 573,
          "txt": "the"
        },
        {
          "si": 5,
          "sti": 31,
          "dti": 113,
          "sco": 156,
          "dco": 577,
          "txt": "post"
        },
        {
          "si": 5,
          "sti": 32,
          "dti": 114,
          "sco": 161,
          "dco": 582,
          "txt": "of"
        },
        {
          "si": 5,
          "sti": 33,
          "dti": 115,
          "sco": 164,
          "dco": 585,
          "txt": "assistant"
        },
        {
          "si": 5,
          "sti": 34,
          "dti": 116,
          "sco": 174,
          "dco": 595,
          "txt": "groundsman"
        },
        {
          "si": 5,
          "sti": 35,
          "dti": 117,
          "sco": 184,
          "dco": 605,
          "txt": "."
        }
      ]
    },
    "ganns": {
      "dla": [],
      "la": [],
      "ea": [],
      "eta": [
        {
          "ra": {
            "ea": {
              "etn": "David_Baillie_(footballer)"
            }
          },
          "sfs": [
            [
              {
                "stn": "birthYear"
              },
              {
                "dla": {
                  "txt": {
                    "sff": "1905"
                  },
                  "et": {
                    "etn": "BirthYear"
                  },
                  "dp": {
                    "off": 50
                  }
                }
              }
            ],
            [
              {
                "stn": "deathYear"
              },
              {
                "dla": {
                  "txt": {
                    "sff": "1967"
                  },
                  "et": {
                    "etn": "DeathYear"
                  },
                  "dp": {
                    "off": 66
                  }
                }
              }
            ]
          ],
          "mfs": [
            [
              {
                "stn": "position"
              },
              {
                "dla": [],
                "la": [],
                "ea": [
                  {
                    "etn": "Goalkeeper_(association_football)"
                  }
                ],
                "eta": []
              }
            ],
            [
              {
                "stn": "team"
              },
              {
                "dla": [],
                "la": [],
                "ea": [
                  {
                    "etn": "Coryton_F.C."
                  },
                  {
                    "etn": "Chester_City_F.C."
                  },
                  {
                    "etn": "West_Ham_United_F.C."
                  }
                ],
                "eta": []
              }
            ],
            [
              {
                "stn": "birthPlace"
              },
              {
                "dla": [],
                "la": [],
                "ea": [],
                "eta": []
              }
            ]
          ]
        }
      ]
    }
  }
]
