[
  {
    "context": "TRAIN",
    "doc": {
      "id": "Delphine_Blanc",
      "tl": [
        {
          "si": 0,
          "sti": 0,
          "dti": 0,
          "sco": 0,
          "dco": 0,
          "txt": "Delphine"
        },
        {
          "si": 0,
          "sti": 1,
          "dti": 1,
          "sco": 9,
          "dco": 9,
          "txt": "Blanc"
        },
        {
          "si": 0,
          "sti": 2,
          "dti": 2,
          "sco": 14,
          "dco": 14,
          "txt": "."
        },
        {
          "si": 1,
          "sti": 0,
          "dti": 3,
          "sco": 0,
          "dco": 16,
          "txt": "Delphine"
        },
        {
          "si": 1,
          "sti": 1,
          "dti": 4,
          "sco": 9,
          "dco": 25,
          "txt": "Blanc"
        },
        {
          "si": 1,
          "sti": 2,
          "dti": 5,
          "sco": 15,
          "dco": 31,
          "txt": "("
        },
        {
          "si": 1,
          "sti": 3,
          "dti": 6,
          "sco": 16,
          "dco": 32,
          "txt": "born"
        },
        {
          "si": 1,
          "sti": 4,
          "dti": 7,
          "sco": 21,
          "dco": 37,
          "txt": "7"
        },
        {
          "si": 1,
          "sti": 5,
          "dti": 8,
          "sco": 23,
          "dco": 39,
          "txt": "June"
        },
        {
          "si": 1,
          "sti": 6,
          "dti": 9,
          "sco": 28,
          "dco": 44,
          "txt": "1983"
        },
        {
          "si": 1,
          "sti": 7,
          "dti": 10,
          "sco": 33,
          "dco": 49,
          "txt": "in"
        },
        {
          "si": 1,
          "sti": 8,
          "dti": 11,
          "sco": 36,
          "dco": 52,
          "txt": "La"
        },
        {
          "si": 1,
          "sti": 9,
          "dti": 12,
          "sco": 39,
          "dco": 55,
          "txt": "Tronche"
        },
        {
          "si": 1,
          "sti": 10,
          "dti": 13,
          "sco": 46,
          "dco": 62,
          "txt": ")"
        },
        {
          "si": 1,
          "sti": 11,
          "dti": 14,
          "sco": 48,
          "dco": 64,
          "txt": "is"
        },
        {
          "si": 1,
          "sti": 12,
          "dti": 15,
          "sco": 51,
          "dco": 67,
          "txt": "a"
        },
        {
          "si": 1,
          "sti": 13,
          "dti": 16,
          "sco": 53,
          "dco": 69,
          "txt": "French"
        },
        {
          "si": 1,
          "sti": 14,
          "dti": 17,
          "sco": 60,
          "dco": 76,
          "txt": "football"
        },
        {
          "si": 1,
          "sti": 15,
          "dti": 18,
          "sco": 69,
          "dco": 85,
          "txt": "player"
        },
        {
          "si": 1,
          "sti": 16,
          "dti": 19,
          "sco": 76,
          "dco": 92,
          "txt": "currently"
        },
        {
          "si": 1,
          "sti": 17,
          "dti": 20,
          "sco": 86,
          "dco": 102,
          "txt": "playing"
        },
        {
          "si": 1,
          "sti": 18,
          "dti": 21,
          "sco": 94,
          "dco": 110,
          "txt": "for"
        },
        {
          "si": 1,
          "sti": 19,
          "dti": 22,
          "sco": 98,
          "dco": 114,
          "txt": "Paris"
        },
        {
          "si": 1,
          "sti": 20,
          "dti": 23,
          "sco": 104,
          "dco": 120,
          "txt": "Saint"
        },
        {
          "si": 1,
          "sti": 21,
          "dti": 24,
          "sco": 109,
          "dco": 125,
          "txt": "-"
        },
        {
          "si": 1,
          "sti": 22,
          "dti": 25,
          "sco": 110,
          "dco": 126,
          "txt": "Germain"
        },
        {
          "si": 1,
          "sti": 23,
          "dti": 26,
          "sco": 118,
          "dco": 134,
          "txt": "of"
        },
        {
          "si": 1,
          "sti": 24,
          "dti": 27,
          "sco": 121,
          "dco": 137,
          "txt": "the"
        },
        {
          "si": 1,
          "sti": 25,
          "dti": 28,
          "sco": 125,
          "dco": 141,
          "txt": "Division"
        },
        {
          "si": 1,
          "sti": 26,
          "dti": 29,
          "sco": 134,
          "dco": 150,
          "txt": "1"
        },
        {
          "si": 1,
          "sti": 27,
          "dti": 30,
          "sco": 136,
          "dco": 152,
          "txt": "F"
        },
        {
          "si": 1,
          "sti": 28,
          "dti": 31,
          "sco": 137,
          "dco": 153,
          "txt": "é"
        },
        {
          "si": 1,
          "sti": 29,
          "dti": 32,
          "sco": 138,
          "dco": 154,
          "txt": "minine"
        },
        {
          "si": 1,
          "sti": 30,
          "dti": 33,
          "sco": 144,
          "dco": 160,
          "txt": "."
        },
        {
          "si": 2,
          "sti": 0,
          "dti": 34,
          "sco": 0,
          "dco": 162,
          "txt": "She"
        },
        {
          "si": 2,
          "sti": 1,
          "dti": 35,
          "sco": 4,
          "dco": 166,
          "txt": "plays"
        },
        {
          "si": 2,
          "sti": 2,
          "dti": 36,
          "sco": 10,
          "dco": 172,
          "txt": "as"
        },
        {
          "si": 2,
          "sti": 3,
          "dti": 37,
          "sco": 13,
          "dco": 175,
          "txt": "a"
        },
        {
          "si": 2,
          "sti": 4,
          "dti": 38,
          "sco": 15,
          "dco": 177,
          "txt": "right"
        },
        {
          "si": 2,
          "sti": 5,
          "dti": 39,
          "sco": 21,
          "dco": 183,
          "txt": "back"
        },
        {
          "si": 2,
          "sti": 6,
          "dti": 40,
          "sco": 25,
          "dco": 187,
          "txt": ","
        },
        {
          "si": 2,
          "sti": 7,
          "dti": 41,
          "sco": 27,
          "dco": 189,
          "txt": "but"
        },
        {
          "si": 2,
          "sti": 8,
          "dti": 42,
          "sco": 31,
          "dco": 193,
          "txt": "is"
        },
        {
          "si": 2,
          "sti": 9,
          "dti": 43,
          "sco": 34,
          "dco": 196,
          "txt": "also"
        },
        {
          "si": 2,
          "sti": 10,
          "dti": 44,
          "sco": 39,
          "dco": 201,
          "txt": "capable"
        },
        {
          "si": 2,
          "sti": 11,
          "dti": 45,
          "sco": 47,
          "dco": 209,
          "txt": "of"
        },
        {
          "si": 2,
          "sti": 12,
          "dti": 46,
          "sco": 50,
          "dco": 212,
          "txt": "playing"
        },
        {
          "si": 2,
          "sti": 13,
          "dti": 47,
          "sco": 58,
          "dco": 220,
          "txt": "in"
        },
        {
          "si": 2,
          "sti": 14,
          "dti": 48,
          "sco": 61,
          "dco": 223,
          "txt": "the"
        },
        {
          "si": 2,
          "sti": 15,
          "dti": 49,
          "sco": 65,
          "dco": 227,
          "txt": "midfield"
        },
        {
          "si": 2,
          "sti": 16,
          "dti": 50,
          "sco": 73,
          "dco": 235,
          "txt": "."
        },
        {
          "si": 3,
          "sti": 0,
          "dti": 51,
          "sco": 0,
          "dco": 237,
          "txt": "Blanc"
        },
        {
          "si": 3,
          "sti": 1,
          "dti": 52,
          "sco": 6,
          "dco": 243,
          "txt": "is"
        },
        {
          "si": 3,
          "sti": 2,
          "dti": 53,
          "sco": 9,
          "dco": 246,
          "txt": "currently"
        },
        {
          "si": 3,
          "sti": 3,
          "dti": 54,
          "sco": 19,
          "dco": 256,
          "txt": "a"
        },
        {
          "si": 3,
          "sti": 4,
          "dti": 55,
          "sco": 21,
          "dco": 258,
          "txt": "member"
        },
        {
          "si": 3,
          "sti": 5,
          "dti": 56,
          "sco": 28,
          "dco": 265,
          "txt": "of"
        },
        {
          "si": 3,
          "sti": 6,
          "dti": 57,
          "sco": 31,
          "dco": 268,
          "txt": "the"
        },
        {
          "si": 3,
          "sti": 7,
          "dti": 58,
          "sco": 35,
          "dco": 272,
          "txt": "senior"
        },
        {
          "si": 3,
          "sti": 8,
          "dti": 59,
          "sco": 42,
          "dco": 279,
          "txt": "team"
        },
        {
          "si": 3,
          "sti": 9,
          "dti": 60,
          "sco": 47,
          "dco": 284,
          "txt": "making"
        },
        {
          "si": 3,
          "sti": 10,
          "dti": 61,
          "sco": 54,
          "dco": 291,
          "txt": "her"
        },
        {
          "si": 3,
          "sti": 11,
          "dti": 62,
          "sco": 58,
          "dco": 295,
          "txt": "debut"
        },
        {
          "si": 3,
          "sti": 12,
          "dti": 63,
          "sco": 64,
          "dco": 301,
          "txt": "in"
        },
        {
          "si": 3,
          "sti": 13,
          "dti": 64,
          "sco": 67,
          "dco": 304,
          "txt": "2006"
        },
        {
          "si": 3,
          "sti": 14,
          "dti": 65,
          "sco": 71,
          "dco": 308,
          "txt": "."
        },
        {
          "si": 4,
          "sti": 0,
          "dti": 66,
          "sco": 0,
          "dco": 310,
          "txt": "She"
        },
        {
          "si": 4,
          "sti": 1,
          "dti": 67,
          "sco": 4,
          "dco": 314,
          "txt": "played"
        },
        {
          "si": 4,
          "sti": 2,
          "dti": 68,
          "sco": 11,
          "dco": 321,
          "txt": "with"
        },
        {
          "si": 4,
          "sti": 3,
          "dti": 69,
          "sco": 16,
          "dco": 326,
          "txt": "the"
        },
        {
          "si": 4,
          "sti": 4,
          "dti": 70,
          "sco": 20,
          "dco": 330,
          "txt": "team"
        },
        {
          "si": 4,
          "sti": 5,
          "dti": 71,
          "sco": 25,
          "dco": 335,
          "txt": "at"
        },
        {
          "si": 4,
          "sti": 6,
          "dti": 72,
          "sco": 28,
          "dco": 338,
          "txt": "UEFA"
        },
        {
          "si": 4,
          "sti": 7,
          "dti": 73,
          "sco": 33,
          "dco": 343,
          "txt": "Women"
        },
        {
          "si": 4,
          "sti": 8,
          "dti": 74,
          "sco": 38,
          "dco": 348,
          "txt": "'"
        },
        {
          "si": 4,
          "sti": 9,
          "dti": 75,
          "sco": 39,
          "dco": 349,
          "txt": "s"
        },
        {
          "si": 4,
          "sti": 10,
          "dti": 76,
          "sco": 41,
          "dco": 351,
          "txt": "Euro"
        },
        {
          "si": 4,
          "sti": 11,
          "dti": 77,
          "sco": 46,
          "dco": 356,
          "txt": "2009"
        },
        {
          "si": 4,
          "sti": 12,
          "dti": 78,
          "sco": 50,
          "dco": 360,
          "txt": "."
        }
      ]
    },
    "ganns": {
      "dla": [],
      "la": [],
      "ea": [],
      "eta": [
        {
          "ra": {
            "ea": {
              "etn": "Delphine_Blanc"
            }
          },
          "sfs": [
            [
              {
                "stn": "birthYear"
              },
              {
                "dla": {
                  "txt": {
                    "sff": "1983"
                  },
                  "et": {
                    "etn": "BirthYear"
                  },
                  "dp": {
                    "off": 44
                  }
                }
              }
            ],
            [
              {
                "stn": "deathYear"
              },
              {}
            ]
          ],
          "mfs": [
            [
              {
                "stn": "position"
              },
              {
                "dla": [],
                "la": [],
                "ea": [
                  {
                    "etn": "Defender_(association_football)"
                  }
                ],
                "eta": []
              }
            ],
            [
              {
                "stn": "team"
              },
              {
                "dla": [],
                "la": [],
                "ea": [
                  {
                    "etn": "France_women's_national_football_team"
                  }
                ],
                "eta": []
              }
            ],
            [
              {
                "stn": "birthPlace"
              },
              {
                "dla": [],
                "la": [],
                "ea": [
                  {
                    "etn": "La_Tronche"
                  },
                  {
                    "etn": "France"
                  }
                ],
                "eta": []
              }
            ]
          ]
        }
      ]
    }
  }
]
