[
  {
    "context": "TRAIN",
    "doc": {
      "id": "Des_Lacey",
      "tl": [
        {
          "si": 0,
          "sti": 0,
          "dti": 0,
          "sco": 0,
          "dco": 0,
          "txt": "Des"
        },
        {
          "si": 0,
          "sti": 1,
          "dti": 1,
          "sco": 4,
          "dco": 4,
          "txt": "Lacey"
        },
        {
          "si": 0,
          "sti": 2,
          "dti": 2,
          "sco": 9,
          "dco": 9,
          "txt": "."
        },
        {
          "si": 1,
          "sti": 0,
          "dti": 3,
          "sco": 0,
          "dco": 11,
          "txt": "Desmond"
        },
        {
          "si": 1,
          "sti": 1,
          "dti": 4,
          "sco": 8,
          "dco": 19,
          "txt": "\""
        },
        {
          "si": 1,
          "sti": 2,
          "dti": 5,
          "sco": 9,
          "dco": 20,
          "txt": "Des"
        },
        {
          "si": 1,
          "sti": 3,
          "dti": 6,
          "sco": 12,
          "dco": 23,
          "txt": "\""
        },
        {
          "si": 1,
          "sti": 4,
          "dti": 7,
          "sco": 14,
          "dco": 25,
          "txt": "Lacey"
        },
        {
          "si": 1,
          "sti": 5,
          "dti": 8,
          "sco": 20,
          "dco": 31,
          "txt": "("
        },
        {
          "si": 1,
          "sti": 6,
          "dti": 9,
          "sco": 21,
          "dco": 32,
          "txt": "born"
        },
        {
          "si": 1,
          "sti": 7,
          "dti": 10,
          "sco": 26,
          "dco": 37,
          "txt": "3"
        },
        {
          "si": 1,
          "sti": 8,
          "dti": 11,
          "sco": 28,
          "dco": 39,
          "txt": "August"
        },
        {
          "si": 1,
          "sti": 9,
          "dti": 12,
          "sco": 35,
          "dco": 46,
          "txt": "1925"
        },
        {
          "si": 1,
          "sti": 10,
          "dti": 13,
          "sco": 39,
          "dco": 50,
          "txt": ","
        },
        {
          "si": 1,
          "sti": 11,
          "dti": 14,
          "sco": 41,
          "dco": 52,
          "txt": "Dublin"
        },
        {
          "si": 1,
          "sti": 12,
          "dti": 15,
          "sco": 47,
          "dco": 58,
          "txt": ";"
        },
        {
          "si": 1,
          "sti": 13,
          "dti": 16,
          "sco": 49,
          "dco": 60,
          "txt": "died"
        },
        {
          "si": 1,
          "sti": 14,
          "dti": 17,
          "sco": 54,
          "dco": 65,
          "txt": "1974"
        },
        {
          "si": 1,
          "sti": 15,
          "dti": 18,
          "sco": 58,
          "dco": 69,
          "txt": ")"
        },
        {
          "si": 1,
          "sti": 16,
          "dti": 19,
          "sco": 60,
          "dco": 71,
          "txt": "was"
        },
        {
          "si": 1,
          "sti": 17,
          "dti": 20,
          "sco": 64,
          "dco": 75,
          "txt": "an"
        },
        {
          "si": 1,
          "sti": 18,
          "dti": 21,
          "sco": 67,
          "dco": 78,
          "txt": "Irish"
        },
        {
          "si": 1,
          "sti": 19,
          "dti": 22,
          "sco": 73,
          "dco": 84,
          "txt": "footballer"
        },
        {
          "si": 1,
          "sti": 20,
          "dti": 23,
          "sco": 83,
          "dco": 94,
          "txt": "."
        },
        {
          "si": 2,
          "sti": 0,
          "dti": 24,
          "sco": 0,
          "dco": 96,
          "txt": "Lacey"
        },
        {
          "si": 2,
          "sti": 1,
          "dti": 25,
          "sco": 6,
          "dco": 102,
          "txt": "made"
        },
        {
          "si": 2,
          "sti": 2,
          "dti": 26,
          "sco": 11,
          "dco": 107,
          "txt": "one"
        },
        {
          "si": 2,
          "sti": 3,
          "dti": 27,
          "sco": 15,
          "dco": 111,
          "txt": "appearance"
        },
        {
          "si": 2,
          "sti": 4,
          "dti": 28,
          "sco": 26,
          "dco": 122,
          "txt": "for"
        },
        {
          "si": 2,
          "sti": 5,
          "dti": 29,
          "sco": 30,
          "dco": 126,
          "txt": "Chester"
        },
        {
          "si": 2,
          "sti": 6,
          "dti": 30,
          "sco": 38,
          "dco": 134,
          "txt": "in"
        },
        {
          "si": 2,
          "sti": 7,
          "dti": 31,
          "sco": 41,
          "dco": 137,
          "txt": "The"
        },
        {
          "si": 2,
          "sti": 8,
          "dti": 32,
          "sco": 45,
          "dco": 141,
          "txt": "Football"
        },
        {
          "si": 2,
          "sti": 9,
          "dti": 33,
          "sco": 54,
          "dco": 150,
          "txt": "League"
        },
        {
          "si": 2,
          "sti": 10,
          "dti": 34,
          "sco": 60,
          "dco": 156,
          "txt": ","
        },
        {
          "si": 2,
          "sti": 11,
          "dti": 35,
          "sco": 62,
          "dco": 158,
          "txt": "when"
        },
        {
          "si": 2,
          "sti": 12,
          "dti": 36,
          "sco": 67,
          "dco": 163,
          "txt": "he"
        },
        {
          "si": 2,
          "sti": 13,
          "dti": 37,
          "sco": 70,
          "dco": 166,
          "txt": "wore"
        },
        {
          "si": 2,
          "sti": 14,
          "dti": 38,
          "sco": 75,
          "dco": 171,
          "txt": "the"
        },
        {
          "si": 2,
          "sti": 15,
          "dti": 39,
          "sco": 79,
          "dco": 175,
          "txt": "number"
        },
        {
          "si": 2,
          "sti": 16,
          "dti": 40,
          "sco": 86,
          "dco": 182,
          "txt": "seven"
        },
        {
          "si": 2,
          "sti": 17,
          "dti": 41,
          "sco": 92,
          "dco": 188,
          "txt": "shirt"
        },
        {
          "si": 2,
          "sti": 18,
          "dti": 42,
          "sco": 98,
          "dco": 194,
          "txt": "during"
        },
        {
          "si": 2,
          "sti": 19,
          "dti": 43,
          "sco": 105,
          "dco": 201,
          "txt": "a"
        },
        {
          "si": 2,
          "sti": 20,
          "dti": 44,
          "sco": 107,
          "dco": 203,
          "txt": "3"
        },
        {
          "si": 2,
          "sti": 21,
          "dti": 45,
          "sco": 108,
          "dco": 204,
          "txt": "–"
        },
        {
          "si": 2,
          "sti": 22,
          "dti": 46,
          "sco": 109,
          "dco": 205,
          "txt": "0"
        },
        {
          "si": 2,
          "sti": 23,
          "dti": 47,
          "sco": 111,
          "dco": 207,
          "txt": "victory"
        },
        {
          "si": 2,
          "sti": 24,
          "dti": 48,
          "sco": 119,
          "dco": 215,
          "txt": "at"
        },
        {
          "si": 2,
          "sti": 25,
          "dti": 49,
          "sco": 122,
          "dco": 218,
          "txt": "home"
        },
        {
          "si": 2,
          "sti": 26,
          "dti": 50,
          "sco": 127,
          "dco": 223,
          "txt": "to"
        },
        {
          "si": 2,
          "sti": 27,
          "dti": 51,
          "sco": 130,
          "dco": 226,
          "txt": "Lincoln"
        },
        {
          "si": 2,
          "sti": 28,
          "dti": 52,
          "sco": 138,
          "dco": 234,
          "txt": "City"
        },
        {
          "si": 2,
          "sti": 29,
          "dti": 53,
          "sco": 143,
          "dco": 239,
          "txt": "in"
        },
        {
          "si": 2,
          "sti": 30,
          "dti": 54,
          "sco": 146,
          "dco": 242,
          "txt": "April"
        },
        {
          "si": 2,
          "sti": 31,
          "dti": 55,
          "sco": 152,
          "dco": 248,
          "txt": "1947"
        },
        {
          "si": 2,
          "sti": 32,
          "dti": 56,
          "sco": 156,
          "dco": 252,
          "txt": "."
        },
        {
          "si": 3,
          "sti": 0,
          "dti": 57,
          "sco": 0,
          "dco": 254,
          "txt": "Despite"
        },
        {
          "si": 3,
          "sti": 1,
          "dti": 58,
          "sco": 8,
          "dco": 262,
          "txt": "this"
        },
        {
          "si": 3,
          "sti": 2,
          "dti": 59,
          "sco": 13,
          "dco": 267,
          "txt": "success"
        },
        {
          "si": 3,
          "sti": 3,
          "dti": 60,
          "sco": 20,
          "dco": 274,
          "txt": ","
        },
        {
          "si": 3,
          "sti": 4,
          "dti": 61,
          "sco": 22,
          "dco": 276,
          "txt": "he"
        },
        {
          "si": 3,
          "sti": 5,
          "dti": 62,
          "sco": 25,
          "dco": 279,
          "txt": "was"
        },
        {
          "si": 3,
          "sti": 6,
          "dti": 63,
          "sco": 29,
          "dco": 283,
          "txt": "not"
        },
        {
          "si": 3,
          "sti": 7,
          "dti": 64,
          "sco": 33,
          "dco": 287,
          "txt": "selected"
        },
        {
          "si": 3,
          "sti": 8,
          "dti": 65,
          "sco": 42,
          "dco": 296,
          "txt": "again"
        },
        {
          "si": 3,
          "sti": 9,
          "dti": 66,
          "sco": 48,
          "dco": 302,
          "txt": "and"
        },
        {
          "si": 3,
          "sti": 10,
          "dti": 67,
          "sco": 52,
          "dco": 306,
          "txt": "he"
        },
        {
          "si": 3,
          "sti": 11,
          "dti": 68,
          "sco": 55,
          "dco": 309,
          "txt": "moved"
        },
        {
          "si": 3,
          "sti": 12,
          "dti": 69,
          "sco": 61,
          "dco": 315,
          "txt": "to"
        },
        {
          "si": 3,
          "sti": 13,
          "dti": 70,
          "sco": 64,
          "dco": 318,
          "txt": "Witton"
        },
        {
          "si": 3,
          "sti": 14,
          "dti": 71,
          "sco": 71,
          "dco": 325,
          "txt": "Albion"
        },
        {
          "si": 3,
          "sti": 15,
          "dti": 72,
          "sco": 77,
          "dco": 331,
          "txt": "."
        }
      ]
    },
    "ganns": {
      "dla": [],
      "la": [],
      "ea": [],
      "eta": [
        {
          "ra": {
            "ea": {
              "etn": "Des_Lacey"
            }
          },
          "sfs": [
            [
              {
                "stn": "birthYear"
              },
              {
                "dla": {
                  "txt": {
                    "sff": "1925"
                  },
                  "et": {
                    "etn": "BirthYear"
                  },
                  "dp": {
                    "off": 46
                  }
                }
              }
            ],
            [
              {
                "stn": "deathYear"
              },
              {
                "dla": {
                  "txt": {
                    "sff": "1974"
                  },
                  "et": {
                    "etn": "DeathYear"
                  },
                  "dp": {
                    "off": 65
                  }
                }
              }
            ]
          ],
          "mfs": [
            [
              {
                "stn": "birthPlaces"
              },
              {
                "dla": [],
                "la": [],
                "ea": [
                  {
                    "etn": "Dublin"
                  },
                  {
                    "etn": "Republic_of_Ireland"
                  }
                ],
                "eta": []
              }
            ],
            [
              {
                "stn": "teams"
              },
              {
                "dla": [],
                "la": [],
                "ea": [
                  {
                    "etn": "Chester_City_F.C."
                  },
                  {
                    "etn": "Witton_Albion_F.C."
                  }
                ],
                "eta": []
              }
            ],
            [
              {
                "stn": "positions"
              },
              {
                "dla": [],
                "la": [],
                "ea": [],
                "eta": []
              }
            ]
          ]
        }
      ]
    }
  }
]
