[
  {
    "context": "TEST",
    "doc": {
      "id": "Dick_Danks",
      "tl": [
        {
          "si": 0,
          "sti": 0,
          "dti": 0,
          "sco": 0,
          "dco": 0,
          "txt": "Dick"
        },
        {
          "si": 0,
          "sti": 1,
          "dti": 1,
          "sco": 5,
          "dco": 5,
          "txt": "Danks"
        },
        {
          "si": 0,
          "sti": 2,
          "dti": 2,
          "sco": 10,
          "dco": 10,
          "txt": "."
        },
        {
          "si": 1,
          "sti": 0,
          "dti": 3,
          "sco": 0,
          "dco": 12,
          "txt": "Richard"
        },
        {
          "si": 1,
          "sti": 1,
          "dti": 4,
          "sco": 8,
          "dco": 20,
          "txt": "\""
        },
        {
          "si": 1,
          "sti": 2,
          "dti": 5,
          "sco": 9,
          "dco": 21,
          "txt": "Dick"
        },
        {
          "si": 1,
          "sti": 3,
          "dti": 6,
          "sco": 13,
          "dco": 25,
          "txt": "\""
        },
        {
          "si": 1,
          "sti": 4,
          "dti": 7,
          "sco": 15,
          "dco": 27,
          "txt": "Danks"
        },
        {
          "si": 1,
          "sti": 5,
          "dti": 8,
          "sco": 21,
          "dco": 33,
          "txt": "("
        },
        {
          "si": 1,
          "sti": 6,
          "dti": 9,
          "sco": 22,
          "dco": 34,
          "txt": "March"
        },
        {
          "si": 1,
          "sti": 7,
          "dti": 10,
          "sco": 28,
          "dco": 40,
          "txt": "1865"
        },
        {
          "si": 1,
          "sti": 8,
          "dti": 11,
          "sco": 33,
          "dco": 45,
          "txt": "–"
        },
        {
          "si": 1,
          "sti": 9,
          "dti": 12,
          "sco": 35,
          "dco": 47,
          "txt": "November"
        },
        {
          "si": 1,
          "sti": 10,
          "dti": 13,
          "sco": 44,
          "dco": 56,
          "txt": "1929"
        },
        {
          "si": 1,
          "sti": 11,
          "dti": 14,
          "sco": 48,
          "dco": 60,
          "txt": ")"
        },
        {
          "si": 1,
          "sti": 12,
          "dti": 15,
          "sco": 50,
          "dco": 62,
          "txt": "was"
        },
        {
          "si": 1,
          "sti": 13,
          "dti": 16,
          "sco": 54,
          "dco": 66,
          "txt": "an"
        },
        {
          "si": 1,
          "sti": 14,
          "dti": 17,
          "sco": 57,
          "dco": 69,
          "txt": "English"
        },
        {
          "si": 1,
          "sti": 15,
          "dti": 18,
          "sco": 65,
          "dco": 77,
          "txt": "footballer"
        },
        {
          "si": 1,
          "sti": 16,
          "dti": 19,
          "sco": 76,
          "dco": 88,
          "txt": "who"
        },
        {
          "si": 1,
          "sti": 17,
          "dti": 20,
          "sco": 80,
          "dco": 92,
          "txt": "played"
        },
        {
          "si": 1,
          "sti": 18,
          "dti": 21,
          "sco": 87,
          "dco": 99,
          "txt": "as"
        },
        {
          "si": 1,
          "sti": 19,
          "dti": 22,
          "sco": 90,
          "dco": 102,
          "txt": "a"
        },
        {
          "si": 1,
          "sti": 20,
          "dti": 23,
          "sco": 92,
          "dco": 104,
          "txt": "forward"
        },
        {
          "si": 1,
          "sti": 21,
          "dti": 24,
          "sco": 100,
          "dco": 112,
          "txt": "for"
        },
        {
          "si": 1,
          "sti": 22,
          "dti": 25,
          "sco": 104,
          "dco": 116,
          "txt": "Wolverhampton"
        },
        {
          "si": 1,
          "sti": 23,
          "dti": 26,
          "sco": 118,
          "dco": 130,
          "txt": "Wanderers"
        },
        {
          "si": 1,
          "sti": 24,
          "dti": 27,
          "sco": 128,
          "dco": 140,
          "txt": "and"
        },
        {
          "si": 1,
          "sti": 25,
          "dti": 28,
          "sco": 132,
          "dco": 144,
          "txt": "Burslem"
        },
        {
          "si": 1,
          "sti": 26,
          "dti": 29,
          "sco": 140,
          "dco": 152,
          "txt": "Port"
        },
        {
          "si": 1,
          "sti": 27,
          "dti": 30,
          "sco": 145,
          "dco": 157,
          "txt": "Vale"
        },
        {
          "si": 1,
          "sti": 28,
          "dti": 31,
          "sco": 149,
          "dco": 161,
          "txt": "."
        },
        {
          "si": 2,
          "sti": 0,
          "dti": 32,
          "sco": 0,
          "dco": 163,
          "txt": "Playing"
        },
        {
          "si": 2,
          "sti": 1,
          "dti": 33,
          "sco": 8,
          "dco": 171,
          "txt": "career"
        },
        {
          "si": 2,
          "sti": 2,
          "dti": 34,
          "sco": 14,
          "dco": 177,
          "txt": "."
        },
        {
          "si": 3,
          "sti": 0,
          "dti": 35,
          "sco": 0,
          "dco": 179,
          "txt": "Danks"
        },
        {
          "si": 3,
          "sti": 1,
          "dti": 36,
          "sco": 6,
          "dco": 185,
          "txt": "played"
        },
        {
          "si": 3,
          "sti": 2,
          "dti": 37,
          "sco": 13,
          "dco": 192,
          "txt": "for"
        },
        {
          "si": 3,
          "sti": 3,
          "dti": 38,
          "sco": 17,
          "dco": 196,
          "txt": "Wolverhampton"
        },
        {
          "si": 3,
          "sti": 4,
          "dti": 39,
          "sco": 31,
          "dco": 210,
          "txt": "Wanderers"
        },
        {
          "si": 3,
          "sti": 5,
          "dti": 40,
          "sco": 40,
          "dco": 219,
          "txt": ","
        },
        {
          "si": 3,
          "sti": 6,
          "dti": 41,
          "sco": 42,
          "dco": 221,
          "txt": "and"
        },
        {
          "si": 3,
          "sti": 7,
          "dti": 42,
          "sco": 46,
          "dco": 225,
          "txt": "made"
        },
        {
          "si": 3,
          "sti": 8,
          "dti": 43,
          "sco": 51,
          "dco": 230,
          "txt": "three"
        },
        {
          "si": 3,
          "sti": 9,
          "dti": 44,
          "sco": 57,
          "dco": 236,
          "txt": "guest"
        },
        {
          "si": 3,
          "sti": 10,
          "dti": 45,
          "sco": 63,
          "dco": 242,
          "txt": "appearances"
        },
        {
          "si": 3,
          "sti": 11,
          "dti": 46,
          "sco": 75,
          "dco": 254,
          "txt": "for"
        },
        {
          "si": 3,
          "sti": 12,
          "dti": 47,
          "sco": 79,
          "dco": 258,
          "txt": "Burslem"
        },
        {
          "si": 3,
          "sti": 13,
          "dti": 48,
          "sco": 87,
          "dco": 266,
          "txt": "Port"
        },
        {
          "si": 3,
          "sti": 14,
          "dti": 49,
          "sco": 92,
          "dco": 271,
          "txt": "Vale"
        },
        {
          "si": 3,
          "sti": 15,
          "dti": 50,
          "sco": 97,
          "dco": 276,
          "txt": "whilst"
        },
        {
          "si": 3,
          "sti": 16,
          "dti": 51,
          "sco": 104,
          "dco": 283,
          "txt": "still"
        },
        {
          "si": 3,
          "sti": 17,
          "dti": 52,
          "sco": 110,
          "dco": 289,
          "txt": "at"
        },
        {
          "si": 3,
          "sti": 18,
          "dti": 53,
          "sco": 113,
          "dco": 292,
          "txt": "Wolves"
        },
        {
          "si": 3,
          "sti": 19,
          "dti": 54,
          "sco": 119,
          "dco": 298,
          "txt": ","
        },
        {
          "si": 3,
          "sti": 20,
          "dti": 55,
          "sco": 121,
          "dco": 300,
          "txt": "including"
        },
        {
          "si": 3,
          "sti": 21,
          "dti": 56,
          "sco": 131,
          "dco": 310,
          "txt": "his"
        },
        {
          "si": 3,
          "sti": 22,
          "dti": 57,
          "sco": 135,
          "dco": 314,
          "txt": "debut"
        },
        {
          "si": 3,
          "sti": 23,
          "dti": 58,
          "sco": 141,
          "dco": 320,
          "txt": "on"
        },
        {
          "si": 3,
          "sti": 24,
          "dti": 59,
          "sco": 144,
          "dco": 323,
          "txt": "a"
        },
        {
          "si": 3,
          "sti": 25,
          "dti": 60,
          "sco": 146,
          "dco": 325,
          "txt": "14"
        },
        {
          "si": 3,
          "sti": 26,
          "dti": 61,
          "sco": 149,
          "dco": 328,
          "txt": "January"
        },
        {
          "si": 3,
          "sti": 27,
          "dti": 62,
          "sco": 157,
          "dco": 336,
          "txt": "1888"
        },
        {
          "si": 3,
          "sti": 28,
          "dti": 63,
          "sco": 162,
          "dco": 341,
          "txt": "friendly"
        },
        {
          "si": 3,
          "sti": 29,
          "dti": 64,
          "sco": 171,
          "dco": 350,
          "txt": "with"
        },
        {
          "si": 3,
          "sti": 30,
          "dti": 65,
          "sco": 176,
          "dco": 355,
          "txt": "South"
        },
        {
          "si": 3,
          "sti": 31,
          "dti": 66,
          "sco": 182,
          "dco": 361,
          "txt": "Shore"
        },
        {
          "si": 3,
          "sti": 32,
          "dti": 67,
          "sco": 188,
          "dco": 367,
          "txt": "where"
        },
        {
          "si": 3,
          "sti": 33,
          "dti": 68,
          "sco": 194,
          "dco": 373,
          "txt": "he"
        },
        {
          "si": 3,
          "sti": 34,
          "dti": 69,
          "sco": 197,
          "dco": 376,
          "txt": "bagged"
        },
        {
          "si": 3,
          "sti": 35,
          "dti": 70,
          "sco": 204,
          "dco": 383,
          "txt": "two"
        },
        {
          "si": 3,
          "sti": 36,
          "dti": 71,
          "sco": 208,
          "dco": 387,
          "txt": "goals"
        },
        {
          "si": 3,
          "sti": 37,
          "dti": 72,
          "sco": 214,
          "dco": 393,
          "txt": "in"
        },
        {
          "si": 3,
          "sti": 38,
          "dti": 73,
          "sco": 217,
          "dco": 396,
          "txt": "a"
        },
        {
          "si": 3,
          "sti": 39,
          "dti": 74,
          "sco": 219,
          "dco": 398,
          "txt": "2"
        },
        {
          "si": 3,
          "sti": 40,
          "dti": 75,
          "sco": 220,
          "dco": 399,
          "txt": "–"
        },
        {
          "si": 3,
          "sti": 41,
          "dti": 76,
          "sco": 221,
          "dco": 400,
          "txt": "2"
        },
        {
          "si": 3,
          "sti": 42,
          "dti": 77,
          "sco": 223,
          "dco": 402,
          "txt": "home"
        },
        {
          "si": 3,
          "sti": 43,
          "dti": 78,
          "sco": 228,
          "dco": 407,
          "txt": "draw"
        },
        {
          "si": 3,
          "sti": 44,
          "dti": 79,
          "sco": 232,
          "dco": 411,
          "txt": "."
        },
        {
          "si": 4,
          "sti": 0,
          "dti": 80,
          "sco": 0,
          "dco": 413,
          "txt": "He"
        },
        {
          "si": 4,
          "sti": 1,
          "dti": 81,
          "sco": 3,
          "dco": 416,
          "txt": "switched"
        },
        {
          "si": 4,
          "sti": 2,
          "dti": 82,
          "sco": 12,
          "dco": 425,
          "txt": "to"
        },
        {
          "si": 4,
          "sti": 3,
          "dti": 83,
          "sco": 15,
          "dco": 428,
          "txt": "the"
        },
        {
          "si": 4,
          "sti": 4,
          "dti": 84,
          "sco": 19,
          "dco": 432,
          "txt": "Vale"
        },
        {
          "si": 4,
          "sti": 5,
          "dti": 85,
          "sco": 24,
          "dco": 437,
          "txt": "permanently"
        },
        {
          "si": 4,
          "sti": 6,
          "dti": 86,
          "sco": 36,
          "dco": 449,
          "txt": "in"
        },
        {
          "si": 4,
          "sti": 7,
          "dti": 87,
          "sco": 39,
          "dco": 452,
          "txt": "the"
        },
        {
          "si": 4,
          "sti": 8,
          "dti": 88,
          "sco": 43,
          "dco": 456,
          "txt": "summer"
        },
        {
          "si": 4,
          "sti": 9,
          "dti": 89,
          "sco": 50,
          "dco": 463,
          "txt": "of"
        },
        {
          "si": 4,
          "sti": 10,
          "dti": 90,
          "sco": 53,
          "dco": 466,
          "txt": "1888"
        },
        {
          "si": 4,
          "sti": 11,
          "dti": 91,
          "sco": 57,
          "dco": 470,
          "txt": "."
        },
        {
          "si": 5,
          "sti": 0,
          "dti": 92,
          "sco": 0,
          "dco": 472,
          "txt": "He"
        },
        {
          "si": 5,
          "sti": 1,
          "dti": 93,
          "sco": 3,
          "dco": 475,
          "txt": "played"
        },
        {
          "si": 5,
          "sti": 2,
          "dti": 94,
          "sco": 10,
          "dco": 482,
          "txt": "regular"
        },
        {
          "si": 5,
          "sti": 3,
          "dti": 95,
          "sco": 18,
          "dco": 490,
          "txt": "football"
        },
        {
          "si": 5,
          "sti": 4,
          "dti": 96,
          "sco": 27,
          "dco": 499,
          "txt": "in"
        },
        {
          "si": 5,
          "sti": 5,
          "dti": 97,
          "sco": 30,
          "dco": 502,
          "txt": "the"
        },
        {
          "si": 5,
          "sti": 6,
          "dti": 98,
          "sco": 34,
          "dco": 506,
          "txt": "1888"
        },
        {
          "si": 5,
          "sti": 7,
          "dti": 99,
          "sco": 38,
          "dco": 510,
          "txt": "–"
        },
        {
          "si": 5,
          "sti": 8,
          "dti": 100,
          "sco": 39,
          "dco": 511,
          "txt": "89"
        },
        {
          "si": 5,
          "sti": 9,
          "dti": 101,
          "sco": 42,
          "dco": 514,
          "txt": "season"
        },
        {
          "si": 5,
          "sti": 10,
          "dti": 102,
          "sco": 48,
          "dco": 520,
          "txt": ","
        },
        {
          "si": 5,
          "sti": 11,
          "dti": 103,
          "sco": 50,
          "dco": 522,
          "txt": "but"
        },
        {
          "si": 5,
          "sti": 12,
          "dti": 104,
          "sco": 54,
          "dco": 526,
          "txt": "after"
        },
        {
          "si": 5,
          "sti": 13,
          "dti": 105,
          "sco": 60,
          "dco": 532,
          "txt": "being"
        },
        {
          "si": 5,
          "sti": 14,
          "dti": 106,
          "sco": 66,
          "dco": 538,
          "txt": "appointed"
        },
        {
          "si": 5,
          "sti": 15,
          "dti": 107,
          "sco": 76,
          "dco": 548,
          "txt": "club"
        },
        {
          "si": 5,
          "sti": 16,
          "dti": 108,
          "sco": 81,
          "dco": 553,
          "txt": "secretary"
        },
        {
          "si": 5,
          "sti": 17,
          "dti": 109,
          "sco": 91,
          "dco": 563,
          "txt": "in"
        },
        {
          "si": 5,
          "sti": 18,
          "dti": 110,
          "sco": 94,
          "dco": 566,
          "txt": "October"
        },
        {
          "si": 5,
          "sti": 19,
          "dti": 111,
          "sco": 102,
          "dco": 574,
          "txt": "1889"
        },
        {
          "si": 5,
          "sti": 20,
          "dti": 112,
          "sco": 107,
          "dco": 579,
          "txt": "played"
        },
        {
          "si": 5,
          "sti": 21,
          "dti": 113,
          "sco": 114,
          "dco": 586,
          "txt": "only"
        },
        {
          "si": 5,
          "sti": 22,
          "dti": 114,
          "sco": 119,
          "dco": 591,
          "txt": "in"
        },
        {
          "si": 5,
          "sti": 23,
          "dti": 115,
          "sco": 122,
          "dco": 594,
          "txt": "emergency"
        },
        {
          "si": 5,
          "sti": 24,
          "dti": 116,
          "sco": 132,
          "dco": 604,
          "txt": "circumstances"
        },
        {
          "si": 5,
          "sti": 25,
          "dti": 117,
          "sco": 145,
          "dco": 617,
          "txt": "."
        },
        {
          "si": 6,
          "sti": 0,
          "dti": 118,
          "sco": 0,
          "dco": 619,
          "txt": "He"
        },
        {
          "si": 6,
          "sti": 1,
          "dti": 119,
          "sco": 3,
          "dco": 622,
          "txt": "served"
        },
        {
          "si": 6,
          "sti": 2,
          "dti": 120,
          "sco": 10,
          "dco": 629,
          "txt": "as"
        },
        {
          "si": 6,
          "sti": 3,
          "dti": 121,
          "sco": 13,
          "dco": 632,
          "txt": "secretary"
        },
        {
          "si": 6,
          "sti": 4,
          "dti": 122,
          "sco": 23,
          "dco": 642,
          "txt": "until"
        },
        {
          "si": 6,
          "sti": 5,
          "dti": 123,
          "sco": 29,
          "dco": 648,
          "txt": "November"
        },
        {
          "si": 6,
          "sti": 6,
          "dti": 124,
          "sco": 38,
          "dco": 657,
          "txt": "1893"
        },
        {
          "si": 6,
          "sti": 7,
          "dti": 125,
          "sco": 43,
          "dco": 662,
          "txt": "and"
        },
        {
          "si": 6,
          "sti": 8,
          "dti": 126,
          "sco": 47,
          "dco": 666,
          "txt": "was"
        },
        {
          "si": 6,
          "sti": 9,
          "dti": 127,
          "sco": 51,
          "dco": 670,
          "txt": "released"
        },
        {
          "si": 6,
          "sti": 10,
          "dti": 128,
          "sco": 60,
          "dco": 679,
          "txt": "as"
        },
        {
          "si": 6,
          "sti": 11,
          "dti": 129,
          "sco": 63,
          "dco": 682,
          "txt": "a"
        },
        {
          "si": 6,
          "sti": 12,
          "dti": 130,
          "sco": 65,
          "dco": 684,
          "txt": "player"
        },
        {
          "si": 6,
          "sti": 13,
          "dti": 131,
          "sco": 72,
          "dco": 691,
          "txt": "at"
        },
        {
          "si": 6,
          "sti": 14,
          "dti": 132,
          "sco": 75,
          "dco": 694,
          "txt": "the"
        },
        {
          "si": 6,
          "sti": 15,
          "dti": 133,
          "sco": 79,
          "dco": 698,
          "txt": "end"
        },
        {
          "si": 6,
          "sti": 16,
          "dti": 134,
          "sco": 83,
          "dco": 702,
          "txt": "of"
        },
        {
          "si": 6,
          "sti": 17,
          "dti": 135,
          "sco": 86,
          "dco": 705,
          "txt": "the"
        },
        {
          "si": 6,
          "sti": 18,
          "dti": 136,
          "sco": 90,
          "dco": 709,
          "txt": "1893"
        },
        {
          "si": 6,
          "sti": 19,
          "dti": 137,
          "sco": 94,
          "dco": 713,
          "txt": "–"
        },
        {
          "si": 6,
          "sti": 20,
          "dti": 138,
          "sco": 95,
          "dco": 714,
          "txt": "94"
        },
        {
          "si": 6,
          "sti": 21,
          "dti": 139,
          "sco": 98,
          "dco": 717,
          "txt": "season"
        },
        {
          "si": 6,
          "sti": 22,
          "dti": 140,
          "sco": 104,
          "dco": 723,
          "txt": "."
        },
        {
          "si": 7,
          "sti": 0,
          "dti": 141,
          "sco": 0,
          "dco": 725,
          "txt": "He"
        },
        {
          "si": 7,
          "sti": 1,
          "dti": 142,
          "sco": 3,
          "dco": 728,
          "txt": "had"
        },
        {
          "si": 7,
          "sti": 2,
          "dti": 143,
          "sco": 7,
          "dco": 732,
          "txt": "played"
        },
        {
          "si": 7,
          "sti": 3,
          "dti": 144,
          "sco": 14,
          "dco": 739,
          "txt": "42"
        },
        {
          "si": 7,
          "sti": 4,
          "dti": 145,
          "sco": 17,
          "dco": 742,
          "txt": "games"
        },
        {
          "si": 7,
          "sti": 5,
          "dti": 146,
          "sco": 23,
          "dco": 748,
          "txt": "("
        },
        {
          "si": 7,
          "sti": 6,
          "dti": 147,
          "sco": 24,
          "dco": 749,
          "txt": "including"
        },
        {
          "si": 7,
          "sti": 7,
          "dti": 148,
          "sco": 34,
          "dco": 759,
          "txt": "one"
        },
        {
          "si": 7,
          "sti": 8,
          "dti": 149,
          "sco": 38,
          "dco": 763,
          "txt": "in"
        },
        {
          "si": 7,
          "sti": 9,
          "dti": 150,
          "sco": 41,
          "dco": 766,
          "txt": "the"
        },
        {
          "si": 7,
          "sti": 10,
          "dti": 151,
          "sco": 45,
          "dco": 770,
          "txt": "Football"
        },
        {
          "si": 7,
          "sti": 11,
          "dti": 152,
          "sco": 54,
          "dco": 779,
          "txt": "League"
        },
        {
          "si": 7,
          "sti": 12,
          "dti": 153,
          "sco": 61,
          "dco": 786,
          "txt": "Second"
        },
        {
          "si": 7,
          "sti": 13,
          "dti": 154,
          "sco": 68,
          "dco": 793,
          "txt": "Division"
        },
        {
          "si": 7,
          "sti": 14,
          "dti": 155,
          "sco": 76,
          "dco": 801,
          "txt": ","
        },
        {
          "si": 7,
          "sti": 15,
          "dti": 156,
          "sco": 78,
          "dco": 803,
          "txt": "19"
        },
        {
          "si": 7,
          "sti": 16,
          "dti": 157,
          "sco": 81,
          "dco": 806,
          "txt": "friendlies"
        },
        {
          "si": 7,
          "sti": 17,
          "dti": 158,
          "sco": 91,
          "dco": 816,
          "txt": ","
        },
        {
          "si": 7,
          "sti": 18,
          "dti": 159,
          "sco": 93,
          "dco": 818,
          "txt": "15"
        },
        {
          "si": 7,
          "sti": 19,
          "dti": 160,
          "sco": 96,
          "dco": 821,
          "txt": "in"
        },
        {
          "si": 7,
          "sti": 20,
          "dti": 161,
          "sco": 99,
          "dco": 824,
          "txt": "the"
        },
        {
          "si": 7,
          "sti": 21,
          "dti": 162,
          "sco": 103,
          "dco": 828,
          "txt": "Football"
        },
        {
          "si": 7,
          "sti": 22,
          "dti": 163,
          "sco": 112,
          "dco": 837,
          "txt": "Combination"
        },
        {
          "si": 7,
          "sti": 23,
          "dti": 164,
          "sco": 124,
          "dco": 849,
          "txt": "and"
        },
        {
          "si": 7,
          "sti": 24,
          "dti": 165,
          "sco": 128,
          "dco": 853,
          "txt": "four"
        },
        {
          "si": 7,
          "sti": 25,
          "dti": 166,
          "sco": 133,
          "dco": 858,
          "txt": "in"
        },
        {
          "si": 7,
          "sti": 26,
          "dti": 167,
          "sco": 136,
          "dco": 861,
          "txt": "the"
        },
        {
          "si": 7,
          "sti": 27,
          "dti": 168,
          "sco": 140,
          "dco": 865,
          "txt": "Midland"
        },
        {
          "si": 7,
          "sti": 28,
          "dti": 169,
          "sco": 148,
          "dco": 873,
          "txt": "League"
        },
        {
          "si": 7,
          "sti": 29,
          "dti": 170,
          "sco": 154,
          "dco": 879,
          "txt": ")"
        },
        {
          "si": 7,
          "sti": 30,
          "dti": 171,
          "sco": 156,
          "dco": 881,
          "txt": "and"
        },
        {
          "si": 7,
          "sti": 31,
          "dti": 172,
          "sco": 160,
          "dco": 885,
          "txt": "scored"
        },
        {
          "si": 7,
          "sti": 32,
          "dti": 173,
          "sco": 167,
          "dco": 892,
          "txt": "eight"
        },
        {
          "si": 7,
          "sti": 33,
          "dti": 174,
          "sco": 173,
          "dco": 898,
          "txt": "goals"
        },
        {
          "si": 7,
          "sti": 34,
          "dti": 175,
          "sco": 179,
          "dco": 904,
          "txt": "("
        },
        {
          "si": 7,
          "sti": 35,
          "dti": 176,
          "sco": 180,
          "dco": 905,
          "txt": "five"
        },
        {
          "si": 7,
          "sti": 36,
          "dti": 177,
          "sco": 185,
          "dco": 910,
          "txt": "in"
        },
        {
          "si": 7,
          "sti": 37,
          "dti": 178,
          "sco": 188,
          "dco": 913,
          "txt": "friendlies"
        },
        {
          "si": 7,
          "sti": 38,
          "dti": 179,
          "sco": 198,
          "dco": 923,
          "txt": ","
        },
        {
          "si": 7,
          "sti": 39,
          "dti": 180,
          "sco": 200,
          "dco": 925,
          "txt": "two"
        },
        {
          "si": 7,
          "sti": 40,
          "dti": 181,
          "sco": 204,
          "dco": 929,
          "txt": "in"
        },
        {
          "si": 7,
          "sti": 41,
          "dti": 182,
          "sco": 207,
          "dco": 932,
          "txt": "the"
        },
        {
          "si": 7,
          "sti": 42,
          "dti": 183,
          "sco": 211,
          "dco": 936,
          "txt": "Combination"
        },
        {
          "si": 7,
          "sti": 43,
          "dti": 184,
          "sco": 223,
          "dco": 948,
          "txt": "and"
        },
        {
          "si": 7,
          "sti": 44,
          "dti": 185,
          "sco": 227,
          "dco": 952,
          "txt": "one"
        },
        {
          "si": 7,
          "sti": 45,
          "dti": 186,
          "sco": 231,
          "dco": 956,
          "txt": "cup"
        },
        {
          "si": 7,
          "sti": 46,
          "dti": 187,
          "sco": 235,
          "dco": 960,
          "txt": "goals"
        },
        {
          "si": 7,
          "sti": 47,
          "dti": 188,
          "sco": 240,
          "dco": 965,
          "txt": ")"
        },
        {
          "si": 7,
          "sti": 48,
          "dti": 189,
          "sco": 242,
          "dco": 967,
          "txt": "for"
        },
        {
          "si": 7,
          "sti": 49,
          "dti": 190,
          "sco": 246,
          "dco": 971,
          "txt": "the"
        },
        {
          "si": 7,
          "sti": 50,
          "dti": 191,
          "sco": 250,
          "dco": 975,
          "txt": "club"
        },
        {
          "si": 7,
          "sti": 51,
          "dti": 192,
          "sco": 254,
          "dco": 979,
          "txt": "."
        }
      ]
    },
    "ganns": {
      "dla": [],
      "la": [],
      "ea": [],
      "eta": [
        {
          "ra": {
            "ea": {
              "etn": "Dick_Danks"
            }
          },
          "sfs": [
            [
              {
                "stn": "birthYear"
              },
              {
                "dla": {
                  "txt": {
                    "sff": "1865"
                  },
                  "et": {
                    "etn": "BirthYear"
                  },
                  "dp": {
                    "off": 40
                  }
                }
              }
            ],
            [
              {
                "stn": "deathYear"
              },
              {
                "dla": {
                  "txt": {
                    "sff": "1929"
                  },
                  "et": {
                    "etn": "DeathYear"
                  },
                  "dp": {
                    "off": 56
                  }
                }
              }
            ]
          ],
          "mfs": [
            [
              {
                "stn": "birthPlaces"
              },
              {
                "dla": [],
                "la": [],
                "ea": [],
                "eta": []
              }
            ],
            [
              {
                "stn": "teams"
              },
              {
                "dla": [],
                "la": [],
                "ea": [
                  {
                    "etn": "Wolverhampton_Wanderers_F.C."
                  },
                  {
                    "etn": "Port_Vale_F.C."
                  }
                ],
                "eta": []
              }
            ],
            [
              {
                "stn": "positions"
              },
              {
                "dla": [],
                "la": [],
                "ea": [
                  {
                    "etn": "Forward_(association_football)"
                  }
                ],
                "eta": []
              }
            ]
          ]
        }
      ]
    }
  }
]
