[
  {
    "context": "TRAIN",
    "doc": {
      "id": "Doug_Henderson_(footballer)",
      "tl": [
        {
          "si": 0,
          "sti": 0,
          "dti": 0,
          "sco": 0,
          "dco": 0,
          "txt": "Doug"
        },
        {
          "si": 0,
          "sti": 1,
          "dti": 1,
          "sco": 5,
          "dco": 5,
          "txt": "Henderson"
        },
        {
          "si": 0,
          "sti": 2,
          "dti": 2,
          "sco": 15,
          "dco": 15,
          "txt": "("
        },
        {
          "si": 0,
          "sti": 3,
          "dti": 3,
          "sco": 16,
          "dco": 16,
          "txt": "footballer"
        },
        {
          "si": 0,
          "sti": 4,
          "dti": 4,
          "sco": 26,
          "dco": 26,
          "txt": ")"
        },
        {
          "si": 0,
          "sti": 5,
          "dti": 5,
          "sco": 27,
          "dco": 27,
          "txt": "."
        },
        {
          "si": 1,
          "sti": 0,
          "dti": 6,
          "sco": 0,
          "dco": 29,
          "txt": "Douglas"
        },
        {
          "si": 1,
          "sti": 1,
          "dti": 7,
          "sco": 8,
          "dco": 37,
          "txt": "\""
        },
        {
          "si": 1,
          "sti": 2,
          "dti": 8,
          "sco": 9,
          "dco": 38,
          "txt": "Doug"
        },
        {
          "si": 1,
          "sti": 3,
          "dti": 9,
          "sco": 13,
          "dco": 42,
          "txt": "\""
        },
        {
          "si": 1,
          "sti": 4,
          "dti": 10,
          "sco": 15,
          "dco": 44,
          "txt": "Henderson"
        },
        {
          "si": 1,
          "sti": 5,
          "dti": 11,
          "sco": 25,
          "dco": 54,
          "txt": "("
        },
        {
          "si": 1,
          "sti": 6,
          "dti": 12,
          "sco": 26,
          "dco": 55,
          "txt": "6"
        },
        {
          "si": 1,
          "sti": 7,
          "dti": 13,
          "sco": 28,
          "dco": 57,
          "txt": "March"
        },
        {
          "si": 1,
          "sti": 8,
          "dti": 14,
          "sco": 34,
          "dco": 63,
          "txt": "1913"
        },
        {
          "si": 1,
          "sti": 9,
          "dti": 15,
          "sco": 39,
          "dco": 68,
          "txt": "–"
        },
        {
          "si": 1,
          "sti": 10,
          "dti": 16,
          "sco": 41,
          "dco": 70,
          "txt": "2002"
        },
        {
          "si": 1,
          "sti": 11,
          "dti": 17,
          "sco": 45,
          "dco": 74,
          "txt": ")"
        },
        {
          "si": 1,
          "sti": 12,
          "dti": 18,
          "sco": 47,
          "dco": 76,
          "txt": "was"
        },
        {
          "si": 1,
          "sti": 13,
          "dti": 19,
          "sco": 51,
          "dco": 80,
          "txt": "an"
        },
        {
          "si": 1,
          "sti": 14,
          "dti": 20,
          "sco": 54,
          "dco": 83,
          "txt": "English"
        },
        {
          "si": 1,
          "sti": 15,
          "dti": 21,
          "sco": 62,
          "dco": 91,
          "txt": "professional"
        },
        {
          "si": 1,
          "sti": 16,
          "dti": 22,
          "sco": 75,
          "dco": 104,
          "txt": "footballer"
        },
        {
          "si": 1,
          "sti": 17,
          "dti": 23,
          "sco": 86,
          "dco": 115,
          "txt": "who"
        },
        {
          "si": 1,
          "sti": 18,
          "dti": 24,
          "sco": 90,
          "dco": 119,
          "txt": "played"
        },
        {
          "si": 1,
          "sti": 19,
          "dti": 25,
          "sco": 97,
          "dco": 126,
          "txt": "as"
        },
        {
          "si": 1,
          "sti": 20,
          "dti": 26,
          "sco": 100,
          "dco": 129,
          "txt": "a"
        },
        {
          "si": 1,
          "sti": 21,
          "dti": 27,
          "sco": 102,
          "dco": 131,
          "txt": "half"
        },
        {
          "si": 1,
          "sti": 22,
          "dti": 28,
          "sco": 106,
          "dco": 135,
          "txt": "-"
        },
        {
          "si": 1,
          "sti": 23,
          "dti": 29,
          "sco": 107,
          "dco": 136,
          "txt": "back"
        },
        {
          "si": 1,
          "sti": 24,
          "dti": 30,
          "sco": 112,
          "dco": 141,
          "txt": "or"
        },
        {
          "si": 1,
          "sti": 25,
          "dti": 31,
          "sco": 115,
          "dco": 144,
          "txt": "right"
        },
        {
          "si": 1,
          "sti": 26,
          "dti": 32,
          "sco": 120,
          "dco": 149,
          "txt": "-"
        },
        {
          "si": 1,
          "sti": 27,
          "dti": 33,
          "sco": 121,
          "dco": 150,
          "txt": "back"
        },
        {
          "si": 1,
          "sti": 28,
          "dti": 34,
          "sco": 126,
          "dco": 155,
          "txt": "for"
        },
        {
          "si": 1,
          "sti": 29,
          "dti": 35,
          "sco": 130,
          "dco": 159,
          "txt": "Southampton"
        },
        {
          "si": 1,
          "sti": 30,
          "dti": 36,
          "sco": 142,
          "dco": 171,
          "txt": "in"
        },
        {
          "si": 1,
          "sti": 31,
          "dti": 37,
          "sco": 145,
          "dco": 174,
          "txt": "the"
        },
        {
          "si": 1,
          "sti": 32,
          "dti": 38,
          "sco": 149,
          "dco": 178,
          "txt": "1930"
        },
        {
          "si": 1,
          "sti": 33,
          "dti": 39,
          "sco": 153,
          "dco": 182,
          "txt": "s"
        },
        {
          "si": 1,
          "sti": 34,
          "dti": 40,
          "sco": 154,
          "dco": 183,
          "txt": "."
        },
        {
          "si": 2,
          "sti": 0,
          "dti": 41,
          "sco": 0,
          "dco": 185,
          "txt": "Football"
        },
        {
          "si": 2,
          "sti": 1,
          "dti": 42,
          "sco": 9,
          "dco": 194,
          "txt": "career"
        },
        {
          "si": 2,
          "sti": 2,
          "dti": 43,
          "sco": 15,
          "dco": 200,
          "txt": "."
        },
        {
          "si": 3,
          "sti": 0,
          "dti": 44,
          "sco": 0,
          "dco": 202,
          "txt": "Henderson"
        },
        {
          "si": 3,
          "sti": 1,
          "dti": 45,
          "sco": 10,
          "dco": 212,
          "txt": "was"
        },
        {
          "si": 3,
          "sti": 2,
          "dti": 46,
          "sco": 14,
          "dco": 216,
          "txt": "born"
        },
        {
          "si": 3,
          "sti": 3,
          "dti": 47,
          "sco": 19,
          "dco": 221,
          "txt": "in"
        },
        {
          "si": 3,
          "sti": 4,
          "dti": 48,
          "sco": 22,
          "dco": 224,
          "txt": "Southampton"
        },
        {
          "si": 3,
          "sti": 5,
          "dti": 49,
          "sco": 34,
          "dco": 236,
          "txt": "and"
        },
        {
          "si": 3,
          "sti": 6,
          "dti": 50,
          "sco": 38,
          "dco": 240,
          "txt": "was"
        },
        {
          "si": 3,
          "sti": 7,
          "dti": 51,
          "sco": 42,
          "dco": 244,
          "txt": "educated"
        },
        {
          "si": 3,
          "sti": 8,
          "dti": 52,
          "sco": 51,
          "dco": 253,
          "txt": "at"
        },
        {
          "si": 3,
          "sti": 9,
          "dti": 53,
          "sco": 54,
          "dco": 256,
          "txt": "St"
        },
        {
          "si": 3,
          "sti": 10,
          "dti": 54,
          "sco": 57,
          "dco": 259,
          "txt": "Denys"
        },
        {
          "si": 3,
          "sti": 11,
          "dti": 55,
          "sco": 63,
          "dco": 265,
          "txt": "School"
        },
        {
          "si": 3,
          "sti": 12,
          "dti": 56,
          "sco": 69,
          "dco": 271,
          "txt": "."
        },
        {
          "si": 4,
          "sti": 0,
          "dti": 57,
          "sco": 0,
          "dco": 273,
          "txt": "He"
        },
        {
          "si": 4,
          "sti": 1,
          "dti": 58,
          "sco": 3,
          "dco": 276,
          "txt": "played"
        },
        {
          "si": 4,
          "sti": 2,
          "dti": 59,
          "sco": 10,
          "dco": 283,
          "txt": "youth"
        },
        {
          "si": 4,
          "sti": 3,
          "dti": 60,
          "sco": 16,
          "dco": 289,
          "txt": "football"
        },
        {
          "si": 4,
          "sti": 4,
          "dti": 61,
          "sco": 25,
          "dco": 298,
          "txt": "for"
        },
        {
          "si": 4,
          "sti": 5,
          "dti": 62,
          "sco": 29,
          "dco": 302,
          "txt": "Park"
        },
        {
          "si": 4,
          "sti": 6,
          "dti": 63,
          "sco": 34,
          "dco": 307,
          "txt": "Avenue"
        },
        {
          "si": 4,
          "sti": 7,
          "dti": 64,
          "sco": 41,
          "dco": 314,
          "txt": "and"
        },
        {
          "si": 4,
          "sti": 8,
          "dti": 65,
          "sco": 45,
          "dco": 318,
          "txt": "was"
        },
        {
          "si": 4,
          "sti": 9,
          "dti": 66,
          "sco": 49,
          "dco": 322,
          "txt": "spotted"
        },
        {
          "si": 4,
          "sti": 10,
          "dti": 67,
          "sco": 57,
          "dco": 330,
          "txt": "playing"
        },
        {
          "si": 4,
          "sti": 11,
          "dti": 68,
          "sco": 65,
          "dco": 338,
          "txt": "in"
        },
        {
          "si": 4,
          "sti": 12,
          "dti": 69,
          "sco": 68,
          "dco": 341,
          "txt": "a"
        },
        {
          "si": 4,
          "sti": 13,
          "dti": 70,
          "sco": 70,
          "dco": 343,
          "txt": "match"
        },
        {
          "si": 4,
          "sti": 14,
          "dti": 71,
          "sco": 76,
          "dco": 349,
          "txt": "on"
        },
        {
          "si": 4,
          "sti": 15,
          "dti": 72,
          "sco": 79,
          "dco": 352,
          "txt": "Southampton"
        },
        {
          "si": 4,
          "sti": 16,
          "dti": 73,
          "sco": 91,
          "dco": 364,
          "txt": "Common"
        },
        {
          "si": 4,
          "sti": 17,
          "dti": 74,
          "sco": 98,
          "dco": 371,
          "txt": "by"
        },
        {
          "si": 4,
          "sti": 18,
          "dti": 75,
          "sco": 101,
          "dco": 374,
          "txt": "Southampton"
        },
        {
          "si": 4,
          "sti": 19,
          "dti": 76,
          "sco": 112,
          "dco": 385,
          "txt": "'"
        },
        {
          "si": 4,
          "sti": 20,
          "dti": 77,
          "sco": 113,
          "dco": 386,
          "txt": "s"
        },
        {
          "si": 4,
          "sti": 21,
          "dti": 78,
          "sco": 115,
          "dco": 388,
          "txt": "trainer"
        },
        {
          "si": 4,
          "sti": 22,
          "dti": 79,
          "sco": 122,
          "dco": 395,
          "txt": ","
        },
        {
          "si": 4,
          "sti": 23,
          "dti": 80,
          "sco": 124,
          "dco": 397,
          "txt": "Bert"
        },
        {
          "si": 4,
          "sti": 24,
          "dti": 81,
          "sco": 129,
          "dco": 402,
          "txt": "Shelley"
        },
        {
          "si": 4,
          "sti": 25,
          "dti": 82,
          "sco": 136,
          "dco": 409,
          "txt": "."
        },
        {
          "si": 5,
          "sti": 0,
          "dti": 83,
          "sco": 0,
          "dco": 411,
          "txt": "He"
        },
        {
          "si": 5,
          "sti": 1,
          "dti": 84,
          "sco": 3,
          "dco": 414,
          "txt": "joined"
        },
        {
          "si": 5,
          "sti": 2,
          "dti": 85,
          "sco": 10,
          "dco": 421,
          "txt": "Southampton"
        },
        {
          "si": 5,
          "sti": 3,
          "dti": 86,
          "sco": 22,
          "dco": 433,
          "txt": "as"
        },
        {
          "si": 5,
          "sti": 4,
          "dti": 87,
          "sco": 25,
          "dco": 436,
          "txt": "an"
        },
        {
          "si": 5,
          "sti": 5,
          "dti": 88,
          "sco": 28,
          "dco": 439,
          "txt": "amateur"
        },
        {
          "si": 5,
          "sti": 6,
          "dti": 89,
          "sco": 36,
          "dco": 447,
          "txt": "in"
        },
        {
          "si": 5,
          "sti": 7,
          "dti": 90,
          "sco": 39,
          "dco": 450,
          "txt": "September"
        },
        {
          "si": 5,
          "sti": 8,
          "dti": 91,
          "sco": 49,
          "dco": 460,
          "txt": "1934"
        },
        {
          "si": 5,
          "sti": 9,
          "dti": 92,
          "sco": 53,
          "dco": 464,
          "txt": ","
        },
        {
          "si": 5,
          "sti": 10,
          "dti": 93,
          "sco": 55,
          "dco": 466,
          "txt": "and"
        },
        {
          "si": 5,
          "sti": 11,
          "dti": 94,
          "sco": 59,
          "dco": 470,
          "txt": "signed"
        },
        {
          "si": 5,
          "sti": 12,
          "dti": 95,
          "sco": 66,
          "dco": 477,
          "txt": "professional"
        },
        {
          "si": 5,
          "sti": 13,
          "dti": 96,
          "sco": 79,
          "dco": 490,
          "txt": "papers"
        },
        {
          "si": 5,
          "sti": 14,
          "dti": 97,
          "sco": 86,
          "dco": 497,
          "txt": "shortly"
        },
        {
          "si": 5,
          "sti": 15,
          "dti": 98,
          "sco": 94,
          "dco": 505,
          "txt": "afterwards"
        },
        {
          "si": 5,
          "sti": 16,
          "dti": 99,
          "sco": 104,
          "dco": 515,
          "txt": ","
        },
        {
          "si": 5,
          "sti": 17,
          "dti": 100,
          "sco": 106,
          "dco": 517,
          "txt": "making"
        },
        {
          "si": 5,
          "sti": 18,
          "dti": 101,
          "sco": 113,
          "dco": 524,
          "txt": "his"
        },
        {
          "si": 5,
          "sti": 19,
          "dti": 102,
          "sco": 117,
          "dco": 528,
          "txt": "first"
        },
        {
          "si": 5,
          "sti": 20,
          "dti": 103,
          "sco": 122,
          "dco": 533,
          "txt": "-"
        },
        {
          "si": 5,
          "sti": 21,
          "dti": 104,
          "sco": 123,
          "dco": 534,
          "txt": "team"
        },
        {
          "si": 5,
          "sti": 22,
          "dti": 105,
          "sco": 128,
          "dco": 539,
          "txt": "debut"
        },
        {
          "si": 5,
          "sti": 23,
          "dti": 106,
          "sco": 134,
          "dco": 545,
          "txt": "at"
        },
        {
          "si": 5,
          "sti": 24,
          "dti": 107,
          "sco": 137,
          "dco": 548,
          "txt": "right"
        },
        {
          "si": 5,
          "sti": 25,
          "dti": 108,
          "sco": 142,
          "dco": 553,
          "txt": "-"
        },
        {
          "si": 5,
          "sti": 26,
          "dti": 109,
          "sco": 143,
          "dco": 554,
          "txt": "back"
        },
        {
          "si": 5,
          "sti": 27,
          "dti": 110,
          "sco": 148,
          "dco": 559,
          "txt": "away"
        },
        {
          "si": 5,
          "sti": 28,
          "dti": 111,
          "sco": 153,
          "dco": 564,
          "txt": "to"
        },
        {
          "si": 5,
          "sti": 29,
          "dti": 112,
          "sco": 156,
          "dco": 567,
          "txt": "Bury"
        },
        {
          "si": 5,
          "sti": 30,
          "dti": 113,
          "sco": 161,
          "dco": 572,
          "txt": "on"
        },
        {
          "si": 5,
          "sti": 31,
          "dti": 114,
          "sco": 164,
          "dco": 575,
          "txt": "1"
        },
        {
          "si": 5,
          "sti": 32,
          "dti": 115,
          "sco": 166,
          "dco": 577,
          "txt": "January"
        },
        {
          "si": 5,
          "sti": 33,
          "dti": 116,
          "sco": 174,
          "dco": 585,
          "txt": "1936"
        },
        {
          "si": 5,
          "sti": 34,
          "dti": 117,
          "sco": 178,
          "dco": 589,
          "txt": "."
        },
        {
          "si": 6,
          "sti": 0,
          "dti": 118,
          "sco": 0,
          "dco": 591,
          "txt": "With"
        },
        {
          "si": 6,
          "sti": 1,
          "dti": 119,
          "sco": 5,
          "dco": 596,
          "txt": "Bill"
        },
        {
          "si": 6,
          "sti": 2,
          "dti": 120,
          "sco": 10,
          "dco": 601,
          "txt": "Adams"
        },
        {
          "si": 6,
          "sti": 3,
          "dti": 121,
          "sco": 16,
          "dco": 607,
          "txt": "well"
        },
        {
          "si": 6,
          "sti": 4,
          "dti": 122,
          "sco": 20,
          "dco": 611,
          "txt": "-"
        },
        {
          "si": 6,
          "sti": 5,
          "dti": 123,
          "sco": 21,
          "dco": 612,
          "txt": "established"
        },
        {
          "si": 6,
          "sti": 6,
          "dti": 124,
          "sco": 33,
          "dco": 624,
          "txt": "at"
        },
        {
          "si": 6,
          "sti": 7,
          "dti": 125,
          "sco": 36,
          "dco": 627,
          "txt": "right"
        },
        {
          "si": 6,
          "sti": 8,
          "dti": 126,
          "sco": 41,
          "dco": 632,
          "txt": "-"
        },
        {
          "si": 6,
          "sti": 9,
          "dti": 127,
          "sco": 42,
          "dco": 633,
          "txt": "back"
        },
        {
          "si": 6,
          "sti": 10,
          "dti": 128,
          "sco": 46,
          "dco": 637,
          "txt": ","
        },
        {
          "si": 6,
          "sti": 11,
          "dti": 129,
          "sco": 48,
          "dco": 639,
          "txt": "Henderson"
        },
        {
          "si": 6,
          "sti": 12,
          "dti": 130,
          "sco": 58,
          "dco": 649,
          "txt": "was"
        },
        {
          "si": 6,
          "sti": 13,
          "dti": 131,
          "sco": 62,
          "dco": 653,
          "txt": "never"
        },
        {
          "si": 6,
          "sti": 14,
          "dti": 132,
          "sco": 68,
          "dco": 659,
          "txt": "a"
        },
        {
          "si": 6,
          "sti": 15,
          "dti": 133,
          "sco": 70,
          "dco": 661,
          "txt": "regular"
        },
        {
          "si": 6,
          "sti": 16,
          "dti": 134,
          "sco": 78,
          "dco": 669,
          "txt": "selection"
        },
        {
          "si": 6,
          "sti": 17,
          "dti": 135,
          "sco": 87,
          "dco": 678,
          "txt": ","
        },
        {
          "si": 6,
          "sti": 18,
          "dti": 136,
          "sco": 89,
          "dco": 680,
          "txt": "although"
        },
        {
          "si": 6,
          "sti": 19,
          "dti": 137,
          "sco": 98,
          "dco": 689,
          "txt": "he"
        },
        {
          "si": 6,
          "sti": 20,
          "dti": 138,
          "sco": 101,
          "dco": 692,
          "txt": "did"
        },
        {
          "si": 6,
          "sti": 21,
          "dti": 139,
          "sco": 105,
          "dco": 696,
          "txt": "play"
        },
        {
          "si": 6,
          "sti": 22,
          "dti": 140,
          "sco": 110,
          "dco": 701,
          "txt": "the"
        },
        {
          "si": 6,
          "sti": 23,
          "dti": 141,
          "sco": 114,
          "dco": 705,
          "txt": "last"
        },
        {
          "si": 6,
          "sti": 24,
          "dti": 142,
          "sco": 119,
          "dco": 710,
          "txt": "six"
        },
        {
          "si": 6,
          "sti": 25,
          "dti": 143,
          "sco": 123,
          "dco": 714,
          "txt": "matches"
        },
        {
          "si": 6,
          "sti": 26,
          "dti": 144,
          "sco": 131,
          "dco": 722,
          "txt": "of"
        },
        {
          "si": 6,
          "sti": 27,
          "dti": 145,
          "sco": 134,
          "dco": 725,
          "txt": "the"
        },
        {
          "si": 6,
          "sti": 28,
          "dti": 146,
          "sco": 138,
          "dco": 729,
          "txt": "1935"
        },
        {
          "si": 6,
          "sti": 29,
          "dti": 147,
          "sco": 142,
          "dco": 733,
          "txt": "–"
        },
        {
          "si": 6,
          "sti": 30,
          "dti": 148,
          "sco": 143,
          "dco": 734,
          "txt": "36"
        },
        {
          "si": 6,
          "sti": 31,
          "dti": 149,
          "sco": 146,
          "dco": 737,
          "txt": "season"
        },
        {
          "si": 6,
          "sti": 32,
          "dti": 150,
          "sco": 153,
          "dco": 744,
          "txt": "as"
        },
        {
          "si": 6,
          "sti": 33,
          "dti": 151,
          "sco": 156,
          "dco": 747,
          "txt": "a"
        },
        {
          "si": 6,
          "sti": 34,
          "dti": 152,
          "sco": 158,
          "dco": 749,
          "txt": "half"
        },
        {
          "si": 6,
          "sti": 35,
          "dti": 153,
          "sco": 162,
          "dco": 753,
          "txt": "-"
        },
        {
          "si": 6,
          "sti": 36,
          "dti": 154,
          "sco": 163,
          "dco": 754,
          "txt": "back"
        },
        {
          "si": 6,
          "sti": 37,
          "dti": 155,
          "sco": 168,
          "dco": 759,
          "txt": "as"
        },
        {
          "si": 6,
          "sti": 38,
          "dti": 156,
          "sco": 171,
          "dco": 762,
          "txt": "cover"
        },
        {
          "si": 6,
          "sti": 39,
          "dti": 157,
          "sco": 177,
          "dco": 768,
          "txt": "for"
        },
        {
          "si": 6,
          "sti": 40,
          "dti": 158,
          "sco": 181,
          "dco": 772,
          "txt": "the"
        },
        {
          "si": 6,
          "sti": 41,
          "dti": 159,
          "sco": 185,
          "dco": 776,
          "txt": "ageing"
        },
        {
          "si": 6,
          "sti": 42,
          "dti": 160,
          "sco": 192,
          "dco": 783,
          "txt": "Arthur"
        },
        {
          "si": 6,
          "sti": 43,
          "dti": 161,
          "sco": 199,
          "dco": 790,
          "txt": "Bradford"
        },
        {
          "si": 6,
          "sti": 44,
          "dti": 162,
          "sco": 208,
          "dco": 799,
          "txt": "and"
        },
        {
          "si": 6,
          "sti": 45,
          "dti": 163,
          "sco": 212,
          "dco": 803,
          "txt": "Stan"
        },
        {
          "si": 6,
          "sti": 46,
          "dti": 164,
          "sco": 217,
          "dco": 808,
          "txt": "Woodhouse"
        },
        {
          "si": 6,
          "sti": 47,
          "dti": 165,
          "sco": 226,
          "dco": 817,
          "txt": "."
        },
        {
          "si": 7,
          "sti": 0,
          "dti": 166,
          "sco": 0,
          "dco": 819,
          "txt": "Henderson"
        },
        {
          "si": 7,
          "sti": 1,
          "dti": 167,
          "sco": 10,
          "dco": 829,
          "txt": "only"
        },
        {
          "si": 7,
          "sti": 2,
          "dti": 168,
          "sco": 15,
          "dco": 834,
          "txt": "made"
        },
        {
          "si": 7,
          "sti": 3,
          "dti": 169,
          "sco": 20,
          "dco": 839,
          "txt": "one"
        },
        {
          "si": 7,
          "sti": 4,
          "dti": 170,
          "sco": 24,
          "dco": 843,
          "txt": "appearance"
        },
        {
          "si": 7,
          "sti": 5,
          "dti": 171,
          "sco": 35,
          "dco": 854,
          "txt": "in"
        },
        {
          "si": 7,
          "sti": 6,
          "dti": 172,
          "sco": 38,
          "dco": 857,
          "txt": "the"
        },
        {
          "si": 7,
          "sti": 7,
          "dti": 173,
          "sco": 42,
          "dco": 861,
          "txt": "following"
        },
        {
          "si": 7,
          "sti": 8,
          "dti": 174,
          "sco": 52,
          "dco": 871,
          "txt": "season"
        },
        {
          "si": 7,
          "sti": 9,
          "dti": 175,
          "sco": 58,
          "dco": 877,
          "txt": ","
        },
        {
          "si": 7,
          "sti": 10,
          "dti": 176,
          "sco": 60,
          "dco": 879,
          "txt": "on"
        },
        {
          "si": 7,
          "sti": 11,
          "dti": 177,
          "sco": 63,
          "dco": 882,
          "txt": "the"
        },
        {
          "si": 7,
          "sti": 12,
          "dti": 178,
          "sco": 67,
          "dco": 886,
          "txt": "final"
        },
        {
          "si": 7,
          "sti": 13,
          "dti": 179,
          "sco": 73,
          "dco": 892,
          "txt": "day"
        },
        {
          "si": 7,
          "sti": 14,
          "dti": 180,
          "sco": 76,
          "dco": 895,
          "txt": ","
        },
        {
          "si": 7,
          "sti": 15,
          "dti": 181,
          "sco": 78,
          "dco": 897,
          "txt": "but"
        },
        {
          "si": 7,
          "sti": 16,
          "dti": 182,
          "sco": 82,
          "dco": 901,
          "txt": "in"
        },
        {
          "si": 7,
          "sti": 17,
          "dti": 183,
          "sco": 85,
          "dco": 904,
          "txt": "February"
        },
        {
          "si": 7,
          "sti": 18,
          "dti": 184,
          "sco": 94,
          "dco": 913,
          "txt": "1938"
        },
        {
          "si": 7,
          "sti": 19,
          "dti": 185,
          "sco": 99,
          "dco": 918,
          "txt": "managed"
        },
        {
          "si": 7,
          "sti": 20,
          "dti": 186,
          "sco": 107,
          "dco": 926,
          "txt": "a"
        },
        {
          "si": 7,
          "sti": 21,
          "dti": 187,
          "sco": 109,
          "dco": 928,
          "txt": "run"
        },
        {
          "si": 7,
          "sti": 22,
          "dti": 188,
          "sco": 113,
          "dco": 932,
          "txt": "of"
        },
        {
          "si": 7,
          "sti": 23,
          "dti": 189,
          "sco": 116,
          "dco": 935,
          "txt": "nine"
        },
        {
          "si": 7,
          "sti": 24,
          "dti": 190,
          "sco": 121,
          "dco": 940,
          "txt": "games"
        },
        {
          "si": 7,
          "sti": 25,
          "dti": 191,
          "sco": 127,
          "dco": 946,
          "txt": "taking"
        },
        {
          "si": 7,
          "sti": 26,
          "dti": 192,
          "sco": 134,
          "dco": 953,
          "txt": "over"
        },
        {
          "si": 7,
          "sti": 27,
          "dti": 193,
          "sco": 139,
          "dco": 958,
          "txt": "from"
        },
        {
          "si": 7,
          "sti": 28,
          "dti": 194,
          "sco": 144,
          "dco": 963,
          "txt": "Charlie"
        },
        {
          "si": 7,
          "sti": 29,
          "dti": 195,
          "sco": 152,
          "dco": 971,
          "txt": "Sillett"
        },
        {
          "si": 7,
          "sti": 30,
          "dti": 196,
          "sco": 160,
          "dco": 979,
          "txt": "at"
        },
        {
          "si": 7,
          "sti": 31,
          "dti": 197,
          "sco": 163,
          "dco": 982,
          "txt": "right"
        },
        {
          "si": 7,
          "sti": 32,
          "dti": 198,
          "sco": 168,
          "dco": 987,
          "txt": "-"
        },
        {
          "si": 7,
          "sti": 33,
          "dti": 199,
          "sco": 169,
          "dco": 988,
          "txt": "back"
        },
        {
          "si": 7,
          "sti": 34,
          "dti": 200,
          "sco": 173,
          "dco": 992,
          "txt": "."
        },
        {
          "si": 8,
          "sti": 0,
          "dti": 201,
          "sco": 0,
          "dco": 994,
          "txt": "After"
        },
        {
          "si": 8,
          "sti": 1,
          "dti": 202,
          "sco": 6,
          "dco": 1000,
          "txt": "a"
        },
        {
          "si": 8,
          "sti": 2,
          "dti": 203,
          "sco": 8,
          "dco": 1002,
          "txt": "handful"
        },
        {
          "si": 8,
          "sti": 3,
          "dti": 204,
          "sco": 16,
          "dco": 1010,
          "txt": "of"
        },
        {
          "si": 8,
          "sti": 4,
          "dti": 205,
          "sco": 19,
          "dco": 1013,
          "txt": "appearances"
        },
        {
          "si": 8,
          "sti": 5,
          "dti": 206,
          "sco": 31,
          "dco": 1025,
          "txt": "the"
        },
        {
          "si": 8,
          "sti": 6,
          "dti": 207,
          "sco": 35,
          "dco": 1029,
          "txt": "following"
        },
        {
          "si": 8,
          "sti": 7,
          "dti": 208,
          "sco": 45,
          "dco": 1039,
          "txt": "year"
        },
        {
          "si": 8,
          "sti": 8,
          "dti": 209,
          "sco": 49,
          "dco": 1043,
          "txt": ","
        },
        {
          "si": 8,
          "sti": 9,
          "dti": 210,
          "sco": 51,
          "dco": 1045,
          "txt": "he"
        },
        {
          "si": 8,
          "sti": 10,
          "dti": 211,
          "sco": 54,
          "dco": 1048,
          "txt": "was"
        },
        {
          "si": 8,
          "sti": 11,
          "dti": 212,
          "sco": 58,
          "dco": 1052,
          "txt": "given"
        },
        {
          "si": 8,
          "sti": 12,
          "dti": 213,
          "sco": 64,
          "dco": 1058,
          "txt": "a"
        },
        {
          "si": 8,
          "sti": 13,
          "dti": 214,
          "sco": 66,
          "dco": 1060,
          "txt": "free"
        },
        {
          "si": 8,
          "sti": 14,
          "dti": 215,
          "sco": 71,
          "dco": 1065,
          "txt": "transfer"
        },
        {
          "si": 8,
          "sti": 15,
          "dti": 216,
          "sco": 80,
          "dco": 1074,
          "txt": "to"
        },
        {
          "si": 8,
          "sti": 16,
          "dti": 217,
          "sco": 83,
          "dco": 1077,
          "txt": "Bristol"
        },
        {
          "si": 8,
          "sti": 17,
          "dti": 218,
          "sco": 91,
          "dco": 1085,
          "txt": "City"
        },
        {
          "si": 8,
          "sti": 18,
          "dti": 219,
          "sco": 96,
          "dco": 1090,
          "txt": "in"
        },
        {
          "si": 8,
          "sti": 19,
          "dti": 220,
          "sco": 99,
          "dco": 1093,
          "txt": "June"
        },
        {
          "si": 8,
          "sti": 20,
          "dti": 221,
          "sco": 104,
          "dco": 1098,
          "txt": "1939"
        },
        {
          "si": 8,
          "sti": 21,
          "dti": 222,
          "sco": 108,
          "dco": 1102,
          "txt": ","
        },
        {
          "si": 8,
          "sti": 22,
          "dti": 223,
          "sco": 110,
          "dco": 1104,
          "txt": "but"
        },
        {
          "si": 8,
          "sti": 23,
          "dti": 224,
          "sco": 114,
          "dco": 1108,
          "txt": "the"
        },
        {
          "si": 8,
          "sti": 24,
          "dti": 225,
          "sco": 118,
          "dco": 1112,
          "txt": "outbreak"
        },
        {
          "si": 8,
          "sti": 25,
          "dti": 226,
          "sco": 127,
          "dco": 1121,
          "txt": "of"
        },
        {
          "si": 8,
          "sti": 26,
          "dti": 227,
          "sco": 130,
          "dco": 1124,
          "txt": "the"
        },
        {
          "si": 8,
          "sti": 27,
          "dti": 228,
          "sco": 134,
          "dco": 1128,
          "txt": "Second"
        },
        {
          "si": 8,
          "sti": 28,
          "dti": 229,
          "sco": 141,
          "dco": 1135,
          "txt": "World"
        },
        {
          "si": 8,
          "sti": 29,
          "dti": 230,
          "sco": 147,
          "dco": 1141,
          "txt": "War"
        },
        {
          "si": 8,
          "sti": 30,
          "dti": 231,
          "sco": 151,
          "dco": 1145,
          "txt": "brought"
        },
        {
          "si": 8,
          "sti": 31,
          "dti": 232,
          "sco": 159,
          "dco": 1153,
          "txt": "his"
        },
        {
          "si": 8,
          "sti": 32,
          "dti": 233,
          "sco": 163,
          "dco": 1157,
          "txt": "career"
        },
        {
          "si": 8,
          "sti": 33,
          "dti": 234,
          "sco": 170,
          "dco": 1164,
          "txt": "to"
        },
        {
          "si": 8,
          "sti": 34,
          "dti": 235,
          "sco": 173,
          "dco": 1167,
          "txt": "a"
        },
        {
          "si": 8,
          "sti": 35,
          "dti": 236,
          "sco": 175,
          "dco": 1169,
          "txt": "close"
        },
        {
          "si": 8,
          "sti": 36,
          "dti": 237,
          "sco": 180,
          "dco": 1174,
          "txt": "."
        },
        {
          "si": 9,
          "sti": 0,
          "dti": 238,
          "sco": 0,
          "dco": 1176,
          "txt": "Later"
        },
        {
          "si": 9,
          "sti": 1,
          "dti": 239,
          "sco": 6,
          "dco": 1182,
          "txt": "career"
        },
        {
          "si": 9,
          "sti": 2,
          "dti": 240,
          "sco": 12,
          "dco": 1188,
          "txt": "."
        },
        {
          "si": 10,
          "sti": 0,
          "dti": 241,
          "sco": 0,
          "dco": 1190,
          "txt": "Following"
        },
        {
          "si": 10,
          "sti": 1,
          "dti": 242,
          "sco": 10,
          "dco": 1200,
          "txt": "the"
        },
        {
          "si": 10,
          "sti": 2,
          "dti": 243,
          "sco": 14,
          "dco": 1204,
          "txt": "outbreak"
        },
        {
          "si": 10,
          "sti": 3,
          "dti": 244,
          "sco": 23,
          "dco": 1213,
          "txt": "of"
        },
        {
          "si": 10,
          "sti": 4,
          "dti": 245,
          "sco": 26,
          "dco": 1216,
          "txt": "war"
        },
        {
          "si": 10,
          "sti": 5,
          "dti": 246,
          "sco": 29,
          "dco": 1219,
          "txt": ","
        },
        {
          "si": 10,
          "sti": 6,
          "dti": 247,
          "sco": 31,
          "dco": 1221,
          "txt": "Henderson"
        },
        {
          "si": 10,
          "sti": 7,
          "dti": 248,
          "sco": 41,
          "dco": 1231,
          "txt": "returned"
        },
        {
          "si": 10,
          "sti": 8,
          "dti": 249,
          "sco": 50,
          "dco": 1240,
          "txt": "to"
        },
        {
          "si": 10,
          "sti": 9,
          "dti": 250,
          "sco": 53,
          "dco": 1243,
          "txt": "Southampton"
        },
        {
          "si": 10,
          "sti": 10,
          "dti": 251,
          "sco": 65,
          "dco": 1255,
          "txt": "to"
        },
        {
          "si": 10,
          "sti": 11,
          "dti": 252,
          "sco": 68,
          "dco": 1258,
          "txt": "become"
        },
        {
          "si": 10,
          "sti": 12,
          "dti": 253,
          "sco": 75,
          "dco": 1265,
          "txt": "a"
        },
        {
          "si": 10,
          "sti": 13,
          "dti": 254,
          "sco": 77,
          "dco": 1267,
          "txt": "policeman"
        },
        {
          "si": 10,
          "sti": 14,
          "dti": 255,
          "sco": 86,
          "dco": 1276,
          "txt": "."
        },
        {
          "si": 11,
          "sti": 0,
          "dti": 256,
          "sco": 0,
          "dco": 1278,
          "txt": "He"
        },
        {
          "si": 11,
          "sti": 1,
          "dti": 257,
          "sco": 3,
          "dco": 1281,
          "txt": "remained"
        },
        {
          "si": 11,
          "sti": 2,
          "dti": 258,
          "sco": 12,
          "dco": 1290,
          "txt": "in"
        },
        {
          "si": 11,
          "sti": 3,
          "dti": 259,
          "sco": 15,
          "dco": 1293,
          "txt": "the"
        },
        {
          "si": 11,
          "sti": 4,
          "dti": 260,
          "sco": 19,
          "dco": 1297,
          "txt": "police"
        },
        {
          "si": 11,
          "sti": 5,
          "dti": 261,
          "sco": 26,
          "dco": 1304,
          "txt": "force"
        },
        {
          "si": 11,
          "sti": 6,
          "dti": 262,
          "sco": 32,
          "dco": 1310,
          "txt": "until"
        },
        {
          "si": 11,
          "sti": 7,
          "dti": 263,
          "sco": 38,
          "dco": 1316,
          "txt": "his"
        },
        {
          "si": 11,
          "sti": 8,
          "dti": 264,
          "sco": 42,
          "dco": 1320,
          "txt": "retirement"
        },
        {
          "si": 11,
          "sti": 9,
          "dti": 265,
          "sco": 52,
          "dco": 1330,
          "txt": "."
        }
      ]
    },
    "ganns": {
      "dla": [],
      "la": [],
      "ea": [],
      "eta": [
        {
          "ra": {
            "ea": {
              "etn": "Doug_Henderson_(footballer)"
            }
          },
          "sfs": [
            [
              {
                "stn": "birthYear"
              },
              {
                "dla": {
                  "txt": {
                    "sff": "1913"
                  },
                  "et": {
                    "etn": "BirthYear"
                  },
                  "dp": {
                    "off": 63
                  }
                }
              }
            ],
            [
              {
                "stn": "deathYear"
              },
              {
                "dla": {
                  "txt": {
                    "sff": "2002"
                  },
                  "et": {
                    "etn": "DeathYear"
                  },
                  "dp": {
                    "off": 70
                  }
                }
              }
            ]
          ],
          "mfs": [
            [
              {
                "stn": "birthPlaces"
              },
              {
                "dla": [],
                "la": [],
                "ea": [
                  {
                    "etn": "Southampton"
                  }
                ],
                "eta": []
              }
            ],
            [
              {
                "stn": "teams"
              },
              {
                "dla": [],
                "la": [],
                "ea": [
                  {
                    "etn": "Bristol_City_F.C."
                  },
                  {
                    "etn": "Southampton_F.C."
                  }
                ],
                "eta": []
              }
            ],
            [
              {
                "stn": "positions"
              },
              {
                "dla": [],
                "la": [],
                "ea": [],
                "eta": []
              }
            ]
          ]
        }
      ]
    }
  }
]
