[
  {
    "context": "TRAIN",
    "doc": {
      "id": "Eli_Ashurst",
      "tl": [
        {
          "si": 0,
          "sti": 0,
          "dti": 0,
          "sco": 0,
          "dco": 0,
          "txt": "Eli"
        },
        {
          "si": 0,
          "sti": 1,
          "dti": 1,
          "sco": 4,
          "dco": 4,
          "txt": "Ashurst"
        },
        {
          "si": 0,
          "sti": 2,
          "dti": 2,
          "sco": 11,
          "dco": 11,
          "txt": "."
        },
        {
          "si": 1,
          "sti": 0,
          "dti": 3,
          "sco": 0,
          "dco": 13,
          "txt": "Elias"
        },
        {
          "si": 1,
          "sti": 1,
          "dti": 4,
          "sco": 6,
          "dco": 19,
          "txt": "A"
        },
        {
          "si": 1,
          "sti": 2,
          "dti": 5,
          "sco": 7,
          "dco": 20,
          "txt": "."
        },
        {
          "si": 2,
          "sti": 0,
          "dti": 6,
          "sco": 0,
          "dco": 22,
          "txt": "\""
        },
        {
          "si": 2,
          "sti": 1,
          "dti": 7,
          "sco": 1,
          "dco": 23,
          "txt": "Eli"
        },
        {
          "si": 2,
          "sti": 2,
          "dti": 8,
          "sco": 4,
          "dco": 26,
          "txt": "\""
        },
        {
          "si": 2,
          "sti": 3,
          "dti": 9,
          "sco": 6,
          "dco": 28,
          "txt": "Ashurst"
        },
        {
          "si": 2,
          "sti": 4,
          "dti": 10,
          "sco": 14,
          "dco": 36,
          "txt": "("
        },
        {
          "si": 2,
          "sti": 5,
          "dti": 11,
          "sco": 15,
          "dco": 37,
          "txt": "28"
        },
        {
          "si": 2,
          "sti": 6,
          "dti": 12,
          "sco": 18,
          "dco": 40,
          "txt": "December"
        },
        {
          "si": 2,
          "sti": 7,
          "dti": 13,
          "sco": 27,
          "dco": 49,
          "txt": "1901"
        },
        {
          "si": 2,
          "sti": 8,
          "dti": 14,
          "sco": 32,
          "dco": 54,
          "txt": "–"
        },
        {
          "si": 2,
          "sti": 9,
          "dti": 15,
          "sco": 34,
          "dco": 56,
          "txt": "7"
        },
        {
          "si": 2,
          "sti": 10,
          "dti": 16,
          "sco": 36,
          "dco": 58,
          "txt": "December"
        },
        {
          "si": 2,
          "sti": 11,
          "dti": 17,
          "sco": 45,
          "dco": 67,
          "txt": "1927"
        },
        {
          "si": 2,
          "sti": 12,
          "dti": 18,
          "sco": 49,
          "dco": 71,
          "txt": ")"
        },
        {
          "si": 2,
          "sti": 13,
          "dti": 19,
          "sco": 51,
          "dco": 73,
          "txt": "was"
        },
        {
          "si": 2,
          "sti": 14,
          "dti": 20,
          "sco": 55,
          "dco": 77,
          "txt": "an"
        },
        {
          "si": 2,
          "sti": 15,
          "dti": 21,
          "sco": 58,
          "dco": 80,
          "txt": "English"
        },
        {
          "si": 2,
          "sti": 16,
          "dti": 22,
          "sco": 66,
          "dco": 88,
          "txt": "professional"
        },
        {
          "si": 2,
          "sti": 17,
          "dti": 23,
          "sco": 79,
          "dco": 101,
          "txt": "footballer"
        },
        {
          "si": 2,
          "sti": 18,
          "dti": 24,
          "sco": 90,
          "dco": 112,
          "txt": "born"
        },
        {
          "si": 2,
          "sti": 19,
          "dti": 25,
          "sco": 95,
          "dco": 117,
          "txt": "in"
        },
        {
          "si": 2,
          "sti": 20,
          "dti": 26,
          "sco": 98,
          "dco": 120,
          "txt": "Willington"
        },
        {
          "si": 2,
          "sti": 21,
          "dti": 27,
          "sco": 108,
          "dco": 130,
          "txt": ","
        },
        {
          "si": 2,
          "sti": 22,
          "dti": 28,
          "sco": 110,
          "dco": 132,
          "txt": "County"
        },
        {
          "si": 2,
          "sti": 23,
          "dti": 29,
          "sco": 117,
          "dco": 139,
          "txt": "Durham"
        },
        {
          "si": 2,
          "sti": 24,
          "dti": 30,
          "sco": 123,
          "dco": 145,
          "txt": ","
        },
        {
          "si": 2,
          "sti": 25,
          "dti": 31,
          "sco": 125,
          "dco": 147,
          "txt": "who"
        },
        {
          "si": 2,
          "sti": 26,
          "dti": 32,
          "sco": 129,
          "dco": 151,
          "txt": "played"
        },
        {
          "si": 2,
          "sti": 27,
          "dti": 33,
          "sco": 136,
          "dco": 158,
          "txt": "as"
        },
        {
          "si": 2,
          "sti": 28,
          "dti": 34,
          "sco": 139,
          "dco": 161,
          "txt": "a"
        },
        {
          "si": 2,
          "sti": 29,
          "dti": 35,
          "sco": 141,
          "dco": 163,
          "txt": "fullback"
        },
        {
          "si": 2,
          "sti": 30,
          "dti": 36,
          "sco": 149,
          "dco": 171,
          "txt": "."
        },
        {
          "si": 3,
          "sti": 0,
          "dti": 37,
          "sco": 0,
          "dco": 173,
          "txt": "He"
        },
        {
          "si": 3,
          "sti": 1,
          "dti": 38,
          "sco": 3,
          "dco": 176,
          "txt": "made"
        },
        {
          "si": 3,
          "sti": 2,
          "dti": 39,
          "sco": 8,
          "dco": 181,
          "txt": "66"
        },
        {
          "si": 3,
          "sti": 3,
          "dti": 40,
          "sco": 11,
          "dco": 184,
          "txt": "appearances"
        },
        {
          "si": 3,
          "sti": 4,
          "dti": 41,
          "sco": 23,
          "dco": 196,
          "txt": "in"
        },
        {
          "si": 3,
          "sti": 5,
          "dti": 42,
          "sco": 26,
          "dco": 199,
          "txt": "the"
        },
        {
          "si": 3,
          "sti": 6,
          "dti": 43,
          "sco": 30,
          "dco": 203,
          "txt": "First"
        },
        {
          "si": 3,
          "sti": 7,
          "dti": 44,
          "sco": 36,
          "dco": 209,
          "txt": "Division"
        },
        {
          "si": 3,
          "sti": 8,
          "dti": 45,
          "sco": 45,
          "dco": 218,
          "txt": "of"
        },
        {
          "si": 3,
          "sti": 9,
          "dti": 46,
          "sco": 48,
          "dco": 221,
          "txt": "the"
        },
        {
          "si": 3,
          "sti": 10,
          "dti": 47,
          "sco": 52,
          "dco": 225,
          "txt": "Football"
        },
        {
          "si": 3,
          "sti": 11,
          "dti": 48,
          "sco": 61,
          "dco": 234,
          "txt": "League"
        },
        {
          "si": 3,
          "sti": 12,
          "dti": 49,
          "sco": 68,
          "dco": 241,
          "txt": "for"
        },
        {
          "si": 3,
          "sti": 13,
          "dti": 50,
          "sco": 72,
          "dco": 245,
          "txt": "Birmingham"
        },
        {
          "si": 3,
          "sti": 14,
          "dti": 51,
          "sco": 83,
          "dco": 256,
          "txt": "in"
        },
        {
          "si": 3,
          "sti": 15,
          "dti": 52,
          "sco": 86,
          "dco": 259,
          "txt": "the"
        },
        {
          "si": 3,
          "sti": 16,
          "dti": 53,
          "sco": 90,
          "dco": 263,
          "txt": "1920"
        },
        {
          "si": 3,
          "sti": 17,
          "dti": 54,
          "sco": 94,
          "dco": 267,
          "txt": "s"
        },
        {
          "si": 3,
          "sti": 18,
          "dti": 55,
          "sco": 95,
          "dco": 268,
          "txt": "."
        },
        {
          "si": 4,
          "sti": 0,
          "dti": 56,
          "sco": 0,
          "dco": 270,
          "txt": "Ashurst"
        },
        {
          "si": 4,
          "sti": 1,
          "dti": 57,
          "sco": 8,
          "dco": 278,
          "txt": "spent"
        },
        {
          "si": 4,
          "sti": 2,
          "dti": 58,
          "sco": 14,
          "dco": 284,
          "txt": "four"
        },
        {
          "si": 4,
          "sti": 3,
          "dti": 59,
          "sco": 19,
          "dco": 289,
          "txt": "seasons"
        },
        {
          "si": 4,
          "sti": 4,
          "dti": 60,
          "sco": 27,
          "dco": 297,
          "txt": "with"
        },
        {
          "si": 4,
          "sti": 5,
          "dti": 61,
          "sco": 32,
          "dco": 302,
          "txt": "Birmingham"
        },
        {
          "si": 4,
          "sti": 6,
          "dti": 62,
          "sco": 42,
          "dco": 312,
          "txt": ","
        },
        {
          "si": 4,
          "sti": 7,
          "dti": 63,
          "sco": 44,
          "dco": 314,
          "txt": "retiring"
        },
        {
          "si": 4,
          "sti": 8,
          "dti": 64,
          "sco": 53,
          "dco": 323,
          "txt": "through"
        },
        {
          "si": 4,
          "sti": 9,
          "dti": 65,
          "sco": 61,
          "dco": 331,
          "txt": "poor"
        },
        {
          "si": 4,
          "sti": 10,
          "dti": 66,
          "sco": 66,
          "dco": 336,
          "txt": "health"
        },
        {
          "si": 4,
          "sti": 11,
          "dti": 67,
          "sco": 73,
          "dco": 343,
          "txt": "at"
        },
        {
          "si": 4,
          "sti": 12,
          "dti": 68,
          "sco": 76,
          "dco": 346,
          "txt": "the"
        },
        {
          "si": 4,
          "sti": 13,
          "dti": 69,
          "sco": 80,
          "dco": 350,
          "txt": "end"
        },
        {
          "si": 4,
          "sti": 14,
          "dti": 70,
          "sco": 84,
          "dco": 354,
          "txt": "of"
        },
        {
          "si": 4,
          "sti": 15,
          "dti": 71,
          "sco": 87,
          "dco": 357,
          "txt": "the"
        },
        {
          "si": 4,
          "sti": 16,
          "dti": 72,
          "sco": 91,
          "dco": 361,
          "txt": "1925"
        },
        {
          "si": 4,
          "sti": 17,
          "dti": 73,
          "sco": 95,
          "dco": 365,
          "txt": "–"
        },
        {
          "si": 4,
          "sti": 18,
          "dti": 74,
          "sco": 96,
          "dco": 366,
          "txt": "26"
        },
        {
          "si": 4,
          "sti": 19,
          "dti": 75,
          "sco": 99,
          "dco": 369,
          "txt": "season"
        },
        {
          "si": 4,
          "sti": 20,
          "dti": 76,
          "sco": 105,
          "dco": 375,
          "txt": ","
        },
        {
          "si": 4,
          "sti": 21,
          "dti": 77,
          "sco": 107,
          "dco": 377,
          "txt": "and"
        },
        {
          "si": 4,
          "sti": 22,
          "dti": 78,
          "sco": 111,
          "dco": 381,
          "txt": "died"
        },
        {
          "si": 4,
          "sti": 23,
          "dti": 79,
          "sco": 116,
          "dco": 386,
          "txt": "in"
        },
        {
          "si": 4,
          "sti": 24,
          "dti": 80,
          "sco": 119,
          "dco": 389,
          "txt": "his"
        },
        {
          "si": 4,
          "sti": 25,
          "dti": 81,
          "sco": 123,
          "dco": 393,
          "txt": "native"
        },
        {
          "si": 4,
          "sti": 26,
          "dti": 82,
          "sco": 130,
          "dco": 400,
          "txt": "Willington"
        },
        {
          "si": 4,
          "sti": 27,
          "dti": 83,
          "sco": 141,
          "dco": 411,
          "txt": "the"
        },
        {
          "si": 4,
          "sti": 28,
          "dti": 84,
          "sco": 145,
          "dco": 415,
          "txt": "following"
        },
        {
          "si": 4,
          "sti": 29,
          "dti": 85,
          "sco": 155,
          "dco": 425,
          "txt": "year"
        },
        {
          "si": 4,
          "sti": 30,
          "dti": 86,
          "sco": 159,
          "dco": 429,
          "txt": ","
        },
        {
          "si": 4,
          "sti": 31,
          "dti": 87,
          "sco": 161,
          "dco": 431,
          "txt": "aged"
        },
        {
          "si": 4,
          "sti": 32,
          "dti": 88,
          "sco": 166,
          "dco": 436,
          "txt": "only"
        },
        {
          "si": 4,
          "sti": 33,
          "dti": 89,
          "sco": 171,
          "dco": 441,
          "txt": "25"
        },
        {
          "si": 4,
          "sti": 34,
          "dti": 90,
          "sco": 173,
          "dco": 443,
          "txt": "."
        },
        {
          "si": 5,
          "sti": 0,
          "dti": 91,
          "sco": 0,
          "dco": 445,
          "txt": "His"
        },
        {
          "si": 5,
          "sti": 1,
          "dti": 92,
          "sco": 4,
          "dco": 449,
          "txt": "brother"
        },
        {
          "si": 5,
          "sti": 2,
          "dti": 93,
          "sco": 12,
          "dco": 457,
          "txt": "Bill"
        },
        {
          "si": 5,
          "sti": 3,
          "dti": 94,
          "sco": 17,
          "dco": 462,
          "txt": "was"
        },
        {
          "si": 5,
          "sti": 4,
          "dti": 95,
          "sco": 21,
          "dco": 466,
          "txt": "also"
        },
        {
          "si": 5,
          "sti": 5,
          "dti": 96,
          "sco": 26,
          "dco": 471,
          "txt": "a"
        },
        {
          "si": 5,
          "sti": 6,
          "dti": 97,
          "sco": 28,
          "dco": 473,
          "txt": "professional"
        },
        {
          "si": 5,
          "sti": 7,
          "dti": 98,
          "sco": 41,
          "dco": 486,
          "txt": "footballer"
        },
        {
          "si": 5,
          "sti": 8,
          "dti": 99,
          "sco": 52,
          "dco": 497,
          "txt": "who"
        },
        {
          "si": 5,
          "sti": 9,
          "dti": 100,
          "sco": 56,
          "dco": 501,
          "txt": "played"
        },
        {
          "si": 5,
          "sti": 10,
          "dti": 101,
          "sco": 63,
          "dco": 508,
          "txt": "for"
        },
        {
          "si": 5,
          "sti": 11,
          "dti": 102,
          "sco": 67,
          "dco": 512,
          "txt": "Notts"
        },
        {
          "si": 5,
          "sti": 12,
          "dti": 103,
          "sco": 73,
          "dco": 518,
          "txt": "County"
        },
        {
          "si": 5,
          "sti": 13,
          "dti": 104,
          "sco": 80,
          "dco": 525,
          "txt": "("
        },
        {
          "si": 5,
          "sti": 14,
          "dti": 105,
          "sco": 81,
          "dco": 526,
          "txt": "among"
        },
        {
          "si": 5,
          "sti": 15,
          "dti": 106,
          "sco": 87,
          "dco": 532,
          "txt": "others"
        },
        {
          "si": 5,
          "sti": 16,
          "dti": 107,
          "sco": 93,
          "dco": 538,
          "txt": ")"
        },
        {
          "si": 5,
          "sti": 17,
          "dti": 108,
          "sco": 95,
          "dco": 540,
          "txt": "and"
        },
        {
          "si": 5,
          "sti": 18,
          "dti": 109,
          "sco": 99,
          "dco": 544,
          "txt": "for"
        },
        {
          "si": 5,
          "sti": 19,
          "dti": 110,
          "sco": 103,
          "dco": 548,
          "txt": "England"
        },
        {
          "si": 5,
          "sti": 20,
          "dti": 111,
          "sco": 110,
          "dco": 555,
          "txt": "."
        }
      ]
    },
    "ganns": {
      "dla": [],
      "la": [],
      "ea": [],
      "eta": [
        {
          "ra": {
            "ea": {
              "etn": "Eli_Ashurst"
            }
          },
          "sfs": [
            [
              {
                "stn": "birthYear"
              },
              {
                "dla": {
                  "txt": {
                    "sff": "1901"
                  },
                  "et": {
                    "etn": "BirthYear"
                  },
                  "dp": {
                    "off": 49
                  }
                }
              }
            ],
            [
              {
                "stn": "deathYear"
              },
              {
                "dla": {
                  "txt": {
                    "sff": "1927"
                  },
                  "et": {
                    "etn": "DeathYear"
                  },
                  "dp": {
                    "off": 67
                  }
                }
              }
            ]
          ],
          "mfs": [
            [
              {
                "stn": "position"
              },
              {
                "dla": [],
                "la": [],
                "ea": [
                  {
                    "etn": "Defender_(association_football)"
                  }
                ],
                "eta": []
              }
            ],
            [
              {
                "stn": "team"
              },
              {
                "dla": [],
                "la": [],
                "ea": [
                  {
                    "etn": "Birmingham_City_F.C."
                  }
                ],
                "eta": []
              }
            ],
            [
              {
                "stn": "birthPlace"
              },
              {
                "dla": [],
                "la": [],
                "ea": [
                  {
                    "etn": "Willington,_County_Durham"
                  },
                  {
                    "etn": "England"
                  }
                ],
                "eta": []
              }
            ]
          ]
        }
      ]
    }
  }
]
