[
  {
    "context": "DEVELOPMENT",
    "doc": {
      "id": "Emma_McDougall",
      "tl": [
        {
          "si": 0,
          "sti": 0,
          "dti": 0,
          "sco": 0,
          "dco": 0,
          "txt": "Emma"
        },
        {
          "si": 0,
          "sti": 1,
          "dti": 1,
          "sco": 5,
          "dco": 5,
          "txt": "McDougall"
        },
        {
          "si": 0,
          "sti": 2,
          "dti": 2,
          "sco": 14,
          "dco": 14,
          "txt": "."
        },
        {
          "si": 1,
          "sti": 0,
          "dti": 3,
          "sco": 0,
          "dco": 16,
          "txt": "Emma"
        },
        {
          "si": 1,
          "sti": 1,
          "dti": 4,
          "sco": 5,
          "dco": 21,
          "txt": "McDougall"
        },
        {
          "si": 1,
          "sti": 2,
          "dti": 5,
          "sco": 15,
          "dco": 31,
          "txt": "("
        },
        {
          "si": 1,
          "sti": 3,
          "dti": 6,
          "sco": 16,
          "dco": 32,
          "txt": "6"
        },
        {
          "si": 1,
          "sti": 4,
          "dti": 7,
          "sco": 18,
          "dco": 34,
          "txt": "March"
        },
        {
          "si": 1,
          "sti": 5,
          "dti": 8,
          "sco": 24,
          "dco": 40,
          "txt": "1991"
        },
        {
          "si": 1,
          "sti": 6,
          "dti": 9,
          "sco": 29,
          "dco": 45,
          "txt": "–"
        },
        {
          "si": 1,
          "sti": 7,
          "dti": 10,
          "sco": 31,
          "dco": 47,
          "txt": "20"
        },
        {
          "si": 1,
          "sti": 8,
          "dti": 11,
          "sco": 34,
          "dco": 50,
          "txt": "February"
        },
        {
          "si": 1,
          "sti": 9,
          "dti": 12,
          "sco": 43,
          "dco": 59,
          "txt": "2013"
        },
        {
          "si": 1,
          "sti": 10,
          "dti": 13,
          "sco": 47,
          "dco": 63,
          "txt": ")"
        },
        {
          "si": 1,
          "sti": 11,
          "dti": 14,
          "sco": 49,
          "dco": 65,
          "txt": "was"
        },
        {
          "si": 1,
          "sti": 12,
          "dti": 15,
          "sco": 53,
          "dco": 69,
          "txt": "an"
        },
        {
          "si": 1,
          "sti": 13,
          "dti": 16,
          "sco": 56,
          "dco": 72,
          "txt": "English"
        },
        {
          "si": 1,
          "sti": 14,
          "dti": 17,
          "sco": 64,
          "dco": 80,
          "txt": "female"
        },
        {
          "si": 1,
          "sti": 15,
          "dti": 18,
          "sco": 71,
          "dco": 87,
          "txt": "football"
        },
        {
          "si": 1,
          "sti": 16,
          "dti": 19,
          "sco": 80,
          "dco": 96,
          "txt": "winger"
        },
        {
          "si": 1,
          "sti": 17,
          "dti": 20,
          "sco": 87,
          "dco": 103,
          "txt": "who"
        },
        {
          "si": 1,
          "sti": 18,
          "dti": 21,
          "sco": 91,
          "dco": 107,
          "txt": "played"
        },
        {
          "si": 1,
          "sti": 19,
          "dti": 22,
          "sco": 98,
          "dco": 114,
          "txt": "for"
        },
        {
          "si": 1,
          "sti": 20,
          "dti": 23,
          "sco": 102,
          "dco": 118,
          "txt": "Blackburn"
        },
        {
          "si": 1,
          "sti": 21,
          "dti": 24,
          "sco": 112,
          "dco": 128,
          "txt": "Rovers"
        },
        {
          "si": 1,
          "sti": 22,
          "dti": 25,
          "sco": 119,
          "dco": 135,
          "txt": "Ladies"
        },
        {
          "si": 1,
          "sti": 23,
          "dti": 26,
          "sco": 125,
          "dco": 141,
          "txt": "."
        },
        {
          "si": 2,
          "sti": 0,
          "dti": 27,
          "sco": 0,
          "dco": 143,
          "txt": "Her"
        },
        {
          "si": 2,
          "sti": 1,
          "dti": 28,
          "sco": 4,
          "dco": 147,
          "txt": "married"
        },
        {
          "si": 2,
          "sti": 2,
          "dti": 29,
          "sco": 12,
          "dco": 155,
          "txt": "name"
        },
        {
          "si": 2,
          "sti": 3,
          "dti": 30,
          "sco": 17,
          "dco": 160,
          "txt": "was"
        },
        {
          "si": 2,
          "sti": 4,
          "dti": 31,
          "sco": 21,
          "dco": 164,
          "txt": "Emma"
        },
        {
          "si": 2,
          "sti": 5,
          "dti": 32,
          "sco": 26,
          "dco": 169,
          "txt": "Mincher"
        },
        {
          "si": 2,
          "sti": 6,
          "dti": 33,
          "sco": 33,
          "dco": 176,
          "txt": ","
        },
        {
          "si": 2,
          "sti": 7,
          "dti": 34,
          "sco": 35,
          "dco": 178,
          "txt": "but"
        },
        {
          "si": 2,
          "sti": 8,
          "dti": 35,
          "sco": 39,
          "dco": 182,
          "txt": "she"
        },
        {
          "si": 2,
          "sti": 9,
          "dti": 36,
          "sco": 43,
          "dco": 186,
          "txt": "used"
        },
        {
          "si": 2,
          "sti": 10,
          "dti": 37,
          "sco": 48,
          "dco": 191,
          "txt": "her"
        },
        {
          "si": 2,
          "sti": 11,
          "dti": 38,
          "sco": 52,
          "dco": 195,
          "txt": "maiden"
        },
        {
          "si": 2,
          "sti": 12,
          "dti": 39,
          "sco": 59,
          "dco": 202,
          "txt": "name"
        },
        {
          "si": 2,
          "sti": 13,
          "dti": 40,
          "sco": 64,
          "dco": 207,
          "txt": "in"
        },
        {
          "si": 2,
          "sti": 14,
          "dti": 41,
          "sco": 67,
          "dco": 210,
          "txt": "her"
        },
        {
          "si": 2,
          "sti": 15,
          "dti": 42,
          "sco": 71,
          "dco": 214,
          "txt": "playing"
        },
        {
          "si": 2,
          "sti": 16,
          "dti": 43,
          "sco": 79,
          "dco": 222,
          "txt": "career"
        },
        {
          "si": 2,
          "sti": 17,
          "dti": 44,
          "sco": 85,
          "dco": 228,
          "txt": "."
        },
        {
          "si": 3,
          "sti": 0,
          "dti": 45,
          "sco": 0,
          "dco": 230,
          "txt": "She"
        },
        {
          "si": 3,
          "sti": 1,
          "dti": 46,
          "sco": 4,
          "dco": 234,
          "txt": "was"
        },
        {
          "si": 3,
          "sti": 2,
          "dti": 47,
          "sco": 8,
          "dco": 238,
          "txt": "born"
        },
        {
          "si": 3,
          "sti": 3,
          "dti": 48,
          "sco": 13,
          "dco": 243,
          "txt": "in"
        },
        {
          "si": 3,
          "sti": 4,
          "dti": 49,
          "sco": 16,
          "dco": 246,
          "txt": "Manchester"
        },
        {
          "si": 3,
          "sti": 5,
          "dti": 50,
          "sco": 26,
          "dco": 256,
          "txt": "."
        },
        {
          "si": 4,
          "sti": 0,
          "dti": 51,
          "sco": 0,
          "dco": 258,
          "txt": "Club"
        },
        {
          "si": 4,
          "sti": 1,
          "dti": 52,
          "sco": 5,
          "dco": 263,
          "txt": "career"
        },
        {
          "si": 4,
          "sti": 2,
          "dti": 53,
          "sco": 11,
          "dco": 269,
          "txt": "."
        },
        {
          "si": 5,
          "sti": 0,
          "dti": 54,
          "sco": 0,
          "dco": 271,
          "txt": "McDougall"
        },
        {
          "si": 5,
          "sti": 1,
          "dti": 55,
          "sco": 10,
          "dco": 281,
          "txt": "joined"
        },
        {
          "si": 5,
          "sti": 2,
          "dti": 56,
          "sco": 17,
          "dco": 288,
          "txt": "Blackburn"
        },
        {
          "si": 5,
          "sti": 3,
          "dti": 57,
          "sco": 27,
          "dco": 298,
          "txt": "from"
        },
        {
          "si": 5,
          "sti": 4,
          "dti": 58,
          "sco": 32,
          "dco": 303,
          "txt": "Fletcher"
        },
        {
          "si": 5,
          "sti": 5,
          "dti": 59,
          "sco": 41,
          "dco": 312,
          "txt": "Moss"
        },
        {
          "si": 5,
          "sti": 6,
          "dti": 60,
          "sco": 46,
          "dco": 317,
          "txt": "Rangers"
        },
        {
          "si": 5,
          "sti": 7,
          "dti": 61,
          "sco": 54,
          "dco": 325,
          "txt": "in"
        },
        {
          "si": 5,
          "sti": 8,
          "dti": 62,
          "sco": 57,
          "dco": 328,
          "txt": "January"
        },
        {
          "si": 5,
          "sti": 9,
          "dti": 63,
          "sco": 65,
          "dco": 336,
          "txt": "2008"
        },
        {
          "si": 5,
          "sti": 10,
          "dti": 64,
          "sco": 69,
          "dco": 340,
          "txt": ","
        },
        {
          "si": 5,
          "sti": 11,
          "dti": 65,
          "sco": 71,
          "dco": 342,
          "txt": "and"
        },
        {
          "si": 5,
          "sti": 12,
          "dti": 66,
          "sco": 75,
          "dco": 346,
          "txt": "made"
        },
        {
          "si": 5,
          "sti": 13,
          "dti": 67,
          "sco": 80,
          "dco": 351,
          "txt": "her"
        },
        {
          "si": 5,
          "sti": 14,
          "dti": 68,
          "sco": 84,
          "dco": 355,
          "txt": "first"
        },
        {
          "si": 5,
          "sti": 15,
          "dti": 69,
          "sco": 89,
          "dco": 360,
          "txt": "-"
        },
        {
          "si": 5,
          "sti": 16,
          "dti": 70,
          "sco": 90,
          "dco": 361,
          "txt": "team"
        },
        {
          "si": 5,
          "sti": 17,
          "dti": 71,
          "sco": 95,
          "dco": 366,
          "txt": "debut"
        },
        {
          "si": 5,
          "sti": 18,
          "dti": 72,
          "sco": 101,
          "dco": 372,
          "txt": "in"
        },
        {
          "si": 5,
          "sti": 19,
          "dti": 73,
          "sco": 104,
          "dco": 375,
          "txt": "a"
        },
        {
          "si": 5,
          "sti": 20,
          "dti": 74,
          "sco": 106,
          "dco": 377,
          "txt": "17"
        },
        {
          "si": 5,
          "sti": 21,
          "dti": 75,
          "sco": 108,
          "dco": 379,
          "txt": "–"
        },
        {
          "si": 5,
          "sti": 22,
          "dti": 76,
          "sco": 109,
          "dco": 380,
          "txt": "0"
        },
        {
          "si": 5,
          "sti": 23,
          "dti": 77,
          "sco": 111,
          "dco": 382,
          "txt": "Lancashire"
        },
        {
          "si": 5,
          "sti": 24,
          "dti": 78,
          "sco": 122,
          "dco": 393,
          "txt": "Cup"
        },
        {
          "si": 5,
          "sti": 25,
          "dti": 79,
          "sco": 126,
          "dco": 397,
          "txt": "win"
        },
        {
          "si": 5,
          "sti": 26,
          "dti": 80,
          "sco": 130,
          "dco": 401,
          "txt": "the"
        },
        {
          "si": 5,
          "sti": 27,
          "dti": 81,
          "sco": 134,
          "dco": 405,
          "txt": "following"
        },
        {
          "si": 5,
          "sti": 28,
          "dti": 82,
          "sco": 144,
          "dco": 415,
          "txt": "month"
        },
        {
          "si": 5,
          "sti": 29,
          "dti": 83,
          "sco": 149,
          "dco": 420,
          "txt": "."
        },
        {
          "si": 6,
          "sti": 0,
          "dti": 84,
          "sco": 0,
          "dco": 422,
          "txt": "She"
        },
        {
          "si": 6,
          "sti": 1,
          "dti": 85,
          "sco": 4,
          "dco": 426,
          "txt": "appeared"
        },
        {
          "si": 6,
          "sti": 2,
          "dti": 86,
          "sco": 13,
          "dco": 435,
          "txt": "as"
        },
        {
          "si": 6,
          "sti": 3,
          "dti": 87,
          "sco": 16,
          "dco": 438,
          "txt": "a"
        },
        {
          "si": 6,
          "sti": 4,
          "dti": 88,
          "sco": 18,
          "dco": 440,
          "txt": "substitute"
        },
        {
          "si": 6,
          "sti": 5,
          "dti": 89,
          "sco": 29,
          "dco": 451,
          "txt": "in"
        },
        {
          "si": 6,
          "sti": 6,
          "dti": 90,
          "sco": 32,
          "dco": 454,
          "txt": "three"
        },
        {
          "si": 6,
          "sti": 7,
          "dti": 91,
          "sco": 38,
          "dco": 460,
          "txt": "of"
        },
        {
          "si": 6,
          "sti": 8,
          "dti": 92,
          "sco": 41,
          "dco": 463,
          "txt": "Rovers"
        },
        {
          "si": 6,
          "sti": 9,
          "dti": 93,
          "sco": 47,
          "dco": 469,
          "txt": "'"
        },
        {
          "si": 6,
          "sti": 10,
          "dti": 94,
          "sco": 49,
          "dco": 471,
          "txt": "final"
        },
        {
          "si": 6,
          "sti": 11,
          "dti": 95,
          "sco": 55,
          "dco": 477,
          "txt": "Premier"
        },
        {
          "si": 6,
          "sti": 12,
          "dti": 96,
          "sco": 63,
          "dco": 485,
          "txt": "League"
        },
        {
          "si": 6,
          "sti": 13,
          "dti": 97,
          "sco": 70,
          "dco": 492,
          "txt": "games"
        },
        {
          "si": 6,
          "sti": 14,
          "dti": 98,
          "sco": 76,
          "dco": 498,
          "txt": "that"
        },
        {
          "si": 6,
          "sti": 15,
          "dti": 99,
          "sco": 81,
          "dco": 503,
          "txt": "season"
        },
        {
          "si": 6,
          "sti": 16,
          "dti": 100,
          "sco": 88,
          "dco": 510,
          "txt": "and"
        },
        {
          "si": 6,
          "sti": 17,
          "dti": 101,
          "sco": 91,
          "dco": 513,
          "txt": ","
        },
        {
          "si": 6,
          "sti": 18,
          "dti": 102,
          "sco": 93,
          "dco": 515,
          "txt": "after"
        },
        {
          "si": 6,
          "sti": 19,
          "dti": 103,
          "sco": 99,
          "dco": 521,
          "txt": "a"
        },
        {
          "si": 6,
          "sti": 20,
          "dti": 104,
          "sco": 101,
          "dco": 523,
          "txt": "formal"
        },
        {
          "si": 6,
          "sti": 21,
          "dti": 105,
          "sco": 108,
          "dco": 530,
          "txt": "promotion"
        },
        {
          "si": 6,
          "sti": 22,
          "dti": 106,
          "sco": 118,
          "dco": 540,
          "txt": "to"
        },
        {
          "si": 6,
          "sti": 23,
          "dti": 107,
          "sco": 121,
          "dco": 543,
          "txt": "the"
        },
        {
          "si": 6,
          "sti": 24,
          "dti": 108,
          "sco": 125,
          "dco": 547,
          "txt": "senior"
        },
        {
          "si": 6,
          "sti": 25,
          "dti": 109,
          "sco": 132,
          "dco": 554,
          "txt": "side"
        },
        {
          "si": 6,
          "sti": 26,
          "dti": 110,
          "sco": 136,
          "dco": 558,
          "txt": ","
        },
        {
          "si": 6,
          "sti": 27,
          "dti": 111,
          "sco": 138,
          "dco": 560,
          "txt": "played"
        },
        {
          "si": 6,
          "sti": 28,
          "dti": 112,
          "sco": 145,
          "dco": 567,
          "txt": "more"
        },
        {
          "si": 6,
          "sti": 29,
          "dti": 113,
          "sco": 150,
          "dco": 572,
          "txt": "regularly"
        },
        {
          "si": 6,
          "sti": 30,
          "dti": 114,
          "sco": 160,
          "dco": 582,
          "txt": "in"
        },
        {
          "si": 6,
          "sti": 31,
          "dti": 115,
          "sco": 163,
          "dco": 585,
          "txt": "the"
        },
        {
          "si": 6,
          "sti": 32,
          "dti": 116,
          "sco": 167,
          "dco": 589,
          "txt": "2008"
        },
        {
          "si": 6,
          "sti": 33,
          "dti": 117,
          "sco": 171,
          "dco": 593,
          "txt": "–"
        },
        {
          "si": 6,
          "sti": 34,
          "dti": 118,
          "sco": 172,
          "dco": 594,
          "txt": "09"
        },
        {
          "si": 6,
          "sti": 35,
          "dti": 119,
          "sco": 175,
          "dco": 597,
          "txt": "season"
        },
        {
          "si": 6,
          "sti": 36,
          "dti": 120,
          "sco": 181,
          "dco": 603,
          "txt": "."
        },
        {
          "si": 7,
          "sti": 0,
          "dti": 121,
          "sco": 0,
          "dco": 605,
          "txt": "Her"
        },
        {
          "si": 7,
          "sti": 1,
          "dti": 122,
          "sco": 4,
          "dco": 609,
          "txt": "first"
        },
        {
          "si": 7,
          "sti": 2,
          "dti": 123,
          "sco": 10,
          "dco": 615,
          "txt": "Blackburn"
        },
        {
          "si": 7,
          "sti": 3,
          "dti": 124,
          "sco": 20,
          "dco": 625,
          "txt": "goals"
        },
        {
          "si": 7,
          "sti": 4,
          "dti": 125,
          "sco": 26,
          "dco": 631,
          "txt": "came"
        },
        {
          "si": 7,
          "sti": 5,
          "dti": 126,
          "sco": 31,
          "dco": 636,
          "txt": "in"
        },
        {
          "si": 7,
          "sti": 6,
          "dti": 127,
          "sco": 34,
          "dco": 639,
          "txt": "September"
        },
        {
          "si": 7,
          "sti": 7,
          "dti": 128,
          "sco": 44,
          "dco": 649,
          "txt": "2008"
        },
        {
          "si": 7,
          "sti": 8,
          "dti": 129,
          "sco": 48,
          "dco": 653,
          "txt": ","
        },
        {
          "si": 7,
          "sti": 9,
          "dti": 130,
          "sco": 50,
          "dco": 655,
          "txt": "scoring"
        },
        {
          "si": 7,
          "sti": 10,
          "dti": 131,
          "sco": 58,
          "dco": 663,
          "txt": "twice"
        },
        {
          "si": 7,
          "sti": 11,
          "dti": 132,
          "sco": 64,
          "dco": 669,
          "txt": "as"
        },
        {
          "si": 7,
          "sti": 12,
          "dti": 133,
          "sco": 67,
          "dco": 672,
          "txt": "Rovers"
        },
        {
          "si": 7,
          "sti": 13,
          "dti": 134,
          "sco": 74,
          "dco": 679,
          "txt": "beat"
        },
        {
          "si": 7,
          "sti": 14,
          "dti": 135,
          "sco": 79,
          "dco": 684,
          "txt": "Rotherham"
        },
        {
          "si": 7,
          "sti": 15,
          "dti": 136,
          "sco": 89,
          "dco": 694,
          "txt": "United"
        },
        {
          "si": 7,
          "sti": 16,
          "dti": 137,
          "sco": 96,
          "dco": 701,
          "txt": "Ladies"
        },
        {
          "si": 7,
          "sti": 17,
          "dti": 138,
          "sco": 103,
          "dco": 708,
          "txt": "7"
        },
        {
          "si": 7,
          "sti": 18,
          "dti": 139,
          "sco": 104,
          "dco": 709,
          "txt": "–"
        },
        {
          "si": 7,
          "sti": 19,
          "dti": 140,
          "sco": 105,
          "dco": 710,
          "txt": "2"
        },
        {
          "si": 7,
          "sti": 20,
          "dti": 141,
          "sco": 107,
          "dco": 712,
          "txt": "in"
        },
        {
          "si": 7,
          "sti": 21,
          "dti": 142,
          "sco": 110,
          "dco": 715,
          "txt": "the"
        },
        {
          "si": 7,
          "sti": 22,
          "dti": 143,
          "sco": 114,
          "dco": 719,
          "txt": "first"
        },
        {
          "si": 7,
          "sti": 23,
          "dti": 144,
          "sco": 120,
          "dco": 725,
          "txt": "round"
        },
        {
          "si": 7,
          "sti": 24,
          "dti": 145,
          "sco": 126,
          "dco": 731,
          "txt": "of"
        },
        {
          "si": 7,
          "sti": 25,
          "dti": 146,
          "sco": 129,
          "dco": 734,
          "txt": "the"
        },
        {
          "si": 7,
          "sti": 26,
          "dti": 147,
          "sco": 133,
          "dco": 738,
          "txt": "Women"
        },
        {
          "si": 7,
          "sti": 27,
          "dti": 148,
          "sco": 138,
          "dco": 743,
          "txt": "'"
        },
        {
          "si": 7,
          "sti": 28,
          "dti": 149,
          "sco": 139,
          "dco": 744,
          "txt": "s"
        },
        {
          "si": 7,
          "sti": 29,
          "dti": 150,
          "sco": 141,
          "dco": 746,
          "txt": "Premier"
        },
        {
          "si": 7,
          "sti": 30,
          "dti": 151,
          "sco": 149,
          "dco": 754,
          "txt": "League"
        },
        {
          "si": 7,
          "sti": 31,
          "dti": 152,
          "sco": 156,
          "dco": 761,
          "txt": "Cup"
        },
        {
          "si": 7,
          "sti": 32,
          "dti": 153,
          "sco": 159,
          "dco": 764,
          "txt": "."
        },
        {
          "si": 8,
          "sti": 0,
          "dti": 154,
          "sco": 0,
          "dco": 766,
          "txt": "Later"
        },
        {
          "si": 8,
          "sti": 1,
          "dti": 155,
          "sco": 6,
          "dco": 772,
          "txt": "years"
        },
        {
          "si": 8,
          "sti": 2,
          "dti": 156,
          "sco": 11,
          "dco": 777,
          "txt": "."
        },
        {
          "si": 9,
          "sti": 0,
          "dti": 157,
          "sco": 0,
          "dco": 779,
          "txt": "McDougall"
        },
        {
          "si": 9,
          "sti": 1,
          "dti": 158,
          "sco": 10,
          "dco": 789,
          "txt": "stopped"
        },
        {
          "si": 9,
          "sti": 2,
          "dti": 159,
          "sco": 18,
          "dco": 797,
          "txt": "playing"
        },
        {
          "si": 9,
          "sti": 3,
          "dti": 160,
          "sco": 26,
          "dco": 805,
          "txt": "for"
        },
        {
          "si": 9,
          "sti": 4,
          "dti": 161,
          "sco": 30,
          "dco": 809,
          "txt": "Blackburn"
        },
        {
          "si": 9,
          "sti": 5,
          "dti": 162,
          "sco": 40,
          "dco": 819,
          "txt": "Rovers"
        },
        {
          "si": 9,
          "sti": 6,
          "dti": 163,
          "sco": 47,
          "dco": 826,
          "txt": "after"
        },
        {
          "si": 9,
          "sti": 7,
          "dti": 164,
          "sco": 53,
          "dco": 832,
          "txt": "becoming"
        },
        {
          "si": 9,
          "sti": 8,
          "dti": 165,
          "sco": 62,
          "dco": 841,
          "txt": "pregnant"
        },
        {
          "si": 9,
          "sti": 9,
          "dti": 166,
          "sco": 71,
          "dco": 850,
          "txt": "and"
        },
        {
          "si": 9,
          "sti": 10,
          "dti": 167,
          "sco": 75,
          "dco": 854,
          "txt": "following"
        },
        {
          "si": 9,
          "sti": 11,
          "dti": 168,
          "sco": 85,
          "dco": 864,
          "txt": "the"
        },
        {
          "si": 9,
          "sti": 12,
          "dti": 169,
          "sco": 89,
          "dco": 868,
          "txt": "birth"
        },
        {
          "si": 9,
          "sti": 13,
          "dti": 170,
          "sco": 95,
          "dco": 874,
          "txt": "of"
        },
        {
          "si": 9,
          "sti": 14,
          "dti": 171,
          "sco": 98,
          "dco": 877,
          "txt": "her"
        },
        {
          "si": 9,
          "sti": 15,
          "dti": 172,
          "sco": 102,
          "dco": 881,
          "txt": "first"
        },
        {
          "si": 9,
          "sti": 16,
          "dti": 173,
          "sco": 108,
          "dco": 887,
          "txt": "child"
        },
        {
          "si": 9,
          "sti": 17,
          "dti": 174,
          "sco": 113,
          "dco": 892,
          "txt": "."
        },
        {
          "si": 10,
          "sti": 0,
          "dti": 175,
          "sco": 0,
          "dco": 894,
          "txt": "She"
        },
        {
          "si": 10,
          "sti": 1,
          "dti": 176,
          "sco": 4,
          "dco": 898,
          "txt": "was"
        },
        {
          "si": 10,
          "sti": 2,
          "dti": 177,
          "sco": 8,
          "dco": 902,
          "txt": "later"
        },
        {
          "si": 10,
          "sti": 3,
          "dti": 178,
          "sco": 14,
          "dco": 908,
          "txt": "diagnosed"
        },
        {
          "si": 10,
          "sti": 4,
          "dti": 179,
          "sco": 24,
          "dco": 918,
          "txt": "with"
        },
        {
          "si": 10,
          "sti": 5,
          "dti": 180,
          "sco": 29,
          "dco": 923,
          "txt": "cancer"
        },
        {
          "si": 10,
          "sti": 6,
          "dti": 181,
          "sco": 35,
          "dco": 929,
          "txt": ","
        },
        {
          "si": 10,
          "sti": 7,
          "dti": 182,
          "sco": 37,
          "dco": 931,
          "txt": "and"
        },
        {
          "si": 10,
          "sti": 8,
          "dti": 183,
          "sco": 41,
          "dco": 935,
          "txt": "died"
        },
        {
          "si": 10,
          "sti": 9,
          "dti": 184,
          "sco": 46,
          "dco": 940,
          "txt": "on"
        },
        {
          "si": 10,
          "sti": 10,
          "dti": 185,
          "sco": 49,
          "dco": 943,
          "txt": "20"
        },
        {
          "si": 10,
          "sti": 11,
          "dti": 186,
          "sco": 52,
          "dco": 946,
          "txt": "February"
        },
        {
          "si": 10,
          "sti": 12,
          "dti": 187,
          "sco": 61,
          "dco": 955,
          "txt": "2013"
        },
        {
          "si": 10,
          "sti": 13,
          "dti": 188,
          "sco": 66,
          "dco": 960,
          "txt": "at"
        },
        {
          "si": 10,
          "sti": 14,
          "dti": 189,
          "sco": 69,
          "dco": 963,
          "txt": "age"
        },
        {
          "si": 10,
          "sti": 15,
          "dti": 190,
          "sco": 73,
          "dco": 967,
          "txt": "21"
        },
        {
          "si": 10,
          "sti": 16,
          "dti": 191,
          "sco": 75,
          "dco": 969,
          "txt": "."
        },
        {
          "si": 11,
          "sti": 0,
          "dti": 192,
          "sco": 0,
          "dco": 971,
          "txt": "McDougall"
        },
        {
          "si": 11,
          "sti": 1,
          "dti": 193,
          "sco": 10,
          "dco": 981,
          "txt": "is"
        },
        {
          "si": 11,
          "sti": 2,
          "dti": 194,
          "sco": 13,
          "dco": 984,
          "txt": "survived"
        },
        {
          "si": 11,
          "sti": 3,
          "dti": 195,
          "sco": 22,
          "dco": 993,
          "txt": "by"
        },
        {
          "si": 11,
          "sti": 4,
          "dti": 196,
          "sco": 25,
          "dco": 996,
          "txt": "her"
        },
        {
          "si": 11,
          "sti": 5,
          "dti": 197,
          "sco": 29,
          "dco": 1000,
          "txt": "husband"
        },
        {
          "si": 11,
          "sti": 6,
          "dti": 198,
          "sco": 36,
          "dco": 1007,
          "txt": ","
        },
        {
          "si": 11,
          "sti": 7,
          "dti": 199,
          "sco": 38,
          "dco": 1009,
          "txt": "Stefan"
        },
        {
          "si": 11,
          "sti": 8,
          "dti": 200,
          "sco": 45,
          "dco": 1016,
          "txt": "Mincher"
        },
        {
          "si": 11,
          "sti": 9,
          "dti": 201,
          "sco": 52,
          "dco": 1023,
          "txt": ","
        },
        {
          "si": 11,
          "sti": 10,
          "dti": 202,
          "sco": 54,
          "dco": 1025,
          "txt": "and"
        },
        {
          "si": 11,
          "sti": 11,
          "dti": 203,
          "sco": 58,
          "dco": 1029,
          "txt": "two"
        },
        {
          "si": 11,
          "sti": 12,
          "dti": 204,
          "sco": 62,
          "dco": 1033,
          "txt": "daughters"
        },
        {
          "si": 11,
          "sti": 13,
          "dti": 205,
          "sco": 71,
          "dco": 1042,
          "txt": ","
        },
        {
          "si": 11,
          "sti": 14,
          "dti": 206,
          "sco": 73,
          "dco": 1044,
          "txt": "Lilly"
        },
        {
          "si": 11,
          "sti": 15,
          "dti": 207,
          "sco": 78,
          "dco": 1049,
          "txt": "-"
        },
        {
          "si": 11,
          "sti": 16,
          "dti": 208,
          "sco": 79,
          "dco": 1050,
          "txt": "Mae"
        },
        {
          "si": 11,
          "sti": 17,
          "dti": 209,
          "sco": 83,
          "dco": 1054,
          "txt": "and"
        },
        {
          "si": 11,
          "sti": 18,
          "dti": 210,
          "sco": 87,
          "dco": 1058,
          "txt": "Molly"
        },
        {
          "si": 11,
          "sti": 19,
          "dti": 211,
          "sco": 92,
          "dco": 1063,
          "txt": "-"
        },
        {
          "si": 11,
          "sti": 20,
          "dti": 212,
          "sco": 93,
          "dco": 1064,
          "txt": "Rae"
        },
        {
          "si": 11,
          "sti": 21,
          "dti": 213,
          "sco": 97,
          "dco": 1068,
          "txt": "Mincher"
        },
        {
          "si": 11,
          "sti": 22,
          "dti": 214,
          "sco": 104,
          "dco": 1075,
          "txt": "."
        }
      ]
    },
    "ganns": {
      "dla": [],
      "la": [],
      "ea": [],
      "eta": [
        {
          "ra": {
            "ea": {
              "etn": "Emma_McDougall"
            }
          },
          "sfs": [
            [
              {
                "stn": "birthYear"
              },
              {
                "dla": {
                  "txt": {
                    "sff": "1991"
                  },
                  "et": {
                    "etn": "BirthYear"
                  },
                  "dp": {
                    "off": 40
                  }
                }
              }
            ],
            [
              {
                "stn": "deathYear"
              },
              {
                "dla": {
                  "txt": {
                    "sff": "2013"
                  },
                  "et": {
                    "etn": "DeathYear"
                  },
                  "dp": {
                    "off": 59
                  }
                }
              }
            ]
          ],
          "mfs": [
            [
              {
                "stn": "birthPlaces"
              },
              {
                "dla": [],
                "la": [],
                "ea": [
                  {
                    "etn": "Manchester"
                  }
                ],
                "eta": []
              }
            ],
            [
              {
                "stn": "teams"
              },
              {
                "dla": [],
                "la": [],
                "ea": [
                  {
                    "etn": "Blackburn_Rovers_L.F.C."
                  }
                ],
                "eta": []
              }
            ],
            [
              {
                "stn": "positions"
              },
              {
                "dla": [],
                "la": [],
                "ea": [],
                "eta": []
              }
            ]
          ]
        }
      ]
    }
  }
]
