[
  {
    "context": "TRAIN",
    "doc": {
      "id": "Enrico_Pfister",
      "tl": [
        {
          "si": 0,
          "sti": 0,
          "dti": 0,
          "sco": 0,
          "dco": 0,
          "txt": "Enrico"
        },
        {
          "si": 0,
          "sti": 1,
          "dti": 1,
          "sco": 7,
          "dco": 7,
          "txt": "Pfister"
        },
        {
          "si": 0,
          "sti": 2,
          "dti": 2,
          "sco": 14,
          "dco": 14,
          "txt": "."
        },
        {
          "si": 1,
          "sti": 0,
          "dti": 3,
          "sco": 0,
          "dco": 16,
          "txt": "Enrico"
        },
        {
          "si": 1,
          "sti": 1,
          "dti": 4,
          "sco": 7,
          "dco": 23,
          "txt": "Pfister"
        },
        {
          "si": 1,
          "sti": 2,
          "dti": 5,
          "sco": 15,
          "dco": 31,
          "txt": "("
        },
        {
          "si": 1,
          "sti": 3,
          "dti": 6,
          "sco": 16,
          "dco": 32,
          "txt": "born"
        },
        {
          "si": 1,
          "sti": 4,
          "dti": 7,
          "sco": 21,
          "dco": 37,
          "txt": "4"
        },
        {
          "si": 1,
          "sti": 5,
          "dti": 8,
          "sco": 23,
          "dco": 39,
          "txt": "April"
        },
        {
          "si": 1,
          "sti": 6,
          "dti": 9,
          "sco": 29,
          "dco": 45,
          "txt": "1982"
        },
        {
          "si": 1,
          "sti": 7,
          "dti": 10,
          "sco": 33,
          "dco": 49,
          "txt": ")"
        },
        {
          "si": 1,
          "sti": 8,
          "dti": 11,
          "sco": 35,
          "dco": 51,
          "txt": "is"
        },
        {
          "si": 1,
          "sti": 9,
          "dti": 12,
          "sco": 38,
          "dco": 54,
          "txt": "an"
        },
        {
          "si": 1,
          "sti": 10,
          "dti": 13,
          "sco": 41,
          "dco": 57,
          "txt": "Austrian"
        },
        {
          "si": 1,
          "sti": 11,
          "dti": 14,
          "sco": 50,
          "dco": 66,
          "txt": "football"
        },
        {
          "si": 1,
          "sti": 12,
          "dti": 15,
          "sco": 59,
          "dco": 75,
          "txt": "player"
        },
        {
          "si": 1,
          "sti": 13,
          "dti": 16,
          "sco": 66,
          "dco": 82,
          "txt": "currently"
        },
        {
          "si": 1,
          "sti": 14,
          "dti": 17,
          "sco": 76,
          "dco": 92,
          "txt": "playing"
        },
        {
          "si": 1,
          "sti": 15,
          "dti": 18,
          "sco": 84,
          "dco": 100,
          "txt": "for"
        },
        {
          "si": 1,
          "sti": 16,
          "dti": 19,
          "sco": 88,
          "dco": 104,
          "txt": "SC"
        },
        {
          "si": 1,
          "sti": 17,
          "dti": 20,
          "sco": 91,
          "dco": 107,
          "txt": "Rheindorf"
        },
        {
          "si": 1,
          "sti": 18,
          "dti": 21,
          "sco": 101,
          "dco": 117,
          "txt": "Altach"
        },
        {
          "si": 1,
          "sti": 19,
          "dti": 22,
          "sco": 107,
          "dco": 123,
          "txt": "."
        }
      ]
    },
    "ganns": {
      "dla": [],
      "la": [],
      "ea": [],
      "eta": [
        {
          "ra": {
            "ea": {
              "etn": "Enrico_Pfister"
            }
          },
          "sfs": [
            [
              {
                "stn": "birthYear"
              },
              {
                "dla": {
                  "txt": {
                    "sff": "1982"
                  },
                  "et": {
                    "etn": "BirthYear"
                  },
                  "dp": {
                    "off": 45
                  }
                }
              }
            ],
            [
              {
                "stn": "deathYear"
              },
              {}
            ]
          ],
          "mfs": [
            [
              {
                "stn": "position"
              },
              {
                "dla": [],
                "la": [],
                "ea": [],
                "eta": []
              }
            ],
            [
              {
                "stn": "team"
              },
              {
                "dla": [],
                "la": [],
                "ea": [
                  {
                    "etn": "SC_Rheindorf_Altach"
                  }
                ],
                "eta": []
              }
            ],
            [
              {
                "stn": "birthPlace"
              },
              {
                "dla": [],
                "la": [],
                "ea": [
                  {
                    "etn": "Austria"
                  }
                ],
                "eta": []
              }
            ]
          ]
        }
      ]
    }
  }
]
