[
  {
    "context": "TRAIN",
    "doc": {
      "id": "Enzo_Crivelli",
      "tl": [
        {
          "si": 0,
          "sti": 0,
          "dti": 0,
          "sco": 0,
          "dco": 0,
          "txt": "Enzo"
        },
        {
          "si": 0,
          "sti": 1,
          "dti": 1,
          "sco": 5,
          "dco": 5,
          "txt": "Crivelli"
        },
        {
          "si": 0,
          "sti": 2,
          "dti": 2,
          "sco": 13,
          "dco": 13,
          "txt": "."
        },
        {
          "si": 1,
          "sti": 0,
          "dti": 3,
          "sco": 0,
          "dco": 15,
          "txt": "Enzo"
        },
        {
          "si": 1,
          "sti": 1,
          "dti": 4,
          "sco": 5,
          "dco": 20,
          "txt": "Crivelli"
        },
        {
          "si": 1,
          "sti": 2,
          "dti": 5,
          "sco": 14,
          "dco": 29,
          "txt": "("
        },
        {
          "si": 1,
          "sti": 3,
          "dti": 6,
          "sco": 15,
          "dco": 30,
          "txt": "born"
        },
        {
          "si": 1,
          "sti": 4,
          "dti": 7,
          "sco": 20,
          "dco": 35,
          "txt": "6"
        },
        {
          "si": 1,
          "sti": 5,
          "dti": 8,
          "sco": 22,
          "dco": 37,
          "txt": "February"
        },
        {
          "si": 1,
          "sti": 6,
          "dti": 9,
          "sco": 31,
          "dco": 46,
          "txt": "1995"
        },
        {
          "si": 1,
          "sti": 7,
          "dti": 10,
          "sco": 36,
          "dco": 51,
          "txt": "in"
        },
        {
          "si": 1,
          "sti": 8,
          "dti": 11,
          "sco": 39,
          "dco": 54,
          "txt": "Rouen"
        },
        {
          "si": 1,
          "sti": 9,
          "dti": 12,
          "sco": 44,
          "dco": 59,
          "txt": ","
        },
        {
          "si": 1,
          "sti": 10,
          "dti": 13,
          "sco": 46,
          "dco": 61,
          "txt": "France"
        },
        {
          "si": 1,
          "sti": 11,
          "dti": 14,
          "sco": 52,
          "dco": 67,
          "txt": ")"
        },
        {
          "si": 1,
          "sti": 12,
          "dti": 15,
          "sco": 54,
          "dco": 69,
          "txt": "is"
        },
        {
          "si": 1,
          "sti": 13,
          "dti": 16,
          "sco": 57,
          "dco": 72,
          "txt": "a"
        },
        {
          "si": 1,
          "sti": 14,
          "dti": 17,
          "sco": 59,
          "dco": 74,
          "txt": "French"
        },
        {
          "si": 1,
          "sti": 15,
          "dti": 18,
          "sco": 66,
          "dco": 81,
          "txt": "player"
        },
        {
          "si": 1,
          "sti": 16,
          "dti": 19,
          "sco": 73,
          "dco": 88,
          "txt": "who"
        },
        {
          "si": 1,
          "sti": 17,
          "dti": 20,
          "sco": 77,
          "dco": 92,
          "txt": "currently"
        },
        {
          "si": 1,
          "sti": 18,
          "dti": 21,
          "sco": 87,
          "dco": 102,
          "txt": "plays"
        },
        {
          "si": 1,
          "sti": 19,
          "dti": 22,
          "sco": 93,
          "dco": 108,
          "txt": "for"
        },
        {
          "si": 1,
          "sti": 20,
          "dti": 23,
          "sco": 97,
          "dco": 112,
          "txt": "French"
        },
        {
          "si": 1,
          "sti": 21,
          "dti": 24,
          "sco": 104,
          "dco": 119,
          "txt": "side"
        },
        {
          "si": 1,
          "sti": 22,
          "dti": 25,
          "sco": 109,
          "dco": 124,
          "txt": "Girondins"
        },
        {
          "si": 1,
          "sti": 23,
          "dti": 26,
          "sco": 119,
          "dco": 134,
          "txt": "de"
        },
        {
          "si": 1,
          "sti": 24,
          "dti": 27,
          "sco": 122,
          "dco": 137,
          "txt": "Bordeaux"
        },
        {
          "si": 1,
          "sti": 25,
          "dti": 28,
          "sco": 131,
          "dco": 146,
          "txt": "as"
        },
        {
          "si": 1,
          "sti": 26,
          "dti": 29,
          "sco": 134,
          "dco": 149,
          "txt": "a"
        },
        {
          "si": 1,
          "sti": 27,
          "dti": 30,
          "sco": 136,
          "dco": 151,
          "txt": "striker"
        },
        {
          "si": 1,
          "sti": 28,
          "dti": 31,
          "sco": 143,
          "dco": 158,
          "txt": "."
        },
        {
          "si": 2,
          "sti": 0,
          "dti": 32,
          "sco": 0,
          "dco": 160,
          "txt": "Club"
        },
        {
          "si": 2,
          "sti": 1,
          "dti": 33,
          "sco": 5,
          "dco": 165,
          "txt": "career"
        },
        {
          "si": 2,
          "sti": 2,
          "dti": 34,
          "sco": 11,
          "dco": 171,
          "txt": "."
        },
        {
          "si": 3,
          "sti": 0,
          "dti": 35,
          "sco": 0,
          "dco": 173,
          "txt": "Crivelli"
        },
        {
          "si": 3,
          "sti": 1,
          "dti": 36,
          "sco": 9,
          "dco": 182,
          "txt": "is"
        },
        {
          "si": 3,
          "sti": 2,
          "dti": 37,
          "sco": 12,
          "dco": 185,
          "txt": "a"
        },
        {
          "si": 3,
          "sti": 3,
          "dti": 38,
          "sco": 14,
          "dco": 187,
          "txt": "youth"
        },
        {
          "si": 3,
          "sti": 4,
          "dti": 39,
          "sco": 20,
          "dco": 193,
          "txt": "exponent"
        },
        {
          "si": 3,
          "sti": 5,
          "dti": 40,
          "sco": 29,
          "dco": 202,
          "txt": "from"
        },
        {
          "si": 3,
          "sti": 6,
          "dti": 41,
          "sco": 34,
          "dco": 207,
          "txt": "Girondins"
        },
        {
          "si": 3,
          "sti": 7,
          "dti": 42,
          "sco": 44,
          "dco": 217,
          "txt": "de"
        },
        {
          "si": 3,
          "sti": 8,
          "dti": 43,
          "sco": 47,
          "dco": 220,
          "txt": "Bordeaux"
        },
        {
          "si": 3,
          "sti": 9,
          "dti": 44,
          "sco": 55,
          "dco": 228,
          "txt": "."
        },
        {
          "si": 4,
          "sti": 0,
          "dti": 45,
          "sco": 0,
          "dco": 230,
          "txt": "He"
        },
        {
          "si": 4,
          "sti": 1,
          "dti": 46,
          "sco": 3,
          "dco": 233,
          "txt": "made"
        },
        {
          "si": 4,
          "sti": 2,
          "dti": 47,
          "sco": 8,
          "dco": 238,
          "txt": "his"
        },
        {
          "si": 4,
          "sti": 3,
          "dti": 48,
          "sco": 12,
          "dco": 242,
          "txt": "Ligue"
        },
        {
          "si": 4,
          "sti": 4,
          "dti": 49,
          "sco": 18,
          "dco": 248,
          "txt": "1"
        },
        {
          "si": 4,
          "sti": 5,
          "dti": 50,
          "sco": 20,
          "dco": 250,
          "txt": "debut"
        },
        {
          "si": 4,
          "sti": 6,
          "dti": 51,
          "sco": 26,
          "dco": 256,
          "txt": "at"
        },
        {
          "si": 4,
          "sti": 7,
          "dti": 52,
          "sco": 29,
          "dco": 259,
          "txt": "26"
        },
        {
          "si": 4,
          "sti": 8,
          "dti": 53,
          "sco": 32,
          "dco": 262,
          "txt": "January"
        },
        {
          "si": 4,
          "sti": 9,
          "dti": 54,
          "sco": 40,
          "dco": 270,
          "txt": "2014"
        },
        {
          "si": 4,
          "sti": 10,
          "dti": 55,
          "sco": 45,
          "dco": 275,
          "txt": "against"
        },
        {
          "si": 4,
          "sti": 11,
          "dti": 56,
          "sco": 53,
          "dco": 283,
          "txt": "Saint"
        },
        {
          "si": 4,
          "sti": 12,
          "dti": 57,
          "sco": 58,
          "dco": 288,
          "txt": "-"
        },
        {
          "si": 4,
          "sti": 13,
          "dti": 58,
          "sco": 59,
          "dco": 289,
          "txt": "É"
        },
        {
          "si": 4,
          "sti": 14,
          "dti": 59,
          "sco": 60,
          "dco": 290,
          "txt": "tienne"
        },
        {
          "si": 4,
          "sti": 15,
          "dti": 60,
          "sco": 66,
          "dco": 296,
          "txt": "."
        },
        {
          "si": 5,
          "sti": 0,
          "dti": 61,
          "sco": 0,
          "dco": 298,
          "txt": "He"
        },
        {
          "si": 5,
          "sti": 1,
          "dti": 62,
          "sco": 3,
          "dco": 301,
          "txt": "replaced"
        },
        {
          "si": 5,
          "sti": 2,
          "dti": 63,
          "sco": 12,
          "dco": 310,
          "txt": "Abdou"
        },
        {
          "si": 5,
          "sti": 3,
          "dti": 64,
          "sco": 18,
          "dco": 316,
          "txt": "Traor"
        },
        {
          "si": 5,
          "sti": 4,
          "dti": 65,
          "sco": 23,
          "dco": 321,
          "txt": "é"
        },
        {
          "si": 5,
          "sti": 5,
          "dti": 66,
          "sco": 25,
          "dco": 323,
          "txt": "after"
        },
        {
          "si": 5,
          "sti": 6,
          "dti": 67,
          "sco": 31,
          "dco": 329,
          "txt": "83"
        },
        {
          "si": 5,
          "sti": 7,
          "dti": 68,
          "sco": 34,
          "dco": 332,
          "txt": "minutes"
        },
        {
          "si": 5,
          "sti": 8,
          "dti": 69,
          "sco": 42,
          "dco": 340,
          "txt": "in"
        },
        {
          "si": 5,
          "sti": 9,
          "dti": 70,
          "sco": 45,
          "dco": 343,
          "txt": "a"
        },
        {
          "si": 5,
          "sti": 10,
          "dti": 71,
          "sco": 47,
          "dco": 345,
          "txt": "2"
        },
        {
          "si": 5,
          "sti": 11,
          "dti": 72,
          "sco": 48,
          "dco": 346,
          "txt": "-"
        },
        {
          "si": 5,
          "sti": 12,
          "dti": 73,
          "sco": 49,
          "dco": 347,
          "txt": "0"
        },
        {
          "si": 5,
          "sti": 13,
          "dti": 74,
          "sco": 51,
          "dco": 349,
          "txt": "home"
        },
        {
          "si": 5,
          "sti": 14,
          "dti": 75,
          "sco": 56,
          "dco": 354,
          "txt": "win"
        },
        {
          "si": 5,
          "sti": 15,
          "dti": 76,
          "sco": 59,
          "dco": 357,
          "txt": "."
        },
        {
          "si": 6,
          "sti": 0,
          "dti": 77,
          "sco": 0,
          "dco": 359,
          "txt": "His"
        },
        {
          "si": 6,
          "sti": 1,
          "dti": 78,
          "sco": 4,
          "dco": 363,
          "txt": "second"
        },
        {
          "si": 6,
          "sti": 2,
          "dti": 79,
          "sco": 11,
          "dco": 370,
          "txt": "appearance"
        },
        {
          "si": 6,
          "sti": 3,
          "dti": 80,
          "sco": 22,
          "dco": 381,
          "txt": "came"
        },
        {
          "si": 6,
          "sti": 4,
          "dti": 81,
          "sco": 27,
          "dco": 386,
          "txt": "two"
        },
        {
          "si": 6,
          "sti": 5,
          "dti": 82,
          "sco": 31,
          "dco": 390,
          "txt": "months"
        },
        {
          "si": 6,
          "sti": 6,
          "dti": 83,
          "sco": 38,
          "dco": 397,
          "txt": "later"
        },
        {
          "si": 6,
          "sti": 7,
          "dti": 84,
          "sco": 44,
          "dco": 403,
          "txt": "in"
        },
        {
          "si": 6,
          "sti": 8,
          "dti": 85,
          "sco": 47,
          "dco": 406,
          "txt": "a"
        },
        {
          "si": 6,
          "sti": 9,
          "dti": 86,
          "sco": 49,
          "dco": 408,
          "txt": "home"
        },
        {
          "si": 6,
          "sti": 10,
          "dti": 87,
          "sco": 54,
          "dco": 413,
          "txt": "game"
        },
        {
          "si": 6,
          "sti": 11,
          "dti": 88,
          "sco": 59,
          "dco": 418,
          "txt": "against"
        },
        {
          "si": 6,
          "sti": 12,
          "dti": 89,
          "sco": 67,
          "dco": 426,
          "txt": "OGC"
        },
        {
          "si": 6,
          "sti": 13,
          "dti": 90,
          "sco": 71,
          "dco": 430,
          "txt": "Nice"
        },
        {
          "si": 6,
          "sti": 14,
          "dti": 91,
          "sco": 75,
          "dco": 434,
          "txt": "."
        },
        {
          "si": 7,
          "sti": 0,
          "dti": 92,
          "sco": 0,
          "dco": 436,
          "txt": "Crivelli"
        },
        {
          "si": 7,
          "sti": 1,
          "dti": 93,
          "sco": 9,
          "dco": 445,
          "txt": "signed"
        },
        {
          "si": 7,
          "sti": 2,
          "dti": 94,
          "sco": 16,
          "dco": 452,
          "txt": "his"
        },
        {
          "si": 7,
          "sti": 3,
          "dti": 95,
          "sco": 20,
          "dco": 456,
          "txt": "first"
        },
        {
          "si": 7,
          "sti": 4,
          "dti": 96,
          "sco": 26,
          "dco": 462,
          "txt": "professional"
        },
        {
          "si": 7,
          "sti": 5,
          "dti": 97,
          "sco": 39,
          "dco": 475,
          "txt": "contract"
        },
        {
          "si": 7,
          "sti": 6,
          "dti": 98,
          "sco": 48,
          "dco": 484,
          "txt": "with"
        },
        {
          "si": 7,
          "sti": 7,
          "dti": 99,
          "sco": 53,
          "dco": 489,
          "txt": "Bordeaux"
        },
        {
          "si": 7,
          "sti": 8,
          "dti": 100,
          "sco": 62,
          "dco": 498,
          "txt": "on"
        },
        {
          "si": 7,
          "sti": 9,
          "dti": 101,
          "sco": 65,
          "dco": 501,
          "txt": "May"
        },
        {
          "si": 7,
          "sti": 10,
          "dti": 102,
          "sco": 69,
          "dco": 505,
          "txt": "2015"
        },
        {
          "si": 7,
          "sti": 11,
          "dti": 103,
          "sco": 73,
          "dco": 509,
          "txt": "."
        },
        {
          "si": 8,
          "sti": 0,
          "dti": 104,
          "sco": 0,
          "dco": 511,
          "txt": "Just"
        },
        {
          "si": 8,
          "sti": 1,
          "dti": 105,
          "sco": 5,
          "dco": 516,
          "txt": "days"
        },
        {
          "si": 8,
          "sti": 2,
          "dti": 106,
          "sco": 10,
          "dco": 521,
          "txt": "after"
        },
        {
          "si": 8,
          "sti": 3,
          "dti": 107,
          "sco": 16,
          "dco": 527,
          "txt": "signing"
        },
        {
          "si": 8,
          "sti": 4,
          "dti": 108,
          "sco": 24,
          "dco": 535,
          "txt": "the"
        },
        {
          "si": 8,
          "sti": 5,
          "dti": 109,
          "sco": 28,
          "dco": 539,
          "txt": "contract"
        },
        {
          "si": 8,
          "sti": 6,
          "dti": 110,
          "sco": 36,
          "dco": 547,
          "txt": ","
        },
        {
          "si": 8,
          "sti": 7,
          "dti": 111,
          "sco": 38,
          "dco": 549,
          "txt": "he"
        },
        {
          "si": 8,
          "sti": 8,
          "dti": 112,
          "sco": 41,
          "dco": 552,
          "txt": "scored"
        },
        {
          "si": 8,
          "sti": 9,
          "dti": 113,
          "sco": 48,
          "dco": 559,
          "txt": "his"
        },
        {
          "si": 8,
          "sti": 10,
          "dti": 114,
          "sco": 52,
          "dco": 563,
          "txt": "first"
        },
        {
          "si": 8,
          "sti": 11,
          "dti": 115,
          "sco": 58,
          "dco": 569,
          "txt": "league"
        },
        {
          "si": 8,
          "sti": 12,
          "dti": 116,
          "sco": 65,
          "dco": 576,
          "txt": "goal"
        },
        {
          "si": 8,
          "sti": 13,
          "dti": 117,
          "sco": 70,
          "dco": 581,
          "txt": "for"
        },
        {
          "si": 8,
          "sti": 14,
          "dti": 118,
          "sco": 74,
          "dco": 585,
          "txt": "\""
        },
        {
          "si": 8,
          "sti": 15,
          "dti": 119,
          "sco": 75,
          "dco": 586,
          "txt": "Les"
        },
        {
          "si": 8,
          "sti": 16,
          "dti": 120,
          "sco": 79,
          "dco": 590,
          "txt": "Girondins"
        },
        {
          "si": 8,
          "sti": 17,
          "dti": 121,
          "sco": 88,
          "dco": 599,
          "txt": "\""
        },
        {
          "si": 8,
          "sti": 18,
          "dti": 122,
          "sco": 90,
          "dco": 601,
          "txt": "in"
        },
        {
          "si": 8,
          "sti": 19,
          "dti": 123,
          "sco": 93,
          "dco": 604,
          "txt": "a"
        },
        {
          "si": 8,
          "sti": 20,
          "dti": 124,
          "sco": 95,
          "dco": 606,
          "txt": "1"
        },
        {
          "si": 8,
          "sti": 21,
          "dti": 125,
          "sco": 96,
          "dco": 607,
          "txt": "-"
        },
        {
          "si": 8,
          "sti": 22,
          "dti": 126,
          "sco": 97,
          "dco": 608,
          "txt": "1"
        },
        {
          "si": 8,
          "sti": 23,
          "dti": 127,
          "sco": 99,
          "dco": 610,
          "txt": "draw"
        },
        {
          "si": 8,
          "sti": 24,
          "dti": 128,
          "sco": 104,
          "dco": 615,
          "txt": "with"
        },
        {
          "si": 8,
          "sti": 25,
          "dti": 129,
          "sco": 109,
          "dco": 620,
          "txt": "Olympique"
        },
        {
          "si": 8,
          "sti": 26,
          "dti": 130,
          "sco": 119,
          "dco": 630,
          "txt": "Lyonnais"
        },
        {
          "si": 8,
          "sti": 27,
          "dti": 131,
          "sco": 127,
          "dco": 638,
          "txt": "."
        }
      ]
    },
    "ganns": {
      "dla": [],
      "la": [],
      "ea": [],
      "eta": [
        {
          "ra": {
            "ea": {
              "etn": "Enzo_Crivelli"
            }
          },
          "sfs": [
            [
              {
                "stn": "birthYear"
              },
              {
                "dla": {
                  "txt": {
                    "sff": "1995"
                  },
                  "et": {
                    "etn": "BirthYear"
                  },
                  "dp": {
                    "off": 46
                  }
                }
              }
            ],
            [
              {
                "stn": "deathYear"
              },
              {}
            ]
          ],
          "mfs": [
            [
              {
                "stn": "position"
              },
              {
                "dla": [],
                "la": [],
                "ea": [
                  {
                    "etn": "Forward_(association_football)"
                  }
                ],
                "eta": []
              }
            ],
            [
              {
                "stn": "team"
              },
              {
                "dla": [],
                "la": [],
                "ea": [
                  {
                    "etn": "FC_Girondins_de_Bordeaux"
                  }
                ],
                "eta": []
              }
            ],
            [
              {
                "stn": "birthPlace"
              },
              {
                "dla": [],
                "la": [],
                "ea": [
                  {
                    "etn": "Rouen"
                  },
                  {
                    "etn": "France"
                  }
                ],
                "eta": []
              }
            ]
          ]
        }
      ]
    }
  }
]
