[
  {
    "context": "TRAIN",
    "doc": {
      "id": "Erich_Schanko",
      "tl": [
        {
          "si": 0,
          "sti": 0,
          "dti": 0,
          "sco": 0,
          "dco": 0,
          "txt": "Erich"
        },
        {
          "si": 0,
          "sti": 1,
          "dti": 1,
          "sco": 6,
          "dco": 6,
          "txt": "Schanko"
        },
        {
          "si": 0,
          "sti": 2,
          "dti": 2,
          "sco": 13,
          "dco": 13,
          "txt": "."
        },
        {
          "si": 1,
          "sti": 0,
          "dti": 3,
          "sco": 0,
          "dco": 15,
          "txt": "Erich"
        },
        {
          "si": 1,
          "sti": 1,
          "dti": 4,
          "sco": 6,
          "dco": 21,
          "txt": "Schanko"
        },
        {
          "si": 1,
          "sti": 2,
          "dti": 5,
          "sco": 14,
          "dco": 29,
          "txt": "("
        },
        {
          "si": 1,
          "sti": 3,
          "dti": 6,
          "sco": 15,
          "dco": 30,
          "txt": "4"
        },
        {
          "si": 1,
          "sti": 4,
          "dti": 7,
          "sco": 17,
          "dco": 32,
          "txt": "October"
        },
        {
          "si": 1,
          "sti": 5,
          "dti": 8,
          "sco": 25,
          "dco": 40,
          "txt": "1919"
        },
        {
          "si": 1,
          "sti": 6,
          "dti": 9,
          "sco": 30,
          "dco": 45,
          "txt": "–"
        },
        {
          "si": 1,
          "sti": 7,
          "dti": 10,
          "sco": 32,
          "dco": 47,
          "txt": "14"
        },
        {
          "si": 1,
          "sti": 8,
          "dti": 11,
          "sco": 35,
          "dco": 50,
          "txt": "November"
        },
        {
          "si": 1,
          "sti": 9,
          "dti": 12,
          "sco": 44,
          "dco": 59,
          "txt": "2005"
        },
        {
          "si": 1,
          "sti": 10,
          "dti": 13,
          "sco": 48,
          "dco": 63,
          "txt": ")"
        },
        {
          "si": 1,
          "sti": 11,
          "dti": 14,
          "sco": 50,
          "dco": 65,
          "txt": "was"
        },
        {
          "si": 1,
          "sti": 12,
          "dti": 15,
          "sco": 54,
          "dco": 69,
          "txt": "a"
        },
        {
          "si": 1,
          "sti": 13,
          "dti": 16,
          "sco": 56,
          "dco": 71,
          "txt": "German"
        },
        {
          "si": 1,
          "sti": 14,
          "dti": 17,
          "sco": 63,
          "dco": 78,
          "txt": "international"
        },
        {
          "si": 1,
          "sti": 15,
          "dti": 18,
          "sco": 77,
          "dco": 92,
          "txt": "footballer"
        },
        {
          "si": 1,
          "sti": 16,
          "dti": 19,
          "sco": 88,
          "dco": 103,
          "txt": "who"
        },
        {
          "si": 1,
          "sti": 17,
          "dti": 20,
          "sco": 92,
          "dco": 107,
          "txt": "played"
        },
        {
          "si": 1,
          "sti": 18,
          "dti": 21,
          "sco": 99,
          "dco": 114,
          "txt": "as"
        },
        {
          "si": 1,
          "sti": 19,
          "dti": 22,
          "sco": 102,
          "dco": 117,
          "txt": "a"
        },
        {
          "si": 1,
          "sti": 20,
          "dti": 23,
          "sco": 104,
          "dco": 119,
          "txt": "forward"
        },
        {
          "si": 1,
          "sti": 21,
          "dti": 24,
          "sco": 112,
          "dco": 127,
          "txt": "for"
        },
        {
          "si": 1,
          "sti": 22,
          "dti": 25,
          "sco": 116,
          "dco": 131,
          "txt": "Borussia"
        },
        {
          "si": 1,
          "sti": 23,
          "dti": 26,
          "sco": 125,
          "dco": 140,
          "txt": "Dortmund"
        },
        {
          "si": 1,
          "sti": 24,
          "dti": 27,
          "sco": 133,
          "dco": 148,
          "txt": "."
        }
      ]
    },
    "ganns": {
      "dla": [],
      "la": [],
      "ea": [],
      "eta": [
        {
          "ra": {
            "ea": {
              "etn": "Erich_Schanko"
            }
          },
          "sfs": [
            [
              {
                "stn": "birthYear"
              },
              {
                "dla": {
                  "txt": {
                    "sff": "1919"
                  },
                  "et": {
                    "etn": "BirthYear"
                  },
                  "dp": {
                    "off": 40
                  }
                }
              }
            ],
            [
              {
                "stn": "deathYear"
              },
              {
                "dla": {
                  "txt": {
                    "sff": "2005"
                  },
                  "et": {
                    "etn": "DeathYear"
                  },
                  "dp": {
                    "off": 59
                  }
                }
              }
            ]
          ],
          "mfs": [
            [
              {
                "stn": "position"
              },
              {
                "dla": [],
                "la": [],
                "ea": [
                  {
                    "etn": "Forward_(association_football)"
                  }
                ],
                "eta": []
              }
            ],
            [
              {
                "stn": "team"
              },
              {
                "dla": [],
                "la": [],
                "ea": [
                  {
                    "etn": "Borussia_Dortmund"
                  }
                ],
                "eta": []
              }
            ],
            [
              {
                "stn": "birthPlace"
              },
              {
                "dla": [],
                "la": [],
                "ea": [
                  {
                    "etn": "Germany"
                  }
                ],
                "eta": []
              }
            ]
          ]
        }
      ]
    }
  }
]
