[
  {
    "context": "TRAIN",
    "doc": {
      "id": "Erjon_Dushku",
      "tl": [
        {
          "si": 0,
          "sti": 0,
          "dti": 0,
          "sco": 0,
          "dco": 0,
          "txt": "Erjon"
        },
        {
          "si": 0,
          "sti": 1,
          "dti": 1,
          "sco": 6,
          "dco": 6,
          "txt": "Dushku"
        },
        {
          "si": 0,
          "sti": 2,
          "dti": 2,
          "sco": 12,
          "dco": 12,
          "txt": "."
        },
        {
          "si": 1,
          "sti": 0,
          "dti": 3,
          "sco": 0,
          "dco": 14,
          "txt": "Erjon"
        },
        {
          "si": 1,
          "sti": 1,
          "dti": 4,
          "sco": 6,
          "dco": 20,
          "txt": "Dushku"
        },
        {
          "si": 1,
          "sti": 2,
          "dti": 5,
          "sco": 13,
          "dco": 27,
          "txt": "("
        },
        {
          "si": 1,
          "sti": 3,
          "dti": 6,
          "sco": 14,
          "dco": 28,
          "txt": "born"
        },
        {
          "si": 1,
          "sti": 4,
          "dti": 7,
          "sco": 19,
          "dco": 33,
          "txt": "25"
        },
        {
          "si": 1,
          "sti": 5,
          "dti": 8,
          "sco": 22,
          "dco": 36,
          "txt": "February"
        },
        {
          "si": 1,
          "sti": 6,
          "dti": 9,
          "sco": 31,
          "dco": 45,
          "txt": "1985"
        },
        {
          "si": 1,
          "sti": 7,
          "dti": 10,
          "sco": 35,
          "dco": 49,
          "txt": ")"
        },
        {
          "si": 1,
          "sti": 8,
          "dti": 11,
          "sco": 37,
          "dco": 51,
          "txt": "is"
        },
        {
          "si": 1,
          "sti": 9,
          "dti": 12,
          "sco": 40,
          "dco": 54,
          "txt": "an"
        },
        {
          "si": 1,
          "sti": 10,
          "dti": 13,
          "sco": 43,
          "dco": 57,
          "txt": "Albanian"
        },
        {
          "si": 1,
          "sti": 11,
          "dti": 14,
          "sco": 52,
          "dco": 66,
          "txt": "footballer"
        },
        {
          "si": 1,
          "sti": 12,
          "dti": 15,
          "sco": 63,
          "dco": 77,
          "txt": "who"
        },
        {
          "si": 1,
          "sti": 13,
          "dti": 16,
          "sco": 67,
          "dco": 81,
          "txt": "plays"
        },
        {
          "si": 1,
          "sti": 14,
          "dti": 17,
          "sco": 73,
          "dco": 87,
          "txt": "with"
        },
        {
          "si": 1,
          "sti": 15,
          "dti": 18,
          "sco": 78,
          "dco": 92,
          "txt": "Albanian"
        },
        {
          "si": 1,
          "sti": 16,
          "dti": 19,
          "sco": 87,
          "dco": 101,
          "txt": "club"
        },
        {
          "si": 1,
          "sti": 17,
          "dti": 20,
          "sco": 92,
          "dco": 106,
          "txt": "in"
        },
        {
          "si": 1,
          "sti": 18,
          "dti": 21,
          "sco": 95,
          "dco": 109,
          "txt": "Albanian"
        },
        {
          "si": 1,
          "sti": 19,
          "dti": 22,
          "sco": 104,
          "dco": 118,
          "txt": "Superliga"
        },
        {
          "si": 1,
          "sti": 20,
          "dti": 23,
          "sco": 114,
          "dco": 128,
          "txt": "as"
        },
        {
          "si": 1,
          "sti": 21,
          "dti": 24,
          "sco": 117,
          "dco": 131,
          "txt": "a"
        },
        {
          "si": 1,
          "sti": 22,
          "dti": 25,
          "sco": 119,
          "dco": 133,
          "txt": "Central"
        },
        {
          "si": 1,
          "sti": 23,
          "dti": 26,
          "sco": 127,
          "dco": 141,
          "txt": "Defender"
        },
        {
          "si": 1,
          "sti": 24,
          "dti": 27,
          "sco": 135,
          "dco": 149,
          "txt": "."
        },
        {
          "si": 2,
          "sti": 0,
          "dti": 28,
          "sco": 0,
          "dco": 151,
          "txt": "He"
        },
        {
          "si": 2,
          "sti": 1,
          "dti": 29,
          "sco": 3,
          "dco": 154,
          "txt": "has"
        },
        {
          "si": 2,
          "sti": 2,
          "dti": 30,
          "sco": 7,
          "dco": 158,
          "txt": "represented"
        },
        {
          "si": 2,
          "sti": 3,
          "dti": 31,
          "sco": 19,
          "dco": 170,
          "txt": "Albania"
        },
        {
          "si": 2,
          "sti": 4,
          "dti": 32,
          "sco": 27,
          "dco": 178,
          "txt": "U"
        },
        {
          "si": 2,
          "sti": 5,
          "dti": 33,
          "sco": 28,
          "dco": 179,
          "txt": "17"
        },
        {
          "si": 2,
          "sti": 6,
          "dti": 34,
          "sco": 30,
          "dco": 181,
          "txt": ","
        },
        {
          "si": 2,
          "sti": 7,
          "dti": 35,
          "sco": 32,
          "dco": 183,
          "txt": "U"
        },
        {
          "si": 2,
          "sti": 8,
          "dti": 36,
          "sco": 33,
          "dco": 184,
          "txt": "19"
        },
        {
          "si": 2,
          "sti": 9,
          "dti": 37,
          "sco": 36,
          "dco": 187,
          "txt": "and"
        },
        {
          "si": 2,
          "sti": 10,
          "dti": 38,
          "sco": 40,
          "dco": 191,
          "txt": "U"
        },
        {
          "si": 2,
          "sti": 11,
          "dti": 39,
          "sco": 41,
          "dco": 192,
          "txt": "21"
        },
        {
          "si": 2,
          "sti": 12,
          "dti": 40,
          "sco": 43,
          "dco": 194,
          "txt": "."
        },
        {
          "si": 3,
          "sti": 0,
          "dti": 41,
          "sco": 0,
          "dco": 196,
          "txt": "Career"
        },
        {
          "si": 3,
          "sti": 1,
          "dti": 42,
          "sco": 6,
          "dco": 202,
          "txt": "."
        },
        {
          "si": 4,
          "sti": 0,
          "dti": 43,
          "sco": 0,
          "dco": 204,
          "txt": "The"
        },
        {
          "si": 4,
          "sti": 1,
          "dti": 44,
          "sco": 4,
          "dco": 208,
          "txt": "Albanian"
        },
        {
          "si": 4,
          "sti": 2,
          "dti": 45,
          "sco": 13,
          "dco": 217,
          "txt": "media"
        },
        {
          "si": 4,
          "sti": 3,
          "dti": 46,
          "sco": 19,
          "dco": 223,
          "txt": "has"
        },
        {
          "si": 4,
          "sti": 4,
          "dti": 47,
          "sco": 23,
          "dco": 227,
          "txt": "speculated"
        },
        {
          "si": 4,
          "sti": 5,
          "dti": 48,
          "sco": 34,
          "dco": 238,
          "txt": "in"
        },
        {
          "si": 4,
          "sti": 6,
          "dti": 49,
          "sco": 37,
          "dco": 241,
          "txt": "2013"
        },
        {
          "si": 4,
          "sti": 7,
          "dti": 50,
          "sco": 42,
          "dco": 246,
          "txt": "about"
        },
        {
          "si": 4,
          "sti": 8,
          "dti": 51,
          "sco": 48,
          "dco": 252,
          "txt": "an"
        },
        {
          "si": 4,
          "sti": 9,
          "dti": 52,
          "sco": 51,
          "dco": 255,
          "txt": "offer"
        },
        {
          "si": 4,
          "sti": 10,
          "dti": 53,
          "sco": 57,
          "dco": 261,
          "txt": "to"
        },
        {
          "si": 4,
          "sti": 11,
          "dti": 54,
          "sco": 60,
          "dco": 264,
          "txt": "Dushku"
        },
        {
          "si": 4,
          "sti": 12,
          "dti": 55,
          "sco": 67,
          "dco": 271,
          "txt": "from"
        },
        {
          "si": 4,
          "sti": 13,
          "dti": 56,
          "sco": 72,
          "dco": 276,
          "txt": "Kas"
        },
        {
          "si": 4,
          "sti": 14,
          "dti": 57,
          "sco": 75,
          "dco": 279,
          "txt": "ı"
        },
        {
          "si": 4,
          "sti": 15,
          "dti": 58,
          "sco": 76,
          "dco": 280,
          "txt": "mpa"
        },
        {
          "si": 4,
          "sti": 16,
          "dti": 59,
          "sco": 79,
          "dco": 283,
          "txt": "ş"
        },
        {
          "si": 4,
          "sti": 17,
          "dti": 60,
          "sco": 80,
          "dco": 284,
          "txt": "a"
        },
        {
          "si": 4,
          "sti": 18,
          "dti": 61,
          "sco": 82,
          "dco": 286,
          "txt": "Spor"
        },
        {
          "si": 4,
          "sti": 19,
          "dti": 62,
          "sco": 87,
          "dco": 291,
          "txt": "Kul"
        },
        {
          "si": 4,
          "sti": 20,
          "dti": 63,
          "sco": 90,
          "dco": 294,
          "txt": "ü"
        },
        {
          "si": 4,
          "sti": 21,
          "dti": 64,
          "sco": 91,
          "dco": 295,
          "txt": "b"
        },
        {
          "si": 4,
          "sti": 22,
          "dti": 65,
          "sco": 92,
          "dco": 296,
          "txt": "ü"
        },
        {
          "si": 4,
          "sti": 23,
          "dti": 66,
          "sco": 93,
          "dco": 297,
          "txt": ","
        },
        {
          "si": 4,
          "sti": 24,
          "dti": 67,
          "sco": 95,
          "dco": 299,
          "txt": "a"
        },
        {
          "si": 4,
          "sti": 25,
          "dti": 68,
          "sco": 97,
          "dco": 301,
          "txt": "Turkish"
        },
        {
          "si": 4,
          "sti": 26,
          "dti": 69,
          "sco": 105,
          "dco": 309,
          "txt": "club"
        },
        {
          "si": 4,
          "sti": 27,
          "dti": 70,
          "sco": 110,
          "dco": 314,
          "txt": "that"
        },
        {
          "si": 4,
          "sti": 28,
          "dti": 71,
          "sco": 115,
          "dco": 319,
          "txt": "plays"
        },
        {
          "si": 4,
          "sti": 29,
          "dti": 72,
          "sco": 121,
          "dco": 325,
          "txt": "in"
        },
        {
          "si": 4,
          "sti": 30,
          "dti": 73,
          "sco": 124,
          "dco": 328,
          "txt": "the"
        },
        {
          "si": 4,
          "sti": 31,
          "dti": 74,
          "sco": 128,
          "dco": 332,
          "txt": "S"
        },
        {
          "si": 4,
          "sti": 32,
          "dti": 75,
          "sco": 129,
          "dco": 333,
          "txt": "ü"
        },
        {
          "si": 4,
          "sti": 33,
          "dti": 76,
          "sco": 130,
          "dco": 334,
          "txt": "per"
        },
        {
          "si": 4,
          "sti": 34,
          "dti": 77,
          "sco": 134,
          "dco": 338,
          "txt": "Lig"
        },
        {
          "si": 4,
          "sti": 35,
          "dti": 78,
          "sco": 137,
          "dco": 341,
          "txt": "."
        },
        {
          "si": 5,
          "sti": 0,
          "dti": 79,
          "sco": 0,
          "dco": 343,
          "txt": "At"
        },
        {
          "si": 5,
          "sti": 1,
          "dti": 80,
          "sco": 3,
          "dco": 346,
          "txt": "the"
        },
        {
          "si": 5,
          "sti": 2,
          "dti": 81,
          "sco": 7,
          "dco": 350,
          "txt": "end"
        },
        {
          "si": 5,
          "sti": 3,
          "dti": 82,
          "sco": 11,
          "dco": 354,
          "txt": "of"
        },
        {
          "si": 5,
          "sti": 4,
          "dti": 83,
          "sco": 14,
          "dco": 357,
          "txt": "the"
        },
        {
          "si": 5,
          "sti": 5,
          "dti": 84,
          "sco": 18,
          "dco": 361,
          "txt": "2014"
        },
        {
          "si": 5,
          "sti": 6,
          "dti": 85,
          "sco": 22,
          "dco": 365,
          "txt": "–"
        },
        {
          "si": 5,
          "sti": 7,
          "dti": 86,
          "sco": 23,
          "dco": 366,
          "txt": "15"
        },
        {
          "si": 5,
          "sti": 8,
          "dti": 87,
          "sco": 26,
          "dco": 369,
          "txt": "he"
        },
        {
          "si": 5,
          "sti": 9,
          "dti": 88,
          "sco": 29,
          "dco": 372,
          "txt": "left"
        },
        {
          "si": 5,
          "sti": 10,
          "dti": 89,
          "sco": 34,
          "dco": 377,
          "txt": "FK"
        },
        {
          "si": 5,
          "sti": 11,
          "dti": 90,
          "sco": 37,
          "dco": 380,
          "txt": "Kuk"
        },
        {
          "si": 5,
          "sti": 12,
          "dti": 91,
          "sco": 40,
          "dco": 383,
          "txt": "ë"
        },
        {
          "si": 5,
          "sti": 13,
          "dti": 92,
          "sco": 41,
          "dco": 384,
          "txt": "si"
        },
        {
          "si": 5,
          "sti": 14,
          "dti": 93,
          "sco": 44,
          "dco": 387,
          "txt": "after"
        },
        {
          "si": 5,
          "sti": 15,
          "dti": 94,
          "sco": 50,
          "dco": 393,
          "txt": "his"
        },
        {
          "si": 5,
          "sti": 16,
          "dti": 95,
          "sco": 54,
          "dco": 397,
          "txt": "one"
        },
        {
          "si": 5,
          "sti": 17,
          "dti": 96,
          "sco": 57,
          "dco": 400,
          "txt": "-"
        },
        {
          "si": 5,
          "sti": 18,
          "dti": 97,
          "sco": 58,
          "dco": 401,
          "txt": "year"
        },
        {
          "si": 5,
          "sti": 19,
          "dti": 98,
          "sco": 63,
          "dco": 406,
          "txt": "contract"
        },
        {
          "si": 5,
          "sti": 20,
          "dti": 99,
          "sco": 72,
          "dco": 415,
          "txt": "with"
        },
        {
          "si": 5,
          "sti": 21,
          "dti": 100,
          "sco": 77,
          "dco": 420,
          "txt": "the"
        },
        {
          "si": 5,
          "sti": 22,
          "dti": 101,
          "sco": 81,
          "dco": 424,
          "txt": "club"
        },
        {
          "si": 5,
          "sti": 23,
          "dti": 102,
          "sco": 86,
          "dco": 429,
          "txt": "had"
        },
        {
          "si": 5,
          "sti": 24,
          "dti": 103,
          "sco": 90,
          "dco": 433,
          "txt": "expired"
        },
        {
          "si": 5,
          "sti": 25,
          "dti": 104,
          "sco": 97,
          "dco": 440,
          "txt": "."
        },
        {
          "si": 6,
          "sti": 0,
          "dti": 105,
          "sco": 0,
          "dco": 442,
          "txt": "International"
        },
        {
          "si": 6,
          "sti": 1,
          "dti": 106,
          "sco": 14,
          "dco": 456,
          "txt": "career"
        },
        {
          "si": 6,
          "sti": 2,
          "dti": 107,
          "sco": 20,
          "dco": 462,
          "txt": "."
        },
        {
          "si": 7,
          "sti": 0,
          "dti": 108,
          "sco": 0,
          "dco": 464,
          "txt": "Dushku"
        },
        {
          "si": 7,
          "sti": 1,
          "dti": 109,
          "sco": 7,
          "dco": 471,
          "txt": "has"
        },
        {
          "si": 7,
          "sti": 2,
          "dti": 110,
          "sco": 11,
          "dco": 475,
          "txt": "been"
        },
        {
          "si": 7,
          "sti": 3,
          "dti": 111,
          "sco": 16,
          "dco": 480,
          "txt": "a"
        },
        {
          "si": 7,
          "sti": 4,
          "dti": 112,
          "sco": 18,
          "dco": 482,
          "txt": "former"
        },
        {
          "si": 7,
          "sti": 5,
          "dti": 113,
          "sco": 25,
          "dco": 489,
          "txt": "youth"
        },
        {
          "si": 7,
          "sti": 6,
          "dti": 114,
          "sco": 31,
          "dco": 495,
          "txt": "player"
        },
        {
          "si": 7,
          "sti": 7,
          "dti": 115,
          "sco": 38,
          "dco": 502,
          "txt": "of"
        },
        {
          "si": 7,
          "sti": 8,
          "dti": 116,
          "sco": 41,
          "dco": 505,
          "txt": "Albania"
        },
        {
          "si": 7,
          "sti": 9,
          "dti": 117,
          "sco": 49,
          "dco": 513,
          "txt": "national"
        },
        {
          "si": 7,
          "sti": 10,
          "dti": 118,
          "sco": 58,
          "dco": 522,
          "txt": "team"
        },
        {
          "si": 7,
          "sti": 11,
          "dti": 119,
          "sco": 62,
          "dco": 526,
          "txt": ","
        },
        {
          "si": 7,
          "sti": 12,
          "dti": 120,
          "sco": 64,
          "dco": 528,
          "txt": "collecting"
        },
        {
          "si": 7,
          "sti": 13,
          "dti": 121,
          "sco": 75,
          "dco": 539,
          "txt": "four"
        },
        {
          "si": 7,
          "sti": 14,
          "dti": 122,
          "sco": 80,
          "dco": 544,
          "txt": "appearances"
        },
        {
          "si": 7,
          "sti": 15,
          "dti": 123,
          "sco": 92,
          "dco": 556,
          "txt": "with"
        },
        {
          "si": 7,
          "sti": 16,
          "dti": 124,
          "sco": 97,
          "dco": 561,
          "txt": "Albania"
        },
        {
          "si": 7,
          "sti": 17,
          "dti": 125,
          "sco": 105,
          "dco": 569,
          "txt": "U"
        },
        {
          "si": 7,
          "sti": 18,
          "dti": 126,
          "sco": 106,
          "dco": 570,
          "txt": "21"
        },
        {
          "si": 7,
          "sti": 19,
          "dti": 127,
          "sco": 109,
          "dco": 573,
          "txt": "during"
        },
        {
          "si": 7,
          "sti": 20,
          "dti": 128,
          "sco": 116,
          "dco": 580,
          "txt": "2005"
        },
        {
          "si": 7,
          "sti": 21,
          "dti": 129,
          "sco": 120,
          "dco": 584,
          "txt": "–"
        },
        {
          "si": 7,
          "sti": 22,
          "dti": 130,
          "sco": 121,
          "dco": 585,
          "txt": "06"
        },
        {
          "si": 7,
          "sti": 23,
          "dti": 131,
          "sco": 123,
          "dco": 587,
          "txt": "."
        }
      ]
    },
    "ganns": {
      "dla": [],
      "la": [],
      "ea": [],
      "eta": [
        {
          "ra": {
            "ea": {
              "etn": "Erjon_Dushku"
            }
          },
          "sfs": [
            [
              {
                "stn": "birthYear"
              },
              {
                "dla": {
                  "txt": {
                    "sff": "1985"
                  },
                  "et": {
                    "etn": "BirthYear"
                  },
                  "dp": {
                    "off": 45
                  }
                }
              }
            ],
            [
              {
                "stn": "deathYear"
              },
              {}
            ]
          ],
          "mfs": [
            [
              {
                "stn": "position"
              },
              {
                "dla": [],
                "la": [],
                "ea": [
                  {
                    "etn": "Defender_(association_football)"
                  }
                ],
                "eta": []
              }
            ],
            [
              {
                "stn": "team"
              },
              {
                "dla": [],
                "la": [],
                "ea": [
                  {
                    "etn": "Albania_national_under-21_football_team"
                  }
                ],
                "eta": []
              }
            ],
            [
              {
                "stn": "birthPlace"
              },
              {
                "dla": [],
                "la": [],
                "ea": [
                  {
                    "etn": "Albania"
                  }
                ],
                "eta": []
              }
            ]
          ]
        }
      ]
    }
  }
]
