[
  {
    "context": "DEVELOPMENT",
    "doc": {
      "id": "Euan_Murray_(footballer)",
      "tl": [
        {
          "si": 0,
          "sti": 0,
          "dti": 0,
          "sco": 0,
          "dco": 0,
          "txt": "Euan"
        },
        {
          "si": 0,
          "sti": 1,
          "dti": 1,
          "sco": 5,
          "dco": 5,
          "txt": "Murray"
        },
        {
          "si": 0,
          "sti": 2,
          "dti": 2,
          "sco": 12,
          "dco": 12,
          "txt": "("
        },
        {
          "si": 0,
          "sti": 3,
          "dti": 3,
          "sco": 13,
          "dco": 13,
          "txt": "footballer"
        },
        {
          "si": 0,
          "sti": 4,
          "dti": 4,
          "sco": 23,
          "dco": 23,
          "txt": ")"
        },
        {
          "si": 0,
          "sti": 5,
          "dti": 5,
          "sco": 24,
          "dco": 24,
          "txt": "."
        },
        {
          "si": 1,
          "sti": 0,
          "dti": 6,
          "sco": 0,
          "dco": 26,
          "txt": "Euan"
        },
        {
          "si": 1,
          "sti": 1,
          "dti": 7,
          "sco": 5,
          "dco": 31,
          "txt": "Murray"
        },
        {
          "si": 1,
          "sti": 2,
          "dti": 8,
          "sco": 12,
          "dco": 38,
          "txt": "("
        },
        {
          "si": 1,
          "sti": 3,
          "dti": 9,
          "sco": 13,
          "dco": 39,
          "txt": "born"
        },
        {
          "si": 1,
          "sti": 4,
          "dti": 10,
          "sco": 18,
          "dco": 44,
          "txt": "20"
        },
        {
          "si": 1,
          "sti": 5,
          "dti": 11,
          "sco": 21,
          "dco": 47,
          "txt": "January"
        },
        {
          "si": 1,
          "sti": 6,
          "dti": 12,
          "sco": 29,
          "dco": 55,
          "txt": "1994"
        },
        {
          "si": 1,
          "sti": 7,
          "dti": 13,
          "sco": 33,
          "dco": 59,
          "txt": ")"
        },
        {
          "si": 1,
          "sti": 8,
          "dti": 14,
          "sco": 35,
          "dco": 61,
          "txt": "is"
        },
        {
          "si": 1,
          "sti": 9,
          "dti": 15,
          "sco": 38,
          "dco": 64,
          "txt": "a"
        },
        {
          "si": 1,
          "sti": 10,
          "dti": 16,
          "sco": 40,
          "dco": 66,
          "txt": "Scottish"
        },
        {
          "si": 1,
          "sti": 11,
          "dti": 17,
          "sco": 49,
          "dco": 75,
          "txt": "footballer"
        },
        {
          "si": 1,
          "sti": 12,
          "dti": 18,
          "sco": 60,
          "dco": 86,
          "txt": "who"
        },
        {
          "si": 1,
          "sti": 13,
          "dti": 19,
          "sco": 64,
          "dco": 90,
          "txt": "plays"
        },
        {
          "si": 1,
          "sti": 14,
          "dti": 20,
          "sco": 70,
          "dco": 96,
          "txt": "as"
        },
        {
          "si": 1,
          "sti": 15,
          "dti": 21,
          "sco": 73,
          "dco": 99,
          "txt": "a"
        },
        {
          "si": 1,
          "sti": 16,
          "dti": 22,
          "sco": 75,
          "dco": 101,
          "txt": "defender"
        },
        {
          "si": 1,
          "sti": 17,
          "dti": 23,
          "sco": 84,
          "dco": 110,
          "txt": "for"
        },
        {
          "si": 1,
          "sti": 18,
          "dti": 24,
          "sco": 88,
          "dco": 114,
          "txt": "Stenhousemuir"
        },
        {
          "si": 1,
          "sti": 19,
          "dti": 25,
          "sco": 101,
          "dco": 127,
          "txt": "."
        },
        {
          "si": 2,
          "sti": 0,
          "dti": 26,
          "sco": 0,
          "dco": 129,
          "txt": "He"
        },
        {
          "si": 2,
          "sti": 1,
          "dti": 27,
          "sco": 3,
          "dco": 132,
          "txt": "began"
        },
        {
          "si": 2,
          "sti": 2,
          "dti": 28,
          "sco": 9,
          "dco": 138,
          "txt": "his"
        },
        {
          "si": 2,
          "sti": 3,
          "dti": 29,
          "sco": 13,
          "dco": 142,
          "txt": "career"
        },
        {
          "si": 2,
          "sti": 4,
          "dti": 30,
          "sco": 20,
          "dco": 149,
          "txt": "at"
        },
        {
          "si": 2,
          "sti": 5,
          "dti": 31,
          "sco": 23,
          "dco": 152,
          "txt": "Motherwell"
        },
        {
          "si": 2,
          "sti": 6,
          "dti": 32,
          "sco": 34,
          "dco": 163,
          "txt": "and"
        },
        {
          "si": 2,
          "sti": 7,
          "dti": 33,
          "sco": 38,
          "dco": 167,
          "txt": "has"
        },
        {
          "si": 2,
          "sti": 8,
          "dti": 34,
          "sco": 42,
          "dco": 171,
          "txt": "also"
        },
        {
          "si": 2,
          "sti": 9,
          "dti": 35,
          "sco": 47,
          "dco": 176,
          "txt": "played"
        },
        {
          "si": 2,
          "sti": 10,
          "dti": 36,
          "sco": 54,
          "dco": 183,
          "txt": "for"
        },
        {
          "si": 2,
          "sti": 11,
          "dti": 37,
          "sco": 58,
          "dco": 187,
          "txt": "Arbroath"
        },
        {
          "si": 2,
          "sti": 12,
          "dti": 38,
          "sco": 67,
          "dco": 196,
          "txt": "and"
        },
        {
          "si": 2,
          "sti": 13,
          "dti": 39,
          "sco": 71,
          "dco": 200,
          "txt": "Clyde"
        },
        {
          "si": 2,
          "sti": 14,
          "dti": 40,
          "sco": 77,
          "dco": 206,
          "txt": "and"
        },
        {
          "si": 2,
          "sti": 15,
          "dti": 41,
          "sco": 81,
          "dco": 210,
          "txt": "in"
        },
        {
          "si": 2,
          "sti": 16,
          "dti": 42,
          "sco": 84,
          "dco": 213,
          "txt": "the"
        },
        {
          "si": 2,
          "sti": 17,
          "dti": 43,
          "sco": 88,
          "dco": 217,
          "txt": "Solomon"
        },
        {
          "si": 2,
          "sti": 18,
          "dti": 44,
          "sco": 96,
          "dco": 225,
          "txt": "Islands"
        },
        {
          "si": 2,
          "sti": 19,
          "dti": 45,
          "sco": 104,
          "dco": 233,
          "txt": "for"
        },
        {
          "si": 2,
          "sti": 20,
          "dti": 46,
          "sco": 108,
          "dco": 237,
          "txt": "Western"
        },
        {
          "si": 2,
          "sti": 21,
          "dti": 47,
          "sco": 116,
          "dco": 245,
          "txt": "United"
        },
        {
          "si": 2,
          "sti": 22,
          "dti": 48,
          "sco": 122,
          "dco": 251,
          "txt": "."
        },
        {
          "si": 3,
          "sti": 0,
          "dti": 49,
          "sco": 0,
          "dco": 253,
          "txt": "Career"
        },
        {
          "si": 3,
          "sti": 1,
          "dti": 50,
          "sco": 6,
          "dco": 259,
          "txt": "."
        },
        {
          "si": 4,
          "sti": 0,
          "dti": 51,
          "sco": 0,
          "dco": 261,
          "txt": "Murray"
        },
        {
          "si": 4,
          "sti": 1,
          "dti": 52,
          "sco": 7,
          "dco": 268,
          "txt": "is"
        },
        {
          "si": 4,
          "sti": 2,
          "dti": 53,
          "sco": 10,
          "dco": 271,
          "txt": "a"
        },
        {
          "si": 4,
          "sti": 3,
          "dti": 54,
          "sco": 12,
          "dco": 273,
          "txt": "product"
        },
        {
          "si": 4,
          "sti": 4,
          "dti": 55,
          "sco": 20,
          "dco": 281,
          "txt": "of"
        },
        {
          "si": 4,
          "sti": 5,
          "dti": 56,
          "sco": 23,
          "dco": 284,
          "txt": "the"
        },
        {
          "si": 4,
          "sti": 6,
          "dti": 57,
          "sco": 27,
          "dco": 288,
          "txt": "Motherwell"
        },
        {
          "si": 4,
          "sti": 7,
          "dti": 58,
          "sco": 38,
          "dco": 299,
          "txt": "Academy"
        },
        {
          "si": 4,
          "sti": 8,
          "dti": 59,
          "sco": 45,
          "dco": 306,
          "txt": ","
        },
        {
          "si": 4,
          "sti": 9,
          "dti": 60,
          "sco": 47,
          "dco": 308,
          "txt": "regularly"
        },
        {
          "si": 4,
          "sti": 10,
          "dti": 61,
          "sco": 57,
          "dco": 318,
          "txt": "turning"
        },
        {
          "si": 4,
          "sti": 11,
          "dti": 62,
          "sco": 65,
          "dco": 326,
          "txt": "out"
        },
        {
          "si": 4,
          "sti": 12,
          "dti": 63,
          "sco": 69,
          "dco": 330,
          "txt": "for"
        },
        {
          "si": 4,
          "sti": 13,
          "dti": 64,
          "sco": 73,
          "dco": 334,
          "txt": "their"
        },
        {
          "si": 4,
          "sti": 14,
          "dti": 65,
          "sco": 79,
          "dco": 340,
          "txt": "under"
        },
        {
          "si": 4,
          "sti": 15,
          "dti": 66,
          "sco": 84,
          "dco": 345,
          "txt": "-"
        },
        {
          "si": 4,
          "sti": 16,
          "dti": 67,
          "sco": 85,
          "dco": 346,
          "txt": "20"
        },
        {
          "si": 4,
          "sti": 17,
          "dti": 68,
          "sco": 88,
          "dco": 349,
          "txt": "squad"
        },
        {
          "si": 4,
          "sti": 18,
          "dti": 69,
          "sco": 93,
          "dco": 354,
          "txt": "."
        },
        {
          "si": 5,
          "sti": 0,
          "dti": 70,
          "sco": 0,
          "dco": 356,
          "txt": "On"
        },
        {
          "si": 5,
          "sti": 1,
          "dti": 71,
          "sco": 3,
          "dco": 359,
          "txt": "9"
        },
        {
          "si": 5,
          "sti": 2,
          "dti": 72,
          "sco": 5,
          "dco": 361,
          "txt": "November"
        },
        {
          "si": 5,
          "sti": 3,
          "dti": 73,
          "sco": 14,
          "dco": 370,
          "txt": "2013"
        },
        {
          "si": 5,
          "sti": 4,
          "dti": 74,
          "sco": 18,
          "dco": 374,
          "txt": ","
        },
        {
          "si": 5,
          "sti": 5,
          "dti": 75,
          "sco": 20,
          "dco": 376,
          "txt": "Murray"
        },
        {
          "si": 5,
          "sti": 6,
          "dti": 76,
          "sco": 27,
          "dco": 383,
          "txt": "made"
        },
        {
          "si": 5,
          "sti": 7,
          "dti": 77,
          "sco": 32,
          "dco": 388,
          "txt": "his"
        },
        {
          "si": 5,
          "sti": 8,
          "dti": 78,
          "sco": 36,
          "dco": 392,
          "txt": "debut"
        },
        {
          "si": 5,
          "sti": 9,
          "dti": 79,
          "sco": 42,
          "dco": 398,
          "txt": "for"
        },
        {
          "si": 5,
          "sti": 10,
          "dti": 80,
          "sco": 46,
          "dco": 402,
          "txt": "Motherwell"
        },
        {
          "si": 5,
          "sti": 11,
          "dti": 81,
          "sco": 57,
          "dco": 413,
          "txt": "as"
        },
        {
          "si": 5,
          "sti": 12,
          "dti": 82,
          "sco": 60,
          "dco": 416,
          "txt": "a"
        },
        {
          "si": 5,
          "sti": 13,
          "dti": 83,
          "sco": 62,
          "dco": 418,
          "txt": "substitute"
        },
        {
          "si": 5,
          "sti": 14,
          "dti": 84,
          "sco": 73,
          "dco": 429,
          "txt": "in"
        },
        {
          "si": 5,
          "sti": 15,
          "dti": 85,
          "sco": 76,
          "dco": 432,
          "txt": "a"
        },
        {
          "si": 5,
          "sti": 16,
          "dti": 86,
          "sco": 78,
          "dco": 434,
          "txt": "4"
        },
        {
          "si": 5,
          "sti": 17,
          "dti": 87,
          "sco": 79,
          "dco": 435,
          "txt": "–"
        },
        {
          "si": 5,
          "sti": 18,
          "dti": 88,
          "sco": 80,
          "dco": 436,
          "txt": "0"
        },
        {
          "si": 5,
          "sti": 19,
          "dti": 89,
          "sco": 82,
          "dco": 438,
          "txt": "defeat"
        },
        {
          "si": 5,
          "sti": 20,
          "dti": 90,
          "sco": 89,
          "dco": 445,
          "txt": "against"
        },
        {
          "si": 5,
          "sti": 21,
          "dti": 91,
          "sco": 97,
          "dco": 453,
          "txt": "Dundee"
        },
        {
          "si": 5,
          "sti": 22,
          "dti": 92,
          "sco": 104,
          "dco": 460,
          "txt": "United"
        },
        {
          "si": 5,
          "sti": 23,
          "dti": 93,
          "sco": 110,
          "dco": 466,
          "txt": "."
        },
        {
          "si": 6,
          "sti": 0,
          "dti": 94,
          "sco": 0,
          "dco": 468,
          "txt": "Having"
        },
        {
          "si": 6,
          "sti": 1,
          "dti": 95,
          "sco": 7,
          "dco": 475,
          "txt": "left"
        },
        {
          "si": 6,
          "sti": 2,
          "dti": 96,
          "sco": 12,
          "dco": 480,
          "txt": "Motherwell"
        },
        {
          "si": 6,
          "sti": 3,
          "dti": 97,
          "sco": 23,
          "dco": 491,
          "txt": "at"
        },
        {
          "si": 6,
          "sti": 4,
          "dti": 98,
          "sco": 26,
          "dco": 494,
          "txt": "the"
        },
        {
          "si": 6,
          "sti": 5,
          "dti": 99,
          "sco": 30,
          "dco": 498,
          "txt": "end"
        },
        {
          "si": 6,
          "sti": 6,
          "dti": 100,
          "sco": 34,
          "dco": 502,
          "txt": "of"
        },
        {
          "si": 6,
          "sti": 7,
          "dti": 101,
          "sco": 37,
          "dco": 505,
          "txt": "the"
        },
        {
          "si": 6,
          "sti": 8,
          "dti": 102,
          "sco": 41,
          "dco": 509,
          "txt": "2013"
        },
        {
          "si": 6,
          "sti": 9,
          "dti": 103,
          "sco": 45,
          "dco": 513,
          "txt": "–"
        },
        {
          "si": 6,
          "sti": 10,
          "dti": 104,
          "sco": 46,
          "dco": 514,
          "txt": "14"
        },
        {
          "si": 6,
          "sti": 11,
          "dti": 105,
          "sco": 49,
          "dco": 517,
          "txt": "season"
        },
        {
          "si": 6,
          "sti": 12,
          "dti": 106,
          "sco": 55,
          "dco": 523,
          "txt": ","
        },
        {
          "si": 6,
          "sti": 13,
          "dti": 107,
          "sco": 57,
          "dco": 525,
          "txt": "Murray"
        },
        {
          "si": 6,
          "sti": 14,
          "dti": 108,
          "sco": 64,
          "dco": 532,
          "txt": "played"
        },
        {
          "si": 6,
          "sti": 15,
          "dti": 109,
          "sco": 71,
          "dco": 539,
          "txt": "as"
        },
        {
          "si": 6,
          "sti": 16,
          "dti": 110,
          "sco": 74,
          "dco": 542,
          "txt": "a"
        },
        {
          "si": 6,
          "sti": 17,
          "dti": 111,
          "sco": 76,
          "dco": 544,
          "txt": "trialist"
        },
        {
          "si": 6,
          "sti": 18,
          "dti": 112,
          "sco": 85,
          "dco": 553,
          "txt": "for"
        },
        {
          "si": 6,
          "sti": 19,
          "dti": 113,
          "sco": 89,
          "dco": 557,
          "txt": "Arbroath"
        },
        {
          "si": 6,
          "sti": 20,
          "dti": 114,
          "sco": 98,
          "dco": 566,
          "txt": "against"
        },
        {
          "si": 6,
          "sti": 21,
          "dti": 115,
          "sco": 106,
          "dco": 574,
          "txt": "Berwick"
        },
        {
          "si": 6,
          "sti": 22,
          "dti": 116,
          "sco": 114,
          "dco": 582,
          "txt": "Rangers"
        },
        {
          "si": 6,
          "sti": 23,
          "dti": 117,
          "sco": 122,
          "dco": 590,
          "txt": "on"
        },
        {
          "si": 6,
          "sti": 24,
          "dti": 118,
          "sco": 125,
          "dco": 593,
          "txt": "9"
        },
        {
          "si": 6,
          "sti": 25,
          "dti": 119,
          "sco": 127,
          "dco": 595,
          "txt": "August"
        },
        {
          "si": 6,
          "sti": 26,
          "dti": 120,
          "sco": 134,
          "dco": 602,
          "txt": "2014"
        },
        {
          "si": 6,
          "sti": 27,
          "dti": 121,
          "sco": 138,
          "dco": 606,
          "txt": "."
        },
        {
          "si": 7,
          "sti": 0,
          "dti": 122,
          "sco": 0,
          "dco": 608,
          "txt": "On"
        },
        {
          "si": 7,
          "sti": 1,
          "dti": 123,
          "sco": 3,
          "dco": 611,
          "txt": "19"
        },
        {
          "si": 7,
          "sti": 2,
          "dti": 124,
          "sco": 6,
          "dco": 614,
          "txt": "September"
        },
        {
          "si": 7,
          "sti": 3,
          "dti": 125,
          "sco": 16,
          "dco": 624,
          "txt": "2014"
        },
        {
          "si": 7,
          "sti": 4,
          "dti": 126,
          "sco": 20,
          "dco": 628,
          "txt": ","
        },
        {
          "si": 7,
          "sti": 5,
          "dti": 127,
          "sco": 22,
          "dco": 630,
          "txt": "Murray"
        },
        {
          "si": 7,
          "sti": 6,
          "dti": 128,
          "sco": 29,
          "dco": 637,
          "txt": "signed"
        },
        {
          "si": 7,
          "sti": 7,
          "dti": 129,
          "sco": 36,
          "dco": 644,
          "txt": "for"
        },
        {
          "si": 7,
          "sti": 8,
          "dti": 130,
          "sco": 40,
          "dco": 648,
          "txt": "Scottish"
        },
        {
          "si": 7,
          "sti": 9,
          "dti": 131,
          "sco": 49,
          "dco": 657,
          "txt": "League"
        },
        {
          "si": 7,
          "sti": 10,
          "dti": 132,
          "sco": 56,
          "dco": 664,
          "txt": "Two"
        },
        {
          "si": 7,
          "sti": 11,
          "dti": 133,
          "sco": 60,
          "dco": 668,
          "txt": "club"
        },
        {
          "si": 7,
          "sti": 12,
          "dti": 134,
          "sco": 65,
          "dco": 673,
          "txt": "Clyde"
        },
        {
          "si": 7,
          "sti": 13,
          "dti": 135,
          "sco": 70,
          "dco": 678,
          "txt": "."
        },
        {
          "si": 8,
          "sti": 0,
          "dti": 136,
          "sco": 0,
          "dco": 680,
          "txt": "On"
        },
        {
          "si": 8,
          "sti": 1,
          "dti": 137,
          "sco": 3,
          "dco": 683,
          "txt": "23"
        },
        {
          "si": 8,
          "sti": 2,
          "dti": 138,
          "sco": 6,
          "dco": 686,
          "txt": "December"
        },
        {
          "si": 8,
          "sti": 3,
          "dti": 139,
          "sco": 15,
          "dco": 695,
          "txt": "2014"
        },
        {
          "si": 8,
          "sti": 4,
          "dti": 140,
          "sco": 19,
          "dco": 699,
          "txt": ","
        },
        {
          "si": 8,
          "sti": 5,
          "dti": 141,
          "sco": 21,
          "dco": 701,
          "txt": "he"
        },
        {
          "si": 8,
          "sti": 6,
          "dti": 142,
          "sco": 24,
          "dco": 704,
          "txt": "was"
        },
        {
          "si": 8,
          "sti": 7,
          "dti": 143,
          "sco": 28,
          "dco": 708,
          "txt": "released"
        },
        {
          "si": 8,
          "sti": 8,
          "dti": 144,
          "sco": 37,
          "dco": 717,
          "txt": "by"
        },
        {
          "si": 8,
          "sti": 9,
          "dti": 145,
          "sco": 40,
          "dco": 720,
          "txt": "Clyde"
        },
        {
          "si": 8,
          "sti": 10,
          "dti": 146,
          "sco": 45,
          "dco": 725,
          "txt": "."
        },
        {
          "si": 9,
          "sti": 0,
          "dti": 147,
          "sco": 0,
          "dco": 727,
          "txt": "In"
        },
        {
          "si": 9,
          "sti": 1,
          "dti": 148,
          "sco": 3,
          "dco": 730,
          "txt": "2015"
        },
        {
          "si": 9,
          "sti": 2,
          "dti": 149,
          "sco": 7,
          "dco": 734,
          "txt": ","
        },
        {
          "si": 9,
          "sti": 3,
          "dti": 150,
          "sco": 9,
          "dco": 736,
          "txt": "Murray"
        },
        {
          "si": 9,
          "sti": 4,
          "dti": 151,
          "sco": 16,
          "dco": 743,
          "txt": "signed"
        },
        {
          "si": 9,
          "sti": 5,
          "dti": 152,
          "sco": 23,
          "dco": 750,
          "txt": "for"
        },
        {
          "si": 9,
          "sti": 6,
          "dti": 153,
          "sco": 27,
          "dco": 754,
          "txt": "Western"
        },
        {
          "si": 9,
          "sti": 7,
          "dti": 154,
          "sco": 35,
          "dco": 762,
          "txt": "United"
        },
        {
          "si": 9,
          "sti": 8,
          "dti": 155,
          "sco": 42,
          "dco": 769,
          "txt": "in"
        },
        {
          "si": 9,
          "sti": 9,
          "dti": 156,
          "sco": 45,
          "dco": 772,
          "txt": "the"
        },
        {
          "si": 9,
          "sti": 10,
          "dti": 157,
          "sco": 49,
          "dco": 776,
          "txt": "Solomon"
        },
        {
          "si": 9,
          "sti": 11,
          "dti": 158,
          "sco": 57,
          "dco": 784,
          "txt": "Islands"
        },
        {
          "si": 9,
          "sti": 12,
          "dti": 159,
          "sco": 65,
          "dco": 792,
          "txt": "ahead"
        },
        {
          "si": 9,
          "sti": 13,
          "dti": 160,
          "sco": 71,
          "dco": 798,
          "txt": "of"
        },
        {
          "si": 9,
          "sti": 14,
          "dti": 161,
          "sco": 74,
          "dco": 801,
          "txt": "their"
        },
        {
          "si": 9,
          "sti": 15,
          "dti": 162,
          "sco": 80,
          "dco": 807,
          "txt": "OFC"
        },
        {
          "si": 9,
          "sti": 16,
          "dti": 163,
          "sco": 84,
          "dco": 811,
          "txt": "Champions"
        },
        {
          "si": 9,
          "sti": 17,
          "dti": 164,
          "sco": 94,
          "dco": 821,
          "txt": "League"
        },
        {
          "si": 9,
          "sti": 18,
          "dti": 165,
          "sco": 101,
          "dco": 828,
          "txt": "campaign"
        },
        {
          "si": 9,
          "sti": 19,
          "dti": 166,
          "sco": 109,
          "dco": 836,
          "txt": "."
        },
        {
          "si": 10,
          "sti": 0,
          "dti": 167,
          "sco": 0,
          "dco": 838,
          "txt": "Having"
        },
        {
          "si": 10,
          "sti": 1,
          "dti": 168,
          "sco": 7,
          "dco": 845,
          "txt": "returned"
        },
        {
          "si": 10,
          "sti": 2,
          "dti": 169,
          "sco": 16,
          "dco": 854,
          "txt": "to"
        },
        {
          "si": 10,
          "sti": 3,
          "dti": 170,
          "sco": 19,
          "dco": 857,
          "txt": "Scotland"
        },
        {
          "si": 10,
          "sti": 4,
          "dti": 171,
          "sco": 27,
          "dco": 865,
          "txt": ","
        },
        {
          "si": 10,
          "sti": 5,
          "dti": 172,
          "sco": 29,
          "dco": 867,
          "txt": "Murray"
        },
        {
          "si": 10,
          "sti": 6,
          "dti": 173,
          "sco": 36,
          "dco": 874,
          "txt": "signed"
        },
        {
          "si": 10,
          "sti": 7,
          "dti": 174,
          "sco": 43,
          "dco": 881,
          "txt": "for"
        },
        {
          "si": 10,
          "sti": 8,
          "dti": 175,
          "sco": 47,
          "dco": 885,
          "txt": "Stenhousemuir"
        },
        {
          "si": 10,
          "sti": 9,
          "dti": 176,
          "sco": 61,
          "dco": 899,
          "txt": "on"
        },
        {
          "si": 10,
          "sti": 10,
          "dti": 177,
          "sco": 64,
          "dco": 902,
          "txt": "8"
        },
        {
          "si": 10,
          "sti": 11,
          "dti": 178,
          "sco": 66,
          "dco": 904,
          "txt": "July"
        },
        {
          "si": 10,
          "sti": 12,
          "dti": 179,
          "sco": 71,
          "dco": 909,
          "txt": "2015"
        },
        {
          "si": 10,
          "sti": 13,
          "dti": 180,
          "sco": 75,
          "dco": 913,
          "txt": "."
        }
      ]
    },
    "ganns": {
      "dla": [],
      "la": [],
      "ea": [],
      "eta": [
        {
          "ra": {
            "ea": {
              "etn": "Euan_Murray_(footballer)"
            }
          },
          "sfs": [
            [
              {
                "stn": "birthYear"
              },
              {
                "dla": {
                  "txt": {
                    "sff": "1994"
                  },
                  "et": {
                    "etn": "BirthYear"
                  },
                  "dp": {
                    "off": 55
                  }
                }
              }
            ],
            [
              {
                "stn": "deathYear"
              },
              {}
            ]
          ],
          "mfs": [
            [
              {
                "stn": "position"
              },
              {
                "dla": [],
                "la": [],
                "ea": [
                  {
                    "etn": "Defender_(association_football)"
                  }
                ],
                "eta": []
              }
            ],
            [
              {
                "stn": "team"
              },
              {
                "dla": [],
                "la": [],
                "ea": [
                  {
                    "etn": "Motherwell_F.C."
                  }
                ],
                "eta": []
              }
            ],
            [
              {
                "stn": "birthPlace"
              },
              {
                "dla": [],
                "la": [],
                "ea": [],
                "eta": []
              }
            ]
          ]
        }
      ]
    }
  }
]
