[
  {
    "context": "TEST",
    "doc": {
      "id": "Fabrizio_Paghera",
      "tl": [
        {
          "si": 0,
          "sti": 0,
          "dti": 0,
          "sco": 0,
          "dco": 0,
          "txt": "Fabrizio"
        },
        {
          "si": 0,
          "sti": 1,
          "dti": 1,
          "sco": 9,
          "dco": 9,
          "txt": "Paghera"
        },
        {
          "si": 0,
          "sti": 2,
          "dti": 2,
          "sco": 16,
          "dco": 16,
          "txt": "."
        },
        {
          "si": 1,
          "sti": 0,
          "dti": 3,
          "sco": 0,
          "dco": 18,
          "txt": "Fabrizio"
        },
        {
          "si": 1,
          "sti": 1,
          "dti": 4,
          "sco": 9,
          "dco": 27,
          "txt": "Paghera"
        },
        {
          "si": 1,
          "sti": 2,
          "dti": 5,
          "sco": 17,
          "dco": 35,
          "txt": "("
        },
        {
          "si": 1,
          "sti": 3,
          "dti": 6,
          "sco": 18,
          "dco": 36,
          "txt": "born"
        },
        {
          "si": 1,
          "sti": 4,
          "dti": 7,
          "sco": 23,
          "dco": 41,
          "txt": "December"
        },
        {
          "si": 1,
          "sti": 5,
          "dti": 8,
          "sco": 32,
          "dco": 50,
          "txt": "12"
        },
        {
          "si": 1,
          "sti": 6,
          "dti": 9,
          "sco": 34,
          "dco": 52,
          "txt": ","
        },
        {
          "si": 1,
          "sti": 7,
          "dti": 10,
          "sco": 36,
          "dco": 54,
          "txt": "1991"
        },
        {
          "si": 1,
          "sti": 8,
          "dti": 11,
          "sco": 41,
          "dco": 59,
          "txt": "in"
        },
        {
          "si": 1,
          "sti": 9,
          "dti": 12,
          "sco": 44,
          "dco": 62,
          "txt": "Brescia"
        },
        {
          "si": 1,
          "sti": 10,
          "dti": 13,
          "sco": 51,
          "dco": 69,
          "txt": ")"
        },
        {
          "si": 1,
          "sti": 11,
          "dti": 14,
          "sco": 53,
          "dco": 71,
          "txt": "is"
        },
        {
          "si": 1,
          "sti": 12,
          "dti": 15,
          "sco": 56,
          "dco": 74,
          "txt": "an"
        },
        {
          "si": 1,
          "sti": 13,
          "dti": 16,
          "sco": 59,
          "dco": 77,
          "txt": "Italian"
        },
        {
          "si": 1,
          "sti": 14,
          "dti": 17,
          "sco": 67,
          "dco": 85,
          "txt": "footballer"
        },
        {
          "si": 1,
          "sti": 15,
          "dti": 18,
          "sco": 78,
          "dco": 96,
          "txt": "who"
        },
        {
          "si": 1,
          "sti": 16,
          "dti": 19,
          "sco": 82,
          "dco": 100,
          "txt": "plays"
        },
        {
          "si": 1,
          "sti": 17,
          "dti": 20,
          "sco": 88,
          "dco": 106,
          "txt": "as"
        },
        {
          "si": 1,
          "sti": 18,
          "dti": 21,
          "sco": 91,
          "dco": 109,
          "txt": "a"
        },
        {
          "si": 1,
          "sti": 19,
          "dti": 22,
          "sco": 93,
          "dco": 111,
          "txt": "midfielder"
        },
        {
          "si": 1,
          "sti": 20,
          "dti": 23,
          "sco": 104,
          "dco": 122,
          "txt": "for"
        },
        {
          "si": 1,
          "sti": 21,
          "dti": 24,
          "sco": 108,
          "dco": 126,
          "txt": "Virtus"
        },
        {
          "si": 1,
          "sti": 22,
          "dti": 25,
          "sco": 115,
          "dco": 133,
          "txt": "Lanciano"
        },
        {
          "si": 1,
          "sti": 23,
          "dti": 26,
          "sco": 123,
          "dco": 141,
          "txt": "."
        },
        {
          "si": 2,
          "sti": 0,
          "dti": 27,
          "sco": 0,
          "dco": 143,
          "txt": "Club"
        },
        {
          "si": 2,
          "sti": 1,
          "dti": 28,
          "sco": 5,
          "dco": 148,
          "txt": "career"
        },
        {
          "si": 2,
          "sti": 2,
          "dti": 29,
          "sco": 11,
          "dco": 154,
          "txt": "."
        },
        {
          "si": 3,
          "sti": 0,
          "dti": 30,
          "sco": 0,
          "dco": 156,
          "txt": "Paghera"
        },
        {
          "si": 3,
          "sti": 1,
          "dti": 31,
          "sco": 8,
          "dco": 164,
          "txt": "made"
        },
        {
          "si": 3,
          "sti": 2,
          "dti": 32,
          "sco": 13,
          "dco": 169,
          "txt": "his"
        },
        {
          "si": 3,
          "sti": 3,
          "dti": 33,
          "sco": 17,
          "dco": 173,
          "txt": "first"
        },
        {
          "si": 3,
          "sti": 4,
          "dti": 34,
          "sco": 23,
          "dco": 179,
          "txt": "team"
        },
        {
          "si": 3,
          "sti": 5,
          "dti": 35,
          "sco": 28,
          "dco": 184,
          "txt": "Serie"
        },
        {
          "si": 3,
          "sti": 6,
          "dti": 36,
          "sco": 34,
          "dco": 190,
          "txt": "B"
        },
        {
          "si": 3,
          "sti": 7,
          "dti": 37,
          "sco": 36,
          "dco": 192,
          "txt": "debut"
        },
        {
          "si": 3,
          "sti": 8,
          "dti": 38,
          "sco": 42,
          "dco": 198,
          "txt": "on"
        },
        {
          "si": 3,
          "sti": 9,
          "dti": 39,
          "sco": 45,
          "dco": 201,
          "txt": "October"
        },
        {
          "si": 3,
          "sti": 10,
          "dti": 40,
          "sco": 53,
          "dco": 209,
          "txt": "24"
        },
        {
          "si": 3,
          "sti": 11,
          "dti": 41,
          "sco": 55,
          "dco": 211,
          "txt": ","
        },
        {
          "si": 3,
          "sti": 12,
          "dti": 42,
          "sco": 57,
          "dco": 213,
          "txt": "2009"
        },
        {
          "si": 3,
          "sti": 13,
          "dti": 43,
          "sco": 62,
          "dco": 218,
          "txt": "at"
        },
        {
          "si": 3,
          "sti": 14,
          "dti": 44,
          "sco": 65,
          "dco": 221,
          "txt": "the"
        },
        {
          "si": 3,
          "sti": 15,
          "dti": 45,
          "sco": 69,
          "dco": 225,
          "txt": "age"
        },
        {
          "si": 3,
          "sti": 16,
          "dti": 46,
          "sco": 73,
          "dco": 229,
          "txt": "of"
        },
        {
          "si": 3,
          "sti": 17,
          "dti": 47,
          "sco": 76,
          "dco": 232,
          "txt": "17"
        },
        {
          "si": 3,
          "sti": 18,
          "dti": 48,
          "sco": 78,
          "dco": 234,
          "txt": ","
        },
        {
          "si": 3,
          "sti": 19,
          "dti": 49,
          "sco": 80,
          "dco": 236,
          "txt": "during"
        },
        {
          "si": 3,
          "sti": 20,
          "dti": 50,
          "sco": 87,
          "dco": 243,
          "txt": "a"
        },
        {
          "si": 3,
          "sti": 21,
          "dti": 51,
          "sco": 89,
          "dco": 245,
          "txt": "league"
        },
        {
          "si": 3,
          "sti": 22,
          "dti": 52,
          "sco": 96,
          "dco": 252,
          "txt": "derby"
        },
        {
          "si": 3,
          "sti": 23,
          "dti": 53,
          "sco": 102,
          "dco": 258,
          "txt": "against"
        },
        {
          "si": 3,
          "sti": 24,
          "dti": 54,
          "sco": 110,
          "dco": 266,
          "txt": "AlbinoLeffe"
        },
        {
          "si": 3,
          "sti": 25,
          "dti": 55,
          "sco": 121,
          "dco": 277,
          "txt": "."
        },
        {
          "si": 4,
          "sti": 0,
          "dti": 56,
          "sco": 0,
          "dco": 279,
          "txt": "Since"
        },
        {
          "si": 4,
          "sti": 1,
          "dti": 57,
          "sco": 6,
          "dco": 285,
          "txt": "then"
        },
        {
          "si": 4,
          "sti": 2,
          "dti": 58,
          "sco": 10,
          "dco": 289,
          "txt": ","
        },
        {
          "si": 4,
          "sti": 3,
          "dti": 59,
          "sco": 12,
          "dco": 291,
          "txt": "he"
        },
        {
          "si": 4,
          "sti": 4,
          "dti": 60,
          "sco": 15,
          "dco": 294,
          "txt": "was"
        },
        {
          "si": 4,
          "sti": 5,
          "dti": 61,
          "sco": 19,
          "dco": 298,
          "txt": "regularly"
        },
        {
          "si": 4,
          "sti": 6,
          "dti": 62,
          "sco": 29,
          "dco": 308,
          "txt": "featured"
        },
        {
          "si": 4,
          "sti": 7,
          "dti": 63,
          "sco": 38,
          "dco": 317,
          "txt": "in"
        },
        {
          "si": 4,
          "sti": 8,
          "dti": 64,
          "sco": 41,
          "dco": 320,
          "txt": "the"
        },
        {
          "si": 4,
          "sti": 9,
          "dti": 65,
          "sco": 45,
          "dco": 324,
          "txt": "first"
        },
        {
          "si": 4,
          "sti": 10,
          "dti": 66,
          "sco": 51,
          "dco": 330,
          "txt": "team"
        },
        {
          "si": 4,
          "sti": 11,
          "dti": 67,
          "sco": 56,
          "dco": 335,
          "txt": "by"
        },
        {
          "si": 4,
          "sti": 12,
          "dti": 68,
          "sco": 59,
          "dco": 338,
          "txt": "head"
        },
        {
          "si": 4,
          "sti": 13,
          "dti": 69,
          "sco": 64,
          "dco": 343,
          "txt": "coach"
        },
        {
          "si": 4,
          "sti": 14,
          "dti": 70,
          "sco": 70,
          "dco": 349,
          "txt": "Giuseppe"
        },
        {
          "si": 4,
          "sti": 15,
          "dti": 71,
          "sco": 79,
          "dco": 358,
          "txt": "Iachini"
        },
        {
          "si": 4,
          "sti": 16,
          "dti": 72,
          "sco": 87,
          "dco": 366,
          "txt": "despite"
        },
        {
          "si": 4,
          "sti": 17,
          "dti": 73,
          "sco": 95,
          "dco": 374,
          "txt": "his"
        },
        {
          "si": 4,
          "sti": 18,
          "dti": 74,
          "sco": 99,
          "dco": 378,
          "txt": "youth"
        },
        {
          "si": 4,
          "sti": 19,
          "dti": 75,
          "sco": 104,
          "dco": 383,
          "txt": "."
        },
        {
          "si": 5,
          "sti": 0,
          "dti": 76,
          "sco": 0,
          "dco": 385,
          "txt": "He"
        },
        {
          "si": 5,
          "sti": 1,
          "dti": 77,
          "sco": 3,
          "dco": 388,
          "txt": "spent"
        },
        {
          "si": 5,
          "sti": 2,
          "dti": 78,
          "sco": 9,
          "dco": 394,
          "txt": "the"
        },
        {
          "si": 5,
          "sti": 3,
          "dti": 79,
          "sco": 13,
          "dco": 398,
          "txt": "2010"
        },
        {
          "si": 5,
          "sti": 4,
          "dti": 80,
          "sco": 17,
          "dco": 402,
          "txt": "–"
        },
        {
          "si": 5,
          "sti": 5,
          "dti": 81,
          "sco": 18,
          "dco": 403,
          "txt": "11"
        },
        {
          "si": 5,
          "sti": 6,
          "dti": 82,
          "sco": 21,
          "dco": 406,
          "txt": "season"
        },
        {
          "si": 5,
          "sti": 7,
          "dti": 83,
          "sco": 28,
          "dco": 413,
          "txt": "on"
        },
        {
          "si": 5,
          "sti": 8,
          "dti": 84,
          "sco": 31,
          "dco": 416,
          "txt": "loan"
        },
        {
          "si": 5,
          "sti": 9,
          "dti": 85,
          "sco": 36,
          "dco": 421,
          "txt": "to"
        },
        {
          "si": 5,
          "sti": 10,
          "dti": 86,
          "sco": 39,
          "dco": 424,
          "txt": "Lega"
        },
        {
          "si": 5,
          "sti": 11,
          "dti": 87,
          "sco": 44,
          "dco": 429,
          "txt": "Pro"
        },
        {
          "si": 5,
          "sti": 12,
          "dti": 88,
          "sco": 48,
          "dco": 433,
          "txt": "Prima"
        },
        {
          "si": 5,
          "sti": 13,
          "dti": 89,
          "sco": 54,
          "dco": 439,
          "txt": "Divisione"
        },
        {
          "si": 5,
          "sti": 14,
          "dti": 90,
          "sco": 64,
          "dco": 449,
          "txt": "club"
        },
        {
          "si": 5,
          "sti": 15,
          "dti": 91,
          "sco": 69,
          "dco": 454,
          "txt": "Verona"
        },
        {
          "si": 5,
          "sti": 16,
          "dti": 92,
          "sco": 75,
          "dco": 460,
          "txt": ","
        },
        {
          "si": 5,
          "sti": 17,
          "dti": 93,
          "sco": 77,
          "dco": 462,
          "txt": "but"
        },
        {
          "si": 5,
          "sti": 18,
          "dti": 94,
          "sco": 81,
          "dco": 466,
          "txt": "made"
        },
        {
          "si": 5,
          "sti": 19,
          "dti": 95,
          "sco": 86,
          "dco": 471,
          "txt": "only"
        },
        {
          "si": 5,
          "sti": 20,
          "dti": 96,
          "sco": 91,
          "dco": 476,
          "txt": "thirteen"
        },
        {
          "si": 5,
          "sti": 21,
          "dti": 97,
          "sco": 100,
          "dco": 485,
          "txt": "appearances"
        },
        {
          "si": 5,
          "sti": 22,
          "dti": 98,
          "sco": 111,
          "dco": 496,
          "txt": ","
        },
        {
          "si": 5,
          "sti": 23,
          "dti": 99,
          "sco": 113,
          "dco": 498,
          "txt": "never"
        },
        {
          "si": 5,
          "sti": 24,
          "dti": 100,
          "sco": 119,
          "dco": 504,
          "txt": "playing"
        },
        {
          "si": 5,
          "sti": 25,
          "dti": 101,
          "sco": 127,
          "dco": 512,
          "txt": "at"
        },
        {
          "si": 5,
          "sti": 26,
          "dti": 102,
          "sco": 130,
          "dco": 515,
          "txt": "all"
        },
        {
          "si": 5,
          "sti": 27,
          "dti": 103,
          "sco": 134,
          "dco": 519,
          "txt": "in"
        },
        {
          "si": 5,
          "sti": 28,
          "dti": 104,
          "sco": 137,
          "dco": 522,
          "txt": "the"
        },
        {
          "si": 5,
          "sti": 29,
          "dti": 105,
          "sco": 141,
          "dco": 526,
          "txt": "promotion"
        },
        {
          "si": 5,
          "sti": 30,
          "dti": 106,
          "sco": 151,
          "dco": 536,
          "txt": "playoffs"
        },
        {
          "si": 5,
          "sti": 31,
          "dti": 107,
          "sco": 160,
          "dco": 545,
          "txt": "that"
        },
        {
          "si": 5,
          "sti": 32,
          "dti": 108,
          "sco": 165,
          "dco": 550,
          "txt": "led"
        },
        {
          "si": 5,
          "sti": 33,
          "dti": 109,
          "sco": 169,
          "dco": 554,
          "txt": "his"
        },
        {
          "si": 5,
          "sti": 34,
          "dti": 110,
          "sco": 173,
          "dco": 558,
          "txt": "club"
        },
        {
          "si": 5,
          "sti": 35,
          "dti": 111,
          "sco": 178,
          "dco": 563,
          "txt": "back"
        },
        {
          "si": 5,
          "sti": 36,
          "dti": 112,
          "sco": 183,
          "dco": 568,
          "txt": "to"
        },
        {
          "si": 5,
          "sti": 37,
          "dti": 113,
          "sco": 186,
          "dco": 571,
          "txt": "Serie"
        },
        {
          "si": 5,
          "sti": 38,
          "dti": 114,
          "sco": 192,
          "dco": 577,
          "txt": "B"
        },
        {
          "si": 5,
          "sti": 39,
          "dti": 115,
          "sco": 193,
          "dco": 578,
          "txt": "."
        },
        {
          "si": 6,
          "sti": 0,
          "dti": 116,
          "sco": 0,
          "dco": 580,
          "txt": "International"
        },
        {
          "si": 6,
          "sti": 1,
          "dti": 117,
          "sco": 14,
          "dco": 594,
          "txt": "career"
        },
        {
          "si": 6,
          "sti": 2,
          "dti": 118,
          "sco": 20,
          "dco": 600,
          "txt": "."
        },
        {
          "si": 7,
          "sti": 0,
          "dti": 119,
          "sco": 0,
          "dco": 602,
          "txt": "Praghera"
        },
        {
          "si": 7,
          "sti": 1,
          "dti": 120,
          "sco": 9,
          "dco": 611,
          "txt": "has"
        },
        {
          "si": 7,
          "sti": 2,
          "dti": 121,
          "sco": 13,
          "dco": 615,
          "txt": "represented"
        },
        {
          "si": 7,
          "sti": 3,
          "dti": 122,
          "sco": 25,
          "dco": 627,
          "txt": "Italy"
        },
        {
          "si": 7,
          "sti": 4,
          "dti": 123,
          "sco": 31,
          "dco": 633,
          "txt": "at"
        },
        {
          "si": 7,
          "sti": 5,
          "dti": 124,
          "sco": 34,
          "dco": 636,
          "txt": "Under"
        },
        {
          "si": 7,
          "sti": 6,
          "dti": 125,
          "sco": 39,
          "dco": 641,
          "txt": "-"
        },
        {
          "si": 7,
          "sti": 7,
          "dti": 126,
          "sco": 40,
          "dco": 642,
          "txt": "19"
        },
        {
          "si": 7,
          "sti": 8,
          "dti": 127,
          "sco": 43,
          "dco": 645,
          "txt": "level"
        },
        {
          "si": 7,
          "sti": 9,
          "dti": 128,
          "sco": 48,
          "dco": 650,
          "txt": "."
        },
        {
          "si": 8,
          "sti": 0,
          "dti": 129,
          "sco": 0,
          "dco": 652,
          "txt": "He"
        },
        {
          "si": 8,
          "sti": 1,
          "dti": 130,
          "sco": 3,
          "dco": 655,
          "txt": "capped"
        },
        {
          "si": 8,
          "sti": 2,
          "dti": 131,
          "sco": 10,
          "dco": 662,
          "txt": "twice"
        },
        {
          "si": 8,
          "sti": 3,
          "dti": 132,
          "sco": 15,
          "dco": 667,
          "txt": ","
        },
        {
          "si": 8,
          "sti": 4,
          "dti": 133,
          "sco": 17,
          "dco": 669,
          "txt": "both"
        },
        {
          "si": 8,
          "sti": 5,
          "dti": 134,
          "sco": 22,
          "dco": 674,
          "txt": "were"
        },
        {
          "si": 8,
          "sti": 6,
          "dti": 135,
          "sco": 27,
          "dco": 679,
          "txt": "friendlies"
        },
        {
          "si": 8,
          "sti": 7,
          "dti": 136,
          "sco": 37,
          "dco": 689,
          "txt": "."
        }
      ]
    },
    "ganns": {
      "dla": [],
      "la": [],
      "ea": [],
      "eta": [
        {
          "ra": {
            "ea": {
              "etn": "Fabrizio_Paghera"
            }
          },
          "sfs": [
            [
              {
                "stn": "birthYear"
              },
              {
                "dla": {
                  "txt": {
                    "sff": "1991"
                  },
                  "et": {
                    "etn": "BirthYear"
                  },
                  "dp": {
                    "off": 54
                  }
                }
              }
            ],
            [
              {
                "stn": "deathYear"
              },
              {}
            ]
          ],
          "mfs": [
            [
              {
                "stn": "birthPlaces"
              },
              {
                "dla": [],
                "la": [],
                "ea": [
                  {
                    "etn": "Brescia"
                  },
                  {
                    "etn": "Italy"
                  }
                ],
                "eta": []
              }
            ],
            [
              {
                "stn": "teams"
              },
              {
                "dla": [],
                "la": [],
                "ea": [
                  {
                    "etn": "Hellas_Verona_F.C."
                  },
                  {
                    "etn": "S.S._Virtus_Lanciano_1924"
                  }
                ],
                "eta": []
              }
            ],
            [
              {
                "stn": "positions"
              },
              {
                "dla": [],
                "la": [],
                "ea": [
                  {
                    "etn": "Midfielder"
                  }
                ],
                "eta": []
              }
            ]
          ]
        }
      ]
    }
  }
]
