[
  {
    "context": "TRAIN",
    "doc": {
      "id": "Fernando_Hidalgo",
      "tl": [
        {
          "si": 0,
          "sti": 0,
          "dti": 0,
          "sco": 0,
          "dco": 0,
          "txt": "Fernando"
        },
        {
          "si": 0,
          "sti": 1,
          "dti": 1,
          "sco": 9,
          "dco": 9,
          "txt": "Hidalgo"
        },
        {
          "si": 0,
          "sti": 2,
          "dti": 2,
          "sco": 16,
          "dco": 16,
          "txt": "."
        },
        {
          "si": 1,
          "sti": 0,
          "dti": 3,
          "sco": 0,
          "dco": 18,
          "txt": "Fernando"
        },
        {
          "si": 1,
          "sti": 1,
          "dti": 4,
          "sco": 9,
          "dco": 27,
          "txt": "Roberto"
        },
        {
          "si": 1,
          "sti": 2,
          "dti": 5,
          "sco": 17,
          "dco": 35,
          "txt": "Hidalgo"
        },
        {
          "si": 1,
          "sti": 3,
          "dti": 6,
          "sco": 25,
          "dco": 43,
          "txt": "Maldonado"
        },
        {
          "si": 1,
          "sti": 4,
          "dti": 7,
          "sco": 35,
          "dco": 53,
          "txt": "("
        },
        {
          "si": 1,
          "sti": 5,
          "dti": 8,
          "sco": 36,
          "dco": 54,
          "txt": "born"
        },
        {
          "si": 1,
          "sti": 6,
          "dti": 9,
          "sco": 41,
          "dco": 59,
          "txt": "May"
        },
        {
          "si": 1,
          "sti": 7,
          "dti": 10,
          "sco": 45,
          "dco": 63,
          "txt": "20"
        },
        {
          "si": 1,
          "sti": 8,
          "dti": 11,
          "sco": 47,
          "dco": 65,
          "txt": ","
        },
        {
          "si": 1,
          "sti": 9,
          "dti": 12,
          "sco": 49,
          "dco": 67,
          "txt": "1985"
        },
        {
          "si": 1,
          "sti": 10,
          "dti": 13,
          "sco": 54,
          "dco": 72,
          "txt": "in"
        },
        {
          "si": 1,
          "sti": 11,
          "dti": 14,
          "sco": 57,
          "dco": 75,
          "txt": "Quito"
        },
        {
          "si": 1,
          "sti": 12,
          "dti": 15,
          "sco": 62,
          "dco": 80,
          "txt": ")"
        },
        {
          "si": 1,
          "sti": 13,
          "dti": 16,
          "sco": 64,
          "dco": 82,
          "txt": "is"
        },
        {
          "si": 1,
          "sti": 14,
          "dti": 17,
          "sco": 67,
          "dco": 85,
          "txt": "an"
        },
        {
          "si": 1,
          "sti": 15,
          "dti": 18,
          "sco": 70,
          "dco": 88,
          "txt": "Ecuadorian"
        },
        {
          "si": 1,
          "sti": 16,
          "dti": 19,
          "sco": 81,
          "dco": 99,
          "txt": "footballer"
        },
        {
          "si": 1,
          "sti": 17,
          "dti": 20,
          "sco": 92,
          "dco": 110,
          "txt": "who"
        },
        {
          "si": 1,
          "sti": 18,
          "dti": 21,
          "sco": 96,
          "dco": 114,
          "txt": "plays"
        },
        {
          "si": 1,
          "sti": 19,
          "dti": 22,
          "sco": 102,
          "dco": 120,
          "txt": "for"
        },
        {
          "si": 1,
          "sti": 20,
          "dti": 23,
          "sco": 106,
          "dco": 124,
          "txt": "LDU"
        },
        {
          "si": 1,
          "sti": 21,
          "dti": 24,
          "sco": 110,
          "dco": 128,
          "txt": "Quito"
        },
        {
          "si": 1,
          "sti": 22,
          "dti": 25,
          "sco": 116,
          "dco": 134,
          "txt": "and"
        },
        {
          "si": 1,
          "sti": 23,
          "dti": 26,
          "sco": 120,
          "dco": 138,
          "txt": "the"
        },
        {
          "si": 1,
          "sti": 24,
          "dti": 27,
          "sco": 124,
          "dco": 142,
          "txt": "Ecuadorian"
        },
        {
          "si": 1,
          "sti": 25,
          "dti": 28,
          "sco": 135,
          "dco": 153,
          "txt": "national"
        },
        {
          "si": 1,
          "sti": 26,
          "dti": 29,
          "sco": 144,
          "dco": 162,
          "txt": "team"
        },
        {
          "si": 1,
          "sti": 27,
          "dti": 30,
          "sco": 149,
          "dco": 167,
          "txt": "as"
        },
        {
          "si": 1,
          "sti": 28,
          "dti": 31,
          "sco": 152,
          "dco": 170,
          "txt": "a"
        },
        {
          "si": 1,
          "sti": 29,
          "dti": 32,
          "sco": 154,
          "dco": 172,
          "txt": "midfielder"
        },
        {
          "si": 1,
          "sti": 30,
          "dti": 33,
          "sco": 164,
          "dco": 182,
          "txt": "."
        },
        {
          "si": 2,
          "sti": 0,
          "dti": 34,
          "sco": 0,
          "dco": 184,
          "txt": "Club"
        },
        {
          "si": 2,
          "sti": 1,
          "dti": 35,
          "sco": 5,
          "dco": 189,
          "txt": "career"
        },
        {
          "si": 2,
          "sti": 2,
          "dti": 36,
          "sco": 11,
          "dco": 195,
          "txt": "."
        },
        {
          "si": 3,
          "sti": 0,
          "dti": 37,
          "sco": 0,
          "dco": 197,
          "txt": "Hidalgo"
        },
        {
          "si": 3,
          "sti": 1,
          "dti": 38,
          "sco": 8,
          "dco": 205,
          "txt": "came"
        },
        {
          "si": 3,
          "sti": 2,
          "dti": 39,
          "sco": 13,
          "dco": 210,
          "txt": "out"
        },
        {
          "si": 3,
          "sti": 3,
          "dti": 40,
          "sco": 17,
          "dco": 214,
          "txt": "of"
        },
        {
          "si": 3,
          "sti": 4,
          "dti": 41,
          "sco": 20,
          "dco": 217,
          "txt": "the"
        },
        {
          "si": 3,
          "sti": 5,
          "dti": 42,
          "sco": 24,
          "dco": 221,
          "txt": "youth"
        },
        {
          "si": 3,
          "sti": 6,
          "dti": 43,
          "sco": 30,
          "dco": 227,
          "txt": "system"
        },
        {
          "si": 3,
          "sti": 7,
          "dti": 44,
          "sco": 37,
          "dco": 234,
          "txt": "of"
        },
        {
          "si": 3,
          "sti": 8,
          "dti": 45,
          "sco": 40,
          "dco": 237,
          "txt": "Deportivo"
        },
        {
          "si": 3,
          "sti": 9,
          "dti": 46,
          "sco": 50,
          "dco": 247,
          "txt": "Quito"
        },
        {
          "si": 3,
          "sti": 10,
          "dti": 47,
          "sco": 55,
          "dco": 252,
          "txt": "."
        },
        {
          "si": 4,
          "sti": 0,
          "dti": 48,
          "sco": 0,
          "dco": 254,
          "txt": "Before"
        },
        {
          "si": 4,
          "sti": 1,
          "dti": 49,
          "sco": 7,
          "dco": 261,
          "txt": "debuting"
        },
        {
          "si": 4,
          "sti": 2,
          "dti": 50,
          "sco": 16,
          "dco": 270,
          "txt": "for"
        },
        {
          "si": 4,
          "sti": 3,
          "dti": 51,
          "sco": 20,
          "dco": 274,
          "txt": "the"
        },
        {
          "si": 4,
          "sti": 4,
          "dti": 52,
          "sco": 24,
          "dco": 278,
          "txt": "Quito"
        },
        {
          "si": 4,
          "sti": 5,
          "dti": 53,
          "sco": 30,
          "dco": 284,
          "txt": "club"
        },
        {
          "si": 4,
          "sti": 6,
          "dti": 54,
          "sco": 34,
          "dco": 288,
          "txt": "'"
        },
        {
          "si": 4,
          "sti": 7,
          "dti": 55,
          "sco": 35,
          "dco": 289,
          "txt": "s"
        },
        {
          "si": 4,
          "sti": 8,
          "dti": 56,
          "sco": 37,
          "dco": 291,
          "txt": "professional"
        },
        {
          "si": 4,
          "sti": 9,
          "dti": 57,
          "sco": 50,
          "dco": 304,
          "txt": "team"
        },
        {
          "si": 4,
          "sti": 10,
          "dti": 58,
          "sco": 54,
          "dco": 308,
          "txt": ","
        },
        {
          "si": 4,
          "sti": 11,
          "dti": 59,
          "sco": 56,
          "dco": 310,
          "txt": "he"
        },
        {
          "si": 4,
          "sti": 12,
          "dti": 60,
          "sco": 59,
          "dco": 313,
          "txt": "played"
        },
        {
          "si": 4,
          "sti": 13,
          "dti": 61,
          "sco": 66,
          "dco": 320,
          "txt": "one"
        },
        {
          "si": 4,
          "sti": 14,
          "dti": 62,
          "sco": 70,
          "dco": 324,
          "txt": "season"
        },
        {
          "si": 4,
          "sti": 15,
          "dti": 63,
          "sco": 77,
          "dco": 331,
          "txt": "with"
        },
        {
          "si": 4,
          "sti": 16,
          "dti": 64,
          "sco": 82,
          "dco": 336,
          "txt": "Tungurahua"
        },
        {
          "si": 4,
          "sti": 17,
          "dti": 65,
          "sco": 93,
          "dco": 347,
          "txt": "in"
        },
        {
          "si": 4,
          "sti": 18,
          "dti": 66,
          "sco": 96,
          "dco": 350,
          "txt": "Ambato"
        },
        {
          "si": 4,
          "sti": 19,
          "dti": 67,
          "sco": 102,
          "dco": 356,
          "txt": "."
        },
        {
          "si": 5,
          "sti": 0,
          "dti": 68,
          "sco": 0,
          "dco": 358,
          "txt": "He"
        },
        {
          "si": 5,
          "sti": 1,
          "dti": 69,
          "sco": 3,
          "dco": 361,
          "txt": "played"
        },
        {
          "si": 5,
          "sti": 2,
          "dti": 70,
          "sco": 10,
          "dco": 368,
          "txt": "his"
        },
        {
          "si": 5,
          "sti": 3,
          "dti": 71,
          "sco": 14,
          "dco": 372,
          "txt": "first"
        },
        {
          "si": 5,
          "sti": 4,
          "dti": 72,
          "sco": 20,
          "dco": 378,
          "txt": "season"
        },
        {
          "si": 5,
          "sti": 5,
          "dti": 73,
          "sco": 27,
          "dco": 385,
          "txt": "Deportivo"
        },
        {
          "si": 5,
          "sti": 6,
          "dti": 74,
          "sco": 37,
          "dco": 395,
          "txt": "Quito"
        },
        {
          "si": 5,
          "sti": 7,
          "dti": 75,
          "sco": 43,
          "dco": 401,
          "txt": "in"
        },
        {
          "si": 5,
          "sti": 8,
          "dti": 76,
          "sco": 46,
          "dco": 404,
          "txt": "2006"
        },
        {
          "si": 5,
          "sti": 9,
          "dti": 77,
          "sco": 50,
          "dco": 408,
          "txt": ","
        },
        {
          "si": 5,
          "sti": 10,
          "dti": 78,
          "sco": 52,
          "dco": 410,
          "txt": "where"
        },
        {
          "si": 5,
          "sti": 11,
          "dti": 79,
          "sco": 58,
          "dco": 416,
          "txt": "he"
        },
        {
          "si": 5,
          "sti": 12,
          "dti": 80,
          "sco": 61,
          "dco": 419,
          "txt": "became"
        },
        {
          "si": 5,
          "sti": 13,
          "dti": 81,
          "sco": 68,
          "dco": 426,
          "txt": "a"
        },
        {
          "si": 5,
          "sti": 14,
          "dti": 82,
          "sco": 70,
          "dco": 428,
          "txt": "key"
        },
        {
          "si": 5,
          "sti": 15,
          "dti": 83,
          "sco": 74,
          "dco": 432,
          "txt": "player"
        },
        {
          "si": 5,
          "sti": 16,
          "dti": 84,
          "sco": 81,
          "dco": 439,
          "txt": "for"
        },
        {
          "si": 5,
          "sti": 17,
          "dti": 85,
          "sco": 85,
          "dco": 443,
          "txt": "the"
        },
        {
          "si": 5,
          "sti": 18,
          "dti": 86,
          "sco": 89,
          "dco": 447,
          "txt": "next"
        },
        {
          "si": 5,
          "sti": 19,
          "dti": 87,
          "sco": 94,
          "dco": 452,
          "txt": "two"
        },
        {
          "si": 5,
          "sti": 20,
          "dti": 88,
          "sco": 98,
          "dco": 456,
          "txt": "seasons"
        },
        {
          "si": 5,
          "sti": 21,
          "dti": 89,
          "sco": 105,
          "dco": 463,
          "txt": "."
        },
        {
          "si": 6,
          "sti": 0,
          "dti": 90,
          "sco": 0,
          "dco": 465,
          "txt": "In"
        },
        {
          "si": 6,
          "sti": 1,
          "dti": 91,
          "sco": 3,
          "dco": 468,
          "txt": "2008"
        },
        {
          "si": 6,
          "sti": 2,
          "dti": 92,
          "sco": 7,
          "dco": 472,
          "txt": ","
        },
        {
          "si": 6,
          "sti": 3,
          "dti": 93,
          "sco": 9,
          "dco": 474,
          "txt": "after"
        },
        {
          "si": 6,
          "sti": 4,
          "dti": 94,
          "sco": 15,
          "dco": 480,
          "txt": "the"
        },
        {
          "si": 6,
          "sti": 5,
          "dti": 95,
          "sco": 19,
          "dco": 484,
          "txt": "request"
        },
        {
          "si": 6,
          "sti": 6,
          "dti": 96,
          "sco": 27,
          "dco": 492,
          "txt": "of"
        },
        {
          "si": 6,
          "sti": 7,
          "dti": 97,
          "sco": 30,
          "dco": 495,
          "txt": "then"
        },
        {
          "si": 6,
          "sti": 8,
          "dti": 98,
          "sco": 35,
          "dco": 500,
          "txt": "manager"
        },
        {
          "si": 6,
          "sti": 9,
          "dti": 99,
          "sco": 43,
          "dco": 508,
          "txt": "Ever"
        },
        {
          "si": 6,
          "sti": 10,
          "dti": 100,
          "sco": 48,
          "dco": 513,
          "txt": "Hugo"
        },
        {
          "si": 6,
          "sti": 11,
          "dti": 101,
          "sco": 53,
          "dco": 518,
          "txt": "Almeida"
        },
        {
          "si": 6,
          "sti": 12,
          "dti": 102,
          "sco": 60,
          "dco": 525,
          "txt": ","
        },
        {
          "si": 6,
          "sti": 13,
          "dti": 103,
          "sco": 62,
          "dco": 527,
          "txt": "he"
        },
        {
          "si": 6,
          "sti": 14,
          "dti": 104,
          "sco": 65,
          "dco": 530,
          "txt": "was"
        },
        {
          "si": 6,
          "sti": 15,
          "dti": 105,
          "sco": 69,
          "dco": 534,
          "txt": "signed"
        },
        {
          "si": 6,
          "sti": 16,
          "dti": 106,
          "sco": 76,
          "dco": 541,
          "txt": "by"
        },
        {
          "si": 6,
          "sti": 17,
          "dti": 107,
          "sco": 79,
          "dco": 544,
          "txt": "Guayaquil"
        },
        {
          "si": 6,
          "sti": 18,
          "dti": 108,
          "sco": 88,
          "dco": 553,
          "txt": "-"
        },
        {
          "si": 6,
          "sti": 19,
          "dti": 109,
          "sco": 89,
          "dco": 554,
          "txt": "based"
        },
        {
          "si": 6,
          "sti": 20,
          "dti": 110,
          "sco": 95,
          "dco": 560,
          "txt": "club"
        },
        {
          "si": 6,
          "sti": 21,
          "dti": 111,
          "sco": 100,
          "dco": 565,
          "txt": "Barcelona"
        },
        {
          "si": 6,
          "sti": 22,
          "dti": 112,
          "sco": 109,
          "dco": 574,
          "txt": "."
        },
        {
          "si": 7,
          "sti": 0,
          "dti": 113,
          "sco": 0,
          "dco": 576,
          "txt": "However"
        },
        {
          "si": 7,
          "sti": 1,
          "dti": 114,
          "sco": 7,
          "dco": 583,
          "txt": ","
        },
        {
          "si": 7,
          "sti": 2,
          "dti": 115,
          "sco": 9,
          "dco": 585,
          "txt": "he"
        },
        {
          "si": 7,
          "sti": 3,
          "dti": 116,
          "sco": 12,
          "dco": 588,
          "txt": "saw"
        },
        {
          "si": 7,
          "sti": 4,
          "dti": 117,
          "sco": 16,
          "dco": 592,
          "txt": "little"
        },
        {
          "si": 7,
          "sti": 5,
          "dti": 118,
          "sco": 23,
          "dco": 599,
          "txt": "starting"
        },
        {
          "si": 7,
          "sti": 6,
          "dti": 119,
          "sco": 32,
          "dco": 608,
          "txt": "time"
        },
        {
          "si": 7,
          "sti": 7,
          "dti": 120,
          "sco": 37,
          "dco": 613,
          "txt": "under"
        },
        {
          "si": 7,
          "sti": 8,
          "dti": 121,
          "sco": 43,
          "dco": 619,
          "txt": "Almeida"
        },
        {
          "si": 7,
          "sti": 9,
          "dti": 122,
          "sco": 50,
          "dco": 626,
          "txt": "'"
        },
        {
          "si": 7,
          "sti": 10,
          "dti": 123,
          "sco": 51,
          "dco": 627,
          "txt": "s"
        },
        {
          "si": 7,
          "sti": 11,
          "dti": 124,
          "sco": 53,
          "dco": 629,
          "txt": "guidance"
        },
        {
          "si": 7,
          "sti": 12,
          "dti": 125,
          "sco": 61,
          "dco": 637,
          "txt": "."
        },
        {
          "si": 8,
          "sti": 0,
          "dti": 126,
          "sco": 0,
          "dco": 639,
          "txt": "It"
        },
        {
          "si": 8,
          "sti": 1,
          "dti": 127,
          "sco": 3,
          "dco": 642,
          "txt": "wasn"
        },
        {
          "si": 8,
          "sti": 2,
          "dti": 128,
          "sco": 7,
          "dco": 646,
          "txt": "'"
        },
        {
          "si": 8,
          "sti": 3,
          "dti": 129,
          "sco": 8,
          "dco": 647,
          "txt": "t"
        },
        {
          "si": 8,
          "sti": 4,
          "dti": 130,
          "sco": 10,
          "dco": 649,
          "txt": "until"
        },
        {
          "si": 8,
          "sti": 5,
          "dti": 131,
          "sco": 16,
          "dco": 655,
          "txt": "Reinaldo"
        },
        {
          "si": 8,
          "sti": 6,
          "dti": 132,
          "sco": 25,
          "dco": 664,
          "txt": "Merlo"
        },
        {
          "si": 8,
          "sti": 7,
          "dti": 133,
          "sco": 31,
          "dco": 670,
          "txt": "became"
        },
        {
          "si": 8,
          "sti": 8,
          "dti": 134,
          "sco": 38,
          "dco": 677,
          "txt": "the"
        },
        {
          "si": 8,
          "sti": 9,
          "dti": 135,
          "sco": 42,
          "dco": 681,
          "txt": "manager"
        },
        {
          "si": 8,
          "sti": 10,
          "dti": 136,
          "sco": 50,
          "dco": 689,
          "txt": "of"
        },
        {
          "si": 8,
          "sti": 11,
          "dti": 137,
          "sco": 53,
          "dco": 692,
          "txt": "Barcelona"
        },
        {
          "si": 8,
          "sti": 12,
          "dti": 138,
          "sco": 63,
          "dco": 702,
          "txt": "did"
        },
        {
          "si": 8,
          "sti": 13,
          "dti": 139,
          "sco": 67,
          "dco": 706,
          "txt": "he"
        },
        {
          "si": 8,
          "sti": 14,
          "dti": 140,
          "sco": 70,
          "dco": 709,
          "txt": "begin"
        },
        {
          "si": 8,
          "sti": 15,
          "dti": 141,
          "sco": 76,
          "dco": 715,
          "txt": "to"
        },
        {
          "si": 8,
          "sti": 16,
          "dti": 142,
          "sco": 79,
          "dco": 718,
          "txt": "make"
        },
        {
          "si": 8,
          "sti": 17,
          "dti": 143,
          "sco": 84,
          "dco": 723,
          "txt": "an"
        },
        {
          "si": 8,
          "sti": 18,
          "dti": 144,
          "sco": 87,
          "dco": 726,
          "txt": "impact"
        },
        {
          "si": 8,
          "sti": 19,
          "dti": 145,
          "sco": 94,
          "dco": 733,
          "txt": "and"
        },
        {
          "si": 8,
          "sti": 20,
          "dti": 146,
          "sco": 98,
          "dco": 737,
          "txt": "become"
        },
        {
          "si": 8,
          "sti": 21,
          "dti": 147,
          "sco": 105,
          "dco": 744,
          "txt": "a"
        },
        {
          "si": 8,
          "sti": 22,
          "dti": 148,
          "sco": 107,
          "dco": 746,
          "txt": "starter"
        },
        {
          "si": 8,
          "sti": 23,
          "dti": 149,
          "sco": 114,
          "dco": 753,
          "txt": "."
        },
        {
          "si": 9,
          "sti": 0,
          "dti": 150,
          "sco": 0,
          "dco": 755,
          "txt": "He"
        },
        {
          "si": 9,
          "sti": 1,
          "dti": 151,
          "sco": 3,
          "dco": 758,
          "txt": "eventually"
        },
        {
          "si": 9,
          "sti": 2,
          "dti": 152,
          "sco": 14,
          "dco": 769,
          "txt": "captained"
        },
        {
          "si": 9,
          "sti": 3,
          "dti": 153,
          "sco": 24,
          "dco": 779,
          "txt": "the"
        },
        {
          "si": 9,
          "sti": 4,
          "dti": 154,
          "sco": 28,
          "dco": 783,
          "txt": "team"
        },
        {
          "si": 9,
          "sti": 5,
          "dti": 155,
          "sco": 33,
          "dco": 788,
          "txt": "and"
        },
        {
          "si": 9,
          "sti": 6,
          "dti": 156,
          "sco": 37,
          "dco": 792,
          "txt": "earned"
        },
        {
          "si": 9,
          "sti": 7,
          "dti": 157,
          "sco": 44,
          "dco": 799,
          "txt": "the"
        },
        {
          "si": 9,
          "sti": 8,
          "dti": 158,
          "sco": 48,
          "dco": 803,
          "txt": "nickname"
        },
        {
          "si": 9,
          "sti": 9,
          "dti": 159,
          "sco": 57,
          "dco": 812,
          "txt": "\""
        },
        {
          "si": 9,
          "sti": 10,
          "dti": 160,
          "sco": 58,
          "dco": 813,
          "txt": "el"
        },
        {
          "si": 9,
          "sti": 11,
          "dti": 161,
          "sco": 61,
          "dco": 816,
          "txt": "Capit"
        },
        {
          "si": 9,
          "sti": 12,
          "dti": 162,
          "sco": 66,
          "dco": 821,
          "txt": "á"
        },
        {
          "si": 9,
          "sti": 13,
          "dti": 163,
          "sco": 67,
          "dco": 822,
          "txt": "n"
        },
        {
          "si": 9,
          "sti": 14,
          "dti": 164,
          "sco": 68,
          "dco": 823,
          "txt": "\""
        },
        {
          "si": 9,
          "sti": 15,
          "dti": 165,
          "sco": 69,
          "dco": 824,
          "txt": "."
        },
        {
          "si": 10,
          "sti": 0,
          "dti": 166,
          "sco": 0,
          "dco": 826,
          "txt": "In"
        },
        {
          "si": 10,
          "sti": 1,
          "dti": 167,
          "sco": 3,
          "dco": 829,
          "txt": "late"
        },
        {
          "si": 10,
          "sti": 2,
          "dti": 168,
          "sco": 8,
          "dco": 834,
          "txt": "2010"
        },
        {
          "si": 10,
          "sti": 3,
          "dti": 169,
          "sco": 12,
          "dco": 838,
          "txt": ","
        },
        {
          "si": 10,
          "sti": 4,
          "dti": 170,
          "sco": 14,
          "dco": 840,
          "txt": "he"
        },
        {
          "si": 10,
          "sti": 5,
          "dti": 171,
          "sco": 17,
          "dco": 843,
          "txt": "returned"
        },
        {
          "si": 10,
          "sti": 6,
          "dti": 172,
          "sco": 26,
          "dco": 852,
          "txt": "to"
        },
        {
          "si": 10,
          "sti": 7,
          "dti": 173,
          "sco": 29,
          "dco": 855,
          "txt": "Quito"
        },
        {
          "si": 10,
          "sti": 8,
          "dti": 174,
          "sco": 35,
          "dco": 861,
          "txt": "when"
        },
        {
          "si": 10,
          "sti": 9,
          "dti": 175,
          "sco": 40,
          "dco": 866,
          "txt": "he"
        },
        {
          "si": 10,
          "sti": 10,
          "dti": 176,
          "sco": 43,
          "dco": 869,
          "txt": "signed"
        },
        {
          "si": 10,
          "sti": 11,
          "dti": 177,
          "sco": 50,
          "dco": 876,
          "txt": "a"
        },
        {
          "si": 10,
          "sti": 12,
          "dti": 178,
          "sco": 52,
          "dco": 878,
          "txt": "five"
        },
        {
          "si": 10,
          "sti": 13,
          "dti": 179,
          "sco": 56,
          "dco": 882,
          "txt": "-"
        },
        {
          "si": 10,
          "sti": 14,
          "dti": 180,
          "sco": 57,
          "dco": 883,
          "txt": "year"
        },
        {
          "si": 10,
          "sti": 15,
          "dti": 181,
          "sco": 62,
          "dco": 888,
          "txt": "contract"
        },
        {
          "si": 10,
          "sti": 16,
          "dti": 182,
          "sco": 71,
          "dco": 897,
          "txt": "with"
        },
        {
          "si": 10,
          "sti": 17,
          "dti": 183,
          "sco": 76,
          "dco": 902,
          "txt": "LDU"
        },
        {
          "si": 10,
          "sti": 18,
          "dti": 184,
          "sco": 80,
          "dco": 906,
          "txt": "Quito"
        },
        {
          "si": 10,
          "sti": 19,
          "dti": 185,
          "sco": 86,
          "dco": 912,
          "txt": "starting"
        },
        {
          "si": 10,
          "sti": 20,
          "dti": 186,
          "sco": 95,
          "dco": 921,
          "txt": "in"
        },
        {
          "si": 10,
          "sti": 21,
          "dti": 187,
          "sco": 98,
          "dco": 924,
          "txt": "the"
        },
        {
          "si": 10,
          "sti": 22,
          "dti": 188,
          "sco": 102,
          "dco": 928,
          "txt": "2011"
        },
        {
          "si": 10,
          "sti": 23,
          "dti": 189,
          "sco": 107,
          "dco": 933,
          "txt": "season"
        },
        {
          "si": 10,
          "sti": 24,
          "dti": 190,
          "sco": 113,
          "dco": 939,
          "txt": "."
        },
        {
          "si": 11,
          "sti": 0,
          "dti": 191,
          "sco": 0,
          "dco": 941,
          "txt": "International"
        },
        {
          "si": 11,
          "sti": 1,
          "dti": 192,
          "sco": 14,
          "dco": 955,
          "txt": "career"
        },
        {
          "si": 11,
          "sti": 2,
          "dti": 193,
          "sco": 20,
          "dco": 961,
          "txt": "."
        },
        {
          "si": 12,
          "sti": 0,
          "dti": 194,
          "sco": 0,
          "dco": 963,
          "txt": "Fernando"
        },
        {
          "si": 12,
          "sti": 1,
          "dti": 195,
          "sco": 9,
          "dco": 972,
          "txt": "also"
        },
        {
          "si": 12,
          "sti": 2,
          "dti": 196,
          "sco": 14,
          "dco": 977,
          "txt": "was"
        },
        {
          "si": 12,
          "sti": 3,
          "dti": 197,
          "sco": 18,
          "dco": 981,
          "txt": "included"
        },
        {
          "si": 12,
          "sti": 4,
          "dti": 198,
          "sco": 27,
          "dco": 990,
          "txt": "in"
        },
        {
          "si": 12,
          "sti": 5,
          "dti": 199,
          "sco": 30,
          "dco": 993,
          "txt": "Ecuador"
        },
        {
          "si": 12,
          "sti": 6,
          "dti": 200,
          "sco": 37,
          "dco": 1000,
          "txt": "'"
        },
        {
          "si": 12,
          "sti": 7,
          "dti": 201,
          "sco": 38,
          "dco": 1001,
          "txt": "s"
        },
        {
          "si": 12,
          "sti": 8,
          "dti": 202,
          "sco": 40,
          "dco": 1003,
          "txt": "2010"
        },
        {
          "si": 12,
          "sti": 9,
          "dti": 203,
          "sco": 45,
          "dco": 1008,
          "txt": "World"
        },
        {
          "si": 12,
          "sti": 10,
          "dti": 204,
          "sco": 51,
          "dco": 1014,
          "txt": "Cup"
        },
        {
          "si": 12,
          "sti": 11,
          "dti": 205,
          "sco": 55,
          "dco": 1018,
          "txt": "qualifying"
        },
        {
          "si": 12,
          "sti": 12,
          "dti": 206,
          "sco": 66,
          "dco": 1029,
          "txt": "campaign"
        },
        {
          "si": 12,
          "sti": 13,
          "dti": 207,
          "sco": 74,
          "dco": 1037,
          "txt": "."
        },
        {
          "si": 13,
          "sti": 0,
          "dti": 208,
          "sco": 0,
          "dco": 1039,
          "txt": "In"
        },
        {
          "si": 13,
          "sti": 1,
          "dti": 209,
          "sco": 3,
          "dco": 1042,
          "txt": "November"
        },
        {
          "si": 13,
          "sti": 2,
          "dti": 210,
          "sco": 12,
          "dco": 1051,
          "txt": "2008"
        },
        {
          "si": 13,
          "sti": 3,
          "dti": 211,
          "sco": 16,
          "dco": 1055,
          "txt": ","
        },
        {
          "si": 13,
          "sti": 4,
          "dti": 212,
          "sco": 18,
          "dco": 1057,
          "txt": "he"
        },
        {
          "si": 13,
          "sti": 5,
          "dti": 213,
          "sco": 21,
          "dco": 1060,
          "txt": "was"
        },
        {
          "si": 13,
          "sti": 6,
          "dti": 214,
          "sco": 25,
          "dco": 1064,
          "txt": "called"
        },
        {
          "si": 13,
          "sti": 7,
          "dti": 215,
          "sco": 32,
          "dco": 1071,
          "txt": "up"
        },
        {
          "si": 13,
          "sti": 8,
          "dti": 216,
          "sco": 35,
          "dco": 1074,
          "txt": "to"
        },
        {
          "si": 13,
          "sti": 9,
          "dti": 217,
          "sco": 38,
          "dco": 1077,
          "txt": "take"
        },
        {
          "si": 13,
          "sti": 10,
          "dti": 218,
          "sco": 43,
          "dco": 1082,
          "txt": "action"
        },
        {
          "si": 13,
          "sti": 11,
          "dti": 219,
          "sco": 50,
          "dco": 1089,
          "txt": "in"
        },
        {
          "si": 13,
          "sti": 12,
          "dti": 220,
          "sco": 53,
          "dco": 1092,
          "txt": "a"
        },
        {
          "si": 13,
          "sti": 13,
          "dti": 221,
          "sco": 55,
          "dco": 1094,
          "txt": "friendly"
        },
        {
          "si": 13,
          "sti": 14,
          "dti": 222,
          "sco": 64,
          "dco": 1103,
          "txt": "against"
        },
        {
          "si": 13,
          "sti": 15,
          "dti": 223,
          "sco": 72,
          "dco": 1111,
          "txt": "Mexico"
        },
        {
          "si": 13,
          "sti": 16,
          "dti": 224,
          "sco": 78,
          "dco": 1117,
          "txt": "."
        }
      ]
    },
    "ganns": {
      "dla": [],
      "la": [],
      "ea": [],
      "eta": [
        {
          "ra": {
            "ea": {
              "etn": "Fernando_Hidalgo"
            }
          },
          "sfs": [
            [
              {
                "stn": "birthYear"
              },
              {
                "dla": {
                  "txt": {
                    "sff": "1985"
                  },
                  "et": {
                    "etn": "BirthYear"
                  },
                  "dp": {
                    "off": 67
                  }
                }
              }
            ],
            [
              {
                "stn": "deathYear"
              },
              {}
            ]
          ],
          "mfs": [
            [
              {
                "stn": "birthPlaces"
              },
              {
                "dla": [],
                "la": [],
                "ea": [
                  {
                    "etn": "Ecuador"
                  },
                  {
                    "etn": "Quito"
                  }
                ],
                "eta": []
              }
            ],
            [
              {
                "stn": "teams"
              },
              {
                "dla": [],
                "la": [],
                "ea": [
                  {
                    "etn": "Ecuador_national_football_team"
                  },
                  {
                    "etn": "Tungurahua_Sporting_Club"
                  },
                  {
                    "etn": "Barcelona_Sporting_Club"
                  }
                ],
                "eta": []
              }
            ],
            [
              {
                "stn": "positions"
              },
              {
                "dla": [],
                "la": [],
                "ea": [
                  {
                    "etn": "Midfielder"
                  }
                ],
                "eta": []
              }
            ]
          ]
        }
      ]
    }
  }
]
