[
  {
    "context": "DEVELOPMENT",
    "doc": {
      "id": "Fons_Pelser",
      "tl": [
        {
          "si": 0,
          "sti": 0,
          "dti": 0,
          "sco": 0,
          "dco": 0,
          "txt": "Fons"
        },
        {
          "si": 0,
          "sti": 1,
          "dti": 1,
          "sco": 5,
          "dco": 5,
          "txt": "Pelser"
        },
        {
          "si": 0,
          "sti": 2,
          "dti": 2,
          "sco": 11,
          "dco": 11,
          "txt": "."
        },
        {
          "si": 1,
          "sti": 0,
          "dti": 3,
          "sco": 0,
          "dco": 13,
          "txt": "Alphonsus"
        },
        {
          "si": 1,
          "sti": 1,
          "dti": 4,
          "sco": 10,
          "dco": 23,
          "txt": "Johannes"
        },
        {
          "si": 1,
          "sti": 2,
          "dti": 5,
          "sco": 19,
          "dco": 32,
          "txt": "Maria"
        },
        {
          "si": 1,
          "sti": 3,
          "dti": 6,
          "sco": 25,
          "dco": 38,
          "txt": "Pelser"
        },
        {
          "si": 1,
          "sti": 4,
          "dti": 7,
          "sco": 31,
          "dco": 44,
          "txt": ","
        },
        {
          "si": 1,
          "sti": 5,
          "dti": 8,
          "sco": 33,
          "dco": 46,
          "txt": "known"
        },
        {
          "si": 1,
          "sti": 6,
          "dti": 9,
          "sco": 39,
          "dco": 52,
          "txt": "as"
        },
        {
          "si": 1,
          "sti": 7,
          "dti": 10,
          "sco": 42,
          "dco": 55,
          "txt": "Fons"
        },
        {
          "si": 1,
          "sti": 8,
          "dti": 11,
          "sco": 47,
          "dco": 60,
          "txt": "Pelser"
        },
        {
          "si": 1,
          "sti": 9,
          "dti": 12,
          "sco": 53,
          "dco": 66,
          "txt": ","
        },
        {
          "si": 1,
          "sti": 10,
          "dti": 13,
          "sco": 55,
          "dco": 68,
          "txt": "("
        },
        {
          "si": 1,
          "sti": 11,
          "dti": 14,
          "sco": 56,
          "dco": 69,
          "txt": "28"
        },
        {
          "si": 1,
          "sti": 12,
          "dti": 15,
          "sco": 59,
          "dco": 72,
          "txt": "December"
        },
        {
          "si": 1,
          "sti": 13,
          "dti": 16,
          "sco": 68,
          "dco": 81,
          "txt": "1893"
        },
        {
          "si": 1,
          "sti": 14,
          "dti": 17,
          "sco": 73,
          "dco": 86,
          "txt": "–"
        },
        {
          "si": 1,
          "sti": 15,
          "dti": 18,
          "sco": 75,
          "dco": 88,
          "txt": "3"
        },
        {
          "si": 1,
          "sti": 16,
          "dti": 19,
          "sco": 77,
          "dco": 90,
          "txt": "July"
        },
        {
          "si": 1,
          "sti": 17,
          "dti": 20,
          "sco": 82,
          "dco": 95,
          "txt": "1974"
        },
        {
          "si": 1,
          "sti": 18,
          "dti": 21,
          "sco": 86,
          "dco": 99,
          "txt": ")"
        },
        {
          "si": 1,
          "sti": 19,
          "dti": 22,
          "sco": 88,
          "dco": 101,
          "txt": "was"
        },
        {
          "si": 1,
          "sti": 20,
          "dti": 23,
          "sco": 92,
          "dco": 105,
          "txt": "a"
        },
        {
          "si": 1,
          "sti": 21,
          "dti": 24,
          "sco": 94,
          "dco": 107,
          "txt": "Dutch"
        },
        {
          "si": 1,
          "sti": 22,
          "dti": 25,
          "sco": 100,
          "dco": 113,
          "txt": "footballer"
        },
        {
          "si": 1,
          "sti": 23,
          "dti": 26,
          "sco": 111,
          "dco": 124,
          "txt": "Career"
        },
        {
          "si": 1,
          "sti": 24,
          "dti": 27,
          "sco": 117,
          "dco": 130,
          "txt": "."
        },
        {
          "si": 2,
          "sti": 0,
          "dti": 28,
          "sco": 0,
          "dco": 132,
          "txt": "Pelser"
        },
        {
          "si": 2,
          "sti": 1,
          "dti": 29,
          "sco": 7,
          "dco": 139,
          "txt": "played"
        },
        {
          "si": 2,
          "sti": 2,
          "dti": 30,
          "sco": 14,
          "dco": 146,
          "txt": "for"
        },
        {
          "si": 2,
          "sti": 3,
          "dti": 31,
          "sco": 18,
          "dco": 150,
          "txt": "Ajax"
        },
        {
          "si": 2,
          "sti": 4,
          "dti": 32,
          "sco": 23,
          "dco": 155,
          "txt": "as"
        },
        {
          "si": 2,
          "sti": 5,
          "dti": 33,
          "sco": 26,
          "dco": 158,
          "txt": "a"
        },
        {
          "si": 2,
          "sti": 6,
          "dti": 34,
          "sco": 28,
          "dco": 160,
          "txt": "right"
        },
        {
          "si": 2,
          "sti": 7,
          "dti": 35,
          "sco": 34,
          "dco": 166,
          "txt": "back"
        },
        {
          "si": 2,
          "sti": 8,
          "dti": 36,
          "sco": 38,
          "dco": 170,
          "txt": ","
        },
        {
          "si": 2,
          "sti": 9,
          "dti": 37,
          "sco": 40,
          "dco": 172,
          "txt": "making"
        },
        {
          "si": 2,
          "sti": 10,
          "dti": 38,
          "sco": 47,
          "dco": 179,
          "txt": "his"
        },
        {
          "si": 2,
          "sti": 11,
          "dti": 39,
          "sco": 51,
          "dco": 183,
          "txt": "senior"
        },
        {
          "si": 2,
          "sti": 12,
          "dti": 40,
          "sco": 58,
          "dco": 190,
          "txt": "debut"
        },
        {
          "si": 2,
          "sti": 13,
          "dti": 41,
          "sco": 64,
          "dco": 196,
          "txt": "in"
        },
        {
          "si": 2,
          "sti": 14,
          "dti": 42,
          "sco": 67,
          "dco": 199,
          "txt": "1913"
        },
        {
          "si": 2,
          "sti": 15,
          "dti": 43,
          "sco": 71,
          "dco": 203,
          "txt": "."
        },
        {
          "si": 3,
          "sti": 0,
          "dti": 44,
          "sco": 0,
          "dco": 205,
          "txt": "He"
        },
        {
          "si": 3,
          "sti": 1,
          "dti": 45,
          "sco": 3,
          "dco": 208,
          "txt": "also"
        },
        {
          "si": 3,
          "sti": 2,
          "dti": 46,
          "sco": 8,
          "dco": 213,
          "txt": "appeared"
        },
        {
          "si": 3,
          "sti": 3,
          "dti": 47,
          "sco": 17,
          "dco": 222,
          "txt": "for"
        },
        {
          "si": 3,
          "sti": 4,
          "dti": 48,
          "sco": 21,
          "dco": 226,
          "txt": "the"
        },
        {
          "si": 3,
          "sti": 5,
          "dti": 49,
          "sco": 25,
          "dco": 230,
          "txt": "Dutch"
        },
        {
          "si": 3,
          "sti": 6,
          "dti": 50,
          "sco": 31,
          "dco": 236,
          "txt": "national"
        },
        {
          "si": 3,
          "sti": 7,
          "dti": 51,
          "sco": 40,
          "dco": 245,
          "txt": "side"
        },
        {
          "si": 3,
          "sti": 8,
          "dti": 52,
          "sco": 45,
          "dco": 250,
          "txt": "on"
        },
        {
          "si": 3,
          "sti": 9,
          "dti": 53,
          "sco": 48,
          "dco": 253,
          "txt": "six"
        },
        {
          "si": 3,
          "sti": 10,
          "dti": 54,
          "sco": 52,
          "dco": 257,
          "txt": "occasions"
        },
        {
          "si": 3,
          "sti": 11,
          "dti": 55,
          "sco": 61,
          "dco": 266,
          "txt": "."
        },
        {
          "si": 4,
          "sti": 0,
          "dti": 56,
          "sco": 0,
          "dco": 268,
          "txt": "Pelser"
        },
        {
          "si": 4,
          "sti": 1,
          "dti": 57,
          "sco": 7,
          "dco": 275,
          "txt": "suddenly"
        },
        {
          "si": 4,
          "sti": 2,
          "dti": 58,
          "sco": 16,
          "dco": 284,
          "txt": "retired"
        },
        {
          "si": 4,
          "sti": 3,
          "dti": 59,
          "sco": 24,
          "dco": 292,
          "txt": "from"
        },
        {
          "si": 4,
          "sti": 4,
          "dti": 60,
          "sco": 29,
          "dco": 297,
          "txt": "football"
        },
        {
          "si": 4,
          "sti": 5,
          "dti": 61,
          "sco": 38,
          "dco": 306,
          "txt": "in"
        },
        {
          "si": 4,
          "sti": 6,
          "dti": 62,
          "sco": 41,
          "dco": 309,
          "txt": "1926"
        },
        {
          "si": 4,
          "sti": 7,
          "dti": 63,
          "sco": 45,
          "dco": 313,
          "txt": ","
        },
        {
          "si": 4,
          "sti": 8,
          "dti": 64,
          "sco": 47,
          "dco": 315,
          "txt": "leaving"
        },
        {
          "si": 4,
          "sti": 9,
          "dti": 65,
          "sco": 55,
          "dco": 323,
          "txt": "Ajax"
        },
        {
          "si": 4,
          "sti": 10,
          "dti": 66,
          "sco": 60,
          "dco": 328,
          "txt": "Football"
        },
        {
          "si": 4,
          "sti": 11,
          "dti": 67,
          "sco": 69,
          "dco": 337,
          "txt": "Club"
        },
        {
          "si": 4,
          "sti": 12,
          "dti": 68,
          "sco": 74,
          "dco": 342,
          "txt": "until"
        },
        {
          "si": 4,
          "sti": 13,
          "dti": 69,
          "sco": 80,
          "dco": 348,
          "txt": "being"
        },
        {
          "si": 4,
          "sti": 14,
          "dti": 70,
          "sco": 86,
          "dco": 354,
          "txt": "appointed"
        },
        {
          "si": 4,
          "sti": 15,
          "dti": 71,
          "sco": 96,
          "dco": 364,
          "txt": "a"
        },
        {
          "si": 4,
          "sti": 16,
          "dti": 72,
          "sco": 98,
          "dco": 366,
          "txt": "Member"
        },
        {
          "si": 4,
          "sti": 17,
          "dti": 73,
          "sco": 105,
          "dco": 373,
          "txt": "of"
        },
        {
          "si": 4,
          "sti": 18,
          "dti": 74,
          "sco": 108,
          "dco": 376,
          "txt": "Merit"
        },
        {
          "si": 4,
          "sti": 19,
          "dti": 75,
          "sco": 114,
          "dco": 382,
          "txt": "in"
        },
        {
          "si": 4,
          "sti": 20,
          "dti": 76,
          "sco": 117,
          "dco": 385,
          "txt": "1938"
        },
        {
          "si": 4,
          "sti": 21,
          "dti": 77,
          "sco": 121,
          "dco": 389,
          "txt": "."
        },
        {
          "si": 5,
          "sti": 0,
          "dti": 78,
          "sco": 0,
          "dco": 391,
          "txt": "Personal"
        },
        {
          "si": 5,
          "sti": 1,
          "dti": 79,
          "sco": 9,
          "dco": 400,
          "txt": "life"
        },
        {
          "si": 5,
          "sti": 2,
          "dti": 80,
          "sco": 13,
          "dco": 404,
          "txt": "."
        },
        {
          "si": 6,
          "sti": 0,
          "dti": 81,
          "sco": 0,
          "dco": 406,
          "txt": "His"
        },
        {
          "si": 6,
          "sti": 1,
          "dti": 82,
          "sco": 4,
          "dco": 410,
          "txt": "brothers"
        },
        {
          "si": 6,
          "sti": 2,
          "dti": 83,
          "sco": 13,
          "dco": 419,
          "txt": "Jan"
        },
        {
          "si": 6,
          "sti": 3,
          "dti": 84,
          "sco": 16,
          "dco": 422,
          "txt": ","
        },
        {
          "si": 6,
          "sti": 4,
          "dti": 85,
          "sco": 18,
          "dco": 424,
          "txt": "Adriaan"
        },
        {
          "si": 6,
          "sti": 5,
          "dti": 86,
          "sco": 26,
          "dco": 432,
          "txt": "and"
        },
        {
          "si": 6,
          "sti": 6,
          "dti": 87,
          "sco": 30,
          "dco": 436,
          "txt": "Joop"
        },
        {
          "si": 6,
          "sti": 7,
          "dti": 88,
          "sco": 35,
          "dco": 441,
          "txt": "were"
        },
        {
          "si": 6,
          "sti": 8,
          "dti": 89,
          "sco": 40,
          "dco": 446,
          "txt": "also"
        },
        {
          "si": 6,
          "sti": 9,
          "dti": 90,
          "sco": 45,
          "dco": 451,
          "txt": "all"
        },
        {
          "si": 6,
          "sti": 10,
          "dti": 91,
          "sco": 49,
          "dco": 455,
          "txt": "footballers"
        },
        {
          "si": 6,
          "sti": 11,
          "dti": 92,
          "sco": 61,
          "dco": 467,
          "txt": "for"
        },
        {
          "si": 6,
          "sti": 12,
          "dti": 93,
          "sco": 65,
          "dco": 471,
          "txt": "Ajax"
        },
        {
          "si": 6,
          "sti": 13,
          "dti": 94,
          "sco": 69,
          "dco": 475,
          "txt": ","
        },
        {
          "si": 6,
          "sti": 14,
          "dti": 95,
          "sco": 71,
          "dco": 477,
          "txt": "as"
        },
        {
          "si": 6,
          "sti": 15,
          "dti": 96,
          "sco": 74,
          "dco": 480,
          "txt": "was"
        },
        {
          "si": 6,
          "sti": 16,
          "dti": 97,
          "sco": 78,
          "dco": 484,
          "txt": "his"
        },
        {
          "si": 6,
          "sti": 17,
          "dti": 98,
          "sco": 82,
          "dco": 488,
          "txt": "nephew"
        },
        {
          "si": 6,
          "sti": 18,
          "dti": 99,
          "sco": 89,
          "dco": 495,
          "txt": "Harry"
        },
        {
          "si": 6,
          "sti": 19,
          "dti": 100,
          "sco": 94,
          "dco": 500,
          "txt": "."
        },
        {
          "si": 7,
          "sti": 0,
          "dti": 101,
          "sco": 0,
          "dco": 502,
          "txt": "Fons"
        },
        {
          "si": 7,
          "sti": 1,
          "dti": 102,
          "sco": 5,
          "dco": 507,
          "txt": "was"
        },
        {
          "si": 7,
          "sti": 2,
          "dti": 103,
          "sco": 9,
          "dco": 511,
          "txt": "the"
        },
        {
          "si": 7,
          "sti": 3,
          "dti": 104,
          "sco": 13,
          "dco": 515,
          "txt": "youngest"
        },
        {
          "si": 7,
          "sti": 4,
          "dti": 105,
          "sco": 22,
          "dco": 524,
          "txt": "of"
        },
        {
          "si": 7,
          "sti": 5,
          "dti": 106,
          "sco": 25,
          "dco": 527,
          "txt": "the"
        },
        {
          "si": 7,
          "sti": 6,
          "dti": 107,
          "sco": 29,
          "dco": 531,
          "txt": "four"
        },
        {
          "si": 7,
          "sti": 7,
          "dti": 108,
          "sco": 34,
          "dco": 536,
          "txt": "brothers"
        },
        {
          "si": 7,
          "sti": 8,
          "dti": 109,
          "sco": 42,
          "dco": 544,
          "txt": "."
        }
      ]
    },
    "ganns": {
      "dla": [],
      "la": [],
      "ea": [],
      "eta": [
        {
          "ra": {
            "ea": {
              "etn": "Fons_Pelser"
            }
          },
          "sfs": [
            [
              {
                "stn": "birthYear"
              },
              {
                "dla": {
                  "txt": {
                    "sff": "1893"
                  },
                  "et": {
                    "etn": "BirthYear"
                  },
                  "dp": {
                    "off": 81
                  }
                }
              }
            ],
            [
              {
                "stn": "deathYear"
              },
              {
                "dla": {
                  "txt": {
                    "sff": "1974"
                  },
                  "et": {
                    "etn": "DeathYear"
                  },
                  "dp": {
                    "off": 95
                  }
                }
              }
            ]
          ],
          "mfs": [
            [
              {
                "stn": "birthPlaces"
              },
              {
                "dla": [],
                "la": [],
                "ea": [
                  {
                    "etn": "Netherlands"
                  }
                ],
                "eta": []
              }
            ],
            [
              {
                "stn": "teams"
              },
              {
                "dla": [],
                "la": [],
                "ea": [
                  {
                    "etn": "Netherlands_national_football_team"
                  },
                  {
                    "etn": "AFC_Ajax"
                  }
                ],
                "eta": []
              }
            ],
            [
              {
                "stn": "positions"
              },
              {
                "dla": [],
                "la": [],
                "ea": [
                  {
                    "etn": "Defender_(association_football)"
                  }
                ],
                "eta": []
              }
            ]
          ]
        }
      ]
    }
  }
]
