[
  {
    "context": "TEST",
    "doc": {
      "id": "Frank_Blew",
      "tl": [
        {
          "si": 0,
          "sti": 0,
          "dti": 0,
          "sco": 0,
          "dco": 0,
          "txt": "Frank"
        },
        {
          "si": 0,
          "sti": 1,
          "dti": 1,
          "sco": 6,
          "dco": 6,
          "txt": "Blew"
        },
        {
          "si": 0,
          "sti": 2,
          "dti": 2,
          "sco": 10,
          "dco": 10,
          "txt": "."
        },
        {
          "si": 1,
          "sti": 0,
          "dti": 3,
          "sco": 0,
          "dco": 12,
          "txt": "Frank"
        },
        {
          "si": 1,
          "sti": 1,
          "dti": 4,
          "sco": 6,
          "dco": 18,
          "txt": "William"
        },
        {
          "si": 1,
          "sti": 2,
          "dti": 5,
          "sco": 14,
          "dco": 26,
          "txt": "Elford"
        },
        {
          "si": 1,
          "sti": 3,
          "dti": 6,
          "sco": 21,
          "dco": 33,
          "txt": "Blew"
        },
        {
          "si": 1,
          "sti": 4,
          "dti": 7,
          "sco": 26,
          "dco": 38,
          "txt": "("
        },
        {
          "si": 1,
          "sti": 5,
          "dti": 8,
          "sco": 27,
          "dco": 39,
          "txt": "1902"
        },
        {
          "si": 1,
          "sti": 6,
          "dti": 9,
          "sco": 31,
          "dco": 43,
          "txt": "–"
        },
        {
          "si": 1,
          "sti": 7,
          "dti": 10,
          "sco": 32,
          "dco": 44,
          "txt": "1968"
        },
        {
          "si": 1,
          "sti": 8,
          "dti": 11,
          "sco": 36,
          "dco": 48,
          "txt": ")"
        },
        {
          "si": 1,
          "sti": 9,
          "dti": 12,
          "sco": 38,
          "dco": 50,
          "txt": "was"
        },
        {
          "si": 1,
          "sti": 10,
          "dti": 13,
          "sco": 42,
          "dco": 54,
          "txt": "a"
        },
        {
          "si": 1,
          "sti": 11,
          "dti": 14,
          "sco": 44,
          "dco": 56,
          "txt": "Welsh"
        },
        {
          "si": 1,
          "sti": 12,
          "dti": 15,
          "sco": 50,
          "dco": 62,
          "txt": "footballer"
        },
        {
          "si": 1,
          "sti": 13,
          "dti": 16,
          "sco": 61,
          "dco": 73,
          "txt": "who"
        },
        {
          "si": 1,
          "sti": 14,
          "dti": 17,
          "sco": 65,
          "dco": 77,
          "txt": "played"
        },
        {
          "si": 1,
          "sti": 15,
          "dti": 18,
          "sco": 72,
          "dco": 84,
          "txt": "as"
        },
        {
          "si": 1,
          "sti": 16,
          "dti": 19,
          "sco": 75,
          "dco": 87,
          "txt": "either"
        },
        {
          "si": 1,
          "sti": 17,
          "dti": 20,
          "sco": 82,
          "dco": 94,
          "txt": "a"
        },
        {
          "si": 1,
          "sti": 18,
          "dti": 21,
          "sco": 84,
          "dco": 96,
          "txt": "left"
        },
        {
          "si": 1,
          "sti": 19,
          "dti": 22,
          "sco": 88,
          "dco": 100,
          "txt": "-"
        },
        {
          "si": 1,
          "sti": 20,
          "dti": 23,
          "sco": 89,
          "dco": 101,
          "txt": "back"
        },
        {
          "si": 1,
          "sti": 21,
          "dti": 24,
          "sco": 94,
          "dco": 106,
          "txt": "or"
        },
        {
          "si": 1,
          "sti": 22,
          "dti": 25,
          "sco": 97,
          "dco": 109,
          "txt": "centre"
        },
        {
          "si": 1,
          "sti": 23,
          "dti": 26,
          "sco": 103,
          "dco": 115,
          "txt": "-"
        },
        {
          "si": 1,
          "sti": 24,
          "dti": 27,
          "sco": 104,
          "dco": 116,
          "txt": "forward"
        },
        {
          "si": 1,
          "sti": 25,
          "dti": 28,
          "sco": 112,
          "dco": 124,
          "txt": "for"
        },
        {
          "si": 1,
          "sti": 26,
          "dti": 29,
          "sco": 116,
          "dco": 128,
          "txt": "Wrexham"
        },
        {
          "si": 1,
          "sti": 27,
          "dti": 30,
          "sco": 124,
          "dco": 136,
          "txt": "and"
        },
        {
          "si": 1,
          "sti": 28,
          "dti": 31,
          "sco": 128,
          "dco": 140,
          "txt": "Llandudno"
        },
        {
          "si": 1,
          "sti": 29,
          "dti": 32,
          "sco": 138,
          "dco": 150,
          "txt": "in"
        },
        {
          "si": 1,
          "sti": 30,
          "dti": 33,
          "sco": 141,
          "dco": 153,
          "txt": "the"
        },
        {
          "si": 1,
          "sti": 31,
          "dti": 34,
          "sco": 145,
          "dco": 157,
          "txt": "1920"
        },
        {
          "si": 1,
          "sti": 32,
          "dti": 35,
          "sco": 149,
          "dco": 161,
          "txt": "s"
        },
        {
          "si": 1,
          "sti": 33,
          "dti": 36,
          "sco": 150,
          "dco": 162,
          "txt": "."
        },
        {
          "si": 2,
          "sti": 0,
          "dti": 37,
          "sco": 0,
          "dco": 164,
          "txt": "Blew"
        },
        {
          "si": 2,
          "sti": 1,
          "dti": 38,
          "sco": 5,
          "dco": 169,
          "txt": "also"
        },
        {
          "si": 2,
          "sti": 2,
          "dti": 39,
          "sco": 10,
          "dco": 174,
          "txt": "played"
        },
        {
          "si": 2,
          "sti": 3,
          "dti": 40,
          "sco": 17,
          "dco": 181,
          "txt": "for"
        },
        {
          "si": 2,
          "sti": 4,
          "dti": 41,
          "sco": 21,
          "dco": 185,
          "txt": "the"
        },
        {
          "si": 2,
          "sti": 5,
          "dti": 42,
          "sco": 25,
          "dco": 189,
          "txt": "Wales"
        },
        {
          "si": 2,
          "sti": 6,
          "dti": 43,
          "sco": 31,
          "dco": 195,
          "txt": "Amateur"
        },
        {
          "si": 2,
          "sti": 7,
          "dti": 44,
          "sco": 39,
          "dco": 203,
          "txt": "team"
        },
        {
          "si": 2,
          "sti": 8,
          "dti": 45,
          "sco": 43,
          "dco": 207,
          "txt": "."
        },
        {
          "si": 3,
          "sti": 0,
          "dti": 46,
          "sco": 0,
          "dco": 209,
          "txt": "His"
        },
        {
          "si": 3,
          "sti": 1,
          "dti": 47,
          "sco": 4,
          "dco": 213,
          "txt": "father"
        },
        {
          "si": 3,
          "sti": 2,
          "dti": 48,
          "sco": 11,
          "dco": 220,
          "txt": "was"
        },
        {
          "si": 3,
          "sti": 3,
          "dti": 49,
          "sco": 15,
          "dco": 224,
          "txt": "Horace"
        },
        {
          "si": 3,
          "sti": 4,
          "dti": 50,
          "sco": 22,
          "dco": 231,
          "txt": "Blew"
        },
        {
          "si": 3,
          "sti": 5,
          "dti": 51,
          "sco": 26,
          "dco": 235,
          "txt": ","
        },
        {
          "si": 3,
          "sti": 6,
          "dti": 52,
          "sco": 28,
          "dco": 237,
          "txt": "also"
        },
        {
          "si": 3,
          "sti": 7,
          "dti": 53,
          "sco": 33,
          "dco": 242,
          "txt": "a"
        },
        {
          "si": 3,
          "sti": 8,
          "dti": 54,
          "sco": 35,
          "dco": 244,
          "txt": "footballer"
        },
        {
          "si": 3,
          "sti": 9,
          "dti": 55,
          "sco": 46,
          "dco": 255,
          "txt": "who"
        },
        {
          "si": 3,
          "sti": 10,
          "dti": 56,
          "sco": 50,
          "dco": 259,
          "txt": "played"
        },
        {
          "si": 3,
          "sti": 11,
          "dti": 57,
          "sco": 57,
          "dco": 266,
          "txt": "at"
        },
        {
          "si": 3,
          "sti": 12,
          "dti": 58,
          "sco": 60,
          "dco": 269,
          "txt": "full"
        },
        {
          "si": 3,
          "sti": 13,
          "dti": 59,
          "sco": 64,
          "dco": 273,
          "txt": "-"
        },
        {
          "si": 3,
          "sti": 14,
          "dti": 60,
          "sco": 65,
          "dco": 274,
          "txt": "back"
        },
        {
          "si": 3,
          "sti": 15,
          "dti": 61,
          "sco": 70,
          "dco": 279,
          "txt": "for"
        },
        {
          "si": 3,
          "sti": 16,
          "dti": 62,
          "sco": 74,
          "dco": 283,
          "txt": "Wrexham"
        },
        {
          "si": 3,
          "sti": 17,
          "dti": 63,
          "sco": 81,
          "dco": 290,
          "txt": ","
        },
        {
          "si": 3,
          "sti": 18,
          "dti": 64,
          "sco": 83,
          "dco": 292,
          "txt": "Manchester"
        },
        {
          "si": 3,
          "sti": 19,
          "dti": 65,
          "sco": 94,
          "dco": 303,
          "txt": "United"
        },
        {
          "si": 3,
          "sti": 20,
          "dti": 66,
          "sco": 100,
          "dco": 309,
          "txt": ","
        },
        {
          "si": 3,
          "sti": 21,
          "dti": 67,
          "sco": 102,
          "dco": 311,
          "txt": "Manchester"
        },
        {
          "si": 3,
          "sti": 22,
          "dti": 68,
          "sco": 113,
          "dco": 322,
          "txt": "City"
        },
        {
          "si": 3,
          "sti": 23,
          "dti": 69,
          "sco": 118,
          "dco": 327,
          "txt": "and"
        },
        {
          "si": 3,
          "sti": 24,
          "dti": 70,
          "sco": 122,
          "dco": 331,
          "txt": "the"
        },
        {
          "si": 3,
          "sti": 25,
          "dti": 71,
          "sco": 126,
          "dco": 335,
          "txt": "Welsh"
        },
        {
          "si": 3,
          "sti": 26,
          "dti": 72,
          "sco": 132,
          "dco": 341,
          "txt": "national"
        },
        {
          "si": 3,
          "sti": 27,
          "dti": 73,
          "sco": 141,
          "dco": 350,
          "txt": "team"
        },
        {
          "si": 3,
          "sti": 28,
          "dti": 74,
          "sco": 145,
          "dco": 354,
          "txt": "."
        },
        {
          "si": 4,
          "sti": 0,
          "dti": 75,
          "sco": 0,
          "dco": 356,
          "txt": "Born"
        },
        {
          "si": 4,
          "sti": 1,
          "dti": 76,
          "sco": 5,
          "dco": 361,
          "txt": "in"
        },
        {
          "si": 4,
          "sti": 2,
          "dti": 77,
          "sco": 8,
          "dco": 364,
          "txt": "Wrexham"
        },
        {
          "si": 4,
          "sti": 3,
          "dti": 78,
          "sco": 15,
          "dco": 371,
          "txt": ","
        },
        {
          "si": 4,
          "sti": 4,
          "dti": 79,
          "sco": 17,
          "dco": 373,
          "txt": "Blew"
        },
        {
          "si": 4,
          "sti": 5,
          "dti": 80,
          "sco": 22,
          "dco": 378,
          "txt": "began"
        },
        {
          "si": 4,
          "sti": 6,
          "dti": 81,
          "sco": 28,
          "dco": 384,
          "txt": "his"
        },
        {
          "si": 4,
          "sti": 7,
          "dti": 82,
          "sco": 32,
          "dco": 388,
          "txt": "career"
        },
        {
          "si": 4,
          "sti": 8,
          "dti": 83,
          "sco": 39,
          "dco": 395,
          "txt": "with"
        },
        {
          "si": 4,
          "sti": 9,
          "dti": 84,
          "sco": 44,
          "dco": 400,
          "txt": "his"
        },
        {
          "si": 4,
          "sti": 10,
          "dti": 85,
          "sco": 48,
          "dco": 404,
          "txt": "local"
        },
        {
          "si": 4,
          "sti": 11,
          "dti": 86,
          "sco": 54,
          "dco": 410,
          "txt": "club"
        },
        {
          "si": 4,
          "sti": 12,
          "dti": 87,
          "sco": 58,
          "dco": 414,
          "txt": ","
        },
        {
          "si": 4,
          "sti": 13,
          "dti": 88,
          "sco": 60,
          "dco": 416,
          "txt": "Wrexham"
        },
        {
          "si": 4,
          "sti": 14,
          "dti": 89,
          "sco": 68,
          "dco": 424,
          "txt": "F"
        },
        {
          "si": 4,
          "sti": 15,
          "dti": 90,
          "sco": 69,
          "dco": 425,
          "txt": "."
        },
        {
          "si": 4,
          "sti": 16,
          "dti": 91,
          "sco": 70,
          "dco": 426,
          "txt": "C"
        },
        {
          "si": 4,
          "sti": 17,
          "dti": 92,
          "sco": 71,
          "dco": 427,
          "txt": "."
        },
        {
          "si": 4,
          "sti": 18,
          "dti": 93,
          "sco": 73,
          "dco": 429,
          "txt": "in"
        },
        {
          "si": 4,
          "sti": 19,
          "dti": 94,
          "sco": 76,
          "dco": 432,
          "txt": "1921"
        },
        {
          "si": 4,
          "sti": 20,
          "dti": 95,
          "sco": 80,
          "dco": 436,
          "txt": "."
        },
        {
          "si": 5,
          "sti": 0,
          "dti": 96,
          "sco": 0,
          "dco": 438,
          "txt": "He"
        },
        {
          "si": 5,
          "sti": 1,
          "dti": 97,
          "sco": 3,
          "dco": 441,
          "txt": "made"
        },
        {
          "si": 5,
          "sti": 2,
          "dti": 98,
          "sco": 8,
          "dco": 446,
          "txt": "five"
        },
        {
          "si": 5,
          "sti": 3,
          "dti": 99,
          "sco": 13,
          "dco": 451,
          "txt": "appearances"
        },
        {
          "si": 5,
          "sti": 4,
          "dti": 100,
          "sco": 25,
          "dco": 463,
          "txt": "in"
        },
        {
          "si": 5,
          "sti": 5,
          "dti": 101,
          "sco": 28,
          "dco": 466,
          "txt": "his"
        },
        {
          "si": 5,
          "sti": 6,
          "dti": 102,
          "sco": 32,
          "dco": 470,
          "txt": "first"
        },
        {
          "si": 5,
          "sti": 7,
          "dti": 103,
          "sco": 38,
          "dco": 476,
          "txt": "season"
        },
        {
          "si": 5,
          "sti": 8,
          "dti": 104,
          "sco": 44,
          "dco": 482,
          "txt": ","
        },
        {
          "si": 5,
          "sti": 9,
          "dti": 105,
          "sco": 46,
          "dco": 484,
          "txt": "scoring"
        },
        {
          "si": 5,
          "sti": 10,
          "dti": 106,
          "sco": 54,
          "dco": 492,
          "txt": "one"
        },
        {
          "si": 5,
          "sti": 11,
          "dti": 107,
          "sco": 58,
          "dco": 496,
          "txt": "goal"
        },
        {
          "si": 5,
          "sti": 12,
          "dti": 108,
          "sco": 62,
          "dco": 500,
          "txt": ","
        },
        {
          "si": 5,
          "sti": 13,
          "dti": 109,
          "sco": 64,
          "dco": 502,
          "txt": "before"
        },
        {
          "si": 5,
          "sti": 14,
          "dti": 110,
          "sco": 71,
          "dco": 509,
          "txt": "moving"
        },
        {
          "si": 5,
          "sti": 15,
          "dti": 111,
          "sco": 78,
          "dco": 516,
          "txt": "on"
        },
        {
          "si": 5,
          "sti": 16,
          "dti": 112,
          "sco": 81,
          "dco": 519,
          "txt": "to"
        },
        {
          "si": 5,
          "sti": 17,
          "dti": 113,
          "sco": 84,
          "dco": 522,
          "txt": "Llandudno"
        },
        {
          "si": 5,
          "sti": 18,
          "dti": 114,
          "sco": 94,
          "dco": 532,
          "txt": "in"
        },
        {
          "si": 5,
          "sti": 19,
          "dti": 115,
          "sco": 97,
          "dco": 535,
          "txt": "1922"
        },
        {
          "si": 5,
          "sti": 20,
          "dti": 116,
          "sco": 101,
          "dco": 539,
          "txt": "."
        },
        {
          "si": 6,
          "sti": 0,
          "dti": 117,
          "sco": 0,
          "dco": 541,
          "txt": "He"
        },
        {
          "si": 6,
          "sti": 1,
          "dti": 118,
          "sco": 3,
          "dco": 544,
          "txt": "returned"
        },
        {
          "si": 6,
          "sti": 2,
          "dti": 119,
          "sco": 12,
          "dco": 553,
          "txt": "to"
        },
        {
          "si": 6,
          "sti": 3,
          "dti": 120,
          "sco": 15,
          "dco": 556,
          "txt": "Wrexham"
        },
        {
          "si": 6,
          "sti": 4,
          "dti": 121,
          "sco": 23,
          "dco": 564,
          "txt": "a"
        },
        {
          "si": 6,
          "sti": 5,
          "dti": 122,
          "sco": 25,
          "dco": 566,
          "txt": "year"
        },
        {
          "si": 6,
          "sti": 6,
          "dti": 123,
          "sco": 30,
          "dco": 571,
          "txt": "later"
        },
        {
          "si": 6,
          "sti": 7,
          "dti": 124,
          "sco": 35,
          "dco": 576,
          "txt": ","
        },
        {
          "si": 6,
          "sti": 8,
          "dti": 125,
          "sco": 37,
          "dco": 578,
          "txt": "but"
        },
        {
          "si": 6,
          "sti": 9,
          "dti": 126,
          "sco": 41,
          "dco": 582,
          "txt": "made"
        },
        {
          "si": 6,
          "sti": 10,
          "dti": 127,
          "sco": 46,
          "dco": 587,
          "txt": "seven"
        },
        {
          "si": 6,
          "sti": 11,
          "dti": 128,
          "sco": 52,
          "dco": 593,
          "txt": "appearances"
        },
        {
          "si": 6,
          "sti": 12,
          "dti": 129,
          "sco": 64,
          "dco": 605,
          "txt": "before"
        },
        {
          "si": 6,
          "sti": 13,
          "dti": 130,
          "sco": 71,
          "dco": 612,
          "txt": "going"
        },
        {
          "si": 6,
          "sti": 14,
          "dti": 131,
          "sco": 77,
          "dco": 618,
          "txt": "back"
        },
        {
          "si": 6,
          "sti": 15,
          "dti": 132,
          "sco": 82,
          "dco": 623,
          "txt": "to"
        },
        {
          "si": 6,
          "sti": 16,
          "dti": 133,
          "sco": 85,
          "dco": 626,
          "txt": "Llandudno"
        },
        {
          "si": 6,
          "sti": 17,
          "dti": 134,
          "sco": 95,
          "dco": 636,
          "txt": "in"
        },
        {
          "si": 6,
          "sti": 18,
          "dti": 135,
          "sco": 98,
          "dco": 639,
          "txt": "1924"
        },
        {
          "si": 6,
          "sti": 19,
          "dti": 136,
          "sco": 102,
          "dco": 643,
          "txt": "."
        },
        {
          "si": 7,
          "sti": 0,
          "dti": 137,
          "sco": 0,
          "dco": 645,
          "txt": "In"
        },
        {
          "si": 7,
          "sti": 1,
          "dti": 138,
          "sco": 3,
          "dco": 648,
          "txt": "1925"
        },
        {
          "si": 7,
          "sti": 2,
          "dti": 139,
          "sco": 7,
          "dco": 652,
          "txt": ","
        },
        {
          "si": 7,
          "sti": 3,
          "dti": 140,
          "sco": 9,
          "dco": 654,
          "txt": "he"
        },
        {
          "si": 7,
          "sti": 4,
          "dti": 141,
          "sco": 12,
          "dco": 657,
          "txt": "returned"
        },
        {
          "si": 7,
          "sti": 5,
          "dti": 142,
          "sco": 21,
          "dco": 666,
          "txt": "to"
        },
        {
          "si": 7,
          "sti": 6,
          "dti": 143,
          "sco": 24,
          "dco": 669,
          "txt": "Wrexham"
        },
        {
          "si": 7,
          "sti": 7,
          "dti": 144,
          "sco": 32,
          "dco": 677,
          "txt": "for"
        },
        {
          "si": 7,
          "sti": 8,
          "dti": 145,
          "sco": 36,
          "dco": 681,
          "txt": "the"
        },
        {
          "si": 7,
          "sti": 9,
          "dti": 146,
          "sco": 40,
          "dco": 685,
          "txt": "last"
        },
        {
          "si": 7,
          "sti": 10,
          "dti": 147,
          "sco": 45,
          "dco": 690,
          "txt": "time"
        },
        {
          "si": 7,
          "sti": 11,
          "dti": 148,
          "sco": 49,
          "dco": 694,
          "txt": ","
        },
        {
          "si": 7,
          "sti": 12,
          "dti": 149,
          "sco": 51,
          "dco": 696,
          "txt": "making"
        },
        {
          "si": 7,
          "sti": 13,
          "dti": 150,
          "sco": 58,
          "dco": 703,
          "txt": "16"
        },
        {
          "si": 7,
          "sti": 14,
          "dti": 151,
          "sco": 61,
          "dco": 706,
          "txt": "appearances"
        },
        {
          "si": 7,
          "sti": 15,
          "dti": 152,
          "sco": 73,
          "dco": 718,
          "txt": "over"
        },
        {
          "si": 7,
          "sti": 16,
          "dti": 153,
          "sco": 78,
          "dco": 723,
          "txt": "two"
        },
        {
          "si": 7,
          "sti": 17,
          "dti": 154,
          "sco": 82,
          "dco": 727,
          "txt": "seasons"
        },
        {
          "si": 7,
          "sti": 18,
          "dti": 155,
          "sco": 90,
          "dco": 735,
          "txt": "before"
        },
        {
          "si": 7,
          "sti": 19,
          "dti": 156,
          "sco": 97,
          "dco": 742,
          "txt": "retiring"
        },
        {
          "si": 7,
          "sti": 20,
          "dti": 157,
          "sco": 106,
          "dco": 751,
          "txt": "in"
        },
        {
          "si": 7,
          "sti": 21,
          "dti": 158,
          "sco": 109,
          "dco": 754,
          "txt": "1927"
        },
        {
          "si": 7,
          "sti": 22,
          "dti": 159,
          "sco": 113,
          "dco": 758,
          "txt": "."
        },
        {
          "si": 8,
          "sti": 0,
          "dti": 160,
          "sco": 0,
          "dco": 760,
          "txt": "After"
        },
        {
          "si": 8,
          "sti": 1,
          "dti": 161,
          "sco": 6,
          "dco": 766,
          "txt": "his"
        },
        {
          "si": 8,
          "sti": 2,
          "dti": 162,
          "sco": 10,
          "dco": 770,
          "txt": "retirement"
        },
        {
          "si": 8,
          "sti": 3,
          "dti": 163,
          "sco": 20,
          "dco": 780,
          "txt": ","
        },
        {
          "si": 8,
          "sti": 4,
          "dti": 164,
          "sco": 22,
          "dco": 782,
          "txt": "Blew"
        },
        {
          "si": 8,
          "sti": 5,
          "dti": 165,
          "sco": 27,
          "dco": 787,
          "txt": "played"
        },
        {
          "si": 8,
          "sti": 6,
          "dti": 166,
          "sco": 34,
          "dco": 794,
          "txt": "a"
        },
        {
          "si": 8,
          "sti": 7,
          "dti": 167,
          "sco": 36,
          "dco": 796,
          "txt": "role"
        },
        {
          "si": 8,
          "sti": 8,
          "dti": 168,
          "sco": 41,
          "dco": 801,
          "txt": "in"
        },
        {
          "si": 8,
          "sti": 9,
          "dti": 169,
          "sco": 44,
          "dco": 804,
          "txt": "scouting"
        },
        {
          "si": 8,
          "sti": 10,
          "dti": 170,
          "sco": 53,
          "dco": 813,
          "txt": "young"
        },
        {
          "si": 8,
          "sti": 11,
          "dti": 171,
          "sco": 59,
          "dco": 819,
          "txt": "players"
        },
        {
          "si": 8,
          "sti": 12,
          "dti": 172,
          "sco": 67,
          "dco": 827,
          "txt": "for"
        },
        {
          "si": 8,
          "sti": 13,
          "dti": 173,
          "sco": 71,
          "dco": 831,
          "txt": "Wrexham"
        },
        {
          "si": 8,
          "sti": 14,
          "dti": 174,
          "sco": 78,
          "dco": 838,
          "txt": ","
        },
        {
          "si": 8,
          "sti": 15,
          "dti": 175,
          "sco": 80,
          "dco": 840,
          "txt": "including"
        },
        {
          "si": 8,
          "sti": 16,
          "dti": 176,
          "sco": 90,
          "dco": 850,
          "txt": "Arfon"
        },
        {
          "si": 8,
          "sti": 17,
          "dti": 177,
          "sco": 96,
          "dco": 856,
          "txt": "Griffiths"
        },
        {
          "si": 8,
          "sti": 18,
          "dti": 178,
          "sco": 105,
          "dco": 865,
          "txt": ","
        },
        {
          "si": 8,
          "sti": 19,
          "dti": 179,
          "sco": 107,
          "dco": 867,
          "txt": "who"
        },
        {
          "si": 8,
          "sti": 20,
          "dti": 180,
          "sco": 111,
          "dco": 871,
          "txt": "later"
        },
        {
          "si": 8,
          "sti": 21,
          "dti": 181,
          "sco": 117,
          "dco": 877,
          "txt": "played"
        },
        {
          "si": 8,
          "sti": 22,
          "dti": 182,
          "sco": 124,
          "dco": 884,
          "txt": "for"
        },
        {
          "si": 8,
          "sti": 23,
          "dti": 183,
          "sco": 128,
          "dco": 888,
          "txt": "Arsenal"
        },
        {
          "si": 8,
          "sti": 24,
          "dti": 184,
          "sco": 136,
          "dco": 896,
          "txt": "and"
        },
        {
          "si": 8,
          "sti": 25,
          "dti": 185,
          "sco": 140,
          "dco": 900,
          "txt": "made"
        },
        {
          "si": 8,
          "sti": 26,
          "dti": 186,
          "sco": 145,
          "dco": 905,
          "txt": "more"
        },
        {
          "si": 8,
          "sti": 27,
          "dti": 187,
          "sco": 150,
          "dco": 910,
          "txt": "than"
        },
        {
          "si": 8,
          "sti": 28,
          "dti": 188,
          "sco": 155,
          "dco": 915,
          "txt": "550"
        },
        {
          "si": 8,
          "sti": 29,
          "dti": 189,
          "sco": 159,
          "dco": 919,
          "txt": "appearances"
        },
        {
          "si": 8,
          "sti": 30,
          "dti": 190,
          "sco": 171,
          "dco": 931,
          "txt": "for"
        },
        {
          "si": 8,
          "sti": 31,
          "dti": 191,
          "sco": 175,
          "dco": 935,
          "txt": "Wrexham"
        },
        {
          "si": 8,
          "sti": 32,
          "dti": 192,
          "sco": 182,
          "dco": 942,
          "txt": "."
        }
      ]
    },
    "ganns": {
      "dla": [],
      "la": [],
      "ea": [],
      "eta": [
        {
          "ra": {
            "ea": {
              "etn": "Frank_Blew"
            }
          },
          "sfs": [
            [
              {
                "stn": "birthYear"
              },
              {
                "dla": {
                  "txt": {
                    "sff": "1902"
                  },
                  "et": {
                    "etn": "BirthYear"
                  },
                  "dp": {
                    "off": 39
                  }
                }
              }
            ],
            [
              {
                "stn": "deathYear"
              },
              {
                "dla": {
                  "txt": {
                    "sff": "1968"
                  },
                  "et": {
                    "etn": "DeathYear"
                  },
                  "dp": {
                    "off": 44
                  }
                }
              }
            ]
          ],
          "mfs": [
            [
              {
                "stn": "birthPlaces"
              },
              {
                "dla": [],
                "la": [],
                "ea": [
                  {
                    "etn": "Wrexham"
                  },
                  {
                    "etn": "Wales"
                  }
                ],
                "eta": []
              }
            ],
            [
              {
                "stn": "teams"
              },
              {
                "dla": [],
                "la": [],
                "ea": [
                  {
                    "etn": "Llandudno_F.C."
                  },
                  {
                    "etn": "Wrexham_F.C."
                  }
                ],
                "eta": []
              }
            ],
            [
              {
                "stn": "positions"
              },
              {
                "dla": [],
                "la": [],
                "ea": [
                  {
                    "etn": "Forward_(association_football)"
                  }
                ],
                "eta": []
              }
            ]
          ]
        }
      ]
    }
  }
]
