[
  {
    "context": "TRAIN",
    "doc": {
      "id": "Geoff_Bradford",
      "tl": [
        {
          "si": 0,
          "sti": 0,
          "dti": 0,
          "sco": 0,
          "dco": 0,
          "txt": "Geoff"
        },
        {
          "si": 0,
          "sti": 1,
          "dti": 1,
          "sco": 6,
          "dco": 6,
          "txt": "Bradford"
        },
        {
          "si": 0,
          "sti": 2,
          "dti": 2,
          "sco": 14,
          "dco": 14,
          "txt": "."
        },
        {
          "si": 1,
          "sti": 0,
          "dti": 3,
          "sco": 0,
          "dco": 16,
          "txt": "Geoffrey"
        },
        {
          "si": 1,
          "sti": 1,
          "dti": 4,
          "sco": 9,
          "dco": 25,
          "txt": "Reginald"
        },
        {
          "si": 1,
          "sti": 2,
          "dti": 5,
          "sco": 18,
          "dco": 34,
          "txt": "William"
        },
        {
          "si": 1,
          "sti": 3,
          "dti": 6,
          "sco": 26,
          "dco": 42,
          "txt": "Bradford"
        },
        {
          "si": 1,
          "sti": 4,
          "dti": 7,
          "sco": 35,
          "dco": 51,
          "txt": "("
        },
        {
          "si": 1,
          "sti": 5,
          "dti": 8,
          "sco": 36,
          "dco": 52,
          "txt": "18"
        },
        {
          "si": 1,
          "sti": 6,
          "dti": 9,
          "sco": 39,
          "dco": 55,
          "txt": "July"
        },
        {
          "si": 1,
          "sti": 7,
          "dti": 10,
          "sco": 44,
          "dco": 60,
          "txt": "1927"
        },
        {
          "si": 1,
          "sti": 8,
          "dti": 11,
          "sco": 49,
          "dco": 65,
          "txt": "–"
        },
        {
          "si": 1,
          "sti": 9,
          "dti": 12,
          "sco": 51,
          "dco": 67,
          "txt": "30"
        },
        {
          "si": 1,
          "sti": 10,
          "dti": 13,
          "sco": 54,
          "dco": 70,
          "txt": "December"
        },
        {
          "si": 1,
          "sti": 11,
          "dti": 14,
          "sco": 63,
          "dco": 79,
          "txt": "1994"
        },
        {
          "si": 1,
          "sti": 12,
          "dti": 15,
          "sco": 67,
          "dco": 83,
          "txt": ")"
        },
        {
          "si": 1,
          "sti": 13,
          "dti": 16,
          "sco": 69,
          "dco": 85,
          "txt": "was"
        },
        {
          "si": 1,
          "sti": 14,
          "dti": 17,
          "sco": 73,
          "dco": 89,
          "txt": "an"
        },
        {
          "si": 1,
          "sti": 15,
          "dti": 18,
          "sco": 76,
          "dco": 92,
          "txt": "English"
        },
        {
          "si": 1,
          "sti": 16,
          "dti": 19,
          "sco": 84,
          "dco": 100,
          "txt": "professional"
        },
        {
          "si": 1,
          "sti": 17,
          "dti": 20,
          "sco": 97,
          "dco": 113,
          "txt": "footballer"
        },
        {
          "si": 1,
          "sti": 18,
          "dti": 21,
          "sco": 108,
          "dco": 124,
          "txt": "who"
        },
        {
          "si": 1,
          "sti": 19,
          "dti": 22,
          "sco": 112,
          "dco": 128,
          "txt": "spent"
        },
        {
          "si": 1,
          "sti": 20,
          "dti": 23,
          "sco": 118,
          "dco": 134,
          "txt": "his"
        },
        {
          "si": 1,
          "sti": 21,
          "dti": 24,
          "sco": 122,
          "dco": 138,
          "txt": "entire"
        },
        {
          "si": 1,
          "sti": 22,
          "dti": 25,
          "sco": 129,
          "dco": 145,
          "txt": "career"
        },
        {
          "si": 1,
          "sti": 23,
          "dti": 26,
          "sco": 136,
          "dco": 152,
          "txt": "at"
        },
        {
          "si": 1,
          "sti": 24,
          "dti": 27,
          "sco": 139,
          "dco": 155,
          "txt": "Bristol"
        },
        {
          "si": 1,
          "sti": 25,
          "dti": 28,
          "sco": 147,
          "dco": 163,
          "txt": "Rovers"
        },
        {
          "si": 1,
          "sti": 26,
          "dti": 29,
          "sco": 154,
          "dco": 170,
          "txt": "and"
        },
        {
          "si": 1,
          "sti": 27,
          "dti": 30,
          "sco": 158,
          "dco": 174,
          "txt": "won"
        },
        {
          "si": 1,
          "sti": 28,
          "dti": 31,
          "sco": 162,
          "dco": 178,
          "txt": "one"
        },
        {
          "si": 1,
          "sti": 29,
          "dti": 32,
          "sco": 166,
          "dco": 182,
          "txt": "international"
        },
        {
          "si": 1,
          "sti": 30,
          "dti": 33,
          "sco": 180,
          "dco": 196,
          "txt": "cap"
        },
        {
          "si": 1,
          "sti": 31,
          "dti": 34,
          "sco": 184,
          "dco": 200,
          "txt": "for"
        },
        {
          "si": 1,
          "sti": 32,
          "dti": 35,
          "sco": 188,
          "dco": 204,
          "txt": "England"
        },
        {
          "si": 1,
          "sti": 33,
          "dti": 36,
          "sco": 195,
          "dco": 211,
          "txt": "."
        },
        {
          "si": 2,
          "sti": 0,
          "dti": 37,
          "sco": 0,
          "dco": 213,
          "txt": "Bradford"
        },
        {
          "si": 2,
          "sti": 1,
          "dti": 38,
          "sco": 9,
          "dco": 222,
          "txt": "was"
        },
        {
          "si": 2,
          "sti": 2,
          "dti": 39,
          "sco": 13,
          "dco": 226,
          "txt": "discovered"
        },
        {
          "si": 2,
          "sti": 3,
          "dti": 40,
          "sco": 24,
          "dco": 237,
          "txt": "by"
        },
        {
          "si": 2,
          "sti": 4,
          "dti": 41,
          "sco": 27,
          "dco": 240,
          "txt": "Rovers"
        },
        {
          "si": 2,
          "sti": 5,
          "dti": 42,
          "sco": 34,
          "dco": 247,
          "txt": "at"
        },
        {
          "si": 2,
          "sti": 6,
          "dti": 43,
          "sco": 37,
          "dco": 250,
          "txt": "the"
        },
        {
          "si": 2,
          "sti": 7,
          "dti": 44,
          "sco": 41,
          "dco": 254,
          "txt": "age"
        },
        {
          "si": 2,
          "sti": 8,
          "dti": 45,
          "sco": 45,
          "dco": 258,
          "txt": "of"
        },
        {
          "si": 2,
          "sti": 9,
          "dti": 46,
          "sco": 48,
          "dco": 261,
          "txt": "18"
        },
        {
          "si": 2,
          "sti": 10,
          "dti": 47,
          "sco": 50,
          "dco": 263,
          "txt": ","
        },
        {
          "si": 2,
          "sti": 11,
          "dti": 48,
          "sco": 52,
          "dco": 265,
          "txt": "playing"
        },
        {
          "si": 2,
          "sti": 12,
          "dti": 49,
          "sco": 60,
          "dco": 273,
          "txt": "for"
        },
        {
          "si": 2,
          "sti": 13,
          "dti": 50,
          "sco": 64,
          "dco": 277,
          "txt": "local"
        },
        {
          "si": 2,
          "sti": 14,
          "dti": 51,
          "sco": 70,
          "dco": 283,
          "txt": "side"
        },
        {
          "si": 2,
          "sti": 15,
          "dti": 52,
          "sco": 75,
          "dco": 288,
          "txt": "Soundwell"
        },
        {
          "si": 2,
          "sti": 16,
          "dti": 53,
          "sco": 84,
          "dco": 297,
          "txt": ","
        },
        {
          "si": 2,
          "sti": 17,
          "dti": 54,
          "sco": 86,
          "dco": 299,
          "txt": "and"
        },
        {
          "si": 2,
          "sti": 18,
          "dti": 55,
          "sco": 90,
          "dco": 303,
          "txt": "made"
        },
        {
          "si": 2,
          "sti": 19,
          "dti": 56,
          "sco": 95,
          "dco": 308,
          "txt": "his"
        },
        {
          "si": 2,
          "sti": 20,
          "dti": 57,
          "sco": 99,
          "dco": 312,
          "txt": "debut"
        },
        {
          "si": 2,
          "sti": 21,
          "dti": 58,
          "sco": 105,
          "dco": 318,
          "txt": "in"
        },
        {
          "si": 2,
          "sti": 22,
          "dti": 59,
          "sco": 108,
          "dco": 321,
          "txt": "a"
        },
        {
          "si": 2,
          "sti": 23,
          "dti": 60,
          "sco": 110,
          "dco": 323,
          "txt": "Football"
        },
        {
          "si": 2,
          "sti": 24,
          "dti": 61,
          "sco": 119,
          "dco": 332,
          "txt": "League"
        },
        {
          "si": 2,
          "sti": 25,
          "dti": 62,
          "sco": 126,
          "dco": 339,
          "txt": "Third"
        },
        {
          "si": 2,
          "sti": 26,
          "dti": 63,
          "sco": 132,
          "dco": 345,
          "txt": "Division"
        },
        {
          "si": 2,
          "sti": 27,
          "dti": 64,
          "sco": 141,
          "dco": 354,
          "txt": "South"
        },
        {
          "si": 2,
          "sti": 28,
          "dti": 65,
          "sco": 147,
          "dco": 360,
          "txt": "game"
        },
        {
          "si": 2,
          "sti": 29,
          "dti": 66,
          "sco": 152,
          "dco": 365,
          "txt": "against"
        },
        {
          "si": 2,
          "sti": 30,
          "dti": 67,
          "sco": 160,
          "dco": 373,
          "txt": "Crystal"
        },
        {
          "si": 2,
          "sti": 31,
          "dti": 68,
          "sco": 168,
          "dco": 381,
          "txt": "Palace"
        },
        {
          "si": 2,
          "sti": 32,
          "dti": 69,
          "sco": 175,
          "dco": 388,
          "txt": "on"
        },
        {
          "si": 2,
          "sti": 33,
          "dti": 70,
          "sco": 178,
          "dco": 391,
          "txt": "24"
        },
        {
          "si": 2,
          "sti": 34,
          "dti": 71,
          "sco": 181,
          "dco": 394,
          "txt": "September"
        },
        {
          "si": 2,
          "sti": 35,
          "dti": 72,
          "sco": 191,
          "dco": 404,
          "txt": "1949"
        },
        {
          "si": 2,
          "sti": 36,
          "dti": 73,
          "sco": 195,
          "dco": 408,
          "txt": "."
        },
        {
          "si": 3,
          "sti": 0,
          "dti": 74,
          "sco": 0,
          "dco": 410,
          "txt": "It"
        },
        {
          "si": 3,
          "sti": 1,
          "dti": 75,
          "sco": 3,
          "dco": 413,
          "txt": "was"
        },
        {
          "si": 3,
          "sti": 2,
          "dti": 76,
          "sco": 7,
          "dco": 417,
          "txt": "a"
        },
        {
          "si": 3,
          "sti": 3,
          "dti": 77,
          "sco": 9,
          "dco": 419,
          "txt": "low"
        },
        {
          "si": 3,
          "sti": 4,
          "dti": 78,
          "sco": 12,
          "dco": 422,
          "txt": "-"
        },
        {
          "si": 3,
          "sti": 5,
          "dti": 79,
          "sco": 13,
          "dco": 423,
          "txt": "key"
        },
        {
          "si": 3,
          "sti": 6,
          "dti": 80,
          "sco": 17,
          "dco": 427,
          "txt": "debut"
        },
        {
          "si": 3,
          "sti": 7,
          "dti": 81,
          "sco": 23,
          "dco": 433,
          "txt": "in"
        },
        {
          "si": 3,
          "sti": 8,
          "dti": 82,
          "sco": 26,
          "dco": 436,
          "txt": "a"
        },
        {
          "si": 3,
          "sti": 9,
          "dti": 83,
          "sco": 28,
          "dco": 438,
          "txt": "1"
        },
        {
          "si": 3,
          "sti": 10,
          "dti": 84,
          "sco": 29,
          "dco": 439,
          "txt": "–"
        },
        {
          "si": 3,
          "sti": 11,
          "dti": 85,
          "sco": 30,
          "dco": 440,
          "txt": "0"
        },
        {
          "si": 3,
          "sti": 12,
          "dti": 86,
          "sco": 32,
          "dco": 442,
          "txt": "defeat"
        },
        {
          "si": 3,
          "sti": 13,
          "dti": 87,
          "sco": 38,
          "dco": 448,
          "txt": "."
        },
        {
          "si": 4,
          "sti": 0,
          "dti": 88,
          "sco": 0,
          "dco": 450,
          "txt": "Nicknamed"
        },
        {
          "si": 4,
          "sti": 1,
          "dti": 89,
          "sco": 10,
          "dco": 460,
          "txt": "'"
        },
        {
          "si": 4,
          "sti": 2,
          "dti": 90,
          "sco": 11,
          "dco": 461,
          "txt": "Rip"
        },
        {
          "si": 4,
          "sti": 3,
          "dti": 91,
          "sco": 14,
          "dco": 464,
          "txt": "'"
        },
        {
          "si": 4,
          "sti": 4,
          "dti": 92,
          "sco": 15,
          "dco": 465,
          "txt": ","
        },
        {
          "si": 4,
          "sti": 5,
          "dti": 93,
          "sco": 17,
          "dco": 467,
          "txt": "after"
        },
        {
          "si": 4,
          "sti": 6,
          "dti": 94,
          "sco": 23,
          "dco": 473,
          "txt": "Rip"
        },
        {
          "si": 4,
          "sti": 7,
          "dti": 95,
          "sco": 27,
          "dco": 477,
          "txt": "Van"
        },
        {
          "si": 4,
          "sti": 8,
          "dti": 96,
          "sco": 31,
          "dco": 481,
          "txt": "Winkle"
        },
        {
          "si": 4,
          "sti": 9,
          "dti": 97,
          "sco": 37,
          "dco": 487,
          "txt": ","
        },
        {
          "si": 4,
          "sti": 10,
          "dti": 98,
          "sco": 39,
          "dco": 489,
          "txt": "by"
        },
        {
          "si": 4,
          "sti": 11,
          "dti": 99,
          "sco": 42,
          "dco": 492,
          "txt": "teammates"
        },
        {
          "si": 4,
          "sti": 12,
          "dti": 100,
          "sco": 52,
          "dco": 502,
          "txt": "because"
        },
        {
          "si": 4,
          "sti": 13,
          "dti": 101,
          "sco": 60,
          "dco": 510,
          "txt": "he"
        },
        {
          "si": 4,
          "sti": 14,
          "dti": 102,
          "sco": 63,
          "dco": 513,
          "txt": "was"
        },
        {
          "si": 4,
          "sti": 15,
          "dti": 103,
          "sco": 67,
          "dco": 517,
          "txt": "known"
        },
        {
          "si": 4,
          "sti": 16,
          "dti": 104,
          "sco": 73,
          "dco": 523,
          "txt": "for"
        },
        {
          "si": 4,
          "sti": 17,
          "dti": 105,
          "sco": 77,
          "dco": 527,
          "txt": "sleeping"
        },
        {
          "si": 4,
          "sti": 18,
          "dti": 106,
          "sco": 86,
          "dco": 536,
          "txt": "before"
        },
        {
          "si": 4,
          "sti": 19,
          "dti": 107,
          "sco": 93,
          "dco": 543,
          "txt": "games"
        },
        {
          "si": 4,
          "sti": 20,
          "dti": 108,
          "sco": 98,
          "dco": 548,
          "txt": ","
        },
        {
          "si": 4,
          "sti": 21,
          "dti": 109,
          "sco": 100,
          "dco": 550,
          "txt": "Bradford"
        },
        {
          "si": 4,
          "sti": 22,
          "dti": 110,
          "sco": 109,
          "dco": 559,
          "txt": "was"
        },
        {
          "si": 4,
          "sti": 23,
          "dti": 111,
          "sco": 113,
          "dco": 563,
          "txt": "fiercely"
        },
        {
          "si": 4,
          "sti": 24,
          "dti": 112,
          "sco": 122,
          "dco": 572,
          "txt": "loyal"
        },
        {
          "si": 4,
          "sti": 25,
          "dti": 113,
          "sco": 128,
          "dco": 578,
          "txt": "to"
        },
        {
          "si": 4,
          "sti": 26,
          "dti": 114,
          "sco": 131,
          "dco": 581,
          "txt": "Bristol"
        },
        {
          "si": 4,
          "sti": 27,
          "dti": 115,
          "sco": 139,
          "dco": 589,
          "txt": "Rovers"
        },
        {
          "si": 4,
          "sti": 28,
          "dti": 116,
          "sco": 145,
          "dco": 595,
          "txt": ","
        },
        {
          "si": 4,
          "sti": 29,
          "dti": 117,
          "sco": 147,
          "dco": 597,
          "txt": "even"
        },
        {
          "si": 4,
          "sti": 30,
          "dti": 118,
          "sco": 152,
          "dco": 602,
          "txt": "turning"
        },
        {
          "si": 4,
          "sti": 31,
          "dti": 119,
          "sco": 160,
          "dco": 610,
          "txt": "down"
        },
        {
          "si": 4,
          "sti": 32,
          "dti": 120,
          "sco": 165,
          "dco": 615,
          "txt": "an"
        },
        {
          "si": 4,
          "sti": 33,
          "dti": 121,
          "sco": 168,
          "dco": 618,
          "txt": "offer"
        },
        {
          "si": 4,
          "sti": 34,
          "dti": 122,
          "sco": 174,
          "dco": 624,
          "txt": "from"
        },
        {
          "si": 4,
          "sti": 35,
          "dti": 123,
          "sco": 179,
          "dco": 629,
          "txt": "manager"
        },
        {
          "si": 4,
          "sti": 36,
          "dti": 124,
          "sco": 187,
          "dco": 637,
          "txt": "Bill"
        },
        {
          "si": 4,
          "sti": 37,
          "dti": 125,
          "sco": 192,
          "dco": 642,
          "txt": "Shankly"
        },
        {
          "si": 4,
          "sti": 38,
          "dti": 126,
          "sco": 200,
          "dco": 650,
          "txt": "to"
        },
        {
          "si": 4,
          "sti": 39,
          "dti": 127,
          "sco": 203,
          "dco": 653,
          "txt": "take"
        },
        {
          "si": 4,
          "sti": 40,
          "dti": 128,
          "sco": 208,
          "dco": 658,
          "txt": "him"
        },
        {
          "si": 4,
          "sti": 41,
          "dti": 129,
          "sco": 212,
          "dco": 662,
          "txt": "to"
        },
        {
          "si": 4,
          "sti": 42,
          "dti": 130,
          "sco": 215,
          "dco": 665,
          "txt": "Liverpool"
        },
        {
          "si": 4,
          "sti": 43,
          "dti": 131,
          "sco": 225,
          "dco": 675,
          "txt": "in"
        },
        {
          "si": 4,
          "sti": 44,
          "dti": 132,
          "sco": 228,
          "dco": 678,
          "txt": "1961"
        },
        {
          "si": 4,
          "sti": 45,
          "dti": 133,
          "sco": 232,
          "dco": 682,
          "txt": "."
        },
        {
          "si": 5,
          "sti": 0,
          "dti": 134,
          "sco": 0,
          "dco": 684,
          "txt": "The"
        },
        {
          "si": 5,
          "sti": 1,
          "dti": 135,
          "sco": 4,
          "dco": 688,
          "txt": "highlight"
        },
        {
          "si": 5,
          "sti": 2,
          "dti": 136,
          "sco": 14,
          "dco": 698,
          "txt": "of"
        },
        {
          "si": 5,
          "sti": 3,
          "dti": 137,
          "sco": 17,
          "dco": 701,
          "txt": "his"
        },
        {
          "si": 5,
          "sti": 4,
          "dti": 138,
          "sco": 21,
          "dco": 705,
          "txt": "career"
        },
        {
          "si": 5,
          "sti": 5,
          "dti": 139,
          "sco": 28,
          "dco": 712,
          "txt": "came"
        },
        {
          "si": 5,
          "sti": 6,
          "dti": 140,
          "sco": 33,
          "dco": 717,
          "txt": "on"
        },
        {
          "si": 5,
          "sti": 7,
          "dti": 141,
          "sco": 36,
          "dco": 720,
          "txt": "2"
        },
        {
          "si": 5,
          "sti": 8,
          "dti": 142,
          "sco": 38,
          "dco": 722,
          "txt": "October"
        },
        {
          "si": 5,
          "sti": 9,
          "dti": 143,
          "sco": 46,
          "dco": 730,
          "txt": "1955"
        },
        {
          "si": 5,
          "sti": 10,
          "dti": 144,
          "sco": 51,
          "dco": 735,
          "txt": "when"
        },
        {
          "si": 5,
          "sti": 11,
          "dti": 145,
          "sco": 56,
          "dco": 740,
          "txt": "he"
        },
        {
          "si": 5,
          "sti": 12,
          "dti": 146,
          "sco": 59,
          "dco": 743,
          "txt": "made"
        },
        {
          "si": 5,
          "sti": 13,
          "dti": 147,
          "sco": 64,
          "dco": 748,
          "txt": "his"
        },
        {
          "si": 5,
          "sti": 14,
          "dti": 148,
          "sco": 68,
          "dco": 752,
          "txt": "first"
        },
        {
          "si": 5,
          "sti": 15,
          "dti": 149,
          "sco": 74,
          "dco": 758,
          "txt": "and"
        },
        {
          "si": 5,
          "sti": 16,
          "dti": 150,
          "sco": 78,
          "dco": 762,
          "txt": "only"
        },
        {
          "si": 5,
          "sti": 17,
          "dti": 151,
          "sco": 83,
          "dco": 767,
          "txt": "appearance"
        },
        {
          "si": 5,
          "sti": 18,
          "dti": 152,
          "sco": 94,
          "dco": 778,
          "txt": "for"
        },
        {
          "si": 5,
          "sti": 19,
          "dti": 153,
          "sco": 98,
          "dco": 782,
          "txt": "England"
        },
        {
          "si": 5,
          "sti": 20,
          "dti": 154,
          "sco": 105,
          "dco": 789,
          "txt": "."
        },
        {
          "si": 6,
          "sti": 0,
          "dti": 155,
          "sco": 0,
          "dco": 791,
          "txt": "He"
        },
        {
          "si": 6,
          "sti": 1,
          "dti": 156,
          "sco": 3,
          "dco": 794,
          "txt": "lined"
        },
        {
          "si": 6,
          "sti": 2,
          "dti": 157,
          "sco": 9,
          "dco": 800,
          "txt": "up"
        },
        {
          "si": 6,
          "sti": 3,
          "dti": 158,
          "sco": 12,
          "dco": 803,
          "txt": "alongside"
        },
        {
          "si": 6,
          "sti": 4,
          "dti": 159,
          "sco": 22,
          "dco": 813,
          "txt": "such"
        },
        {
          "si": 6,
          "sti": 5,
          "dti": 160,
          "sco": 27,
          "dco": 818,
          "txt": "greats"
        },
        {
          "si": 6,
          "sti": 6,
          "dti": 161,
          "sco": 34,
          "dco": 825,
          "txt": "as"
        },
        {
          "si": 6,
          "sti": 7,
          "dti": 162,
          "sco": 37,
          "dco": 828,
          "txt": "Billy"
        },
        {
          "si": 6,
          "sti": 8,
          "dti": 163,
          "sco": 43,
          "dco": 834,
          "txt": "Wright"
        },
        {
          "si": 6,
          "sti": 9,
          "dti": 164,
          "sco": 49,
          "dco": 840,
          "txt": ","
        },
        {
          "si": 6,
          "sti": 10,
          "dti": 165,
          "sco": 51,
          "dco": 842,
          "txt": "Jackie"
        },
        {
          "si": 6,
          "sti": 11,
          "dti": 166,
          "sco": 58,
          "dco": 849,
          "txt": "Milburn"
        },
        {
          "si": 6,
          "sti": 12,
          "dti": 167,
          "sco": 65,
          "dco": 856,
          "txt": ","
        },
        {
          "si": 6,
          "sti": 13,
          "dti": 168,
          "sco": 67,
          "dco": 858,
          "txt": "Nat"
        },
        {
          "si": 6,
          "sti": 14,
          "dti": 169,
          "sco": 71,
          "dco": 862,
          "txt": "Lofthouse"
        },
        {
          "si": 6,
          "sti": 15,
          "dti": 170,
          "sco": 81,
          "dco": 872,
          "txt": "and"
        },
        {
          "si": 6,
          "sti": 16,
          "dti": 171,
          "sco": 85,
          "dco": 876,
          "txt": "Tom"
        },
        {
          "si": 6,
          "sti": 17,
          "dti": 172,
          "sco": 89,
          "dco": 880,
          "txt": "Finney"
        },
        {
          "si": 6,
          "sti": 18,
          "dti": 173,
          "sco": 96,
          "dco": 887,
          "txt": "in"
        },
        {
          "si": 6,
          "sti": 19,
          "dti": 174,
          "sco": 99,
          "dco": 890,
          "txt": "a"
        },
        {
          "si": 6,
          "sti": 20,
          "dti": 175,
          "sco": 101,
          "dco": 892,
          "txt": "friendly"
        },
        {
          "si": 6,
          "sti": 21,
          "dti": 176,
          "sco": 110,
          "dco": 901,
          "txt": "match"
        },
        {
          "si": 6,
          "sti": 22,
          "dti": 177,
          "sco": 116,
          "dco": 907,
          "txt": "against"
        },
        {
          "si": 6,
          "sti": 23,
          "dti": 178,
          "sco": 124,
          "dco": 915,
          "txt": "Denmark"
        },
        {
          "si": 6,
          "sti": 24,
          "dti": 179,
          "sco": 132,
          "dco": 923,
          "txt": "in"
        },
        {
          "si": 6,
          "sti": 25,
          "dti": 180,
          "sco": 135,
          "dco": 926,
          "txt": "Copenhagen"
        },
        {
          "si": 6,
          "sti": 26,
          "dti": 181,
          "sco": 146,
          "dco": 937,
          "txt": "and"
        },
        {
          "si": 6,
          "sti": 27,
          "dti": 182,
          "sco": 150,
          "dco": 941,
          "txt": "scored"
        },
        {
          "si": 6,
          "sti": 28,
          "dti": 183,
          "sco": 157,
          "dco": 948,
          "txt": "the"
        },
        {
          "si": 6,
          "sti": 29,
          "dti": 184,
          "sco": 161,
          "dco": 952,
          "txt": "fifth"
        },
        {
          "si": 6,
          "sti": 30,
          "dti": 185,
          "sco": 167,
          "dco": 958,
          "txt": "goal"
        },
        {
          "si": 6,
          "sti": 31,
          "dti": 186,
          "sco": 172,
          "dco": 963,
          "txt": "in"
        },
        {
          "si": 6,
          "sti": 32,
          "dti": 187,
          "sco": 175,
          "dco": 966,
          "txt": "a"
        },
        {
          "si": 6,
          "sti": 33,
          "dti": 188,
          "sco": 177,
          "dco": 968,
          "txt": "5"
        },
        {
          "si": 6,
          "sti": 34,
          "dti": 189,
          "sco": 178,
          "dco": 969,
          "txt": "–"
        },
        {
          "si": 6,
          "sti": 35,
          "dti": 190,
          "sco": 179,
          "dco": 970,
          "txt": "1"
        },
        {
          "si": 6,
          "sti": 36,
          "dti": 191,
          "sco": 181,
          "dco": 972,
          "txt": "victory"
        },
        {
          "si": 6,
          "sti": 37,
          "dti": 192,
          "sco": 188,
          "dco": 979,
          "txt": "."
        },
        {
          "si": 7,
          "sti": 0,
          "dti": 193,
          "sco": 0,
          "dco": 981,
          "txt": "The"
        },
        {
          "si": 7,
          "sti": 1,
          "dti": 194,
          "sco": 4,
          "dco": 985,
          "txt": "other"
        },
        {
          "si": 7,
          "sti": 2,
          "dti": 195,
          "sco": 10,
          "dco": 991,
          "txt": "goals"
        },
        {
          "si": 7,
          "sti": 3,
          "dti": 196,
          "sco": 16,
          "dco": 997,
          "txt": "were"
        },
        {
          "si": 7,
          "sti": 4,
          "dti": 197,
          "sco": 21,
          "dco": 1002,
          "txt": "scored"
        },
        {
          "si": 7,
          "sti": 5,
          "dti": 198,
          "sco": 28,
          "dco": 1009,
          "txt": "by"
        },
        {
          "si": 7,
          "sti": 6,
          "dti": 199,
          "sco": 31,
          "dco": 1012,
          "txt": "Lofthouse"
        },
        {
          "si": 7,
          "sti": 7,
          "dti": 200,
          "sco": 41,
          "dco": 1022,
          "txt": "("
        },
        {
          "si": 7,
          "sti": 8,
          "dti": 201,
          "sco": 42,
          "dco": 1023,
          "txt": "2"
        },
        {
          "si": 7,
          "sti": 9,
          "dti": 202,
          "sco": 43,
          "dco": 1024,
          "txt": ")"
        },
        {
          "si": 7,
          "sti": 10,
          "dti": 203,
          "sco": 45,
          "dco": 1026,
          "txt": "and"
        },
        {
          "si": 7,
          "sti": 11,
          "dti": 204,
          "sco": 49,
          "dco": 1030,
          "txt": "Don"
        },
        {
          "si": 7,
          "sti": 12,
          "dti": 205,
          "sco": 53,
          "dco": 1034,
          "txt": "Revie"
        },
        {
          "si": 7,
          "sti": 13,
          "dti": 206,
          "sco": 59,
          "dco": 1040,
          "txt": "("
        },
        {
          "si": 7,
          "sti": 14,
          "dti": 207,
          "sco": 60,
          "dco": 1041,
          "txt": "2"
        },
        {
          "si": 7,
          "sti": 15,
          "dti": 208,
          "sco": 61,
          "dco": 1042,
          "txt": ")"
        },
        {
          "si": 7,
          "sti": 16,
          "dti": 209,
          "sco": 62,
          "dco": 1043,
          "txt": ","
        },
        {
          "si": 7,
          "sti": 17,
          "dti": 210,
          "sco": 64,
          "dco": 1045,
          "txt": "with"
        },
        {
          "si": 7,
          "sti": 18,
          "dti": 211,
          "sco": 69,
          "dco": 1050,
          "txt": "Knud"
        },
        {
          "si": 7,
          "sti": 19,
          "dti": 212,
          "sco": 74,
          "dco": 1055,
          "txt": "Lundberg"
        },
        {
          "si": 7,
          "sti": 20,
          "dti": 213,
          "sco": 83,
          "dco": 1064,
          "txt": "scoring"
        },
        {
          "si": 7,
          "sti": 21,
          "dti": 214,
          "sco": 91,
          "dco": 1072,
          "txt": "Denmark"
        },
        {
          "si": 7,
          "sti": 22,
          "dti": 215,
          "sco": 98,
          "dco": 1079,
          "txt": "'"
        },
        {
          "si": 7,
          "sti": 23,
          "dti": 216,
          "sco": 99,
          "dco": 1080,
          "txt": "s"
        },
        {
          "si": 7,
          "sti": 24,
          "dti": 217,
          "sco": 101,
          "dco": 1082,
          "txt": "only"
        },
        {
          "si": 7,
          "sti": 25,
          "dti": 218,
          "sco": 106,
          "dco": 1087,
          "txt": "goal"
        },
        {
          "si": 7,
          "sti": 26,
          "dti": 219,
          "sco": 110,
          "dco": 1091,
          "txt": "."
        },
        {
          "si": 8,
          "sti": 0,
          "dti": 220,
          "sco": 0,
          "dco": 1093,
          "txt": "Geoff"
        },
        {
          "si": 8,
          "sti": 1,
          "dti": 221,
          "sco": 6,
          "dco": 1099,
          "txt": "Bradford"
        },
        {
          "si": 8,
          "sti": 2,
          "dti": 222,
          "sco": 15,
          "dco": 1108,
          "txt": "is"
        },
        {
          "si": 8,
          "sti": 3,
          "dti": 223,
          "sco": 18,
          "dco": 1111,
          "txt": "the"
        },
        {
          "si": 8,
          "sti": 4,
          "dti": 224,
          "sco": 22,
          "dco": 1115,
          "txt": "most"
        },
        {
          "si": 8,
          "sti": 5,
          "dti": 225,
          "sco": 27,
          "dco": 1120,
          "txt": "successful"
        },
        {
          "si": 8,
          "sti": 6,
          "dti": 226,
          "sco": 38,
          "dco": 1131,
          "txt": "player"
        },
        {
          "si": 8,
          "sti": 7,
          "dti": 227,
          "sco": 45,
          "dco": 1138,
          "txt": "in"
        },
        {
          "si": 8,
          "sti": 8,
          "dti": 228,
          "sco": 48,
          "dco": 1141,
          "txt": "the"
        },
        {
          "si": 8,
          "sti": 9,
          "dti": 229,
          "sco": 52,
          "dco": 1145,
          "txt": "history"
        },
        {
          "si": 8,
          "sti": 10,
          "dti": 230,
          "sco": 60,
          "dco": 1153,
          "txt": "of"
        },
        {
          "si": 8,
          "sti": 11,
          "dti": 231,
          "sco": 63,
          "dco": 1156,
          "txt": "Bristol"
        },
        {
          "si": 8,
          "sti": 12,
          "dti": 232,
          "sco": 71,
          "dco": 1164,
          "txt": "Rovers"
        },
        {
          "si": 8,
          "sti": 13,
          "dti": 233,
          "sco": 77,
          "dco": 1170,
          "txt": ","
        },
        {
          "si": 8,
          "sti": 14,
          "dti": 234,
          "sco": 79,
          "dco": 1172,
          "txt": "and"
        },
        {
          "si": 8,
          "sti": 15,
          "dti": 235,
          "sco": 83,
          "dco": 1176,
          "txt": "still"
        },
        {
          "si": 8,
          "sti": 16,
          "dti": 236,
          "sco": 89,
          "dco": 1182,
          "txt": "holds"
        },
        {
          "si": 8,
          "sti": 17,
          "dti": 237,
          "sco": 95,
          "dco": 1188,
          "txt": "the"
        },
        {
          "si": 8,
          "sti": 18,
          "dti": 238,
          "sco": 99,
          "dco": 1192,
          "txt": "club"
        },
        {
          "si": 8,
          "sti": 19,
          "dti": 239,
          "sco": 104,
          "dco": 1197,
          "txt": "records"
        },
        {
          "si": 8,
          "sti": 20,
          "dti": 240,
          "sco": 112,
          "dco": 1205,
          "txt": "for"
        },
        {
          "si": 8,
          "sti": 21,
          "dti": 241,
          "sco": 116,
          "dco": 1209,
          "txt": "most"
        },
        {
          "si": 8,
          "sti": 22,
          "dti": 242,
          "sco": 121,
          "dco": 1214,
          "txt": "goals"
        },
        {
          "si": 8,
          "sti": 23,
          "dti": 243,
          "sco": 127,
          "dco": 1220,
          "txt": "scored"
        },
        {
          "si": 8,
          "sti": 24,
          "dti": 244,
          "sco": 134,
          "dco": 1227,
          "txt": "in"
        },
        {
          "si": 8,
          "sti": 25,
          "dti": 245,
          "sco": 137,
          "dco": 1230,
          "txt": "a"
        },
        {
          "si": 8,
          "sti": 26,
          "dti": 246,
          "sco": 139,
          "dco": 1232,
          "txt": "season"
        },
        {
          "si": 8,
          "sti": 27,
          "dti": 247,
          "sco": 146,
          "dco": 1239,
          "txt": "("
        },
        {
          "si": 8,
          "sti": 28,
          "dti": 248,
          "sco": 147,
          "dco": 1240,
          "txt": "33"
        },
        {
          "si": 8,
          "sti": 29,
          "dti": 249,
          "sco": 149,
          "dco": 1242,
          "txt": ")"
        },
        {
          "si": 8,
          "sti": 30,
          "dti": 250,
          "sco": 151,
          "dco": 1244,
          "txt": "and"
        },
        {
          "si": 8,
          "sti": 31,
          "dti": 251,
          "sco": 155,
          "dco": 1248,
          "txt": "most"
        },
        {
          "si": 8,
          "sti": 32,
          "dti": 252,
          "sco": 160,
          "dco": 1253,
          "txt": "career"
        },
        {
          "si": 8,
          "sti": 33,
          "dti": 253,
          "sco": 167,
          "dco": 1260,
          "txt": "league"
        },
        {
          "si": 8,
          "sti": 34,
          "dti": 254,
          "sco": 174,
          "dco": 1267,
          "txt": "goals"
        },
        {
          "si": 8,
          "sti": 35,
          "dti": 255,
          "sco": 180,
          "dco": 1273,
          "txt": "("
        },
        {
          "si": 8,
          "sti": 36,
          "dti": 256,
          "sco": 181,
          "dco": 1274,
          "txt": "242"
        },
        {
          "si": 8,
          "sti": 37,
          "dti": 257,
          "sco": 184,
          "dco": 1277,
          "txt": ")"
        },
        {
          "si": 8,
          "sti": 38,
          "dti": 258,
          "sco": 185,
          "dco": 1278,
          "txt": "."
        },
        {
          "si": 9,
          "sti": 0,
          "dti": 259,
          "sco": 0,
          "dco": 1280,
          "txt": "Over"
        },
        {
          "si": 9,
          "sti": 1,
          "dti": 260,
          "sco": 5,
          "dco": 1285,
          "txt": "the"
        },
        {
          "si": 9,
          "sti": 2,
          "dti": 261,
          "sco": 9,
          "dco": 1289,
          "txt": "course"
        },
        {
          "si": 9,
          "sti": 3,
          "dti": 262,
          "sco": 16,
          "dco": 1296,
          "txt": "of"
        },
        {
          "si": 9,
          "sti": 4,
          "dti": 263,
          "sco": 19,
          "dco": 1299,
          "txt": "his"
        },
        {
          "si": 9,
          "sti": 5,
          "dti": 264,
          "sco": 23,
          "dco": 1303,
          "txt": "15"
        },
        {
          "si": 9,
          "sti": 6,
          "dti": 265,
          "sco": 25,
          "dco": 1305,
          "txt": "-"
        },
        {
          "si": 9,
          "sti": 7,
          "dti": 266,
          "sco": 26,
          "dco": 1306,
          "txt": "year"
        },
        {
          "si": 9,
          "sti": 8,
          "dti": 267,
          "sco": 31,
          "dco": 1311,
          "txt": "career"
        },
        {
          "si": 9,
          "sti": 9,
          "dti": 268,
          "sco": 38,
          "dco": 1318,
          "txt": "with"
        },
        {
          "si": 9,
          "sti": 10,
          "dti": 269,
          "sco": 43,
          "dco": 1323,
          "txt": "Rovers"
        },
        {
          "si": 9,
          "sti": 11,
          "dti": 270,
          "sco": 50,
          "dco": 1330,
          "txt": "he"
        },
        {
          "si": 9,
          "sti": 12,
          "dti": 271,
          "sco": 53,
          "dco": 1333,
          "txt": "played"
        },
        {
          "si": 9,
          "sti": 13,
          "dti": 272,
          "sco": 60,
          "dco": 1340,
          "txt": "a"
        },
        {
          "si": 9,
          "sti": 14,
          "dti": 273,
          "sco": 62,
          "dco": 1342,
          "txt": "total"
        },
        {
          "si": 9,
          "sti": 15,
          "dti": 274,
          "sco": 68,
          "dco": 1348,
          "txt": "of"
        },
        {
          "si": 9,
          "sti": 16,
          "dti": 275,
          "sco": 71,
          "dco": 1351,
          "txt": "626"
        },
        {
          "si": 9,
          "sti": 17,
          "dti": 276,
          "sco": 75,
          "dco": 1355,
          "txt": "competitive"
        },
        {
          "si": 9,
          "sti": 18,
          "dti": 277,
          "sco": 87,
          "dco": 1367,
          "txt": "matches"
        },
        {
          "si": 9,
          "sti": 19,
          "dti": 278,
          "sco": 94,
          "dco": 1374,
          "txt": ","
        },
        {
          "si": 9,
          "sti": 20,
          "dti": 279,
          "sco": 96,
          "dco": 1376,
          "txt": "including"
        },
        {
          "si": 9,
          "sti": 21,
          "dti": 280,
          "sco": 106,
          "dco": 1386,
          "txt": "14"
        },
        {
          "si": 9,
          "sti": 22,
          "dti": 281,
          "sco": 109,
          "dco": 1389,
          "txt": "representative"
        },
        {
          "si": 9,
          "sti": 23,
          "dti": 282,
          "sco": 124,
          "dco": 1404,
          "txt": "matches"
        },
        {
          "si": 9,
          "sti": 24,
          "dti": 283,
          "sco": 131,
          "dco": 1411,
          "txt": ","
        },
        {
          "si": 9,
          "sti": 25,
          "dti": 284,
          "sco": 133,
          "dco": 1413,
          "txt": "10"
        },
        {
          "si": 9,
          "sti": 26,
          "dti": 285,
          "sco": 136,
          "dco": 1416,
          "txt": "Western"
        },
        {
          "si": 9,
          "sti": 27,
          "dti": 286,
          "sco": 144,
          "dco": 1424,
          "txt": "League"
        },
        {
          "si": 9,
          "sti": 28,
          "dti": 287,
          "sco": 151,
          "dco": 1431,
          "txt": "games"
        },
        {
          "si": 9,
          "sti": 29,
          "dti": 288,
          "sco": 157,
          "dco": 1437,
          "txt": "and"
        },
        {
          "si": 9,
          "sti": 30,
          "dti": 289,
          "sco": 161,
          "dco": 1441,
          "txt": "73"
        },
        {
          "si": 9,
          "sti": 31,
          "dti": 290,
          "sco": 164,
          "dco": 1444,
          "txt": "reserve"
        },
        {
          "si": 9,
          "sti": 32,
          "dti": 291,
          "sco": 172,
          "dco": 1452,
          "txt": "team"
        },
        {
          "si": 9,
          "sti": 33,
          "dti": 292,
          "sco": 177,
          "dco": 1457,
          "txt": "games"
        },
        {
          "si": 9,
          "sti": 34,
          "dti": 293,
          "sco": 182,
          "dco": 1462,
          "txt": ","
        },
        {
          "si": 9,
          "sti": 35,
          "dti": 294,
          "sco": 184,
          "dco": 1464,
          "txt": "scoring"
        },
        {
          "si": 9,
          "sti": 36,
          "dti": 295,
          "sco": 192,
          "dco": 1472,
          "txt": "a"
        },
        {
          "si": 9,
          "sti": 37,
          "dti": 296,
          "sco": 194,
          "dco": 1474,
          "txt": "total"
        },
        {
          "si": 9,
          "sti": 38,
          "dti": 297,
          "sco": 200,
          "dco": 1480,
          "txt": "of"
        },
        {
          "si": 9,
          "sti": 39,
          "dti": 298,
          "sco": 203,
          "dco": 1483,
          "txt": "355"
        },
        {
          "si": 9,
          "sti": 40,
          "dti": 299,
          "sco": 207,
          "dco": 1487,
          "txt": "goals"
        },
        {
          "si": 9,
          "sti": 41,
          "dti": 300,
          "sco": 212,
          "dco": 1492,
          "txt": ","
        },
        {
          "si": 9,
          "sti": 42,
          "dti": 301,
          "sco": 214,
          "dco": 1494,
          "txt": "which"
        },
        {
          "si": 9,
          "sti": 43,
          "dti": 302,
          "sco": 220,
          "dco": 1500,
          "txt": "included"
        },
        {
          "si": 9,
          "sti": 44,
          "dti": 303,
          "sco": 229,
          "dco": 1509,
          "txt": "24"
        },
        {
          "si": 9,
          "sti": 45,
          "dti": 304,
          "sco": 232,
          "dco": 1512,
          "txt": "hat"
        },
        {
          "si": 9,
          "sti": 46,
          "dti": 305,
          "sco": 235,
          "dco": 1515,
          "txt": "-"
        },
        {
          "si": 9,
          "sti": 47,
          "dti": 306,
          "sco": 236,
          "dco": 1516,
          "txt": "tricks"
        },
        {
          "si": 9,
          "sti": 48,
          "dti": 307,
          "sco": 243,
          "dco": 1523,
          "txt": "and"
        },
        {
          "si": 9,
          "sti": 49,
          "dti": 308,
          "sco": 247,
          "dco": 1527,
          "txt": "goals"
        },
        {
          "si": 9,
          "sti": 50,
          "dti": 309,
          "sco": 253,
          "dco": 1533,
          "txt": "in"
        },
        {
          "si": 9,
          "sti": 51,
          "dti": 310,
          "sco": 256,
          "dco": 1536,
          "txt": "15"
        },
        {
          "si": 9,
          "sti": 52,
          "dti": 311,
          "sco": 259,
          "dco": 1539,
          "txt": "consecutive"
        },
        {
          "si": 9,
          "sti": 53,
          "dti": 312,
          "sco": 271,
          "dco": 1551,
          "txt": "seasons"
        },
        {
          "si": 9,
          "sti": 54,
          "dti": 313,
          "sco": 278,
          "dco": 1558,
          "txt": "."
        },
        {
          "si": 10,
          "sti": 0,
          "dti": 314,
          "sco": 0,
          "dco": 1560,
          "txt": "He"
        },
        {
          "si": 10,
          "sti": 1,
          "dti": 315,
          "sco": 3,
          "dco": 1563,
          "txt": "also"
        },
        {
          "si": 10,
          "sti": 2,
          "dti": 316,
          "sco": 8,
          "dco": 1568,
          "txt": "played"
        },
        {
          "si": 10,
          "sti": 3,
          "dti": 317,
          "sco": 15,
          "dco": 1575,
          "txt": "in"
        },
        {
          "si": 10,
          "sti": 4,
          "dti": 318,
          "sco": 18,
          "dco": 1578,
          "txt": "every"
        },
        {
          "si": 10,
          "sti": 5,
          "dti": 319,
          "sco": 24,
          "dco": 1584,
          "txt": "outfield"
        },
        {
          "si": 10,
          "sti": 6,
          "dti": 320,
          "sco": 33,
          "dco": 1593,
          "txt": "position"
        },
        {
          "si": 10,
          "sti": 7,
          "dti": 321,
          "sco": 42,
          "dco": 1602,
          "txt": "for"
        },
        {
          "si": 10,
          "sti": 8,
          "dti": 322,
          "sco": 46,
          "dco": 1606,
          "txt": "the"
        },
        {
          "si": 10,
          "sti": 9,
          "dti": 323,
          "sco": 50,
          "dco": 1610,
          "txt": "club"
        },
        {
          "si": 10,
          "sti": 10,
          "dti": 324,
          "sco": 54,
          "dco": 1614,
          "txt": ","
        },
        {
          "si": 10,
          "sti": 11,
          "dti": 325,
          "sco": 56,
          "dco": 1616,
          "txt": "and"
        },
        {
          "si": 10,
          "sti": 12,
          "dti": 326,
          "sco": 60,
          "dco": 1620,
          "txt": "remains"
        },
        {
          "si": 10,
          "sti": 13,
          "dti": 327,
          "sco": 68,
          "dco": 1628,
          "txt": "the"
        },
        {
          "si": 10,
          "sti": 14,
          "dti": 328,
          "sco": 72,
          "dco": 1632,
          "txt": "only"
        },
        {
          "si": 10,
          "sti": 15,
          "dti": 329,
          "sco": 77,
          "dco": 1637,
          "txt": "player"
        },
        {
          "si": 10,
          "sti": 16,
          "dti": 330,
          "sco": 84,
          "dco": 1644,
          "txt": "to"
        },
        {
          "si": 10,
          "sti": 17,
          "dti": 331,
          "sco": 87,
          "dco": 1647,
          "txt": "represent"
        },
        {
          "si": 10,
          "sti": 18,
          "dti": 332,
          "sco": 97,
          "dco": 1657,
          "txt": "England"
        },
        {
          "si": 10,
          "sti": 19,
          "dti": 333,
          "sco": 105,
          "dco": 1665,
          "txt": "while"
        },
        {
          "si": 10,
          "sti": 20,
          "dti": 334,
          "sco": 111,
          "dco": 1671,
          "txt": "on"
        },
        {
          "si": 10,
          "sti": 21,
          "dti": 335,
          "sco": 114,
          "dco": 1674,
          "txt": "the"
        },
        {
          "si": 10,
          "sti": 22,
          "dti": 336,
          "sco": 118,
          "dco": 1678,
          "txt": "books"
        },
        {
          "si": 10,
          "sti": 23,
          "dti": 337,
          "sco": 124,
          "dco": 1684,
          "txt": "of"
        },
        {
          "si": 10,
          "sti": 24,
          "dti": 338,
          "sco": 127,
          "dco": 1687,
          "txt": "Bristol"
        },
        {
          "si": 10,
          "sti": 25,
          "dti": 339,
          "sco": 135,
          "dco": 1695,
          "txt": "Rovers"
        },
        {
          "si": 10,
          "sti": 26,
          "dti": 340,
          "sco": 141,
          "dco": 1701,
          "txt": "."
        },
        {
          "si": 11,
          "sti": 0,
          "dti": 341,
          "sco": 0,
          "dco": 1703,
          "txt": "He"
        },
        {
          "si": 11,
          "sti": 1,
          "dti": 342,
          "sco": 3,
          "dco": 1706,
          "txt": "continued"
        },
        {
          "si": 11,
          "sti": 2,
          "dti": 343,
          "sco": 13,
          "dco": 1716,
          "txt": "to"
        },
        {
          "si": 11,
          "sti": 3,
          "dti": 344,
          "sco": 16,
          "dco": 1719,
          "txt": "live"
        },
        {
          "si": 11,
          "sti": 4,
          "dti": 345,
          "sco": 21,
          "dco": 1724,
          "txt": "in"
        },
        {
          "si": 11,
          "sti": 5,
          "dti": 346,
          "sco": 24,
          "dco": 1727,
          "txt": "Bristol"
        },
        {
          "si": 11,
          "sti": 6,
          "dti": 347,
          "sco": 32,
          "dco": 1735,
          "txt": "for"
        },
        {
          "si": 11,
          "sti": 7,
          "dti": 348,
          "sco": 36,
          "dco": 1739,
          "txt": "the"
        },
        {
          "si": 11,
          "sti": 8,
          "dti": 349,
          "sco": 40,
          "dco": 1743,
          "txt": "rest"
        },
        {
          "si": 11,
          "sti": 9,
          "dti": 350,
          "sco": 45,
          "dco": 1748,
          "txt": "of"
        },
        {
          "si": 11,
          "sti": 10,
          "dti": 351,
          "sco": 48,
          "dco": 1751,
          "txt": "his"
        },
        {
          "si": 11,
          "sti": 11,
          "dti": 352,
          "sco": 52,
          "dco": 1755,
          "txt": "life"
        },
        {
          "si": 11,
          "sti": 12,
          "dti": 353,
          "sco": 56,
          "dco": 1759,
          "txt": ","
        },
        {
          "si": 11,
          "sti": 13,
          "dti": 354,
          "sco": 58,
          "dco": 1761,
          "txt": "working"
        },
        {
          "si": 11,
          "sti": 14,
          "dti": 355,
          "sco": 66,
          "dco": 1769,
          "txt": "as"
        },
        {
          "si": 11,
          "sti": 15,
          "dti": 356,
          "sco": 69,
          "dco": 1772,
          "txt": "a"
        },
        {
          "si": 11,
          "sti": 16,
          "dti": 357,
          "sco": 71,
          "dco": 1774,
          "txt": "petrol"
        },
        {
          "si": 11,
          "sti": 17,
          "dti": 358,
          "sco": 78,
          "dco": 1781,
          "txt": "tanker"
        },
        {
          "si": 11,
          "sti": 18,
          "dti": 359,
          "sco": 85,
          "dco": 1788,
          "txt": "driver"
        },
        {
          "si": 11,
          "sti": 19,
          "dti": 360,
          "sco": 92,
          "dco": 1795,
          "txt": "after"
        },
        {
          "si": 11,
          "sti": 20,
          "dti": 361,
          "sco": 98,
          "dco": 1801,
          "txt": "his"
        },
        {
          "si": 11,
          "sti": 21,
          "dti": 362,
          "sco": 102,
          "dco": 1805,
          "txt": "retirement"
        },
        {
          "si": 11,
          "sti": 22,
          "dti": 363,
          "sco": 113,
          "dco": 1816,
          "txt": "from"
        },
        {
          "si": 11,
          "sti": 23,
          "dti": 364,
          "sco": 118,
          "dco": 1821,
          "txt": "the"
        },
        {
          "si": 11,
          "sti": 24,
          "dti": 365,
          "sco": 122,
          "dco": 1825,
          "txt": "game"
        },
        {
          "si": 11,
          "sti": 25,
          "dti": 366,
          "sco": 127,
          "dco": 1830,
          "txt": "in"
        },
        {
          "si": 11,
          "sti": 26,
          "dti": 367,
          "sco": 130,
          "dco": 1833,
          "txt": "1964"
        },
        {
          "si": 11,
          "sti": 27,
          "dti": 368,
          "sco": 134,
          "dco": 1837,
          "txt": "."
        },
        {
          "si": 12,
          "sti": 0,
          "dti": 369,
          "sco": 0,
          "dco": 1839,
          "txt": "He"
        },
        {
          "si": 12,
          "sti": 1,
          "dti": 370,
          "sco": 3,
          "dco": 1842,
          "txt": "died"
        },
        {
          "si": 12,
          "sti": 2,
          "dti": 371,
          "sco": 8,
          "dco": 1847,
          "txt": "in"
        },
        {
          "si": 12,
          "sti": 3,
          "dti": 372,
          "sco": 11,
          "dco": 1850,
          "txt": "Bristol"
        },
        {
          "si": 12,
          "sti": 4,
          "dti": 373,
          "sco": 19,
          "dco": 1858,
          "txt": "on"
        },
        {
          "si": 12,
          "sti": 5,
          "dti": 374,
          "sco": 22,
          "dco": 1861,
          "txt": "30"
        },
        {
          "si": 12,
          "sti": 6,
          "dti": 375,
          "sco": 25,
          "dco": 1864,
          "txt": "December"
        },
        {
          "si": 12,
          "sti": 7,
          "dti": 376,
          "sco": 34,
          "dco": 1873,
          "txt": "1994"
        },
        {
          "si": 12,
          "sti": 8,
          "dti": 377,
          "sco": 38,
          "dco": 1877,
          "txt": "."
        }
      ]
    },
    "ganns": {
      "dla": [],
      "la": [],
      "ea": [],
      "eta": [
        {
          "ra": {
            "ea": {
              "etn": "Geoff_Bradford"
            }
          },
          "sfs": [
            [
              {
                "stn": "birthYear"
              },
              {
                "dla": {
                  "txt": {
                    "sff": "1927"
                  },
                  "et": {
                    "etn": "BirthYear"
                  },
                  "dp": {
                    "off": 60
                  }
                }
              }
            ],
            [
              {
                "stn": "deathYear"
              },
              {
                "dla": {
                  "txt": {
                    "sff": "1994"
                  },
                  "et": {
                    "etn": "DeathYear"
                  },
                  "dp": {
                    "off": 79
                  }
                }
              }
            ]
          ],
          "mfs": [
            [
              {
                "stn": "birthPlaces"
              },
              {
                "dla": [],
                "la": [],
                "ea": [
                  {
                    "etn": "Bristol"
                  },
                  {
                    "etn": "England"
                  }
                ],
                "eta": []
              }
            ],
            [
              {
                "stn": "teams"
              },
              {
                "dla": [],
                "la": [],
                "ea": [
                  {
                    "etn": "Bristol_Rovers_F.C."
                  },
                  {
                    "etn": "England_national_football_team"
                  },
                  {
                    "etn": "Soundwell_F.C."
                  }
                ],
                "eta": []
              }
            ],
            [
              {
                "stn": "positions"
              },
              {
                "dla": [],
                "la": [],
                "ea": [],
                "eta": []
              }
            ]
          ]
        }
      ]
    }
  }
]
