[
  {
    "context": "TRAIN",
    "doc": {
      "id": "Geoff_Coffin",
      "tl": [
        {
          "si": 0,
          "sti": 0,
          "dti": 0,
          "sco": 0,
          "dco": 0,
          "txt": "Geoff"
        },
        {
          "si": 0,
          "sti": 1,
          "dti": 1,
          "sco": 6,
          "dco": 6,
          "txt": "Coffin"
        },
        {
          "si": 0,
          "sti": 2,
          "dti": 2,
          "sco": 12,
          "dco": 12,
          "txt": "."
        },
        {
          "si": 1,
          "sti": 0,
          "dti": 3,
          "sco": 0,
          "dco": 14,
          "txt": "Geoff"
        },
        {
          "si": 1,
          "sti": 1,
          "dti": 4,
          "sco": 6,
          "dco": 20,
          "txt": "Coffin"
        },
        {
          "si": 1,
          "sti": 2,
          "dti": 5,
          "sco": 13,
          "dco": 27,
          "txt": "("
        },
        {
          "si": 1,
          "sti": 3,
          "dti": 6,
          "sco": 14,
          "dco": 28,
          "txt": "17"
        },
        {
          "si": 1,
          "sti": 4,
          "dti": 7,
          "sco": 17,
          "dco": 31,
          "txt": "August"
        },
        {
          "si": 1,
          "sti": 5,
          "dti": 8,
          "sco": 24,
          "dco": 38,
          "txt": "1924"
        },
        {
          "si": 1,
          "sti": 6,
          "dti": 9,
          "sco": 29,
          "dco": 43,
          "txt": "-"
        },
        {
          "si": 1,
          "sti": 7,
          "dti": 10,
          "sco": 31,
          "dco": 45,
          "txt": "12"
        },
        {
          "si": 1,
          "sti": 8,
          "dti": 11,
          "sco": 34,
          "dco": 48,
          "txt": "March"
        },
        {
          "si": 1,
          "sti": 9,
          "dti": 12,
          "sco": 40,
          "dco": 54,
          "txt": "2015"
        },
        {
          "si": 1,
          "sti": 10,
          "dti": 13,
          "sco": 44,
          "dco": 58,
          "txt": ")"
        },
        {
          "si": 1,
          "sti": 11,
          "dti": 14,
          "sco": 46,
          "dco": 60,
          "txt": "was"
        },
        {
          "si": 1,
          "sti": 12,
          "dti": 15,
          "sco": 50,
          "dco": 64,
          "txt": "a"
        },
        {
          "si": 1,
          "sti": 13,
          "dti": 16,
          "sco": 52,
          "dco": 66,
          "txt": "footballer"
        },
        {
          "si": 1,
          "sti": 14,
          "dti": 17,
          "sco": 63,
          "dco": 77,
          "txt": "who"
        },
        {
          "si": 1,
          "sti": 15,
          "dti": 18,
          "sco": 67,
          "dco": 81,
          "txt": "played"
        },
        {
          "si": 1,
          "sti": 16,
          "dti": 19,
          "sco": 74,
          "dco": 88,
          "txt": "as"
        },
        {
          "si": 1,
          "sti": 17,
          "dti": 20,
          "sco": 77,
          "dco": 91,
          "txt": "a"
        },
        {
          "si": 1,
          "sti": 18,
          "dti": 21,
          "sco": 79,
          "dco": 93,
          "txt": "centre"
        },
        {
          "si": 1,
          "sti": 19,
          "dti": 22,
          "sco": 86,
          "dco": 100,
          "txt": "forward"
        },
        {
          "si": 1,
          "sti": 20,
          "dti": 23,
          "sco": 94,
          "dco": 108,
          "txt": "for"
        },
        {
          "si": 1,
          "sti": 21,
          "dti": 24,
          "sco": 98,
          "dco": 112,
          "txt": "Heath"
        },
        {
          "si": 1,
          "sti": 22,
          "dti": 25,
          "sco": 104,
          "dco": 118,
          "txt": "Rangers"
        },
        {
          "si": 1,
          "sti": 23,
          "dti": 26,
          "sco": 111,
          "dco": 125,
          "txt": ","
        },
        {
          "si": 1,
          "sti": 24,
          "dti": 27,
          "sco": 113,
          "dco": 127,
          "txt": "Chester"
        },
        {
          "si": 1,
          "sti": 25,
          "dti": 28,
          "sco": 121,
          "dco": 135,
          "txt": "City"
        },
        {
          "si": 1,
          "sti": 26,
          "dti": 29,
          "sco": 126,
          "dco": 140,
          "txt": "and"
        },
        {
          "si": 1,
          "sti": 27,
          "dti": 30,
          "sco": 130,
          "dco": 144,
          "txt": "Winsford"
        },
        {
          "si": 1,
          "sti": 28,
          "dti": 31,
          "sco": 139,
          "dco": 153,
          "txt": "United"
        },
        {
          "si": 1,
          "sti": 29,
          "dti": 32,
          "sco": 145,
          "dco": 159,
          "txt": "."
        },
        {
          "si": 2,
          "sti": 0,
          "dti": 33,
          "sco": 0,
          "dco": 161,
          "txt": "He"
        },
        {
          "si": 2,
          "sti": 1,
          "dti": 34,
          "sco": 3,
          "dco": 164,
          "txt": "was"
        },
        {
          "si": 2,
          "sti": 2,
          "dti": 35,
          "sco": 7,
          "dco": 168,
          "txt": "born"
        },
        {
          "si": 2,
          "sti": 3,
          "dti": 36,
          "sco": 12,
          "dco": 173,
          "txt": "in"
        },
        {
          "si": 2,
          "sti": 4,
          "dti": 37,
          "sco": 15,
          "dco": 176,
          "txt": "Chester"
        },
        {
          "si": 2,
          "sti": 5,
          "dti": 38,
          "sco": 22,
          "dco": 183,
          "txt": "."
        }
      ]
    },
    "ganns": {
      "dla": [],
      "la": [],
      "ea": [],
      "eta": [
        {
          "ra": {
            "ea": {
              "etn": "Geoff_Coffin"
            }
          },
          "sfs": [
            [
              {
                "stn": "birthYear"
              },
              {
                "dla": {
                  "txt": {
                    "sff": "1924"
                  },
                  "et": {
                    "etn": "BirthYear"
                  },
                  "dp": {
                    "off": 38
                  }
                }
              }
            ],
            [
              {
                "stn": "deathYear"
              },
              {}
            ]
          ],
          "mfs": [
            [
              {
                "stn": "position"
              },
              {
                "dla": [],
                "la": [],
                "ea": [
                  {
                    "etn": "Forward_(association_football)"
                  }
                ],
                "eta": []
              }
            ],
            [
              {
                "stn": "team"
              },
              {
                "dla": [],
                "la": [],
                "ea": [
                  {
                    "etn": "Chester_City_F.C."
                  },
                  {
                    "etn": "Heath_Rangers_F.C."
                  },
                  {
                    "etn": "Winsford_United_F.C."
                  }
                ],
                "eta": []
              }
            ],
            [
              {
                "stn": "birthPlace"
              },
              {
                "dla": [],
                "la": [],
                "ea": [
                  {
                    "etn": "Chester"
                  }
                ],
                "eta": []
              }
            ]
          ]
        }
      ]
    }
  }
]
