[
  {
    "context": "TRAIN",
    "doc": {
      "id": "George_Toone",
      "tl": [
        {
          "si": 0,
          "sti": 0,
          "dti": 0,
          "sco": 0,
          "dco": 0,
          "txt": "George"
        },
        {
          "si": 0,
          "sti": 1,
          "dti": 1,
          "sco": 7,
          "dco": 7,
          "txt": "Toone"
        },
        {
          "si": 0,
          "sti": 2,
          "dti": 2,
          "sco": 12,
          "dco": 12,
          "txt": "."
        },
        {
          "si": 1,
          "sti": 0,
          "dti": 3,
          "sco": 0,
          "dco": 14,
          "txt": "George"
        },
        {
          "si": 1,
          "sti": 1,
          "dti": 4,
          "sco": 7,
          "dco": 21,
          "txt": "Toone"
        },
        {
          "si": 1,
          "sti": 2,
          "dti": 5,
          "sco": 13,
          "dco": 27,
          "txt": "("
        },
        {
          "si": 1,
          "sti": 3,
          "dti": 6,
          "sco": 14,
          "dco": 28,
          "txt": "10"
        },
        {
          "si": 1,
          "sti": 4,
          "dti": 7,
          "sco": 17,
          "dco": 31,
          "txt": "June"
        },
        {
          "si": 1,
          "sti": 5,
          "dti": 8,
          "sco": 22,
          "dco": 36,
          "txt": "1868"
        },
        {
          "si": 1,
          "sti": 6,
          "dti": 9,
          "sco": 27,
          "dco": 41,
          "txt": "–"
        },
        {
          "si": 1,
          "sti": 7,
          "dti": 10,
          "sco": 29,
          "dco": 43,
          "txt": "1"
        },
        {
          "si": 1,
          "sti": 8,
          "dti": 11,
          "sco": 31,
          "dco": 45,
          "txt": "September"
        },
        {
          "si": 1,
          "sti": 9,
          "dti": 12,
          "sco": 41,
          "dco": 55,
          "txt": "1943"
        },
        {
          "si": 1,
          "sti": 10,
          "dti": 13,
          "sco": 45,
          "dco": 59,
          "txt": ")"
        },
        {
          "si": 1,
          "sti": 11,
          "dti": 14,
          "sco": 47,
          "dco": 61,
          "txt": "was"
        },
        {
          "si": 1,
          "sti": 12,
          "dti": 15,
          "sco": 51,
          "dco": 65,
          "txt": "an"
        },
        {
          "si": 1,
          "sti": 13,
          "dti": 16,
          "sco": 54,
          "dco": 68,
          "txt": "English"
        },
        {
          "si": 1,
          "sti": 14,
          "dti": 17,
          "sco": 62,
          "dco": 76,
          "txt": "international"
        },
        {
          "si": 1,
          "sti": 15,
          "dti": 18,
          "sco": 76,
          "dco": 90,
          "txt": "footballer"
        },
        {
          "si": 1,
          "sti": 16,
          "dti": 19,
          "sco": 86,
          "dco": 100,
          "txt": ","
        },
        {
          "si": 1,
          "sti": 17,
          "dti": 20,
          "sco": 88,
          "dco": 102,
          "txt": "who"
        },
        {
          "si": 1,
          "sti": 18,
          "dti": 21,
          "sco": 92,
          "dco": 106,
          "txt": "played"
        },
        {
          "si": 1,
          "sti": 19,
          "dti": 22,
          "sco": 99,
          "dco": 113,
          "txt": "as"
        },
        {
          "si": 1,
          "sti": 20,
          "dti": 23,
          "sco": 102,
          "dco": 116,
          "txt": "a"
        },
        {
          "si": 1,
          "sti": 21,
          "dti": 24,
          "sco": 104,
          "dco": 118,
          "txt": "goalkeeper"
        },
        {
          "si": 1,
          "sti": 22,
          "dti": 25,
          "sco": 114,
          "dco": 128,
          "txt": "."
        },
        {
          "si": 2,
          "sti": 0,
          "dti": 26,
          "sco": 0,
          "dco": 130,
          "txt": "Career"
        },
        {
          "si": 2,
          "sti": 1,
          "dti": 27,
          "sco": 6,
          "dco": 136,
          "txt": "."
        },
        {
          "si": 3,
          "sti": 0,
          "dti": 28,
          "sco": 0,
          "dco": 138,
          "txt": "Born"
        },
        {
          "si": 3,
          "sti": 1,
          "dti": 29,
          "sco": 5,
          "dco": 143,
          "txt": "in"
        },
        {
          "si": 3,
          "sti": 2,
          "dti": 30,
          "sco": 8,
          "dco": 146,
          "txt": "Nottingham"
        },
        {
          "si": 3,
          "sti": 3,
          "dti": 31,
          "sco": 18,
          "dco": 156,
          "txt": ","
        },
        {
          "si": 3,
          "sti": 4,
          "dti": 32,
          "sco": 20,
          "dco": 158,
          "txt": "Toone"
        },
        {
          "si": 3,
          "sti": 5,
          "dti": 33,
          "sco": 26,
          "dco": 164,
          "txt": "played"
        },
        {
          "si": 3,
          "sti": 6,
          "dti": 34,
          "sco": 33,
          "dco": 171,
          "txt": "professionally"
        },
        {
          "si": 3,
          "sti": 7,
          "dti": 35,
          "sco": 48,
          "dco": 186,
          "txt": "for"
        },
        {
          "si": 3,
          "sti": 8,
          "dti": 36,
          "sco": 52,
          "dco": 190,
          "txt": "Notts"
        },
        {
          "si": 3,
          "sti": 9,
          "dti": 37,
          "sco": 58,
          "dco": 196,
          "txt": "County"
        },
        {
          "si": 3,
          "sti": 10,
          "dti": 38,
          "sco": 64,
          "dco": 202,
          "txt": ","
        },
        {
          "si": 3,
          "sti": 11,
          "dti": 39,
          "sco": 66,
          "dco": 204,
          "txt": "Bedminster"
        },
        {
          "si": 3,
          "sti": 12,
          "dti": 40,
          "sco": 77,
          "dco": 215,
          "txt": "and"
        },
        {
          "si": 3,
          "sti": 13,
          "dti": 41,
          "sco": 81,
          "dco": 219,
          "txt": "Bristol"
        },
        {
          "si": 3,
          "sti": 14,
          "dti": 42,
          "sco": 89,
          "dco": 227,
          "txt": "City"
        },
        {
          "si": 3,
          "sti": 15,
          "dti": 43,
          "sco": 93,
          "dco": 231,
          "txt": "."
        },
        {
          "si": 4,
          "sti": 0,
          "dti": 44,
          "sco": 0,
          "dco": 233,
          "txt": "He"
        },
        {
          "si": 4,
          "sti": 1,
          "dti": 45,
          "sco": 3,
          "dco": 236,
          "txt": "earned"
        },
        {
          "si": 4,
          "sti": 2,
          "dti": 46,
          "sco": 10,
          "dco": 243,
          "txt": "two"
        },
        {
          "si": 4,
          "sti": 3,
          "dti": 47,
          "sco": 14,
          "dco": 247,
          "txt": "international"
        },
        {
          "si": 4,
          "sti": 4,
          "dti": 48,
          "sco": 28,
          "dco": 261,
          "txt": "caps"
        },
        {
          "si": 4,
          "sti": 5,
          "dti": 49,
          "sco": 33,
          "dco": 266,
          "txt": "for"
        },
        {
          "si": 4,
          "sti": 6,
          "dti": 50,
          "sco": 37,
          "dco": 270,
          "txt": "England"
        },
        {
          "si": 4,
          "sti": 7,
          "dti": 51,
          "sco": 45,
          "dco": 278,
          "txt": "in"
        },
        {
          "si": 4,
          "sti": 8,
          "dti": 52,
          "sco": 48,
          "dco": 281,
          "txt": "1892"
        },
        {
          "si": 4,
          "sti": 9,
          "dti": 53,
          "sco": 52,
          "dco": 285,
          "txt": "."
        }
      ]
    },
    "ganns": {
      "dla": [],
      "la": [],
      "ea": [],
      "eta": [
        {
          "ra": {
            "ea": {
              "etn": "George_Toone"
            }
          },
          "sfs": [
            [
              {
                "stn": "birthYear"
              },
              {
                "dla": {
                  "txt": {
                    "sff": "1868"
                  },
                  "et": {
                    "etn": "BirthYear"
                  },
                  "dp": {
                    "off": 36
                  }
                }
              }
            ],
            [
              {
                "stn": "deathYear"
              },
              {
                "dla": {
                  "txt": {
                    "sff": "1943"
                  },
                  "et": {
                    "etn": "DeathYear"
                  },
                  "dp": {
                    "off": 55
                  }
                }
              }
            ]
          ],
          "mfs": [
            [
              {
                "stn": "position"
              },
              {
                "dla": [],
                "la": [],
                "ea": [
                  {
                    "etn": "Goalkeeper_(association_football)"
                  }
                ],
                "eta": []
              }
            ],
            [
              {
                "stn": "team"
              },
              {
                "dla": [],
                "la": [],
                "ea": [
                  {
                    "etn": "England_national_football_team"
                  },
                  {
                    "etn": "Notts_County_F.C."
                  }
                ],
                "eta": []
              }
            ],
            [
              {
                "stn": "birthPlace"
              },
              {
                "dla": [],
                "la": [],
                "ea": [
                  {
                    "etn": "Nottingham"
                  }
                ],
                "eta": []
              }
            ]
          ]
        }
      ]
    }
  }
]
