[
  {
    "context": "DEVELOPMENT",
    "doc": {
      "id": "George_Barron",
      "tl": [
        {
          "si": 0,
          "sti": 0,
          "dti": 0,
          "sco": 0,
          "dco": 0,
          "txt": "George"
        },
        {
          "si": 0,
          "sti": 1,
          "dti": 1,
          "sco": 7,
          "dco": 7,
          "txt": "Barron"
        },
        {
          "si": 0,
          "sti": 2,
          "dti": 2,
          "sco": 13,
          "dco": 13,
          "txt": "."
        },
        {
          "si": 1,
          "sti": 0,
          "dti": 3,
          "sco": 0,
          "dco": 15,
          "txt": "George"
        },
        {
          "si": 1,
          "sti": 1,
          "dti": 4,
          "sco": 7,
          "dco": 22,
          "txt": "Ward"
        },
        {
          "si": 1,
          "sti": 2,
          "dti": 5,
          "sco": 12,
          "dco": 27,
          "txt": "Barron"
        },
        {
          "si": 1,
          "sti": 3,
          "dti": 6,
          "sco": 19,
          "dco": 34,
          "txt": "("
        },
        {
          "si": 1,
          "sti": 4,
          "dti": 7,
          "sco": 20,
          "dco": 35,
          "txt": "1883"
        },
        {
          "si": 1,
          "sti": 5,
          "dti": 8,
          "sco": 24,
          "dco": 39,
          "txt": "–"
        },
        {
          "si": 1,
          "sti": 6,
          "dti": 9,
          "sco": 25,
          "dco": 40,
          "txt": "1961"
        },
        {
          "si": 1,
          "sti": 7,
          "dti": 10,
          "sco": 29,
          "dco": 44,
          "txt": ")"
        },
        {
          "si": 1,
          "sti": 8,
          "dti": 11,
          "sco": 31,
          "dco": 46,
          "txt": "was"
        },
        {
          "si": 1,
          "sti": 9,
          "dti": 12,
          "sco": 35,
          "dco": 50,
          "txt": "an"
        },
        {
          "si": 1,
          "sti": 10,
          "dti": 13,
          "sco": 38,
          "dco": 53,
          "txt": "English"
        },
        {
          "si": 1,
          "sti": 11,
          "dti": 14,
          "sco": 46,
          "dco": 61,
          "txt": "professional"
        },
        {
          "si": 1,
          "sti": 12,
          "dti": 15,
          "sco": 59,
          "dco": 74,
          "txt": "footballer"
        },
        {
          "si": 1,
          "sti": 13,
          "dti": 16,
          "sco": 70,
          "dco": 85,
          "txt": "who"
        },
        {
          "si": 1,
          "sti": 14,
          "dti": 17,
          "sco": 74,
          "dco": 89,
          "txt": "played"
        },
        {
          "si": 1,
          "sti": 15,
          "dti": 18,
          "sco": 81,
          "dco": 96,
          "txt": "as"
        },
        {
          "si": 1,
          "sti": 16,
          "dti": 19,
          "sco": 84,
          "dco": 99,
          "txt": "a"
        },
        {
          "si": 1,
          "sti": 17,
          "dti": 20,
          "sco": 86,
          "dco": 101,
          "txt": "winger"
        },
        {
          "si": 1,
          "sti": 18,
          "dti": 21,
          "sco": 92,
          "dco": 107,
          "txt": "."
        },
        {
          "si": 2,
          "sti": 0,
          "dti": 22,
          "sco": 0,
          "dco": 109,
          "txt": "Born"
        },
        {
          "si": 2,
          "sti": 1,
          "dti": 23,
          "sco": 5,
          "dco": 114,
          "txt": "in"
        },
        {
          "si": 2,
          "sti": 2,
          "dti": 24,
          "sco": 8,
          "dco": 117,
          "txt": "Darlington"
        },
        {
          "si": 2,
          "sti": 3,
          "dti": 25,
          "sco": 18,
          "dco": 127,
          "txt": ","
        },
        {
          "si": 2,
          "sti": 4,
          "dti": 26,
          "sco": 20,
          "dco": 129,
          "txt": "he"
        },
        {
          "si": 2,
          "sti": 5,
          "dti": 27,
          "sco": 23,
          "dco": 132,
          "txt": "made"
        },
        {
          "si": 2,
          "sti": 6,
          "dti": 28,
          "sco": 28,
          "dco": 137,
          "txt": "one"
        },
        {
          "si": 2,
          "sti": 7,
          "dti": 29,
          "sco": 32,
          "dco": 141,
          "txt": "appearance"
        },
        {
          "si": 2,
          "sti": 8,
          "dti": 30,
          "sco": 43,
          "dco": 152,
          "txt": "in"
        },
        {
          "si": 2,
          "sti": 9,
          "dti": 31,
          "sco": 46,
          "dco": 155,
          "txt": "the"
        },
        {
          "si": 2,
          "sti": 10,
          "dti": 32,
          "sco": 50,
          "dco": 159,
          "txt": "Football"
        },
        {
          "si": 2,
          "sti": 11,
          "dti": 33,
          "sco": 59,
          "dco": 168,
          "txt": "League"
        },
        {
          "si": 2,
          "sti": 12,
          "dti": 34,
          "sco": 66,
          "dco": 175,
          "txt": "First"
        },
        {
          "si": 2,
          "sti": 13,
          "dti": 35,
          "sco": 72,
          "dco": 181,
          "txt": "Division"
        },
        {
          "si": 2,
          "sti": 14,
          "dti": 36,
          "sco": 81,
          "dco": 190,
          "txt": "for"
        },
        {
          "si": 2,
          "sti": 15,
          "dti": 37,
          "sco": 85,
          "dco": 194,
          "txt": "Sheffield"
        },
        {
          "si": 2,
          "sti": 16,
          "dti": 38,
          "sco": 95,
          "dco": 204,
          "txt": "Wednesday"
        },
        {
          "si": 2,
          "sti": 17,
          "dti": 39,
          "sco": 105,
          "dco": 214,
          "txt": "in"
        },
        {
          "si": 2,
          "sti": 18,
          "dti": 40,
          "sco": 108,
          "dco": 217,
          "txt": "1903"
        },
        {
          "si": 2,
          "sti": 19,
          "dti": 41,
          "sco": 112,
          "dco": 221,
          "txt": "."
        }
      ]
    },
    "ganns": {
      "dla": [],
      "la": [],
      "ea": [],
      "eta": [
        {
          "ra": {
            "ea": {
              "etn": "George_Barron"
            }
          },
          "sfs": [
            [
              {
                "stn": "birthYear"
              },
              {
                "dla": {
                  "txt": {
                    "sff": "1883"
                  },
                  "et": {
                    "etn": "BirthYear"
                  },
                  "dp": {
                    "off": 35
                  }
                }
              }
            ],
            [
              {
                "stn": "deathYear"
              },
              {
                "dla": {
                  "txt": {
                    "sff": "1961"
                  },
                  "et": {
                    "etn": "DeathYear"
                  },
                  "dp": {
                    "off": 40
                  }
                }
              }
            ]
          ],
          "mfs": [
            [
              {
                "stn": "birthPlaces"
              },
              {
                "dla": [],
                "la": [],
                "ea": [
                  {
                    "etn": "Darlington"
                  },
                  {
                    "etn": "England"
                  }
                ],
                "eta": []
              }
            ],
            [
              {
                "stn": "teams"
              },
              {
                "dla": [],
                "la": [],
                "ea": [
                  {
                    "etn": "Sheffield_Wednesday_F.C."
                  }
                ],
                "eta": []
              }
            ],
            [
              {
                "stn": "positions"
              },
              {
                "dla": [],
                "la": [],
                "ea": [],
                "eta": []
              }
            ]
          ]
        }
      ]
    }
  }
]
