[
  {
    "context": "DEVELOPMENT",
    "doc": {
      "id": "George_Mills_(footballer)",
      "tl": [
        {
          "si": 0,
          "sti": 0,
          "dti": 0,
          "sco": 0,
          "dco": 0,
          "txt": "George"
        },
        {
          "si": 0,
          "sti": 1,
          "dti": 1,
          "sco": 7,
          "dco": 7,
          "txt": "Mills"
        },
        {
          "si": 0,
          "sti": 2,
          "dti": 2,
          "sco": 13,
          "dco": 13,
          "txt": "("
        },
        {
          "si": 0,
          "sti": 3,
          "dti": 3,
          "sco": 14,
          "dco": 14,
          "txt": "footballer"
        },
        {
          "si": 0,
          "sti": 4,
          "dti": 4,
          "sco": 24,
          "dco": 24,
          "txt": ")"
        },
        {
          "si": 0,
          "sti": 5,
          "dti": 5,
          "sco": 25,
          "dco": 25,
          "txt": "."
        },
        {
          "si": 1,
          "sti": 0,
          "dti": 6,
          "sco": 0,
          "dco": 27,
          "txt": "George"
        },
        {
          "si": 1,
          "sti": 1,
          "dti": 7,
          "sco": 7,
          "dco": 34,
          "txt": "Robert"
        },
        {
          "si": 1,
          "sti": 2,
          "dti": 8,
          "sco": 14,
          "dco": 41,
          "txt": "Mills"
        },
        {
          "si": 1,
          "sti": 3,
          "dti": 9,
          "sco": 20,
          "dco": 47,
          "txt": "("
        },
        {
          "si": 1,
          "sti": 4,
          "dti": 10,
          "sco": 21,
          "dco": 48,
          "txt": "born"
        },
        {
          "si": 1,
          "sti": 5,
          "dti": 11,
          "sco": 26,
          "dco": 53,
          "txt": "29"
        },
        {
          "si": 1,
          "sti": 6,
          "dti": 12,
          "sco": 29,
          "dco": 56,
          "txt": "December"
        },
        {
          "si": 1,
          "sti": 7,
          "dti": 13,
          "sco": 38,
          "dco": 65,
          "txt": "1908"
        },
        {
          "si": 1,
          "sti": 8,
          "dti": 14,
          "sco": 43,
          "dco": 70,
          "txt": "in"
        },
        {
          "si": 1,
          "sti": 9,
          "dti": 15,
          "sco": 46,
          "dco": 73,
          "txt": "Deptford"
        },
        {
          "si": 1,
          "sti": 10,
          "dti": 16,
          "sco": 54,
          "dco": 81,
          "txt": ","
        },
        {
          "si": 1,
          "sti": 11,
          "dti": 17,
          "sco": 56,
          "dco": 83,
          "txt": "died"
        },
        {
          "si": 1,
          "sti": 12,
          "dti": 18,
          "sco": 61,
          "dco": 88,
          "txt": "15"
        },
        {
          "si": 1,
          "sti": 13,
          "dti": 19,
          "sco": 64,
          "dco": 91,
          "txt": "July"
        },
        {
          "si": 1,
          "sti": 14,
          "dti": 20,
          "sco": 69,
          "dco": 96,
          "txt": "1970"
        },
        {
          "si": 1,
          "sti": 15,
          "dti": 21,
          "sco": 73,
          "dco": 100,
          "txt": ")"
        },
        {
          "si": 1,
          "sti": 16,
          "dti": 22,
          "sco": 75,
          "dco": 102,
          "txt": "was"
        },
        {
          "si": 1,
          "sti": 17,
          "dti": 23,
          "sco": 79,
          "dco": 106,
          "txt": "an"
        },
        {
          "si": 1,
          "sti": 18,
          "dti": 24,
          "sco": 82,
          "dco": 109,
          "txt": "English"
        },
        {
          "si": 1,
          "sti": 19,
          "dti": 25,
          "sco": 90,
          "dco": 117,
          "txt": "footballer"
        },
        {
          "si": 1,
          "sti": 20,
          "dti": 26,
          "sco": 100,
          "dco": 127,
          "txt": ","
        },
        {
          "si": 1,
          "sti": 21,
          "dti": 27,
          "sco": 102,
          "dco": 129,
          "txt": "principally"
        },
        {
          "si": 1,
          "sti": 22,
          "dti": 28,
          "sco": 114,
          "dco": 141,
          "txt": "for"
        },
        {
          "si": 1,
          "sti": 23,
          "dti": 29,
          "sco": 118,
          "dco": 145,
          "txt": "Chelsea"
        },
        {
          "si": 1,
          "sti": 24,
          "dti": 30,
          "sco": 125,
          "dco": 152,
          "txt": "."
        },
        {
          "si": 2,
          "sti": 0,
          "dti": 31,
          "sco": 0,
          "dco": 154,
          "txt": "He"
        },
        {
          "si": 2,
          "sti": 1,
          "dti": 32,
          "sco": 3,
          "dco": 157,
          "txt": "signed"
        },
        {
          "si": 2,
          "sti": 2,
          "dti": 33,
          "sco": 10,
          "dco": 164,
          "txt": "for"
        },
        {
          "si": 2,
          "sti": 3,
          "dti": 34,
          "sco": 14,
          "dco": 168,
          "txt": "Chelsea"
        },
        {
          "si": 2,
          "sti": 4,
          "dti": 35,
          "sco": 22,
          "dco": 176,
          "txt": "as"
        },
        {
          "si": 2,
          "sti": 5,
          "dti": 36,
          "sco": 25,
          "dco": 179,
          "txt": "an"
        },
        {
          "si": 2,
          "sti": 6,
          "dti": 37,
          "sco": 28,
          "dco": 182,
          "txt": "amateur"
        },
        {
          "si": 2,
          "sti": 7,
          "dti": 38,
          "sco": 36,
          "dco": 190,
          "txt": "in"
        },
        {
          "si": 2,
          "sti": 8,
          "dti": 39,
          "sco": 39,
          "dco": 193,
          "txt": "1929"
        },
        {
          "si": 2,
          "sti": 9,
          "dti": 40,
          "sco": 44,
          "dco": 198,
          "txt": "from"
        },
        {
          "si": 2,
          "sti": 10,
          "dti": 41,
          "sco": 49,
          "dco": 203,
          "txt": "Bromley"
        },
        {
          "si": 2,
          "sti": 11,
          "dti": 42,
          "sco": 57,
          "dco": 211,
          "txt": "and"
        },
        {
          "si": 2,
          "sti": 12,
          "dti": 43,
          "sco": 61,
          "dco": 215,
          "txt": "stayed"
        },
        {
          "si": 2,
          "sti": 13,
          "dti": 44,
          "sco": 68,
          "dco": 222,
          "txt": "at"
        },
        {
          "si": 2,
          "sti": 14,
          "dti": 45,
          "sco": 71,
          "dco": 225,
          "txt": "the"
        },
        {
          "si": 2,
          "sti": 15,
          "dti": 46,
          "sco": 75,
          "dco": 229,
          "txt": "club"
        },
        {
          "si": 2,
          "sti": 16,
          "dti": 47,
          "sco": 80,
          "dco": 234,
          "txt": "for"
        },
        {
          "si": 2,
          "sti": 17,
          "dti": 48,
          "sco": 84,
          "dco": 238,
          "txt": "the"
        },
        {
          "si": 2,
          "sti": 18,
          "dti": 49,
          "sco": 88,
          "dco": 242,
          "txt": "rest"
        },
        {
          "si": 2,
          "sti": 19,
          "dti": 50,
          "sco": 93,
          "dco": 247,
          "txt": "of"
        },
        {
          "si": 2,
          "sti": 20,
          "dti": 51,
          "sco": 96,
          "dco": 250,
          "txt": "his"
        },
        {
          "si": 2,
          "sti": 21,
          "dti": 52,
          "sco": 100,
          "dco": 254,
          "txt": "career"
        },
        {
          "si": 2,
          "sti": 22,
          "dti": 53,
          "sco": 106,
          "dco": 260,
          "txt": "."
        },
        {
          "si": 3,
          "sti": 0,
          "dti": 54,
          "sco": 0,
          "dco": 262,
          "txt": "He"
        },
        {
          "si": 3,
          "sti": 1,
          "dti": 55,
          "sco": 3,
          "dco": 265,
          "txt": "was"
        },
        {
          "si": 3,
          "sti": 2,
          "dti": 56,
          "sco": 7,
          "dco": 269,
          "txt": "a"
        },
        {
          "si": 3,
          "sti": 3,
          "dti": 57,
          "sco": 9,
          "dco": 271,
          "txt": "prolific"
        },
        {
          "si": 3,
          "sti": 4,
          "dti": 58,
          "sco": 18,
          "dco": 280,
          "txt": "goal"
        },
        {
          "si": 3,
          "sti": 5,
          "dti": 59,
          "sco": 23,
          "dco": 285,
          "txt": "scorer"
        },
        {
          "si": 3,
          "sti": 6,
          "dti": 60,
          "sco": 30,
          "dco": 292,
          "txt": "in"
        },
        {
          "si": 3,
          "sti": 7,
          "dti": 61,
          "sco": 33,
          "dco": 295,
          "txt": "his"
        },
        {
          "si": 3,
          "sti": 8,
          "dti": 62,
          "sco": 37,
          "dco": 299,
          "txt": "time"
        },
        {
          "si": 3,
          "sti": 9,
          "dti": 63,
          "sco": 42,
          "dco": 304,
          "txt": "there"
        },
        {
          "si": 3,
          "sti": 10,
          "dti": 64,
          "sco": 47,
          "dco": 309,
          "txt": ","
        },
        {
          "si": 3,
          "sti": 11,
          "dti": 65,
          "sco": 49,
          "dco": 311,
          "txt": "notching"
        },
        {
          "si": 3,
          "sti": 12,
          "dti": 66,
          "sco": 58,
          "dco": 320,
          "txt": "125"
        },
        {
          "si": 3,
          "sti": 13,
          "dti": 67,
          "sco": 62,
          "dco": 324,
          "txt": "goals"
        },
        {
          "si": 3,
          "sti": 14,
          "dti": 68,
          "sco": 68,
          "dco": 330,
          "txt": "in"
        },
        {
          "si": 3,
          "sti": 15,
          "dti": 69,
          "sco": 71,
          "dco": 333,
          "txt": "239"
        },
        {
          "si": 3,
          "sti": 16,
          "dti": 70,
          "sco": 75,
          "dco": 337,
          "txt": "games"
        },
        {
          "si": 3,
          "sti": 17,
          "dti": 71,
          "sco": 80,
          "dco": 342,
          "txt": "."
        },
        {
          "si": 4,
          "sti": 0,
          "dti": 72,
          "sco": 0,
          "dco": 344,
          "txt": "Despite"
        },
        {
          "si": 4,
          "sti": 1,
          "dti": 73,
          "sco": 8,
          "dco": 352,
          "txt": "often"
        },
        {
          "si": 4,
          "sti": 2,
          "dti": 74,
          "sco": 14,
          "dco": 358,
          "txt": "being"
        },
        {
          "si": 4,
          "sti": 3,
          "dti": 75,
          "sco": 20,
          "dco": 364,
          "txt": "overlooked"
        },
        {
          "si": 4,
          "sti": 4,
          "dti": 76,
          "sco": 31,
          "dco": 375,
          "txt": "by"
        },
        {
          "si": 4,
          "sti": 5,
          "dti": 77,
          "sco": 34,
          "dco": 378,
          "txt": "more"
        },
        {
          "si": 4,
          "sti": 6,
          "dti": 78,
          "sco": 39,
          "dco": 383,
          "txt": "glamorous"
        },
        {
          "si": 4,
          "sti": 7,
          "dti": 79,
          "sco": 48,
          "dco": 392,
          "txt": ","
        },
        {
          "si": 4,
          "sti": 8,
          "dti": 80,
          "sco": 50,
          "dco": 394,
          "txt": "but"
        },
        {
          "si": 4,
          "sti": 9,
          "dti": 81,
          "sco": 54,
          "dco": 398,
          "txt": "less"
        },
        {
          "si": 4,
          "sti": 10,
          "dti": 82,
          "sco": 59,
          "dco": 403,
          "txt": "reliable"
        },
        {
          "si": 4,
          "sti": 11,
          "dti": 83,
          "sco": 67,
          "dco": 411,
          "txt": ","
        },
        {
          "si": 4,
          "sti": 12,
          "dti": 84,
          "sco": 69,
          "dco": 413,
          "txt": "forwards"
        },
        {
          "si": 4,
          "sti": 13,
          "dti": 85,
          "sco": 78,
          "dco": 422,
          "txt": "such"
        },
        {
          "si": 4,
          "sti": 14,
          "dti": 86,
          "sco": 83,
          "dco": 427,
          "txt": "as"
        },
        {
          "si": 4,
          "sti": 15,
          "dti": 87,
          "sco": 86,
          "dco": 430,
          "txt": "Hughie"
        },
        {
          "si": 4,
          "sti": 16,
          "dti": 88,
          "sco": 93,
          "dco": 437,
          "txt": "Gallacher"
        },
        {
          "si": 4,
          "sti": 17,
          "dti": 89,
          "sco": 103,
          "dco": 447,
          "txt": "and"
        },
        {
          "si": 4,
          "sti": 18,
          "dti": 90,
          "sco": 107,
          "dco": 451,
          "txt": "Joe"
        },
        {
          "si": 4,
          "sti": 19,
          "dti": 91,
          "sco": 111,
          "dco": 455,
          "txt": "Bambrick"
        },
        {
          "si": 4,
          "sti": 20,
          "dti": 92,
          "sco": 119,
          "dco": 463,
          "txt": ","
        },
        {
          "si": 4,
          "sti": 21,
          "dti": 93,
          "sco": 121,
          "dco": 465,
          "txt": "he"
        },
        {
          "si": 4,
          "sti": 22,
          "dti": 94,
          "sco": 124,
          "dco": 468,
          "txt": "remained"
        },
        {
          "si": 4,
          "sti": 23,
          "dti": 95,
          "sco": 133,
          "dco": 477,
          "txt": "loyal"
        },
        {
          "si": 4,
          "sti": 24,
          "dti": 96,
          "sco": 139,
          "dco": 483,
          "txt": "to"
        },
        {
          "si": 4,
          "sti": 25,
          "dti": 97,
          "sco": 142,
          "dco": 486,
          "txt": "the"
        },
        {
          "si": 4,
          "sti": 26,
          "dti": 98,
          "sco": 146,
          "dco": 490,
          "txt": "club"
        },
        {
          "si": 4,
          "sti": 27,
          "dti": 99,
          "sco": 150,
          "dco": 494,
          "txt": "."
        },
        {
          "si": 5,
          "sti": 0,
          "dti": 100,
          "sco": 0,
          "dco": 496,
          "txt": "In"
        },
        {
          "si": 5,
          "sti": 1,
          "dti": 101,
          "sco": 3,
          "dco": 499,
          "txt": "his"
        },
        {
          "si": 5,
          "sti": 2,
          "dti": 102,
          "sco": 7,
          "dco": 503,
          "txt": "debut"
        },
        {
          "si": 5,
          "sti": 3,
          "dti": 103,
          "sco": 13,
          "dco": 509,
          "txt": "season"
        },
        {
          "si": 5,
          "sti": 4,
          "dti": 104,
          "sco": 19,
          "dco": 515,
          "txt": ","
        },
        {
          "si": 5,
          "sti": 5,
          "dti": 105,
          "sco": 21,
          "dco": 517,
          "txt": "Mills"
        },
        {
          "si": 5,
          "sti": 6,
          "dti": 106,
          "sco": 27,
          "dco": 523,
          "txt": "scored"
        },
        {
          "si": 5,
          "sti": 7,
          "dti": 107,
          "sco": 34,
          "dco": 530,
          "txt": "14"
        },
        {
          "si": 5,
          "sti": 8,
          "dti": 108,
          "sco": 37,
          "dco": 533,
          "txt": "goals"
        },
        {
          "si": 5,
          "sti": 9,
          "dti": 109,
          "sco": 43,
          "dco": 539,
          "txt": "in"
        },
        {
          "si": 5,
          "sti": 10,
          "dti": 110,
          "sco": 46,
          "dco": 542,
          "txt": "20"
        },
        {
          "si": 5,
          "sti": 11,
          "dti": 111,
          "sco": 49,
          "dco": 545,
          "txt": "games"
        },
        {
          "si": 5,
          "sti": 12,
          "dti": 112,
          "sco": 55,
          "dco": 551,
          "txt": "for"
        },
        {
          "si": 5,
          "sti": 13,
          "dti": 113,
          "sco": 59,
          "dco": 555,
          "txt": "Chelsea"
        },
        {
          "si": 5,
          "sti": 14,
          "dti": 114,
          "sco": 66,
          "dco": 562,
          "txt": ","
        },
        {
          "si": 5,
          "sti": 15,
          "dti": 115,
          "sco": 68,
          "dco": 564,
          "txt": "helping"
        },
        {
          "si": 5,
          "sti": 16,
          "dti": 116,
          "sco": 76,
          "dco": 572,
          "txt": "them"
        },
        {
          "si": 5,
          "sti": 17,
          "dti": 117,
          "sco": 81,
          "dco": 577,
          "txt": "achieve"
        },
        {
          "si": 5,
          "sti": 18,
          "dti": 118,
          "sco": 89,
          "dco": 585,
          "txt": "promotion"
        },
        {
          "si": 5,
          "sti": 19,
          "dti": 119,
          "sco": 99,
          "dco": 595,
          "txt": "to"
        },
        {
          "si": 5,
          "sti": 20,
          "dti": 120,
          "sco": 102,
          "dco": 598,
          "txt": "the"
        },
        {
          "si": 5,
          "sti": 21,
          "dti": 121,
          "sco": 106,
          "dco": 602,
          "txt": "First"
        },
        {
          "si": 5,
          "sti": 22,
          "dti": 122,
          "sco": 112,
          "dco": 608,
          "txt": "Division"
        },
        {
          "si": 5,
          "sti": 23,
          "dti": 123,
          "sco": 120,
          "dco": 616,
          "txt": "."
        },
        {
          "si": 6,
          "sti": 0,
          "dti": 124,
          "sco": 0,
          "dco": 618,
          "txt": "His"
        },
        {
          "si": 6,
          "sti": 1,
          "dti": 125,
          "sco": 4,
          "dco": 622,
          "txt": "best"
        },
        {
          "si": 6,
          "sti": 2,
          "dti": 126,
          "sco": 9,
          "dco": 627,
          "txt": "season"
        },
        {
          "si": 6,
          "sti": 3,
          "dti": 127,
          "sco": 16,
          "dco": 634,
          "txt": "was"
        },
        {
          "si": 6,
          "sti": 4,
          "dti": 128,
          "sco": 20,
          "dco": 638,
          "txt": "in"
        },
        {
          "si": 6,
          "sti": 5,
          "dti": 129,
          "sco": 23,
          "dco": 641,
          "txt": "1936"
        },
        {
          "si": 6,
          "sti": 6,
          "dti": 130,
          "sco": 27,
          "dco": 645,
          "txt": "-"
        },
        {
          "si": 6,
          "sti": 7,
          "dti": 131,
          "sco": 28,
          "dco": 646,
          "txt": "37"
        },
        {
          "si": 6,
          "sti": 8,
          "dti": 132,
          "sco": 30,
          "dco": 648,
          "txt": ","
        },
        {
          "si": 6,
          "sti": 9,
          "dti": 133,
          "sco": 32,
          "dco": 650,
          "txt": "when"
        },
        {
          "si": 6,
          "sti": 10,
          "dti": 134,
          "sco": 37,
          "dco": 655,
          "txt": "he"
        },
        {
          "si": 6,
          "sti": 11,
          "dti": 135,
          "sco": 40,
          "dco": 658,
          "txt": "scored"
        },
        {
          "si": 6,
          "sti": 12,
          "dti": 136,
          "sco": 47,
          "dco": 665,
          "txt": "22"
        },
        {
          "si": 6,
          "sti": 13,
          "dti": 137,
          "sco": 50,
          "dco": 668,
          "txt": "goals"
        },
        {
          "si": 6,
          "sti": 14,
          "dti": 138,
          "sco": 56,
          "dco": 674,
          "txt": "in"
        },
        {
          "si": 6,
          "sti": 15,
          "dti": 139,
          "sco": 59,
          "dco": 677,
          "txt": "32"
        },
        {
          "si": 6,
          "sti": 16,
          "dti": 140,
          "sco": 62,
          "dco": 680,
          "txt": "appearances"
        },
        {
          "si": 6,
          "sti": 17,
          "dti": 141,
          "sco": 73,
          "dco": 691,
          "txt": ","
        },
        {
          "si": 6,
          "sti": 18,
          "dti": 142,
          "sco": 75,
          "dco": 693,
          "txt": "which"
        },
        {
          "si": 6,
          "sti": 19,
          "dti": 143,
          "sco": 81,
          "dco": 699,
          "txt": "earned"
        },
        {
          "si": 6,
          "sti": 20,
          "dti": 144,
          "sco": 88,
          "dco": 706,
          "txt": "him"
        },
        {
          "si": 6,
          "sti": 21,
          "dti": 145,
          "sco": 92,
          "dco": 710,
          "txt": "an"
        },
        {
          "si": 6,
          "sti": 22,
          "dti": 146,
          "sco": 95,
          "dco": 713,
          "txt": "England"
        },
        {
          "si": 6,
          "sti": 23,
          "dti": 147,
          "sco": 103,
          "dco": 721,
          "txt": "call"
        },
        {
          "si": 6,
          "sti": 24,
          "dti": 148,
          "sco": 107,
          "dco": 725,
          "txt": "-"
        },
        {
          "si": 6,
          "sti": 25,
          "dti": 149,
          "sco": 108,
          "dco": 726,
          "txt": "up"
        },
        {
          "si": 6,
          "sti": 26,
          "dti": 150,
          "sco": 110,
          "dco": 728,
          "txt": "."
        },
        {
          "si": 7,
          "sti": 0,
          "dti": 151,
          "sco": 0,
          "dco": 730,
          "txt": "He"
        },
        {
          "si": 7,
          "sti": 1,
          "dti": 152,
          "sco": 3,
          "dco": 733,
          "txt": "won"
        },
        {
          "si": 7,
          "sti": 2,
          "dti": 153,
          "sco": 7,
          "dco": 737,
          "txt": "three"
        },
        {
          "si": 7,
          "sti": 3,
          "dti": 154,
          "sco": 13,
          "dco": 743,
          "txt": "international"
        },
        {
          "si": 7,
          "sti": 4,
          "dti": 155,
          "sco": 27,
          "dco": 757,
          "txt": "caps"
        },
        {
          "si": 7,
          "sti": 5,
          "dti": 156,
          "sco": 32,
          "dco": 762,
          "txt": "for"
        },
        {
          "si": 7,
          "sti": 6,
          "dti": 157,
          "sco": 36,
          "dco": 766,
          "txt": "England"
        },
        {
          "si": 7,
          "sti": 7,
          "dti": 158,
          "sco": 44,
          "dco": 774,
          "txt": "and"
        },
        {
          "si": 7,
          "sti": 8,
          "dti": 159,
          "sco": 48,
          "dco": 778,
          "txt": "scored"
        },
        {
          "si": 7,
          "sti": 9,
          "dti": 160,
          "sco": 55,
          "dco": 785,
          "txt": "three"
        },
        {
          "si": 7,
          "sti": 10,
          "dti": 161,
          "sco": 61,
          "dco": 791,
          "txt": "goals"
        },
        {
          "si": 7,
          "sti": 11,
          "dti": 162,
          "sco": 66,
          "dco": 796,
          "txt": ","
        },
        {
          "si": 7,
          "sti": 12,
          "dti": 163,
          "sco": 68,
          "dco": 798,
          "txt": "all"
        },
        {
          "si": 7,
          "sti": 13,
          "dti": 164,
          "sco": 72,
          "dco": 802,
          "txt": "of"
        },
        {
          "si": 7,
          "sti": 14,
          "dti": 165,
          "sco": 75,
          "dco": 805,
          "txt": "which"
        },
        {
          "si": 7,
          "sti": 15,
          "dti": 166,
          "sco": 81,
          "dco": 811,
          "txt": "came"
        },
        {
          "si": 7,
          "sti": 16,
          "dti": 167,
          "sco": 86,
          "dco": 816,
          "txt": "in"
        },
        {
          "si": 7,
          "sti": 17,
          "dti": 168,
          "sco": 89,
          "dco": 819,
          "txt": "a"
        },
        {
          "si": 7,
          "sti": 18,
          "dti": 169,
          "sco": 91,
          "dco": 821,
          "txt": "5"
        },
        {
          "si": 7,
          "sti": 19,
          "dti": 170,
          "sco": 92,
          "dco": 822,
          "txt": "-"
        },
        {
          "si": 7,
          "sti": 20,
          "dti": 171,
          "sco": 93,
          "dco": 823,
          "txt": "1"
        },
        {
          "si": 7,
          "sti": 21,
          "dti": 172,
          "sco": 95,
          "dco": 825,
          "txt": "win"
        },
        {
          "si": 7,
          "sti": 22,
          "dti": 173,
          "sco": 99,
          "dco": 829,
          "txt": "against"
        },
        {
          "si": 7,
          "sti": 23,
          "dti": 174,
          "sco": 107,
          "dco": 837,
          "txt": "Northern"
        },
        {
          "si": 7,
          "sti": 24,
          "dti": 175,
          "sco": 116,
          "dco": 846,
          "txt": "Ireland"
        },
        {
          "si": 7,
          "sti": 25,
          "dti": 176,
          "sco": 124,
          "dco": 854,
          "txt": "on"
        },
        {
          "si": 7,
          "sti": 26,
          "dti": 177,
          "sco": 127,
          "dco": 857,
          "txt": "23"
        },
        {
          "si": 7,
          "sti": 27,
          "dti": 178,
          "sco": 130,
          "dco": 860,
          "txt": "October"
        },
        {
          "si": 7,
          "sti": 28,
          "dti": 179,
          "sco": 138,
          "dco": 868,
          "txt": "1937"
        },
        {
          "si": 7,
          "sti": 29,
          "dti": 180,
          "sco": 142,
          "dco": 872,
          "txt": "."
        },
        {
          "si": 8,
          "sti": 0,
          "dti": 181,
          "sco": 0,
          "dco": 874,
          "txt": "Mills"
        },
        {
          "si": 8,
          "sti": 1,
          "dti": 182,
          "sco": 6,
          "dco": 880,
          "txt": "was"
        },
        {
          "si": 8,
          "sti": 2,
          "dti": 183,
          "sco": 10,
          "dco": 884,
          "txt": "the"
        },
        {
          "si": 8,
          "sti": 3,
          "dti": 184,
          "sco": 14,
          "dco": 888,
          "txt": "first"
        },
        {
          "si": 8,
          "sti": 4,
          "dti": 185,
          "sco": 20,
          "dco": 894,
          "txt": "Chelsea"
        },
        {
          "si": 8,
          "sti": 5,
          "dti": 186,
          "sco": 28,
          "dco": 902,
          "txt": "player"
        },
        {
          "si": 8,
          "sti": 6,
          "dti": 187,
          "sco": 35,
          "dco": 909,
          "txt": "to"
        },
        {
          "si": 8,
          "sti": 7,
          "dti": 188,
          "sco": 38,
          "dco": 912,
          "txt": "score"
        },
        {
          "si": 8,
          "sti": 8,
          "dti": 189,
          "sco": 44,
          "dco": 918,
          "txt": "over"
        },
        {
          "si": 8,
          "sti": 9,
          "dti": 190,
          "sco": 49,
          "dco": 923,
          "txt": "100"
        },
        {
          "si": 8,
          "sti": 10,
          "dti": 191,
          "sco": 53,
          "dco": 927,
          "txt": "league"
        },
        {
          "si": 8,
          "sti": 11,
          "dti": 192,
          "sco": 60,
          "dco": 934,
          "txt": "goals"
        },
        {
          "si": 8,
          "sti": 12,
          "dti": 193,
          "sco": 65,
          "dco": 939,
          "txt": ","
        },
        {
          "si": 8,
          "sti": 13,
          "dti": 194,
          "sco": 67,
          "dco": 941,
          "txt": "a"
        },
        {
          "si": 8,
          "sti": 14,
          "dti": 195,
          "sco": 69,
          "dco": 943,
          "txt": "feat"
        },
        {
          "si": 8,
          "sti": 15,
          "dti": 196,
          "sco": 74,
          "dco": 948,
          "txt": "only"
        },
        {
          "si": 8,
          "sti": 16,
          "dti": 197,
          "sco": 79,
          "dco": 953,
          "txt": "five"
        },
        {
          "si": 8,
          "sti": 17,
          "dti": 198,
          "sco": 84,
          "dco": 958,
          "txt": "others"
        },
        {
          "si": 8,
          "sti": 18,
          "dti": 199,
          "sco": 91,
          "dco": 965,
          "txt": "have"
        },
        {
          "si": 8,
          "sti": 19,
          "dti": 200,
          "sco": 96,
          "dco": 970,
          "txt": "since"
        },
        {
          "si": 8,
          "sti": 20,
          "dti": 201,
          "sco": 102,
          "dco": 976,
          "txt": "matched"
        },
        {
          "si": 8,
          "sti": 21,
          "dti": 202,
          "sco": 109,
          "dco": 983,
          "txt": ","
        },
        {
          "si": 8,
          "sti": 22,
          "dti": 203,
          "sco": 111,
          "dco": 985,
          "txt": "and"
        },
        {
          "si": 8,
          "sti": 23,
          "dti": 204,
          "sco": 115,
          "dco": 989,
          "txt": "is"
        },
        {
          "si": 8,
          "sti": 24,
          "dti": 205,
          "sco": 118,
          "dco": 992,
          "txt": "the"
        },
        {
          "si": 8,
          "sti": 25,
          "dti": 206,
          "sco": 122,
          "dco": 996,
          "txt": "club"
        },
        {
          "si": 8,
          "sti": 26,
          "dti": 207,
          "sco": 126,
          "dco": 1000,
          "txt": "'"
        },
        {
          "si": 8,
          "sti": 27,
          "dti": 208,
          "sco": 127,
          "dco": 1001,
          "txt": "s"
        },
        {
          "si": 8,
          "sti": 28,
          "dti": 209,
          "sco": 129,
          "dco": 1003,
          "txt": "8"
        },
        {
          "si": 8,
          "sti": 29,
          "dti": 210,
          "sco": 130,
          "dco": 1004,
          "txt": "th"
        },
        {
          "si": 8,
          "sti": 30,
          "dti": 211,
          "sco": 133,
          "dco": 1007,
          "txt": "highest"
        },
        {
          "si": 8,
          "sti": 31,
          "dti": 212,
          "sco": 141,
          "dco": 1015,
          "txt": "goal"
        },
        {
          "si": 8,
          "sti": 32,
          "dti": 213,
          "sco": 146,
          "dco": 1020,
          "txt": "scorer"
        },
        {
          "si": 8,
          "sti": 33,
          "dti": 214,
          "sco": 153,
          "dco": 1027,
          "txt": "of"
        },
        {
          "si": 8,
          "sti": 34,
          "dti": 215,
          "sco": 156,
          "dco": 1030,
          "txt": "all"
        },
        {
          "si": 8,
          "sti": 35,
          "dti": 216,
          "sco": 160,
          "dco": 1034,
          "txt": "time"
        },
        {
          "si": 8,
          "sti": 36,
          "dti": 217,
          "sco": 164,
          "dco": 1038,
          "txt": "."
        },
        {
          "si": 9,
          "sti": 0,
          "dti": 218,
          "sco": 0,
          "dco": 1040,
          "txt": "He"
        },
        {
          "si": 9,
          "sti": 1,
          "dti": 219,
          "sco": 3,
          "dco": 1043,
          "txt": "is"
        },
        {
          "si": 9,
          "sti": 2,
          "dti": 220,
          "sco": 6,
          "dco": 1046,
          "txt": "also"
        },
        {
          "si": 9,
          "sti": 3,
          "dti": 221,
          "sco": 11,
          "dco": 1051,
          "txt": "the"
        },
        {
          "si": 9,
          "sti": 4,
          "dti": 222,
          "sco": 15,
          "dco": 1055,
          "txt": "last"
        },
        {
          "si": 9,
          "sti": 5,
          "dti": 223,
          "sco": 20,
          "dco": 1060,
          "txt": "Chelsea"
        },
        {
          "si": 9,
          "sti": 6,
          "dti": 224,
          "sco": 28,
          "dco": 1068,
          "txt": "player"
        },
        {
          "si": 9,
          "sti": 7,
          "dti": 225,
          "sco": 35,
          "dco": 1075,
          "txt": "to"
        },
        {
          "si": 9,
          "sti": 8,
          "dti": 226,
          "sco": 38,
          "dco": 1078,
          "txt": "have"
        },
        {
          "si": 9,
          "sti": 9,
          "dti": 227,
          "sco": 43,
          "dco": 1083,
          "txt": "scored"
        },
        {
          "si": 9,
          "sti": 10,
          "dti": 228,
          "sco": 50,
          "dco": 1090,
          "txt": "a"
        },
        {
          "si": 9,
          "sti": 11,
          "dti": 229,
          "sco": 52,
          "dco": 1092,
          "txt": "hat"
        },
        {
          "si": 9,
          "sti": 12,
          "dti": 230,
          "sco": 55,
          "dco": 1095,
          "txt": "-"
        },
        {
          "si": 9,
          "sti": 13,
          "dti": 231,
          "sco": 56,
          "dco": 1096,
          "txt": "trick"
        },
        {
          "si": 9,
          "sti": 14,
          "dti": 232,
          "sco": 62,
          "dco": 1102,
          "txt": "against"
        },
        {
          "si": 9,
          "sti": 15,
          "dti": 233,
          "sco": 70,
          "dco": 1110,
          "txt": "Liverpool"
        },
        {
          "si": 9,
          "sti": 16,
          "dti": 234,
          "sco": 79,
          "dco": 1119,
          "txt": ","
        },
        {
          "si": 9,
          "sti": 17,
          "dti": 235,
          "sco": 81,
          "dco": 1121,
          "txt": "which"
        },
        {
          "si": 9,
          "sti": 18,
          "dti": 236,
          "sco": 87,
          "dco": 1127,
          "txt": "came"
        },
        {
          "si": 9,
          "sti": 19,
          "dti": 237,
          "sco": 92,
          "dco": 1132,
          "txt": "in"
        },
        {
          "si": 9,
          "sti": 20,
          "dti": 238,
          "sco": 95,
          "dco": 1135,
          "txt": "a"
        },
        {
          "si": 9,
          "sti": 21,
          "dti": 239,
          "sco": 97,
          "dco": 1137,
          "txt": "6"
        },
        {
          "si": 9,
          "sti": 22,
          "dti": 240,
          "sco": 98,
          "dco": 1138,
          "txt": "-"
        },
        {
          "si": 9,
          "sti": 23,
          "dti": 241,
          "sco": 99,
          "dco": 1139,
          "txt": "1"
        },
        {
          "si": 9,
          "sti": 24,
          "dti": 242,
          "sco": 101,
          "dco": 1141,
          "txt": "win"
        },
        {
          "si": 9,
          "sti": 25,
          "dti": 243,
          "sco": 105,
          "dco": 1145,
          "txt": "in"
        },
        {
          "si": 9,
          "sti": 26,
          "dti": 244,
          "sco": 108,
          "dco": 1148,
          "txt": "August"
        },
        {
          "si": 9,
          "sti": 27,
          "dti": 245,
          "sco": 115,
          "dco": 1155,
          "txt": "1937"
        },
        {
          "si": 9,
          "sti": 28,
          "dti": 246,
          "sco": 119,
          "dco": 1159,
          "txt": "."
        },
        {
          "si": 10,
          "sti": 0,
          "dti": 247,
          "sco": 0,
          "dco": 1161,
          "txt": "Upon"
        },
        {
          "si": 10,
          "sti": 1,
          "dti": 248,
          "sco": 5,
          "dco": 1166,
          "txt": "retiring"
        },
        {
          "si": 10,
          "sti": 2,
          "dti": 249,
          "sco": 14,
          "dco": 1175,
          "txt": "he"
        },
        {
          "si": 10,
          "sti": 3,
          "dti": 250,
          "sco": 17,
          "dco": 1178,
          "txt": "became"
        },
        {
          "si": 10,
          "sti": 4,
          "dti": 251,
          "sco": 24,
          "dco": 1185,
          "txt": "a"
        },
        {
          "si": 10,
          "sti": 5,
          "dti": 252,
          "sco": 26,
          "dco": 1187,
          "txt": "coach"
        },
        {
          "si": 10,
          "sti": 6,
          "dti": 253,
          "sco": 32,
          "dco": 1193,
          "txt": "at"
        },
        {
          "si": 10,
          "sti": 7,
          "dti": 254,
          "sco": 35,
          "dco": 1196,
          "txt": "Chelsea"
        },
        {
          "si": 10,
          "sti": 8,
          "dti": 255,
          "sco": 42,
          "dco": 1203,
          "txt": "."
        },
        {
          "si": 11,
          "sti": 0,
          "dti": 256,
          "sco": 0,
          "dco": 1205,
          "txt": "He"
        },
        {
          "si": 11,
          "sti": 1,
          "dti": 257,
          "sco": 3,
          "dco": 1208,
          "txt": "later"
        },
        {
          "si": 11,
          "sti": 2,
          "dti": 258,
          "sco": 9,
          "dco": 1214,
          "txt": "worked"
        },
        {
          "si": 11,
          "sti": 3,
          "dti": 259,
          "sco": 16,
          "dco": 1221,
          "txt": "in"
        },
        {
          "si": 11,
          "sti": 4,
          "dti": 260,
          "sco": 19,
          "dco": 1224,
          "txt": "the"
        },
        {
          "si": 11,
          "sti": 5,
          "dti": 261,
          "sco": 23,
          "dco": 1228,
          "txt": "City"
        },
        {
          "si": 11,
          "sti": 6,
          "dti": 262,
          "sco": 28,
          "dco": 1233,
          "txt": "of"
        },
        {
          "si": 11,
          "sti": 7,
          "dti": 263,
          "sco": 31,
          "dco": 1236,
          "txt": "London"
        },
        {
          "si": 11,
          "sti": 8,
          "dti": 264,
          "sco": 38,
          "dco": 1243,
          "txt": "for"
        },
        {
          "si": 11,
          "sti": 9,
          "dti": 265,
          "sco": 42,
          "dco": 1247,
          "txt": "a"
        },
        {
          "si": 11,
          "sti": 10,
          "dti": 266,
          "sco": 44,
          "dco": 1249,
          "txt": "printing"
        },
        {
          "si": 11,
          "sti": 11,
          "dti": 267,
          "sco": 53,
          "dco": 1258,
          "txt": "company"
        },
        {
          "si": 11,
          "sti": 12,
          "dti": 268,
          "sco": 60,
          "dco": 1265,
          "txt": "."
        },
        {
          "si": 12,
          "sti": 0,
          "dti": 269,
          "sco": 0,
          "dco": 1267,
          "txt": "He"
        },
        {
          "si": 12,
          "sti": 1,
          "dti": 270,
          "sco": 3,
          "dco": 1270,
          "txt": "died"
        },
        {
          "si": 12,
          "sti": 2,
          "dti": 271,
          "sco": 8,
          "dco": 1275,
          "txt": "while"
        },
        {
          "si": 12,
          "sti": 3,
          "dti": 272,
          "sco": 14,
          "dco": 1281,
          "txt": "on"
        },
        {
          "si": 12,
          "sti": 4,
          "dti": 273,
          "sco": 17,
          "dco": 1284,
          "txt": "holiday"
        },
        {
          "si": 12,
          "sti": 5,
          "dti": 274,
          "sco": 25,
          "dco": 1292,
          "txt": "in"
        },
        {
          "si": 12,
          "sti": 6,
          "dti": 275,
          "sco": 28,
          "dco": 1295,
          "txt": "Torquay"
        },
        {
          "si": 12,
          "sti": 7,
          "dti": 276,
          "sco": 36,
          "dco": 1303,
          "txt": "in"
        },
        {
          "si": 12,
          "sti": 8,
          "dti": 277,
          "sco": 39,
          "dco": 1306,
          "txt": "1970"
        },
        {
          "si": 12,
          "sti": 9,
          "dti": 278,
          "sco": 43,
          "dco": 1310,
          "txt": "."
        }
      ]
    },
    "ganns": {
      "dla": [],
      "la": [],
      "ea": [],
      "eta": [
        {
          "ra": {
            "ea": {
              "etn": "George_Mills_(footballer)"
            }
          },
          "sfs": [
            [
              {
                "stn": "birthYear"
              },
              {
                "dla": {
                  "txt": {
                    "sff": "1908"
                  },
                  "et": {
                    "etn": "BirthYear"
                  },
                  "dp": {
                    "off": 65
                  }
                }
              }
            ],
            [
              {
                "stn": "deathYear"
              },
              {
                "dla": {
                  "txt": {
                    "sff": "1970"
                  },
                  "et": {
                    "etn": "DeathYear"
                  },
                  "dp": {
                    "off": 96
                  }
                }
              }
            ]
          ],
          "mfs": [
            [
              {
                "stn": "position"
              },
              {
                "dla": [],
                "la": [],
                "ea": [],
                "eta": []
              }
            ],
            [
              {
                "stn": "team"
              },
              {
                "dla": [],
                "la": [],
                "ea": [
                  {
                    "etn": "Chelsea_F.C."
                  },
                  {
                    "etn": "Bromley_F.C."
                  },
                  {
                    "etn": "England_national_football_team"
                  }
                ],
                "eta": []
              }
            ],
            [
              {
                "stn": "birthPlace"
              },
              {
                "dla": [],
                "la": [],
                "ea": [
                  {
                    "etn": "Deptford"
                  },
                  {
                    "etn": "England"
                  }
                ],
                "eta": []
              }
            ]
          ]
        }
      ]
    }
  }
]
