[
  {
    "context": "TRAIN",
    "doc": {
      "id": "Giorgio_Treves_de'Bonfili",
      "tl": [
        {
          "si": 0,
          "sti": 0,
          "dti": 0,
          "sco": 0,
          "dco": 0,
          "txt": "Giorgio"
        },
        {
          "si": 0,
          "sti": 1,
          "dti": 1,
          "sco": 8,
          "dco": 8,
          "txt": "Treves"
        },
        {
          "si": 0,
          "sti": 2,
          "dti": 2,
          "sco": 15,
          "dco": 15,
          "txt": "de"
        },
        {
          "si": 0,
          "sti": 3,
          "dti": 3,
          "sco": 17,
          "dco": 17,
          "txt": "'"
        },
        {
          "si": 0,
          "sti": 4,
          "dti": 4,
          "sco": 18,
          "dco": 18,
          "txt": "Bonfili"
        },
        {
          "si": 0,
          "sti": 5,
          "dti": 5,
          "sco": 25,
          "dco": 25,
          "txt": "."
        },
        {
          "si": 1,
          "sti": 0,
          "dti": 6,
          "sco": 0,
          "dco": 27,
          "txt": "Giorgio"
        },
        {
          "si": 1,
          "sti": 1,
          "dti": 7,
          "sco": 8,
          "dco": 35,
          "txt": "Treves"
        },
        {
          "si": 1,
          "sti": 2,
          "dti": 8,
          "sco": 15,
          "dco": 42,
          "txt": "de"
        },
        {
          "si": 1,
          "sti": 3,
          "dti": 9,
          "sco": 17,
          "dco": 44,
          "txt": "'"
        },
        {
          "si": 1,
          "sti": 4,
          "dti": 10,
          "sco": 18,
          "dco": 45,
          "txt": "Bonfili"
        },
        {
          "si": 1,
          "sti": 5,
          "dti": 11,
          "sco": 26,
          "dco": 53,
          "txt": "("
        },
        {
          "si": 1,
          "sti": 6,
          "dti": 12,
          "sco": 27,
          "dco": 54,
          "txt": "April"
        },
        {
          "si": 1,
          "sti": 7,
          "dti": 13,
          "sco": 33,
          "dco": 60,
          "txt": "5"
        },
        {
          "si": 1,
          "sti": 8,
          "dti": 14,
          "sco": 34,
          "dco": 61,
          "txt": ","
        },
        {
          "si": 1,
          "sti": 9,
          "dti": 15,
          "sco": 36,
          "dco": 63,
          "txt": "1884"
        },
        {
          "si": 1,
          "sti": 10,
          "dti": 16,
          "sco": 41,
          "dco": 68,
          "txt": "–"
        },
        {
          "si": 1,
          "sti": 11,
          "dti": 17,
          "sco": 43,
          "dco": 70,
          "txt": "July"
        },
        {
          "si": 1,
          "sti": 12,
          "dti": 18,
          "sco": 48,
          "dco": 75,
          "txt": "24"
        },
        {
          "si": 1,
          "sti": 13,
          "dti": 19,
          "sco": 50,
          "dco": 77,
          "txt": ","
        },
        {
          "si": 1,
          "sti": 14,
          "dti": 20,
          "sco": 52,
          "dco": 79,
          "txt": "1964"
        },
        {
          "si": 1,
          "sti": 15,
          "dti": 21,
          "sco": 56,
          "dco": 83,
          "txt": ")"
        },
        {
          "si": 1,
          "sti": 16,
          "dti": 22,
          "sco": 58,
          "dco": 85,
          "txt": "was"
        },
        {
          "si": 1,
          "sti": 17,
          "dti": 23,
          "sco": 62,
          "dco": 89,
          "txt": "an"
        },
        {
          "si": 1,
          "sti": 18,
          "dti": 24,
          "sco": 65,
          "dco": 92,
          "txt": "Italian"
        },
        {
          "si": 1,
          "sti": 19,
          "dti": 25,
          "sco": 73,
          "dco": 100,
          "txt": "football"
        },
        {
          "si": 1,
          "sti": 20,
          "dti": 26,
          "sco": 82,
          "dco": 109,
          "txt": "forward"
        },
        {
          "si": 1,
          "sti": 21,
          "dti": 27,
          "sco": 89,
          "dco": 116,
          "txt": "."
        },
        {
          "si": 2,
          "sti": 0,
          "dti": 28,
          "sco": 0,
          "dco": 118,
          "txt": "It"
        },
        {
          "si": 2,
          "sti": 1,
          "dti": 29,
          "sco": 3,
          "dco": 121,
          "txt": "was"
        },
        {
          "si": 2,
          "sti": 2,
          "dti": 30,
          "sco": 7,
          "dco": 125,
          "txt": "the"
        },
        {
          "si": 2,
          "sti": 3,
          "dti": 31,
          "sco": 11,
          "dco": 129,
          "txt": "first"
        },
        {
          "si": 2,
          "sti": 4,
          "dti": 32,
          "sco": 17,
          "dco": 135,
          "txt": "president"
        },
        {
          "si": 2,
          "sti": 5,
          "dti": 33,
          "sco": 27,
          "dco": 145,
          "txt": "and"
        },
        {
          "si": 2,
          "sti": 6,
          "dti": 34,
          "sco": 31,
          "dco": 149,
          "txt": "one"
        },
        {
          "si": 2,
          "sti": 7,
          "dti": 35,
          "sco": 35,
          "dco": 153,
          "txt": "of"
        },
        {
          "si": 2,
          "sti": 8,
          "dti": 36,
          "sco": 38,
          "dco": 156,
          "txt": "the"
        },
        {
          "si": 2,
          "sti": 9,
          "dti": 37,
          "sco": 42,
          "dco": 160,
          "txt": "founders"
        },
        {
          "si": 2,
          "sti": 10,
          "dti": 38,
          "sco": 51,
          "dco": 169,
          "txt": "of"
        },
        {
          "si": 2,
          "sti": 11,
          "dti": 39,
          "sco": 54,
          "dco": 172,
          "txt": "Calcio"
        },
        {
          "si": 2,
          "sti": 12,
          "dti": 40,
          "sco": 61,
          "dco": 179,
          "txt": "Padova"
        },
        {
          "si": 2,
          "sti": 13,
          "dti": 41,
          "sco": 67,
          "dco": 185,
          "txt": "."
        },
        {
          "si": 3,
          "sti": 0,
          "dti": 42,
          "sco": 0,
          "dco": 187,
          "txt": "Career"
        },
        {
          "si": 3,
          "sti": 1,
          "dti": 43,
          "sco": 6,
          "dco": 193,
          "txt": "."
        },
        {
          "si": 4,
          "sti": 0,
          "dti": 44,
          "sco": 0,
          "dco": 195,
          "txt": "On"
        },
        {
          "si": 4,
          "sti": 1,
          "dti": 45,
          "sco": 3,
          "dco": 198,
          "txt": "January"
        },
        {
          "si": 4,
          "sti": 2,
          "dti": 46,
          "sco": 11,
          "dco": 206,
          "txt": "29"
        },
        {
          "si": 4,
          "sti": 3,
          "dti": 47,
          "sco": 13,
          "dco": 208,
          "txt": ","
        },
        {
          "si": 4,
          "sti": 4,
          "dti": 48,
          "sco": 15,
          "dco": 210,
          "txt": "1910"
        },
        {
          "si": 4,
          "sti": 5,
          "dti": 49,
          "sco": 19,
          "dco": 214,
          "txt": ","
        },
        {
          "si": 4,
          "sti": 6,
          "dti": 50,
          "sco": 21,
          "dco": 216,
          "txt": "along"
        },
        {
          "si": 4,
          "sti": 7,
          "dti": 51,
          "sco": 27,
          "dco": 222,
          "txt": "with"
        },
        {
          "si": 4,
          "sti": 8,
          "dti": 52,
          "sco": 32,
          "dco": 227,
          "txt": "50"
        },
        {
          "si": 4,
          "sti": 9,
          "dti": 53,
          "sco": 35,
          "dco": 230,
          "txt": "members"
        },
        {
          "si": 4,
          "sti": 10,
          "dti": 54,
          "sco": 43,
          "dco": 238,
          "txt": "founded"
        },
        {
          "si": 4,
          "sti": 11,
          "dti": 55,
          "sco": 51,
          "dco": 246,
          "txt": "the"
        },
        {
          "si": 4,
          "sti": 12,
          "dti": 56,
          "sco": 55,
          "dco": 250,
          "txt": "Associazione"
        },
        {
          "si": 4,
          "sti": 13,
          "dti": 57,
          "sco": 68,
          "dco": 263,
          "txt": "Calcio"
        },
        {
          "si": 4,
          "sti": 14,
          "dti": 58,
          "sco": 75,
          "dco": 270,
          "txt": "Padova"
        },
        {
          "si": 4,
          "sti": 15,
          "dti": 59,
          "sco": 82,
          "dco": 277,
          "txt": "after"
        },
        {
          "si": 4,
          "sti": 16,
          "dti": 60,
          "sco": 88,
          "dco": 283,
          "txt": "the"
        },
        {
          "si": 4,
          "sti": 17,
          "dti": 61,
          "sco": 92,
          "dco": 287,
          "txt": "approval"
        },
        {
          "si": 4,
          "sti": 18,
          "dti": 62,
          "sco": 101,
          "dco": 296,
          "txt": "of"
        },
        {
          "si": 4,
          "sti": 19,
          "dti": 63,
          "sco": 104,
          "dco": 299,
          "txt": "the"
        },
        {
          "si": 4,
          "sti": 20,
          "dti": 64,
          "sco": 108,
          "dco": 303,
          "txt": "statute"
        },
        {
          "si": 4,
          "sti": 21,
          "dti": 65,
          "sco": 116,
          "dco": 311,
          "txt": "shall"
        },
        {
          "si": 4,
          "sti": 22,
          "dti": 66,
          "sco": 122,
          "dco": 317,
          "txt": "appoint"
        },
        {
          "si": 4,
          "sti": 23,
          "dti": 67,
          "sco": 130,
          "dco": 325,
          "txt": "the"
        },
        {
          "si": 4,
          "sti": 24,
          "dti": 68,
          "sco": 134,
          "dco": 329,
          "txt": "first"
        },
        {
          "si": 4,
          "sti": 25,
          "dti": 69,
          "sco": 140,
          "dco": 335,
          "txt": "chairman"
        },
        {
          "si": 4,
          "sti": 26,
          "dti": 70,
          "sco": 149,
          "dco": 344,
          "txt": "of"
        },
        {
          "si": 4,
          "sti": 27,
          "dti": 71,
          "sco": 152,
          "dco": 347,
          "txt": "the"
        },
        {
          "si": 4,
          "sti": 28,
          "dti": 72,
          "sco": 156,
          "dco": 351,
          "txt": "\""
        },
        {
          "si": 4,
          "sti": 29,
          "dti": 73,
          "sco": 157,
          "dco": 352,
          "txt": "Biancoscudati"
        },
        {
          "si": 4,
          "sti": 30,
          "dti": 74,
          "sco": 170,
          "dco": 365,
          "txt": "\""
        },
        {
          "si": 4,
          "sti": 31,
          "dti": 75,
          "sco": 172,
          "dco": 367,
          "txt": "just"
        },
        {
          "si": 4,
          "sti": 32,
          "dti": 76,
          "sco": 177,
          "dco": 372,
          "txt": "25"
        },
        {
          "si": 4,
          "sti": 33,
          "dti": 77,
          "sco": 180,
          "dco": 375,
          "txt": "years"
        },
        {
          "si": 4,
          "sti": 34,
          "dti": 78,
          "sco": 186,
          "dco": 381,
          "txt": "old"
        },
        {
          "si": 4,
          "sti": 35,
          "dti": 79,
          "sco": 189,
          "dco": 384,
          "txt": "."
        },
        {
          "si": 5,
          "sti": 0,
          "dti": 80,
          "sco": 0,
          "dco": 386,
          "txt": "He"
        },
        {
          "si": 5,
          "sti": 1,
          "dti": 81,
          "sco": 3,
          "dco": 389,
          "txt": "was"
        },
        {
          "si": 5,
          "sti": 2,
          "dti": 82,
          "sco": 7,
          "dco": 393,
          "txt": "the"
        },
        {
          "si": 5,
          "sti": 3,
          "dti": 83,
          "sco": 11,
          "dco": 397,
          "txt": "organizer"
        },
        {
          "si": 5,
          "sti": 4,
          "dti": 84,
          "sco": 21,
          "dco": 407,
          "txt": "of"
        },
        {
          "si": 5,
          "sti": 5,
          "dti": 85,
          "sco": 24,
          "dco": 410,
          "txt": "the"
        },
        {
          "si": 5,
          "sti": 6,
          "dti": 86,
          "sco": 28,
          "dco": 414,
          "txt": "first"
        },
        {
          "si": 5,
          "sti": 7,
          "dti": 87,
          "sco": 34,
          "dco": 420,
          "txt": "friendly"
        },
        {
          "si": 5,
          "sti": 8,
          "dti": 88,
          "sco": 43,
          "dco": 429,
          "txt": "match"
        },
        {
          "si": 5,
          "sti": 9,
          "dti": 89,
          "sco": 49,
          "dco": 435,
          "txt": "against"
        },
        {
          "si": 5,
          "sti": 10,
          "dti": 90,
          "sco": 57,
          "dco": 443,
          "txt": "Hellas"
        },
        {
          "si": 5,
          "sti": 11,
          "dti": 91,
          "sco": 64,
          "dco": 450,
          "txt": "Verona"
        },
        {
          "si": 5,
          "sti": 12,
          "dti": 92,
          "sco": 71,
          "dco": 457,
          "txt": "on"
        },
        {
          "si": 5,
          "sti": 13,
          "dti": 93,
          "sco": 74,
          "dco": 460,
          "txt": "February"
        },
        {
          "si": 5,
          "sti": 14,
          "dti": 94,
          "sco": 83,
          "dco": 469,
          "txt": "20"
        },
        {
          "si": 5,
          "sti": 15,
          "dti": 95,
          "sco": 86,
          "dco": 472,
          "txt": "of"
        },
        {
          "si": 5,
          "sti": 16,
          "dti": 96,
          "sco": 89,
          "dco": 475,
          "txt": "that"
        },
        {
          "si": 5,
          "sti": 17,
          "dti": 97,
          "sco": 94,
          "dco": 480,
          "txt": "year"
        },
        {
          "si": 5,
          "sti": 18,
          "dti": 98,
          "sco": 98,
          "dco": 484,
          "txt": "."
        },
        {
          "si": 6,
          "sti": 0,
          "dti": 99,
          "sco": 0,
          "dco": 486,
          "txt": "Under"
        },
        {
          "si": 6,
          "sti": 1,
          "dti": 100,
          "sco": 6,
          "dco": 492,
          "txt": "his"
        },
        {
          "si": 6,
          "sti": 2,
          "dti": 101,
          "sco": 10,
          "dco": 496,
          "txt": "leadership"
        },
        {
          "si": 6,
          "sti": 3,
          "dti": 102,
          "sco": 20,
          "dco": 506,
          "txt": ","
        },
        {
          "si": 6,
          "sti": 4,
          "dti": 103,
          "sco": 22,
          "dco": 508,
          "txt": "the"
        },
        {
          "si": 6,
          "sti": 5,
          "dti": 104,
          "sco": 26,
          "dco": 512,
          "txt": "Padova"
        },
        {
          "si": 6,
          "sti": 6,
          "dti": 105,
          "sco": 33,
          "dco": 519,
          "txt": "dispute"
        },
        {
          "si": 6,
          "sti": 7,
          "dti": 106,
          "sco": 41,
          "dco": 527,
          "txt": "over"
        },
        {
          "si": 6,
          "sti": 8,
          "dti": 107,
          "sco": 46,
          "dco": 532,
          "txt": "two"
        },
        {
          "si": 6,
          "sti": 9,
          "dti": 108,
          "sco": 50,
          "dco": 536,
          "txt": "games"
        },
        {
          "si": 6,
          "sti": 10,
          "dti": 109,
          "sco": 56,
          "dco": 542,
          "txt": "total"
        },
        {
          "si": 6,
          "sti": 11,
          "dti": 110,
          "sco": 62,
          "dco": 548,
          "txt": "in"
        },
        {
          "si": 6,
          "sti": 12,
          "dti": 111,
          "sco": 65,
          "dco": 551,
          "txt": "the"
        },
        {
          "si": 6,
          "sti": 13,
          "dti": 112,
          "sco": 69,
          "dco": 555,
          "txt": "\""
        },
        {
          "si": 6,
          "sti": 14,
          "dti": 113,
          "sco": 70,
          "dco": 556,
          "txt": "Campionato"
        },
        {
          "si": 6,
          "sti": 15,
          "dti": 114,
          "sco": 81,
          "dco": 567,
          "txt": "Regionale"
        },
        {
          "si": 6,
          "sti": 16,
          "dti": 115,
          "sco": 91,
          "dco": 577,
          "txt": "del"
        },
        {
          "si": 6,
          "sti": 17,
          "dti": 116,
          "sco": 95,
          "dco": 581,
          "txt": "Veneto"
        },
        {
          "si": 6,
          "sti": 18,
          "dti": 117,
          "sco": 101,
          "dco": 587,
          "txt": "\""
        },
        {
          "si": 6,
          "sti": 19,
          "dti": 118,
          "sco": 103,
          "dco": 589,
          "txt": "against"
        },
        {
          "si": 6,
          "sti": 20,
          "dti": 119,
          "sco": 111,
          "dco": 597,
          "txt": "Vicenza"
        },
        {
          "si": 6,
          "sti": 21,
          "dti": 120,
          "sco": 119,
          "dco": 605,
          "txt": "and"
        },
        {
          "si": 6,
          "sti": 22,
          "dti": 121,
          "sco": 123,
          "dco": 609,
          "txt": "two"
        },
        {
          "si": 6,
          "sti": 23,
          "dti": 122,
          "sco": 127,
          "dco": 613,
          "txt": "exhibition"
        },
        {
          "si": 6,
          "sti": 24,
          "dti": 123,
          "sco": 138,
          "dco": 624,
          "txt": "games"
        },
        {
          "si": 6,
          "sti": 25,
          "dti": 124,
          "sco": 144,
          "dco": 630,
          "txt": "in"
        },
        {
          "si": 6,
          "sti": 26,
          "dti": 125,
          "sco": 147,
          "dco": 633,
          "txt": "the"
        },
        {
          "si": 6,
          "sti": 27,
          "dti": 126,
          "sco": 151,
          "dco": 637,
          "txt": "\""
        },
        {
          "si": 6,
          "sti": 28,
          "dti": 127,
          "sco": 152,
          "dco": 638,
          "txt": "Coppa"
        },
        {
          "si": 6,
          "sti": 29,
          "dti": 128,
          "sco": 158,
          "dco": 644,
          "txt": "Esposizione"
        },
        {
          "si": 6,
          "sti": 30,
          "dti": 129,
          "sco": 169,
          "dco": 655,
          "txt": "\""
        },
        {
          "si": 6,
          "sti": 31,
          "dti": 130,
          "sco": 171,
          "dco": 657,
          "txt": "against"
        },
        {
          "si": 6,
          "sti": 32,
          "dti": 131,
          "sco": 179,
          "dco": 665,
          "txt": "Milan"
        },
        {
          "si": 6,
          "sti": 33,
          "dti": 132,
          "sco": 185,
          "dco": 671,
          "txt": "and"
        },
        {
          "si": 6,
          "sti": 34,
          "dti": 133,
          "sco": 189,
          "dco": 675,
          "txt": "Vicenza"
        },
        {
          "si": 6,
          "sti": 35,
          "dti": 134,
          "sco": 196,
          "dco": 682,
          "txt": "."
        },
        {
          "si": 7,
          "sti": 0,
          "dti": 135,
          "sco": 0,
          "dco": 684,
          "txt": "Engineering"
        },
        {
          "si": 7,
          "sti": 1,
          "dti": 136,
          "sco": 12,
          "dco": 696,
          "txt": "graduate"
        },
        {
          "si": 7,
          "sti": 2,
          "dti": 137,
          "sco": 20,
          "dco": 704,
          "txt": ","
        },
        {
          "si": 7,
          "sti": 3,
          "dti": 138,
          "sco": 22,
          "dco": 706,
          "txt": "had"
        },
        {
          "si": 7,
          "sti": 4,
          "dti": 139,
          "sco": 26,
          "dco": 710,
          "txt": "the"
        },
        {
          "si": 7,
          "sti": 5,
          "dti": 140,
          "sco": 30,
          "dco": 714,
          "txt": "noble"
        },
        {
          "si": 7,
          "sti": 6,
          "dti": 141,
          "sco": 36,
          "dco": 720,
          "txt": "title"
        },
        {
          "si": 7,
          "sti": 7,
          "dti": 142,
          "sco": 42,
          "dco": 726,
          "txt": "of"
        },
        {
          "si": 7,
          "sti": 8,
          "dti": 143,
          "sco": 45,
          "dco": 729,
          "txt": "Baron"
        },
        {
          "si": 7,
          "sti": 9,
          "dti": 144,
          "sco": 50,
          "dco": 734,
          "txt": "."
        }
      ]
    },
    "ganns": {
      "dla": [],
      "la": [],
      "ea": [],
      "eta": [
        {
          "ra": {
            "ea": {
              "etn": "Giorgio_Treves_de'Bonfili"
            }
          },
          "sfs": [
            [
              {
                "stn": "birthYear"
              },
              {
                "dla": {
                  "txt": {
                    "sff": "1884"
                  },
                  "et": {
                    "etn": "BirthYear"
                  },
                  "dp": {
                    "off": 63
                  }
                }
              }
            ],
            [
              {
                "stn": "deathYear"
              },
              {
                "dla": {
                  "txt": {
                    "sff": "1964"
                  },
                  "et": {
                    "etn": "DeathYear"
                  },
                  "dp": {
                    "off": 79
                  }
                }
              }
            ]
          ],
          "mfs": [
            [
              {
                "stn": "position"
              },
              {
                "dla": [],
                "la": [],
                "ea": [
                  {
                    "etn": "Forward_(association_football)"
                  }
                ],
                "eta": []
              }
            ],
            [
              {
                "stn": "team"
              },
              {
                "dla": [],
                "la": [],
                "ea": [
                  {
                    "etn": "Calcio_Padova"
                  }
                ],
                "eta": []
              }
            ],
            [
              {
                "stn": "birthPlace"
              },
              {
                "dla": [],
                "la": [],
                "ea": [
                  {
                    "etn": "Italy"
                  }
                ],
                "eta": []
              }
            ]
          ]
        }
      ]
    }
  }
]
