[
  {
    "context": "TRAIN",
    "doc": {
      "id": "Giuliano_Giuliani",
      "tl": [
        {
          "si": 0,
          "sti": 0,
          "dti": 0,
          "sco": 0,
          "dco": 0,
          "txt": "Giuliano"
        },
        {
          "si": 0,
          "sti": 1,
          "dti": 1,
          "sco": 9,
          "dco": 9,
          "txt": "Giuliani"
        },
        {
          "si": 0,
          "sti": 2,
          "dti": 2,
          "sco": 17,
          "dco": 17,
          "txt": "."
        },
        {
          "si": 1,
          "sti": 0,
          "dti": 3,
          "sco": 0,
          "dco": 19,
          "txt": "Giuliano"
        },
        {
          "si": 1,
          "sti": 1,
          "dti": 4,
          "sco": 9,
          "dco": 28,
          "txt": "Giuliani"
        },
        {
          "si": 1,
          "sti": 2,
          "dti": 5,
          "sco": 18,
          "dco": 37,
          "txt": "("
        },
        {
          "si": 1,
          "sti": 3,
          "dti": 6,
          "sco": 19,
          "dco": 38,
          "txt": "born"
        },
        {
          "si": 1,
          "sti": 4,
          "dti": 7,
          "sco": 24,
          "dco": 43,
          "txt": "September"
        },
        {
          "si": 1,
          "sti": 5,
          "dti": 8,
          "sco": 34,
          "dco": 53,
          "txt": "29"
        },
        {
          "si": 1,
          "sti": 6,
          "dti": 9,
          "sco": 36,
          "dco": 55,
          "txt": ","
        },
        {
          "si": 1,
          "sti": 7,
          "dti": 10,
          "sco": 38,
          "dco": 57,
          "txt": "1958"
        },
        {
          "si": 1,
          "sti": 8,
          "dti": 11,
          "sco": 43,
          "dco": 62,
          "txt": "in"
        },
        {
          "si": 1,
          "sti": 9,
          "dti": 12,
          "sco": 46,
          "dco": 65,
          "txt": "Rome"
        },
        {
          "si": 1,
          "sti": 10,
          "dti": 13,
          "sco": 50,
          "dco": 69,
          "txt": ";"
        },
        {
          "si": 1,
          "sti": 11,
          "dti": 14,
          "sco": 52,
          "dco": 71,
          "txt": "died"
        },
        {
          "si": 1,
          "sti": 12,
          "dti": 15,
          "sco": 57,
          "dco": 76,
          "txt": "November"
        },
        {
          "si": 1,
          "sti": 13,
          "dti": 16,
          "sco": 66,
          "dco": 85,
          "txt": "14"
        },
        {
          "si": 1,
          "sti": 14,
          "dti": 17,
          "sco": 68,
          "dco": 87,
          "txt": ","
        },
        {
          "si": 1,
          "sti": 15,
          "dti": 18,
          "sco": 70,
          "dco": 89,
          "txt": "1996"
        },
        {
          "si": 1,
          "sti": 16,
          "dti": 19,
          "sco": 75,
          "dco": 94,
          "txt": "in"
        },
        {
          "si": 1,
          "sti": 17,
          "dti": 20,
          "sco": 78,
          "dco": 97,
          "txt": "Bologna"
        },
        {
          "si": 1,
          "sti": 18,
          "dti": 21,
          "sco": 85,
          "dco": 104,
          "txt": ")"
        },
        {
          "si": 1,
          "sti": 19,
          "dti": 22,
          "sco": 87,
          "dco": 106,
          "txt": "was"
        },
        {
          "si": 1,
          "sti": 20,
          "dti": 23,
          "sco": 91,
          "dco": 110,
          "txt": "an"
        },
        {
          "si": 1,
          "sti": 21,
          "dti": 24,
          "sco": 94,
          "dco": 113,
          "txt": "Italian"
        },
        {
          "si": 1,
          "sti": 22,
          "dti": 25,
          "sco": 102,
          "dco": 121,
          "txt": "professional"
        },
        {
          "si": 1,
          "sti": 23,
          "dti": 26,
          "sco": 115,
          "dco": 134,
          "txt": "football"
        },
        {
          "si": 1,
          "sti": 24,
          "dti": 27,
          "sco": 124,
          "dco": 143,
          "txt": "player"
        },
        {
          "si": 1,
          "sti": 25,
          "dti": 28,
          "sco": 131,
          "dco": 150,
          "txt": "who"
        },
        {
          "si": 1,
          "sti": 26,
          "dti": 29,
          "sco": 135,
          "dco": 154,
          "txt": "played"
        },
        {
          "si": 1,
          "sti": 27,
          "dti": 30,
          "sco": 142,
          "dco": 161,
          "txt": "as"
        },
        {
          "si": 1,
          "sti": 28,
          "dti": 31,
          "sco": 145,
          "dco": 164,
          "txt": "a"
        },
        {
          "si": 1,
          "sti": 29,
          "dti": 32,
          "sco": 147,
          "dco": 166,
          "txt": "goalkeeper"
        },
        {
          "si": 1,
          "sti": 30,
          "dti": 33,
          "sco": 157,
          "dco": 176,
          "txt": "."
        },
        {
          "si": 2,
          "sti": 0,
          "dti": 34,
          "sco": 0,
          "dco": 178,
          "txt": "Club"
        },
        {
          "si": 2,
          "sti": 1,
          "dti": 35,
          "sco": 4,
          "dco": 182,
          "txt": "."
        },
        {
          "si": 3,
          "sti": 0,
          "dti": 36,
          "sco": 0,
          "dco": 184,
          "txt": "Giuliani"
        },
        {
          "si": 3,
          "sti": 1,
          "dti": 37,
          "sco": 9,
          "dco": 193,
          "txt": "developed"
        },
        {
          "si": 3,
          "sti": 2,
          "dti": 38,
          "sco": 19,
          "dco": 203,
          "txt": "in"
        },
        {
          "si": 3,
          "sti": 3,
          "dti": 39,
          "sco": 22,
          "dco": 206,
          "txt": "the"
        },
        {
          "si": 3,
          "sti": 4,
          "dti": 40,
          "sco": 26,
          "dco": 210,
          "txt": "Arezzo"
        },
        {
          "si": 3,
          "sti": 5,
          "dti": 41,
          "sco": 33,
          "dco": 217,
          "txt": "youth"
        },
        {
          "si": 3,
          "sti": 6,
          "dti": 42,
          "sco": 39,
          "dco": 223,
          "txt": "sector"
        },
        {
          "si": 3,
          "sti": 7,
          "dti": 43,
          "sco": 46,
          "dco": 230,
          "txt": "and"
        },
        {
          "si": 3,
          "sti": 8,
          "dti": 44,
          "sco": 50,
          "dco": 234,
          "txt": "later"
        },
        {
          "si": 3,
          "sti": 9,
          "dti": 45,
          "sco": 56,
          "dco": 240,
          "txt": "made"
        },
        {
          "si": 3,
          "sti": 10,
          "dti": 46,
          "sco": 61,
          "dco": 245,
          "txt": "his"
        },
        {
          "si": 3,
          "sti": 11,
          "dti": 47,
          "sco": 65,
          "dco": 249,
          "txt": "professional"
        },
        {
          "si": 3,
          "sti": 12,
          "dti": 48,
          "sco": 78,
          "dco": 262,
          "txt": "debut"
        },
        {
          "si": 3,
          "sti": 13,
          "dti": 49,
          "sco": 84,
          "dco": 268,
          "txt": "with"
        },
        {
          "si": 3,
          "sti": 14,
          "dti": 50,
          "sco": 89,
          "dco": 273,
          "txt": "the"
        },
        {
          "si": 3,
          "sti": 15,
          "dti": 51,
          "sco": 93,
          "dco": 277,
          "txt": "senior"
        },
        {
          "si": 3,
          "sti": 16,
          "dti": 52,
          "sco": 100,
          "dco": 284,
          "txt": "squad"
        },
        {
          "si": 3,
          "sti": 17,
          "dti": 53,
          "sco": 105,
          "dco": 289,
          "txt": "."
        },
        {
          "si": 4,
          "sti": 0,
          "dti": 54,
          "sco": 0,
          "dco": 291,
          "txt": "He"
        },
        {
          "si": 4,
          "sti": 1,
          "dti": 55,
          "sco": 3,
          "dco": 294,
          "txt": "made"
        },
        {
          "si": 4,
          "sti": 2,
          "dti": 56,
          "sco": 8,
          "dco": 299,
          "txt": "his"
        },
        {
          "si": 4,
          "sti": 3,
          "dti": 57,
          "sco": 12,
          "dco": 303,
          "txt": "Serie"
        },
        {
          "si": 4,
          "sti": 4,
          "dti": 58,
          "sco": 18,
          "dco": 309,
          "txt": "A"
        },
        {
          "si": 4,
          "sti": 5,
          "dti": 59,
          "sco": 20,
          "dco": 311,
          "txt": "debut"
        },
        {
          "si": 4,
          "sti": 6,
          "dti": 60,
          "sco": 26,
          "dco": 317,
          "txt": "during"
        },
        {
          "si": 4,
          "sti": 7,
          "dti": 61,
          "sco": 33,
          "dco": 324,
          "txt": "the"
        },
        {
          "si": 4,
          "sti": 8,
          "dti": 62,
          "sco": 37,
          "dco": 328,
          "txt": "1980"
        },
        {
          "si": 4,
          "sti": 9,
          "dti": 63,
          "sco": 41,
          "dco": 332,
          "txt": "-"
        },
        {
          "si": 4,
          "sti": 10,
          "dti": 64,
          "sco": 42,
          "dco": 333,
          "txt": "81"
        },
        {
          "si": 4,
          "sti": 11,
          "dti": 65,
          "sco": 45,
          "dco": 336,
          "txt": "season"
        },
        {
          "si": 4,
          "sti": 12,
          "dti": 66,
          "sco": 52,
          "dco": 343,
          "txt": "with"
        },
        {
          "si": 4,
          "sti": 13,
          "dti": 67,
          "sco": 57,
          "dco": 348,
          "txt": "Como"
        },
        {
          "si": 4,
          "sti": 14,
          "dti": 68,
          "sco": 61,
          "dco": 352,
          "txt": "."
        },
        {
          "si": 5,
          "sti": 0,
          "dti": 69,
          "sco": 0,
          "dco": 354,
          "txt": "In"
        },
        {
          "si": 5,
          "sti": 1,
          "dti": 70,
          "sco": 3,
          "dco": 357,
          "txt": "1985"
        },
        {
          "si": 5,
          "sti": 2,
          "dti": 71,
          "sco": 8,
          "dco": 362,
          "txt": "he"
        },
        {
          "si": 5,
          "sti": 3,
          "dti": 72,
          "sco": 11,
          "dco": 365,
          "txt": "moved"
        },
        {
          "si": 5,
          "sti": 4,
          "dti": 73,
          "sco": 17,
          "dco": 371,
          "txt": "to"
        },
        {
          "si": 5,
          "sti": 5,
          "dti": 74,
          "sco": 20,
          "dco": 374,
          "txt": "Verona"
        },
        {
          "si": 5,
          "sti": 6,
          "dti": 75,
          "sco": 27,
          "dco": 381,
          "txt": "and"
        },
        {
          "si": 5,
          "sti": 7,
          "dti": 76,
          "sco": 31,
          "dco": 385,
          "txt": "in"
        },
        {
          "si": 5,
          "sti": 8,
          "dti": 77,
          "sco": 34,
          "dco": 388,
          "txt": "1988"
        },
        {
          "si": 5,
          "sti": 9,
          "dti": 78,
          "sco": 39,
          "dco": 393,
          "txt": "he"
        },
        {
          "si": 5,
          "sti": 10,
          "dti": 79,
          "sco": 42,
          "dco": 396,
          "txt": "moved"
        },
        {
          "si": 5,
          "sti": 11,
          "dti": 80,
          "sco": 48,
          "dco": 402,
          "txt": "to"
        },
        {
          "si": 5,
          "sti": 12,
          "dti": 81,
          "sco": 51,
          "dco": 405,
          "txt": "Maradona"
        },
        {
          "si": 5,
          "sti": 13,
          "dti": 82,
          "sco": 59,
          "dco": 413,
          "txt": "'"
        },
        {
          "si": 5,
          "sti": 14,
          "dti": 83,
          "sco": 60,
          "dco": 414,
          "txt": "s"
        },
        {
          "si": 5,
          "sti": 15,
          "dti": 84,
          "sco": 62,
          "dco": 416,
          "txt": "Napoli"
        },
        {
          "si": 5,
          "sti": 16,
          "dti": 85,
          "sco": 68,
          "dco": 422,
          "txt": ","
        },
        {
          "si": 5,
          "sti": 17,
          "dti": 86,
          "sco": 70,
          "dco": 424,
          "txt": "where"
        },
        {
          "si": 5,
          "sti": 18,
          "dti": 87,
          "sco": 76,
          "dco": 430,
          "txt": "he"
        },
        {
          "si": 5,
          "sti": 19,
          "dti": 88,
          "sco": 79,
          "dco": 433,
          "txt": "achieved"
        },
        {
          "si": 5,
          "sti": 20,
          "dti": 89,
          "sco": 88,
          "dco": 442,
          "txt": "notable"
        },
        {
          "si": 5,
          "sti": 21,
          "dti": 90,
          "sco": 96,
          "dco": 450,
          "txt": "success"
        },
        {
          "si": 5,
          "sti": 22,
          "dti": 91,
          "sco": 104,
          "dco": 458,
          "txt": "and"
        },
        {
          "si": 5,
          "sti": 23,
          "dti": 92,
          "sco": 108,
          "dco": 462,
          "txt": "recognition"
        },
        {
          "si": 5,
          "sti": 24,
          "dti": 93,
          "sco": 120,
          "dco": 474,
          "txt": "due"
        },
        {
          "si": 5,
          "sti": 25,
          "dti": 94,
          "sco": 124,
          "dco": 478,
          "txt": "to"
        },
        {
          "si": 5,
          "sti": 26,
          "dti": 95,
          "sco": 127,
          "dco": 481,
          "txt": "his"
        },
        {
          "si": 5,
          "sti": 27,
          "dti": 96,
          "sco": 131,
          "dco": 485,
          "txt": "performances"
        },
        {
          "si": 5,
          "sti": 28,
          "dti": 97,
          "sco": 143,
          "dco": 497,
          "txt": ";"
        },
        {
          "si": 5,
          "sti": 29,
          "dti": 98,
          "sco": 145,
          "dco": 499,
          "txt": "with"
        },
        {
          "si": 5,
          "sti": 30,
          "dti": 99,
          "sco": 150,
          "dco": 504,
          "txt": "the"
        },
        {
          "si": 5,
          "sti": 31,
          "dti": 100,
          "sco": 154,
          "dco": 508,
          "txt": "club"
        },
        {
          "si": 5,
          "sti": 32,
          "dti": 101,
          "sco": 158,
          "dco": 512,
          "txt": ","
        },
        {
          "si": 5,
          "sti": 33,
          "dti": 102,
          "sco": 160,
          "dco": 514,
          "txt": "he"
        },
        {
          "si": 5,
          "sti": 34,
          "dti": 103,
          "sco": 163,
          "dco": 517,
          "txt": "won"
        },
        {
          "si": 5,
          "sti": 35,
          "dti": 104,
          "sco": 167,
          "dco": 521,
          "txt": "an"
        },
        {
          "si": 5,
          "sti": 36,
          "dti": 105,
          "sco": 170,
          "dco": 524,
          "txt": "UEFA"
        },
        {
          "si": 5,
          "sti": 37,
          "dti": 106,
          "sco": 175,
          "dco": 529,
          "txt": "Cup"
        },
        {
          "si": 5,
          "sti": 38,
          "dti": 107,
          "sco": 179,
          "dco": 533,
          "txt": "("
        },
        {
          "si": 5,
          "sti": 39,
          "dti": 108,
          "sco": 180,
          "dco": 534,
          "txt": "1988"
        },
        {
          "si": 5,
          "sti": 40,
          "dti": 109,
          "sco": 184,
          "dco": 538,
          "txt": "-"
        },
        {
          "si": 5,
          "sti": 41,
          "dti": 110,
          "sco": 185,
          "dco": 539,
          "txt": "89"
        },
        {
          "si": 5,
          "sti": 42,
          "dti": 111,
          "sco": 187,
          "dco": 541,
          "txt": ")"
        },
        {
          "si": 5,
          "sti": 43,
          "dti": 112,
          "sco": 189,
          "dco": 543,
          "txt": "and"
        },
        {
          "si": 5,
          "sti": 44,
          "dti": 113,
          "sco": 193,
          "dco": 547,
          "txt": "a"
        },
        {
          "si": 5,
          "sti": 45,
          "dti": 114,
          "sco": 195,
          "dco": 549,
          "txt": "Serie"
        },
        {
          "si": 5,
          "sti": 46,
          "dti": 115,
          "sco": 201,
          "dco": 555,
          "txt": "A"
        },
        {
          "si": 5,
          "sti": 47,
          "dti": 116,
          "sco": 203,
          "dco": 557,
          "txt": "title"
        },
        {
          "si": 5,
          "sti": 48,
          "dti": 117,
          "sco": 209,
          "dco": 563,
          "txt": "("
        },
        {
          "si": 5,
          "sti": 49,
          "dti": 118,
          "sco": 210,
          "dco": 564,
          "txt": "1989"
        },
        {
          "si": 5,
          "sti": 50,
          "dti": 119,
          "sco": 214,
          "dco": 568,
          "txt": "-"
        },
        {
          "si": 5,
          "sti": 51,
          "dti": 120,
          "sco": 215,
          "dco": 569,
          "txt": "90"
        },
        {
          "si": 5,
          "sti": 52,
          "dti": 121,
          "sco": 217,
          "dco": 571,
          "txt": ")"
        },
        {
          "si": 5,
          "sti": 53,
          "dti": 122,
          "sco": 218,
          "dco": 572,
          "txt": "."
        },
        {
          "si": 6,
          "sti": 0,
          "dti": 123,
          "sco": 0,
          "dco": 574,
          "txt": "He"
        },
        {
          "si": 6,
          "sti": 1,
          "dti": 124,
          "sco": 3,
          "dco": 577,
          "txt": "later"
        },
        {
          "si": 6,
          "sti": 2,
          "dti": 125,
          "sco": 9,
          "dco": 583,
          "txt": "moved"
        },
        {
          "si": 6,
          "sti": 3,
          "dti": 126,
          "sco": 15,
          "dco": 589,
          "txt": "to"
        },
        {
          "si": 6,
          "sti": 4,
          "dti": 127,
          "sco": 18,
          "dco": 592,
          "txt": "Udinese"
        },
        {
          "si": 6,
          "sti": 5,
          "dti": 128,
          "sco": 26,
          "dco": 600,
          "txt": "in"
        },
        {
          "si": 6,
          "sti": 6,
          "dti": 129,
          "sco": 29,
          "dco": 603,
          "txt": "1990"
        },
        {
          "si": 6,
          "sti": 7,
          "dti": 130,
          "sco": 33,
          "dco": 607,
          "txt": ","
        },
        {
          "si": 6,
          "sti": 8,
          "dti": 131,
          "sco": 35,
          "dco": 609,
          "txt": "where"
        },
        {
          "si": 6,
          "sti": 9,
          "dti": 132,
          "sco": 41,
          "dco": 615,
          "txt": "he"
        },
        {
          "si": 6,
          "sti": 10,
          "dti": 133,
          "sco": 44,
          "dco": 618,
          "txt": "ended"
        },
        {
          "si": 6,
          "sti": 11,
          "dti": 134,
          "sco": 50,
          "dco": 624,
          "txt": "his"
        },
        {
          "si": 6,
          "sti": 12,
          "dti": 135,
          "sco": 54,
          "dco": 628,
          "txt": "career"
        },
        {
          "si": 6,
          "sti": 13,
          "dti": 136,
          "sco": 60,
          "dco": 634,
          "txt": ","
        },
        {
          "si": 6,
          "sti": 14,
          "dti": 137,
          "sco": 62,
          "dco": 636,
          "txt": "retiring"
        },
        {
          "si": 6,
          "sti": 15,
          "dti": 138,
          "sco": 71,
          "dco": 645,
          "txt": "from"
        },
        {
          "si": 6,
          "sti": 16,
          "dti": 139,
          "sco": 76,
          "dco": 650,
          "txt": "professional"
        },
        {
          "si": 6,
          "sti": 17,
          "dti": 140,
          "sco": 89,
          "dco": 663,
          "txt": "football"
        },
        {
          "si": 6,
          "sti": 18,
          "dti": 141,
          "sco": 98,
          "dco": 672,
          "txt": "in"
        },
        {
          "si": 6,
          "sti": 19,
          "dti": 142,
          "sco": 101,
          "dco": 675,
          "txt": "1993"
        },
        {
          "si": 6,
          "sti": 20,
          "dti": 143,
          "sco": 105,
          "dco": 679,
          "txt": "."
        },
        {
          "si": 7,
          "sti": 0,
          "dti": 144,
          "sco": 0,
          "dco": 681,
          "txt": "International"
        },
        {
          "si": 7,
          "sti": 1,
          "dti": 145,
          "sco": 13,
          "dco": 694,
          "txt": "."
        },
        {
          "si": 8,
          "sti": 0,
          "dti": 146,
          "sco": 0,
          "dco": 696,
          "txt": "Giuliani"
        },
        {
          "si": 8,
          "sti": 1,
          "dti": 147,
          "sco": 9,
          "dco": 705,
          "txt": "represented"
        },
        {
          "si": 8,
          "sti": 2,
          "dti": 148,
          "sco": 21,
          "dco": 717,
          "txt": "Italy"
        },
        {
          "si": 8,
          "sti": 3,
          "dti": 149,
          "sco": 27,
          "dco": 723,
          "txt": "at"
        },
        {
          "si": 8,
          "sti": 4,
          "dti": 150,
          "sco": 30,
          "dco": 726,
          "txt": "the"
        },
        {
          "si": 8,
          "sti": 5,
          "dti": 151,
          "sco": 34,
          "dco": 730,
          "txt": "1988"
        },
        {
          "si": 8,
          "sti": 6,
          "dti": 152,
          "sco": 39,
          "dco": 735,
          "txt": "Summer"
        },
        {
          "si": 8,
          "sti": 7,
          "dti": 153,
          "sco": 46,
          "dco": 742,
          "txt": "Olympics"
        },
        {
          "si": 8,
          "sti": 8,
          "dti": 154,
          "sco": 54,
          "dco": 750,
          "txt": ","
        },
        {
          "si": 8,
          "sti": 9,
          "dti": 155,
          "sco": 56,
          "dco": 752,
          "txt": "where"
        },
        {
          "si": 8,
          "sti": 10,
          "dti": 156,
          "sco": 62,
          "dco": 758,
          "txt": "the"
        },
        {
          "si": 8,
          "sti": 11,
          "dti": 157,
          "sco": 66,
          "dco": 762,
          "txt": "team"
        },
        {
          "si": 8,
          "sti": 12,
          "dti": 158,
          "sco": 71,
          "dco": 767,
          "txt": "finished"
        },
        {
          "si": 8,
          "sti": 13,
          "dti": 159,
          "sco": 80,
          "dco": 776,
          "txt": "in"
        },
        {
          "si": 8,
          "sti": 14,
          "dti": 160,
          "sco": 83,
          "dco": 779,
          "txt": "fourth"
        },
        {
          "si": 8,
          "sti": 15,
          "dti": 161,
          "sco": 90,
          "dco": 786,
          "txt": "place"
        },
        {
          "si": 8,
          "sti": 16,
          "dti": 162,
          "sco": 96,
          "dco": 792,
          "txt": "after"
        },
        {
          "si": 8,
          "sti": 17,
          "dti": 163,
          "sco": 102,
          "dco": 798,
          "txt": "reaching"
        },
        {
          "si": 8,
          "sti": 18,
          "dti": 164,
          "sco": 111,
          "dco": 807,
          "txt": "the"
        },
        {
          "si": 8,
          "sti": 19,
          "dti": 165,
          "sco": 115,
          "dco": 811,
          "txt": "semi"
        },
        {
          "si": 8,
          "sti": 20,
          "dti": 166,
          "sco": 119,
          "dco": 815,
          "txt": "-"
        },
        {
          "si": 8,
          "sti": 21,
          "dti": 167,
          "sco": 120,
          "dco": 816,
          "txt": "finals"
        },
        {
          "si": 8,
          "sti": 22,
          "dti": 168,
          "sco": 127,
          "dco": 823,
          "txt": "of"
        },
        {
          "si": 8,
          "sti": 23,
          "dti": 169,
          "sco": 130,
          "dco": 826,
          "txt": "the"
        },
        {
          "si": 8,
          "sti": 24,
          "dti": 170,
          "sco": 134,
          "dco": 830,
          "txt": "tournament"
        },
        {
          "si": 8,
          "sti": 25,
          "dti": 171,
          "sco": 144,
          "dco": 840,
          "txt": "."
        },
        {
          "si": 9,
          "sti": 0,
          "dti": 172,
          "sco": 0,
          "dco": 842,
          "txt": "Personal"
        },
        {
          "si": 9,
          "sti": 1,
          "dti": 173,
          "sco": 9,
          "dco": 851,
          "txt": "life"
        },
        {
          "si": 9,
          "sti": 2,
          "dti": 174,
          "sco": 13,
          "dco": 855,
          "txt": "."
        },
        {
          "si": 10,
          "sti": 0,
          "dti": 175,
          "sco": 0,
          "dco": 857,
          "txt": "Giuliani"
        },
        {
          "si": 10,
          "sti": 1,
          "dti": 176,
          "sco": 9,
          "dco": 866,
          "txt": "was"
        },
        {
          "si": 10,
          "sti": 2,
          "dti": 177,
          "sco": 13,
          "dco": 870,
          "txt": "married"
        },
        {
          "si": 10,
          "sti": 3,
          "dti": 178,
          "sco": 21,
          "dco": 878,
          "txt": "to"
        },
        {
          "si": 10,
          "sti": 4,
          "dti": 179,
          "sco": 24,
          "dco": 881,
          "txt": "the"
        },
        {
          "si": 10,
          "sti": 5,
          "dti": 180,
          "sco": 28,
          "dco": 885,
          "txt": "Italian"
        },
        {
          "si": 10,
          "sti": 6,
          "dti": 181,
          "sco": 36,
          "dco": 893,
          "txt": "showgirl"
        },
        {
          "si": 10,
          "sti": 7,
          "dti": 182,
          "sco": 45,
          "dco": 902,
          "txt": "and"
        },
        {
          "si": 10,
          "sti": 8,
          "dti": 183,
          "sco": 49,
          "dco": 906,
          "txt": "television"
        },
        {
          "si": 10,
          "sti": 9,
          "dti": 184,
          "sco": 60,
          "dco": 917,
          "txt": "personality"
        },
        {
          "si": 10,
          "sti": 10,
          "dti": 185,
          "sco": 72,
          "dco": 929,
          "txt": "Raffaella"
        },
        {
          "si": 10,
          "sti": 11,
          "dti": 186,
          "sco": 82,
          "dco": 939,
          "txt": "Del"
        },
        {
          "si": 10,
          "sti": 12,
          "dti": 187,
          "sco": 86,
          "dco": 943,
          "txt": "Rosario"
        },
        {
          "si": 10,
          "sti": 13,
          "dti": 188,
          "sco": 93,
          "dco": 950,
          "txt": "."
        },
        {
          "si": 11,
          "sti": 0,
          "dti": 189,
          "sco": 0,
          "dco": 952,
          "txt": "Giuliani"
        },
        {
          "si": 11,
          "sti": 1,
          "dti": 190,
          "sco": 9,
          "dco": 961,
          "txt": "died"
        },
        {
          "si": 11,
          "sti": 2,
          "dti": 191,
          "sco": 14,
          "dco": 966,
          "txt": "from"
        },
        {
          "si": 11,
          "sti": 3,
          "dti": 192,
          "sco": 19,
          "dco": 971,
          "txt": "AIDS"
        },
        {
          "si": 11,
          "sti": 4,
          "dti": 193,
          "sco": 24,
          "dco": 976,
          "txt": "in"
        },
        {
          "si": 11,
          "sti": 5,
          "dti": 194,
          "sco": 27,
          "dco": 979,
          "txt": "1996"
        },
        {
          "si": 11,
          "sti": 6,
          "dti": 195,
          "sco": 31,
          "dco": 983,
          "txt": "."
        }
      ]
    },
    "ganns": {
      "dla": [],
      "la": [],
      "ea": [],
      "eta": [
        {
          "ra": {
            "ea": {
              "etn": "Giuliano_Giuliani"
            }
          },
          "sfs": [
            [
              {
                "stn": "birthYear"
              },
              {
                "dla": {
                  "txt": {
                    "sff": "1958"
                  },
                  "et": {
                    "etn": "BirthYear"
                  },
                  "dp": {
                    "off": 57
                  }
                }
              }
            ],
            [
              {
                "stn": "deathYear"
              },
              {
                "dla": {
                  "txt": {
                    "sff": "1996"
                  },
                  "et": {
                    "etn": "DeathYear"
                  },
                  "dp": {
                    "off": 89
                  }
                }
              }
            ]
          ],
          "mfs": [
            [
              {
                "stn": "position"
              },
              {
                "dla": [],
                "la": [],
                "ea": [
                  {
                    "etn": "Goalkeeper_(association_football)"
                  }
                ],
                "eta": []
              }
            ],
            [
              {
                "stn": "team"
              },
              {
                "dla": [],
                "la": [],
                "ea": [
                  {
                    "etn": "Hellas_Verona_F.C."
                  },
                  {
                    "etn": "Udinese_Calcio"
                  }
                ],
                "eta": []
              }
            ],
            [
              {
                "stn": "birthPlace"
              },
              {
                "dla": [],
                "la": [],
                "ea": [
                  {
                    "etn": "Rome"
                  },
                  {
                    "etn": "Italy"
                  }
                ],
                "eta": []
              }
            ]
          ]
        }
      ]
    }
  }
]
