[
  {
    "context": "TEST",
    "doc": {
      "id": "Ha_Jung-won",
      "tl": [
        {
          "si": 0,
          "sti": 0,
          "dti": 0,
          "sco": 0,
          "dco": 0,
          "txt": "Ha"
        },
        {
          "si": 0,
          "sti": 1,
          "dti": 1,
          "sco": 3,
          "dco": 3,
          "txt": "Jung"
        },
        {
          "si": 0,
          "sti": 2,
          "dti": 2,
          "sco": 7,
          "dco": 7,
          "txt": "-"
        },
        {
          "si": 0,
          "sti": 3,
          "dti": 3,
          "sco": 8,
          "dco": 8,
          "txt": "won"
        },
        {
          "si": 0,
          "sti": 4,
          "dti": 4,
          "sco": 11,
          "dco": 11,
          "txt": "."
        },
        {
          "si": 1,
          "sti": 0,
          "dti": 5,
          "sco": 0,
          "dco": 13,
          "txt": "Ha"
        },
        {
          "si": 1,
          "sti": 1,
          "dti": 6,
          "sco": 3,
          "dco": 16,
          "txt": "Jung"
        },
        {
          "si": 1,
          "sti": 2,
          "dti": 7,
          "sco": 7,
          "dco": 20,
          "txt": "-"
        },
        {
          "si": 1,
          "sti": 3,
          "dti": 8,
          "sco": 8,
          "dco": 21,
          "txt": "Won"
        },
        {
          "si": 1,
          "sti": 4,
          "dti": 9,
          "sco": 12,
          "dco": 25,
          "txt": "("
        },
        {
          "si": 1,
          "sti": 5,
          "dti": 10,
          "sco": 13,
          "dco": 26,
          "txt": "Hangul"
        },
        {
          "si": 1,
          "sti": 6,
          "dti": 11,
          "sco": 19,
          "dco": 32,
          "txt": ":"
        },
        {
          "si": 1,
          "sti": 7,
          "dti": 12,
          "sco": 21,
          "dco": 34,
          "txt": "하"
        },
        {
          "si": 1,
          "sti": 8,
          "dti": 13,
          "sco": 22,
          "dco": 35,
          "txt": "정"
        },
        {
          "si": 1,
          "sti": 9,
          "dti": 14,
          "sco": 23,
          "dco": 36,
          "txt": "원"
        },
        {
          "si": 1,
          "sti": 10,
          "dti": 15,
          "sco": 24,
          "dco": 37,
          "txt": ";"
        },
        {
          "si": 1,
          "sti": 11,
          "dti": 16,
          "sco": 26,
          "dco": 39,
          "txt": "Hanja"
        },
        {
          "si": 1,
          "sti": 12,
          "dti": 17,
          "sco": 31,
          "dco": 44,
          "txt": ":"
        },
        {
          "si": 1,
          "sti": 13,
          "dti": 18,
          "sco": 32,
          "dco": 45,
          "txt": "?"
        },
        {
          "si": 2,
          "sti": 0,
          "dti": 19,
          "sco": 0,
          "dco": 46,
          "txt": ";"
        },
        {
          "si": 2,
          "sti": 1,
          "dti": 20,
          "sco": 2,
          "dco": 48,
          "txt": "born"
        },
        {
          "si": 2,
          "sti": 2,
          "dti": 21,
          "sco": 7,
          "dco": 53,
          "txt": "20"
        },
        {
          "si": 2,
          "sti": 3,
          "dti": 22,
          "sco": 10,
          "dco": 56,
          "txt": "April"
        },
        {
          "si": 2,
          "sti": 4,
          "dti": 23,
          "sco": 16,
          "dco": 62,
          "txt": "1942"
        },
        {
          "si": 2,
          "sti": 5,
          "dti": 24,
          "sco": 20,
          "dco": 66,
          "txt": ")"
        },
        {
          "si": 2,
          "sti": 6,
          "dti": 25,
          "sco": 22,
          "dco": 68,
          "txt": "is"
        },
        {
          "si": 2,
          "sti": 7,
          "dti": 26,
          "sco": 25,
          "dco": 71,
          "txt": "a"
        },
        {
          "si": 2,
          "sti": 8,
          "dti": 27,
          "sco": 27,
          "dco": 73,
          "txt": "North"
        },
        {
          "si": 2,
          "sti": 9,
          "dti": 28,
          "sco": 33,
          "dco": 79,
          "txt": "Korean"
        },
        {
          "si": 2,
          "sti": 10,
          "dti": 29,
          "sco": 40,
          "dco": 86,
          "txt": "football"
        },
        {
          "si": 2,
          "sti": 11,
          "dti": 30,
          "sco": 49,
          "dco": 95,
          "txt": "defender"
        },
        {
          "si": 2,
          "sti": 12,
          "dti": 31,
          "sco": 58,
          "dco": 104,
          "txt": "who"
        },
        {
          "si": 2,
          "sti": 13,
          "dti": 32,
          "sco": 62,
          "dco": 108,
          "txt": "played"
        },
        {
          "si": 2,
          "sti": 14,
          "dti": 33,
          "sco": 69,
          "dco": 115,
          "txt": "for"
        },
        {
          "si": 2,
          "sti": 15,
          "dti": 34,
          "sco": 73,
          "dco": 119,
          "txt": "North"
        },
        {
          "si": 2,
          "sti": 16,
          "dti": 35,
          "sco": 79,
          "dco": 125,
          "txt": "Korea"
        },
        {
          "si": 2,
          "sti": 17,
          "dti": 36,
          "sco": 85,
          "dco": 131,
          "txt": "in"
        },
        {
          "si": 2,
          "sti": 18,
          "dti": 37,
          "sco": 88,
          "dco": 134,
          "txt": "the"
        },
        {
          "si": 2,
          "sti": 19,
          "dti": 38,
          "sco": 92,
          "dco": 138,
          "txt": "1966"
        },
        {
          "si": 2,
          "sti": 20,
          "dti": 39,
          "sco": 97,
          "dco": 143,
          "txt": "FIFA"
        },
        {
          "si": 2,
          "sti": 21,
          "dti": 40,
          "sco": 102,
          "dco": 148,
          "txt": "World"
        },
        {
          "si": 2,
          "sti": 22,
          "dti": 41,
          "sco": 108,
          "dco": 154,
          "txt": "Cup"
        },
        {
          "si": 2,
          "sti": 23,
          "dti": 42,
          "sco": 111,
          "dco": 157,
          "txt": "."
        },
        {
          "si": 3,
          "sti": 0,
          "dti": 43,
          "sco": 0,
          "dco": 159,
          "txt": "He"
        },
        {
          "si": 3,
          "sti": 1,
          "dti": 44,
          "sco": 3,
          "dco": 162,
          "txt": "also"
        },
        {
          "si": 3,
          "sti": 2,
          "dti": 45,
          "sco": 8,
          "dco": 167,
          "txt": "played"
        },
        {
          "si": 3,
          "sti": 3,
          "dti": 46,
          "sco": 15,
          "dco": 174,
          "txt": "for"
        },
        {
          "si": 3,
          "sti": 4,
          "dti": 47,
          "sco": 19,
          "dco": 178,
          "txt": "August"
        },
        {
          "si": 3,
          "sti": 5,
          "dti": 48,
          "sco": 26,
          "dco": 185,
          "txt": "8"
        },
        {
          "si": 3,
          "sti": 6,
          "dti": 49,
          "sco": 28,
          "dco": 187,
          "txt": "Club"
        },
        {
          "si": 3,
          "sti": 7,
          "dti": 50,
          "sco": 32,
          "dco": 191,
          "txt": "."
        }
      ]
    },
    "ganns": {
      "dla": [],
      "la": [],
      "ea": [],
      "eta": [
        {
          "ra": {
            "ea": {
              "etn": "Ha_Jung-won"
            }
          },
          "sfs": [
            [
              {
                "stn": "birthYear"
              },
              {
                "dla": {
                  "txt": {
                    "sff": "1942"
                  },
                  "et": {
                    "etn": "BirthYear"
                  },
                  "dp": {
                    "off": 62
                  }
                }
              }
            ],
            [
              {
                "stn": "deathYear"
              },
              {}
            ]
          ],
          "mfs": [
            [
              {
                "stn": "position"
              },
              {
                "dla": [],
                "la": [],
                "ea": [
                  {
                    "etn": "Defender_(association_football)"
                  }
                ],
                "eta": []
              }
            ],
            [
              {
                "stn": "team"
              },
              {
                "dla": [],
                "la": [],
                "ea": [
                  {
                    "etn": "North_Korea_national_football_team"
                  },
                  {
                    "etn": "August_(football_club)"
                  }
                ],
                "eta": []
              }
            ],
            [
              {
                "stn": "birthPlace"
              },
              {
                "dla": [],
                "la": [],
                "ea": [
                  {
                    "etn": "North_Korea"
                  }
                ],
                "eta": []
              }
            ]
          ]
        }
      ]
    }
  }
]
