[
  {
    "context": "TRAIN",
    "doc": {
      "id": "Hany_Mukhtar",
      "tl": [
        {
          "si": 0,
          "sti": 0,
          "dti": 0,
          "sco": 0,
          "dco": 0,
          "txt": "Hany"
        },
        {
          "si": 0,
          "sti": 1,
          "dti": 1,
          "sco": 5,
          "dco": 5,
          "txt": "Mukhtar"
        },
        {
          "si": 0,
          "sti": 2,
          "dti": 2,
          "sco": 12,
          "dco": 12,
          "txt": "."
        },
        {
          "si": 1,
          "sti": 0,
          "dti": 3,
          "sco": 0,
          "dco": 14,
          "txt": "Hany"
        },
        {
          "si": 1,
          "sti": 1,
          "dti": 4,
          "sco": 5,
          "dco": 19,
          "txt": "Abubakr"
        },
        {
          "si": 1,
          "sti": 2,
          "dti": 5,
          "sco": 13,
          "dco": 27,
          "txt": "Mukhtar"
        },
        {
          "si": 1,
          "sti": 3,
          "dti": 6,
          "sco": 21,
          "dco": 35,
          "txt": "("
        },
        {
          "si": 1,
          "sti": 4,
          "dti": 7,
          "sco": 22,
          "dco": 36,
          "txt": "born"
        },
        {
          "si": 1,
          "sti": 5,
          "dti": 8,
          "sco": 27,
          "dco": 41,
          "txt": "21"
        },
        {
          "si": 1,
          "sti": 6,
          "dti": 9,
          "sco": 30,
          "dco": 44,
          "txt": "March"
        },
        {
          "si": 1,
          "sti": 7,
          "dti": 10,
          "sco": 36,
          "dco": 50,
          "txt": "1995"
        },
        {
          "si": 1,
          "sti": 8,
          "dti": 11,
          "sco": 40,
          "dco": 54,
          "txt": ")"
        },
        {
          "si": 1,
          "sti": 9,
          "dti": 12,
          "sco": 42,
          "dco": 56,
          "txt": "is"
        },
        {
          "si": 1,
          "sti": 10,
          "dti": 13,
          "sco": 45,
          "dco": 59,
          "txt": "a"
        },
        {
          "si": 1,
          "sti": 11,
          "dti": 14,
          "sco": 47,
          "dco": 61,
          "txt": "German"
        },
        {
          "si": 1,
          "sti": 12,
          "dti": 15,
          "sco": 54,
          "dco": 68,
          "txt": "professional"
        },
        {
          "si": 1,
          "sti": 13,
          "dti": 16,
          "sco": 67,
          "dco": 81,
          "txt": "footballer"
        },
        {
          "si": 1,
          "sti": 14,
          "dti": 17,
          "sco": 78,
          "dco": 92,
          "txt": "who"
        },
        {
          "si": 1,
          "sti": 15,
          "dti": 18,
          "sco": 82,
          "dco": 96,
          "txt": "plays"
        },
        {
          "si": 1,
          "sti": 16,
          "dti": 19,
          "sco": 88,
          "dco": 102,
          "txt": "as"
        },
        {
          "si": 1,
          "sti": 17,
          "dti": 20,
          "sco": 91,
          "dco": 105,
          "txt": "a"
        },
        {
          "si": 1,
          "sti": 18,
          "dti": 21,
          "sco": 93,
          "dco": 107,
          "txt": "midfielder"
        },
        {
          "si": 1,
          "sti": 19,
          "dti": 22,
          "sco": 104,
          "dco": 118,
          "txt": "for"
        },
        {
          "si": 1,
          "sti": 20,
          "dti": 23,
          "sco": 108,
          "dco": 122,
          "txt": "Austrian"
        },
        {
          "si": 1,
          "sti": 21,
          "dti": 24,
          "sco": 117,
          "dco": 131,
          "txt": "club"
        },
        {
          "si": 1,
          "sti": 22,
          "dti": 25,
          "sco": 122,
          "dco": 136,
          "txt": "Red"
        },
        {
          "si": 1,
          "sti": 23,
          "dti": 26,
          "sco": 126,
          "dco": 140,
          "txt": "Bull"
        },
        {
          "si": 1,
          "sti": 24,
          "dti": 27,
          "sco": 131,
          "dco": 145,
          "txt": "Salzburg"
        },
        {
          "si": 1,
          "sti": 25,
          "dti": 28,
          "sco": 139,
          "dco": 153,
          "txt": ","
        },
        {
          "si": 1,
          "sti": 26,
          "dti": 29,
          "sco": 141,
          "dco": 155,
          "txt": "on"
        },
        {
          "si": 1,
          "sti": 27,
          "dti": 30,
          "sco": 144,
          "dco": 158,
          "txt": "loan"
        },
        {
          "si": 1,
          "sti": 28,
          "dti": 31,
          "sco": 149,
          "dco": 163,
          "txt": "from"
        },
        {
          "si": 1,
          "sti": 29,
          "dti": 32,
          "sco": 154,
          "dco": 168,
          "txt": "Portuguese"
        },
        {
          "si": 1,
          "sti": 30,
          "dti": 33,
          "sco": 165,
          "dco": 179,
          "txt": "club"
        },
        {
          "si": 1,
          "sti": 31,
          "dti": 34,
          "sco": 170,
          "dco": 184,
          "txt": "Benfica"
        },
        {
          "si": 1,
          "sti": 32,
          "dti": 35,
          "sco": 177,
          "dco": 191,
          "txt": "."
        },
        {
          "si": 2,
          "sti": 0,
          "dti": 36,
          "sco": 0,
          "dco": 193,
          "txt": "Hertha"
        },
        {
          "si": 2,
          "sti": 1,
          "dti": 37,
          "sco": 7,
          "dco": 200,
          "txt": "BSC"
        },
        {
          "si": 2,
          "sti": 2,
          "dti": 38,
          "sco": 10,
          "dco": 203,
          "txt": "."
        },
        {
          "si": 3,
          "sti": 0,
          "dti": 39,
          "sco": 0,
          "dco": 205,
          "txt": "Mukhtar"
        },
        {
          "si": 3,
          "sti": 1,
          "dti": 40,
          "sco": 8,
          "dco": 213,
          "txt": "began"
        },
        {
          "si": 3,
          "sti": 2,
          "dti": 41,
          "sco": 14,
          "dco": 219,
          "txt": "playing"
        },
        {
          "si": 3,
          "sti": 3,
          "dti": 42,
          "sco": 22,
          "dco": 227,
          "txt": "football"
        },
        {
          "si": 3,
          "sti": 4,
          "dti": 43,
          "sco": 31,
          "dco": 236,
          "txt": "at"
        },
        {
          "si": 3,
          "sti": 5,
          "dti": 44,
          "sco": 34,
          "dco": 239,
          "txt": "a"
        },
        {
          "si": 3,
          "sti": 6,
          "dti": 45,
          "sco": 36,
          "dco": 241,
          "txt": "very"
        },
        {
          "si": 3,
          "sti": 7,
          "dti": 46,
          "sco": 41,
          "dco": 246,
          "txt": "early"
        },
        {
          "si": 3,
          "sti": 8,
          "dti": 47,
          "sco": 47,
          "dco": 252,
          "txt": "age"
        },
        {
          "si": 3,
          "sti": 9,
          "dti": 48,
          "sco": 50,
          "dco": 255,
          "txt": ","
        },
        {
          "si": 3,
          "sti": 10,
          "dti": 49,
          "sco": 52,
          "dco": 257,
          "txt": "initially"
        },
        {
          "si": 3,
          "sti": 11,
          "dti": 50,
          "sco": 62,
          "dco": 267,
          "txt": "for"
        },
        {
          "si": 3,
          "sti": 12,
          "dti": 51,
          "sco": 66,
          "dco": 271,
          "txt": "FC"
        },
        {
          "si": 3,
          "sti": 13,
          "dti": 52,
          "sco": 69,
          "dco": 274,
          "txt": "Stern"
        },
        {
          "si": 3,
          "sti": 14,
          "dti": 53,
          "sco": 75,
          "dco": 280,
          "txt": "Marienfelde"
        },
        {
          "si": 3,
          "sti": 15,
          "dti": 54,
          "sco": 86,
          "dco": 291,
          "txt": "."
        },
        {
          "si": 4,
          "sti": 0,
          "dti": 55,
          "sco": 0,
          "dco": 293,
          "txt": "He"
        },
        {
          "si": 4,
          "sti": 1,
          "dti": 56,
          "sco": 3,
          "dco": 296,
          "txt": "was"
        },
        {
          "si": 4,
          "sti": 2,
          "dti": 57,
          "sco": 7,
          "dco": 300,
          "txt": "recruited"
        },
        {
          "si": 4,
          "sti": 3,
          "dti": 58,
          "sco": 17,
          "dco": 310,
          "txt": "into"
        },
        {
          "si": 4,
          "sti": 4,
          "dti": 59,
          "sco": 22,
          "dco": 315,
          "txt": "the"
        },
        {
          "si": 4,
          "sti": 5,
          "dti": 60,
          "sco": 26,
          "dco": 319,
          "txt": "youth"
        },
        {
          "si": 4,
          "sti": 6,
          "dti": 61,
          "sco": 32,
          "dco": 325,
          "txt": "academy"
        },
        {
          "si": 4,
          "sti": 7,
          "dti": 62,
          "sco": 40,
          "dco": 333,
          "txt": "of"
        },
        {
          "si": 4,
          "sti": 8,
          "dti": 63,
          "sco": 43,
          "dco": 336,
          "txt": "then"
        },
        {
          "si": 4,
          "sti": 9,
          "dti": 64,
          "sco": 47,
          "dco": 340,
          "txt": "-"
        },
        {
          "si": 4,
          "sti": 10,
          "dti": 65,
          "sco": 48,
          "dco": 341,
          "txt": "Bundesliga"
        },
        {
          "si": 4,
          "sti": 11,
          "dti": 66,
          "sco": 59,
          "dco": 352,
          "txt": "club"
        },
        {
          "si": 4,
          "sti": 12,
          "dti": 67,
          "sco": 64,
          "dco": 357,
          "txt": "Hertha"
        },
        {
          "si": 4,
          "sti": 13,
          "dti": 68,
          "sco": 71,
          "dco": 364,
          "txt": "BSC"
        },
        {
          "si": 4,
          "sti": 14,
          "dti": 69,
          "sco": 75,
          "dco": 368,
          "txt": "at"
        },
        {
          "si": 4,
          "sti": 15,
          "dti": 70,
          "sco": 78,
          "dco": 371,
          "txt": "the"
        },
        {
          "si": 4,
          "sti": 16,
          "dti": 71,
          "sco": 82,
          "dco": 375,
          "txt": "age"
        },
        {
          "si": 4,
          "sti": 17,
          "dti": 72,
          "sco": 86,
          "dco": 379,
          "txt": "of"
        },
        {
          "si": 4,
          "sti": 18,
          "dti": 73,
          "sco": 89,
          "dco": 382,
          "txt": "only"
        },
        {
          "si": 4,
          "sti": 19,
          "dti": 74,
          "sco": 94,
          "dco": 387,
          "txt": "five"
        },
        {
          "si": 4,
          "sti": 20,
          "dti": 75,
          "sco": 98,
          "dco": 391,
          "txt": "."
        },
        {
          "si": 5,
          "sti": 0,
          "dti": 76,
          "sco": 0,
          "dco": 393,
          "txt": "Rising"
        },
        {
          "si": 5,
          "sti": 1,
          "dti": 77,
          "sco": 7,
          "dco": 400,
          "txt": "through"
        },
        {
          "si": 5,
          "sti": 2,
          "dti": 78,
          "sco": 15,
          "dco": 408,
          "txt": "Hertha"
        },
        {
          "si": 5,
          "sti": 3,
          "dti": 79,
          "sco": 21,
          "dco": 414,
          "txt": "'"
        },
        {
          "si": 5,
          "sti": 4,
          "dti": 80,
          "sco": 22,
          "dco": 415,
          "txt": "s"
        },
        {
          "si": 5,
          "sti": 5,
          "dti": 81,
          "sco": 24,
          "dco": 417,
          "txt": "ranks"
        },
        {
          "si": 5,
          "sti": 6,
          "dti": 82,
          "sco": 29,
          "dco": 422,
          "txt": ","
        },
        {
          "si": 5,
          "sti": 7,
          "dti": 83,
          "sco": 31,
          "dco": 424,
          "txt": "he"
        },
        {
          "si": 5,
          "sti": 8,
          "dti": 84,
          "sco": 34,
          "dco": 427,
          "txt": "captained"
        },
        {
          "si": 5,
          "sti": 9,
          "dti": 85,
          "sco": 44,
          "dco": 437,
          "txt": "the"
        },
        {
          "si": 5,
          "sti": 10,
          "dti": 86,
          "sco": 48,
          "dco": 441,
          "txt": "club"
        },
        {
          "si": 5,
          "sti": 11,
          "dti": 87,
          "sco": 52,
          "dco": 445,
          "txt": "'"
        },
        {
          "si": 5,
          "sti": 12,
          "dti": 88,
          "sco": 53,
          "dco": 446,
          "txt": "s"
        },
        {
          "si": 5,
          "sti": 13,
          "dti": 89,
          "sco": 55,
          "dco": 448,
          "txt": "U"
        },
        {
          "si": 5,
          "sti": 14,
          "dti": 90,
          "sco": 56,
          "dco": 449,
          "txt": "-"
        },
        {
          "si": 5,
          "sti": 15,
          "dti": 91,
          "sco": 57,
          "dco": 450,
          "txt": "17"
        },
        {
          "si": 5,
          "sti": 16,
          "dti": 92,
          "sco": 60,
          "dco": 453,
          "txt": "squad"
        },
        {
          "si": 5,
          "sti": 17,
          "dti": 93,
          "sco": 66,
          "dco": 459,
          "txt": "to"
        },
        {
          "si": 5,
          "sti": 18,
          "dti": 94,
          "sco": 69,
          "dco": 462,
          "txt": "a"
        },
        {
          "si": 5,
          "sti": 19,
          "dti": 95,
          "sco": 71,
          "dco": 464,
          "txt": "Championship"
        },
        {
          "si": 5,
          "sti": 20,
          "dti": 96,
          "sco": 84,
          "dco": 477,
          "txt": "title"
        },
        {
          "si": 5,
          "sti": 21,
          "dti": 97,
          "sco": 90,
          "dco": 483,
          "txt": "in"
        },
        {
          "si": 5,
          "sti": 22,
          "dti": 98,
          "sco": 93,
          "dco": 486,
          "txt": "2012"
        },
        {
          "si": 5,
          "sti": 23,
          "dti": 99,
          "sco": 97,
          "dco": 490,
          "txt": "."
        },
        {
          "si": 6,
          "sti": 0,
          "dti": 100,
          "sco": 0,
          "dco": 492,
          "txt": "The"
        },
        {
          "si": 6,
          "sti": 1,
          "dti": 101,
          "sco": 4,
          "dco": 496,
          "txt": "following"
        },
        {
          "si": 6,
          "sti": 2,
          "dti": 102,
          "sco": 14,
          "dco": 506,
          "txt": "season"
        },
        {
          "si": 6,
          "sti": 3,
          "dti": 103,
          "sco": 20,
          "dco": 512,
          "txt": ","
        },
        {
          "si": 6,
          "sti": 4,
          "dti": 104,
          "sco": 22,
          "dco": 514,
          "txt": "he"
        },
        {
          "si": 6,
          "sti": 5,
          "dti": 105,
          "sco": 25,
          "dco": 517,
          "txt": "joined"
        },
        {
          "si": 6,
          "sti": 6,
          "dti": 106,
          "sco": 32,
          "dco": 524,
          "txt": "Hertha"
        },
        {
          "si": 6,
          "sti": 7,
          "dti": 107,
          "sco": 38,
          "dco": 530,
          "txt": "'"
        },
        {
          "si": 6,
          "sti": 8,
          "dti": 108,
          "sco": 39,
          "dco": 531,
          "txt": "s"
        },
        {
          "si": 6,
          "sti": 9,
          "dti": 109,
          "sco": 41,
          "dco": 533,
          "txt": "reserves"
        },
        {
          "si": 6,
          "sti": 10,
          "dti": 110,
          "sco": 49,
          "dco": 541,
          "txt": ","
        },
        {
          "si": 6,
          "sti": 11,
          "dti": 111,
          "sco": 51,
          "dco": 543,
          "txt": "and"
        },
        {
          "si": 6,
          "sti": 12,
          "dti": 112,
          "sco": 55,
          "dco": 547,
          "txt": "was"
        },
        {
          "si": 6,
          "sti": 13,
          "dti": 113,
          "sco": 59,
          "dco": 551,
          "txt": "surprisingly"
        },
        {
          "si": 6,
          "sti": 14,
          "dti": 114,
          "sco": 72,
          "dco": 564,
          "txt": "called"
        },
        {
          "si": 6,
          "sti": 15,
          "dti": 115,
          "sco": 79,
          "dco": 571,
          "txt": "to"
        },
        {
          "si": 6,
          "sti": 16,
          "dti": 116,
          "sco": 82,
          "dco": 574,
          "txt": "the"
        },
        {
          "si": 6,
          "sti": 17,
          "dti": 117,
          "sco": 86,
          "dco": 578,
          "txt": "first"
        },
        {
          "si": 6,
          "sti": 18,
          "dti": 118,
          "sco": 92,
          "dco": 584,
          "txt": "team"
        },
        {
          "si": 6,
          "sti": 19,
          "dti": 119,
          "sco": 97,
          "dco": 589,
          "txt": "when"
        },
        {
          "si": 6,
          "sti": 20,
          "dti": 120,
          "sco": 102,
          "dco": 594,
          "txt": "Israeli"
        },
        {
          "si": 6,
          "sti": 21,
          "dti": 121,
          "sco": 110,
          "dco": 602,
          "txt": "international"
        },
        {
          "si": 6,
          "sti": 22,
          "dti": 122,
          "sco": 124,
          "dco": 616,
          "txt": "Ben"
        },
        {
          "si": 6,
          "sti": 23,
          "dti": 123,
          "sco": 128,
          "dco": 620,
          "txt": "Sahar"
        },
        {
          "si": 6,
          "sti": 24,
          "dti": 124,
          "sco": 134,
          "dco": 626,
          "txt": "missed"
        },
        {
          "si": 6,
          "sti": 25,
          "dti": 125,
          "sco": 141,
          "dco": 633,
          "txt": "a"
        },
        {
          "si": 6,
          "sti": 26,
          "dti": 126,
          "sco": 143,
          "dco": 635,
          "txt": "match"
        },
        {
          "si": 6,
          "sti": 27,
          "dti": 127,
          "sco": 149,
          "dco": 641,
          "txt": "for"
        },
        {
          "si": 6,
          "sti": 28,
          "dti": 128,
          "sco": 153,
          "dco": 645,
          "txt": "Yom"
        },
        {
          "si": 6,
          "sti": 29,
          "dti": 129,
          "sco": 157,
          "dco": 649,
          "txt": "Kippur"
        },
        {
          "si": 6,
          "sti": 30,
          "dti": 130,
          "sco": 163,
          "dco": 655,
          "txt": "."
        },
        {
          "si": 7,
          "sti": 0,
          "dti": 131,
          "sco": 0,
          "dco": 657,
          "txt": "In"
        },
        {
          "si": 7,
          "sti": 1,
          "dti": 132,
          "sco": 3,
          "dco": 660,
          "txt": "the"
        },
        {
          "si": 7,
          "sti": 2,
          "dti": 133,
          "sco": 7,
          "dco": 664,
          "txt": "final"
        },
        {
          "si": 7,
          "sti": 3,
          "dti": 134,
          "sco": 13,
          "dco": 670,
          "txt": "minute"
        },
        {
          "si": 7,
          "sti": 4,
          "dti": 135,
          "sco": 20,
          "dco": 677,
          "txt": "of"
        },
        {
          "si": 7,
          "sti": 5,
          "dti": 136,
          "sco": 23,
          "dco": 680,
          "txt": "the"
        },
        {
          "si": 7,
          "sti": 6,
          "dti": 137,
          "sco": 27,
          "dco": 684,
          "txt": "match"
        },
        {
          "si": 7,
          "sti": 7,
          "dti": 138,
          "sco": 33,
          "dco": 690,
          "txt": "against"
        },
        {
          "si": 7,
          "sti": 8,
          "dti": 139,
          "sco": 41,
          "dco": 698,
          "txt": "Dynamo"
        },
        {
          "si": 7,
          "sti": 9,
          "dti": 140,
          "sco": 48,
          "dco": 705,
          "txt": "Dresden"
        },
        {
          "si": 7,
          "sti": 10,
          "dti": 141,
          "sco": 55,
          "dco": 712,
          "txt": ","
        },
        {
          "si": 7,
          "sti": 11,
          "dti": 142,
          "sco": 57,
          "dco": 714,
          "txt": "Mukhtar"
        },
        {
          "si": 7,
          "sti": 12,
          "dti": 143,
          "sco": 65,
          "dco": 722,
          "txt": "came"
        },
        {
          "si": 7,
          "sti": 13,
          "dti": 144,
          "sco": 70,
          "dco": 727,
          "txt": "on"
        },
        {
          "si": 7,
          "sti": 14,
          "dti": 145,
          "sco": 73,
          "dco": 730,
          "txt": "as"
        },
        {
          "si": 7,
          "sti": 15,
          "dti": 146,
          "sco": 76,
          "dco": 733,
          "txt": "a"
        },
        {
          "si": 7,
          "sti": 16,
          "dti": 147,
          "sco": 78,
          "dco": 735,
          "txt": "substitute"
        },
        {
          "si": 7,
          "sti": 17,
          "dti": 148,
          "sco": 89,
          "dco": 746,
          "txt": "for"
        },
        {
          "si": 7,
          "sti": 18,
          "dti": 149,
          "sco": 93,
          "dco": 750,
          "txt": "Ronny"
        },
        {
          "si": 7,
          "sti": 19,
          "dti": 150,
          "sco": 99,
          "dco": 756,
          "txt": "making"
        },
        {
          "si": 7,
          "sti": 20,
          "dti": 151,
          "sco": 106,
          "dco": 763,
          "txt": "him"
        },
        {
          "si": 7,
          "sti": 21,
          "dti": 152,
          "sco": 110,
          "dco": 767,
          "txt": "the"
        },
        {
          "si": 7,
          "sti": 22,
          "dti": 153,
          "sco": 114,
          "dco": 771,
          "txt": "second"
        },
        {
          "si": 7,
          "sti": 23,
          "dti": 154,
          "sco": 121,
          "dco": 778,
          "txt": "youngest"
        },
        {
          "si": 7,
          "sti": 24,
          "dti": 155,
          "sco": 130,
          "dco": 787,
          "txt": "professional"
        },
        {
          "si": 7,
          "sti": 25,
          "dti": 156,
          "sco": 143,
          "dco": 800,
          "txt": "debutant"
        },
        {
          "si": 7,
          "sti": 26,
          "dti": 157,
          "sco": 152,
          "dco": 809,
          "txt": "in"
        },
        {
          "si": 7,
          "sti": 27,
          "dti": 158,
          "sco": 155,
          "dco": 812,
          "txt": "Hertha"
        },
        {
          "si": 7,
          "sti": 28,
          "dti": 159,
          "sco": 161,
          "dco": 818,
          "txt": "'"
        },
        {
          "si": 7,
          "sti": 29,
          "dti": 160,
          "sco": 162,
          "dco": 819,
          "txt": "s"
        },
        {
          "si": 7,
          "sti": 30,
          "dti": 161,
          "sco": 164,
          "dco": 821,
          "txt": "history"
        },
        {
          "si": 7,
          "sti": 31,
          "dti": 162,
          "sco": 171,
          "dco": 828,
          "txt": "."
        },
        {
          "si": 8,
          "sti": 0,
          "dti": 163,
          "sco": 0,
          "dco": 830,
          "txt": "Benfica"
        },
        {
          "si": 8,
          "sti": 1,
          "dti": 164,
          "sco": 7,
          "dco": 837,
          "txt": "."
        },
        {
          "si": 9,
          "sti": 0,
          "dti": 165,
          "sco": 0,
          "dco": 839,
          "txt": "On"
        },
        {
          "si": 9,
          "sti": 1,
          "dti": 166,
          "sco": 3,
          "dco": 842,
          "txt": "15"
        },
        {
          "si": 9,
          "sti": 2,
          "dti": 167,
          "sco": 6,
          "dco": 845,
          "txt": "January"
        },
        {
          "si": 9,
          "sti": 3,
          "dti": 168,
          "sco": 14,
          "dco": 853,
          "txt": "2015"
        },
        {
          "si": 9,
          "sti": 4,
          "dti": 169,
          "sco": 18,
          "dco": 857,
          "txt": ","
        },
        {
          "si": 9,
          "sti": 5,
          "dti": 170,
          "sco": 20,
          "dco": 859,
          "txt": "Mukhtar"
        },
        {
          "si": 9,
          "sti": 6,
          "dti": 171,
          "sco": 28,
          "dco": 867,
          "txt": "signed"
        },
        {
          "si": 9,
          "sti": 7,
          "dti": 172,
          "sco": 35,
          "dco": 874,
          "txt": "for"
        },
        {
          "si": 9,
          "sti": 8,
          "dti": 173,
          "sco": 39,
          "dco": 878,
          "txt": "Portuguese"
        },
        {
          "si": 9,
          "sti": 9,
          "dti": 174,
          "sco": 50,
          "dco": 889,
          "txt": "champions"
        },
        {
          "si": 9,
          "sti": 10,
          "dti": 175,
          "sco": 60,
          "dco": 899,
          "txt": "Benfica"
        },
        {
          "si": 9,
          "sti": 11,
          "dti": 176,
          "sco": 68,
          "dco": 907,
          "txt": "until"
        },
        {
          "si": 9,
          "sti": 12,
          "dti": 177,
          "sco": 74,
          "dco": 913,
          "txt": "2020"
        },
        {
          "si": 9,
          "sti": 13,
          "dti": 178,
          "sco": 78,
          "dco": 917,
          "txt": "."
        },
        {
          "si": 10,
          "sti": 0,
          "dti": 179,
          "sco": 0,
          "dco": 919,
          "txt": "The"
        },
        {
          "si": 10,
          "sti": 1,
          "dti": 180,
          "sco": 4,
          "dco": 923,
          "txt": "transfer"
        },
        {
          "si": 10,
          "sti": 2,
          "dti": 181,
          "sco": 13,
          "dco": 932,
          "txt": "fee"
        },
        {
          "si": 10,
          "sti": 3,
          "dti": 182,
          "sco": 17,
          "dco": 936,
          "txt": "is"
        },
        {
          "si": 10,
          "sti": 4,
          "dti": 183,
          "sco": 20,
          "dco": 939,
          "txt": "believed"
        },
        {
          "si": 10,
          "sti": 5,
          "dti": 184,
          "sco": 29,
          "dco": 948,
          "txt": "to"
        },
        {
          "si": 10,
          "sti": 6,
          "dti": 185,
          "sco": 32,
          "dco": 951,
          "txt": "be"
        },
        {
          "si": 10,
          "sti": 7,
          "dti": 186,
          "sco": 35,
          "dco": 954,
          "txt": "€"
        },
        {
          "si": 10,
          "sti": 8,
          "dti": 187,
          "sco": 36,
          "dco": 955,
          "txt": "500"
        },
        {
          "si": 10,
          "sti": 9,
          "dti": 188,
          "sco": 39,
          "dco": 958,
          "txt": ","
        },
        {
          "si": 10,
          "sti": 10,
          "dti": 189,
          "sco": 40,
          "dco": 959,
          "txt": "000"
        },
        {
          "si": 10,
          "sti": 11,
          "dti": 190,
          "sco": 44,
          "dco": 963,
          "txt": "and"
        },
        {
          "si": 10,
          "sti": 12,
          "dti": 191,
          "sco": 48,
          "dco": 967,
          "txt": "Hertha"
        },
        {
          "si": 10,
          "sti": 13,
          "dti": 192,
          "sco": 55,
          "dco": 974,
          "txt": "BSC"
        },
        {
          "si": 10,
          "sti": 14,
          "dti": 193,
          "sco": 59,
          "dco": 978,
          "txt": "will"
        },
        {
          "si": 10,
          "sti": 15,
          "dti": 194,
          "sco": 64,
          "dco": 983,
          "txt": "allegedly"
        },
        {
          "si": 10,
          "sti": 16,
          "dti": 195,
          "sco": 74,
          "dco": 993,
          "txt": "participate"
        },
        {
          "si": 10,
          "sti": 17,
          "dti": 196,
          "sco": 86,
          "dco": 1005,
          "txt": "in"
        },
        {
          "si": 10,
          "sti": 18,
          "dti": 197,
          "sco": 89,
          "dco": 1008,
          "txt": "a"
        },
        {
          "si": 10,
          "sti": 19,
          "dti": 198,
          "sco": 91,
          "dco": 1010,
          "txt": "potential"
        },
        {
          "si": 10,
          "sti": 20,
          "dti": 199,
          "sco": 101,
          "dco": 1020,
          "txt": "resale"
        },
        {
          "si": 10,
          "sti": 21,
          "dti": 200,
          "sco": 107,
          "dco": 1026,
          "txt": "."
        },
        {
          "si": 11,
          "sti": 0,
          "dti": 201,
          "sco": 0,
          "dco": 1028,
          "txt": "On"
        },
        {
          "si": 11,
          "sti": 1,
          "dti": 202,
          "sco": 3,
          "dco": 1031,
          "txt": "10"
        },
        {
          "si": 11,
          "sti": 2,
          "dti": 203,
          "sco": 6,
          "dco": 1034,
          "txt": "April"
        },
        {
          "si": 11,
          "sti": 3,
          "dti": 204,
          "sco": 12,
          "dco": 1040,
          "txt": "2015"
        },
        {
          "si": 11,
          "sti": 4,
          "dti": 205,
          "sco": 16,
          "dco": 1044,
          "txt": ","
        },
        {
          "si": 11,
          "sti": 5,
          "dti": 206,
          "sco": 18,
          "dco": 1046,
          "txt": "Mukhtar"
        },
        {
          "si": 11,
          "sti": 6,
          "dti": 207,
          "sco": 26,
          "dco": 1054,
          "txt": "debuted"
        },
        {
          "si": 11,
          "sti": 7,
          "dti": 208,
          "sco": 34,
          "dco": 1062,
          "txt": "for"
        },
        {
          "si": 11,
          "sti": 8,
          "dti": 209,
          "sco": 38,
          "dco": 1066,
          "txt": "the"
        },
        {
          "si": 11,
          "sti": 9,
          "dti": 210,
          "sco": 42,
          "dco": 1070,
          "txt": "reserve"
        },
        {
          "si": 11,
          "sti": 10,
          "dti": 211,
          "sco": 50,
          "dco": 1078,
          "txt": "team"
        },
        {
          "si": 11,
          "sti": 11,
          "dti": 212,
          "sco": 55,
          "dco": 1083,
          "txt": "and"
        },
        {
          "si": 11,
          "sti": 12,
          "dti": 213,
          "sco": 59,
          "dco": 1087,
          "txt": "scored"
        },
        {
          "si": 11,
          "sti": 13,
          "dti": 214,
          "sco": 66,
          "dco": 1094,
          "txt": "a"
        },
        {
          "si": 11,
          "sti": 14,
          "dti": 215,
          "sco": 68,
          "dco": 1096,
          "txt": "goal"
        },
        {
          "si": 11,
          "sti": 15,
          "dti": 216,
          "sco": 73,
          "dco": 1101,
          "txt": "in"
        },
        {
          "si": 11,
          "sti": 16,
          "dti": 217,
          "sco": 76,
          "dco": 1104,
          "txt": "a"
        },
        {
          "si": 11,
          "sti": 17,
          "dti": 218,
          "sco": 78,
          "dco": 1106,
          "txt": "home"
        },
        {
          "si": 11,
          "sti": 18,
          "dti": 219,
          "sco": 83,
          "dco": 1111,
          "txt": "draw"
        },
        {
          "si": 11,
          "sti": 19,
          "dti": 220,
          "sco": 88,
          "dco": 1116,
          "txt": "against"
        },
        {
          "si": 11,
          "sti": 20,
          "dti": 221,
          "sco": 96,
          "dco": 1124,
          "txt": "Chaves"
        },
        {
          "si": 11,
          "sti": 21,
          "dti": 222,
          "sco": 103,
          "dco": 1131,
          "txt": "("
        },
        {
          "si": 11,
          "sti": 22,
          "dti": 223,
          "sco": 104,
          "dco": 1132,
          "txt": "2"
        },
        {
          "si": 11,
          "sti": 23,
          "dti": 224,
          "sco": 105,
          "dco": 1133,
          "txt": "–"
        },
        {
          "si": 11,
          "sti": 24,
          "dti": 225,
          "sco": 106,
          "dco": 1134,
          "txt": "2"
        },
        {
          "si": 11,
          "sti": 25,
          "dti": 226,
          "sco": 107,
          "dco": 1135,
          "txt": ")"
        },
        {
          "si": 11,
          "sti": 26,
          "dti": 227,
          "sco": 109,
          "dco": 1137,
          "txt": "in"
        },
        {
          "si": 11,
          "sti": 27,
          "dti": 228,
          "sco": 112,
          "dco": 1140,
          "txt": "Segunda"
        },
        {
          "si": 11,
          "sti": 28,
          "dti": 229,
          "sco": 120,
          "dco": 1148,
          "txt": "Liga"
        },
        {
          "si": 11,
          "sti": 29,
          "dti": 230,
          "sco": 124,
          "dco": 1152,
          "txt": "."
        },
        {
          "si": 12,
          "sti": 0,
          "dti": 231,
          "sco": 0,
          "dco": 1154,
          "txt": "On"
        },
        {
          "si": 12,
          "sti": 1,
          "dti": 232,
          "sco": 3,
          "dco": 1157,
          "txt": "23"
        },
        {
          "si": 12,
          "sti": 2,
          "dti": 233,
          "sco": 6,
          "dco": 1160,
          "txt": "May"
        },
        {
          "si": 12,
          "sti": 3,
          "dti": 234,
          "sco": 9,
          "dco": 1163,
          "txt": ","
        },
        {
          "si": 12,
          "sti": 4,
          "dti": 235,
          "sco": 11,
          "dco": 1165,
          "txt": "he"
        },
        {
          "si": 12,
          "sti": 5,
          "dti": 236,
          "sco": 14,
          "dco": 1168,
          "txt": "played"
        },
        {
          "si": 12,
          "sti": 6,
          "dti": 237,
          "sco": 21,
          "dco": 1175,
          "txt": "his"
        },
        {
          "si": 12,
          "sti": 7,
          "dti": 238,
          "sco": 25,
          "dco": 1179,
          "txt": "first"
        },
        {
          "si": 12,
          "sti": 8,
          "dti": 239,
          "sco": 31,
          "dco": 1185,
          "txt": "match"
        },
        {
          "si": 12,
          "sti": 9,
          "dti": 240,
          "sco": 37,
          "dco": 1191,
          "txt": "for"
        },
        {
          "si": 12,
          "sti": 10,
          "dti": 241,
          "sco": 41,
          "dco": 1195,
          "txt": "the"
        },
        {
          "si": 12,
          "sti": 11,
          "dti": 242,
          "sco": 45,
          "dco": 1199,
          "txt": "first"
        },
        {
          "si": 12,
          "sti": 12,
          "dti": 243,
          "sco": 51,
          "dco": 1205,
          "txt": "team"
        },
        {
          "si": 12,
          "sti": 13,
          "dti": 244,
          "sco": 55,
          "dco": 1209,
          "txt": ","
        },
        {
          "si": 12,
          "sti": 14,
          "dti": 245,
          "sco": 57,
          "dco": 1211,
          "txt": "as"
        },
        {
          "si": 12,
          "sti": 15,
          "dti": 246,
          "sco": 60,
          "dco": 1214,
          "txt": "a"
        },
        {
          "si": 12,
          "sti": 16,
          "dti": 247,
          "sco": 62,
          "dco": 1216,
          "txt": "substitute"
        },
        {
          "si": 12,
          "sti": 17,
          "dti": 248,
          "sco": 73,
          "dco": 1227,
          "txt": "in"
        },
        {
          "si": 12,
          "sti": 18,
          "dti": 249,
          "sco": 76,
          "dco": 1230,
          "txt": "a"
        },
        {
          "si": 12,
          "sti": 19,
          "dti": 250,
          "sco": 78,
          "dco": 1232,
          "txt": "home"
        },
        {
          "si": 12,
          "sti": 20,
          "dti": 251,
          "sco": 83,
          "dco": 1237,
          "txt": "win"
        },
        {
          "si": 12,
          "sti": 21,
          "dti": 252,
          "sco": 87,
          "dco": 1241,
          "txt": "against"
        },
        {
          "si": 12,
          "sti": 22,
          "dti": 253,
          "sco": 95,
          "dco": 1249,
          "txt": "Mar"
        },
        {
          "si": 12,
          "sti": 23,
          "dti": 254,
          "sco": 98,
          "dco": 1252,
          "txt": "í"
        },
        {
          "si": 12,
          "sti": 24,
          "dti": 255,
          "sco": 99,
          "dco": 1253,
          "txt": "timo"
        },
        {
          "si": 12,
          "sti": 25,
          "dti": 256,
          "sco": 104,
          "dco": 1258,
          "txt": "("
        },
        {
          "si": 12,
          "sti": 26,
          "dti": 257,
          "sco": 105,
          "dco": 1259,
          "txt": "4"
        },
        {
          "si": 12,
          "sti": 27,
          "dti": 258,
          "sco": 106,
          "dco": 1260,
          "txt": "–"
        },
        {
          "si": 12,
          "sti": 28,
          "dti": 259,
          "sco": 107,
          "dco": 1261,
          "txt": "1"
        },
        {
          "si": 12,
          "sti": 29,
          "dti": 260,
          "sco": 108,
          "dco": 1262,
          "txt": ")"
        },
        {
          "si": 12,
          "sti": 30,
          "dti": 261,
          "sco": 110,
          "dco": 1264,
          "txt": "in"
        },
        {
          "si": 12,
          "sti": 31,
          "dti": 262,
          "sco": 113,
          "dco": 1267,
          "txt": "their"
        },
        {
          "si": 12,
          "sti": 32,
          "dti": 263,
          "sco": 119,
          "dco": 1273,
          "txt": "last"
        },
        {
          "si": 12,
          "sti": 33,
          "dti": 264,
          "sco": 124,
          "dco": 1278,
          "txt": "league"
        },
        {
          "si": 12,
          "sti": 34,
          "dti": 265,
          "sco": 131,
          "dco": 1285,
          "txt": "match"
        },
        {
          "si": 12,
          "sti": 35,
          "dti": 266,
          "sco": 137,
          "dco": 1291,
          "txt": "of"
        },
        {
          "si": 12,
          "sti": 36,
          "dti": 267,
          "sco": 140,
          "dco": 1294,
          "txt": "the"
        },
        {
          "si": 12,
          "sti": 37,
          "dti": 268,
          "sco": 144,
          "dco": 1298,
          "txt": "season"
        },
        {
          "si": 12,
          "sti": 38,
          "dti": 269,
          "sco": 150,
          "dco": 1304,
          "txt": "."
        },
        {
          "si": 13,
          "sti": 0,
          "dti": 270,
          "sco": 0,
          "dco": 1306,
          "txt": "On"
        },
        {
          "si": 13,
          "sti": 1,
          "dti": 271,
          "sco": 3,
          "dco": 1309,
          "txt": "28"
        },
        {
          "si": 13,
          "sti": 2,
          "dti": 272,
          "sco": 6,
          "dco": 1312,
          "txt": "August"
        },
        {
          "si": 13,
          "sti": 3,
          "dti": 273,
          "sco": 13,
          "dco": 1319,
          "txt": "2015"
        },
        {
          "si": 13,
          "sti": 4,
          "dti": 274,
          "sco": 17,
          "dco": 1323,
          "txt": ","
        },
        {
          "si": 13,
          "sti": 5,
          "dti": 275,
          "sco": 19,
          "dco": 1325,
          "txt": "he"
        },
        {
          "si": 13,
          "sti": 6,
          "dti": 276,
          "sco": 22,
          "dco": 1328,
          "txt": "joined"
        },
        {
          "si": 13,
          "sti": 7,
          "dti": 277,
          "sco": 29,
          "dco": 1335,
          "txt": "Austrian"
        },
        {
          "si": 13,
          "sti": 8,
          "dti": 278,
          "sco": 38,
          "dco": 1344,
          "txt": "club"
        },
        {
          "si": 13,
          "sti": 9,
          "dti": 279,
          "sco": 43,
          "dco": 1349,
          "txt": "FC"
        },
        {
          "si": 13,
          "sti": 10,
          "dti": 280,
          "sco": 46,
          "dco": 1352,
          "txt": "Red"
        },
        {
          "si": 13,
          "sti": 11,
          "dti": 281,
          "sco": 50,
          "dco": 1356,
          "txt": "Bull"
        },
        {
          "si": 13,
          "sti": 12,
          "dti": 282,
          "sco": 55,
          "dco": 1361,
          "txt": "Salzburg"
        },
        {
          "si": 13,
          "sti": 13,
          "dti": 283,
          "sco": 64,
          "dco": 1370,
          "txt": "on"
        },
        {
          "si": 13,
          "sti": 14,
          "dti": 284,
          "sco": 67,
          "dco": 1373,
          "txt": "a"
        },
        {
          "si": 13,
          "sti": 15,
          "dti": 285,
          "sco": 69,
          "dco": 1375,
          "txt": "loan"
        },
        {
          "si": 13,
          "sti": 16,
          "dti": 286,
          "sco": 74,
          "dco": 1380,
          "txt": "deal"
        },
        {
          "si": 13,
          "sti": 17,
          "dti": 287,
          "sco": 78,
          "dco": 1384,
          "txt": "."
        },
        {
          "si": 14,
          "sti": 0,
          "dti": 288,
          "sco": 0,
          "dco": 1386,
          "txt": "International"
        },
        {
          "si": 14,
          "sti": 1,
          "dti": 289,
          "sco": 14,
          "dco": 1400,
          "txt": "career"
        },
        {
          "si": 14,
          "sti": 2,
          "dti": 290,
          "sco": 20,
          "dco": 1406,
          "txt": "."
        },
        {
          "si": 15,
          "sti": 0,
          "dti": 291,
          "sco": 0,
          "dco": 1408,
          "txt": "A"
        },
        {
          "si": 15,
          "sti": 1,
          "dti": 292,
          "sco": 2,
          "dco": 1410,
          "txt": "German"
        },
        {
          "si": 15,
          "sti": 2,
          "dti": 293,
          "sco": 9,
          "dco": 1417,
          "txt": "youth"
        },
        {
          "si": 15,
          "sti": 3,
          "dti": 294,
          "sco": 15,
          "dco": 1423,
          "txt": "international"
        },
        {
          "si": 15,
          "sti": 4,
          "dti": 295,
          "sco": 28,
          "dco": 1436,
          "txt": ","
        },
        {
          "si": 15,
          "sti": 5,
          "dti": 296,
          "sco": 30,
          "dco": 1438,
          "txt": "Mukhtar"
        },
        {
          "si": 15,
          "sti": 6,
          "dti": 297,
          "sco": 38,
          "dco": 1446,
          "txt": "scored"
        },
        {
          "si": 15,
          "sti": 7,
          "dti": 298,
          "sco": 45,
          "dco": 1453,
          "txt": "the"
        },
        {
          "si": 15,
          "sti": 8,
          "dti": 299,
          "sco": 49,
          "dco": 1457,
          "txt": "only"
        },
        {
          "si": 15,
          "sti": 9,
          "dti": 300,
          "sco": 54,
          "dco": 1462,
          "txt": "and"
        },
        {
          "si": 15,
          "sti": 10,
          "dti": 301,
          "sco": 58,
          "dco": 1466,
          "txt": "winning"
        },
        {
          "si": 15,
          "sti": 11,
          "dti": 302,
          "sco": 66,
          "dco": 1474,
          "txt": "goal"
        },
        {
          "si": 15,
          "sti": 12,
          "dti": 303,
          "sco": 71,
          "dco": 1479,
          "txt": "for"
        },
        {
          "si": 15,
          "sti": 13,
          "dti": 304,
          "sco": 75,
          "dco": 1483,
          "txt": "Germany"
        },
        {
          "si": 15,
          "sti": 14,
          "dti": 305,
          "sco": 83,
          "dco": 1491,
          "txt": "in"
        },
        {
          "si": 15,
          "sti": 15,
          "dti": 306,
          "sco": 86,
          "dco": 1494,
          "txt": "the"
        },
        {
          "si": 15,
          "sti": 16,
          "dti": 307,
          "sco": 90,
          "dco": 1498,
          "txt": "2014"
        },
        {
          "si": 15,
          "sti": 17,
          "dti": 308,
          "sco": 95,
          "dco": 1503,
          "txt": "UEFA"
        },
        {
          "si": 15,
          "sti": 18,
          "dti": 309,
          "sco": 100,
          "dco": 1508,
          "txt": "European"
        },
        {
          "si": 15,
          "sti": 19,
          "dti": 310,
          "sco": 109,
          "dco": 1517,
          "txt": "Under"
        },
        {
          "si": 15,
          "sti": 20,
          "dti": 311,
          "sco": 114,
          "dco": 1522,
          "txt": "-"
        },
        {
          "si": 15,
          "sti": 21,
          "dti": 312,
          "sco": 115,
          "dco": 1523,
          "txt": "19"
        },
        {
          "si": 15,
          "sti": 22,
          "dti": 313,
          "sco": 118,
          "dco": 1526,
          "txt": "Championship"
        },
        {
          "si": 15,
          "sti": 23,
          "dti": 314,
          "sco": 131,
          "dco": 1539,
          "txt": "final"
        },
        {
          "si": 15,
          "sti": 24,
          "dti": 315,
          "sco": 137,
          "dco": 1545,
          "txt": "against"
        },
        {
          "si": 15,
          "sti": 25,
          "dti": 316,
          "sco": 145,
          "dco": 1553,
          "txt": "Portugal"
        },
        {
          "si": 15,
          "sti": 26,
          "dti": 317,
          "sco": 153,
          "dco": 1561,
          "txt": "."
        },
        {
          "si": 16,
          "sti": 0,
          "dti": 318,
          "sco": 0,
          "dco": 1563,
          "txt": "On"
        },
        {
          "si": 16,
          "sti": 1,
          "dti": 319,
          "sco": 3,
          "dco": 1566,
          "txt": "1"
        },
        {
          "si": 16,
          "sti": 2,
          "dti": 320,
          "sco": 5,
          "dco": 1568,
          "txt": "June"
        },
        {
          "si": 16,
          "sti": 3,
          "dti": 321,
          "sco": 10,
          "dco": 1573,
          "txt": "2015"
        },
        {
          "si": 16,
          "sti": 4,
          "dti": 322,
          "sco": 14,
          "dco": 1577,
          "txt": ","
        },
        {
          "si": 16,
          "sti": 5,
          "dti": 323,
          "sco": 16,
          "dco": 1579,
          "txt": "Mukhtar"
        },
        {
          "si": 16,
          "sti": 6,
          "dti": 324,
          "sco": 24,
          "dco": 1587,
          "txt": "bagged"
        },
        {
          "si": 16,
          "sti": 7,
          "dti": 325,
          "sco": 31,
          "dco": 1594,
          "txt": "a"
        },
        {
          "si": 16,
          "sti": 8,
          "dti": 326,
          "sco": 33,
          "dco": 1596,
          "txt": "hat"
        },
        {
          "si": 16,
          "sti": 9,
          "dti": 327,
          "sco": 36,
          "dco": 1599,
          "txt": "-"
        },
        {
          "si": 16,
          "sti": 10,
          "dti": 328,
          "sco": 37,
          "dco": 1600,
          "txt": "trick"
        },
        {
          "si": 16,
          "sti": 11,
          "dti": 329,
          "sco": 43,
          "dco": 1606,
          "txt": "for"
        },
        {
          "si": 16,
          "sti": 12,
          "dti": 330,
          "sco": 47,
          "dco": 1610,
          "txt": "Germany"
        },
        {
          "si": 16,
          "sti": 13,
          "dti": 331,
          "sco": 54,
          "dco": 1617,
          "txt": "'"
        },
        {
          "si": 16,
          "sti": 14,
          "dti": 332,
          "sco": 55,
          "dco": 1618,
          "txt": "s"
        },
        {
          "si": 16,
          "sti": 15,
          "dti": 333,
          "sco": 57,
          "dco": 1620,
          "txt": "under"
        },
        {
          "si": 16,
          "sti": 16,
          "dti": 334,
          "sco": 62,
          "dco": 1625,
          "txt": "-"
        },
        {
          "si": 16,
          "sti": 17,
          "dti": 335,
          "sco": 63,
          "dco": 1626,
          "txt": "20"
        },
        {
          "si": 16,
          "sti": 18,
          "dti": 336,
          "sco": 66,
          "dco": 1629,
          "txt": "in"
        },
        {
          "si": 16,
          "sti": 19,
          "dti": 337,
          "sco": 69,
          "dco": 1632,
          "txt": "a"
        },
        {
          "si": 16,
          "sti": 20,
          "dti": 338,
          "sco": 71,
          "dco": 1634,
          "txt": "8"
        },
        {
          "si": 16,
          "sti": 21,
          "dti": 339,
          "sco": 72,
          "dco": 1635,
          "txt": "–"
        },
        {
          "si": 16,
          "sti": 22,
          "dti": 340,
          "sco": 73,
          "dco": 1636,
          "txt": "1"
        },
        {
          "si": 16,
          "sti": 23,
          "dti": 341,
          "sco": 75,
          "dco": 1638,
          "txt": "win"
        },
        {
          "si": 16,
          "sti": 24,
          "dti": 342,
          "sco": 79,
          "dco": 1642,
          "txt": "against"
        },
        {
          "si": 16,
          "sti": 25,
          "dti": 343,
          "sco": 87,
          "dco": 1650,
          "txt": "Fiji"
        },
        {
          "si": 16,
          "sti": 26,
          "dti": 344,
          "sco": 92,
          "dco": 1655,
          "txt": "in"
        },
        {
          "si": 16,
          "sti": 27,
          "dti": 345,
          "sco": 95,
          "dco": 1658,
          "txt": "his"
        },
        {
          "si": 16,
          "sti": 28,
          "dti": 346,
          "sco": 99,
          "dco": 1662,
          "txt": "first"
        },
        {
          "si": 16,
          "sti": 29,
          "dti": 347,
          "sco": 105,
          "dco": 1668,
          "txt": "match"
        },
        {
          "si": 16,
          "sti": 30,
          "dti": 348,
          "sco": 111,
          "dco": 1674,
          "txt": "at"
        },
        {
          "si": 16,
          "sti": 31,
          "dti": 349,
          "sco": 114,
          "dco": 1677,
          "txt": "the"
        },
        {
          "si": 16,
          "sti": 32,
          "dti": 350,
          "sco": 118,
          "dco": 1681,
          "txt": "FIFA"
        },
        {
          "si": 16,
          "sti": 33,
          "dti": 351,
          "sco": 123,
          "dco": 1686,
          "txt": "U"
        },
        {
          "si": 16,
          "sti": 34,
          "dti": 352,
          "sco": 124,
          "dco": 1687,
          "txt": "-"
        },
        {
          "si": 16,
          "sti": 35,
          "dti": 353,
          "sco": 125,
          "dco": 1688,
          "txt": "20"
        },
        {
          "si": 16,
          "sti": 36,
          "dti": 354,
          "sco": 128,
          "dco": 1691,
          "txt": "World"
        },
        {
          "si": 16,
          "sti": 37,
          "dti": 355,
          "sco": 134,
          "dco": 1697,
          "txt": "Cup"
        },
        {
          "si": 16,
          "sti": 38,
          "dti": 356,
          "sco": 137,
          "dco": 1700,
          "txt": "."
        },
        {
          "si": 17,
          "sti": 0,
          "dti": 357,
          "sco": 0,
          "dco": 1702,
          "txt": "On"
        },
        {
          "si": 17,
          "sti": 1,
          "dti": 358,
          "sco": 3,
          "dco": 1705,
          "txt": "27"
        },
        {
          "si": 17,
          "sti": 2,
          "dti": 359,
          "sco": 6,
          "dco": 1708,
          "txt": "August"
        },
        {
          "si": 17,
          "sti": 3,
          "dti": 360,
          "sco": 13,
          "dco": 1715,
          "txt": "2015"
        },
        {
          "si": 17,
          "sti": 4,
          "dti": 361,
          "sco": 17,
          "dco": 1719,
          "txt": ","
        },
        {
          "si": 17,
          "sti": 5,
          "dti": 362,
          "sco": 19,
          "dco": 1721,
          "txt": "Mukhtar"
        },
        {
          "si": 17,
          "sti": 6,
          "dti": 363,
          "sco": 27,
          "dco": 1729,
          "txt": "was"
        },
        {
          "si": 17,
          "sti": 7,
          "dti": 364,
          "sco": 31,
          "dco": 1733,
          "txt": "loaned"
        },
        {
          "si": 17,
          "sti": 8,
          "dti": 365,
          "sco": 38,
          "dco": 1740,
          "txt": "to"
        },
        {
          "si": 17,
          "sti": 9,
          "dti": 366,
          "sco": 41,
          "dco": 1743,
          "txt": "Red"
        },
        {
          "si": 17,
          "sti": 10,
          "dti": 367,
          "sco": 45,
          "dco": 1747,
          "txt": "Bull"
        },
        {
          "si": 17,
          "sti": 11,
          "dti": 368,
          "sco": 50,
          "dco": 1752,
          "txt": "Salzburg"
        },
        {
          "si": 17,
          "sti": 12,
          "dti": 369,
          "sco": 59,
          "dco": 1761,
          "txt": "for"
        },
        {
          "si": 17,
          "sti": 13,
          "dti": 370,
          "sco": 63,
          "dco": 1765,
          "txt": "one"
        },
        {
          "si": 17,
          "sti": 14,
          "dti": 371,
          "sco": 67,
          "dco": 1769,
          "txt": "season"
        },
        {
          "si": 17,
          "sti": 15,
          "dti": 372,
          "sco": 73,
          "dco": 1775,
          "txt": "."
        },
        {
          "si": 18,
          "sti": 0,
          "dti": 373,
          "sco": 0,
          "dco": 1777,
          "txt": "Personal"
        },
        {
          "si": 18,
          "sti": 1,
          "dti": 374,
          "sco": 9,
          "dco": 1786,
          "txt": "life"
        },
        {
          "si": 18,
          "sti": 2,
          "dti": 375,
          "sco": 13,
          "dco": 1790,
          "txt": "."
        },
        {
          "si": 19,
          "sti": 0,
          "dti": 376,
          "sco": 0,
          "dco": 1792,
          "txt": "Mukhtar"
        },
        {
          "si": 19,
          "sti": 1,
          "dti": 377,
          "sco": 8,
          "dco": 1800,
          "txt": "was"
        },
        {
          "si": 19,
          "sti": 2,
          "dti": 378,
          "sco": 12,
          "dco": 1804,
          "txt": "born"
        },
        {
          "si": 19,
          "sti": 3,
          "dti": 379,
          "sco": 17,
          "dco": 1809,
          "txt": "in"
        },
        {
          "si": 19,
          "sti": 4,
          "dti": 380,
          "sco": 20,
          "dco": 1812,
          "txt": "Berlin"
        },
        {
          "si": 19,
          "sti": 5,
          "dti": 381,
          "sco": 26,
          "dco": 1818,
          "txt": ","
        },
        {
          "si": 19,
          "sti": 6,
          "dti": 382,
          "sco": 28,
          "dco": 1820,
          "txt": "Germany"
        },
        {
          "si": 19,
          "sti": 7,
          "dti": 383,
          "sco": 35,
          "dco": 1827,
          "txt": ","
        },
        {
          "si": 19,
          "sti": 8,
          "dti": 384,
          "sco": 37,
          "dco": 1829,
          "txt": "to"
        },
        {
          "si": 19,
          "sti": 9,
          "dti": 385,
          "sco": 40,
          "dco": 1832,
          "txt": "Ursula"
        },
        {
          "si": 19,
          "sti": 10,
          "dti": 386,
          "sco": 47,
          "dco": 1839,
          "txt": "("
        },
        {
          "si": 19,
          "sti": 11,
          "dti": 387,
          "sco": 48,
          "dco": 1840,
          "txt": "German"
        },
        {
          "si": 19,
          "sti": 12,
          "dti": 388,
          "sco": 55,
          "dco": 1847,
          "txt": "mother"
        },
        {
          "si": 19,
          "sti": 13,
          "dti": 389,
          "sco": 61,
          "dco": 1853,
          "txt": ")"
        },
        {
          "si": 19,
          "sti": 14,
          "dti": 390,
          "sco": 63,
          "dco": 1855,
          "txt": "and"
        },
        {
          "si": 19,
          "sti": 15,
          "dti": 391,
          "sco": 67,
          "dco": 1859,
          "txt": "Abubakr"
        },
        {
          "si": 19,
          "sti": 16,
          "dti": 392,
          "sco": 75,
          "dco": 1867,
          "txt": "("
        },
        {
          "si": 19,
          "sti": 17,
          "dti": 393,
          "sco": 76,
          "dco": 1868,
          "txt": "Sudanese"
        },
        {
          "si": 19,
          "sti": 18,
          "dti": 394,
          "sco": 85,
          "dco": 1877,
          "txt": "father"
        },
        {
          "si": 19,
          "sti": 19,
          "dti": 395,
          "sco": 91,
          "dco": 1883,
          "txt": ")"
        },
        {
          "si": 19,
          "sti": 20,
          "dti": 396,
          "sco": 92,
          "dco": 1884,
          "txt": "."
        }
      ]
    },
    "ganns": {
      "dla": [],
      "la": [],
      "ea": [],
      "eta": [
        {
          "ra": {
            "ea": {
              "etn": "Hany_Mukhtar"
            }
          },
          "sfs": [
            [
              {
                "stn": "birthYear"
              },
              {
                "dla": {
                  "txt": {
                    "sff": "1995"
                  },
                  "et": {
                    "etn": "BirthYear"
                  },
                  "dp": {
                    "off": 50
                  }
                }
              }
            ],
            [
              {
                "stn": "deathYear"
              },
              {}
            ]
          ],
          "mfs": [
            [
              {
                "stn": "position"
              },
              {
                "dla": [],
                "la": [],
                "ea": [
                  {
                    "etn": "Midfielder"
                  }
                ],
                "eta": []
              }
            ],
            [
              {
                "stn": "team"
              },
              {
                "dla": [],
                "la": [],
                "ea": [
                  {
                    "etn": "Germany_national_youth_football_team"
                  },
                  {
                    "etn": "Hertha_BSC"
                  },
                  {
                    "etn": "Hertha_BSC_II"
                  }
                ],
                "eta": []
              }
            ],
            [
              {
                "stn": "birthPlace"
              },
              {
                "dla": [],
                "la": [],
                "ea": [
                  {
                    "etn": "Berlin"
                  }
                ],
                "eta": []
              }
            ]
          ]
        }
      ]
    }
  }
]
