[
  {
    "context": "TEST",
    "doc": {
      "id": "Harry_Lee_(footballer)",
      "tl": [
        {
          "si": 0,
          "sti": 0,
          "dti": 0,
          "sco": 0,
          "dco": 0,
          "txt": "Harry"
        },
        {
          "si": 0,
          "sti": 1,
          "dti": 1,
          "sco": 6,
          "dco": 6,
          "txt": "Lee"
        },
        {
          "si": 0,
          "sti": 2,
          "dti": 2,
          "sco": 10,
          "dco": 10,
          "txt": "("
        },
        {
          "si": 0,
          "sti": 3,
          "dti": 3,
          "sco": 11,
          "dco": 11,
          "txt": "footballer"
        },
        {
          "si": 0,
          "sti": 4,
          "dti": 4,
          "sco": 21,
          "dco": 21,
          "txt": ")"
        },
        {
          "si": 0,
          "sti": 5,
          "dti": 5,
          "sco": 22,
          "dco": 22,
          "txt": "."
        },
        {
          "si": 1,
          "sti": 0,
          "dti": 6,
          "sco": 0,
          "dco": 24,
          "txt": "Harry"
        },
        {
          "si": 1,
          "sti": 1,
          "dti": 7,
          "sco": 6,
          "dco": 30,
          "txt": "Bertie"
        },
        {
          "si": 1,
          "sti": 2,
          "dti": 8,
          "sco": 13,
          "dco": 37,
          "txt": "Lee"
        },
        {
          "si": 1,
          "sti": 3,
          "dti": 9,
          "sco": 17,
          "dco": 41,
          "txt": "("
        },
        {
          "si": 1,
          "sti": 4,
          "dti": 10,
          "sco": 18,
          "dco": 42,
          "txt": "born"
        },
        {
          "si": 1,
          "sti": 5,
          "dti": 11,
          "sco": 23,
          "dco": 47,
          "txt": "20"
        },
        {
          "si": 1,
          "sti": 6,
          "dti": 12,
          "sco": 26,
          "dco": 50,
          "txt": "March"
        },
        {
          "si": 1,
          "sti": 7,
          "dti": 13,
          "sco": 32,
          "dco": 56,
          "txt": "1995"
        },
        {
          "si": 1,
          "sti": 8,
          "dti": 14,
          "sco": 36,
          "dco": 60,
          "txt": ")"
        },
        {
          "si": 1,
          "sti": 9,
          "dti": 15,
          "sco": 38,
          "dco": 62,
          "txt": "is"
        },
        {
          "si": 1,
          "sti": 10,
          "dti": 16,
          "sco": 41,
          "dco": 65,
          "txt": "an"
        },
        {
          "si": 1,
          "sti": 11,
          "dti": 17,
          "sco": 44,
          "dco": 68,
          "txt": "English"
        },
        {
          "si": 1,
          "sti": 12,
          "dti": 18,
          "sco": 52,
          "dco": 76,
          "txt": "professional"
        },
        {
          "si": 1,
          "sti": 13,
          "dti": 19,
          "sco": 65,
          "dco": 89,
          "txt": "footballer"
        },
        {
          "si": 1,
          "sti": 14,
          "dti": 20,
          "sco": 75,
          "dco": 99,
          "txt": ","
        },
        {
          "si": 1,
          "sti": 15,
          "dti": 21,
          "sco": 77,
          "dco": 101,
          "txt": "currently"
        },
        {
          "si": 1,
          "sti": 16,
          "dti": 22,
          "sco": 87,
          "dco": 111,
          "txt": "playing"
        },
        {
          "si": 1,
          "sti": 17,
          "dti": 23,
          "sco": 95,
          "dco": 119,
          "txt": "as"
        },
        {
          "si": 1,
          "sti": 18,
          "dti": 24,
          "sco": 98,
          "dco": 122,
          "txt": "a"
        },
        {
          "si": 1,
          "sti": 19,
          "dti": 25,
          "sco": 100,
          "dco": 124,
          "txt": "midfielder"
        },
        {
          "si": 1,
          "sti": 20,
          "dti": 26,
          "sco": 111,
          "dco": 135,
          "txt": "for"
        },
        {
          "si": 1,
          "sti": 21,
          "dti": 27,
          "sco": 115,
          "dco": 139,
          "txt": "Welling"
        },
        {
          "si": 1,
          "sti": 22,
          "dti": 28,
          "sco": 123,
          "dco": 147,
          "txt": "United"
        },
        {
          "si": 1,
          "sti": 23,
          "dti": 29,
          "sco": 130,
          "dco": 154,
          "txt": "on"
        },
        {
          "si": 1,
          "sti": 24,
          "dti": 30,
          "sco": 133,
          "dco": 157,
          "txt": "loan"
        },
        {
          "si": 1,
          "sti": 25,
          "dti": 31,
          "sco": 138,
          "dco": 162,
          "txt": "from"
        },
        {
          "si": 1,
          "sti": 26,
          "dti": 32,
          "sco": 143,
          "dco": 167,
          "txt": "Leyton"
        },
        {
          "si": 1,
          "sti": 27,
          "dti": 33,
          "sco": 150,
          "dco": 174,
          "txt": "Orient"
        },
        {
          "si": 1,
          "sti": 28,
          "dti": 34,
          "sco": 156,
          "dco": 180,
          "txt": "."
        },
        {
          "si": 2,
          "sti": 0,
          "dti": 35,
          "sco": 0,
          "dco": 182,
          "txt": "Career"
        },
        {
          "si": 2,
          "sti": 1,
          "dti": 36,
          "sco": 6,
          "dco": 188,
          "txt": "."
        },
        {
          "si": 3,
          "sti": 0,
          "dti": 37,
          "sco": 0,
          "dco": 190,
          "txt": "Lee"
        },
        {
          "si": 3,
          "sti": 1,
          "dti": 38,
          "sco": 4,
          "dco": 194,
          "txt": "began"
        },
        {
          "si": 3,
          "sti": 2,
          "dti": 39,
          "sco": 10,
          "dco": 200,
          "txt": "his"
        },
        {
          "si": 3,
          "sti": 3,
          "dti": 40,
          "sco": 14,
          "dco": 204,
          "txt": "career"
        },
        {
          "si": 3,
          "sti": 4,
          "dti": 41,
          "sco": 21,
          "dco": 211,
          "txt": "in"
        },
        {
          "si": 3,
          "sti": 5,
          "dti": 42,
          "sco": 24,
          "dco": 214,
          "txt": "the"
        },
        {
          "si": 3,
          "sti": 6,
          "dti": 43,
          "sco": 28,
          "dco": 218,
          "txt": "youth"
        },
        {
          "si": 3,
          "sti": 7,
          "dti": 44,
          "sco": 34,
          "dco": 224,
          "txt": "team"
        },
        {
          "si": 3,
          "sti": 8,
          "dti": 45,
          "sco": 39,
          "dco": 229,
          "txt": "at"
        },
        {
          "si": 3,
          "sti": 9,
          "dti": 46,
          "sco": 42,
          "dco": 232,
          "txt": "Orient"
        },
        {
          "si": 3,
          "sti": 10,
          "dti": 47,
          "sco": 48,
          "dco": 238,
          "txt": ","
        },
        {
          "si": 3,
          "sti": 11,
          "dti": 48,
          "sco": 50,
          "dco": 240,
          "txt": "making"
        },
        {
          "si": 3,
          "sti": 12,
          "dti": 49,
          "sco": 57,
          "dco": 247,
          "txt": "29"
        },
        {
          "si": 3,
          "sti": 13,
          "dti": 50,
          "sco": 60,
          "dco": 250,
          "txt": "appearances"
        },
        {
          "si": 3,
          "sti": 14,
          "dti": 51,
          "sco": 72,
          "dco": 262,
          "txt": "and"
        },
        {
          "si": 3,
          "sti": 15,
          "dti": 52,
          "sco": 76,
          "dco": 266,
          "txt": "scoring"
        },
        {
          "si": 3,
          "sti": 16,
          "dti": 53,
          "sco": 84,
          "dco": 274,
          "txt": "four"
        },
        {
          "si": 3,
          "sti": 17,
          "dti": 54,
          "sco": 89,
          "dco": 279,
          "txt": "goals"
        },
        {
          "si": 3,
          "sti": 18,
          "dti": 55,
          "sco": 95,
          "dco": 285,
          "txt": "in"
        },
        {
          "si": 3,
          "sti": 19,
          "dti": 56,
          "sco": 98,
          "dco": 288,
          "txt": "2011"
        },
        {
          "si": 3,
          "sti": 20,
          "dti": 57,
          "sco": 102,
          "dco": 292,
          "txt": "–"
        },
        {
          "si": 3,
          "sti": 21,
          "dti": 58,
          "sco": 103,
          "dco": 293,
          "txt": "12"
        },
        {
          "si": 3,
          "sti": 22,
          "dti": 59,
          "sco": 105,
          "dco": 295,
          "txt": "."
        },
        {
          "si": 4,
          "sti": 0,
          "dti": 60,
          "sco": 0,
          "dco": 297,
          "txt": "He"
        },
        {
          "si": 4,
          "sti": 1,
          "dti": 61,
          "sco": 3,
          "dco": 300,
          "txt": "was"
        },
        {
          "si": 4,
          "sti": 2,
          "dti": 62,
          "sco": 7,
          "dco": 304,
          "txt": "called"
        },
        {
          "si": 4,
          "sti": 3,
          "dti": 63,
          "sco": 14,
          "dco": 311,
          "txt": "up"
        },
        {
          "si": 4,
          "sti": 4,
          "dti": 64,
          "sco": 17,
          "dco": 314,
          "txt": "to"
        },
        {
          "si": 4,
          "sti": 5,
          "dti": 65,
          "sco": 20,
          "dco": 317,
          "txt": "the"
        },
        {
          "si": 4,
          "sti": 6,
          "dti": 66,
          "sco": 24,
          "dco": 321,
          "txt": "senior"
        },
        {
          "si": 4,
          "sti": 7,
          "dti": 67,
          "sco": 31,
          "dco": 328,
          "txt": "squad"
        },
        {
          "si": 4,
          "sti": 8,
          "dti": 68,
          "sco": 37,
          "dco": 334,
          "txt": "on"
        },
        {
          "si": 4,
          "sti": 9,
          "dti": 69,
          "sco": 40,
          "dco": 337,
          "txt": "9"
        },
        {
          "si": 4,
          "sti": 10,
          "dti": 70,
          "sco": 42,
          "dco": 339,
          "txt": "October"
        },
        {
          "si": 4,
          "sti": 11,
          "dti": 71,
          "sco": 50,
          "dco": 347,
          "txt": "2012"
        },
        {
          "si": 4,
          "sti": 12,
          "dti": 72,
          "sco": 55,
          "dco": 352,
          "txt": "and"
        },
        {
          "si": 4,
          "sti": 13,
          "dti": 73,
          "sco": 59,
          "dco": 356,
          "txt": "was"
        },
        {
          "si": 4,
          "sti": 14,
          "dti": 74,
          "sco": 63,
          "dco": 360,
          "txt": "subsequently"
        },
        {
          "si": 4,
          "sti": 15,
          "dti": 75,
          "sco": 76,
          "dco": 373,
          "txt": "involved"
        },
        {
          "si": 4,
          "sti": 16,
          "dti": 76,
          "sco": 85,
          "dco": 382,
          "txt": "in"
        },
        {
          "si": 4,
          "sti": 17,
          "dti": 77,
          "sco": 88,
          "dco": 385,
          "txt": "several"
        },
        {
          "si": 4,
          "sti": 18,
          "dti": 78,
          "sco": 96,
          "dco": 393,
          "txt": "matches"
        },
        {
          "si": 4,
          "sti": 19,
          "dti": 79,
          "sco": 104,
          "dco": 401,
          "txt": "as"
        },
        {
          "si": 4,
          "sti": 20,
          "dti": 80,
          "sco": 107,
          "dco": 404,
          "txt": "an"
        },
        {
          "si": 4,
          "sti": 21,
          "dti": 81,
          "sco": 110,
          "dco": 407,
          "txt": "unused"
        },
        {
          "si": 4,
          "sti": 22,
          "dti": 82,
          "sco": 117,
          "dco": 414,
          "txt": "substitute"
        },
        {
          "si": 4,
          "sti": 23,
          "dti": 83,
          "sco": 127,
          "dco": 424,
          "txt": "."
        },
        {
          "si": 5,
          "sti": 0,
          "dti": 84,
          "sco": 0,
          "dco": 426,
          "txt": "He"
        },
        {
          "si": 5,
          "sti": 1,
          "dti": 85,
          "sco": 3,
          "dco": 429,
          "txt": "and"
        },
        {
          "si": 5,
          "sti": 2,
          "dti": 86,
          "sco": 7,
          "dco": 433,
          "txt": "team"
        },
        {
          "si": 5,
          "sti": 3,
          "dti": 87,
          "sco": 11,
          "dco": 437,
          "txt": "-"
        },
        {
          "si": 5,
          "sti": 4,
          "dti": 88,
          "sco": 12,
          "dco": 438,
          "txt": "mate"
        },
        {
          "si": 5,
          "sti": 5,
          "dti": 89,
          "sco": 17,
          "dco": 443,
          "txt": "De"
        },
        {
          "si": 5,
          "sti": 6,
          "dti": 90,
          "sco": 19,
          "dco": 445,
          "txt": "'"
        },
        {
          "si": 5,
          "sti": 7,
          "dti": 91,
          "sco": 20,
          "dco": 446,
          "txt": "Reece"
        },
        {
          "si": 5,
          "sti": 8,
          "dti": 92,
          "sco": 26,
          "dco": 452,
          "txt": "Vanderhyde"
        },
        {
          "si": 5,
          "sti": 9,
          "dti": 93,
          "sco": 37,
          "dco": 463,
          "txt": "signed"
        },
        {
          "si": 5,
          "sti": 10,
          "dti": 94,
          "sco": 44,
          "dco": 470,
          "txt": "one"
        },
        {
          "si": 5,
          "sti": 11,
          "dti": 95,
          "sco": 47,
          "dco": 473,
          "txt": "-"
        },
        {
          "si": 5,
          "sti": 12,
          "dti": 96,
          "sco": 48,
          "dco": 474,
          "txt": "year"
        },
        {
          "si": 5,
          "sti": 13,
          "dti": 97,
          "sco": 53,
          "dco": 479,
          "txt": "professional"
        },
        {
          "si": 5,
          "sti": 14,
          "dti": 98,
          "sco": 66,
          "dco": 492,
          "txt": "contracts"
        },
        {
          "si": 5,
          "sti": 15,
          "dti": 99,
          "sco": 76,
          "dco": 502,
          "txt": "on"
        },
        {
          "si": 5,
          "sti": 16,
          "dti": 100,
          "sco": 79,
          "dco": 505,
          "txt": "24"
        },
        {
          "si": 5,
          "sti": 17,
          "dti": 101,
          "sco": 82,
          "dco": 508,
          "txt": "April"
        },
        {
          "si": 5,
          "sti": 18,
          "dti": 102,
          "sco": 88,
          "dco": 514,
          "txt": "2013"
        },
        {
          "si": 5,
          "sti": 19,
          "dti": 103,
          "sco": 92,
          "dco": 518,
          "txt": "."
        },
        {
          "si": 6,
          "sti": 0,
          "dti": 104,
          "sco": 0,
          "dco": 520,
          "txt": "On"
        },
        {
          "si": 6,
          "sti": 1,
          "dti": 105,
          "sco": 3,
          "dco": 523,
          "txt": "27"
        },
        {
          "si": 6,
          "sti": 2,
          "dti": 106,
          "sco": 6,
          "dco": 526,
          "txt": "April"
        },
        {
          "si": 6,
          "sti": 3,
          "dti": 107,
          "sco": 12,
          "dco": 532,
          "txt": "2013"
        },
        {
          "si": 6,
          "sti": 4,
          "dti": 108,
          "sco": 16,
          "dco": 536,
          "txt": ","
        },
        {
          "si": 6,
          "sti": 5,
          "dti": 109,
          "sco": 18,
          "dco": 538,
          "txt": "Lee"
        },
        {
          "si": 6,
          "sti": 6,
          "dti": 110,
          "sco": 22,
          "dco": 542,
          "txt": "came"
        },
        {
          "si": 6,
          "sti": 7,
          "dti": 111,
          "sco": 27,
          "dco": 547,
          "txt": "off"
        },
        {
          "si": 6,
          "sti": 8,
          "dti": 112,
          "sco": 31,
          "dco": 551,
          "txt": "the"
        },
        {
          "si": 6,
          "sti": 9,
          "dti": 113,
          "sco": 35,
          "dco": 555,
          "txt": "bench"
        },
        {
          "si": 6,
          "sti": 10,
          "dti": 114,
          "sco": 41,
          "dco": 561,
          "txt": "to"
        },
        {
          "si": 6,
          "sti": 11,
          "dti": 115,
          "sco": 44,
          "dco": 564,
          "txt": "make"
        },
        {
          "si": 6,
          "sti": 12,
          "dti": 116,
          "sco": 49,
          "dco": 569,
          "txt": "his"
        },
        {
          "si": 6,
          "sti": 13,
          "dti": 117,
          "sco": 53,
          "dco": 573,
          "txt": "professional"
        },
        {
          "si": 6,
          "sti": 14,
          "dti": 118,
          "sco": 66,
          "dco": 586,
          "txt": "debut"
        },
        {
          "si": 6,
          "sti": 15,
          "dti": 119,
          "sco": 72,
          "dco": 592,
          "txt": "for"
        },
        {
          "si": 6,
          "sti": 16,
          "dti": 120,
          "sco": 76,
          "dco": 596,
          "txt": "Orient"
        },
        {
          "si": 6,
          "sti": 17,
          "dti": 121,
          "sco": 83,
          "dco": 603,
          "txt": "in"
        },
        {
          "si": 6,
          "sti": 18,
          "dti": 122,
          "sco": 86,
          "dco": 606,
          "txt": "the"
        },
        {
          "si": 6,
          "sti": 19,
          "dti": 123,
          "sco": 90,
          "dco": 610,
          "txt": "final"
        },
        {
          "si": 6,
          "sti": 20,
          "dti": 124,
          "sco": 96,
          "dco": 616,
          "txt": "match"
        },
        {
          "si": 6,
          "sti": 21,
          "dti": 125,
          "sco": 102,
          "dco": 622,
          "txt": "of"
        },
        {
          "si": 6,
          "sti": 22,
          "dti": 126,
          "sco": 105,
          "dco": 625,
          "txt": "the"
        },
        {
          "si": 6,
          "sti": 23,
          "dti": 127,
          "sco": 109,
          "dco": 629,
          "txt": "2012"
        },
        {
          "si": 6,
          "sti": 24,
          "dti": 128,
          "sco": 113,
          "dco": 633,
          "txt": "–"
        },
        {
          "si": 6,
          "sti": 25,
          "dti": 129,
          "sco": 114,
          "dco": 634,
          "txt": "13"
        },
        {
          "si": 6,
          "sti": 26,
          "dti": 130,
          "sco": 117,
          "dco": 637,
          "txt": "season"
        },
        {
          "si": 6,
          "sti": 27,
          "dti": 131,
          "sco": 123,
          "dco": 643,
          "txt": ","
        },
        {
          "si": 6,
          "sti": 28,
          "dti": 132,
          "sco": 125,
          "dco": 645,
          "txt": "a"
        },
        {
          "si": 6,
          "sti": 29,
          "dti": 133,
          "sco": 127,
          "dco": 647,
          "txt": "1"
        },
        {
          "si": 6,
          "sti": 30,
          "dti": 134,
          "sco": 128,
          "dco": 648,
          "txt": "–"
        },
        {
          "si": 6,
          "sti": 31,
          "dti": 135,
          "sco": 129,
          "dco": 649,
          "txt": "1"
        },
        {
          "si": 6,
          "sti": 32,
          "dti": 136,
          "sco": 131,
          "dco": 651,
          "txt": "draw"
        },
        {
          "si": 6,
          "sti": 33,
          "dti": 137,
          "sco": 136,
          "dco": 656,
          "txt": "at"
        },
        {
          "si": 6,
          "sti": 34,
          "dti": 138,
          "sco": 139,
          "dco": 659,
          "txt": "home"
        },
        {
          "si": 6,
          "sti": 35,
          "dti": 139,
          "sco": 144,
          "dco": 664,
          "txt": "to"
        },
        {
          "si": 6,
          "sti": 36,
          "dti": 140,
          "sco": 147,
          "dco": 667,
          "txt": "Oldham"
        },
        {
          "si": 6,
          "sti": 37,
          "dti": 141,
          "sco": 154,
          "dco": 674,
          "txt": "Athletic"
        },
        {
          "si": 6,
          "sti": 38,
          "dti": 142,
          "sco": 162,
          "dco": 682,
          "txt": "."
        },
        {
          "si": 7,
          "sti": 0,
          "dti": 143,
          "sco": 0,
          "dco": 684,
          "txt": "On"
        },
        {
          "si": 7,
          "sti": 1,
          "dti": 144,
          "sco": 3,
          "dco": 687,
          "txt": "29"
        },
        {
          "si": 7,
          "sti": 2,
          "dti": 145,
          "sco": 6,
          "dco": 690,
          "txt": "October"
        },
        {
          "si": 7,
          "sti": 3,
          "dti": 146,
          "sco": 14,
          "dco": 698,
          "txt": "2013"
        },
        {
          "si": 7,
          "sti": 4,
          "dti": 147,
          "sco": 18,
          "dco": 702,
          "txt": ","
        },
        {
          "si": 7,
          "sti": 5,
          "dti": 148,
          "sco": 20,
          "dco": 704,
          "txt": "Lee"
        },
        {
          "si": 7,
          "sti": 6,
          "dti": 149,
          "sco": 24,
          "dco": 708,
          "txt": "joined"
        },
        {
          "si": 7,
          "sti": 7,
          "dti": 150,
          "sco": 31,
          "dco": 715,
          "txt": "Conference"
        },
        {
          "si": 7,
          "sti": 8,
          "dti": 151,
          "sco": 42,
          "dco": 726,
          "txt": "South"
        },
        {
          "si": 7,
          "sti": 9,
          "dti": 152,
          "sco": 48,
          "dco": 732,
          "txt": "club"
        },
        {
          "si": 7,
          "sti": 10,
          "dti": 153,
          "sco": 53,
          "dco": 737,
          "txt": "Farnborough"
        },
        {
          "si": 7,
          "sti": 11,
          "dti": 154,
          "sco": 65,
          "dco": 749,
          "txt": "on"
        },
        {
          "si": 7,
          "sti": 12,
          "dti": 155,
          "sco": 68,
          "dco": 752,
          "txt": "a"
        },
        {
          "si": 7,
          "sti": 13,
          "dti": 156,
          "sco": 70,
          "dco": 754,
          "txt": "month"
        },
        {
          "si": 7,
          "sti": 14,
          "dti": 157,
          "sco": 75,
          "dco": 759,
          "txt": "'"
        },
        {
          "si": 7,
          "sti": 15,
          "dti": 158,
          "sco": 76,
          "dco": 760,
          "txt": "s"
        },
        {
          "si": 7,
          "sti": 16,
          "dti": 159,
          "sco": 78,
          "dco": 762,
          "txt": "loan"
        },
        {
          "si": 7,
          "sti": 17,
          "dti": 160,
          "sco": 82,
          "dco": 766,
          "txt": ","
        },
        {
          "si": 7,
          "sti": 18,
          "dti": 161,
          "sco": 84,
          "dco": 768,
          "txt": "and"
        },
        {
          "si": 7,
          "sti": 19,
          "dti": 162,
          "sco": 88,
          "dco": 772,
          "txt": "made"
        },
        {
          "si": 7,
          "sti": 20,
          "dti": 163,
          "sco": 93,
          "dco": 777,
          "txt": "his"
        },
        {
          "si": 7,
          "sti": 21,
          "dti": 164,
          "sco": 97,
          "dco": 781,
          "txt": "debut"
        },
        {
          "si": 7,
          "sti": 22,
          "dti": 165,
          "sco": 103,
          "dco": 787,
          "txt": "on"
        },
        {
          "si": 7,
          "sti": 23,
          "dti": 166,
          "sco": 106,
          "dco": 790,
          "txt": "the"
        },
        {
          "si": 7,
          "sti": 24,
          "dti": 167,
          "sco": 110,
          "dco": 794,
          "txt": "same"
        },
        {
          "si": 7,
          "sti": 25,
          "dti": 168,
          "sco": 115,
          "dco": 799,
          "txt": "day"
        },
        {
          "si": 7,
          "sti": 26,
          "dti": 169,
          "sco": 119,
          "dco": 803,
          "txt": "as"
        },
        {
          "si": 7,
          "sti": 27,
          "dti": 170,
          "sco": 122,
          "dco": 806,
          "txt": "a"
        },
        {
          "si": 7,
          "sti": 28,
          "dti": 171,
          "sco": 124,
          "dco": 808,
          "txt": "substitute"
        },
        {
          "si": 7,
          "sti": 29,
          "dti": 172,
          "sco": 135,
          "dco": 819,
          "txt": "in"
        },
        {
          "si": 7,
          "sti": 30,
          "dti": 173,
          "sco": 138,
          "dco": 822,
          "txt": "the"
        },
        {
          "si": 7,
          "sti": 31,
          "dti": 174,
          "sco": 142,
          "dco": 826,
          "txt": "4"
        },
        {
          "si": 7,
          "sti": 32,
          "dti": 175,
          "sco": 143,
          "dco": 827,
          "txt": "–"
        },
        {
          "si": 7,
          "sti": 33,
          "dti": 176,
          "sco": 144,
          "dco": 828,
          "txt": "2"
        },
        {
          "si": 7,
          "sti": 34,
          "dti": 177,
          "sco": 146,
          "dco": 830,
          "txt": "league"
        },
        {
          "si": 7,
          "sti": 35,
          "dti": 178,
          "sco": 153,
          "dco": 837,
          "txt": "defeat"
        },
        {
          "si": 7,
          "sti": 36,
          "dti": 179,
          "sco": 160,
          "dco": 844,
          "txt": "at"
        },
        {
          "si": 7,
          "sti": 37,
          "dti": 180,
          "sco": 163,
          "dco": 847,
          "txt": "home"
        },
        {
          "si": 7,
          "sti": 38,
          "dti": 181,
          "sco": 168,
          "dco": 852,
          "txt": "to"
        },
        {
          "si": 7,
          "sti": 39,
          "dti": 182,
          "sco": 171,
          "dco": 855,
          "txt": "Bath"
        },
        {
          "si": 7,
          "sti": 40,
          "dti": 183,
          "sco": 176,
          "dco": 860,
          "txt": "City"
        },
        {
          "si": 7,
          "sti": 41,
          "dti": 184,
          "sco": 180,
          "dco": 864,
          "txt": "."
        },
        {
          "si": 8,
          "sti": 0,
          "dti": 185,
          "sco": 0,
          "dco": 866,
          "txt": "He"
        },
        {
          "si": 8,
          "sti": 1,
          "dti": 186,
          "sco": 3,
          "dco": 869,
          "txt": "scored"
        },
        {
          "si": 8,
          "sti": 2,
          "dti": 187,
          "sco": 10,
          "dco": 876,
          "txt": "two"
        },
        {
          "si": 8,
          "sti": 3,
          "dti": 188,
          "sco": 14,
          "dco": 880,
          "txt": "league"
        },
        {
          "si": 8,
          "sti": 4,
          "dti": 189,
          "sco": 21,
          "dco": 887,
          "txt": "goals"
        },
        {
          "si": 8,
          "sti": 5,
          "dti": 190,
          "sco": 27,
          "dco": 893,
          "txt": "during"
        },
        {
          "si": 8,
          "sti": 6,
          "dti": 191,
          "sco": 34,
          "dco": 900,
          "txt": "his"
        },
        {
          "si": 8,
          "sti": 7,
          "dti": 192,
          "sco": 38,
          "dco": 904,
          "txt": "time"
        },
        {
          "si": 8,
          "sti": 8,
          "dti": 193,
          "sco": 43,
          "dco": 909,
          "txt": "at"
        },
        {
          "si": 8,
          "sti": 9,
          "dti": 194,
          "sco": 46,
          "dco": 912,
          "txt": "Farnborough"
        },
        {
          "si": 8,
          "sti": 10,
          "dti": 195,
          "sco": 57,
          "dco": 923,
          "txt": ":"
        },
        {
          "si": 8,
          "sti": 11,
          "dti": 196,
          "sco": 59,
          "dco": 925,
          "txt": "one"
        },
        {
          "si": 8,
          "sti": 12,
          "dti": 197,
          "sco": 63,
          "dco": 929,
          "txt": "in"
        },
        {
          "si": 8,
          "sti": 13,
          "dti": 198,
          "sco": 66,
          "dco": 932,
          "txt": "the"
        },
        {
          "si": 8,
          "sti": 14,
          "dti": 199,
          "sco": 70,
          "dco": 936,
          "txt": "2"
        },
        {
          "si": 8,
          "sti": 15,
          "dti": 200,
          "sco": 71,
          "dco": 937,
          "txt": "–"
        },
        {
          "si": 8,
          "sti": 16,
          "dti": 201,
          "sco": 72,
          "dco": 938,
          "txt": "2"
        },
        {
          "si": 8,
          "sti": 17,
          "dti": 202,
          "sco": 74,
          "dco": 940,
          "txt": "draw"
        },
        {
          "si": 8,
          "sti": 18,
          "dti": 203,
          "sco": 79,
          "dco": 945,
          "txt": "at"
        },
        {
          "si": 8,
          "sti": 19,
          "dti": 204,
          "sco": 82,
          "dco": 948,
          "txt": "Maidenhead"
        },
        {
          "si": 8,
          "sti": 20,
          "dti": 205,
          "sco": 93,
          "dco": 959,
          "txt": "United"
        },
        {
          "si": 8,
          "sti": 21,
          "dti": 206,
          "sco": 100,
          "dco": 966,
          "txt": "on"
        },
        {
          "si": 8,
          "sti": 22,
          "dti": 207,
          "sco": 103,
          "dco": 969,
          "txt": "5"
        },
        {
          "si": 8,
          "sti": 23,
          "dti": 208,
          "sco": 105,
          "dco": 971,
          "txt": "November"
        },
        {
          "si": 8,
          "sti": 24,
          "dti": 209,
          "sco": 113,
          "dco": 979,
          "txt": ","
        },
        {
          "si": 8,
          "sti": 25,
          "dti": 210,
          "sco": 115,
          "dco": 981,
          "txt": "and"
        },
        {
          "si": 8,
          "sti": 26,
          "dti": 211,
          "sco": 119,
          "dco": 985,
          "txt": "one"
        },
        {
          "si": 8,
          "sti": 27,
          "dti": 212,
          "sco": 123,
          "dco": 989,
          "txt": "in"
        },
        {
          "si": 8,
          "sti": 28,
          "dti": 213,
          "sco": 126,
          "dco": 992,
          "txt": "the"
        },
        {
          "si": 8,
          "sti": 29,
          "dti": 214,
          "sco": 130,
          "dco": 996,
          "txt": "3"
        },
        {
          "si": 8,
          "sti": 30,
          "dti": 215,
          "sco": 131,
          "dco": 997,
          "txt": "–"
        },
        {
          "si": 8,
          "sti": 31,
          "dti": 216,
          "sco": 132,
          "dco": 998,
          "txt": "1"
        },
        {
          "si": 8,
          "sti": 32,
          "dti": 217,
          "sco": 134,
          "dco": 1000,
          "txt": "defeat"
        },
        {
          "si": 8,
          "sti": 33,
          "dti": 218,
          "sco": 141,
          "dco": 1007,
          "txt": "at"
        },
        {
          "si": 8,
          "sti": 34,
          "dti": 219,
          "sco": 144,
          "dco": 1010,
          "txt": "Chelmsford"
        },
        {
          "si": 8,
          "sti": 35,
          "dti": 220,
          "sco": 155,
          "dco": 1021,
          "txt": "City"
        },
        {
          "si": 8,
          "sti": 36,
          "dti": 221,
          "sco": 159,
          "dco": 1025,
          "txt": "."
        },
        {
          "si": 9,
          "sti": 0,
          "dti": 222,
          "sco": 0,
          "dco": 1027,
          "txt": "Lee"
        },
        {
          "si": 9,
          "sti": 1,
          "dti": 223,
          "sco": 4,
          "dco": 1031,
          "txt": "was"
        },
        {
          "si": 9,
          "sti": 2,
          "dti": 224,
          "sco": 8,
          "dco": 1035,
          "txt": "recalled"
        },
        {
          "si": 9,
          "sti": 3,
          "dti": 225,
          "sco": 17,
          "dco": 1044,
          "txt": "to"
        },
        {
          "si": 9,
          "sti": 4,
          "dti": 226,
          "sco": 20,
          "dco": 1047,
          "txt": "Orient"
        },
        {
          "si": 9,
          "sti": 5,
          "dti": 227,
          "sco": 27,
          "dco": 1054,
          "txt": "for"
        },
        {
          "si": 9,
          "sti": 6,
          "dti": 228,
          "sco": 31,
          "dco": 1058,
          "txt": "their"
        },
        {
          "si": 9,
          "sti": 7,
          "dti": 229,
          "sco": 37,
          "dco": 1064,
          "txt": "2"
        },
        {
          "si": 9,
          "sti": 8,
          "dti": 230,
          "sco": 38,
          "dco": 1065,
          "txt": "nd"
        },
        {
          "si": 9,
          "sti": 9,
          "dti": 231,
          "sco": 41,
          "dco": 1068,
          "txt": "round"
        },
        {
          "si": 9,
          "sti": 10,
          "dti": 232,
          "sco": 47,
          "dco": 1074,
          "txt": "FA"
        },
        {
          "si": 9,
          "sti": 11,
          "dti": 233,
          "sco": 50,
          "dco": 1077,
          "txt": "Cup"
        },
        {
          "si": 9,
          "sti": 12,
          "dti": 234,
          "sco": 54,
          "dco": 1081,
          "txt": "match"
        },
        {
          "si": 9,
          "sti": 13,
          "dti": 235,
          "sco": 60,
          "dco": 1087,
          "txt": "at"
        },
        {
          "si": 9,
          "sti": 14,
          "dti": 236,
          "sco": 63,
          "dco": 1090,
          "txt": "home"
        },
        {
          "si": 9,
          "sti": 15,
          "dti": 237,
          "sco": 68,
          "dco": 1095,
          "txt": "to"
        },
        {
          "si": 9,
          "sti": 16,
          "dti": 238,
          "sco": 71,
          "dco": 1098,
          "txt": "Walsall"
        },
        {
          "si": 9,
          "sti": 17,
          "dti": 239,
          "sco": 79,
          "dco": 1106,
          "txt": "as"
        },
        {
          "si": 9,
          "sti": 18,
          "dti": 240,
          "sco": 82,
          "dco": 1109,
          "txt": "the"
        },
        {
          "si": 9,
          "sti": 19,
          "dti": 241,
          "sco": 86,
          "dco": 1113,
          "txt": "London"
        },
        {
          "si": 9,
          "sti": 20,
          "dti": 242,
          "sco": 93,
          "dco": 1120,
          "txt": "club"
        },
        {
          "si": 9,
          "sti": 21,
          "dti": 243,
          "sco": 97,
          "dco": 1124,
          "txt": "'"
        },
        {
          "si": 9,
          "sti": 22,
          "dti": 244,
          "sco": 98,
          "dco": 1125,
          "txt": "s"
        },
        {
          "si": 9,
          "sti": 23,
          "dti": 245,
          "sco": 100,
          "dco": 1127,
          "txt": "squad"
        },
        {
          "si": 9,
          "sti": 24,
          "dti": 246,
          "sco": 106,
          "dco": 1133,
          "txt": "was"
        },
        {
          "si": 9,
          "sti": 25,
          "dti": 247,
          "sco": 110,
          "dco": 1137,
          "txt": "depleted"
        },
        {
          "si": 9,
          "sti": 26,
          "dti": 248,
          "sco": 119,
          "dco": 1146,
          "txt": "through"
        },
        {
          "si": 9,
          "sti": 27,
          "dti": 249,
          "sco": 127,
          "dco": 1154,
          "txt": "injury"
        },
        {
          "si": 9,
          "sti": 28,
          "dti": 250,
          "sco": 134,
          "dco": 1161,
          "txt": "and"
        },
        {
          "si": 9,
          "sti": 29,
          "dti": 251,
          "sco": 138,
          "dco": 1165,
          "txt": "illness"
        },
        {
          "si": 9,
          "sti": 30,
          "dti": 252,
          "sco": 145,
          "dco": 1172,
          "txt": ","
        },
        {
          "si": 9,
          "sti": 31,
          "dti": 253,
          "sco": 147,
          "dco": 1174,
          "txt": "and"
        },
        {
          "si": 9,
          "sti": 32,
          "dti": 254,
          "sco": 151,
          "dco": 1178,
          "txt": "he"
        },
        {
          "si": 9,
          "sti": 33,
          "dti": 255,
          "sco": 154,
          "dco": 1181,
          "txt": "appeared"
        },
        {
          "si": 9,
          "sti": 34,
          "dti": 256,
          "sco": 163,
          "dco": 1190,
          "txt": "as"
        },
        {
          "si": 9,
          "sti": 35,
          "dti": 257,
          "sco": 166,
          "dco": 1193,
          "txt": "a"
        },
        {
          "si": 9,
          "sti": 36,
          "dti": 258,
          "sco": 168,
          "dco": 1195,
          "txt": "late"
        },
        {
          "si": 9,
          "sti": 37,
          "dti": 259,
          "sco": 173,
          "dco": 1200,
          "txt": "substitute"
        },
        {
          "si": 9,
          "sti": 38,
          "dti": 260,
          "sco": 184,
          "dco": 1211,
          "txt": "in"
        },
        {
          "si": 9,
          "sti": 39,
          "dti": 261,
          "sco": 187,
          "dco": 1214,
          "txt": "their"
        },
        {
          "si": 9,
          "sti": 40,
          "dti": 262,
          "sco": 193,
          "dco": 1220,
          "txt": "1"
        },
        {
          "si": 9,
          "sti": 41,
          "dti": 263,
          "sco": 194,
          "dco": 1221,
          "txt": "–"
        },
        {
          "si": 9,
          "sti": 42,
          "dti": 264,
          "sco": 195,
          "dco": 1222,
          "txt": "0"
        },
        {
          "si": 9,
          "sti": 43,
          "dti": 265,
          "sco": 197,
          "dco": 1224,
          "txt": "win"
        },
        {
          "si": 9,
          "sti": 44,
          "dti": 266,
          "sco": 200,
          "dco": 1227,
          "txt": "."
        },
        {
          "si": 10,
          "sti": 0,
          "dti": 267,
          "sco": 0,
          "dco": 1229,
          "txt": "Despite"
        },
        {
          "si": 10,
          "sti": 1,
          "dti": 268,
          "sco": 8,
          "dco": 1237,
          "txt": "making"
        },
        {
          "si": 10,
          "sti": 2,
          "dti": 269,
          "sco": 15,
          "dco": 1244,
          "txt": "few"
        },
        {
          "si": 10,
          "sti": 3,
          "dti": 270,
          "sco": 19,
          "dco": 1248,
          "txt": "appearances"
        },
        {
          "si": 10,
          "sti": 4,
          "dti": 271,
          "sco": 31,
          "dco": 1260,
          "txt": "during"
        },
        {
          "si": 10,
          "sti": 5,
          "dti": 272,
          "sco": 38,
          "dco": 1267,
          "txt": "the"
        },
        {
          "si": 10,
          "sti": 6,
          "dti": 273,
          "sco": 42,
          "dco": 1271,
          "txt": "2013"
        },
        {
          "si": 10,
          "sti": 7,
          "dti": 274,
          "sco": 46,
          "dco": 1275,
          "txt": "–"
        },
        {
          "si": 10,
          "sti": 8,
          "dti": 275,
          "sco": 47,
          "dco": 1276,
          "txt": "14"
        },
        {
          "si": 10,
          "sti": 9,
          "dti": 276,
          "sco": 50,
          "dco": 1279,
          "txt": "season"
        },
        {
          "si": 10,
          "sti": 10,
          "dti": 277,
          "sco": 56,
          "dco": 1285,
          "txt": ","
        },
        {
          "si": 10,
          "sti": 11,
          "dti": 278,
          "sco": 58,
          "dco": 1287,
          "txt": "he"
        },
        {
          "si": 10,
          "sti": 12,
          "dti": 279,
          "sco": 61,
          "dco": 1290,
          "txt": "was"
        },
        {
          "si": 10,
          "sti": 13,
          "dti": 280,
          "sco": 65,
          "dco": 1294,
          "txt": "offered"
        },
        {
          "si": 10,
          "sti": 14,
          "dti": 281,
          "sco": 73,
          "dco": 1302,
          "txt": "a"
        },
        {
          "si": 10,
          "sti": 15,
          "dti": 282,
          "sco": 75,
          "dco": 1304,
          "txt": "new"
        },
        {
          "si": 10,
          "sti": 16,
          "dti": 283,
          "sco": 79,
          "dco": 1308,
          "txt": "contract"
        },
        {
          "si": 10,
          "sti": 17,
          "dti": 284,
          "sco": 88,
          "dco": 1317,
          "txt": "in"
        },
        {
          "si": 10,
          "sti": 18,
          "dti": 285,
          "sco": 91,
          "dco": 1320,
          "txt": "May"
        },
        {
          "si": 10,
          "sti": 19,
          "dti": 286,
          "sco": 95,
          "dco": 1324,
          "txt": "2014"
        },
        {
          "si": 10,
          "sti": 20,
          "dti": 287,
          "sco": 99,
          "dco": 1328,
          "txt": "."
        },
        {
          "si": 11,
          "sti": 0,
          "dti": 288,
          "sco": 0,
          "dco": 1330,
          "txt": "After"
        },
        {
          "si": 11,
          "sti": 1,
          "dti": 289,
          "sco": 6,
          "dco": 1336,
          "txt": "very"
        },
        {
          "si": 11,
          "sti": 2,
          "dti": 290,
          "sco": 11,
          "dco": 1341,
          "txt": "few"
        },
        {
          "si": 11,
          "sti": 3,
          "dti": 291,
          "sco": 15,
          "dco": 1345,
          "txt": "further"
        },
        {
          "si": 11,
          "sti": 4,
          "dti": 292,
          "sco": 23,
          "dco": 1353,
          "txt": "appearances"
        },
        {
          "si": 11,
          "sti": 5,
          "dti": 293,
          "sco": 35,
          "dco": 1365,
          "txt": "in"
        },
        {
          "si": 11,
          "sti": 6,
          "dti": 294,
          "sco": 38,
          "dco": 1368,
          "txt": "Orient"
        },
        {
          "si": 11,
          "sti": 7,
          "dti": 295,
          "sco": 44,
          "dco": 1374,
          "txt": "'"
        },
        {
          "si": 11,
          "sti": 8,
          "dti": 296,
          "sco": 45,
          "dco": 1375,
          "txt": "s"
        },
        {
          "si": 11,
          "sti": 9,
          "dti": 297,
          "sco": 47,
          "dco": 1377,
          "txt": "2014"
        },
        {
          "si": 11,
          "sti": 10,
          "dti": 298,
          "sco": 51,
          "dco": 1381,
          "txt": "–"
        },
        {
          "si": 11,
          "sti": 11,
          "dti": 299,
          "sco": 52,
          "dco": 1382,
          "txt": "15"
        },
        {
          "si": 11,
          "sti": 12,
          "dti": 300,
          "sco": 55,
          "dco": 1385,
          "txt": "relegation"
        },
        {
          "si": 11,
          "sti": 13,
          "dti": 301,
          "sco": 66,
          "dco": 1396,
          "txt": "season"
        },
        {
          "si": 11,
          "sti": 14,
          "dti": 302,
          "sco": 72,
          "dco": 1402,
          "txt": ","
        },
        {
          "si": 11,
          "sti": 15,
          "dti": 303,
          "sco": 74,
          "dco": 1404,
          "txt": "he"
        },
        {
          "si": 11,
          "sti": 16,
          "dti": 304,
          "sco": 77,
          "dco": 1407,
          "txt": "signed"
        },
        {
          "si": 11,
          "sti": 17,
          "dti": 305,
          "sco": 84,
          "dco": 1414,
          "txt": "another"
        },
        {
          "si": 11,
          "sti": 18,
          "dti": 306,
          "sco": 92,
          "dco": 1422,
          "txt": "one"
        },
        {
          "si": 11,
          "sti": 19,
          "dti": 307,
          "sco": 95,
          "dco": 1425,
          "txt": "-"
        },
        {
          "si": 11,
          "sti": 20,
          "dti": 308,
          "sco": 96,
          "dco": 1426,
          "txt": "year"
        },
        {
          "si": 11,
          "sti": 21,
          "dti": 309,
          "sco": 101,
          "dco": 1431,
          "txt": "contract"
        },
        {
          "si": 11,
          "sti": 22,
          "dti": 310,
          "sco": 110,
          "dco": 1440,
          "txt": "in"
        },
        {
          "si": 11,
          "sti": 23,
          "dti": 311,
          "sco": 113,
          "dco": 1443,
          "txt": "July"
        },
        {
          "si": 11,
          "sti": 24,
          "dti": 312,
          "sco": 118,
          "dco": 1448,
          "txt": "2015"
        },
        {
          "si": 11,
          "sti": 25,
          "dti": 313,
          "sco": 122,
          "dco": 1452,
          "txt": "."
        },
        {
          "si": 12,
          "sti": 0,
          "dti": 314,
          "sco": 0,
          "dco": 1454,
          "txt": "In"
        },
        {
          "si": 12,
          "sti": 1,
          "dti": 315,
          "sco": 3,
          "dco": 1457,
          "txt": "August"
        },
        {
          "si": 12,
          "sti": 2,
          "dti": 316,
          "sco": 10,
          "dco": 1464,
          "txt": "2015"
        },
        {
          "si": 12,
          "sti": 3,
          "dti": 317,
          "sco": 14,
          "dco": 1468,
          "txt": ","
        },
        {
          "si": 12,
          "sti": 4,
          "dti": 318,
          "sco": 16,
          "dco": 1470,
          "txt": "having"
        },
        {
          "si": 12,
          "sti": 5,
          "dti": 319,
          "sco": 23,
          "dco": 1477,
          "txt": "missed"
        },
        {
          "si": 12,
          "sti": 6,
          "dti": 320,
          "sco": 30,
          "dco": 1484,
          "txt": "Orient"
        },
        {
          "si": 12,
          "sti": 7,
          "dti": 321,
          "sco": 36,
          "dco": 1490,
          "txt": "'"
        },
        {
          "si": 12,
          "sti": 8,
          "dti": 322,
          "sco": 37,
          "dco": 1491,
          "txt": "s"
        },
        {
          "si": 12,
          "sti": 9,
          "dti": 323,
          "sco": 39,
          "dco": 1493,
          "txt": "pre"
        },
        {
          "si": 12,
          "sti": 10,
          "dti": 324,
          "sco": 42,
          "dco": 1496,
          "txt": "-"
        },
        {
          "si": 12,
          "sti": 11,
          "dti": 325,
          "sco": 43,
          "dco": 1497,
          "txt": "season"
        },
        {
          "si": 12,
          "sti": 12,
          "dti": 326,
          "sco": 50,
          "dco": 1504,
          "txt": "programme"
        },
        {
          "si": 12,
          "sti": 13,
          "dti": 327,
          "sco": 60,
          "dco": 1514,
          "txt": "through"
        },
        {
          "si": 12,
          "sti": 14,
          "dti": 328,
          "sco": 68,
          "dco": 1522,
          "txt": "injury"
        },
        {
          "si": 12,
          "sti": 15,
          "dti": 329,
          "sco": 74,
          "dco": 1528,
          "txt": ","
        },
        {
          "si": 12,
          "sti": 16,
          "dti": 330,
          "sco": 76,
          "dco": 1530,
          "txt": "Lee"
        },
        {
          "si": 12,
          "sti": 17,
          "dti": 331,
          "sco": 80,
          "dco": 1534,
          "txt": "signed"
        },
        {
          "si": 12,
          "sti": 18,
          "dti": 332,
          "sco": 87,
          "dco": 1541,
          "txt": "on"
        },
        {
          "si": 12,
          "sti": 19,
          "dti": 333,
          "sco": 90,
          "dco": 1544,
          "txt": "a"
        },
        {
          "si": 12,
          "sti": 20,
          "dti": 334,
          "sco": 92,
          "dco": 1546,
          "txt": "month"
        },
        {
          "si": 12,
          "sti": 21,
          "dti": 335,
          "sco": 97,
          "dco": 1551,
          "txt": "'"
        },
        {
          "si": 12,
          "sti": 22,
          "dti": 336,
          "sco": 98,
          "dco": 1552,
          "txt": "s"
        },
        {
          "si": 12,
          "sti": 23,
          "dti": 337,
          "sco": 100,
          "dco": 1554,
          "txt": "loan"
        },
        {
          "si": 12,
          "sti": 24,
          "dti": 338,
          "sco": 105,
          "dco": 1559,
          "txt": "with"
        },
        {
          "si": 12,
          "sti": 25,
          "dti": 339,
          "sco": 110,
          "dco": 1564,
          "txt": "Football"
        },
        {
          "si": 12,
          "sti": 26,
          "dti": 340,
          "sco": 119,
          "dco": 1573,
          "txt": "Conference"
        },
        {
          "si": 12,
          "sti": 27,
          "dti": 341,
          "sco": 130,
          "dco": 1584,
          "txt": "club"
        },
        {
          "si": 12,
          "sti": 28,
          "dti": 342,
          "sco": 135,
          "dco": 1589,
          "txt": "Welling"
        },
        {
          "si": 12,
          "sti": 29,
          "dti": 343,
          "sco": 143,
          "dco": 1597,
          "txt": "United"
        },
        {
          "si": 12,
          "sti": 30,
          "dti": 344,
          "sco": 149,
          "dco": 1603,
          "txt": "."
        },
        {
          "si": 13,
          "sti": 0,
          "dti": 345,
          "sco": 0,
          "dco": 1605,
          "txt": "He"
        },
        {
          "si": 13,
          "sti": 1,
          "dti": 346,
          "sco": 3,
          "dco": 1608,
          "txt": "made"
        },
        {
          "si": 13,
          "sti": 2,
          "dti": 347,
          "sco": 8,
          "dco": 1613,
          "txt": "his"
        },
        {
          "si": 13,
          "sti": 3,
          "dti": 348,
          "sco": 12,
          "dco": 1617,
          "txt": "debut"
        },
        {
          "si": 13,
          "sti": 4,
          "dti": 349,
          "sco": 18,
          "dco": 1623,
          "txt": "for"
        },
        {
          "si": 13,
          "sti": 5,
          "dti": 350,
          "sco": 22,
          "dco": 1627,
          "txt": "Welling"
        },
        {
          "si": 13,
          "sti": 6,
          "dti": 351,
          "sco": 30,
          "dco": 1635,
          "txt": "as"
        },
        {
          "si": 13,
          "sti": 7,
          "dti": 352,
          "sco": 33,
          "dco": 1638,
          "txt": "a"
        },
        {
          "si": 13,
          "sti": 8,
          "dti": 353,
          "sco": 35,
          "dco": 1640,
          "txt": "substitute"
        },
        {
          "si": 13,
          "sti": 9,
          "dti": 354,
          "sco": 46,
          "dco": 1651,
          "txt": "in"
        },
        {
          "si": 13,
          "sti": 10,
          "dti": 355,
          "sco": 49,
          "dco": 1654,
          "txt": "the"
        },
        {
          "si": 13,
          "sti": 11,
          "dti": 356,
          "sco": 53,
          "dco": 1658,
          "txt": "2"
        },
        {
          "si": 13,
          "sti": 12,
          "dti": 357,
          "sco": 54,
          "dco": 1659,
          "txt": "–"
        },
        {
          "si": 13,
          "sti": 13,
          "dti": 358,
          "sco": 55,
          "dco": 1660,
          "txt": "1"
        },
        {
          "si": 13,
          "sti": 14,
          "dti": 359,
          "sco": 57,
          "dco": 1662,
          "txt": "league"
        },
        {
          "si": 13,
          "sti": 15,
          "dti": 360,
          "sco": 64,
          "dco": 1669,
          "txt": "defeat"
        },
        {
          "si": 13,
          "sti": 16,
          "dti": 361,
          "sco": 71,
          "dco": 1676,
          "txt": "at"
        },
        {
          "si": 13,
          "sti": 17,
          "dti": 362,
          "sco": 74,
          "dco": 1679,
          "txt": "Macclesfield"
        },
        {
          "si": 13,
          "sti": 18,
          "dti": 363,
          "sco": 87,
          "dco": 1692,
          "txt": "Town"
        },
        {
          "si": 13,
          "sti": 19,
          "dti": 364,
          "sco": 92,
          "dco": 1697,
          "txt": "on"
        },
        {
          "si": 13,
          "sti": 20,
          "dti": 365,
          "sco": 95,
          "dco": 1700,
          "txt": "15"
        },
        {
          "si": 13,
          "sti": 21,
          "dti": 366,
          "sco": 98,
          "dco": 1703,
          "txt": "August"
        },
        {
          "si": 13,
          "sti": 22,
          "dti": 367,
          "sco": 104,
          "dco": 1709,
          "txt": "."
        },
        {
          "si": 14,
          "sti": 0,
          "dti": 368,
          "sco": 0,
          "dco": 1711,
          "txt": "On"
        },
        {
          "si": 14,
          "sti": 1,
          "dti": 369,
          "sco": 3,
          "dco": 1714,
          "txt": "17"
        },
        {
          "si": 14,
          "sti": 2,
          "dti": 370,
          "sco": 6,
          "dco": 1717,
          "txt": "September"
        },
        {
          "si": 14,
          "sti": 3,
          "dti": 371,
          "sco": 15,
          "dco": 1726,
          "txt": ","
        },
        {
          "si": 14,
          "sti": 4,
          "dti": 372,
          "sco": 17,
          "dco": 1728,
          "txt": "his"
        },
        {
          "si": 14,
          "sti": 5,
          "dti": 373,
          "sco": 21,
          "dco": 1732,
          "txt": "loan"
        },
        {
          "si": 14,
          "sti": 6,
          "dti": 374,
          "sco": 26,
          "dco": 1737,
          "txt": "was"
        },
        {
          "si": 14,
          "sti": 7,
          "dti": 375,
          "sco": 30,
          "dco": 1741,
          "txt": "extended"
        },
        {
          "si": 14,
          "sti": 8,
          "dti": 376,
          "sco": 39,
          "dco": 1750,
          "txt": "until"
        },
        {
          "si": 14,
          "sti": 9,
          "dti": 377,
          "sco": 45,
          "dco": 1756,
          "txt": "early"
        },
        {
          "si": 14,
          "sti": 10,
          "dti": 378,
          "sco": 51,
          "dco": 1762,
          "txt": "2016"
        },
        {
          "si": 14,
          "sti": 11,
          "dti": 379,
          "sco": 55,
          "dco": 1766,
          "txt": ","
        },
        {
          "si": 14,
          "sti": 12,
          "dti": 380,
          "sco": 57,
          "dco": 1768,
          "txt": "although"
        },
        {
          "si": 14,
          "sti": 13,
          "dti": 381,
          "sco": 66,
          "dco": 1777,
          "txt": "Orient"
        },
        {
          "si": 14,
          "sti": 14,
          "dti": 382,
          "sco": 73,
          "dco": 1784,
          "txt": "retained"
        },
        {
          "si": 14,
          "sti": 15,
          "dti": 383,
          "sco": 82,
          "dco": 1793,
          "txt": "a"
        },
        {
          "si": 14,
          "sti": 16,
          "dti": 384,
          "sco": 84,
          "dco": 1795,
          "txt": "24"
        },
        {
          "si": 14,
          "sti": 17,
          "dti": 385,
          "sco": 86,
          "dco": 1797,
          "txt": "-"
        },
        {
          "si": 14,
          "sti": 18,
          "dti": 386,
          "sco": 87,
          "dco": 1798,
          "txt": "hour"
        },
        {
          "si": 14,
          "sti": 19,
          "dti": 387,
          "sco": 92,
          "dco": 1803,
          "txt": "recall"
        },
        {
          "si": 14,
          "sti": 20,
          "dti": 388,
          "sco": 99,
          "dco": 1810,
          "txt": "option"
        },
        {
          "si": 14,
          "sti": 21,
          "dti": 389,
          "sco": 105,
          "dco": 1816,
          "txt": "."
        }
      ]
    },
    "ganns": {
      "dla": [],
      "la": [],
      "ea": [],
      "eta": [
        {
          "ra": {
            "ea": {
              "etn": "Harry_Lee_(footballer)"
            }
          },
          "sfs": [
            [
              {
                "stn": "birthYear"
              },
              {
                "dla": {
                  "txt": {
                    "sff": "1995"
                  },
                  "et": {
                    "etn": "BirthYear"
                  },
                  "dp": {
                    "off": 56
                  }
                }
              }
            ],
            [
              {
                "stn": "deathYear"
              },
              {}
            ]
          ],
          "mfs": [
            [
              {
                "stn": "position"
              },
              {
                "dla": [],
                "la": [],
                "ea": [
                  {
                    "etn": "Midfielder"
                  }
                ],
                "eta": []
              }
            ],
            [
              {
                "stn": "team"
              },
              {
                "dla": [],
                "la": [],
                "ea": [
                  {
                    "etn": "Farnborough_F.C."
                  },
                  {
                    "etn": "Leyton_Orient_F.C."
                  }
                ],
                "eta": []
              }
            ],
            [
              {
                "stn": "birthPlace"
              },
              {
                "dla": [],
                "la": [],
                "ea": [],
                "eta": []
              }
            ]
          ]
        }
      ]
    }
  }
]
