[
  {
    "context": "TRAIN",
    "doc": {
      "id": "Henry_Renny-Tailyour",
      "tl": [
        {
          "si": 0,
          "sti": 0,
          "dti": 0,
          "sco": 0,
          "dco": 0,
          "txt": "Henry"
        },
        {
          "si": 0,
          "sti": 1,
          "dti": 1,
          "sco": 6,
          "dco": 6,
          "txt": "Renny"
        },
        {
          "si": 0,
          "sti": 2,
          "dti": 2,
          "sco": 11,
          "dco": 11,
          "txt": "-"
        },
        {
          "si": 0,
          "sti": 3,
          "dti": 3,
          "sco": 12,
          "dco": 12,
          "txt": "Tailyour"
        },
        {
          "si": 0,
          "sti": 4,
          "dti": 4,
          "sco": 20,
          "dco": 20,
          "txt": "."
        },
        {
          "si": 1,
          "sti": 0,
          "dti": 5,
          "sco": 0,
          "dco": 22,
          "txt": "Henry"
        },
        {
          "si": 1,
          "sti": 1,
          "dti": 6,
          "sco": 6,
          "dco": 28,
          "txt": "Waugh"
        },
        {
          "si": 1,
          "sti": 2,
          "dti": 7,
          "sco": 12,
          "dco": 34,
          "txt": "Renny"
        },
        {
          "si": 1,
          "sti": 3,
          "dti": 8,
          "sco": 17,
          "dco": 39,
          "txt": "-"
        },
        {
          "si": 1,
          "sti": 4,
          "dti": 9,
          "sco": 18,
          "dco": 40,
          "txt": "Tailyour"
        },
        {
          "si": 1,
          "sti": 5,
          "dti": 10,
          "sco": 27,
          "dco": 49,
          "txt": "("
        },
        {
          "si": 1,
          "sti": 6,
          "dti": 11,
          "sco": 28,
          "dco": 50,
          "txt": "9"
        },
        {
          "si": 1,
          "sti": 7,
          "dti": 12,
          "sco": 30,
          "dco": 52,
          "txt": "October"
        },
        {
          "si": 1,
          "sti": 8,
          "dti": 13,
          "sco": 38,
          "dco": 60,
          "txt": "1849"
        },
        {
          "si": 1,
          "sti": 9,
          "dti": 14,
          "sco": 43,
          "dco": 65,
          "txt": "–"
        },
        {
          "si": 1,
          "sti": 10,
          "dti": 15,
          "sco": 45,
          "dco": 67,
          "txt": "15"
        },
        {
          "si": 1,
          "sti": 11,
          "dti": 16,
          "sco": 48,
          "dco": 70,
          "txt": "June"
        },
        {
          "si": 1,
          "sti": 12,
          "dti": 17,
          "sco": 53,
          "dco": 75,
          "txt": "1920"
        },
        {
          "si": 1,
          "sti": 13,
          "dti": 18,
          "sco": 57,
          "dco": 79,
          "txt": ")"
        },
        {
          "si": 1,
          "sti": 14,
          "dti": 19,
          "sco": 59,
          "dco": 81,
          "txt": "was"
        },
        {
          "si": 1,
          "sti": 15,
          "dti": 20,
          "sco": 63,
          "dco": 85,
          "txt": "an"
        },
        {
          "si": 1,
          "sti": 16,
          "dti": 21,
          "sco": 66,
          "dco": 88,
          "txt": "amateur"
        },
        {
          "si": 1,
          "sti": 17,
          "dti": 22,
          "sco": 74,
          "dco": 96,
          "txt": "all"
        },
        {
          "si": 1,
          "sti": 18,
          "dti": 23,
          "sco": 77,
          "dco": 99,
          "txt": "-"
        },
        {
          "si": 1,
          "sti": 19,
          "dti": 24,
          "sco": 78,
          "dco": 100,
          "txt": "round"
        },
        {
          "si": 1,
          "sti": 20,
          "dti": 25,
          "sco": 84,
          "dco": 106,
          "txt": "sportsman"
        },
        {
          "si": 1,
          "sti": 21,
          "dti": 26,
          "sco": 94,
          "dco": 116,
          "txt": "who"
        },
        {
          "si": 1,
          "sti": 22,
          "dti": 27,
          "sco": 98,
          "dco": 120,
          "txt": "appeared"
        },
        {
          "si": 1,
          "sti": 23,
          "dti": 28,
          "sco": 107,
          "dco": 129,
          "txt": "for"
        },
        {
          "si": 1,
          "sti": 24,
          "dti": 29,
          "sco": 111,
          "dco": 133,
          "txt": "Scotland"
        },
        {
          "si": 1,
          "sti": 25,
          "dti": 30,
          "sco": 120,
          "dco": 142,
          "txt": "in"
        },
        {
          "si": 1,
          "sti": 26,
          "dti": 31,
          "sco": 123,
          "dco": 145,
          "txt": "some"
        },
        {
          "si": 1,
          "sti": 27,
          "dti": 32,
          "sco": 128,
          "dco": 150,
          "txt": "of"
        },
        {
          "si": 1,
          "sti": 28,
          "dti": 33,
          "sco": 131,
          "dco": 153,
          "txt": "the"
        },
        {
          "si": 1,
          "sti": 29,
          "dti": 34,
          "sco": 135,
          "dco": 157,
          "txt": "earliest"
        },
        {
          "si": 1,
          "sti": 30,
          "dti": 35,
          "sco": 144,
          "dco": 166,
          "txt": "international"
        },
        {
          "si": 1,
          "sti": 31,
          "dti": 36,
          "sco": 158,
          "dco": 180,
          "txt": "football"
        },
        {
          "si": 1,
          "sti": 32,
          "dti": 37,
          "sco": 167,
          "dco": 189,
          "txt": "and"
        },
        {
          "si": 1,
          "sti": 33,
          "dti": 38,
          "sco": 171,
          "dco": 193,
          "txt": "rugby"
        },
        {
          "si": 1,
          "sti": 34,
          "dti": 39,
          "sco": 177,
          "dco": 199,
          "txt": "union"
        },
        {
          "si": 1,
          "sti": 35,
          "dti": 40,
          "sco": 183,
          "dco": 205,
          "txt": "matches"
        },
        {
          "si": 1,
          "sti": 36,
          "dti": 41,
          "sco": 190,
          "dco": 212,
          "txt": ","
        },
        {
          "si": 1,
          "sti": 37,
          "dti": 42,
          "sco": 192,
          "dco": 214,
          "txt": "remaining"
        },
        {
          "si": 1,
          "sti": 38,
          "dti": 43,
          "sco": 202,
          "dco": 224,
          "txt": "to"
        },
        {
          "si": 1,
          "sti": 39,
          "dti": 44,
          "sco": 205,
          "dco": 227,
          "txt": "this"
        },
        {
          "si": 1,
          "sti": 40,
          "dti": 45,
          "sco": 210,
          "dco": 232,
          "txt": "day"
        },
        {
          "si": 1,
          "sti": 41,
          "dti": 46,
          "sco": 214,
          "dco": 236,
          "txt": "the"
        },
        {
          "si": 1,
          "sti": 42,
          "dti": 47,
          "sco": 218,
          "dco": 240,
          "txt": "only"
        },
        {
          "si": 1,
          "sti": 43,
          "dti": 48,
          "sco": 223,
          "dco": 245,
          "txt": "player"
        },
        {
          "si": 1,
          "sti": 44,
          "dti": 49,
          "sco": 230,
          "dco": 252,
          "txt": "to"
        },
        {
          "si": 1,
          "sti": 45,
          "dti": 50,
          "sco": 233,
          "dco": 255,
          "txt": "have"
        },
        {
          "si": 1,
          "sti": 46,
          "dti": 51,
          "sco": 238,
          "dco": 260,
          "txt": "represented"
        },
        {
          "si": 1,
          "sti": 47,
          "dti": 52,
          "sco": 250,
          "dco": 272,
          "txt": "the"
        },
        {
          "si": 1,
          "sti": 48,
          "dti": 53,
          "sco": 254,
          "dco": 276,
          "txt": "country"
        },
        {
          "si": 1,
          "sti": 49,
          "dti": 54,
          "sco": 262,
          "dco": 284,
          "txt": "in"
        },
        {
          "si": 1,
          "sti": 50,
          "dti": 55,
          "sco": 265,
          "dco": 287,
          "txt": "both"
        },
        {
          "si": 1,
          "sti": 51,
          "dti": 56,
          "sco": 270,
          "dco": 292,
          "txt": "codes"
        },
        {
          "si": 1,
          "sti": 52,
          "dti": 57,
          "sco": 275,
          "dco": 297,
          "txt": "."
        },
        {
          "si": 2,
          "sti": 0,
          "dti": 58,
          "sco": 0,
          "dco": 299,
          "txt": "He"
        },
        {
          "si": 2,
          "sti": 1,
          "dti": 59,
          "sco": 3,
          "dco": 302,
          "txt": "also"
        },
        {
          "si": 2,
          "sti": 2,
          "dti": 60,
          "sco": 8,
          "dco": 307,
          "txt": "played"
        },
        {
          "si": 2,
          "sti": 3,
          "dti": 61,
          "sco": 15,
          "dco": 314,
          "txt": "first"
        },
        {
          "si": 2,
          "sti": 4,
          "dti": 62,
          "sco": 21,
          "dco": 320,
          "txt": "class"
        },
        {
          "si": 2,
          "sti": 5,
          "dti": 63,
          "sco": 27,
          "dco": 326,
          "txt": "cricket"
        },
        {
          "si": 2,
          "sti": 6,
          "dti": 64,
          "sco": 35,
          "dco": 334,
          "txt": "for"
        },
        {
          "si": 2,
          "sti": 7,
          "dti": 65,
          "sco": 39,
          "dco": 338,
          "txt": "Kent"
        },
        {
          "si": 2,
          "sti": 8,
          "dti": 66,
          "sco": 44,
          "dco": 343,
          "txt": "and"
        },
        {
          "si": 2,
          "sti": 9,
          "dti": 67,
          "sco": 48,
          "dco": 347,
          "txt": "was"
        },
        {
          "si": 2,
          "sti": 10,
          "dti": 68,
          "sco": 52,
          "dco": 351,
          "txt": "an"
        },
        {
          "si": 2,
          "sti": 11,
          "dti": 69,
          "sco": 55,
          "dco": 354,
          "txt": "accomplished"
        },
        {
          "si": 2,
          "sti": 12,
          "dti": 70,
          "sco": 68,
          "dco": 367,
          "txt": "athlete"
        },
        {
          "si": 2,
          "sti": 13,
          "dti": 71,
          "sco": 75,
          "dco": 374,
          "txt": "."
        },
        {
          "si": 3,
          "sti": 0,
          "dti": 72,
          "sco": 0,
          "dco": 376,
          "txt": "Biography"
        },
        {
          "si": 3,
          "sti": 1,
          "dti": 73,
          "sco": 9,
          "dco": 385,
          "txt": "."
        },
        {
          "si": 4,
          "sti": 0,
          "dti": 74,
          "sco": 0,
          "dco": 387,
          "txt": "Renny"
        },
        {
          "si": 4,
          "sti": 1,
          "dti": 75,
          "sco": 5,
          "dco": 392,
          "txt": "-"
        },
        {
          "si": 4,
          "sti": 2,
          "dti": 76,
          "sco": 6,
          "dco": 393,
          "txt": "Tailyour"
        },
        {
          "si": 4,
          "sti": 3,
          "dti": 77,
          "sco": 15,
          "dco": 402,
          "txt": "was"
        },
        {
          "si": 4,
          "sti": 4,
          "dti": 78,
          "sco": 19,
          "dco": 406,
          "txt": "born"
        },
        {
          "si": 4,
          "sti": 5,
          "dti": 79,
          "sco": 24,
          "dco": 411,
          "txt": "at"
        },
        {
          "si": 4,
          "sti": 6,
          "dti": 80,
          "sco": 27,
          "dco": 414,
          "txt": "Mussoorie"
        },
        {
          "si": 4,
          "sti": 7,
          "dti": 81,
          "sco": 36,
          "dco": 423,
          "txt": ","
        },
        {
          "si": 4,
          "sti": 8,
          "dti": 82,
          "sco": 38,
          "dco": 425,
          "txt": "North"
        },
        {
          "si": 4,
          "sti": 9,
          "dti": 83,
          "sco": 43,
          "dco": 430,
          "txt": "-"
        },
        {
          "si": 4,
          "sti": 10,
          "dti": 84,
          "sco": 44,
          "dco": 431,
          "txt": "Western"
        },
        {
          "si": 4,
          "sti": 11,
          "dti": 85,
          "sco": 52,
          "dco": 439,
          "txt": "Provinces"
        },
        {
          "si": 4,
          "sti": 12,
          "dti": 86,
          "sco": 61,
          "dco": 448,
          "txt": ","
        },
        {
          "si": 4,
          "sti": 13,
          "dti": 87,
          "sco": 63,
          "dco": 450,
          "txt": "India"
        },
        {
          "si": 4,
          "sti": 14,
          "dti": 88,
          "sco": 68,
          "dco": 455,
          "txt": ","
        },
        {
          "si": 4,
          "sti": 15,
          "dti": 89,
          "sco": 70,
          "dco": 457,
          "txt": "while"
        },
        {
          "si": 4,
          "sti": 16,
          "dti": 90,
          "sco": 76,
          "dco": 463,
          "txt": "his"
        },
        {
          "si": 4,
          "sti": 17,
          "dti": 91,
          "sco": 80,
          "dco": 467,
          "txt": "Scottish"
        },
        {
          "si": 4,
          "sti": 18,
          "dti": 92,
          "sco": 89,
          "dco": 476,
          "txt": "father"
        },
        {
          "si": 4,
          "sti": 19,
          "dti": 93,
          "sco": 96,
          "dco": 483,
          "txt": "was"
        },
        {
          "si": 4,
          "sti": 20,
          "dti": 94,
          "sco": 100,
          "dco": 487,
          "txt": "serving"
        },
        {
          "si": 4,
          "sti": 21,
          "dti": 95,
          "sco": 108,
          "dco": 495,
          "txt": "in"
        },
        {
          "si": 4,
          "sti": 22,
          "dti": 96,
          "sco": 111,
          "dco": 498,
          "txt": "the"
        },
        {
          "si": 4,
          "sti": 23,
          "dti": 97,
          "sco": 115,
          "dco": 502,
          "txt": "army"
        },
        {
          "si": 4,
          "sti": 24,
          "dti": 98,
          "sco": 120,
          "dco": 507,
          "txt": "there"
        },
        {
          "si": 4,
          "sti": 25,
          "dti": 99,
          "sco": 125,
          "dco": 512,
          "txt": "."
        },
        {
          "si": 5,
          "sti": 0,
          "dti": 100,
          "sco": 0,
          "dco": 514,
          "txt": "He"
        },
        {
          "si": 5,
          "sti": 1,
          "dti": 101,
          "sco": 3,
          "dco": 517,
          "txt": "grew"
        },
        {
          "si": 5,
          "sti": 2,
          "dti": 102,
          "sco": 8,
          "dco": 522,
          "txt": "up"
        },
        {
          "si": 5,
          "sti": 3,
          "dti": 103,
          "sco": 11,
          "dco": 525,
          "txt": "on"
        },
        {
          "si": 5,
          "sti": 4,
          "dti": 104,
          "sco": 14,
          "dco": 528,
          "txt": "the"
        },
        {
          "si": 5,
          "sti": 5,
          "dti": 105,
          "sco": 18,
          "dco": 532,
          "txt": "family"
        },
        {
          "si": 5,
          "sti": 6,
          "dti": 106,
          "sco": 25,
          "dco": 539,
          "txt": "estate"
        },
        {
          "si": 5,
          "sti": 7,
          "dti": 107,
          "sco": 32,
          "dco": 546,
          "txt": "at"
        },
        {
          "si": 5,
          "sti": 8,
          "dti": 108,
          "sco": 35,
          "dco": 549,
          "txt": "Newmanswalls"
        },
        {
          "si": 5,
          "sti": 9,
          "dti": 109,
          "sco": 47,
          "dco": 561,
          "txt": ","
        },
        {
          "si": 5,
          "sti": 10,
          "dti": 110,
          "sco": 49,
          "dco": 563,
          "txt": "Montrose"
        },
        {
          "si": 5,
          "sti": 11,
          "dti": 111,
          "sco": 57,
          "dco": 571,
          "txt": ","
        },
        {
          "si": 5,
          "sti": 12,
          "dti": 112,
          "sco": 59,
          "dco": 573,
          "txt": "Angus"
        },
        {
          "si": 5,
          "sti": 13,
          "dti": 113,
          "sco": 64,
          "dco": 578,
          "txt": ","
        },
        {
          "si": 5,
          "sti": 14,
          "dti": 114,
          "sco": 66,
          "dco": 580,
          "txt": "and"
        },
        {
          "si": 5,
          "sti": 15,
          "dti": 115,
          "sco": 70,
          "dco": 584,
          "txt": "was"
        },
        {
          "si": 5,
          "sti": 16,
          "dti": 116,
          "sco": 74,
          "dco": 588,
          "txt": "educated"
        },
        {
          "si": 5,
          "sti": 17,
          "dti": 117,
          "sco": 83,
          "dco": 597,
          "txt": "at"
        },
        {
          "si": 5,
          "sti": 18,
          "dti": 118,
          "sco": 86,
          "dco": 600,
          "txt": "Cheltenham"
        },
        {
          "si": 5,
          "sti": 19,
          "dti": 119,
          "sco": 97,
          "dco": 611,
          "txt": "College"
        },
        {
          "si": 5,
          "sti": 20,
          "dti": 120,
          "sco": 105,
          "dco": 619,
          "txt": "before"
        },
        {
          "si": 5,
          "sti": 21,
          "dti": 121,
          "sco": 112,
          "dco": 626,
          "txt": "entering"
        },
        {
          "si": 5,
          "sti": 22,
          "dti": 122,
          "sco": 121,
          "dco": 635,
          "txt": "the"
        },
        {
          "si": 5,
          "sti": 23,
          "dti": 123,
          "sco": 125,
          "dco": 639,
          "txt": "British"
        },
        {
          "si": 5,
          "sti": 24,
          "dti": 124,
          "sco": 133,
          "dco": 647,
          "txt": "Army"
        },
        {
          "si": 5,
          "sti": 25,
          "dti": 125,
          "sco": 137,
          "dco": 651,
          "txt": ","
        },
        {
          "si": 5,
          "sti": 26,
          "dti": 126,
          "sco": 139,
          "dco": 653,
          "txt": "joining"
        },
        {
          "si": 5,
          "sti": 27,
          "dti": 127,
          "sco": 147,
          "dco": 661,
          "txt": "the"
        },
        {
          "si": 5,
          "sti": 28,
          "dti": 128,
          "sco": 151,
          "dco": 665,
          "txt": "Royal"
        },
        {
          "si": 5,
          "sti": 29,
          "dti": 129,
          "sco": 157,
          "dco": 671,
          "txt": "Engineers"
        },
        {
          "si": 5,
          "sti": 30,
          "dti": 130,
          "sco": 166,
          "dco": 680,
          "txt": "."
        },
        {
          "si": 6,
          "sti": 0,
          "dti": 131,
          "sco": 0,
          "dco": 682,
          "txt": "A"
        },
        {
          "si": 6,
          "sti": 1,
          "dti": 132,
          "sco": 2,
          "dco": 684,
          "txt": "lieutenant"
        },
        {
          "si": 6,
          "sti": 2,
          "dti": 133,
          "sco": 13,
          "dco": 695,
          "txt": "at"
        },
        {
          "si": 6,
          "sti": 3,
          "dti": 134,
          "sco": 16,
          "dco": 698,
          "txt": "the"
        },
        {
          "si": 6,
          "sti": 4,
          "dti": 135,
          "sco": 20,
          "dco": 702,
          "txt": "time"
        },
        {
          "si": 6,
          "sti": 5,
          "dti": 136,
          "sco": 25,
          "dco": 707,
          "txt": "of"
        },
        {
          "si": 6,
          "sti": 6,
          "dti": 137,
          "sco": 28,
          "dco": 710,
          "txt": "his"
        },
        {
          "si": 6,
          "sti": 7,
          "dti": 138,
          "sco": 32,
          "dco": 714,
          "txt": "sporting"
        },
        {
          "si": 6,
          "sti": 8,
          "dti": 139,
          "sco": 41,
          "dco": 723,
          "txt": "achievements"
        },
        {
          "si": 6,
          "sti": 9,
          "dti": 140,
          "sco": 54,
          "dco": 736,
          "txt": "in"
        },
        {
          "si": 6,
          "sti": 10,
          "dti": 141,
          "sco": 57,
          "dco": 739,
          "txt": "the"
        },
        {
          "si": 6,
          "sti": 11,
          "dti": 142,
          "sco": 61,
          "dco": 743,
          "txt": "1870"
        },
        {
          "si": 6,
          "sti": 12,
          "dti": 143,
          "sco": 65,
          "dco": 747,
          "txt": "s"
        },
        {
          "si": 6,
          "sti": 13,
          "dti": 144,
          "sco": 67,
          "dco": 749,
          "txt": "and"
        },
        {
          "si": 6,
          "sti": 14,
          "dti": 145,
          "sco": 71,
          "dco": 753,
          "txt": "1880"
        },
        {
          "si": 6,
          "sti": 15,
          "dti": 146,
          "sco": 75,
          "dco": 757,
          "txt": "s"
        },
        {
          "si": 6,
          "sti": 16,
          "dti": 147,
          "sco": 76,
          "dco": 758,
          "txt": ","
        },
        {
          "si": 6,
          "sti": 17,
          "dti": 148,
          "sco": 78,
          "dco": 760,
          "txt": "he"
        },
        {
          "si": 6,
          "sti": 18,
          "dti": 149,
          "sco": 81,
          "dco": 763,
          "txt": "eventually"
        },
        {
          "si": 6,
          "sti": 19,
          "dti": 150,
          "sco": 92,
          "dco": 774,
          "txt": "reached"
        },
        {
          "si": 6,
          "sti": 20,
          "dti": 151,
          "sco": 100,
          "dco": 782,
          "txt": "the"
        },
        {
          "si": 6,
          "sti": 21,
          "dti": 152,
          "sco": 104,
          "dco": 786,
          "txt": "rank"
        },
        {
          "si": 6,
          "sti": 22,
          "dti": 153,
          "sco": 109,
          "dco": 791,
          "txt": "of"
        },
        {
          "si": 6,
          "sti": 23,
          "dti": 154,
          "sco": 112,
          "dco": 794,
          "txt": "colonel"
        },
        {
          "si": 6,
          "sti": 24,
          "dti": 155,
          "sco": 119,
          "dco": 801,
          "txt": "."
        },
        {
          "si": 7,
          "sti": 0,
          "dti": 156,
          "sco": 0,
          "dco": 803,
          "txt": "After"
        },
        {
          "si": 7,
          "sti": 1,
          "dti": 157,
          "sco": 6,
          "dco": 809,
          "txt": "retiring"
        },
        {
          "si": 7,
          "sti": 2,
          "dti": 158,
          "sco": 15,
          "dco": 818,
          "txt": "from"
        },
        {
          "si": 7,
          "sti": 3,
          "dti": 159,
          "sco": 20,
          "dco": 823,
          "txt": "army"
        },
        {
          "si": 7,
          "sti": 4,
          "dti": 160,
          "sco": 25,
          "dco": 828,
          "txt": "service"
        },
        {
          "si": 7,
          "sti": 5,
          "dti": 161,
          "sco": 32,
          "dco": 835,
          "txt": ","
        },
        {
          "si": 7,
          "sti": 6,
          "dti": 162,
          "sco": 34,
          "dco": 837,
          "txt": "he"
        },
        {
          "si": 7,
          "sti": 7,
          "dti": 163,
          "sco": 37,
          "dco": 840,
          "txt": "became"
        },
        {
          "si": 7,
          "sti": 8,
          "dti": 164,
          "sco": 44,
          "dco": 847,
          "txt": "managing"
        },
        {
          "si": 7,
          "sti": 9,
          "dti": 165,
          "sco": 53,
          "dco": 856,
          "txt": "director"
        },
        {
          "si": 7,
          "sti": 10,
          "dti": 166,
          "sco": 62,
          "dco": 865,
          "txt": "of"
        },
        {
          "si": 7,
          "sti": 11,
          "dti": 167,
          "sco": 65,
          "dco": 868,
          "txt": "the"
        },
        {
          "si": 7,
          "sti": 12,
          "dti": 168,
          "sco": 69,
          "dco": 872,
          "txt": "Guinness"
        },
        {
          "si": 7,
          "sti": 13,
          "dti": 169,
          "sco": 78,
          "dco": 881,
          "txt": "company"
        },
        {
          "si": 7,
          "sti": 14,
          "dti": 170,
          "sco": 85,
          "dco": 888,
          "txt": "."
        },
        {
          "si": 8,
          "sti": 0,
          "dti": 171,
          "sco": 0,
          "dco": 890,
          "txt": "He"
        },
        {
          "si": 8,
          "sti": 1,
          "dti": 172,
          "sco": 3,
          "dco": 893,
          "txt": "died"
        },
        {
          "si": 8,
          "sti": 2,
          "dti": 173,
          "sco": 8,
          "dco": 898,
          "txt": "at"
        },
        {
          "si": 8,
          "sti": 3,
          "dti": 174,
          "sco": 11,
          "dco": 901,
          "txt": "Montrose"
        },
        {
          "si": 8,
          "sti": 4,
          "dti": 175,
          "sco": 19,
          "dco": 909,
          "txt": "."
        },
        {
          "si": 9,
          "sti": 0,
          "dti": 176,
          "sco": 0,
          "dco": 911,
          "txt": "Football"
        },
        {
          "si": 9,
          "sti": 1,
          "dti": 177,
          "sco": 8,
          "dco": 919,
          "txt": "."
        },
        {
          "si": 10,
          "sti": 0,
          "dti": 178,
          "sco": 0,
          "dco": 921,
          "txt": "Renny"
        },
        {
          "si": 10,
          "sti": 1,
          "dti": 179,
          "sco": 5,
          "dco": 926,
          "txt": "-"
        },
        {
          "si": 10,
          "sti": 2,
          "dti": 180,
          "sco": 6,
          "dco": 927,
          "txt": "Tailyour"
        },
        {
          "si": 10,
          "sti": 3,
          "dti": 181,
          "sco": 15,
          "dco": 936,
          "txt": "represented"
        },
        {
          "si": 10,
          "sti": 4,
          "dti": 182,
          "sco": 27,
          "dco": 948,
          "txt": "the"
        },
        {
          "si": 10,
          "sti": 5,
          "dti": 183,
          "sco": 31,
          "dco": 952,
          "txt": "Royal"
        },
        {
          "si": 10,
          "sti": 6,
          "dti": 184,
          "sco": 37,
          "dco": 958,
          "txt": "Engineers"
        },
        {
          "si": 10,
          "sti": 7,
          "dti": 185,
          "sco": 47,
          "dco": 968,
          "txt": "regimental"
        },
        {
          "si": 10,
          "sti": 8,
          "dti": 186,
          "sco": 58,
          "dco": 979,
          "txt": "team"
        },
        {
          "si": 10,
          "sti": 9,
          "dti": 187,
          "sco": 63,
          "dco": 984,
          "txt": "in"
        },
        {
          "si": 10,
          "sti": 10,
          "dti": 188,
          "sco": 66,
          "dco": 987,
          "txt": "the"
        },
        {
          "si": 10,
          "sti": 11,
          "dti": 189,
          "sco": 70,
          "dco": 991,
          "txt": "early"
        },
        {
          "si": 10,
          "sti": 12,
          "dti": 190,
          "sco": 76,
          "dco": 997,
          "txt": "days"
        },
        {
          "si": 10,
          "sti": 13,
          "dti": 191,
          "sco": 81,
          "dco": 1002,
          "txt": "of"
        },
        {
          "si": 10,
          "sti": 14,
          "dti": 192,
          "sco": 84,
          "dco": 1005,
          "txt": "organised"
        },
        {
          "si": 10,
          "sti": 15,
          "dti": 193,
          "sco": 94,
          "dco": 1015,
          "txt": "football"
        },
        {
          "si": 10,
          "sti": 16,
          "dti": 194,
          "sco": 102,
          "dco": 1023,
          "txt": ","
        },
        {
          "si": 10,
          "sti": 17,
          "dti": 195,
          "sco": 104,
          "dco": 1025,
          "txt": "when"
        },
        {
          "si": 10,
          "sti": 18,
          "dti": 196,
          "sco": 109,
          "dco": 1030,
          "txt": "they"
        },
        {
          "si": 10,
          "sti": 19,
          "dti": 197,
          "sco": 114,
          "dco": 1035,
          "txt": "were"
        },
        {
          "si": 10,
          "sti": 20,
          "dti": 198,
          "sco": 119,
          "dco": 1040,
          "txt": "one"
        },
        {
          "si": 10,
          "sti": 21,
          "dti": 199,
          "sco": 123,
          "dco": 1044,
          "txt": "of"
        },
        {
          "si": 10,
          "sti": 22,
          "dti": 200,
          "sco": 126,
          "dco": 1047,
          "txt": "the"
        },
        {
          "si": 10,
          "sti": 23,
          "dti": 201,
          "sco": 130,
          "dco": 1051,
          "txt": "strongest"
        },
        {
          "si": 10,
          "sti": 24,
          "dti": 202,
          "sco": 140,
          "dco": 1061,
          "txt": "teams"
        },
        {
          "si": 10,
          "sti": 25,
          "dti": 203,
          "sco": 146,
          "dco": 1067,
          "txt": "in"
        },
        {
          "si": 10,
          "sti": 26,
          "dti": 204,
          "sco": 149,
          "dco": 1070,
          "txt": "England"
        },
        {
          "si": 10,
          "sti": 27,
          "dti": 205,
          "sco": 157,
          "dco": 1078,
          "txt": "as"
        },
        {
          "si": 10,
          "sti": 28,
          "dti": 206,
          "sco": 160,
          "dco": 1081,
          "txt": "a"
        },
        {
          "si": 10,
          "sti": 29,
          "dti": 207,
          "sco": 162,
          "dco": 1083,
          "txt": "result"
        },
        {
          "si": 10,
          "sti": 30,
          "dti": 208,
          "sco": 169,
          "dco": 1090,
          "txt": "of"
        },
        {
          "si": 10,
          "sti": 31,
          "dti": 209,
          "sco": 172,
          "dco": 1093,
          "txt": "their"
        },
        {
          "si": 10,
          "sti": 32,
          "dti": 210,
          "sco": 178,
          "dco": 1099,
          "txt": "innovative"
        },
        {
          "si": 10,
          "sti": 33,
          "dti": 211,
          "sco": 189,
          "dco": 1110,
          "txt": "combination"
        },
        {
          "si": 10,
          "sti": 34,
          "dti": 212,
          "sco": 201,
          "dco": 1122,
          "txt": "game"
        },
        {
          "si": 10,
          "sti": 35,
          "dti": 213,
          "sco": 205,
          "dco": 1126,
          "txt": "."
        },
        {
          "si": 11,
          "sti": 0,
          "dti": 214,
          "sco": 0,
          "dco": 1128,
          "txt": "A"
        },
        {
          "si": 11,
          "sti": 1,
          "dti": 215,
          "sco": 2,
          "dco": 1130,
          "txt": "forward"
        },
        {
          "si": 11,
          "sti": 2,
          "dti": 216,
          "sco": 9,
          "dco": 1137,
          "txt": ","
        },
        {
          "si": 11,
          "sti": 3,
          "dti": 217,
          "sco": 11,
          "dco": 1139,
          "txt": "he"
        },
        {
          "si": 11,
          "sti": 4,
          "dti": 218,
          "sco": 14,
          "dco": 1142,
          "txt": "played"
        },
        {
          "si": 11,
          "sti": 5,
          "dti": 219,
          "sco": 21,
          "dco": 1149,
          "txt": "in"
        },
        {
          "si": 11,
          "sti": 6,
          "dti": 220,
          "sco": 24,
          "dco": 1152,
          "txt": "the"
        },
        {
          "si": 11,
          "sti": 7,
          "dti": 221,
          "sco": 28,
          "dco": 1156,
          "txt": "first"
        },
        {
          "si": 11,
          "sti": 8,
          "dti": 222,
          "sco": 34,
          "dco": 1162,
          "txt": "FA"
        },
        {
          "si": 11,
          "sti": 9,
          "dti": 223,
          "sco": 37,
          "dco": 1165,
          "txt": "Cup"
        },
        {
          "si": 11,
          "sti": 10,
          "dti": 224,
          "sco": 41,
          "dco": 1169,
          "txt": "Final"
        },
        {
          "si": 11,
          "sti": 11,
          "dti": 225,
          "sco": 47,
          "dco": 1175,
          "txt": "in"
        },
        {
          "si": 11,
          "sti": 12,
          "dti": 226,
          "sco": 50,
          "dco": 1178,
          "txt": "1872"
        },
        {
          "si": 11,
          "sti": 13,
          "dti": 227,
          "sco": 54,
          "dco": 1182,
          "txt": ","
        },
        {
          "si": 11,
          "sti": 14,
          "dti": 228,
          "sco": 56,
          "dco": 1184,
          "txt": "finishing"
        },
        {
          "si": 11,
          "sti": 15,
          "dti": 229,
          "sco": 66,
          "dco": 1194,
          "txt": "on"
        },
        {
          "si": 11,
          "sti": 16,
          "dti": 230,
          "sco": 69,
          "dco": 1197,
          "txt": "the"
        },
        {
          "si": 11,
          "sti": 17,
          "dti": 231,
          "sco": 73,
          "dco": 1201,
          "txt": "losing"
        },
        {
          "si": 11,
          "sti": 18,
          "dti": 232,
          "sco": 80,
          "dco": 1208,
          "txt": "side"
        },
        {
          "si": 11,
          "sti": 19,
          "dti": 233,
          "sco": 84,
          "dco": 1212,
          "txt": "."
        },
        {
          "si": 12,
          "sti": 0,
          "dti": 234,
          "sco": 0,
          "dco": 1214,
          "txt": "The"
        },
        {
          "si": 12,
          "sti": 1,
          "dti": 235,
          "sco": 4,
          "dco": 1218,
          "txt": "Royal"
        },
        {
          "si": 12,
          "sti": 2,
          "dti": 236,
          "sco": 10,
          "dco": 1224,
          "txt": "Engineers"
        },
        {
          "si": 12,
          "sti": 3,
          "dti": 237,
          "sco": 20,
          "dco": 1234,
          "txt": "lost"
        },
        {
          "si": 12,
          "sti": 4,
          "dti": 238,
          "sco": 25,
          "dco": 1239,
          "txt": "1"
        },
        {
          "si": 12,
          "sti": 5,
          "dti": 239,
          "sco": 26,
          "dco": 1240,
          "txt": "-"
        },
        {
          "si": 12,
          "sti": 6,
          "dti": 240,
          "sco": 27,
          "dco": 1241,
          "txt": "0"
        },
        {
          "si": 12,
          "sti": 7,
          "dti": 241,
          "sco": 29,
          "dco": 1243,
          "txt": "that"
        },
        {
          "si": 12,
          "sti": 8,
          "dti": 242,
          "sco": 34,
          "dco": 1248,
          "txt": "day"
        },
        {
          "si": 12,
          "sti": 9,
          "dti": 243,
          "sco": 38,
          "dco": 1252,
          "txt": "to"
        },
        {
          "si": 12,
          "sti": 10,
          "dti": 244,
          "sco": 41,
          "dco": 1255,
          "txt": "the"
        },
        {
          "si": 12,
          "sti": 11,
          "dti": 245,
          "sco": 45,
          "dco": 1259,
          "txt": "Wanderers"
        },
        {
          "si": 12,
          "sti": 12,
          "dti": 246,
          "sco": 54,
          "dco": 1268,
          "txt": ","
        },
        {
          "si": 12,
          "sti": 13,
          "dti": 247,
          "sco": 56,
          "dco": 1270,
          "txt": "but"
        },
        {
          "si": 12,
          "sti": 14,
          "dti": 248,
          "sco": 60,
          "dco": 1274,
          "txt": "returned"
        },
        {
          "si": 12,
          "sti": 15,
          "dti": 249,
          "sco": 69,
          "dco": 1283,
          "txt": "in"
        },
        {
          "si": 12,
          "sti": 16,
          "dti": 250,
          "sco": 72,
          "dco": 1286,
          "txt": "1874"
        },
        {
          "si": 12,
          "sti": 17,
          "dti": 251,
          "sco": 77,
          "dco": 1291,
          "txt": "to"
        },
        {
          "si": 12,
          "sti": 18,
          "dti": 252,
          "sco": 80,
          "dco": 1294,
          "txt": "face"
        },
        {
          "si": 12,
          "sti": 19,
          "dti": 253,
          "sco": 85,
          "dco": 1299,
          "txt": "Oxford"
        },
        {
          "si": 12,
          "sti": 20,
          "dti": 254,
          "sco": 92,
          "dco": 1306,
          "txt": "University"
        },
        {
          "si": 12,
          "sti": 21,
          "dti": 255,
          "sco": 102,
          "dco": 1316,
          "txt": ","
        },
        {
          "si": 12,
          "sti": 22,
          "dti": 256,
          "sco": 104,
          "dco": 1318,
          "txt": "a"
        },
        {
          "si": 12,
          "sti": 23,
          "dti": 257,
          "sco": 106,
          "dco": 1320,
          "txt": "match"
        },
        {
          "si": 12,
          "sti": 24,
          "dti": 258,
          "sco": 112,
          "dco": 1326,
          "txt": "which"
        },
        {
          "si": 12,
          "sti": 25,
          "dti": 259,
          "sco": 118,
          "dco": 1332,
          "txt": "they"
        },
        {
          "si": 12,
          "sti": 26,
          "dti": 260,
          "sco": 123,
          "dco": 1337,
          "txt": "lost"
        },
        {
          "si": 12,
          "sti": 27,
          "dti": 261,
          "sco": 128,
          "dco": 1342,
          "txt": "2"
        },
        {
          "si": 12,
          "sti": 28,
          "dti": 262,
          "sco": 129,
          "dco": 1343,
          "txt": "-"
        },
        {
          "si": 12,
          "sti": 29,
          "dti": 263,
          "sco": 130,
          "dco": 1344,
          "txt": "0"
        },
        {
          "si": 12,
          "sti": 30,
          "dti": 264,
          "sco": 131,
          "dco": 1345,
          "txt": "."
        },
        {
          "si": 13,
          "sti": 0,
          "dti": 265,
          "sco": 0,
          "dco": 1347,
          "txt": "The"
        },
        {
          "si": 13,
          "sti": 1,
          "dti": 266,
          "sco": 4,
          "dco": 1351,
          "txt": "Engineers"
        },
        {
          "si": 13,
          "sti": 2,
          "dti": 267,
          "sco": 14,
          "dco": 1361,
          "txt": "finally"
        },
        {
          "si": 13,
          "sti": 3,
          "dti": 268,
          "sco": 22,
          "dco": 1369,
          "txt": "won"
        },
        {
          "si": 13,
          "sti": 4,
          "dti": 269,
          "sco": 26,
          "dco": 1373,
          "txt": "the"
        },
        {
          "si": 13,
          "sti": 5,
          "dti": 270,
          "sco": 30,
          "dco": 1377,
          "txt": "cup"
        },
        {
          "si": 13,
          "sti": 6,
          "dti": 271,
          "sco": 34,
          "dco": 1381,
          "txt": "in"
        },
        {
          "si": 13,
          "sti": 7,
          "dti": 272,
          "sco": 37,
          "dco": 1384,
          "txt": "1875"
        },
        {
          "si": 13,
          "sti": 8,
          "dti": 273,
          "sco": 42,
          "dco": 1389,
          "txt": "-"
        },
        {
          "si": 13,
          "sti": 9,
          "dti": 274,
          "sco": 44,
          "dco": 1391,
          "txt": "2"
        },
        {
          "si": 13,
          "sti": 10,
          "dti": 275,
          "sco": 45,
          "dco": 1392,
          "txt": "-"
        },
        {
          "si": 13,
          "sti": 11,
          "dti": 276,
          "sco": 46,
          "dco": 1393,
          "txt": "0"
        },
        {
          "si": 13,
          "sti": 12,
          "dti": 277,
          "sco": 47,
          "dco": 1394,
          "txt": ","
        },
        {
          "si": 13,
          "sti": 13,
          "dti": 278,
          "sco": 49,
          "dco": 1396,
          "txt": "after"
        },
        {
          "si": 13,
          "sti": 14,
          "dti": 279,
          "sco": 55,
          "dco": 1402,
          "txt": "a"
        },
        {
          "si": 13,
          "sti": 15,
          "dti": 280,
          "sco": 57,
          "dco": 1404,
          "txt": "1"
        },
        {
          "si": 13,
          "sti": 16,
          "dti": 281,
          "sco": 58,
          "dco": 1405,
          "txt": "-"
        },
        {
          "si": 13,
          "sti": 17,
          "dti": 282,
          "sco": 59,
          "dco": 1406,
          "txt": "1"
        },
        {
          "si": 13,
          "sti": 18,
          "dti": 283,
          "sco": 61,
          "dco": 1408,
          "txt": "draw"
        },
        {
          "si": 13,
          "sti": 19,
          "dti": 284,
          "sco": 65,
          "dco": 1412,
          "txt": ","
        },
        {
          "si": 13,
          "sti": 20,
          "dti": 285,
          "sco": 67,
          "dco": 1414,
          "txt": "with"
        },
        {
          "si": 13,
          "sti": 21,
          "dti": 286,
          "sco": 72,
          "dco": 1419,
          "txt": "Renny"
        },
        {
          "si": 13,
          "sti": 22,
          "dti": 287,
          "sco": 77,
          "dco": 1424,
          "txt": "-"
        },
        {
          "si": 13,
          "sti": 23,
          "dti": 288,
          "sco": 78,
          "dco": 1425,
          "txt": "Tailyour"
        },
        {
          "si": 13,
          "sti": 24,
          "dti": 289,
          "sco": 87,
          "dco": 1434,
          "txt": "scoring"
        },
        {
          "si": 13,
          "sti": 25,
          "dti": 290,
          "sco": 95,
          "dco": 1442,
          "txt": "in"
        },
        {
          "si": 13,
          "sti": 26,
          "dti": 291,
          "sco": 98,
          "dco": 1445,
          "txt": "both"
        },
        {
          "si": 13,
          "sti": 27,
          "dti": 292,
          "sco": 103,
          "dco": 1450,
          "txt": "matches"
        },
        {
          "si": 13,
          "sti": 28,
          "dti": 293,
          "sco": 111,
          "dco": 1458,
          "txt": "against"
        },
        {
          "si": 13,
          "sti": 29,
          "dti": 294,
          "sco": 119,
          "dco": 1466,
          "txt": "Old"
        },
        {
          "si": 13,
          "sti": 30,
          "dti": 295,
          "sco": 123,
          "dco": 1470,
          "txt": "Etonians"
        },
        {
          "si": 13,
          "sti": 31,
          "dti": 296,
          "sco": 131,
          "dco": 1478,
          "txt": "."
        },
        {
          "si": 14,
          "sti": 0,
          "dti": 297,
          "sco": 0,
          "dco": 1480,
          "txt": "This"
        },
        {
          "si": 14,
          "sti": 1,
          "dti": 298,
          "sco": 5,
          "dco": 1485,
          "txt": "was"
        },
        {
          "si": 14,
          "sti": 2,
          "dti": 299,
          "sco": 9,
          "dco": 1489,
          "txt": "his"
        },
        {
          "si": 14,
          "sti": 3,
          "dti": 300,
          "sco": 13,
          "dco": 1493,
          "txt": "last"
        },
        {
          "si": 14,
          "sti": 4,
          "dti": 301,
          "sco": 18,
          "dco": 1498,
          "txt": "cup"
        },
        {
          "si": 14,
          "sti": 5,
          "dti": 302,
          "sco": 22,
          "dco": 1502,
          "txt": "final"
        },
        {
          "si": 14,
          "sti": 6,
          "dti": 303,
          "sco": 28,
          "dco": 1508,
          "txt": "appearance"
        },
        {
          "si": 14,
          "sti": 7,
          "dti": 304,
          "sco": 38,
          "dco": 1518,
          "txt": "."
        },
        {
          "si": 15,
          "sti": 0,
          "dti": 305,
          "sco": 0,
          "dco": 1520,
          "txt": "Renny"
        },
        {
          "si": 15,
          "sti": 1,
          "dti": 306,
          "sco": 5,
          "dco": 1525,
          "txt": "-"
        },
        {
          "si": 15,
          "sti": 2,
          "dti": 307,
          "sco": 6,
          "dco": 1526,
          "txt": "Tailyour"
        },
        {
          "si": 15,
          "sti": 3,
          "dti": 308,
          "sco": 15,
          "dco": 1535,
          "txt": "was"
        },
        {
          "si": 15,
          "sti": 4,
          "dti": 309,
          "sco": 19,
          "dco": 1539,
          "txt": "selected"
        },
        {
          "si": 15,
          "sti": 5,
          "dti": 310,
          "sco": 28,
          "dco": 1548,
          "txt": "to"
        },
        {
          "si": 15,
          "sti": 6,
          "dti": 311,
          "sco": 31,
          "dco": 1551,
          "txt": "represent"
        },
        {
          "si": 15,
          "sti": 7,
          "dti": 312,
          "sco": 41,
          "dco": 1561,
          "txt": "Scotland"
        },
        {
          "si": 15,
          "sti": 8,
          "dti": 313,
          "sco": 50,
          "dco": 1570,
          "txt": "on"
        },
        {
          "si": 15,
          "sti": 9,
          "dti": 314,
          "sco": 53,
          "dco": 1573,
          "txt": "two"
        },
        {
          "si": 15,
          "sti": 10,
          "dti": 315,
          "sco": 57,
          "dco": 1577,
          "txt": "occasions"
        },
        {
          "si": 15,
          "sti": 11,
          "dti": 316,
          "sco": 66,
          "dco": 1586,
          "txt": "."
        },
        {
          "si": 16,
          "sti": 0,
          "dti": 317,
          "sco": 0,
          "dco": 1588,
          "txt": "First"
        },
        {
          "si": 16,
          "sti": 1,
          "dti": 318,
          "sco": 6,
          "dco": 1594,
          "txt": "he"
        },
        {
          "si": 16,
          "sti": 2,
          "dti": 319,
          "sco": 9,
          "dco": 1597,
          "txt": "appeared"
        },
        {
          "si": 16,
          "sti": 3,
          "dti": 320,
          "sco": 18,
          "dco": 1606,
          "txt": "against"
        },
        {
          "si": 16,
          "sti": 4,
          "dti": 321,
          "sco": 26,
          "dco": 1614,
          "txt": "England"
        },
        {
          "si": 16,
          "sti": 5,
          "dti": 322,
          "sco": 34,
          "dco": 1622,
          "txt": "at"
        },
        {
          "si": 16,
          "sti": 6,
          "dti": 323,
          "sco": 37,
          "dco": 1625,
          "txt": "The"
        },
        {
          "si": 16,
          "sti": 7,
          "dti": 324,
          "sco": 41,
          "dco": 1629,
          "txt": "Oval"
        },
        {
          "si": 16,
          "sti": 8,
          "dti": 325,
          "sco": 46,
          "dco": 1634,
          "txt": "in"
        },
        {
          "si": 16,
          "sti": 9,
          "dti": 326,
          "sco": 49,
          "dco": 1637,
          "txt": "London"
        },
        {
          "si": 16,
          "sti": 10,
          "dti": 327,
          "sco": 56,
          "dco": 1644,
          "txt": "on"
        },
        {
          "si": 16,
          "sti": 11,
          "dti": 328,
          "sco": 59,
          "dco": 1647,
          "txt": "17"
        },
        {
          "si": 16,
          "sti": 12,
          "dti": 329,
          "sco": 62,
          "dco": 1650,
          "txt": "November"
        },
        {
          "si": 16,
          "sti": 13,
          "dti": 330,
          "sco": 71,
          "dco": 1659,
          "txt": "1871"
        },
        {
          "si": 16,
          "sti": 14,
          "dti": 331,
          "sco": 75,
          "dco": 1663,
          "txt": "."
        },
        {
          "si": 17,
          "sti": 0,
          "dti": 332,
          "sco": 0,
          "dco": 1665,
          "txt": "This"
        },
        {
          "si": 17,
          "sti": 1,
          "dti": 333,
          "sco": 5,
          "dco": 1670,
          "txt": "match"
        },
        {
          "si": 17,
          "sti": 2,
          "dti": 334,
          "sco": 10,
          "dco": 1675,
          "txt": ","
        },
        {
          "si": 17,
          "sti": 3,
          "dti": 335,
          "sco": 12,
          "dco": 1677,
          "txt": "however"
        },
        {
          "si": 17,
          "sti": 4,
          "dti": 336,
          "sco": 19,
          "dco": 1684,
          "txt": ","
        },
        {
          "si": 17,
          "sti": 5,
          "dti": 337,
          "sco": 21,
          "dco": 1686,
          "txt": "is"
        },
        {
          "si": 17,
          "sti": 6,
          "dti": 338,
          "sco": 24,
          "dco": 1689,
          "txt": "not"
        },
        {
          "si": 17,
          "sti": 7,
          "dti": 339,
          "sco": 28,
          "dco": 1693,
          "txt": "regarded"
        },
        {
          "si": 17,
          "sti": 8,
          "dti": 340,
          "sco": 37,
          "dco": 1702,
          "txt": "as"
        },
        {
          "si": 17,
          "sti": 9,
          "dti": 341,
          "sco": 40,
          "dco": 1705,
          "txt": "an"
        },
        {
          "si": 17,
          "sti": 10,
          "dti": 342,
          "sco": 43,
          "dco": 1708,
          "txt": "official"
        },
        {
          "si": 17,
          "sti": 11,
          "dti": 343,
          "sco": 52,
          "dco": 1717,
          "txt": "international"
        },
        {
          "si": 17,
          "sti": 12,
          "dti": 344,
          "sco": 65,
          "dco": 1730,
          "txt": ","
        },
        {
          "si": 17,
          "sti": 13,
          "dti": 345,
          "sco": 67,
          "dco": 1732,
          "txt": "the"
        },
        {
          "si": 17,
          "sti": 14,
          "dti": 346,
          "sco": 71,
          "dco": 1736,
          "txt": "Scottish"
        },
        {
          "si": 17,
          "sti": 15,
          "dti": 347,
          "sco": 80,
          "dco": 1745,
          "txt": "team"
        },
        {
          "si": 17,
          "sti": 16,
          "dti": 348,
          "sco": 85,
          "dco": 1750,
          "txt": "being"
        },
        {
          "si": 17,
          "sti": 17,
          "dti": 349,
          "sco": 91,
          "dco": 1756,
          "txt": "entirely"
        },
        {
          "si": 17,
          "sti": 18,
          "dti": 350,
          "sco": 100,
          "dco": 1765,
          "txt": "composed"
        },
        {
          "si": 17,
          "sti": 19,
          "dti": 351,
          "sco": 109,
          "dco": 1774,
          "txt": "of"
        },
        {
          "si": 17,
          "sti": 20,
          "dti": 352,
          "sco": 112,
          "dco": 1777,
          "txt": "London"
        },
        {
          "si": 17,
          "sti": 21,
          "dti": 353,
          "sco": 119,
          "dco": 1784,
          "txt": "area"
        },
        {
          "si": 17,
          "sti": 22,
          "dti": 354,
          "sco": 124,
          "dco": 1789,
          "txt": "residents"
        },
        {
          "si": 17,
          "sti": 23,
          "dti": 355,
          "sco": 133,
          "dco": 1798,
          "txt": "."
        },
        {
          "si": 18,
          "sti": 0,
          "dti": 356,
          "sco": 0,
          "dco": 1800,
          "txt": "Renny"
        },
        {
          "si": 18,
          "sti": 1,
          "dti": 357,
          "sco": 5,
          "dco": 1805,
          "txt": "-"
        },
        {
          "si": 18,
          "sti": 2,
          "dti": 358,
          "sco": 6,
          "dco": 1806,
          "txt": "Tailyour"
        },
        {
          "si": 18,
          "sti": 3,
          "dti": 359,
          "sco": 15,
          "dco": 1815,
          "txt": "was"
        },
        {
          "si": 18,
          "sti": 4,
          "dti": 360,
          "sco": 19,
          "dco": 1819,
          "txt": "selected"
        },
        {
          "si": 18,
          "sti": 5,
          "dti": 361,
          "sco": 28,
          "dco": 1828,
          "txt": "again"
        },
        {
          "si": 18,
          "sti": 6,
          "dti": 362,
          "sco": 34,
          "dco": 1834,
          "txt": "in"
        },
        {
          "si": 18,
          "sti": 7,
          "dti": 363,
          "sco": 37,
          "dco": 1837,
          "txt": "1873"
        },
        {
          "si": 18,
          "sti": 8,
          "dti": 364,
          "sco": 41,
          "dco": 1841,
          "txt": ","
        },
        {
          "si": 18,
          "sti": 9,
          "dti": 365,
          "sco": 43,
          "dco": 1843,
          "txt": "when"
        },
        {
          "si": 18,
          "sti": 10,
          "dti": 366,
          "sco": 48,
          "dco": 1848,
          "txt": "England"
        },
        {
          "si": 18,
          "sti": 11,
          "dti": 367,
          "sco": 56,
          "dco": 1856,
          "txt": "hosted"
        },
        {
          "si": 18,
          "sti": 12,
          "dti": 368,
          "sco": 63,
          "dco": 1863,
          "txt": "an"
        },
        {
          "si": 18,
          "sti": 13,
          "dti": 369,
          "sco": 66,
          "dco": 1866,
          "txt": "official"
        },
        {
          "si": 18,
          "sti": 14,
          "dti": 370,
          "sco": 75,
          "dco": 1875,
          "txt": "international"
        },
        {
          "si": 18,
          "sti": 15,
          "dti": 371,
          "sco": 89,
          "dco": 1889,
          "txt": "between"
        },
        {
          "si": 18,
          "sti": 16,
          "dti": 372,
          "sco": 97,
          "dco": 1897,
          "txt": "the"
        },
        {
          "si": 18,
          "sti": 17,
          "dti": 373,
          "sco": 101,
          "dco": 1901,
          "txt": "two"
        },
        {
          "si": 18,
          "sti": 18,
          "dti": 374,
          "sco": 105,
          "dco": 1905,
          "txt": "countries"
        },
        {
          "si": 18,
          "sti": 19,
          "dti": 375,
          "sco": 115,
          "dco": 1915,
          "txt": "for"
        },
        {
          "si": 18,
          "sti": 20,
          "dti": 376,
          "sco": 119,
          "dco": 1919,
          "txt": "the"
        },
        {
          "si": 18,
          "sti": 21,
          "dti": 377,
          "sco": 123,
          "dco": 1923,
          "txt": "first"
        },
        {
          "si": 18,
          "sti": 22,
          "dti": 378,
          "sco": 129,
          "dco": 1929,
          "txt": "time"
        },
        {
          "si": 18,
          "sti": 23,
          "dti": 379,
          "sco": 133,
          "dco": 1933,
          "txt": "."
        },
        {
          "si": 19,
          "sti": 0,
          "dti": 380,
          "sco": 0,
          "dco": 1935,
          "txt": "His"
        },
        {
          "si": 19,
          "sti": 1,
          "dti": 381,
          "sco": 4,
          "dco": 1939,
          "txt": "residence"
        },
        {
          "si": 19,
          "sti": 2,
          "dti": 382,
          "sco": 14,
          "dco": 1949,
          "txt": "again"
        },
        {
          "si": 19,
          "sti": 3,
          "dti": 383,
          "sco": 20,
          "dco": 1955,
          "txt": "proved"
        },
        {
          "si": 19,
          "sti": 4,
          "dti": 384,
          "sco": 27,
          "dco": 1962,
          "txt": "to"
        },
        {
          "si": 19,
          "sti": 5,
          "dti": 385,
          "sco": 30,
          "dco": 1965,
          "txt": "be"
        },
        {
          "si": 19,
          "sti": 6,
          "dti": 386,
          "sco": 33,
          "dco": 1968,
          "txt": "a"
        },
        {
          "si": 19,
          "sti": 7,
          "dti": 387,
          "sco": 35,
          "dco": 1970,
          "txt": "factor"
        },
        {
          "si": 19,
          "sti": 8,
          "dti": 388,
          "sco": 41,
          "dco": 1976,
          "txt": ","
        },
        {
          "si": 19,
          "sti": 9,
          "dti": 389,
          "sco": 43,
          "dco": 1978,
          "txt": "as"
        },
        {
          "si": 19,
          "sti": 10,
          "dti": 390,
          "sco": 46,
          "dco": 1981,
          "txt": "the"
        },
        {
          "si": 19,
          "sti": 11,
          "dti": 391,
          "sco": 50,
          "dco": 1985,
          "txt": "fledgling"
        },
        {
          "si": 19,
          "sti": 12,
          "dti": 392,
          "sco": 60,
          "dco": 1995,
          "txt": "Scottish"
        },
        {
          "si": 19,
          "sti": 13,
          "dti": 393,
          "sco": 69,
          "dco": 2004,
          "txt": "Football"
        },
        {
          "si": 19,
          "sti": 14,
          "dti": 394,
          "sco": 78,
          "dco": 2013,
          "txt": "Association"
        },
        {
          "si": 19,
          "sti": 15,
          "dti": 395,
          "sco": 90,
          "dco": 2025,
          "txt": "was"
        },
        {
          "si": 19,
          "sti": 16,
          "dti": 396,
          "sco": 94,
          "dco": 2029,
          "txt": "only"
        },
        {
          "si": 19,
          "sti": 17,
          "dti": 397,
          "sco": 99,
          "dco": 2034,
          "txt": "able"
        },
        {
          "si": 19,
          "sti": 18,
          "dti": 398,
          "sco": 104,
          "dco": 2039,
          "txt": "to"
        },
        {
          "si": 19,
          "sti": 19,
          "dti": 399,
          "sco": 107,
          "dco": 2042,
          "txt": "fund"
        },
        {
          "si": 19,
          "sti": 20,
          "dti": 400,
          "sco": 112,
          "dco": 2047,
          "txt": "eight"
        },
        {
          "si": 19,
          "sti": 21,
          "dti": 401,
          "sco": 118,
          "dco": 2053,
          "txt": "players"
        },
        {
          "si": 19,
          "sti": 22,
          "dti": 402,
          "sco": 126,
          "dco": 2061,
          "txt": "to"
        },
        {
          "si": 19,
          "sti": 23,
          "dti": 403,
          "sco": 129,
          "dco": 2064,
          "txt": "travel"
        },
        {
          "si": 19,
          "sti": 24,
          "dti": 404,
          "sco": 136,
          "dco": 2071,
          "txt": "to"
        },
        {
          "si": 19,
          "sti": 25,
          "dti": 405,
          "sco": 139,
          "dco": 2074,
          "txt": "London"
        },
        {
          "si": 19,
          "sti": 26,
          "dti": 406,
          "sco": 145,
          "dco": 2080,
          "txt": "."
        },
        {
          "si": 20,
          "sti": 0,
          "dti": 407,
          "sco": 0,
          "dco": 2082,
          "txt": "It"
        },
        {
          "si": 20,
          "sti": 1,
          "dti": 408,
          "sco": 3,
          "dco": 2085,
          "txt": "was"
        },
        {
          "si": 20,
          "sti": 2,
          "dti": 409,
          "sco": 7,
          "dco": 2089,
          "txt": "therefore"
        },
        {
          "si": 20,
          "sti": 3,
          "dti": 410,
          "sco": 17,
          "dco": 2099,
          "txt": "necessary"
        },
        {
          "si": 20,
          "sti": 4,
          "dti": 411,
          "sco": 27,
          "dco": 2109,
          "txt": "to"
        },
        {
          "si": 20,
          "sti": 5,
          "dti": 412,
          "sco": 30,
          "dco": 2112,
          "txt": "supplement"
        },
        {
          "si": 20,
          "sti": 6,
          "dti": 413,
          "sco": 41,
          "dco": 2123,
          "txt": "the"
        },
        {
          "si": 20,
          "sti": 7,
          "dti": 414,
          "sco": 45,
          "dco": 2127,
          "txt": "team"
        },
        {
          "si": 20,
          "sti": 8,
          "dti": 415,
          "sco": 50,
          "dco": 2132,
          "txt": "with"
        },
        {
          "si": 20,
          "sti": 9,
          "dti": 416,
          "sco": 55,
          "dco": 2137,
          "txt": "three"
        },
        {
          "si": 20,
          "sti": 10,
          "dti": 417,
          "sco": 61,
          "dco": 2143,
          "txt": "others"
        },
        {
          "si": 20,
          "sti": 11,
          "dti": 418,
          "sco": 68,
          "dco": 2150,
          "txt": "based"
        },
        {
          "si": 20,
          "sti": 12,
          "dti": 419,
          "sco": 74,
          "dco": 2156,
          "txt": "in"
        },
        {
          "si": 20,
          "sti": 13,
          "dti": 420,
          "sco": 77,
          "dco": 2159,
          "txt": "the"
        },
        {
          "si": 20,
          "sti": 14,
          "dti": 421,
          "sco": 81,
          "dco": 2163,
          "txt": "south"
        },
        {
          "si": 20,
          "sti": 15,
          "dti": 422,
          "sco": 86,
          "dco": 2168,
          "txt": "."
        },
        {
          "si": 21,
          "sti": 0,
          "dti": 423,
          "sco": 0,
          "dco": 2170,
          "txt": "Renny"
        },
        {
          "si": 21,
          "sti": 1,
          "dti": 424,
          "sco": 5,
          "dco": 2175,
          "txt": "-"
        },
        {
          "si": 21,
          "sti": 2,
          "dti": 425,
          "sco": 6,
          "dco": 2176,
          "txt": "Tailyour"
        },
        {
          "si": 21,
          "sti": 3,
          "dti": 426,
          "sco": 14,
          "dco": 2184,
          "txt": "'"
        },
        {
          "si": 21,
          "sti": 4,
          "dti": 427,
          "sco": 15,
          "dco": 2185,
          "txt": "s"
        },
        {
          "si": 21,
          "sti": 5,
          "dti": 428,
          "sco": 17,
          "dco": 2187,
          "txt": "goal"
        },
        {
          "si": 21,
          "sti": 6,
          "dti": 429,
          "sco": 22,
          "dco": 2192,
          "txt": "in"
        },
        {
          "si": 21,
          "sti": 7,
          "dti": 430,
          "sco": 25,
          "dco": 2195,
          "txt": "Scotland"
        },
        {
          "si": 21,
          "sti": 8,
          "dti": 431,
          "sco": 33,
          "dco": 2203,
          "txt": "'"
        },
        {
          "si": 21,
          "sti": 9,
          "dti": 432,
          "sco": 34,
          "dco": 2204,
          "txt": "s"
        },
        {
          "si": 21,
          "sti": 10,
          "dti": 433,
          "sco": 36,
          "dco": 2206,
          "txt": "4"
        },
        {
          "si": 21,
          "sti": 11,
          "dti": 434,
          "sco": 37,
          "dco": 2207,
          "txt": "-"
        },
        {
          "si": 21,
          "sti": 12,
          "dti": 435,
          "sco": 38,
          "dco": 2208,
          "txt": "2"
        },
        {
          "si": 21,
          "sti": 13,
          "dti": 436,
          "sco": 40,
          "dco": 2210,
          "txt": "defeat"
        },
        {
          "si": 21,
          "sti": 14,
          "dti": 437,
          "sco": 47,
          "dco": 2217,
          "txt": "at"
        },
        {
          "si": 21,
          "sti": 15,
          "dti": 438,
          "sco": 50,
          "dco": 2220,
          "txt": "The"
        },
        {
          "si": 21,
          "sti": 16,
          "dti": 439,
          "sco": 54,
          "dco": 2224,
          "txt": "Oval"
        },
        {
          "si": 21,
          "sti": 17,
          "dti": 440,
          "sco": 59,
          "dco": 2229,
          "txt": "gave"
        },
        {
          "si": 21,
          "sti": 18,
          "dti": 441,
          "sco": 64,
          "dco": 2234,
          "txt": "him"
        },
        {
          "si": 21,
          "sti": 19,
          "dti": 442,
          "sco": 68,
          "dco": 2238,
          "txt": "the"
        },
        {
          "si": 21,
          "sti": 20,
          "dti": 443,
          "sco": 72,
          "dco": 2242,
          "txt": "honour"
        },
        {
          "si": 21,
          "sti": 21,
          "dti": 444,
          "sco": 79,
          "dco": 2249,
          "txt": "of"
        },
        {
          "si": 21,
          "sti": 22,
          "dti": 445,
          "sco": 82,
          "dco": 2252,
          "txt": "scoring"
        },
        {
          "si": 21,
          "sti": 23,
          "dti": 446,
          "sco": 90,
          "dco": 2260,
          "txt": "Scotland"
        },
        {
          "si": 21,
          "sti": 24,
          "dti": 447,
          "sco": 98,
          "dco": 2268,
          "txt": "'"
        },
        {
          "si": 21,
          "sti": 25,
          "dti": 448,
          "sco": 99,
          "dco": 2269,
          "txt": "s"
        },
        {
          "si": 21,
          "sti": 26,
          "dti": 449,
          "sco": 101,
          "dco": 2271,
          "txt": "first"
        },
        {
          "si": 21,
          "sti": 27,
          "dti": 450,
          "sco": 107,
          "dco": 2277,
          "txt": "international"
        },
        {
          "si": 21,
          "sti": 28,
          "dti": 451,
          "sco": 121,
          "dco": 2291,
          "txt": "goal"
        },
        {
          "si": 21,
          "sti": 29,
          "dti": 452,
          "sco": 125,
          "dco": 2295,
          "txt": "."
        },
        {
          "si": 22,
          "sti": 0,
          "dti": 453,
          "sco": 0,
          "dco": 2297,
          "txt": "His"
        },
        {
          "si": 22,
          "sti": 1,
          "dti": 454,
          "sco": 4,
          "dco": 2301,
          "txt": "family"
        },
        {
          "si": 22,
          "sti": 2,
          "dti": 455,
          "sco": 11,
          "dco": 2308,
          "txt": "connections"
        },
        {
          "si": 22,
          "sti": 3,
          "dti": 456,
          "sco": 23,
          "dco": 2320,
          "txt": "with"
        },
        {
          "si": 22,
          "sti": 4,
          "dti": 457,
          "sco": 28,
          "dco": 2325,
          "txt": "Montrose"
        },
        {
          "si": 22,
          "sti": 5,
          "dti": 458,
          "sco": 37,
          "dco": 2334,
          "txt": "led"
        },
        {
          "si": 22,
          "sti": 6,
          "dti": 459,
          "sco": 41,
          "dco": 2338,
          "txt": "to"
        },
        {
          "si": 22,
          "sti": 7,
          "dti": 460,
          "sco": 44,
          "dco": 2341,
          "txt": "him"
        },
        {
          "si": 22,
          "sti": 8,
          "dti": 461,
          "sco": 48,
          "dco": 2345,
          "txt": "being"
        },
        {
          "si": 22,
          "sti": 9,
          "dti": 462,
          "sco": 54,
          "dco": 2351,
          "txt": "appointed"
        },
        {
          "si": 22,
          "sti": 10,
          "dti": 463,
          "sco": 64,
          "dco": 2361,
          "txt": "as"
        },
        {
          "si": 22,
          "sti": 11,
          "dti": 464,
          "sco": 67,
          "dco": 2364,
          "txt": "the"
        },
        {
          "si": 22,
          "sti": 12,
          "dti": 465,
          "sco": 71,
          "dco": 2368,
          "txt": "local"
        },
        {
          "si": 22,
          "sti": 13,
          "dti": 466,
          "sco": 77,
          "dco": 2374,
          "txt": "football"
        },
        {
          "si": 22,
          "sti": 14,
          "dti": 467,
          "sco": 86,
          "dco": 2383,
          "txt": "club"
        },
        {
          "si": 22,
          "sti": 15,
          "dti": 468,
          "sco": 90,
          "dco": 2387,
          "txt": "'"
        },
        {
          "si": 22,
          "sti": 16,
          "dti": 469,
          "sco": 91,
          "dco": 2388,
          "txt": "s"
        },
        {
          "si": 22,
          "sti": 17,
          "dti": 470,
          "sco": 93,
          "dco": 2390,
          "txt": "Honorary"
        },
        {
          "si": 22,
          "sti": 18,
          "dti": 471,
          "sco": 102,
          "dco": 2399,
          "txt": "President"
        },
        {
          "si": 22,
          "sti": 19,
          "dti": 472,
          "sco": 111,
          "dco": 2408,
          "txt": ","
        },
        {
          "si": 22,
          "sti": 20,
          "dti": 473,
          "sco": 113,
          "dco": 2410,
          "txt": "1887"
        },
        {
          "si": 22,
          "sti": 21,
          "dti": 474,
          "sco": 117,
          "dco": 2414,
          "txt": "-"
        },
        {
          "si": 22,
          "sti": 22,
          "dti": 475,
          "sco": 118,
          "dco": 2415,
          "txt": "88"
        },
        {
          "si": 22,
          "sti": 23,
          "dti": 476,
          "sco": 120,
          "dco": 2417,
          "txt": "."
        },
        {
          "si": 23,
          "sti": 0,
          "dti": 477,
          "sco": 0,
          "dco": 2419,
          "txt": "Cricket"
        },
        {
          "si": 23,
          "sti": 1,
          "dti": 478,
          "sco": 7,
          "dco": 2426,
          "txt": "."
        },
        {
          "si": 24,
          "sti": 0,
          "dti": 479,
          "sco": 0,
          "dco": 2428,
          "txt": "A"
        },
        {
          "si": 24,
          "sti": 1,
          "dti": 480,
          "sco": 2,
          "dco": 2430,
          "txt": "middle"
        },
        {
          "si": 24,
          "sti": 2,
          "dti": 481,
          "sco": 9,
          "dco": 2437,
          "txt": "order"
        },
        {
          "si": 24,
          "sti": 3,
          "dti": 482,
          "sco": 15,
          "dco": 2443,
          "txt": "batsman"
        },
        {
          "si": 24,
          "sti": 4,
          "dti": 483,
          "sco": 23,
          "dco": 2451,
          "txt": "and"
        },
        {
          "si": 24,
          "sti": 5,
          "dti": 484,
          "sco": 27,
          "dco": 2455,
          "txt": "occasional"
        },
        {
          "si": 24,
          "sti": 6,
          "dti": 485,
          "sco": 38,
          "dco": 2466,
          "txt": "bowler"
        },
        {
          "si": 24,
          "sti": 7,
          "dti": 486,
          "sco": 44,
          "dco": 2472,
          "txt": ","
        },
        {
          "si": 24,
          "sti": 8,
          "dti": 487,
          "sco": 46,
          "dco": 2474,
          "txt": "Renny"
        },
        {
          "si": 24,
          "sti": 9,
          "dti": 488,
          "sco": 51,
          "dco": 2479,
          "txt": "-"
        },
        {
          "si": 24,
          "sti": 10,
          "dti": 489,
          "sco": 52,
          "dco": 2480,
          "txt": "Tailyour"
        },
        {
          "si": 24,
          "sti": 11,
          "dti": 490,
          "sco": 60,
          "dco": 2488,
          "txt": "'"
        },
        {
          "si": 24,
          "sti": 12,
          "dti": 491,
          "sco": 61,
          "dco": 2489,
          "txt": "s"
        },
        {
          "si": 24,
          "sti": 13,
          "dti": 492,
          "sco": 63,
          "dco": 2491,
          "txt": "cricketing"
        },
        {
          "si": 24,
          "sti": 14,
          "dti": 493,
          "sco": 74,
          "dco": 2502,
          "txt": "career"
        },
        {
          "si": 24,
          "sti": 15,
          "dti": 494,
          "sco": 81,
          "dco": 2509,
          "txt": "was"
        },
        {
          "si": 24,
          "sti": 16,
          "dti": 495,
          "sco": 85,
          "dco": 2513,
          "txt": "restricted"
        },
        {
          "si": 24,
          "sti": 17,
          "dti": 496,
          "sco": 96,
          "dco": 2524,
          "txt": "by"
        },
        {
          "si": 24,
          "sti": 18,
          "dti": 497,
          "sco": 99,
          "dco": 2527,
          "txt": "his"
        },
        {
          "si": 24,
          "sti": 19,
          "dti": 498,
          "sco": 103,
          "dco": 2531,
          "txt": "army"
        },
        {
          "si": 24,
          "sti": 20,
          "dti": 499,
          "sco": 108,
          "dco": 2536,
          "txt": "service"
        },
        {
          "si": 24,
          "sti": 21,
          "dti": 500,
          "sco": 115,
          "dco": 2543,
          "txt": "."
        },
        {
          "si": 25,
          "sti": 0,
          "dti": 501,
          "sco": 0,
          "dco": 2545,
          "txt": "He"
        },
        {
          "si": 25,
          "sti": 1,
          "dti": 502,
          "sco": 3,
          "dco": 2548,
          "txt": "played"
        },
        {
          "si": 25,
          "sti": 2,
          "dti": 503,
          "sco": 10,
          "dco": 2555,
          "txt": "mostly"
        },
        {
          "si": 25,
          "sti": 3,
          "dti": 504,
          "sco": 17,
          "dco": 2562,
          "txt": "minor"
        },
        {
          "si": 25,
          "sti": 4,
          "dti": 505,
          "sco": 23,
          "dco": 2568,
          "txt": "cricket"
        },
        {
          "si": 25,
          "sti": 5,
          "dti": 506,
          "sco": 30,
          "dco": 2575,
          "txt": ","
        },
        {
          "si": 25,
          "sti": 6,
          "dti": 507,
          "sco": 32,
          "dco": 2577,
          "txt": "for"
        },
        {
          "si": 25,
          "sti": 7,
          "dti": 508,
          "sco": 36,
          "dco": 2581,
          "txt": "the"
        },
        {
          "si": 25,
          "sti": 8,
          "dti": 509,
          "sco": 40,
          "dco": 2585,
          "txt": "Royal"
        },
        {
          "si": 25,
          "sti": 9,
          "dti": 510,
          "sco": 46,
          "dco": 2591,
          "txt": "Engineers"
        },
        {
          "si": 25,
          "sti": 10,
          "dti": 511,
          "sco": 55,
          "dco": 2600,
          "txt": ","
        },
        {
          "si": 25,
          "sti": 11,
          "dti": 512,
          "sco": 57,
          "dco": 2602,
          "txt": "I"
        },
        {
          "si": 25,
          "sti": 12,
          "dti": 513,
          "sco": 59,
          "dco": 2604,
          "txt": "Zingari"
        },
        {
          "si": 25,
          "sti": 13,
          "dti": 514,
          "sco": 66,
          "dco": 2611,
          "txt": ","
        },
        {
          "si": 25,
          "sti": 14,
          "dti": 515,
          "sco": 68,
          "dco": 2613,
          "txt": "Strathmore"
        },
        {
          "si": 25,
          "sti": 15,
          "dti": 516,
          "sco": 79,
          "dco": 2624,
          "txt": "and"
        },
        {
          "si": 25,
          "sti": 16,
          "dti": 517,
          "sco": 83,
          "dco": 2628,
          "txt": "Aberdeenshire"
        },
        {
          "si": 25,
          "sti": 17,
          "dti": 518,
          "sco": 96,
          "dco": 2641,
          "txt": ","
        },
        {
          "si": 25,
          "sti": 18,
          "dti": 519,
          "sco": 98,
          "dco": 2643,
          "txt": "but"
        },
        {
          "si": 25,
          "sti": 19,
          "dti": 520,
          "sco": 102,
          "dco": 2647,
          "txt": "also"
        },
        {
          "si": 25,
          "sti": 20,
          "dti": 521,
          "sco": 107,
          "dco": 2652,
          "txt": "played"
        },
        {
          "si": 25,
          "sti": 21,
          "dti": 522,
          "sco": 114,
          "dco": 2659,
          "txt": "at"
        },
        {
          "si": 25,
          "sti": 22,
          "dti": 523,
          "sco": 117,
          "dco": 2662,
          "txt": "first"
        },
        {
          "si": 25,
          "sti": 23,
          "dti": 524,
          "sco": 123,
          "dco": 2668,
          "txt": "class"
        },
        {
          "si": 25,
          "sti": 24,
          "dti": 525,
          "sco": 129,
          "dco": 2674,
          "txt": "level"
        },
        {
          "si": 25,
          "sti": 25,
          "dti": 526,
          "sco": 134,
          "dco": 2679,
          "txt": ","
        },
        {
          "si": 25,
          "sti": 26,
          "dti": 527,
          "sco": 136,
          "dco": 2681,
          "txt": "albeit"
        },
        {
          "si": 25,
          "sti": 27,
          "dti": 528,
          "sco": 143,
          "dco": 2688,
          "txt": "only"
        },
        {
          "si": 25,
          "sti": 28,
          "dti": 529,
          "sco": 148,
          "dco": 2693,
          "txt": "28"
        },
        {
          "si": 25,
          "sti": 29,
          "dti": 530,
          "sco": 151,
          "dco": 2696,
          "txt": "matches"
        },
        {
          "si": 25,
          "sti": 30,
          "dti": 531,
          "sco": 159,
          "dco": 2704,
          "txt": "over"
        },
        {
          "si": 25,
          "sti": 31,
          "dti": 532,
          "sco": 164,
          "dco": 2709,
          "txt": "a"
        },
        {
          "si": 25,
          "sti": 32,
          "dti": 533,
          "sco": 166,
          "dco": 2711,
          "txt": "period"
        },
        {
          "si": 25,
          "sti": 33,
          "dti": 534,
          "sco": 173,
          "dco": 2718,
          "txt": "of"
        },
        {
          "si": 25,
          "sti": 34,
          "dti": 535,
          "sco": 176,
          "dco": 2721,
          "txt": "a"
        },
        {
          "si": 25,
          "sti": 35,
          "dti": 536,
          "sco": 178,
          "dco": 2723,
          "txt": "decade"
        },
        {
          "si": 25,
          "sti": 36,
          "dti": 537,
          "sco": 184,
          "dco": 2729,
          "txt": "."
        },
        {
          "si": 26,
          "sti": 0,
          "dti": 538,
          "sco": 0,
          "dco": 2731,
          "txt": "As"
        },
        {
          "si": 26,
          "sti": 1,
          "dti": 539,
          "sco": 3,
          "dco": 2734,
          "txt": "well"
        },
        {
          "si": 26,
          "sti": 2,
          "dti": 540,
          "sco": 8,
          "dco": 2739,
          "txt": "as"
        },
        {
          "si": 26,
          "sti": 3,
          "dti": 541,
          "sco": 11,
          "dco": 2742,
          "txt": "representing"
        },
        {
          "si": 26,
          "sti": 4,
          "dti": 542,
          "sco": 24,
          "dco": 2755,
          "txt": "Kent"
        },
        {
          "si": 26,
          "sti": 5,
          "dti": 543,
          "sco": 28,
          "dco": 2759,
          "txt": ","
        },
        {
          "si": 26,
          "sti": 6,
          "dti": 544,
          "sco": 30,
          "dco": 2761,
          "txt": "Renny"
        },
        {
          "si": 26,
          "sti": 7,
          "dti": 545,
          "sco": 35,
          "dco": 2766,
          "txt": "-"
        },
        {
          "si": 26,
          "sti": 8,
          "dti": 546,
          "sco": 36,
          "dco": 2767,
          "txt": "Tailyor"
        },
        {
          "si": 26,
          "sti": 9,
          "dti": 547,
          "sco": 44,
          "dco": 2775,
          "txt": "appeared"
        },
        {
          "si": 26,
          "sti": 10,
          "dti": 548,
          "sco": 53,
          "dco": 2784,
          "txt": "for"
        },
        {
          "si": 26,
          "sti": 11,
          "dti": 549,
          "sco": 57,
          "dco": 2788,
          "txt": "the"
        },
        {
          "si": 26,
          "sti": 12,
          "dti": 550,
          "sco": 61,
          "dco": 2792,
          "txt": "Gentlemen"
        },
        {
          "si": 26,
          "sti": 13,
          "dti": 551,
          "sco": 71,
          "dco": 2802,
          "txt": "in"
        },
        {
          "si": 26,
          "sti": 14,
          "dti": 552,
          "sco": 74,
          "dco": 2805,
          "txt": "Gentlemen"
        },
        {
          "si": 26,
          "sti": 15,
          "dti": 553,
          "sco": 84,
          "dco": 2815,
          "txt": "v"
        },
        {
          "si": 26,
          "sti": 16,
          "dti": 554,
          "sco": 86,
          "dco": 2817,
          "txt": "Players"
        },
        {
          "si": 26,
          "sti": 17,
          "dti": 555,
          "sco": 94,
          "dco": 2825,
          "txt": "matches"
        },
        {
          "si": 26,
          "sti": 18,
          "dti": 556,
          "sco": 101,
          "dco": 2832,
          "txt": ","
        },
        {
          "si": 26,
          "sti": 19,
          "dti": 557,
          "sco": 103,
          "dco": 2834,
          "txt": "and"
        },
        {
          "si": 26,
          "sti": 20,
          "dti": 558,
          "sco": 107,
          "dco": 2838,
          "txt": "also"
        },
        {
          "si": 26,
          "sti": 21,
          "dti": 559,
          "sco": 112,
          "dco": 2843,
          "txt": "played"
        },
        {
          "si": 26,
          "sti": 22,
          "dti": 560,
          "sco": 119,
          "dco": 2850,
          "txt": "in"
        },
        {
          "si": 26,
          "sti": 23,
          "dti": 561,
          "sco": 122,
          "dco": 2853,
          "txt": "first"
        },
        {
          "si": 26,
          "sti": 24,
          "dti": 562,
          "sco": 128,
          "dco": 2859,
          "txt": "class"
        },
        {
          "si": 26,
          "sti": 25,
          "dti": 563,
          "sco": 134,
          "dco": 2865,
          "txt": "matches"
        },
        {
          "si": 26,
          "sti": 26,
          "dti": 564,
          "sco": 142,
          "dco": 2873,
          "txt": "for"
        },
        {
          "si": 26,
          "sti": 27,
          "dti": 565,
          "sco": 146,
          "dco": 2877,
          "txt": "MCC"
        },
        {
          "si": 26,
          "sti": 28,
          "dti": 566,
          "sco": 149,
          "dco": 2880,
          "txt": ","
        },
        {
          "si": 26,
          "sti": 29,
          "dti": 567,
          "sco": 151,
          "dco": 2882,
          "txt": "Gentlemen"
        },
        {
          "si": 26,
          "sti": 30,
          "dti": 568,
          "sco": 161,
          "dco": 2892,
          "txt": "of"
        },
        {
          "si": 26,
          "sti": 31,
          "dti": 569,
          "sco": 164,
          "dco": 2895,
          "txt": "the"
        },
        {
          "si": 26,
          "sti": 32,
          "dti": 570,
          "sco": 168,
          "dco": 2899,
          "txt": "South"
        },
        {
          "si": 26,
          "sti": 33,
          "dti": 571,
          "sco": 173,
          "dco": 2904,
          "txt": ","
        },
        {
          "si": 26,
          "sti": 34,
          "dti": 572,
          "sco": 175,
          "dco": 2906,
          "txt": "the"
        },
        {
          "si": 26,
          "sti": 35,
          "dti": 573,
          "sco": 179,
          "dco": 2910,
          "txt": "South"
        },
        {
          "si": 26,
          "sti": 36,
          "dti": 574,
          "sco": 185,
          "dco": 2916,
          "txt": "of"
        },
        {
          "si": 26,
          "sti": 37,
          "dti": 575,
          "sco": 188,
          "dco": 2919,
          "txt": "England"
        },
        {
          "si": 26,
          "sti": 38,
          "dti": 576,
          "sco": 196,
          "dco": 2927,
          "txt": "and"
        },
        {
          "si": 26,
          "sti": 39,
          "dti": 577,
          "sco": 200,
          "dco": 2931,
          "txt": "a"
        },
        {
          "si": 26,
          "sti": 40,
          "dti": 578,
          "sco": 202,
          "dco": 2933,
          "txt": "combined"
        },
        {
          "si": 26,
          "sti": 41,
          "dti": 579,
          "sco": 211,
          "dco": 2942,
          "txt": "Kent"
        },
        {
          "si": 26,
          "sti": 42,
          "dti": 580,
          "sco": 216,
          "dco": 2947,
          "txt": "and"
        },
        {
          "si": 26,
          "sti": 43,
          "dti": 581,
          "sco": 220,
          "dco": 2951,
          "txt": "Gloucestershire"
        },
        {
          "si": 26,
          "sti": 44,
          "dti": 582,
          "sco": 236,
          "dco": 2967,
          "txt": "XI"
        },
        {
          "si": 26,
          "sti": 45,
          "dti": 583,
          "sco": 238,
          "dco": 2969,
          "txt": "."
        },
        {
          "si": 27,
          "sti": 0,
          "dti": 584,
          "sco": 0,
          "dco": 2971,
          "txt": "Rugby"
        },
        {
          "si": 27,
          "sti": 1,
          "dti": 585,
          "sco": 5,
          "dco": 2976,
          "txt": "."
        },
        {
          "si": 28,
          "sti": 0,
          "dti": 586,
          "sco": 0,
          "dco": 2978,
          "txt": "Renny"
        },
        {
          "si": 28,
          "sti": 1,
          "dti": 587,
          "sco": 5,
          "dco": 2983,
          "txt": "-"
        },
        {
          "si": 28,
          "sti": 2,
          "dti": 588,
          "sco": 6,
          "dco": 2984,
          "txt": "Tailyour"
        },
        {
          "si": 28,
          "sti": 3,
          "dti": 589,
          "sco": 15,
          "dco": 2993,
          "txt": "also"
        },
        {
          "si": 28,
          "sti": 4,
          "dti": 590,
          "sco": 20,
          "dco": 2998,
          "txt": "played"
        },
        {
          "si": 28,
          "sti": 5,
          "dti": 591,
          "sco": 27,
          "dco": 3005,
          "txt": "for"
        },
        {
          "si": 28,
          "sti": 6,
          "dti": 592,
          "sco": 31,
          "dco": 3009,
          "txt": "the"
        },
        {
          "si": 28,
          "sti": 7,
          "dti": 593,
          "sco": 35,
          "dco": 3013,
          "txt": "Royal"
        },
        {
          "si": 28,
          "sti": 8,
          "dti": 594,
          "sco": 41,
          "dco": 3019,
          "txt": "Engineers"
        },
        {
          "si": 28,
          "sti": 9,
          "dti": 595,
          "sco": 51,
          "dco": 3029,
          "txt": "on"
        },
        {
          "si": 28,
          "sti": 10,
          "dti": 596,
          "sco": 54,
          "dco": 3032,
          "txt": "the"
        },
        {
          "si": 28,
          "sti": 11,
          "dti": 597,
          "sco": 58,
          "dco": 3036,
          "txt": "rugby"
        },
        {
          "si": 28,
          "sti": 12,
          "dti": 598,
          "sco": 64,
          "dco": 3042,
          "txt": "field"
        },
        {
          "si": 28,
          "sti": 13,
          "dti": 599,
          "sco": 69,
          "dco": 3047,
          "txt": ","
        },
        {
          "si": 28,
          "sti": 14,
          "dti": 600,
          "sco": 71,
          "dco": 3049,
          "txt": "and"
        },
        {
          "si": 28,
          "sti": 15,
          "dti": 601,
          "sco": 75,
          "dco": 3053,
          "txt": "represented"
        },
        {
          "si": 28,
          "sti": 16,
          "dti": 602,
          "sco": 87,
          "dco": 3065,
          "txt": "Scotland"
        },
        {
          "si": 28,
          "sti": 17,
          "dti": 603,
          "sco": 96,
          "dco": 3074,
          "txt": "in"
        },
        {
          "si": 28,
          "sti": 18,
          "dti": 604,
          "sco": 99,
          "dco": 3077,
          "txt": "one"
        },
        {
          "si": 28,
          "sti": 19,
          "dti": 605,
          "sco": 103,
          "dco": 3081,
          "txt": "of"
        },
        {
          "si": 28,
          "sti": 20,
          "dti": 606,
          "sco": 106,
          "dco": 3084,
          "txt": "that"
        },
        {
          "si": 28,
          "sti": 21,
          "dti": 607,
          "sco": 111,
          "dco": 3089,
          "txt": "sport"
        },
        {
          "si": 28,
          "sti": 22,
          "dti": 608,
          "sco": 116,
          "dco": 3094,
          "txt": "'"
        },
        {
          "si": 28,
          "sti": 23,
          "dti": 609,
          "sco": 117,
          "dco": 3095,
          "txt": "s"
        },
        {
          "si": 28,
          "sti": 24,
          "dti": 610,
          "sco": 119,
          "dco": 3097,
          "txt": "earliest"
        },
        {
          "si": 28,
          "sti": 25,
          "dti": 611,
          "sco": 128,
          "dco": 3106,
          "txt": "internationals"
        },
        {
          "si": 28,
          "sti": 26,
          "dti": 612,
          "sco": 142,
          "dco": 3120,
          "txt": ","
        },
        {
          "si": 28,
          "sti": 27,
          "dti": 613,
          "sco": 144,
          "dco": 3122,
          "txt": "against"
        },
        {
          "si": 28,
          "sti": 28,
          "dti": 614,
          "sco": 152,
          "dco": 3130,
          "txt": "England"
        },
        {
          "si": 28,
          "sti": 29,
          "dti": 615,
          "sco": 160,
          "dco": 3138,
          "txt": "at"
        },
        {
          "si": 28,
          "sti": 30,
          "dti": 616,
          "sco": 163,
          "dco": 3141,
          "txt": "The"
        },
        {
          "si": 28,
          "sti": 31,
          "dti": 617,
          "sco": 167,
          "dco": 3145,
          "txt": "Oval"
        },
        {
          "si": 28,
          "sti": 32,
          "dti": 618,
          "sco": 172,
          "dco": 3150,
          "txt": "in"
        },
        {
          "si": 28,
          "sti": 33,
          "dti": 619,
          "sco": 175,
          "dco": 3153,
          "txt": "1872"
        },
        {
          "si": 28,
          "sti": 34,
          "dti": 620,
          "sco": 179,
          "dco": 3157,
          "txt": "."
        }
      ]
    },
    "ganns": {
      "dla": [],
      "la": [],
      "ea": [],
      "eta": [
        {
          "ra": {
            "ea": {
              "etn": "Henry_Renny-Tailyour"
            }
          },
          "sfs": [
            [
              {
                "stn": "birthYear"
              },
              {
                "dla": {
                  "txt": {
                    "sff": "1849"
                  },
                  "et": {
                    "etn": "BirthYear"
                  },
                  "dp": {
                    "off": 60
                  }
                }
              }
            ],
            [
              {
                "stn": "deathYear"
              },
              {
                "dla": {
                  "txt": {
                    "sff": "1920"
                  },
                  "et": {
                    "etn": "DeathYear"
                  },
                  "dp": {
                    "off": 75
                  }
                }
              }
            ]
          ],
          "mfs": [
            [
              {
                "stn": "position"
              },
              {
                "dla": [],
                "la": [],
                "ea": [],
                "eta": []
              }
            ],
            [
              {
                "stn": "team"
              },
              {
                "dla": [],
                "la": [],
                "ea": [
                  {
                    "etn": "Royal_Engineers_A.F.C."
                  },
                  {
                    "etn": "Scotland_national_football_team"
                  }
                ],
                "eta": []
              }
            ],
            [
              {
                "stn": "birthPlace"
              },
              {
                "dla": [],
                "la": [],
                "ea": [
                  {
                    "etn": "Mussoorie"
                  },
                  {
                    "etn": "India"
                  }
                ],
                "eta": []
              }
            ]
          ]
        }
      ]
    }
  }
]
