[
  {
    "context": "TEST",
    "doc": {
      "id": "Hugh_Howie",
      "tl": [
        {
          "si": 0,
          "sti": 0,
          "dti": 0,
          "sco": 0,
          "dco": 0,
          "txt": "Hugh"
        },
        {
          "si": 0,
          "sti": 1,
          "dti": 1,
          "sco": 5,
          "dco": 5,
          "txt": "Howie"
        },
        {
          "si": 0,
          "sti": 2,
          "dti": 2,
          "sco": 10,
          "dco": 10,
          "txt": "."
        },
        {
          "si": 1,
          "sti": 0,
          "dti": 3,
          "sco": 0,
          "dco": 12,
          "txt": "Hugh"
        },
        {
          "si": 1,
          "sti": 1,
          "dti": 4,
          "sco": 5,
          "dco": 17,
          "txt": "Howie"
        },
        {
          "si": 1,
          "sti": 2,
          "dti": 5,
          "sco": 11,
          "dco": 23,
          "txt": "("
        },
        {
          "si": 1,
          "sti": 3,
          "dti": 6,
          "sco": 12,
          "dco": 24,
          "txt": "14"
        },
        {
          "si": 1,
          "sti": 4,
          "dti": 7,
          "sco": 15,
          "dco": 27,
          "txt": "February"
        },
        {
          "si": 1,
          "sti": 5,
          "dti": 8,
          "sco": 24,
          "dco": 36,
          "txt": "1924"
        },
        {
          "si": 1,
          "sti": 6,
          "dti": 9,
          "sco": 29,
          "dco": 41,
          "txt": "–"
        },
        {
          "si": 1,
          "sti": 7,
          "dti": 10,
          "sco": 31,
          "dco": 43,
          "txt": "14"
        },
        {
          "si": 1,
          "sti": 8,
          "dti": 11,
          "sco": 34,
          "dco": 46,
          "txt": "January"
        },
        {
          "si": 1,
          "sti": 9,
          "dti": 12,
          "sco": 42,
          "dco": 54,
          "txt": "1958"
        },
        {
          "si": 1,
          "sti": 10,
          "dti": 13,
          "sco": 46,
          "dco": 58,
          "txt": ")"
        },
        {
          "si": 1,
          "sti": 11,
          "dti": 14,
          "sco": 48,
          "dco": 60,
          "txt": "was"
        },
        {
          "si": 1,
          "sti": 12,
          "dti": 15,
          "sco": 52,
          "dco": 64,
          "txt": "a"
        },
        {
          "si": 1,
          "sti": 13,
          "dti": 16,
          "sco": 54,
          "dco": 66,
          "txt": "Scottish"
        },
        {
          "si": 1,
          "sti": 14,
          "dti": 17,
          "sco": 63,
          "dco": 75,
          "txt": "footballer"
        },
        {
          "si": 1,
          "sti": 15,
          "dti": 18,
          "sco": 74,
          "dco": 86,
          "txt": "who"
        },
        {
          "si": 1,
          "sti": 16,
          "dti": 19,
          "sco": 78,
          "dco": 90,
          "txt": "played"
        },
        {
          "si": 1,
          "sti": 17,
          "dti": 20,
          "sco": 85,
          "dco": 97,
          "txt": "for"
        },
        {
          "si": 1,
          "sti": 18,
          "dti": 21,
          "sco": 89,
          "dco": 101,
          "txt": "Newton"
        },
        {
          "si": 1,
          "sti": 19,
          "dti": 22,
          "sco": 96,
          "dco": 108,
          "txt": "Juniors"
        },
        {
          "si": 1,
          "sti": 20,
          "dti": 23,
          "sco": 103,
          "dco": 115,
          "txt": ","
        },
        {
          "si": 1,
          "sti": 21,
          "dti": 24,
          "sco": 105,
          "dco": 117,
          "txt": "Hibernian"
        },
        {
          "si": 1,
          "sti": 22,
          "dti": 25,
          "sco": 115,
          "dco": 127,
          "txt": "and"
        },
        {
          "si": 1,
          "sti": 23,
          "dti": 26,
          "sco": 119,
          "dco": 131,
          "txt": "the"
        },
        {
          "si": 1,
          "sti": 24,
          "dti": 27,
          "sco": 123,
          "dco": 135,
          "txt": "Scotland"
        },
        {
          "si": 1,
          "sti": 25,
          "dti": 28,
          "sco": 132,
          "dco": 144,
          "txt": "national"
        },
        {
          "si": 1,
          "sti": 26,
          "dti": 29,
          "sco": 141,
          "dco": 153,
          "txt": "team"
        },
        {
          "si": 1,
          "sti": 27,
          "dti": 30,
          "sco": 145,
          "dco": 157,
          "txt": "."
        },
        {
          "si": 2,
          "sti": 0,
          "dti": 31,
          "sco": 0,
          "dco": 159,
          "txt": "Howie"
        },
        {
          "si": 2,
          "sti": 1,
          "dti": 32,
          "sco": 5,
          "dco": 164,
          "txt": ","
        },
        {
          "si": 2,
          "sti": 2,
          "dti": 33,
          "sco": 7,
          "dco": 166,
          "txt": "born"
        },
        {
          "si": 2,
          "sti": 3,
          "dti": 34,
          "sco": 12,
          "dco": 171,
          "txt": "in"
        },
        {
          "si": 2,
          "sti": 4,
          "dti": 35,
          "sco": 15,
          "dco": 174,
          "txt": "Glasgow"
        },
        {
          "si": 2,
          "sti": 5,
          "dti": 36,
          "sco": 22,
          "dco": 181,
          "txt": ","
        },
        {
          "si": 2,
          "sti": 6,
          "dti": 37,
          "sco": 24,
          "dco": 183,
          "txt": "was"
        },
        {
          "si": 2,
          "sti": 7,
          "dti": 38,
          "sco": 28,
          "dco": 187,
          "txt": "a"
        },
        {
          "si": 2,
          "sti": 8,
          "dti": 39,
          "sco": 30,
          "dco": 189,
          "txt": "defender"
        },
        {
          "si": 2,
          "sti": 9,
          "dti": 40,
          "sco": 39,
          "dco": 198,
          "txt": "and"
        },
        {
          "si": 2,
          "sti": 10,
          "dti": 41,
          "sco": 43,
          "dco": 202,
          "txt": "joined"
        },
        {
          "si": 2,
          "sti": 11,
          "dti": 42,
          "sco": 50,
          "dco": 209,
          "txt": "Hibernian"
        },
        {
          "si": 2,
          "sti": 12,
          "dti": 43,
          "sco": 60,
          "dco": 219,
          "txt": "from"
        },
        {
          "si": 2,
          "sti": 13,
          "dti": 44,
          "sco": 65,
          "dco": 224,
          "txt": "Newton"
        },
        {
          "si": 2,
          "sti": 14,
          "dti": 45,
          "sco": 72,
          "dco": 231,
          "txt": "Juniors"
        },
        {
          "si": 2,
          "sti": 15,
          "dti": 46,
          "sco": 80,
          "dco": 239,
          "txt": "in"
        },
        {
          "si": 2,
          "sti": 16,
          "dti": 47,
          "sco": 83,
          "dco": 242,
          "txt": "1943"
        },
        {
          "si": 2,
          "sti": 17,
          "dti": 48,
          "sco": 88,
          "dco": 247,
          "txt": "and"
        },
        {
          "si": 2,
          "sti": 18,
          "dti": 49,
          "sco": 92,
          "dco": 251,
          "txt": "remained"
        },
        {
          "si": 2,
          "sti": 19,
          "dti": 50,
          "sco": 101,
          "dco": 260,
          "txt": "at"
        },
        {
          "si": 2,
          "sti": 20,
          "dti": 51,
          "sco": 104,
          "dco": 263,
          "txt": "Easter"
        },
        {
          "si": 2,
          "sti": 21,
          "dti": 52,
          "sco": 111,
          "dco": 270,
          "txt": "Road"
        },
        {
          "si": 2,
          "sti": 22,
          "dti": 53,
          "sco": 116,
          "dco": 275,
          "txt": "for"
        },
        {
          "si": 2,
          "sti": 23,
          "dti": 54,
          "sco": 120,
          "dco": 279,
          "txt": "the"
        },
        {
          "si": 2,
          "sti": 24,
          "dti": 55,
          "sco": 124,
          "dco": 283,
          "txt": "remainder"
        },
        {
          "si": 2,
          "sti": 25,
          "dti": 56,
          "sco": 134,
          "dco": 293,
          "txt": "of"
        },
        {
          "si": 2,
          "sti": 26,
          "dti": 57,
          "sco": 137,
          "dco": 296,
          "txt": "his"
        },
        {
          "si": 2,
          "sti": 27,
          "dti": 58,
          "sco": 141,
          "dco": 300,
          "txt": "career"
        },
        {
          "si": 2,
          "sti": 28,
          "dti": 59,
          "sco": 147,
          "dco": 306,
          "txt": "."
        },
        {
          "si": 3,
          "sti": 0,
          "dti": 60,
          "sco": 0,
          "dco": 308,
          "txt": "He"
        },
        {
          "si": 3,
          "sti": 1,
          "dti": 61,
          "sco": 3,
          "dco": 311,
          "txt": "was"
        },
        {
          "si": 3,
          "sti": 2,
          "dti": 62,
          "sco": 7,
          "dco": 315,
          "txt": "part"
        },
        {
          "si": 3,
          "sti": 3,
          "dti": 63,
          "sco": 12,
          "dco": 320,
          "txt": "of"
        },
        {
          "si": 3,
          "sti": 4,
          "dti": 64,
          "sco": 15,
          "dco": 323,
          "txt": "the"
        },
        {
          "si": 3,
          "sti": 5,
          "dti": 65,
          "sco": 19,
          "dco": 327,
          "txt": "Hibs"
        },
        {
          "si": 3,
          "sti": 6,
          "dti": 66,
          "sco": 24,
          "dco": 332,
          "txt": "team"
        },
        {
          "si": 3,
          "sti": 7,
          "dti": 67,
          "sco": 29,
          "dco": 337,
          "txt": "that"
        },
        {
          "si": 3,
          "sti": 8,
          "dti": 68,
          "sco": 34,
          "dco": 342,
          "txt": "won"
        },
        {
          "si": 3,
          "sti": 9,
          "dti": 69,
          "sco": 38,
          "dco": 346,
          "txt": "three"
        },
        {
          "si": 3,
          "sti": 10,
          "dti": 70,
          "sco": 44,
          "dco": 352,
          "txt": "League"
        },
        {
          "si": 3,
          "sti": 11,
          "dti": 71,
          "sco": 51,
          "dco": 359,
          "txt": "Championships"
        },
        {
          "si": 3,
          "sti": 12,
          "dti": 72,
          "sco": 65,
          "dco": 373,
          "txt": "in"
        },
        {
          "si": 3,
          "sti": 13,
          "dti": 73,
          "sco": 68,
          "dco": 376,
          "txt": "1947"
        },
        {
          "si": 3,
          "sti": 14,
          "dti": 74,
          "sco": 72,
          "dco": 380,
          "txt": "–"
        },
        {
          "si": 3,
          "sti": 15,
          "dti": 75,
          "sco": 73,
          "dco": 381,
          "txt": "48"
        },
        {
          "si": 3,
          "sti": 16,
          "dti": 76,
          "sco": 75,
          "dco": 383,
          "txt": ","
        },
        {
          "si": 3,
          "sti": 17,
          "dti": 77,
          "sco": 77,
          "dco": 385,
          "txt": "1950"
        },
        {
          "si": 3,
          "sti": 18,
          "dti": 78,
          "sco": 81,
          "dco": 389,
          "txt": "–"
        },
        {
          "si": 3,
          "sti": 19,
          "dti": 79,
          "sco": 82,
          "dco": 390,
          "txt": "51"
        },
        {
          "si": 3,
          "sti": 20,
          "dti": 80,
          "sco": 85,
          "dco": 393,
          "txt": "and"
        },
        {
          "si": 3,
          "sti": 21,
          "dti": 81,
          "sco": 89,
          "dco": 397,
          "txt": "1951"
        },
        {
          "si": 3,
          "sti": 22,
          "dti": 82,
          "sco": 93,
          "dco": 401,
          "txt": "–"
        },
        {
          "si": 3,
          "sti": 23,
          "dti": 83,
          "sco": 94,
          "dco": 402,
          "txt": "52"
        },
        {
          "si": 3,
          "sti": 24,
          "dti": 84,
          "sco": 96,
          "dco": 404,
          "txt": "."
        },
        {
          "si": 4,
          "sti": 0,
          "dti": 85,
          "sco": 0,
          "dco": 406,
          "txt": "He"
        },
        {
          "si": 4,
          "sti": 1,
          "dti": 86,
          "sco": 3,
          "dco": 409,
          "txt": "scored"
        },
        {
          "si": 4,
          "sti": 2,
          "dti": 87,
          "sco": 10,
          "dco": 416,
          "txt": "in"
        },
        {
          "si": 4,
          "sti": 3,
          "dti": 88,
          "sco": 13,
          "dco": 419,
          "txt": "his"
        },
        {
          "si": 4,
          "sti": 4,
          "dti": 89,
          "sco": 17,
          "dco": 423,
          "txt": "only"
        },
        {
          "si": 4,
          "sti": 5,
          "dti": 90,
          "sco": 22,
          "dco": 428,
          "txt": "Scotland"
        },
        {
          "si": 4,
          "sti": 6,
          "dti": 91,
          "sco": 31,
          "dco": 437,
          "txt": "cap"
        },
        {
          "si": 4,
          "sti": 7,
          "dti": 92,
          "sco": 34,
          "dco": 440,
          "txt": ","
        },
        {
          "si": 4,
          "sti": 8,
          "dti": 93,
          "sco": 36,
          "dco": 442,
          "txt": "a"
        },
        {
          "si": 4,
          "sti": 9,
          "dti": 94,
          "sco": 38,
          "dco": 444,
          "txt": "3"
        },
        {
          "si": 4,
          "sti": 10,
          "dti": 95,
          "sco": 39,
          "dco": 445,
          "txt": "–"
        },
        {
          "si": 4,
          "sti": 11,
          "dti": 96,
          "sco": 40,
          "dco": 446,
          "txt": "1"
        },
        {
          "si": 4,
          "sti": 12,
          "dti": 97,
          "sco": 42,
          "dco": 448,
          "txt": "win"
        },
        {
          "si": 4,
          "sti": 13,
          "dti": 98,
          "sco": 46,
          "dco": 452,
          "txt": "over"
        },
        {
          "si": 4,
          "sti": 14,
          "dti": 99,
          "sco": 51,
          "dco": 457,
          "txt": "Wales"
        },
        {
          "si": 4,
          "sti": 15,
          "dti": 100,
          "sco": 57,
          "dco": 463,
          "txt": "in"
        },
        {
          "si": 4,
          "sti": 16,
          "dti": 101,
          "sco": 60,
          "dco": 466,
          "txt": "October"
        },
        {
          "si": 4,
          "sti": 17,
          "dti": 102,
          "sco": 68,
          "dco": 474,
          "txt": "1948"
        },
        {
          "si": 4,
          "sti": 18,
          "dti": 103,
          "sco": 72,
          "dco": 478,
          "txt": "."
        },
        {
          "si": 5,
          "sti": 0,
          "dti": 104,
          "sco": 0,
          "dco": 480,
          "txt": "He"
        },
        {
          "si": 5,
          "sti": 1,
          "dti": 105,
          "sco": 3,
          "dco": 483,
          "txt": "was"
        },
        {
          "si": 5,
          "sti": 2,
          "dti": 106,
          "sco": 7,
          "dco": 487,
          "txt": "forced"
        },
        {
          "si": 5,
          "sti": 3,
          "dti": 107,
          "sco": 14,
          "dco": 494,
          "txt": "to"
        },
        {
          "si": 5,
          "sti": 4,
          "dti": 108,
          "sco": 17,
          "dco": 497,
          "txt": "retire"
        },
        {
          "si": 5,
          "sti": 5,
          "dti": 109,
          "sco": 24,
          "dco": 504,
          "txt": "from"
        },
        {
          "si": 5,
          "sti": 6,
          "dti": 110,
          "sco": 29,
          "dco": 509,
          "txt": "football"
        },
        {
          "si": 5,
          "sti": 7,
          "dti": 111,
          "sco": 38,
          "dco": 518,
          "txt": "in"
        },
        {
          "si": 5,
          "sti": 8,
          "dti": 112,
          "sco": 41,
          "dco": 521,
          "txt": "1954"
        },
        {
          "si": 5,
          "sti": 9,
          "dti": 113,
          "sco": 46,
          "dco": 526,
          "txt": "for"
        },
        {
          "si": 5,
          "sti": 10,
          "dti": 114,
          "sco": 50,
          "dco": 530,
          "txt": "medical"
        },
        {
          "si": 5,
          "sti": 11,
          "dti": 115,
          "sco": 58,
          "dco": 538,
          "txt": "reasons"
        },
        {
          "si": 5,
          "sti": 12,
          "dti": 116,
          "sco": 65,
          "dco": 545,
          "txt": "."
        },
        {
          "si": 6,
          "sti": 0,
          "dti": 117,
          "sco": 0,
          "dco": 547,
          "txt": "He"
        },
        {
          "si": 6,
          "sti": 1,
          "dti": 118,
          "sco": 3,
          "dco": 550,
          "txt": "died"
        },
        {
          "si": 6,
          "sti": 2,
          "dti": 119,
          "sco": 8,
          "dco": 555,
          "txt": "in"
        },
        {
          "si": 6,
          "sti": 3,
          "dti": 120,
          "sco": 11,
          "dco": 558,
          "txt": "a"
        },
        {
          "si": 6,
          "sti": 4,
          "dti": 121,
          "sco": 13,
          "dco": 560,
          "txt": "car"
        },
        {
          "si": 6,
          "sti": 5,
          "dti": 122,
          "sco": 17,
          "dco": 564,
          "txt": "accident"
        },
        {
          "si": 6,
          "sti": 6,
          "dti": 123,
          "sco": 26,
          "dco": 573,
          "txt": "in"
        },
        {
          "si": 6,
          "sti": 7,
          "dti": 124,
          "sco": 29,
          "dco": 576,
          "txt": "1958"
        },
        {
          "si": 6,
          "sti": 8,
          "dti": 125,
          "sco": 33,
          "dco": 580,
          "txt": "."
        }
      ]
    },
    "ganns": {
      "dla": [],
      "la": [],
      "ea": [],
      "eta": [
        {
          "ra": {
            "ea": {
              "etn": "Hugh_Howie"
            }
          },
          "sfs": [
            [
              {
                "stn": "birthYear"
              },
              {
                "dla": {
                  "txt": {
                    "sff": "1924"
                  },
                  "et": {
                    "etn": "BirthYear"
                  },
                  "dp": {
                    "off": 36
                  }
                }
              }
            ],
            [
              {
                "stn": "deathYear"
              },
              {
                "dla": {
                  "txt": {
                    "sff": "1958"
                  },
                  "et": {
                    "etn": "DeathYear"
                  },
                  "dp": {
                    "off": 54
                  }
                }
              }
            ]
          ],
          "mfs": [
            [
              {
                "stn": "position"
              },
              {
                "dla": [],
                "la": [],
                "ea": [],
                "eta": []
              }
            ],
            [
              {
                "stn": "team"
              },
              {
                "dla": [],
                "la": [],
                "ea": [
                  {
                    "etn": "Hibernian_F.C."
                  },
                  {
                    "etn": "Scotland_national_football_team"
                  }
                ],
                "eta": []
              }
            ],
            [
              {
                "stn": "birthPlace"
              },
              {
                "dla": [],
                "la": [],
                "ea": [
                  {
                    "etn": "Glasgow"
                  },
                  {
                    "etn": "Scotland"
                  }
                ],
                "eta": []
              }
            ]
          ]
        }
      ]
    }
  }
]
