[
  {
    "context": "TRAIN",
    "doc": {
      "id": "Ian_Johnstone",
      "tl": [
        {
          "si": 0,
          "sti": 0,
          "dti": 0,
          "sco": 0,
          "dco": 0,
          "txt": "Ian"
        },
        {
          "si": 0,
          "sti": 1,
          "dti": 1,
          "sco": 4,
          "dco": 4,
          "txt": "Johnstone"
        },
        {
          "si": 0,
          "sti": 2,
          "dti": 2,
          "sco": 13,
          "dco": 13,
          "txt": "."
        },
        {
          "si": 1,
          "sti": 0,
          "dti": 3,
          "sco": 0,
          "dco": 15,
          "txt": "Ian"
        },
        {
          "si": 1,
          "sti": 1,
          "dti": 4,
          "sco": 4,
          "dco": 19,
          "txt": "Donaldson"
        },
        {
          "si": 1,
          "sti": 2,
          "dti": 5,
          "sco": 14,
          "dco": 29,
          "txt": "Johnstone"
        },
        {
          "si": 1,
          "sti": 3,
          "dti": 6,
          "sco": 24,
          "dco": 39,
          "txt": "("
        },
        {
          "si": 1,
          "sti": 4,
          "dti": 7,
          "sco": 25,
          "dco": 40,
          "txt": "2"
        },
        {
          "si": 1,
          "sti": 5,
          "dti": 8,
          "sco": 27,
          "dco": 42,
          "txt": "March"
        },
        {
          "si": 1,
          "sti": 6,
          "dti": 9,
          "sco": 33,
          "dco": 48,
          "txt": "1939"
        },
        {
          "si": 1,
          "sti": 7,
          "dti": 10,
          "sco": 38,
          "dco": 53,
          "txt": "–"
        },
        {
          "si": 1,
          "sti": 8,
          "dti": 11,
          "sco": 40,
          "dco": 55,
          "txt": "1993"
        },
        {
          "si": 1,
          "sti": 9,
          "dti": 12,
          "sco": 44,
          "dco": 59,
          "txt": ")"
        },
        {
          "si": 1,
          "sti": 10,
          "dti": 13,
          "sco": 46,
          "dco": 61,
          "txt": "was"
        },
        {
          "si": 1,
          "sti": 11,
          "dti": 14,
          "sco": 50,
          "dco": 65,
          "txt": "a"
        },
        {
          "si": 1,
          "sti": 12,
          "dti": 15,
          "sco": 52,
          "dco": 67,
          "txt": "Scottish"
        },
        {
          "si": 1,
          "sti": 13,
          "dti": 16,
          "sco": 61,
          "dco": 76,
          "txt": "footballer"
        },
        {
          "si": 1,
          "sti": 14,
          "dti": 17,
          "sco": 72,
          "dco": 87,
          "txt": "who"
        },
        {
          "si": 1,
          "sti": 15,
          "dti": 18,
          "sco": 76,
          "dco": 91,
          "txt": "played"
        },
        {
          "si": 1,
          "sti": 16,
          "dti": 19,
          "sco": 83,
          "dco": 98,
          "txt": "in"
        },
        {
          "si": 1,
          "sti": 17,
          "dti": 20,
          "sco": 86,
          "dco": 101,
          "txt": "the"
        },
        {
          "si": 1,
          "sti": 18,
          "dti": 21,
          "sco": 90,
          "dco": 105,
          "txt": "Football"
        },
        {
          "si": 1,
          "sti": 19,
          "dti": 22,
          "sco": 99,
          "dco": 114,
          "txt": "League"
        },
        {
          "si": 1,
          "sti": 20,
          "dti": 23,
          "sco": 106,
          "dco": 121,
          "txt": "as"
        },
        {
          "si": 1,
          "sti": 21,
          "dti": 24,
          "sco": 109,
          "dco": 124,
          "txt": "a"
        },
        {
          "si": 1,
          "sti": 22,
          "dti": 25,
          "sco": 111,
          "dco": 126,
          "txt": "forward"
        },
        {
          "si": 1,
          "sti": 23,
          "dti": 26,
          "sco": 119,
          "dco": 134,
          "txt": "for"
        },
        {
          "si": 1,
          "sti": 24,
          "dti": 27,
          "sco": 123,
          "dco": 138,
          "txt": "Colchester"
        },
        {
          "si": 1,
          "sti": 25,
          "dti": 28,
          "sco": 134,
          "dco": 149,
          "txt": "United"
        },
        {
          "si": 1,
          "sti": 26,
          "dti": 29,
          "sco": 140,
          "dco": 155,
          "txt": "."
        },
        {
          "si": 2,
          "sti": 0,
          "dti": 30,
          "sco": 0,
          "dco": 157,
          "txt": "Career"
        },
        {
          "si": 2,
          "sti": 1,
          "dti": 31,
          "sco": 6,
          "dco": 163,
          "txt": "."
        },
        {
          "si": 3,
          "sti": 0,
          "dti": 32,
          "sco": 0,
          "dco": 165,
          "txt": "Born"
        },
        {
          "si": 3,
          "sti": 1,
          "dti": 33,
          "sco": 5,
          "dco": 170,
          "txt": "in"
        },
        {
          "si": 3,
          "sti": 2,
          "dti": 34,
          "sco": 8,
          "dco": 173,
          "txt": "Galashiels"
        },
        {
          "si": 3,
          "sti": 3,
          "dti": 35,
          "sco": 18,
          "dco": 183,
          "txt": ","
        },
        {
          "si": 3,
          "sti": 4,
          "dti": 36,
          "sco": 20,
          "dco": 185,
          "txt": "Johnstone"
        },
        {
          "si": 3,
          "sti": 5,
          "dti": 37,
          "sco": 30,
          "dco": 195,
          "txt": "joined"
        },
        {
          "si": 3,
          "sti": 6,
          "dti": 38,
          "sco": 37,
          "dco": 202,
          "txt": "Scottish"
        },
        {
          "si": 3,
          "sti": 7,
          "dti": 39,
          "sco": 46,
          "dco": 211,
          "txt": "amateur"
        },
        {
          "si": 3,
          "sti": 8,
          "dti": 40,
          "sco": 54,
          "dco": 219,
          "txt": "club"
        },
        {
          "si": 3,
          "sti": 9,
          "dti": 41,
          "sco": 59,
          "dco": 224,
          "txt": "Ormiston"
        },
        {
          "si": 3,
          "sti": 10,
          "dti": 42,
          "sco": 68,
          "dco": 233,
          "txt": "Primrose"
        },
        {
          "si": 3,
          "sti": 11,
          "dti": 43,
          "sco": 77,
          "dco": 242,
          "txt": "as"
        },
        {
          "si": 3,
          "sti": 12,
          "dti": 44,
          "sco": 80,
          "dco": 245,
          "txt": "a"
        },
        {
          "si": 3,
          "sti": 13,
          "dti": 45,
          "sco": 82,
          "dco": 247,
          "txt": "youth"
        },
        {
          "si": 3,
          "sti": 14,
          "dti": 46,
          "sco": 87,
          "dco": 252,
          "txt": ","
        },
        {
          "si": 3,
          "sti": 15,
          "dti": 47,
          "sco": 89,
          "dco": 254,
          "txt": "earning"
        },
        {
          "si": 3,
          "sti": 16,
          "dti": 48,
          "sco": 97,
          "dco": 262,
          "txt": "a"
        },
        {
          "si": 3,
          "sti": 17,
          "dti": 49,
          "sco": 99,
          "dco": 264,
          "txt": "move"
        },
        {
          "si": 3,
          "sti": 18,
          "dti": 50,
          "sco": 104,
          "dco": 269,
          "txt": "to"
        },
        {
          "si": 3,
          "sti": 19,
          "dti": 51,
          "sco": 107,
          "dco": 272,
          "txt": "Colchester"
        },
        {
          "si": 3,
          "sti": 20,
          "dti": 52,
          "sco": 118,
          "dco": 283,
          "txt": "United"
        },
        {
          "si": 3,
          "sti": 21,
          "dti": 53,
          "sco": 125,
          "dco": 290,
          "txt": "in"
        },
        {
          "si": 3,
          "sti": 22,
          "dti": 54,
          "sco": 128,
          "dco": 293,
          "txt": "the"
        },
        {
          "si": 3,
          "sti": 23,
          "dti": 55,
          "sco": 132,
          "dco": 297,
          "txt": "1958"
        },
        {
          "si": 3,
          "sti": 24,
          "dti": 56,
          "sco": 136,
          "dco": 301,
          "txt": "–"
        },
        {
          "si": 3,
          "sti": 25,
          "dti": 57,
          "sco": 137,
          "dco": 302,
          "txt": "59"
        },
        {
          "si": 3,
          "sti": 26,
          "dti": 58,
          "sco": 140,
          "dco": 305,
          "txt": "season"
        },
        {
          "si": 3,
          "sti": 27,
          "dti": 59,
          "sco": 146,
          "dco": 311,
          "txt": "."
        },
        {
          "si": 4,
          "sti": 0,
          "dti": 60,
          "sco": 0,
          "dco": 313,
          "txt": "He"
        },
        {
          "si": 4,
          "sti": 1,
          "dti": 61,
          "sco": 3,
          "dco": 316,
          "txt": "played"
        },
        {
          "si": 4,
          "sti": 2,
          "dti": 62,
          "sco": 10,
          "dco": 323,
          "txt": "two"
        },
        {
          "si": 4,
          "sti": 3,
          "dti": 63,
          "sco": 14,
          "dco": 327,
          "txt": "games"
        },
        {
          "si": 4,
          "sti": 4,
          "dti": 64,
          "sco": 20,
          "dco": 333,
          "txt": "in"
        },
        {
          "si": 4,
          "sti": 5,
          "dti": 65,
          "sco": 23,
          "dco": 336,
          "txt": "the"
        },
        {
          "si": 4,
          "sti": 6,
          "dti": 66,
          "sco": 27,
          "dco": 340,
          "txt": "Football"
        },
        {
          "si": 4,
          "sti": 7,
          "dti": 67,
          "sco": 36,
          "dco": 349,
          "txt": "League"
        },
        {
          "si": 4,
          "sti": 8,
          "dti": 68,
          "sco": 43,
          "dco": 356,
          "txt": "for"
        },
        {
          "si": 4,
          "sti": 9,
          "dti": 69,
          "sco": 47,
          "dco": 360,
          "txt": "the"
        },
        {
          "si": 4,
          "sti": 10,
          "dti": 70,
          "sco": 51,
          "dco": 364,
          "txt": "U"
        },
        {
          "si": 4,
          "sti": 11,
          "dti": 71,
          "sco": 52,
          "dco": 365,
          "txt": "'"
        },
        {
          "si": 4,
          "sti": 12,
          "dti": 72,
          "sco": 53,
          "dco": 366,
          "txt": "s"
        },
        {
          "si": 4,
          "sti": 13,
          "dti": 73,
          "sco": 54,
          "dco": 367,
          "txt": ","
        },
        {
          "si": 4,
          "sti": 14,
          "dti": 74,
          "sco": 56,
          "dco": 369,
          "txt": "making"
        },
        {
          "si": 4,
          "sti": 15,
          "dti": 75,
          "sco": 63,
          "dco": 376,
          "txt": "his"
        },
        {
          "si": 4,
          "sti": 16,
          "dti": 76,
          "sco": 67,
          "dco": 380,
          "txt": "debut"
        },
        {
          "si": 4,
          "sti": 17,
          "dti": 77,
          "sco": 73,
          "dco": 386,
          "txt": "in"
        },
        {
          "si": 4,
          "sti": 18,
          "dti": 78,
          "sco": 76,
          "dco": 389,
          "txt": "a"
        },
        {
          "si": 4,
          "sti": 19,
          "dti": 79,
          "sco": 78,
          "dco": 391,
          "txt": "1"
        },
        {
          "si": 4,
          "sti": 20,
          "dti": 80,
          "sco": 79,
          "dco": 392,
          "txt": "–"
        },
        {
          "si": 4,
          "sti": 21,
          "dti": 81,
          "sco": 80,
          "dco": 393,
          "txt": "0"
        },
        {
          "si": 4,
          "sti": 22,
          "dti": 82,
          "sco": 82,
          "dco": 395,
          "txt": "home"
        },
        {
          "si": 4,
          "sti": 23,
          "dti": 83,
          "sco": 87,
          "dco": 400,
          "txt": "victory"
        },
        {
          "si": 4,
          "sti": 24,
          "dti": 84,
          "sco": 95,
          "dco": 408,
          "txt": "against"
        },
        {
          "si": 4,
          "sti": 25,
          "dti": 85,
          "sco": 103,
          "dco": 416,
          "txt": "Chesterfield"
        },
        {
          "si": 4,
          "sti": 26,
          "dti": 86,
          "sco": 116,
          "dco": 429,
          "txt": "on"
        },
        {
          "si": 4,
          "sti": 27,
          "dti": 87,
          "sco": 119,
          "dco": 432,
          "txt": "18"
        },
        {
          "si": 4,
          "sti": 28,
          "dti": 88,
          "sco": 122,
          "dco": 435,
          "txt": "April"
        },
        {
          "si": 4,
          "sti": 29,
          "dti": 89,
          "sco": 128,
          "dco": 441,
          "txt": "1959"
        },
        {
          "si": 4,
          "sti": 30,
          "dti": 90,
          "sco": 133,
          "dco": 446,
          "txt": "and"
        },
        {
          "si": 4,
          "sti": 31,
          "dti": 91,
          "sco": 137,
          "dco": 450,
          "txt": "made"
        },
        {
          "si": 4,
          "sti": 32,
          "dti": 92,
          "sco": 142,
          "dco": 455,
          "txt": "his"
        },
        {
          "si": 4,
          "sti": 33,
          "dti": 93,
          "sco": 146,
          "dco": 459,
          "txt": "final"
        },
        {
          "si": 4,
          "sti": 34,
          "dti": 94,
          "sco": 152,
          "dco": 465,
          "txt": "appearance"
        },
        {
          "si": 4,
          "sti": 35,
          "dti": 95,
          "sco": 163,
          "dco": 476,
          "txt": "on"
        },
        {
          "si": 4,
          "sti": 36,
          "dti": 96,
          "sco": 166,
          "dco": 479,
          "txt": "29"
        },
        {
          "si": 4,
          "sti": 37,
          "dti": 97,
          "sco": 169,
          "dco": 482,
          "txt": "August"
        },
        {
          "si": 4,
          "sti": 38,
          "dti": 98,
          "sco": 176,
          "dco": 489,
          "txt": "1959"
        },
        {
          "si": 4,
          "sti": 39,
          "dti": 99,
          "sco": 181,
          "dco": 494,
          "txt": "in"
        },
        {
          "si": 4,
          "sti": 40,
          "dti": 100,
          "sco": 184,
          "dco": 497,
          "txt": "a"
        },
        {
          "si": 4,
          "sti": 41,
          "dti": 101,
          "sco": 186,
          "dco": 499,
          "txt": "2"
        },
        {
          "si": 4,
          "sti": 42,
          "dti": 102,
          "sco": 187,
          "dco": 500,
          "txt": "–"
        },
        {
          "si": 4,
          "sti": 43,
          "dti": 103,
          "sco": 188,
          "dco": 501,
          "txt": "2"
        },
        {
          "si": 4,
          "sti": 44,
          "dti": 104,
          "sco": 190,
          "dco": 503,
          "txt": "draw"
        },
        {
          "si": 4,
          "sti": 45,
          "dti": 105,
          "sco": 195,
          "dco": 508,
          "txt": "with"
        },
        {
          "si": 4,
          "sti": 46,
          "dti": 106,
          "sco": 200,
          "dco": 513,
          "txt": "Barnsley"
        },
        {
          "si": 4,
          "sti": 47,
          "dti": 107,
          "sco": 209,
          "dco": 522,
          "txt": "at"
        },
        {
          "si": 4,
          "sti": 48,
          "dti": 108,
          "sco": 212,
          "dco": 525,
          "txt": "Layer"
        },
        {
          "si": 4,
          "sti": 49,
          "dti": 109,
          "sco": 218,
          "dco": 531,
          "txt": "Road"
        },
        {
          "si": 4,
          "sti": 50,
          "dti": 110,
          "sco": 222,
          "dco": 535,
          "txt": "."
        },
        {
          "si": 5,
          "sti": 0,
          "dti": 111,
          "sco": 0,
          "dco": 537,
          "txt": "He"
        },
        {
          "si": 5,
          "sti": 1,
          "dti": 112,
          "sco": 3,
          "dco": 540,
          "txt": "later"
        },
        {
          "si": 5,
          "sti": 2,
          "dti": 113,
          "sco": 9,
          "dco": 546,
          "txt": "played"
        },
        {
          "si": 5,
          "sti": 3,
          "dti": 114,
          "sco": 16,
          "dco": 553,
          "txt": "for"
        },
        {
          "si": 5,
          "sti": 4,
          "dti": 115,
          "sco": 20,
          "dco": 557,
          "txt": "Clacton"
        },
        {
          "si": 5,
          "sti": 5,
          "dti": 116,
          "sco": 28,
          "dco": 565,
          "txt": "Town"
        },
        {
          "si": 5,
          "sti": 6,
          "dti": 117,
          "sco": 32,
          "dco": 569,
          "txt": "."
        },
        {
          "si": 6,
          "sti": 0,
          "dti": 118,
          "sco": 0,
          "dco": 571,
          "txt": "Ian"
        },
        {
          "si": 6,
          "sti": 1,
          "dti": 119,
          "sco": 4,
          "dco": 575,
          "txt": "Johnstone"
        },
        {
          "si": 6,
          "sti": 2,
          "dti": 120,
          "sco": 14,
          "dco": 585,
          "txt": "died"
        },
        {
          "si": 6,
          "sti": 3,
          "dti": 121,
          "sco": 19,
          "dco": 590,
          "txt": "in"
        },
        {
          "si": 6,
          "sti": 4,
          "dti": 122,
          "sco": 22,
          "dco": 593,
          "txt": "1993"
        },
        {
          "si": 6,
          "sti": 5,
          "dti": 123,
          "sco": 26,
          "dco": 597,
          "txt": "."
        }
      ]
    },
    "ganns": {
      "dla": [],
      "la": [],
      "ea": [],
      "eta": [
        {
          "ra": {
            "ea": {
              "etn": "Ian_Johnstone"
            }
          },
          "sfs": [
            [
              {
                "stn": "birthYear"
              },
              {
                "dla": {
                  "txt": {
                    "sff": "1939"
                  },
                  "et": {
                    "etn": "BirthYear"
                  },
                  "dp": {
                    "off": 48
                  }
                }
              }
            ],
            [
              {
                "stn": "deathYear"
              },
              {
                "dla": {
                  "txt": {
                    "sff": "1993"
                  },
                  "et": {
                    "etn": "DeathYear"
                  },
                  "dp": {
                    "off": 55
                  }
                }
              }
            ]
          ],
          "mfs": [
            [
              {
                "stn": "position"
              },
              {
                "dla": [],
                "la": [],
                "ea": [
                  {
                    "etn": "Forward_(association_football)"
                  }
                ],
                "eta": []
              }
            ],
            [
              {
                "stn": "team"
              },
              {
                "dla": [],
                "la": [],
                "ea": [
                  {
                    "etn": "Ormiston_F.C."
                  },
                  {
                    "etn": "Colchester_United_F.C."
                  },
                  {
                    "etn": "F.C._Clacton"
                  }
                ],
                "eta": []
              }
            ],
            [
              {
                "stn": "birthPlace"
              },
              {
                "dla": [],
                "la": [],
                "ea": [
                  {
                    "etn": "Galashiels"
                  }
                ],
                "eta": []
              }
            ]
          ]
        }
      ]
    }
  }
]
