[
  {
    "context": "TEST",
    "doc": {
      "id": "Isaac_Lea_(footballer)",
      "tl": [
        {
          "si": 0,
          "sti": 0,
          "dti": 0,
          "sco": 0,
          "dco": 0,
          "txt": "Isaac"
        },
        {
          "si": 0,
          "sti": 1,
          "dti": 1,
          "sco": 6,
          "dco": 6,
          "txt": "Lea"
        },
        {
          "si": 0,
          "sti": 2,
          "dti": 2,
          "sco": 10,
          "dco": 10,
          "txt": "("
        },
        {
          "si": 0,
          "sti": 3,
          "dti": 3,
          "sco": 11,
          "dco": 11,
          "txt": "footballer"
        },
        {
          "si": 0,
          "sti": 4,
          "dti": 4,
          "sco": 21,
          "dco": 21,
          "txt": ")"
        },
        {
          "si": 0,
          "sti": 5,
          "dti": 5,
          "sco": 22,
          "dco": 22,
          "txt": "."
        },
        {
          "si": 1,
          "sti": 0,
          "dti": 6,
          "sco": 0,
          "dco": 24,
          "txt": "Isaac"
        },
        {
          "si": 1,
          "sti": 1,
          "dti": 7,
          "sco": 6,
          "dco": 30,
          "txt": "George"
        },
        {
          "si": 1,
          "sti": 2,
          "dti": 8,
          "sco": 13,
          "dco": 37,
          "txt": "Lea"
        },
        {
          "si": 1,
          "sti": 3,
          "dti": 9,
          "sco": 17,
          "dco": 41,
          "txt": "("
        },
        {
          "si": 1,
          "sti": 4,
          "dti": 10,
          "sco": 18,
          "dco": 42,
          "txt": "17"
        },
        {
          "si": 1,
          "sti": 5,
          "dti": 11,
          "sco": 21,
          "dco": 45,
          "txt": "February"
        },
        {
          "si": 1,
          "sti": 6,
          "dti": 12,
          "sco": 30,
          "dco": 54,
          "txt": "1911"
        },
        {
          "si": 1,
          "sti": 7,
          "dti": 13,
          "sco": 35,
          "dco": 59,
          "txt": "–"
        },
        {
          "si": 1,
          "sti": 8,
          "dti": 14,
          "sco": 37,
          "dco": 61,
          "txt": "24"
        },
        {
          "si": 1,
          "sti": 9,
          "dti": 15,
          "sco": 40,
          "dco": 64,
          "txt": "October"
        },
        {
          "si": 1,
          "sti": 10,
          "dti": 16,
          "sco": 48,
          "dco": 72,
          "txt": "1972"
        },
        {
          "si": 1,
          "sti": 11,
          "dti": 17,
          "sco": 52,
          "dco": 76,
          "txt": ")"
        },
        {
          "si": 1,
          "sti": 12,
          "dti": 18,
          "sco": 54,
          "dco": 78,
          "txt": "was"
        },
        {
          "si": 1,
          "sti": 13,
          "dti": 19,
          "sco": 58,
          "dco": 82,
          "txt": "an"
        },
        {
          "si": 1,
          "sti": 14,
          "dti": 20,
          "sco": 61,
          "dco": 85,
          "txt": "English"
        },
        {
          "si": 1,
          "sti": 15,
          "dti": 21,
          "sco": 69,
          "dco": 93,
          "txt": "professional"
        },
        {
          "si": 1,
          "sti": 16,
          "dti": 22,
          "sco": 82,
          "dco": 106,
          "txt": "footballer"
        },
        {
          "si": 1,
          "sti": 17,
          "dti": 23,
          "sco": 93,
          "dco": 117,
          "txt": "who"
        },
        {
          "si": 1,
          "sti": 18,
          "dti": 24,
          "sco": 97,
          "dco": 121,
          "txt": "made"
        },
        {
          "si": 1,
          "sti": 19,
          "dti": 25,
          "sco": 102,
          "dco": 126,
          "txt": "65"
        },
        {
          "si": 1,
          "sti": 20,
          "dti": 26,
          "sco": 105,
          "dco": 129,
          "txt": "appearances"
        },
        {
          "si": 1,
          "sti": 21,
          "dti": 27,
          "sco": 117,
          "dco": 141,
          "txt": "in"
        },
        {
          "si": 1,
          "sti": 22,
          "dti": 28,
          "sco": 120,
          "dco": 144,
          "txt": "the"
        },
        {
          "si": 1,
          "sti": 23,
          "dti": 29,
          "sco": 124,
          "dco": 148,
          "txt": "Football"
        },
        {
          "si": 1,
          "sti": 24,
          "dti": 30,
          "sco": 133,
          "dco": 157,
          "txt": "League"
        },
        {
          "si": 1,
          "sti": 25,
          "dti": 31,
          "sco": 140,
          "dco": 164,
          "txt": "playing"
        },
        {
          "si": 1,
          "sti": 26,
          "dti": 32,
          "sco": 148,
          "dco": 172,
          "txt": "for"
        },
        {
          "si": 1,
          "sti": 27,
          "dti": 33,
          "sco": 152,
          "dco": 176,
          "txt": "Birmingham"
        },
        {
          "si": 1,
          "sti": 28,
          "dti": 34,
          "sco": 163,
          "dco": 187,
          "txt": "and"
        },
        {
          "si": 1,
          "sti": 29,
          "dti": 35,
          "sco": 167,
          "dco": 191,
          "txt": "Millwall"
        },
        {
          "si": 1,
          "sti": 30,
          "dti": 36,
          "sco": 175,
          "dco": 199,
          "txt": "."
        },
        {
          "si": 2,
          "sti": 0,
          "dti": 37,
          "sco": 0,
          "dco": 201,
          "txt": "He"
        },
        {
          "si": 2,
          "sti": 1,
          "dti": 38,
          "sco": 3,
          "dco": 204,
          "txt": "played"
        },
        {
          "si": 2,
          "sti": 2,
          "dti": 39,
          "sco": 10,
          "dco": 211,
          "txt": "as"
        },
        {
          "si": 2,
          "sti": 3,
          "dti": 40,
          "sco": 13,
          "dco": 214,
          "txt": "a"
        },
        {
          "si": 2,
          "sti": 4,
          "dti": 41,
          "sco": 15,
          "dco": 216,
          "txt": "wing"
        },
        {
          "si": 2,
          "sti": 5,
          "dti": 42,
          "sco": 20,
          "dco": 221,
          "txt": "half"
        },
        {
          "si": 2,
          "sti": 6,
          "dti": 43,
          "sco": 24,
          "dco": 225,
          "txt": "."
        },
        {
          "si": 3,
          "sti": 0,
          "dti": 44,
          "sco": 0,
          "dco": 227,
          "txt": "Lea"
        },
        {
          "si": 3,
          "sti": 1,
          "dti": 45,
          "sco": 4,
          "dco": 231,
          "txt": "was"
        },
        {
          "si": 3,
          "sti": 2,
          "dti": 46,
          "sco": 8,
          "dco": 235,
          "txt": "born"
        },
        {
          "si": 3,
          "sti": 3,
          "dti": 47,
          "sco": 13,
          "dco": 240,
          "txt": "in"
        },
        {
          "si": 3,
          "sti": 4,
          "dti": 48,
          "sco": 16,
          "dco": 243,
          "txt": "Donnington"
        },
        {
          "si": 3,
          "sti": 5,
          "dti": 49,
          "sco": 27,
          "dco": 254,
          "txt": "Wood"
        },
        {
          "si": 3,
          "sti": 6,
          "dti": 50,
          "sco": 31,
          "dco": 258,
          "txt": ","
        },
        {
          "si": 3,
          "sti": 7,
          "dti": 51,
          "sco": 33,
          "dco": 260,
          "txt": "Shropshire"
        },
        {
          "si": 3,
          "sti": 8,
          "dti": 52,
          "sco": 43,
          "dco": 270,
          "txt": "."
        },
        {
          "si": 4,
          "sti": 0,
          "dti": 53,
          "sco": 0,
          "dco": 272,
          "txt": "He"
        },
        {
          "si": 4,
          "sti": 1,
          "dti": 54,
          "sco": 3,
          "dco": 275,
          "txt": "began"
        },
        {
          "si": 4,
          "sti": 2,
          "dti": 55,
          "sco": 9,
          "dco": 281,
          "txt": "his"
        },
        {
          "si": 4,
          "sti": 3,
          "dti": 56,
          "sco": 13,
          "dco": 285,
          "txt": "football"
        },
        {
          "si": 4,
          "sti": 4,
          "dti": 57,
          "sco": 22,
          "dco": 294,
          "txt": "career"
        },
        {
          "si": 4,
          "sti": 5,
          "dti": 58,
          "sco": 29,
          "dco": 301,
          "txt": "with"
        },
        {
          "si": 4,
          "sti": 6,
          "dti": 59,
          "sco": 34,
          "dco": 306,
          "txt": "Oswestry"
        },
        {
          "si": 4,
          "sti": 7,
          "dti": 60,
          "sco": 43,
          "dco": 315,
          "txt": "Town"
        },
        {
          "si": 4,
          "sti": 8,
          "dti": 61,
          "sco": 48,
          "dco": 320,
          "txt": "and"
        },
        {
          "si": 4,
          "sti": 9,
          "dti": 62,
          "sco": 52,
          "dco": 324,
          "txt": "Oakengates"
        },
        {
          "si": 4,
          "sti": 10,
          "dti": 63,
          "sco": 63,
          "dco": 335,
          "txt": "Town"
        },
        {
          "si": 4,
          "sti": 11,
          "dti": 64,
          "sco": 68,
          "dco": 340,
          "txt": "before"
        },
        {
          "si": 4,
          "sti": 12,
          "dti": 65,
          "sco": 75,
          "dco": 347,
          "txt": "joining"
        },
        {
          "si": 4,
          "sti": 13,
          "dti": 66,
          "sco": 83,
          "dco": 355,
          "txt": "Birmingham"
        },
        {
          "si": 4,
          "sti": 14,
          "dti": 67,
          "sco": 94,
          "dco": 366,
          "txt": "of"
        },
        {
          "si": 4,
          "sti": 15,
          "dti": 68,
          "sco": 97,
          "dco": 369,
          "txt": "the"
        },
        {
          "si": 4,
          "sti": 16,
          "dti": 69,
          "sco": 101,
          "dco": 373,
          "txt": "Football"
        },
        {
          "si": 4,
          "sti": 17,
          "dti": 70,
          "sco": 110,
          "dco": 382,
          "txt": "League"
        },
        {
          "si": 4,
          "sti": 18,
          "dti": 71,
          "sco": 117,
          "dco": 389,
          "txt": "First"
        },
        {
          "si": 4,
          "sti": 19,
          "dti": 72,
          "sco": 123,
          "dco": 395,
          "txt": "Division"
        },
        {
          "si": 4,
          "sti": 20,
          "dti": 73,
          "sco": 132,
          "dco": 404,
          "txt": "in"
        },
        {
          "si": 4,
          "sti": 21,
          "dti": 74,
          "sco": 135,
          "dco": 407,
          "txt": "1932"
        },
        {
          "si": 4,
          "sti": 22,
          "dti": 75,
          "sco": 139,
          "dco": 411,
          "txt": "."
        },
        {
          "si": 5,
          "sti": 0,
          "dti": 76,
          "sco": 0,
          "dco": 413,
          "txt": "He"
        },
        {
          "si": 5,
          "sti": 1,
          "dti": 77,
          "sco": 3,
          "dco": 416,
          "txt": "made"
        },
        {
          "si": 5,
          "sti": 2,
          "dti": 78,
          "sco": 8,
          "dco": 421,
          "txt": "his"
        },
        {
          "si": 5,
          "sti": 3,
          "dti": 79,
          "sco": 12,
          "dco": 425,
          "txt": "debut"
        },
        {
          "si": 5,
          "sti": 4,
          "dti": 80,
          "sco": 18,
          "dco": 431,
          "txt": "on"
        },
        {
          "si": 5,
          "sti": 5,
          "dti": 81,
          "sco": 21,
          "dco": 434,
          "txt": "8"
        },
        {
          "si": 5,
          "sti": 6,
          "dti": 82,
          "sco": 23,
          "dco": 436,
          "txt": "October"
        },
        {
          "si": 5,
          "sti": 7,
          "dti": 83,
          "sco": 31,
          "dco": 444,
          "txt": "1932"
        },
        {
          "si": 5,
          "sti": 8,
          "dti": 84,
          "sco": 36,
          "dco": 449,
          "txt": "in"
        },
        {
          "si": 5,
          "sti": 9,
          "dti": 85,
          "sco": 39,
          "dco": 452,
          "txt": "a"
        },
        {
          "si": 5,
          "sti": 10,
          "dti": 86,
          "sco": 41,
          "dco": 454,
          "txt": "2"
        },
        {
          "si": 5,
          "sti": 11,
          "dti": 87,
          "sco": 42,
          "dco": 455,
          "txt": "–"
        },
        {
          "si": 5,
          "sti": 12,
          "dti": 88,
          "sco": 43,
          "dco": 456,
          "txt": "1"
        },
        {
          "si": 5,
          "sti": 13,
          "dti": 89,
          "sco": 45,
          "dco": 458,
          "txt": "win"
        },
        {
          "si": 5,
          "sti": 14,
          "dti": 90,
          "sco": 49,
          "dco": 462,
          "txt": "at"
        },
        {
          "si": 5,
          "sti": 15,
          "dti": 91,
          "sco": 52,
          "dco": 465,
          "txt": "home"
        },
        {
          "si": 5,
          "sti": 16,
          "dti": 92,
          "sco": 57,
          "dco": 470,
          "txt": "to"
        },
        {
          "si": 5,
          "sti": 17,
          "dti": 93,
          "sco": 60,
          "dco": 473,
          "txt": "Sheffield"
        },
        {
          "si": 5,
          "sti": 18,
          "dti": 94,
          "sco": 70,
          "dco": 483,
          "txt": "Wednesday"
        },
        {
          "si": 5,
          "sti": 19,
          "dti": 95,
          "sco": 79,
          "dco": 492,
          "txt": ","
        },
        {
          "si": 5,
          "sti": 20,
          "dti": 96,
          "sco": 81,
          "dco": 494,
          "txt": "but"
        },
        {
          "si": 5,
          "sti": 21,
          "dti": 97,
          "sco": 85,
          "dco": 498,
          "txt": "was"
        },
        {
          "si": 5,
          "sti": 22,
          "dti": 98,
          "sco": 89,
          "dco": 502,
          "txt": "unable"
        },
        {
          "si": 5,
          "sti": 23,
          "dti": 99,
          "sco": 96,
          "dco": 509,
          "txt": "to"
        },
        {
          "si": 5,
          "sti": 24,
          "dti": 100,
          "sco": 99,
          "dco": 512,
          "txt": "dislodge"
        },
        {
          "si": 5,
          "sti": 25,
          "dti": 101,
          "sco": 108,
          "dco": 521,
          "txt": "England"
        },
        {
          "si": 5,
          "sti": 26,
          "dti": 102,
          "sco": 116,
          "dco": 529,
          "txt": "international"
        },
        {
          "si": 5,
          "sti": 27,
          "dti": 103,
          "sco": 130,
          "dco": 543,
          "txt": "right"
        },
        {
          "si": 5,
          "sti": 28,
          "dti": 104,
          "sco": 135,
          "dco": 548,
          "txt": "-"
        },
        {
          "si": 5,
          "sti": 29,
          "dti": 105,
          "sco": 136,
          "dco": 549,
          "txt": "half"
        },
        {
          "si": 5,
          "sti": 30,
          "dti": 106,
          "sco": 141,
          "dco": 554,
          "txt": "Lew"
        },
        {
          "si": 5,
          "sti": 31,
          "dti": 107,
          "sco": 145,
          "dco": 558,
          "txt": "Stoker"
        },
        {
          "si": 5,
          "sti": 32,
          "dti": 108,
          "sco": 152,
          "dco": 565,
          "txt": "from"
        },
        {
          "si": 5,
          "sti": 33,
          "dti": 109,
          "sco": 157,
          "dco": 570,
          "txt": "the"
        },
        {
          "si": 5,
          "sti": 34,
          "dti": 110,
          "sco": 161,
          "dco": 574,
          "txt": "starting"
        },
        {
          "si": 5,
          "sti": 35,
          "dti": 111,
          "sco": 170,
          "dco": 583,
          "txt": "eleven"
        },
        {
          "si": 5,
          "sti": 36,
          "dti": 112,
          "sco": 176,
          "dco": 589,
          "txt": ","
        },
        {
          "si": 5,
          "sti": 37,
          "dti": 113,
          "sco": 178,
          "dco": 591,
          "txt": "and"
        },
        {
          "si": 5,
          "sti": 38,
          "dti": 114,
          "sco": 182,
          "dco": 595,
          "txt": "made"
        },
        {
          "si": 5,
          "sti": 39,
          "dti": 115,
          "sco": 187,
          "dco": 600,
          "txt": "only"
        },
        {
          "si": 5,
          "sti": 40,
          "dti": 116,
          "sco": 192,
          "dco": 605,
          "txt": "28"
        },
        {
          "si": 5,
          "sti": 41,
          "dti": 117,
          "sco": 195,
          "dco": 608,
          "txt": "appearances"
        },
        {
          "si": 5,
          "sti": 42,
          "dti": 118,
          "sco": 207,
          "dco": 620,
          "txt": "in"
        },
        {
          "si": 5,
          "sti": 43,
          "dti": 119,
          "sco": 210,
          "dco": 623,
          "txt": "all"
        },
        {
          "si": 5,
          "sti": 44,
          "dti": 120,
          "sco": 214,
          "dco": 627,
          "txt": "competitions"
        },
        {
          "si": 5,
          "sti": 45,
          "dti": 121,
          "sco": 227,
          "dco": 640,
          "txt": "in"
        },
        {
          "si": 5,
          "sti": 46,
          "dti": 122,
          "sco": 230,
          "dco": 643,
          "txt": "four"
        },
        {
          "si": 5,
          "sti": 47,
          "dti": 123,
          "sco": 234,
          "dco": 647,
          "txt": "-"
        },
        {
          "si": 5,
          "sti": 48,
          "dti": 124,
          "sco": 235,
          "dco": 648,
          "txt": "and"
        },
        {
          "si": 5,
          "sti": 49,
          "dti": 125,
          "sco": 238,
          "dco": 651,
          "txt": "-"
        },
        {
          "si": 5,
          "sti": 50,
          "dti": 126,
          "sco": 239,
          "dco": 652,
          "txt": "a"
        },
        {
          "si": 5,
          "sti": 51,
          "dti": 127,
          "sco": 240,
          "dco": 653,
          "txt": "-"
        },
        {
          "si": 5,
          "sti": 52,
          "dti": 128,
          "sco": 241,
          "dco": 654,
          "txt": "half"
        },
        {
          "si": 5,
          "sti": 53,
          "dti": 129,
          "sco": 246,
          "dco": 659,
          "txt": "years"
        },
        {
          "si": 5,
          "sti": 54,
          "dti": 130,
          "sco": 252,
          "dco": 665,
          "txt": "with"
        },
        {
          "si": 5,
          "sti": 55,
          "dti": 131,
          "sco": 257,
          "dco": 670,
          "txt": "the"
        },
        {
          "si": 5,
          "sti": 56,
          "dti": 132,
          "sco": 261,
          "dco": 674,
          "txt": "club"
        },
        {
          "si": 5,
          "sti": 57,
          "dti": 133,
          "sco": 265,
          "dco": 678,
          "txt": "."
        },
        {
          "si": 6,
          "sti": 0,
          "dti": 134,
          "sco": 0,
          "dco": 680,
          "txt": "He"
        },
        {
          "si": 6,
          "sti": 1,
          "dti": 135,
          "sco": 3,
          "dco": 683,
          "txt": "joined"
        },
        {
          "si": 6,
          "sti": 2,
          "dti": 136,
          "sco": 10,
          "dco": 690,
          "txt": "Millwall"
        },
        {
          "si": 6,
          "sti": 3,
          "dti": 137,
          "sco": 19,
          "dco": 699,
          "txt": "at"
        },
        {
          "si": 6,
          "sti": 4,
          "dti": 138,
          "sco": 22,
          "dco": 702,
          "txt": "the"
        },
        {
          "si": 6,
          "sti": 5,
          "dti": 139,
          "sco": 26,
          "dco": 706,
          "txt": "end"
        },
        {
          "si": 6,
          "sti": 6,
          "dti": 140,
          "sco": 30,
          "dco": 710,
          "txt": "of"
        },
        {
          "si": 6,
          "sti": 7,
          "dti": 141,
          "sco": 33,
          "dco": 713,
          "txt": "the"
        },
        {
          "si": 6,
          "sti": 8,
          "dti": 142,
          "sco": 37,
          "dco": 717,
          "txt": "1936"
        },
        {
          "si": 6,
          "sti": 9,
          "dti": 143,
          "sco": 41,
          "dco": 721,
          "txt": "–"
        },
        {
          "si": 6,
          "sti": 10,
          "dti": 144,
          "sco": 42,
          "dco": 722,
          "txt": "37"
        },
        {
          "si": 6,
          "sti": 11,
          "dti": 145,
          "sco": 45,
          "dco": 725,
          "txt": "season"
        },
        {
          "si": 6,
          "sti": 12,
          "dti": 146,
          "sco": 51,
          "dco": 731,
          "txt": ","
        },
        {
          "si": 6,
          "sti": 13,
          "dti": 147,
          "sco": 53,
          "dco": 733,
          "txt": "and"
        },
        {
          "si": 6,
          "sti": 14,
          "dti": 148,
          "sco": 57,
          "dco": 737,
          "txt": "contributed"
        },
        {
          "si": 6,
          "sti": 15,
          "dti": 149,
          "sco": 69,
          "dco": 749,
          "txt": "to"
        },
        {
          "si": 6,
          "sti": 16,
          "dti": 150,
          "sco": 72,
          "dco": 752,
          "txt": "their"
        },
        {
          "si": 6,
          "sti": 17,
          "dti": 151,
          "sco": 78,
          "dco": 758,
          "txt": "winning"
        },
        {
          "si": 6,
          "sti": 18,
          "dti": 152,
          "sco": 86,
          "dco": 766,
          "txt": "the"
        },
        {
          "si": 6,
          "sti": 19,
          "dti": 153,
          "sco": 90,
          "dco": 770,
          "txt": "Third"
        },
        {
          "si": 6,
          "sti": 20,
          "dti": 154,
          "sco": 96,
          "dco": 776,
          "txt": "Division"
        },
        {
          "si": 6,
          "sti": 21,
          "dti": 155,
          "sco": 105,
          "dco": 785,
          "txt": "South"
        },
        {
          "si": 6,
          "sti": 22,
          "dti": 156,
          "sco": 111,
          "dco": 791,
          "txt": "title"
        },
        {
          "si": 6,
          "sti": 23,
          "dti": 157,
          "sco": 117,
          "dco": 797,
          "txt": "the"
        },
        {
          "si": 6,
          "sti": 24,
          "dti": 158,
          "sco": 121,
          "dco": 801,
          "txt": "following"
        },
        {
          "si": 6,
          "sti": 25,
          "dti": 159,
          "sco": 131,
          "dco": 811,
          "txt": "season"
        },
        {
          "si": 6,
          "sti": 26,
          "dti": 160,
          "sco": 137,
          "dco": 817,
          "txt": "."
        },
        {
          "si": 7,
          "sti": 0,
          "dti": 161,
          "sco": 0,
          "dco": 819,
          "txt": "He"
        },
        {
          "si": 7,
          "sti": 1,
          "dti": 162,
          "sco": 3,
          "dco": 822,
          "txt": "made"
        },
        {
          "si": 7,
          "sti": 2,
          "dti": 163,
          "sco": 8,
          "dco": 827,
          "txt": "guest"
        },
        {
          "si": 7,
          "sti": 3,
          "dti": 164,
          "sco": 14,
          "dco": 833,
          "txt": "appearances"
        },
        {
          "si": 7,
          "sti": 4,
          "dti": 165,
          "sco": 26,
          "dco": 845,
          "txt": "for"
        },
        {
          "si": 7,
          "sti": 5,
          "dti": 166,
          "sco": 30,
          "dco": 849,
          "txt": "Wrexham"
        },
        {
          "si": 7,
          "sti": 6,
          "dti": 167,
          "sco": 38,
          "dco": 857,
          "txt": "and"
        },
        {
          "si": 7,
          "sti": 7,
          "dti": 168,
          "sco": 42,
          "dco": 861,
          "txt": "for"
        },
        {
          "si": 7,
          "sti": 8,
          "dti": 169,
          "sco": 46,
          "dco": 865,
          "txt": "Wellington"
        },
        {
          "si": 7,
          "sti": 9,
          "dti": 170,
          "sco": 57,
          "dco": 876,
          "txt": "Town"
        },
        {
          "si": 7,
          "sti": 10,
          "dti": 171,
          "sco": 62,
          "dco": 881,
          "txt": "during"
        },
        {
          "si": 7,
          "sti": 11,
          "dti": 172,
          "sco": 69,
          "dco": 888,
          "txt": "the"
        },
        {
          "si": 7,
          "sti": 12,
          "dti": 173,
          "sco": 73,
          "dco": 892,
          "txt": "Second"
        },
        {
          "si": 7,
          "sti": 13,
          "dti": 174,
          "sco": 80,
          "dco": 899,
          "txt": "World"
        },
        {
          "si": 7,
          "sti": 14,
          "dti": 175,
          "sco": 86,
          "dco": 905,
          "txt": "War"
        },
        {
          "si": 7,
          "sti": 15,
          "dti": 176,
          "sco": 89,
          "dco": 908,
          "txt": ","
        },
        {
          "si": 7,
          "sti": 16,
          "dti": 177,
          "sco": 91,
          "dco": 910,
          "txt": "and"
        },
        {
          "si": 7,
          "sti": 17,
          "dti": 178,
          "sco": 95,
          "dco": 914,
          "txt": "retired"
        },
        {
          "si": 7,
          "sti": 18,
          "dti": 179,
          "sco": 103,
          "dco": 922,
          "txt": "from"
        },
        {
          "si": 7,
          "sti": 19,
          "dti": 180,
          "sco": 108,
          "dco": 927,
          "txt": "football"
        },
        {
          "si": 7,
          "sti": 20,
          "dti": 181,
          "sco": 117,
          "dco": 936,
          "txt": "in"
        },
        {
          "si": 7,
          "sti": 21,
          "dti": 182,
          "sco": 120,
          "dco": 939,
          "txt": "1943"
        },
        {
          "si": 7,
          "sti": 22,
          "dti": 183,
          "sco": 124,
          "dco": 943,
          "txt": "."
        },
        {
          "si": 8,
          "sti": 0,
          "dti": 184,
          "sco": 0,
          "dco": 945,
          "txt": "His"
        },
        {
          "si": 8,
          "sti": 1,
          "dti": 185,
          "sco": 4,
          "dco": 949,
          "txt": "death"
        },
        {
          "si": 8,
          "sti": 2,
          "dti": 186,
          "sco": 10,
          "dco": 955,
          "txt": "was"
        },
        {
          "si": 8,
          "sti": 3,
          "dti": 187,
          "sco": 14,
          "dco": 959,
          "txt": "registered"
        },
        {
          "si": 8,
          "sti": 4,
          "dti": 188,
          "sco": 25,
          "dco": 970,
          "txt": "in"
        },
        {
          "si": 8,
          "sti": 5,
          "dti": 189,
          "sco": 28,
          "dco": 973,
          "txt": "the"
        },
        {
          "si": 8,
          "sti": 6,
          "dti": 190,
          "sco": 32,
          "dco": 977,
          "txt": "Buckrose"
        },
        {
          "si": 8,
          "sti": 7,
          "dti": 191,
          "sco": 41,
          "dco": 986,
          "txt": "district"
        },
        {
          "si": 8,
          "sti": 8,
          "dti": 192,
          "sco": 50,
          "dco": 995,
          "txt": "of"
        },
        {
          "si": 8,
          "sti": 9,
          "dti": 193,
          "sco": 53,
          "dco": 998,
          "txt": "the"
        },
        {
          "si": 8,
          "sti": 10,
          "dti": 194,
          "sco": 57,
          "dco": 1002,
          "txt": "East"
        },
        {
          "si": 8,
          "sti": 11,
          "dti": 195,
          "sco": 62,
          "dco": 1007,
          "txt": "Riding"
        },
        {
          "si": 8,
          "sti": 12,
          "dti": 196,
          "sco": 69,
          "dco": 1014,
          "txt": "of"
        },
        {
          "si": 8,
          "sti": 13,
          "dti": 197,
          "sco": 72,
          "dco": 1017,
          "txt": "Yorkshire"
        },
        {
          "si": 8,
          "sti": 14,
          "dti": 198,
          "sco": 82,
          "dco": 1027,
          "txt": "in"
        },
        {
          "si": 8,
          "sti": 15,
          "dti": 199,
          "sco": 85,
          "dco": 1030,
          "txt": "1972"
        },
        {
          "si": 8,
          "sti": 16,
          "dti": 200,
          "sco": 89,
          "dco": 1034,
          "txt": ";"
        },
        {
          "si": 8,
          "sti": 17,
          "dti": 201,
          "sco": 91,
          "dco": 1036,
          "txt": "he"
        },
        {
          "si": 8,
          "sti": 18,
          "dti": 202,
          "sco": 94,
          "dco": 1039,
          "txt": "was"
        },
        {
          "si": 8,
          "sti": 19,
          "dti": 203,
          "sco": 98,
          "dco": 1043,
          "txt": "61"
        },
        {
          "si": 8,
          "sti": 20,
          "dti": 204,
          "sco": 100,
          "dco": 1045,
          "txt": "."
        }
      ]
    },
    "ganns": {
      "dla": [],
      "la": [],
      "ea": [],
      "eta": [
        {
          "ra": {
            "ea": {
              "etn": "Isaac_Lea_(footballer)"
            }
          },
          "sfs": [
            [
              {
                "stn": "birthYear"
              },
              {
                "dla": {
                  "txt": {
                    "sff": "1911"
                  },
                  "et": {
                    "etn": "BirthYear"
                  },
                  "dp": {
                    "off": 54
                  }
                }
              }
            ],
            [
              {
                "stn": "deathYear"
              },
              {
                "dla": {
                  "txt": {
                    "sff": "1972"
                  },
                  "et": {
                    "etn": "DeathYear"
                  },
                  "dp": {
                    "off": 72
                  }
                }
              }
            ]
          ],
          "mfs": [
            [
              {
                "stn": "birthPlaces"
              },
              {
                "dla": [],
                "la": [],
                "ea": [
                  {
                    "etn": "Donnington_Wood"
                  },
                  {
                    "etn": "Shropshire"
                  }
                ],
                "eta": []
              }
            ],
            [
              {
                "stn": "teams"
              },
              {
                "dla": [],
                "la": [],
                "ea": [
                  {
                    "etn": "Millwall_F.C."
                  },
                  {
                    "etn": "Oswestry_Town_F.C."
                  },
                  {
                    "etn": "Birmingham_City_F.C."
                  }
                ],
                "eta": []
              }
            ],
            [
              {
                "stn": "positions"
              },
              {
                "dla": [],
                "la": [],
                "ea": [
                  {
                    "etn": "Wing_half"
                  }
                ],
                "eta": []
              }
            ]
          ]
        }
      ]
    }
  }
]
