[
  {
    "context": "TRAIN",
    "doc": {
      "id": "Ivan_Dimitrov_(footballer)",
      "tl": [
        {
          "si": 0,
          "sti": 0,
          "dti": 0,
          "sco": 0,
          "dco": 0,
          "txt": "Ivan"
        },
        {
          "si": 0,
          "sti": 1,
          "dti": 1,
          "sco": 5,
          "dco": 5,
          "txt": "Dimitrov"
        },
        {
          "si": 0,
          "sti": 2,
          "dti": 2,
          "sco": 14,
          "dco": 14,
          "txt": "("
        },
        {
          "si": 0,
          "sti": 3,
          "dti": 3,
          "sco": 15,
          "dco": 15,
          "txt": "footballer"
        },
        {
          "si": 0,
          "sti": 4,
          "dti": 4,
          "sco": 25,
          "dco": 25,
          "txt": ")"
        },
        {
          "si": 0,
          "sti": 5,
          "dti": 5,
          "sco": 26,
          "dco": 26,
          "txt": "."
        },
        {
          "si": 1,
          "sti": 0,
          "dti": 6,
          "sco": 0,
          "dco": 28,
          "txt": "Ivan"
        },
        {
          "si": 1,
          "sti": 1,
          "dti": 7,
          "sco": 5,
          "dco": 33,
          "txt": "Milanov"
        },
        {
          "si": 1,
          "sti": 2,
          "dti": 8,
          "sco": 13,
          "dco": 41,
          "txt": "Dimitrov"
        },
        {
          "si": 1,
          "sti": 3,
          "dti": 9,
          "sco": 22,
          "dco": 50,
          "txt": "("
        },
        {
          "si": 1,
          "sti": 4,
          "dti": 10,
          "sco": 23,
          "dco": 51,
          "txt": ")"
        },
        {
          "si": 1,
          "sti": 5,
          "dti": 11,
          "sco": 25,
          "dco": 53,
          "txt": "("
        },
        {
          "si": 1,
          "sti": 6,
          "dti": 12,
          "sco": 26,
          "dco": 54,
          "txt": "born"
        },
        {
          "si": 1,
          "sti": 7,
          "dti": 13,
          "sco": 31,
          "dco": 59,
          "txt": "14"
        },
        {
          "si": 1,
          "sti": 8,
          "dti": 14,
          "sco": 34,
          "dco": 62,
          "txt": "May"
        },
        {
          "si": 1,
          "sti": 9,
          "dti": 15,
          "sco": 38,
          "dco": 66,
          "txt": "1935"
        },
        {
          "si": 1,
          "sti": 10,
          "dti": 16,
          "sco": 42,
          "dco": 70,
          "txt": ")"
        },
        {
          "si": 1,
          "sti": 11,
          "dti": 17,
          "sco": 44,
          "dco": 72,
          "txt": "is"
        },
        {
          "si": 1,
          "sti": 12,
          "dti": 18,
          "sco": 47,
          "dco": 75,
          "txt": "a"
        },
        {
          "si": 1,
          "sti": 13,
          "dti": 19,
          "sco": 49,
          "dco": 77,
          "txt": "Bulgarian"
        },
        {
          "si": 1,
          "sti": 14,
          "dti": 20,
          "sco": 59,
          "dco": 87,
          "txt": "football"
        },
        {
          "si": 1,
          "sti": 15,
          "dti": 21,
          "sco": 68,
          "dco": 96,
          "txt": "defender"
        },
        {
          "si": 1,
          "sti": 16,
          "dti": 22,
          "sco": 77,
          "dco": 105,
          "txt": "who"
        },
        {
          "si": 1,
          "sti": 17,
          "dti": 23,
          "sco": 81,
          "dco": 109,
          "txt": "played"
        },
        {
          "si": 1,
          "sti": 18,
          "dti": 24,
          "sco": 88,
          "dco": 116,
          "txt": "for"
        },
        {
          "si": 1,
          "sti": 19,
          "dti": 25,
          "sco": 92,
          "dco": 120,
          "txt": "Bulgaria"
        },
        {
          "si": 1,
          "sti": 20,
          "dti": 26,
          "sco": 101,
          "dco": 129,
          "txt": "in"
        },
        {
          "si": 1,
          "sti": 21,
          "dti": 27,
          "sco": 104,
          "dco": 132,
          "txt": "the"
        },
        {
          "si": 1,
          "sti": 22,
          "dti": 28,
          "sco": 108,
          "dco": 136,
          "txt": "1962"
        },
        {
          "si": 1,
          "sti": 23,
          "dti": 29,
          "sco": 113,
          "dco": 141,
          "txt": "and"
        },
        {
          "si": 1,
          "sti": 24,
          "dti": 30,
          "sco": 117,
          "dco": 145,
          "txt": "1970"
        },
        {
          "si": 1,
          "sti": 25,
          "dti": 31,
          "sco": 122,
          "dco": 150,
          "txt": "FIFA"
        },
        {
          "si": 1,
          "sti": 26,
          "dti": 32,
          "sco": 127,
          "dco": 155,
          "txt": "World"
        },
        {
          "si": 1,
          "sti": 27,
          "dti": 33,
          "sco": 133,
          "dco": 161,
          "txt": "Cups"
        },
        {
          "si": 1,
          "sti": 28,
          "dti": 34,
          "sco": 137,
          "dco": 165,
          "txt": "."
        },
        {
          "si": 2,
          "sti": 0,
          "dti": 35,
          "sco": 0,
          "dco": 167,
          "txt": "He"
        },
        {
          "si": 2,
          "sti": 1,
          "dti": 36,
          "sco": 3,
          "dco": 170,
          "txt": "also"
        },
        {
          "si": 2,
          "sti": 2,
          "dti": 37,
          "sco": 8,
          "dco": 175,
          "txt": "played"
        },
        {
          "si": 2,
          "sti": 3,
          "dti": 38,
          "sco": 15,
          "dco": 182,
          "txt": "for"
        },
        {
          "si": 2,
          "sti": 4,
          "dti": 39,
          "sco": 19,
          "dco": 186,
          "txt": "PFC"
        },
        {
          "si": 2,
          "sti": 5,
          "dti": 40,
          "sco": 23,
          "dco": 190,
          "txt": "Lokomotiv"
        },
        {
          "si": 2,
          "sti": 6,
          "dti": 41,
          "sco": 33,
          "dco": 200,
          "txt": "Sofia"
        },
        {
          "si": 2,
          "sti": 7,
          "dti": 42,
          "sco": 39,
          "dco": 206,
          "txt": "and"
        },
        {
          "si": 2,
          "sti": 8,
          "dti": 43,
          "sco": 43,
          "dco": 210,
          "txt": "PFC"
        },
        {
          "si": 2,
          "sti": 9,
          "dti": 44,
          "sco": 47,
          "dco": 214,
          "txt": "Akademik"
        },
        {
          "si": 2,
          "sti": 10,
          "dti": 45,
          "sco": 56,
          "dco": 223,
          "txt": "Sofia"
        },
        {
          "si": 2,
          "sti": 11,
          "dti": 46,
          "sco": 61,
          "dco": 228,
          "txt": "."
        }
      ]
    },
    "ganns": {
      "dla": [],
      "la": [],
      "ea": [],
      "eta": [
        {
          "ra": {
            "ea": {
              "etn": "Ivan_Dimitrov_(footballer)"
            }
          },
          "sfs": [
            [
              {
                "stn": "birthYear"
              },
              {
                "dla": {
                  "txt": {
                    "sff": "1935"
                  },
                  "et": {
                    "etn": "BirthYear"
                  },
                  "dp": {
                    "off": 66
                  }
                }
              }
            ],
            [
              {
                "stn": "deathYear"
              },
              {}
            ]
          ],
          "mfs": [
            [
              {
                "stn": "birthPlaces"
              },
              {
                "dla": [],
                "la": [],
                "ea": [
                  {
                    "etn": "Bulgaria"
                  }
                ],
                "eta": []
              }
            ],
            [
              {
                "stn": "teams"
              },
              {
                "dla": [],
                "la": [],
                "ea": [
                  {
                    "etn": "PFC_Lokomotiv_Sofia"
                  },
                  {
                    "etn": "Bulgaria_national_football_team"
                  },
                  {
                    "etn": "PFC_Akademik_Sofia"
                  }
                ],
                "eta": []
              }
            ],
            [
              {
                "stn": "positions"
              },
              {
                "dla": [],
                "la": [],
                "ea": [
                  {
                    "etn": "Defender_(association_football)"
                  }
                ],
                "eta": []
              }
            ]
          ]
        }
      ]
    }
  }
]
