[
  {
    "context": "DEVELOPMENT",
    "doc": {
      "id": "Ivan_Deyanov",
      "tl": [
        {
          "si": 0,
          "sti": 0,
          "dti": 0,
          "sco": 0,
          "dco": 0,
          "txt": "Ivan"
        },
        {
          "si": 0,
          "sti": 1,
          "dti": 1,
          "sco": 5,
          "dco": 5,
          "txt": "Deyanov"
        },
        {
          "si": 0,
          "sti": 2,
          "dti": 2,
          "sco": 12,
          "dco": 12,
          "txt": "."
        },
        {
          "si": 1,
          "sti": 0,
          "dti": 3,
          "sco": 0,
          "dco": 14,
          "txt": "Ivan"
        },
        {
          "si": 1,
          "sti": 1,
          "dti": 4,
          "sco": 5,
          "dco": 19,
          "txt": "Deyanov"
        },
        {
          "si": 1,
          "sti": 2,
          "dti": 5,
          "sco": 13,
          "dco": 27,
          "txt": "("
        },
        {
          "si": 1,
          "sti": 3,
          "dti": 6,
          "sco": 14,
          "dco": 28,
          "txt": ")"
        },
        {
          "si": 1,
          "sti": 4,
          "dti": 7,
          "sco": 15,
          "dco": 29,
          "txt": "("
        },
        {
          "si": 1,
          "sti": 5,
          "dti": 8,
          "sco": 16,
          "dco": 30,
          "txt": "born"
        },
        {
          "si": 1,
          "sti": 6,
          "dti": 9,
          "sco": 21,
          "dco": 35,
          "txt": "16"
        },
        {
          "si": 1,
          "sti": 7,
          "dti": 10,
          "sco": 24,
          "dco": 38,
          "txt": "December"
        },
        {
          "si": 1,
          "sti": 8,
          "dti": 11,
          "sco": 33,
          "dco": 47,
          "txt": "1937"
        },
        {
          "si": 1,
          "sti": 9,
          "dti": 12,
          "sco": 37,
          "dco": 51,
          "txt": ")"
        },
        {
          "si": 1,
          "sti": 10,
          "dti": 13,
          "sco": 39,
          "dco": 53,
          "txt": "is"
        },
        {
          "si": 1,
          "sti": 11,
          "dti": 14,
          "sco": 42,
          "dco": 56,
          "txt": "a"
        },
        {
          "si": 1,
          "sti": 12,
          "dti": 15,
          "sco": 44,
          "dco": 58,
          "txt": "Bulgarian"
        },
        {
          "si": 1,
          "sti": 13,
          "dti": 16,
          "sco": 54,
          "dco": 68,
          "txt": "football"
        },
        {
          "si": 1,
          "sti": 14,
          "dti": 17,
          "sco": 63,
          "dco": 77,
          "txt": "goalkeeper"
        },
        {
          "si": 1,
          "sti": 15,
          "dti": 18,
          "sco": 74,
          "dco": 88,
          "txt": "who"
        },
        {
          "si": 1,
          "sti": 16,
          "dti": 19,
          "sco": 78,
          "dco": 92,
          "txt": "played"
        },
        {
          "si": 1,
          "sti": 17,
          "dti": 20,
          "sco": 85,
          "dco": 99,
          "txt": "for"
        },
        {
          "si": 1,
          "sti": 18,
          "dti": 21,
          "sco": 89,
          "dco": 103,
          "txt": "Bulgaria"
        },
        {
          "si": 1,
          "sti": 19,
          "dti": 22,
          "sco": 98,
          "dco": 112,
          "txt": "in"
        },
        {
          "si": 1,
          "sti": 20,
          "dti": 23,
          "sco": 101,
          "dco": 115,
          "txt": "the"
        },
        {
          "si": 1,
          "sti": 21,
          "dti": 24,
          "sco": 105,
          "dco": 119,
          "txt": "1966"
        },
        {
          "si": 1,
          "sti": 22,
          "dti": 25,
          "sco": 110,
          "dco": 124,
          "txt": "FIFA"
        },
        {
          "si": 1,
          "sti": 23,
          "dti": 26,
          "sco": 115,
          "dco": 129,
          "txt": "World"
        },
        {
          "si": 1,
          "sti": 24,
          "dti": 27,
          "sco": 121,
          "dco": 135,
          "txt": "Cup"
        },
        {
          "si": 1,
          "sti": 25,
          "dti": 28,
          "sco": 124,
          "dco": 138,
          "txt": "."
        },
        {
          "si": 2,
          "sti": 0,
          "dti": 29,
          "sco": 0,
          "dco": 140,
          "txt": "He"
        },
        {
          "si": 2,
          "sti": 1,
          "dti": 30,
          "sco": 3,
          "dco": 143,
          "txt": "also"
        },
        {
          "si": 2,
          "sti": 2,
          "dti": 31,
          "sco": 8,
          "dco": 148,
          "txt": "played"
        },
        {
          "si": 2,
          "sti": 3,
          "dti": 32,
          "sco": 15,
          "dco": 155,
          "txt": "for"
        },
        {
          "si": 2,
          "sti": 4,
          "dti": 33,
          "sco": 19,
          "dco": 159,
          "txt": "PFC"
        },
        {
          "si": 2,
          "sti": 5,
          "dti": 34,
          "sco": 23,
          "dco": 163,
          "txt": "Lokomotiv"
        },
        {
          "si": 2,
          "sti": 6,
          "dti": 35,
          "sco": 33,
          "dco": 173,
          "txt": "Sofia"
        },
        {
          "si": 2,
          "sti": 7,
          "dti": 36,
          "sco": 38,
          "dco": 178,
          "txt": "."
        }
      ]
    },
    "ganns": {
      "dla": [],
      "la": [],
      "ea": [],
      "eta": [
        {
          "ra": {
            "ea": {
              "etn": "Ivan_Deyanov"
            }
          },
          "sfs": [
            [
              {
                "stn": "birthYear"
              },
              {
                "dla": {
                  "txt": {
                    "sff": "1937"
                  },
                  "et": {
                    "etn": "BirthYear"
                  },
                  "dp": {
                    "off": 47
                  }
                }
              }
            ],
            [
              {
                "stn": "deathYear"
              },
              {}
            ]
          ],
          "mfs": [
            [
              {
                "stn": "position"
              },
              {
                "dla": [],
                "la": [],
                "ea": [
                  {
                    "etn": "Goalkeeper_(association_football)"
                  }
                ],
                "eta": []
              }
            ],
            [
              {
                "stn": "team"
              },
              {
                "dla": [],
                "la": [],
                "ea": [
                  {
                    "etn": "PFC_Lokomotiv_Sofia"
                  },
                  {
                    "etn": "Bulgaria_national_football_team"
                  }
                ],
                "eta": []
              }
            ],
            [
              {
                "stn": "birthPlace"
              },
              {
                "dla": [],
                "la": [],
                "ea": [
                  {
                    "etn": "Bulgaria"
                  }
                ],
                "eta": []
              }
            ]
          ]
        }
      ]
    }
  }
]
