[
  {
    "context": "TEST",
    "doc": {
      "id": "Jahir_Barraza",
      "tl": [
        {
          "si": 0,
          "sti": 0,
          "dti": 0,
          "sco": 0,
          "dco": 0,
          "txt": "Jahir"
        },
        {
          "si": 0,
          "sti": 1,
          "dti": 1,
          "sco": 6,
          "dco": 6,
          "txt": "Barraza"
        },
        {
          "si": 0,
          "sti": 2,
          "dti": 2,
          "sco": 13,
          "dco": 13,
          "txt": "."
        },
        {
          "si": 1,
          "sti": 0,
          "dti": 3,
          "sco": 0,
          "dco": 15,
          "txt": "Jahir"
        },
        {
          "si": 1,
          "sti": 1,
          "dti": 4,
          "sco": 6,
          "dco": 21,
          "txt": "Alejandro"
        },
        {
          "si": 1,
          "sti": 2,
          "dti": 5,
          "sco": 16,
          "dco": 31,
          "txt": "Barraza"
        },
        {
          "si": 1,
          "sti": 3,
          "dti": 6,
          "sco": 24,
          "dco": 39,
          "txt": "Flores"
        },
        {
          "si": 1,
          "sti": 4,
          "dti": 7,
          "sco": 31,
          "dco": 46,
          "txt": "("
        },
        {
          "si": 1,
          "sti": 5,
          "dti": 8,
          "sco": 32,
          "dco": 47,
          "txt": "born"
        },
        {
          "si": 1,
          "sti": 6,
          "dti": 9,
          "sco": 37,
          "dco": 52,
          "txt": "17"
        },
        {
          "si": 1,
          "sti": 7,
          "dti": 10,
          "sco": 40,
          "dco": 55,
          "txt": "September"
        },
        {
          "si": 1,
          "sti": 8,
          "dti": 11,
          "sco": 50,
          "dco": 65,
          "txt": "1990"
        },
        {
          "si": 1,
          "sti": 9,
          "dti": 12,
          "sco": 54,
          "dco": 69,
          "txt": ")"
        },
        {
          "si": 1,
          "sti": 10,
          "dti": 13,
          "sco": 56,
          "dco": 71,
          "txt": "is"
        },
        {
          "si": 1,
          "sti": 11,
          "dti": 14,
          "sco": 59,
          "dco": 74,
          "txt": "a"
        },
        {
          "si": 1,
          "sti": 12,
          "dti": 15,
          "sco": 61,
          "dco": 76,
          "txt": "Mexican"
        },
        {
          "si": 1,
          "sti": 13,
          "dti": 16,
          "sco": 69,
          "dco": 84,
          "txt": "footballer"
        },
        {
          "si": 1,
          "sti": 14,
          "dti": 17,
          "sco": 80,
          "dco": 95,
          "txt": "who"
        },
        {
          "si": 1,
          "sti": 15,
          "dti": 18,
          "sco": 84,
          "dco": 99,
          "txt": "plays"
        },
        {
          "si": 1,
          "sti": 16,
          "dti": 19,
          "sco": 90,
          "dco": 105,
          "txt": "for"
        },
        {
          "si": 1,
          "sti": 17,
          "dti": 20,
          "sco": 94,
          "dco": 109,
          "txt": "Club"
        },
        {
          "si": 1,
          "sti": 18,
          "dti": 21,
          "sco": 99,
          "dco": 114,
          "txt": "Universidad"
        },
        {
          "si": 1,
          "sti": 19,
          "dti": 22,
          "sco": 111,
          "dco": 126,
          "txt": "de"
        },
        {
          "si": 1,
          "sti": 20,
          "dti": 23,
          "sco": 114,
          "dco": 129,
          "txt": "Guadalajara"
        },
        {
          "si": 1,
          "sti": 21,
          "dti": 24,
          "sco": 126,
          "dco": 141,
          "txt": "on"
        },
        {
          "si": 1,
          "sti": 22,
          "dti": 25,
          "sco": 129,
          "dco": 144,
          "txt": "loan"
        },
        {
          "si": 1,
          "sti": 23,
          "dti": 26,
          "sco": 134,
          "dco": 149,
          "txt": "from"
        },
        {
          "si": 1,
          "sti": 24,
          "dti": 27,
          "sco": 139,
          "dco": 154,
          "txt": "Club"
        },
        {
          "si": 1,
          "sti": 25,
          "dti": 28,
          "sco": 144,
          "dco": 159,
          "txt": "Atlas"
        },
        {
          "si": 1,
          "sti": 26,
          "dti": 29,
          "sco": 150,
          "dco": 165,
          "txt": "in"
        },
        {
          "si": 1,
          "sti": 27,
          "dti": 30,
          "sco": 153,
          "dco": 168,
          "txt": "the"
        },
        {
          "si": 1,
          "sti": 28,
          "dti": 31,
          "sco": 157,
          "dco": 172,
          "txt": "Liga"
        },
        {
          "si": 1,
          "sti": 29,
          "dti": 32,
          "sco": 162,
          "dco": 177,
          "txt": "MX"
        },
        {
          "si": 1,
          "sti": 30,
          "dti": 33,
          "sco": 164,
          "dco": 179,
          "txt": "."
        },
        {
          "si": 2,
          "sti": 0,
          "dti": 34,
          "sco": 0,
          "dco": 181,
          "txt": "Biography"
        },
        {
          "si": 2,
          "sti": 1,
          "dti": 35,
          "sco": 9,
          "dco": 190,
          "txt": "."
        },
        {
          "si": 3,
          "sti": 0,
          "dti": 36,
          "sco": 0,
          "dco": 192,
          "txt": "Born"
        },
        {
          "si": 3,
          "sti": 1,
          "dti": 37,
          "sco": 5,
          "dco": 197,
          "txt": "in"
        },
        {
          "si": 3,
          "sti": 2,
          "dti": 38,
          "sco": 8,
          "dco": 200,
          "txt": "Delicias"
        },
        {
          "si": 3,
          "sti": 3,
          "dti": 39,
          "sco": 16,
          "dco": 208,
          "txt": ","
        },
        {
          "si": 3,
          "sti": 4,
          "dti": 40,
          "sco": 18,
          "dco": 210,
          "txt": "Chihuahua"
        },
        {
          "si": 3,
          "sti": 5,
          "dti": 41,
          "sco": 27,
          "dco": 219,
          "txt": ","
        },
        {
          "si": 3,
          "sti": 6,
          "dti": 42,
          "sco": 29,
          "dco": 221,
          "txt": "Barraza"
        },
        {
          "si": 3,
          "sti": 7,
          "dti": 43,
          "sco": 37,
          "dco": 229,
          "txt": "started"
        },
        {
          "si": 3,
          "sti": 8,
          "dti": 44,
          "sco": 45,
          "dco": 237,
          "txt": "his"
        },
        {
          "si": 3,
          "sti": 9,
          "dti": 45,
          "sco": 49,
          "dco": 241,
          "txt": "career"
        },
        {
          "si": 3,
          "sti": 10,
          "dti": 46,
          "sco": 56,
          "dco": 248,
          "txt": "at"
        },
        {
          "si": 3,
          "sti": 11,
          "dti": 47,
          "sco": 59,
          "dco": 251,
          "txt": "Dorados"
        },
        {
          "si": 3,
          "sti": 12,
          "dti": 48,
          "sco": 67,
          "dco": 259,
          "txt": "Fuerzas"
        },
        {
          "si": 3,
          "sti": 13,
          "dti": 49,
          "sco": 75,
          "dco": 267,
          "txt": "Basicas"
        },
        {
          "si": 3,
          "sti": 14,
          "dti": 50,
          "sco": 83,
          "dco": 275,
          "txt": "of"
        },
        {
          "si": 3,
          "sti": 15,
          "dti": 51,
          "sco": 86,
          "dco": 278,
          "txt": "Tercera"
        },
        {
          "si": 3,
          "sti": 16,
          "dti": 52,
          "sco": 94,
          "dco": 286,
          "txt": "Divisi"
        },
        {
          "si": 3,
          "sti": 17,
          "dti": 53,
          "sco": 100,
          "dco": 292,
          "txt": "ó"
        },
        {
          "si": 3,
          "sti": 18,
          "dti": 54,
          "sco": 101,
          "dco": 293,
          "txt": "n"
        },
        {
          "si": 3,
          "sti": 19,
          "dti": 55,
          "sco": 103,
          "dco": 295,
          "txt": "de"
        },
        {
          "si": 3,
          "sti": 20,
          "dti": 56,
          "sco": 106,
          "dco": 298,
          "txt": "M"
        },
        {
          "si": 3,
          "sti": 21,
          "dti": 57,
          "sco": 107,
          "dco": 299,
          "txt": "é"
        },
        {
          "si": 3,
          "sti": 22,
          "dti": 58,
          "sco": 108,
          "dco": 300,
          "txt": "xico"
        },
        {
          "si": 3,
          "sti": 23,
          "dti": 59,
          "sco": 112,
          "dco": 304,
          "txt": "."
        },
        {
          "si": 4,
          "sti": 0,
          "dti": 60,
          "sco": 0,
          "dco": 306,
          "txt": "In"
        },
        {
          "si": 4,
          "sti": 1,
          "dti": 61,
          "sco": 3,
          "dco": 309,
          "txt": "2008"
        },
        {
          "si": 4,
          "sti": 2,
          "dti": 62,
          "sco": 7,
          "dco": 313,
          "txt": "-"
        },
        {
          "si": 4,
          "sti": 3,
          "dti": 63,
          "sco": 8,
          "dco": 314,
          "txt": "09"
        },
        {
          "si": 4,
          "sti": 4,
          "dti": 64,
          "sco": 11,
          "dco": 317,
          "txt": "season"
        },
        {
          "si": 4,
          "sti": 5,
          "dti": 65,
          "sco": 18,
          "dco": 324,
          "txt": "he"
        },
        {
          "si": 4,
          "sti": 6,
          "dti": 66,
          "sco": 21,
          "dco": 327,
          "txt": "was"
        },
        {
          "si": 4,
          "sti": 7,
          "dti": 67,
          "sco": 25,
          "dco": 331,
          "txt": "signed"
        },
        {
          "si": 4,
          "sti": 8,
          "dti": 68,
          "sco": 32,
          "dco": 338,
          "txt": "by"
        },
        {
          "si": 4,
          "sti": 9,
          "dti": 69,
          "sco": 35,
          "dco": 341,
          "txt": "Atlas"
        },
        {
          "si": 4,
          "sti": 10,
          "dti": 70,
          "sco": 41,
          "dco": 347,
          "txt": "and"
        },
        {
          "si": 4,
          "sti": 11,
          "dti": 71,
          "sco": 45,
          "dco": 351,
          "txt": "joined"
        },
        {
          "si": 4,
          "sti": 12,
          "dti": 72,
          "sco": 52,
          "dco": 358,
          "txt": "their"
        },
        {
          "si": 4,
          "sti": 13,
          "dti": 73,
          "sco": 58,
          "dco": 364,
          "txt": "Filial"
        },
        {
          "si": 4,
          "sti": 14,
          "dti": 74,
          "sco": 65,
          "dco": 371,
          "txt": "Team"
        },
        {
          "si": 4,
          "sti": 15,
          "dti": 75,
          "sco": 70,
          "dco": 376,
          "txt": "Acad"
        },
        {
          "si": 4,
          "sti": 16,
          "dti": 76,
          "sco": 74,
          "dco": 380,
          "txt": "é"
        },
        {
          "si": 4,
          "sti": 17,
          "dti": 77,
          "sco": 75,
          "dco": 381,
          "txt": "micos"
        },
        {
          "si": 4,
          "sti": 18,
          "dti": 78,
          "sco": 80,
          "dco": 386,
          "txt": ","
        },
        {
          "si": 4,
          "sti": 19,
          "dti": 79,
          "sco": 82,
          "dco": 388,
          "txt": "at"
        },
        {
          "si": 4,
          "sti": 20,
          "dti": 80,
          "sco": 85,
          "dco": 391,
          "txt": "Primera"
        },
        {
          "si": 4,
          "sti": 21,
          "dti": 81,
          "sco": 93,
          "dco": 399,
          "txt": "Divisi"
        },
        {
          "si": 4,
          "sti": 22,
          "dti": 82,
          "sco": 99,
          "dco": 405,
          "txt": "ó"
        },
        {
          "si": 4,
          "sti": 23,
          "dti": 83,
          "sco": 100,
          "dco": 406,
          "txt": "n"
        },
        {
          "si": 4,
          "sti": 24,
          "dti": 84,
          "sco": 102,
          "dco": 408,
          "txt": "A"
        },
        {
          "si": 4,
          "sti": 25,
          "dti": 85,
          "sco": 103,
          "dco": 409,
          "txt": ","
        },
        {
          "si": 4,
          "sti": 26,
          "dti": 86,
          "sco": 105,
          "dco": 411,
          "txt": "Atlas"
        },
        {
          "si": 4,
          "sti": 27,
          "dti": 87,
          "sco": 111,
          "dco": 417,
          "txt": "B"
        },
        {
          "si": 4,
          "sti": 28,
          "dti": 88,
          "sco": 113,
          "dco": 419,
          "txt": "Team"
        },
        {
          "si": 4,
          "sti": 29,
          "dti": 89,
          "sco": 118,
          "dco": 424,
          "txt": "at"
        },
        {
          "si": 4,
          "sti": 30,
          "dti": 90,
          "sco": 121,
          "dco": 427,
          "txt": "Segunda"
        },
        {
          "si": 4,
          "sti": 31,
          "dti": 91,
          "sco": 129,
          "dco": 435,
          "txt": "Divisi"
        },
        {
          "si": 4,
          "sti": 32,
          "dti": 92,
          "sco": 135,
          "dco": 441,
          "txt": "ó"
        },
        {
          "si": 4,
          "sti": 33,
          "dti": 93,
          "sco": 136,
          "dco": 442,
          "txt": "n"
        },
        {
          "si": 4,
          "sti": 34,
          "dti": 94,
          "sco": 138,
          "dco": 444,
          "txt": "and"
        },
        {
          "si": 4,
          "sti": 35,
          "dti": 95,
          "sco": 142,
          "dco": 448,
          "txt": "C"
        },
        {
          "si": 4,
          "sti": 36,
          "dti": 96,
          "sco": 144,
          "dco": 450,
          "txt": "team"
        },
        {
          "si": 4,
          "sti": 37,
          "dti": 97,
          "sco": 149,
          "dco": 455,
          "txt": "at"
        },
        {
          "si": 4,
          "sti": 38,
          "dti": 98,
          "sco": 152,
          "dco": 458,
          "txt": "Tercera"
        },
        {
          "si": 4,
          "sti": 39,
          "dti": 99,
          "sco": 160,
          "dco": 466,
          "txt": "Divisi"
        },
        {
          "si": 4,
          "sti": 40,
          "dti": 100,
          "sco": 166,
          "dco": 472,
          "txt": "ó"
        },
        {
          "si": 4,
          "sti": 41,
          "dti": 101,
          "sco": 167,
          "dco": 473,
          "txt": "n"
        },
        {
          "si": 4,
          "sti": 42,
          "dti": 102,
          "sco": 168,
          "dco": 474,
          "txt": "."
        },
        {
          "si": 5,
          "sti": 0,
          "dti": 103,
          "sco": 0,
          "dco": 476,
          "txt": "He"
        },
        {
          "si": 5,
          "sti": 1,
          "dti": 104,
          "sco": 3,
          "dco": 479,
          "txt": "made"
        },
        {
          "si": 5,
          "sti": 2,
          "dti": 105,
          "sco": 8,
          "dco": 484,
          "txt": "his"
        },
        {
          "si": 5,
          "sti": 3,
          "dti": 106,
          "sco": 12,
          "dco": 488,
          "txt": "Primera"
        },
        {
          "si": 5,
          "sti": 4,
          "dti": 107,
          "sco": 20,
          "dco": 496,
          "txt": "A"
        },
        {
          "si": 5,
          "sti": 5,
          "dti": 108,
          "sco": 22,
          "dco": 498,
          "txt": "debut"
        },
        {
          "si": 5,
          "sti": 6,
          "dti": 109,
          "sco": 27,
          "dco": 503,
          "txt": ","
        },
        {
          "si": 5,
          "sti": 7,
          "dti": 110,
          "sco": 29,
          "dco": 505,
          "txt": "on"
        },
        {
          "si": 5,
          "sti": 8,
          "dti": 111,
          "sco": 32,
          "dco": 508,
          "txt": "January"
        },
        {
          "si": 5,
          "sti": 9,
          "dti": 112,
          "sco": 40,
          "dco": 516,
          "txt": "17"
        },
        {
          "si": 5,
          "sti": 10,
          "dti": 113,
          "sco": 42,
          "dco": 518,
          "txt": ","
        },
        {
          "si": 5,
          "sti": 11,
          "dti": 114,
          "sco": 44,
          "dco": 520,
          "txt": "2009"
        },
        {
          "si": 5,
          "sti": 12,
          "dti": 115,
          "sco": 49,
          "dco": 525,
          "txt": "in"
        },
        {
          "si": 5,
          "sti": 13,
          "dti": 116,
          "sco": 52,
          "dco": 528,
          "txt": "a"
        },
        {
          "si": 5,
          "sti": 14,
          "dti": 117,
          "sco": 54,
          "dco": 530,
          "txt": "1"
        },
        {
          "si": 5,
          "sti": 15,
          "dti": 118,
          "sco": 55,
          "dco": 531,
          "txt": "-"
        },
        {
          "si": 5,
          "sti": 16,
          "dti": 119,
          "sco": 56,
          "dco": 532,
          "txt": "1"
        },
        {
          "si": 5,
          "sti": 17,
          "dti": 120,
          "sco": 58,
          "dco": 534,
          "txt": "tie"
        },
        {
          "si": 5,
          "sti": 18,
          "dti": 121,
          "sco": 62,
          "dco": 538,
          "txt": "with"
        },
        {
          "si": 5,
          "sti": 19,
          "dti": 122,
          "sco": 67,
          "dco": 543,
          "txt": "Albinegros"
        },
        {
          "si": 5,
          "sti": 20,
          "dti": 123,
          "sco": 78,
          "dco": 554,
          "txt": "de"
        },
        {
          "si": 5,
          "sti": 21,
          "dti": 124,
          "sco": 81,
          "dco": 557,
          "txt": "Orizaba"
        },
        {
          "si": 5,
          "sti": 22,
          "dti": 125,
          "sco": 88,
          "dco": 564,
          "txt": "."
        },
        {
          "si": 6,
          "sti": 0,
          "dti": 126,
          "sco": 0,
          "dco": 566,
          "txt": "After"
        },
        {
          "si": 6,
          "sti": 1,
          "dti": 127,
          "sco": 6,
          "dco": 572,
          "txt": "the"
        },
        {
          "si": 6,
          "sti": 2,
          "dti": 128,
          "sco": 10,
          "dco": 576,
          "txt": "fold"
        },
        {
          "si": 6,
          "sti": 3,
          "dti": 129,
          "sco": 15,
          "dco": 581,
          "txt": "of"
        },
        {
          "si": 6,
          "sti": 4,
          "dti": 130,
          "sco": 18,
          "dco": 584,
          "txt": "Acad"
        },
        {
          "si": 6,
          "sti": 5,
          "dti": 131,
          "sco": 22,
          "dco": 588,
          "txt": "é"
        },
        {
          "si": 6,
          "sti": 6,
          "dti": 132,
          "sco": 23,
          "dco": 589,
          "txt": "micos"
        },
        {
          "si": 6,
          "sti": 7,
          "dti": 133,
          "sco": 29,
          "dco": 595,
          "txt": "team"
        },
        {
          "si": 6,
          "sti": 8,
          "dti": 134,
          "sco": 33,
          "dco": 599,
          "txt": ","
        },
        {
          "si": 6,
          "sti": 9,
          "dti": 135,
          "sco": 35,
          "dco": 601,
          "txt": "in"
        },
        {
          "si": 6,
          "sti": 10,
          "dti": 136,
          "sco": 38,
          "dco": 604,
          "txt": "2009"
        },
        {
          "si": 6,
          "sti": 11,
          "dti": 137,
          "sco": 42,
          "dco": 608,
          "txt": "-"
        },
        {
          "si": 6,
          "sti": 12,
          "dti": 138,
          "sco": 43,
          "dco": 609,
          "txt": "10"
        },
        {
          "si": 6,
          "sti": 13,
          "dti": 139,
          "sco": 46,
          "dco": 612,
          "txt": "season"
        },
        {
          "si": 6,
          "sti": 14,
          "dti": 140,
          "sco": 53,
          "dco": 619,
          "txt": "he"
        },
        {
          "si": 6,
          "sti": 15,
          "dti": 141,
          "sco": 56,
          "dco": 622,
          "txt": "played"
        },
        {
          "si": 6,
          "sti": 16,
          "dti": 142,
          "sco": 63,
          "dco": 629,
          "txt": "for"
        },
        {
          "si": 6,
          "sti": 17,
          "dti": 143,
          "sco": 67,
          "dco": 633,
          "txt": "Atlas"
        },
        {
          "si": 6,
          "sti": 18,
          "dti": 144,
          "sco": 73,
          "dco": 639,
          "txt": "B"
        },
        {
          "si": 6,
          "sti": 19,
          "dti": 145,
          "sco": 75,
          "dco": 641,
          "txt": "at"
        },
        {
          "si": 6,
          "sti": 20,
          "dti": 146,
          "sco": 78,
          "dco": 644,
          "txt": "Segunda"
        },
        {
          "si": 6,
          "sti": 21,
          "dti": 147,
          "sco": 86,
          "dco": 652,
          "txt": "Divisi"
        },
        {
          "si": 6,
          "sti": 22,
          "dti": 148,
          "sco": 92,
          "dco": 658,
          "txt": "ó"
        },
        {
          "si": 6,
          "sti": 23,
          "dti": 149,
          "sco": 93,
          "dco": 659,
          "txt": "n"
        },
        {
          "si": 6,
          "sti": 24,
          "dti": 150,
          "sco": 95,
          "dco": 661,
          "txt": "and"
        },
        {
          "si": 6,
          "sti": 25,
          "dti": 151,
          "sco": 99,
          "dco": 665,
          "txt": "Fuerzas"
        },
        {
          "si": 6,
          "sti": 26,
          "dti": 152,
          "sco": 107,
          "dco": 673,
          "txt": "Basicas"
        },
        {
          "si": 6,
          "sti": 27,
          "dti": 153,
          "sco": 115,
          "dco": 681,
          "txt": "U"
        },
        {
          "si": 6,
          "sti": 28,
          "dti": 154,
          "sco": 116,
          "dco": 682,
          "txt": "20"
        },
        {
          "si": 6,
          "sti": 29,
          "dti": 155,
          "sco": 119,
          "dco": 685,
          "txt": "Team"
        },
        {
          "si": 6,
          "sti": 30,
          "dti": 156,
          "sco": 124,
          "dco": 690,
          "txt": "at"
        },
        {
          "si": 6,
          "sti": 31,
          "dti": 157,
          "sco": 127,
          "dco": 693,
          "txt": "Fuerzas"
        },
        {
          "si": 6,
          "sti": 32,
          "dti": 158,
          "sco": 135,
          "dco": 701,
          "txt": "Basicas"
        },
        {
          "si": 6,
          "sti": 33,
          "dti": 159,
          "sco": 143,
          "dco": 709,
          "txt": "U"
        },
        {
          "si": 6,
          "sti": 34,
          "dti": 160,
          "sco": 144,
          "dco": 710,
          "txt": "20"
        },
        {
          "si": 6,
          "sti": 35,
          "dti": 161,
          "sco": 147,
          "dco": 713,
          "txt": "League"
        },
        {
          "si": 6,
          "sti": 36,
          "dti": 162,
          "sco": 154,
          "dco": 720,
          "txt": "("
        },
        {
          "si": 6,
          "sti": 37,
          "dti": 163,
          "sco": 155,
          "dco": 721,
          "txt": "Which"
        },
        {
          "si": 6,
          "sti": 38,
          "dti": 164,
          "sco": 161,
          "dco": 727,
          "txt": "Atlas"
        },
        {
          "si": 6,
          "sti": 39,
          "dti": 165,
          "sco": 167,
          "dco": 733,
          "txt": "had"
        },
        {
          "si": 6,
          "sti": 40,
          "dti": 166,
          "sco": 171,
          "dco": 737,
          "txt": "team"
        },
        {
          "si": 6,
          "sti": 41,
          "dti": 167,
          "sco": 176,
          "dco": 742,
          "txt": "played"
        },
        {
          "si": 6,
          "sti": 42,
          "dti": 168,
          "sco": 183,
          "dco": 749,
          "txt": "from"
        },
        {
          "si": 6,
          "sti": 43,
          "dti": 169,
          "sco": 188,
          "dco": 754,
          "txt": "2"
        },
        {
          "si": 6,
          "sti": 44,
          "dti": 170,
          "sco": 189,
          "dco": 755,
          "txt": "nd"
        },
        {
          "si": 6,
          "sti": 45,
          "dti": 171,
          "sco": 192,
          "dco": 758,
          "txt": "division"
        },
        {
          "si": 6,
          "sti": 46,
          "dti": 172,
          "sco": 201,
          "dco": 767,
          "txt": "to"
        },
        {
          "si": 6,
          "sti": 47,
          "dti": 173,
          "sco": 204,
          "dco": 770,
          "txt": "7"
        },
        {
          "si": 6,
          "sti": 48,
          "dti": 174,
          "sco": 206,
          "dco": 772,
          "txt": "division"
        },
        {
          "si": 6,
          "sti": 49,
          "dti": 175,
          "sco": 214,
          "dco": 780,
          "txt": ")"
        },
        {
          "si": 6,
          "sti": 50,
          "dti": 176,
          "sco": 215,
          "dco": 781,
          "txt": "."
        },
        {
          "si": 7,
          "sti": 0,
          "dti": 177,
          "sco": 0,
          "dco": 783,
          "txt": "In"
        },
        {
          "si": 7,
          "sti": 1,
          "dti": 178,
          "sco": 3,
          "dco": 786,
          "txt": "the"
        },
        {
          "si": 7,
          "sti": 2,
          "dti": 179,
          "sco": 7,
          "dco": 790,
          "txt": "Copa"
        },
        {
          "si": 7,
          "sti": 3,
          "dti": 180,
          "sco": 12,
          "dco": 795,
          "txt": "MX"
        },
        {
          "si": 7,
          "sti": 4,
          "dti": 181,
          "sco": 15,
          "dco": 798,
          "txt": "Apertura"
        },
        {
          "si": 7,
          "sti": 5,
          "dti": 182,
          "sco": 24,
          "dco": 807,
          "txt": "2013"
        },
        {
          "si": 7,
          "sti": 6,
          "dti": 183,
          "sco": 28,
          "dco": 811,
          "txt": ","
        },
        {
          "si": 7,
          "sti": 7,
          "dti": 184,
          "sco": 30,
          "dco": 813,
          "txt": "Barraza"
        },
        {
          "si": 7,
          "sti": 8,
          "dti": 185,
          "sco": 38,
          "dco": 821,
          "txt": "was"
        },
        {
          "si": 7,
          "sti": 9,
          "dti": 186,
          "sco": 42,
          "dco": 825,
          "txt": "the"
        },
        {
          "si": 7,
          "sti": 10,
          "dti": 187,
          "sco": 46,
          "dco": 829,
          "txt": "top"
        },
        {
          "si": 7,
          "sti": 11,
          "dti": 188,
          "sco": 50,
          "dco": 833,
          "txt": "scorer"
        },
        {
          "si": 7,
          "sti": 12,
          "dti": 189,
          "sco": 56,
          "dco": 839,
          "txt": "."
        }
      ]
    },
    "ganns": {
      "dla": [],
      "la": [],
      "ea": [],
      "eta": [
        {
          "ra": {
            "ea": {
              "etn": "Jahir_Barraza"
            }
          },
          "sfs": [
            [
              {
                "stn": "birthYear"
              },
              {
                "dla": {
                  "txt": {
                    "sff": "1990"
                  },
                  "et": {
                    "etn": "BirthYear"
                  },
                  "dp": {
                    "off": 65
                  }
                }
              }
            ],
            [
              {
                "stn": "deathYear"
              },
              {}
            ]
          ],
          "mfs": [
            [
              {
                "stn": "position"
              },
              {
                "dla": [],
                "la": [],
                "ea": [],
                "eta": []
              }
            ],
            [
              {
                "stn": "team"
              },
              {
                "dla": [],
                "la": [],
                "ea": [
                  {
                    "etn": "Club_Atlas"
                  },
                  {
                    "etn": "Dorados_de_Sinaloa"
                  }
                ],
                "eta": []
              }
            ],
            [
              {
                "stn": "birthPlace"
              },
              {
                "dla": [],
                "la": [],
                "ea": [
                  {
                    "etn": "Delicias,_Chihuahua"
                  },
                  {
                    "etn": "Mexico"
                  }
                ],
                "eta": []
              }
            ]
          ]
        }
      ]
    }
  }
]
