[
  {
    "context": "TRAIN",
    "doc": {
      "id": "Jan_Hoffmann_(footballer)",
      "tl": [
        {
          "si": 0,
          "sti": 0,
          "dti": 0,
          "sco": 0,
          "dco": 0,
          "txt": "Jan"
        },
        {
          "si": 0,
          "sti": 1,
          "dti": 1,
          "sco": 4,
          "dco": 4,
          "txt": "Hoffmann"
        },
        {
          "si": 0,
          "sti": 2,
          "dti": 2,
          "sco": 13,
          "dco": 13,
          "txt": "("
        },
        {
          "si": 0,
          "sti": 3,
          "dti": 3,
          "sco": 14,
          "dco": 14,
          "txt": "footballer"
        },
        {
          "si": 0,
          "sti": 4,
          "dti": 4,
          "sco": 24,
          "dco": 24,
          "txt": ")"
        },
        {
          "si": 0,
          "sti": 5,
          "dti": 5,
          "sco": 25,
          "dco": 25,
          "txt": "."
        },
        {
          "si": 1,
          "sti": 0,
          "dti": 6,
          "sco": 0,
          "dco": 27,
          "txt": "Jan"
        },
        {
          "si": 1,
          "sti": 1,
          "dti": 7,
          "sco": 4,
          "dco": 31,
          "txt": "Hoffmann"
        },
        {
          "si": 1,
          "sti": 2,
          "dti": 8,
          "sco": 13,
          "dco": 40,
          "txt": "("
        },
        {
          "si": 1,
          "sti": 3,
          "dti": 9,
          "sco": 14,
          "dco": 41,
          "txt": "born"
        },
        {
          "si": 1,
          "sti": 4,
          "dti": 10,
          "sco": 19,
          "dco": 46,
          "txt": "May"
        },
        {
          "si": 1,
          "sti": 5,
          "dti": 11,
          "sco": 23,
          "dco": 50,
          "txt": "4"
        },
        {
          "si": 1,
          "sti": 6,
          "dti": 12,
          "sco": 24,
          "dco": 51,
          "txt": ","
        },
        {
          "si": 1,
          "sti": 7,
          "dti": 13,
          "sco": 26,
          "dco": 53,
          "txt": "1971"
        },
        {
          "si": 1,
          "sti": 8,
          "dti": 14,
          "sco": 30,
          "dco": 57,
          "txt": ")"
        },
        {
          "si": 1,
          "sti": 9,
          "dti": 15,
          "sco": 32,
          "dco": 59,
          "txt": "is"
        },
        {
          "si": 1,
          "sti": 10,
          "dti": 16,
          "sco": 35,
          "dco": 62,
          "txt": "a"
        },
        {
          "si": 1,
          "sti": 11,
          "dti": 17,
          "sco": 37,
          "dco": 64,
          "txt": "Danish"
        },
        {
          "si": 1,
          "sti": 12,
          "dti": 18,
          "sco": 44,
          "dco": 71,
          "txt": "professional"
        },
        {
          "si": 1,
          "sti": 13,
          "dti": 19,
          "sco": 57,
          "dco": 84,
          "txt": "football"
        },
        {
          "si": 1,
          "sti": 14,
          "dti": 20,
          "sco": 66,
          "dco": 93,
          "txt": "player"
        },
        {
          "si": 1,
          "sti": 15,
          "dti": 21,
          "sco": 72,
          "dco": 99,
          "txt": ","
        },
        {
          "si": 1,
          "sti": 16,
          "dti": 22,
          "sco": 74,
          "dco": 101,
          "txt": "who"
        },
        {
          "si": 1,
          "sti": 17,
          "dti": 23,
          "sco": 78,
          "dco": 105,
          "txt": "played"
        },
        {
          "si": 1,
          "sti": 18,
          "dti": 24,
          "sco": 85,
          "dco": 112,
          "txt": "as"
        },
        {
          "si": 1,
          "sti": 19,
          "dti": 25,
          "sco": 88,
          "dco": 115,
          "txt": "a"
        },
        {
          "si": 1,
          "sti": 20,
          "dti": 26,
          "sco": 90,
          "dco": 117,
          "txt": "goalkeeper"
        },
        {
          "si": 1,
          "sti": 21,
          "dti": 27,
          "sco": 100,
          "dco": 127,
          "txt": "."
        },
        {
          "si": 2,
          "sti": 0,
          "dti": 28,
          "sco": 0,
          "dco": 129,
          "txt": "He"
        },
        {
          "si": 2,
          "sti": 1,
          "dti": 29,
          "sco": 3,
          "dco": 132,
          "txt": "is"
        },
        {
          "si": 2,
          "sti": 2,
          "dti": 30,
          "sco": 6,
          "dco": 135,
          "txt": "currently"
        },
        {
          "si": 2,
          "sti": 3,
          "dti": 31,
          "sco": 16,
          "dco": 145,
          "txt": "goalkeeping"
        },
        {
          "si": 2,
          "sti": 4,
          "dti": 32,
          "sco": 28,
          "dco": 157,
          "txt": "coach"
        },
        {
          "si": 2,
          "sti": 5,
          "dti": 33,
          "sco": 34,
          "dco": 163,
          "txt": "at"
        },
        {
          "si": 2,
          "sti": 6,
          "dti": 34,
          "sco": 37,
          "dco": 166,
          "txt": "Br"
        },
        {
          "si": 2,
          "sti": 7,
          "dti": 35,
          "sco": 39,
          "dco": 168,
          "txt": "ø"
        },
        {
          "si": 2,
          "sti": 8,
          "dti": 36,
          "sco": 40,
          "dco": 169,
          "txt": "ndby"
        },
        {
          "si": 2,
          "sti": 9,
          "dti": 37,
          "sco": 45,
          "dco": 174,
          "txt": "IF"
        },
        {
          "si": 2,
          "sti": 10,
          "dti": 38,
          "sco": 47,
          "dco": 176,
          "txt": "."
        },
        {
          "si": 3,
          "sti": 0,
          "dti": 39,
          "sco": 0,
          "dco": 178,
          "txt": "He"
        },
        {
          "si": 3,
          "sti": 1,
          "dti": 40,
          "sco": 3,
          "dco": 181,
          "txt": "previously"
        },
        {
          "si": 3,
          "sti": 2,
          "dti": 41,
          "sco": 14,
          "dco": 192,
          "txt": "played"
        },
        {
          "si": 3,
          "sti": 3,
          "dti": 42,
          "sco": 21,
          "dco": 199,
          "txt": "for"
        },
        {
          "si": 3,
          "sti": 4,
          "dti": 43,
          "sco": 25,
          "dco": 203,
          "txt": "the"
        },
        {
          "si": 3,
          "sti": 5,
          "dti": 44,
          "sco": 29,
          "dco": 207,
          "txt": "Superliga"
        },
        {
          "si": 3,
          "sti": 6,
          "dti": 45,
          "sco": 39,
          "dco": 217,
          "txt": "clubs"
        },
        {
          "si": 3,
          "sti": 7,
          "dti": 46,
          "sco": 45,
          "dco": 223,
          "txt": "Akademisk"
        },
        {
          "si": 3,
          "sti": 8,
          "dti": 47,
          "sco": 55,
          "dco": 233,
          "txt": "Boldklub"
        },
        {
          "si": 3,
          "sti": 9,
          "dti": 48,
          "sco": 63,
          "dco": 241,
          "txt": ","
        },
        {
          "si": 3,
          "sti": 10,
          "dti": 49,
          "sco": 65,
          "dco": 243,
          "txt": "FC"
        },
        {
          "si": 3,
          "sti": 11,
          "dti": 50,
          "sco": 68,
          "dco": 246,
          "txt": "Nordsj"
        },
        {
          "si": 3,
          "sti": 12,
          "dti": 51,
          "sco": 74,
          "dco": 252,
          "txt": "æ"
        },
        {
          "si": 3,
          "sti": 13,
          "dti": 52,
          "sco": 75,
          "dco": 253,
          "txt": "lland"
        },
        {
          "si": 3,
          "sti": 14,
          "dti": 53,
          "sco": 81,
          "dco": 259,
          "txt": "and"
        },
        {
          "si": 3,
          "sti": 15,
          "dti": 54,
          "sco": 85,
          "dco": 263,
          "txt": "Vejle"
        },
        {
          "si": 3,
          "sti": 16,
          "dti": 55,
          "sco": 91,
          "dco": 269,
          "txt": "BK"
        },
        {
          "si": 3,
          "sti": 17,
          "dti": 56,
          "sco": 93,
          "dco": 271,
          "txt": ","
        },
        {
          "si": 3,
          "sti": 18,
          "dti": 57,
          "sco": 95,
          "dco": 273,
          "txt": "as"
        },
        {
          "si": 3,
          "sti": 19,
          "dti": 58,
          "sco": 98,
          "dco": 276,
          "txt": "well"
        },
        {
          "si": 3,
          "sti": 20,
          "dti": 59,
          "sco": 103,
          "dco": 281,
          "txt": "as"
        },
        {
          "si": 3,
          "sti": 21,
          "dti": 60,
          "sco": 106,
          "dco": 284,
          "txt": "other"
        },
        {
          "si": 3,
          "sti": 22,
          "dti": 61,
          "sco": 112,
          "dco": 290,
          "txt": "Danish"
        },
        {
          "si": 3,
          "sti": 23,
          "dti": 62,
          "sco": 119,
          "dco": 297,
          "txt": "lower"
        },
        {
          "si": 3,
          "sti": 24,
          "dti": 63,
          "sco": 124,
          "dco": 302,
          "txt": "-"
        },
        {
          "si": 3,
          "sti": 25,
          "dti": 64,
          "sco": 125,
          "dco": 303,
          "txt": "league"
        },
        {
          "si": 3,
          "sti": 26,
          "dti": 65,
          "sco": 132,
          "dco": 310,
          "txt": "clubs"
        },
        {
          "si": 3,
          "sti": 27,
          "dti": 66,
          "sco": 137,
          "dco": 315,
          "txt": "."
        }
      ]
    },
    "ganns": {
      "dla": [],
      "la": [],
      "ea": [],
      "eta": [
        {
          "ra": {
            "ea": {
              "etn": "Jan_Hoffmann_(footballer)"
            }
          },
          "sfs": [
            [
              {
                "stn": "birthYear"
              },
              {
                "dla": {
                  "txt": {
                    "sff": "1971"
                  },
                  "et": {
                    "etn": "BirthYear"
                  },
                  "dp": {
                    "off": 53
                  }
                }
              }
            ],
            [
              {
                "stn": "deathYear"
              },
              {}
            ]
          ],
          "mfs": [
            [
              {
                "stn": "position"
              },
              {
                "dla": [],
                "la": [],
                "ea": [
                  {
                    "etn": "Goalkeeper_(association_football)"
                  }
                ],
                "eta": []
              }
            ],
            [
              {
                "stn": "team"
              },
              {
                "dla": [],
                "la": [],
                "ea": [
                  {
                    "etn": "Akademisk_Boldklub"
                  }
                ],
                "eta": []
              }
            ],
            [
              {
                "stn": "birthPlace"
              },
              {
                "dla": [],
                "la": [],
                "ea": [
                  {
                    "etn": "Denmark"
                  }
                ],
                "eta": []
              }
            ]
          ]
        }
      ]
    }
  }
]
