[
  {
    "context": "TRAIN",
    "doc": {
      "id": "Javier_Ros",
      "tl": [
        {
          "si": 0,
          "sti": 0,
          "dti": 0,
          "sco": 0,
          "dco": 0,
          "txt": "Javier"
        },
        {
          "si": 0,
          "sti": 1,
          "dti": 1,
          "sco": 7,
          "dco": 7,
          "txt": "Ros"
        },
        {
          "si": 0,
          "sti": 2,
          "dti": 2,
          "sco": 10,
          "dco": 10,
          "txt": "."
        },
        {
          "si": 1,
          "sti": 0,
          "dti": 3,
          "sco": 0,
          "dco": 12,
          "txt": "Javier"
        },
        {
          "si": 1,
          "sti": 1,
          "dti": 4,
          "sco": 7,
          "dco": 19,
          "txt": "'"
        },
        {
          "si": 1,
          "sti": 2,
          "dti": 5,
          "sco": 8,
          "dco": 20,
          "txt": "Javi"
        },
        {
          "si": 1,
          "sti": 3,
          "dti": 6,
          "sco": 12,
          "dco": 24,
          "txt": "'"
        },
        {
          "si": 1,
          "sti": 4,
          "dti": 7,
          "sco": 14,
          "dco": 26,
          "txt": "Ros"
        },
        {
          "si": 1,
          "sti": 5,
          "dti": 8,
          "sco": 18,
          "dco": 30,
          "txt": "A"
        },
        {
          "si": 1,
          "sti": 6,
          "dti": 9,
          "sco": 19,
          "dco": 31,
          "txt": "ñ"
        },
        {
          "si": 1,
          "sti": 7,
          "dti": 10,
          "sco": 20,
          "dco": 32,
          "txt": "ó"
        },
        {
          "si": 1,
          "sti": 8,
          "dti": 11,
          "sco": 21,
          "dco": 33,
          "txt": "n"
        },
        {
          "si": 1,
          "sti": 9,
          "dti": 12,
          "sco": 23,
          "dco": 35,
          "txt": "("
        },
        {
          "si": 1,
          "sti": 10,
          "dti": 13,
          "sco": 24,
          "dco": 36,
          "txt": "born"
        },
        {
          "si": 1,
          "sti": 11,
          "dti": 14,
          "sco": 29,
          "dco": 41,
          "txt": "16"
        },
        {
          "si": 1,
          "sti": 12,
          "dti": 15,
          "sco": 32,
          "dco": 44,
          "txt": "February"
        },
        {
          "si": 1,
          "sti": 13,
          "dti": 16,
          "sco": 41,
          "dco": 53,
          "txt": "1990"
        },
        {
          "si": 1,
          "sti": 14,
          "dti": 17,
          "sco": 45,
          "dco": 57,
          "txt": ")"
        },
        {
          "si": 1,
          "sti": 15,
          "dti": 18,
          "sco": 47,
          "dco": 59,
          "txt": "is"
        },
        {
          "si": 1,
          "sti": 16,
          "dti": 19,
          "sco": 50,
          "dco": 62,
          "txt": "a"
        },
        {
          "si": 1,
          "sti": 17,
          "dti": 20,
          "sco": 52,
          "dco": 64,
          "txt": "Spanish"
        },
        {
          "si": 1,
          "sti": 18,
          "dti": 21,
          "sco": 60,
          "dco": 72,
          "txt": "professional"
        },
        {
          "si": 1,
          "sti": 19,
          "dti": 22,
          "sco": 73,
          "dco": 85,
          "txt": "footballer"
        },
        {
          "si": 1,
          "sti": 20,
          "dti": 23,
          "sco": 84,
          "dco": 96,
          "txt": "who"
        },
        {
          "si": 1,
          "sti": 21,
          "dti": 24,
          "sco": 88,
          "dco": 100,
          "txt": "plays"
        },
        {
          "si": 1,
          "sti": 22,
          "dti": 25,
          "sco": 94,
          "dco": 106,
          "txt": "for"
        },
        {
          "si": 1,
          "sti": 23,
          "dti": 26,
          "sco": 98,
          "dco": 110,
          "txt": "RCD"
        },
        {
          "si": 1,
          "sti": 24,
          "dti": 27,
          "sco": 102,
          "dco": 114,
          "txt": "Mallorca"
        },
        {
          "si": 1,
          "sti": 25,
          "dti": 28,
          "sco": 111,
          "dco": 123,
          "txt": "as"
        },
        {
          "si": 1,
          "sti": 26,
          "dti": 29,
          "sco": 114,
          "dco": 126,
          "txt": "a"
        },
        {
          "si": 1,
          "sti": 27,
          "dti": 30,
          "sco": 116,
          "dco": 128,
          "txt": "midfielder"
        },
        {
          "si": 1,
          "sti": 28,
          "dti": 31,
          "sco": 126,
          "dco": 138,
          "txt": "."
        },
        {
          "si": 2,
          "sti": 0,
          "dti": 32,
          "sco": 0,
          "dco": 140,
          "txt": "Club"
        },
        {
          "si": 2,
          "sti": 1,
          "dti": 33,
          "sco": 5,
          "dco": 145,
          "txt": "career"
        },
        {
          "si": 2,
          "sti": 2,
          "dti": 34,
          "sco": 11,
          "dco": 151,
          "txt": "."
        },
        {
          "si": 3,
          "sti": 0,
          "dti": 35,
          "sco": 0,
          "dco": 153,
          "txt": "Born"
        },
        {
          "si": 3,
          "sti": 1,
          "dti": 36,
          "sco": 5,
          "dco": 158,
          "txt": "in"
        },
        {
          "si": 3,
          "sti": 2,
          "dti": 37,
          "sco": 8,
          "dco": 161,
          "txt": "Pamplona"
        },
        {
          "si": 3,
          "sti": 3,
          "dti": 38,
          "sco": 16,
          "dco": 169,
          "txt": ","
        },
        {
          "si": 3,
          "sti": 4,
          "dti": 39,
          "sco": 18,
          "dco": 171,
          "txt": "Navarre"
        },
        {
          "si": 3,
          "sti": 5,
          "dti": 40,
          "sco": 25,
          "dco": 178,
          "txt": ","
        },
        {
          "si": 3,
          "sti": 6,
          "dti": 41,
          "sco": 27,
          "dco": 180,
          "txt": "Ros"
        },
        {
          "si": 3,
          "sti": 7,
          "dti": 42,
          "sco": 31,
          "dco": 184,
          "txt": "played"
        },
        {
          "si": 3,
          "sti": 8,
          "dti": 43,
          "sco": 38,
          "dco": 191,
          "txt": "his"
        },
        {
          "si": 3,
          "sti": 9,
          "dti": 44,
          "sco": 42,
          "dco": 195,
          "txt": "youth"
        },
        {
          "si": 3,
          "sti": 10,
          "dti": 45,
          "sco": 48,
          "dco": 201,
          "txt": "football"
        },
        {
          "si": 3,
          "sti": 11,
          "dti": 46,
          "sco": 57,
          "dco": 210,
          "txt": "with"
        },
        {
          "si": 3,
          "sti": 12,
          "dti": 47,
          "sco": 62,
          "dco": 215,
          "txt": "Real"
        },
        {
          "si": 3,
          "sti": 13,
          "dti": 48,
          "sco": 67,
          "dco": 220,
          "txt": "Sociedad"
        },
        {
          "si": 3,
          "sti": 14,
          "dti": 49,
          "sco": 75,
          "dco": 228,
          "txt": "."
        },
        {
          "si": 4,
          "sti": 0,
          "dti": 50,
          "sco": 0,
          "dco": 230,
          "txt": "Being"
        },
        {
          "si": 4,
          "sti": 1,
          "dti": 51,
          "sco": 6,
          "dco": 236,
          "txt": "signed"
        },
        {
          "si": 4,
          "sti": 2,
          "dti": 52,
          "sco": 13,
          "dco": 243,
          "txt": "at"
        },
        {
          "si": 4,
          "sti": 3,
          "dti": 53,
          "sco": 16,
          "dco": 246,
          "txt": "the"
        },
        {
          "si": 4,
          "sti": 4,
          "dti": 54,
          "sco": 20,
          "dco": 250,
          "txt": "age"
        },
        {
          "si": 4,
          "sti": 5,
          "dti": 55,
          "sco": 24,
          "dco": 254,
          "txt": "of"
        },
        {
          "si": 4,
          "sti": 6,
          "dti": 56,
          "sco": 27,
          "dco": 257,
          "txt": "only"
        },
        {
          "si": 4,
          "sti": 7,
          "dti": 57,
          "sco": 32,
          "dco": 262,
          "txt": "12"
        },
        {
          "si": 4,
          "sti": 8,
          "dti": 58,
          "sco": 34,
          "dco": 264,
          "txt": ","
        },
        {
          "si": 4,
          "sti": 9,
          "dti": 59,
          "sco": 36,
          "dco": 266,
          "txt": "he"
        },
        {
          "si": 4,
          "sti": 10,
          "dti": 60,
          "sco": 39,
          "dco": 269,
          "txt": "travelled"
        },
        {
          "si": 4,
          "sti": 11,
          "dti": 61,
          "sco": 49,
          "dco": 279,
          "txt": "regularly"
        },
        {
          "si": 4,
          "sti": 12,
          "dti": 62,
          "sco": 59,
          "dco": 289,
          "txt": "by"
        },
        {
          "si": 4,
          "sti": 13,
          "dti": 63,
          "sco": 62,
          "dco": 292,
          "txt": "taxi"
        },
        {
          "si": 4,
          "sti": 14,
          "dti": 64,
          "sco": 67,
          "dco": 297,
          "txt": "from"
        },
        {
          "si": 4,
          "sti": 15,
          "dti": 65,
          "sco": 72,
          "dco": 302,
          "txt": "Tudela"
        },
        {
          "si": 4,
          "sti": 16,
          "dti": 66,
          "sco": 79,
          "dco": 309,
          "txt": "to"
        },
        {
          "si": 4,
          "sti": 17,
          "dti": 67,
          "sco": 82,
          "dco": 312,
          "txt": "the"
        },
        {
          "si": 4,
          "sti": 18,
          "dti": 68,
          "sco": 86,
          "dco": 316,
          "txt": "club"
        },
        {
          "si": 4,
          "sti": 19,
          "dti": 69,
          "sco": 90,
          "dco": 320,
          "txt": "'"
        },
        {
          "si": 4,
          "sti": 20,
          "dti": 70,
          "sco": 91,
          "dco": 321,
          "txt": "s"
        },
        {
          "si": 4,
          "sti": 21,
          "dti": 71,
          "sco": 93,
          "dco": 323,
          "txt": "training"
        },
        {
          "si": 4,
          "sti": 22,
          "dti": 72,
          "sco": 102,
          "dco": 332,
          "txt": "facilities"
        },
        {
          "si": 4,
          "sti": 23,
          "dti": 73,
          "sco": 112,
          "dco": 342,
          "txt": ","
        },
        {
          "si": 4,
          "sti": 24,
          "dti": 74,
          "sco": 114,
          "dco": 344,
          "txt": "until"
        },
        {
          "si": 4,
          "sti": 25,
          "dti": 75,
          "sco": 120,
          "dco": 350,
          "txt": "eventually"
        },
        {
          "si": 4,
          "sti": 26,
          "dti": 76,
          "sco": 131,
          "dco": 361,
          "txt": "moving"
        },
        {
          "si": 4,
          "sti": 27,
          "dti": 77,
          "sco": 138,
          "dco": 368,
          "txt": "to"
        },
        {
          "si": 4,
          "sti": 28,
          "dti": 78,
          "sco": 141,
          "dco": 371,
          "txt": "a"
        },
        {
          "si": 4,
          "sti": 29,
          "dti": 79,
          "sco": 143,
          "dco": 373,
          "txt": "school"
        },
        {
          "si": 4,
          "sti": 30,
          "dti": 80,
          "sco": 150,
          "dco": 380,
          "txt": "in"
        },
        {
          "si": 4,
          "sti": 31,
          "dti": 81,
          "sco": 153,
          "dco": 383,
          "txt": "San"
        },
        {
          "si": 4,
          "sti": 32,
          "dti": 82,
          "sco": 157,
          "dco": 387,
          "txt": "Sebasti"
        },
        {
          "si": 4,
          "sti": 33,
          "dti": 83,
          "sco": 164,
          "dco": 394,
          "txt": "á"
        },
        {
          "si": 4,
          "sti": 34,
          "dti": 84,
          "sco": 165,
          "dco": 395,
          "txt": "n"
        },
        {
          "si": 4,
          "sti": 35,
          "dti": 85,
          "sco": 166,
          "dco": 396,
          "txt": "."
        },
        {
          "si": 5,
          "sti": 0,
          "dti": 86,
          "sco": 0,
          "dco": 398,
          "txt": "He"
        },
        {
          "si": 5,
          "sti": 1,
          "dti": 87,
          "sco": 3,
          "dco": 401,
          "txt": "made"
        },
        {
          "si": 5,
          "sti": 2,
          "dti": 88,
          "sco": 8,
          "dco": 406,
          "txt": "his"
        },
        {
          "si": 5,
          "sti": 3,
          "dti": 89,
          "sco": 12,
          "dco": 410,
          "txt": "senior"
        },
        {
          "si": 5,
          "sti": 4,
          "dti": 90,
          "sco": 19,
          "dco": 417,
          "txt": "debuts"
        },
        {
          "si": 5,
          "sti": 5,
          "dti": 91,
          "sco": 26,
          "dco": 424,
          "txt": "in"
        },
        {
          "si": 5,
          "sti": 6,
          "dti": 92,
          "sco": 29,
          "dco": 427,
          "txt": "the"
        },
        {
          "si": 5,
          "sti": 7,
          "dti": 93,
          "sco": 33,
          "dco": 431,
          "txt": "2008"
        },
        {
          "si": 5,
          "sti": 8,
          "dti": 94,
          "sco": 37,
          "dco": 435,
          "txt": "–"
        },
        {
          "si": 5,
          "sti": 9,
          "dti": 95,
          "sco": 38,
          "dco": 436,
          "txt": "09"
        },
        {
          "si": 5,
          "sti": 10,
          "dti": 96,
          "sco": 41,
          "dco": 439,
          "txt": "season"
        },
        {
          "si": 5,
          "sti": 11,
          "dti": 97,
          "sco": 47,
          "dco": 445,
          "txt": ","
        },
        {
          "si": 5,
          "sti": 12,
          "dti": 98,
          "sco": 49,
          "dco": 447,
          "txt": "appearing"
        },
        {
          "si": 5,
          "sti": 13,
          "dti": 99,
          "sco": 59,
          "dco": 457,
          "txt": "for"
        },
        {
          "si": 5,
          "sti": 14,
          "dti": 100,
          "sco": 63,
          "dco": 461,
          "txt": "the"
        },
        {
          "si": 5,
          "sti": 15,
          "dti": 101,
          "sco": 67,
          "dco": 465,
          "txt": "reserves"
        },
        {
          "si": 5,
          "sti": 16,
          "dti": 102,
          "sco": 76,
          "dco": 474,
          "txt": "in"
        },
        {
          "si": 5,
          "sti": 17,
          "dti": 103,
          "sco": 79,
          "dco": 477,
          "txt": "Segunda"
        },
        {
          "si": 5,
          "sti": 18,
          "dti": 104,
          "sco": 87,
          "dco": 485,
          "txt": "Divisi"
        },
        {
          "si": 5,
          "sti": 19,
          "dti": 105,
          "sco": 93,
          "dco": 491,
          "txt": "ó"
        },
        {
          "si": 5,
          "sti": 20,
          "dti": 106,
          "sco": 94,
          "dco": 492,
          "txt": "n"
        },
        {
          "si": 5,
          "sti": 21,
          "dti": 107,
          "sco": 96,
          "dco": 494,
          "txt": "B"
        },
        {
          "si": 5,
          "sti": 22,
          "dti": 108,
          "sco": 98,
          "dco": 496,
          "txt": "and"
        },
        {
          "si": 5,
          "sti": 23,
          "dti": 109,
          "sco": 102,
          "dco": 500,
          "txt": "suffering"
        },
        {
          "si": 5,
          "sti": 24,
          "dti": 110,
          "sco": 112,
          "dco": 510,
          "txt": "team"
        },
        {
          "si": 5,
          "sti": 25,
          "dti": 111,
          "sco": 117,
          "dco": 515,
          "txt": "relegation"
        },
        {
          "si": 5,
          "sti": 26,
          "dti": 112,
          "sco": 127,
          "dco": 525,
          "txt": "."
        },
        {
          "si": 6,
          "sti": 0,
          "dti": 113,
          "sco": 0,
          "dco": 527,
          "txt": "On"
        },
        {
          "si": 6,
          "sti": 1,
          "dti": 114,
          "sco": 3,
          "dco": 530,
          "txt": "23"
        },
        {
          "si": 6,
          "sti": 2,
          "dti": 115,
          "sco": 6,
          "dco": 533,
          "txt": "May"
        },
        {
          "si": 6,
          "sti": 3,
          "dti": 116,
          "sco": 10,
          "dco": 537,
          "txt": "2009"
        },
        {
          "si": 6,
          "sti": 4,
          "dti": 117,
          "sco": 15,
          "dco": 542,
          "txt": "Ros"
        },
        {
          "si": 6,
          "sti": 5,
          "dti": 118,
          "sco": 19,
          "dco": 546,
          "txt": "made"
        },
        {
          "si": 6,
          "sti": 6,
          "dti": 119,
          "sco": 24,
          "dco": 551,
          "txt": "his"
        },
        {
          "si": 6,
          "sti": 7,
          "dti": 120,
          "sco": 28,
          "dco": 555,
          "txt": "first"
        },
        {
          "si": 6,
          "sti": 8,
          "dti": 121,
          "sco": 34,
          "dco": 561,
          "txt": "appearance"
        },
        {
          "si": 6,
          "sti": 9,
          "dti": 122,
          "sco": 45,
          "dco": 572,
          "txt": "for"
        },
        {
          "si": 6,
          "sti": 10,
          "dti": 123,
          "sco": 49,
          "dco": 576,
          "txt": "the"
        },
        {
          "si": 6,
          "sti": 11,
          "dti": 124,
          "sco": 53,
          "dco": 580,
          "txt": "first"
        },
        {
          "si": 6,
          "sti": 12,
          "dti": 125,
          "sco": 59,
          "dco": 586,
          "txt": "team"
        },
        {
          "si": 6,
          "sti": 13,
          "dti": 126,
          "sco": 63,
          "dco": 590,
          "txt": ","
        },
        {
          "si": 6,
          "sti": 14,
          "dti": 127,
          "sco": 65,
          "dco": 592,
          "txt": "coming"
        },
        {
          "si": 6,
          "sti": 15,
          "dti": 128,
          "sco": 72,
          "dco": 599,
          "txt": "on"
        },
        {
          "si": 6,
          "sti": 16,
          "dti": 129,
          "sco": 75,
          "dco": 602,
          "txt": "as"
        },
        {
          "si": 6,
          "sti": 17,
          "dti": 130,
          "sco": 78,
          "dco": 605,
          "txt": "a"
        },
        {
          "si": 6,
          "sti": 18,
          "dti": 131,
          "sco": 80,
          "dco": 607,
          "txt": "substitute"
        },
        {
          "si": 6,
          "sti": 19,
          "dti": 132,
          "sco": 91,
          "dco": 618,
          "txt": "for"
        },
        {
          "si": 6,
          "sti": 20,
          "dti": 133,
          "sco": 95,
          "dco": 622,
          "txt": "another"
        },
        {
          "si": 6,
          "sti": 21,
          "dti": 134,
          "sco": 103,
          "dco": 630,
          "txt": "club"
        },
        {
          "si": 6,
          "sti": 22,
          "dti": 135,
          "sco": 108,
          "dco": 635,
          "txt": "youth"
        },
        {
          "si": 6,
          "sti": 23,
          "dti": 136,
          "sco": 114,
          "dco": 641,
          "txt": "graduate"
        },
        {
          "si": 6,
          "sti": 24,
          "dti": 137,
          "sco": 122,
          "dco": 649,
          "txt": ","
        },
        {
          "si": 6,
          "sti": 25,
          "dti": 138,
          "sco": 124,
          "dco": 651,
          "txt": "Markel"
        },
        {
          "si": 6,
          "sti": 26,
          "dti": 139,
          "sco": 131,
          "dco": 658,
          "txt": "Bergara"
        },
        {
          "si": 6,
          "sti": 27,
          "dti": 140,
          "sco": 138,
          "dco": 665,
          "txt": ","
        },
        {
          "si": 6,
          "sti": 28,
          "dti": 141,
          "sco": 140,
          "dco": 667,
          "txt": "in"
        },
        {
          "si": 6,
          "sti": 29,
          "dti": 142,
          "sco": 143,
          "dco": 670,
          "txt": "the"
        },
        {
          "si": 6,
          "sti": 30,
          "dti": 143,
          "sco": 147,
          "dco": 674,
          "txt": "early"
        },
        {
          "si": 6,
          "sti": 31,
          "dti": 144,
          "sco": 153,
          "dco": 680,
          "txt": "stages"
        },
        {
          "si": 6,
          "sti": 32,
          "dti": 145,
          "sco": 160,
          "dco": 687,
          "txt": "of"
        },
        {
          "si": 6,
          "sti": 33,
          "dti": 146,
          "sco": 163,
          "dco": 690,
          "txt": "a"
        },
        {
          "si": 6,
          "sti": 34,
          "dti": 147,
          "sco": 165,
          "dco": 692,
          "txt": "1"
        },
        {
          "si": 6,
          "sti": 35,
          "dti": 148,
          "sco": 166,
          "dco": 693,
          "txt": "–"
        },
        {
          "si": 6,
          "sti": 36,
          "dti": 149,
          "sco": 167,
          "dco": 694,
          "txt": "0"
        },
        {
          "si": 6,
          "sti": 37,
          "dti": 150,
          "sco": 169,
          "dco": 696,
          "txt": "away"
        },
        {
          "si": 6,
          "sti": 38,
          "dti": 151,
          "sco": 174,
          "dco": 701,
          "txt": "win"
        },
        {
          "si": 6,
          "sti": 39,
          "dti": 152,
          "sco": 178,
          "dco": 705,
          "txt": "against"
        },
        {
          "si": 6,
          "sti": 40,
          "dti": 153,
          "sco": 186,
          "dco": 713,
          "txt": "UD"
        },
        {
          "si": 6,
          "sti": 41,
          "dti": 154,
          "sco": 189,
          "dco": 716,
          "txt": "Salamanca"
        },
        {
          "si": 6,
          "sti": 42,
          "dti": 155,
          "sco": 198,
          "dco": 725,
          "txt": "."
        },
        {
          "si": 7,
          "sti": 0,
          "dti": 156,
          "sco": 0,
          "dco": 727,
          "txt": "As"
        },
        {
          "si": 7,
          "sti": 1,
          "dti": 157,
          "sco": 3,
          "dco": 730,
          "txt": "the"
        },
        {
          "si": 7,
          "sti": 2,
          "dti": 158,
          "sco": 7,
          "dco": 734,
          "txt": "Basque"
        },
        {
          "si": 7,
          "sti": 3,
          "dti": 159,
          "sco": 14,
          "dco": 741,
          "txt": "had"
        },
        {
          "si": 7,
          "sti": 4,
          "dti": 160,
          "sco": 18,
          "dco": 745,
          "txt": "no"
        },
        {
          "si": 7,
          "sti": 5,
          "dti": 161,
          "sco": 21,
          "dco": 748,
          "txt": "chance"
        },
        {
          "si": 7,
          "sti": 6,
          "dti": 162,
          "sco": 28,
          "dco": 755,
          "txt": "to"
        },
        {
          "si": 7,
          "sti": 7,
          "dti": 163,
          "sco": 31,
          "dco": 758,
          "txt": "promote"
        },
        {
          "si": 7,
          "sti": 8,
          "dti": 164,
          "sco": 39,
          "dco": 766,
          "txt": "from"
        },
        {
          "si": 7,
          "sti": 9,
          "dti": 165,
          "sco": 44,
          "dco": 771,
          "txt": "Segunda"
        },
        {
          "si": 7,
          "sti": 10,
          "dti": 166,
          "sco": 52,
          "dco": 779,
          "txt": "Divisi"
        },
        {
          "si": 7,
          "sti": 11,
          "dti": 167,
          "sco": 58,
          "dco": 785,
          "txt": "ó"
        },
        {
          "si": 7,
          "sti": 12,
          "dti": 168,
          "sco": 59,
          "dco": 786,
          "txt": "n"
        },
        {
          "si": 7,
          "sti": 13,
          "dti": 169,
          "sco": 61,
          "dco": 788,
          "txt": "from"
        },
        {
          "si": 7,
          "sti": 14,
          "dti": 170,
          "sco": 66,
          "dco": 793,
          "txt": "that"
        },
        {
          "si": 7,
          "sti": 15,
          "dti": 171,
          "sco": 71,
          "dco": 798,
          "txt": "moment"
        },
        {
          "si": 7,
          "sti": 16,
          "dti": 172,
          "sco": 78,
          "dco": 805,
          "txt": "onwards"
        },
        {
          "si": 7,
          "sti": 17,
          "dti": 173,
          "sco": 85,
          "dco": 812,
          "txt": ","
        },
        {
          "si": 7,
          "sti": 18,
          "dti": 174,
          "sco": 87,
          "dco": 814,
          "txt": "he"
        },
        {
          "si": 7,
          "sti": 19,
          "dti": 175,
          "sco": 90,
          "dco": 817,
          "txt": "started"
        },
        {
          "si": 7,
          "sti": 20,
          "dti": 176,
          "sco": 98,
          "dco": 825,
          "txt": "in"
        },
        {
          "si": 7,
          "sti": 21,
          "dti": 177,
          "sco": 101,
          "dco": 828,
          "txt": "the"
        },
        {
          "si": 7,
          "sti": 22,
          "dti": 178,
          "sco": 105,
          "dco": 832,
          "txt": "last"
        },
        {
          "si": 7,
          "sti": 23,
          "dti": 179,
          "sco": 110,
          "dco": 837,
          "txt": "four"
        },
        {
          "si": 7,
          "sti": 24,
          "dti": 180,
          "sco": 115,
          "dco": 842,
          "txt": "games"
        },
        {
          "si": 7,
          "sti": 25,
          "dti": 181,
          "sco": 121,
          "dco": 848,
          "txt": "of"
        },
        {
          "si": 7,
          "sti": 26,
          "dti": 182,
          "sco": 124,
          "dco": 851,
          "txt": "the"
        },
        {
          "si": 7,
          "sti": 27,
          "dti": 183,
          "sco": 128,
          "dco": 855,
          "txt": "campaign"
        },
        {
          "si": 7,
          "sti": 28,
          "dti": 184,
          "sco": 136,
          "dco": 863,
          "txt": ","
        },
        {
          "si": 7,
          "sti": 29,
          "dti": 185,
          "sco": 138,
          "dco": 865,
          "txt": "renewing"
        },
        {
          "si": 7,
          "sti": 30,
          "dti": 186,
          "sco": 147,
          "dco": 874,
          "txt": "his"
        },
        {
          "si": 7,
          "sti": 31,
          "dti": 187,
          "sco": 151,
          "dco": 878,
          "txt": "contract"
        },
        {
          "si": 7,
          "sti": 32,
          "dti": 188,
          "sco": 160,
          "dco": 887,
          "txt": "until"
        },
        {
          "si": 7,
          "sti": 33,
          "dti": 189,
          "sco": 166,
          "dco": 893,
          "txt": "2014"
        },
        {
          "si": 7,
          "sti": 34,
          "dti": 190,
          "sco": 171,
          "dco": 898,
          "txt": "at"
        },
        {
          "si": 7,
          "sti": 35,
          "dti": 191,
          "sco": 174,
          "dco": 901,
          "txt": "its"
        },
        {
          "si": 7,
          "sti": 36,
          "dti": 192,
          "sco": 178,
          "dco": 905,
          "txt": "closure"
        },
        {
          "si": 7,
          "sti": 37,
          "dti": 193,
          "sco": 185,
          "dco": 912,
          "txt": "."
        },
        {
          "si": 8,
          "sti": 0,
          "dti": 194,
          "sco": 0,
          "dco": 914,
          "txt": "In"
        },
        {
          "si": 8,
          "sti": 1,
          "dti": 195,
          "sco": 3,
          "dco": 917,
          "txt": "late"
        },
        {
          "si": 8,
          "sti": 2,
          "dti": 196,
          "sco": 8,
          "dco": 922,
          "txt": "January"
        },
        {
          "si": 8,
          "sti": 3,
          "dti": 197,
          "sco": 16,
          "dco": 930,
          "txt": "2010"
        },
        {
          "si": 8,
          "sti": 4,
          "dti": 198,
          "sco": 21,
          "dco": 935,
          "txt": "Ros"
        },
        {
          "si": 8,
          "sti": 5,
          "dti": 199,
          "sco": 25,
          "dco": 939,
          "txt": "was"
        },
        {
          "si": 8,
          "sti": 6,
          "dti": 200,
          "sco": 29,
          "dco": 943,
          "txt": "loaned"
        },
        {
          "si": 8,
          "sti": 7,
          "dti": 201,
          "sco": 36,
          "dco": 950,
          "txt": "to"
        },
        {
          "si": 8,
          "sti": 8,
          "dti": 202,
          "sco": 39,
          "dco": 953,
          "txt": "neighbouring"
        },
        {
          "si": 8,
          "sti": 9,
          "dti": 203,
          "sco": 52,
          "dco": 966,
          "txt": "SD"
        },
        {
          "si": 8,
          "sti": 10,
          "dti": 204,
          "sco": 55,
          "dco": 969,
          "txt": "Eibar"
        },
        {
          "si": 8,
          "sti": 11,
          "dti": 205,
          "sco": 61,
          "dco": 975,
          "txt": "in"
        },
        {
          "si": 8,
          "sti": 12,
          "dti": 206,
          "sco": 64,
          "dco": 978,
          "txt": "the"
        },
        {
          "si": 8,
          "sti": 13,
          "dti": 207,
          "sco": 68,
          "dco": 982,
          "txt": "third"
        },
        {
          "si": 8,
          "sti": 14,
          "dti": 208,
          "sco": 74,
          "dco": 988,
          "txt": "level"
        },
        {
          "si": 8,
          "sti": 15,
          "dti": 209,
          "sco": 79,
          "dco": 993,
          "txt": "."
        },
        {
          "si": 9,
          "sti": 0,
          "dti": 210,
          "sco": 0,
          "dco": 995,
          "txt": "Subsequently"
        },
        {
          "si": 9,
          "sti": 1,
          "dti": 211,
          "sco": 13,
          "dco": 1008,
          "txt": "he"
        },
        {
          "si": 9,
          "sti": 2,
          "dti": 212,
          "sco": 16,
          "dco": 1011,
          "txt": "returned"
        },
        {
          "si": 9,
          "sti": 3,
          "dti": 213,
          "sco": 25,
          "dco": 1020,
          "txt": "to"
        },
        {
          "si": 9,
          "sti": 4,
          "dti": 214,
          "sco": 28,
          "dco": 1023,
          "txt": "Real"
        },
        {
          "si": 9,
          "sti": 5,
          "dti": 215,
          "sco": 33,
          "dco": 1028,
          "txt": "Sociedad"
        },
        {
          "si": 9,
          "sti": 6,
          "dti": 216,
          "sco": 41,
          "dco": 1036,
          "txt": ","
        },
        {
          "si": 9,
          "sti": 7,
          "dti": 217,
          "sco": 43,
          "dco": 1038,
          "txt": "going"
        },
        {
          "si": 9,
          "sti": 8,
          "dti": 218,
          "sco": 49,
          "dco": 1044,
          "txt": "on"
        },
        {
          "si": 9,
          "sti": 9,
          "dti": 219,
          "sco": 52,
          "dco": 1047,
          "txt": "to"
        },
        {
          "si": 9,
          "sti": 10,
          "dti": 220,
          "sco": 55,
          "dco": 1050,
          "txt": "be"
        },
        {
          "si": 9,
          "sti": 11,
          "dti": 221,
          "sco": 58,
          "dco": 1053,
          "txt": "a"
        },
        {
          "si": 9,
          "sti": 12,
          "dti": 222,
          "sco": 60,
          "dco": 1055,
          "txt": "very"
        },
        {
          "si": 9,
          "sti": 13,
          "dti": 223,
          "sco": 65,
          "dco": 1060,
          "txt": "important"
        },
        {
          "si": 9,
          "sti": 14,
          "dti": 224,
          "sco": 75,
          "dco": 1070,
          "txt": "midfield"
        },
        {
          "si": 9,
          "sti": 15,
          "dti": 225,
          "sco": 84,
          "dco": 1079,
          "txt": "unit"
        },
        {
          "si": 9,
          "sti": 16,
          "dti": 226,
          "sco": 89,
          "dco": 1084,
          "txt": "for"
        },
        {
          "si": 9,
          "sti": 17,
          "dti": 227,
          "sco": 93,
          "dco": 1088,
          "txt": "the"
        },
        {
          "si": 9,
          "sti": 18,
          "dti": 228,
          "sco": 97,
          "dco": 1092,
          "txt": "B"
        },
        {
          "si": 9,
          "sti": 19,
          "dti": 229,
          "sco": 98,
          "dco": 1093,
          "txt": "'"
        },
        {
          "si": 9,
          "sti": 20,
          "dti": 230,
          "sco": 99,
          "dco": 1094,
          "txt": "s"
        },
        {
          "si": 9,
          "sti": 21,
          "dti": 231,
          "sco": 101,
          "dco": 1096,
          "txt": "during"
        },
        {
          "si": 9,
          "sti": 22,
          "dti": 232,
          "sco": 108,
          "dco": 1103,
          "txt": "two"
        },
        {
          "si": 9,
          "sti": 23,
          "dti": 233,
          "sco": 112,
          "dco": 1107,
          "txt": "full"
        },
        {
          "si": 9,
          "sti": 24,
          "dti": 234,
          "sco": 117,
          "dco": 1112,
          "txt": "seasons"
        },
        {
          "si": 9,
          "sti": 25,
          "dti": 235,
          "sco": 124,
          "dco": 1119,
          "txt": ","
        },
        {
          "si": 9,
          "sti": 26,
          "dti": 236,
          "sco": 126,
          "dco": 1121,
          "txt": "still"
        },
        {
          "si": 9,
          "sti": 27,
          "dti": 237,
          "sco": 132,
          "dco": 1127,
          "txt": "in"
        },
        {
          "si": 9,
          "sti": 28,
          "dti": 238,
          "sco": 135,
          "dco": 1130,
          "txt": "division"
        },
        {
          "si": 9,
          "sti": 29,
          "dti": 239,
          "sco": 144,
          "dco": 1139,
          "txt": "three"
        },
        {
          "si": 9,
          "sti": 30,
          "dti": 240,
          "sco": 149,
          "dco": 1144,
          "txt": "."
        },
        {
          "si": 10,
          "sti": 0,
          "dti": 241,
          "sco": 0,
          "dco": 1146,
          "txt": "On"
        },
        {
          "si": 10,
          "sti": 1,
          "dti": 242,
          "sco": 3,
          "dco": 1149,
          "txt": "19"
        },
        {
          "si": 10,
          "sti": 2,
          "dti": 243,
          "sco": 6,
          "dco": 1152,
          "txt": "August"
        },
        {
          "si": 10,
          "sti": 3,
          "dti": 244,
          "sco": 13,
          "dco": 1159,
          "txt": "2012"
        },
        {
          "si": 10,
          "sti": 4,
          "dti": 245,
          "sco": 18,
          "dco": 1164,
          "txt": "Ros"
        },
        {
          "si": 10,
          "sti": 5,
          "dti": 246,
          "sco": 22,
          "dco": 1168,
          "txt": "made"
        },
        {
          "si": 10,
          "sti": 6,
          "dti": 247,
          "sco": 27,
          "dco": 1173,
          "txt": "his"
        },
        {
          "si": 10,
          "sti": 7,
          "dti": 248,
          "sco": 31,
          "dco": 1177,
          "txt": "first"
        },
        {
          "si": 10,
          "sti": 8,
          "dti": 249,
          "sco": 37,
          "dco": 1183,
          "txt": "appearance"
        },
        {
          "si": 10,
          "sti": 9,
          "dti": 250,
          "sco": 48,
          "dco": 1194,
          "txt": "in"
        },
        {
          "si": 10,
          "sti": 10,
          "dti": 251,
          "sco": 51,
          "dco": 1197,
          "txt": "La"
        },
        {
          "si": 10,
          "sti": 11,
          "dti": 252,
          "sco": 54,
          "dco": 1200,
          "txt": "Liga"
        },
        {
          "si": 10,
          "sti": 12,
          "dti": 253,
          "sco": 58,
          "dco": 1204,
          "txt": ","
        },
        {
          "si": 10,
          "sti": 13,
          "dti": 254,
          "sco": 60,
          "dco": 1206,
          "txt": "playing"
        },
        {
          "si": 10,
          "sti": 14,
          "dti": 255,
          "sco": 68,
          "dco": 1214,
          "txt": "12"
        },
        {
          "si": 10,
          "sti": 15,
          "dti": 256,
          "sco": 71,
          "dco": 1217,
          "txt": "minutes"
        },
        {
          "si": 10,
          "sti": 16,
          "dti": 257,
          "sco": 79,
          "dco": 1225,
          "txt": "in"
        },
        {
          "si": 10,
          "sti": 17,
          "dti": 258,
          "sco": 82,
          "dco": 1228,
          "txt": "a"
        },
        {
          "si": 10,
          "sti": 18,
          "dti": 259,
          "sco": 84,
          "dco": 1230,
          "txt": "1"
        },
        {
          "si": 10,
          "sti": 19,
          "dti": 260,
          "sco": 85,
          "dco": 1231,
          "txt": "–"
        },
        {
          "si": 10,
          "sti": 20,
          "dti": 261,
          "sco": 86,
          "dco": 1232,
          "txt": "5"
        },
        {
          "si": 10,
          "sti": 21,
          "dti": 262,
          "sco": 88,
          "dco": 1234,
          "txt": "loss"
        },
        {
          "si": 10,
          "sti": 22,
          "dti": 263,
          "sco": 93,
          "dco": 1239,
          "txt": "at"
        },
        {
          "si": 10,
          "sti": 23,
          "dti": 264,
          "sco": 96,
          "dco": 1242,
          "txt": "FC"
        },
        {
          "si": 10,
          "sti": 24,
          "dti": 265,
          "sco": 99,
          "dco": 1245,
          "txt": "Barcelona"
        },
        {
          "si": 10,
          "sti": 25,
          "dti": 266,
          "sco": 108,
          "dco": 1254,
          "txt": "."
        },
        {
          "si": 11,
          "sti": 0,
          "dti": 267,
          "sco": 0,
          "dco": 1256,
          "txt": "He"
        },
        {
          "si": 11,
          "sti": 1,
          "dti": 268,
          "sco": 3,
          "dco": 1259,
          "txt": "finished"
        },
        {
          "si": 11,
          "sti": 2,
          "dti": 269,
          "sco": 12,
          "dco": 1268,
          "txt": "his"
        },
        {
          "si": 11,
          "sti": 3,
          "dti": 270,
          "sco": 16,
          "dco": 1272,
          "txt": "first"
        },
        {
          "si": 11,
          "sti": 4,
          "dti": 271,
          "sco": 22,
          "dco": 1278,
          "txt": "season"
        },
        {
          "si": 11,
          "sti": 5,
          "dti": 272,
          "sco": 29,
          "dco": 1285,
          "txt": "with"
        },
        {
          "si": 11,
          "sti": 6,
          "dti": 273,
          "sco": 34,
          "dco": 1290,
          "txt": "the"
        },
        {
          "si": 11,
          "sti": 7,
          "dti": 274,
          "sco": 38,
          "dco": 1294,
          "txt": "main"
        },
        {
          "si": 11,
          "sti": 8,
          "dti": 275,
          "sco": 43,
          "dco": 1299,
          "txt": "squad"
        },
        {
          "si": 11,
          "sti": 9,
          "dti": 276,
          "sco": 49,
          "dco": 1305,
          "txt": "with"
        },
        {
          "si": 11,
          "sti": 10,
          "dti": 277,
          "sco": 54,
          "dco": 1310,
          "txt": "just"
        },
        {
          "si": 11,
          "sti": 11,
          "dti": 278,
          "sco": 59,
          "dco": 1315,
          "txt": "seven"
        },
        {
          "si": 11,
          "sti": 12,
          "dti": 279,
          "sco": 65,
          "dco": 1321,
          "txt": "official"
        },
        {
          "si": 11,
          "sti": 13,
          "dti": 280,
          "sco": 74,
          "dco": 1330,
          "txt": "appearances"
        },
        {
          "si": 11,
          "sti": 14,
          "dti": 281,
          "sco": 85,
          "dco": 1341,
          "txt": ","
        },
        {
          "si": 11,
          "sti": 15,
          "dti": 282,
          "sco": 87,
          "dco": 1343,
          "txt": "totalling"
        },
        {
          "si": 11,
          "sti": 16,
          "dti": 283,
          "sco": 97,
          "dco": 1353,
          "txt": "161"
        },
        {
          "si": 11,
          "sti": 17,
          "dti": 284,
          "sco": 101,
          "dco": 1357,
          "txt": "minutes"
        },
        {
          "si": 11,
          "sti": 18,
          "dti": 285,
          "sco": 109,
          "dco": 1365,
          "txt": "of"
        },
        {
          "si": 11,
          "sti": 19,
          "dti": 286,
          "sco": 112,
          "dco": 1368,
          "txt": "action"
        },
        {
          "si": 11,
          "sti": 20,
          "dti": 287,
          "sco": 118,
          "dco": 1374,
          "txt": "."
        },
        {
          "si": 12,
          "sti": 0,
          "dti": 288,
          "sco": 0,
          "dco": 1376,
          "txt": "Ros"
        },
        {
          "si": 12,
          "sti": 1,
          "dti": 289,
          "sco": 4,
          "dco": 1380,
          "txt": "scored"
        },
        {
          "si": 12,
          "sti": 2,
          "dti": 290,
          "sco": 11,
          "dco": 1387,
          "txt": "his"
        },
        {
          "si": 12,
          "sti": 3,
          "dti": 291,
          "sco": 15,
          "dco": 1391,
          "txt": "first"
        },
        {
          "si": 12,
          "sti": 4,
          "dti": 292,
          "sco": 21,
          "dco": 1397,
          "txt": "goal"
        },
        {
          "si": 12,
          "sti": 5,
          "dti": 293,
          "sco": 26,
          "dco": 1402,
          "txt": "for"
        },
        {
          "si": 12,
          "sti": 6,
          "dti": 294,
          "sco": 30,
          "dco": 1406,
          "txt": "Real"
        },
        {
          "si": 12,
          "sti": 7,
          "dti": 295,
          "sco": 35,
          "dco": 1411,
          "txt": "Sociedad"
        },
        {
          "si": 12,
          "sti": 8,
          "dti": 296,
          "sco": 44,
          "dco": 1420,
          "txt": "on"
        },
        {
          "si": 12,
          "sti": 9,
          "dti": 297,
          "sco": 47,
          "dco": 1423,
          "txt": "18"
        },
        {
          "si": 12,
          "sti": 10,
          "dti": 298,
          "sco": 50,
          "dco": 1426,
          "txt": "December"
        },
        {
          "si": 12,
          "sti": 11,
          "dti": 299,
          "sco": 59,
          "dco": 1435,
          "txt": "2013"
        },
        {
          "si": 12,
          "sti": 12,
          "dti": 300,
          "sco": 63,
          "dco": 1439,
          "txt": ","
        },
        {
          "si": 12,
          "sti": 13,
          "dti": 301,
          "sco": 65,
          "dco": 1441,
          "txt": "opening"
        },
        {
          "si": 12,
          "sti": 14,
          "dti": 302,
          "sco": 73,
          "dco": 1449,
          "txt": "the"
        },
        {
          "si": 12,
          "sti": 15,
          "dti": 303,
          "sco": 77,
          "dco": 1453,
          "txt": "scoring"
        },
        {
          "si": 12,
          "sti": 16,
          "dti": 304,
          "sco": 85,
          "dco": 1461,
          "txt": "in"
        },
        {
          "si": 12,
          "sti": 17,
          "dti": 305,
          "sco": 88,
          "dco": 1464,
          "txt": "a"
        },
        {
          "si": 12,
          "sti": 18,
          "dti": 306,
          "sco": 90,
          "dco": 1466,
          "txt": "4"
        },
        {
          "si": 12,
          "sti": 19,
          "dti": 307,
          "sco": 91,
          "dco": 1467,
          "txt": "–"
        },
        {
          "si": 12,
          "sti": 20,
          "dti": 308,
          "sco": 92,
          "dco": 1468,
          "txt": "0"
        },
        {
          "si": 12,
          "sti": 21,
          "dti": 309,
          "sco": 94,
          "dco": 1470,
          "txt": "home"
        },
        {
          "si": 12,
          "sti": 22,
          "dti": 310,
          "sco": 99,
          "dco": 1475,
          "txt": "routing"
        },
        {
          "si": 12,
          "sti": 23,
          "dti": 311,
          "sco": 107,
          "dco": 1483,
          "txt": "of"
        },
        {
          "si": 12,
          "sti": 24,
          "dti": 312,
          "sco": 110,
          "dco": 1486,
          "txt": "Algeciras"
        },
        {
          "si": 12,
          "sti": 25,
          "dti": 313,
          "sco": 120,
          "dco": 1496,
          "txt": "CF"
        },
        {
          "si": 12,
          "sti": 26,
          "dti": 314,
          "sco": 123,
          "dco": 1499,
          "txt": "for"
        },
        {
          "si": 12,
          "sti": 27,
          "dti": 315,
          "sco": 127,
          "dco": 1503,
          "txt": "the"
        },
        {
          "si": 12,
          "sti": 28,
          "dti": 316,
          "sco": 131,
          "dco": 1507,
          "txt": "campaign"
        },
        {
          "si": 12,
          "sti": 29,
          "dti": 317,
          "sco": 139,
          "dco": 1515,
          "txt": "'"
        },
        {
          "si": 12,
          "sti": 30,
          "dti": 318,
          "sco": 140,
          "dco": 1516,
          "txt": "s"
        },
        {
          "si": 12,
          "sti": 31,
          "dti": 319,
          "sco": 142,
          "dco": 1518,
          "txt": "Copa"
        },
        {
          "si": 12,
          "sti": 32,
          "dti": 320,
          "sco": 147,
          "dco": 1523,
          "txt": "del"
        },
        {
          "si": 12,
          "sti": 33,
          "dti": 321,
          "sco": 151,
          "dco": 1527,
          "txt": "Rey"
        },
        {
          "si": 12,
          "sti": 34,
          "dti": 322,
          "sco": 155,
          "dco": 1531,
          "txt": "("
        },
        {
          "si": 12,
          "sti": 35,
          "dti": 323,
          "sco": 156,
          "dco": 1532,
          "txt": "5"
        },
        {
          "si": 12,
          "sti": 36,
          "dti": 324,
          "sco": 157,
          "dco": 1533,
          "txt": "–"
        },
        {
          "si": 12,
          "sti": 37,
          "dti": 325,
          "sco": 158,
          "dco": 1534,
          "txt": "1"
        },
        {
          "si": 12,
          "sti": 38,
          "dti": 326,
          "sco": 160,
          "dco": 1536,
          "txt": "on"
        },
        {
          "si": 12,
          "sti": 39,
          "dti": 327,
          "sco": 163,
          "dco": 1539,
          "txt": "aggregate"
        },
        {
          "si": 12,
          "sti": 40,
          "dti": 328,
          "sco": 172,
          "dco": 1548,
          "txt": ")"
        },
        {
          "si": 12,
          "sti": 41,
          "dti": 329,
          "sco": 173,
          "dco": 1549,
          "txt": "."
        },
        {
          "si": 13,
          "sti": 0,
          "dti": 330,
          "sco": 0,
          "dco": 1551,
          "txt": "His"
        },
        {
          "si": 13,
          "sti": 1,
          "dti": 331,
          "sco": 4,
          "dco": 1555,
          "txt": "second"
        },
        {
          "si": 13,
          "sti": 2,
          "dti": 332,
          "sco": 11,
          "dco": 1562,
          "txt": "came"
        },
        {
          "si": 13,
          "sti": 3,
          "dti": 333,
          "sco": 16,
          "dco": 1567,
          "txt": "on"
        },
        {
          "si": 13,
          "sti": 4,
          "dti": 334,
          "sco": 19,
          "dco": 1570,
          "txt": "16"
        },
        {
          "si": 13,
          "sti": 5,
          "dti": 335,
          "sco": 22,
          "dco": 1573,
          "txt": "January"
        },
        {
          "si": 13,
          "sti": 6,
          "dti": 336,
          "sco": 30,
          "dco": 1581,
          "txt": "of"
        },
        {
          "si": 13,
          "sti": 7,
          "dti": 337,
          "sco": 33,
          "dco": 1584,
          "txt": "the"
        },
        {
          "si": 13,
          "sti": 8,
          "dti": 338,
          "sco": 37,
          "dco": 1588,
          "txt": "following"
        },
        {
          "si": 13,
          "sti": 9,
          "dti": 339,
          "sco": 47,
          "dco": 1598,
          "txt": "year"
        },
        {
          "si": 13,
          "sti": 10,
          "dti": 340,
          "sco": 52,
          "dco": 1603,
          "txt": "for"
        },
        {
          "si": 13,
          "sti": 11,
          "dti": 341,
          "sco": 56,
          "dco": 1607,
          "txt": "the"
        },
        {
          "si": 13,
          "sti": 12,
          "dti": 342,
          "sco": 60,
          "dco": 1611,
          "txt": "same"
        },
        {
          "si": 13,
          "sti": 13,
          "dti": 343,
          "sco": 65,
          "dco": 1616,
          "txt": "competition"
        },
        {
          "si": 13,
          "sti": 14,
          "dti": 344,
          "sco": 76,
          "dco": 1627,
          "txt": ","
        },
        {
          "si": 13,
          "sti": 15,
          "dti": 345,
          "sco": 78,
          "dco": 1629,
          "txt": "as"
        },
        {
          "si": 13,
          "sti": 16,
          "dti": 346,
          "sco": 81,
          "dco": 1632,
          "txt": "he"
        },
        {
          "si": 13,
          "sti": 17,
          "dti": 347,
          "sco": 84,
          "dco": 1635,
          "txt": "netted"
        },
        {
          "si": 13,
          "sti": 18,
          "dti": 348,
          "sco": 91,
          "dco": 1642,
          "txt": "the"
        },
        {
          "si": 13,
          "sti": 19,
          "dti": 349,
          "sco": 95,
          "dco": 1646,
          "txt": "only"
        },
        {
          "si": 13,
          "sti": 20,
          "dti": 350,
          "sco": 100,
          "dco": 1651,
          "txt": "in"
        },
        {
          "si": 13,
          "sti": 21,
          "dti": 351,
          "sco": 103,
          "dco": 1654,
          "txt": "the"
        },
        {
          "si": 13,
          "sti": 22,
          "dti": 352,
          "sco": 107,
          "dco": 1658,
          "txt": "tie"
        },
        {
          "si": 13,
          "sti": 23,
          "dti": 353,
          "sco": 111,
          "dco": 1662,
          "txt": "against"
        },
        {
          "si": 13,
          "sti": 24,
          "dti": 354,
          "sco": 119,
          "dco": 1670,
          "txt": "Villarreal"
        },
        {
          "si": 13,
          "sti": 25,
          "dti": 355,
          "sco": 130,
          "dco": 1681,
          "txt": "CF"
        },
        {
          "si": 13,
          "sti": 26,
          "dti": 356,
          "sco": 133,
          "dco": 1684,
          "txt": "to"
        },
        {
          "si": 13,
          "sti": 27,
          "dti": 357,
          "sco": 136,
          "dco": 1687,
          "txt": "qualify"
        },
        {
          "si": 13,
          "sti": 28,
          "dti": 358,
          "sco": 144,
          "dco": 1695,
          "txt": "his"
        },
        {
          "si": 13,
          "sti": 29,
          "dti": 359,
          "sco": 148,
          "dco": 1699,
          "txt": "team"
        },
        {
          "si": 13,
          "sti": 30,
          "dti": 360,
          "sco": 153,
          "dco": 1704,
          "txt": "to"
        },
        {
          "si": 13,
          "sti": 31,
          "dti": 361,
          "sco": 156,
          "dco": 1707,
          "txt": "the"
        },
        {
          "si": 13,
          "sti": 32,
          "dti": 362,
          "sco": 160,
          "dco": 1711,
          "txt": "quarterfinals"
        },
        {
          "si": 13,
          "sti": 33,
          "dti": 363,
          "sco": 173,
          "dco": 1724,
          "txt": "."
        },
        {
          "si": 14,
          "sti": 0,
          "dti": 364,
          "sco": 0,
          "dco": 1726,
          "txt": "On"
        },
        {
          "si": 14,
          "sti": 1,
          "dti": 365,
          "sco": 3,
          "dco": 1729,
          "txt": "19"
        },
        {
          "si": 14,
          "sti": 2,
          "dti": 366,
          "sco": 6,
          "dco": 1732,
          "txt": "July"
        },
        {
          "si": 14,
          "sti": 3,
          "dti": 367,
          "sco": 11,
          "dco": 1737,
          "txt": "2014"
        },
        {
          "si": 14,
          "sti": 4,
          "dti": 368,
          "sco": 15,
          "dco": 1741,
          "txt": ","
        },
        {
          "si": 14,
          "sti": 5,
          "dti": 369,
          "sco": 17,
          "dco": 1743,
          "txt": "Ros"
        },
        {
          "si": 14,
          "sti": 6,
          "dti": 370,
          "sco": 21,
          "dco": 1747,
          "txt": "joined"
        },
        {
          "si": 14,
          "sti": 7,
          "dti": 371,
          "sco": 28,
          "dco": 1754,
          "txt": "second"
        },
        {
          "si": 14,
          "sti": 8,
          "dti": 372,
          "sco": 35,
          "dco": 1761,
          "txt": "level"
        },
        {
          "si": 14,
          "sti": 9,
          "dti": 373,
          "sco": 41,
          "dco": 1767,
          "txt": "club"
        },
        {
          "si": 14,
          "sti": 10,
          "dti": 374,
          "sco": 46,
          "dco": 1772,
          "txt": "RCD"
        },
        {
          "si": 14,
          "sti": 11,
          "dti": 375,
          "sco": 50,
          "dco": 1776,
          "txt": "Mallorca"
        },
        {
          "si": 14,
          "sti": 12,
          "dti": 376,
          "sco": 59,
          "dco": 1785,
          "txt": "on"
        },
        {
          "si": 14,
          "sti": 13,
          "dti": 377,
          "sco": 62,
          "dco": 1788,
          "txt": "a"
        },
        {
          "si": 14,
          "sti": 14,
          "dti": 378,
          "sco": 64,
          "dco": 1790,
          "txt": "free"
        },
        {
          "si": 14,
          "sti": 15,
          "dti": 379,
          "sco": 69,
          "dco": 1795,
          "txt": "transfer"
        },
        {
          "si": 14,
          "sti": 16,
          "dti": 380,
          "sco": 77,
          "dco": 1803,
          "txt": ","
        },
        {
          "si": 14,
          "sti": 17,
          "dti": 381,
          "sco": 79,
          "dco": 1805,
          "txt": "signing"
        },
        {
          "si": 14,
          "sti": 18,
          "dti": 382,
          "sco": 87,
          "dco": 1813,
          "txt": "a"
        },
        {
          "si": 14,
          "sti": 19,
          "dti": 383,
          "sco": 89,
          "dco": 1815,
          "txt": "two"
        },
        {
          "si": 14,
          "sti": 20,
          "dti": 384,
          "sco": 92,
          "dco": 1818,
          "txt": "-"
        },
        {
          "si": 14,
          "sti": 21,
          "dti": 385,
          "sco": 93,
          "dco": 1819,
          "txt": "year"
        },
        {
          "si": 14,
          "sti": 22,
          "dti": 386,
          "sco": 98,
          "dco": 1824,
          "txt": "contract"
        },
        {
          "si": 14,
          "sti": 23,
          "dti": 387,
          "sco": 106,
          "dco": 1832,
          "txt": "."
        },
        {
          "si": 15,
          "sti": 0,
          "dti": 388,
          "sco": 0,
          "dco": 1834,
          "txt": "Personal"
        },
        {
          "si": 15,
          "sti": 1,
          "dti": 389,
          "sco": 8,
          "dco": 1842,
          "txt": "."
        },
        {
          "si": 16,
          "sti": 0,
          "dti": 390,
          "sco": 0,
          "dco": 1844,
          "txt": "Ros"
        },
        {
          "si": 16,
          "sti": 1,
          "dti": 391,
          "sco": 4,
          "dco": 1848,
          "txt": "was"
        },
        {
          "si": 16,
          "sti": 2,
          "dti": 392,
          "sco": 8,
          "dco": 1852,
          "txt": "the"
        },
        {
          "si": 16,
          "sti": 3,
          "dti": 393,
          "sco": 12,
          "dco": 1856,
          "txt": "fifth"
        },
        {
          "si": 16,
          "sti": 4,
          "dti": 394,
          "sco": 18,
          "dco": 1862,
          "txt": "of"
        },
        {
          "si": 16,
          "sti": 5,
          "dti": 395,
          "sco": 21,
          "dco": 1865,
          "txt": "seven"
        },
        {
          "si": 16,
          "sti": 6,
          "dti": 396,
          "sco": 27,
          "dco": 1871,
          "txt": "brothers"
        },
        {
          "si": 16,
          "sti": 7,
          "dti": 397,
          "sco": 36,
          "dco": 1880,
          "txt": "and"
        },
        {
          "si": 16,
          "sti": 8,
          "dti": 398,
          "sco": 40,
          "dco": 1884,
          "txt": "sisters"
        },
        {
          "si": 16,
          "sti": 9,
          "dti": 399,
          "sco": 47,
          "dco": 1891,
          "txt": ","
        },
        {
          "si": 16,
          "sti": 10,
          "dti": 400,
          "sco": 49,
          "dco": 1893,
          "txt": "Mikel"
        },
        {
          "si": 16,
          "sti": 11,
          "dti": 401,
          "sco": 55,
          "dco": 1899,
          "txt": "being"
        },
        {
          "si": 16,
          "sti": 12,
          "dti": 402,
          "sco": 61,
          "dco": 1905,
          "txt": "his"
        },
        {
          "si": 16,
          "sti": 13,
          "dti": 403,
          "sco": 65,
          "dco": 1909,
          "txt": "twin"
        },
        {
          "si": 16,
          "sti": 14,
          "dti": 404,
          "sco": 69,
          "dco": 1913,
          "txt": "."
        },
        {
          "si": 17,
          "sti": 0,
          "dti": 405,
          "sco": 0,
          "dco": 1915,
          "txt": "His"
        },
        {
          "si": 17,
          "sti": 1,
          "dti": 406,
          "sco": 4,
          "dco": 1919,
          "txt": "older"
        },
        {
          "si": 17,
          "sti": 2,
          "dti": 407,
          "sco": 10,
          "dco": 1925,
          "txt": "sibling"
        },
        {
          "si": 17,
          "sti": 3,
          "dti": 408,
          "sco": 18,
          "dco": 1933,
          "txt": "I"
        },
        {
          "si": 17,
          "sti": 4,
          "dti": 409,
          "sco": 19,
          "dco": 1934,
          "txt": "ñ"
        },
        {
          "si": 17,
          "sti": 5,
          "dti": 410,
          "sco": 20,
          "dco": 1935,
          "txt": "igo"
        },
        {
          "si": 17,
          "sti": 6,
          "dti": 411,
          "sco": 24,
          "dco": 1939,
          "txt": "was"
        },
        {
          "si": 17,
          "sti": 7,
          "dti": 412,
          "sco": 28,
          "dco": 1943,
          "txt": "also"
        },
        {
          "si": 17,
          "sti": 8,
          "dti": 413,
          "sco": 33,
          "dco": 1948,
          "txt": "a"
        },
        {
          "si": 17,
          "sti": 9,
          "dti": 414,
          "sco": 35,
          "dco": 1950,
          "txt": "footballer"
        },
        {
          "si": 17,
          "sti": 10,
          "dti": 415,
          "sco": 46,
          "dco": 1961,
          "txt": "and"
        },
        {
          "si": 17,
          "sti": 11,
          "dti": 416,
          "sco": 50,
          "dco": 1965,
          "txt": "a"
        },
        {
          "si": 17,
          "sti": 12,
          "dti": 417,
          "sco": 52,
          "dco": 1967,
          "txt": "midfielder"
        },
        {
          "si": 17,
          "sti": 13,
          "dti": 418,
          "sco": 62,
          "dco": 1977,
          "txt": ","
        },
        {
          "si": 17,
          "sti": 14,
          "dti": 419,
          "sco": 64,
          "dco": 1979,
          "txt": "spending"
        },
        {
          "si": 17,
          "sti": 15,
          "dti": 420,
          "sco": 73,
          "dco": 1988,
          "txt": "the"
        },
        {
          "si": 17,
          "sti": 16,
          "dti": 421,
          "sco": 77,
          "dco": 1992,
          "txt": "vast"
        },
        {
          "si": 17,
          "sti": 17,
          "dti": 422,
          "sco": 82,
          "dco": 1997,
          "txt": "majority"
        },
        {
          "si": 17,
          "sti": 18,
          "dti": 423,
          "sco": 91,
          "dco": 2006,
          "txt": "of"
        },
        {
          "si": 17,
          "sti": 19,
          "dti": 424,
          "sco": 94,
          "dco": 2009,
          "txt": "his"
        },
        {
          "si": 17,
          "sti": 20,
          "dti": 425,
          "sco": 98,
          "dco": 2013,
          "txt": "professional"
        },
        {
          "si": 17,
          "sti": 21,
          "dti": 426,
          "sco": 111,
          "dco": 2026,
          "txt": "career"
        },
        {
          "si": 17,
          "sti": 22,
          "dti": 427,
          "sco": 118,
          "dco": 2033,
          "txt": "in"
        },
        {
          "si": 17,
          "sti": 23,
          "dti": 428,
          "sco": 121,
          "dco": 2036,
          "txt": "the"
        },
        {
          "si": 17,
          "sti": 24,
          "dti": 429,
          "sco": 125,
          "dco": 2040,
          "txt": "third"
        },
        {
          "si": 17,
          "sti": 25,
          "dti": 430,
          "sco": 131,
          "dco": 2046,
          "txt": "division"
        },
        {
          "si": 17,
          "sti": 26,
          "dti": 431,
          "sco": 140,
          "dco": 2055,
          "txt": "and"
        },
        {
          "si": 17,
          "sti": 27,
          "dti": 432,
          "sco": 144,
          "dco": 2059,
          "txt": "also"
        },
        {
          "si": 17,
          "sti": 28,
          "dti": 433,
          "sco": 149,
          "dco": 2064,
          "txt": "representing"
        },
        {
          "si": 17,
          "sti": 29,
          "dti": 434,
          "sco": 162,
          "dco": 2077,
          "txt": "Real"
        },
        {
          "si": 17,
          "sti": 30,
          "dti": 435,
          "sco": 167,
          "dco": 2082,
          "txt": "Sociedad"
        },
        {
          "si": 17,
          "sti": 31,
          "dti": 436,
          "sco": 176,
          "dco": 2091,
          "txt": "B"
        },
        {
          "si": 17,
          "sti": 32,
          "dti": 437,
          "sco": 178,
          "dco": 2093,
          "txt": "and"
        },
        {
          "si": 17,
          "sti": 33,
          "dti": 438,
          "sco": 182,
          "dco": 2097,
          "txt": "Eibar"
        },
        {
          "si": 17,
          "sti": 34,
          "dti": 439,
          "sco": 187,
          "dco": 2102,
          "txt": "."
        }
      ]
    },
    "ganns": {
      "dla": [],
      "la": [],
      "ea": [],
      "eta": [
        {
          "ra": {
            "ea": {
              "etn": "Javier_Ros"
            }
          },
          "sfs": [
            [
              {
                "stn": "birthYear"
              },
              {
                "dla": {
                  "txt": {
                    "sff": "1990"
                  },
                  "et": {
                    "etn": "BirthYear"
                  },
                  "dp": {
                    "off": 53
                  }
                }
              }
            ],
            [
              {
                "stn": "deathYear"
              },
              {}
            ]
          ],
          "mfs": [
            [
              {
                "stn": "birthPlaces"
              },
              {
                "dla": [],
                "la": [],
                "ea": [
                  {
                    "etn": "Pamplona"
                  }
                ],
                "eta": []
              }
            ],
            [
              {
                "stn": "teams"
              },
              {
                "dla": [],
                "la": [],
                "ea": [
                  {
                    "etn": "Real_Sociedad_B"
                  },
                  {
                    "etn": "SD_Eibar"
                  },
                  {
                    "etn": "Real_Sociedad"
                  }
                ],
                "eta": []
              }
            ],
            [
              {
                "stn": "positions"
              },
              {
                "dla": [],
                "la": [],
                "ea": [
                  {
                    "etn": "Midfielder"
                  }
                ],
                "eta": []
              }
            ]
          ]
        }
      ]
    }
  }
]
