[
  {
    "context": "TRAIN",
    "doc": {
      "id": "Jim_Blacker",
      "tl": [
        {
          "si": 0,
          "sti": 0,
          "dti": 0,
          "sco": 0,
          "dco": 0,
          "txt": "Jim"
        },
        {
          "si": 0,
          "sti": 1,
          "dti": 1,
          "sco": 4,
          "dco": 4,
          "txt": "Blacker"
        },
        {
          "si": 0,
          "sti": 2,
          "dti": 2,
          "sco": 11,
          "dco": 11,
          "txt": "."
        },
        {
          "si": 1,
          "sti": 0,
          "dti": 3,
          "sco": 0,
          "dco": 13,
          "txt": "James"
        },
        {
          "si": 1,
          "sti": 1,
          "dti": 4,
          "sco": 6,
          "dco": 19,
          "txt": "A"
        },
        {
          "si": 1,
          "sti": 2,
          "dti": 5,
          "sco": 7,
          "dco": 20,
          "txt": "."
        },
        {
          "si": 2,
          "sti": 0,
          "dti": 6,
          "sco": 0,
          "dco": 22,
          "txt": "Blacker"
        },
        {
          "si": 2,
          "sti": 1,
          "dti": 7,
          "sco": 8,
          "dco": 30,
          "txt": "("
        },
        {
          "si": 2,
          "sti": 2,
          "dti": 8,
          "sco": 9,
          "dco": 31,
          "txt": "born"
        },
        {
          "si": 2,
          "sti": 3,
          "dti": 9,
          "sco": 14,
          "dco": 36,
          "txt": "1945"
        },
        {
          "si": 2,
          "sti": 4,
          "dti": 10,
          "sco": 18,
          "dco": 40,
          "txt": ")"
        },
        {
          "si": 2,
          "sti": 5,
          "dti": 11,
          "sco": 20,
          "dco": 42,
          "txt": "is"
        },
        {
          "si": 2,
          "sti": 6,
          "dti": 12,
          "sco": 23,
          "dco": 45,
          "txt": "an"
        },
        {
          "si": 2,
          "sti": 7,
          "dti": 13,
          "sco": 26,
          "dco": 48,
          "txt": "English"
        },
        {
          "si": 2,
          "sti": 8,
          "dti": 14,
          "sco": 34,
          "dco": 56,
          "txt": "former"
        },
        {
          "si": 2,
          "sti": 9,
          "dti": 15,
          "sco": 41,
          "dco": 63,
          "txt": "professional"
        },
        {
          "si": 2,
          "sti": 10,
          "dti": 16,
          "sco": 54,
          "dco": 76,
          "txt": "footballer"
        },
        {
          "si": 2,
          "sti": 11,
          "dti": 17,
          "sco": 65,
          "dco": 87,
          "txt": "who"
        },
        {
          "si": 2,
          "sti": 12,
          "dti": 18,
          "sco": 69,
          "dco": 91,
          "txt": "played"
        },
        {
          "si": 2,
          "sti": 13,
          "dti": 19,
          "sco": 76,
          "dco": 98,
          "txt": "as"
        },
        {
          "si": 2,
          "sti": 14,
          "dti": 20,
          "sco": 79,
          "dco": 101,
          "txt": "a"
        },
        {
          "si": 2,
          "sti": 15,
          "dti": 21,
          "sco": 81,
          "dco": 103,
          "txt": "full"
        },
        {
          "si": 2,
          "sti": 16,
          "dti": 22,
          "sco": 86,
          "dco": 108,
          "txt": "back"
        },
        {
          "si": 2,
          "sti": 17,
          "dti": 23,
          "sco": 90,
          "dco": 112,
          "txt": "."
        },
        {
          "si": 3,
          "sti": 0,
          "dti": 24,
          "sco": 0,
          "dco": 114,
          "txt": "Career"
        },
        {
          "si": 3,
          "sti": 1,
          "dti": 25,
          "sco": 6,
          "dco": 120,
          "txt": "."
        },
        {
          "si": 4,
          "sti": 0,
          "dti": 26,
          "sco": 0,
          "dco": 122,
          "txt": "Born"
        },
        {
          "si": 4,
          "sti": 1,
          "dti": 27,
          "sco": 5,
          "dco": 127,
          "txt": "in"
        },
        {
          "si": 4,
          "sti": 2,
          "dti": 28,
          "sco": 8,
          "dco": 130,
          "txt": "Leeds"
        },
        {
          "si": 4,
          "sti": 3,
          "dti": 29,
          "sco": 13,
          "dco": 135,
          "txt": ","
        },
        {
          "si": 4,
          "sti": 4,
          "dti": 30,
          "sco": 15,
          "dco": 137,
          "txt": "Blacker"
        },
        {
          "si": 4,
          "sti": 5,
          "dti": 31,
          "sco": 23,
          "dco": 145,
          "txt": "played"
        },
        {
          "si": 4,
          "sti": 6,
          "dti": 32,
          "sco": 30,
          "dco": 152,
          "txt": "for"
        },
        {
          "si": 4,
          "sti": 7,
          "dti": 33,
          "sco": 34,
          "dco": 156,
          "txt": "Middleton"
        },
        {
          "si": 4,
          "sti": 8,
          "dti": 34,
          "sco": 44,
          "dco": 166,
          "txt": "Parkside"
        },
        {
          "si": 4,
          "sti": 9,
          "dti": 35,
          "sco": 53,
          "dco": 175,
          "txt": "and"
        },
        {
          "si": 4,
          "sti": 10,
          "dti": 36,
          "sco": 57,
          "dco": 179,
          "txt": "Bradford"
        },
        {
          "si": 4,
          "sti": 11,
          "dti": 37,
          "sco": 66,
          "dco": 188,
          "txt": "City"
        },
        {
          "si": 4,
          "sti": 12,
          "dti": 38,
          "sco": 70,
          "dco": 192,
          "txt": "."
        },
        {
          "si": 5,
          "sti": 0,
          "dti": 39,
          "sco": 0,
          "dco": 194,
          "txt": "For"
        },
        {
          "si": 5,
          "sti": 1,
          "dti": 40,
          "sco": 4,
          "dco": 198,
          "txt": "Bradford"
        },
        {
          "si": 5,
          "sti": 2,
          "dti": 41,
          "sco": 13,
          "dco": 207,
          "txt": "City"
        },
        {
          "si": 5,
          "sti": 3,
          "dti": 42,
          "sco": 17,
          "dco": 211,
          "txt": ","
        },
        {
          "si": 5,
          "sti": 4,
          "dti": 43,
          "sco": 19,
          "dco": 213,
          "txt": "he"
        },
        {
          "si": 5,
          "sti": 5,
          "dti": 44,
          "sco": 22,
          "dco": 216,
          "txt": "made"
        },
        {
          "si": 5,
          "sti": 6,
          "dti": 45,
          "sco": 27,
          "dco": 221,
          "txt": "21"
        },
        {
          "si": 5,
          "sti": 7,
          "dti": 46,
          "sco": 30,
          "dco": 224,
          "txt": "appearances"
        },
        {
          "si": 5,
          "sti": 8,
          "dti": 47,
          "sco": 42,
          "dco": 236,
          "txt": "in"
        },
        {
          "si": 5,
          "sti": 9,
          "dti": 48,
          "sco": 45,
          "dco": 239,
          "txt": "the"
        },
        {
          "si": 5,
          "sti": 10,
          "dti": 49,
          "sco": 49,
          "dco": 243,
          "txt": "Football"
        },
        {
          "si": 5,
          "sti": 11,
          "dti": 50,
          "sco": 58,
          "dco": 252,
          "txt": "League"
        },
        {
          "si": 5,
          "sti": 12,
          "dti": 51,
          "sco": 64,
          "dco": 258,
          "txt": "."
        }
      ]
    },
    "ganns": {
      "dla": [],
      "la": [],
      "ea": [],
      "eta": [
        {
          "ra": {
            "ea": {
              "etn": "Jim_Blacker"
            }
          },
          "sfs": [
            [
              {
                "stn": "birthYear"
              },
              {
                "dla": {
                  "txt": {
                    "sff": "1945"
                  },
                  "et": {
                    "etn": "BirthYear"
                  },
                  "dp": {
                    "off": 36
                  }
                }
              }
            ],
            [
              {
                "stn": "deathYear"
              },
              {}
            ]
          ],
          "mfs": [
            [
              {
                "stn": "birthPlaces"
              },
              {
                "dla": [],
                "la": [],
                "ea": [
                  {
                    "etn": "Leeds"
                  }
                ],
                "eta": []
              }
            ],
            [
              {
                "stn": "teams"
              },
              {
                "dla": [],
                "la": [],
                "ea": [
                  {
                    "etn": "Bradford_City_A.F.C."
                  }
                ],
                "eta": []
              }
            ],
            [
              {
                "stn": "positions"
              },
              {
                "dla": [],
                "la": [],
                "ea": [
                  {
                    "etn": "Defender_(association_football)"
                  }
                ],
                "eta": []
              }
            ]
          ]
        }
      ]
    }
  }
]
