[
  {
    "context": "TEST",
    "doc": {
      "id": "Jimmy_Prescott",
      "tl": [
        {
          "si": 0,
          "sti": 0,
          "dti": 0,
          "sco": 0,
          "dco": 0,
          "txt": "Jimmy"
        },
        {
          "si": 0,
          "sti": 1,
          "dti": 1,
          "sco": 6,
          "dco": 6,
          "txt": "Prescott"
        },
        {
          "si": 0,
          "sti": 2,
          "dti": 2,
          "sco": 14,
          "dco": 14,
          "txt": "."
        },
        {
          "si": 1,
          "sti": 0,
          "dti": 3,
          "sco": 0,
          "dco": 16,
          "txt": "James"
        },
        {
          "si": 1,
          "sti": 1,
          "dti": 4,
          "sco": 6,
          "dco": 22,
          "txt": "\""
        },
        {
          "si": 1,
          "sti": 2,
          "dti": 5,
          "sco": 7,
          "dco": 23,
          "txt": "Jimmy"
        },
        {
          "si": 1,
          "sti": 3,
          "dti": 6,
          "sco": 12,
          "dco": 28,
          "txt": "\""
        },
        {
          "si": 1,
          "sti": 4,
          "dti": 7,
          "sco": 14,
          "dco": 30,
          "txt": "Prescott"
        },
        {
          "si": 1,
          "sti": 5,
          "dti": 8,
          "sco": 23,
          "dco": 39,
          "txt": "("
        },
        {
          "si": 1,
          "sti": 6,
          "dti": 9,
          "sco": 24,
          "dco": 40,
          "txt": "2"
        },
        {
          "si": 1,
          "sti": 7,
          "dti": 10,
          "sco": 26,
          "dco": 42,
          "txt": "November"
        },
        {
          "si": 1,
          "sti": 8,
          "dti": 11,
          "sco": 35,
          "dco": 51,
          "txt": "1930"
        },
        {
          "si": 1,
          "sti": 9,
          "dti": 12,
          "sco": 40,
          "dco": 56,
          "txt": "-"
        },
        {
          "si": 1,
          "sti": 10,
          "dti": 13,
          "sco": 42,
          "dco": 58,
          "txt": "14"
        },
        {
          "si": 1,
          "sti": 11,
          "dti": 14,
          "sco": 45,
          "dco": 61,
          "txt": "February"
        },
        {
          "si": 1,
          "sti": 12,
          "dti": 15,
          "sco": 54,
          "dco": 70,
          "txt": "2011"
        },
        {
          "si": 1,
          "sti": 13,
          "dti": 16,
          "sco": 58,
          "dco": 74,
          "txt": ")"
        },
        {
          "si": 1,
          "sti": 14,
          "dti": 17,
          "sco": 60,
          "dco": 76,
          "txt": "was"
        },
        {
          "si": 1,
          "sti": 15,
          "dti": 18,
          "sco": 64,
          "dco": 80,
          "txt": "an"
        },
        {
          "si": 1,
          "sti": 16,
          "dti": 19,
          "sco": 67,
          "dco": 83,
          "txt": "English"
        },
        {
          "si": 1,
          "sti": 17,
          "dti": 20,
          "sco": 75,
          "dco": 91,
          "txt": "former"
        },
        {
          "si": 1,
          "sti": 18,
          "dti": 21,
          "sco": 82,
          "dco": 98,
          "txt": "professional"
        },
        {
          "si": 1,
          "sti": 19,
          "dti": 22,
          "sco": 95,
          "dco": 111,
          "txt": "footballer"
        },
        {
          "si": 1,
          "sti": 20,
          "dti": 23,
          "sco": 106,
          "dco": 122,
          "txt": "who"
        },
        {
          "si": 1,
          "sti": 21,
          "dti": 24,
          "sco": 110,
          "dco": 126,
          "txt": "played"
        },
        {
          "si": 1,
          "sti": 22,
          "dti": 25,
          "sco": 117,
          "dco": 133,
          "txt": "as"
        },
        {
          "si": 1,
          "sti": 23,
          "dti": 26,
          "sco": 120,
          "dco": 136,
          "txt": "an"
        },
        {
          "si": 1,
          "sti": 24,
          "dti": 27,
          "sco": 123,
          "dco": 139,
          "txt": "inside"
        },
        {
          "si": 1,
          "sti": 25,
          "dti": 28,
          "sco": 130,
          "dco": 146,
          "txt": "forward"
        },
        {
          "si": 1,
          "sti": 26,
          "dti": 29,
          "sco": 137,
          "dco": 153,
          "txt": "."
        },
        {
          "si": 2,
          "sti": 0,
          "dti": 30,
          "sco": 0,
          "dco": 155,
          "txt": "Career"
        },
        {
          "si": 2,
          "sti": 1,
          "dti": 31,
          "sco": 6,
          "dco": 161,
          "txt": "."
        },
        {
          "si": 3,
          "sti": 0,
          "dti": 32,
          "sco": 0,
          "dco": 163,
          "txt": "Born"
        },
        {
          "si": 3,
          "sti": 1,
          "dti": 33,
          "sco": 5,
          "dco": 168,
          "txt": "in"
        },
        {
          "si": 3,
          "sti": 2,
          "dti": 34,
          "sco": 8,
          "dco": 171,
          "txt": "Lowton"
        },
        {
          "si": 3,
          "sti": 3,
          "dti": 35,
          "sco": 14,
          "dco": 177,
          "txt": ","
        },
        {
          "si": 3,
          "sti": 4,
          "dti": 36,
          "sco": 16,
          "dco": 179,
          "txt": "Prescott"
        },
        {
          "si": 3,
          "sti": 5,
          "dti": 37,
          "sco": 25,
          "dco": 188,
          "txt": "played"
        },
        {
          "si": 3,
          "sti": 6,
          "dti": 38,
          "sco": 32,
          "dco": 195,
          "txt": "for"
        },
        {
          "si": 3,
          "sti": 7,
          "dti": 39,
          "sco": 36,
          "dco": 199,
          "txt": "Lowton"
        },
        {
          "si": 3,
          "sti": 8,
          "dti": 40,
          "sco": 43,
          "dco": 206,
          "txt": "St"
        },
        {
          "si": 3,
          "sti": 9,
          "dti": 41,
          "sco": 45,
          "dco": 208,
          "txt": "."
        },
        {
          "si": 4,
          "sti": 0,
          "dti": 42,
          "sco": 0,
          "dco": 210,
          "txt": "Mary"
        },
        {
          "si": 4,
          "sti": 1,
          "dti": 43,
          "sco": 4,
          "dco": 214,
          "txt": "'"
        },
        {
          "si": 4,
          "sti": 2,
          "dti": 44,
          "sco": 5,
          "dco": 215,
          "txt": "s"
        },
        {
          "si": 4,
          "sti": 3,
          "dti": 45,
          "sco": 6,
          "dco": 216,
          "txt": ","
        },
        {
          "si": 4,
          "sti": 4,
          "dti": 46,
          "sco": 8,
          "dco": 218,
          "txt": "Southport"
        },
        {
          "si": 4,
          "sti": 5,
          "dti": 47,
          "sco": 17,
          "dco": 227,
          "txt": ","
        },
        {
          "si": 4,
          "sti": 6,
          "dti": 48,
          "sco": 19,
          "dco": 229,
          "txt": "York"
        },
        {
          "si": 4,
          "sti": 7,
          "dti": 49,
          "sco": 24,
          "dco": 234,
          "txt": "City"
        },
        {
          "si": 4,
          "sti": 8,
          "dti": 50,
          "sco": 29,
          "dco": 239,
          "txt": "and"
        },
        {
          "si": 4,
          "sti": 9,
          "dti": 51,
          "sco": 33,
          "dco": 243,
          "txt": "Wigan"
        },
        {
          "si": 4,
          "sti": 10,
          "dti": 52,
          "sco": 39,
          "dco": 249,
          "txt": "Athletic"
        },
        {
          "si": 4,
          "sti": 11,
          "dti": 53,
          "sco": 47,
          "dco": 257,
          "txt": "."
        },
        {
          "si": 5,
          "sti": 0,
          "dti": 54,
          "sco": 0,
          "dco": 259,
          "txt": "He"
        },
        {
          "si": 5,
          "sti": 1,
          "dti": 55,
          "sco": 3,
          "dco": 262,
          "txt": "played"
        },
        {
          "si": 5,
          "sti": 2,
          "dti": 56,
          "sco": 10,
          "dco": 269,
          "txt": "98"
        },
        {
          "si": 5,
          "sti": 3,
          "dti": 57,
          "sco": 13,
          "dco": 272,
          "txt": "times"
        },
        {
          "si": 5,
          "sti": 4,
          "dti": 58,
          "sco": 19,
          "dco": 278,
          "txt": "for"
        },
        {
          "si": 5,
          "sti": 5,
          "dti": 59,
          "sco": 23,
          "dco": 282,
          "txt": "the"
        },
        {
          "si": 5,
          "sti": 6,
          "dti": 60,
          "sco": 27,
          "dco": 286,
          "txt": "Latics"
        },
        {
          "si": 5,
          "sti": 7,
          "dti": 61,
          "sco": 34,
          "dco": 293,
          "txt": "in"
        },
        {
          "si": 5,
          "sti": 8,
          "dti": 62,
          "sco": 37,
          "dco": 296,
          "txt": "the"
        },
        {
          "si": 5,
          "sti": 9,
          "dti": 63,
          "sco": 41,
          "dco": 300,
          "txt": "Lancashire"
        },
        {
          "si": 5,
          "sti": 10,
          "dti": 64,
          "sco": 52,
          "dco": 311,
          "txt": "Combination"
        },
        {
          "si": 5,
          "sti": 11,
          "dti": 65,
          "sco": 63,
          "dco": 322,
          "txt": ","
        },
        {
          "si": 5,
          "sti": 12,
          "dti": 66,
          "sco": 65,
          "dco": 324,
          "txt": "scoring"
        },
        {
          "si": 5,
          "sti": 13,
          "dti": 67,
          "sco": 73,
          "dco": 332,
          "txt": "36"
        },
        {
          "si": 5,
          "sti": 14,
          "dti": 68,
          "sco": 76,
          "dco": 335,
          "txt": "goals"
        },
        {
          "si": 5,
          "sti": 15,
          "dti": 69,
          "sco": 81,
          "dco": 340,
          "txt": ","
        },
        {
          "si": 5,
          "sti": 16,
          "dti": 70,
          "sco": 83,
          "dco": 342,
          "txt": "and"
        },
        {
          "si": 5,
          "sti": 17,
          "dti": 71,
          "sco": 87,
          "dco": 346,
          "txt": "scored"
        },
        {
          "si": 5,
          "sti": 18,
          "dti": 72,
          "sco": 94,
          "dco": 353,
          "txt": "a"
        },
        {
          "si": 5,
          "sti": 19,
          "dti": 73,
          "sco": 96,
          "dco": 355,
          "txt": "further"
        },
        {
          "si": 5,
          "sti": 20,
          "dti": 74,
          "sco": 104,
          "dco": 363,
          "txt": "three"
        },
        {
          "si": 5,
          "sti": 21,
          "dti": 75,
          "sco": 110,
          "dco": 369,
          "txt": "goals"
        },
        {
          "si": 5,
          "sti": 22,
          "dti": 76,
          "sco": 116,
          "dco": 375,
          "txt": "in"
        },
        {
          "si": 5,
          "sti": 23,
          "dti": 77,
          "sco": 119,
          "dco": 378,
          "txt": "37"
        },
        {
          "si": 5,
          "sti": 24,
          "dti": 78,
          "sco": 122,
          "dco": 381,
          "txt": "appearances"
        },
        {
          "si": 5,
          "sti": 25,
          "dti": 79,
          "sco": 134,
          "dco": 393,
          "txt": "in"
        },
        {
          "si": 5,
          "sti": 26,
          "dti": 80,
          "sco": 137,
          "dco": 396,
          "txt": "the"
        },
        {
          "si": 5,
          "sti": 27,
          "dti": 81,
          "sco": 141,
          "dco": 400,
          "txt": "Cheshire"
        },
        {
          "si": 5,
          "sti": 28,
          "dti": 82,
          "sco": 150,
          "dco": 409,
          "txt": "League"
        },
        {
          "si": 5,
          "sti": 29,
          "dti": 83,
          "sco": 157,
          "dco": 416,
          "txt": "during"
        },
        {
          "si": 5,
          "sti": 30,
          "dti": 84,
          "sco": 164,
          "dco": 423,
          "txt": "his"
        },
        {
          "si": 5,
          "sti": 31,
          "dti": 85,
          "sco": 168,
          "dco": 427,
          "txt": "final"
        },
        {
          "si": 5,
          "sti": 32,
          "dti": 86,
          "sco": 174,
          "dco": 433,
          "txt": "season"
        },
        {
          "si": 5,
          "sti": 33,
          "dti": 87,
          "sco": 181,
          "dco": 440,
          "txt": "at"
        },
        {
          "si": 5,
          "sti": 34,
          "dti": 88,
          "sco": 184,
          "dco": 443,
          "txt": "the"
        },
        {
          "si": 5,
          "sti": 35,
          "dti": 89,
          "sco": 188,
          "dco": 447,
          "txt": "club"
        },
        {
          "si": 5,
          "sti": 36,
          "dti": 90,
          "sco": 192,
          "dco": 451,
          "txt": "."
        }
      ]
    },
    "ganns": {
      "dla": [],
      "la": [],
      "ea": [],
      "eta": [
        {
          "ra": {
            "ea": {
              "etn": "Jimmy_Prescott"
            }
          },
          "sfs": [
            [
              {
                "stn": "birthYear"
              },
              {
                "dla": {
                  "txt": {
                    "sff": "1930"
                  },
                  "et": {
                    "etn": "BirthYear"
                  },
                  "dp": {
                    "off": 51
                  }
                }
              }
            ],
            [
              {
                "stn": "deathYear"
              },
              {}
            ]
          ],
          "mfs": [
            [
              {
                "stn": "position"
              },
              {
                "dla": [],
                "la": [],
                "ea": [
                  {
                    "etn": "Inside_forward"
                  }
                ],
                "eta": []
              }
            ],
            [
              {
                "stn": "team"
              },
              {
                "dla": [],
                "la": [],
                "ea": [
                  {
                    "etn": "Southport_F.C."
                  },
                  {
                    "etn": "York_City_F.C."
                  },
                  {
                    "etn": "Wigan_Athletic_F.C."
                  }
                ],
                "eta": []
              }
            ],
            [
              {
                "stn": "birthPlace"
              },
              {
                "dla": [],
                "la": [],
                "ea": [
                  {
                    "etn": "England"
                  },
                  {
                    "etn": "Lowton"
                  }
                ],
                "eta": []
              }
            ]
          ]
        }
      ]
    }
  }
]
