[
  {
    "context": "TRAIN",
    "doc": {
      "id": "Allen_County_Courthouse_(Indiana)",
      "tl": [
        {
          "si": 0,
          "sti": 0,
          "dti": 0,
          "sco": 0,
          "dco": 0,
          "txt": "Allen"
        },
        {
          "si": 0,
          "sti": 1,
          "dti": 1,
          "sco": 6,
          "dco": 6,
          "txt": "County"
        },
        {
          "si": 0,
          "sti": 2,
          "dti": 2,
          "sco": 13,
          "dco": 13,
          "txt": "Courthouse"
        },
        {
          "si": 0,
          "sti": 3,
          "dti": 3,
          "sco": 24,
          "dco": 24,
          "txt": "("
        },
        {
          "si": 0,
          "sti": 4,
          "dti": 4,
          "sco": 25,
          "dco": 25,
          "txt": "Indiana"
        },
        {
          "si": 0,
          "sti": 5,
          "dti": 5,
          "sco": 32,
          "dco": 32,
          "txt": ")"
        },
        {
          "si": 0,
          "sti": 6,
          "dti": 6,
          "sco": 33,
          "dco": 33,
          "txt": "."
        },
        {
          "si": 1,
          "sti": 0,
          "dti": 7,
          "sco": 0,
          "dco": 35,
          "txt": "The"
        },
        {
          "si": 1,
          "sti": 1,
          "dti": 8,
          "sco": 4,
          "dco": 39,
          "txt": "Allen"
        },
        {
          "si": 1,
          "sti": 2,
          "dti": 9,
          "sco": 10,
          "dco": 45,
          "txt": "County"
        },
        {
          "si": 1,
          "sti": 3,
          "dti": 10,
          "sco": 17,
          "dco": 52,
          "txt": "Courthouse"
        },
        {
          "si": 1,
          "sti": 4,
          "dti": 11,
          "sco": 28,
          "dco": 63,
          "txt": "in"
        },
        {
          "si": 1,
          "sti": 5,
          "dti": 12,
          "sco": 31,
          "dco": 66,
          "txt": "Fort"
        },
        {
          "si": 1,
          "sti": 6,
          "dti": 13,
          "sco": 36,
          "dco": 71,
          "txt": "Wayne"
        },
        {
          "si": 1,
          "sti": 7,
          "dti": 14,
          "sco": 41,
          "dco": 76,
          "txt": ","
        },
        {
          "si": 1,
          "sti": 8,
          "dti": 15,
          "sco": 43,
          "dco": 78,
          "txt": "Indiana"
        },
        {
          "si": 1,
          "sti": 9,
          "dti": 16,
          "sco": 51,
          "dco": 86,
          "txt": "is"
        },
        {
          "si": 1,
          "sti": 10,
          "dti": 17,
          "sco": 54,
          "dco": 89,
          "txt": "one"
        },
        {
          "si": 1,
          "sti": 11,
          "dti": 18,
          "sco": 58,
          "dco": 93,
          "txt": "of"
        },
        {
          "si": 1,
          "sti": 12,
          "dti": 19,
          "sco": 61,
          "dco": 96,
          "txt": "37"
        },
        {
          "si": 1,
          "sti": 13,
          "dti": 20,
          "sco": 64,
          "dco": 99,
          "txt": "United"
        },
        {
          "si": 1,
          "sti": 14,
          "dti": 21,
          "sco": 71,
          "dco": 106,
          "txt": "States"
        },
        {
          "si": 1,
          "sti": 15,
          "dti": 22,
          "sco": 78,
          "dco": 113,
          "txt": "National"
        },
        {
          "si": 1,
          "sti": 16,
          "dti": 23,
          "sco": 87,
          "dco": 122,
          "txt": "Historic"
        },
        {
          "si": 1,
          "sti": 17,
          "dti": 24,
          "sco": 96,
          "dco": 131,
          "txt": "Landmarks"
        },
        {
          "si": 1,
          "sti": 18,
          "dti": 25,
          "sco": 106,
          "dco": 141,
          "txt": "in"
        },
        {
          "si": 1,
          "sti": 19,
          "dti": 26,
          "sco": 109,
          "dco": 144,
          "txt": "the"
        },
        {
          "si": 1,
          "sti": 20,
          "dti": 27,
          "sco": 113,
          "dco": 148,
          "txt": "state"
        },
        {
          "si": 1,
          "sti": 21,
          "dti": 28,
          "sco": 119,
          "dco": 154,
          "txt": "of"
        },
        {
          "si": 1,
          "sti": 22,
          "dti": 29,
          "sco": 122,
          "dco": 157,
          "txt": "Indiana"
        },
        {
          "si": 1,
          "sti": 23,
          "dti": 30,
          "sco": 129,
          "dco": 164,
          "txt": "."
        },
        {
          "si": 2,
          "sti": 0,
          "dti": 31,
          "sco": 0,
          "dco": 166,
          "txt": "It"
        },
        {
          "si": 2,
          "sti": 1,
          "dti": 32,
          "sco": 3,
          "dco": 169,
          "txt": "was"
        },
        {
          "si": 2,
          "sti": 2,
          "dti": 33,
          "sco": 7,
          "dco": 173,
          "txt": "listed"
        },
        {
          "si": 2,
          "sti": 3,
          "dti": 34,
          "sco": 14,
          "dco": 180,
          "txt": "on"
        },
        {
          "si": 2,
          "sti": 4,
          "dti": 35,
          "sco": 17,
          "dco": 183,
          "txt": "the"
        },
        {
          "si": 2,
          "sti": 5,
          "dti": 36,
          "sco": 21,
          "dco": 187,
          "txt": "National"
        },
        {
          "si": 2,
          "sti": 6,
          "dti": 37,
          "sco": 30,
          "dco": 196,
          "txt": "Register"
        },
        {
          "si": 2,
          "sti": 7,
          "dti": 38,
          "sco": 39,
          "dco": 205,
          "txt": "of"
        },
        {
          "si": 2,
          "sti": 8,
          "dti": 39,
          "sco": 42,
          "dco": 208,
          "txt": "Historic"
        },
        {
          "si": 2,
          "sti": 9,
          "dti": 40,
          "sco": 51,
          "dco": 217,
          "txt": "Places"
        },
        {
          "si": 2,
          "sti": 10,
          "dti": 41,
          "sco": 58,
          "dco": 224,
          "txt": "in"
        },
        {
          "si": 2,
          "sti": 11,
          "dti": 42,
          "sco": 61,
          "dco": 227,
          "txt": "1976"
        },
        {
          "si": 2,
          "sti": 12,
          "dti": 43,
          "sco": 66,
          "dco": 232,
          "txt": "and"
        },
        {
          "si": 2,
          "sti": 13,
          "dti": 44,
          "sco": 70,
          "dco": 236,
          "txt": "was"
        },
        {
          "si": 2,
          "sti": 14,
          "dti": 45,
          "sco": 74,
          "dco": 240,
          "txt": "designated"
        },
        {
          "si": 2,
          "sti": 15,
          "dti": 46,
          "sco": 85,
          "dco": 251,
          "txt": "a"
        },
        {
          "si": 2,
          "sti": 16,
          "dti": 47,
          "sco": 87,
          "dco": 253,
          "txt": "National"
        },
        {
          "si": 2,
          "sti": 17,
          "dti": 48,
          "sco": 96,
          "dco": 262,
          "txt": "Historic"
        },
        {
          "si": 2,
          "sti": 18,
          "dti": 49,
          "sco": 105,
          "dco": 271,
          "txt": "Landmark"
        },
        {
          "si": 2,
          "sti": 19,
          "dti": 50,
          "sco": 114,
          "dco": 280,
          "txt": "in"
        },
        {
          "si": 2,
          "sti": 20,
          "dti": 51,
          "sco": 117,
          "dco": 283,
          "txt": "2003"
        },
        {
          "si": 2,
          "sti": 21,
          "dti": 52,
          "sco": 121,
          "dco": 287,
          "txt": "."
        },
        {
          "si": 3,
          "sti": 0,
          "dti": 53,
          "sco": 0,
          "dco": 289,
          "txt": "History"
        },
        {
          "si": 3,
          "sti": 1,
          "dti": 54,
          "sco": 7,
          "dco": 296,
          "txt": "."
        },
        {
          "si": 4,
          "sti": 0,
          "dti": 55,
          "sco": 0,
          "dco": 298,
          "txt": "Designed"
        },
        {
          "si": 4,
          "sti": 1,
          "dti": 56,
          "sco": 9,
          "dco": 307,
          "txt": "by"
        },
        {
          "si": 4,
          "sti": 2,
          "dti": 57,
          "sco": 12,
          "dco": 310,
          "txt": "Brentwood"
        },
        {
          "si": 4,
          "sti": 3,
          "dti": 58,
          "sco": 22,
          "dco": 320,
          "txt": "S"
        },
        {
          "si": 4,
          "sti": 4,
          "dti": 59,
          "sco": 23,
          "dco": 321,
          "txt": "."
        },
        {
          "si": 5,
          "sti": 0,
          "dti": 60,
          "sco": 0,
          "dco": 323,
          "txt": "Tolan"
        },
        {
          "si": 5,
          "sti": 1,
          "dti": 61,
          "sco": 5,
          "dco": 328,
          "txt": ","
        },
        {
          "si": 5,
          "sti": 2,
          "dti": 62,
          "sco": 7,
          "dco": 330,
          "txt": "construction"
        },
        {
          "si": 5,
          "sti": 3,
          "dti": 63,
          "sco": 20,
          "dco": 343,
          "txt": "began"
        },
        {
          "si": 5,
          "sti": 4,
          "dti": 64,
          "sco": 26,
          "dco": 349,
          "txt": "in"
        },
        {
          "si": 5,
          "sti": 5,
          "dti": 65,
          "sco": 29,
          "dco": 352,
          "txt": "1897"
        },
        {
          "si": 5,
          "sti": 6,
          "dti": 66,
          "sco": 33,
          "dco": 356,
          "txt": ","
        },
        {
          "si": 5,
          "sti": 7,
          "dti": 67,
          "sco": 35,
          "dco": 358,
          "txt": "the"
        },
        {
          "si": 5,
          "sti": 8,
          "dti": 68,
          "sco": 39,
          "dco": 362,
          "txt": "cornerstone"
        },
        {
          "si": 5,
          "sti": 9,
          "dti": 69,
          "sco": 51,
          "dco": 374,
          "txt": "was"
        },
        {
          "si": 5,
          "sti": 10,
          "dti": 70,
          "sco": 55,
          "dco": 378,
          "txt": "laid"
        },
        {
          "si": 5,
          "sti": 11,
          "dti": 71,
          "sco": 60,
          "dco": 383,
          "txt": "November"
        },
        {
          "si": 5,
          "sti": 12,
          "dti": 72,
          "sco": 69,
          "dco": 392,
          "txt": "17"
        },
        {
          "si": 5,
          "sti": 13,
          "dti": 73,
          "sco": 71,
          "dco": 394,
          "txt": ","
        },
        {
          "si": 5,
          "sti": 14,
          "dti": 74,
          "sco": 73,
          "dco": 396,
          "txt": "1897"
        },
        {
          "si": 5,
          "sti": 15,
          "dti": 75,
          "sco": 77,
          "dco": 400,
          "txt": "."
        },
        {
          "si": 6,
          "sti": 0,
          "dti": 76,
          "sco": 0,
          "dco": 402,
          "txt": "The"
        },
        {
          "si": 6,
          "sti": 1,
          "dti": 77,
          "sco": 4,
          "dco": 406,
          "txt": "building"
        },
        {
          "si": 6,
          "sti": 2,
          "dti": 78,
          "sco": 13,
          "dco": 415,
          "txt": "was"
        },
        {
          "si": 6,
          "sti": 3,
          "dti": 79,
          "sco": 17,
          "dco": 419,
          "txt": "dedicated"
        },
        {
          "si": 6,
          "sti": 4,
          "dti": 80,
          "sco": 27,
          "dco": 429,
          "txt": "September"
        },
        {
          "si": 6,
          "sti": 5,
          "dti": 81,
          "sco": 37,
          "dco": 439,
          "txt": "23"
        },
        {
          "si": 6,
          "sti": 6,
          "dti": 82,
          "sco": 39,
          "dco": 441,
          "txt": ","
        },
        {
          "si": 6,
          "sti": 7,
          "dti": 83,
          "sco": 41,
          "dco": 443,
          "txt": "1902"
        },
        {
          "si": 6,
          "sti": 8,
          "dti": 84,
          "sco": 45,
          "dco": 447,
          "txt": ","
        },
        {
          "si": 6,
          "sti": 9,
          "dti": 85,
          "sco": 47,
          "dco": 449,
          "txt": "with"
        },
        {
          "si": 6,
          "sti": 10,
          "dti": 86,
          "sco": 52,
          "dco": 454,
          "txt": "a"
        },
        {
          "si": 6,
          "sti": 11,
          "dti": 87,
          "sco": 54,
          "dco": 456,
          "txt": "final"
        },
        {
          "si": 6,
          "sti": 12,
          "dti": 88,
          "sco": 60,
          "dco": 462,
          "txt": "cost"
        },
        {
          "si": 6,
          "sti": 13,
          "dti": 89,
          "sco": 65,
          "dco": 467,
          "txt": "of"
        },
        {
          "si": 6,
          "sti": 14,
          "dti": 90,
          "sco": 68,
          "dco": 470,
          "txt": "$"
        },
        {
          "si": 6,
          "sti": 15,
          "dti": 91,
          "sco": 69,
          "dco": 471,
          "txt": "817"
        },
        {
          "si": 6,
          "sti": 16,
          "dti": 92,
          "sco": 72,
          "dco": 474,
          "txt": ","
        },
        {
          "si": 6,
          "sti": 17,
          "dti": 93,
          "sco": 73,
          "dco": 475,
          "txt": "553"
        },
        {
          "si": 6,
          "sti": 18,
          "dti": 94,
          "sco": 76,
          "dco": 478,
          "txt": "."
        },
        {
          "si": 6,
          "sti": 19,
          "dti": 95,
          "sco": 77,
          "dco": 479,
          "txt": "59"
        },
        {
          "si": 6,
          "sti": 20,
          "dti": 96,
          "sco": 79,
          "dco": 481,
          "txt": "."
        },
        {
          "si": 7,
          "sti": 0,
          "dti": 97,
          "sco": 0,
          "dco": 483,
          "txt": "On"
        },
        {
          "si": 7,
          "sti": 1,
          "dti": 98,
          "sco": 3,
          "dco": 486,
          "txt": "September"
        },
        {
          "si": 7,
          "sti": 2,
          "dti": 99,
          "sco": 13,
          "dco": 496,
          "txt": "23"
        },
        {
          "si": 7,
          "sti": 3,
          "dti": 100,
          "sco": 15,
          "dco": 498,
          "txt": ","
        },
        {
          "si": 7,
          "sti": 4,
          "dti": 101,
          "sco": 17,
          "dco": 500,
          "txt": "2002"
        },
        {
          "si": 7,
          "sti": 5,
          "dti": 102,
          "sco": 21,
          "dco": 504,
          "txt": ","
        },
        {
          "si": 7,
          "sti": 6,
          "dti": 103,
          "sco": 23,
          "dco": 506,
          "txt": "the"
        },
        {
          "si": 7,
          "sti": 7,
          "dti": 104,
          "sco": 27,
          "dco": 510,
          "txt": "building"
        },
        {
          "si": 7,
          "sti": 8,
          "dti": 105,
          "sco": 36,
          "dco": 519,
          "txt": "was"
        },
        {
          "si": 7,
          "sti": 9,
          "dti": 106,
          "sco": 40,
          "dco": 523,
          "txt": "re"
        },
        {
          "si": 7,
          "sti": 10,
          "dti": 107,
          "sco": 42,
          "dco": 525,
          "txt": "-"
        },
        {
          "si": 7,
          "sti": 11,
          "dti": 108,
          "sco": 43,
          "dco": 526,
          "txt": "dedicated"
        },
        {
          "si": 7,
          "sti": 12,
          "dti": 109,
          "sco": 53,
          "dco": 536,
          "txt": "on"
        },
        {
          "si": 7,
          "sti": 13,
          "dti": 110,
          "sco": 56,
          "dco": 539,
          "txt": "its"
        },
        {
          "si": 7,
          "sti": 14,
          "dti": 111,
          "sco": 60,
          "dco": 543,
          "txt": "centennial"
        },
        {
          "si": 7,
          "sti": 15,
          "dti": 112,
          "sco": 71,
          "dco": 554,
          "txt": "after"
        },
        {
          "si": 7,
          "sti": 16,
          "dti": 113,
          "sco": 77,
          "dco": 560,
          "txt": "a"
        },
        {
          "si": 7,
          "sti": 17,
          "dti": 114,
          "sco": 79,
          "dco": 562,
          "txt": "seven"
        },
        {
          "si": 7,
          "sti": 18,
          "dti": 115,
          "sco": 84,
          "dco": 567,
          "txt": "-"
        },
        {
          "si": 7,
          "sti": 19,
          "dti": 116,
          "sco": 85,
          "dco": 568,
          "txt": "year"
        },
        {
          "si": 7,
          "sti": 20,
          "dti": 117,
          "sco": 90,
          "dco": 573,
          "txt": "restoration"
        },
        {
          "si": 7,
          "sti": 21,
          "dti": 118,
          "sco": 102,
          "dco": 585,
          "txt": "effort"
        },
        {
          "si": 7,
          "sti": 22,
          "dti": 119,
          "sco": 108,
          "dco": 591,
          "txt": ","
        },
        {
          "si": 7,
          "sti": 23,
          "dti": 120,
          "sco": 110,
          "dco": 593,
          "txt": "which"
        },
        {
          "si": 7,
          "sti": 24,
          "dti": 121,
          "sco": 116,
          "dco": 599,
          "txt": "cost"
        },
        {
          "si": 7,
          "sti": 25,
          "dti": 122,
          "sco": 121,
          "dco": 604,
          "txt": "$"
        },
        {
          "si": 7,
          "sti": 26,
          "dti": 123,
          "sco": 122,
          "dco": 605,
          "txt": "8"
        },
        {
          "si": 7,
          "sti": 27,
          "dti": 124,
          "sco": 123,
          "dco": 606,
          "txt": "."
        },
        {
          "si": 7,
          "sti": 28,
          "dti": 125,
          "sco": 124,
          "dco": 607,
          "txt": "6"
        },
        {
          "si": 7,
          "sti": 29,
          "dti": 126,
          "sco": 126,
          "dco": 609,
          "txt": "million"
        },
        {
          "si": 7,
          "sti": 30,
          "dti": 127,
          "sco": 133,
          "dco": 616,
          "txt": "."
        },
        {
          "si": 8,
          "sti": 0,
          "dti": 128,
          "sco": 0,
          "dco": 618,
          "txt": "Architectural"
        },
        {
          "si": 8,
          "sti": 1,
          "dti": 129,
          "sco": 14,
          "dco": 632,
          "txt": "details"
        },
        {
          "si": 8,
          "sti": 2,
          "dti": 130,
          "sco": 21,
          "dco": 639,
          "txt": "."
        },
        {
          "si": 9,
          "sti": 0,
          "dti": 131,
          "sco": 0,
          "dco": 641,
          "txt": "The"
        },
        {
          "si": 9,
          "sti": 1,
          "dti": 132,
          "sco": 4,
          "dco": 645,
          "txt": "Beaux"
        },
        {
          "si": 9,
          "sti": 2,
          "dti": 133,
          "sco": 9,
          "dco": 650,
          "txt": "-"
        },
        {
          "si": 9,
          "sti": 3,
          "dti": 134,
          "sco": 10,
          "dco": 651,
          "txt": "Arts"
        },
        {
          "si": 9,
          "sti": 4,
          "dti": 135,
          "sco": 15,
          "dco": 656,
          "txt": "architecture"
        },
        {
          "si": 9,
          "sti": 5,
          "dti": 136,
          "sco": 27,
          "dco": 668,
          "txt": "-"
        },
        {
          "si": 9,
          "sti": 6,
          "dti": 137,
          "sco": 28,
          "dco": 669,
          "txt": "style"
        },
        {
          "si": 9,
          "sti": 7,
          "dti": 138,
          "sco": 34,
          "dco": 675,
          "txt": "structure"
        },
        {
          "si": 9,
          "sti": 8,
          "dti": 139,
          "sco": 44,
          "dco": 685,
          "txt": "includes"
        },
        {
          "si": 9,
          "sti": 9,
          "dti": 140,
          "sco": 53,
          "dco": 694,
          "txt": "such"
        },
        {
          "si": 9,
          "sti": 10,
          "dti": 141,
          "sco": 58,
          "dco": 699,
          "txt": "features"
        },
        {
          "si": 9,
          "sti": 11,
          "dti": 142,
          "sco": 67,
          "dco": 708,
          "txt": "as"
        },
        {
          "si": 9,
          "sti": 12,
          "dti": 143,
          "sco": 70,
          "dco": 711,
          "txt": "four"
        },
        {
          "si": 9,
          "sti": 13,
          "dti": 144,
          "sco": 75,
          "dco": 716,
          "txt": "25"
        },
        {
          "si": 9,
          "sti": 14,
          "dti": 145,
          "sco": 78,
          "dco": 719,
          "txt": "by"
        },
        {
          "si": 9,
          "sti": 15,
          "dti": 146,
          "sco": 81,
          "dco": 722,
          "txt": "murals"
        },
        {
          "si": 9,
          "sti": 16,
          "dti": 147,
          "sco": 88,
          "dco": 729,
          "txt": "by"
        },
        {
          "si": 9,
          "sti": 17,
          "dti": 148,
          "sco": 91,
          "dco": 732,
          "txt": "Charles"
        },
        {
          "si": 9,
          "sti": 18,
          "dti": 149,
          "sco": 99,
          "dco": 740,
          "txt": "Holloway"
        },
        {
          "si": 9,
          "sti": 19,
          "dti": 150,
          "sco": 107,
          "dco": 748,
          "txt": ","
        },
        {
          "si": 9,
          "sti": 20,
          "dti": 151,
          "sco": 109,
          "dco": 750,
          "txt": "twenty"
        },
        {
          "si": 9,
          "sti": 21,
          "dti": 152,
          "sco": 115,
          "dco": 756,
          "txt": "-"
        },
        {
          "si": 9,
          "sti": 22,
          "dti": 153,
          "sco": 116,
          "dco": 757,
          "txt": "eight"
        },
        {
          "si": 9,
          "sti": 23,
          "dti": 154,
          "sco": 122,
          "dco": 763,
          "txt": "different"
        },
        {
          "si": 9,
          "sti": 24,
          "dti": 155,
          "sco": 132,
          "dco": 773,
          "txt": "kinds"
        },
        {
          "si": 9,
          "sti": 25,
          "dti": 156,
          "sco": 138,
          "dco": 779,
          "txt": "of"
        },
        {
          "si": 9,
          "sti": 26,
          "dti": 157,
          "sco": 141,
          "dco": 782,
          "txt": "scagiola"
        },
        {
          "si": 9,
          "sti": 27,
          "dti": 158,
          "sco": 150,
          "dco": 791,
          "txt": "covering"
        },
        {
          "si": 9,
          "sti": 28,
          "dti": 159,
          "sco": 158,
          "dco": 799,
          "txt": ","
        },
        {
          "si": 9,
          "sti": 29,
          "dti": 160,
          "sco": 160,
          "dco": 801,
          "txt": "bas"
        },
        {
          "si": 9,
          "sti": 30,
          "dti": 161,
          "sco": 163,
          "dco": 804,
          "txt": "-"
        },
        {
          "si": 9,
          "sti": 31,
          "dti": 162,
          "sco": 164,
          "dco": 805,
          "txt": "reliefs"
        },
        {
          "si": 9,
          "sti": 32,
          "dti": 163,
          "sco": 172,
          "dco": 813,
          "txt": "and"
        },
        {
          "si": 9,
          "sti": 33,
          "dti": 164,
          "sco": 176,
          "dco": 817,
          "txt": "art"
        },
        {
          "si": 9,
          "sti": 34,
          "dti": 165,
          "sco": 180,
          "dco": 821,
          "txt": "glass"
        },
        {
          "si": 9,
          "sti": 35,
          "dti": 166,
          "sco": 185,
          "dco": 826,
          "txt": "."
        },
        {
          "si": 10,
          "sti": 0,
          "dti": 167,
          "sco": 0,
          "dco": 828,
          "txt": "Each"
        },
        {
          "si": 10,
          "sti": 1,
          "dti": 168,
          "sco": 5,
          "dco": 833,
          "txt": "of"
        },
        {
          "si": 10,
          "sti": 2,
          "dti": 169,
          "sco": 8,
          "dco": 836,
          "txt": "the"
        },
        {
          "si": 10,
          "sti": 3,
          "dti": 170,
          "sco": 12,
          "dco": 840,
          "txt": "five"
        },
        {
          "si": 10,
          "sti": 4,
          "dti": 171,
          "sco": 17,
          "dco": 845,
          "txt": "court"
        },
        {
          "si": 10,
          "sti": 5,
          "dti": 172,
          "sco": 23,
          "dco": 851,
          "txt": "rooms"
        },
        {
          "si": 10,
          "sti": 6,
          "dti": 173,
          "sco": 29,
          "dco": 857,
          "txt": "has"
        },
        {
          "si": 10,
          "sti": 7,
          "dti": 174,
          "sco": 33,
          "dco": 861,
          "txt": "its"
        },
        {
          "si": 10,
          "sti": 8,
          "dti": 175,
          "sco": 37,
          "dco": 865,
          "txt": "own"
        },
        {
          "si": 10,
          "sti": 9,
          "dti": 176,
          "sco": 41,
          "dco": 869,
          "txt": "color"
        },
        {
          "si": 10,
          "sti": 10,
          "dti": 177,
          "sco": 47,
          "dco": 875,
          "txt": "scheme"
        },
        {
          "si": 10,
          "sti": 11,
          "dti": 178,
          "sco": 53,
          "dco": 881,
          "txt": "."
        },
        {
          "si": 11,
          "sti": 0,
          "dti": 179,
          "sco": 0,
          "dco": 883,
          "txt": "Atop"
        },
        {
          "si": 11,
          "sti": 1,
          "dti": 180,
          "sco": 5,
          "dco": 888,
          "txt": "the"
        },
        {
          "si": 11,
          "sti": 2,
          "dti": 181,
          "sco": 9,
          "dco": 892,
          "txt": "building"
        },
        {
          "si": 11,
          "sti": 3,
          "dti": 182,
          "sco": 18,
          "dco": 901,
          "txt": "is"
        },
        {
          "si": 11,
          "sti": 4,
          "dti": 183,
          "sco": 21,
          "dco": 904,
          "txt": "a"
        },
        {
          "si": 11,
          "sti": 5,
          "dti": 184,
          "sco": 23,
          "dco": 906,
          "txt": "-"
        },
        {
          "si": 11,
          "sti": 6,
          "dti": 185,
          "sco": 24,
          "dco": 907,
          "txt": "high"
        },
        {
          "si": 11,
          "sti": 7,
          "dti": 186,
          "sco": 29,
          "dco": 912,
          "txt": "copper"
        },
        {
          "si": 11,
          "sti": 8,
          "dti": 187,
          "sco": 35,
          "dco": 918,
          "txt": "-"
        },
        {
          "si": 11,
          "sti": 9,
          "dti": 188,
          "sco": 36,
          "dco": 919,
          "txt": "clad"
        },
        {
          "si": 11,
          "sti": 10,
          "dti": 189,
          "sco": 41,
          "dco": 924,
          "txt": "domed"
        },
        {
          "si": 11,
          "sti": 11,
          "dti": 190,
          "sco": 47,
          "dco": 930,
          "txt": "rotunda"
        },
        {
          "si": 11,
          "sti": 12,
          "dti": 191,
          "sco": 54,
          "dco": 937,
          "txt": ","
        },
        {
          "si": 11,
          "sti": 13,
          "dti": 192,
          "sco": 56,
          "dco": 939,
          "txt": "itself"
        },
        {
          "si": 11,
          "sti": 14,
          "dti": 193,
          "sco": 63,
          "dco": 946,
          "txt": "topped"
        },
        {
          "si": 11,
          "sti": 15,
          "dti": 194,
          "sco": 70,
          "dco": 953,
          "txt": "by"
        },
        {
          "si": 11,
          "sti": 16,
          "dti": 195,
          "sco": 73,
          "dco": 956,
          "txt": "a"
        },
        {
          "si": 11,
          "sti": 17,
          "dti": 196,
          "sco": 75,
          "dco": 958,
          "txt": "statue"
        },
        {
          "si": 11,
          "sti": 18,
          "dti": 197,
          "sco": 82,
          "dco": 965,
          "txt": "wind"
        },
        {
          "si": 11,
          "sti": 19,
          "dti": 198,
          "sco": 87,
          "dco": 970,
          "txt": "vane"
        },
        {
          "si": 11,
          "sti": 20,
          "dti": 199,
          "sco": 92,
          "dco": 975,
          "txt": "of"
        },
        {
          "si": 11,
          "sti": 21,
          "dti": 200,
          "sco": 95,
          "dco": 978,
          "txt": "Lady"
        },
        {
          "si": 11,
          "sti": 22,
          "dti": 201,
          "sco": 100,
          "dco": 983,
          "txt": "Liberty"
        },
        {
          "si": 11,
          "sti": 23,
          "dti": 202,
          "sco": 107,
          "dco": 990,
          "txt": "."
        },
        {
          "si": 12,
          "sti": 0,
          "dti": 203,
          "sco": 0,
          "dco": 992,
          "txt": "The"
        },
        {
          "si": 12,
          "sti": 1,
          "dti": 204,
          "sco": 4,
          "dco": 996,
          "txt": "larger"
        },
        {
          "si": 12,
          "sti": 2,
          "dti": 205,
          "sco": 11,
          "dco": 1003,
          "txt": "than"
        },
        {
          "si": 12,
          "sti": 3,
          "dti": 206,
          "sco": 16,
          "dco": 1008,
          "txt": "life"
        },
        {
          "si": 12,
          "sti": 4,
          "dti": 207,
          "sco": 21,
          "dco": 1013,
          "txt": "statue"
        },
        {
          "si": 12,
          "sti": 5,
          "dti": 208,
          "sco": 28,
          "dco": 1020,
          "txt": "has"
        },
        {
          "si": 12,
          "sti": 6,
          "dti": 209,
          "sco": 32,
          "dco": 1024,
          "txt": "feet"
        },
        {
          "si": 12,
          "sti": 7,
          "dti": 210,
          "sco": 37,
          "dco": 1029,
          "txt": "that"
        },
        {
          "si": 12,
          "sti": 8,
          "dti": 211,
          "sco": 42,
          "dco": 1034,
          "txt": "would"
        },
        {
          "si": 12,
          "sti": 9,
          "dti": 212,
          "sco": 48,
          "dco": 1040,
          "txt": "wear"
        },
        {
          "si": 12,
          "sti": 10,
          "dti": 213,
          "sco": 53,
          "dco": 1045,
          "txt": "a"
        },
        {
          "si": 12,
          "sti": 11,
          "dti": 214,
          "sco": 55,
          "dco": 1047,
          "txt": "woman"
        },
        {
          "si": 12,
          "sti": 12,
          "dti": 215,
          "sco": 60,
          "dco": 1052,
          "txt": "'"
        },
        {
          "si": 12,
          "sti": 13,
          "dti": 216,
          "sco": 61,
          "dco": 1053,
          "txt": "s"
        },
        {
          "si": 12,
          "sti": 14,
          "dti": 217,
          "sco": 63,
          "dco": 1055,
          "txt": "shoe"
        },
        {
          "si": 12,
          "sti": 15,
          "dti": 218,
          "sco": 68,
          "dco": 1060,
          "txt": "size"
        },
        {
          "si": 12,
          "sti": 16,
          "dti": 219,
          "sco": 73,
          "dco": 1065,
          "txt": "of"
        },
        {
          "si": 12,
          "sti": 17,
          "dti": 220,
          "sco": 76,
          "dco": 1068,
          "txt": "28"
        },
        {
          "si": 12,
          "sti": 18,
          "dti": 221,
          "sco": 78,
          "dco": 1070,
          "txt": "."
        },
        {
          "si": 13,
          "sti": 0,
          "dti": 222,
          "sco": 0,
          "dco": 1072,
          "txt": "The"
        },
        {
          "si": 13,
          "sti": 1,
          "dti": 223,
          "sco": 4,
          "dco": 1076,
          "txt": "building"
        },
        {
          "si": 13,
          "sti": 2,
          "dti": 224,
          "sco": 13,
          "dco": 1085,
          "txt": "materials"
        },
        {
          "si": 13,
          "sti": 3,
          "dti": 225,
          "sco": 23,
          "dco": 1095,
          "txt": "include"
        },
        {
          "si": 13,
          "sti": 4,
          "dti": 226,
          "sco": 31,
          "dco": 1103,
          "txt": "Bedford"
        },
        {
          "si": 13,
          "sti": 5,
          "dti": 227,
          "sco": 39,
          "dco": 1111,
          "txt": "Limestone"
        },
        {
          "si": 13,
          "sti": 6,
          "dti": 228,
          "sco": 49,
          "dco": 1121,
          "txt": "and"
        },
        {
          "si": 13,
          "sti": 7,
          "dti": 229,
          "sco": 53,
          "dco": 1125,
          "txt": "Vermont"
        },
        {
          "si": 13,
          "sti": 8,
          "dti": 230,
          "sco": 61,
          "dco": 1133,
          "txt": "granite"
        },
        {
          "si": 13,
          "sti": 9,
          "dti": 231,
          "sco": 69,
          "dco": 1141,
          "txt": "with"
        },
        {
          "si": 13,
          "sti": 10,
          "dti": 232,
          "sco": 74,
          "dco": 1146,
          "txt": "Italian"
        },
        {
          "si": 13,
          "sti": 11,
          "dti": 233,
          "sco": 82,
          "dco": 1154,
          "txt": "marble"
        },
        {
          "si": 13,
          "sti": 12,
          "dti": 234,
          "sco": 89,
          "dco": 1161,
          "txt": "details"
        },
        {
          "si": 13,
          "sti": 13,
          "dti": 235,
          "sco": 96,
          "dco": 1168,
          "txt": "."
        },
        {
          "si": 14,
          "sti": 0,
          "dti": 236,
          "sco": 0,
          "dco": 1170,
          "txt": "A"
        },
        {
          "si": 14,
          "sti": 1,
          "dti": 237,
          "sco": 2,
          "dco": 1172,
          "txt": "tunnel"
        },
        {
          "si": 14,
          "sti": 2,
          "dti": 238,
          "sco": 9,
          "dco": 1179,
          "txt": "was"
        },
        {
          "si": 14,
          "sti": 3,
          "dti": 239,
          "sco": 13,
          "dco": 1183,
          "txt": "constructed"
        },
        {
          "si": 14,
          "sti": 4,
          "dti": 240,
          "sco": 25,
          "dco": 1195,
          "txt": "to"
        },
        {
          "si": 14,
          "sti": 5,
          "dti": 241,
          "sco": 28,
          "dco": 1198,
          "txt": "connect"
        },
        {
          "si": 14,
          "sti": 6,
          "dti": 242,
          "sco": 36,
          "dco": 1206,
          "txt": "the"
        },
        {
          "si": 14,
          "sti": 7,
          "dti": 243,
          "sco": 40,
          "dco": 1210,
          "txt": "Courthouse"
        },
        {
          "si": 14,
          "sti": 8,
          "dti": 244,
          "sco": 51,
          "dco": 1221,
          "txt": "with"
        },
        {
          "si": 14,
          "sti": 9,
          "dti": 245,
          "sco": 56,
          "dco": 1226,
          "txt": "the"
        },
        {
          "si": 14,
          "sti": 10,
          "dti": 246,
          "sco": 60,
          "dco": 1230,
          "txt": "City"
        },
        {
          "si": 14,
          "sti": 11,
          "dti": 247,
          "sco": 64,
          "dco": 1234,
          "txt": "-"
        },
        {
          "si": 14,
          "sti": 12,
          "dti": 248,
          "sco": 65,
          "dco": 1235,
          "txt": "County"
        },
        {
          "si": 14,
          "sti": 13,
          "dti": 249,
          "sco": 72,
          "dco": 1242,
          "txt": "Building"
        },
        {
          "si": 14,
          "sti": 14,
          "dti": 250,
          "sco": 81,
          "dco": 1251,
          "txt": "located"
        },
        {
          "si": 14,
          "sti": 15,
          "dti": 251,
          "sco": 89,
          "dco": 1259,
          "txt": "across"
        },
        {
          "si": 14,
          "sti": 16,
          "dti": 252,
          "sco": 96,
          "dco": 1266,
          "txt": "the"
        },
        {
          "si": 14,
          "sti": 17,
          "dti": 253,
          "sco": 100,
          "dco": 1270,
          "txt": "street"
        },
        {
          "si": 14,
          "sti": 18,
          "dti": 254,
          "sco": 106,
          "dco": 1276,
          "txt": "."
        },
        {
          "si": 15,
          "sti": 0,
          "dti": 255,
          "sco": 0,
          "dco": 1278,
          "txt": "The"
        },
        {
          "si": 15,
          "sti": 1,
          "dti": 256,
          "sco": 4,
          "dco": 1282,
          "txt": "Courthouse"
        },
        {
          "si": 15,
          "sti": 2,
          "dti": 257,
          "sco": 15,
          "dco": 1293,
          "txt": "also"
        },
        {
          "si": 15,
          "sti": 3,
          "dti": 258,
          "sco": 20,
          "dco": 1298,
          "txt": "houses"
        },
        {
          "si": 15,
          "sti": 4,
          "dti": 259,
          "sco": 27,
          "dco": 1305,
          "txt": "a"
        },
        {
          "si": 15,
          "sti": 5,
          "dti": 260,
          "sco": 29,
          "dco": 1307,
          "txt": "fallout"
        },
        {
          "si": 15,
          "sti": 6,
          "dti": 261,
          "sco": 37,
          "dco": 1315,
          "txt": "shelter"
        },
        {
          "si": 15,
          "sti": 7,
          "dti": 262,
          "sco": 45,
          "dco": 1323,
          "txt": "underground"
        },
        {
          "si": 15,
          "sti": 8,
          "dti": 263,
          "sco": 56,
          "dco": 1334,
          "txt": "."
        },
        {
          "si": 16,
          "sti": 0,
          "dti": 264,
          "sco": 0,
          "dco": 1336,
          "txt": "The"
        },
        {
          "si": 16,
          "sti": 1,
          "dti": 265,
          "sco": 4,
          "dco": 1340,
          "txt": "skylights"
        },
        {
          "si": 16,
          "sti": 2,
          "dti": 266,
          "sco": 14,
          "dco": 1350,
          "txt": "originally"
        },
        {
          "si": 16,
          "sti": 3,
          "dti": 267,
          "sco": 25,
          "dco": 1361,
          "txt": "built"
        },
        {
          "si": 16,
          "sti": 4,
          "dti": 268,
          "sco": 31,
          "dco": 1367,
          "txt": "into"
        },
        {
          "si": 16,
          "sti": 5,
          "dti": 269,
          "sco": 36,
          "dco": 1372,
          "txt": "the"
        },
        {
          "si": 16,
          "sti": 6,
          "dti": 270,
          "sco": 40,
          "dco": 1376,
          "txt": "building"
        },
        {
          "si": 16,
          "sti": 7,
          "dti": 271,
          "sco": 49,
          "dco": 1385,
          "txt": "were"
        },
        {
          "si": 16,
          "sti": 8,
          "dti": 272,
          "sco": 54,
          "dco": 1390,
          "txt": "covered"
        },
        {
          "si": 16,
          "sti": 9,
          "dti": 273,
          "sco": 62,
          "dco": 1398,
          "txt": "during"
        },
        {
          "si": 16,
          "sti": 10,
          "dti": 274,
          "sco": 69,
          "dco": 1405,
          "txt": "World"
        },
        {
          "si": 16,
          "sti": 11,
          "dti": 275,
          "sco": 75,
          "dco": 1411,
          "txt": "War"
        },
        {
          "si": 16,
          "sti": 12,
          "dti": 276,
          "sco": 79,
          "dco": 1415,
          "txt": "II"
        },
        {
          "si": 16,
          "sti": 13,
          "dti": 277,
          "sco": 82,
          "dco": 1418,
          "txt": "and"
        },
        {
          "si": 16,
          "sti": 14,
          "dti": 278,
          "sco": 86,
          "dco": 1422,
          "txt": "replaced"
        },
        {
          "si": 16,
          "sti": 15,
          "dti": 279,
          "sco": 95,
          "dco": 1431,
          "txt": "with"
        },
        {
          "si": 16,
          "sti": 16,
          "dti": 280,
          "sco": 100,
          "dco": 1436,
          "txt": "artificial"
        },
        {
          "si": 16,
          "sti": 17,
          "dti": 281,
          "sco": 111,
          "dco": 1447,
          "txt": "light"
        },
        {
          "si": 16,
          "sti": 18,
          "dti": 282,
          "sco": 116,
          "dco": 1452,
          "txt": "."
        },
        {
          "si": 17,
          "sti": 0,
          "dti": 283,
          "sco": 0,
          "dco": 1454,
          "txt": "The"
        },
        {
          "si": 17,
          "sti": 1,
          "dti": 284,
          "sco": 4,
          "dco": 1458,
          "txt": "2001"
        },
        {
          "si": 17,
          "sti": 2,
          "dti": 285,
          "sco": 9,
          "dco": 1463,
          "txt": "National"
        },
        {
          "si": 17,
          "sti": 3,
          "dti": 286,
          "sco": 18,
          "dco": 1472,
          "txt": "Historic"
        },
        {
          "si": 17,
          "sti": 4,
          "dti": 287,
          "sco": 27,
          "dco": 1481,
          "txt": "Landmark"
        },
        {
          "si": 17,
          "sti": 5,
          "dti": 288,
          "sco": 36,
          "dco": 1490,
          "txt": "Nomination"
        },
        {
          "si": 17,
          "sti": 6,
          "dti": 289,
          "sco": 47,
          "dco": 1501,
          "txt": "says"
        },
        {
          "si": 17,
          "sti": 7,
          "dti": 290,
          "sco": 52,
          "dco": 1506,
          "txt": "in"
        },
        {
          "si": 17,
          "sti": 8,
          "dti": 291,
          "sco": 55,
          "dco": 1509,
          "txt": "its"
        },
        {
          "si": 17,
          "sti": 9,
          "dti": 292,
          "sco": 59,
          "dco": 1513,
          "txt": "opening"
        },
        {
          "si": 17,
          "sti": 10,
          "dti": 293,
          "sco": 67,
          "dco": 1521,
          "txt": "paragraph"
        },
        {
          "si": 17,
          "sti": 11,
          "dti": 294,
          "sco": 76,
          "dco": 1530,
          "txt": ":"
        },
        {
          "si": 17,
          "sti": 12,
          "dti": 295,
          "sco": 78,
          "dco": 1532,
          "txt": "\""
        },
        {
          "si": 17,
          "sti": 13,
          "dti": 296,
          "sco": 79,
          "dco": 1533,
          "txt": "An"
        },
        {
          "si": 17,
          "sti": 14,
          "dti": 297,
          "sco": 82,
          "dco": 1536,
          "txt": "elaborate"
        },
        {
          "si": 17,
          "sti": 15,
          "dti": 298,
          "sco": 92,
          "dco": 1546,
          "txt": "combination"
        },
        {
          "si": 17,
          "sti": 16,
          "dti": 299,
          "sco": 104,
          "dco": 1558,
          "txt": "of"
        },
        {
          "si": 17,
          "sti": 17,
          "dti": 300,
          "sco": 107,
          "dco": 1561,
          "txt": "Greek"
        },
        {
          "si": 17,
          "sti": 18,
          "dti": 301,
          "sco": 112,
          "dco": 1566,
          "txt": ","
        },
        {
          "si": 17,
          "sti": 19,
          "dti": 302,
          "sco": 114,
          "dco": 1568,
          "txt": "Roman"
        },
        {
          "si": 17,
          "sti": 20,
          "dti": 303,
          "sco": 119,
          "dco": 1573,
          "txt": ","
        },
        {
          "si": 17,
          "sti": 21,
          "dti": 304,
          "sco": 121,
          "dco": 1575,
          "txt": "and"
        },
        {
          "si": 17,
          "sti": 22,
          "dti": 305,
          "sco": 125,
          "dco": 1579,
          "txt": "Renaissance"
        },
        {
          "si": 17,
          "sti": 23,
          "dti": 306,
          "sco": 137,
          "dco": 1591,
          "txt": "influences"
        },
        {
          "si": 17,
          "sti": 24,
          "dti": 307,
          "sco": 147,
          "dco": 1601,
          "txt": ","
        },
        {
          "si": 17,
          "sti": 25,
          "dti": 308,
          "sco": 149,
          "dco": 1603,
          "txt": "the"
        },
        {
          "si": 17,
          "sti": 26,
          "dti": 309,
          "sco": 153,
          "dco": 1607,
          "txt": "massive"
        },
        {
          "si": 17,
          "sti": 27,
          "dti": 310,
          "sco": 161,
          "dco": 1615,
          "txt": "courthouse"
        },
        {
          "si": 17,
          "sti": 28,
          "dti": 311,
          "sco": 172,
          "dco": 1626,
          "txt": "reflects"
        },
        {
          "si": 17,
          "sti": 29,
          "dti": 312,
          "sco": 181,
          "dco": 1635,
          "txt": "the"
        },
        {
          "si": 17,
          "sti": 30,
          "dti": 313,
          "sco": 185,
          "dco": 1639,
          "txt": "exuberant"
        },
        {
          "si": 17,
          "sti": 31,
          "dti": 314,
          "sco": 195,
          "dco": 1649,
          "txt": "ambition"
        },
        {
          "si": 17,
          "sti": 32,
          "dti": 315,
          "sco": 204,
          "dco": 1658,
          "txt": "of"
        },
        {
          "si": 17,
          "sti": 33,
          "dti": 316,
          "sco": 207,
          "dco": 1661,
          "txt": "late"
        },
        {
          "si": 17,
          "sti": 34,
          "dti": 317,
          "sco": 212,
          "dco": 1666,
          "txt": "nineteenth"
        },
        {
          "si": 17,
          "sti": 35,
          "dti": 318,
          "sco": 223,
          "dco": 1677,
          "txt": "century"
        },
        {
          "si": 17,
          "sti": 36,
          "dti": 319,
          "sco": 231,
          "dco": 1685,
          "txt": "America"
        },
        {
          "si": 17,
          "sti": 37,
          "dti": 320,
          "sco": 238,
          "dco": 1692,
          "txt": "."
        },
        {
          "si": 17,
          "sti": 38,
          "dti": 321,
          "sco": 239,
          "dco": 1693,
          "txt": "\""
        }
      ]
    },
    "ganns": {
      "dla": [],
      "la": [],
      "ea": [],
      "eta": [
        {
          "ra": {
            "ea": {
              "etn": "Allen_County_Courthouse_(Indiana)"
            }
          },
          "sfs": [
            [
              {
                "stn": "openingYear"
              },
              {}
            ]
          ],
          "mfs": [
            [
              {
                "stn": "architect"
              },
              {
                "dla": [],
                "la": [],
                "ea": [
                  {
                    "etn": "Brentwood_S._Tolan"
                  }
                ],
                "eta": []
              }
            ],
            [
              {
                "stn": "yearOfConstruction"
              },
              {
                "dla": [
                  {
                    "txt": {
                      "sff": "1902"
                    },
                    "et": {
                      "etn": "Year"
                    },
                    "dp": {
                      "off": 443
                    }
                  }
                ],
                "la": [],
                "ea": [],
                "eta": []
              }
            ],
            [
              {
                "stn": "architecturalStyle"
              },
              {
                "dla": [],
                "la": [],
                "ea": [
                  {
                    "etn": "Beaux-Arts_architecture"
                  }
                ],
                "eta": []
              }
            ],
            [
              {
                "stn": "location"
              },
              {
                "dla": [],
                "la": [],
                "ea": [
                  {
                    "etn": "Indiana"
                  },
                  {
                    "etn": "Fort_Wayne,_Indiana"
                  },
                  {
                    "etn": "United_States"
                  }
                ],
                "eta": []
              }
            ]
          ]
        }
      ]
    }
  }
]
