[
  {
    "context": "DEVELOPMENT",
    "doc": {
      "id": "Anthony_and_Caroline_Isermann_House",
      "tl": [
        {
          "si": 0,
          "sti": 0,
          "dti": 0,
          "sco": 0,
          "dco": 0,
          "txt": "Anthony"
        },
        {
          "si": 0,
          "sti": 1,
          "dti": 1,
          "sco": 8,
          "dco": 8,
          "txt": "and"
        },
        {
          "si": 0,
          "sti": 2,
          "dti": 2,
          "sco": 12,
          "dco": 12,
          "txt": "Caroline"
        },
        {
          "si": 0,
          "sti": 3,
          "dti": 3,
          "sco": 21,
          "dco": 21,
          "txt": "Isermann"
        },
        {
          "si": 0,
          "sti": 4,
          "dti": 4,
          "sco": 30,
          "dco": 30,
          "txt": "House"
        },
        {
          "si": 0,
          "sti": 5,
          "dti": 5,
          "sco": 35,
          "dco": 35,
          "txt": "."
        },
        {
          "si": 1,
          "sti": 0,
          "dti": 6,
          "sco": 0,
          "dco": 37,
          "txt": "The"
        },
        {
          "si": 1,
          "sti": 1,
          "dti": 7,
          "sco": 4,
          "dco": 41,
          "txt": "Anthony"
        },
        {
          "si": 1,
          "sti": 2,
          "dti": 8,
          "sco": 12,
          "dco": 49,
          "txt": "and"
        },
        {
          "si": 1,
          "sti": 3,
          "dti": 9,
          "sco": 16,
          "dco": 53,
          "txt": "Caroline"
        },
        {
          "si": 1,
          "sti": 4,
          "dti": 10,
          "sco": 25,
          "dco": 62,
          "txt": "Isermann"
        },
        {
          "si": 1,
          "sti": 5,
          "dti": 11,
          "sco": 34,
          "dco": 71,
          "txt": "House"
        },
        {
          "si": 1,
          "sti": 6,
          "dti": 12,
          "sco": 40,
          "dco": 77,
          "txt": "is"
        },
        {
          "si": 1,
          "sti": 7,
          "dti": 13,
          "sco": 43,
          "dco": 80,
          "txt": "located"
        },
        {
          "si": 1,
          "sti": 8,
          "dti": 14,
          "sco": 51,
          "dco": 88,
          "txt": "in"
        },
        {
          "si": 1,
          "sti": 9,
          "dti": 15,
          "sco": 54,
          "dco": 91,
          "txt": "Kenosha"
        },
        {
          "si": 1,
          "sti": 10,
          "dti": 16,
          "sco": 61,
          "dco": 98,
          "txt": ","
        },
        {
          "si": 1,
          "sti": 11,
          "dti": 17,
          "sco": 63,
          "dco": 100,
          "txt": "Wisconsin"
        },
        {
          "si": 1,
          "sti": 12,
          "dti": 18,
          "sco": 72,
          "dco": 109,
          "txt": ","
        },
        {
          "si": 1,
          "sti": 13,
          "dti": 19,
          "sco": 74,
          "dco": 111,
          "txt": "United"
        },
        {
          "si": 1,
          "sti": 14,
          "dti": 20,
          "sco": 81,
          "dco": 118,
          "txt": "States"
        },
        {
          "si": 1,
          "sti": 15,
          "dti": 21,
          "sco": 87,
          "dco": 124,
          "txt": "."
        },
        {
          "si": 2,
          "sti": 0,
          "dti": 22,
          "sco": 0,
          "dco": 126,
          "txt": "Designed"
        },
        {
          "si": 2,
          "sti": 1,
          "dti": 23,
          "sco": 9,
          "dco": 135,
          "txt": "in"
        },
        {
          "si": 2,
          "sti": 2,
          "dti": 24,
          "sco": 12,
          "dco": 138,
          "txt": "the"
        },
        {
          "si": 2,
          "sti": 3,
          "dti": 25,
          "sco": 16,
          "dco": 142,
          "txt": "Prairie"
        },
        {
          "si": 2,
          "sti": 4,
          "dti": 26,
          "sco": 24,
          "dco": 150,
          "txt": "School"
        },
        {
          "si": 2,
          "sti": 5,
          "dti": 27,
          "sco": 31,
          "dco": 157,
          "txt": "by"
        },
        {
          "si": 2,
          "sti": 6,
          "dti": 28,
          "sco": 34,
          "dco": 160,
          "txt": "a"
        },
        {
          "si": 2,
          "sti": 7,
          "dti": 29,
          "sco": 36,
          "dco": 162,
          "txt": "student"
        },
        {
          "si": 2,
          "sti": 8,
          "dti": 30,
          "sco": 44,
          "dco": 170,
          "txt": "of"
        },
        {
          "si": 2,
          "sti": 9,
          "dti": 31,
          "sco": 47,
          "dco": 173,
          "txt": "Frank"
        },
        {
          "si": 2,
          "sti": 10,
          "dti": 32,
          "sco": 53,
          "dco": 179,
          "txt": "Lloyd"
        },
        {
          "si": 2,
          "sti": 11,
          "dti": 33,
          "sco": 59,
          "dco": 185,
          "txt": "Wright"
        },
        {
          "si": 2,
          "sti": 12,
          "dti": 34,
          "sco": 65,
          "dco": 191,
          "txt": ","
        },
        {
          "si": 2,
          "sti": 13,
          "dti": 35,
          "sco": 67,
          "dco": 193,
          "txt": "it"
        },
        {
          "si": 2,
          "sti": 14,
          "dti": 36,
          "sco": 70,
          "dco": 196,
          "txt": "was"
        },
        {
          "si": 2,
          "sti": 15,
          "dti": 37,
          "sco": 74,
          "dco": 200,
          "txt": "added"
        },
        {
          "si": 2,
          "sti": 16,
          "dti": 38,
          "sco": 80,
          "dco": 206,
          "txt": "to"
        },
        {
          "si": 2,
          "sti": 17,
          "dti": 39,
          "sco": 83,
          "dco": 209,
          "txt": "the"
        },
        {
          "si": 2,
          "sti": 18,
          "dti": 40,
          "sco": 87,
          "dco": 213,
          "txt": "National"
        },
        {
          "si": 2,
          "sti": 19,
          "dti": 41,
          "sco": 96,
          "dco": 222,
          "txt": "Register"
        },
        {
          "si": 2,
          "sti": 20,
          "dti": 42,
          "sco": 105,
          "dco": 231,
          "txt": "of"
        },
        {
          "si": 2,
          "sti": 21,
          "dti": 43,
          "sco": 108,
          "dco": 234,
          "txt": "Historic"
        },
        {
          "si": 2,
          "sti": 22,
          "dti": 44,
          "sco": 117,
          "dco": 243,
          "txt": "Places"
        },
        {
          "si": 2,
          "sti": 23,
          "dti": 45,
          "sco": 124,
          "dco": 250,
          "txt": "in"
        },
        {
          "si": 2,
          "sti": 24,
          "dti": 46,
          "sco": 127,
          "dco": 253,
          "txt": "2004"
        },
        {
          "si": 2,
          "sti": 25,
          "dti": 47,
          "sco": 131,
          "dco": 257,
          "txt": "."
        },
        {
          "si": 3,
          "sti": 0,
          "dti": 48,
          "sco": 0,
          "dco": 259,
          "txt": "History"
        },
        {
          "si": 3,
          "sti": 1,
          "dti": 49,
          "sco": 7,
          "dco": 266,
          "txt": "."
        },
        {
          "si": 4,
          "sti": 0,
          "dti": 50,
          "sco": 0,
          "dco": 268,
          "txt": "The"
        },
        {
          "si": 4,
          "sti": 1,
          "dti": 51,
          "sco": 4,
          "dco": 272,
          "txt": "Anthony"
        },
        {
          "si": 4,
          "sti": 2,
          "dti": 52,
          "sco": 12,
          "dco": 280,
          "txt": "and"
        },
        {
          "si": 4,
          "sti": 3,
          "dti": 53,
          "sco": 16,
          "dco": 284,
          "txt": "Caroline"
        },
        {
          "si": 4,
          "sti": 4,
          "dti": 54,
          "sco": 25,
          "dco": 293,
          "txt": "Isermann"
        },
        {
          "si": 4,
          "sti": 5,
          "dti": 55,
          "sco": 34,
          "dco": 302,
          "txt": "House"
        },
        {
          "si": 4,
          "sti": 6,
          "dti": 56,
          "sco": 40,
          "dco": 308,
          "txt": "was"
        },
        {
          "si": 4,
          "sti": 7,
          "dti": 57,
          "sco": 44,
          "dco": 312,
          "txt": "constructed"
        },
        {
          "si": 4,
          "sti": 8,
          "dti": 58,
          "sco": 56,
          "dco": 324,
          "txt": "in"
        },
        {
          "si": 4,
          "sti": 9,
          "dti": 59,
          "sco": 59,
          "dco": 327,
          "txt": "Kenosha"
        },
        {
          "si": 4,
          "sti": 10,
          "dti": 60,
          "sco": 66,
          "dco": 334,
          "txt": ","
        },
        {
          "si": 4,
          "sti": 11,
          "dti": 61,
          "sco": 68,
          "dco": 336,
          "txt": "Wisconsin"
        },
        {
          "si": 4,
          "sti": 12,
          "dti": 62,
          "sco": 78,
          "dco": 346,
          "txt": "in"
        },
        {
          "si": 4,
          "sti": 13,
          "dti": 63,
          "sco": 81,
          "dco": 349,
          "txt": "1922"
        },
        {
          "si": 4,
          "sti": 14,
          "dti": 64,
          "sco": 85,
          "dco": 353,
          "txt": "."
        },
        {
          "si": 5,
          "sti": 0,
          "dti": 65,
          "sco": 0,
          "dco": 355,
          "txt": "Antony"
        },
        {
          "si": 5,
          "sti": 1,
          "dti": 66,
          "sco": 7,
          "dco": 362,
          "txt": "Isermann"
        },
        {
          "si": 5,
          "sti": 2,
          "dti": 67,
          "sco": 16,
          "dco": 371,
          "txt": "was"
        },
        {
          "si": 5,
          "sti": 3,
          "dti": 68,
          "sco": 20,
          "dco": 375,
          "txt": "President"
        },
        {
          "si": 5,
          "sti": 4,
          "dti": 69,
          "sco": 30,
          "dco": 385,
          "txt": "of"
        },
        {
          "si": 5,
          "sti": 5,
          "dti": 70,
          "sco": 33,
          "dco": 388,
          "txt": "the"
        },
        {
          "si": 5,
          "sti": 6,
          "dti": 71,
          "sco": 37,
          "dco": 392,
          "txt": "Isermann"
        },
        {
          "si": 5,
          "sti": 7,
          "dti": 72,
          "sco": 46,
          "dco": 401,
          "txt": "Clothing"
        },
        {
          "si": 5,
          "sti": 8,
          "dti": 73,
          "sco": 55,
          "dco": 410,
          "txt": "Store"
        },
        {
          "si": 5,
          "sti": 9,
          "dti": 74,
          "sco": 61,
          "dco": 416,
          "txt": "in"
        },
        {
          "si": 5,
          "sti": 10,
          "dti": 75,
          "sco": 64,
          "dco": 419,
          "txt": "downtown"
        },
        {
          "si": 5,
          "sti": 11,
          "dti": 76,
          "sco": 73,
          "dco": 428,
          "txt": "Kenosha"
        },
        {
          "si": 5,
          "sti": 12,
          "dti": 77,
          "sco": 80,
          "dco": 435,
          "txt": "."
        },
        {
          "si": 6,
          "sti": 0,
          "dti": 78,
          "sco": 0,
          "dco": 437,
          "txt": "The"
        },
        {
          "si": 6,
          "sti": 1,
          "dti": 79,
          "sco": 4,
          "dco": 441,
          "txt": "house"
        },
        {
          "si": 6,
          "sti": 2,
          "dti": 80,
          "sco": 10,
          "dco": 447,
          "txt": "was"
        },
        {
          "si": 6,
          "sti": 3,
          "dti": 81,
          "sco": 14,
          "dco": 451,
          "txt": "designed"
        },
        {
          "si": 6,
          "sti": 4,
          "dti": 82,
          "sco": 23,
          "dco": 460,
          "txt": "by"
        },
        {
          "si": 6,
          "sti": 5,
          "dti": 83,
          "sco": 26,
          "dco": 463,
          "txt": "Russell"
        },
        {
          "si": 6,
          "sti": 6,
          "dti": 84,
          "sco": 34,
          "dco": 471,
          "txt": "Barr"
        },
        {
          "si": 6,
          "sti": 7,
          "dti": 85,
          "sco": 39,
          "dco": 476,
          "txt": "Williamson"
        },
        {
          "si": 6,
          "sti": 8,
          "dti": 86,
          "sco": 49,
          "dco": 486,
          "txt": ","
        },
        {
          "si": 6,
          "sti": 9,
          "dti": 87,
          "sco": 51,
          "dco": 488,
          "txt": "a"
        },
        {
          "si": 6,
          "sti": 10,
          "dti": 88,
          "sco": 53,
          "dco": 490,
          "txt": "student"
        },
        {
          "si": 6,
          "sti": 11,
          "dti": 89,
          "sco": 61,
          "dco": 498,
          "txt": "of"
        },
        {
          "si": 6,
          "sti": 12,
          "dti": 90,
          "sco": 64,
          "dco": 501,
          "txt": "Frank"
        },
        {
          "si": 6,
          "sti": 13,
          "dti": 91,
          "sco": 70,
          "dco": 507,
          "txt": "Lloyd"
        },
        {
          "si": 6,
          "sti": 14,
          "dti": 92,
          "sco": 76,
          "dco": 513,
          "txt": "Wright"
        },
        {
          "si": 6,
          "sti": 15,
          "dti": 93,
          "sco": 82,
          "dco": 519,
          "txt": "."
        },
        {
          "si": 7,
          "sti": 0,
          "dti": 94,
          "sco": 0,
          "dco": 521,
          "txt": "Williamson"
        },
        {
          "si": 7,
          "sti": 1,
          "dti": 95,
          "sco": 11,
          "dco": 532,
          "txt": "briefly"
        },
        {
          "si": 7,
          "sti": 2,
          "dti": 96,
          "sco": 19,
          "dco": 540,
          "txt": "supervised"
        },
        {
          "si": 7,
          "sti": 3,
          "dti": 97,
          "sco": 30,
          "dco": 551,
          "txt": "Wright"
        },
        {
          "si": 7,
          "sti": 4,
          "dti": 98,
          "sco": 36,
          "dco": 557,
          "txt": "'"
        },
        {
          "si": 7,
          "sti": 5,
          "dti": 99,
          "sco": 37,
          "dco": 558,
          "txt": "s"
        },
        {
          "si": 7,
          "sti": 6,
          "dti": 100,
          "sco": 39,
          "dco": 560,
          "txt": "projects"
        },
        {
          "si": 7,
          "sti": 7,
          "dti": 101,
          "sco": 48,
          "dco": 569,
          "txt": "in"
        },
        {
          "si": 7,
          "sti": 8,
          "dti": 102,
          "sco": 51,
          "dco": 572,
          "txt": "Milwaukee"
        },
        {
          "si": 7,
          "sti": 9,
          "dti": 103,
          "sco": 60,
          "dco": 581,
          "txt": ","
        },
        {
          "si": 7,
          "sti": 10,
          "dti": 104,
          "sco": 62,
          "dco": 583,
          "txt": "and"
        },
        {
          "si": 7,
          "sti": 11,
          "dti": 105,
          "sco": 66,
          "dco": 587,
          "txt": "after"
        },
        {
          "si": 7,
          "sti": 12,
          "dti": 106,
          "sco": 72,
          "dco": 593,
          "txt": "he"
        },
        {
          "si": 7,
          "sti": 13,
          "dti": 107,
          "sco": 75,
          "dco": 596,
          "txt": "left"
        },
        {
          "si": 7,
          "sti": 14,
          "dti": 108,
          "sco": 80,
          "dco": 601,
          "txt": "Wright"
        },
        {
          "si": 7,
          "sti": 15,
          "dti": 109,
          "sco": 86,
          "dco": 607,
          "txt": "'"
        },
        {
          "si": 7,
          "sti": 16,
          "dti": 110,
          "sco": 87,
          "dco": 608,
          "txt": "s"
        },
        {
          "si": 7,
          "sti": 17,
          "dti": 111,
          "sco": 89,
          "dco": 610,
          "txt": "practice"
        },
        {
          "si": 7,
          "sti": 18,
          "dti": 112,
          "sco": 97,
          "dco": 618,
          "txt": ","
        },
        {
          "si": 7,
          "sti": 19,
          "dti": 113,
          "sco": 99,
          "dco": 620,
          "txt": "he"
        },
        {
          "si": 7,
          "sti": 20,
          "dti": 114,
          "sco": 102,
          "dco": 623,
          "txt": "focused"
        },
        {
          "si": 7,
          "sti": 21,
          "dti": 115,
          "sco": 110,
          "dco": 631,
          "txt": "his"
        },
        {
          "si": 7,
          "sti": 22,
          "dti": 116,
          "sco": 114,
          "dco": 635,
          "txt": "career"
        },
        {
          "si": 7,
          "sti": 23,
          "dti": 117,
          "sco": 121,
          "dco": 642,
          "txt": "on"
        },
        {
          "si": 7,
          "sti": 24,
          "dti": 118,
          "sco": 124,
          "dco": 645,
          "txt": "the"
        },
        {
          "si": 7,
          "sti": 25,
          "dti": 119,
          "sco": 128,
          "dco": 649,
          "txt": "city"
        },
        {
          "si": 7,
          "sti": 26,
          "dti": 120,
          "sco": 132,
          "dco": 653,
          "txt": "."
        },
        {
          "si": 8,
          "sti": 0,
          "dti": 121,
          "sco": 0,
          "dco": 655,
          "txt": "The"
        },
        {
          "si": 8,
          "sti": 1,
          "dti": 122,
          "sco": 4,
          "dco": 659,
          "txt": "house"
        },
        {
          "si": 8,
          "sti": 2,
          "dti": 123,
          "sco": 10,
          "dco": 665,
          "txt": "was"
        },
        {
          "si": 8,
          "sti": 3,
          "dti": 124,
          "sco": 14,
          "dco": 669,
          "txt": "designed"
        },
        {
          "si": 8,
          "sti": 4,
          "dti": 125,
          "sco": 23,
          "dco": 678,
          "txt": "in"
        },
        {
          "si": 8,
          "sti": 5,
          "dti": 126,
          "sco": 26,
          "dco": 681,
          "txt": "the"
        },
        {
          "si": 8,
          "sti": 6,
          "dti": 127,
          "sco": 30,
          "dco": 685,
          "txt": "Prairie"
        },
        {
          "si": 8,
          "sti": 7,
          "dti": 128,
          "sco": 38,
          "dco": 693,
          "txt": "School"
        },
        {
          "si": 8,
          "sti": 8,
          "dti": 129,
          "sco": 45,
          "dco": 700,
          "txt": "style"
        },
        {
          "si": 8,
          "sti": 9,
          "dti": 130,
          "sco": 50,
          "dco": 705,
          "txt": ","
        },
        {
          "si": 8,
          "sti": 10,
          "dti": 131,
          "sco": 52,
          "dco": 707,
          "txt": "which"
        },
        {
          "si": 8,
          "sti": 11,
          "dti": 132,
          "sco": 58,
          "dco": 713,
          "txt": "emphasizes"
        },
        {
          "si": 8,
          "sti": 12,
          "dti": 133,
          "sco": 69,
          "dco": 724,
          "txt": "horizontal"
        },
        {
          "si": 8,
          "sti": 13,
          "dti": 134,
          "sco": 80,
          "dco": 735,
          "txt": "lines"
        },
        {
          "si": 8,
          "sti": 14,
          "dti": 135,
          "sco": 85,
          "dco": 740,
          "txt": "."
        },
        {
          "si": 9,
          "sti": 0,
          "dti": 136,
          "sco": 0,
          "dco": 742,
          "txt": "The"
        },
        {
          "si": 9,
          "sti": 1,
          "dti": 137,
          "sco": 4,
          "dco": 746,
          "txt": "Isermanns"
        },
        {
          "si": 9,
          "sti": 2,
          "dti": 138,
          "sco": 14,
          "dco": 756,
          "txt": "lived"
        },
        {
          "si": 9,
          "sti": 3,
          "dti": 139,
          "sco": 20,
          "dco": 762,
          "txt": "in"
        },
        {
          "si": 9,
          "sti": 4,
          "dti": 140,
          "sco": 23,
          "dco": 765,
          "txt": "the"
        },
        {
          "si": 9,
          "sti": 5,
          "dti": 141,
          "sco": 27,
          "dco": 769,
          "txt": "house"
        },
        {
          "si": 9,
          "sti": 6,
          "dti": 142,
          "sco": 33,
          "dco": 775,
          "txt": "until"
        },
        {
          "si": 9,
          "sti": 7,
          "dti": 143,
          "sco": 39,
          "dco": 781,
          "txt": "the"
        },
        {
          "si": 9,
          "sti": 8,
          "dti": 144,
          "sco": 43,
          "dco": 785,
          "txt": "1960"
        },
        {
          "si": 9,
          "sti": 9,
          "dti": 145,
          "sco": 47,
          "dco": 789,
          "txt": "s"
        },
        {
          "si": 9,
          "sti": 10,
          "dti": 146,
          "sco": 48,
          "dco": 790,
          "txt": "."
        },
        {
          "si": 10,
          "sti": 0,
          "dti": 147,
          "sco": 0,
          "dco": 792,
          "txt": "The"
        },
        {
          "si": 10,
          "sti": 1,
          "dti": 148,
          "sco": 4,
          "dco": 796,
          "txt": "house"
        },
        {
          "si": 10,
          "sti": 2,
          "dti": 149,
          "sco": 10,
          "dco": 802,
          "txt": "neighbors"
        },
        {
          "si": 10,
          "sti": 3,
          "dti": 150,
          "sco": 20,
          "dco": 812,
          "txt": "the"
        },
        {
          "si": 10,
          "sti": 4,
          "dti": 151,
          "sco": 24,
          "dco": 816,
          "txt": "Frank"
        },
        {
          "si": 10,
          "sti": 5,
          "dti": 152,
          "sco": 30,
          "dco": 822,
          "txt": "and"
        },
        {
          "si": 10,
          "sti": 6,
          "dti": 153,
          "sco": 34,
          "dco": 826,
          "txt": "Jane"
        },
        {
          "si": 10,
          "sti": 7,
          "dti": 154,
          "sco": 39,
          "dco": 831,
          "txt": "Isermann"
        },
        {
          "si": 10,
          "sti": 8,
          "dti": 155,
          "sco": 48,
          "dco": 840,
          "txt": "House"
        },
        {
          "si": 10,
          "sti": 9,
          "dti": 156,
          "sco": 53,
          "dco": 845,
          "txt": ","
        },
        {
          "si": 10,
          "sti": 10,
          "dti": 157,
          "sco": 55,
          "dco": 847,
          "txt": "which"
        },
        {
          "si": 10,
          "sti": 11,
          "dti": 158,
          "sco": 61,
          "dco": 853,
          "txt": "belonged"
        },
        {
          "si": 10,
          "sti": 12,
          "dti": 159,
          "sco": 70,
          "dco": 862,
          "txt": "to"
        },
        {
          "si": 10,
          "sti": 13,
          "dti": 160,
          "sco": 73,
          "dco": 865,
          "txt": "Anthony"
        },
        {
          "si": 10,
          "sti": 14,
          "dti": 161,
          "sco": 80,
          "dco": 872,
          "txt": "'"
        },
        {
          "si": 10,
          "sti": 15,
          "dti": 162,
          "sco": 81,
          "dco": 873,
          "txt": "s"
        },
        {
          "si": 10,
          "sti": 16,
          "dti": 163,
          "sco": 83,
          "dco": 875,
          "txt": "brother"
        },
        {
          "si": 10,
          "sti": 17,
          "dti": 164,
          "sco": 90,
          "dco": 882,
          "txt": "."
        },
        {
          "si": 11,
          "sti": 0,
          "dti": 165,
          "sco": 0,
          "dco": 884,
          "txt": "The"
        },
        {
          "si": 11,
          "sti": 1,
          "dti": 166,
          "sco": 4,
          "dco": 888,
          "txt": "house"
        },
        {
          "si": 11,
          "sti": 2,
          "dti": 167,
          "sco": 10,
          "dco": 894,
          "txt": "was"
        },
        {
          "si": 11,
          "sti": 3,
          "dti": 168,
          "sco": 14,
          "dco": 898,
          "txt": "recognized"
        },
        {
          "si": 11,
          "sti": 4,
          "dti": 169,
          "sco": 25,
          "dco": 909,
          "txt": "by"
        },
        {
          "si": 11,
          "sti": 5,
          "dti": 170,
          "sco": 28,
          "dco": 912,
          "txt": "the"
        },
        {
          "si": 11,
          "sti": 6,
          "dti": 171,
          "sco": 32,
          "dco": 916,
          "txt": "National"
        },
        {
          "si": 11,
          "sti": 7,
          "dti": 172,
          "sco": 41,
          "dco": 925,
          "txt": "Park"
        },
        {
          "si": 11,
          "sti": 8,
          "dti": 173,
          "sco": 46,
          "dco": 930,
          "txt": "Service"
        },
        {
          "si": 11,
          "sti": 9,
          "dti": 174,
          "sco": 54,
          "dco": 938,
          "txt": "with"
        },
        {
          "si": 11,
          "sti": 10,
          "dti": 175,
          "sco": 59,
          "dco": 943,
          "txt": "a"
        },
        {
          "si": 11,
          "sti": 11,
          "dti": 176,
          "sco": 61,
          "dco": 945,
          "txt": "listing"
        },
        {
          "si": 11,
          "sti": 12,
          "dti": 177,
          "sco": 69,
          "dco": 953,
          "txt": "on"
        },
        {
          "si": 11,
          "sti": 13,
          "dti": 178,
          "sco": 72,
          "dco": 956,
          "txt": "the"
        },
        {
          "si": 11,
          "sti": 14,
          "dti": 179,
          "sco": 76,
          "dco": 960,
          "txt": "National"
        },
        {
          "si": 11,
          "sti": 15,
          "dti": 180,
          "sco": 85,
          "dco": 969,
          "txt": "Register"
        },
        {
          "si": 11,
          "sti": 16,
          "dti": 181,
          "sco": 94,
          "dco": 978,
          "txt": "of"
        },
        {
          "si": 11,
          "sti": 17,
          "dti": 182,
          "sco": 97,
          "dco": 981,
          "txt": "Historic"
        },
        {
          "si": 11,
          "sti": 18,
          "dti": 183,
          "sco": 106,
          "dco": 990,
          "txt": "Places"
        },
        {
          "si": 11,
          "sti": 19,
          "dti": 184,
          "sco": 113,
          "dco": 997,
          "txt": "on"
        },
        {
          "si": 11,
          "sti": 20,
          "dti": 185,
          "sco": 116,
          "dco": 1000,
          "txt": "February"
        },
        {
          "si": 11,
          "sti": 21,
          "dti": 186,
          "sco": 125,
          "dco": 1009,
          "txt": "25"
        },
        {
          "si": 11,
          "sti": 22,
          "dti": 187,
          "sco": 127,
          "dco": 1011,
          "txt": ","
        },
        {
          "si": 11,
          "sti": 23,
          "dti": 188,
          "sco": 129,
          "dco": 1013,
          "txt": "2004"
        },
        {
          "si": 11,
          "sti": 24,
          "dti": 189,
          "sco": 133,
          "dco": 1017,
          "txt": "."
        },
        {
          "si": 12,
          "sti": 0,
          "dti": 190,
          "sco": 0,
          "dco": 1019,
          "txt": "The"
        },
        {
          "si": 12,
          "sti": 1,
          "dti": 191,
          "sco": 4,
          "dco": 1023,
          "txt": "house"
        },
        {
          "si": 12,
          "sti": 2,
          "dti": 192,
          "sco": 10,
          "dco": 1029,
          "txt": "has"
        },
        {
          "si": 12,
          "sti": 3,
          "dti": 193,
          "sco": 14,
          "dco": 1033,
          "txt": "many"
        },
        {
          "si": 12,
          "sti": 4,
          "dti": 194,
          "sco": 19,
          "dco": 1038,
          "txt": "features"
        },
        {
          "si": 12,
          "sti": 5,
          "dti": 195,
          "sco": 28,
          "dco": 1047,
          "txt": "typical"
        },
        {
          "si": 12,
          "sti": 6,
          "dti": 196,
          "sco": 36,
          "dco": 1055,
          "txt": "of"
        },
        {
          "si": 12,
          "sti": 7,
          "dti": 197,
          "sco": 39,
          "dco": 1058,
          "txt": "the"
        },
        {
          "si": 12,
          "sti": 8,
          "dti": 198,
          "sco": 43,
          "dco": 1062,
          "txt": "Prairie"
        },
        {
          "si": 12,
          "sti": 9,
          "dti": 199,
          "sco": 51,
          "dco": 1070,
          "txt": "School"
        },
        {
          "si": 12,
          "sti": 10,
          "dti": 200,
          "sco": 57,
          "dco": 1076,
          "txt": "."
        },
        {
          "si": 13,
          "sti": 0,
          "dti": 201,
          "sco": 0,
          "dco": 1078,
          "txt": "It"
        },
        {
          "si": 13,
          "sti": 1,
          "dti": 202,
          "sco": 3,
          "dco": 1081,
          "txt": "has"
        },
        {
          "si": 13,
          "sti": 2,
          "dti": 203,
          "sco": 7,
          "dco": 1085,
          "txt": "overhanging"
        },
        {
          "si": 13,
          "sti": 3,
          "dti": 204,
          "sco": 19,
          "dco": 1097,
          "txt": "eaves"
        },
        {
          "si": 13,
          "sti": 4,
          "dti": 205,
          "sco": 25,
          "dco": 1103,
          "txt": "under"
        },
        {
          "si": 13,
          "sti": 5,
          "dti": 206,
          "sco": 31,
          "dco": 1109,
          "txt": "a"
        },
        {
          "si": 13,
          "sti": 6,
          "dti": 207,
          "sco": 33,
          "dco": 1111,
          "txt": "low"
        },
        {
          "si": 13,
          "sti": 7,
          "dti": 208,
          "sco": 36,
          "dco": 1114,
          "txt": "-"
        },
        {
          "si": 13,
          "sti": 8,
          "dti": 209,
          "sco": 37,
          "dco": 1115,
          "txt": "pitched"
        },
        {
          "si": 13,
          "sti": 9,
          "dti": 210,
          "sco": 45,
          "dco": 1123,
          "txt": "roof"
        },
        {
          "si": 13,
          "sti": 10,
          "dti": 211,
          "sco": 49,
          "dco": 1127,
          "txt": ","
        },
        {
          "si": 13,
          "sti": 11,
          "dti": 212,
          "sco": 51,
          "dco": 1129,
          "txt": "belt"
        },
        {
          "si": 13,
          "sti": 12,
          "dti": 213,
          "sco": 56,
          "dco": 1134,
          "txt": "courses"
        },
        {
          "si": 13,
          "sti": 13,
          "dti": 214,
          "sco": 63,
          "dco": 1141,
          "txt": ","
        },
        {
          "si": 13,
          "sti": 14,
          "dti": 215,
          "sco": 65,
          "dco": 1143,
          "txt": "and"
        },
        {
          "si": 13,
          "sti": 15,
          "dti": 216,
          "sco": 69,
          "dco": 1147,
          "txt": "banded"
        },
        {
          "si": 13,
          "sti": 16,
          "dti": 217,
          "sco": 76,
          "dco": 1154,
          "txt": "windows"
        },
        {
          "si": 13,
          "sti": 17,
          "dti": 218,
          "sco": 83,
          "dco": 1161,
          "txt": "."
        },
        {
          "si": 14,
          "sti": 0,
          "dti": 219,
          "sco": 0,
          "dco": 1163,
          "txt": "The"
        },
        {
          "si": 14,
          "sti": 1,
          "dti": 220,
          "sco": 4,
          "dco": 1167,
          "txt": "small"
        },
        {
          "si": 14,
          "sti": 2,
          "dti": 221,
          "sco": 9,
          "dco": 1172,
          "txt": ","
        },
        {
          "si": 14,
          "sti": 3,
          "dti": 222,
          "sco": 11,
          "dco": 1174,
          "txt": "two"
        },
        {
          "si": 14,
          "sti": 4,
          "dti": 223,
          "sco": 14,
          "dco": 1177,
          "txt": "-"
        },
        {
          "si": 14,
          "sti": 5,
          "dti": 224,
          "sco": 15,
          "dco": 1178,
          "txt": "story"
        },
        {
          "si": 14,
          "sti": 6,
          "dti": 225,
          "sco": 21,
          "dco": 1184,
          "txt": "house"
        },
        {
          "si": 14,
          "sti": 7,
          "dti": 226,
          "sco": 27,
          "dco": 1190,
          "txt": "has"
        },
        {
          "si": 14,
          "sti": 8,
          "dti": 227,
          "sco": 31,
          "dco": 1194,
          "txt": "a"
        },
        {
          "si": 14,
          "sti": 9,
          "dti": 228,
          "sco": 33,
          "dco": 1196,
          "txt": "rectangular"
        },
        {
          "si": 14,
          "sti": 10,
          "dti": 229,
          "sco": 45,
          "dco": 1208,
          "txt": "plan"
        },
        {
          "si": 14,
          "sti": 11,
          "dti": 230,
          "sco": 50,
          "dco": 1213,
          "txt": "and"
        },
        {
          "si": 14,
          "sti": 12,
          "dti": 231,
          "sco": 54,
          "dco": 1217,
          "txt": "a"
        },
        {
          "si": 14,
          "sti": 13,
          "dti": 232,
          "sco": 56,
          "dco": 1219,
          "txt": "one"
        },
        {
          "si": 14,
          "sti": 14,
          "dti": 233,
          "sco": 59,
          "dco": 1222,
          "txt": "-"
        },
        {
          "si": 14,
          "sti": 15,
          "dti": 234,
          "sco": 60,
          "dco": 1223,
          "txt": "story"
        },
        {
          "si": 14,
          "sti": 16,
          "dti": 235,
          "sco": 66,
          "dco": 1229,
          "txt": "ell"
        },
        {
          "si": 14,
          "sti": 17,
          "dti": 236,
          "sco": 69,
          "dco": 1232,
          "txt": "."
        },
        {
          "si": 15,
          "sti": 0,
          "dti": 237,
          "sco": 0,
          "dco": 1234,
          "txt": "The"
        },
        {
          "si": 15,
          "sti": 1,
          "dti": 238,
          "sco": 4,
          "dco": 1238,
          "txt": "walls"
        },
        {
          "si": 15,
          "sti": 2,
          "dti": 239,
          "sco": 10,
          "dco": 1244,
          "txt": "are"
        },
        {
          "si": 15,
          "sti": 3,
          "dti": 240,
          "sco": 14,
          "dco": 1248,
          "txt": "mainly"
        },
        {
          "si": 15,
          "sti": 4,
          "dti": 241,
          "sco": 21,
          "dco": 1255,
          "txt": "brown"
        },
        {
          "si": 15,
          "sti": 5,
          "dti": 242,
          "sco": 27,
          "dco": 1261,
          "txt": "brick"
        },
        {
          "si": 15,
          "sti": 6,
          "dti": 243,
          "sco": 32,
          "dco": 1266,
          "txt": ","
        },
        {
          "si": 15,
          "sti": 7,
          "dti": 244,
          "sco": 34,
          "dco": 1268,
          "txt": "though"
        },
        {
          "si": 15,
          "sti": 8,
          "dti": 245,
          "sco": 41,
          "dco": 1275,
          "txt": "the"
        },
        {
          "si": 15,
          "sti": 9,
          "dti": 246,
          "sco": 45,
          "dco": 1279,
          "txt": "upper"
        },
        {
          "si": 15,
          "sti": 10,
          "dti": 247,
          "sco": 51,
          "dco": 1285,
          "txt": "half"
        },
        {
          "si": 15,
          "sti": 11,
          "dti": 248,
          "sco": 56,
          "dco": 1290,
          "txt": "of"
        },
        {
          "si": 15,
          "sti": 12,
          "dti": 249,
          "sco": 59,
          "dco": 1293,
          "txt": "the"
        },
        {
          "si": 15,
          "sti": 13,
          "dti": 250,
          "sco": 63,
          "dco": 1297,
          "txt": "second"
        },
        {
          "si": 15,
          "sti": 14,
          "dti": 251,
          "sco": 70,
          "dco": 1304,
          "txt": "story"
        },
        {
          "si": 15,
          "sti": 15,
          "dti": 252,
          "sco": 76,
          "dco": 1310,
          "txt": "is"
        },
        {
          "si": 15,
          "sti": 16,
          "dti": 253,
          "sco": 79,
          "dco": 1313,
          "txt": "faced"
        },
        {
          "si": 15,
          "sti": 17,
          "dti": 254,
          "sco": 85,
          "dco": 1319,
          "txt": "with"
        },
        {
          "si": 15,
          "sti": 18,
          "dti": 255,
          "sco": 90,
          "dco": 1324,
          "txt": "stucco"
        },
        {
          "si": 15,
          "sti": 19,
          "dti": 256,
          "sco": 96,
          "dco": 1330,
          "txt": "."
        },
        {
          "si": 16,
          "sti": 0,
          "dti": 257,
          "sco": 0,
          "dco": 1332,
          "txt": "The"
        },
        {
          "si": 16,
          "sti": 1,
          "dti": 258,
          "sco": 4,
          "dco": 1336,
          "txt": "main"
        },
        {
          "si": 16,
          "sti": 2,
          "dti": 259,
          "sco": 9,
          "dco": 1341,
          "txt": "block"
        },
        {
          "si": 16,
          "sti": 3,
          "dti": 260,
          "sco": 15,
          "dco": 1347,
          "txt": "has"
        },
        {
          "si": 16,
          "sti": 4,
          "dti": 261,
          "sco": 19,
          "dco": 1351,
          "txt": "a"
        },
        {
          "si": 16,
          "sti": 5,
          "dti": 262,
          "sco": 21,
          "dco": 1353,
          "txt": "large"
        },
        {
          "si": 16,
          "sti": 6,
          "dti": 263,
          "sco": 27,
          "dco": 1359,
          "txt": "window"
        },
        {
          "si": 16,
          "sti": 7,
          "dti": 264,
          "sco": 33,
          "dco": 1365,
          "txt": ","
        },
        {
          "si": 16,
          "sti": 8,
          "dti": 265,
          "sco": 35,
          "dco": 1367,
          "txt": "which"
        },
        {
          "si": 16,
          "sti": 9,
          "dti": 266,
          "sco": 41,
          "dco": 1373,
          "txt": "is"
        },
        {
          "si": 16,
          "sti": 10,
          "dti": 267,
          "sco": 44,
          "dco": 1376,
          "txt": "flanked"
        },
        {
          "si": 16,
          "sti": 11,
          "dti": 268,
          "sco": 52,
          "dco": 1384,
          "txt": "by"
        },
        {
          "si": 16,
          "sti": 12,
          "dti": 269,
          "sco": 55,
          "dco": 1387,
          "txt": "sidelights"
        },
        {
          "si": 16,
          "sti": 13,
          "dti": 270,
          "sco": 65,
          "dco": 1397,
          "txt": "."
        },
        {
          "si": 17,
          "sti": 0,
          "dti": 271,
          "sco": 0,
          "dco": 1399,
          "txt": "Around"
        },
        {
          "si": 17,
          "sti": 1,
          "dti": 272,
          "sco": 7,
          "dco": 1406,
          "txt": "these"
        },
        {
          "si": 17,
          "sti": 2,
          "dti": 273,
          "sco": 13,
          "dco": 1412,
          "txt": "is"
        },
        {
          "si": 17,
          "sti": 3,
          "dti": 274,
          "sco": 16,
          "dco": 1415,
          "txt": "a"
        },
        {
          "si": 17,
          "sti": 4,
          "dti": 275,
          "sco": 18,
          "dco": 1417,
          "txt": "plain"
        },
        {
          "si": 17,
          "sti": 5,
          "dti": 276,
          "sco": 24,
          "dco": 1423,
          "txt": "stone"
        },
        {
          "si": 17,
          "sti": 6,
          "dti": 277,
          "sco": 30,
          "dco": 1429,
          "txt": "surround"
        },
        {
          "si": 17,
          "sti": 7,
          "dti": 278,
          "sco": 38,
          "dco": 1437,
          "txt": "."
        },
        {
          "si": 18,
          "sti": 0,
          "dti": 279,
          "sco": 0,
          "dco": 1439,
          "txt": "The"
        },
        {
          "si": 18,
          "sti": 1,
          "dti": 280,
          "sco": 4,
          "dco": 1443,
          "txt": "ell"
        },
        {
          "si": 18,
          "sti": 2,
          "dti": 281,
          "sco": 7,
          "dco": 1446,
          "txt": ","
        },
        {
          "si": 18,
          "sti": 3,
          "dti": 282,
          "sco": 9,
          "dco": 1448,
          "txt": "on"
        },
        {
          "si": 18,
          "sti": 4,
          "dti": 283,
          "sco": 12,
          "dco": 1451,
          "txt": "the"
        },
        {
          "si": 18,
          "sti": 5,
          "dti": 284,
          "sco": 16,
          "dco": 1455,
          "txt": "south"
        },
        {
          "si": 18,
          "sti": 6,
          "dti": 285,
          "sco": 22,
          "dco": 1461,
          "txt": "wall"
        },
        {
          "si": 18,
          "sti": 7,
          "dti": 286,
          "sco": 26,
          "dco": 1465,
          "txt": ","
        },
        {
          "si": 18,
          "sti": 8,
          "dti": 287,
          "sco": 28,
          "dco": 1467,
          "txt": "has"
        },
        {
          "si": 18,
          "sti": 9,
          "dti": 288,
          "sco": 32,
          "dco": 1471,
          "txt": "two"
        },
        {
          "si": 18,
          "sti": 10,
          "dti": 289,
          "sco": 36,
          "dco": 1475,
          "txt": "shallow"
        },
        {
          "si": 18,
          "sti": 11,
          "dti": 290,
          "sco": 44,
          "dco": 1483,
          "txt": "bays"
        },
        {
          "si": 18,
          "sti": 12,
          "dti": 291,
          "sco": 48,
          "dco": 1487,
          "txt": "."
        },
        {
          "si": 19,
          "sti": 0,
          "dti": 292,
          "sco": 0,
          "dco": 1489,
          "txt": "Small"
        },
        {
          "si": 19,
          "sti": 1,
          "dti": 293,
          "sco": 6,
          "dco": 1495,
          "txt": "sections"
        },
        {
          "si": 19,
          "sti": 2,
          "dti": 294,
          "sco": 15,
          "dco": 1504,
          "txt": "of"
        },
        {
          "si": 19,
          "sti": 3,
          "dti": 295,
          "sco": 18,
          "dco": 1507,
          "txt": "brick"
        },
        {
          "si": 19,
          "sti": 4,
          "dti": 296,
          "sco": 24,
          "dco": 1513,
          "txt": "walls"
        },
        {
          "si": 19,
          "sti": 5,
          "dti": 297,
          "sco": 30,
          "dco": 1519,
          "txt": "with"
        },
        {
          "si": 19,
          "sti": 6,
          "dti": 298,
          "sco": 35,
          "dco": 1524,
          "txt": "stucco"
        },
        {
          "si": 19,
          "sti": 7,
          "dti": 299,
          "sco": 42,
          "dco": 1531,
          "txt": "edges"
        },
        {
          "si": 19,
          "sti": 8,
          "dti": 300,
          "sco": 48,
          "dco": 1537,
          "txt": "decoratively"
        },
        {
          "si": 19,
          "sti": 9,
          "dti": 301,
          "sco": 61,
          "dco": 1550,
          "txt": "project"
        },
        {
          "si": 19,
          "sti": 10,
          "dti": 302,
          "sco": 69,
          "dco": 1558,
          "txt": "from"
        },
        {
          "si": 19,
          "sti": 11,
          "dti": 303,
          "sco": 74,
          "dco": 1563,
          "txt": "some"
        },
        {
          "si": 19,
          "sti": 12,
          "dti": 304,
          "sco": 79,
          "dco": 1568,
          "txt": "portions"
        },
        {
          "si": 19,
          "sti": 13,
          "dti": 305,
          "sco": 88,
          "dco": 1577,
          "txt": "of"
        },
        {
          "si": 19,
          "sti": 14,
          "dti": 306,
          "sco": 91,
          "dco": 1580,
          "txt": "the"
        },
        {
          "si": 19,
          "sti": 15,
          "dti": 307,
          "sco": 95,
          "dco": 1584,
          "txt": "house"
        },
        {
          "si": 19,
          "sti": 16,
          "dti": 308,
          "sco": 100,
          "dco": 1589,
          "txt": "."
        }
      ]
    },
    "ganns": {
      "dla": [],
      "la": [],
      "ea": [],
      "eta": [
        {
          "ra": {
            "ea": {
              "etn": "Anthony_and_Caroline_Isermann_House"
            }
          },
          "sfs": [
            [
              {
                "stn": "openingYear"
              },
              {}
            ]
          ],
          "mfs": [
            [
              {
                "stn": "architect"
              },
              {
                "dla": [],
                "la": [],
                "ea": [
                  {
                    "etn": "Russell_Barr_Williamson"
                  }
                ],
                "eta": []
              }
            ],
            [
              {
                "stn": "yearOfConstruction"
              },
              {
                "dla": [
                  {
                    "txt": {
                      "sff": "1922"
                    },
                    "et": {
                      "etn": "Year"
                    },
                    "dp": {
                      "off": 349
                    }
                  }
                ],
                "la": [],
                "ea": [],
                "eta": []
              }
            ],
            [
              {
                "stn": "architecturalStyle"
              },
              {
                "dla": [],
                "la": [],
                "ea": [
                  {
                    "etn": "Prairie_School"
                  }
                ],
                "eta": []
              }
            ],
            [
              {
                "stn": "location"
              },
              {
                "dla": [],
                "la": [],
                "ea": [
                  {
                    "etn": "Kenosha,_Wisconsin"
                  }
                ],
                "eta": []
              }
            ]
          ]
        }
      ]
    }
  }
]
