[
  {
    "context": "TEST",
    "doc": {
      "id": "Bain_Commercial_Building",
      "tl": [
        {
          "si": 0,
          "sti": 0,
          "dti": 0,
          "sco": 0,
          "dco": 0,
          "txt": "Bain"
        },
        {
          "si": 0,
          "sti": 1,
          "dti": 1,
          "sco": 5,
          "dco": 5,
          "txt": "Commercial"
        },
        {
          "si": 0,
          "sti": 2,
          "dti": 2,
          "sco": 16,
          "dco": 16,
          "txt": "Building"
        },
        {
          "si": 0,
          "sti": 3,
          "dti": 3,
          "sco": 24,
          "dco": 24,
          "txt": "."
        },
        {
          "si": 1,
          "sti": 0,
          "dti": 4,
          "sco": 0,
          "dco": 26,
          "txt": "The"
        },
        {
          "si": 1,
          "sti": 1,
          "dti": 5,
          "sco": 4,
          "dco": 30,
          "txt": "Bain"
        },
        {
          "si": 1,
          "sti": 2,
          "dti": 6,
          "sco": 9,
          "dco": 35,
          "txt": "Commercial"
        },
        {
          "si": 1,
          "sti": 3,
          "dti": 7,
          "sco": 20,
          "dco": 46,
          "txt": "Building"
        },
        {
          "si": 1,
          "sti": 4,
          "dti": 8,
          "sco": 29,
          "dco": 55,
          "txt": "is"
        },
        {
          "si": 1,
          "sti": 5,
          "dti": 9,
          "sco": 32,
          "dco": 58,
          "txt": "located"
        },
        {
          "si": 1,
          "sti": 6,
          "dti": 10,
          "sco": 40,
          "dco": 66,
          "txt": "at"
        },
        {
          "si": 1,
          "sti": 7,
          "dti": 11,
          "sco": 43,
          "dco": 69,
          "txt": "the"
        },
        {
          "si": 1,
          "sti": 8,
          "dti": 12,
          "sco": 47,
          "dco": 73,
          "txt": "corner"
        },
        {
          "si": 1,
          "sti": 9,
          "dti": 13,
          "sco": 54,
          "dco": 80,
          "txt": "of"
        },
        {
          "si": 1,
          "sti": 10,
          "dti": 14,
          "sco": 57,
          "dco": 83,
          "txt": "Church"
        },
        {
          "si": 1,
          "sti": 11,
          "dti": 15,
          "sco": 64,
          "dco": 90,
          "txt": "and"
        },
        {
          "si": 1,
          "sti": 12,
          "dti": 16,
          "sco": 68,
          "dco": 94,
          "txt": "West"
        },
        {
          "si": 1,
          "sti": 13,
          "dti": 17,
          "sco": 73,
          "dco": 99,
          "txt": "Main"
        },
        {
          "si": 1,
          "sti": 14,
          "dti": 18,
          "sco": 78,
          "dco": 104,
          "txt": "("
        },
        {
          "si": 1,
          "sti": 15,
          "dti": 19,
          "sco": 79,
          "dco": 105,
          "txt": "NY"
        },
        {
          "si": 1,
          "sti": 16,
          "dti": 20,
          "sco": 82,
          "dco": 108,
          "txt": "9"
        },
        {
          "si": 1,
          "sti": 17,
          "dti": 21,
          "sco": 83,
          "dco": 109,
          "txt": "D"
        },
        {
          "si": 1,
          "sti": 18,
          "dti": 22,
          "sco": 84,
          "dco": 110,
          "txt": ")"
        },
        {
          "si": 1,
          "sti": 19,
          "dti": 23,
          "sco": 86,
          "dco": 112,
          "txt": "streets"
        },
        {
          "si": 1,
          "sti": 20,
          "dti": 24,
          "sco": 94,
          "dco": 120,
          "txt": "in"
        },
        {
          "si": 1,
          "sti": 21,
          "dti": 25,
          "sco": 97,
          "dco": 123,
          "txt": "Wappingers"
        },
        {
          "si": 1,
          "sti": 22,
          "dti": 26,
          "sco": 108,
          "dco": 134,
          "txt": "Falls"
        },
        {
          "si": 1,
          "sti": 23,
          "dti": 27,
          "sco": 113,
          "dco": 139,
          "txt": ","
        },
        {
          "si": 1,
          "sti": 24,
          "dti": 28,
          "sco": 115,
          "dco": 141,
          "txt": "New"
        },
        {
          "si": 1,
          "sti": 25,
          "dti": 29,
          "sco": 119,
          "dco": 145,
          "txt": "York"
        },
        {
          "si": 1,
          "sti": 26,
          "dti": 30,
          "sco": 123,
          "dco": 149,
          "txt": ","
        },
        {
          "si": 1,
          "sti": 27,
          "dti": 31,
          "sco": 125,
          "dco": 151,
          "txt": "United"
        },
        {
          "si": 1,
          "sti": 28,
          "dti": 32,
          "sco": 132,
          "dco": 158,
          "txt": "States"
        },
        {
          "si": 1,
          "sti": 29,
          "dti": 33,
          "sco": 138,
          "dco": 164,
          "txt": "."
        },
        {
          "si": 2,
          "sti": 0,
          "dti": 34,
          "sco": 0,
          "dco": 166,
          "txt": "It"
        },
        {
          "si": 2,
          "sti": 1,
          "dti": 35,
          "sco": 3,
          "dco": 169,
          "txt": "is"
        },
        {
          "si": 2,
          "sti": 2,
          "dti": 36,
          "sco": 6,
          "dco": 172,
          "txt": "a"
        },
        {
          "si": 2,
          "sti": 3,
          "dti": 37,
          "sco": 8,
          "dco": 174,
          "txt": "late"
        },
        {
          "si": 2,
          "sti": 4,
          "dti": 38,
          "sco": 13,
          "dco": 179,
          "txt": "19"
        },
        {
          "si": 2,
          "sti": 5,
          "dti": 39,
          "sco": 15,
          "dco": 181,
          "txt": "th"
        },
        {
          "si": 2,
          "sti": 6,
          "dti": 40,
          "sco": 17,
          "dco": 183,
          "txt": "-"
        },
        {
          "si": 2,
          "sti": 7,
          "dti": 41,
          "sco": 18,
          "dco": 184,
          "txt": "century"
        },
        {
          "si": 2,
          "sti": 8,
          "dti": 42,
          "sco": 26,
          "dco": 192,
          "txt": "brick"
        },
        {
          "si": 2,
          "sti": 9,
          "dti": 43,
          "sco": 32,
          "dco": 198,
          "txt": "building"
        },
        {
          "si": 2,
          "sti": 10,
          "dti": 44,
          "sco": 41,
          "dco": 207,
          "txt": "that"
        },
        {
          "si": 2,
          "sti": 11,
          "dti": 45,
          "sco": 46,
          "dco": 212,
          "txt": "was"
        },
        {
          "si": 2,
          "sti": 12,
          "dti": 46,
          "sco": 50,
          "dco": 216,
          "txt": "listed"
        },
        {
          "si": 2,
          "sti": 13,
          "dti": 47,
          "sco": 57,
          "dco": 223,
          "txt": "on"
        },
        {
          "si": 2,
          "sti": 14,
          "dti": 48,
          "sco": 60,
          "dco": 226,
          "txt": "the"
        },
        {
          "si": 2,
          "sti": 15,
          "dti": 49,
          "sco": 64,
          "dco": 230,
          "txt": "National"
        },
        {
          "si": 2,
          "sti": 16,
          "dti": 50,
          "sco": 73,
          "dco": 239,
          "txt": "Register"
        },
        {
          "si": 2,
          "sti": 17,
          "dti": 51,
          "sco": 82,
          "dco": 248,
          "txt": "of"
        },
        {
          "si": 2,
          "sti": 18,
          "dti": 52,
          "sco": 85,
          "dco": 251,
          "txt": "Historic"
        },
        {
          "si": 2,
          "sti": 19,
          "dti": 53,
          "sco": 94,
          "dco": 260,
          "txt": "Places"
        },
        {
          "si": 2,
          "sti": 20,
          "dti": 54,
          "sco": 101,
          "dco": 267,
          "txt": "in"
        },
        {
          "si": 2,
          "sti": 21,
          "dti": 55,
          "sco": 104,
          "dco": 270,
          "txt": "1984"
        },
        {
          "si": 2,
          "sti": 22,
          "dti": 56,
          "sco": 108,
          "dco": 274,
          "txt": "."
        },
        {
          "si": 3,
          "sti": 0,
          "dti": 57,
          "sco": 0,
          "dco": 276,
          "txt": "It"
        },
        {
          "si": 3,
          "sti": 1,
          "dti": 58,
          "sco": 3,
          "dco": 279,
          "txt": "is"
        },
        {
          "si": 3,
          "sti": 2,
          "dti": 59,
          "sco": 6,
          "dco": 282,
          "txt": "the"
        },
        {
          "si": 3,
          "sti": 3,
          "dti": 60,
          "sco": 10,
          "dco": 286,
          "txt": "only"
        },
        {
          "si": 3,
          "sti": 4,
          "dti": 61,
          "sco": 15,
          "dco": 291,
          "txt": "intact"
        },
        {
          "si": 3,
          "sti": 5,
          "dti": 62,
          "sco": 22,
          "dco": 298,
          "txt": "Second"
        },
        {
          "si": 3,
          "sti": 6,
          "dti": 63,
          "sco": 29,
          "dco": 305,
          "txt": "Empire"
        },
        {
          "si": 3,
          "sti": 7,
          "dti": 64,
          "sco": 35,
          "dco": 311,
          "txt": "-"
        },
        {
          "si": 3,
          "sti": 8,
          "dti": 65,
          "sco": 36,
          "dco": 312,
          "txt": "style"
        },
        {
          "si": 3,
          "sti": 9,
          "dti": 66,
          "sco": 42,
          "dco": 318,
          "txt": "building"
        },
        {
          "si": 3,
          "sti": 10,
          "dti": 67,
          "sco": 51,
          "dco": 327,
          "txt": "from"
        },
        {
          "si": 3,
          "sti": 11,
          "dti": 68,
          "sco": 56,
          "dco": 332,
          "txt": "that"
        },
        {
          "si": 3,
          "sti": 12,
          "dti": 69,
          "sco": 61,
          "dco": 337,
          "txt": "period"
        },
        {
          "si": 3,
          "sti": 13,
          "dti": 70,
          "sco": 68,
          "dco": 344,
          "txt": "in"
        },
        {
          "si": 3,
          "sti": 14,
          "dti": 71,
          "sco": 71,
          "dco": 347,
          "txt": "the"
        },
        {
          "si": 3,
          "sti": 15,
          "dti": 72,
          "sco": 75,
          "dco": 351,
          "txt": "village"
        },
        {
          "si": 3,
          "sti": 16,
          "dti": 73,
          "sco": 82,
          "dco": 358,
          "txt": "."
        },
        {
          "si": 4,
          "sti": 0,
          "dti": 74,
          "sco": 0,
          "dco": 360,
          "txt": "It"
        },
        {
          "si": 4,
          "sti": 1,
          "dti": 75,
          "sco": 3,
          "dco": 363,
          "txt": "is"
        },
        {
          "si": 4,
          "sti": 2,
          "dti": 76,
          "sco": 6,
          "dco": 366,
          "txt": "also"
        },
        {
          "si": 4,
          "sti": 3,
          "dti": 77,
          "sco": 11,
          "dco": 371,
          "txt": "one"
        },
        {
          "si": 4,
          "sti": 4,
          "dti": 78,
          "sco": 15,
          "dco": 375,
          "txt": "of"
        },
        {
          "si": 4,
          "sti": 5,
          "dti": 79,
          "sco": 18,
          "dco": 378,
          "txt": "the"
        },
        {
          "si": 4,
          "sti": 6,
          "dti": 80,
          "sco": 22,
          "dco": 382,
          "txt": "few"
        },
        {
          "si": 4,
          "sti": 7,
          "dti": 81,
          "sco": 26,
          "dco": 386,
          "txt": "historic"
        },
        {
          "si": 4,
          "sti": 8,
          "dti": 82,
          "sco": 35,
          "dco": 395,
          "txt": "structures"
        },
        {
          "si": 4,
          "sti": 9,
          "dti": 83,
          "sco": 46,
          "dco": 406,
          "txt": "in"
        },
        {
          "si": 4,
          "sti": 10,
          "dti": 84,
          "sco": 49,
          "dco": 409,
          "txt": "the"
        },
        {
          "si": 4,
          "sti": 11,
          "dti": 85,
          "sco": 53,
          "dco": 413,
          "txt": "portion"
        },
        {
          "si": 4,
          "sti": 12,
          "dti": 86,
          "sco": 61,
          "dco": 421,
          "txt": "of"
        },
        {
          "si": 4,
          "sti": 13,
          "dti": 87,
          "sco": 64,
          "dco": 424,
          "txt": "the"
        },
        {
          "si": 4,
          "sti": 14,
          "dti": 88,
          "sco": 68,
          "dco": 428,
          "txt": "village"
        },
        {
          "si": 4,
          "sti": 15,
          "dti": 89,
          "sco": 76,
          "dco": 436,
          "txt": "west"
        },
        {
          "si": 4,
          "sti": 16,
          "dti": 90,
          "sco": 81,
          "dco": 441,
          "txt": "of"
        },
        {
          "si": 4,
          "sti": 17,
          "dti": 91,
          "sco": 84,
          "dco": 444,
          "txt": "Wappinger"
        },
        {
          "si": 4,
          "sti": 18,
          "dti": 92,
          "sco": 94,
          "dco": 454,
          "txt": "Creek"
        },
        {
          "si": 4,
          "sti": 19,
          "dti": 93,
          "sco": 100,
          "dco": 460,
          "txt": "in"
        },
        {
          "si": 4,
          "sti": 20,
          "dti": 94,
          "sco": 103,
          "dco": 463,
          "txt": "the"
        },
        {
          "si": 4,
          "sti": 21,
          "dti": 95,
          "sco": 107,
          "dco": 467,
          "txt": "Town"
        },
        {
          "si": 4,
          "sti": 22,
          "dti": 96,
          "sco": 112,
          "dco": 472,
          "txt": "of"
        },
        {
          "si": 4,
          "sti": 23,
          "dti": 97,
          "sco": 115,
          "dco": 475,
          "txt": "Poughkeepsie"
        },
        {
          "si": 4,
          "sti": 24,
          "dti": 98,
          "sco": 128,
          "dco": 488,
          "txt": "that"
        },
        {
          "si": 4,
          "sti": 25,
          "dti": 99,
          "sco": 133,
          "dco": 493,
          "txt": "was"
        },
        {
          "si": 4,
          "sti": 26,
          "dti": 100,
          "sco": 137,
          "dco": 497,
          "txt": "once"
        },
        {
          "si": 4,
          "sti": 27,
          "dti": 101,
          "sco": 142,
          "dco": 502,
          "txt": "known"
        },
        {
          "si": 4,
          "sti": 28,
          "dti": 102,
          "sco": 148,
          "dco": 508,
          "txt": "as"
        },
        {
          "si": 4,
          "sti": 29,
          "dti": 103,
          "sco": 151,
          "dco": 511,
          "txt": "Channingville"
        },
        {
          "si": 4,
          "sti": 30,
          "dti": 104,
          "sco": 165,
          "dco": 525,
          "txt": "before"
        },
        {
          "si": 4,
          "sti": 31,
          "dti": 105,
          "sco": 172,
          "dco": 532,
          "txt": "it"
        },
        {
          "si": 4,
          "sti": 32,
          "dti": 106,
          "sco": 175,
          "dco": 535,
          "txt": "merged"
        },
        {
          "si": 4,
          "sti": 33,
          "dti": 107,
          "sco": 182,
          "dco": 542,
          "txt": "with"
        },
        {
          "si": 4,
          "sti": 34,
          "dti": 108,
          "sco": 187,
          "dco": 547,
          "txt": "Wappingers"
        },
        {
          "si": 4,
          "sti": 35,
          "dti": 109,
          "sco": 198,
          "dco": 558,
          "txt": "Falls"
        },
        {
          "si": 4,
          "sti": 36,
          "dti": 110,
          "sco": 204,
          "dco": 564,
          "txt": "in"
        },
        {
          "si": 4,
          "sti": 37,
          "dti": 111,
          "sco": 207,
          "dco": 567,
          "txt": "1871"
        },
        {
          "si": 4,
          "sti": 38,
          "dti": 112,
          "sco": 211,
          "dco": 571,
          "txt": "."
        },
        {
          "si": 5,
          "sti": 0,
          "dti": 113,
          "sco": 0,
          "dco": 573,
          "txt": "It"
        },
        {
          "si": 5,
          "sti": 1,
          "dti": 114,
          "sco": 3,
          "dco": 576,
          "txt": "has"
        },
        {
          "si": 5,
          "sti": 2,
          "dti": 115,
          "sco": 7,
          "dco": 580,
          "txt": "not"
        },
        {
          "si": 5,
          "sti": 3,
          "dti": 116,
          "sco": 11,
          "dco": 584,
          "txt": "been"
        },
        {
          "si": 5,
          "sti": 4,
          "dti": 117,
          "sco": 16,
          "dco": 589,
          "txt": "altered"
        },
        {
          "si": 5,
          "sti": 5,
          "dti": 118,
          "sco": 24,
          "dco": 597,
          "txt": "significantly"
        },
        {
          "si": 5,
          "sti": 6,
          "dti": 119,
          "sco": 38,
          "dco": 611,
          "txt": "since"
        },
        {
          "si": 5,
          "sti": 7,
          "dti": 120,
          "sco": 44,
          "dco": 617,
          "txt": "its"
        },
        {
          "si": 5,
          "sti": 8,
          "dti": 121,
          "sco": 48,
          "dco": 621,
          "txt": "construction"
        },
        {
          "si": 5,
          "sti": 9,
          "dti": 122,
          "sco": 61,
          "dco": 634,
          "txt": "and"
        },
        {
          "si": 5,
          "sti": 10,
          "dti": 123,
          "sco": 65,
          "dco": 638,
          "txt": "continues"
        },
        {
          "si": 5,
          "sti": 11,
          "dti": 124,
          "sco": 75,
          "dco": 648,
          "txt": "in"
        },
        {
          "si": 5,
          "sti": 12,
          "dti": 125,
          "sco": 78,
          "dco": 651,
          "txt": "use"
        },
        {
          "si": 5,
          "sti": 13,
          "dti": 126,
          "sco": 82,
          "dco": 655,
          "txt": "as"
        },
        {
          "si": 5,
          "sti": 14,
          "dti": 127,
          "sco": 85,
          "dco": 658,
          "txt": "multiple"
        },
        {
          "si": 5,
          "sti": 15,
          "dti": 128,
          "sco": 93,
          "dco": 666,
          "txt": "-"
        },
        {
          "si": 5,
          "sti": 16,
          "dti": 129,
          "sco": 94,
          "dco": 667,
          "txt": "dwelling"
        },
        {
          "si": 5,
          "sti": 17,
          "dti": 130,
          "sco": 103,
          "dco": 676,
          "txt": "residences"
        },
        {
          "si": 5,
          "sti": 18,
          "dti": 131,
          "sco": 114,
          "dco": 687,
          "txt": "above"
        },
        {
          "si": 5,
          "sti": 19,
          "dti": 132,
          "sco": 120,
          "dco": 693,
          "txt": "and"
        },
        {
          "si": 5,
          "sti": 20,
          "dti": 133,
          "sco": 124,
          "dco": 697,
          "txt": "business"
        },
        {
          "si": 5,
          "sti": 21,
          "dti": 134,
          "sco": 133,
          "dco": 706,
          "txt": "space"
        },
        {
          "si": 5,
          "sti": 22,
          "dti": 135,
          "sco": 139,
          "dco": 712,
          "txt": "at"
        },
        {
          "si": 5,
          "sti": 23,
          "dti": 136,
          "sco": 142,
          "dco": 715,
          "txt": "street"
        },
        {
          "si": 5,
          "sti": 24,
          "dti": 137,
          "sco": 149,
          "dco": 722,
          "txt": "level"
        },
        {
          "si": 5,
          "sti": 25,
          "dti": 138,
          "sco": 154,
          "dco": 727,
          "txt": "."
        },
        {
          "si": 6,
          "sti": 0,
          "dti": 139,
          "sco": 0,
          "dco": 729,
          "txt": "Building"
        },
        {
          "si": 6,
          "sti": 1,
          "dti": 140,
          "sco": 8,
          "dco": 737,
          "txt": "."
        },
        {
          "si": 7,
          "sti": 0,
          "dti": 141,
          "sco": 0,
          "dco": 739,
          "txt": "The"
        },
        {
          "si": 7,
          "sti": 1,
          "dti": 142,
          "sco": 4,
          "dco": 743,
          "txt": "Bain"
        },
        {
          "si": 7,
          "sti": 2,
          "dti": 143,
          "sco": 9,
          "dco": 748,
          "txt": "building"
        },
        {
          "si": 7,
          "sti": 3,
          "dti": 144,
          "sco": 18,
          "dco": 757,
          "txt": "is"
        },
        {
          "si": 7,
          "sti": 4,
          "dti": 145,
          "sco": 21,
          "dco": 760,
          "txt": "a"
        },
        {
          "si": 7,
          "sti": 5,
          "dti": 146,
          "sco": 23,
          "dco": 762,
          "txt": "two"
        },
        {
          "si": 7,
          "sti": 6,
          "dti": 147,
          "sco": 26,
          "dco": 765,
          "txt": "-"
        },
        {
          "si": 7,
          "sti": 7,
          "dti": 148,
          "sco": 27,
          "dco": 766,
          "txt": "story"
        },
        {
          "si": 7,
          "sti": 8,
          "dti": 149,
          "sco": 33,
          "dco": 772,
          "txt": "five"
        },
        {
          "si": 7,
          "sti": 9,
          "dti": 150,
          "sco": 37,
          "dco": 776,
          "txt": "-"
        },
        {
          "si": 7,
          "sti": 10,
          "dti": 151,
          "sco": 38,
          "dco": 777,
          "txt": "by"
        },
        {
          "si": 7,
          "sti": 11,
          "dti": 152,
          "sco": 40,
          "dco": 779,
          "txt": "-"
        },
        {
          "si": 7,
          "sti": 12,
          "dti": 153,
          "sco": 41,
          "dco": 780,
          "txt": "five"
        },
        {
          "si": 7,
          "sti": 13,
          "dti": 154,
          "sco": 46,
          "dco": 785,
          "txt": "bay"
        },
        {
          "si": 7,
          "sti": 14,
          "dti": 155,
          "sco": 50,
          "dco": 789,
          "txt": "structure"
        },
        {
          "si": 7,
          "sti": 15,
          "dti": 156,
          "sco": 60,
          "dco": 799,
          "txt": "with"
        },
        {
          "si": 7,
          "sti": 16,
          "dti": 157,
          "sco": 65,
          "dco": 804,
          "txt": "the"
        },
        {
          "si": 7,
          "sti": 17,
          "dti": 158,
          "sco": 69,
          "dco": 808,
          "txt": "Second"
        },
        {
          "si": 7,
          "sti": 18,
          "dti": 159,
          "sco": 76,
          "dco": 815,
          "txt": "Empire"
        },
        {
          "si": 7,
          "sti": 19,
          "dti": 160,
          "sco": 82,
          "dco": 821,
          "txt": "'"
        },
        {
          "si": 7,
          "sti": 20,
          "dti": 161,
          "sco": 83,
          "dco": 822,
          "txt": "s"
        },
        {
          "si": 7,
          "sti": 21,
          "dti": 162,
          "sco": 85,
          "dco": 824,
          "txt": "signature"
        },
        {
          "si": 7,
          "sti": 22,
          "dti": 163,
          "sco": 95,
          "dco": 834,
          "txt": "mansard"
        },
        {
          "si": 7,
          "sti": 23,
          "dti": 164,
          "sco": 103,
          "dco": 842,
          "txt": "roof"
        },
        {
          "si": 7,
          "sti": 24,
          "dti": 165,
          "sco": 107,
          "dco": 846,
          "txt": ","
        },
        {
          "si": 7,
          "sti": 25,
          "dti": 166,
          "sco": 109,
          "dco": 848,
          "txt": "surfaced"
        },
        {
          "si": 7,
          "sti": 26,
          "dti": 167,
          "sco": 118,
          "dco": 857,
          "txt": "in"
        },
        {
          "si": 7,
          "sti": 27,
          "dti": 168,
          "sco": 121,
          "dco": 860,
          "txt": "polychrome"
        },
        {
          "si": 7,
          "sti": 28,
          "dti": 169,
          "sco": 132,
          "dco": 871,
          "txt": "slate"
        },
        {
          "si": 7,
          "sti": 29,
          "dti": 170,
          "sco": 137,
          "dco": 876,
          "txt": "."
        },
        {
          "si": 8,
          "sti": 0,
          "dti": 171,
          "sco": 0,
          "dco": 878,
          "txt": "Its"
        },
        {
          "si": 8,
          "sti": 1,
          "dti": 172,
          "sco": 4,
          "dco": 882,
          "txt": "foundation"
        },
        {
          "si": 8,
          "sti": 2,
          "dti": 173,
          "sco": 15,
          "dco": 893,
          "txt": "is"
        },
        {
          "si": 8,
          "sti": 3,
          "dti": 174,
          "sco": 18,
          "dco": 896,
          "txt": "built"
        },
        {
          "si": 8,
          "sti": 4,
          "dti": 175,
          "sco": 24,
          "dco": 902,
          "txt": "into"
        },
        {
          "si": 8,
          "sti": 5,
          "dti": 176,
          "sco": 29,
          "dco": 907,
          "txt": "surface"
        },
        {
          "si": 8,
          "sti": 6,
          "dti": 177,
          "sco": 37,
          "dco": 915,
          "txt": "that"
        },
        {
          "si": 8,
          "sti": 7,
          "dti": 178,
          "sco": 42,
          "dco": 920,
          "txt": "slopes"
        },
        {
          "si": 8,
          "sti": 8,
          "dti": 179,
          "sco": 49,
          "dco": 927,
          "txt": "toward"
        },
        {
          "si": 8,
          "sti": 9,
          "dti": 180,
          "sco": 56,
          "dco": 934,
          "txt": "the"
        },
        {
          "si": 8,
          "sti": 10,
          "dti": 181,
          "sco": 60,
          "dco": 938,
          "txt": "creek"
        },
        {
          "si": 8,
          "sti": 11,
          "dti": 182,
          "sco": 65,
          "dco": 943,
          "txt": ","
        },
        {
          "si": 8,
          "sti": 12,
          "dti": 183,
          "sco": 67,
          "dco": 945,
          "txt": "requiring"
        },
        {
          "si": 8,
          "sti": 13,
          "dti": 184,
          "sco": 77,
          "dco": 955,
          "txt": "steps"
        },
        {
          "si": 8,
          "sti": 14,
          "dti": 185,
          "sco": 83,
          "dco": 961,
          "txt": "to"
        },
        {
          "si": 8,
          "sti": 15,
          "dti": 186,
          "sco": 86,
          "dco": 964,
          "txt": "access"
        },
        {
          "si": 8,
          "sti": 16,
          "dti": 187,
          "sco": 93,
          "dco": 971,
          "txt": "the"
        },
        {
          "si": 8,
          "sti": 17,
          "dti": 188,
          "sco": 97,
          "dco": 975,
          "txt": "building"
        },
        {
          "si": 8,
          "sti": 18,
          "dti": 189,
          "sco": 106,
          "dco": 984,
          "txt": "through"
        },
        {
          "si": 8,
          "sti": 19,
          "dti": 190,
          "sco": 114,
          "dco": 992,
          "txt": "its"
        },
        {
          "si": 8,
          "sti": 20,
          "dti": 191,
          "sco": 118,
          "dco": 996,
          "txt": "front"
        },
        {
          "si": 8,
          "sti": 21,
          "dti": 192,
          "sco": 124,
          "dco": 1002,
          "txt": "facade"
        },
        {
          "si": 8,
          "sti": 22,
          "dti": 193,
          "sco": 130,
          "dco": 1008,
          "txt": ","
        },
        {
          "si": 8,
          "sti": 23,
          "dti": 194,
          "sco": 132,
          "dco": 1010,
          "txt": "where"
        },
        {
          "si": 8,
          "sti": 24,
          "dti": 195,
          "sco": 138,
          "dco": 1016,
          "txt": "a"
        },
        {
          "si": 8,
          "sti": 25,
          "dti": 196,
          "sco": 140,
          "dco": 1018,
          "txt": "central"
        },
        {
          "si": 8,
          "sti": 26,
          "dti": 197,
          "sco": 148,
          "dco": 1026,
          "txt": "entry"
        },
        {
          "si": 8,
          "sti": 27,
          "dti": 198,
          "sco": 154,
          "dco": 1032,
          "txt": "to"
        },
        {
          "si": 8,
          "sti": 28,
          "dti": 199,
          "sco": 157,
          "dco": 1035,
          "txt": "the"
        },
        {
          "si": 8,
          "sti": 29,
          "dti": 200,
          "sco": 161,
          "dco": 1039,
          "txt": "upper"
        },
        {
          "si": 8,
          "sti": 30,
          "dti": 201,
          "sco": 167,
          "dco": 1045,
          "txt": "floors"
        },
        {
          "si": 8,
          "sti": 31,
          "dti": 202,
          "sco": 174,
          "dco": 1052,
          "txt": "is"
        },
        {
          "si": 8,
          "sti": 32,
          "dti": 203,
          "sco": 177,
          "dco": 1055,
          "txt": "flanked"
        },
        {
          "si": 8,
          "sti": 33,
          "dti": 204,
          "sco": 185,
          "dco": 1063,
          "txt": "by"
        },
        {
          "si": 8,
          "sti": 34,
          "dti": 205,
          "sco": 188,
          "dco": 1066,
          "txt": "separate"
        },
        {
          "si": 8,
          "sti": 35,
          "dti": 206,
          "sco": 196,
          "dco": 1074,
          "txt": ","
        },
        {
          "si": 8,
          "sti": 36,
          "dti": 207,
          "sco": 198,
          "dco": 1076,
          "txt": "three"
        },
        {
          "si": 8,
          "sti": 37,
          "dti": 208,
          "sco": 203,
          "dco": 1081,
          "txt": "-"
        },
        {
          "si": 8,
          "sti": 38,
          "dti": 209,
          "sco": 204,
          "dco": 1082,
          "txt": "part"
        },
        {
          "si": 8,
          "sti": 39,
          "dti": 210,
          "sco": 209,
          "dco": 1087,
          "txt": "storefronts"
        },
        {
          "si": 8,
          "sti": 40,
          "dti": 211,
          "sco": 221,
          "dco": 1099,
          "txt": "themselves"
        },
        {
          "si": 8,
          "sti": 41,
          "dti": 212,
          "sco": 232,
          "dco": 1110,
          "txt": "consisting"
        },
        {
          "si": 8,
          "sti": 42,
          "dti": 213,
          "sco": 243,
          "dco": 1121,
          "txt": "of"
        },
        {
          "si": 8,
          "sti": 43,
          "dti": 214,
          "sco": 246,
          "dco": 1124,
          "txt": "doors"
        },
        {
          "si": 8,
          "sti": 44,
          "dti": 215,
          "sco": 252,
          "dco": 1130,
          "txt": "flanked"
        },
        {
          "si": 8,
          "sti": 45,
          "dti": 216,
          "sco": 260,
          "dco": 1138,
          "txt": "by"
        },
        {
          "si": 8,
          "sti": 46,
          "dti": 217,
          "sco": 263,
          "dco": 1141,
          "txt": "large"
        },
        {
          "si": 8,
          "sti": 47,
          "dti": 218,
          "sco": 269,
          "dco": 1147,
          "txt": "bay"
        },
        {
          "si": 8,
          "sti": 48,
          "dti": 219,
          "sco": 273,
          "dco": 1151,
          "txt": "windows"
        },
        {
          "si": 8,
          "sti": 49,
          "dti": 220,
          "sco": 280,
          "dco": 1158,
          "txt": "."
        },
        {
          "si": 9,
          "sti": 0,
          "dti": 221,
          "sco": 0,
          "dco": 1160,
          "txt": "The"
        },
        {
          "si": 9,
          "sti": 1,
          "dti": 222,
          "sco": 4,
          "dco": 1164,
          "txt": "roofline"
        },
        {
          "si": 9,
          "sti": 2,
          "dti": 223,
          "sco": 13,
          "dco": 1173,
          "txt": "is"
        },
        {
          "si": 9,
          "sti": 3,
          "dti": 224,
          "sco": 16,
          "dco": 1176,
          "txt": "decorated"
        },
        {
          "si": 9,
          "sti": 4,
          "dti": 225,
          "sco": 26,
          "dco": 1186,
          "txt": "with"
        },
        {
          "si": 9,
          "sti": 5,
          "dti": 226,
          "sco": 31,
          "dco": 1191,
          "txt": "a"
        },
        {
          "si": 9,
          "sti": 6,
          "dti": 227,
          "sco": 33,
          "dco": 1193,
          "txt": "bracketed"
        },
        {
          "si": 9,
          "sti": 7,
          "dti": 228,
          "sco": 43,
          "dco": 1203,
          "txt": "and"
        },
        {
          "si": 9,
          "sti": 8,
          "dti": 229,
          "sco": 47,
          "dco": 1207,
          "txt": "panelled"
        },
        {
          "si": 9,
          "sti": 9,
          "dti": 230,
          "sco": 56,
          "dco": 1216,
          "txt": "cornice"
        },
        {
          "si": 9,
          "sti": 10,
          "dti": 231,
          "sco": 63,
          "dco": 1223,
          "txt": ","
        },
        {
          "si": 9,
          "sti": 11,
          "dti": 232,
          "sco": 65,
          "dco": 1225,
          "txt": "echoed"
        },
        {
          "si": 9,
          "sti": 12,
          "dti": 233,
          "sco": 72,
          "dco": 1232,
          "txt": "in"
        },
        {
          "si": 9,
          "sti": 13,
          "dti": 234,
          "sco": 75,
          "dco": 1235,
          "txt": "smaller"
        },
        {
          "si": 9,
          "sti": 14,
          "dti": 235,
          "sco": 82,
          "dco": 1242,
          "txt": ","
        },
        {
          "si": 9,
          "sti": 15,
          "dti": 236,
          "sco": 84,
          "dco": 1244,
          "txt": "less"
        },
        {
          "si": 9,
          "sti": 16,
          "dti": 237,
          "sco": 89,
          "dco": 1249,
          "txt": "ornate"
        },
        {
          "si": 9,
          "sti": 17,
          "dti": 238,
          "sco": 96,
          "dco": 1256,
          "txt": "scale"
        },
        {
          "si": 9,
          "sti": 18,
          "dti": 239,
          "sco": 102,
          "dco": 1262,
          "txt": "above"
        },
        {
          "si": 9,
          "sti": 19,
          "dti": 240,
          "sco": 108,
          "dco": 1268,
          "txt": "the"
        },
        {
          "si": 9,
          "sti": 20,
          "dti": 241,
          "sco": 112,
          "dco": 1272,
          "txt": "storefronts"
        },
        {
          "si": 9,
          "sti": 21,
          "dti": 242,
          "sco": 123,
          "dco": 1283,
          "txt": "."
        },
        {
          "si": 10,
          "sti": 0,
          "dti": 243,
          "sco": 0,
          "dco": 1285,
          "txt": "The"
        },
        {
          "si": 10,
          "sti": 1,
          "dti": 244,
          "sco": 4,
          "dco": 1289,
          "txt": "five"
        },
        {
          "si": 10,
          "sti": 2,
          "dti": 245,
          "sco": 9,
          "dco": 1294,
          "txt": "windows"
        },
        {
          "si": 10,
          "sti": 3,
          "dti": 246,
          "sco": 17,
          "dco": 1302,
          "txt": "on"
        },
        {
          "si": 10,
          "sti": 4,
          "dti": 247,
          "sco": 20,
          "dco": 1305,
          "txt": "the"
        },
        {
          "si": 10,
          "sti": 5,
          "dti": 248,
          "sco": 24,
          "dco": 1309,
          "txt": "second"
        },
        {
          "si": 10,
          "sti": 6,
          "dti": 249,
          "sco": 31,
          "dco": 1316,
          "txt": "story"
        },
        {
          "si": 10,
          "sti": 7,
          "dti": 250,
          "sco": 37,
          "dco": 1322,
          "txt": "give"
        },
        {
          "si": 10,
          "sti": 8,
          "dti": 251,
          "sco": 42,
          "dco": 1327,
          "txt": "way"
        },
        {
          "si": 10,
          "sti": 9,
          "dti": 252,
          "sco": 46,
          "dco": 1331,
          "txt": "to"
        },
        {
          "si": 10,
          "sti": 10,
          "dti": 253,
          "sco": 49,
          "dco": 1334,
          "txt": "three"
        },
        {
          "si": 10,
          "sti": 11,
          "dti": 254,
          "sco": 55,
          "dco": 1340,
          "txt": "dormer"
        },
        {
          "si": 10,
          "sti": 12,
          "dti": 255,
          "sco": 62,
          "dco": 1347,
          "txt": "windows"
        },
        {
          "si": 10,
          "sti": 13,
          "dti": 256,
          "sco": 70,
          "dco": 1355,
          "txt": "on"
        },
        {
          "si": 10,
          "sti": 14,
          "dti": 257,
          "sco": 73,
          "dco": 1358,
          "txt": "the"
        },
        {
          "si": 10,
          "sti": 15,
          "dti": 258,
          "sco": 77,
          "dco": 1362,
          "txt": "roof"
        },
        {
          "si": 10,
          "sti": 16,
          "dti": 259,
          "sco": 81,
          "dco": 1366,
          "txt": ","
        },
        {
          "si": 10,
          "sti": 17,
          "dti": 260,
          "sco": 83,
          "dco": 1368,
          "txt": "pierced"
        },
        {
          "si": 10,
          "sti": 18,
          "dti": 261,
          "sco": 91,
          "dco": 1376,
          "txt": "by"
        },
        {
          "si": 10,
          "sti": 19,
          "dti": 262,
          "sco": 94,
          "dco": 1379,
          "txt": "chimneys"
        },
        {
          "si": 10,
          "sti": 20,
          "dti": 263,
          "sco": 103,
          "dco": 1388,
          "txt": "at"
        },
        {
          "si": 10,
          "sti": 21,
          "dti": 264,
          "sco": 106,
          "dco": 1391,
          "txt": "the"
        },
        {
          "si": 10,
          "sti": 22,
          "dti": 265,
          "sco": 110,
          "dco": 1395,
          "txt": "center"
        },
        {
          "si": 10,
          "sti": 23,
          "dti": 266,
          "sco": 117,
          "dco": 1402,
          "txt": "of"
        },
        {
          "si": 10,
          "sti": 24,
          "dti": 267,
          "sco": 120,
          "dco": 1405,
          "txt": "the"
        },
        {
          "si": 10,
          "sti": 25,
          "dti": 268,
          "sco": 124,
          "dco": 1409,
          "txt": "north"
        },
        {
          "si": 10,
          "sti": 26,
          "dti": 269,
          "sco": 130,
          "dco": 1415,
          "txt": "and"
        },
        {
          "si": 10,
          "sti": 27,
          "dti": 270,
          "sco": 134,
          "dco": 1419,
          "txt": "south"
        },
        {
          "si": 10,
          "sti": 28,
          "dti": 271,
          "sco": 140,
          "dco": 1425,
          "txt": "elevations"
        },
        {
          "si": 10,
          "sti": 29,
          "dti": 272,
          "sco": 150,
          "dco": 1435,
          "txt": "."
        },
        {
          "si": 11,
          "sti": 0,
          "dti": 273,
          "sco": 0,
          "dco": 1437,
          "txt": "Cast"
        },
        {
          "si": 11,
          "sti": 1,
          "dti": 274,
          "sco": 5,
          "dco": 1442,
          "txt": "iron"
        },
        {
          "si": 11,
          "sti": 2,
          "dti": 275,
          "sco": 10,
          "dco": 1447,
          "txt": "columns"
        },
        {
          "si": 11,
          "sti": 3,
          "dti": 276,
          "sco": 18,
          "dco": 1455,
          "txt": "support"
        },
        {
          "si": 11,
          "sti": 4,
          "dti": 277,
          "sco": 26,
          "dco": 1463,
          "txt": "the"
        },
        {
          "si": 11,
          "sti": 5,
          "dti": 278,
          "sco": 30,
          "dco": 1467,
          "txt": "structure"
        },
        {
          "si": 11,
          "sti": 6,
          "dti": 279,
          "sco": 40,
          "dco": 1477,
          "txt": "where"
        },
        {
          "si": 11,
          "sti": 7,
          "dti": 280,
          "sco": 46,
          "dco": 1483,
          "txt": "the"
        },
        {
          "si": 11,
          "sti": 8,
          "dti": 281,
          "sco": 50,
          "dco": 1487,
          "txt": "facade"
        },
        {
          "si": 11,
          "sti": 9,
          "dti": 282,
          "sco": 57,
          "dco": 1494,
          "txt": "elements"
        },
        {
          "si": 11,
          "sti": 10,
          "dti": 283,
          "sco": 66,
          "dco": 1503,
          "txt": "intersect"
        },
        {
          "si": 11,
          "sti": 11,
          "dti": 284,
          "sco": 75,
          "dco": 1512,
          "txt": "."
        },
        {
          "si": 12,
          "sti": 0,
          "dti": 285,
          "sco": 0,
          "dco": 1514,
          "txt": "To"
        },
        {
          "si": 12,
          "sti": 1,
          "dti": 286,
          "sco": 3,
          "dco": 1517,
          "txt": "better"
        },
        {
          "si": 12,
          "sti": 2,
          "dti": 287,
          "sco": 10,
          "dco": 1524,
          "txt": "facilitate"
        },
        {
          "si": 12,
          "sti": 3,
          "dti": 288,
          "sco": 21,
          "dco": 1535,
          "txt": "the"
        },
        {
          "si": 12,
          "sti": 4,
          "dti": 289,
          "sco": 25,
          "dco": 1539,
          "txt": "building"
        },
        {
          "si": 12,
          "sti": 5,
          "dti": 290,
          "sco": 33,
          "dco": 1547,
          "txt": "'"
        },
        {
          "si": 12,
          "sti": 6,
          "dti": 291,
          "sco": 34,
          "dco": 1548,
          "txt": "s"
        },
        {
          "si": 12,
          "sti": 7,
          "dti": 292,
          "sco": 36,
          "dco": 1550,
          "txt": "conversion"
        },
        {
          "si": 12,
          "sti": 8,
          "dti": 293,
          "sco": 47,
          "dco": 1561,
          "txt": "into"
        },
        {
          "si": 12,
          "sti": 9,
          "dti": 294,
          "sco": 52,
          "dco": 1566,
          "txt": "apartments"
        },
        {
          "si": 12,
          "sti": 10,
          "dti": 295,
          "sco": 62,
          "dco": 1576,
          "txt": ","
        },
        {
          "si": 12,
          "sti": 11,
          "dti": 296,
          "sco": 64,
          "dco": 1578,
          "txt": "wooden"
        },
        {
          "si": 12,
          "sti": 12,
          "dti": 297,
          "sco": 71,
          "dco": 1585,
          "txt": "stairs"
        },
        {
          "si": 12,
          "sti": 13,
          "dti": 298,
          "sco": 78,
          "dco": 1592,
          "txt": "and"
        },
        {
          "si": 12,
          "sti": 14,
          "dti": 299,
          "sco": 82,
          "dco": 1596,
          "txt": "sheds"
        },
        {
          "si": 12,
          "sti": 15,
          "dti": 300,
          "sco": 88,
          "dco": 1602,
          "txt": "have"
        },
        {
          "si": 12,
          "sti": 16,
          "dti": 301,
          "sco": 93,
          "dco": 1607,
          "txt": "been"
        },
        {
          "si": 12,
          "sti": 17,
          "dti": 302,
          "sco": 98,
          "dco": 1612,
          "txt": "added"
        },
        {
          "si": 12,
          "sti": 18,
          "dti": 303,
          "sco": 104,
          "dco": 1618,
          "txt": "to"
        },
        {
          "si": 12,
          "sti": 19,
          "dti": 304,
          "sco": 107,
          "dco": 1621,
          "txt": "the"
        },
        {
          "si": 12,
          "sti": 20,
          "dti": 305,
          "sco": 111,
          "dco": 1625,
          "txt": "back"
        },
        {
          "si": 12,
          "sti": 21,
          "dti": 306,
          "sco": 115,
          "dco": 1629,
          "txt": "."
        },
        {
          "si": 13,
          "sti": 0,
          "dti": 307,
          "sco": 0,
          "dco": 1631,
          "txt": "One"
        },
        {
          "si": 13,
          "sti": 1,
          "dti": 308,
          "sco": 4,
          "dco": 1635,
          "txt": "original"
        },
        {
          "si": 13,
          "sti": 2,
          "dti": 309,
          "sco": 13,
          "dco": 1644,
          "txt": "shed"
        },
        {
          "si": 13,
          "sti": 3,
          "dti": 310,
          "sco": 18,
          "dco": 1649,
          "txt": "that"
        },
        {
          "si": 13,
          "sti": 4,
          "dti": 311,
          "sco": 23,
          "dco": 1654,
          "txt": "remains"
        },
        {
          "si": 13,
          "sti": 5,
          "dti": 312,
          "sco": 31,
          "dco": 1662,
          "txt": "is"
        },
        {
          "si": 13,
          "sti": 6,
          "dti": 313,
          "sco": 34,
          "dco": 1665,
          "txt": "considered"
        },
        {
          "si": 13,
          "sti": 7,
          "dti": 314,
          "sco": 45,
          "dco": 1676,
          "txt": "a"
        },
        {
          "si": 13,
          "sti": 8,
          "dti": 315,
          "sco": 47,
          "dco": 1678,
          "txt": "contributing"
        },
        {
          "si": 13,
          "sti": 9,
          "dti": 316,
          "sco": 60,
          "dco": 1691,
          "txt": "outbuilding"
        },
        {
          "si": 13,
          "sti": 10,
          "dti": 317,
          "sco": 71,
          "dco": 1702,
          "txt": "."
        },
        {
          "si": 14,
          "sti": 0,
          "dti": 318,
          "sco": 0,
          "dco": 1704,
          "txt": "History"
        },
        {
          "si": 14,
          "sti": 1,
          "dti": 319,
          "sco": 7,
          "dco": 1711,
          "txt": "."
        },
        {
          "si": 15,
          "sti": 0,
          "dti": 320,
          "sco": 0,
          "dco": 1713,
          "txt": "The"
        },
        {
          "si": 15,
          "sti": 1,
          "dti": 321,
          "sco": 4,
          "dco": 1717,
          "txt": "Bain"
        },
        {
          "si": 15,
          "sti": 2,
          "dti": 322,
          "sco": 9,
          "dco": 1722,
          "txt": "family"
        },
        {
          "si": 15,
          "sti": 3,
          "dti": 323,
          "sco": 16,
          "dco": 1729,
          "txt": "is"
        },
        {
          "si": 15,
          "sti": 4,
          "dti": 324,
          "sco": 19,
          "dco": 1732,
          "txt": "believed"
        },
        {
          "si": 15,
          "sti": 5,
          "dti": 325,
          "sco": 28,
          "dco": 1741,
          "txt": "by"
        },
        {
          "si": 15,
          "sti": 6,
          "dti": 326,
          "sco": 31,
          "dco": 1744,
          "txt": "most"
        },
        {
          "si": 15,
          "sti": 7,
          "dti": 327,
          "sco": 36,
          "dco": 1749,
          "txt": "of"
        },
        {
          "si": 15,
          "sti": 8,
          "dti": 328,
          "sco": 39,
          "dco": 1752,
          "txt": "Wappingers"
        },
        {
          "si": 15,
          "sti": 9,
          "dti": 329,
          "sco": 50,
          "dco": 1763,
          "txt": "Falls"
        },
        {
          "si": 15,
          "sti": 10,
          "dti": 330,
          "sco": 56,
          "dco": 1769,
          "txt": "to"
        },
        {
          "si": 15,
          "sti": 11,
          "dti": 331,
          "sco": 59,
          "dco": 1772,
          "txt": "have"
        },
        {
          "si": 15,
          "sti": 12,
          "dti": 332,
          "sco": 64,
          "dco": 1777,
          "txt": "built"
        },
        {
          "si": 15,
          "sti": 13,
          "dti": 333,
          "sco": 70,
          "dco": 1783,
          "txt": "the"
        },
        {
          "si": 15,
          "sti": 14,
          "dti": 334,
          "sco": 74,
          "dco": 1787,
          "txt": "building"
        },
        {
          "si": 15,
          "sti": 15,
          "dti": 335,
          "sco": 83,
          "dco": 1796,
          "txt": "in"
        },
        {
          "si": 15,
          "sti": 16,
          "dti": 336,
          "sco": 86,
          "dco": 1799,
          "txt": "1875"
        },
        {
          "si": 15,
          "sti": 17,
          "dti": 337,
          "sco": 90,
          "dco": 1803,
          "txt": ","
        },
        {
          "si": 15,
          "sti": 18,
          "dti": 338,
          "sco": 92,
          "dco": 1805,
          "txt": "shortly"
        },
        {
          "si": 15,
          "sti": 19,
          "dti": 339,
          "sco": 100,
          "dco": 1813,
          "txt": "after"
        },
        {
          "si": 15,
          "sti": 20,
          "dti": 340,
          "sco": 106,
          "dco": 1819,
          "txt": "Channingville"
        },
        {
          "si": 15,
          "sti": 21,
          "dti": 341,
          "sco": 120,
          "dco": 1833,
          "txt": "became"
        },
        {
          "si": 15,
          "sti": 22,
          "dti": 342,
          "sco": 127,
          "dco": 1840,
          "txt": "part"
        },
        {
          "si": 15,
          "sti": 23,
          "dti": 343,
          "sco": 132,
          "dco": 1845,
          "txt": "of"
        },
        {
          "si": 15,
          "sti": 24,
          "dti": 344,
          "sco": 135,
          "dco": 1848,
          "txt": "the"
        },
        {
          "si": 15,
          "sti": 25,
          "dti": 345,
          "sco": 139,
          "dco": 1852,
          "txt": "village"
        },
        {
          "si": 15,
          "sti": 26,
          "dti": 346,
          "sco": 146,
          "dco": 1859,
          "txt": "."
        },
        {
          "si": 16,
          "sti": 0,
          "dti": 347,
          "sco": 0,
          "dco": 1861,
          "txt": "It"
        },
        {
          "si": 16,
          "sti": 1,
          "dti": 348,
          "sco": 3,
          "dco": 1864,
          "txt": "was"
        },
        {
          "si": 16,
          "sti": 2,
          "dti": 349,
          "sco": 7,
          "dco": 1868,
          "txt": "both"
        },
        {
          "si": 16,
          "sti": 3,
          "dti": 350,
          "sco": 12,
          "dco": 1873,
          "txt": "their"
        },
        {
          "si": 16,
          "sti": 4,
          "dti": 351,
          "sco": 18,
          "dco": 1879,
          "txt": "residence"
        },
        {
          "si": 16,
          "sti": 5,
          "dti": 352,
          "sco": 28,
          "dco": 1889,
          "txt": "and"
        },
        {
          "si": 16,
          "sti": 6,
          "dti": 353,
          "sco": 32,
          "dco": 1893,
          "txt": "their"
        },
        {
          "si": 16,
          "sti": 7,
          "dti": 354,
          "sco": 38,
          "dco": 1899,
          "txt": "place"
        },
        {
          "si": 16,
          "sti": 8,
          "dti": 355,
          "sco": 44,
          "dco": 1905,
          "txt": "of"
        },
        {
          "si": 16,
          "sti": 9,
          "dti": 356,
          "sco": 47,
          "dco": 1908,
          "txt": "business"
        },
        {
          "si": 16,
          "sti": 10,
          "dti": 357,
          "sco": 55,
          "dco": 1916,
          "txt": ","
        },
        {
          "si": 16,
          "sti": 11,
          "dti": 358,
          "sco": 57,
          "dco": 1918,
          "txt": "with"
        },
        {
          "si": 16,
          "sti": 12,
          "dti": 359,
          "sco": 62,
          "dco": 1923,
          "txt": "the"
        },
        {
          "si": 16,
          "sti": 13,
          "dti": 360,
          "sco": 66,
          "dco": 1927,
          "txt": "possibility"
        },
        {
          "si": 16,
          "sti": 14,
          "dti": 361,
          "sco": 78,
          "dco": 1939,
          "txt": "of"
        },
        {
          "si": 16,
          "sti": 15,
          "dti": 362,
          "sco": 81,
          "dco": 1942,
          "txt": "rental"
        },
        {
          "si": 16,
          "sti": 16,
          "dti": 363,
          "sco": 88,
          "dco": 1949,
          "txt": "income"
        },
        {
          "si": 16,
          "sti": 17,
          "dti": 364,
          "sco": 95,
          "dco": 1956,
          "txt": "from"
        },
        {
          "si": 16,
          "sti": 18,
          "dti": 365,
          "sco": 100,
          "dco": 1961,
          "txt": "the"
        },
        {
          "si": 16,
          "sti": 19,
          "dti": 366,
          "sco": 104,
          "dco": 1965,
          "txt": "other"
        },
        {
          "si": 16,
          "sti": 20,
          "dti": 367,
          "sco": 110,
          "dco": 1971,
          "txt": "storefront"
        },
        {
          "si": 16,
          "sti": 21,
          "dti": 368,
          "sco": 120,
          "dco": 1981,
          "txt": "."
        },
        {
          "si": 17,
          "sti": 0,
          "dti": 369,
          "sco": 0,
          "dco": 1983,
          "txt": "In"
        },
        {
          "si": 17,
          "sti": 1,
          "dti": 370,
          "sco": 3,
          "dco": 1986,
          "txt": "the"
        },
        {
          "si": 17,
          "sti": 2,
          "dti": 371,
          "sco": 7,
          "dco": 1990,
          "txt": "20"
        },
        {
          "si": 17,
          "sti": 3,
          "dti": 372,
          "sco": 9,
          "dco": 1992,
          "txt": "th"
        },
        {
          "si": 17,
          "sti": 4,
          "dti": 373,
          "sco": 12,
          "dco": 1995,
          "txt": "century"
        },
        {
          "si": 17,
          "sti": 5,
          "dti": 374,
          "sco": 19,
          "dco": 2002,
          "txt": ","
        },
        {
          "si": 17,
          "sti": 6,
          "dti": 375,
          "sco": 21,
          "dco": 2004,
          "txt": "after"
        },
        {
          "si": 17,
          "sti": 7,
          "dti": 376,
          "sco": 27,
          "dco": 2010,
          "txt": "the"
        },
        {
          "si": 17,
          "sti": 8,
          "dti": 377,
          "sco": 31,
          "dco": 2014,
          "txt": "village"
        },
        {
          "si": 17,
          "sti": 9,
          "dti": 378,
          "sco": 38,
          "dco": 2021,
          "txt": "'"
        },
        {
          "si": 17,
          "sti": 10,
          "dti": 379,
          "sco": 39,
          "dco": 2022,
          "txt": "s"
        },
        {
          "si": 17,
          "sti": 11,
          "dti": 380,
          "sco": 41,
          "dco": 2024,
          "txt": "industries"
        },
        {
          "si": 17,
          "sti": 12,
          "dti": 381,
          "sco": 52,
          "dco": 2035,
          "txt": "declined"
        },
        {
          "si": 17,
          "sti": 13,
          "dti": 382,
          "sco": 60,
          "dco": 2043,
          "txt": ","
        },
        {
          "si": 17,
          "sti": 14,
          "dti": 383,
          "sco": 62,
          "dco": 2045,
          "txt": "the"
        },
        {
          "si": 17,
          "sti": 15,
          "dti": 384,
          "sco": 66,
          "dco": 2049,
          "txt": "upper"
        },
        {
          "si": 17,
          "sti": 16,
          "dti": 385,
          "sco": 72,
          "dco": 2055,
          "txt": "residences"
        },
        {
          "si": 17,
          "sti": 17,
          "dti": 386,
          "sco": 83,
          "dco": 2066,
          "txt": "were"
        },
        {
          "si": 17,
          "sti": 18,
          "dti": 387,
          "sco": 88,
          "dco": 2071,
          "txt": "converted"
        },
        {
          "si": 17,
          "sti": 19,
          "dti": 388,
          "sco": 98,
          "dco": 2081,
          "txt": "into"
        },
        {
          "si": 17,
          "sti": 20,
          "dti": 389,
          "sco": 103,
          "dco": 2086,
          "txt": "apartments"
        },
        {
          "si": 17,
          "sti": 21,
          "dti": 390,
          "sco": 114,
          "dco": 2097,
          "txt": "and"
        },
        {
          "si": 17,
          "sti": 22,
          "dti": 391,
          "sco": 118,
          "dco": 2101,
          "txt": "the"
        },
        {
          "si": 17,
          "sti": 23,
          "dti": 392,
          "sco": 122,
          "dco": 2105,
          "txt": "appropriate"
        },
        {
          "si": 17,
          "sti": 24,
          "dti": 393,
          "sco": 134,
          "dco": 2117,
          "txt": "modifications"
        },
        {
          "si": 17,
          "sti": 25,
          "dti": 394,
          "sco": 148,
          "dco": 2131,
          "txt": "made"
        },
        {
          "si": 17,
          "sti": 26,
          "dti": 395,
          "sco": 153,
          "dco": 2136,
          "txt": "to"
        },
        {
          "si": 17,
          "sti": 27,
          "dti": 396,
          "sco": 156,
          "dco": 2139,
          "txt": "the"
        },
        {
          "si": 17,
          "sti": 28,
          "dti": 397,
          "sco": 160,
          "dco": 2143,
          "txt": "building"
        },
        {
          "si": 17,
          "sti": 29,
          "dti": 398,
          "sco": 169,
          "dco": 2152,
          "txt": "by"
        },
        {
          "si": 17,
          "sti": 30,
          "dti": 399,
          "sco": 172,
          "dco": 2155,
          "txt": "the"
        },
        {
          "si": 17,
          "sti": 31,
          "dti": 400,
          "sco": 176,
          "dco": 2159,
          "txt": "Bain"
        },
        {
          "si": 17,
          "sti": 32,
          "dti": 401,
          "sco": 181,
          "dco": 2164,
          "txt": "descendants"
        },
        {
          "si": 17,
          "sti": 33,
          "dti": 402,
          "sco": 193,
          "dco": 2176,
          "txt": "who"
        },
        {
          "si": 17,
          "sti": 34,
          "dti": 403,
          "sco": 197,
          "dco": 2180,
          "txt": "still"
        },
        {
          "si": 17,
          "sti": 35,
          "dti": 404,
          "sco": 203,
          "dco": 2186,
          "txt": "owned"
        },
        {
          "si": 17,
          "sti": 36,
          "dti": 405,
          "sco": 209,
          "dco": 2192,
          "txt": "the"
        },
        {
          "si": 17,
          "sti": 37,
          "dti": 406,
          "sco": 213,
          "dco": 2196,
          "txt": "property"
        },
        {
          "si": 17,
          "sti": 38,
          "dti": 407,
          "sco": 221,
          "dco": 2204,
          "txt": "."
        },
        {
          "si": 18,
          "sti": 0,
          "dti": 408,
          "sco": 0,
          "dco": 2206,
          "txt": "That"
        },
        {
          "si": 18,
          "sti": 1,
          "dti": 409,
          "sco": 5,
          "dco": 2211,
          "txt": "mix"
        },
        {
          "si": 18,
          "sti": 2,
          "dti": 410,
          "sco": 9,
          "dco": 2215,
          "txt": "of"
        },
        {
          "si": 18,
          "sti": 3,
          "dti": 411,
          "sco": 12,
          "dco": 2218,
          "txt": "uses"
        },
        {
          "si": 18,
          "sti": 4,
          "dti": 412,
          "sco": 17,
          "dco": 2223,
          "txt": "continues"
        },
        {
          "si": 18,
          "sti": 5,
          "dti": 413,
          "sco": 27,
          "dco": 2233,
          "txt": "today"
        },
        {
          "si": 18,
          "sti": 6,
          "dti": 414,
          "sco": 32,
          "dco": 2238,
          "txt": ","
        },
        {
          "si": 18,
          "sti": 7,
          "dti": 415,
          "sco": 34,
          "dco": 2240,
          "txt": "with"
        },
        {
          "si": 18,
          "sti": 8,
          "dti": 416,
          "sco": 39,
          "dco": 2245,
          "txt": "one"
        },
        {
          "si": 18,
          "sti": 9,
          "dti": 417,
          "sco": 43,
          "dco": 2249,
          "txt": "of"
        },
        {
          "si": 18,
          "sti": 10,
          "dti": 418,
          "sco": 46,
          "dco": 2252,
          "txt": "the"
        },
        {
          "si": 18,
          "sti": 11,
          "dti": 419,
          "sco": 50,
          "dco": 2256,
          "txt": "storefronts"
        },
        {
          "si": 18,
          "sti": 12,
          "dti": 420,
          "sco": 62,
          "dco": 2268,
          "txt": "home"
        },
        {
          "si": 18,
          "sti": 13,
          "dti": 421,
          "sco": 67,
          "dco": 2273,
          "txt": "to"
        },
        {
          "si": 18,
          "sti": 14,
          "dti": 422,
          "sco": 70,
          "dco": 2276,
          "txt": "a"
        },
        {
          "si": 18,
          "sti": 15,
          "dti": 423,
          "sco": 72,
          "dco": 2278,
          "txt": "coffee"
        },
        {
          "si": 18,
          "sti": 16,
          "dti": 424,
          "sco": 79,
          "dco": 2285,
          "txt": "shop"
        },
        {
          "si": 18,
          "sti": 17,
          "dti": 425,
          "sco": 83,
          "dco": 2289,
          "txt": "."
        },
        {
          "si": 19,
          "sti": 0,
          "dti": 426,
          "sco": 0,
          "dco": 2291,
          "txt": "Aesthetics"
        },
        {
          "si": 19,
          "sti": 1,
          "dti": 427,
          "sco": 10,
          "dco": 2301,
          "txt": "."
        },
        {
          "si": 20,
          "sti": 0,
          "dti": 428,
          "sco": 0,
          "dco": 2303,
          "txt": "Detached"
        },
        {
          "si": 20,
          "sti": 1,
          "dti": 429,
          "sco": 9,
          "dco": 2312,
          "txt": "Second"
        },
        {
          "si": 20,
          "sti": 2,
          "dti": 430,
          "sco": 16,
          "dco": 2319,
          "txt": "Empire"
        },
        {
          "si": 20,
          "sti": 3,
          "dti": 431,
          "sco": 23,
          "dco": 2326,
          "txt": "commercial"
        },
        {
          "si": 20,
          "sti": 4,
          "dti": 432,
          "sco": 34,
          "dco": 2337,
          "txt": "buildings"
        },
        {
          "si": 20,
          "sti": 5,
          "dti": 433,
          "sco": 44,
          "dco": 2347,
          "txt": "are"
        },
        {
          "si": 20,
          "sti": 6,
          "dti": 434,
          "sco": 48,
          "dco": 2351,
          "txt": "not"
        },
        {
          "si": 20,
          "sti": 7,
          "dti": 435,
          "sco": 52,
          "dco": 2355,
          "txt": "common"
        },
        {
          "si": 20,
          "sti": 8,
          "dti": 436,
          "sco": 59,
          "dco": 2362,
          "txt": "in"
        },
        {
          "si": 20,
          "sti": 9,
          "dti": 437,
          "sco": 62,
          "dco": 2365,
          "txt": "urban"
        },
        {
          "si": 20,
          "sti": 10,
          "dti": 438,
          "sco": 68,
          "dco": 2371,
          "txt": "or"
        },
        {
          "si": 20,
          "sti": 11,
          "dti": 439,
          "sco": 71,
          "dco": 2374,
          "txt": "suburban"
        },
        {
          "si": 20,
          "sti": 12,
          "dti": 440,
          "sco": 80,
          "dco": 2383,
          "txt": "settings"
        },
        {
          "si": 20,
          "sti": 13,
          "dti": 441,
          "sco": 88,
          "dco": 2391,
          "txt": ";"
        },
        {
          "si": 20,
          "sti": 14,
          "dti": 442,
          "sco": 90,
          "dco": 2393,
          "txt": "the"
        },
        {
          "si": 20,
          "sti": 15,
          "dti": 443,
          "sco": 94,
          "dco": 2397,
          "txt": "Bain"
        },
        {
          "si": 20,
          "sti": 16,
          "dti": 444,
          "sco": 99,
          "dco": 2402,
          "txt": "building"
        },
        {
          "si": 20,
          "sti": 17,
          "dti": 445,
          "sco": 107,
          "dco": 2410,
          "txt": "'"
        },
        {
          "si": 20,
          "sti": 18,
          "dti": 446,
          "sco": 108,
          "dco": 2411,
          "txt": "s"
        },
        {
          "si": 20,
          "sti": 19,
          "dti": 447,
          "sco": 110,
          "dco": 2413,
          "txt": "development"
        },
        {
          "si": 20,
          "sti": 20,
          "dti": 448,
          "sco": 122,
          "dco": 2425,
          "txt": "as"
        },
        {
          "si": 20,
          "sti": 21,
          "dti": 449,
          "sco": 125,
          "dco": 2428,
          "txt": "such"
        },
        {
          "si": 20,
          "sti": 22,
          "dti": 450,
          "sco": 130,
          "dco": 2433,
          "txt": "testifies"
        },
        {
          "si": 20,
          "sti": 23,
          "dti": 451,
          "sco": 140,
          "dco": 2443,
          "txt": "to"
        },
        {
          "si": 20,
          "sti": 24,
          "dti": 452,
          "sco": 143,
          "dco": 2446,
          "txt": "the"
        },
        {
          "si": 20,
          "sti": 25,
          "dti": 453,
          "sco": 147,
          "dco": 2450,
          "txt": "minimal"
        },
        {
          "si": 20,
          "sti": 26,
          "dti": 454,
          "sco": 155,
          "dco": 2458,
          "txt": "development"
        },
        {
          "si": 20,
          "sti": 27,
          "dti": 455,
          "sco": 167,
          "dco": 2470,
          "txt": "of"
        },
        {
          "si": 20,
          "sti": 28,
          "dti": 456,
          "sco": 170,
          "dco": 2473,
          "txt": "the"
        },
        {
          "si": 20,
          "sti": 29,
          "dti": 457,
          "sco": 174,
          "dco": 2477,
          "txt": "Channingville"
        },
        {
          "si": 20,
          "sti": 30,
          "dti": 458,
          "sco": 188,
          "dco": 2491,
          "txt": "area"
        },
        {
          "si": 20,
          "sti": 31,
          "dti": 459,
          "sco": 192,
          "dco": 2495,
          "txt": ","
        },
        {
          "si": 20,
          "sti": 32,
          "dti": 460,
          "sco": 194,
          "dco": 2497,
          "txt": "particularly"
        },
        {
          "si": 20,
          "sti": 33,
          "dti": 461,
          "sco": 207,
          "dco": 2510,
          "txt": "as"
        },
        {
          "si": 20,
          "sti": 34,
          "dti": 462,
          "sco": 210,
          "dco": 2513,
          "txt": "it"
        },
        {
          "si": 20,
          "sti": 35,
          "dti": 463,
          "sco": 213,
          "dco": 2516,
          "txt": "is"
        },
        {
          "si": 20,
          "sti": 36,
          "dti": 464,
          "sco": 216,
          "dco": 2519,
          "txt": "some"
        },
        {
          "si": 20,
          "sti": 37,
          "dti": 465,
          "sco": 221,
          "dco": 2524,
          "txt": "distance"
        },
        {
          "si": 20,
          "sti": 38,
          "dti": 466,
          "sco": 230,
          "dco": 2533,
          "txt": "from"
        },
        {
          "si": 20,
          "sti": 39,
          "dti": 467,
          "sco": 235,
          "dco": 2538,
          "txt": "the"
        },
        {
          "si": 20,
          "sti": 40,
          "dti": 468,
          "sco": 239,
          "dco": 2542,
          "txt": "creek"
        },
        {
          "si": 20,
          "sti": 41,
          "dti": 469,
          "sco": 245,
          "dco": 2548,
          "txt": "and"
        },
        {
          "si": 20,
          "sti": 42,
          "dti": 470,
          "sco": 249,
          "dco": 2552,
          "txt": "the"
        },
        {
          "si": 20,
          "sti": 43,
          "dti": 471,
          "sco": 253,
          "dco": 2556,
          "txt": "village"
        },
        {
          "si": 20,
          "sti": 44,
          "dti": 472,
          "sco": 260,
          "dco": 2563,
          "txt": "'"
        },
        {
          "si": 20,
          "sti": 45,
          "dti": 473,
          "sco": 261,
          "dco": 2564,
          "txt": "s"
        },
        {
          "si": 20,
          "sti": 46,
          "dti": 474,
          "sco": 263,
          "dco": 2566,
          "txt": "downtown"
        },
        {
          "si": 20,
          "sti": 47,
          "dti": 475,
          "sco": 271,
          "dco": 2574,
          "txt": "."
        },
        {
          "si": 21,
          "sti": 0,
          "dti": 476,
          "sco": 0,
          "dco": 2576,
          "txt": "Its"
        },
        {
          "si": 21,
          "sti": 1,
          "dti": 477,
          "sco": 4,
          "dco": 2580,
          "txt": "detachment"
        },
        {
          "si": 21,
          "sti": 2,
          "dti": 478,
          "sco": 15,
          "dco": 2591,
          "txt": "made"
        },
        {
          "si": 21,
          "sti": 3,
          "dti": 479,
          "sco": 20,
          "dco": 2596,
          "txt": "possible"
        },
        {
          "si": 21,
          "sti": 4,
          "dti": 480,
          "sco": 29,
          "dco": 2605,
          "txt": "the"
        },
        {
          "si": 21,
          "sti": 5,
          "dti": 481,
          "sco": 33,
          "dco": 2609,
          "txt": "more"
        },
        {
          "si": 21,
          "sti": 6,
          "dti": 482,
          "sco": 38,
          "dco": 2614,
          "txt": "sophisticated"
        },
        {
          "si": 21,
          "sti": 7,
          "dti": 483,
          "sco": 52,
          "dco": 2628,
          "txt": "applications"
        },
        {
          "si": 21,
          "sti": 8,
          "dti": 484,
          "sco": 65,
          "dco": 2641,
          "txt": "of"
        },
        {
          "si": 21,
          "sti": 9,
          "dti": 485,
          "sco": 68,
          "dco": 2644,
          "txt": "the"
        },
        {
          "si": 21,
          "sti": 10,
          "dti": 486,
          "sco": 72,
          "dco": 2648,
          "txt": "style"
        },
        {
          "si": 21,
          "sti": 11,
          "dti": 487,
          "sco": 77,
          "dco": 2653,
          "txt": ","
        },
        {
          "si": 21,
          "sti": 12,
          "dti": 488,
          "sco": 79,
          "dco": 2655,
          "txt": "such"
        },
        {
          "si": 21,
          "sti": 13,
          "dti": 489,
          "sco": 84,
          "dco": 2660,
          "txt": "as"
        },
        {
          "si": 21,
          "sti": 14,
          "dti": 490,
          "sco": 87,
          "dco": 2663,
          "txt": "the"
        },
        {
          "si": 21,
          "sti": 15,
          "dti": 491,
          "sco": 91,
          "dco": 2667,
          "txt": "roofline"
        },
        {
          "si": 21,
          "sti": 16,
          "dti": 492,
          "sco": 99,
          "dco": 2675,
          "txt": ","
        },
        {
          "si": 21,
          "sti": 17,
          "dti": 493,
          "sco": 101,
          "dco": 2677,
          "txt": "skewed"
        },
        {
          "si": 21,
          "sti": 18,
          "dti": 494,
          "sco": 108,
          "dco": 2684,
          "txt": "upper"
        },
        {
          "si": 21,
          "sti": 19,
          "dti": 495,
          "sco": 114,
          "dco": 2690,
          "txt": "window"
        },
        {
          "si": 21,
          "sti": 20,
          "dti": 496,
          "sco": 121,
          "dco": 2697,
          "txt": "placement"
        },
        {
          "si": 21,
          "sti": 21,
          "dti": 497,
          "sco": 131,
          "dco": 2707,
          "txt": "and"
        },
        {
          "si": 21,
          "sti": 22,
          "dti": 498,
          "sco": 135,
          "dco": 2711,
          "txt": "polychrome"
        },
        {
          "si": 21,
          "sti": 23,
          "dti": 499,
          "sco": 146,
          "dco": 2722,
          "txt": "slate"
        },
        {
          "si": 21,
          "sti": 24,
          "dti": 500,
          "sco": 152,
          "dco": 2728,
          "txt": "roof"
        },
        {
          "si": 21,
          "sti": 25,
          "dti": 501,
          "sco": 156,
          "dco": 2732,
          "txt": "."
        }
      ]
    },
    "ganns": {
      "dla": [],
      "la": [],
      "ea": [],
      "eta": [
        {
          "ra": {
            "ea": {
              "etn": "Bain_Commercial_Building"
            }
          },
          "sfs": [
            [
              {
                "stn": "openingYear"
              },
              {}
            ]
          ],
          "mfs": [
            [
              {
                "stn": "architect"
              },
              {
                "dla": [],
                "la": [],
                "ea": [],
                "eta": []
              }
            ],
            [
              {
                "stn": "yearOfConstruction"
              },
              {
                "dla": [
                  {
                    "txt": {
                      "sff": "1875"
                    },
                    "et": {
                      "etn": "Year"
                    },
                    "dp": {
                      "off": 1799
                    }
                  }
                ],
                "la": [],
                "ea": [],
                "eta": []
              }
            ],
            [
              {
                "stn": "architecturalStyle"
              },
              {
                "dla": [],
                "la": [],
                "ea": [
                  {
                    "etn": "Second_Empire_architecture"
                  }
                ],
                "eta": []
              }
            ],
            [
              {
                "stn": "location"
              },
              {
                "dla": [],
                "la": [],
                "ea": [
                  {
                    "etn": "Wappingers_Falls,_New_York"
                  }
                ],
                "eta": []
              }
            ]
          ]
        }
      ]
    }
  }
]
