[
  {
    "context": "TRAIN",
    "doc": {
      "id": "Bankers_Trust_Company_Building,_Detroit",
      "tl": [
        {
          "si": 0,
          "sti": 0,
          "dti": 0,
          "sco": 0,
          "dco": 0,
          "txt": "Bankers"
        },
        {
          "si": 0,
          "sti": 1,
          "dti": 1,
          "sco": 8,
          "dco": 8,
          "txt": "Trust"
        },
        {
          "si": 0,
          "sti": 2,
          "dti": 2,
          "sco": 14,
          "dco": 14,
          "txt": "Company"
        },
        {
          "si": 0,
          "sti": 3,
          "dti": 3,
          "sco": 22,
          "dco": 22,
          "txt": "Building"
        },
        {
          "si": 0,
          "sti": 4,
          "dti": 4,
          "sco": 30,
          "dco": 30,
          "txt": ","
        },
        {
          "si": 0,
          "sti": 5,
          "dti": 5,
          "sco": 32,
          "dco": 32,
          "txt": "Detroit"
        },
        {
          "si": 0,
          "sti": 6,
          "dti": 6,
          "sco": 39,
          "dco": 39,
          "txt": "."
        },
        {
          "si": 1,
          "sti": 0,
          "dti": 7,
          "sco": 0,
          "dco": 41,
          "txt": "The"
        },
        {
          "si": 1,
          "sti": 1,
          "dti": 8,
          "sco": 4,
          "dco": 45,
          "txt": "Bankers"
        },
        {
          "si": 1,
          "sti": 2,
          "dti": 9,
          "sco": 12,
          "dco": 53,
          "txt": "Trust"
        },
        {
          "si": 1,
          "sti": 3,
          "dti": 10,
          "sco": 18,
          "dco": 59,
          "txt": "Company"
        },
        {
          "si": 1,
          "sti": 4,
          "dti": 11,
          "sco": 26,
          "dco": 67,
          "txt": "Building"
        },
        {
          "si": 1,
          "sti": 5,
          "dti": 12,
          "sco": 35,
          "dco": 76,
          "txt": "is"
        },
        {
          "si": 1,
          "sti": 6,
          "dti": 13,
          "sco": 38,
          "dco": 79,
          "txt": "an"
        },
        {
          "si": 1,
          "sti": 7,
          "dti": 14,
          "sco": 41,
          "dco": 82,
          "txt": "office"
        },
        {
          "si": 1,
          "sti": 8,
          "dti": 15,
          "sco": 48,
          "dco": 89,
          "txt": "building"
        },
        {
          "si": 1,
          "sti": 9,
          "dti": 16,
          "sco": 57,
          "dco": 98,
          "txt": "located"
        },
        {
          "si": 1,
          "sti": 10,
          "dti": 17,
          "sco": 65,
          "dco": 106,
          "txt": "at"
        },
        {
          "si": 1,
          "sti": 11,
          "dti": 18,
          "sco": 68,
          "dco": 109,
          "txt": "the"
        },
        {
          "si": 1,
          "sti": 12,
          "dti": 19,
          "sco": 72,
          "dco": 113,
          "txt": "intersection"
        },
        {
          "si": 1,
          "sti": 13,
          "dti": 20,
          "sco": 85,
          "dco": 126,
          "txt": "of"
        },
        {
          "si": 1,
          "sti": 14,
          "dti": 21,
          "sco": 88,
          "dco": 129,
          "txt": "Congress"
        },
        {
          "si": 1,
          "sti": 15,
          "dti": 22,
          "sco": 97,
          "dco": 138,
          "txt": "and"
        },
        {
          "si": 1,
          "sti": 16,
          "dti": 23,
          "sco": 101,
          "dco": 142,
          "txt": "Shelby"
        },
        {
          "si": 1,
          "sti": 17,
          "dti": 24,
          "sco": 108,
          "dco": 149,
          "txt": "in"
        },
        {
          "si": 1,
          "sti": 18,
          "dti": 25,
          "sco": 111,
          "dco": 152,
          "txt": "Downtown"
        },
        {
          "si": 1,
          "sti": 19,
          "dti": 26,
          "sco": 120,
          "dco": 161,
          "txt": "Detroit"
        },
        {
          "si": 1,
          "sti": 20,
          "dti": 27,
          "sco": 127,
          "dco": 168,
          "txt": ","
        },
        {
          "si": 1,
          "sti": 21,
          "dti": 28,
          "sco": 129,
          "dco": 170,
          "txt": "Michigan"
        },
        {
          "si": 1,
          "sti": 22,
          "dti": 29,
          "sco": 137,
          "dco": 178,
          "txt": "."
        },
        {
          "si": 2,
          "sti": 0,
          "dti": 30,
          "sco": 0,
          "dco": 180,
          "txt": "Designed"
        },
        {
          "si": 2,
          "sti": 1,
          "dti": 31,
          "sco": 9,
          "dco": 189,
          "txt": "by"
        },
        {
          "si": 2,
          "sti": 2,
          "dti": 32,
          "sco": 12,
          "dco": 192,
          "txt": "Wirt"
        },
        {
          "si": 2,
          "sti": 3,
          "dti": 33,
          "sco": 17,
          "dco": 197,
          "txt": "C"
        },
        {
          "si": 2,
          "sti": 4,
          "dti": 34,
          "sco": 18,
          "dco": 198,
          "txt": "."
        },
        {
          "si": 3,
          "sti": 0,
          "dti": 35,
          "sco": 0,
          "dco": 200,
          "txt": "Rowland"
        },
        {
          "si": 3,
          "sti": 1,
          "dti": 36,
          "sco": 8,
          "dco": 208,
          "txt": "of"
        },
        {
          "si": 3,
          "sti": 2,
          "dti": 37,
          "sco": 11,
          "dco": 211,
          "txt": "Smith"
        },
        {
          "si": 3,
          "sti": 3,
          "dti": 38,
          "sco": 16,
          "dco": 216,
          "txt": ","
        },
        {
          "si": 3,
          "sti": 4,
          "dti": 39,
          "sco": 18,
          "dco": 218,
          "txt": "Hinchman"
        },
        {
          "si": 3,
          "sti": 5,
          "dti": 40,
          "sco": 27,
          "dco": 227,
          "txt": "&"
        },
        {
          "si": 3,
          "sti": 6,
          "dti": 41,
          "sco": 29,
          "dco": 229,
          "txt": "Grylls"
        },
        {
          "si": 3,
          "sti": 7,
          "dti": 42,
          "sco": 35,
          "dco": 235,
          "txt": ","
        },
        {
          "si": 3,
          "sti": 8,
          "dti": 43,
          "sco": 37,
          "dco": 237,
          "txt": "and"
        },
        {
          "si": 3,
          "sti": 9,
          "dti": 44,
          "sco": 41,
          "dco": 241,
          "txt": "completed"
        },
        {
          "si": 3,
          "sti": 10,
          "dti": 45,
          "sco": 51,
          "dco": 251,
          "txt": "in"
        },
        {
          "si": 3,
          "sti": 11,
          "dti": 46,
          "sco": 54,
          "dco": 254,
          "txt": "1925"
        },
        {
          "si": 3,
          "sti": 12,
          "dti": 47,
          "sco": 58,
          "dco": 258,
          "txt": ","
        },
        {
          "si": 3,
          "sti": 13,
          "dti": 48,
          "sco": 60,
          "dco": 260,
          "txt": "the"
        },
        {
          "si": 3,
          "sti": 14,
          "dti": 49,
          "sco": 64,
          "dco": 264,
          "txt": "ornately"
        },
        {
          "si": 3,
          "sti": 15,
          "dti": 50,
          "sco": 73,
          "dco": 273,
          "txt": "modeled"
        },
        {
          "si": 3,
          "sti": 16,
          "dti": 51,
          "sco": 81,
          "dco": 281,
          "txt": "building"
        },
        {
          "si": 3,
          "sti": 17,
          "dti": 52,
          "sco": 90,
          "dco": 290,
          "txt": "is"
        },
        {
          "si": 3,
          "sti": 18,
          "dti": 53,
          "sco": 93,
          "dco": 293,
          "txt": "an"
        },
        {
          "si": 3,
          "sti": 19,
          "dti": 54,
          "sco": 96,
          "dco": 296,
          "txt": "exquisite"
        },
        {
          "si": 3,
          "sti": 20,
          "dti": 55,
          "sco": 106,
          "dco": 306,
          "txt": "example"
        },
        {
          "si": 3,
          "sti": 21,
          "dti": 56,
          "sco": 114,
          "dco": 314,
          "txt": "of"
        },
        {
          "si": 3,
          "sti": 22,
          "dti": 57,
          "sco": 117,
          "dco": 317,
          "txt": "Italian"
        },
        {
          "si": 3,
          "sti": 23,
          "dti": 58,
          "sco": 125,
          "dco": 325,
          "txt": "Romanesque"
        },
        {
          "si": 3,
          "sti": 24,
          "dti": 59,
          "sco": 136,
          "dco": 336,
          "txt": "Revival"
        },
        {
          "si": 3,
          "sti": 25,
          "dti": 60,
          "sco": 144,
          "dco": 344,
          "txt": "architecture"
        },
        {
          "si": 3,
          "sti": 26,
          "dti": 61,
          "sco": 156,
          "dco": 356,
          "txt": "."
        }
      ]
    },
    "ganns": {
      "dla": [],
      "la": [],
      "ea": [],
      "eta": [
        {
          "ra": {
            "ea": {
              "etn": "Bankers_Trust_Company_Building,_Detroit"
            }
          },
          "sfs": [
            [
              {
                "stn": "openingYear"
              },
              {}
            ]
          ],
          "mfs": [
            [
              {
                "stn": "architect"
              },
              {
                "dla": [],
                "la": [],
                "ea": [
                  {
                    "etn": "Wirt_C._Rowland"
                  }
                ],
                "eta": []
              }
            ],
            [
              {
                "stn": "yearOfConstruction"
              },
              {
                "dla": [
                  {
                    "txt": {
                      "sff": "1925"
                    },
                    "et": {
                      "etn": "Year"
                    },
                    "dp": {
                      "off": 254
                    }
                  }
                ],
                "la": [],
                "ea": [],
                "eta": []
              }
            ],
            [
              {
                "stn": "architecturalStyle"
              },
              {
                "dla": [],
                "la": [],
                "ea": [
                  {
                    "etn": "Romanesque_Revival_architecture"
                  }
                ],
                "eta": []
              }
            ],
            [
              {
                "stn": "location"
              },
              {
                "dla": [],
                "la": [],
                "ea": [
                  {
                    "etn": "Detroit"
                  },
                  {
                    "etn": "Michigan"
                  }
                ],
                "eta": []
              }
            ]
          ]
        }
      ]
    }
  }
]
