[
  {
    "context": "TRAIN",
    "doc": {
      "id": "Ben_and_Harriet_Schulein_House",
      "tl": [
        {
          "si": 0,
          "sti": 0,
          "dti": 0,
          "sco": 0,
          "dco": 0,
          "txt": "Ben"
        },
        {
          "si": 0,
          "sti": 1,
          "dti": 1,
          "sco": 4,
          "dco": 4,
          "txt": "and"
        },
        {
          "si": 0,
          "sti": 2,
          "dti": 2,
          "sco": 8,
          "dco": 8,
          "txt": "Harriet"
        },
        {
          "si": 0,
          "sti": 3,
          "dti": 3,
          "sco": 16,
          "dco": 16,
          "txt": "Schulein"
        },
        {
          "si": 0,
          "sti": 4,
          "dti": 4,
          "sco": 25,
          "dco": 25,
          "txt": "House"
        },
        {
          "si": 0,
          "sti": 5,
          "dti": 5,
          "sco": 30,
          "dco": 30,
          "txt": "."
        },
        {
          "si": 1,
          "sti": 0,
          "dti": 6,
          "sco": 0,
          "dco": 32,
          "txt": "The"
        },
        {
          "si": 1,
          "sti": 1,
          "dti": 7,
          "sco": 4,
          "dco": 36,
          "txt": "Ben"
        },
        {
          "si": 1,
          "sti": 2,
          "dti": 8,
          "sco": 8,
          "dco": 40,
          "txt": "and"
        },
        {
          "si": 1,
          "sti": 3,
          "dti": 9,
          "sco": 12,
          "dco": 44,
          "txt": "Harriet"
        },
        {
          "si": 1,
          "sti": 4,
          "dti": 10,
          "sco": 20,
          "dco": 52,
          "txt": "Schulein"
        },
        {
          "si": 1,
          "sti": 5,
          "dti": 11,
          "sco": 29,
          "dco": 61,
          "txt": "House"
        },
        {
          "si": 1,
          "sti": 6,
          "dti": 12,
          "sco": 34,
          "dco": 66,
          "txt": ","
        },
        {
          "si": 1,
          "sti": 7,
          "dti": 13,
          "sco": 36,
          "dco": 68,
          "txt": "also"
        },
        {
          "si": 1,
          "sti": 8,
          "dti": 14,
          "sco": 41,
          "dco": 73,
          "txt": "known"
        },
        {
          "si": 1,
          "sti": 9,
          "dti": 15,
          "sco": 47,
          "dco": 79,
          "txt": "as"
        },
        {
          "si": 1,
          "sti": 10,
          "dti": 16,
          "sco": 50,
          "dco": 82,
          "txt": "the"
        },
        {
          "si": 1,
          "sti": 11,
          "dti": 17,
          "sco": 54,
          "dco": 86,
          "txt": "Ben"
        },
        {
          "si": 1,
          "sti": 12,
          "dti": 18,
          "sco": 58,
          "dco": 90,
          "txt": "Schulein"
        },
        {
          "si": 1,
          "sti": 13,
          "dti": 19,
          "sco": 67,
          "dco": 99,
          "txt": "House"
        },
        {
          "si": 1,
          "sti": 14,
          "dti": 20,
          "sco": 72,
          "dco": 104,
          "txt": ","
        },
        {
          "si": 1,
          "sti": 15,
          "dti": 21,
          "sco": 74,
          "dco": 106,
          "txt": "is"
        },
        {
          "si": 1,
          "sti": 16,
          "dti": 22,
          "sco": 77,
          "dco": 109,
          "txt": "a"
        },
        {
          "si": 1,
          "sti": 17,
          "dti": 23,
          "sco": 79,
          "dco": 111,
          "txt": "two"
        },
        {
          "si": 1,
          "sti": 18,
          "dti": 24,
          "sco": 82,
          "dco": 114,
          "txt": "-"
        },
        {
          "si": 1,
          "sti": 19,
          "dti": 25,
          "sco": 83,
          "dco": 115,
          "txt": "story"
        },
        {
          "si": 1,
          "sti": 20,
          "dti": 26,
          "sco": 89,
          "dco": 121,
          "txt": "historic"
        },
        {
          "si": 1,
          "sti": 21,
          "dti": 27,
          "sco": 98,
          "dco": 130,
          "txt": "residence"
        },
        {
          "si": 1,
          "sti": 22,
          "dti": 28,
          "sco": 108,
          "dco": 140,
          "txt": "located"
        },
        {
          "si": 1,
          "sti": 23,
          "dti": 29,
          "sco": 116,
          "dco": 148,
          "txt": "at"
        },
        {
          "si": 1,
          "sti": 24,
          "dti": 30,
          "sco": 119,
          "dco": 151,
          "txt": "2604"
        },
        {
          "si": 1,
          "sti": 25,
          "dti": 31,
          "sco": 124,
          "dco": 156,
          "txt": "Jackson"
        },
        {
          "si": 1,
          "sti": 26,
          "dti": 32,
          "sco": 132,
          "dco": 164,
          "txt": "Street"
        },
        {
          "si": 1,
          "sti": 27,
          "dti": 33,
          "sco": 138,
          "dco": 170,
          "txt": ","
        },
        {
          "si": 1,
          "sti": 28,
          "dti": 34,
          "sco": 140,
          "dco": 172,
          "txt": "Sioux"
        },
        {
          "si": 1,
          "sti": 29,
          "dti": 35,
          "sco": 146,
          "dco": 178,
          "txt": "City"
        },
        {
          "si": 1,
          "sti": 30,
          "dti": 36,
          "sco": 150,
          "dco": 182,
          "txt": ","
        },
        {
          "si": 1,
          "sti": 31,
          "dti": 37,
          "sco": 152,
          "dco": 184,
          "txt": "Iowa"
        },
        {
          "si": 1,
          "sti": 32,
          "dti": 38,
          "sco": 156,
          "dco": 188,
          "txt": ","
        },
        {
          "si": 1,
          "sti": 33,
          "dti": 39,
          "sco": 158,
          "dco": 190,
          "txt": "in"
        },
        {
          "si": 1,
          "sti": 34,
          "dti": 40,
          "sco": 161,
          "dco": 193,
          "txt": "the"
        },
        {
          "si": 1,
          "sti": 35,
          "dti": 41,
          "sco": 165,
          "dco": 197,
          "txt": "United"
        },
        {
          "si": 1,
          "sti": 36,
          "dti": 42,
          "sco": 172,
          "dco": 204,
          "txt": "States"
        },
        {
          "si": 1,
          "sti": 37,
          "dti": 43,
          "sco": 178,
          "dco": 210,
          "txt": "."
        },
        {
          "si": 2,
          "sti": 0,
          "dti": 44,
          "sco": 0,
          "dco": 212,
          "txt": "Designed"
        },
        {
          "si": 2,
          "sti": 1,
          "dti": 45,
          "sco": 9,
          "dco": 221,
          "txt": "in"
        },
        {
          "si": 2,
          "sti": 2,
          "dti": 46,
          "sco": 12,
          "dco": 224,
          "txt": "1913"
        },
        {
          "si": 2,
          "sti": 3,
          "dti": 47,
          "sco": 17,
          "dco": 229,
          "txt": "for"
        },
        {
          "si": 2,
          "sti": 4,
          "dti": 48,
          "sco": 21,
          "dco": 233,
          "txt": "a"
        },
        {
          "si": 2,
          "sti": 5,
          "dti": 49,
          "sco": 23,
          "dco": 235,
          "txt": "locally"
        },
        {
          "si": 2,
          "sti": 6,
          "dti": 50,
          "sco": 31,
          "dco": 243,
          "txt": "prominent"
        },
        {
          "si": 2,
          "sti": 7,
          "dti": 51,
          "sco": 41,
          "dco": 253,
          "txt": "Jewish"
        },
        {
          "si": 2,
          "sti": 8,
          "dti": 52,
          "sco": 48,
          "dco": 260,
          "txt": "businessman"
        },
        {
          "si": 2,
          "sti": 9,
          "dti": 53,
          "sco": 60,
          "dco": 272,
          "txt": "and"
        },
        {
          "si": 2,
          "sti": 10,
          "dti": 54,
          "sco": 64,
          "dco": 276,
          "txt": "his"
        },
        {
          "si": 2,
          "sti": 11,
          "dti": 55,
          "sco": 68,
          "dco": 280,
          "txt": "wife"
        },
        {
          "si": 2,
          "sti": 12,
          "dti": 56,
          "sco": 73,
          "dco": 285,
          "txt": "by"
        },
        {
          "si": 2,
          "sti": 13,
          "dti": 57,
          "sco": 76,
          "dco": 288,
          "txt": "William"
        },
        {
          "si": 2,
          "sti": 14,
          "dti": 58,
          "sco": 84,
          "dco": 296,
          "txt": "L"
        },
        {
          "si": 2,
          "sti": 15,
          "dti": 59,
          "sco": 85,
          "dco": 297,
          "txt": "."
        },
        {
          "si": 3,
          "sti": 0,
          "dti": 60,
          "sco": 0,
          "dco": 299,
          "txt": "Steele"
        },
        {
          "si": 3,
          "sti": 1,
          "dti": 61,
          "sco": 7,
          "dco": 306,
          "txt": "("
        },
        {
          "si": 3,
          "sti": 2,
          "dti": 62,
          "sco": 8,
          "dco": 307,
          "txt": "1875"
        },
        {
          "si": 3,
          "sti": 3,
          "dti": 63,
          "sco": 12,
          "dco": 311,
          "txt": "–"
        },
        {
          "si": 3,
          "sti": 4,
          "dti": 64,
          "sco": 13,
          "dco": 312,
          "txt": "1949"
        },
        {
          "si": 3,
          "sti": 5,
          "dti": 65,
          "sco": 17,
          "dco": 316,
          "txt": ")"
        },
        {
          "si": 3,
          "sti": 6,
          "dti": 66,
          "sco": 18,
          "dco": 317,
          "txt": ","
        },
        {
          "si": 3,
          "sti": 7,
          "dti": 67,
          "sco": 20,
          "dco": 319,
          "txt": "it"
        },
        {
          "si": 3,
          "sti": 8,
          "dti": 68,
          "sco": 23,
          "dco": 322,
          "txt": "represents"
        },
        {
          "si": 3,
          "sti": 9,
          "dti": 69,
          "sco": 34,
          "dco": 333,
          "txt": "a"
        },
        {
          "si": 3,
          "sti": 10,
          "dti": 70,
          "sco": 36,
          "dco": 335,
          "txt": "turning"
        },
        {
          "si": 3,
          "sti": 11,
          "dti": 71,
          "sco": 44,
          "dco": 343,
          "txt": "point"
        },
        {
          "si": 3,
          "sti": 12,
          "dti": 72,
          "sco": 50,
          "dco": 349,
          "txt": "in"
        },
        {
          "si": 3,
          "sti": 13,
          "dti": 73,
          "sco": 53,
          "dco": 352,
          "txt": "Steele"
        },
        {
          "si": 3,
          "sti": 14,
          "dti": 74,
          "sco": 59,
          "dco": 358,
          "txt": "’"
        },
        {
          "si": 3,
          "sti": 15,
          "dti": 75,
          "sco": 60,
          "dco": 359,
          "txt": "s"
        },
        {
          "si": 3,
          "sti": 16,
          "dti": 76,
          "sco": 62,
          "dco": 361,
          "txt": "development"
        },
        {
          "si": 3,
          "sti": 17,
          "dti": 77,
          "sco": 74,
          "dco": 373,
          "txt": "as"
        },
        {
          "si": 3,
          "sti": 18,
          "dti": 78,
          "sco": 77,
          "dco": 376,
          "txt": "an"
        },
        {
          "si": 3,
          "sti": 19,
          "dti": 79,
          "sco": 80,
          "dco": 379,
          "txt": "architect"
        },
        {
          "si": 3,
          "sti": 20,
          "dti": 80,
          "sco": 90,
          "dco": 389,
          "txt": "by"
        },
        {
          "si": 3,
          "sti": 21,
          "dti": 81,
          "sco": 93,
          "dco": 392,
          "txt": "introducing"
        },
        {
          "si": 3,
          "sti": 22,
          "dti": 82,
          "sco": 105,
          "dco": 404,
          "txt": "Prairie"
        },
        {
          "si": 3,
          "sti": 23,
          "dti": 83,
          "sco": 113,
          "dco": 412,
          "txt": "School"
        },
        {
          "si": 3,
          "sti": 24,
          "dti": 84,
          "sco": 120,
          "dco": 419,
          "txt": "features"
        },
        {
          "si": 3,
          "sti": 25,
          "dti": 85,
          "sco": 128,
          "dco": 427,
          "txt": "."
        },
        {
          "si": 4,
          "sti": 0,
          "dti": 86,
          "sco": 0,
          "dco": 429,
          "txt": "Steele"
        },
        {
          "si": 4,
          "sti": 1,
          "dti": 87,
          "sco": 7,
          "dco": 436,
          "txt": "had"
        },
        {
          "si": 4,
          "sti": 2,
          "dti": 88,
          "sco": 11,
          "dco": 440,
          "txt": "served"
        },
        {
          "si": 4,
          "sti": 3,
          "dti": 89,
          "sco": 18,
          "dco": 447,
          "txt": "in"
        },
        {
          "si": 4,
          "sti": 4,
          "dti": 90,
          "sco": 21,
          "dco": 450,
          "txt": "the"
        },
        {
          "si": 4,
          "sti": 5,
          "dti": 91,
          "sco": 25,
          "dco": 454,
          "txt": "office"
        },
        {
          "si": 4,
          "sti": 6,
          "dti": 92,
          "sco": 32,
          "dco": 461,
          "txt": "of"
        },
        {
          "si": 4,
          "sti": 7,
          "dti": 93,
          "sco": 35,
          "dco": 464,
          "txt": "the"
        },
        {
          "si": 4,
          "sti": 8,
          "dti": 94,
          "sco": 39,
          "dco": 468,
          "txt": "famous"
        },
        {
          "si": 4,
          "sti": 9,
          "dti": 95,
          "sco": 46,
          "dco": 475,
          "txt": "Chicago"
        },
        {
          "si": 4,
          "sti": 10,
          "dti": 96,
          "sco": 54,
          "dco": 483,
          "txt": "architect"
        },
        {
          "si": 4,
          "sti": 11,
          "dti": 97,
          "sco": 64,
          "dco": 493,
          "txt": "Louis"
        },
        {
          "si": 4,
          "sti": 12,
          "dti": 98,
          "sco": 70,
          "dco": 499,
          "txt": "Sullivan"
        },
        {
          "si": 4,
          "sti": 13,
          "dti": 99,
          "sco": 79,
          "dco": 508,
          "txt": "("
        },
        {
          "si": 4,
          "sti": 14,
          "dti": 100,
          "sco": 80,
          "dco": 509,
          "txt": "1856"
        },
        {
          "si": 4,
          "sti": 15,
          "dti": 101,
          "sco": 84,
          "dco": 513,
          "txt": "–"
        },
        {
          "si": 4,
          "sti": 16,
          "dti": 102,
          "sco": 85,
          "dco": 514,
          "txt": "1924"
        },
        {
          "si": 4,
          "sti": 17,
          "dti": 103,
          "sco": 89,
          "dco": 518,
          "txt": ")"
        },
        {
          "si": 4,
          "sti": 18,
          "dti": 104,
          "sco": 91,
          "dco": 520,
          "txt": "prior"
        },
        {
          "si": 4,
          "sti": 19,
          "dti": 105,
          "sco": 97,
          "dco": 526,
          "txt": "to"
        },
        {
          "si": 4,
          "sti": 20,
          "dti": 106,
          "sco": 100,
          "dco": 529,
          "txt": "settling"
        },
        {
          "si": 4,
          "sti": 21,
          "dti": 107,
          "sco": 109,
          "dco": 538,
          "txt": "in"
        },
        {
          "si": 4,
          "sti": 22,
          "dti": 108,
          "sco": 112,
          "dco": 541,
          "txt": "Sioux"
        },
        {
          "si": 4,
          "sti": 23,
          "dti": 109,
          "sco": 118,
          "dco": 547,
          "txt": "City"
        },
        {
          "si": 4,
          "sti": 24,
          "dti": 110,
          "sco": 123,
          "dco": 552,
          "txt": "in"
        },
        {
          "si": 4,
          "sti": 25,
          "dti": 111,
          "sco": 126,
          "dco": 555,
          "txt": "1904"
        },
        {
          "si": 4,
          "sti": 26,
          "dti": 112,
          "sco": 130,
          "dco": 559,
          "txt": "."
        },
        {
          "si": 5,
          "sti": 0,
          "dti": 113,
          "sco": 0,
          "dco": 561,
          "txt": "Sullivan"
        },
        {
          "si": 5,
          "sti": 1,
          "dti": 114,
          "sco": 9,
          "dco": 570,
          "txt": "criticized"
        },
        {
          "si": 5,
          "sti": 2,
          "dti": 115,
          "sco": 20,
          "dco": 581,
          "txt": "the"
        },
        {
          "si": 5,
          "sti": 3,
          "dti": 116,
          "sco": 24,
          "dco": 585,
          "txt": "then"
        },
        {
          "si": 5,
          "sti": 4,
          "dti": 117,
          "sco": 28,
          "dco": 589,
          "txt": "-"
        },
        {
          "si": 5,
          "sti": 5,
          "dti": 118,
          "sco": 29,
          "dco": 590,
          "txt": "dominant"
        },
        {
          "si": 5,
          "sti": 6,
          "dti": 119,
          "sco": 38,
          "dco": 599,
          "txt": "styles"
        },
        {
          "si": 5,
          "sti": 7,
          "dti": 120,
          "sco": 45,
          "dco": 606,
          "txt": "of"
        },
        {
          "si": 5,
          "sti": 8,
          "dti": 121,
          "sco": 48,
          "dco": 609,
          "txt": "architecture"
        },
        {
          "si": 5,
          "sti": 9,
          "dti": 122,
          "sco": 61,
          "dco": 622,
          "txt": "based"
        },
        {
          "si": 5,
          "sti": 10,
          "dti": 123,
          "sco": 67,
          "dco": 628,
          "txt": "on"
        },
        {
          "si": 5,
          "sti": 11,
          "dti": 124,
          "sco": 70,
          "dco": 631,
          "txt": "historical"
        },
        {
          "si": 5,
          "sti": 12,
          "dti": 125,
          "sco": 81,
          "dco": 642,
          "txt": "revivals"
        },
        {
          "si": 5,
          "sti": 13,
          "dti": 126,
          "sco": 90,
          "dco": 651,
          "txt": "or"
        },
        {
          "si": 5,
          "sti": 14,
          "dti": 127,
          "sco": 93,
          "dco": 654,
          "txt": "eclectic"
        },
        {
          "si": 5,
          "sti": 15,
          "dti": 128,
          "sco": 102,
          "dco": 663,
          "txt": "mixing"
        },
        {
          "si": 5,
          "sti": 16,
          "dti": 129,
          "sco": 109,
          "dco": 670,
          "txt": "of"
        },
        {
          "si": 5,
          "sti": 17,
          "dti": 130,
          "sco": 112,
          "dco": 673,
          "txt": "historical"
        },
        {
          "si": 5,
          "sti": 18,
          "dti": 131,
          "sco": 123,
          "dco": 684,
          "txt": "features"
        },
        {
          "si": 5,
          "sti": 19,
          "dti": 132,
          "sco": 131,
          "dco": 692,
          "txt": ","
        },
        {
          "si": 5,
          "sti": 20,
          "dti": 133,
          "sco": 133,
          "dco": 694,
          "txt": "championing"
        },
        {
          "si": 5,
          "sti": 21,
          "dti": 134,
          "sco": 145,
          "dco": 706,
          "txt": "instead"
        },
        {
          "si": 5,
          "sti": 22,
          "dti": 135,
          "sco": 153,
          "dco": 714,
          "txt": "progressive"
        },
        {
          "si": 5,
          "sti": 23,
          "dti": 136,
          "sco": 165,
          "dco": 726,
          "txt": "architecture"
        },
        {
          "si": 5,
          "sti": 24,
          "dti": 137,
          "sco": 178,
          "dco": 739,
          "txt": "based"
        },
        {
          "si": 5,
          "sti": 25,
          "dti": 138,
          "sco": 184,
          "dco": 745,
          "txt": "on"
        },
        {
          "si": 5,
          "sti": 26,
          "dti": 139,
          "sco": 187,
          "dco": 748,
          "txt": "concepts"
        },
        {
          "si": 5,
          "sti": 27,
          "dti": 140,
          "sco": 196,
          "dco": 757,
          "txt": "such"
        },
        {
          "si": 5,
          "sti": 28,
          "dti": 141,
          "sco": 201,
          "dco": 762,
          "txt": "as"
        },
        {
          "si": 5,
          "sti": 29,
          "dti": 142,
          "sco": 204,
          "dco": 765,
          "txt": "elimination"
        },
        {
          "si": 5,
          "sti": 30,
          "dti": 143,
          "sco": 216,
          "dco": 777,
          "txt": "of"
        },
        {
          "si": 5,
          "sti": 31,
          "dti": 144,
          "sco": 219,
          "dco": 780,
          "txt": "historical"
        },
        {
          "si": 5,
          "sti": 32,
          "dti": 145,
          "sco": 230,
          "dco": 791,
          "txt": "styles"
        },
        {
          "si": 5,
          "sti": 33,
          "dti": 146,
          "sco": 236,
          "dco": 797,
          "txt": ","
        },
        {
          "si": 5,
          "sti": 34,
          "dti": 147,
          "sco": 238,
          "dco": 799,
          "txt": "simplification"
        },
        {
          "si": 5,
          "sti": 35,
          "dti": 148,
          "sco": 252,
          "dco": 813,
          "txt": ","
        },
        {
          "si": 5,
          "sti": 36,
          "dti": 149,
          "sco": 254,
          "dco": 815,
          "txt": "functional"
        },
        {
          "si": 5,
          "sti": 37,
          "dti": 150,
          "sco": 265,
          "dco": 826,
          "txt": "and"
        },
        {
          "si": 5,
          "sti": 38,
          "dti": 151,
          "sco": 269,
          "dco": 830,
          "txt": "“"
        },
        {
          "si": 5,
          "sti": 39,
          "dti": 152,
          "sco": 270,
          "dco": 831,
          "txt": "true"
        },
        {
          "si": 5,
          "sti": 40,
          "dti": 153,
          "sco": 274,
          "dco": 835,
          "txt": "”"
        },
        {
          "si": 5,
          "sti": 41,
          "dti": 154,
          "sco": 276,
          "dco": 837,
          "txt": "expression"
        },
        {
          "si": 5,
          "sti": 42,
          "dti": 155,
          "sco": 287,
          "dco": 848,
          "txt": "of"
        },
        {
          "si": 5,
          "sti": 43,
          "dti": 156,
          "sco": 290,
          "dco": 851,
          "txt": "a"
        },
        {
          "si": 5,
          "sti": 44,
          "dti": 157,
          "sco": 292,
          "dco": 853,
          "txt": "building"
        },
        {
          "si": 5,
          "sti": 45,
          "dti": 158,
          "sco": 300,
          "dco": 861,
          "txt": "’"
        },
        {
          "si": 5,
          "sti": 46,
          "dti": 159,
          "sco": 301,
          "dco": 862,
          "txt": "s"
        },
        {
          "si": 5,
          "sti": 47,
          "dti": 160,
          "sco": 303,
          "dco": 864,
          "txt": "purpose"
        },
        {
          "si": 5,
          "sti": 48,
          "dti": 161,
          "sco": 310,
          "dco": 871,
          "txt": ","
        },
        {
          "si": 5,
          "sti": 49,
          "dti": 162,
          "sco": 312,
          "dco": 873,
          "txt": "embrace"
        },
        {
          "si": 5,
          "sti": 50,
          "dti": 163,
          "sco": 320,
          "dco": 881,
          "txt": "of"
        },
        {
          "si": 5,
          "sti": 51,
          "dti": 164,
          "sco": 323,
          "dco": 884,
          "txt": "new"
        },
        {
          "si": 5,
          "sti": 52,
          "dti": 165,
          "sco": 327,
          "dco": 888,
          "txt": "technology"
        },
        {
          "si": 5,
          "sti": 53,
          "dti": 166,
          "sco": 337,
          "dco": 898,
          "txt": ","
        },
        {
          "si": 5,
          "sti": 54,
          "dti": 167,
          "sco": 339,
          "dco": 900,
          "txt": "and"
        },
        {
          "si": 5,
          "sti": 55,
          "dti": 168,
          "sco": 343,
          "dco": 904,
          "txt": "the"
        },
        {
          "si": 5,
          "sti": 56,
          "dti": 169,
          "sco": 347,
          "dco": 908,
          "txt": "frank"
        },
        {
          "si": 5,
          "sti": 57,
          "dti": 170,
          "sco": 353,
          "dco": 914,
          "txt": "use"
        },
        {
          "si": 5,
          "sti": 58,
          "dti": 171,
          "sco": 357,
          "dco": 918,
          "txt": "of"
        },
        {
          "si": 5,
          "sti": 59,
          "dti": 172,
          "sco": 360,
          "dco": 921,
          "txt": "materials"
        },
        {
          "si": 5,
          "sti": 60,
          "dti": 173,
          "sco": 370,
          "dco": 931,
          "txt": "without"
        },
        {
          "si": 5,
          "sti": 61,
          "dti": 174,
          "sco": 378,
          "dco": 939,
          "txt": "disguise"
        },
        {
          "si": 5,
          "sti": 62,
          "dti": 175,
          "sco": 386,
          "dco": 947,
          "txt": "."
        },
        {
          "si": 6,
          "sti": 0,
          "dti": 176,
          "sco": 0,
          "dco": 949,
          "txt": "Another"
        },
        {
          "si": 6,
          "sti": 1,
          "dti": 177,
          "sco": 8,
          "dco": 957,
          "txt": "of"
        },
        {
          "si": 6,
          "sti": 2,
          "dti": 178,
          "sco": 11,
          "dco": 960,
          "txt": "Sullivan"
        },
        {
          "si": 6,
          "sti": 3,
          "dti": 179,
          "sco": 19,
          "dco": 968,
          "txt": "'"
        },
        {
          "si": 6,
          "sti": 4,
          "dti": 180,
          "sco": 20,
          "dco": 969,
          "txt": "s"
        },
        {
          "si": 6,
          "sti": 5,
          "dti": 181,
          "sco": 22,
          "dco": 971,
          "txt": "prot"
        },
        {
          "si": 6,
          "sti": 6,
          "dti": 182,
          "sco": 26,
          "dco": 975,
          "txt": "é"
        },
        {
          "si": 6,
          "sti": 7,
          "dti": 183,
          "sco": 27,
          "dco": 976,
          "txt": "g"
        },
        {
          "si": 6,
          "sti": 8,
          "dti": 184,
          "sco": 28,
          "dco": 977,
          "txt": "é"
        },
        {
          "si": 6,
          "sti": 9,
          "dti": 185,
          "sco": 29,
          "dco": 978,
          "txt": "s"
        },
        {
          "si": 6,
          "sti": 10,
          "dti": 186,
          "sco": 30,
          "dco": 979,
          "txt": ","
        },
        {
          "si": 6,
          "sti": 11,
          "dti": 187,
          "sco": 32,
          "dco": 981,
          "txt": "Frank"
        },
        {
          "si": 6,
          "sti": 12,
          "dti": 188,
          "sco": 38,
          "dco": 987,
          "txt": "Lloyd"
        },
        {
          "si": 6,
          "sti": 13,
          "dti": 189,
          "sco": 44,
          "dco": 993,
          "txt": "Wright"
        },
        {
          "si": 6,
          "sti": 14,
          "dti": 190,
          "sco": 51,
          "dco": 1000,
          "txt": "("
        },
        {
          "si": 6,
          "sti": 15,
          "dti": 191,
          "sco": 52,
          "dco": 1001,
          "txt": "1867"
        },
        {
          "si": 6,
          "sti": 16,
          "dti": 192,
          "sco": 56,
          "dco": 1005,
          "txt": "–"
        },
        {
          "si": 6,
          "sti": 17,
          "dti": 193,
          "sco": 57,
          "dco": 1006,
          "txt": "1959"
        },
        {
          "si": 6,
          "sti": 18,
          "dti": 194,
          "sco": 61,
          "dco": 1010,
          "txt": ")"
        },
        {
          "si": 6,
          "sti": 19,
          "dti": 195,
          "sco": 62,
          "dco": 1011,
          "txt": ","
        },
        {
          "si": 6,
          "sti": 20,
          "dti": 196,
          "sco": 64,
          "dco": 1013,
          "txt": "was"
        },
        {
          "si": 6,
          "sti": 21,
          "dti": 197,
          "sco": 68,
          "dco": 1017,
          "txt": "inspired"
        },
        {
          "si": 6,
          "sti": 22,
          "dti": 198,
          "sco": 77,
          "dco": 1026,
          "txt": "by"
        },
        {
          "si": 6,
          "sti": 23,
          "dti": 199,
          "sco": 80,
          "dco": 1029,
          "txt": "Sullivan"
        },
        {
          "si": 6,
          "sti": 24,
          "dti": 200,
          "sco": 89,
          "dco": 1038,
          "txt": "to"
        },
        {
          "si": 6,
          "sti": 25,
          "dti": 201,
          "sco": 92,
          "dco": 1041,
          "txt": "pioneer"
        },
        {
          "si": 6,
          "sti": 26,
          "dti": 202,
          "sco": 100,
          "dco": 1049,
          "txt": "the"
        },
        {
          "si": 6,
          "sti": 27,
          "dti": 203,
          "sco": 104,
          "dco": 1053,
          "txt": "Prairie"
        },
        {
          "si": 6,
          "sti": 28,
          "dti": 204,
          "sco": 112,
          "dco": 1061,
          "txt": "Style"
        },
        {
          "si": 6,
          "sti": 29,
          "dti": 205,
          "sco": 118,
          "dco": 1067,
          "txt": "of"
        },
        {
          "si": 6,
          "sti": 30,
          "dti": 206,
          "sco": 121,
          "dco": 1070,
          "txt": "architecture"
        },
        {
          "si": 6,
          "sti": 31,
          "dti": 207,
          "sco": 134,
          "dco": 1083,
          "txt": "at"
        },
        {
          "si": 6,
          "sti": 32,
          "dti": 208,
          "sco": 137,
          "dco": 1086,
          "txt": "the"
        },
        {
          "si": 6,
          "sti": 33,
          "dti": 209,
          "sco": 141,
          "dco": 1090,
          "txt": "turn"
        },
        {
          "si": 6,
          "sti": 34,
          "dti": 210,
          "sco": 146,
          "dco": 1095,
          "txt": "of"
        },
        {
          "si": 6,
          "sti": 35,
          "dti": 211,
          "sco": 149,
          "dco": 1098,
          "txt": "the"
        },
        {
          "si": 6,
          "sti": 36,
          "dti": 212,
          "sco": 153,
          "dco": 1102,
          "txt": "20"
        },
        {
          "si": 6,
          "sti": 37,
          "dti": 213,
          "sco": 155,
          "dco": 1104,
          "txt": "th"
        },
        {
          "si": 6,
          "sti": 38,
          "dti": 214,
          "sco": 158,
          "dco": 1107,
          "txt": "Century"
        },
        {
          "si": 6,
          "sti": 39,
          "dti": 215,
          "sco": 165,
          "dco": 1114,
          "txt": "."
        },
        {
          "si": 7,
          "sti": 0,
          "dti": 216,
          "sco": 0,
          "dco": 1116,
          "txt": "However"
        },
        {
          "si": 7,
          "sti": 1,
          "dti": 217,
          "sco": 7,
          "dco": 1123,
          "txt": ","
        },
        {
          "si": 7,
          "sti": 2,
          "dti": 218,
          "sco": 9,
          "dco": 1125,
          "txt": "Steele"
        },
        {
          "si": 7,
          "sti": 3,
          "dti": 219,
          "sco": 16,
          "dco": 1132,
          "txt": "had"
        },
        {
          "si": 7,
          "sti": 4,
          "dti": 220,
          "sco": 20,
          "dco": 1136,
          "txt": "been"
        },
        {
          "si": 7,
          "sti": 5,
          "dti": 221,
          "sco": 25,
          "dco": 1141,
          "txt": "relatively"
        },
        {
          "si": 7,
          "sti": 6,
          "dti": 222,
          "sco": 36,
          "dco": 1152,
          "txt": "unsuccessful"
        },
        {
          "si": 7,
          "sti": 7,
          "dti": 223,
          "sco": 49,
          "dco": 1165,
          "txt": "in"
        },
        {
          "si": 7,
          "sti": 8,
          "dti": 224,
          "sco": 52,
          "dco": 1168,
          "txt": "interesting"
        },
        {
          "si": 7,
          "sti": 9,
          "dti": 225,
          "sco": 64,
          "dco": 1180,
          "txt": "clients"
        },
        {
          "si": 7,
          "sti": 10,
          "dti": 226,
          "sco": 72,
          "dco": 1188,
          "txt": "in"
        },
        {
          "si": 7,
          "sti": 11,
          "dti": 227,
          "sco": 75,
          "dco": 1191,
          "txt": "the"
        },
        {
          "si": 7,
          "sti": 12,
          "dti": 228,
          "sco": 79,
          "dco": 1195,
          "txt": "Sioux"
        },
        {
          "si": 7,
          "sti": 13,
          "dti": 229,
          "sco": 85,
          "dco": 1201,
          "txt": "City"
        },
        {
          "si": 7,
          "sti": 14,
          "dti": 230,
          "sco": 90,
          "dco": 1206,
          "txt": "area"
        },
        {
          "si": 7,
          "sti": 15,
          "dti": 231,
          "sco": 95,
          "dco": 1211,
          "txt": "in"
        },
        {
          "si": 7,
          "sti": 16,
          "dti": 232,
          "sco": 98,
          "dco": 1214,
          "txt": "his"
        },
        {
          "si": 7,
          "sti": 17,
          "dti": 233,
          "sco": 102,
          "dco": 1218,
          "txt": "progressive"
        },
        {
          "si": 7,
          "sti": 18,
          "dti": 234,
          "sco": 114,
          "dco": 1230,
          "txt": "ideas"
        },
        {
          "si": 7,
          "sti": 19,
          "dti": 235,
          "sco": 120,
          "dco": 1236,
          "txt": "about"
        },
        {
          "si": 7,
          "sti": 20,
          "dti": 236,
          "sco": 126,
          "dco": 1242,
          "txt": "architecture"
        },
        {
          "si": 7,
          "sti": 21,
          "dti": 237,
          "sco": 138,
          "dco": 1254,
          "txt": ","
        },
        {
          "si": 7,
          "sti": 22,
          "dti": 238,
          "sco": 140,
          "dco": 1256,
          "txt": "although"
        },
        {
          "si": 7,
          "sti": 23,
          "dti": 239,
          "sco": 149,
          "dco": 1265,
          "txt": "he"
        },
        {
          "si": 7,
          "sti": 24,
          "dti": 240,
          "sco": 152,
          "dco": 1268,
          "txt": "had"
        },
        {
          "si": 7,
          "sti": 25,
          "dti": 241,
          "sco": 156,
          "dco": 1272,
          "txt": "designed"
        },
        {
          "si": 7,
          "sti": 26,
          "dti": 242,
          "sco": 165,
          "dco": 1281,
          "txt": "a"
        },
        {
          "si": 7,
          "sti": 27,
          "dti": 243,
          "sco": 167,
          "dco": 1283,
          "txt": "number"
        },
        {
          "si": 7,
          "sti": 28,
          "dti": 244,
          "sco": 174,
          "dco": 1290,
          "txt": "of"
        },
        {
          "si": 7,
          "sti": 29,
          "dti": 245,
          "sco": 177,
          "dco": 1293,
          "txt": "mildly"
        },
        {
          "si": 7,
          "sti": 30,
          "dti": 246,
          "sco": 184,
          "dco": 1300,
          "txt": "progressive"
        },
        {
          "si": 7,
          "sti": 31,
          "dti": 247,
          "sco": 196,
          "dco": 1312,
          "txt": "American"
        },
        {
          "si": 7,
          "sti": 32,
          "dti": 248,
          "sco": 205,
          "dco": 1321,
          "txt": "Craftsman"
        },
        {
          "si": 7,
          "sti": 33,
          "dti": 249,
          "sco": 215,
          "dco": 1331,
          "txt": "bungalows"
        },
        {
          "si": 7,
          "sti": 34,
          "dti": 250,
          "sco": 225,
          "dco": 1341,
          "txt": "and"
        },
        {
          "si": 7,
          "sti": 35,
          "dti": 251,
          "sco": 229,
          "dco": 1345,
          "txt": "the"
        },
        {
          "si": 7,
          "sti": 36,
          "dti": 252,
          "sco": 233,
          "dco": 1349,
          "txt": "Davidson"
        },
        {
          "si": 7,
          "sti": 37,
          "dti": 253,
          "sco": 242,
          "dco": 1358,
          "txt": "Building"
        },
        {
          "si": 7,
          "sti": 38,
          "dti": 254,
          "sco": 251,
          "dco": 1367,
          "txt": "("
        },
        {
          "si": 7,
          "sti": 39,
          "dti": 255,
          "sco": 252,
          "dco": 1368,
          "txt": "Sioux"
        },
        {
          "si": 7,
          "sti": 40,
          "dti": 256,
          "sco": 258,
          "dco": 1374,
          "txt": "City"
        },
        {
          "si": 7,
          "sti": 41,
          "dti": 257,
          "sco": 262,
          "dco": 1378,
          "txt": ","
        },
        {
          "si": 7,
          "sti": 42,
          "dti": 258,
          "sco": 264,
          "dco": 1380,
          "txt": "1912"
        },
        {
          "si": 7,
          "sti": 43,
          "dti": 259,
          "sco": 268,
          "dco": 1384,
          "txt": "–"
        },
        {
          "si": 7,
          "sti": 44,
          "dti": 260,
          "sco": 269,
          "dco": 1385,
          "txt": "1913"
        },
        {
          "si": 7,
          "sti": 45,
          "dti": 261,
          "sco": 273,
          "dco": 1389,
          "txt": ")"
        },
        {
          "si": 7,
          "sti": 46,
          "dti": 262,
          "sco": 274,
          "dco": 1390,
          "txt": ","
        },
        {
          "si": 7,
          "sti": 47,
          "dti": 263,
          "sco": 276,
          "dco": 1392,
          "txt": "a"
        },
        {
          "si": 7,
          "sti": 48,
          "dti": 264,
          "sco": 278,
          "dco": 1394,
          "txt": "Sullivanesque"
        },
        {
          "si": 7,
          "sti": 49,
          "dti": 265,
          "sco": 292,
          "dco": 1408,
          "txt": "office"
        },
        {
          "si": 7,
          "sti": 50,
          "dti": 266,
          "sco": 299,
          "dco": 1415,
          "txt": "block"
        },
        {
          "si": 7,
          "sti": 51,
          "dti": 267,
          "sco": 304,
          "dco": 1420,
          "txt": "."
        },
        {
          "si": 8,
          "sti": 0,
          "dti": 268,
          "sco": 0,
          "dco": 1422,
          "txt": "The"
        },
        {
          "si": 8,
          "sti": 1,
          "dti": 269,
          "sco": 4,
          "dco": 1426,
          "txt": "wide"
        },
        {
          "si": 8,
          "sti": 2,
          "dti": 270,
          "sco": 9,
          "dco": 1431,
          "txt": "eaves"
        },
        {
          "si": 8,
          "sti": 3,
          "dti": 271,
          "sco": 15,
          "dco": 1437,
          "txt": "and"
        },
        {
          "si": 8,
          "sti": 4,
          "dti": 272,
          "sco": 19,
          "dco": 1441,
          "txt": "strong"
        },
        {
          "si": 8,
          "sti": 5,
          "dti": 273,
          "sco": 26,
          "dco": 1448,
          "txt": "horizontal"
        },
        {
          "si": 8,
          "sti": 6,
          "dti": 274,
          "sco": 37,
          "dco": 1459,
          "txt": "lines"
        },
        {
          "si": 8,
          "sti": 7,
          "dti": 275,
          "sco": 43,
          "dco": 1465,
          "txt": "of"
        },
        {
          "si": 8,
          "sti": 8,
          "dti": 276,
          "sco": 46,
          "dco": 1468,
          "txt": "the"
        },
        {
          "si": 8,
          "sti": 9,
          "dti": 277,
          "sco": 50,
          "dco": 1472,
          "txt": "Schulein"
        },
        {
          "si": 8,
          "sti": 10,
          "dti": 278,
          "sco": 59,
          "dco": 1481,
          "txt": "House"
        },
        {
          "si": 8,
          "sti": 11,
          "dti": 279,
          "sco": 65,
          "dco": 1487,
          "txt": "represent"
        },
        {
          "si": 8,
          "sti": 12,
          "dti": 280,
          "sco": 75,
          "dco": 1497,
          "txt": "Steele"
        },
        {
          "si": 8,
          "sti": 13,
          "dti": 281,
          "sco": 81,
          "dco": 1503,
          "txt": "’"
        },
        {
          "si": 8,
          "sti": 14,
          "dti": 282,
          "sco": 82,
          "dco": 1504,
          "txt": "s"
        },
        {
          "si": 8,
          "sti": 15,
          "dti": 283,
          "sco": 84,
          "dco": 1506,
          "txt": "first"
        },
        {
          "si": 8,
          "sti": 16,
          "dti": 284,
          "sco": 90,
          "dco": 1512,
          "txt": "tentative"
        },
        {
          "si": 8,
          "sti": 17,
          "dti": 285,
          "sco": 100,
          "dco": 1522,
          "txt": "steps"
        },
        {
          "si": 8,
          "sti": 18,
          "dti": 286,
          "sco": 106,
          "dco": 1528,
          "txt": "in"
        },
        {
          "si": 8,
          "sti": 19,
          "dti": 287,
          "sco": 109,
          "dco": 1531,
          "txt": "the"
        },
        {
          "si": 8,
          "sti": 20,
          "dti": 288,
          "sco": 113,
          "dco": 1535,
          "txt": "direction"
        },
        {
          "si": 8,
          "sti": 21,
          "dti": 289,
          "sco": 123,
          "dco": 1545,
          "txt": "of"
        },
        {
          "si": 8,
          "sti": 22,
          "dti": 290,
          "sco": 126,
          "dco": 1548,
          "txt": "the"
        },
        {
          "si": 8,
          "sti": 23,
          "dti": 291,
          "sco": 130,
          "dco": 1552,
          "txt": "Prairie"
        },
        {
          "si": 8,
          "sti": 24,
          "dti": 292,
          "sco": 138,
          "dco": 1560,
          "txt": "School"
        },
        {
          "si": 8,
          "sti": 25,
          "dti": 293,
          "sco": 144,
          "dco": 1566,
          "txt": "."
        },
        {
          "si": 9,
          "sti": 0,
          "dti": 294,
          "sco": 0,
          "dco": 1568,
          "txt": "From"
        },
        {
          "si": 9,
          "sti": 1,
          "dti": 295,
          "sco": 5,
          "dco": 1573,
          "txt": "now"
        },
        {
          "si": 9,
          "sti": 2,
          "dti": 296,
          "sco": 9,
          "dco": 1577,
          "txt": "on"
        },
        {
          "si": 9,
          "sti": 3,
          "dti": 297,
          "sco": 11,
          "dco": 1579,
          "txt": ","
        },
        {
          "si": 9,
          "sti": 4,
          "dti": 298,
          "sco": 13,
          "dco": 1581,
          "txt": "whenever"
        },
        {
          "si": 9,
          "sti": 5,
          "dti": 299,
          "sco": 22,
          "dco": 1590,
          "txt": "budget"
        },
        {
          "si": 9,
          "sti": 6,
          "dti": 300,
          "sco": 29,
          "dco": 1597,
          "txt": "and"
        },
        {
          "si": 9,
          "sti": 7,
          "dti": 301,
          "sco": 33,
          "dco": 1601,
          "txt": "client"
        },
        {
          "si": 9,
          "sti": 8,
          "dti": 302,
          "sco": 40,
          "dco": 1608,
          "txt": "could"
        },
        {
          "si": 9,
          "sti": 9,
          "dti": 303,
          "sco": 46,
          "dco": 1614,
          "txt": "be"
        },
        {
          "si": 9,
          "sti": 10,
          "dti": 304,
          "sco": 49,
          "dco": 1617,
          "txt": "stretched"
        },
        {
          "si": 9,
          "sti": 11,
          "dti": 305,
          "sco": 59,
          "dco": 1627,
          "txt": "far"
        },
        {
          "si": 9,
          "sti": 12,
          "dti": 306,
          "sco": 63,
          "dco": 1631,
          "txt": "enough"
        },
        {
          "si": 9,
          "sti": 13,
          "dti": 307,
          "sco": 69,
          "dco": 1637,
          "txt": ","
        },
        {
          "si": 9,
          "sti": 14,
          "dti": 308,
          "sco": 71,
          "dco": 1639,
          "txt": "Steele"
        },
        {
          "si": 9,
          "sti": 15,
          "dti": 309,
          "sco": 78,
          "dco": 1646,
          "txt": "would"
        },
        {
          "si": 9,
          "sti": 16,
          "dti": 310,
          "sco": 84,
          "dco": 1652,
          "txt": "turn"
        },
        {
          "si": 9,
          "sti": 17,
          "dti": 311,
          "sco": 89,
          "dco": 1657,
          "txt": "away"
        },
        {
          "si": 9,
          "sti": 18,
          "dti": 312,
          "sco": 94,
          "dco": 1662,
          "txt": "from"
        },
        {
          "si": 9,
          "sti": 19,
          "dti": 313,
          "sco": 99,
          "dco": 1667,
          "txt": "other"
        },
        {
          "si": 9,
          "sti": 20,
          "dti": 314,
          "sco": 105,
          "dco": 1673,
          "txt": "architectural"
        },
        {
          "si": 9,
          "sti": 21,
          "dti": 315,
          "sco": 119,
          "dco": 1687,
          "txt": "styles"
        },
        {
          "si": 9,
          "sti": 22,
          "dti": 316,
          "sco": 126,
          "dco": 1694,
          "txt": "and"
        },
        {
          "si": 9,
          "sti": 23,
          "dti": 317,
          "sco": 130,
          "dco": 1698,
          "txt": "pursue"
        },
        {
          "si": 9,
          "sti": 24,
          "dti": 318,
          "sco": 137,
          "dco": 1705,
          "txt": "Prairie"
        },
        {
          "si": 9,
          "sti": 25,
          "dti": 319,
          "sco": 145,
          "dco": 1713,
          "txt": "Style"
        },
        {
          "si": 9,
          "sti": 26,
          "dti": 320,
          "sco": 150,
          "dco": 1718,
          "txt": "."
        },
        {
          "si": 10,
          "sti": 0,
          "dti": 321,
          "sco": 0,
          "dco": 1720,
          "txt": "Steele"
        },
        {
          "si": 10,
          "sti": 1,
          "dti": 322,
          "sco": 6,
          "dco": 1726,
          "txt": "’"
        },
        {
          "si": 10,
          "sti": 2,
          "dti": 323,
          "sco": 7,
          "dco": 1727,
          "txt": "s"
        },
        {
          "si": 10,
          "sti": 3,
          "dti": 324,
          "sco": 9,
          "dco": 1729,
          "txt": "evolution"
        },
        {
          "si": 10,
          "sti": 4,
          "dti": 325,
          "sco": 19,
          "dco": 1739,
          "txt": "as"
        },
        {
          "si": 10,
          "sti": 5,
          "dti": 326,
          "sco": 22,
          "dco": 1742,
          "txt": "a"
        },
        {
          "si": 10,
          "sti": 6,
          "dti": 327,
          "sco": 24,
          "dco": 1744,
          "txt": "noted"
        },
        {
          "si": 10,
          "sti": 7,
          "dti": 328,
          "sco": 30,
          "dco": 1750,
          "txt": "Prairie"
        },
        {
          "si": 10,
          "sti": 8,
          "dti": 329,
          "sco": 38,
          "dco": 1758,
          "txt": "architect"
        },
        {
          "si": 10,
          "sti": 9,
          "dti": 330,
          "sco": 48,
          "dco": 1768,
          "txt": "would"
        },
        {
          "si": 10,
          "sti": 10,
          "dti": 331,
          "sco": 54,
          "dco": 1774,
          "txt": "continue"
        },
        {
          "si": 10,
          "sti": 11,
          "dti": 332,
          "sco": 63,
          "dco": 1783,
          "txt": "with"
        },
        {
          "si": 10,
          "sti": 12,
          "dti": 333,
          "sco": 68,
          "dco": 1788,
          "txt": "two"
        },
        {
          "si": 10,
          "sti": 13,
          "dti": 334,
          "sco": 72,
          "dco": 1792,
          "txt": "Prairie"
        },
        {
          "si": 10,
          "sti": 14,
          "dti": 335,
          "sco": 79,
          "dco": 1799,
          "txt": "-"
        },
        {
          "si": 10,
          "sti": 15,
          "dti": 336,
          "sco": 80,
          "dco": 1800,
          "txt": "influenced"
        },
        {
          "si": 10,
          "sti": 16,
          "dti": 337,
          "sco": 91,
          "dco": 1811,
          "txt": "buildings"
        },
        {
          "si": 10,
          "sti": 17,
          "dti": 338,
          "sco": 101,
          "dco": 1821,
          "txt": "in"
        },
        {
          "si": 10,
          "sti": 18,
          "dti": 339,
          "sco": 104,
          "dco": 1824,
          "txt": "1915"
        },
        {
          "si": 10,
          "sti": 19,
          "dti": 340,
          "sco": 108,
          "dco": 1828,
          "txt": ":"
        },
        {
          "si": 10,
          "sti": 20,
          "dti": 341,
          "sco": 110,
          "dco": 1830,
          "txt": "the"
        },
        {
          "si": 10,
          "sti": 21,
          "dti": 342,
          "sco": 114,
          "dco": 1834,
          "txt": "Carnegie"
        },
        {
          "si": 10,
          "sti": 22,
          "dti": 343,
          "sco": 123,
          "dco": 1843,
          "txt": "Library"
        },
        {
          "si": 10,
          "sti": 23,
          "dti": 344,
          "sco": 131,
          "dco": 1851,
          "txt": "("
        },
        {
          "si": 10,
          "sti": 24,
          "dti": 345,
          "sco": 132,
          "dco": 1852,
          "txt": "Armour"
        },
        {
          "si": 10,
          "sti": 25,
          "dti": 346,
          "sco": 138,
          "dco": 1858,
          "txt": ","
        },
        {
          "si": 10,
          "sti": 26,
          "dti": 347,
          "sco": 140,
          "dco": 1860,
          "txt": "South"
        },
        {
          "si": 10,
          "sti": 27,
          "dti": 348,
          "sco": 146,
          "dco": 1866,
          "txt": "Dakota"
        },
        {
          "si": 10,
          "sti": 28,
          "dti": 349,
          "sco": 152,
          "dco": 1872,
          "txt": ")"
        },
        {
          "si": 10,
          "sti": 29,
          "dti": 350,
          "sco": 154,
          "dco": 1874,
          "txt": "and"
        },
        {
          "si": 10,
          "sti": 30,
          "dti": 351,
          "sco": 158,
          "dco": 1878,
          "txt": "the"
        },
        {
          "si": 10,
          "sti": 31,
          "dti": 352,
          "sco": 162,
          "dco": 1882,
          "txt": "Livestock"
        },
        {
          "si": 10,
          "sti": 32,
          "dti": 353,
          "sco": 172,
          "dco": 1892,
          "txt": "National"
        },
        {
          "si": 10,
          "sti": 33,
          "dti": 354,
          "sco": 181,
          "dco": 1901,
          "txt": "Bank"
        },
        {
          "si": 10,
          "sti": 34,
          "dti": 355,
          "sco": 186,
          "dco": 1906,
          "txt": "("
        },
        {
          "si": 10,
          "sti": 35,
          "dti": 356,
          "sco": 187,
          "dco": 1907,
          "txt": "Sioux"
        },
        {
          "si": 10,
          "sti": 36,
          "dti": 357,
          "sco": 193,
          "dco": 1913,
          "txt": "City"
        },
        {
          "si": 10,
          "sti": 37,
          "dti": 358,
          "sco": 197,
          "dco": 1917,
          "txt": ")"
        },
        {
          "si": 10,
          "sti": 38,
          "dti": 359,
          "sco": 198,
          "dco": 1918,
          "txt": "."
        },
        {
          "si": 11,
          "sti": 0,
          "dti": 360,
          "sco": 0,
          "dco": 1920,
          "txt": "These"
        },
        {
          "si": 11,
          "sti": 1,
          "dti": 361,
          "sco": 6,
          "dco": 1926,
          "txt": "in"
        },
        {
          "si": 11,
          "sti": 2,
          "dti": 362,
          "sco": 9,
          "dco": 1929,
          "txt": "turn"
        },
        {
          "si": 11,
          "sti": 3,
          "dti": 363,
          "sco": 14,
          "dco": 1934,
          "txt": "led"
        },
        {
          "si": 11,
          "sti": 4,
          "dti": 364,
          "sco": 18,
          "dco": 1938,
          "txt": "to"
        },
        {
          "si": 11,
          "sti": 5,
          "dti": 365,
          "sco": 21,
          "dco": 1941,
          "txt": "the"
        },
        {
          "si": 11,
          "sti": 6,
          "dti": 366,
          "sco": 25,
          "dco": 1945,
          "txt": "Woodbury"
        },
        {
          "si": 11,
          "sti": 7,
          "dti": 367,
          "sco": 34,
          "dco": 1954,
          "txt": "County"
        },
        {
          "si": 11,
          "sti": 8,
          "dti": 368,
          "sco": 41,
          "dco": 1961,
          "txt": "Courthouse"
        },
        {
          "si": 11,
          "sti": 9,
          "dti": 369,
          "sco": 52,
          "dco": 1972,
          "txt": "("
        },
        {
          "si": 11,
          "sti": 10,
          "dti": 370,
          "sco": 53,
          "dco": 1973,
          "txt": "1915"
        },
        {
          "si": 11,
          "sti": 11,
          "dti": 371,
          "sco": 57,
          "dco": 1977,
          "txt": "–"
        },
        {
          "si": 11,
          "sti": 12,
          "dti": 372,
          "sco": 58,
          "dco": 1978,
          "txt": "1918"
        },
        {
          "si": 11,
          "sti": 13,
          "dti": 373,
          "sco": 62,
          "dco": 1982,
          "txt": ","
        },
        {
          "si": 11,
          "sti": 14,
          "dti": 374,
          "sco": 64,
          "dco": 1984,
          "txt": "with"
        },
        {
          "si": 11,
          "sti": 15,
          "dti": 375,
          "sco": 69,
          "dco": 1989,
          "txt": "George"
        },
        {
          "si": 11,
          "sti": 16,
          "dti": 376,
          "sco": 76,
          "dco": 1996,
          "txt": "Grant"
        },
        {
          "si": 11,
          "sti": 17,
          "dti": 377,
          "sco": 82,
          "dco": 2002,
          "txt": "Elmslie"
        },
        {
          "si": 11,
          "sti": 18,
          "dti": 378,
          "sco": 90,
          "dco": 2010,
          "txt": "as"
        },
        {
          "si": 11,
          "sti": 19,
          "dti": 379,
          "sco": 93,
          "dco": 2013,
          "txt": "principal"
        },
        {
          "si": 11,
          "sti": 20,
          "dti": 380,
          "sco": 103,
          "dco": 2023,
          "txt": "designer"
        },
        {
          "si": 11,
          "sti": 21,
          "dti": 381,
          "sco": 111,
          "dco": 2031,
          "txt": ")"
        },
        {
          "si": 11,
          "sti": 22,
          "dti": 382,
          "sco": 112,
          "dco": 2032,
          "txt": ","
        },
        {
          "si": 11,
          "sti": 23,
          "dti": 383,
          "sco": 114,
          "dco": 2034,
          "txt": "the"
        },
        {
          "si": 11,
          "sti": 24,
          "dti": 384,
          "sco": 118,
          "dco": 2038,
          "txt": "First"
        },
        {
          "si": 11,
          "sti": 25,
          "dti": 385,
          "sco": 124,
          "dco": 2044,
          "txt": "Congregational"
        },
        {
          "si": 11,
          "sti": 26,
          "dti": 386,
          "sco": 139,
          "dco": 2059,
          "txt": "Church"
        },
        {
          "si": 11,
          "sti": 27,
          "dti": 387,
          "sco": 146,
          "dco": 2066,
          "txt": "("
        },
        {
          "si": 11,
          "sti": 28,
          "dti": 388,
          "sco": 147,
          "dco": 2067,
          "txt": "1916"
        },
        {
          "si": 11,
          "sti": 29,
          "dti": 389,
          "sco": 151,
          "dco": 2071,
          "txt": "–"
        },
        {
          "si": 11,
          "sti": 30,
          "dti": 390,
          "sco": 152,
          "dco": 2072,
          "txt": "1918"
        },
        {
          "si": 11,
          "sti": 31,
          "dti": 391,
          "sco": 156,
          "dco": 2076,
          "txt": ")"
        },
        {
          "si": 11,
          "sti": 32,
          "dti": 392,
          "sco": 157,
          "dco": 2077,
          "txt": ","
        },
        {
          "si": 11,
          "sti": 33,
          "dti": 393,
          "sco": 159,
          "dco": 2079,
          "txt": "the"
        },
        {
          "si": 11,
          "sti": 34,
          "dti": 394,
          "sco": 163,
          "dco": 2083,
          "txt": "Charles"
        },
        {
          "si": 11,
          "sti": 35,
          "dti": 395,
          "sco": 171,
          "dco": 2091,
          "txt": "Mix"
        },
        {
          "si": 11,
          "sti": 36,
          "dti": 396,
          "sco": 175,
          "dco": 2095,
          "txt": "County"
        },
        {
          "si": 11,
          "sti": 37,
          "dti": 397,
          "sco": 182,
          "dco": 2102,
          "txt": "Courthouse"
        },
        {
          "si": 11,
          "sti": 38,
          "dti": 398,
          "sco": 193,
          "dco": 2113,
          "txt": "("
        },
        {
          "si": 11,
          "sti": 39,
          "dti": 399,
          "sco": 194,
          "dco": 2114,
          "txt": "1916"
        },
        {
          "si": 11,
          "sti": 40,
          "dti": 400,
          "sco": 198,
          "dco": 2118,
          "txt": "–"
        },
        {
          "si": 11,
          "sti": 41,
          "dti": 401,
          "sco": 199,
          "dco": 2119,
          "txt": "1917"
        },
        {
          "si": 11,
          "sti": 42,
          "dti": 402,
          "sco": 203,
          "dco": 2123,
          "txt": ")"
        },
        {
          "si": 11,
          "sti": 43,
          "dti": 403,
          "sco": 204,
          "dco": 2124,
          "txt": ","
        },
        {
          "si": 11,
          "sti": 44,
          "dti": 404,
          "sco": 206,
          "dco": 2126,
          "txt": "the"
        },
        {
          "si": 11,
          "sti": 45,
          "dti": 405,
          "sco": 210,
          "dco": 2130,
          "txt": "H"
        },
        {
          "si": 11,
          "sti": 46,
          "dti": 406,
          "sco": 211,
          "dco": 2131,
          "txt": "."
        },
        {
          "si": 11,
          "sti": 47,
          "dti": 407,
          "sco": 212,
          "dco": 2132,
          "txt": "H"
        },
        {
          "si": 11,
          "sti": 48,
          "dti": 408,
          "sco": 213,
          "dco": 2133,
          "txt": "."
        },
        {
          "si": 12,
          "sti": 0,
          "dti": 409,
          "sco": 0,
          "dco": 2135,
          "txt": "Everist"
        },
        {
          "si": 12,
          "sti": 1,
          "dti": 410,
          "sco": 8,
          "dco": 2143,
          "txt": "House"
        },
        {
          "si": 12,
          "sti": 2,
          "dti": 411,
          "sco": 14,
          "dco": 2149,
          "txt": "("
        },
        {
          "si": 12,
          "sti": 3,
          "dti": 412,
          "sco": 15,
          "dco": 2150,
          "txt": "1916"
        },
        {
          "si": 12,
          "sti": 4,
          "dti": 413,
          "sco": 19,
          "dco": 2154,
          "txt": "–"
        },
        {
          "si": 12,
          "sti": 5,
          "dti": 414,
          "sco": 20,
          "dco": 2155,
          "txt": "1920"
        },
        {
          "si": 12,
          "sti": 6,
          "dti": 415,
          "sco": 24,
          "dco": 2159,
          "txt": ")"
        },
        {
          "si": 12,
          "sti": 7,
          "dti": 416,
          "sco": 25,
          "dco": 2160,
          "txt": ","
        },
        {
          "si": 12,
          "sti": 8,
          "dti": 417,
          "sco": 27,
          "dco": 2162,
          "txt": "and"
        },
        {
          "si": 12,
          "sti": 9,
          "dti": 418,
          "sco": 31,
          "dco": 2166,
          "txt": "many"
        },
        {
          "si": 12,
          "sti": 10,
          "dti": 419,
          "sco": 36,
          "dco": 2171,
          "txt": "other"
        },
        {
          "si": 12,
          "sti": 11,
          "dti": 420,
          "sco": 42,
          "dco": 2177,
          "txt": "celebrated"
        },
        {
          "si": 12,
          "sti": 12,
          "dti": 421,
          "sco": 53,
          "dco": 2188,
          "txt": "Prairie"
        },
        {
          "si": 12,
          "sti": 13,
          "dti": 422,
          "sco": 61,
          "dco": 2196,
          "txt": "School"
        },
        {
          "si": 12,
          "sti": 14,
          "dti": 423,
          "sco": 68,
          "dco": 2203,
          "txt": "designs"
        },
        {
          "si": 12,
          "sti": 15,
          "dti": 424,
          "sco": 76,
          "dco": 2211,
          "txt": "in"
        },
        {
          "si": 12,
          "sti": 16,
          "dti": 425,
          "sco": 79,
          "dco": 2214,
          "txt": "Sioux"
        },
        {
          "si": 12,
          "sti": 17,
          "dti": 426,
          "sco": 85,
          "dco": 2220,
          "txt": "City"
        },
        {
          "si": 12,
          "sti": 18,
          "dti": 427,
          "sco": 90,
          "dco": 2225,
          "txt": "and"
        },
        {
          "si": 12,
          "sti": 19,
          "dti": 428,
          "sco": 94,
          "dco": 2229,
          "txt": "elsewhere"
        },
        {
          "si": 12,
          "sti": 20,
          "dti": 429,
          "sco": 104,
          "dco": 2239,
          "txt": "in"
        },
        {
          "si": 12,
          "sti": 21,
          "dti": 430,
          "sco": 107,
          "dco": 2242,
          "txt": "Iowa"
        },
        {
          "si": 12,
          "sti": 22,
          "dti": 431,
          "sco": 111,
          "dco": 2246,
          "txt": ","
        },
        {
          "si": 12,
          "sti": 23,
          "dti": 432,
          "sco": 113,
          "dco": 2248,
          "txt": "Nebraska"
        },
        {
          "si": 12,
          "sti": 24,
          "dti": 433,
          "sco": 121,
          "dco": 2256,
          "txt": ","
        },
        {
          "si": 12,
          "sti": 25,
          "dti": 434,
          "sco": 123,
          "dco": 2258,
          "txt": "and"
        },
        {
          "si": 12,
          "sti": 26,
          "dti": 435,
          "sco": 127,
          "dco": 2262,
          "txt": "South"
        },
        {
          "si": 12,
          "sti": 27,
          "dti": 436,
          "sco": 133,
          "dco": 2268,
          "txt": "Dakota"
        },
        {
          "si": 12,
          "sti": 28,
          "dti": 437,
          "sco": 139,
          "dco": 2274,
          "txt": "."
        }
      ]
    },
    "ganns": {
      "dla": [],
      "la": [],
      "ea": [],
      "eta": [
        {
          "ra": {
            "ea": {
              "etn": "Ben_and_Harriet_Schulein_House"
            }
          },
          "sfs": [
            [
              {
                "stn": "openingYear"
              },
              {}
            ]
          ],
          "mfs": [
            [
              {
                "stn": "architect"
              },
              {
                "dla": [],
                "la": [],
                "ea": [
                  {
                    "etn": "William_L._Steele"
                  }
                ],
                "eta": []
              }
            ],
            [
              {
                "stn": "yearOfConstruction"
              },
              {
                "dla": [
                  {
                    "txt": {
                      "sff": "1913"
                    },
                    "et": {
                      "etn": "Year"
                    },
                    "dp": {
                      "off": 224
                    }
                  }
                ],
                "la": [],
                "ea": [],
                "eta": []
              }
            ],
            [
              {
                "stn": "architecturalStyle"
              },
              {
                "dla": [],
                "la": [],
                "ea": [
                  {
                    "etn": "Prairie_School"
                  }
                ],
                "eta": []
              }
            ],
            [
              {
                "stn": "location"
              },
              {
                "dla": [],
                "la": [],
                "ea": [
                  {
                    "etn": "Sioux_City,_Iowa"
                  },
                  {
                    "etn": "United_States"
                  }
                ],
                "eta": []
              }
            ]
          ]
        }
      ]
    }
  }
]
