[
  {
    "context": "TRAIN",
    "doc": {
      "id": "Benton_County_Courthouse_(Arkansas)",
      "tl": [
        {
          "si": 0,
          "sti": 0,
          "dti": 0,
          "sco": 0,
          "dco": 0,
          "txt": "Benton"
        },
        {
          "si": 0,
          "sti": 1,
          "dti": 1,
          "sco": 7,
          "dco": 7,
          "txt": "County"
        },
        {
          "si": 0,
          "sti": 2,
          "dti": 2,
          "sco": 14,
          "dco": 14,
          "txt": "Courthouse"
        },
        {
          "si": 0,
          "sti": 3,
          "dti": 3,
          "sco": 25,
          "dco": 25,
          "txt": "("
        },
        {
          "si": 0,
          "sti": 4,
          "dti": 4,
          "sco": 26,
          "dco": 26,
          "txt": "Arkansas"
        },
        {
          "si": 0,
          "sti": 5,
          "dti": 5,
          "sco": 34,
          "dco": 34,
          "txt": ")"
        },
        {
          "si": 0,
          "sti": 6,
          "dti": 6,
          "sco": 35,
          "dco": 35,
          "txt": "."
        },
        {
          "si": 1,
          "sti": 0,
          "dti": 7,
          "sco": 0,
          "dco": 37,
          "txt": "The"
        },
        {
          "si": 1,
          "sti": 1,
          "dti": 8,
          "sco": 4,
          "dco": 41,
          "txt": "Benton"
        },
        {
          "si": 1,
          "sti": 2,
          "dti": 9,
          "sco": 11,
          "dco": 48,
          "txt": "County"
        },
        {
          "si": 1,
          "sti": 3,
          "dti": 10,
          "sco": 18,
          "dco": 55,
          "txt": "Courthouse"
        },
        {
          "si": 1,
          "sti": 4,
          "dti": 11,
          "sco": 29,
          "dco": 66,
          "txt": "is"
        },
        {
          "si": 1,
          "sti": 5,
          "dti": 12,
          "sco": 32,
          "dco": 69,
          "txt": "a"
        },
        {
          "si": 1,
          "sti": 6,
          "dti": 13,
          "sco": 34,
          "dco": 71,
          "txt": "courthouse"
        },
        {
          "si": 1,
          "sti": 7,
          "dti": 14,
          "sco": 45,
          "dco": 82,
          "txt": "in"
        },
        {
          "si": 1,
          "sti": 8,
          "dti": 15,
          "sco": 48,
          "dco": 85,
          "txt": "Bentonville"
        },
        {
          "si": 1,
          "sti": 9,
          "dti": 16,
          "sco": 59,
          "dco": 96,
          "txt": ","
        },
        {
          "si": 1,
          "sti": 10,
          "dti": 17,
          "sco": 61,
          "dco": 98,
          "txt": "Arkansas"
        },
        {
          "si": 1,
          "sti": 11,
          "dti": 18,
          "sco": 69,
          "dco": 106,
          "txt": ","
        },
        {
          "si": 1,
          "sti": 12,
          "dti": 19,
          "sco": 71,
          "dco": 108,
          "txt": "United"
        },
        {
          "si": 1,
          "sti": 13,
          "dti": 20,
          "sco": 78,
          "dco": 115,
          "txt": "States"
        },
        {
          "si": 1,
          "sti": 14,
          "dti": 21,
          "sco": 84,
          "dco": 121,
          "txt": ","
        },
        {
          "si": 1,
          "sti": 15,
          "dti": 22,
          "sco": 86,
          "dco": 123,
          "txt": "the"
        },
        {
          "si": 1,
          "sti": 16,
          "dti": 23,
          "sco": 90,
          "dco": 127,
          "txt": "county"
        },
        {
          "si": 1,
          "sti": 17,
          "dti": 24,
          "sco": 97,
          "dco": 134,
          "txt": "seat"
        },
        {
          "si": 1,
          "sti": 18,
          "dti": 25,
          "sco": 102,
          "dco": 139,
          "txt": "of"
        },
        {
          "si": 1,
          "sti": 19,
          "dti": 26,
          "sco": 105,
          "dco": 142,
          "txt": "Benton"
        },
        {
          "si": 1,
          "sti": 20,
          "dti": 27,
          "sco": 112,
          "dco": 149,
          "txt": "County"
        },
        {
          "si": 1,
          "sti": 21,
          "dti": 28,
          "sco": 118,
          "dco": 155,
          "txt": ","
        },
        {
          "si": 1,
          "sti": 22,
          "dti": 29,
          "sco": 120,
          "dco": 157,
          "txt": "built"
        },
        {
          "si": 1,
          "sti": 23,
          "dti": 30,
          "sco": 126,
          "dco": 163,
          "txt": "in"
        },
        {
          "si": 1,
          "sti": 24,
          "dti": 31,
          "sco": 129,
          "dco": 166,
          "txt": "1928"
        },
        {
          "si": 1,
          "sti": 25,
          "dti": 32,
          "sco": 133,
          "dco": 170,
          "txt": "."
        },
        {
          "si": 2,
          "sti": 0,
          "dti": 33,
          "sco": 0,
          "dco": 172,
          "txt": "It"
        },
        {
          "si": 2,
          "sti": 1,
          "dti": 34,
          "sco": 3,
          "dco": 175,
          "txt": "was"
        },
        {
          "si": 2,
          "sti": 2,
          "dti": 35,
          "sco": 7,
          "dco": 179,
          "txt": "listed"
        },
        {
          "si": 2,
          "sti": 3,
          "dti": 36,
          "sco": 14,
          "dco": 186,
          "txt": "on"
        },
        {
          "si": 2,
          "sti": 4,
          "dti": 37,
          "sco": 17,
          "dco": 189,
          "txt": "the"
        },
        {
          "si": 2,
          "sti": 5,
          "dti": 38,
          "sco": 21,
          "dco": 193,
          "txt": "National"
        },
        {
          "si": 2,
          "sti": 6,
          "dti": 39,
          "sco": 30,
          "dco": 202,
          "txt": "Register"
        },
        {
          "si": 2,
          "sti": 7,
          "dti": 40,
          "sco": 39,
          "dco": 211,
          "txt": "of"
        },
        {
          "si": 2,
          "sti": 8,
          "dti": 41,
          "sco": 42,
          "dco": 214,
          "txt": "Historic"
        },
        {
          "si": 2,
          "sti": 9,
          "dti": 42,
          "sco": 51,
          "dco": 223,
          "txt": "Places"
        },
        {
          "si": 2,
          "sti": 10,
          "dti": 43,
          "sco": 58,
          "dco": 230,
          "txt": "in"
        },
        {
          "si": 2,
          "sti": 11,
          "dti": 44,
          "sco": 61,
          "dco": 233,
          "txt": "1988"
        },
        {
          "si": 2,
          "sti": 12,
          "dti": 45,
          "sco": 65,
          "dco": 237,
          "txt": "."
        },
        {
          "si": 3,
          "sti": 0,
          "dti": 46,
          "sco": 0,
          "dco": 239,
          "txt": "The"
        },
        {
          "si": 3,
          "sti": 1,
          "dti": 47,
          "sco": 4,
          "dco": 243,
          "txt": "courthouse"
        },
        {
          "si": 3,
          "sti": 2,
          "dti": 48,
          "sco": 15,
          "dco": 254,
          "txt": "was"
        },
        {
          "si": 3,
          "sti": 3,
          "dti": 49,
          "sco": 19,
          "dco": 258,
          "txt": "built"
        },
        {
          "si": 3,
          "sti": 4,
          "dti": 50,
          "sco": 25,
          "dco": 264,
          "txt": "in"
        },
        {
          "si": 3,
          "sti": 5,
          "dti": 51,
          "sco": 28,
          "dco": 267,
          "txt": "the"
        },
        {
          "si": 3,
          "sti": 6,
          "dti": 52,
          "sco": 32,
          "dco": 271,
          "txt": "Classic"
        },
        {
          "si": 3,
          "sti": 7,
          "dti": 53,
          "sco": 40,
          "dco": 279,
          "txt": "Revival"
        },
        {
          "si": 3,
          "sti": 8,
          "dti": 54,
          "sco": 48,
          "dco": 287,
          "txt": "style"
        },
        {
          "si": 3,
          "sti": 9,
          "dti": 55,
          "sco": 54,
          "dco": 293,
          "txt": "by"
        },
        {
          "si": 3,
          "sti": 10,
          "dti": 56,
          "sco": 57,
          "dco": 296,
          "txt": "Albert"
        },
        {
          "si": 3,
          "sti": 11,
          "dti": 57,
          "sco": 64,
          "dco": 303,
          "txt": "O"
        },
        {
          "si": 3,
          "sti": 12,
          "dti": 58,
          "sco": 65,
          "dco": 304,
          "txt": "."
        },
        {
          "si": 4,
          "sti": 0,
          "dti": 59,
          "sco": 0,
          "dco": 306,
          "txt": "Clark"
        },
        {
          "si": 4,
          "sti": 1,
          "dti": 60,
          "sco": 6,
          "dco": 312,
          "txt": "and"
        },
        {
          "si": 4,
          "sti": 2,
          "dti": 61,
          "sco": 10,
          "dco": 316,
          "txt": "anchors"
        },
        {
          "si": 4,
          "sti": 3,
          "dti": 62,
          "sco": 18,
          "dco": 324,
          "txt": "the"
        },
        {
          "si": 4,
          "sti": 4,
          "dti": 63,
          "sco": 22,
          "dco": 328,
          "txt": "east"
        },
        {
          "si": 4,
          "sti": 5,
          "dti": 64,
          "sco": 27,
          "dco": 333,
          "txt": "side"
        },
        {
          "si": 4,
          "sti": 6,
          "dti": 65,
          "sco": 32,
          "dco": 338,
          "txt": "of"
        },
        {
          "si": 4,
          "sti": 7,
          "dti": 66,
          "sco": 35,
          "dco": 341,
          "txt": "the"
        },
        {
          "si": 4,
          "sti": 8,
          "dti": 67,
          "sco": 39,
          "dco": 345,
          "txt": "Bentonville"
        },
        {
          "si": 4,
          "sti": 9,
          "dti": 68,
          "sco": 51,
          "dco": 357,
          "txt": "Town"
        },
        {
          "si": 4,
          "sti": 10,
          "dti": 69,
          "sco": 56,
          "dco": 362,
          "txt": "Square"
        },
        {
          "si": 4,
          "sti": 11,
          "dti": 70,
          "sco": 62,
          "dco": 368,
          "txt": "."
        },
        {
          "si": 5,
          "sti": 0,
          "dti": 71,
          "sco": 0,
          "dco": 370,
          "txt": "History"
        },
        {
          "si": 5,
          "sti": 1,
          "dti": 72,
          "sco": 7,
          "dco": 377,
          "txt": "."
        },
        {
          "si": 6,
          "sti": 0,
          "dti": 73,
          "sco": 0,
          "dco": 379,
          "txt": "Architect"
        },
        {
          "si": 6,
          "sti": 1,
          "dti": 74,
          "sco": 10,
          "dco": 389,
          "txt": "Albert"
        },
        {
          "si": 6,
          "sti": 2,
          "dti": 75,
          "sco": 17,
          "dco": 396,
          "txt": "O"
        },
        {
          "si": 6,
          "sti": 3,
          "dti": 76,
          "sco": 18,
          "dco": 397,
          "txt": "."
        },
        {
          "si": 7,
          "sti": 0,
          "dti": 77,
          "sco": 0,
          "dco": 399,
          "txt": "Clark"
        },
        {
          "si": 7,
          "sti": 1,
          "dti": 78,
          "sco": 6,
          "dco": 405,
          "txt": "came"
        },
        {
          "si": 7,
          "sti": 2,
          "dti": 79,
          "sco": 11,
          "dco": 410,
          "txt": "from"
        },
        {
          "si": 7,
          "sti": 3,
          "dti": 80,
          "sco": 16,
          "dco": 415,
          "txt": "St"
        },
        {
          "si": 7,
          "sti": 4,
          "dti": 81,
          "sco": 18,
          "dco": 417,
          "txt": "."
        },
        {
          "si": 8,
          "sti": 0,
          "dti": 82,
          "sco": 0,
          "dco": 419,
          "txt": "Louis"
        },
        {
          "si": 8,
          "sti": 1,
          "dti": 83,
          "sco": 5,
          "dco": 424,
          "txt": ","
        },
        {
          "si": 8,
          "sti": 2,
          "dti": 84,
          "sco": 7,
          "dco": 426,
          "txt": "Missouri"
        },
        {
          "si": 8,
          "sti": 3,
          "dti": 85,
          "sco": 16,
          "dco": 435,
          "txt": "to"
        },
        {
          "si": 8,
          "sti": 4,
          "dti": 86,
          "sco": 19,
          "dco": 438,
          "txt": "Rogers"
        },
        {
          "si": 8,
          "sti": 5,
          "dti": 87,
          "sco": 25,
          "dco": 444,
          "txt": ","
        },
        {
          "si": 8,
          "sti": 6,
          "dti": 88,
          "sco": 27,
          "dco": 446,
          "txt": "Arkansas"
        },
        {
          "si": 8,
          "sti": 7,
          "dti": 89,
          "sco": 36,
          "dco": 455,
          "txt": "in"
        },
        {
          "si": 8,
          "sti": 8,
          "dti": 90,
          "sco": 39,
          "dco": 458,
          "txt": "1904"
        },
        {
          "si": 8,
          "sti": 9,
          "dti": 91,
          "sco": 43,
          "dco": 462,
          "txt": "."
        },
        {
          "si": 9,
          "sti": 0,
          "dti": 92,
          "sco": 0,
          "dco": 464,
          "txt": "He"
        },
        {
          "si": 9,
          "sti": 1,
          "dti": 93,
          "sco": 3,
          "dco": 467,
          "txt": "utilized"
        },
        {
          "si": 9,
          "sti": 2,
          "dti": 94,
          "sco": 12,
          "dco": 476,
          "txt": "the"
        },
        {
          "si": 9,
          "sti": 3,
          "dti": 95,
          "sco": 16,
          "dco": 480,
          "txt": "Classic"
        },
        {
          "si": 9,
          "sti": 4,
          "dti": 96,
          "sco": 24,
          "dco": 488,
          "txt": "Revival"
        },
        {
          "si": 9,
          "sti": 5,
          "dti": 97,
          "sco": 32,
          "dco": 496,
          "txt": "style"
        },
        {
          "si": 9,
          "sti": 6,
          "dti": 98,
          "sco": 38,
          "dco": 502,
          "txt": "when"
        },
        {
          "si": 9,
          "sti": 7,
          "dti": 99,
          "sco": 43,
          "dco": 507,
          "txt": "designing"
        },
        {
          "si": 9,
          "sti": 8,
          "dti": 100,
          "sco": 53,
          "dco": 517,
          "txt": "the"
        },
        {
          "si": 9,
          "sti": 9,
          "dti": 101,
          "sco": 57,
          "dco": 521,
          "txt": "Applegate"
        },
        {
          "si": 9,
          "sti": 10,
          "dti": 102,
          "sco": 67,
          "dco": 531,
          "txt": "Drugstore"
        },
        {
          "si": 9,
          "sti": 11,
          "dti": 103,
          "sco": 77,
          "dco": 541,
          "txt": "and"
        },
        {
          "si": 9,
          "sti": 12,
          "dti": 104,
          "sco": 81,
          "dco": 545,
          "txt": "Bank"
        },
        {
          "si": 9,
          "sti": 13,
          "dti": 105,
          "sco": 86,
          "dco": 550,
          "txt": "of"
        },
        {
          "si": 9,
          "sti": 14,
          "dti": 106,
          "sco": 89,
          "dco": 553,
          "txt": "Rogers"
        },
        {
          "si": 9,
          "sti": 15,
          "dti": 107,
          "sco": 96,
          "dco": 560,
          "txt": "Building"
        },
        {
          "si": 9,
          "sti": 16,
          "dti": 108,
          "sco": 105,
          "dco": 569,
          "txt": "elsewhere"
        },
        {
          "si": 9,
          "sti": 17,
          "dti": 109,
          "sco": 115,
          "dco": 579,
          "txt": "in"
        },
        {
          "si": 9,
          "sti": 18,
          "dti": 110,
          "sco": 118,
          "dco": 582,
          "txt": "the"
        },
        {
          "si": 9,
          "sti": 19,
          "dti": 111,
          "sco": 122,
          "dco": 586,
          "txt": "county"
        },
        {
          "si": 9,
          "sti": 20,
          "dti": 112,
          "sco": 128,
          "dco": 592,
          "txt": "."
        },
        {
          "si": 10,
          "sti": 0,
          "dti": 113,
          "sco": 0,
          "dco": 594,
          "txt": "After"
        },
        {
          "si": 10,
          "sti": 1,
          "dti": 114,
          "sco": 6,
          "dco": 600,
          "txt": "approving"
        },
        {
          "si": 10,
          "sti": 2,
          "dti": 115,
          "sco": 16,
          "dco": 610,
          "txt": "of"
        },
        {
          "si": 10,
          "sti": 3,
          "dti": 116,
          "sco": 19,
          "dco": 613,
          "txt": "his"
        },
        {
          "si": 10,
          "sti": 4,
          "dti": 117,
          "sco": 23,
          "dco": 617,
          "txt": "work"
        },
        {
          "si": 10,
          "sti": 5,
          "dti": 118,
          "sco": 27,
          "dco": 621,
          "txt": ","
        },
        {
          "si": 10,
          "sti": 6,
          "dti": 119,
          "sco": 29,
          "dco": 623,
          "txt": "Clark"
        },
        {
          "si": 10,
          "sti": 7,
          "dti": 120,
          "sco": 35,
          "dco": 629,
          "txt": "was"
        },
        {
          "si": 10,
          "sti": 8,
          "dti": 121,
          "sco": 39,
          "dco": 633,
          "txt": "hired"
        },
        {
          "si": 10,
          "sti": 9,
          "dti": 122,
          "sco": 45,
          "dco": 639,
          "txt": "to"
        },
        {
          "si": 10,
          "sti": 10,
          "dti": 123,
          "sco": 48,
          "dco": 642,
          "txt": "build"
        },
        {
          "si": 10,
          "sti": 11,
          "dti": 124,
          "sco": 54,
          "dco": 648,
          "txt": "many"
        },
        {
          "si": 10,
          "sti": 12,
          "dti": 125,
          "sco": 59,
          "dco": 653,
          "txt": "buildings"
        },
        {
          "si": 10,
          "sti": 13,
          "dti": 126,
          "sco": 69,
          "dco": 663,
          "txt": "in"
        },
        {
          "si": 10,
          "sti": 14,
          "dti": 127,
          "sco": 72,
          "dco": 666,
          "txt": "Bentonville"
        },
        {
          "si": 10,
          "sti": 15,
          "dti": 128,
          "sco": 83,
          "dco": 677,
          "txt": ","
        },
        {
          "si": 10,
          "sti": 16,
          "dti": 129,
          "sco": 85,
          "dco": 679,
          "txt": "including"
        },
        {
          "si": 10,
          "sti": 17,
          "dti": 130,
          "sco": 95,
          "dco": 689,
          "txt": "the"
        },
        {
          "si": 10,
          "sti": 18,
          "dti": 131,
          "sco": 99,
          "dco": 693,
          "txt": "Benton"
        },
        {
          "si": 10,
          "sti": 19,
          "dti": 132,
          "sco": 106,
          "dco": 700,
          "txt": "County"
        },
        {
          "si": 10,
          "sti": 20,
          "dti": 133,
          "sco": 113,
          "dco": 707,
          "txt": "Jail"
        },
        {
          "si": 10,
          "sti": 21,
          "dti": 134,
          "sco": 118,
          "dco": 712,
          "txt": "and"
        },
        {
          "si": 10,
          "sti": 22,
          "dti": 135,
          "sco": 122,
          "dco": 716,
          "txt": "the"
        },
        {
          "si": 10,
          "sti": 23,
          "dti": 136,
          "sco": 126,
          "dco": 720,
          "txt": "county"
        },
        {
          "si": 10,
          "sti": 24,
          "dti": 137,
          "sco": 133,
          "dco": 727,
          "txt": "courthouse"
        },
        {
          "si": 10,
          "sti": 25,
          "dti": 138,
          "sco": 143,
          "dco": 737,
          "txt": "."
        },
        {
          "si": 11,
          "sti": 0,
          "dti": 139,
          "sco": 0,
          "dco": 739,
          "txt": "His"
        },
        {
          "si": 11,
          "sti": 1,
          "dti": 140,
          "sco": 4,
          "dco": 743,
          "txt": "building"
        },
        {
          "si": 11,
          "sti": 2,
          "dti": 141,
          "sco": 13,
          "dco": 752,
          "txt": "replaced"
        },
        {
          "si": 11,
          "sti": 3,
          "dti": 142,
          "sco": 22,
          "dco": 761,
          "txt": "an"
        },
        {
          "si": 11,
          "sti": 4,
          "dti": 143,
          "sco": 25,
          "dco": 764,
          "txt": "Italianate"
        },
        {
          "si": 11,
          "sti": 5,
          "dti": 144,
          "sco": 36,
          "dco": 775,
          "txt": "style"
        },
        {
          "si": 11,
          "sti": 6,
          "dti": 145,
          "sco": 42,
          "dco": 781,
          "txt": "structure"
        },
        {
          "si": 11,
          "sti": 7,
          "dti": 146,
          "sco": 52,
          "dco": 791,
          "txt": "that"
        },
        {
          "si": 11,
          "sti": 8,
          "dti": 147,
          "sco": 57,
          "dco": 796,
          "txt": "had"
        },
        {
          "si": 11,
          "sti": 9,
          "dti": 148,
          "sco": 61,
          "dco": 800,
          "txt": "served"
        },
        {
          "si": 11,
          "sti": 10,
          "dti": 149,
          "sco": 68,
          "dco": 807,
          "txt": "the"
        },
        {
          "si": 11,
          "sti": 11,
          "dti": 150,
          "sco": 72,
          "dco": 811,
          "txt": "county"
        },
        {
          "si": 11,
          "sti": 12,
          "dti": 151,
          "sco": 79,
          "dco": 818,
          "txt": "administration"
        },
        {
          "si": 11,
          "sti": 13,
          "dti": 152,
          "sco": 94,
          "dco": 833,
          "txt": "needs"
        },
        {
          "si": 11,
          "sti": 14,
          "dti": 153,
          "sco": 100,
          "dco": 839,
          "txt": "since"
        },
        {
          "si": 11,
          "sti": 15,
          "dti": 154,
          "sco": 106,
          "dco": 845,
          "txt": "1874"
        },
        {
          "si": 11,
          "sti": 16,
          "dti": 155,
          "sco": 110,
          "dco": 849,
          "txt": "."
        },
        {
          "si": 12,
          "sti": 0,
          "dti": 156,
          "sco": 0,
          "dco": 851,
          "txt": "Architecture"
        },
        {
          "si": 12,
          "sti": 1,
          "dti": 157,
          "sco": 12,
          "dco": 863,
          "txt": "."
        },
        {
          "si": 13,
          "sti": 0,
          "dti": 158,
          "sco": 0,
          "dco": 865,
          "txt": "Built"
        },
        {
          "si": 13,
          "sti": 1,
          "dti": 159,
          "sco": 6,
          "dco": 871,
          "txt": "in"
        },
        {
          "si": 13,
          "sti": 2,
          "dti": 160,
          "sco": 9,
          "dco": 874,
          "txt": "the"
        },
        {
          "si": 13,
          "sti": 3,
          "dti": 161,
          "sco": 13,
          "dco": 878,
          "txt": "Classic"
        },
        {
          "si": 13,
          "sti": 4,
          "dti": 162,
          "sco": 21,
          "dco": 886,
          "txt": "Revival"
        },
        {
          "si": 13,
          "sti": 5,
          "dti": 163,
          "sco": 29,
          "dco": 894,
          "txt": "("
        },
        {
          "si": 13,
          "sti": 6,
          "dti": 164,
          "sco": 30,
          "dco": 895,
          "txt": "Neoclassical"
        },
        {
          "si": 13,
          "sti": 7,
          "dti": 165,
          "sco": 42,
          "dco": 907,
          "txt": ")"
        },
        {
          "si": 13,
          "sti": 8,
          "dti": 166,
          "sco": 44,
          "dco": 909,
          "txt": "style"
        },
        {
          "si": 13,
          "sti": 9,
          "dti": 167,
          "sco": 49,
          "dco": 914,
          "txt": ","
        },
        {
          "si": 13,
          "sti": 10,
          "dti": 168,
          "sco": 51,
          "dco": 916,
          "txt": "the"
        },
        {
          "si": 13,
          "sti": 11,
          "dti": 169,
          "sco": 55,
          "dco": 920,
          "txt": "Benton"
        },
        {
          "si": 13,
          "sti": 12,
          "dti": 170,
          "sco": 62,
          "dco": 927,
          "txt": "County"
        },
        {
          "si": 13,
          "sti": 13,
          "dti": 171,
          "sco": 69,
          "dco": 934,
          "txt": "Courthouse"
        },
        {
          "si": 13,
          "sti": 14,
          "dti": 172,
          "sco": 80,
          "dco": 945,
          "txt": "features"
        },
        {
          "si": 13,
          "sti": 15,
          "dti": 173,
          "sco": 89,
          "dco": 954,
          "txt": "a"
        },
        {
          "si": 13,
          "sti": 16,
          "dti": 174,
          "sco": 91,
          "dco": 956,
          "txt": "totally"
        },
        {
          "si": 13,
          "sti": 17,
          "dti": 175,
          "sco": 99,
          "dco": 964,
          "txt": "symmetrical"
        },
        {
          "si": 13,
          "sti": 18,
          "dti": 176,
          "sco": 111,
          "dco": 976,
          "txt": "fa"
        },
        {
          "si": 13,
          "sti": 19,
          "dti": 177,
          "sco": 113,
          "dco": 978,
          "txt": "ç"
        },
        {
          "si": 13,
          "sti": 20,
          "dti": 178,
          "sco": 114,
          "dco": 979,
          "txt": "ade"
        },
        {
          "si": 13,
          "sti": 21,
          "dti": 179,
          "sco": 118,
          "dco": 983,
          "txt": "with"
        },
        {
          "si": 13,
          "sti": 22,
          "dti": 180,
          "sco": 123,
          "dco": 988,
          "txt": "a"
        },
        {
          "si": 13,
          "sti": 23,
          "dti": 181,
          "sco": 125,
          "dco": 990,
          "txt": "centrally"
        },
        {
          "si": 13,
          "sti": 24,
          "dti": 182,
          "sco": 135,
          "dco": 1000,
          "txt": "located"
        },
        {
          "si": 13,
          "sti": 25,
          "dti": 183,
          "sco": 143,
          "dco": 1008,
          "txt": "entrance"
        },
        {
          "si": 13,
          "sti": 26,
          "dti": 184,
          "sco": 151,
          "dco": 1016,
          "txt": "."
        },
        {
          "si": 14,
          "sti": 0,
          "dti": 185,
          "sco": 0,
          "dco": 1018,
          "txt": "The"
        },
        {
          "si": 14,
          "sti": 1,
          "dti": 186,
          "sco": 4,
          "dco": 1022,
          "txt": "building"
        },
        {
          "si": 14,
          "sti": 2,
          "dti": 187,
          "sco": 13,
          "dco": 1031,
          "txt": "also"
        },
        {
          "si": 14,
          "sti": 3,
          "dti": 188,
          "sco": 18,
          "dco": 1036,
          "txt": "exhibits"
        },
        {
          "si": 14,
          "sti": 4,
          "dti": 189,
          "sco": 27,
          "dco": 1045,
          "txt": "keystones"
        },
        {
          "si": 14,
          "sti": 5,
          "dti": 190,
          "sco": 36,
          "dco": 1054,
          "txt": ","
        },
        {
          "si": 14,
          "sti": 6,
          "dti": 191,
          "sco": 38,
          "dco": 1056,
          "txt": "a"
        },
        {
          "si": 14,
          "sti": 7,
          "dti": 192,
          "sco": 40,
          "dco": 1058,
          "txt": "main"
        },
        {
          "si": 14,
          "sti": 8,
          "dti": 193,
          "sco": 45,
          "dco": 1063,
          "txt": "characteristic"
        },
        {
          "si": 14,
          "sti": 9,
          "dti": 194,
          "sco": 60,
          "dco": 1078,
          "txt": "of"
        },
        {
          "si": 14,
          "sti": 10,
          "dti": 195,
          "sco": 63,
          "dco": 1081,
          "txt": "Classic"
        },
        {
          "si": 14,
          "sti": 11,
          "dti": 196,
          "sco": 71,
          "dco": 1089,
          "txt": "Revival"
        },
        {
          "si": 14,
          "sti": 12,
          "dti": 197,
          "sco": 79,
          "dco": 1097,
          "txt": "architecture"
        },
        {
          "si": 14,
          "sti": 13,
          "dti": 198,
          "sco": 91,
          "dco": 1109,
          "txt": "."
        },
        {
          "si": 15,
          "sti": 0,
          "dti": 199,
          "sco": 0,
          "dco": 1111,
          "txt": "The"
        },
        {
          "si": 15,
          "sti": 1,
          "dti": 200,
          "sco": 4,
          "dco": 1115,
          "txt": "third"
        },
        {
          "si": 15,
          "sti": 2,
          "dti": 201,
          "sco": 10,
          "dco": 1121,
          "txt": "floor"
        },
        {
          "si": 15,
          "sti": 3,
          "dti": 202,
          "sco": 16,
          "dco": 1127,
          "txt": "originally"
        },
        {
          "si": 15,
          "sti": 4,
          "dti": 203,
          "sco": 27,
          "dco": 1138,
          "txt": "included"
        },
        {
          "si": 15,
          "sti": 5,
          "dti": 204,
          "sco": 36,
          "dco": 1147,
          "txt": "a"
        },
        {
          "si": 15,
          "sti": 6,
          "dti": 205,
          "sco": 38,
          "dco": 1149,
          "txt": "balcony"
        },
        {
          "si": 15,
          "sti": 7,
          "dti": 206,
          "sco": 45,
          "dco": 1156,
          "txt": ";"
        },
        {
          "si": 15,
          "sti": 8,
          "dti": 207,
          "sco": 47,
          "dco": 1158,
          "txt": "however"
        },
        {
          "si": 15,
          "sti": 9,
          "dti": 208,
          "sco": 55,
          "dco": 1166,
          "txt": "this"
        },
        {
          "si": 15,
          "sti": 10,
          "dti": 209,
          "sco": 60,
          "dco": 1171,
          "txt": "was"
        },
        {
          "si": 15,
          "sti": 11,
          "dti": 210,
          "sco": 64,
          "dco": 1175,
          "txt": "later"
        },
        {
          "si": 15,
          "sti": 12,
          "dti": 211,
          "sco": 70,
          "dco": 1181,
          "txt": "enclosed"
        },
        {
          "si": 15,
          "sti": 13,
          "dti": 212,
          "sco": 79,
          "dco": 1190,
          "txt": "to"
        },
        {
          "si": 15,
          "sti": 14,
          "dti": 213,
          "sco": 82,
          "dco": 1193,
          "txt": "allow"
        },
        {
          "si": 15,
          "sti": 15,
          "dti": 214,
          "sco": 88,
          "dco": 1199,
          "txt": "for"
        },
        {
          "si": 15,
          "sti": 16,
          "dti": 215,
          "sco": 92,
          "dco": 1203,
          "txt": "climate"
        },
        {
          "si": 15,
          "sti": 17,
          "dti": 216,
          "sco": 100,
          "dco": 1211,
          "txt": "control"
        },
        {
          "si": 15,
          "sti": 18,
          "dti": 217,
          "sco": 107,
          "dco": 1218,
          "txt": "."
        },
        {
          "si": 16,
          "sti": 0,
          "dti": 218,
          "sco": 0,
          "dco": 1220,
          "txt": "Today"
        },
        {
          "si": 16,
          "sti": 1,
          "dti": 219,
          "sco": 6,
          "dco": 1226,
          "txt": "the"
        },
        {
          "si": 16,
          "sti": 2,
          "dti": 220,
          "sco": 10,
          "dco": 1230,
          "txt": "enclosed"
        },
        {
          "si": 16,
          "sti": 3,
          "dti": 221,
          "sco": 19,
          "dco": 1239,
          "txt": "third"
        },
        {
          "si": 16,
          "sti": 4,
          "dti": 222,
          "sco": 25,
          "dco": 1245,
          "txt": "floor"
        },
        {
          "si": 16,
          "sti": 5,
          "dti": 223,
          "sco": 31,
          "dco": 1251,
          "txt": "windows"
        },
        {
          "si": 16,
          "sti": 6,
          "dti": 224,
          "sco": 39,
          "dco": 1259,
          "txt": "have"
        },
        {
          "si": 16,
          "sti": 7,
          "dti": 225,
          "sco": 44,
          "dco": 1264,
          "txt": "round"
        },
        {
          "si": 16,
          "sti": 8,
          "dti": 226,
          "sco": 49,
          "dco": 1269,
          "txt": "-"
        },
        {
          "si": 16,
          "sti": 9,
          "dti": 227,
          "sco": 50,
          "dco": 1270,
          "txt": "topped"
        },
        {
          "si": 16,
          "sti": 10,
          "dti": 228,
          "sco": 57,
          "dco": 1277,
          "txt": "arches"
        },
        {
          "si": 16,
          "sti": 11,
          "dti": 229,
          "sco": 63,
          "dco": 1283,
          "txt": ","
        },
        {
          "si": 16,
          "sti": 12,
          "dti": 230,
          "sco": 65,
          "dco": 1285,
          "txt": "a"
        },
        {
          "si": 16,
          "sti": 13,
          "dti": 231,
          "sco": 67,
          "dco": 1287,
          "txt": "modification"
        },
        {
          "si": 16,
          "sti": 14,
          "dti": 232,
          "sco": 80,
          "dco": 1300,
          "txt": "that"
        },
        {
          "si": 16,
          "sti": 15,
          "dti": 233,
          "sco": 85,
          "dco": 1305,
          "txt": "was"
        },
        {
          "si": 16,
          "sti": 16,
          "dti": 234,
          "sco": 89,
          "dco": 1309,
          "txt": "in"
        },
        {
          "si": 16,
          "sti": 17,
          "dti": 235,
          "sco": 92,
          "dco": 1312,
          "txt": "keeping"
        },
        {
          "si": 16,
          "sti": 18,
          "dti": 236,
          "sco": 100,
          "dco": 1320,
          "txt": "with"
        },
        {
          "si": 16,
          "sti": 19,
          "dti": 237,
          "sco": 105,
          "dco": 1325,
          "txt": "the"
        },
        {
          "si": 16,
          "sti": 20,
          "dti": 238,
          "sco": 109,
          "dco": 1329,
          "txt": "Romanesque"
        },
        {
          "si": 16,
          "sti": 21,
          "dti": 239,
          "sco": 120,
          "dco": 1340,
          "txt": "Revival"
        },
        {
          "si": 16,
          "sti": 22,
          "dti": 240,
          "sco": 128,
          "dco": 1348,
          "txt": "building"
        },
        {
          "si": 16,
          "sti": 23,
          "dti": 241,
          "sco": 137,
          "dco": 1357,
          "txt": "style"
        },
        {
          "si": 16,
          "sti": 24,
          "dti": 242,
          "sco": 142,
          "dco": 1362,
          "txt": "."
        }
      ]
    },
    "ganns": {
      "dla": [],
      "la": [],
      "ea": [],
      "eta": [
        {
          "ra": {
            "ea": {
              "etn": "Benton_County_Courthouse_(Arkansas)"
            }
          },
          "sfs": [
            [
              {
                "stn": "openingYear"
              },
              {}
            ]
          ],
          "mfs": [
            [
              {
                "stn": "architect"
              },
              {
                "dla": [],
                "la": [],
                "ea": [
                  {
                    "etn": "Albert_O._Clark"
                  }
                ],
                "eta": []
              }
            ],
            [
              {
                "stn": "yearOfConstruction"
              },
              {
                "dla": [
                  {
                    "txt": {
                      "sff": "1928"
                    },
                    "et": {
                      "etn": "Year"
                    },
                    "dp": {
                      "off": 166
                    }
                  }
                ],
                "la": [],
                "ea": [],
                "eta": []
              }
            ],
            [
              {
                "stn": "architecturalStyle"
              },
              {
                "dla": [],
                "la": [],
                "ea": [
                  {
                    "etn": "Neoclassicism"
                  }
                ],
                "eta": []
              }
            ],
            [
              {
                "stn": "location"
              },
              {
                "dla": [],
                "la": [],
                "ea": [
                  {
                    "etn": "Bentonville,_Arkansas"
                  }
                ],
                "eta": []
              }
            ]
          ]
        }
      ]
    }
  }
]
