[
  {
    "context": "TRAIN",
    "doc": {
      "id": "Cairnwood",
      "tl": [
        {
          "si": 0,
          "sti": 0,
          "dti": 0,
          "sco": 0,
          "dco": 0,
          "txt": "Cairnwood"
        },
        {
          "si": 0,
          "sti": 1,
          "dti": 1,
          "sco": 9,
          "dco": 9,
          "txt": "."
        },
        {
          "si": 1,
          "sti": 0,
          "dti": 2,
          "sco": 0,
          "dco": 11,
          "txt": "Cairnwood"
        },
        {
          "si": 1,
          "sti": 1,
          "dti": 3,
          "sco": 10,
          "dco": 21,
          "txt": "is"
        },
        {
          "si": 1,
          "sti": 2,
          "dti": 4,
          "sco": 13,
          "dco": 24,
          "txt": "a"
        },
        {
          "si": 1,
          "sti": 3,
          "dti": 5,
          "sco": 15,
          "dco": 26,
          "txt": "historic"
        },
        {
          "si": 1,
          "sti": 4,
          "dti": 6,
          "sco": 24,
          "dco": 35,
          "txt": "home"
        },
        {
          "si": 1,
          "sti": 5,
          "dti": 7,
          "sco": 29,
          "dco": 40,
          "txt": "located"
        },
        {
          "si": 1,
          "sti": 6,
          "dti": 8,
          "sco": 37,
          "dco": 48,
          "txt": "adjacent"
        },
        {
          "si": 1,
          "sti": 7,
          "dti": 9,
          "sco": 46,
          "dco": 57,
          "txt": "to"
        },
        {
          "si": 1,
          "sti": 8,
          "dti": 10,
          "sco": 49,
          "dco": 60,
          "txt": "the"
        },
        {
          "si": 1,
          "sti": 9,
          "dti": 11,
          "sco": 53,
          "dco": 64,
          "txt": "Glencairn"
        },
        {
          "si": 1,
          "sti": 10,
          "dti": 12,
          "sco": 63,
          "dco": 74,
          "txt": "Museum"
        },
        {
          "si": 1,
          "sti": 11,
          "dti": 13,
          "sco": 70,
          "dco": 81,
          "txt": "in"
        },
        {
          "si": 1,
          "sti": 12,
          "dti": 14,
          "sco": 73,
          "dco": 84,
          "txt": "Bryn"
        },
        {
          "si": 1,
          "sti": 13,
          "dti": 15,
          "sco": 78,
          "dco": 89,
          "txt": "Athyn"
        },
        {
          "si": 1,
          "sti": 14,
          "dti": 16,
          "sco": 83,
          "dco": 94,
          "txt": ","
        },
        {
          "si": 1,
          "sti": 15,
          "dti": 17,
          "sco": 85,
          "dco": 96,
          "txt": "Montgomery"
        },
        {
          "si": 1,
          "sti": 16,
          "dti": 18,
          "sco": 96,
          "dco": 107,
          "txt": "County"
        },
        {
          "si": 1,
          "sti": 17,
          "dti": 19,
          "sco": 102,
          "dco": 113,
          "txt": ","
        },
        {
          "si": 1,
          "sti": 18,
          "dti": 20,
          "sco": 104,
          "dco": 115,
          "txt": "Pennsylvania"
        },
        {
          "si": 1,
          "sti": 19,
          "dti": 21,
          "sco": 116,
          "dco": 127,
          "txt": "."
        },
        {
          "si": 2,
          "sti": 0,
          "dti": 22,
          "sco": 0,
          "dco": 129,
          "txt": "It"
        },
        {
          "si": 2,
          "sti": 1,
          "dti": 23,
          "sco": 3,
          "dco": 132,
          "txt": "was"
        },
        {
          "si": 2,
          "sti": 2,
          "dti": 24,
          "sco": 7,
          "dco": 136,
          "txt": "designed"
        },
        {
          "si": 2,
          "sti": 3,
          "dti": 25,
          "sco": 16,
          "dco": 145,
          "txt": "by"
        },
        {
          "si": 2,
          "sti": 4,
          "dti": 26,
          "sco": 19,
          "dco": 148,
          "txt": "the"
        },
        {
          "si": 2,
          "sti": 5,
          "dti": 27,
          "sco": 23,
          "dco": 152,
          "txt": "noted"
        },
        {
          "si": 2,
          "sti": 6,
          "dti": 28,
          "sco": 29,
          "dco": 158,
          "txt": "architectural"
        },
        {
          "si": 2,
          "sti": 7,
          "dti": 29,
          "sco": 43,
          "dco": 172,
          "txt": "firm"
        },
        {
          "si": 2,
          "sti": 8,
          "dti": 30,
          "sco": 48,
          "dco": 177,
          "txt": "of"
        },
        {
          "si": 2,
          "sti": 9,
          "dti": 31,
          "sco": 51,
          "dco": 180,
          "txt": "Carr"
        },
        {
          "si": 2,
          "sti": 10,
          "dti": 32,
          "sco": 55,
          "dco": 184,
          "txt": "è"
        },
        {
          "si": 2,
          "sti": 11,
          "dti": 33,
          "sco": 56,
          "dco": 185,
          "txt": "re"
        },
        {
          "si": 2,
          "sti": 12,
          "dti": 34,
          "sco": 59,
          "dco": 188,
          "txt": "and"
        },
        {
          "si": 2,
          "sti": 13,
          "dti": 35,
          "sco": 63,
          "dco": 192,
          "txt": "Hastings"
        },
        {
          "si": 2,
          "sti": 14,
          "dti": 36,
          "sco": 72,
          "dco": 201,
          "txt": "and"
        },
        {
          "si": 2,
          "sti": 15,
          "dti": 37,
          "sco": 76,
          "dco": 205,
          "txt": "built"
        },
        {
          "si": 2,
          "sti": 16,
          "dti": 38,
          "sco": 82,
          "dco": 211,
          "txt": "in"
        },
        {
          "si": 2,
          "sti": 17,
          "dti": 39,
          "sco": 85,
          "dco": 214,
          "txt": "1895"
        },
        {
          "si": 2,
          "sti": 18,
          "dti": 40,
          "sco": 89,
          "dco": 218,
          "txt": "."
        },
        {
          "si": 3,
          "sti": 0,
          "dti": 41,
          "sco": 0,
          "dco": 220,
          "txt": "The"
        },
        {
          "si": 3,
          "sti": 1,
          "dti": 42,
          "sco": 4,
          "dco": 224,
          "txt": "surrounding"
        },
        {
          "si": 3,
          "sti": 2,
          "dti": 43,
          "sco": 16,
          "dco": 236,
          "txt": "grounds"
        },
        {
          "si": 3,
          "sti": 3,
          "dti": 44,
          "sco": 24,
          "dco": 244,
          "txt": "were"
        },
        {
          "si": 3,
          "sti": 4,
          "dti": 45,
          "sco": 29,
          "dco": 249,
          "txt": "designed"
        },
        {
          "si": 3,
          "sti": 5,
          "dti": 46,
          "sco": 38,
          "dco": 258,
          "txt": "by"
        },
        {
          "si": 3,
          "sti": 6,
          "dti": 47,
          "sco": 41,
          "dco": 261,
          "txt": "Olmsted"
        },
        {
          "si": 3,
          "sti": 7,
          "dti": 48,
          "sco": 48,
          "dco": 268,
          "txt": ","
        },
        {
          "si": 3,
          "sti": 8,
          "dti": 49,
          "sco": 50,
          "dco": 270,
          "txt": "Olmsted"
        },
        {
          "si": 3,
          "sti": 9,
          "dti": 50,
          "sco": 58,
          "dco": 278,
          "txt": "and"
        },
        {
          "si": 3,
          "sti": 10,
          "dti": 51,
          "sco": 62,
          "dco": 282,
          "txt": "Eliot"
        },
        {
          "si": 3,
          "sti": 11,
          "dti": 52,
          "sco": 67,
          "dco": 287,
          "txt": "."
        },
        {
          "si": 4,
          "sti": 0,
          "dti": 53,
          "sco": 0,
          "dco": 289,
          "txt": "It"
        },
        {
          "si": 4,
          "sti": 1,
          "dti": 54,
          "sco": 3,
          "dco": 292,
          "txt": "was"
        },
        {
          "si": 4,
          "sti": 2,
          "dti": 55,
          "sco": 7,
          "dco": 296,
          "txt": "built"
        },
        {
          "si": 4,
          "sti": 3,
          "dti": 56,
          "sco": 13,
          "dco": 302,
          "txt": "for"
        },
        {
          "si": 4,
          "sti": 4,
          "dti": 57,
          "sco": 17,
          "dco": 306,
          "txt": "John"
        },
        {
          "si": 4,
          "sti": 5,
          "dti": 58,
          "sco": 22,
          "dco": 311,
          "txt": "Pitcairn"
        },
        {
          "si": 4,
          "sti": 6,
          "dti": 59,
          "sco": 30,
          "dco": 319,
          "txt": ","
        },
        {
          "si": 4,
          "sti": 7,
          "dti": 60,
          "sco": 32,
          "dco": 321,
          "txt": "Jr"
        },
        {
          "si": 4,
          "sti": 8,
          "dti": 61,
          "sco": 34,
          "dco": 323,
          "txt": "."
        },
        {
          "si": 4,
          "sti": 9,
          "dti": 62,
          "sco": 36,
          "dco": 325,
          "txt": "("
        },
        {
          "si": 4,
          "sti": 10,
          "dti": 63,
          "sco": 37,
          "dco": 326,
          "txt": "1841"
        },
        {
          "si": 4,
          "sti": 11,
          "dti": 64,
          "sco": 41,
          "dco": 330,
          "txt": "-"
        },
        {
          "si": 4,
          "sti": 12,
          "dti": 65,
          "sco": 42,
          "dco": 331,
          "txt": "1916"
        },
        {
          "si": 4,
          "sti": 13,
          "dti": 66,
          "sco": 46,
          "dco": 335,
          "txt": ")"
        },
        {
          "si": 4,
          "sti": 14,
          "dti": 67,
          "sco": 47,
          "dco": 336,
          "txt": ","
        },
        {
          "si": 4,
          "sti": 15,
          "dti": 68,
          "sco": 49,
          "dco": 338,
          "txt": "President"
        },
        {
          "si": 4,
          "sti": 16,
          "dti": 69,
          "sco": 59,
          "dco": 348,
          "txt": "of"
        },
        {
          "si": 4,
          "sti": 17,
          "dti": 70,
          "sco": 62,
          "dco": 351,
          "txt": "Pittsburgh"
        },
        {
          "si": 4,
          "sti": 18,
          "dti": 71,
          "sco": 73,
          "dco": 362,
          "txt": "Plate"
        },
        {
          "si": 4,
          "sti": 19,
          "dti": 72,
          "sco": 79,
          "dco": 368,
          "txt": "Glass"
        },
        {
          "si": 4,
          "sti": 20,
          "dti": 73,
          "sco": 85,
          "dco": 374,
          "txt": "Company"
        },
        {
          "si": 4,
          "sti": 21,
          "dti": 74,
          "sco": 92,
          "dco": 381,
          "txt": "."
        },
        {
          "si": 5,
          "sti": 0,
          "dti": 75,
          "sco": 0,
          "dco": 383,
          "txt": "It"
        },
        {
          "si": 5,
          "sti": 1,
          "dti": 76,
          "sco": 3,
          "dco": 386,
          "txt": "is"
        },
        {
          "si": 5,
          "sti": 2,
          "dti": 77,
          "sco": 6,
          "dco": 389,
          "txt": "a"
        },
        {
          "si": 5,
          "sti": 3,
          "dti": 78,
          "sco": 8,
          "dco": 391,
          "txt": "2"
        },
        {
          "si": 5,
          "sti": 4,
          "dti": 79,
          "sco": 9,
          "dco": 392,
          "txt": "½"
        },
        {
          "si": 5,
          "sti": 5,
          "dti": 80,
          "sco": 10,
          "dco": 393,
          "txt": "-"
        },
        {
          "si": 5,
          "sti": 6,
          "dti": 81,
          "sco": 11,
          "dco": 394,
          "txt": "story"
        },
        {
          "si": 5,
          "sti": 7,
          "dti": 82,
          "sco": 16,
          "dco": 399,
          "txt": ","
        },
        {
          "si": 5,
          "sti": 8,
          "dti": 83,
          "sco": 18,
          "dco": 401,
          "txt": "Roman"
        },
        {
          "si": 5,
          "sti": 9,
          "dti": 84,
          "sco": 24,
          "dco": 407,
          "txt": "brick"
        },
        {
          "si": 5,
          "sti": 10,
          "dti": 85,
          "sco": 30,
          "dco": 413,
          "txt": "and"
        },
        {
          "si": 5,
          "sti": 11,
          "dti": 86,
          "sco": 34,
          "dco": 417,
          "txt": "limestone"
        },
        {
          "si": 5,
          "sti": 12,
          "dti": 87,
          "sco": 44,
          "dco": 427,
          "txt": "French"
        },
        {
          "si": 5,
          "sti": 13,
          "dti": 88,
          "sco": 51,
          "dco": 434,
          "txt": "country"
        },
        {
          "si": 5,
          "sti": 14,
          "dti": 89,
          "sco": 59,
          "dco": 442,
          "txt": "estate"
        },
        {
          "si": 5,
          "sti": 15,
          "dti": 90,
          "sco": 66,
          "dco": 449,
          "txt": "home"
        },
        {
          "si": 5,
          "sti": 16,
          "dti": 91,
          "sco": 71,
          "dco": 454,
          "txt": "in"
        },
        {
          "si": 5,
          "sti": 17,
          "dti": 92,
          "sco": 74,
          "dco": 457,
          "txt": "the"
        },
        {
          "si": 5,
          "sti": 18,
          "dti": 93,
          "sco": 78,
          "dco": 461,
          "txt": "Beaux"
        },
        {
          "si": 5,
          "sti": 19,
          "dti": 94,
          "sco": 84,
          "dco": 467,
          "txt": "Arts"
        },
        {
          "si": 5,
          "sti": 20,
          "dti": 95,
          "sco": 89,
          "dco": 472,
          "txt": "style"
        },
        {
          "si": 5,
          "sti": 21,
          "dti": 96,
          "sco": 94,
          "dco": 477,
          "txt": "."
        },
        {
          "si": 6,
          "sti": 0,
          "dti": 97,
          "sco": 0,
          "dco": 479,
          "txt": "The"
        },
        {
          "si": 6,
          "sti": 1,
          "dti": 98,
          "sco": 4,
          "dco": 483,
          "txt": "L"
        },
        {
          "si": 6,
          "sti": 2,
          "dti": 99,
          "sco": 5,
          "dco": 484,
          "txt": "-"
        },
        {
          "si": 6,
          "sti": 3,
          "dti": 100,
          "sco": 6,
          "dco": 485,
          "txt": "plan"
        },
        {
          "si": 6,
          "sti": 4,
          "dti": 101,
          "sco": 11,
          "dco": 490,
          "txt": "house"
        },
        {
          "si": 6,
          "sti": 5,
          "dti": 102,
          "sco": 17,
          "dco": 496,
          "txt": "has"
        },
        {
          "si": 6,
          "sti": 6,
          "dti": 103,
          "sco": 21,
          "dco": 500,
          "txt": "28"
        },
        {
          "si": 6,
          "sti": 7,
          "dti": 104,
          "sco": 24,
          "dco": 503,
          "txt": "rooms"
        },
        {
          "si": 6,
          "sti": 8,
          "dti": 105,
          "sco": 29,
          "dco": 508,
          "txt": ","
        },
        {
          "si": 6,
          "sti": 9,
          "dti": 106,
          "sco": 31,
          "dco": 510,
          "txt": "plus"
        },
        {
          "si": 6,
          "sti": 10,
          "dti": 107,
          "sco": 36,
          "dco": 515,
          "txt": "a"
        },
        {
          "si": 6,
          "sti": 11,
          "dti": 108,
          "sco": 38,
          "dco": 517,
          "txt": "chapel"
        },
        {
          "si": 6,
          "sti": 12,
          "dti": 109,
          "sco": 45,
          "dco": 524,
          "txt": "in"
        },
        {
          "si": 6,
          "sti": 13,
          "dti": 110,
          "sco": 48,
          "dco": 527,
          "txt": "the"
        },
        {
          "si": 6,
          "sti": 14,
          "dti": 111,
          "sco": 52,
          "dco": 531,
          "txt": "third"
        },
        {
          "si": 6,
          "sti": 15,
          "dti": 112,
          "sco": 58,
          "dco": 537,
          "txt": "story"
        },
        {
          "si": 6,
          "sti": 16,
          "dti": 113,
          "sco": 64,
          "dco": 543,
          "txt": "turret"
        },
        {
          "si": 6,
          "sti": 17,
          "dti": 114,
          "sco": 70,
          "dco": 549,
          "txt": "."
        },
        {
          "si": 7,
          "sti": 0,
          "dti": 115,
          "sco": 0,
          "dco": 551,
          "txt": "Also"
        },
        {
          "si": 7,
          "sti": 1,
          "dti": 116,
          "sco": 5,
          "dco": 556,
          "txt": "on"
        },
        {
          "si": 7,
          "sti": 2,
          "dti": 117,
          "sco": 8,
          "dco": 559,
          "txt": "the"
        },
        {
          "si": 7,
          "sti": 3,
          "dti": 118,
          "sco": 12,
          "dco": 563,
          "txt": "property"
        },
        {
          "si": 7,
          "sti": 4,
          "dti": 119,
          "sco": 21,
          "dco": 572,
          "txt": "are"
        },
        {
          "si": 7,
          "sti": 5,
          "dti": 120,
          "sco": 25,
          "dco": 576,
          "txt": "a"
        },
        {
          "si": 7,
          "sti": 6,
          "dti": 121,
          "sco": 27,
          "dco": 578,
          "txt": "contributing"
        },
        {
          "si": 7,
          "sti": 7,
          "dti": 122,
          "sco": 40,
          "dco": 591,
          "txt": "stable"
        },
        {
          "si": 7,
          "sti": 8,
          "dti": 123,
          "sco": 47,
          "dco": 598,
          "txt": "and"
        },
        {
          "si": 7,
          "sti": 9,
          "dti": 124,
          "sco": 51,
          "dco": 602,
          "txt": "garden"
        },
        {
          "si": 7,
          "sti": 10,
          "dti": 125,
          "sco": 58,
          "dco": 609,
          "txt": "house"
        },
        {
          "si": 7,
          "sti": 11,
          "dti": 126,
          "sco": 64,
          "dco": 615,
          "txt": "built"
        },
        {
          "si": 7,
          "sti": 12,
          "dti": 127,
          "sco": 70,
          "dco": 621,
          "txt": "contemporary"
        },
        {
          "si": 7,
          "sti": 13,
          "dti": 128,
          "sco": 83,
          "dco": 634,
          "txt": "to"
        },
        {
          "si": 7,
          "sti": 14,
          "dti": 129,
          "sco": 86,
          "dco": 637,
          "txt": "the"
        },
        {
          "si": 7,
          "sti": 15,
          "dti": 130,
          "sco": 90,
          "dco": 641,
          "txt": "main"
        },
        {
          "si": 7,
          "sti": 16,
          "dti": 131,
          "sco": 95,
          "dco": 646,
          "txt": "house"
        },
        {
          "si": 7,
          "sti": 17,
          "dti": 132,
          "sco": 100,
          "dco": 651,
          "txt": ","
        },
        {
          "si": 7,
          "sti": 18,
          "dti": 133,
          "sco": 102,
          "dco": 653,
          "txt": "and"
        },
        {
          "si": 7,
          "sti": 19,
          "dti": 134,
          "sco": 106,
          "dco": 657,
          "txt": "garage"
        },
        {
          "si": 7,
          "sti": 20,
          "dti": 135,
          "sco": 113,
          "dco": 664,
          "txt": "complex"
        },
        {
          "si": 7,
          "sti": 21,
          "dti": 136,
          "sco": 121,
          "dco": 672,
          "txt": "("
        },
        {
          "si": 7,
          "sti": 22,
          "dti": 137,
          "sco": 122,
          "dco": 673,
          "txt": "1911"
        },
        {
          "si": 7,
          "sti": 23,
          "dti": 138,
          "sco": 126,
          "dco": 677,
          "txt": ")"
        },
        {
          "si": 7,
          "sti": 24,
          "dti": 139,
          "sco": 127,
          "dco": 678,
          "txt": "."
        },
        {
          "si": 8,
          "sti": 0,
          "dti": 140,
          "sco": 0,
          "dco": 680,
          "txt": "A"
        },
        {
          "si": 8,
          "sti": 1,
          "dti": 141,
          "sco": 2,
          "dco": 682,
          "txt": "contributing"
        },
        {
          "si": 8,
          "sti": 2,
          "dti": 142,
          "sco": 15,
          "dco": 695,
          "txt": "structure"
        },
        {
          "si": 8,
          "sti": 3,
          "dti": 143,
          "sco": 25,
          "dco": 705,
          "txt": "is"
        },
        {
          "si": 8,
          "sti": 4,
          "dti": 144,
          "sco": 28,
          "dco": 708,
          "txt": "the"
        },
        {
          "si": 8,
          "sti": 5,
          "dti": 145,
          "sco": 32,
          "dco": 712,
          "txt": "estate"
        },
        {
          "si": 8,
          "sti": 6,
          "dti": 146,
          "sco": 39,
          "dco": 719,
          "txt": "wall"
        },
        {
          "si": 8,
          "sti": 7,
          "dti": 147,
          "sco": 43,
          "dco": 723,
          "txt": "."
        },
        {
          "si": 9,
          "sti": 0,
          "dti": 148,
          "sco": 0,
          "dco": 725,
          "txt": "The"
        },
        {
          "si": 9,
          "sti": 1,
          "dti": 149,
          "sco": 4,
          "dco": 729,
          "txt": "property"
        },
        {
          "si": 9,
          "sti": 2,
          "dti": 150,
          "sco": 13,
          "dco": 738,
          "txt": "is"
        },
        {
          "si": 9,
          "sti": 3,
          "dti": 151,
          "sco": 16,
          "dco": 741,
          "txt": "now"
        },
        {
          "si": 9,
          "sti": 4,
          "dti": 152,
          "sco": 20,
          "dco": 745,
          "txt": "owned"
        },
        {
          "si": 9,
          "sti": 5,
          "dti": 153,
          "sco": 26,
          "dco": 751,
          "txt": "by"
        },
        {
          "si": 9,
          "sti": 6,
          "dti": 154,
          "sco": 29,
          "dco": 754,
          "txt": "the"
        },
        {
          "si": 9,
          "sti": 7,
          "dti": 155,
          "sco": 33,
          "dco": 758,
          "txt": "Bryn"
        },
        {
          "si": 9,
          "sti": 8,
          "dti": 156,
          "sco": 38,
          "dco": 763,
          "txt": "Athyn"
        },
        {
          "si": 9,
          "sti": 9,
          "dti": 157,
          "sco": 44,
          "dco": 769,
          "txt": "College"
        },
        {
          "si": 9,
          "sti": 10,
          "dti": 158,
          "sco": 52,
          "dco": 777,
          "txt": "and"
        },
        {
          "si": 9,
          "sti": 11,
          "dti": 159,
          "sco": 56,
          "dco": 781,
          "txt": "serves"
        },
        {
          "si": 9,
          "sti": 12,
          "dti": 160,
          "sco": 63,
          "dco": 788,
          "txt": "as"
        },
        {
          "si": 9,
          "sti": 13,
          "dti": 161,
          "sco": 66,
          "dco": 791,
          "txt": "a"
        },
        {
          "si": 9,
          "sti": 14,
          "dti": 162,
          "sco": 68,
          "dco": 793,
          "txt": "special"
        },
        {
          "si": 9,
          "sti": 15,
          "dti": 163,
          "sco": 76,
          "dco": 801,
          "txt": "events"
        },
        {
          "si": 9,
          "sti": 16,
          "dti": 164,
          "sco": 83,
          "dco": 808,
          "txt": "facility"
        },
        {
          "si": 9,
          "sti": 17,
          "dti": 165,
          "sco": 91,
          "dco": 816,
          "txt": ","
        },
        {
          "si": 9,
          "sti": 18,
          "dti": 166,
          "sco": 93,
          "dco": 818,
          "txt": "specifically"
        },
        {
          "si": 9,
          "sti": 19,
          "dti": 167,
          "sco": 106,
          "dco": 831,
          "txt": "hosting"
        },
        {
          "si": 9,
          "sti": 20,
          "dti": 168,
          "sco": 114,
          "dco": 839,
          "txt": "weddings"
        },
        {
          "si": 9,
          "sti": 21,
          "dti": 169,
          "sco": 122,
          "dco": 847,
          "txt": ","
        },
        {
          "si": 9,
          "sti": 22,
          "dti": 170,
          "sco": 124,
          "dco": 849,
          "txt": "corporate"
        },
        {
          "si": 9,
          "sti": 23,
          "dti": 171,
          "sco": 134,
          "dco": 859,
          "txt": "functions"
        },
        {
          "si": 9,
          "sti": 24,
          "dti": 172,
          "sco": 143,
          "dco": 868,
          "txt": ","
        },
        {
          "si": 9,
          "sti": 25,
          "dti": 173,
          "sco": 145,
          "dco": 870,
          "txt": "fundraising"
        },
        {
          "si": 9,
          "sti": 26,
          "dti": 174,
          "sco": 157,
          "dco": 882,
          "txt": "and"
        },
        {
          "si": 9,
          "sti": 27,
          "dti": 175,
          "sco": 161,
          "dco": 886,
          "txt": "social"
        },
        {
          "si": 9,
          "sti": 28,
          "dti": 176,
          "sco": 168,
          "dco": 893,
          "txt": "events"
        },
        {
          "si": 9,
          "sti": 29,
          "dti": 177,
          "sco": 175,
          "dco": 900,
          "txt": "of"
        },
        {
          "si": 9,
          "sti": 30,
          "dti": 178,
          "sco": 178,
          "dco": 903,
          "txt": "all"
        },
        {
          "si": 9,
          "sti": 31,
          "dti": 179,
          "sco": 182,
          "dco": 907,
          "txt": "kinds"
        },
        {
          "si": 9,
          "sti": 32,
          "dti": 180,
          "sco": 187,
          "dco": 912,
          "txt": "."
        },
        {
          "si": 10,
          "sti": 0,
          "dti": 181,
          "sco": 0,
          "dco": 914,
          "txt": "It"
        },
        {
          "si": 10,
          "sti": 1,
          "dti": 182,
          "sco": 3,
          "dco": 917,
          "txt": "was"
        },
        {
          "si": 10,
          "sti": 2,
          "dti": 183,
          "sco": 7,
          "dco": 921,
          "txt": "added"
        },
        {
          "si": 10,
          "sti": 3,
          "dti": 184,
          "sco": 13,
          "dco": 927,
          "txt": "to"
        },
        {
          "si": 10,
          "sti": 4,
          "dti": 185,
          "sco": 16,
          "dco": 930,
          "txt": "the"
        },
        {
          "si": 10,
          "sti": 5,
          "dti": 186,
          "sco": 20,
          "dco": 934,
          "txt": "National"
        },
        {
          "si": 10,
          "sti": 6,
          "dti": 187,
          "sco": 29,
          "dco": 943,
          "txt": "Register"
        },
        {
          "si": 10,
          "sti": 7,
          "dti": 188,
          "sco": 38,
          "dco": 952,
          "txt": "of"
        },
        {
          "si": 10,
          "sti": 8,
          "dti": 189,
          "sco": 41,
          "dco": 955,
          "txt": "Historic"
        },
        {
          "si": 10,
          "sti": 9,
          "dti": 190,
          "sco": 50,
          "dco": 964,
          "txt": "Places"
        },
        {
          "si": 10,
          "sti": 10,
          "dti": 191,
          "sco": 57,
          "dco": 971,
          "txt": "in"
        },
        {
          "si": 10,
          "sti": 11,
          "dti": 192,
          "sco": 60,
          "dco": 974,
          "txt": "2002"
        },
        {
          "si": 10,
          "sti": 12,
          "dti": 193,
          "sco": 64,
          "dco": 978,
          "txt": "."
        },
        {
          "si": 11,
          "sti": 0,
          "dti": 194,
          "sco": 0,
          "dco": 980,
          "txt": "It"
        },
        {
          "si": 11,
          "sti": 1,
          "dti": 195,
          "sco": 3,
          "dco": 983,
          "txt": "is"
        },
        {
          "si": 11,
          "sti": 2,
          "dti": 196,
          "sco": 6,
          "dco": 986,
          "txt": "a"
        },
        {
          "si": 11,
          "sti": 3,
          "dti": 197,
          "sco": 8,
          "dco": 988,
          "txt": "contributing"
        },
        {
          "si": 11,
          "sti": 4,
          "dti": 198,
          "sco": 21,
          "dco": 1001,
          "txt": "property"
        },
        {
          "si": 11,
          "sti": 5,
          "dti": 199,
          "sco": 30,
          "dco": 1010,
          "txt": "to"
        },
        {
          "si": 11,
          "sti": 6,
          "dti": 200,
          "sco": 33,
          "dco": 1013,
          "txt": "the"
        },
        {
          "si": 11,
          "sti": 7,
          "dti": 201,
          "sco": 37,
          "dco": 1017,
          "txt": "Bryn"
        },
        {
          "si": 11,
          "sti": 8,
          "dti": 202,
          "sco": 42,
          "dco": 1022,
          "txt": "Athyn"
        },
        {
          "si": 11,
          "sti": 9,
          "dti": 203,
          "sco": 48,
          "dco": 1028,
          "txt": "Historic"
        },
        {
          "si": 11,
          "sti": 10,
          "dti": 204,
          "sco": 57,
          "dco": 1037,
          "txt": "District"
        },
        {
          "si": 11,
          "sti": 11,
          "dti": 205,
          "sco": 65,
          "dco": 1045,
          "txt": "."
        }
      ]
    },
    "ganns": {
      "dla": [],
      "la": [],
      "ea": [],
      "eta": [
        {
          "ra": {
            "ea": {
              "etn": "Cairnwood"
            }
          },
          "sfs": [
            [
              {
                "stn": "openingYear"
              },
              {}
            ]
          ],
          "mfs": [
            [
              {
                "stn": "architect"
              },
              {
                "dla": [],
                "la": [],
                "ea": [],
                "eta": []
              }
            ],
            [
              {
                "stn": "yearOfConstruction"
              },
              {
                "dla": [
                  {
                    "txt": {
                      "sff": "1895"
                    },
                    "et": {
                      "etn": "Year"
                    },
                    "dp": {
                      "off": 214
                    }
                  }
                ],
                "la": [],
                "ea": [],
                "eta": []
              }
            ],
            [
              {
                "stn": "architecturalStyle"
              },
              {
                "dla": [],
                "la": [],
                "ea": [
                  {
                    "etn": "Beaux-Arts_architecture"
                  }
                ],
                "eta": []
              }
            ],
            [
              {
                "stn": "location"
              },
              {
                "dla": [],
                "la": [],
                "ea": [
                  {
                    "etn": "Bryn_Athyn,_Pennsylvania"
                  }
                ],
                "eta": []
              }
            ]
          ]
        }
      ]
    }
  }
]
