[
  {
    "context": "TEST",
    "doc": {
      "id": "Central_Library_(Portland,_Oregon)",
      "tl": [
        {
          "si": 0,
          "sti": 0,
          "dti": 0,
          "sco": 0,
          "dco": 0,
          "txt": "Central"
        },
        {
          "si": 0,
          "sti": 1,
          "dti": 1,
          "sco": 8,
          "dco": 8,
          "txt": "Library"
        },
        {
          "si": 0,
          "sti": 2,
          "dti": 2,
          "sco": 16,
          "dco": 16,
          "txt": "("
        },
        {
          "si": 0,
          "sti": 3,
          "dti": 3,
          "sco": 17,
          "dco": 17,
          "txt": "Portland"
        },
        {
          "si": 0,
          "sti": 4,
          "dti": 4,
          "sco": 25,
          "dco": 25,
          "txt": ","
        },
        {
          "si": 0,
          "sti": 5,
          "dti": 5,
          "sco": 27,
          "dco": 27,
          "txt": "Oregon"
        },
        {
          "si": 0,
          "sti": 6,
          "dti": 6,
          "sco": 33,
          "dco": 33,
          "txt": ")"
        },
        {
          "si": 0,
          "sti": 7,
          "dti": 7,
          "sco": 34,
          "dco": 34,
          "txt": "."
        },
        {
          "si": 1,
          "sti": 0,
          "dti": 8,
          "sco": 0,
          "dco": 36,
          "txt": "The"
        },
        {
          "si": 1,
          "sti": 1,
          "dti": 9,
          "sco": 4,
          "dco": 40,
          "txt": "Central"
        },
        {
          "si": 1,
          "sti": 2,
          "dti": 10,
          "sco": 12,
          "dco": 48,
          "txt": "Library"
        },
        {
          "si": 1,
          "sti": 3,
          "dti": 11,
          "sco": 20,
          "dco": 56,
          "txt": "is"
        },
        {
          "si": 1,
          "sti": 4,
          "dti": 12,
          "sco": 23,
          "dco": 59,
          "txt": "a"
        },
        {
          "si": 1,
          "sti": 5,
          "dti": 13,
          "sco": 25,
          "dco": 61,
          "txt": "three"
        },
        {
          "si": 1,
          "sti": 6,
          "dti": 14,
          "sco": 30,
          "dco": 66,
          "txt": "-"
        },
        {
          "si": 1,
          "sti": 7,
          "dti": 15,
          "sco": 31,
          "dco": 67,
          "txt": "story"
        },
        {
          "si": 1,
          "sti": 8,
          "dti": 16,
          "sco": 37,
          "dco": 73,
          "txt": "public"
        },
        {
          "si": 1,
          "sti": 9,
          "dti": 17,
          "sco": 44,
          "dco": 80,
          "txt": "library"
        },
        {
          "si": 1,
          "sti": 10,
          "dti": 18,
          "sco": 52,
          "dco": 88,
          "txt": "branch"
        },
        {
          "si": 1,
          "sti": 11,
          "dti": 19,
          "sco": 59,
          "dco": 95,
          "txt": "in"
        },
        {
          "si": 1,
          "sti": 12,
          "dti": 20,
          "sco": 62,
          "dco": 98,
          "txt": "downtown"
        },
        {
          "si": 1,
          "sti": 13,
          "dti": 21,
          "sco": 71,
          "dco": 107,
          "txt": "Portland"
        },
        {
          "si": 1,
          "sti": 14,
          "dti": 22,
          "sco": 79,
          "dco": 115,
          "txt": ","
        },
        {
          "si": 1,
          "sti": 15,
          "dti": 23,
          "sco": 81,
          "dco": 117,
          "txt": "Oregon"
        },
        {
          "si": 1,
          "sti": 16,
          "dti": 24,
          "sco": 87,
          "dco": 123,
          "txt": ","
        },
        {
          "si": 1,
          "sti": 17,
          "dti": 25,
          "sco": 89,
          "dco": 125,
          "txt": "United"
        },
        {
          "si": 1,
          "sti": 18,
          "dti": 26,
          "sco": 96,
          "dco": 132,
          "txt": "States"
        },
        {
          "si": 1,
          "sti": 19,
          "dti": 27,
          "sco": 102,
          "dco": 138,
          "txt": "."
        },
        {
          "si": 2,
          "sti": 0,
          "dti": 28,
          "sco": 0,
          "dco": 140,
          "txt": "Opened"
        },
        {
          "si": 2,
          "sti": 1,
          "dti": 29,
          "sco": 7,
          "dco": 147,
          "txt": "in"
        },
        {
          "si": 2,
          "sti": 2,
          "dti": 30,
          "sco": 10,
          "dco": 150,
          "txt": "1913"
        },
        {
          "si": 2,
          "sti": 3,
          "dti": 31,
          "sco": 14,
          "dco": 154,
          "txt": ","
        },
        {
          "si": 2,
          "sti": 4,
          "dti": 32,
          "sco": 16,
          "dco": 156,
          "txt": "it"
        },
        {
          "si": 2,
          "sti": 5,
          "dti": 33,
          "sco": 19,
          "dco": 159,
          "txt": "serves"
        },
        {
          "si": 2,
          "sti": 6,
          "dti": 34,
          "sco": 26,
          "dco": 166,
          "txt": "as"
        },
        {
          "si": 2,
          "sti": 7,
          "dti": 35,
          "sco": 29,
          "dco": 169,
          "txt": "the"
        },
        {
          "si": 2,
          "sti": 8,
          "dti": 36,
          "sco": 33,
          "dco": 173,
          "txt": "main"
        },
        {
          "si": 2,
          "sti": 9,
          "dti": 37,
          "sco": 38,
          "dco": 178,
          "txt": "branch"
        },
        {
          "si": 2,
          "sti": 10,
          "dti": 38,
          "sco": 45,
          "dco": 185,
          "txt": "of"
        },
        {
          "si": 2,
          "sti": 11,
          "dti": 39,
          "sco": 48,
          "dco": 188,
          "txt": "the"
        },
        {
          "si": 2,
          "sti": 12,
          "dti": 40,
          "sco": 52,
          "dco": 192,
          "txt": "Multnomah"
        },
        {
          "si": 2,
          "sti": 13,
          "dti": 41,
          "sco": 62,
          "dco": 202,
          "txt": "County"
        },
        {
          "si": 2,
          "sti": 14,
          "dti": 42,
          "sco": 69,
          "dco": 209,
          "txt": "Library"
        },
        {
          "si": 2,
          "sti": 15,
          "dti": 43,
          "sco": 77,
          "dco": 217,
          "txt": "system"
        },
        {
          "si": 2,
          "sti": 16,
          "dti": 44,
          "sco": 83,
          "dco": 223,
          "txt": "."
        },
        {
          "si": 3,
          "sti": 0,
          "dti": 45,
          "sco": 0,
          "dco": 225,
          "txt": "The"
        },
        {
          "si": 3,
          "sti": 1,
          "dti": 46,
          "sco": 4,
          "dco": 229,
          "txt": "Georgian"
        },
        {
          "si": 3,
          "sti": 2,
          "dti": 47,
          "sco": 13,
          "dco": 238,
          "txt": "style"
        },
        {
          "si": 3,
          "sti": 3,
          "dti": 48,
          "sco": 19,
          "dco": 244,
          "txt": "building"
        },
        {
          "si": 3,
          "sti": 4,
          "dti": 49,
          "sco": 28,
          "dco": 253,
          "txt": "was"
        },
        {
          "si": 3,
          "sti": 5,
          "dti": 50,
          "sco": 32,
          "dco": 257,
          "txt": "added"
        },
        {
          "si": 3,
          "sti": 6,
          "dti": 51,
          "sco": 38,
          "dco": 263,
          "txt": "to"
        },
        {
          "si": 3,
          "sti": 7,
          "dti": 52,
          "sco": 41,
          "dco": 266,
          "txt": "the"
        },
        {
          "si": 3,
          "sti": 8,
          "dti": 53,
          "sco": 45,
          "dco": 270,
          "txt": "National"
        },
        {
          "si": 3,
          "sti": 9,
          "dti": 54,
          "sco": 54,
          "dco": 279,
          "txt": "Register"
        },
        {
          "si": 3,
          "sti": 10,
          "dti": 55,
          "sco": 63,
          "dco": 288,
          "txt": "of"
        },
        {
          "si": 3,
          "sti": 11,
          "dti": 56,
          "sco": 66,
          "dco": 291,
          "txt": "Historic"
        },
        {
          "si": 3,
          "sti": 12,
          "dti": 57,
          "sco": 75,
          "dco": 300,
          "txt": "Places"
        },
        {
          "si": 3,
          "sti": 13,
          "dti": 58,
          "sco": 82,
          "dco": 307,
          "txt": "as"
        },
        {
          "si": 3,
          "sti": 14,
          "dti": 59,
          "sco": 85,
          "dco": 310,
          "txt": "the"
        },
        {
          "si": 3,
          "sti": 15,
          "dti": 60,
          "sco": 89,
          "dco": 314,
          "txt": "Central"
        },
        {
          "si": 3,
          "sti": 16,
          "dti": 61,
          "sco": 97,
          "dco": 322,
          "txt": "Building"
        },
        {
          "si": 3,
          "sti": 17,
          "dti": 62,
          "sco": 105,
          "dco": 330,
          "txt": ","
        },
        {
          "si": 3,
          "sti": 18,
          "dti": 63,
          "sco": 107,
          "dco": 332,
          "txt": "Public"
        },
        {
          "si": 3,
          "sti": 19,
          "dti": 64,
          "sco": 114,
          "dco": 339,
          "txt": "Library"
        },
        {
          "si": 3,
          "sti": 20,
          "dti": 65,
          "sco": 122,
          "dco": 347,
          "txt": "in"
        },
        {
          "si": 3,
          "sti": 21,
          "dti": 66,
          "sco": 125,
          "dco": 350,
          "txt": "1979"
        },
        {
          "si": 3,
          "sti": 22,
          "dti": 67,
          "sco": 130,
          "dco": 355,
          "txt": "and"
        },
        {
          "si": 3,
          "sti": 23,
          "dti": 68,
          "sco": 134,
          "dco": 359,
          "txt": "underwent"
        },
        {
          "si": 3,
          "sti": 24,
          "dti": 69,
          "sco": 144,
          "dco": 369,
          "txt": "major"
        },
        {
          "si": 3,
          "sti": 25,
          "dti": 70,
          "sco": 150,
          "dco": 375,
          "txt": "renovations"
        },
        {
          "si": 3,
          "sti": 26,
          "dti": 71,
          "sco": 162,
          "dco": 387,
          "txt": "in"
        },
        {
          "si": 3,
          "sti": 27,
          "dti": 72,
          "sco": 165,
          "dco": 390,
          "txt": "1997"
        },
        {
          "si": 3,
          "sti": 28,
          "dti": 73,
          "sco": 169,
          "dco": 394,
          "txt": "."
        },
        {
          "si": 4,
          "sti": 0,
          "dti": 74,
          "sco": 0,
          "dco": 396,
          "txt": "History"
        },
        {
          "si": 4,
          "sti": 1,
          "dti": 75,
          "sco": 7,
          "dco": 403,
          "txt": "."
        },
        {
          "si": 5,
          "sti": 0,
          "dti": 76,
          "sco": 0,
          "dco": 405,
          "txt": "The"
        },
        {
          "si": 5,
          "sti": 1,
          "dti": 77,
          "sco": 4,
          "dco": 409,
          "txt": "Library"
        },
        {
          "si": 5,
          "sti": 2,
          "dti": 78,
          "sco": 12,
          "dco": 417,
          "txt": "Association"
        },
        {
          "si": 5,
          "sti": 3,
          "dti": 79,
          "sco": 24,
          "dco": 429,
          "txt": "of"
        },
        {
          "si": 5,
          "sti": 4,
          "dti": 80,
          "sco": 27,
          "dco": 432,
          "txt": "Portland"
        },
        {
          "si": 5,
          "sti": 5,
          "dti": 81,
          "sco": 36,
          "dco": 441,
          "txt": "was"
        },
        {
          "si": 5,
          "sti": 6,
          "dti": 82,
          "sco": 40,
          "dco": 445,
          "txt": "formed"
        },
        {
          "si": 5,
          "sti": 7,
          "dti": 83,
          "sco": 47,
          "dco": 452,
          "txt": "in"
        },
        {
          "si": 5,
          "sti": 8,
          "dti": 84,
          "sco": 50,
          "dco": 455,
          "txt": "1864"
        },
        {
          "si": 5,
          "sti": 9,
          "dti": 85,
          "sco": 54,
          "dco": 459,
          "txt": "."
        },
        {
          "si": 6,
          "sti": 0,
          "dti": 86,
          "sco": 0,
          "dco": 461,
          "txt": "After"
        },
        {
          "si": 6,
          "sti": 1,
          "dti": 87,
          "sco": 6,
          "dco": 467,
          "txt": "going"
        },
        {
          "si": 6,
          "sti": 2,
          "dti": 88,
          "sco": 12,
          "dco": 473,
          "txt": "through"
        },
        {
          "si": 6,
          "sti": 3,
          "dti": 89,
          "sco": 20,
          "dco": 481,
          "txt": "several"
        },
        {
          "si": 6,
          "sti": 4,
          "dti": 90,
          "sco": 28,
          "dco": 489,
          "txt": "locations"
        },
        {
          "si": 6,
          "sti": 5,
          "dti": 91,
          "sco": 38,
          "dco": 499,
          "txt": "during"
        },
        {
          "si": 6,
          "sti": 6,
          "dti": 92,
          "sco": 45,
          "dco": 506,
          "txt": "the"
        },
        {
          "si": 6,
          "sti": 7,
          "dti": 93,
          "sco": 49,
          "dco": 510,
          "txt": "first"
        },
        {
          "si": 6,
          "sti": 8,
          "dti": 94,
          "sco": 55,
          "dco": 516,
          "txt": "half"
        },
        {
          "si": 6,
          "sti": 9,
          "dti": 95,
          "sco": 59,
          "dco": 520,
          "txt": "-"
        },
        {
          "si": 6,
          "sti": 10,
          "dti": 96,
          "sco": 60,
          "dco": 521,
          "txt": "century"
        },
        {
          "si": 6,
          "sti": 11,
          "dti": 97,
          "sco": 68,
          "dco": 529,
          "txt": "of"
        },
        {
          "si": 6,
          "sti": 12,
          "dti": 98,
          "sco": 71,
          "dco": 532,
          "txt": "existence"
        },
        {
          "si": 6,
          "sti": 13,
          "dti": 99,
          "sco": 80,
          "dco": 541,
          "txt": ","
        },
        {
          "si": 6,
          "sti": 14,
          "dti": 100,
          "sco": 82,
          "dco": 543,
          "txt": "the"
        },
        {
          "si": 6,
          "sti": 15,
          "dti": 101,
          "sco": 86,
          "dco": 547,
          "txt": "library"
        },
        {
          "si": 6,
          "sti": 16,
          "dti": 102,
          "sco": 94,
          "dco": 555,
          "txt": "board"
        },
        {
          "si": 6,
          "sti": 17,
          "dti": 103,
          "sco": 100,
          "dco": 561,
          "txt": "decided"
        },
        {
          "si": 6,
          "sti": 18,
          "dti": 104,
          "sco": 108,
          "dco": 569,
          "txt": "on"
        },
        {
          "si": 6,
          "sti": 19,
          "dti": 105,
          "sco": 111,
          "dco": 572,
          "txt": "a"
        },
        {
          "si": 6,
          "sti": 20,
          "dti": 106,
          "sco": 113,
          "dco": 574,
          "txt": "new"
        },
        {
          "si": 6,
          "sti": 21,
          "dti": 107,
          "sco": 117,
          "dco": 578,
          "txt": "large"
        },
        {
          "si": 6,
          "sti": 22,
          "dti": 108,
          "sco": 123,
          "dco": 584,
          "txt": "main"
        },
        {
          "si": 6,
          "sti": 23,
          "dti": 109,
          "sco": 128,
          "dco": 589,
          "txt": "branch"
        },
        {
          "si": 6,
          "sti": 24,
          "dti": 110,
          "sco": 135,
          "dco": 596,
          "txt": "for"
        },
        {
          "si": 6,
          "sti": 25,
          "dti": 111,
          "sco": 139,
          "dco": 600,
          "txt": "downtown"
        },
        {
          "si": 6,
          "sti": 26,
          "dti": 112,
          "sco": 148,
          "dco": 609,
          "txt": "Portland"
        },
        {
          "si": 6,
          "sti": 27,
          "dti": 113,
          "sco": 157,
          "dco": 618,
          "txt": "in"
        },
        {
          "si": 6,
          "sti": 28,
          "dti": 114,
          "sco": 160,
          "dco": 621,
          "txt": "1911"
        },
        {
          "si": 6,
          "sti": 29,
          "dti": 115,
          "sco": 164,
          "dco": 625,
          "txt": "."
        },
        {
          "si": 7,
          "sti": 0,
          "dti": 116,
          "sco": 0,
          "dco": 627,
          "txt": "The"
        },
        {
          "si": 7,
          "sti": 1,
          "dti": 117,
          "sco": 4,
          "dco": 631,
          "txt": "building"
        },
        {
          "si": 7,
          "sti": 2,
          "dti": 118,
          "sco": 13,
          "dco": 640,
          "txt": "was"
        },
        {
          "si": 7,
          "sti": 3,
          "dti": 119,
          "sco": 17,
          "dco": 644,
          "txt": "designed"
        },
        {
          "si": 7,
          "sti": 4,
          "dti": 120,
          "sco": 26,
          "dco": 653,
          "txt": "by"
        },
        {
          "si": 7,
          "sti": 5,
          "dti": 121,
          "sco": 29,
          "dco": 656,
          "txt": "architect"
        },
        {
          "si": 7,
          "sti": 6,
          "dti": 122,
          "sco": 39,
          "dco": 666,
          "txt": "A"
        },
        {
          "si": 7,
          "sti": 7,
          "dti": 123,
          "sco": 40,
          "dco": 667,
          "txt": "."
        },
        {
          "si": 8,
          "sti": 0,
          "dti": 124,
          "sco": 0,
          "dco": 669,
          "txt": "E"
        },
        {
          "si": 8,
          "sti": 1,
          "dti": 125,
          "sco": 1,
          "dco": 670,
          "txt": "."
        },
        {
          "si": 9,
          "sti": 0,
          "dti": 126,
          "sco": 0,
          "dco": 672,
          "txt": "Doyle"
        },
        {
          "si": 9,
          "sti": 1,
          "dti": 127,
          "sco": 5,
          "dco": 677,
          "txt": ","
        },
        {
          "si": 9,
          "sti": 2,
          "dti": 128,
          "sco": 7,
          "dco": 679,
          "txt": "and"
        },
        {
          "si": 9,
          "sti": 3,
          "dti": 129,
          "sco": 11,
          "dco": 683,
          "txt": "opened"
        },
        {
          "si": 9,
          "sti": 4,
          "dti": 130,
          "sco": 18,
          "dco": 690,
          "txt": "on"
        },
        {
          "si": 9,
          "sti": 5,
          "dti": 131,
          "sco": 21,
          "dco": 693,
          "txt": "September"
        },
        {
          "si": 9,
          "sti": 6,
          "dti": 132,
          "sco": 31,
          "dco": 703,
          "txt": "6"
        },
        {
          "si": 9,
          "sti": 7,
          "dti": 133,
          "sco": 32,
          "dco": 704,
          "txt": ","
        },
        {
          "si": 9,
          "sti": 8,
          "dti": 134,
          "sco": 34,
          "dco": 706,
          "txt": "1913"
        },
        {
          "si": 9,
          "sti": 9,
          "dti": 135,
          "sco": 38,
          "dco": 710,
          "txt": "."
        },
        {
          "si": 10,
          "sti": 0,
          "dti": 136,
          "sco": 0,
          "dco": 712,
          "txt": "It"
        },
        {
          "si": 10,
          "sti": 1,
          "dti": 137,
          "sco": 3,
          "dco": 715,
          "txt": "was"
        },
        {
          "si": 10,
          "sti": 2,
          "dti": 138,
          "sco": 7,
          "dco": 719,
          "txt": "one"
        },
        {
          "si": 10,
          "sti": 3,
          "dti": 139,
          "sco": 11,
          "dco": 723,
          "txt": "of"
        },
        {
          "si": 10,
          "sti": 4,
          "dti": 140,
          "sco": 14,
          "dco": 726,
          "txt": "the"
        },
        {
          "si": 10,
          "sti": 5,
          "dti": 141,
          "sco": 18,
          "dco": 730,
          "txt": "first"
        },
        {
          "si": 10,
          "sti": 6,
          "dti": 142,
          "sco": 24,
          "dco": 736,
          "txt": "libraries"
        },
        {
          "si": 10,
          "sti": 7,
          "dti": 143,
          "sco": 34,
          "dco": 746,
          "txt": "in"
        },
        {
          "si": 10,
          "sti": 8,
          "dti": 144,
          "sco": 37,
          "dco": 749,
          "txt": "the"
        },
        {
          "si": 10,
          "sti": 9,
          "dti": 145,
          "sco": 41,
          "dco": 753,
          "txt": "United"
        },
        {
          "si": 10,
          "sti": 10,
          "dti": 146,
          "sco": 48,
          "dco": 760,
          "txt": "States"
        },
        {
          "si": 10,
          "sti": 11,
          "dti": 147,
          "sco": 55,
          "dco": 767,
          "txt": "to"
        },
        {
          "si": 10,
          "sti": 12,
          "dti": 148,
          "sco": 58,
          "dco": 770,
          "txt": "feature"
        },
        {
          "si": 10,
          "sti": 13,
          "dti": 149,
          "sco": 66,
          "dco": 778,
          "txt": "an"
        },
        {
          "si": 10,
          "sti": 14,
          "dti": 150,
          "sco": 69,
          "dco": 781,
          "txt": "open"
        },
        {
          "si": 10,
          "sti": 15,
          "dti": 151,
          "sco": 74,
          "dco": 786,
          "txt": "plan"
        },
        {
          "si": 10,
          "sti": 16,
          "dti": 152,
          "sco": 79,
          "dco": 791,
          "txt": "design"
        },
        {
          "si": 10,
          "sti": 17,
          "dti": 153,
          "sco": 86,
          "dco": 798,
          "txt": "of"
        },
        {
          "si": 10,
          "sti": 18,
          "dti": 154,
          "sco": 89,
          "dco": 801,
          "txt": "the"
        },
        {
          "si": 10,
          "sti": 19,
          "dti": 155,
          "sco": 93,
          "dco": 805,
          "txt": "interior"
        },
        {
          "si": 10,
          "sti": 20,
          "dti": 156,
          "sco": 101,
          "dco": 813,
          "txt": "."
        },
        {
          "si": 11,
          "sti": 0,
          "dti": 157,
          "sco": 0,
          "dco": 815,
          "txt": "Construction"
        },
        {
          "si": 11,
          "sti": 1,
          "dti": 158,
          "sco": 13,
          "dco": 828,
          "txt": "on"
        },
        {
          "si": 11,
          "sti": 2,
          "dti": 159,
          "sco": 16,
          "dco": 831,
          "txt": "the"
        },
        {
          "si": 11,
          "sti": 3,
          "dti": 160,
          "sco": 20,
          "dco": 835,
          "txt": "building"
        },
        {
          "si": 11,
          "sti": 4,
          "dti": 161,
          "sco": 29,
          "dco": 844,
          "txt": "lasted"
        },
        {
          "si": 11,
          "sti": 5,
          "dti": 162,
          "sco": 36,
          "dco": 851,
          "txt": "for"
        },
        {
          "si": 11,
          "sti": 6,
          "dti": 163,
          "sco": 40,
          "dco": 855,
          "txt": "two"
        },
        {
          "si": 11,
          "sti": 7,
          "dti": 164,
          "sco": 44,
          "dco": 859,
          "txt": "years"
        },
        {
          "si": 11,
          "sti": 8,
          "dti": 165,
          "sco": 50,
          "dco": 865,
          "txt": "and"
        },
        {
          "si": 11,
          "sti": 9,
          "dti": 166,
          "sco": 54,
          "dco": 869,
          "txt": "cost"
        },
        {
          "si": 11,
          "sti": 10,
          "dti": 167,
          "sco": 59,
          "dco": 874,
          "txt": "$"
        },
        {
          "si": 11,
          "sti": 11,
          "dti": 168,
          "sco": 60,
          "dco": 875,
          "txt": "480"
        },
        {
          "si": 11,
          "sti": 12,
          "dti": 169,
          "sco": 63,
          "dco": 878,
          "txt": ","
        },
        {
          "si": 11,
          "sti": 13,
          "dti": 170,
          "sco": 64,
          "dco": 879,
          "txt": "000"
        },
        {
          "si": 11,
          "sti": 14,
          "dti": 171,
          "sco": 68,
          "dco": 883,
          "txt": "to"
        },
        {
          "si": 11,
          "sti": 15,
          "dti": 172,
          "sco": 71,
          "dco": 886,
          "txt": "complete"
        },
        {
          "si": 11,
          "sti": 16,
          "dti": 173,
          "sco": 79,
          "dco": 894,
          "txt": "."
        },
        {
          "si": 12,
          "sti": 0,
          "dti": 174,
          "sco": 0,
          "dco": 896,
          "txt": "Librarian"
        },
        {
          "si": 12,
          "sti": 1,
          "dti": 175,
          "sco": 10,
          "dco": 906,
          "txt": "Mary"
        },
        {
          "si": 12,
          "sti": 2,
          "dti": 176,
          "sco": 15,
          "dco": 911,
          "txt": "Frances"
        },
        {
          "si": 12,
          "sti": 3,
          "dti": 177,
          "sco": 23,
          "dco": 919,
          "txt": "Isom"
        },
        {
          "si": 12,
          "sti": 4,
          "dti": 178,
          "sco": 28,
          "dco": 924,
          "txt": "provided"
        },
        {
          "si": 12,
          "sti": 5,
          "dti": 179,
          "sco": 37,
          "dco": 933,
          "txt": "input"
        },
        {
          "si": 12,
          "sti": 6,
          "dti": 180,
          "sco": 43,
          "dco": 939,
          "txt": "on"
        },
        {
          "si": 12,
          "sti": 7,
          "dti": 181,
          "sco": 46,
          "dco": 942,
          "txt": "the"
        },
        {
          "si": 12,
          "sti": 8,
          "dti": 182,
          "sco": 50,
          "dco": 946,
          "txt": "design"
        },
        {
          "si": 12,
          "sti": 9,
          "dti": 183,
          "sco": 56,
          "dco": 952,
          "txt": "."
        },
        {
          "si": 13,
          "sti": 0,
          "dti": 184,
          "sco": 0,
          "dco": 954,
          "txt": "The"
        },
        {
          "si": 13,
          "sti": 1,
          "dti": 185,
          "sco": 4,
          "dco": 958,
          "txt": "Central"
        },
        {
          "si": 13,
          "sti": 2,
          "dti": 186,
          "sco": 12,
          "dco": 966,
          "txt": "Library"
        },
        {
          "si": 13,
          "sti": 3,
          "dti": 187,
          "sco": 20,
          "dco": 974,
          "txt": "was"
        },
        {
          "si": 13,
          "sti": 4,
          "dti": 188,
          "sco": 24,
          "dco": 978,
          "txt": "listed"
        },
        {
          "si": 13,
          "sti": 5,
          "dti": 189,
          "sco": 31,
          "dco": 985,
          "txt": "on"
        },
        {
          "si": 13,
          "sti": 6,
          "dti": 190,
          "sco": 34,
          "dco": 988,
          "txt": "the"
        },
        {
          "si": 13,
          "sti": 7,
          "dti": 191,
          "sco": 38,
          "dco": 992,
          "txt": "National"
        },
        {
          "si": 13,
          "sti": 8,
          "dti": 192,
          "sco": 47,
          "dco": 1001,
          "txt": "Register"
        },
        {
          "si": 13,
          "sti": 9,
          "dti": 193,
          "sco": 56,
          "dco": 1010,
          "txt": "of"
        },
        {
          "si": 13,
          "sti": 10,
          "dti": 194,
          "sco": 59,
          "dco": 1013,
          "txt": "Historic"
        },
        {
          "si": 13,
          "sti": 11,
          "dti": 195,
          "sco": 68,
          "dco": 1022,
          "txt": "Places"
        },
        {
          "si": 13,
          "sti": 12,
          "dti": 196,
          "sco": 75,
          "dco": 1029,
          "txt": "as"
        },
        {
          "si": 13,
          "sti": 13,
          "dti": 197,
          "sco": 78,
          "dco": 1032,
          "txt": "the"
        },
        {
          "si": 13,
          "sti": 14,
          "dti": 198,
          "sco": 82,
          "dco": 1036,
          "txt": "Central"
        },
        {
          "si": 13,
          "sti": 15,
          "dti": 199,
          "sco": 90,
          "dco": 1044,
          "txt": "Building"
        },
        {
          "si": 13,
          "sti": 16,
          "dti": 200,
          "sco": 98,
          "dco": 1052,
          "txt": ","
        },
        {
          "si": 13,
          "sti": 17,
          "dti": 201,
          "sco": 100,
          "dco": 1054,
          "txt": "Public"
        },
        {
          "si": 13,
          "sti": 18,
          "dti": 202,
          "sco": 107,
          "dco": 1061,
          "txt": "Library"
        },
        {
          "si": 13,
          "sti": 19,
          "dti": 203,
          "sco": 115,
          "dco": 1069,
          "txt": "on"
        },
        {
          "si": 13,
          "sti": 20,
          "dti": 204,
          "sco": 118,
          "dco": 1072,
          "txt": "June"
        },
        {
          "si": 13,
          "sti": 21,
          "dti": 205,
          "sco": 123,
          "dco": 1077,
          "txt": "11"
        },
        {
          "si": 13,
          "sti": 22,
          "dti": 206,
          "sco": 125,
          "dco": 1079,
          "txt": ","
        },
        {
          "si": 13,
          "sti": 23,
          "dti": 207,
          "sco": 127,
          "dco": 1081,
          "txt": "1979"
        },
        {
          "si": 13,
          "sti": 24,
          "dti": 208,
          "sco": 131,
          "dco": 1085,
          "txt": "."
        },
        {
          "si": 14,
          "sti": 0,
          "dti": 209,
          "sco": 0,
          "dco": 1087,
          "txt": "On"
        },
        {
          "si": 14,
          "sti": 1,
          "dti": 210,
          "sco": 3,
          "dco": 1090,
          "txt": "July"
        },
        {
          "si": 14,
          "sti": 2,
          "dti": 211,
          "sco": 8,
          "dco": 1095,
          "txt": "1"
        },
        {
          "si": 14,
          "sti": 3,
          "dti": 212,
          "sco": 9,
          "dco": 1096,
          "txt": ","
        },
        {
          "si": 14,
          "sti": 4,
          "dti": 213,
          "sco": 11,
          "dco": 1098,
          "txt": "1990"
        },
        {
          "si": 14,
          "sti": 5,
          "dti": 214,
          "sco": 15,
          "dco": 1102,
          "txt": ","
        },
        {
          "si": 14,
          "sti": 6,
          "dti": 215,
          "sco": 17,
          "dco": 1104,
          "txt": "the"
        },
        {
          "si": 14,
          "sti": 7,
          "dti": 216,
          "sco": 21,
          "dco": 1108,
          "txt": "private"
        },
        {
          "si": 14,
          "sti": 8,
          "dti": 217,
          "sco": 29,
          "dco": 1116,
          "txt": "Library"
        },
        {
          "si": 14,
          "sti": 9,
          "dti": 218,
          "sco": 37,
          "dco": 1124,
          "txt": "Association"
        },
        {
          "si": 14,
          "sti": 10,
          "dti": 219,
          "sco": 49,
          "dco": 1136,
          "txt": "of"
        },
        {
          "si": 14,
          "sti": 11,
          "dti": 220,
          "sco": 52,
          "dco": 1139,
          "txt": "Portland"
        },
        {
          "si": 14,
          "sti": 12,
          "dti": 221,
          "sco": 61,
          "dco": 1148,
          "txt": "officially"
        },
        {
          "si": 14,
          "sti": 13,
          "dti": 222,
          "sco": 72,
          "dco": 1159,
          "txt": "transferred"
        },
        {
          "si": 14,
          "sti": 14,
          "dti": 223,
          "sco": 84,
          "dco": 1171,
          "txt": "ownership"
        },
        {
          "si": 14,
          "sti": 15,
          "dti": 224,
          "sco": 94,
          "dco": 1181,
          "txt": "of"
        },
        {
          "si": 14,
          "sti": 16,
          "dti": 225,
          "sco": 97,
          "dco": 1184,
          "txt": "the"
        },
        {
          "si": 14,
          "sti": 17,
          "dti": 226,
          "sco": 101,
          "dco": 1188,
          "txt": "library"
        },
        {
          "si": 14,
          "sti": 18,
          "dti": 227,
          "sco": 109,
          "dco": 1196,
          "txt": "to"
        },
        {
          "si": 14,
          "sti": 19,
          "dti": 228,
          "sco": 112,
          "dco": 1199,
          "txt": "Multnomah"
        },
        {
          "si": 14,
          "sti": 20,
          "dti": 229,
          "sco": 122,
          "dco": 1209,
          "txt": "County"
        },
        {
          "si": 14,
          "sti": 21,
          "dti": 230,
          "sco": 128,
          "dco": 1215,
          "txt": "."
        },
        {
          "si": 15,
          "sti": 0,
          "dti": 231,
          "sco": 0,
          "dco": 1217,
          "txt": "From"
        },
        {
          "si": 15,
          "sti": 1,
          "dti": 232,
          "sco": 5,
          "dco": 1222,
          "txt": "1902"
        },
        {
          "si": 15,
          "sti": 2,
          "dti": 233,
          "sco": 10,
          "dco": 1227,
          "txt": "until"
        },
        {
          "si": 15,
          "sti": 3,
          "dti": 234,
          "sco": 16,
          "dco": 1233,
          "txt": "that"
        },
        {
          "si": 15,
          "sti": 4,
          "dti": 235,
          "sco": 21,
          "dco": 1238,
          "txt": "date"
        },
        {
          "si": 15,
          "sti": 5,
          "dti": 236,
          "sco": 25,
          "dco": 1242,
          "txt": ","
        },
        {
          "si": 15,
          "sti": 6,
          "dti": 237,
          "sco": 27,
          "dco": 1244,
          "txt": "the"
        },
        {
          "si": 15,
          "sti": 7,
          "dti": 238,
          "sco": 31,
          "dco": 1248,
          "txt": "association"
        },
        {
          "si": 15,
          "sti": 8,
          "dti": 239,
          "sco": 43,
          "dco": 1260,
          "txt": "owned"
        },
        {
          "si": 15,
          "sti": 9,
          "dti": 240,
          "sco": 49,
          "dco": 1266,
          "txt": "the"
        },
        {
          "si": 15,
          "sti": 10,
          "dti": 241,
          "sco": 53,
          "dco": 1270,
          "txt": "collections"
        },
        {
          "si": 15,
          "sti": 11,
          "dti": 242,
          "sco": 65,
          "dco": 1282,
          "txt": "and"
        },
        {
          "si": 15,
          "sti": 12,
          "dti": 243,
          "sco": 69,
          "dco": 1286,
          "txt": "buildings"
        },
        {
          "si": 15,
          "sti": 13,
          "dti": 244,
          "sco": 78,
          "dco": 1295,
          "txt": ","
        },
        {
          "si": 15,
          "sti": 14,
          "dti": 245,
          "sco": 80,
          "dco": 1297,
          "txt": "but"
        },
        {
          "si": 15,
          "sti": 15,
          "dti": 246,
          "sco": 84,
          "dco": 1301,
          "txt": "the"
        },
        {
          "si": 15,
          "sti": 16,
          "dti": 247,
          "sco": 88,
          "dco": 1305,
          "txt": "operations"
        },
        {
          "si": 15,
          "sti": 17,
          "dti": 248,
          "sco": 99,
          "dco": 1316,
          "txt": "were"
        },
        {
          "si": 15,
          "sti": 18,
          "dti": 249,
          "sco": 104,
          "dco": 1321,
          "txt": "paid"
        },
        {
          "si": 15,
          "sti": 19,
          "dti": 250,
          "sco": 109,
          "dco": 1326,
          "txt": "for"
        },
        {
          "si": 15,
          "sti": 20,
          "dti": 251,
          "sco": 113,
          "dco": 1330,
          "txt": "by"
        },
        {
          "si": 15,
          "sti": 21,
          "dti": 252,
          "sco": 116,
          "dco": 1333,
          "txt": "the"
        },
        {
          "si": 15,
          "sti": 22,
          "dti": 253,
          "sco": 120,
          "dco": 1337,
          "txt": "local"
        },
        {
          "si": 15,
          "sti": 23,
          "dti": 254,
          "sco": 126,
          "dco": 1343,
          "txt": "governments"
        },
        {
          "si": 15,
          "sti": 24,
          "dti": 255,
          "sco": 137,
          "dco": 1354,
          "txt": "."
        },
        {
          "si": 16,
          "sti": 0,
          "dti": 256,
          "sco": 0,
          "dco": 1356,
          "txt": "From"
        },
        {
          "si": 16,
          "sti": 1,
          "dti": 257,
          "sco": 5,
          "dco": 1361,
          "txt": "1994"
        },
        {
          "si": 16,
          "sti": 2,
          "dti": 258,
          "sco": 10,
          "dco": 1366,
          "txt": "to"
        },
        {
          "si": 16,
          "sti": 3,
          "dti": 259,
          "sco": 13,
          "dco": 1369,
          "txt": "1997"
        },
        {
          "si": 16,
          "sti": 4,
          "dti": 260,
          "sco": 17,
          "dco": 1373,
          "txt": ","
        },
        {
          "si": 16,
          "sti": 5,
          "dti": 261,
          "sco": 19,
          "dco": 1375,
          "txt": "the"
        },
        {
          "si": 16,
          "sti": 6,
          "dti": 262,
          "sco": 23,
          "dco": 1379,
          "txt": "building"
        },
        {
          "si": 16,
          "sti": 7,
          "dti": 263,
          "sco": 32,
          "dco": 1388,
          "txt": "was"
        },
        {
          "si": 16,
          "sti": 8,
          "dti": 264,
          "sco": 36,
          "dco": 1392,
          "txt": "extensively"
        },
        {
          "si": 16,
          "sti": 9,
          "dti": 265,
          "sco": 48,
          "dco": 1404,
          "txt": "renovated"
        },
        {
          "si": 16,
          "sti": 10,
          "dti": 266,
          "sco": 57,
          "dco": 1413,
          "txt": "."
        },
        {
          "si": 17,
          "sti": 0,
          "dti": 267,
          "sco": 0,
          "dco": 1415,
          "txt": "During"
        },
        {
          "si": 17,
          "sti": 1,
          "dti": 268,
          "sco": 7,
          "dco": 1422,
          "txt": "the"
        },
        {
          "si": 17,
          "sti": 2,
          "dti": 269,
          "sco": 11,
          "dco": 1426,
          "txt": "remodel"
        },
        {
          "si": 17,
          "sti": 3,
          "dti": 270,
          "sco": 19,
          "dco": 1434,
          "txt": "the"
        },
        {
          "si": 17,
          "sti": 4,
          "dti": 271,
          "sco": 23,
          "dco": 1438,
          "txt": "Fifth"
        },
        {
          "si": 17,
          "sti": 5,
          "dti": 272,
          "sco": 29,
          "dco": 1444,
          "txt": "Avenue"
        },
        {
          "si": 17,
          "sti": 6,
          "dti": 273,
          "sco": 36,
          "dco": 1451,
          "txt": "Building"
        },
        {
          "si": 17,
          "sti": 7,
          "dti": 274,
          "sco": 44,
          "dco": 1459,
          "txt": ","
        },
        {
          "si": 17,
          "sti": 8,
          "dti": 275,
          "sco": 46,
          "dco": 1461,
          "txt": "the"
        },
        {
          "si": 17,
          "sti": 9,
          "dti": 276,
          "sco": 50,
          "dco": 1465,
          "txt": "former"
        },
        {
          "si": 17,
          "sti": 10,
          "dti": 277,
          "sco": 57,
          "dco": 1472,
          "txt": "State"
        },
        {
          "si": 17,
          "sti": 11,
          "dti": 278,
          "sco": 63,
          "dco": 1478,
          "txt": "Office"
        },
        {
          "si": 17,
          "sti": 12,
          "dti": 279,
          "sco": 70,
          "dco": 1485,
          "txt": "Building"
        },
        {
          "si": 17,
          "sti": 13,
          "dti": 280,
          "sco": 78,
          "dco": 1493,
          "txt": ","
        },
        {
          "si": 17,
          "sti": 14,
          "dti": 281,
          "sco": 80,
          "dco": 1495,
          "txt": "housed"
        },
        {
          "si": 17,
          "sti": 15,
          "dti": 282,
          "sco": 87,
          "dco": 1502,
          "txt": "the"
        },
        {
          "si": 17,
          "sti": 16,
          "dti": 283,
          "sco": 91,
          "dco": 1506,
          "txt": "library"
        },
        {
          "si": 17,
          "sti": 17,
          "dti": 284,
          "sco": 99,
          "dco": 1514,
          "txt": "collection"
        },
        {
          "si": 17,
          "sti": 18,
          "dti": 285,
          "sco": 109,
          "dco": 1524,
          "txt": "."
        },
        {
          "si": 18,
          "sti": 0,
          "dti": 286,
          "sco": 0,
          "dco": 1526,
          "txt": "Details"
        },
        {
          "si": 18,
          "sti": 1,
          "dti": 287,
          "sco": 7,
          "dco": 1533,
          "txt": "."
        },
        {
          "si": 19,
          "sti": 0,
          "dti": 288,
          "sco": 0,
          "dco": 1535,
          "txt": "Architecturally"
        },
        {
          "si": 19,
          "sti": 1,
          "dti": 289,
          "sco": 15,
          "dco": 1550,
          "txt": ","
        },
        {
          "si": 19,
          "sti": 2,
          "dti": 290,
          "sco": 17,
          "dco": 1552,
          "txt": "the"
        },
        {
          "si": 19,
          "sti": 3,
          "dti": 291,
          "sco": 21,
          "dco": 1556,
          "txt": "building"
        },
        {
          "si": 19,
          "sti": 4,
          "dti": 292,
          "sco": 30,
          "dco": 1565,
          "txt": "was"
        },
        {
          "si": 19,
          "sti": 5,
          "dti": 293,
          "sco": 34,
          "dco": 1569,
          "txt": "designed"
        },
        {
          "si": 19,
          "sti": 6,
          "dti": 294,
          "sco": 43,
          "dco": 1578,
          "txt": "in"
        },
        {
          "si": 19,
          "sti": 7,
          "dti": 295,
          "sco": 46,
          "dco": 1581,
          "txt": "the"
        },
        {
          "si": 19,
          "sti": 8,
          "dti": 296,
          "sco": 50,
          "dco": 1585,
          "txt": "Georgian"
        },
        {
          "si": 19,
          "sti": 9,
          "dti": 297,
          "sco": 59,
          "dco": 1594,
          "txt": "style"
        },
        {
          "si": 19,
          "sti": 10,
          "dti": 298,
          "sco": 64,
          "dco": 1599,
          "txt": "."
        },
        {
          "si": 20,
          "sti": 0,
          "dti": 299,
          "sco": 0,
          "dco": 1601,
          "txt": "The"
        },
        {
          "si": 20,
          "sti": 1,
          "dti": 300,
          "sco": 4,
          "dco": 1605,
          "txt": "main"
        },
        {
          "si": 20,
          "sti": 2,
          "dti": 301,
          "sco": 9,
          "dco": 1610,
          "txt": "staircase"
        },
        {
          "si": 20,
          "sti": 3,
          "dti": 302,
          "sco": 19,
          "dco": 1620,
          "txt": "at"
        },
        {
          "si": 20,
          "sti": 4,
          "dti": 303,
          "sco": 22,
          "dco": 1623,
          "txt": "the"
        },
        {
          "si": 20,
          "sti": 5,
          "dti": 304,
          "sco": 26,
          "dco": 1627,
          "txt": "library"
        },
        {
          "si": 20,
          "sti": 6,
          "dti": 305,
          "sco": 34,
          "dco": 1635,
          "txt": "has"
        },
        {
          "si": 20,
          "sti": 7,
          "dti": 306,
          "sco": 38,
          "dco": 1639,
          "txt": "a"
        },
        {
          "si": 20,
          "sti": 8,
          "dti": 307,
          "sco": 40,
          "dco": 1641,
          "txt": "total"
        },
        {
          "si": 20,
          "sti": 9,
          "dti": 308,
          "sco": 46,
          "dco": 1647,
          "txt": "of"
        },
        {
          "si": 20,
          "sti": 10,
          "dti": 309,
          "sco": 49,
          "dco": 1650,
          "txt": "92"
        },
        {
          "si": 20,
          "sti": 11,
          "dti": 310,
          "sco": 52,
          "dco": 1653,
          "txt": "steps"
        },
        {
          "si": 20,
          "sti": 12,
          "dti": 311,
          "sco": 57,
          "dco": 1658,
          "txt": "."
        },
        {
          "si": 21,
          "sti": 0,
          "dti": 312,
          "sco": 0,
          "dco": 1660,
          "txt": "Artwork"
        },
        {
          "si": 21,
          "sti": 1,
          "dti": 313,
          "sco": 8,
          "dco": 1668,
          "txt": "at"
        },
        {
          "si": 21,
          "sti": 2,
          "dti": 314,
          "sco": 11,
          "dco": 1671,
          "txt": "the"
        },
        {
          "si": 21,
          "sti": 3,
          "dti": 315,
          "sco": 15,
          "dco": 1675,
          "txt": "location"
        },
        {
          "si": 21,
          "sti": 4,
          "dti": 316,
          "sco": 24,
          "dco": 1684,
          "txt": "includes"
        },
        {
          "si": 21,
          "sti": 5,
          "dti": 317,
          "sco": 33,
          "dco": 1693,
          "txt": "the"
        },
        {
          "si": 21,
          "sti": 6,
          "dti": 318,
          "sco": 37,
          "dco": 1697,
          "txt": "“"
        },
        {
          "si": 21,
          "sti": 7,
          "dti": 319,
          "sco": 38,
          "dco": 1698,
          "txt": "Tree"
        },
        {
          "si": 21,
          "sti": 8,
          "dti": 320,
          "sco": 43,
          "dco": 1703,
          "txt": "of"
        },
        {
          "si": 21,
          "sti": 9,
          "dti": 321,
          "sco": 46,
          "dco": 1706,
          "txt": "Knowledge"
        },
        {
          "si": 21,
          "sti": 10,
          "dti": 322,
          "sco": 55,
          "dco": 1715,
          "txt": "”"
        },
        {
          "si": 21,
          "sti": 11,
          "dti": 323,
          "sco": 57,
          "dco": 1717,
          "txt": "by"
        },
        {
          "si": 21,
          "sti": 12,
          "dti": 324,
          "sco": 60,
          "dco": 1720,
          "txt": "Dana"
        },
        {
          "si": 21,
          "sti": 13,
          "dti": 325,
          "sco": 65,
          "dco": 1725,
          "txt": "Louis"
        },
        {
          "si": 21,
          "sti": 14,
          "dti": 326,
          "sco": 70,
          "dco": 1730,
          "txt": "."
        },
        {
          "si": 22,
          "sti": 0,
          "dti": 327,
          "sco": 0,
          "dco": 1732,
          "txt": "The"
        },
        {
          "si": 22,
          "sti": 1,
          "dti": 328,
          "sco": 4,
          "dco": 1736,
          "txt": "exterior"
        },
        {
          "si": 22,
          "sti": 2,
          "dti": 329,
          "sco": 13,
          "dco": 1745,
          "txt": "walls"
        },
        {
          "si": 22,
          "sti": 3,
          "dti": 330,
          "sco": 19,
          "dco": 1751,
          "txt": "are"
        },
        {
          "si": 22,
          "sti": 4,
          "dti": 331,
          "sco": 23,
          "dco": 1755,
          "txt": "covered"
        },
        {
          "si": 22,
          "sti": 5,
          "dti": 332,
          "sco": 31,
          "dco": 1763,
          "txt": "with"
        },
        {
          "si": 22,
          "sti": 6,
          "dti": 333,
          "sco": 36,
          "dco": 1768,
          "txt": "Wilkinson"
        },
        {
          "si": 22,
          "sti": 7,
          "dti": 334,
          "sco": 46,
          "dco": 1778,
          "txt": "Sandstone"
        },
        {
          "si": 22,
          "sti": 8,
          "dti": 335,
          "sco": 55,
          "dco": 1787,
          "txt": "."
        },
        {
          "si": 23,
          "sti": 0,
          "dti": 336,
          "sco": 0,
          "dco": 1789,
          "txt": "Interior"
        },
        {
          "si": 23,
          "sti": 1,
          "dti": 337,
          "sco": 9,
          "dco": 1798,
          "txt": "details"
        },
        {
          "si": 23,
          "sti": 2,
          "dti": 338,
          "sco": 17,
          "dco": 1806,
          "txt": "include"
        },
        {
          "si": 23,
          "sti": 3,
          "dti": 339,
          "sco": 25,
          "dco": 1814,
          "txt": "marble"
        },
        {
          "si": 23,
          "sti": 4,
          "dti": 340,
          "sco": 32,
          "dco": 1821,
          "txt": "and"
        },
        {
          "si": 23,
          "sti": 5,
          "dti": 341,
          "sco": 36,
          "dco": 1825,
          "txt": "wood"
        },
        {
          "si": 23,
          "sti": 6,
          "dti": 342,
          "sco": 40,
          "dco": 1829,
          "txt": "."
        },
        {
          "si": 24,
          "sti": 0,
          "dti": 343,
          "sco": 0,
          "dco": 1831,
          "txt": "The"
        },
        {
          "si": 24,
          "sti": 1,
          "dti": 344,
          "sco": 4,
          "dco": 1835,
          "txt": "branch"
        },
        {
          "si": 24,
          "sti": 2,
          "dti": 345,
          "sco": 11,
          "dco": 1842,
          "txt": "contains"
        },
        {
          "si": 24,
          "sti": 3,
          "dti": 346,
          "sco": 20,
          "dco": 1851,
          "txt": "of"
        },
        {
          "si": 24,
          "sti": 4,
          "dti": 347,
          "sco": 23,
          "dco": 1854,
          "txt": "space"
        },
        {
          "si": 24,
          "sti": 5,
          "dti": 348,
          "sco": 29,
          "dco": 1860,
          "txt": "spread"
        },
        {
          "si": 24,
          "sti": 6,
          "dti": 349,
          "sco": 36,
          "dco": 1867,
          "txt": "over"
        },
        {
          "si": 24,
          "sti": 7,
          "dti": 350,
          "sco": 41,
          "dco": 1872,
          "txt": "the"
        },
        {
          "si": 24,
          "sti": 8,
          "dti": 351,
          "sco": 45,
          "dco": 1876,
          "txt": "three"
        },
        {
          "si": 24,
          "sti": 9,
          "dti": 352,
          "sco": 51,
          "dco": 1882,
          "txt": "floors"
        },
        {
          "si": 24,
          "sti": 10,
          "dti": 353,
          "sco": 57,
          "dco": 1888,
          "txt": "."
        },
        {
          "si": 25,
          "sti": 0,
          "dti": 354,
          "sco": 0,
          "dco": 1890,
          "txt": "The"
        },
        {
          "si": 25,
          "sti": 1,
          "dti": 355,
          "sco": 4,
          "dco": 1894,
          "txt": "branch"
        },
        {
          "si": 25,
          "sti": 2,
          "dti": 356,
          "sco": 11,
          "dco": 1901,
          "txt": "is"
        },
        {
          "si": 25,
          "sti": 3,
          "dti": 357,
          "sco": 14,
          "dco": 1904,
          "txt": "home"
        },
        {
          "si": 25,
          "sti": 4,
          "dti": 358,
          "sco": 19,
          "dco": 1909,
          "txt": "to"
        },
        {
          "si": 25,
          "sti": 5,
          "dti": 359,
          "sco": 22,
          "dco": 1912,
          "txt": "the"
        },
        {
          "si": 25,
          "sti": 6,
          "dti": 360,
          "sco": 26,
          "dco": 1916,
          "txt": "Beverly"
        },
        {
          "si": 25,
          "sti": 7,
          "dti": 361,
          "sco": 34,
          "dco": 1924,
          "txt": "Cleary"
        },
        {
          "si": 25,
          "sti": 8,
          "dti": 362,
          "sco": 41,
          "dco": 1931,
          "txt": "Children"
        },
        {
          "si": 25,
          "sti": 9,
          "dti": 363,
          "sco": 49,
          "dco": 1939,
          "txt": "’"
        },
        {
          "si": 25,
          "sti": 10,
          "dti": 364,
          "sco": 50,
          "dco": 1940,
          "txt": "s"
        },
        {
          "si": 25,
          "sti": 11,
          "dti": 365,
          "sco": 52,
          "dco": 1942,
          "txt": "Library"
        },
        {
          "si": 25,
          "sti": 12,
          "dti": 366,
          "sco": 60,
          "dco": 1950,
          "txt": "and"
        },
        {
          "si": 25,
          "sti": 13,
          "dti": 367,
          "sco": 64,
          "dco": 1954,
          "txt": "the"
        },
        {
          "si": 25,
          "sti": 14,
          "dti": 368,
          "sco": 68,
          "dco": 1958,
          "txt": "Henry"
        },
        {
          "si": 25,
          "sti": 15,
          "dti": 369,
          "sco": 74,
          "dco": 1964,
          "txt": "Failing"
        },
        {
          "si": 25,
          "sti": 16,
          "dti": 370,
          "sco": 82,
          "dco": 1972,
          "txt": "Art"
        },
        {
          "si": 25,
          "sti": 17,
          "dti": 371,
          "sco": 86,
          "dco": 1976,
          "txt": "and"
        },
        {
          "si": 25,
          "sti": 18,
          "dti": 372,
          "sco": 90,
          "dco": 1980,
          "txt": "Music"
        },
        {
          "si": 25,
          "sti": 19,
          "dti": 373,
          "sco": 96,
          "dco": 1986,
          "txt": "Library"
        },
        {
          "si": 25,
          "sti": 20,
          "dti": 374,
          "sco": 103,
          "dco": 1993,
          "txt": "."
        },
        {
          "si": 26,
          "sti": 0,
          "dti": 375,
          "sco": 0,
          "dco": 1995,
          "txt": "Other"
        },
        {
          "si": 26,
          "sti": 1,
          "dti": 376,
          "sco": 6,
          "dco": 2001,
          "txt": "features"
        },
        {
          "si": 26,
          "sti": 2,
          "dti": 377,
          "sco": 15,
          "dco": 2010,
          "txt": "include"
        },
        {
          "si": 26,
          "sti": 3,
          "dti": 378,
          "sco": 23,
          "dco": 2018,
          "txt": "the"
        },
        {
          "si": 26,
          "sti": 4,
          "dti": 379,
          "sco": 27,
          "dco": 2022,
          "txt": "Sterling"
        },
        {
          "si": 26,
          "sti": 5,
          "dti": 380,
          "sco": 36,
          "dco": 2031,
          "txt": "Room"
        },
        {
          "si": 26,
          "sti": 6,
          "dti": 381,
          "sco": 41,
          "dco": 2036,
          "txt": "for"
        },
        {
          "si": 26,
          "sti": 7,
          "dti": 382,
          "sco": 45,
          "dco": 2040,
          "txt": "Writers"
        },
        {
          "si": 26,
          "sti": 8,
          "dti": 383,
          "sco": 52,
          "dco": 2047,
          "txt": ","
        },
        {
          "si": 26,
          "sti": 9,
          "dti": 384,
          "sco": 54,
          "dco": 2049,
          "txt": "the"
        },
        {
          "si": 26,
          "sti": 10,
          "dti": 385,
          "sco": 58,
          "dco": 2053,
          "txt": "Collins"
        },
        {
          "si": 26,
          "sti": 11,
          "dti": 386,
          "sco": 66,
          "dco": 2061,
          "txt": "Gallery"
        },
        {
          "si": 26,
          "sti": 12,
          "dti": 387,
          "sco": 74,
          "dco": 2069,
          "txt": "on"
        },
        {
          "si": 26,
          "sti": 13,
          "dti": 388,
          "sco": 77,
          "dco": 2072,
          "txt": "the"
        },
        {
          "si": 26,
          "sti": 14,
          "dti": 389,
          "sco": 81,
          "dco": 2076,
          "txt": "third"
        },
        {
          "si": 26,
          "sti": 15,
          "dti": 390,
          "sco": 87,
          "dco": 2082,
          "txt": "floor"
        },
        {
          "si": 26,
          "sti": 16,
          "dti": 391,
          "sco": 92,
          "dco": 2087,
          "txt": ","
        },
        {
          "si": 26,
          "sti": 17,
          "dti": 392,
          "sco": 94,
          "dco": 2089,
          "txt": "and"
        },
        {
          "si": 26,
          "sti": 18,
          "dti": 393,
          "sco": 98,
          "dco": 2093,
          "txt": "the"
        },
        {
          "si": 26,
          "sti": 19,
          "dti": 394,
          "sco": 102,
          "dco": 2097,
          "txt": "John"
        },
        {
          "si": 26,
          "sti": 20,
          "dti": 395,
          "sco": 107,
          "dco": 2102,
          "txt": "Wilson"
        },
        {
          "si": 26,
          "sti": 21,
          "dti": 396,
          "sco": 114,
          "dco": 2109,
          "txt": "Room"
        },
        {
          "si": 26,
          "sti": 22,
          "dti": 397,
          "sco": 118,
          "dco": 2113,
          "txt": "."
        },
        {
          "si": 27,
          "sti": 0,
          "dti": 398,
          "sco": 0,
          "dco": 2115,
          "txt": "The"
        },
        {
          "si": 27,
          "sti": 1,
          "dti": 399,
          "sco": 4,
          "dco": 2119,
          "txt": "first"
        },
        {
          "si": 27,
          "sti": 2,
          "dti": 400,
          "sco": 10,
          "dco": 2125,
          "txt": "floor"
        },
        {
          "si": 27,
          "sti": 3,
          "dti": 401,
          "sco": 16,
          "dco": 2131,
          "txt": "houses"
        },
        {
          "si": 27,
          "sti": 4,
          "dti": 402,
          "sco": 23,
          "dco": 2138,
          "txt": "the"
        },
        {
          "si": 27,
          "sti": 5,
          "dti": 403,
          "sco": 27,
          "dco": 2142,
          "txt": "U"
        },
        {
          "si": 27,
          "sti": 6,
          "dti": 404,
          "sco": 28,
          "dco": 2143,
          "txt": "."
        },
        {
          "si": 27,
          "sti": 7,
          "dti": 405,
          "sco": 29,
          "dco": 2144,
          "txt": "S"
        },
        {
          "si": 27,
          "sti": 8,
          "dti": 406,
          "sco": 30,
          "dco": 2145,
          "txt": "."
        },
        {
          "si": 28,
          "sti": 0,
          "dti": 407,
          "sco": 0,
          "dco": 2147,
          "txt": "Bank"
        },
        {
          "si": 28,
          "sti": 1,
          "dti": 408,
          "sco": 5,
          "dco": 2152,
          "txt": "Room"
        },
        {
          "si": 28,
          "sti": 2,
          "dti": 409,
          "sco": 9,
          "dco": 2156,
          "txt": ","
        },
        {
          "si": 28,
          "sti": 3,
          "dti": 410,
          "sco": 11,
          "dco": 2158,
          "txt": "a"
        },
        {
          "si": 28,
          "sti": 4,
          "dti": 411,
          "sco": 13,
          "dco": 2160,
          "txt": "small"
        },
        {
          "si": 28,
          "sti": 5,
          "dti": 412,
          "sco": 19,
          "dco": 2166,
          "txt": "conference"
        },
        {
          "si": 28,
          "sti": 6,
          "dti": 413,
          "sco": 30,
          "dco": 2177,
          "txt": "room"
        },
        {
          "si": 28,
          "sti": 7,
          "dti": 414,
          "sco": 35,
          "dco": 2182,
          "txt": "available"
        },
        {
          "si": 28,
          "sti": 8,
          "dti": 415,
          "sco": 45,
          "dco": 2192,
          "txt": "for"
        },
        {
          "si": 28,
          "sti": 9,
          "dti": 416,
          "sco": 49,
          "dco": 2196,
          "txt": "public"
        },
        {
          "si": 28,
          "sti": 10,
          "dti": 417,
          "sco": 56,
          "dco": 2203,
          "txt": "use"
        },
        {
          "si": 28,
          "sti": 11,
          "dti": 418,
          "sco": 59,
          "dco": 2206,
          "txt": "."
        },
        {
          "si": 29,
          "sti": 0,
          "dti": 419,
          "sco": 0,
          "dco": 2208,
          "txt": "The"
        },
        {
          "si": 29,
          "sti": 1,
          "dti": 420,
          "sco": 4,
          "dco": 2212,
          "txt": "library"
        },
        {
          "si": 29,
          "sti": 2,
          "dti": 421,
          "sco": 11,
          "dco": 2219,
          "txt": "’"
        },
        {
          "si": 29,
          "sti": 3,
          "dti": 422,
          "sco": 12,
          "dco": 2220,
          "txt": "s"
        },
        {
          "si": 29,
          "sti": 4,
          "dti": 423,
          "sco": 14,
          "dco": 2222,
          "txt": "collections"
        },
        {
          "si": 29,
          "sti": 5,
          "dti": 424,
          "sco": 26,
          "dco": 2234,
          "txt": "weigh"
        },
        {
          "si": 29,
          "sti": 6,
          "dti": 425,
          "sco": 32,
          "dco": 2240,
          "txt": "more"
        },
        {
          "si": 29,
          "sti": 7,
          "dti": 426,
          "sco": 37,
          "dco": 2245,
          "txt": "than"
        },
        {
          "si": 29,
          "sti": 8,
          "dti": 427,
          "sco": 42,
          "dco": 2250,
          "txt": "875"
        },
        {
          "si": 29,
          "sti": 9,
          "dti": 428,
          "sco": 46,
          "dco": 2254,
          "txt": "tons"
        },
        {
          "si": 29,
          "sti": 10,
          "dti": 429,
          "sco": 51,
          "dco": 2259,
          "txt": "and"
        },
        {
          "si": 29,
          "sti": 11,
          "dti": 430,
          "sco": 55,
          "dco": 2263,
          "txt": "take"
        },
        {
          "si": 29,
          "sti": 12,
          "dti": 431,
          "sco": 60,
          "dco": 2268,
          "txt": "up"
        },
        {
          "si": 29,
          "sti": 13,
          "dti": 432,
          "sco": 63,
          "dco": 2271,
          "txt": "of"
        },
        {
          "si": 29,
          "sti": 14,
          "dti": 433,
          "sco": 66,
          "dco": 2274,
          "txt": "shelf"
        },
        {
          "si": 29,
          "sti": 15,
          "dti": 434,
          "sco": 72,
          "dco": 2280,
          "txt": "space"
        },
        {
          "si": 29,
          "sti": 16,
          "dti": 435,
          "sco": 77,
          "dco": 2285,
          "txt": "."
        },
        {
          "si": 30,
          "sti": 0,
          "dti": 436,
          "sco": 0,
          "dco": 2287,
          "txt": "A"
        },
        {
          "si": 30,
          "sti": 1,
          "dti": 437,
          "sco": 2,
          "dco": 2289,
          "txt": "total"
        },
        {
          "si": 30,
          "sti": 2,
          "dti": 438,
          "sco": 8,
          "dco": 2295,
          "txt": "of"
        },
        {
          "si": 30,
          "sti": 3,
          "dti": 439,
          "sco": 11,
          "dco": 2298,
          "txt": "130"
        },
        {
          "si": 30,
          "sti": 4,
          "dti": 440,
          "sco": 15,
          "dco": 2302,
          "txt": "computer"
        },
        {
          "si": 30,
          "sti": 5,
          "dti": 441,
          "sco": 24,
          "dco": 2311,
          "txt": "terminals"
        },
        {
          "si": 30,
          "sti": 6,
          "dti": 442,
          "sco": 34,
          "dco": 2321,
          "txt": "are"
        },
        {
          "si": 30,
          "sti": 7,
          "dti": 443,
          "sco": 38,
          "dco": 2325,
          "txt": "available"
        },
        {
          "si": 30,
          "sti": 8,
          "dti": 444,
          "sco": 48,
          "dco": 2335,
          "txt": "to"
        },
        {
          "si": 30,
          "sti": 9,
          "dti": 445,
          "sco": 51,
          "dco": 2338,
          "txt": "the"
        },
        {
          "si": 30,
          "sti": 10,
          "dti": 446,
          "sco": 55,
          "dco": 2342,
          "txt": "public"
        },
        {
          "si": 30,
          "sti": 11,
          "dti": 447,
          "sco": 61,
          "dco": 2348,
          "txt": "."
        }
      ]
    },
    "ganns": {
      "dla": [],
      "la": [],
      "ea": [],
      "eta": [
        {
          "ra": {
            "ea": {
              "etn": "Central_Library_(Portland,_Oregon)"
            }
          },
          "sfs": [
            [
              {
                "stn": "openingYear"
              },
              {}
            ]
          ],
          "mfs": [
            [
              {
                "stn": "architect"
              },
              {
                "dla": [],
                "la": [],
                "ea": [
                  {
                    "etn": "A._E._Doyle"
                  }
                ],
                "eta": []
              }
            ],
            [
              {
                "stn": "yearOfConstruction"
              },
              {
                "dla": [
                  {
                    "txt": {
                      "sff": "1913"
                    },
                    "et": {
                      "etn": "Year"
                    },
                    "dp": {
                      "off": 150
                    }
                  }
                ],
                "la": [],
                "ea": [],
                "eta": []
              }
            ],
            [
              {
                "stn": "architecturalStyle"
              },
              {
                "dla": [],
                "la": [],
                "ea": [
                  {
                    "etn": "Georgian_architecture"
                  }
                ],
                "eta": []
              }
            ],
            [
              {
                "stn": "location"
              },
              {
                "dla": [],
                "la": [],
                "ea": [
                  {
                    "etn": "Portland,_Oregon"
                  }
                ],
                "eta": []
              }
            ]
          ]
        }
      ]
    }
  }
]
