[
  {
    "context": "TRAIN",
    "doc": {
      "id": "Charles_W._Noyes_House",
      "tl": [
        {
          "si": 0,
          "sti": 0,
          "dti": 0,
          "sco": 0,
          "dco": 0,
          "txt": "Charles"
        },
        {
          "si": 0,
          "sti": 1,
          "dti": 1,
          "sco": 8,
          "dco": 8,
          "txt": "W"
        },
        {
          "si": 0,
          "sti": 2,
          "dti": 2,
          "sco": 9,
          "dco": 9,
          "txt": "."
        },
        {
          "si": 1,
          "sti": 0,
          "dti": 3,
          "sco": 0,
          "dco": 11,
          "txt": "Noyes"
        },
        {
          "si": 1,
          "sti": 1,
          "dti": 4,
          "sco": 6,
          "dco": 17,
          "txt": "House"
        },
        {
          "si": 1,
          "sti": 2,
          "dti": 5,
          "sco": 11,
          "dco": 22,
          "txt": "."
        },
        {
          "si": 2,
          "sti": 0,
          "dti": 6,
          "sco": 0,
          "dco": 24,
          "txt": "The"
        },
        {
          "si": 2,
          "sti": 1,
          "dti": 7,
          "sco": 4,
          "dco": 28,
          "txt": "Charles"
        },
        {
          "si": 2,
          "sti": 2,
          "dti": 8,
          "sco": 12,
          "dco": 36,
          "txt": "W"
        },
        {
          "si": 2,
          "sti": 3,
          "dti": 9,
          "sco": 13,
          "dco": 37,
          "txt": "."
        },
        {
          "si": 3,
          "sti": 0,
          "dti": 10,
          "sco": 0,
          "dco": 39,
          "txt": "Noyes"
        },
        {
          "si": 3,
          "sti": 1,
          "dti": 11,
          "sco": 6,
          "dco": 45,
          "txt": "House"
        },
        {
          "si": 3,
          "sti": 2,
          "dti": 12,
          "sco": 12,
          "dco": 51,
          "txt": "is"
        },
        {
          "si": 3,
          "sti": 3,
          "dti": 13,
          "sco": 15,
          "dco": 54,
          "txt": "an"
        },
        {
          "si": 3,
          "sti": 4,
          "dti": 14,
          "sco": 18,
          "dco": 57,
          "txt": "historic"
        },
        {
          "si": 3,
          "sti": 5,
          "dti": 15,
          "sco": 27,
          "dco": 66,
          "txt": "single"
        },
        {
          "si": 3,
          "sti": 6,
          "dti": 16,
          "sco": 33,
          "dco": 72,
          "txt": "-"
        },
        {
          "si": 3,
          "sti": 7,
          "dti": 17,
          "sco": 34,
          "dco": 73,
          "txt": "family"
        },
        {
          "si": 3,
          "sti": 8,
          "dti": 18,
          "sco": 41,
          "dco": 80,
          "txt": "bungalow"
        },
        {
          "si": 3,
          "sti": 9,
          "dti": 19,
          "sco": 50,
          "dco": 89,
          "txt": "located"
        },
        {
          "si": 3,
          "sti": 10,
          "dti": 20,
          "sco": 58,
          "dco": 97,
          "txt": "at"
        },
        {
          "si": 3,
          "sti": 11,
          "dti": 21,
          "sco": 61,
          "dco": 100,
          "txt": "271"
        },
        {
          "si": 3,
          "sti": 12,
          "dti": 22,
          "sco": 65,
          "dco": 104,
          "txt": "Chestnut"
        },
        {
          "si": 3,
          "sti": 13,
          "dti": 23,
          "sco": 74,
          "dco": 113,
          "txt": "Street"
        },
        {
          "si": 3,
          "sti": 14,
          "dti": 24,
          "sco": 81,
          "dco": 120,
          "txt": "in"
        },
        {
          "si": 3,
          "sti": 15,
          "dti": 25,
          "sco": 84,
          "dco": 123,
          "txt": "the"
        },
        {
          "si": 3,
          "sti": 16,
          "dti": 26,
          "sco": 88,
          "dco": 127,
          "txt": "village"
        },
        {
          "si": 3,
          "sti": 17,
          "dti": 27,
          "sco": 96,
          "dco": 135,
          "txt": "of"
        },
        {
          "si": 3,
          "sti": 18,
          "dti": 28,
          "sco": 99,
          "dco": 138,
          "txt": "West"
        },
        {
          "si": 3,
          "sti": 19,
          "dti": 29,
          "sco": 104,
          "dco": 143,
          "txt": "Newton"
        },
        {
          "si": 3,
          "sti": 20,
          "dti": 30,
          "sco": 111,
          "dco": 150,
          "txt": "in"
        },
        {
          "si": 3,
          "sti": 21,
          "dti": 31,
          "sco": 114,
          "dco": 153,
          "txt": "Newton"
        },
        {
          "si": 3,
          "sti": 22,
          "dti": 32,
          "sco": 120,
          "dco": 159,
          "txt": ","
        },
        {
          "si": 3,
          "sti": 23,
          "dti": 33,
          "sco": 122,
          "dco": 161,
          "txt": "Massachusetts"
        },
        {
          "si": 3,
          "sti": 24,
          "dti": 34,
          "sco": 135,
          "dco": 174,
          "txt": "."
        },
        {
          "si": 4,
          "sti": 0,
          "dti": 35,
          "sco": 0,
          "dco": 176,
          "txt": "Designed"
        },
        {
          "si": 4,
          "sti": 1,
          "dti": 36,
          "sco": 9,
          "dco": 185,
          "txt": "in"
        },
        {
          "si": 4,
          "sti": 2,
          "dti": 37,
          "sco": 12,
          "dco": 188,
          "txt": "the"
        },
        {
          "si": 4,
          "sti": 3,
          "dti": 38,
          "sco": 16,
          "dco": 192,
          "txt": "American"
        },
        {
          "si": 4,
          "sti": 4,
          "dti": 39,
          "sco": 25,
          "dco": 201,
          "txt": "Craftsman"
        },
        {
          "si": 4,
          "sti": 5,
          "dti": 40,
          "sco": 35,
          "dco": 211,
          "txt": "style"
        },
        {
          "si": 4,
          "sti": 6,
          "dti": 41,
          "sco": 41,
          "dco": 217,
          "txt": "of"
        },
        {
          "si": 4,
          "sti": 7,
          "dti": 42,
          "sco": 44,
          "dco": 220,
          "txt": "architecture"
        },
        {
          "si": 4,
          "sti": 8,
          "dti": 43,
          "sco": 57,
          "dco": 233,
          "txt": "by"
        },
        {
          "si": 4,
          "sti": 9,
          "dti": 44,
          "sco": 60,
          "dco": 236,
          "txt": "Boston"
        },
        {
          "si": 4,
          "sti": 10,
          "dti": 45,
          "sco": 66,
          "dco": 242,
          "txt": "-"
        },
        {
          "si": 4,
          "sti": 11,
          "dti": 46,
          "sco": 67,
          "dco": 243,
          "txt": "based"
        },
        {
          "si": 4,
          "sti": 12,
          "dti": 47,
          "sco": 73,
          "dco": 249,
          "txt": "architect"
        },
        {
          "si": 4,
          "sti": 13,
          "dti": 48,
          "sco": 83,
          "dco": 259,
          "txt": "Hubert"
        },
        {
          "si": 4,
          "sti": 14,
          "dti": 49,
          "sco": 90,
          "dco": 266,
          "txt": "G"
        },
        {
          "si": 4,
          "sti": 15,
          "dti": 50,
          "sco": 91,
          "dco": 267,
          "txt": "."
        },
        {
          "si": 5,
          "sti": 0,
          "dti": 51,
          "sco": 0,
          "dco": 269,
          "txt": "Ripley"
        },
        {
          "si": 5,
          "sti": 1,
          "dti": 52,
          "sco": 7,
          "dco": 276,
          "txt": "of"
        },
        {
          "si": 5,
          "sti": 2,
          "dti": 53,
          "sco": 10,
          "dco": 279,
          "txt": "Ripley"
        },
        {
          "si": 5,
          "sti": 3,
          "dti": 54,
          "sco": 17,
          "dco": 286,
          "txt": "&"
        },
        {
          "si": 5,
          "sti": 4,
          "dti": 55,
          "sco": 19,
          "dco": 288,
          "txt": "Le"
        },
        {
          "si": 5,
          "sti": 5,
          "dti": 56,
          "sco": 22,
          "dco": 291,
          "txt": "Boutillier"
        },
        {
          "si": 5,
          "sti": 6,
          "dti": 57,
          "sco": 32,
          "dco": 301,
          "txt": ","
        },
        {
          "si": 5,
          "sti": 7,
          "dti": 58,
          "sco": 34,
          "dco": 303,
          "txt": "it"
        },
        {
          "si": 5,
          "sti": 8,
          "dti": 59,
          "sco": 37,
          "dco": 306,
          "txt": "was"
        },
        {
          "si": 5,
          "sti": 9,
          "dti": 60,
          "sco": 41,
          "dco": 310,
          "txt": "built"
        },
        {
          "si": 5,
          "sti": 10,
          "dti": 61,
          "sco": 47,
          "dco": 316,
          "txt": "in"
        },
        {
          "si": 5,
          "sti": 11,
          "dti": 62,
          "sco": 50,
          "dco": 319,
          "txt": "1914"
        },
        {
          "si": 5,
          "sti": 12,
          "dti": 63,
          "sco": 54,
          "dco": 323,
          "txt": "."
        },
        {
          "si": 6,
          "sti": 0,
          "dti": 64,
          "sco": 0,
          "dco": 325,
          "txt": "It"
        },
        {
          "si": 6,
          "sti": 1,
          "dti": 65,
          "sco": 3,
          "dco": 328,
          "txt": "is"
        },
        {
          "si": 6,
          "sti": 2,
          "dti": 66,
          "sco": 6,
          "dco": 331,
          "txt": "1"
        },
        {
          "si": 6,
          "sti": 3,
          "dti": 67,
          "sco": 7,
          "dco": 332,
          "txt": "-"
        },
        {
          "si": 6,
          "sti": 4,
          "dti": 68,
          "sco": 8,
          "dco": 333,
          "txt": "1"
        },
        {
          "si": 6,
          "sti": 5,
          "dti": 69,
          "sco": 9,
          "dco": 334,
          "txt": "/"
        },
        {
          "si": 6,
          "sti": 6,
          "dti": 70,
          "sco": 10,
          "dco": 335,
          "txt": "2"
        },
        {
          "si": 6,
          "sti": 7,
          "dti": 71,
          "sco": 12,
          "dco": 337,
          "txt": "stories"
        },
        {
          "si": 6,
          "sti": 8,
          "dti": 72,
          "sco": 20,
          "dco": 345,
          "txt": "in"
        },
        {
          "si": 6,
          "sti": 9,
          "dti": 73,
          "sco": 23,
          "dco": 348,
          "txt": "height"
        },
        {
          "si": 6,
          "sti": 10,
          "dti": 74,
          "sco": 29,
          "dco": 354,
          "txt": ","
        },
        {
          "si": 6,
          "sti": 11,
          "dti": 75,
          "sco": 31,
          "dco": 356,
          "txt": "with"
        },
        {
          "si": 6,
          "sti": 12,
          "dti": 76,
          "sco": 36,
          "dco": 361,
          "txt": "a"
        },
        {
          "si": 6,
          "sti": 13,
          "dti": 77,
          "sco": 38,
          "dco": 363,
          "txt": "broad"
        },
        {
          "si": 6,
          "sti": 14,
          "dti": 78,
          "sco": 44,
          "dco": 369,
          "txt": "shallow"
        },
        {
          "si": 6,
          "sti": 15,
          "dti": 79,
          "sco": 51,
          "dco": 376,
          "txt": "-"
        },
        {
          "si": 6,
          "sti": 16,
          "dti": 80,
          "sco": 52,
          "dco": 377,
          "txt": "pitched"
        },
        {
          "si": 6,
          "sti": 17,
          "dti": 81,
          "sco": 60,
          "dco": 385,
          "txt": "clipped"
        },
        {
          "si": 6,
          "sti": 18,
          "dti": 82,
          "sco": 67,
          "dco": 392,
          "txt": "-"
        },
        {
          "si": 6,
          "sti": 19,
          "dti": 83,
          "sco": 68,
          "dco": 393,
          "txt": "gable"
        },
        {
          "si": 6,
          "sti": 20,
          "dti": 84,
          "sco": 74,
          "dco": 399,
          "txt": "roof"
        },
        {
          "si": 6,
          "sti": 21,
          "dti": 85,
          "sco": 79,
          "dco": 404,
          "txt": "and"
        },
        {
          "si": 6,
          "sti": 22,
          "dti": 86,
          "sco": 83,
          "dco": 408,
          "txt": "stuccoed"
        },
        {
          "si": 6,
          "sti": 23,
          "dti": 87,
          "sco": 92,
          "dco": 417,
          "txt": "exterior"
        },
        {
          "si": 6,
          "sti": 24,
          "dti": 88,
          "sco": 100,
          "dco": 425,
          "txt": "."
        },
        {
          "si": 7,
          "sti": 0,
          "dti": 89,
          "sco": 0,
          "dco": 427,
          "txt": "The"
        },
        {
          "si": 7,
          "sti": 1,
          "dti": 90,
          "sco": 4,
          "dco": 431,
          "txt": "street"
        },
        {
          "si": 7,
          "sti": 2,
          "dti": 91,
          "sco": 10,
          "dco": 437,
          "txt": "-"
        },
        {
          "si": 7,
          "sti": 3,
          "dti": 92,
          "sco": 11,
          "dco": 438,
          "txt": "facing"
        },
        {
          "si": 7,
          "sti": 4,
          "dti": 93,
          "sco": 18,
          "dco": 445,
          "txt": "facade"
        },
        {
          "si": 7,
          "sti": 5,
          "dti": 94,
          "sco": 25,
          "dco": 452,
          "txt": "has"
        },
        {
          "si": 7,
          "sti": 6,
          "dti": 95,
          "sco": 29,
          "dco": 456,
          "txt": "banks"
        },
        {
          "si": 7,
          "sti": 7,
          "dti": 96,
          "sco": 35,
          "dco": 462,
          "txt": "of"
        },
        {
          "si": 7,
          "sti": 8,
          "dti": 97,
          "sco": 38,
          "dco": 465,
          "txt": "small"
        },
        {
          "si": 7,
          "sti": 9,
          "dti": 98,
          "sco": 43,
          "dco": 470,
          "txt": "-"
        },
        {
          "si": 7,
          "sti": 10,
          "dti": 99,
          "sco": 44,
          "dco": 471,
          "txt": "paned"
        },
        {
          "si": 7,
          "sti": 11,
          "dti": 100,
          "sco": 50,
          "dco": 477,
          "txt": "windows"
        },
        {
          "si": 7,
          "sti": 12,
          "dti": 101,
          "sco": 58,
          "dco": 485,
          "txt": "at"
        },
        {
          "si": 7,
          "sti": 13,
          "dti": 102,
          "sco": 61,
          "dco": 488,
          "txt": "each"
        },
        {
          "si": 7,
          "sti": 14,
          "dti": 103,
          "sco": 66,
          "dco": 493,
          "txt": "level"
        },
        {
          "si": 7,
          "sti": 15,
          "dti": 104,
          "sco": 71,
          "dco": 498,
          "txt": "."
        },
        {
          "si": 8,
          "sti": 0,
          "dti": 105,
          "sco": 0,
          "dco": 500,
          "txt": "Charles"
        },
        {
          "si": 8,
          "sti": 1,
          "dti": 106,
          "sco": 8,
          "dco": 508,
          "txt": "W"
        },
        {
          "si": 8,
          "sti": 2,
          "dti": 107,
          "sco": 9,
          "dco": 509,
          "txt": "."
        },
        {
          "si": 9,
          "sti": 0,
          "dti": 108,
          "sco": 0,
          "dco": 511,
          "txt": "Noyes"
        },
        {
          "si": 9,
          "sti": 1,
          "dti": 109,
          "sco": 5,
          "dco": 516,
          "txt": ","
        },
        {
          "si": 9,
          "sti": 2,
          "dti": 110,
          "sco": 7,
          "dco": 518,
          "txt": "the"
        },
        {
          "si": 9,
          "sti": 3,
          "dti": 111,
          "sco": 11,
          "dco": 522,
          "txt": "owner"
        },
        {
          "si": 9,
          "sti": 4,
          "dti": 112,
          "sco": 16,
          "dco": 527,
          "txt": ","
        },
        {
          "si": 9,
          "sti": 5,
          "dti": 113,
          "sco": 18,
          "dco": 529,
          "txt": "was"
        },
        {
          "si": 9,
          "sti": 6,
          "dti": 114,
          "sco": 22,
          "dco": 533,
          "txt": "a"
        },
        {
          "si": 9,
          "sti": 7,
          "dti": 115,
          "sco": 24,
          "dco": 535,
          "txt": "lawyer"
        },
        {
          "si": 9,
          "sti": 8,
          "dti": 116,
          "sco": 30,
          "dco": 541,
          "txt": "."
        },
        {
          "si": 10,
          "sti": 0,
          "dti": 117,
          "sco": 0,
          "dco": 543,
          "txt": "On"
        },
        {
          "si": 10,
          "sti": 1,
          "dti": 118,
          "sco": 3,
          "dco": 546,
          "txt": "February"
        },
        {
          "si": 10,
          "sti": 2,
          "dti": 119,
          "sco": 12,
          "dco": 555,
          "txt": "16"
        },
        {
          "si": 10,
          "sti": 3,
          "dti": 120,
          "sco": 14,
          "dco": 557,
          "txt": ","
        },
        {
          "si": 10,
          "sti": 4,
          "dti": 121,
          "sco": 16,
          "dco": 559,
          "txt": "1990"
        },
        {
          "si": 10,
          "sti": 5,
          "dti": 122,
          "sco": 20,
          "dco": 563,
          "txt": ","
        },
        {
          "si": 10,
          "sti": 6,
          "dti": 123,
          "sco": 22,
          "dco": 565,
          "txt": "it"
        },
        {
          "si": 10,
          "sti": 7,
          "dti": 124,
          "sco": 25,
          "dco": 568,
          "txt": "was"
        },
        {
          "si": 10,
          "sti": 8,
          "dti": 125,
          "sco": 29,
          "dco": 572,
          "txt": "added"
        },
        {
          "si": 10,
          "sti": 9,
          "dti": 126,
          "sco": 35,
          "dco": 578,
          "txt": "to"
        },
        {
          "si": 10,
          "sti": 10,
          "dti": 127,
          "sco": 38,
          "dco": 581,
          "txt": "the"
        },
        {
          "si": 10,
          "sti": 11,
          "dti": 128,
          "sco": 42,
          "dco": 585,
          "txt": "National"
        },
        {
          "si": 10,
          "sti": 12,
          "dti": 129,
          "sco": 51,
          "dco": 594,
          "txt": "Register"
        },
        {
          "si": 10,
          "sti": 13,
          "dti": 130,
          "sco": 60,
          "dco": 603,
          "txt": "of"
        },
        {
          "si": 10,
          "sti": 14,
          "dti": 131,
          "sco": 63,
          "dco": 606,
          "txt": "Historic"
        },
        {
          "si": 10,
          "sti": 15,
          "dti": 132,
          "sco": 72,
          "dco": 615,
          "txt": "Places"
        },
        {
          "si": 10,
          "sti": 16,
          "dti": 133,
          "sco": 78,
          "dco": 621,
          "txt": "."
        }
      ]
    },
    "ganns": {
      "dla": [],
      "la": [],
      "ea": [],
      "eta": [
        {
          "ra": {
            "ea": {
              "etn": "Charles_W._Noyes_House"
            }
          },
          "sfs": [
            [
              {
                "stn": "openingYear"
              },
              {}
            ]
          ],
          "mfs": [
            [
              {
                "stn": "architect"
              },
              {
                "dla": [],
                "la": [],
                "ea": [
                  {
                    "etn": "Hubert_G._Ripley"
                  }
                ],
                "eta": []
              }
            ],
            [
              {
                "stn": "yearOfConstruction"
              },
              {
                "dla": [
                  {
                    "txt": {
                      "sff": "1914"
                    },
                    "et": {
                      "etn": "Year"
                    },
                    "dp": {
                      "off": 319
                    }
                  }
                ],
                "la": [],
                "ea": [],
                "eta": []
              }
            ],
            [
              {
                "stn": "architecturalStyle"
              },
              {
                "dla": [],
                "la": [],
                "ea": [
                  {
                    "etn": "Bungalow"
                  },
                  {
                    "etn": "American_Craftsman"
                  }
                ],
                "eta": []
              }
            ],
            [
              {
                "stn": "location"
              },
              {
                "dla": [],
                "la": [],
                "ea": [
                  {
                    "etn": "Newton,_Massachusetts"
                  }
                ],
                "eta": []
              }
            ]
          ]
        }
      ]
    }
  }
]
