[
  {
    "context": "TRAIN",
    "doc": {
      "id": "Clermont_Academy",
      "tl": [
        {
          "si": 0,
          "sti": 0,
          "dti": 0,
          "sco": 0,
          "dco": 0,
          "txt": "Clermont"
        },
        {
          "si": 0,
          "sti": 1,
          "dti": 1,
          "sco": 9,
          "dco": 9,
          "txt": "Academy"
        },
        {
          "si": 0,
          "sti": 2,
          "dti": 2,
          "sco": 16,
          "dco": 16,
          "txt": "."
        },
        {
          "si": 1,
          "sti": 0,
          "dti": 3,
          "sco": 0,
          "dco": 18,
          "txt": "Clermont"
        },
        {
          "si": 1,
          "sti": 1,
          "dti": 4,
          "sco": 9,
          "dco": 27,
          "txt": "Academy"
        },
        {
          "si": 1,
          "sti": 2,
          "dti": 5,
          "sco": 17,
          "dco": 35,
          "txt": "is"
        },
        {
          "si": 1,
          "sti": 3,
          "dti": 6,
          "sco": 20,
          "dco": 38,
          "txt": "a"
        },
        {
          "si": 1,
          "sti": 4,
          "dti": 7,
          "sco": 22,
          "dco": 40,
          "txt": "historic"
        },
        {
          "si": 1,
          "sti": 5,
          "dti": 8,
          "sco": 31,
          "dco": 49,
          "txt": "school"
        },
        {
          "si": 1,
          "sti": 6,
          "dti": 9,
          "sco": 38,
          "dco": 56,
          "txt": "building"
        },
        {
          "si": 1,
          "sti": 7,
          "dti": 10,
          "sco": 47,
          "dco": 65,
          "txt": "located"
        },
        {
          "si": 1,
          "sti": 8,
          "dti": 11,
          "sco": 55,
          "dco": 73,
          "txt": "at"
        },
        {
          "si": 1,
          "sti": 9,
          "dti": 12,
          "sco": 58,
          "dco": 76,
          "txt": "Clermont"
        },
        {
          "si": 1,
          "sti": 10,
          "dti": 13,
          "sco": 67,
          "dco": 85,
          "txt": "in"
        },
        {
          "si": 1,
          "sti": 11,
          "dti": 14,
          "sco": 70,
          "dco": 88,
          "txt": "Columbia"
        },
        {
          "si": 1,
          "sti": 12,
          "dti": 15,
          "sco": 79,
          "dco": 97,
          "txt": "County"
        },
        {
          "si": 1,
          "sti": 13,
          "dti": 16,
          "sco": 85,
          "dco": 103,
          "txt": ","
        },
        {
          "si": 1,
          "sti": 14,
          "dti": 17,
          "sco": 87,
          "dco": 105,
          "txt": "New"
        },
        {
          "si": 1,
          "sti": 15,
          "dti": 18,
          "sco": 91,
          "dco": 109,
          "txt": "York"
        },
        {
          "si": 1,
          "sti": 16,
          "dti": 19,
          "sco": 95,
          "dco": 113,
          "txt": "."
        },
        {
          "si": 2,
          "sti": 0,
          "dti": 20,
          "sco": 0,
          "dco": 115,
          "txt": "It"
        },
        {
          "si": 2,
          "sti": 1,
          "dti": 21,
          "sco": 3,
          "dco": 118,
          "txt": "was"
        },
        {
          "si": 2,
          "sti": 2,
          "dti": 22,
          "sco": 7,
          "dco": 122,
          "txt": "built"
        },
        {
          "si": 2,
          "sti": 3,
          "dti": 23,
          "sco": 13,
          "dco": 128,
          "txt": "in"
        },
        {
          "si": 2,
          "sti": 4,
          "dti": 24,
          "sco": 16,
          "dco": 131,
          "txt": "1834"
        },
        {
          "si": 2,
          "sti": 5,
          "dti": 25,
          "sco": 21,
          "dco": 136,
          "txt": "and"
        },
        {
          "si": 2,
          "sti": 6,
          "dti": 26,
          "sco": 25,
          "dco": 140,
          "txt": "is"
        },
        {
          "si": 2,
          "sti": 7,
          "dti": 27,
          "sco": 28,
          "dco": 143,
          "txt": "a"
        },
        {
          "si": 2,
          "sti": 8,
          "dti": 28,
          "sco": 30,
          "dco": 145,
          "txt": "two"
        },
        {
          "si": 2,
          "sti": 9,
          "dti": 29,
          "sco": 34,
          "dco": 149,
          "txt": "story"
        },
        {
          "si": 2,
          "sti": 10,
          "dti": 30,
          "sco": 39,
          "dco": 154,
          "txt": ","
        },
        {
          "si": 2,
          "sti": 11,
          "dti": 31,
          "sco": 41,
          "dco": 156,
          "txt": "five"
        },
        {
          "si": 2,
          "sti": 12,
          "dti": 32,
          "sco": 46,
          "dco": 161,
          "txt": "bay"
        },
        {
          "si": 2,
          "sti": 13,
          "dti": 33,
          "sco": 50,
          "dco": 165,
          "txt": "frame"
        },
        {
          "si": 2,
          "sti": 14,
          "dti": 34,
          "sco": 56,
          "dco": 171,
          "txt": "building"
        },
        {
          "si": 2,
          "sti": 15,
          "dti": 35,
          "sco": 65,
          "dco": 180,
          "txt": "in"
        },
        {
          "si": 2,
          "sti": 16,
          "dti": 36,
          "sco": 68,
          "dco": 183,
          "txt": "the"
        },
        {
          "si": 2,
          "sti": 17,
          "dti": 37,
          "sco": 72,
          "dco": 187,
          "txt": "Federal"
        },
        {
          "si": 2,
          "sti": 18,
          "dti": 38,
          "sco": 80,
          "dco": 195,
          "txt": "style"
        },
        {
          "si": 2,
          "sti": 19,
          "dti": 39,
          "sco": 85,
          "dco": 200,
          "txt": "."
        },
        {
          "si": 3,
          "sti": 0,
          "dti": 40,
          "sco": 0,
          "dco": 202,
          "txt": "It"
        },
        {
          "si": 3,
          "sti": 1,
          "dti": 41,
          "sco": 3,
          "dco": 205,
          "txt": "features"
        },
        {
          "si": 3,
          "sti": 2,
          "dti": 42,
          "sco": 12,
          "dco": 214,
          "txt": "a"
        },
        {
          "si": 3,
          "sti": 3,
          "dti": 43,
          "sco": 14,
          "dco": 216,
          "txt": "gable"
        },
        {
          "si": 3,
          "sti": 4,
          "dti": 44,
          "sco": 20,
          "dco": 222,
          "txt": "roof"
        },
        {
          "si": 3,
          "sti": 5,
          "dti": 45,
          "sco": 25,
          "dco": 227,
          "txt": "with"
        },
        {
          "si": 3,
          "sti": 6,
          "dti": 46,
          "sco": 30,
          "dco": 232,
          "txt": "centrally"
        },
        {
          "si": 3,
          "sti": 7,
          "dti": 47,
          "sco": 40,
          "dco": 242,
          "txt": "located"
        },
        {
          "si": 3,
          "sti": 8,
          "dti": 48,
          "sco": 48,
          "dco": 250,
          "txt": "octagonal"
        },
        {
          "si": 3,
          "sti": 9,
          "dti": 49,
          "sco": 58,
          "dco": 260,
          "txt": "cupola"
        },
        {
          "si": 3,
          "sti": 10,
          "dti": 50,
          "sco": 64,
          "dco": 266,
          "txt": "."
        },
        {
          "si": 4,
          "sti": 0,
          "dti": 51,
          "sco": 0,
          "dco": 268,
          "txt": "It"
        },
        {
          "si": 4,
          "sti": 1,
          "dti": 52,
          "sco": 3,
          "dco": 271,
          "txt": "originally"
        },
        {
          "si": 4,
          "sti": 2,
          "dti": 53,
          "sco": 14,
          "dco": 282,
          "txt": "functioned"
        },
        {
          "si": 4,
          "sti": 3,
          "dti": 54,
          "sco": 25,
          "dco": 293,
          "txt": "as"
        },
        {
          "si": 4,
          "sti": 4,
          "dti": 55,
          "sco": 28,
          "dco": 296,
          "txt": "a"
        },
        {
          "si": 4,
          "sti": 5,
          "dti": 56,
          "sco": 30,
          "dco": 298,
          "txt": "private"
        },
        {
          "si": 4,
          "sti": 6,
          "dti": 57,
          "sco": 38,
          "dco": 306,
          "txt": "secondary"
        },
        {
          "si": 4,
          "sti": 7,
          "dti": 58,
          "sco": 48,
          "dco": 316,
          "txt": "school"
        },
        {
          "si": 4,
          "sti": 8,
          "dti": 59,
          "sco": 54,
          "dco": 322,
          "txt": ","
        },
        {
          "si": 4,
          "sti": 9,
          "dti": 60,
          "sco": 56,
          "dco": 324,
          "txt": "but"
        },
        {
          "si": 4,
          "sti": 10,
          "dti": 61,
          "sco": 60,
          "dco": 328,
          "txt": "became"
        },
        {
          "si": 4,
          "sti": 11,
          "dti": 62,
          "sco": 67,
          "dco": 335,
          "txt": "a"
        },
        {
          "si": 4,
          "sti": 12,
          "dti": 63,
          "sco": 69,
          "dco": 337,
          "txt": "public"
        },
        {
          "si": 4,
          "sti": 13,
          "dti": 64,
          "sco": 76,
          "dco": 344,
          "txt": "school"
        },
        {
          "si": 4,
          "sti": 14,
          "dti": 65,
          "sco": 83,
          "dco": 351,
          "txt": "and"
        },
        {
          "si": 4,
          "sti": 15,
          "dti": 66,
          "sco": 87,
          "dco": 355,
          "txt": "community"
        },
        {
          "si": 4,
          "sti": 16,
          "dti": 67,
          "sco": 97,
          "dco": 365,
          "txt": "center"
        },
        {
          "si": 4,
          "sti": 17,
          "dti": 68,
          "sco": 104,
          "dco": 372,
          "txt": "in"
        },
        {
          "si": 4,
          "sti": 18,
          "dti": 69,
          "sco": 107,
          "dco": 375,
          "txt": "1855"
        },
        {
          "si": 4,
          "sti": 19,
          "dti": 70,
          "sco": 111,
          "dco": 379,
          "txt": "."
        },
        {
          "si": 5,
          "sti": 0,
          "dti": 71,
          "sco": 0,
          "dco": 381,
          "txt": "It"
        },
        {
          "si": 5,
          "sti": 1,
          "dti": 72,
          "sco": 3,
          "dco": 384,
          "txt": "was"
        },
        {
          "si": 5,
          "sti": 2,
          "dti": 73,
          "sco": 7,
          "dco": 388,
          "txt": "added"
        },
        {
          "si": 5,
          "sti": 3,
          "dti": 74,
          "sco": 13,
          "dco": 394,
          "txt": "to"
        },
        {
          "si": 5,
          "sti": 4,
          "dti": 75,
          "sco": 16,
          "dco": 397,
          "txt": "the"
        },
        {
          "si": 5,
          "sti": 5,
          "dti": 76,
          "sco": 20,
          "dco": 401,
          "txt": "National"
        },
        {
          "si": 5,
          "sti": 6,
          "dti": 77,
          "sco": 29,
          "dco": 410,
          "txt": "Register"
        },
        {
          "si": 5,
          "sti": 7,
          "dti": 78,
          "sco": 38,
          "dco": 419,
          "txt": "of"
        },
        {
          "si": 5,
          "sti": 8,
          "dti": 79,
          "sco": 41,
          "dco": 422,
          "txt": "Historic"
        },
        {
          "si": 5,
          "sti": 9,
          "dti": 80,
          "sco": 50,
          "dco": 431,
          "txt": "Places"
        },
        {
          "si": 5,
          "sti": 10,
          "dti": 81,
          "sco": 57,
          "dco": 438,
          "txt": "in"
        },
        {
          "si": 5,
          "sti": 11,
          "dti": 82,
          "sco": 60,
          "dco": 441,
          "txt": "1983"
        },
        {
          "si": 5,
          "sti": 12,
          "dti": 83,
          "sco": 64,
          "dco": 445,
          "txt": "."
        },
        {
          "si": 6,
          "sti": 0,
          "dti": 84,
          "sco": 0,
          "dco": 447,
          "txt": "It"
        },
        {
          "si": 6,
          "sti": 1,
          "dti": 85,
          "sco": 3,
          "dco": 450,
          "txt": "is"
        },
        {
          "si": 6,
          "sti": 2,
          "dti": 86,
          "sco": 6,
          "dco": 453,
          "txt": "located"
        },
        {
          "si": 6,
          "sti": 3,
          "dti": 87,
          "sco": 14,
          "dco": 461,
          "txt": "within"
        },
        {
          "si": 6,
          "sti": 4,
          "dti": 88,
          "sco": 21,
          "dco": 468,
          "txt": "the"
        },
        {
          "si": 6,
          "sti": 5,
          "dti": 89,
          "sco": 25,
          "dco": 472,
          "txt": "Clermont"
        },
        {
          "si": 6,
          "sti": 6,
          "dti": 90,
          "sco": 34,
          "dco": 481,
          "txt": "Civic"
        },
        {
          "si": 6,
          "sti": 7,
          "dti": 91,
          "sco": 40,
          "dco": 487,
          "txt": "Historic"
        },
        {
          "si": 6,
          "sti": 8,
          "dti": 92,
          "sco": 49,
          "dco": 496,
          "txt": "District"
        },
        {
          "si": 6,
          "sti": 9,
          "dti": 93,
          "sco": 57,
          "dco": 504,
          "txt": ","
        },
        {
          "si": 6,
          "sti": 10,
          "dti": 94,
          "sco": 59,
          "dco": 506,
          "txt": "established"
        },
        {
          "si": 6,
          "sti": 11,
          "dti": 95,
          "sco": 71,
          "dco": 518,
          "txt": "in"
        },
        {
          "si": 6,
          "sti": 12,
          "dti": 96,
          "sco": 74,
          "dco": 521,
          "txt": "2003"
        },
        {
          "si": 6,
          "sti": 13,
          "dti": 97,
          "sco": 78,
          "dco": 525,
          "txt": "."
        }
      ]
    },
    "ganns": {
      "dla": [],
      "la": [],
      "ea": [],
      "eta": [
        {
          "ra": {
            "ea": {
              "etn": "Clermont_Academy"
            }
          },
          "sfs": [
            [
              {
                "stn": "openingYear"
              },
              {}
            ]
          ],
          "mfs": [
            [
              {
                "stn": "architect"
              },
              {
                "dla": [],
                "la": [],
                "ea": [],
                "eta": []
              }
            ],
            [
              {
                "stn": "yearOfConstruction"
              },
              {
                "dla": [
                  {
                    "txt": {
                      "sff": "1834"
                    },
                    "et": {
                      "etn": "Year"
                    },
                    "dp": {
                      "off": 131
                    }
                  }
                ],
                "la": [],
                "ea": [],
                "eta": []
              }
            ],
            [
              {
                "stn": "architecturalStyle"
              },
              {
                "dla": [],
                "la": [],
                "ea": [
                  {
                    "etn": "Federal_architecture"
                  }
                ],
                "eta": []
              }
            ],
            [
              {
                "stn": "location"
              },
              {
                "dla": [],
                "la": [],
                "ea": [
                  {
                    "etn": "Clermont,_New_York"
                  }
                ],
                "eta": []
              }
            ]
          ]
        }
      ]
    }
  }
]
