[
  {
    "context": "TRAIN",
    "doc": {
      "id": "Columbus_Park_(Chicago)",
      "tl": [
        {
          "si": 0,
          "sti": 0,
          "dti": 0,
          "sco": 0,
          "dco": 0,
          "txt": "Columbus"
        },
        {
          "si": 0,
          "sti": 1,
          "dti": 1,
          "sco": 9,
          "dco": 9,
          "txt": "Park"
        },
        {
          "si": 0,
          "sti": 2,
          "dti": 2,
          "sco": 14,
          "dco": 14,
          "txt": "("
        },
        {
          "si": 0,
          "sti": 3,
          "dti": 3,
          "sco": 15,
          "dco": 15,
          "txt": "Chicago"
        },
        {
          "si": 0,
          "sti": 4,
          "dti": 4,
          "sco": 22,
          "dco": 22,
          "txt": ")"
        },
        {
          "si": 0,
          "sti": 5,
          "dti": 5,
          "sco": 23,
          "dco": 23,
          "txt": "."
        },
        {
          "si": 1,
          "sti": 0,
          "dti": 6,
          "sco": 0,
          "dco": 25,
          "txt": "Columbus"
        },
        {
          "si": 1,
          "sti": 1,
          "dti": 7,
          "sco": 9,
          "dco": 34,
          "txt": "Park"
        },
        {
          "si": 1,
          "sti": 2,
          "dti": 8,
          "sco": 14,
          "dco": 39,
          "txt": "is"
        },
        {
          "si": 1,
          "sti": 3,
          "dti": 9,
          "sco": 17,
          "dco": 42,
          "txt": "a"
        },
        {
          "si": 1,
          "sti": 4,
          "dti": 10,
          "sco": 19,
          "dco": 44,
          "txt": "park"
        },
        {
          "si": 1,
          "sti": 5,
          "dti": 11,
          "sco": 24,
          "dco": 49,
          "txt": "on"
        },
        {
          "si": 1,
          "sti": 6,
          "dti": 12,
          "sco": 27,
          "dco": 52,
          "txt": "the"
        },
        {
          "si": 1,
          "sti": 7,
          "dti": 13,
          "sco": 31,
          "dco": 56,
          "txt": "far"
        },
        {
          "si": 1,
          "sti": 8,
          "dti": 14,
          "sco": 35,
          "dco": 60,
          "txt": "West"
        },
        {
          "si": 1,
          "sti": 9,
          "dti": 15,
          "sco": 40,
          "dco": 65,
          "txt": "Side"
        },
        {
          "si": 1,
          "sti": 10,
          "dti": 16,
          "sco": 45,
          "dco": 70,
          "txt": "of"
        },
        {
          "si": 1,
          "sti": 11,
          "dti": 17,
          "sco": 48,
          "dco": 73,
          "txt": "Chicago"
        },
        {
          "si": 1,
          "sti": 12,
          "dti": 18,
          "sco": 55,
          "dco": 80,
          "txt": ","
        },
        {
          "si": 1,
          "sti": 13,
          "dti": 19,
          "sco": 57,
          "dco": 82,
          "txt": "Illinois"
        },
        {
          "si": 1,
          "sti": 14,
          "dti": 20,
          "sco": 66,
          "dco": 91,
          "txt": "in"
        },
        {
          "si": 1,
          "sti": 15,
          "dti": 21,
          "sco": 69,
          "dco": 94,
          "txt": "the"
        },
        {
          "si": 1,
          "sti": 16,
          "dti": 22,
          "sco": 73,
          "dco": 98,
          "txt": "Austin"
        },
        {
          "si": 1,
          "sti": 17,
          "dti": 23,
          "sco": 80,
          "dco": 105,
          "txt": "neighborhood"
        },
        {
          "si": 1,
          "sti": 18,
          "dti": 24,
          "sco": 92,
          "dco": 117,
          "txt": "."
        },
        {
          "si": 2,
          "sti": 0,
          "dti": 25,
          "sco": 0,
          "dco": 119,
          "txt": "It"
        },
        {
          "si": 2,
          "sti": 1,
          "dti": 26,
          "sco": 3,
          "dco": 122,
          "txt": "is"
        },
        {
          "si": 2,
          "sti": 2,
          "dti": 27,
          "sco": 6,
          "dco": 125,
          "txt": "considered"
        },
        {
          "si": 2,
          "sti": 3,
          "dti": 28,
          "sco": 17,
          "dco": 136,
          "txt": "the"
        },
        {
          "si": 2,
          "sti": 4,
          "dti": 29,
          "sco": 21,
          "dco": 140,
          "txt": "finest"
        },
        {
          "si": 2,
          "sti": 5,
          "dti": 30,
          "sco": 28,
          "dco": 147,
          "txt": "work"
        },
        {
          "si": 2,
          "sti": 6,
          "dti": 31,
          "sco": 33,
          "dco": 152,
          "txt": "by"
        },
        {
          "si": 2,
          "sti": 7,
          "dti": 32,
          "sco": 36,
          "dco": 155,
          "txt": "landscape"
        },
        {
          "si": 2,
          "sti": 8,
          "dti": 33,
          "sco": 46,
          "dco": 165,
          "txt": "architect"
        },
        {
          "si": 2,
          "sti": 9,
          "dti": 34,
          "sco": 56,
          "dco": 175,
          "txt": "Jens"
        },
        {
          "si": 2,
          "sti": 10,
          "dti": 35,
          "sco": 61,
          "dco": 180,
          "txt": "Jensen"
        },
        {
          "si": 2,
          "sti": 11,
          "dti": 36,
          "sco": 68,
          "dco": 187,
          "txt": "and"
        },
        {
          "si": 2,
          "sti": 12,
          "dti": 37,
          "sco": 72,
          "dco": 191,
          "txt": "was"
        },
        {
          "si": 2,
          "sti": 13,
          "dti": 38,
          "sco": 76,
          "dco": 195,
          "txt": "consequently"
        },
        {
          "si": 2,
          "sti": 14,
          "dti": 39,
          "sco": 89,
          "dco": 208,
          "txt": "named"
        },
        {
          "si": 2,
          "sti": 15,
          "dti": 40,
          "sco": 95,
          "dco": 214,
          "txt": "a"
        },
        {
          "si": 2,
          "sti": 16,
          "dti": 41,
          "sco": 97,
          "dco": 216,
          "txt": "National"
        },
        {
          "si": 2,
          "sti": 17,
          "dti": 42,
          "sco": 106,
          "dco": 225,
          "txt": "Historic"
        },
        {
          "si": 2,
          "sti": 18,
          "dti": 43,
          "sco": 115,
          "dco": 234,
          "txt": "Landmark"
        },
        {
          "si": 2,
          "sti": 19,
          "dti": 44,
          "sco": 124,
          "dco": 243,
          "txt": "in"
        },
        {
          "si": 2,
          "sti": 20,
          "dti": 45,
          "sco": 127,
          "dco": 246,
          "txt": "2003"
        },
        {
          "si": 2,
          "sti": 21,
          "dti": 46,
          "sco": 131,
          "dco": 250,
          "txt": "."
        },
        {
          "si": 3,
          "sti": 0,
          "dti": 47,
          "sco": 0,
          "dco": 252,
          "txt": "History"
        },
        {
          "si": 3,
          "sti": 1,
          "dti": 48,
          "sco": 7,
          "dco": 259,
          "txt": "."
        },
        {
          "si": 4,
          "sti": 0,
          "dti": 49,
          "sco": 0,
          "dco": 261,
          "txt": "The"
        },
        {
          "si": 4,
          "sti": 1,
          "dti": 50,
          "sco": 4,
          "dco": 265,
          "txt": "concept"
        },
        {
          "si": 4,
          "sti": 2,
          "dti": 51,
          "sco": 12,
          "dco": 273,
          "txt": "of"
        },
        {
          "si": 4,
          "sti": 3,
          "dti": 52,
          "sco": 15,
          "dco": 276,
          "txt": "Columbus"
        },
        {
          "si": 4,
          "sti": 4,
          "dti": 53,
          "sco": 24,
          "dco": 285,
          "txt": "Park"
        },
        {
          "si": 4,
          "sti": 5,
          "dti": 54,
          "sco": 29,
          "dco": 290,
          "txt": "was"
        },
        {
          "si": 4,
          "sti": 6,
          "dti": 55,
          "sco": 33,
          "dco": 294,
          "txt": "first"
        },
        {
          "si": 4,
          "sti": 7,
          "dti": 56,
          "sco": 39,
          "dco": 300,
          "txt": "pitched"
        },
        {
          "si": 4,
          "sti": 8,
          "dti": 57,
          "sco": 47,
          "dco": 308,
          "txt": "in"
        },
        {
          "si": 4,
          "sti": 9,
          "dti": 58,
          "sco": 50,
          "dco": 311,
          "txt": "1912"
        },
        {
          "si": 4,
          "sti": 10,
          "dti": 59,
          "sco": 55,
          "dco": 316,
          "txt": "by"
        },
        {
          "si": 4,
          "sti": 11,
          "dti": 60,
          "sco": 58,
          "dco": 319,
          "txt": "the"
        },
        {
          "si": 4,
          "sti": 12,
          "dti": 61,
          "sco": 62,
          "dco": 323,
          "txt": "West"
        },
        {
          "si": 4,
          "sti": 13,
          "dti": 62,
          "sco": 67,
          "dco": 328,
          "txt": "Park"
        },
        {
          "si": 4,
          "sti": 14,
          "dti": 63,
          "sco": 72,
          "dco": 333,
          "txt": "Commission"
        },
        {
          "si": 4,
          "sti": 15,
          "dti": 64,
          "sco": 83,
          "dco": 344,
          "txt": "as"
        },
        {
          "si": 4,
          "sti": 16,
          "dti": 65,
          "sco": 86,
          "dco": 347,
          "txt": "a"
        },
        {
          "si": 4,
          "sti": 17,
          "dti": 66,
          "sco": 88,
          "dco": 349,
          "txt": "way"
        },
        {
          "si": 4,
          "sti": 18,
          "dti": 67,
          "sco": 92,
          "dco": 353,
          "txt": "to"
        },
        {
          "si": 4,
          "sti": 19,
          "dti": 68,
          "sco": 95,
          "dco": 356,
          "txt": "develop"
        },
        {
          "si": 4,
          "sti": 20,
          "dti": 69,
          "sco": 103,
          "dco": 364,
          "txt": "recreational"
        },
        {
          "si": 4,
          "sti": 21,
          "dti": 70,
          "sco": 116,
          "dco": 377,
          "txt": "facilities"
        },
        {
          "si": 4,
          "sti": 22,
          "dti": 71,
          "sco": 127,
          "dco": 388,
          "txt": "for"
        },
        {
          "si": 4,
          "sti": 23,
          "dti": 72,
          "sco": 131,
          "dco": 392,
          "txt": "densely"
        },
        {
          "si": 4,
          "sti": 24,
          "dti": 73,
          "sco": 139,
          "dco": 400,
          "txt": "populated"
        },
        {
          "si": 4,
          "sti": 25,
          "dti": 74,
          "sco": 149,
          "dco": 410,
          "txt": "neighborhoods"
        },
        {
          "si": 4,
          "sti": 26,
          "dti": 75,
          "sco": 162,
          "dco": 423,
          "txt": "."
        },
        {
          "si": 5,
          "sti": 0,
          "dti": 76,
          "sco": 0,
          "dco": 425,
          "txt": "At"
        },
        {
          "si": 5,
          "sti": 1,
          "dti": 77,
          "sco": 3,
          "dco": 428,
          "txt": "the"
        },
        {
          "si": 5,
          "sti": 2,
          "dti": 78,
          "sco": 7,
          "dco": 432,
          "txt": "time"
        },
        {
          "si": 5,
          "sti": 3,
          "dti": 79,
          "sco": 11,
          "dco": 436,
          "txt": ","
        },
        {
          "si": 5,
          "sti": 4,
          "dti": 80,
          "sco": 13,
          "dco": 438,
          "txt": "the"
        },
        {
          "si": 5,
          "sti": 5,
          "dti": 81,
          "sco": 17,
          "dco": 442,
          "txt": "West"
        },
        {
          "si": 5,
          "sti": 6,
          "dti": 82,
          "sco": 22,
          "dco": 447,
          "txt": "Side"
        },
        {
          "si": 5,
          "sti": 7,
          "dti": 83,
          "sco": 27,
          "dco": 452,
          "txt": "of"
        },
        {
          "si": 5,
          "sti": 8,
          "dti": 84,
          "sco": 30,
          "dco": 455,
          "txt": "Chicago"
        },
        {
          "si": 5,
          "sti": 9,
          "dti": 85,
          "sco": 38,
          "dco": 463,
          "txt": "had"
        },
        {
          "si": 5,
          "sti": 10,
          "dti": 86,
          "sco": 42,
          "dco": 467,
          "txt": "a"
        },
        {
          "si": 5,
          "sti": 11,
          "dti": 87,
          "sco": 44,
          "dco": 469,
          "txt": "population"
        },
        {
          "si": 5,
          "sti": 12,
          "dti": 88,
          "sco": 55,
          "dco": 480,
          "txt": "of"
        },
        {
          "si": 5,
          "sti": 13,
          "dti": 89,
          "sco": 58,
          "dco": 483,
          "txt": "nearly"
        },
        {
          "si": 5,
          "sti": 14,
          "dti": 90,
          "sco": 65,
          "dco": 490,
          "txt": "900"
        },
        {
          "si": 5,
          "sti": 15,
          "dti": 91,
          "sco": 68,
          "dco": 493,
          "txt": ","
        },
        {
          "si": 5,
          "sti": 16,
          "dti": 92,
          "sco": 69,
          "dco": 494,
          "txt": "000"
        },
        {
          "si": 5,
          "sti": 17,
          "dti": 93,
          "sco": 72,
          "dco": 497,
          "txt": ","
        },
        {
          "si": 5,
          "sti": 18,
          "dti": 94,
          "sco": 74,
          "dco": 499,
          "txt": "but"
        },
        {
          "si": 5,
          "sti": 19,
          "dti": 95,
          "sco": 78,
          "dco": 503,
          "txt": "only"
        },
        {
          "si": 5,
          "sti": 20,
          "dti": 96,
          "sco": 83,
          "dco": 508,
          "txt": "two"
        },
        {
          "si": 5,
          "sti": 21,
          "dti": 97,
          "sco": 87,
          "dco": 512,
          "txt": "small"
        },
        {
          "si": 5,
          "sti": 22,
          "dti": 98,
          "sco": 93,
          "dco": 518,
          "txt": "playgrounds"
        },
        {
          "si": 5,
          "sti": 23,
          "dti": 99,
          "sco": 104,
          "dco": 529,
          "txt": "."
        },
        {
          "si": 6,
          "sti": 0,
          "dti": 100,
          "sco": 0,
          "dco": 531,
          "txt": "The"
        },
        {
          "si": 6,
          "sti": 1,
          "dti": 101,
          "sco": 4,
          "dco": 535,
          "txt": "commission"
        },
        {
          "si": 6,
          "sti": 2,
          "dti": 102,
          "sco": 15,
          "dco": 546,
          "txt": "had"
        },
        {
          "si": 6,
          "sti": 3,
          "dti": 103,
          "sco": 19,
          "dco": 550,
          "txt": "acquired"
        },
        {
          "si": 6,
          "sti": 4,
          "dti": 104,
          "sco": 28,
          "dco": 559,
          "txt": "the"
        },
        {
          "si": 6,
          "sti": 5,
          "dti": 105,
          "sco": 32,
          "dco": 563,
          "txt": "property"
        },
        {
          "si": 6,
          "sti": 6,
          "dti": 106,
          "sco": 41,
          "dco": 572,
          "txt": "a"
        },
        {
          "si": 6,
          "sti": 7,
          "dti": 107,
          "sco": 43,
          "dco": 574,
          "txt": "year"
        },
        {
          "si": 6,
          "sti": 8,
          "dti": 108,
          "sco": 48,
          "dco": 579,
          "txt": "earlier"
        },
        {
          "si": 6,
          "sti": 9,
          "dti": 109,
          "sco": 56,
          "dco": 587,
          "txt": "from"
        },
        {
          "si": 6,
          "sti": 10,
          "dti": 110,
          "sco": 61,
          "dco": 592,
          "txt": "the"
        },
        {
          "si": 6,
          "sti": 11,
          "dti": 111,
          "sco": 65,
          "dco": 596,
          "txt": "Catholic"
        },
        {
          "si": 6,
          "sti": 12,
          "dti": 112,
          "sco": 74,
          "dco": 605,
          "txt": "church"
        },
        {
          "si": 6,
          "sti": 13,
          "dti": 113,
          "sco": 81,
          "dco": 612,
          "txt": "for"
        },
        {
          "si": 6,
          "sti": 14,
          "dti": 114,
          "sco": 85,
          "dco": 616,
          "txt": "$"
        },
        {
          "si": 6,
          "sti": 15,
          "dti": 115,
          "sco": 86,
          "dco": 617,
          "txt": "560"
        },
        {
          "si": 6,
          "sti": 16,
          "dti": 116,
          "sco": 89,
          "dco": 620,
          "txt": ","
        },
        {
          "si": 6,
          "sti": 17,
          "dti": 117,
          "sco": 90,
          "dco": 621,
          "txt": "000"
        },
        {
          "si": 6,
          "sti": 18,
          "dti": 118,
          "sco": 93,
          "dco": 624,
          "txt": ";"
        },
        {
          "si": 6,
          "sti": 19,
          "dti": 119,
          "sco": 95,
          "dco": 626,
          "txt": "the"
        },
        {
          "si": 6,
          "sti": 20,
          "dti": 120,
          "sco": 99,
          "dco": 630,
          "txt": "church"
        },
        {
          "si": 6,
          "sti": 21,
          "dti": 121,
          "sco": 106,
          "dco": 637,
          "txt": "had"
        },
        {
          "si": 6,
          "sti": 22,
          "dti": 122,
          "sco": 110,
          "dco": 641,
          "txt": "recently"
        },
        {
          "si": 6,
          "sti": 23,
          "dti": 123,
          "sco": 119,
          "dco": 650,
          "txt": "abandoned"
        },
        {
          "si": 6,
          "sti": 24,
          "dti": 124,
          "sco": 129,
          "dco": 660,
          "txt": "plans"
        },
        {
          "si": 6,
          "sti": 25,
          "dti": 125,
          "sco": 135,
          "dco": 666,
          "txt": "to"
        },
        {
          "si": 6,
          "sti": 26,
          "dti": 126,
          "sco": 138,
          "dco": 669,
          "txt": "build"
        },
        {
          "si": 6,
          "sti": 27,
          "dti": 127,
          "sco": 144,
          "dco": 675,
          "txt": "a"
        },
        {
          "si": 6,
          "sti": 28,
          "dti": 128,
          "sco": 146,
          "dco": 677,
          "txt": "seminary"
        },
        {
          "si": 6,
          "sti": 29,
          "dti": 129,
          "sco": 155,
          "dco": 686,
          "txt": "on"
        },
        {
          "si": 6,
          "sti": 30,
          "dti": 130,
          "sco": 158,
          "dco": 689,
          "txt": "the"
        },
        {
          "si": 6,
          "sti": 31,
          "dti": 131,
          "sco": 162,
          "dco": 693,
          "txt": "site"
        },
        {
          "si": 6,
          "sti": 32,
          "dti": 132,
          "sco": 166,
          "dco": 697,
          "txt": "."
        },
        {
          "si": 7,
          "sti": 0,
          "dti": 133,
          "sco": 0,
          "dco": 699,
          "txt": "It"
        },
        {
          "si": 7,
          "sti": 1,
          "dti": 134,
          "sco": 3,
          "dco": 702,
          "txt": "was"
        },
        {
          "si": 7,
          "sti": 2,
          "dti": 135,
          "sco": 7,
          "dco": 706,
          "txt": "the"
        },
        {
          "si": 7,
          "sti": 3,
          "dti": 136,
          "sco": 11,
          "dco": 710,
          "txt": "first"
        },
        {
          "si": 7,
          "sti": 4,
          "dti": 137,
          "sco": 17,
          "dco": 716,
          "txt": "large"
        },
        {
          "si": 7,
          "sti": 5,
          "dti": 138,
          "sco": 23,
          "dco": 722,
          "txt": "park"
        },
        {
          "si": 7,
          "sti": 6,
          "dti": 139,
          "sco": 28,
          "dco": 727,
          "txt": "conceived"
        },
        {
          "si": 7,
          "sti": 7,
          "dti": 140,
          "sco": 38,
          "dco": 737,
          "txt": "by"
        },
        {
          "si": 7,
          "sti": 8,
          "dti": 141,
          "sco": 41,
          "dco": 740,
          "txt": "the"
        },
        {
          "si": 7,
          "sti": 9,
          "dti": 142,
          "sco": 45,
          "dco": 744,
          "txt": "commission"
        },
        {
          "si": 7,
          "sti": 10,
          "dti": 143,
          "sco": 56,
          "dco": 755,
          "txt": "since"
        },
        {
          "si": 7,
          "sti": 11,
          "dti": 144,
          "sco": 62,
          "dco": 761,
          "txt": "1869"
        },
        {
          "si": 7,
          "sti": 12,
          "dti": 145,
          "sco": 66,
          "dco": 765,
          "txt": "."
        },
        {
          "si": 8,
          "sti": 0,
          "dti": 146,
          "sco": 0,
          "dco": 767,
          "txt": "Jens"
        },
        {
          "si": 8,
          "sti": 1,
          "dti": 147,
          "sco": 5,
          "dco": 772,
          "txt": "Jensen"
        },
        {
          "si": 8,
          "sti": 2,
          "dti": 148,
          "sco": 12,
          "dco": 779,
          "txt": "was"
        },
        {
          "si": 8,
          "sti": 3,
          "dti": 149,
          "sco": 16,
          "dco": 783,
          "txt": "a"
        },
        {
          "si": 8,
          "sti": 4,
          "dti": 150,
          "sco": 18,
          "dco": 785,
          "txt": "Danish"
        },
        {
          "si": 8,
          "sti": 5,
          "dti": 151,
          "sco": 25,
          "dco": 792,
          "txt": "immigrant"
        },
        {
          "si": 8,
          "sti": 6,
          "dti": 152,
          "sco": 35,
          "dco": 802,
          "txt": "who"
        },
        {
          "si": 8,
          "sti": 7,
          "dti": 153,
          "sco": 39,
          "dco": 806,
          "txt": "joined"
        },
        {
          "si": 8,
          "sti": 8,
          "dti": 154,
          "sco": 46,
          "dco": 813,
          "txt": "the"
        },
        {
          "si": 8,
          "sti": 9,
          "dti": 155,
          "sco": 50,
          "dco": 817,
          "txt": "commission"
        },
        {
          "si": 8,
          "sti": 10,
          "dti": 156,
          "sco": 61,
          "dco": 828,
          "txt": "in"
        },
        {
          "si": 8,
          "sti": 11,
          "dti": 157,
          "sco": 64,
          "dco": 831,
          "txt": "the"
        },
        {
          "si": 8,
          "sti": 12,
          "dti": 158,
          "sco": 68,
          "dco": 835,
          "txt": "1880"
        },
        {
          "si": 8,
          "sti": 13,
          "dti": 159,
          "sco": 72,
          "dco": 839,
          "txt": "s"
        },
        {
          "si": 8,
          "sti": 14,
          "dti": 160,
          "sco": 74,
          "dco": 841,
          "txt": "as"
        },
        {
          "si": 8,
          "sti": 15,
          "dti": 161,
          "sco": 77,
          "dco": 844,
          "txt": "a"
        },
        {
          "si": 8,
          "sti": 16,
          "dti": 162,
          "sco": 79,
          "dco": 846,
          "txt": "laborer"
        },
        {
          "si": 8,
          "sti": 17,
          "dti": 163,
          "sco": 87,
          "dco": 854,
          "txt": "and"
        },
        {
          "si": 8,
          "sti": 18,
          "dti": 164,
          "sco": 91,
          "dco": 858,
          "txt": "rose"
        },
        {
          "si": 8,
          "sti": 19,
          "dti": 165,
          "sco": 96,
          "dco": 863,
          "txt": "to"
        },
        {
          "si": 8,
          "sti": 20,
          "dti": 166,
          "sco": 99,
          "dco": 866,
          "txt": "the"
        },
        {
          "si": 8,
          "sti": 21,
          "dti": 167,
          "sco": 103,
          "dco": 870,
          "txt": "rank"
        },
        {
          "si": 8,
          "sti": 22,
          "dti": 168,
          "sco": 108,
          "dco": 875,
          "txt": "of"
        },
        {
          "si": 8,
          "sti": 23,
          "dti": 169,
          "sco": 111,
          "dco": 878,
          "txt": "chief"
        },
        {
          "si": 8,
          "sti": 24,
          "dti": 170,
          "sco": 117,
          "dco": 884,
          "txt": "landscape"
        },
        {
          "si": 8,
          "sti": 25,
          "dti": 171,
          "sco": 127,
          "dco": 894,
          "txt": "artist"
        },
        {
          "si": 8,
          "sti": 26,
          "dti": 172,
          "sco": 134,
          "dco": 901,
          "txt": "and"
        },
        {
          "si": 8,
          "sti": 27,
          "dti": 173,
          "sco": 138,
          "dco": 905,
          "txt": "general"
        },
        {
          "si": 8,
          "sti": 28,
          "dti": 174,
          "sco": 146,
          "dco": 913,
          "txt": "superintendent"
        },
        {
          "si": 8,
          "sti": 29,
          "dti": 175,
          "sco": 161,
          "dco": 928,
          "txt": "of"
        },
        {
          "si": 8,
          "sti": 30,
          "dti": 176,
          "sco": 164,
          "dco": 931,
          "txt": "the"
        },
        {
          "si": 8,
          "sti": 31,
          "dti": 177,
          "sco": 168,
          "dco": 935,
          "txt": "system"
        },
        {
          "si": 8,
          "sti": 32,
          "dti": 178,
          "sco": 175,
          "dco": 942,
          "txt": "by"
        },
        {
          "si": 8,
          "sti": 33,
          "dti": 179,
          "sco": 178,
          "dco": 945,
          "txt": "1905"
        },
        {
          "si": 8,
          "sti": 34,
          "dti": 180,
          "sco": 182,
          "dco": 949,
          "txt": "."
        },
        {
          "si": 9,
          "sti": 0,
          "dti": 181,
          "sco": 0,
          "dco": 951,
          "txt": "Columbus"
        },
        {
          "si": 9,
          "sti": 1,
          "dti": 182,
          "sco": 9,
          "dco": 960,
          "txt": "Park"
        },
        {
          "si": 9,
          "sti": 2,
          "dti": 183,
          "sco": 14,
          "dco": 965,
          "txt": "was"
        },
        {
          "si": 9,
          "sti": 3,
          "dti": 184,
          "sco": 18,
          "dco": 969,
          "txt": "Jensen"
        },
        {
          "si": 9,
          "sti": 4,
          "dti": 185,
          "sco": 24,
          "dco": 975,
          "txt": "'"
        },
        {
          "si": 9,
          "sti": 5,
          "dti": 186,
          "sco": 25,
          "dco": 976,
          "txt": "s"
        },
        {
          "si": 9,
          "sti": 6,
          "dti": 187,
          "sco": 27,
          "dco": 978,
          "txt": "first"
        },
        {
          "si": 9,
          "sti": 7,
          "dti": 188,
          "sco": 33,
          "dco": 984,
          "txt": "large"
        },
        {
          "si": 9,
          "sti": 8,
          "dti": 189,
          "sco": 39,
          "dco": 990,
          "txt": "park"
        },
        {
          "si": 9,
          "sti": 9,
          "dti": 190,
          "sco": 43,
          "dco": 994,
          "txt": ","
        },
        {
          "si": 9,
          "sti": 10,
          "dti": 191,
          "sco": 45,
          "dco": 996,
          "txt": "and"
        },
        {
          "si": 9,
          "sti": 11,
          "dti": 192,
          "sco": 49,
          "dco": 1000,
          "txt": "he"
        },
        {
          "si": 9,
          "sti": 12,
          "dti": 193,
          "sco": 52,
          "dco": 1003,
          "txt": "began"
        },
        {
          "si": 9,
          "sti": 13,
          "dti": 194,
          "sco": 58,
          "dco": 1009,
          "txt": "designing"
        },
        {
          "si": 9,
          "sti": 14,
          "dti": 195,
          "sco": 68,
          "dco": 1019,
          "txt": "it"
        },
        {
          "si": 9,
          "sti": 15,
          "dti": 196,
          "sco": 71,
          "dco": 1022,
          "txt": "in"
        },
        {
          "si": 9,
          "sti": 16,
          "dti": 197,
          "sco": 74,
          "dco": 1025,
          "txt": "1915"
        },
        {
          "si": 9,
          "sti": 17,
          "dti": 198,
          "sco": 78,
          "dco": 1029,
          "txt": "."
        },
        {
          "si": 10,
          "sti": 0,
          "dti": 199,
          "sco": 0,
          "dco": 1031,
          "txt": "The"
        },
        {
          "si": 10,
          "sti": 1,
          "dti": 200,
          "sco": 4,
          "dco": 1035,
          "txt": "park"
        },
        {
          "si": 10,
          "sti": 2,
          "dti": 201,
          "sco": 9,
          "dco": 1040,
          "txt": "was"
        },
        {
          "si": 10,
          "sti": 3,
          "dti": 202,
          "sco": 13,
          "dco": 1044,
          "txt": "largely"
        },
        {
          "si": 10,
          "sti": 4,
          "dti": 203,
          "sco": 21,
          "dco": 1052,
          "txt": "completed"
        },
        {
          "si": 10,
          "sti": 5,
          "dti": 204,
          "sco": 31,
          "dco": 1062,
          "txt": "by"
        },
        {
          "si": 10,
          "sti": 6,
          "dti": 205,
          "sco": 34,
          "dco": 1065,
          "txt": "1920"
        },
        {
          "si": 10,
          "sti": 7,
          "dti": 206,
          "sco": 38,
          "dco": 1069,
          "txt": ","
        },
        {
          "si": 10,
          "sti": 8,
          "dti": 207,
          "sco": 40,
          "dco": 1071,
          "txt": "when"
        },
        {
          "si": 10,
          "sti": 9,
          "dti": 208,
          "sco": 45,
          "dco": 1076,
          "txt": "Jensen"
        },
        {
          "si": 10,
          "sti": 10,
          "dti": 209,
          "sco": 52,
          "dco": 1083,
          "txt": "was"
        },
        {
          "si": 10,
          "sti": 11,
          "dti": 210,
          "sco": 56,
          "dco": 1087,
          "txt": "removed"
        },
        {
          "si": 10,
          "sti": 12,
          "dti": 211,
          "sco": 64,
          "dco": 1095,
          "txt": "from"
        },
        {
          "si": 10,
          "sti": 13,
          "dti": 212,
          "sco": 69,
          "dco": 1100,
          "txt": "his"
        },
        {
          "si": 10,
          "sti": 14,
          "dti": 213,
          "sco": 73,
          "dco": 1104,
          "txt": "position"
        },
        {
          "si": 10,
          "sti": 15,
          "dti": 214,
          "sco": 82,
          "dco": 1113,
          "txt": "by"
        },
        {
          "si": 10,
          "sti": 16,
          "dti": 215,
          "sco": 85,
          "dco": 1116,
          "txt": "Illinois"
        },
        {
          "si": 10,
          "sti": 17,
          "dti": 216,
          "sco": 94,
          "dco": 1125,
          "txt": "Governor"
        },
        {
          "si": 10,
          "sti": 18,
          "dti": 217,
          "sco": 103,
          "dco": 1134,
          "txt": "Frank"
        },
        {
          "si": 10,
          "sti": 19,
          "dti": 218,
          "sco": 109,
          "dco": 1140,
          "txt": "Lowden"
        },
        {
          "si": 10,
          "sti": 20,
          "dti": 219,
          "sco": 115,
          "dco": 1146,
          "txt": "."
        },
        {
          "si": 11,
          "sti": 0,
          "dti": 220,
          "sco": 0,
          "dco": 1148,
          "txt": "The"
        },
        {
          "si": 11,
          "sti": 1,
          "dti": 221,
          "sco": 4,
          "dco": 1152,
          "txt": "only"
        },
        {
          "si": 11,
          "sti": 2,
          "dti": 222,
          "sco": 9,
          "dco": 1157,
          "txt": "uncompleted"
        },
        {
          "si": 11,
          "sti": 3,
          "dti": 223,
          "sco": 21,
          "dco": 1169,
          "txt": "section"
        },
        {
          "si": 11,
          "sti": 4,
          "dti": 224,
          "sco": 29,
          "dco": 1177,
          "txt": "was"
        },
        {
          "si": 11,
          "sti": 5,
          "dti": 225,
          "sco": 33,
          "dco": 1181,
          "txt": "the"
        },
        {
          "si": 11,
          "sti": 6,
          "dti": 226,
          "sco": 37,
          "dco": 1185,
          "txt": "refectory"
        },
        {
          "si": 11,
          "sti": 7,
          "dti": 227,
          "sco": 47,
          "dco": 1195,
          "txt": "and"
        },
        {
          "si": 11,
          "sti": 8,
          "dti": 228,
          "sco": 51,
          "dco": 1199,
          "txt": "boathouse"
        },
        {
          "si": 11,
          "sti": 9,
          "dti": 229,
          "sco": 60,
          "dco": 1208,
          "txt": "."
        },
        {
          "si": 12,
          "sti": 0,
          "dti": 230,
          "sco": 0,
          "dco": 1210,
          "txt": "The"
        },
        {
          "si": 12,
          "sti": 1,
          "dti": 231,
          "sco": 4,
          "dco": 1214,
          "txt": "new"
        },
        {
          "si": 12,
          "sti": 2,
          "dti": 232,
          "sco": 8,
          "dco": 1218,
          "txt": "West"
        },
        {
          "si": 12,
          "sti": 3,
          "dti": 233,
          "sco": 13,
          "dco": 1223,
          "txt": "Park"
        },
        {
          "si": 12,
          "sti": 4,
          "dti": 234,
          "sco": 18,
          "dco": 1228,
          "txt": "Commissioners"
        },
        {
          "si": 12,
          "sti": 5,
          "dti": 235,
          "sco": 32,
          "dco": 1242,
          "txt": "ignored"
        },
        {
          "si": 12,
          "sti": 6,
          "dti": 236,
          "sco": 40,
          "dco": 1250,
          "txt": "Jensen"
        },
        {
          "si": 12,
          "sti": 7,
          "dti": 237,
          "sco": 46,
          "dco": 1256,
          "txt": "'"
        },
        {
          "si": 12,
          "sti": 8,
          "dti": 238,
          "sco": 47,
          "dco": 1257,
          "txt": "s"
        },
        {
          "si": 12,
          "sti": 9,
          "dti": 239,
          "sco": 49,
          "dco": 1259,
          "txt": "plan"
        },
        {
          "si": 12,
          "sti": 10,
          "dti": 240,
          "sco": 54,
          "dco": 1264,
          "txt": "and"
        },
        {
          "si": 12,
          "sti": 11,
          "dti": 241,
          "sco": 58,
          "dco": 1268,
          "txt": "instead"
        },
        {
          "si": 12,
          "sti": 12,
          "dti": 242,
          "sco": 66,
          "dco": 1276,
          "txt": "hired"
        },
        {
          "si": 12,
          "sti": 13,
          "dti": 243,
          "sco": 72,
          "dco": 1282,
          "txt": "local"
        },
        {
          "si": 12,
          "sti": 14,
          "dti": 244,
          "sco": 78,
          "dco": 1288,
          "txt": "architectural"
        },
        {
          "si": 12,
          "sti": 15,
          "dti": 245,
          "sco": 92,
          "dco": 1302,
          "txt": "firm"
        },
        {
          "si": 12,
          "sti": 16,
          "dti": 246,
          "sco": 97,
          "dco": 1307,
          "txt": "Chatten"
        },
        {
          "si": 12,
          "sti": 17,
          "dti": 247,
          "sco": 105,
          "dco": 1315,
          "txt": "&"
        },
        {
          "si": 12,
          "sti": 18,
          "dti": 248,
          "sco": 107,
          "dco": 1317,
          "txt": "Hammond"
        },
        {
          "si": 12,
          "sti": 19,
          "dti": 249,
          "sco": 114,
          "dco": 1324,
          "txt": ","
        },
        {
          "si": 12,
          "sti": 20,
          "dti": 250,
          "sco": 116,
          "dco": 1326,
          "txt": "who"
        },
        {
          "si": 12,
          "sti": 21,
          "dti": 251,
          "sco": 120,
          "dco": 1330,
          "txt": "completed"
        },
        {
          "si": 12,
          "sti": 22,
          "dti": 252,
          "sco": 130,
          "dco": 1340,
          "txt": "the"
        },
        {
          "si": 12,
          "sti": 23,
          "dti": 253,
          "sco": 134,
          "dco": 1344,
          "txt": "structure"
        },
        {
          "si": 12,
          "sti": 24,
          "dti": 254,
          "sco": 144,
          "dco": 1354,
          "txt": "in"
        },
        {
          "si": 12,
          "sti": 25,
          "dti": 255,
          "sco": 147,
          "dco": 1357,
          "txt": "1923"
        },
        {
          "si": 12,
          "sti": 26,
          "dti": 256,
          "sco": 151,
          "dco": 1361,
          "txt": "."
        },
        {
          "si": 13,
          "sti": 0,
          "dti": 257,
          "sco": 0,
          "dco": 1363,
          "txt": "Although"
        },
        {
          "si": 13,
          "sti": 1,
          "dti": 258,
          "sco": 9,
          "dco": 1372,
          "txt": "a"
        },
        {
          "si": 13,
          "sti": 2,
          "dti": 259,
          "sco": 11,
          "dco": 1374,
          "txt": "contradiction"
        },
        {
          "si": 13,
          "sti": 3,
          "dti": 260,
          "sco": 25,
          "dco": 1388,
          "txt": "to"
        },
        {
          "si": 13,
          "sti": 4,
          "dti": 261,
          "sco": 28,
          "dco": 1391,
          "txt": "the"
        },
        {
          "si": 13,
          "sti": 5,
          "dti": 262,
          "sco": 32,
          "dco": 1395,
          "txt": "rest"
        },
        {
          "si": 13,
          "sti": 6,
          "dti": 263,
          "sco": 37,
          "dco": 1400,
          "txt": "of"
        },
        {
          "si": 13,
          "sti": 7,
          "dti": 264,
          "sco": 40,
          "dco": 1403,
          "txt": "the"
        },
        {
          "si": 13,
          "sti": 8,
          "dti": 265,
          "sco": 44,
          "dco": 1407,
          "txt": "park"
        },
        {
          "si": 13,
          "sti": 9,
          "dti": 266,
          "sco": 48,
          "dco": 1411,
          "txt": ","
        },
        {
          "si": 13,
          "sti": 10,
          "dti": 267,
          "sco": 50,
          "dco": 1413,
          "txt": "the"
        },
        {
          "si": 13,
          "sti": 11,
          "dti": 268,
          "sco": 54,
          "dco": 1417,
          "txt": "refectory"
        },
        {
          "si": 13,
          "sti": 12,
          "dti": 269,
          "sco": 64,
          "dco": 1427,
          "txt": "was"
        },
        {
          "si": 13,
          "sti": 13,
          "dti": 270,
          "sco": 68,
          "dco": 1431,
          "txt": "well"
        },
        {
          "si": 13,
          "sti": 14,
          "dti": 271,
          "sco": 73,
          "dco": 1436,
          "txt": "received"
        },
        {
          "si": 13,
          "sti": 15,
          "dti": 272,
          "sco": 81,
          "dco": 1444,
          "txt": "."
        },
        {
          "si": 14,
          "sti": 0,
          "dti": 273,
          "sco": 0,
          "dco": 1446,
          "txt": "Works"
        },
        {
          "si": 14,
          "sti": 1,
          "dti": 274,
          "sco": 6,
          "dco": 1452,
          "txt": "Progress"
        },
        {
          "si": 14,
          "sti": 2,
          "dti": 275,
          "sco": 15,
          "dco": 1461,
          "txt": "Administration"
        },
        {
          "si": 14,
          "sti": 3,
          "dti": 276,
          "sco": 30,
          "dco": 1476,
          "txt": "funds"
        },
        {
          "si": 14,
          "sti": 4,
          "dti": 277,
          "sco": 36,
          "dco": 1482,
          "txt": "in"
        },
        {
          "si": 14,
          "sti": 5,
          "dti": 278,
          "sco": 39,
          "dco": 1485,
          "txt": "the"
        },
        {
          "si": 14,
          "sti": 6,
          "dti": 279,
          "sco": 43,
          "dco": 1489,
          "txt": "late"
        },
        {
          "si": 14,
          "sti": 7,
          "dti": 280,
          "sco": 48,
          "dco": 1494,
          "txt": "1930"
        },
        {
          "si": 14,
          "sti": 8,
          "dti": 281,
          "sco": 52,
          "dco": 1498,
          "txt": "s"
        },
        {
          "si": 14,
          "sti": 9,
          "dti": 282,
          "sco": 54,
          "dco": 1500,
          "txt": "allowed"
        },
        {
          "si": 14,
          "sti": 10,
          "dti": 283,
          "sco": 62,
          "dco": 1508,
          "txt": "for"
        },
        {
          "si": 14,
          "sti": 11,
          "dti": 284,
          "sco": 66,
          "dco": 1512,
          "txt": "the"
        },
        {
          "si": 14,
          "sti": 12,
          "dti": 285,
          "sco": 70,
          "dco": 1516,
          "txt": "conversion"
        },
        {
          "si": 14,
          "sti": 13,
          "dti": 286,
          "sco": 81,
          "dco": 1527,
          "txt": "of"
        },
        {
          "si": 14,
          "sti": 14,
          "dti": 287,
          "sco": 84,
          "dco": 1530,
          "txt": "an"
        },
        {
          "si": 14,
          "sti": 15,
          "dti": 288,
          "sco": 87,
          "dco": 1533,
          "txt": "old"
        },
        {
          "si": 14,
          "sti": 16,
          "dti": 289,
          "sco": 91,
          "dco": 1537,
          "txt": "stable"
        },
        {
          "si": 14,
          "sti": 17,
          "dti": 290,
          "sco": 98,
          "dco": 1544,
          "txt": "building"
        },
        {
          "si": 14,
          "sti": 18,
          "dti": 291,
          "sco": 107,
          "dco": 1553,
          "txt": "into"
        },
        {
          "si": 14,
          "sti": 19,
          "dti": 292,
          "sco": 112,
          "dco": 1558,
          "txt": "a"
        },
        {
          "si": 14,
          "sti": 20,
          "dti": 293,
          "sco": 114,
          "dco": 1560,
          "txt": "gymnasium"
        },
        {
          "si": 14,
          "sti": 21,
          "dti": 294,
          "sco": 123,
          "dco": 1569,
          "txt": "."
        },
        {
          "si": 15,
          "sti": 0,
          "dti": 295,
          "sco": 0,
          "dco": 1571,
          "txt": "The"
        },
        {
          "si": 15,
          "sti": 1,
          "dti": 296,
          "sco": 4,
          "dco": 1575,
          "txt": "funds"
        },
        {
          "si": 15,
          "sti": 2,
          "dti": 297,
          "sco": 10,
          "dco": 1581,
          "txt": "also"
        },
        {
          "si": 15,
          "sti": 3,
          "dti": 298,
          "sco": 15,
          "dco": 1586,
          "txt": "allowed"
        },
        {
          "si": 15,
          "sti": 4,
          "dti": 299,
          "sco": 23,
          "dco": 1594,
          "txt": "for"
        },
        {
          "si": 15,
          "sti": 5,
          "dti": 300,
          "sco": 27,
          "dco": 1598,
          "txt": "the"
        },
        {
          "si": 15,
          "sti": 6,
          "dti": 301,
          "sco": 31,
          "dco": 1602,
          "txt": "replanting"
        },
        {
          "si": 15,
          "sti": 7,
          "dti": 302,
          "sco": 42,
          "dco": 1613,
          "txt": "of"
        },
        {
          "si": 15,
          "sti": 8,
          "dti": 303,
          "sco": 45,
          "dco": 1616,
          "txt": "the"
        },
        {
          "si": 15,
          "sti": 9,
          "dti": 304,
          "sco": 49,
          "dco": 1620,
          "txt": "landscape"
        },
        {
          "si": 15,
          "sti": 10,
          "dti": 305,
          "sco": 58,
          "dco": 1629,
          "txt": "."
        },
        {
          "si": 16,
          "sti": 0,
          "dti": 306,
          "sco": 0,
          "dco": 1631,
          "txt": "In"
        },
        {
          "si": 16,
          "sti": 1,
          "dti": 307,
          "sco": 3,
          "dco": 1634,
          "txt": "1953"
        },
        {
          "si": 16,
          "sti": 2,
          "dti": 308,
          "sco": 7,
          "dco": 1638,
          "txt": ","
        },
        {
          "si": 16,
          "sti": 3,
          "dti": 309,
          "sco": 9,
          "dco": 1640,
          "txt": "the"
        },
        {
          "si": 16,
          "sti": 4,
          "dti": 310,
          "sco": 13,
          "dco": 1644,
          "txt": "southern"
        },
        {
          "si": 16,
          "sti": 5,
          "dti": 311,
          "sco": 22,
          "dco": 1653,
          "txt": "of"
        },
        {
          "si": 16,
          "sti": 6,
          "dti": 312,
          "sco": 25,
          "dco": 1656,
          "txt": "Columbus"
        },
        {
          "si": 16,
          "sti": 7,
          "dti": 313,
          "sco": 34,
          "dco": 1665,
          "txt": "Park"
        },
        {
          "si": 16,
          "sti": 8,
          "dti": 314,
          "sco": 39,
          "dco": 1670,
          "txt": "were"
        },
        {
          "si": 16,
          "sti": 9,
          "dti": 315,
          "sco": 44,
          "dco": 1675,
          "txt": "demolished"
        },
        {
          "si": 16,
          "sti": 10,
          "dti": 316,
          "sco": 55,
          "dco": 1686,
          "txt": "to"
        },
        {
          "si": 16,
          "sti": 11,
          "dti": 317,
          "sco": 58,
          "dco": 1689,
          "txt": "make"
        },
        {
          "si": 16,
          "sti": 12,
          "dti": 318,
          "sco": 63,
          "dco": 1694,
          "txt": "way"
        },
        {
          "si": 16,
          "sti": 13,
          "dti": 319,
          "sco": 67,
          "dco": 1698,
          "txt": "for"
        },
        {
          "si": 16,
          "sti": 14,
          "dti": 320,
          "sco": 71,
          "dco": 1702,
          "txt": "the"
        },
        {
          "si": 16,
          "sti": 15,
          "dti": 321,
          "sco": 75,
          "dco": 1706,
          "txt": "Eisenhower"
        },
        {
          "si": 16,
          "sti": 16,
          "dti": 322,
          "sco": 86,
          "dco": 1717,
          "txt": "Expressway"
        },
        {
          "si": 16,
          "sti": 17,
          "dti": 323,
          "sco": 96,
          "dco": 1727,
          "txt": "."
        },
        {
          "si": 17,
          "sti": 0,
          "dti": 324,
          "sco": 0,
          "dco": 1729,
          "txt": "The"
        },
        {
          "si": 17,
          "sti": 1,
          "dti": 325,
          "sco": 4,
          "dco": 1733,
          "txt": "waterfalls"
        },
        {
          "si": 17,
          "sti": 2,
          "dti": 326,
          "sco": 15,
          "dco": 1744,
          "txt": "and"
        },
        {
          "si": 17,
          "sti": 3,
          "dti": 327,
          "sco": 19,
          "dco": 1748,
          "txt": "surrounding"
        },
        {
          "si": 17,
          "sti": 4,
          "dti": 328,
          "sco": 31,
          "dco": 1760,
          "txt": "landscape"
        },
        {
          "si": 17,
          "sti": 5,
          "dti": 329,
          "sco": 41,
          "dco": 1770,
          "txt": "were"
        },
        {
          "si": 17,
          "sti": 6,
          "dti": 330,
          "sco": 46,
          "dco": 1775,
          "txt": "restored"
        },
        {
          "si": 17,
          "sti": 7,
          "dti": 331,
          "sco": 55,
          "dco": 1784,
          "txt": "in"
        },
        {
          "si": 17,
          "sti": 8,
          "dti": 332,
          "sco": 58,
          "dco": 1787,
          "txt": "1991"
        },
        {
          "si": 17,
          "sti": 9,
          "dti": 333,
          "sco": 62,
          "dco": 1791,
          "txt": ";"
        },
        {
          "si": 17,
          "sti": 10,
          "dti": 334,
          "sco": 64,
          "dco": 1793,
          "txt": "the"
        },
        {
          "si": 17,
          "sti": 11,
          "dti": 335,
          "sco": 68,
          "dco": 1797,
          "txt": "refectory"
        },
        {
          "si": 17,
          "sti": 12,
          "dti": 336,
          "sco": 78,
          "dco": 1807,
          "txt": "was"
        },
        {
          "si": 17,
          "sti": 13,
          "dti": 337,
          "sco": 82,
          "dco": 1811,
          "txt": "restored"
        },
        {
          "si": 17,
          "sti": 14,
          "dti": 338,
          "sco": 91,
          "dco": 1820,
          "txt": "a"
        },
        {
          "si": 17,
          "sti": 15,
          "dti": 339,
          "sco": 93,
          "dco": 1822,
          "txt": "few"
        },
        {
          "si": 17,
          "sti": 16,
          "dti": 340,
          "sco": 97,
          "dco": 1826,
          "txt": "years"
        },
        {
          "si": 17,
          "sti": 17,
          "dti": 341,
          "sco": 103,
          "dco": 1832,
          "txt": "later"
        },
        {
          "si": 17,
          "sti": 18,
          "dti": 342,
          "sco": 108,
          "dco": 1837,
          "txt": "."
        },
        {
          "si": 18,
          "sti": 0,
          "dti": 343,
          "sco": 0,
          "dco": 1839,
          "txt": "The"
        },
        {
          "si": 18,
          "sti": 1,
          "dti": 344,
          "sco": 4,
          "dco": 1843,
          "txt": "park"
        },
        {
          "si": 18,
          "sti": 2,
          "dti": 345,
          "sco": 9,
          "dco": 1848,
          "txt": "was"
        },
        {
          "si": 18,
          "sti": 3,
          "dti": 346,
          "sco": 13,
          "dco": 1852,
          "txt": "listed"
        },
        {
          "si": 18,
          "sti": 4,
          "dti": 347,
          "sco": 20,
          "dco": 1859,
          "txt": "on"
        },
        {
          "si": 18,
          "sti": 5,
          "dti": 348,
          "sco": 23,
          "dco": 1862,
          "txt": "the"
        },
        {
          "si": 18,
          "sti": 6,
          "dti": 349,
          "sco": 27,
          "dco": 1866,
          "txt": "National"
        },
        {
          "si": 18,
          "sti": 7,
          "dti": 350,
          "sco": 36,
          "dco": 1875,
          "txt": "Register"
        },
        {
          "si": 18,
          "sti": 8,
          "dti": 351,
          "sco": 45,
          "dco": 1884,
          "txt": "of"
        },
        {
          "si": 18,
          "sti": 9,
          "dti": 352,
          "sco": 48,
          "dco": 1887,
          "txt": "Historic"
        },
        {
          "si": 18,
          "sti": 10,
          "dti": 353,
          "sco": 57,
          "dco": 1896,
          "txt": "Places"
        },
        {
          "si": 18,
          "sti": 11,
          "dti": 354,
          "sco": 64,
          "dco": 1903,
          "txt": "on"
        },
        {
          "si": 18,
          "sti": 12,
          "dti": 355,
          "sco": 67,
          "dco": 1906,
          "txt": "May"
        },
        {
          "si": 18,
          "sti": 13,
          "dti": 356,
          "sco": 71,
          "dco": 1910,
          "txt": "20"
        },
        {
          "si": 18,
          "sti": 14,
          "dti": 357,
          "sco": 73,
          "dco": 1912,
          "txt": ","
        },
        {
          "si": 18,
          "sti": 15,
          "dti": 358,
          "sco": 75,
          "dco": 1914,
          "txt": "1991"
        },
        {
          "si": 18,
          "sti": 16,
          "dti": 359,
          "sco": 79,
          "dco": 1918,
          "txt": ","
        },
        {
          "si": 18,
          "sti": 17,
          "dti": 360,
          "sco": 81,
          "dco": 1920,
          "txt": "and"
        },
        {
          "si": 18,
          "sti": 18,
          "dti": 361,
          "sco": 85,
          "dco": 1924,
          "txt": "designated"
        },
        {
          "si": 18,
          "sti": 19,
          "dti": 362,
          "sco": 96,
          "dco": 1935,
          "txt": "a"
        },
        {
          "si": 18,
          "sti": 20,
          "dti": 363,
          "sco": 98,
          "dco": 1937,
          "txt": "National"
        },
        {
          "si": 18,
          "sti": 21,
          "dti": 364,
          "sco": 107,
          "dco": 1946,
          "txt": "Historic"
        },
        {
          "si": 18,
          "sti": 22,
          "dti": 365,
          "sco": 116,
          "dco": 1955,
          "txt": "Landmark"
        },
        {
          "si": 18,
          "sti": 23,
          "dti": 366,
          "sco": 125,
          "dco": 1964,
          "txt": "on"
        },
        {
          "si": 18,
          "sti": 24,
          "dti": 367,
          "sco": 128,
          "dco": 1967,
          "txt": "July"
        },
        {
          "si": 18,
          "sti": 25,
          "dti": 368,
          "sco": 133,
          "dco": 1972,
          "txt": "31"
        },
        {
          "si": 18,
          "sti": 26,
          "dti": 369,
          "sco": 135,
          "dco": 1974,
          "txt": ","
        },
        {
          "si": 18,
          "sti": 27,
          "dti": 370,
          "sco": 137,
          "dco": 1976,
          "txt": "2003"
        },
        {
          "si": 18,
          "sti": 28,
          "dti": 371,
          "sco": 141,
          "dco": 1980,
          "txt": "."
        },
        {
          "si": 19,
          "sti": 0,
          "dti": 372,
          "sco": 0,
          "dco": 1982,
          "txt": "It"
        },
        {
          "si": 19,
          "sti": 1,
          "dti": 373,
          "sco": 3,
          "dco": 1985,
          "txt": "is"
        },
        {
          "si": 19,
          "sti": 2,
          "dti": 374,
          "sco": 6,
          "dco": 1988,
          "txt": "considered"
        },
        {
          "si": 19,
          "sti": 3,
          "dti": 375,
          "sco": 17,
          "dco": 1999,
          "txt": "one"
        },
        {
          "si": 19,
          "sti": 4,
          "dti": 376,
          "sco": 21,
          "dco": 2003,
          "txt": "of"
        },
        {
          "si": 19,
          "sti": 5,
          "dti": 377,
          "sco": 24,
          "dco": 2006,
          "txt": "\""
        },
        {
          "si": 19,
          "sti": 6,
          "dti": 378,
          "sco": 25,
          "dco": 2007,
          "txt": "150"
        },
        {
          "si": 19,
          "sti": 7,
          "dti": 379,
          "sco": 29,
          "dco": 2011,
          "txt": "great"
        },
        {
          "si": 19,
          "sti": 8,
          "dti": 380,
          "sco": 35,
          "dco": 2017,
          "txt": "places"
        },
        {
          "si": 19,
          "sti": 9,
          "dti": 381,
          "sco": 42,
          "dco": 2024,
          "txt": "in"
        },
        {
          "si": 19,
          "sti": 10,
          "dti": 382,
          "sco": 45,
          "dco": 2027,
          "txt": "Illinois"
        },
        {
          "si": 19,
          "sti": 11,
          "dti": 383,
          "sco": 53,
          "dco": 2035,
          "txt": "\""
        },
        {
          "si": 19,
          "sti": 12,
          "dti": 384,
          "sco": 55,
          "dco": 2037,
          "txt": "by"
        },
        {
          "si": 19,
          "sti": 13,
          "dti": 385,
          "sco": 58,
          "dco": 2040,
          "txt": "the"
        },
        {
          "si": 19,
          "sti": 14,
          "dti": 386,
          "sco": 62,
          "dco": 2044,
          "txt": "American"
        },
        {
          "si": 19,
          "sti": 15,
          "dti": 387,
          "sco": 71,
          "dco": 2053,
          "txt": "Institute"
        },
        {
          "si": 19,
          "sti": 16,
          "dti": 388,
          "sco": 81,
          "dco": 2063,
          "txt": "of"
        },
        {
          "si": 19,
          "sti": 17,
          "dti": 389,
          "sco": 84,
          "dco": 2066,
          "txt": "Architects"
        },
        {
          "si": 19,
          "sti": 18,
          "dti": 390,
          "sco": 94,
          "dco": 2076,
          "txt": "."
        },
        {
          "si": 20,
          "sti": 0,
          "dti": 391,
          "sco": 0,
          "dco": 2078,
          "txt": "Landscape"
        },
        {
          "si": 20,
          "sti": 1,
          "dti": 392,
          "sco": 9,
          "dco": 2087,
          "txt": "."
        },
        {
          "si": 21,
          "sti": 0,
          "dti": 393,
          "sco": 0,
          "dco": 2089,
          "txt": "The"
        },
        {
          "si": 21,
          "sti": 1,
          "dti": 394,
          "sco": 4,
          "dco": 2093,
          "txt": "park"
        },
        {
          "si": 21,
          "sti": 2,
          "dti": 395,
          "sco": 9,
          "dco": 2098,
          "txt": "reflected"
        },
        {
          "si": 21,
          "sti": 3,
          "dti": 396,
          "sco": 19,
          "dco": 2108,
          "txt": "Jensen"
        },
        {
          "si": 21,
          "sti": 4,
          "dti": 397,
          "sco": 25,
          "dco": 2114,
          "txt": "'"
        },
        {
          "si": 21,
          "sti": 5,
          "dti": 398,
          "sco": 26,
          "dco": 2115,
          "txt": "s"
        },
        {
          "si": 21,
          "sti": 6,
          "dti": 399,
          "sco": 28,
          "dco": 2117,
          "txt": "Prairie"
        },
        {
          "si": 21,
          "sti": 7,
          "dti": 400,
          "sco": 36,
          "dco": 2125,
          "txt": "School"
        },
        {
          "si": 21,
          "sti": 8,
          "dti": 401,
          "sco": 43,
          "dco": 2132,
          "txt": "approach"
        },
        {
          "si": 21,
          "sti": 9,
          "dti": 402,
          "sco": 52,
          "dco": 2141,
          "txt": "to"
        },
        {
          "si": 21,
          "sti": 10,
          "dti": 403,
          "sco": 55,
          "dco": 2144,
          "txt": "landscape"
        },
        {
          "si": 21,
          "sti": 11,
          "dti": 404,
          "sco": 65,
          "dco": 2154,
          "txt": "design"
        },
        {
          "si": 21,
          "sti": 12,
          "dti": 405,
          "sco": 71,
          "dco": 2160,
          "txt": "."
        },
        {
          "si": 22,
          "sti": 0,
          "dti": 406,
          "sco": 0,
          "dco": 2162,
          "txt": "This"
        },
        {
          "si": 22,
          "sti": 1,
          "dti": 407,
          "sco": 5,
          "dco": 2167,
          "txt": "method"
        },
        {
          "si": 22,
          "sti": 2,
          "dti": 408,
          "sco": 12,
          "dco": 2174,
          "txt": "emphasized"
        },
        {
          "si": 22,
          "sti": 3,
          "dti": 409,
          "sco": 23,
          "dco": 2185,
          "txt": "the"
        },
        {
          "si": 22,
          "sti": 4,
          "dti": 410,
          "sco": 27,
          "dco": 2189,
          "txt": "natural"
        },
        {
          "si": 22,
          "sti": 5,
          "dti": 411,
          "sco": 35,
          "dco": 2197,
          "txt": "beauty"
        },
        {
          "si": 22,
          "sti": 6,
          "dti": 412,
          "sco": 42,
          "dco": 2204,
          "txt": "of"
        },
        {
          "si": 22,
          "sti": 7,
          "dti": 413,
          "sco": 45,
          "dco": 2207,
          "txt": "the"
        },
        {
          "si": 22,
          "sti": 8,
          "dti": 414,
          "sco": 49,
          "dco": 2211,
          "txt": "area"
        },
        {
          "si": 22,
          "sti": 9,
          "dti": 415,
          "sco": 54,
          "dco": 2216,
          "txt": "and"
        },
        {
          "si": 22,
          "sti": 10,
          "dti": 416,
          "sco": 58,
          "dco": 2220,
          "txt": "was"
        },
        {
          "si": 22,
          "sti": 11,
          "dti": 417,
          "sco": 62,
          "dco": 2224,
          "txt": "inspired"
        },
        {
          "si": 22,
          "sti": 12,
          "dti": 418,
          "sco": 71,
          "dco": 2233,
          "txt": "by"
        },
        {
          "si": 22,
          "sti": 13,
          "dti": 419,
          "sco": 74,
          "dco": 2236,
          "txt": "the"
        },
        {
          "si": 22,
          "sti": 14,
          "dti": 420,
          "sco": 78,
          "dco": 2240,
          "txt": "horizontality"
        },
        {
          "si": 22,
          "sti": 15,
          "dti": 421,
          "sco": 92,
          "dco": 2254,
          "txt": "of"
        },
        {
          "si": 22,
          "sti": 16,
          "dti": 422,
          "sco": 95,
          "dco": 2257,
          "txt": "the"
        },
        {
          "si": 22,
          "sti": 17,
          "dti": 423,
          "sco": 99,
          "dco": 2261,
          "txt": "prairie"
        },
        {
          "si": 22,
          "sti": 18,
          "dti": 424,
          "sco": 107,
          "dco": 2269,
          "txt": "landscape"
        },
        {
          "si": 22,
          "sti": 19,
          "dti": 425,
          "sco": 116,
          "dco": 2278,
          "txt": "."
        },
        {
          "si": 23,
          "sti": 0,
          "dti": 426,
          "sco": 0,
          "dco": 2280,
          "txt": "Jensen"
        },
        {
          "si": 23,
          "sti": 1,
          "dti": 427,
          "sco": 7,
          "dco": 2287,
          "txt": "preferred"
        },
        {
          "si": 23,
          "sti": 2,
          "dti": 428,
          "sco": 17,
          "dco": 2297,
          "txt": "to"
        },
        {
          "si": 23,
          "sti": 3,
          "dti": 429,
          "sco": 20,
          "dco": 2300,
          "txt": "use"
        },
        {
          "si": 23,
          "sti": 4,
          "dti": 430,
          "sco": 24,
          "dco": 2304,
          "txt": "native"
        },
        {
          "si": 23,
          "sti": 5,
          "dti": 431,
          "sco": 31,
          "dco": 2311,
          "txt": "plants"
        },
        {
          "si": 23,
          "sti": 6,
          "dti": 432,
          "sco": 38,
          "dco": 2318,
          "txt": "in"
        },
        {
          "si": 23,
          "sti": 7,
          "dti": 433,
          "sco": 41,
          "dco": 2321,
          "txt": "his"
        },
        {
          "si": 23,
          "sti": 8,
          "dti": 434,
          "sco": 45,
          "dco": 2325,
          "txt": "designs"
        },
        {
          "si": 23,
          "sti": 9,
          "dti": 435,
          "sco": 52,
          "dco": 2332,
          "txt": ","
        },
        {
          "si": 23,
          "sti": 10,
          "dti": 436,
          "sco": 54,
          "dco": 2334,
          "txt": "a"
        },
        {
          "si": 23,
          "sti": 11,
          "dti": 437,
          "sco": 56,
          "dco": 2336,
          "txt": "technique"
        },
        {
          "si": 23,
          "sti": 12,
          "dti": 438,
          "sco": 66,
          "dco": 2346,
          "txt": "that"
        },
        {
          "si": 23,
          "sti": 13,
          "dti": 439,
          "sco": 71,
          "dco": 2351,
          "txt": "was"
        },
        {
          "si": 23,
          "sti": 14,
          "dti": 440,
          "sco": 75,
          "dco": 2355,
          "txt": "rare"
        },
        {
          "si": 23,
          "sti": 15,
          "dti": 441,
          "sco": 80,
          "dco": 2360,
          "txt": "at"
        },
        {
          "si": 23,
          "sti": 16,
          "dti": 442,
          "sco": 83,
          "dco": 2363,
          "txt": "the"
        },
        {
          "si": 23,
          "sti": 17,
          "dti": 443,
          "sco": 87,
          "dco": 2367,
          "txt": "time"
        },
        {
          "si": 23,
          "sti": 18,
          "dti": 444,
          "sco": 91,
          "dco": 2371,
          "txt": "."
        },
        {
          "si": 24,
          "sti": 0,
          "dti": 445,
          "sco": 0,
          "dco": 2373,
          "txt": "Jensen"
        },
        {
          "si": 24,
          "sti": 1,
          "dti": 446,
          "sco": 6,
          "dco": 2379,
          "txt": "'"
        },
        {
          "si": 24,
          "sti": 2,
          "dti": 447,
          "sco": 7,
          "dco": 2380,
          "txt": "s"
        },
        {
          "si": 24,
          "sti": 3,
          "dti": 448,
          "sco": 9,
          "dco": 2382,
          "txt": "stonework"
        },
        {
          "si": 24,
          "sti": 4,
          "dti": 449,
          "sco": 18,
          "dco": 2391,
          "txt": ","
        },
        {
          "si": 24,
          "sti": 5,
          "dti": 450,
          "sco": 20,
          "dco": 2393,
          "txt": "inspired"
        },
        {
          "si": 24,
          "sti": 6,
          "dti": 451,
          "sco": 29,
          "dco": 2402,
          "txt": "by"
        },
        {
          "si": 24,
          "sti": 7,
          "dti": 452,
          "sco": 32,
          "dco": 2405,
          "txt": "natural"
        },
        {
          "si": 24,
          "sti": 8,
          "dti": 453,
          "sco": 40,
          "dco": 2413,
          "txt": "rock"
        },
        {
          "si": 24,
          "sti": 9,
          "dti": 454,
          "sco": 45,
          "dco": 2418,
          "txt": "outcroppings"
        },
        {
          "si": 24,
          "sti": 10,
          "dti": 455,
          "sco": 58,
          "dco": 2431,
          "txt": "in"
        },
        {
          "si": 24,
          "sti": 11,
          "dti": 456,
          "sco": 61,
          "dco": 2434,
          "txt": "the"
        },
        {
          "si": 24,
          "sti": 12,
          "dti": 457,
          "sco": 65,
          "dco": 2438,
          "txt": "Midwest"
        },
        {
          "si": 24,
          "sti": 13,
          "dti": 458,
          "sco": 72,
          "dco": 2445,
          "txt": ","
        },
        {
          "si": 24,
          "sti": 14,
          "dti": 459,
          "sco": 74,
          "dco": 2447,
          "txt": "is"
        },
        {
          "si": 24,
          "sti": 15,
          "dti": 460,
          "sco": 77,
          "dco": 2450,
          "txt": "exemplified"
        },
        {
          "si": 24,
          "sti": 16,
          "dti": 461,
          "sco": 89,
          "dco": 2462,
          "txt": "by"
        },
        {
          "si": 24,
          "sti": 17,
          "dti": 462,
          "sco": 92,
          "dco": 2465,
          "txt": "his"
        },
        {
          "si": 24,
          "sti": 18,
          "dti": 463,
          "sco": 96,
          "dco": 2469,
          "txt": "waterfalls"
        },
        {
          "si": 24,
          "sti": 19,
          "dti": 464,
          "sco": 106,
          "dco": 2479,
          "txt": ","
        },
        {
          "si": 24,
          "sti": 20,
          "dti": 465,
          "sco": 108,
          "dco": 2481,
          "txt": "council"
        },
        {
          "si": 24,
          "sti": 21,
          "dti": 466,
          "sco": 116,
          "dco": 2489,
          "txt": "ring"
        },
        {
          "si": 24,
          "sti": 22,
          "dti": 467,
          "sco": 120,
          "dco": 2493,
          "txt": ","
        },
        {
          "si": 24,
          "sti": 23,
          "dti": 468,
          "sco": 122,
          "dco": 2495,
          "txt": "and"
        },
        {
          "si": 24,
          "sti": 24,
          "dti": 469,
          "sco": 126,
          "dco": 2499,
          "txt": "stone"
        },
        {
          "si": 24,
          "sti": 25,
          "dti": 470,
          "sco": 132,
          "dco": 2505,
          "txt": "paths"
        },
        {
          "si": 24,
          "sti": 26,
          "dti": 471,
          "sco": 137,
          "dco": 2510,
          "txt": "."
        },
        {
          "si": 25,
          "sti": 0,
          "dti": 472,
          "sco": 0,
          "dco": 2512,
          "txt": "Buildings"
        },
        {
          "si": 25,
          "sti": 1,
          "dti": 473,
          "sco": 10,
          "dco": 2522,
          "txt": "in"
        },
        {
          "si": 25,
          "sti": 2,
          "dti": 474,
          "sco": 13,
          "dco": 2525,
          "txt": "the"
        },
        {
          "si": 25,
          "sti": 3,
          "dti": 475,
          "sco": 17,
          "dco": 2529,
          "txt": "part"
        },
        {
          "si": 25,
          "sti": 4,
          "dti": 476,
          "sco": 22,
          "dco": 2534,
          "txt": "constructed"
        },
        {
          "si": 25,
          "sti": 5,
          "dti": 477,
          "sco": 34,
          "dco": 2546,
          "txt": "prior"
        },
        {
          "si": 25,
          "sti": 6,
          "dti": 478,
          "sco": 40,
          "dco": 2552,
          "txt": "to"
        },
        {
          "si": 25,
          "sti": 7,
          "dti": 479,
          "sco": 43,
          "dco": 2555,
          "txt": "1920"
        },
        {
          "si": 25,
          "sti": 8,
          "dti": 480,
          "sco": 48,
          "dco": 2560,
          "txt": "also"
        },
        {
          "si": 25,
          "sti": 9,
          "dti": 481,
          "sco": 53,
          "dco": 2565,
          "txt": "reflect"
        },
        {
          "si": 25,
          "sti": 10,
          "dti": 482,
          "sco": 61,
          "dco": 2573,
          "txt": "Jensen"
        },
        {
          "si": 25,
          "sti": 11,
          "dti": 483,
          "sco": 67,
          "dco": 2579,
          "txt": "'"
        },
        {
          "si": 25,
          "sti": 12,
          "dti": 484,
          "sco": 68,
          "dco": 2580,
          "txt": "s"
        },
        {
          "si": 25,
          "sti": 13,
          "dti": 485,
          "sco": 70,
          "dco": 2582,
          "txt": "Prairie"
        },
        {
          "si": 25,
          "sti": 14,
          "dti": 486,
          "sco": 78,
          "dco": 2590,
          "txt": "approach"
        },
        {
          "si": 25,
          "sti": 15,
          "dti": 487,
          "sco": 86,
          "dco": 2598,
          "txt": "."
        },
        {
          "si": 26,
          "sti": 0,
          "dti": 488,
          "sco": 0,
          "dco": 2600,
          "txt": "Schmidt"
        },
        {
          "si": 26,
          "sti": 1,
          "dti": 489,
          "sco": 7,
          "dco": 2607,
          "txt": ","
        },
        {
          "si": 26,
          "sti": 2,
          "dti": 490,
          "sco": 9,
          "dco": 2609,
          "txt": "Garden"
        },
        {
          "si": 26,
          "sti": 3,
          "dti": 491,
          "sco": 16,
          "dco": 2616,
          "txt": "&"
        },
        {
          "si": 26,
          "sti": 4,
          "dti": 492,
          "sco": 18,
          "dco": 2618,
          "txt": "Martin"
        },
        {
          "si": 26,
          "sti": 5,
          "dti": 493,
          "sco": 25,
          "dco": 2625,
          "txt": "designed"
        },
        {
          "si": 26,
          "sti": 6,
          "dti": 494,
          "sco": 34,
          "dco": 2634,
          "txt": "massive"
        },
        {
          "si": 26,
          "sti": 7,
          "dti": 495,
          "sco": 42,
          "dco": 2642,
          "txt": "entry"
        },
        {
          "si": 26,
          "sti": 8,
          "dti": 496,
          "sco": 48,
          "dco": 2648,
          "txt": "lanterns"
        },
        {
          "si": 26,
          "sti": 9,
          "dti": 497,
          "sco": 57,
          "dco": 2657,
          "txt": "for"
        },
        {
          "si": 26,
          "sti": 10,
          "dti": 498,
          "sco": 61,
          "dco": 2661,
          "txt": "the"
        },
        {
          "si": 26,
          "sti": 11,
          "dti": 499,
          "sco": 65,
          "dco": 2665,
          "txt": "east"
        },
        {
          "si": 26,
          "sti": 12,
          "dti": 500,
          "sco": 70,
          "dco": 2670,
          "txt": "entrance"
        },
        {
          "si": 26,
          "sti": 13,
          "dti": 501,
          "sco": 79,
          "dco": 2679,
          "txt": "in"
        },
        {
          "si": 26,
          "sti": 14,
          "dti": 502,
          "sco": 82,
          "dco": 2682,
          "txt": "this"
        },
        {
          "si": 26,
          "sti": 15,
          "dti": 503,
          "sco": 87,
          "dco": 2687,
          "txt": "motif"
        },
        {
          "si": 26,
          "sti": 16,
          "dti": 504,
          "sco": 92,
          "dco": 2692,
          "txt": ","
        },
        {
          "si": 26,
          "sti": 17,
          "dti": 505,
          "sco": 94,
          "dco": 2694,
          "txt": "and"
        },
        {
          "si": 26,
          "sti": 18,
          "dti": 506,
          "sco": 98,
          "dco": 2698,
          "txt": "evidence"
        },
        {
          "si": 26,
          "sti": 19,
          "dti": 507,
          "sco": 107,
          "dco": 2707,
          "txt": "suggests"
        },
        {
          "si": 26,
          "sti": 20,
          "dti": 508,
          "sco": 116,
          "dco": 2716,
          "txt": "that"
        },
        {
          "si": 26,
          "sti": 21,
          "dti": 509,
          "sco": 121,
          "dco": 2721,
          "txt": "noted"
        },
        {
          "si": 26,
          "sti": 22,
          "dti": 510,
          "sco": 127,
          "dco": 2727,
          "txt": "Prairie"
        },
        {
          "si": 26,
          "sti": 23,
          "dti": 511,
          "sco": 135,
          "dco": 2735,
          "txt": "School"
        },
        {
          "si": 26,
          "sti": 24,
          "dti": 512,
          "sco": 142,
          "dco": 2742,
          "txt": "architect"
        },
        {
          "si": 26,
          "sti": 25,
          "dti": 513,
          "sco": 152,
          "dco": 2752,
          "txt": "John"
        },
        {
          "si": 26,
          "sti": 26,
          "dti": 514,
          "sco": 157,
          "dco": 2757,
          "txt": "S"
        },
        {
          "si": 26,
          "sti": 27,
          "dti": 515,
          "sco": 158,
          "dco": 2758,
          "txt": "."
        },
        {
          "si": 27,
          "sti": 0,
          "dti": 516,
          "sco": 0,
          "dco": 2760,
          "txt": "Van"
        },
        {
          "si": 27,
          "sti": 1,
          "dti": 517,
          "sco": 4,
          "dco": 2764,
          "txt": "Bergen"
        },
        {
          "si": 27,
          "sti": 2,
          "dti": 518,
          "sco": 11,
          "dco": 2771,
          "txt": "may"
        },
        {
          "si": 27,
          "sti": 3,
          "dti": 519,
          "sco": 15,
          "dco": 2775,
          "txt": "have"
        },
        {
          "si": 27,
          "sti": 4,
          "dti": 520,
          "sco": 20,
          "dco": 2780,
          "txt": "designed"
        },
        {
          "si": 27,
          "sti": 5,
          "dti": 521,
          "sco": 29,
          "dco": 2789,
          "txt": "a"
        },
        {
          "si": 27,
          "sti": 6,
          "dti": 522,
          "sco": 31,
          "dco": 2791,
          "txt": "small"
        },
        {
          "si": 27,
          "sti": 7,
          "dti": 523,
          "sco": 37,
          "dco": 2797,
          "txt": "playground"
        },
        {
          "si": 27,
          "sti": 8,
          "dti": 524,
          "sco": 48,
          "dco": 2808,
          "txt": "shelter"
        },
        {
          "si": 27,
          "sti": 9,
          "dti": 525,
          "sco": 55,
          "dco": 2815,
          "txt": "."
        }
      ]
    },
    "ganns": {
      "dla": [],
      "la": [],
      "ea": [],
      "eta": [
        {
          "ra": {
            "ea": {
              "etn": "Columbus_Park_(Chicago)"
            }
          },
          "sfs": [
            [
              {
                "stn": "openingYear"
              },
              {}
            ]
          ],
          "mfs": [
            [
              {
                "stn": "architect"
              },
              {
                "dla": [],
                "la": [],
                "ea": [
                  {
                    "etn": "Jens_Jensen_(landscape_architect)"
                  },
                  {
                    "etn": "C._Herrick_Hammond"
                  }
                ],
                "eta": []
              }
            ],
            [
              {
                "stn": "yearOfConstruction"
              },
              {
                "dla": [
                  {
                    "txt": {
                      "sff": "1915"
                    },
                    "et": {
                      "etn": "Year"
                    },
                    "dp": {
                      "off": 1025
                    }
                  }
                ],
                "la": [],
                "ea": [],
                "eta": []
              }
            ],
            [
              {
                "stn": "architecturalStyle"
              },
              {
                "dla": [],
                "la": [],
                "ea": [
                  {
                    "etn": "Prairie_School"
                  }
                ],
                "eta": []
              }
            ],
            [
              {
                "stn": "location"
              },
              {
                "dla": [],
                "la": [],
                "ea": [
                  {
                    "etn": "Chicago"
                  }
                ],
                "eta": []
              }
            ]
          ]
        }
      ]
    }
  }
]
