[
  {
    "context": "TEST",
    "doc": {
      "id": "Dawson_County_Courthouse_(Nebraska)",
      "tl": [
        {
          "si": 0,
          "sti": 0,
          "dti": 0,
          "sco": 0,
          "dco": 0,
          "txt": "Dawson"
        },
        {
          "si": 0,
          "sti": 1,
          "dti": 1,
          "sco": 7,
          "dco": 7,
          "txt": "County"
        },
        {
          "si": 0,
          "sti": 2,
          "dti": 2,
          "sco": 14,
          "dco": 14,
          "txt": "Courthouse"
        },
        {
          "si": 0,
          "sti": 3,
          "dti": 3,
          "sco": 25,
          "dco": 25,
          "txt": "("
        },
        {
          "si": 0,
          "sti": 4,
          "dti": 4,
          "sco": 26,
          "dco": 26,
          "txt": "Nebraska"
        },
        {
          "si": 0,
          "sti": 5,
          "dti": 5,
          "sco": 34,
          "dco": 34,
          "txt": ")"
        },
        {
          "si": 0,
          "sti": 6,
          "dti": 6,
          "sco": 35,
          "dco": 35,
          "txt": "."
        },
        {
          "si": 1,
          "sti": 0,
          "dti": 7,
          "sco": 0,
          "dco": 37,
          "txt": "The"
        },
        {
          "si": 1,
          "sti": 1,
          "dti": 8,
          "sco": 4,
          "dco": 41,
          "txt": "Dawson"
        },
        {
          "si": 1,
          "sti": 2,
          "dti": 9,
          "sco": 11,
          "dco": 48,
          "txt": "County"
        },
        {
          "si": 1,
          "sti": 3,
          "dti": 10,
          "sco": 18,
          "dco": 55,
          "txt": "Courthouse"
        },
        {
          "si": 1,
          "sti": 4,
          "dti": 11,
          "sco": 29,
          "dco": 66,
          "txt": "is"
        },
        {
          "si": 1,
          "sti": 5,
          "dti": 12,
          "sco": 32,
          "dco": 69,
          "txt": "a"
        },
        {
          "si": 1,
          "sti": 6,
          "dti": 13,
          "sco": 34,
          "dco": 71,
          "txt": "historic"
        },
        {
          "si": 1,
          "sti": 7,
          "dti": 14,
          "sco": 43,
          "dco": 80,
          "txt": "two"
        },
        {
          "si": 1,
          "sti": 8,
          "dti": 15,
          "sco": 47,
          "dco": 84,
          "txt": "story"
        },
        {
          "si": 1,
          "sti": 9,
          "dti": 16,
          "sco": 53,
          "dco": 90,
          "txt": "redbrick"
        },
        {
          "si": 1,
          "sti": 10,
          "dti": 17,
          "sco": 62,
          "dco": 99,
          "txt": "courthouse"
        },
        {
          "si": 1,
          "sti": 11,
          "dti": 18,
          "sco": 73,
          "dco": 110,
          "txt": "building"
        },
        {
          "si": 1,
          "sti": 12,
          "dti": 19,
          "sco": 82,
          "dco": 119,
          "txt": "set"
        },
        {
          "si": 1,
          "sti": 13,
          "dti": 20,
          "sco": 86,
          "dco": 123,
          "txt": "on"
        },
        {
          "si": 1,
          "sti": 14,
          "dti": 21,
          "sco": 89,
          "dco": 126,
          "txt": "a"
        },
        {
          "si": 1,
          "sti": 15,
          "dti": 22,
          "sco": 91,
          "dco": 128,
          "txt": "raised"
        },
        {
          "si": 1,
          "sti": 16,
          "dti": 23,
          "sco": 98,
          "dco": 135,
          "txt": "basement"
        },
        {
          "si": 1,
          "sti": 17,
          "dti": 24,
          "sco": 107,
          "dco": 144,
          "txt": "of"
        },
        {
          "si": 1,
          "sti": 18,
          "dti": 25,
          "sco": 110,
          "dco": 147,
          "txt": "Bedford"
        },
        {
          "si": 1,
          "sti": 19,
          "dti": 26,
          "sco": 118,
          "dco": 155,
          "txt": "limestone"
        },
        {
          "si": 1,
          "sti": 20,
          "dti": 27,
          "sco": 128,
          "dco": 165,
          "txt": "which"
        },
        {
          "si": 1,
          "sti": 21,
          "dti": 28,
          "sco": 134,
          "dco": 171,
          "txt": "in"
        },
        {
          "si": 1,
          "sti": 22,
          "dti": 29,
          "sco": 137,
          "dco": 174,
          "txt": "turn"
        },
        {
          "si": 1,
          "sti": 23,
          "dti": 30,
          "sco": 142,
          "dco": 179,
          "txt": "is"
        },
        {
          "si": 1,
          "sti": 24,
          "dti": 31,
          "sco": 145,
          "dco": 182,
          "txt": "set"
        },
        {
          "si": 1,
          "sti": 25,
          "dti": 32,
          "sco": 149,
          "dco": 186,
          "txt": "upon"
        },
        {
          "si": 1,
          "sti": 26,
          "dti": 33,
          "sco": 154,
          "dco": 191,
          "txt": "a"
        },
        {
          "si": 1,
          "sti": 27,
          "dti": 34,
          "sco": 156,
          "dco": 193,
          "txt": "base"
        },
        {
          "si": 1,
          "sti": 28,
          "dti": 35,
          "sco": 161,
          "dco": 198,
          "txt": "of"
        },
        {
          "si": 1,
          "sti": 29,
          "dti": 36,
          "sco": 164,
          "dco": 201,
          "txt": "marble"
        },
        {
          "si": 1,
          "sti": 30,
          "dti": 37,
          "sco": 171,
          "dco": 208,
          "txt": "from"
        },
        {
          "si": 1,
          "sti": 31,
          "dti": 38,
          "sco": 176,
          "dco": 213,
          "txt": "Carthage"
        },
        {
          "si": 1,
          "sti": 32,
          "dti": 39,
          "sco": 184,
          "dco": 221,
          "txt": ","
        },
        {
          "si": 1,
          "sti": 33,
          "dti": 40,
          "sco": 186,
          "dco": 223,
          "txt": "Missouri"
        },
        {
          "si": 1,
          "sti": 34,
          "dti": 41,
          "sco": 195,
          "dco": 232,
          "txt": "It"
        },
        {
          "si": 1,
          "sti": 35,
          "dti": 42,
          "sco": 198,
          "dco": 235,
          "txt": "is"
        },
        {
          "si": 1,
          "sti": 36,
          "dti": 43,
          "sco": 201,
          "dco": 238,
          "txt": "located"
        },
        {
          "si": 1,
          "sti": 37,
          "dti": 44,
          "sco": 209,
          "dco": 246,
          "txt": "at"
        },
        {
          "si": 1,
          "sti": 38,
          "dti": 45,
          "sco": 212,
          "dco": 249,
          "txt": "700"
        },
        {
          "si": 1,
          "sti": 39,
          "dti": 46,
          "sco": 216,
          "dco": 253,
          "txt": "North"
        },
        {
          "si": 1,
          "sti": 40,
          "dti": 47,
          "sco": 222,
          "dco": 259,
          "txt": "Washington"
        },
        {
          "si": 1,
          "sti": 41,
          "dti": 48,
          "sco": 233,
          "dco": 270,
          "txt": "Street"
        },
        {
          "si": 1,
          "sti": 42,
          "dti": 49,
          "sco": 239,
          "dco": 276,
          "txt": ","
        },
        {
          "si": 1,
          "sti": 43,
          "dti": 50,
          "sco": 241,
          "dco": 278,
          "txt": "between"
        },
        {
          "si": 1,
          "sti": 44,
          "dti": 51,
          "sco": 249,
          "dco": 286,
          "txt": "7"
        },
        {
          "si": 1,
          "sti": 45,
          "dti": 52,
          "sco": 250,
          "dco": 287,
          "txt": "th"
        },
        {
          "si": 1,
          "sti": 46,
          "dti": 53,
          "sco": 253,
          "dco": 290,
          "txt": "and"
        },
        {
          "si": 1,
          "sti": 47,
          "dti": 54,
          "sco": 257,
          "dco": 294,
          "txt": "8"
        },
        {
          "si": 1,
          "sti": 48,
          "dti": 55,
          "sco": 258,
          "dco": 295,
          "txt": "th"
        },
        {
          "si": 1,
          "sti": 49,
          "dti": 56,
          "sco": 261,
          "dco": 298,
          "txt": "streets"
        },
        {
          "si": 1,
          "sti": 50,
          "dti": 57,
          "sco": 269,
          "dco": 306,
          "txt": "in"
        },
        {
          "si": 1,
          "sti": 51,
          "dti": 58,
          "sco": 272,
          "dco": 309,
          "txt": "Lexington"
        },
        {
          "si": 1,
          "sti": 52,
          "dti": 59,
          "sco": 281,
          "dco": 318,
          "txt": ","
        },
        {
          "si": 1,
          "sti": 53,
          "dti": 60,
          "sco": 283,
          "dco": 320,
          "txt": "Dawson"
        },
        {
          "si": 1,
          "sti": 54,
          "dti": 61,
          "sco": 290,
          "dco": 327,
          "txt": "County"
        },
        {
          "si": 1,
          "sti": 55,
          "dti": 62,
          "sco": 296,
          "dco": 333,
          "txt": ","
        },
        {
          "si": 1,
          "sti": 56,
          "dti": 63,
          "sco": 298,
          "dco": 335,
          "txt": "Nebraska"
        },
        {
          "si": 1,
          "sti": 57,
          "dti": 64,
          "sco": 306,
          "dco": 343,
          "txt": "."
        },
        {
          "si": 2,
          "sti": 0,
          "dti": 65,
          "sco": 0,
          "dco": 345,
          "txt": "Designed"
        },
        {
          "si": 2,
          "sti": 1,
          "dti": 66,
          "sco": 9,
          "dco": 354,
          "txt": "by"
        },
        {
          "si": 2,
          "sti": 2,
          "dti": 67,
          "sco": 12,
          "dco": 357,
          "txt": "William"
        },
        {
          "si": 2,
          "sti": 3,
          "dti": 68,
          "sco": 20,
          "dco": 365,
          "txt": "F"
        },
        {
          "si": 2,
          "sti": 4,
          "dti": 69,
          "sco": 21,
          "dco": 366,
          "txt": "."
        },
        {
          "si": 3,
          "sti": 0,
          "dti": 70,
          "sco": 0,
          "dco": 368,
          "txt": "Gernandt"
        },
        {
          "si": 3,
          "sti": 1,
          "dti": 71,
          "sco": 9,
          "dco": 377,
          "txt": "in"
        },
        {
          "si": 3,
          "sti": 2,
          "dti": 72,
          "sco": 12,
          "dco": 380,
          "txt": "the"
        },
        {
          "si": 3,
          "sti": 3,
          "dti": 73,
          "sco": 16,
          "dco": 384,
          "txt": "Beaux"
        },
        {
          "si": 3,
          "sti": 4,
          "dti": 74,
          "sco": 22,
          "dco": 390,
          "txt": "Arts"
        },
        {
          "si": 3,
          "sti": 5,
          "dti": 75,
          "sco": 27,
          "dco": 395,
          "txt": "style"
        },
        {
          "si": 3,
          "sti": 6,
          "dti": 76,
          "sco": 33,
          "dco": 401,
          "txt": "of"
        },
        {
          "si": 3,
          "sti": 7,
          "dti": 77,
          "sco": 36,
          "dco": 404,
          "txt": "architecture"
        },
        {
          "si": 3,
          "sti": 8,
          "dti": 78,
          "sco": 48,
          "dco": 416,
          "txt": ","
        },
        {
          "si": 3,
          "sti": 9,
          "dti": 79,
          "sco": 50,
          "dco": 418,
          "txt": "it"
        },
        {
          "si": 3,
          "sti": 10,
          "dti": 80,
          "sco": 53,
          "dco": 421,
          "txt": "was"
        },
        {
          "si": 3,
          "sti": 11,
          "dti": 81,
          "sco": 57,
          "dco": 425,
          "txt": "built"
        },
        {
          "si": 3,
          "sti": 12,
          "dti": 82,
          "sco": 63,
          "dco": 431,
          "txt": "between"
        },
        {
          "si": 3,
          "sti": 13,
          "dti": 83,
          "sco": 71,
          "dco": 439,
          "txt": "1913"
        },
        {
          "si": 3,
          "sti": 14,
          "dti": 84,
          "sco": 76,
          "dco": 444,
          "txt": "and"
        },
        {
          "si": 3,
          "sti": 15,
          "dti": 85,
          "sco": 80,
          "dco": 448,
          "txt": "1914"
        },
        {
          "si": 3,
          "sti": 16,
          "dti": 86,
          "sco": 84,
          "dco": 452,
          "txt": "."
        },
        {
          "si": 4,
          "sti": 0,
          "dti": 87,
          "sco": 0,
          "dco": 454,
          "txt": "It"
        },
        {
          "si": 4,
          "sti": 1,
          "dti": 88,
          "sco": 3,
          "dco": 457,
          "txt": "is"
        },
        {
          "si": 4,
          "sti": 2,
          "dti": 89,
          "sco": 6,
          "dco": 460,
          "txt": "the"
        },
        {
          "si": 4,
          "sti": 3,
          "dti": 90,
          "sco": 10,
          "dco": 464,
          "txt": "second"
        },
        {
          "si": 4,
          "sti": 4,
          "dti": 91,
          "sco": 17,
          "dco": 471,
          "txt": "courthouse"
        },
        {
          "si": 4,
          "sti": 5,
          "dti": 92,
          "sco": 28,
          "dco": 482,
          "txt": "in"
        },
        {
          "si": 4,
          "sti": 6,
          "dti": 93,
          "sco": 31,
          "dco": 485,
          "txt": "Dawson"
        },
        {
          "si": 4,
          "sti": 7,
          "dti": 94,
          "sco": 38,
          "dco": 492,
          "txt": "County"
        },
        {
          "si": 4,
          "sti": 8,
          "dti": 95,
          "sco": 44,
          "dco": 498,
          "txt": "'"
        },
        {
          "si": 4,
          "sti": 9,
          "dti": 96,
          "sco": 45,
          "dco": 499,
          "txt": "s"
        },
        {
          "si": 4,
          "sti": 10,
          "dti": 97,
          "sco": 47,
          "dco": 501,
          "txt": "history"
        },
        {
          "si": 4,
          "sti": 11,
          "dti": 98,
          "sco": 54,
          "dco": 508,
          "txt": ","
        },
        {
          "si": 4,
          "sti": 12,
          "dti": 99,
          "sco": 56,
          "dco": 510,
          "txt": "replacing"
        },
        {
          "si": 4,
          "sti": 13,
          "dti": 100,
          "sco": 66,
          "dco": 520,
          "txt": "an"
        },
        {
          "si": 4,
          "sti": 14,
          "dti": 101,
          "sco": 69,
          "dco": 523,
          "txt": "earlier"
        },
        {
          "si": 4,
          "sti": 15,
          "dti": 102,
          "sco": 77,
          "dco": 531,
          "txt": "1874"
        },
        {
          "si": 4,
          "sti": 16,
          "dti": 103,
          "sco": 82,
          "dco": 536,
          "txt": "brick"
        },
        {
          "si": 4,
          "sti": 17,
          "dti": 104,
          "sco": 88,
          "dco": 542,
          "txt": "courthouse"
        },
        {
          "si": 4,
          "sti": 18,
          "dti": 105,
          "sco": 99,
          "dco": 553,
          "txt": "on"
        },
        {
          "si": 4,
          "sti": 19,
          "dti": 106,
          "sco": 102,
          "dco": 556,
          "txt": "the"
        },
        {
          "si": 4,
          "sti": 20,
          "dti": 107,
          "sco": 106,
          "dco": 560,
          "txt": "same"
        },
        {
          "si": 4,
          "sti": 21,
          "dti": 108,
          "sco": 111,
          "dco": 565,
          "txt": "site"
        },
        {
          "si": 4,
          "sti": 22,
          "dti": 109,
          "sco": 115,
          "dco": 569,
          "txt": "."
        },
        {
          "si": 5,
          "sti": 0,
          "dti": 110,
          "sco": 0,
          "dco": 571,
          "txt": "Additions"
        },
        {
          "si": 5,
          "sti": 1,
          "dti": 111,
          "sco": 10,
          "dco": 581,
          "txt": "to"
        },
        {
          "si": 5,
          "sti": 2,
          "dti": 112,
          "sco": 13,
          "dco": 584,
          "txt": "the"
        },
        {
          "si": 5,
          "sti": 3,
          "dti": 113,
          "sco": 17,
          "dco": 588,
          "txt": "courthouse"
        },
        {
          "si": 5,
          "sti": 4,
          "dti": 114,
          "sco": 28,
          "dco": 599,
          "txt": "were"
        },
        {
          "si": 5,
          "sti": 5,
          "dti": 115,
          "sco": 33,
          "dco": 604,
          "txt": "made"
        },
        {
          "si": 5,
          "sti": 6,
          "dti": 116,
          "sco": 38,
          "dco": 609,
          "txt": "in"
        },
        {
          "si": 5,
          "sti": 7,
          "dti": 117,
          "sco": 41,
          "dco": 612,
          "txt": "1955"
        },
        {
          "si": 5,
          "sti": 8,
          "dti": 118,
          "sco": 45,
          "dco": 616,
          "txt": "-"
        },
        {
          "si": 5,
          "sti": 9,
          "dti": 119,
          "sco": 46,
          "dco": 617,
          "txt": "1956"
        },
        {
          "si": 5,
          "sti": 10,
          "dti": 120,
          "sco": 51,
          "dco": 622,
          "txt": "and"
        },
        {
          "si": 5,
          "sti": 11,
          "dti": 121,
          "sco": 55,
          "dco": 626,
          "txt": "in"
        },
        {
          "si": 5,
          "sti": 12,
          "dti": 122,
          "sco": 58,
          "dco": 629,
          "txt": "1980"
        },
        {
          "si": 5,
          "sti": 13,
          "dti": 123,
          "sco": 62,
          "dco": 633,
          "txt": "."
        },
        {
          "si": 6,
          "sti": 0,
          "dti": 124,
          "sco": 0,
          "dco": 635,
          "txt": "It"
        },
        {
          "si": 6,
          "sti": 1,
          "dti": 125,
          "sco": 3,
          "dco": 638,
          "txt": "was"
        },
        {
          "si": 6,
          "sti": 2,
          "dti": 126,
          "sco": 7,
          "dco": 642,
          "txt": "added"
        },
        {
          "si": 6,
          "sti": 3,
          "dti": 127,
          "sco": 13,
          "dco": 648,
          "txt": "to"
        },
        {
          "si": 6,
          "sti": 4,
          "dti": 128,
          "sco": 16,
          "dco": 651,
          "txt": "the"
        },
        {
          "si": 6,
          "sti": 5,
          "dti": 129,
          "sco": 20,
          "dco": 655,
          "txt": "National"
        },
        {
          "si": 6,
          "sti": 6,
          "dti": 130,
          "sco": 29,
          "dco": 664,
          "txt": "Register"
        },
        {
          "si": 6,
          "sti": 7,
          "dti": 131,
          "sco": 38,
          "dco": 673,
          "txt": "of"
        },
        {
          "si": 6,
          "sti": 8,
          "dti": 132,
          "sco": 41,
          "dco": 676,
          "txt": "Historic"
        },
        {
          "si": 6,
          "sti": 9,
          "dti": 133,
          "sco": 50,
          "dco": 685,
          "txt": "Places"
        },
        {
          "si": 6,
          "sti": 10,
          "dti": 134,
          "sco": 57,
          "dco": 692,
          "txt": "on"
        },
        {
          "si": 6,
          "sti": 11,
          "dti": 135,
          "sco": 60,
          "dco": 695,
          "txt": "January"
        },
        {
          "si": 6,
          "sti": 12,
          "dti": 136,
          "sco": 68,
          "dco": 703,
          "txt": "10"
        },
        {
          "si": 6,
          "sti": 13,
          "dti": 137,
          "sco": 70,
          "dco": 705,
          "txt": ","
        },
        {
          "si": 6,
          "sti": 14,
          "dti": 138,
          "sco": 72,
          "dco": 707,
          "txt": "1990"
        },
        {
          "si": 6,
          "sti": 15,
          "dti": 139,
          "sco": 77,
          "dco": 712,
          "txt": "as"
        },
        {
          "si": 6,
          "sti": 16,
          "dti": 140,
          "sco": 80,
          "dco": 715,
          "txt": "a"
        },
        {
          "si": 6,
          "sti": 17,
          "dti": 141,
          "sco": 82,
          "dco": 717,
          "txt": "historic"
        },
        {
          "si": 6,
          "sti": 18,
          "dti": 142,
          "sco": 91,
          "dco": 726,
          "txt": "district"
        },
        {
          "si": 6,
          "sti": 19,
          "dti": 143,
          "sco": 99,
          "dco": 734,
          "txt": "."
        },
        {
          "si": 7,
          "sti": 0,
          "dti": 144,
          "sco": 0,
          "dco": 736,
          "txt": "Included"
        },
        {
          "si": 7,
          "sti": 1,
          "dti": 145,
          "sco": 9,
          "dco": 745,
          "txt": "in"
        },
        {
          "si": 7,
          "sti": 2,
          "dti": 146,
          "sco": 12,
          "dco": 748,
          "txt": "the"
        },
        {
          "si": 7,
          "sti": 3,
          "dti": 147,
          "sco": 16,
          "dco": 752,
          "txt": "registration"
        },
        {
          "si": 7,
          "sti": 4,
          "dti": 148,
          "sco": 29,
          "dco": 765,
          "txt": "are"
        },
        {
          "si": 7,
          "sti": 5,
          "dti": 149,
          "sco": 33,
          "dco": 769,
          "txt": "the"
        },
        {
          "si": 7,
          "sti": 6,
          "dti": 150,
          "sco": 37,
          "dco": 773,
          "txt": "entire"
        },
        {
          "si": 7,
          "sti": 7,
          "dti": 151,
          "sco": 44,
          "dco": 780,
          "txt": "courthouse"
        },
        {
          "si": 7,
          "sti": 8,
          "dti": 152,
          "sco": 55,
          "dco": 791,
          "txt": "block"
        },
        {
          "si": 7,
          "sti": 9,
          "dti": 153,
          "sco": 60,
          "dco": 796,
          "txt": ","
        },
        {
          "si": 7,
          "sti": 10,
          "dti": 154,
          "sco": 62,
          "dco": 798,
          "txt": "the"
        },
        {
          "si": 7,
          "sti": 11,
          "dti": 155,
          "sco": 66,
          "dco": 802,
          "txt": "additions"
        },
        {
          "si": 7,
          "sti": 12,
          "dti": 156,
          "sco": 76,
          "dco": 812,
          "txt": "as"
        },
        {
          "si": 7,
          "sti": 13,
          "dti": 157,
          "sco": 79,
          "dco": 815,
          "txt": "contributing"
        },
        {
          "si": 7,
          "sti": 14,
          "dti": 158,
          "sco": 92,
          "dco": 828,
          "txt": "properties"
        },
        {
          "si": 7,
          "sti": 15,
          "dti": 159,
          "sco": 103,
          "dco": 839,
          "txt": "and"
        },
        {
          "si": 7,
          "sti": 16,
          "dti": 160,
          "sco": 107,
          "dco": 843,
          "txt": "a"
        },
        {
          "si": 7,
          "sti": 17,
          "dti": 161,
          "sco": 109,
          "dco": 845,
          "txt": "Grand"
        },
        {
          "si": 7,
          "sti": 18,
          "dti": 162,
          "sco": 115,
          "dco": 851,
          "txt": "Army"
        },
        {
          "si": 7,
          "sti": 19,
          "dti": 163,
          "sco": 120,
          "dco": 856,
          "txt": "of"
        },
        {
          "si": 7,
          "sti": 20,
          "dti": 164,
          "sco": 123,
          "dco": 859,
          "txt": "the"
        },
        {
          "si": 7,
          "sti": 21,
          "dti": 165,
          "sco": 127,
          "dco": 863,
          "txt": "Republic"
        },
        {
          "si": 7,
          "sti": 22,
          "dti": 166,
          "sco": 136,
          "dco": 872,
          "txt": "statue"
        },
        {
          "si": 7,
          "sti": 23,
          "dti": 167,
          "sco": 143,
          "dco": 879,
          "txt": "as"
        },
        {
          "si": 7,
          "sti": 24,
          "dti": 168,
          "sco": 146,
          "dco": 882,
          "txt": "a"
        },
        {
          "si": 7,
          "sti": 25,
          "dti": 169,
          "sco": 148,
          "dco": 884,
          "txt": "contributing"
        },
        {
          "si": 7,
          "sti": 26,
          "dti": 170,
          "sco": 161,
          "dco": 897,
          "txt": "object"
        },
        {
          "si": 7,
          "sti": 27,
          "dti": 171,
          "sco": 167,
          "dco": 903,
          "txt": "."
        }
      ]
    },
    "ganns": {
      "dla": [],
      "la": [],
      "ea": [],
      "eta": [
        {
          "ra": {
            "ea": {
              "etn": "Dawson_County_Courthouse_(Nebraska)"
            }
          },
          "sfs": [
            [
              {
                "stn": "openingYear"
              },
              {}
            ]
          ],
          "mfs": [
            [
              {
                "stn": "architect"
              },
              {
                "dla": [],
                "la": [],
                "ea": [
                  {
                    "etn": "William_F._Gernandt"
                  }
                ],
                "eta": []
              }
            ],
            [
              {
                "stn": "yearOfConstruction"
              },
              {
                "dla": [
                  {
                    "txt": {
                      "sff": "1913"
                    },
                    "et": {
                      "etn": "Year"
                    },
                    "dp": {
                      "off": 439
                    }
                  }
                ],
                "la": [],
                "ea": [],
                "eta": []
              }
            ],
            [
              {
                "stn": "architecturalStyle"
              },
              {
                "dla": [],
                "la": [],
                "ea": [
                  {
                    "etn": "Beaux-Arts_architecture"
                  }
                ],
                "eta": []
              }
            ],
            [
              {
                "stn": "location"
              },
              {
                "dla": [],
                "la": [],
                "ea": [
                  {
                    "etn": "Lexington,_Nebraska"
                  }
                ],
                "eta": []
              }
            ]
          ]
        }
      ]
    }
  }
]
