[
  {
    "context": "TRAIN",
    "doc": {
      "id": "Dingley_Building",
      "tl": [
        {
          "si": 0,
          "sti": 0,
          "dti": 0,
          "sco": 0,
          "dco": 0,
          "txt": "Dingley"
        },
        {
          "si": 0,
          "sti": 1,
          "dti": 1,
          "sco": 8,
          "dco": 8,
          "txt": "Building"
        },
        {
          "si": 0,
          "sti": 2,
          "dti": 2,
          "sco": 16,
          "dco": 16,
          "txt": "."
        },
        {
          "si": 1,
          "sti": 0,
          "dti": 3,
          "sco": 0,
          "dco": 18,
          "txt": "The"
        },
        {
          "si": 1,
          "sti": 1,
          "dti": 4,
          "sco": 4,
          "dco": 22,
          "txt": "Dingley"
        },
        {
          "si": 1,
          "sti": 2,
          "dti": 5,
          "sco": 12,
          "dco": 30,
          "txt": "Building"
        },
        {
          "si": 1,
          "sti": 3,
          "dti": 6,
          "sco": 21,
          "dco": 39,
          "txt": "is"
        },
        {
          "si": 1,
          "sti": 4,
          "dti": 7,
          "sco": 24,
          "dco": 42,
          "txt": "a"
        },
        {
          "si": 1,
          "sti": 5,
          "dti": 8,
          "sco": 26,
          "dco": 44,
          "txt": "historic"
        },
        {
          "si": 1,
          "sti": 6,
          "dti": 9,
          "sco": 35,
          "dco": 53,
          "txt": "building"
        },
        {
          "si": 1,
          "sti": 7,
          "dti": 10,
          "sco": 44,
          "dco": 62,
          "txt": "at"
        },
        {
          "si": 1,
          "sti": 8,
          "dti": 11,
          "sco": 47,
          "dco": 65,
          "txt": "36"
        },
        {
          "si": 1,
          "sti": 9,
          "dti": 12,
          "sco": 50,
          "dco": 68,
          "txt": "Oak"
        },
        {
          "si": 1,
          "sti": 10,
          "dti": 13,
          "sco": 54,
          "dco": 72,
          "txt": "Street"
        },
        {
          "si": 1,
          "sti": 11,
          "dti": 14,
          "sco": 61,
          "dco": 79,
          "txt": "in"
        },
        {
          "si": 1,
          "sti": 12,
          "dti": 15,
          "sco": 64,
          "dco": 82,
          "txt": "Lewiston"
        },
        {
          "si": 1,
          "sti": 13,
          "dti": 16,
          "sco": 72,
          "dco": 90,
          "txt": ","
        },
        {
          "si": 1,
          "sti": 14,
          "dti": 17,
          "sco": 74,
          "dco": 92,
          "txt": "Maine"
        },
        {
          "si": 1,
          "sti": 15,
          "dti": 18,
          "sco": 79,
          "dco": 97,
          "txt": "."
        },
        {
          "si": 2,
          "sti": 0,
          "dti": 19,
          "sco": 0,
          "dco": 99,
          "txt": "The"
        },
        {
          "si": 2,
          "sti": 1,
          "dti": 20,
          "sco": 4,
          "dco": 103,
          "txt": "Romanesque"
        },
        {
          "si": 2,
          "sti": 2,
          "dti": 21,
          "sco": 15,
          "dco": 114,
          "txt": "Revival"
        },
        {
          "si": 2,
          "sti": 3,
          "dti": 22,
          "sco": 22,
          "dco": 121,
          "txt": "-"
        },
        {
          "si": 2,
          "sti": 4,
          "dti": 23,
          "sco": 23,
          "dco": 122,
          "txt": "style"
        },
        {
          "si": 2,
          "sti": 5,
          "dti": 24,
          "sco": 29,
          "dco": 128,
          "txt": "building"
        },
        {
          "si": 2,
          "sti": 6,
          "dti": 25,
          "sco": 38,
          "dco": 137,
          "txt": "was"
        },
        {
          "si": 2,
          "sti": 7,
          "dti": 26,
          "sco": 42,
          "dco": 141,
          "txt": "designed"
        },
        {
          "si": 2,
          "sti": 8,
          "dti": 27,
          "sco": 51,
          "dco": 150,
          "txt": "by"
        },
        {
          "si": 2,
          "sti": 9,
          "dti": 28,
          "sco": 54,
          "dco": 153,
          "txt": "architecture"
        },
        {
          "si": 2,
          "sti": 10,
          "dti": 29,
          "sco": 67,
          "dco": 166,
          "txt": "George"
        },
        {
          "si": 2,
          "sti": 11,
          "dti": 30,
          "sco": 74,
          "dco": 173,
          "txt": "M"
        },
        {
          "si": 2,
          "sti": 12,
          "dti": 31,
          "sco": 75,
          "dco": 174,
          "txt": "."
        },
        {
          "si": 3,
          "sti": 0,
          "dti": 32,
          "sco": 0,
          "dco": 176,
          "txt": "Coombs"
        },
        {
          "si": 3,
          "sti": 1,
          "dti": 33,
          "sco": 7,
          "dco": 183,
          "txt": "and"
        },
        {
          "si": 3,
          "sti": 2,
          "dti": 34,
          "sco": 11,
          "dco": 187,
          "txt": "was"
        },
        {
          "si": 3,
          "sti": 3,
          "dti": 35,
          "sco": 15,
          "dco": 191,
          "txt": "built"
        },
        {
          "si": 3,
          "sti": 4,
          "dti": 36,
          "sco": 21,
          "dco": 197,
          "txt": "in"
        },
        {
          "si": 3,
          "sti": 5,
          "dti": 37,
          "sco": 24,
          "dco": 200,
          "txt": "1890"
        },
        {
          "si": 3,
          "sti": 6,
          "dti": 38,
          "sco": 28,
          "dco": 204,
          "txt": "."
        },
        {
          "si": 4,
          "sti": 0,
          "dti": 39,
          "sco": 0,
          "dco": 206,
          "txt": "It"
        },
        {
          "si": 4,
          "sti": 1,
          "dti": 40,
          "sco": 3,
          "dco": 209,
          "txt": "was"
        },
        {
          "si": 4,
          "sti": 2,
          "dti": 41,
          "sco": 7,
          "dco": 213,
          "txt": "originally"
        },
        {
          "si": 4,
          "sti": 3,
          "dti": 42,
          "sco": 18,
          "dco": 224,
          "txt": "known"
        },
        {
          "si": 4,
          "sti": 4,
          "dti": 43,
          "sco": 24,
          "dco": 230,
          "txt": "as"
        },
        {
          "si": 4,
          "sti": 5,
          "dti": 44,
          "sco": 27,
          "dco": 233,
          "txt": "the"
        },
        {
          "si": 4,
          "sti": 6,
          "dti": 45,
          "sco": 31,
          "dco": 237,
          "txt": "Oak"
        },
        {
          "si": 4,
          "sti": 7,
          "dti": 46,
          "sco": 35,
          "dco": 241,
          "txt": "Street"
        },
        {
          "si": 4,
          "sti": 8,
          "dti": 47,
          "sco": 42,
          "dco": 248,
          "txt": "School"
        },
        {
          "si": 4,
          "sti": 9,
          "dti": 48,
          "sco": 48,
          "dco": 254,
          "txt": ","
        },
        {
          "si": 4,
          "sti": 10,
          "dti": 49,
          "sco": 50,
          "dco": 256,
          "txt": "because"
        },
        {
          "si": 4,
          "sti": 11,
          "dti": 50,
          "sco": 58,
          "dco": 264,
          "txt": "it"
        },
        {
          "si": 4,
          "sti": 12,
          "dti": 51,
          "sco": 61,
          "dco": 267,
          "txt": "was"
        },
        {
          "si": 4,
          "sti": 13,
          "dti": 52,
          "sco": 65,
          "dco": 271,
          "txt": "the"
        },
        {
          "si": 4,
          "sti": 14,
          "dti": 53,
          "sco": 69,
          "dco": 275,
          "txt": "location"
        },
        {
          "si": 4,
          "sti": 15,
          "dti": 54,
          "sco": 78,
          "dco": 284,
          "txt": "of"
        },
        {
          "si": 4,
          "sti": 16,
          "dti": 55,
          "sco": 81,
          "dco": 287,
          "txt": "the"
        },
        {
          "si": 4,
          "sti": 17,
          "dti": 56,
          "sco": 85,
          "dco": 291,
          "txt": "Oak"
        },
        {
          "si": 4,
          "sti": 18,
          "dti": 57,
          "sco": 89,
          "dco": 295,
          "txt": "Street"
        },
        {
          "si": 4,
          "sti": 19,
          "dti": 58,
          "sco": 96,
          "dco": 302,
          "txt": "Training"
        },
        {
          "si": 4,
          "sti": 20,
          "dti": 59,
          "sco": 105,
          "dco": 311,
          "txt": "School"
        },
        {
          "si": 4,
          "sti": 21,
          "dti": 60,
          "sco": 111,
          "dco": 317,
          "txt": ","
        },
        {
          "si": 4,
          "sti": 22,
          "dti": 61,
          "sco": 113,
          "dco": 319,
          "txt": "a"
        },
        {
          "si": 4,
          "sti": 23,
          "dti": 62,
          "sco": 115,
          "dco": 321,
          "txt": "normal"
        },
        {
          "si": 4,
          "sti": 24,
          "dti": 63,
          "sco": 122,
          "dco": 328,
          "txt": "school"
        },
        {
          "si": 4,
          "sti": 25,
          "dti": 64,
          "sco": 129,
          "dco": 335,
          "txt": "that"
        },
        {
          "si": 4,
          "sti": 26,
          "dti": 65,
          "sco": 134,
          "dco": 340,
          "txt": "trained"
        },
        {
          "si": 4,
          "sti": 27,
          "dti": 66,
          "sco": 142,
          "dco": 348,
          "txt": "schoolteachers"
        },
        {
          "si": 4,
          "sti": 28,
          "dti": 67,
          "sco": 156,
          "dco": 362,
          "txt": "."
        },
        {
          "si": 5,
          "sti": 0,
          "dti": 68,
          "sco": 0,
          "dco": 364,
          "txt": "The"
        },
        {
          "si": 5,
          "sti": 1,
          "dti": 69,
          "sco": 4,
          "dco": 368,
          "txt": "name"
        },
        {
          "si": 5,
          "sti": 2,
          "dti": 70,
          "sco": 9,
          "dco": 373,
          "txt": "was"
        },
        {
          "si": 5,
          "sti": 3,
          "dti": 71,
          "sco": 13,
          "dco": 377,
          "txt": "changed"
        },
        {
          "si": 5,
          "sti": 4,
          "dti": 72,
          "sco": 21,
          "dco": 385,
          "txt": "to"
        },
        {
          "si": 5,
          "sti": 5,
          "dti": 73,
          "sco": 24,
          "dco": 388,
          "txt": "the"
        },
        {
          "si": 5,
          "sti": 6,
          "dti": 74,
          "sco": 28,
          "dco": 392,
          "txt": "Dingley"
        },
        {
          "si": 5,
          "sti": 7,
          "dti": 75,
          "sco": 36,
          "dco": 400,
          "txt": "Building"
        },
        {
          "si": 5,
          "sti": 8,
          "dti": 76,
          "sco": 45,
          "dco": 409,
          "txt": "in"
        },
        {
          "si": 5,
          "sti": 9,
          "dti": 77,
          "sco": 48,
          "dco": 412,
          "txt": "1899"
        },
        {
          "si": 5,
          "sti": 10,
          "dti": 78,
          "sco": 53,
          "dco": 417,
          "txt": "in"
        },
        {
          "si": 5,
          "sti": 11,
          "dti": 79,
          "sco": 56,
          "dco": 420,
          "txt": "honor"
        },
        {
          "si": 5,
          "sti": 12,
          "dti": 80,
          "sco": 62,
          "dco": 426,
          "txt": "of"
        },
        {
          "si": 5,
          "sti": 13,
          "dti": 81,
          "sco": 65,
          "dco": 429,
          "txt": "Nelson"
        },
        {
          "si": 5,
          "sti": 14,
          "dti": 82,
          "sco": 72,
          "dco": 436,
          "txt": "Dingley"
        },
        {
          "si": 5,
          "sti": 15,
          "dti": 83,
          "sco": 79,
          "dco": 443,
          "txt": ","
        },
        {
          "si": 5,
          "sti": 16,
          "dti": 84,
          "sco": 81,
          "dco": 445,
          "txt": "Jr"
        },
        {
          "si": 5,
          "sti": 17,
          "dti": 85,
          "sco": 83,
          "dco": 447,
          "txt": "."
        },
        {
          "si": 5,
          "sti": 18,
          "dti": 86,
          "sco": 84,
          "dco": 448,
          "txt": ","
        },
        {
          "si": 5,
          "sti": 19,
          "dti": 87,
          "sco": 86,
          "dco": 450,
          "txt": "a"
        },
        {
          "si": 5,
          "sti": 20,
          "dti": 88,
          "sco": 88,
          "dco": 452,
          "txt": "former"
        },
        {
          "si": 5,
          "sti": 21,
          "dti": 89,
          "sco": 95,
          "dco": 459,
          "txt": "governor"
        },
        {
          "si": 5,
          "sti": 22,
          "dti": 90,
          "sco": 104,
          "dco": 468,
          "txt": "of"
        },
        {
          "si": 5,
          "sti": 23,
          "dti": 91,
          "sco": 107,
          "dco": 471,
          "txt": "Maine"
        },
        {
          "si": 5,
          "sti": 24,
          "dti": 92,
          "sco": 113,
          "dco": 477,
          "txt": "and"
        },
        {
          "si": 5,
          "sti": 25,
          "dti": 93,
          "sco": 117,
          "dco": 481,
          "txt": "longtime"
        },
        {
          "si": 5,
          "sti": 26,
          "dti": 94,
          "sco": 126,
          "dco": 490,
          "txt": "congressman"
        },
        {
          "si": 5,
          "sti": 27,
          "dti": 95,
          "sco": 138,
          "dco": 502,
          "txt": "from"
        },
        {
          "si": 5,
          "sti": 28,
          "dti": 96,
          "sco": 143,
          "dco": 507,
          "txt": "Maine"
        },
        {
          "si": 5,
          "sti": 29,
          "dti": 97,
          "sco": 148,
          "dco": 512,
          "txt": "'"
        },
        {
          "si": 5,
          "sti": 30,
          "dti": 98,
          "sco": 149,
          "dco": 513,
          "txt": "s"
        },
        {
          "si": 5,
          "sti": 31,
          "dti": 99,
          "sco": 151,
          "dco": 515,
          "txt": "second"
        },
        {
          "si": 5,
          "sti": 32,
          "dti": 100,
          "sco": 158,
          "dco": 522,
          "txt": "district"
        },
        {
          "si": 5,
          "sti": 33,
          "dti": 101,
          "sco": 166,
          "dco": 530,
          "txt": "."
        },
        {
          "si": 6,
          "sti": 0,
          "dti": 102,
          "sco": 0,
          "dco": 532,
          "txt": "It"
        },
        {
          "si": 6,
          "sti": 1,
          "dti": 103,
          "sco": 3,
          "dco": 535,
          "txt": "was"
        },
        {
          "si": 6,
          "sti": 2,
          "dti": 104,
          "sco": 7,
          "dco": 539,
          "txt": "later"
        },
        {
          "si": 6,
          "sti": 3,
          "dti": 105,
          "sco": 13,
          "dco": 545,
          "txt": "used"
        },
        {
          "si": 6,
          "sti": 4,
          "dti": 106,
          "sco": 18,
          "dco": 550,
          "txt": "as"
        },
        {
          "si": 6,
          "sti": 5,
          "dti": 107,
          "sco": 21,
          "dco": 553,
          "txt": "an"
        },
        {
          "si": 6,
          "sti": 6,
          "dti": 108,
          "sco": 24,
          "dco": 556,
          "txt": "elementary"
        },
        {
          "si": 6,
          "sti": 7,
          "dti": 109,
          "sco": 35,
          "dco": 567,
          "txt": "school"
        },
        {
          "si": 6,
          "sti": 8,
          "dti": 110,
          "sco": 41,
          "dco": 573,
          "txt": ","
        },
        {
          "si": 6,
          "sti": 9,
          "dti": 111,
          "sco": 43,
          "dco": 575,
          "txt": "then"
        },
        {
          "si": 6,
          "sti": 10,
          "dti": 112,
          "sco": 48,
          "dco": 580,
          "txt": "the"
        },
        {
          "si": 6,
          "sti": 11,
          "dti": 113,
          "sco": 52,
          "dco": 584,
          "txt": "headquarters"
        },
        {
          "si": 6,
          "sti": 12,
          "dti": 114,
          "sco": 65,
          "dco": 597,
          "txt": "for"
        },
        {
          "si": 6,
          "sti": 13,
          "dti": 115,
          "sco": 69,
          "dco": 601,
          "txt": "the"
        },
        {
          "si": 6,
          "sti": 14,
          "dti": 116,
          "sco": 73,
          "dco": 605,
          "txt": "Lewiston"
        },
        {
          "si": 6,
          "sti": 15,
          "dti": 117,
          "sco": 82,
          "dco": 614,
          "txt": "Board"
        },
        {
          "si": 6,
          "sti": 16,
          "dti": 118,
          "sco": 88,
          "dco": 620,
          "txt": "of"
        },
        {
          "si": 6,
          "sti": 17,
          "dti": 119,
          "sco": 91,
          "dco": 623,
          "txt": "Education"
        },
        {
          "si": 6,
          "sti": 18,
          "dti": 120,
          "sco": 100,
          "dco": 632,
          "txt": "."
        },
        {
          "si": 7,
          "sti": 0,
          "dti": 121,
          "sco": 0,
          "dco": 634,
          "txt": "It"
        },
        {
          "si": 7,
          "sti": 1,
          "dti": 122,
          "sco": 3,
          "dco": 637,
          "txt": "remains"
        },
        {
          "si": 7,
          "sti": 2,
          "dti": 123,
          "sco": 11,
          "dco": 645,
          "txt": "the"
        },
        {
          "si": 7,
          "sti": 3,
          "dti": 124,
          "sco": 15,
          "dco": 649,
          "txt": "central"
        },
        {
          "si": 7,
          "sti": 4,
          "dti": 125,
          "sco": 23,
          "dco": 657,
          "txt": "office"
        },
        {
          "si": 7,
          "sti": 5,
          "dti": 126,
          "sco": 30,
          "dco": 664,
          "txt": "for"
        },
        {
          "si": 7,
          "sti": 6,
          "dti": 127,
          "sco": 34,
          "dco": 668,
          "txt": "the"
        },
        {
          "si": 7,
          "sti": 7,
          "dti": 128,
          "sco": 38,
          "dco": 672,
          "txt": "school"
        },
        {
          "si": 7,
          "sti": 8,
          "dti": 129,
          "sco": 45,
          "dco": 679,
          "txt": "district"
        },
        {
          "si": 7,
          "sti": 9,
          "dti": 130,
          "sco": 54,
          "dco": 688,
          "txt": "today"
        },
        {
          "si": 7,
          "sti": 10,
          "dti": 131,
          "sco": 59,
          "dco": 693,
          "txt": "."
        },
        {
          "si": 8,
          "sti": 0,
          "dti": 132,
          "sco": 0,
          "dco": 695,
          "txt": "The"
        },
        {
          "si": 8,
          "sti": 1,
          "dti": 133,
          "sco": 4,
          "dco": 699,
          "txt": "Lewiston"
        },
        {
          "si": 8,
          "sti": 2,
          "dti": 134,
          "sco": 13,
          "dco": 708,
          "txt": "Historical"
        },
        {
          "si": 8,
          "sti": 3,
          "dti": 135,
          "sco": 24,
          "dco": 719,
          "txt": "Commission"
        },
        {
          "si": 8,
          "sti": 4,
          "dti": 136,
          "sco": 35,
          "dco": 730,
          "txt": "also"
        },
        {
          "si": 8,
          "sti": 5,
          "dti": 137,
          "sco": 40,
          "dco": 735,
          "txt": "meets"
        },
        {
          "si": 8,
          "sti": 6,
          "dti": 138,
          "sco": 46,
          "dco": 741,
          "txt": "in"
        },
        {
          "si": 8,
          "sti": 7,
          "dti": 139,
          "sco": 49,
          "dco": 744,
          "txt": "the"
        },
        {
          "si": 8,
          "sti": 8,
          "dti": 140,
          "sco": 53,
          "dco": 748,
          "txt": "building"
        },
        {
          "si": 8,
          "sti": 9,
          "dti": 141,
          "sco": 61,
          "dco": 756,
          "txt": "."
        },
        {
          "si": 9,
          "sti": 0,
          "dti": 142,
          "sco": 0,
          "dco": 758,
          "txt": "It"
        },
        {
          "si": 9,
          "sti": 1,
          "dti": 143,
          "sco": 3,
          "dco": 761,
          "txt": "was"
        },
        {
          "si": 9,
          "sti": 2,
          "dti": 144,
          "sco": 7,
          "dco": 765,
          "txt": "added"
        },
        {
          "si": 9,
          "sti": 3,
          "dti": 145,
          "sco": 13,
          "dco": 771,
          "txt": "to"
        },
        {
          "si": 9,
          "sti": 4,
          "dti": 146,
          "sco": 16,
          "dco": 774,
          "txt": "the"
        },
        {
          "si": 9,
          "sti": 5,
          "dti": 147,
          "sco": 20,
          "dco": 778,
          "txt": "National"
        },
        {
          "si": 9,
          "sti": 6,
          "dti": 148,
          "sco": 29,
          "dco": 787,
          "txt": "Register"
        },
        {
          "si": 9,
          "sti": 7,
          "dti": 149,
          "sco": 38,
          "dco": 796,
          "txt": "of"
        },
        {
          "si": 9,
          "sti": 8,
          "dti": 150,
          "sco": 41,
          "dco": 799,
          "txt": "Historic"
        },
        {
          "si": 9,
          "sti": 9,
          "dti": 151,
          "sco": 50,
          "dco": 808,
          "txt": "Places"
        },
        {
          "si": 9,
          "sti": 10,
          "dti": 152,
          "sco": 57,
          "dco": 815,
          "txt": "("
        },
        {
          "si": 9,
          "sti": 11,
          "dti": 153,
          "sco": 58,
          "dco": 816,
          "txt": "on"
        },
        {
          "si": 9,
          "sti": 12,
          "dti": 154,
          "sco": 61,
          "dco": 819,
          "txt": "which"
        },
        {
          "si": 9,
          "sti": 13,
          "dti": 155,
          "sco": 67,
          "dco": 825,
          "txt": "it"
        },
        {
          "si": 9,
          "sti": 14,
          "dti": 156,
          "sco": 70,
          "dco": 828,
          "txt": "is"
        },
        {
          "si": 9,
          "sti": 15,
          "dti": 157,
          "sco": 73,
          "dco": 831,
          "txt": "listed"
        },
        {
          "si": 9,
          "sti": 16,
          "dti": 158,
          "sco": 80,
          "dco": 838,
          "txt": "as"
        },
        {
          "si": 9,
          "sti": 17,
          "dti": 159,
          "sco": 83,
          "dco": 841,
          "txt": "the"
        },
        {
          "si": 9,
          "sti": 18,
          "dti": 160,
          "sco": 87,
          "dco": 845,
          "txt": "\""
        },
        {
          "si": 9,
          "sti": 19,
          "dti": 161,
          "sco": 88,
          "dco": 846,
          "txt": "Oak"
        },
        {
          "si": 9,
          "sti": 20,
          "dti": 162,
          "sco": 92,
          "dco": 850,
          "txt": "Street"
        },
        {
          "si": 9,
          "sti": 21,
          "dti": 163,
          "sco": 99,
          "dco": 857,
          "txt": "School"
        },
        {
          "si": 9,
          "sti": 22,
          "dti": 164,
          "sco": 105,
          "dco": 863,
          "txt": "\""
        },
        {
          "si": 9,
          "sti": 23,
          "dti": 165,
          "sco": 106,
          "dco": 864,
          "txt": ")"
        },
        {
          "si": 9,
          "sti": 24,
          "dti": 166,
          "sco": 108,
          "dco": 866,
          "txt": "in"
        },
        {
          "si": 9,
          "sti": 25,
          "dti": 167,
          "sco": 111,
          "dco": 869,
          "txt": "1976"
        },
        {
          "si": 9,
          "sti": 26,
          "dti": 168,
          "sco": 115,
          "dco": 873,
          "txt": "."
        },
        {
          "si": 10,
          "sti": 0,
          "dti": 169,
          "sco": 0,
          "dco": 875,
          "txt": "A"
        },
        {
          "si": 10,
          "sti": 1,
          "dti": 170,
          "sco": 2,
          "dco": 877,
          "txt": "lightning"
        },
        {
          "si": 10,
          "sti": 2,
          "dti": 171,
          "sco": 12,
          "dco": 887,
          "txt": "bolt"
        },
        {
          "si": 10,
          "sti": 3,
          "dti": 172,
          "sco": 17,
          "dco": 892,
          "txt": "struck"
        },
        {
          "si": 10,
          "sti": 4,
          "dti": 173,
          "sco": 24,
          "dco": 899,
          "txt": "the"
        },
        {
          "si": 10,
          "sti": 5,
          "dti": 174,
          "sco": 28,
          "dco": 903,
          "txt": "Dingley"
        },
        {
          "si": 10,
          "sti": 6,
          "dti": 175,
          "sco": 36,
          "dco": 911,
          "txt": "Building"
        },
        {
          "si": 10,
          "sti": 7,
          "dti": 176,
          "sco": 45,
          "dco": 920,
          "txt": "in"
        },
        {
          "si": 10,
          "sti": 8,
          "dti": 177,
          "sco": 48,
          "dco": 923,
          "txt": "June"
        },
        {
          "si": 10,
          "sti": 9,
          "dti": 178,
          "sco": 53,
          "dco": 928,
          "txt": "2008"
        },
        {
          "si": 10,
          "sti": 10,
          "dti": 179,
          "sco": 57,
          "dco": 932,
          "txt": ","
        },
        {
          "si": 10,
          "sti": 11,
          "dti": 180,
          "sco": 59,
          "dco": 934,
          "txt": "causing"
        },
        {
          "si": 10,
          "sti": 12,
          "dti": 181,
          "sco": 67,
          "dco": 942,
          "txt": "no"
        },
        {
          "si": 10,
          "sti": 13,
          "dti": 182,
          "sco": 70,
          "dco": 945,
          "txt": "injuries"
        },
        {
          "si": 10,
          "sti": 14,
          "dti": 183,
          "sco": 78,
          "dco": 953,
          "txt": ","
        },
        {
          "si": 10,
          "sti": 15,
          "dti": 184,
          "sco": 80,
          "dco": 955,
          "txt": "but"
        },
        {
          "si": 10,
          "sti": 16,
          "dti": 185,
          "sco": 84,
          "dco": 959,
          "txt": "resulting"
        },
        {
          "si": 10,
          "sti": 17,
          "dti": 186,
          "sco": 94,
          "dco": 969,
          "txt": "in"
        },
        {
          "si": 10,
          "sti": 18,
          "dti": 187,
          "sco": 97,
          "dco": 972,
          "txt": "moderate"
        },
        {
          "si": 10,
          "sti": 19,
          "dti": 188,
          "sco": 106,
          "dco": 981,
          "txt": "damage"
        },
        {
          "si": 10,
          "sti": 20,
          "dti": 189,
          "sco": 113,
          "dco": 988,
          "txt": "to"
        },
        {
          "si": 10,
          "sti": 21,
          "dti": 190,
          "sco": 116,
          "dco": 991,
          "txt": "the"
        },
        {
          "si": 10,
          "sti": 22,
          "dti": 191,
          "sco": 120,
          "dco": 995,
          "txt": "wooden"
        },
        {
          "si": 10,
          "sti": 23,
          "dti": 192,
          "sco": 127,
          "dco": 1002,
          "txt": "tower"
        },
        {
          "si": 10,
          "sti": 24,
          "dti": 193,
          "sco": 133,
          "dco": 1008,
          "txt": "as"
        },
        {
          "si": 10,
          "sti": 25,
          "dti": 194,
          "sco": 136,
          "dco": 1011,
          "txt": "well"
        },
        {
          "si": 10,
          "sti": 26,
          "dti": 195,
          "sco": 141,
          "dco": 1016,
          "txt": "as"
        },
        {
          "si": 10,
          "sti": 27,
          "dti": 196,
          "sco": 144,
          "dco": 1019,
          "txt": "utilities"
        },
        {
          "si": 10,
          "sti": 28,
          "dti": 197,
          "sco": 153,
          "dco": 1028,
          "txt": "."
        }
      ]
    },
    "ganns": {
      "dla": [],
      "la": [],
      "ea": [],
      "eta": [
        {
          "ra": {
            "ea": {
              "etn": "Dingley_Building"
            }
          },
          "sfs": [
            [
              {
                "stn": "openingYear"
              },
              {}
            ]
          ],
          "mfs": [
            [
              {
                "stn": "architect"
              },
              {
                "dla": [],
                "la": [],
                "ea": [
                  {
                    "etn": "George_M._Coombs"
                  }
                ],
                "eta": []
              }
            ],
            [
              {
                "stn": "yearOfConstruction"
              },
              {
                "dla": [
                  {
                    "txt": {
                      "sff": "1890"
                    },
                    "et": {
                      "etn": "Year"
                    },
                    "dp": {
                      "off": 200
                    }
                  }
                ],
                "la": [],
                "ea": [],
                "eta": []
              }
            ],
            [
              {
                "stn": "architecturalStyle"
              },
              {
                "dla": [],
                "la": [],
                "ea": [
                  {
                    "etn": "Romanesque_Revival_architecture"
                  }
                ],
                "eta": []
              }
            ],
            [
              {
                "stn": "location"
              },
              {
                "dla": [],
                "la": [],
                "ea": [
                  {
                    "etn": "Lewiston,_Maine"
                  }
                ],
                "eta": []
              }
            ]
          ]
        }
      ]
    }
  }
]
