[
  {
    "context": "TEST",
    "doc": {
      "id": "Ednam_House",
      "tl": [
        {
          "si": 0,
          "sti": 0,
          "dti": 0,
          "sco": 0,
          "dco": 0,
          "txt": "Ednam"
        },
        {
          "si": 0,
          "sti": 1,
          "dti": 1,
          "sco": 6,
          "dco": 6,
          "txt": "House"
        },
        {
          "si": 0,
          "sti": 2,
          "dti": 2,
          "sco": 11,
          "dco": 11,
          "txt": "."
        },
        {
          "si": 1,
          "sti": 0,
          "dti": 3,
          "sco": 0,
          "dco": 13,
          "txt": "Ednam"
        },
        {
          "si": 1,
          "sti": 1,
          "dti": 4,
          "sco": 6,
          "dco": 19,
          "txt": "Houseis"
        },
        {
          "si": 1,
          "sti": 2,
          "dti": 5,
          "sco": 14,
          "dco": 27,
          "txt": "a"
        },
        {
          "si": 1,
          "sti": 3,
          "dti": 6,
          "sco": 16,
          "dco": 29,
          "txt": "historic"
        },
        {
          "si": 1,
          "sti": 4,
          "dti": 7,
          "sco": 25,
          "dco": 38,
          "txt": "home"
        },
        {
          "si": 1,
          "sti": 5,
          "dti": 8,
          "sco": 30,
          "dco": 43,
          "txt": "located"
        },
        {
          "si": 1,
          "sti": 6,
          "dti": 9,
          "sco": 38,
          "dco": 51,
          "txt": "near"
        },
        {
          "si": 1,
          "sti": 7,
          "dti": 10,
          "sco": 43,
          "dco": 56,
          "txt": "Ednam"
        },
        {
          "si": 1,
          "sti": 8,
          "dti": 11,
          "sco": 48,
          "dco": 61,
          "txt": ","
        },
        {
          "si": 1,
          "sti": 9,
          "dti": 12,
          "sco": 50,
          "dco": 63,
          "txt": "Albemarle"
        },
        {
          "si": 1,
          "sti": 10,
          "dti": 13,
          "sco": 60,
          "dco": 73,
          "txt": "County"
        },
        {
          "si": 1,
          "sti": 11,
          "dti": 14,
          "sco": 66,
          "dco": 79,
          "txt": ","
        },
        {
          "si": 1,
          "sti": 12,
          "dti": 15,
          "sco": 68,
          "dco": 81,
          "txt": "Virginia"
        },
        {
          "si": 1,
          "sti": 13,
          "dti": 16,
          "sco": 76,
          "dco": 89,
          "txt": "."
        },
        {
          "si": 2,
          "sti": 0,
          "dti": 17,
          "sco": 0,
          "dco": 91,
          "txt": "It"
        },
        {
          "si": 2,
          "sti": 1,
          "dti": 18,
          "sco": 3,
          "dco": 94,
          "txt": "was"
        },
        {
          "si": 2,
          "sti": 2,
          "dti": 19,
          "sco": 7,
          "dco": 98,
          "txt": "designed"
        },
        {
          "si": 2,
          "sti": 3,
          "dti": 20,
          "sco": 16,
          "dco": 107,
          "txt": "by"
        },
        {
          "si": 2,
          "sti": 4,
          "dti": 21,
          "sco": 19,
          "dco": 110,
          "txt": "Richmond"
        },
        {
          "si": 2,
          "sti": 5,
          "dti": 22,
          "sco": 28,
          "dco": 119,
          "txt": "architect"
        },
        {
          "si": 2,
          "sti": 6,
          "dti": 23,
          "sco": 38,
          "dco": 129,
          "txt": "D"
        },
        {
          "si": 2,
          "sti": 7,
          "dti": 24,
          "sco": 39,
          "dco": 130,
          "txt": "."
        },
        {
          "si": 3,
          "sti": 0,
          "dti": 25,
          "sco": 0,
          "dco": 132,
          "txt": "Wiley"
        },
        {
          "si": 3,
          "sti": 1,
          "dti": 26,
          "sco": 6,
          "dco": 138,
          "txt": "Anderson"
        },
        {
          "si": 3,
          "sti": 2,
          "dti": 27,
          "sco": 15,
          "dco": 147,
          "txt": "in"
        },
        {
          "si": 3,
          "sti": 3,
          "dti": 28,
          "sco": 18,
          "dco": 150,
          "txt": "Colonial"
        },
        {
          "si": 3,
          "sti": 4,
          "dti": 29,
          "sco": 27,
          "dco": 159,
          "txt": "Revival"
        },
        {
          "si": 3,
          "sti": 5,
          "dti": 30,
          "sco": 35,
          "dco": 167,
          "txt": "style"
        },
        {
          "si": 3,
          "sti": 6,
          "dti": 31,
          "sco": 40,
          "dco": 172,
          "txt": "."
        },
        {
          "si": 4,
          "sti": 0,
          "dti": 32,
          "sco": 0,
          "dco": 174,
          "txt": "It"
        },
        {
          "si": 4,
          "sti": 1,
          "dti": 33,
          "sco": 3,
          "dco": 177,
          "txt": "was"
        },
        {
          "si": 4,
          "sti": 2,
          "dti": 34,
          "sco": 7,
          "dco": 181,
          "txt": "built"
        },
        {
          "si": 4,
          "sti": 3,
          "dti": 35,
          "sco": 13,
          "dco": 187,
          "txt": "about"
        },
        {
          "si": 4,
          "sti": 4,
          "dti": 36,
          "sco": 19,
          "dco": 193,
          "txt": "1905"
        },
        {
          "si": 4,
          "sti": 5,
          "dti": 37,
          "sco": 23,
          "dco": 197,
          "txt": ","
        },
        {
          "si": 4,
          "sti": 6,
          "dti": 38,
          "sco": 25,
          "dco": 199,
          "txt": "and"
        },
        {
          "si": 4,
          "sti": 7,
          "dti": 39,
          "sco": 29,
          "dco": 203,
          "txt": "is"
        },
        {
          "si": 4,
          "sti": 8,
          "dti": 40,
          "sco": 32,
          "dco": 206,
          "txt": "a"
        },
        {
          "si": 4,
          "sti": 9,
          "dti": 41,
          "sco": 34,
          "dco": 208,
          "txt": "two"
        },
        {
          "si": 4,
          "sti": 10,
          "dti": 42,
          "sco": 37,
          "dco": 211,
          "txt": "-"
        },
        {
          "si": 4,
          "sti": 11,
          "dti": 43,
          "sco": 38,
          "dco": 212,
          "txt": "story"
        },
        {
          "si": 4,
          "sti": 12,
          "dti": 44,
          "sco": 43,
          "dco": 217,
          "txt": ","
        },
        {
          "si": 4,
          "sti": 13,
          "dti": 45,
          "sco": 45,
          "dco": 219,
          "txt": "wood"
        },
        {
          "si": 4,
          "sti": 14,
          "dti": 46,
          "sco": 49,
          "dco": 223,
          "txt": "-"
        },
        {
          "si": 4,
          "sti": 15,
          "dti": 47,
          "sco": 50,
          "dco": 224,
          "txt": "frame"
        },
        {
          "si": 4,
          "sti": 16,
          "dti": 48,
          "sco": 56,
          "dco": 230,
          "txt": "structure"
        },
        {
          "si": 4,
          "sti": 17,
          "dti": 49,
          "sco": 66,
          "dco": 240,
          "txt": "sheathed"
        },
        {
          "si": 4,
          "sti": 18,
          "dti": 50,
          "sco": 75,
          "dco": 249,
          "txt": "in"
        },
        {
          "si": 4,
          "sti": 19,
          "dti": 51,
          "sco": 78,
          "dco": 252,
          "txt": "weatherboards"
        },
        {
          "si": 4,
          "sti": 20,
          "dti": 52,
          "sco": 92,
          "dco": 266,
          "txt": "and"
        },
        {
          "si": 4,
          "sti": 21,
          "dti": 53,
          "sco": 96,
          "dco": 270,
          "txt": "set"
        },
        {
          "si": 4,
          "sti": 22,
          "dti": 54,
          "sco": 100,
          "dco": 274,
          "txt": "on"
        },
        {
          "si": 4,
          "sti": 23,
          "dti": 55,
          "sco": 103,
          "dco": 277,
          "txt": "a"
        },
        {
          "si": 4,
          "sti": 24,
          "dti": 56,
          "sco": 105,
          "dco": 279,
          "txt": "low"
        },
        {
          "si": 4,
          "sti": 25,
          "dti": 57,
          "sco": 108,
          "dco": 282,
          "txt": ","
        },
        {
          "si": 4,
          "sti": 26,
          "dti": 58,
          "sco": 110,
          "dco": 284,
          "txt": "brick"
        },
        {
          "si": 4,
          "sti": 27,
          "dti": 59,
          "sco": 116,
          "dco": 290,
          "txt": "foundation"
        },
        {
          "si": 4,
          "sti": 28,
          "dti": 60,
          "sco": 126,
          "dco": 300,
          "txt": "."
        },
        {
          "si": 5,
          "sti": 0,
          "dti": 61,
          "sco": 0,
          "dco": 302,
          "txt": "The"
        },
        {
          "si": 5,
          "sti": 1,
          "dti": 62,
          "sco": 4,
          "dco": 306,
          "txt": "main"
        },
        {
          "si": 5,
          "sti": 2,
          "dti": 63,
          "sco": 9,
          "dco": 311,
          "txt": "block"
        },
        {
          "si": 5,
          "sti": 3,
          "dti": 64,
          "sco": 15,
          "dco": 317,
          "txt": "is"
        },
        {
          "si": 5,
          "sti": 4,
          "dti": 65,
          "sco": 18,
          "dco": 320,
          "txt": "covered"
        },
        {
          "si": 5,
          "sti": 5,
          "dti": 66,
          "sco": 26,
          "dco": 328,
          "txt": "by"
        },
        {
          "si": 5,
          "sti": 6,
          "dti": 67,
          "sco": 29,
          "dco": 331,
          "txt": "a"
        },
        {
          "si": 5,
          "sti": 7,
          "dti": 68,
          "sco": 31,
          "dco": 333,
          "txt": "steep"
        },
        {
          "si": 5,
          "sti": 8,
          "dti": 69,
          "sco": 37,
          "dco": 339,
          "txt": "deck"
        },
        {
          "si": 5,
          "sti": 9,
          "dti": 70,
          "sco": 41,
          "dco": 343,
          "txt": "-"
        },
        {
          "si": 5,
          "sti": 10,
          "dti": 71,
          "sco": 42,
          "dco": 344,
          "txt": "on"
        },
        {
          "si": 5,
          "sti": 11,
          "dti": 72,
          "sco": 44,
          "dco": 346,
          "txt": "-"
        },
        {
          "si": 5,
          "sti": 12,
          "dti": 73,
          "sco": 45,
          "dco": 347,
          "txt": "hip"
        },
        {
          "si": 5,
          "sti": 13,
          "dti": 74,
          "sco": 49,
          "dco": 351,
          "txt": "roof"
        },
        {
          "si": 5,
          "sti": 14,
          "dti": 75,
          "sco": 53,
          "dco": 355,
          "txt": ","
        },
        {
          "si": 5,
          "sti": 15,
          "dti": 76,
          "sco": 55,
          "dco": 357,
          "txt": "with"
        },
        {
          "si": 5,
          "sti": 16,
          "dti": 77,
          "sco": 60,
          "dco": 362,
          "txt": "tall"
        },
        {
          "si": 5,
          "sti": 17,
          "dti": 78,
          "sco": 64,
          "dco": 366,
          "txt": ","
        },
        {
          "si": 5,
          "sti": 18,
          "dti": 79,
          "sco": 66,
          "dco": 368,
          "txt": "brick"
        },
        {
          "si": 5,
          "sti": 19,
          "dti": 80,
          "sco": 71,
          "dco": 373,
          "txt": ","
        },
        {
          "si": 5,
          "sti": 20,
          "dti": 81,
          "sco": 73,
          "dco": 375,
          "txt": "pilastered"
        },
        {
          "si": 5,
          "sti": 21,
          "dti": 82,
          "sco": 84,
          "dco": 386,
          "txt": "chimneys"
        },
        {
          "si": 5,
          "sti": 22,
          "dti": 83,
          "sco": 93,
          "dco": 395,
          "txt": "with"
        },
        {
          "si": 5,
          "sti": 23,
          "dti": 84,
          "sco": 98,
          "dco": 400,
          "txt": "corbeled"
        },
        {
          "si": 5,
          "sti": 24,
          "dti": 85,
          "sco": 107,
          "dco": 409,
          "txt": "caps"
        },
        {
          "si": 5,
          "sti": 25,
          "dti": 86,
          "sco": 112,
          "dco": 414,
          "txt": "projecting"
        },
        {
          "si": 5,
          "sti": 26,
          "dti": 87,
          "sco": 123,
          "dco": 425,
          "txt": "from"
        },
        {
          "si": 5,
          "sti": 27,
          "dti": 88,
          "sco": 128,
          "dco": 430,
          "txt": "the"
        },
        {
          "si": 5,
          "sti": 28,
          "dti": 89,
          "sco": 132,
          "dco": 434,
          "txt": "roof"
        },
        {
          "si": 5,
          "sti": 29,
          "dti": 90,
          "sco": 137,
          "dco": 439,
          "txt": "on"
        },
        {
          "si": 5,
          "sti": 30,
          "dti": 91,
          "sco": 140,
          "dco": 442,
          "txt": "each"
        },
        {
          "si": 5,
          "sti": 31,
          "dti": 92,
          "sco": 145,
          "dco": 447,
          "txt": "elevation"
        },
        {
          "si": 5,
          "sti": 32,
          "dti": 93,
          "sco": 154,
          "dco": 456,
          "txt": "."
        },
        {
          "si": 6,
          "sti": 0,
          "dti": 94,
          "sco": 0,
          "dco": 458,
          "txt": "Attached"
        },
        {
          "si": 6,
          "sti": 1,
          "dti": 95,
          "sco": 9,
          "dco": 467,
          "txt": "to"
        },
        {
          "si": 6,
          "sti": 2,
          "dti": 96,
          "sco": 12,
          "dco": 470,
          "txt": "the"
        },
        {
          "si": 6,
          "sti": 3,
          "dti": 97,
          "sco": 16,
          "dco": 474,
          "txt": "main"
        },
        {
          "si": 6,
          "sti": 4,
          "dti": 98,
          "sco": 21,
          "dco": 479,
          "txt": "block"
        },
        {
          "si": 6,
          "sti": 5,
          "dti": 99,
          "sco": 27,
          "dco": 485,
          "txt": "are"
        },
        {
          "si": 6,
          "sti": 6,
          "dti": 100,
          "sco": 31,
          "dco": 489,
          "txt": "a"
        },
        {
          "si": 6,
          "sti": 7,
          "dti": 101,
          "sco": 33,
          "dco": 491,
          "txt": "series"
        },
        {
          "si": 6,
          "sti": 8,
          "dti": 102,
          "sco": 40,
          "dco": 498,
          "txt": "of"
        },
        {
          "si": 6,
          "sti": 9,
          "dti": 103,
          "sco": 43,
          "dco": 501,
          "txt": "rear"
        },
        {
          "si": 6,
          "sti": 10,
          "dti": 104,
          "sco": 48,
          "dco": 506,
          "txt": "ells"
        },
        {
          "si": 6,
          "sti": 11,
          "dti": 105,
          "sco": 53,
          "dco": 511,
          "txt": "covered"
        },
        {
          "si": 6,
          "sti": 12,
          "dti": 106,
          "sco": 61,
          "dco": 519,
          "txt": "by"
        },
        {
          "si": 6,
          "sti": 13,
          "dti": 107,
          "sco": 64,
          "dco": 522,
          "txt": "low"
        },
        {
          "si": 6,
          "sti": 14,
          "dti": 108,
          "sco": 67,
          "dco": 525,
          "txt": "-"
        },
        {
          "si": 6,
          "sti": 15,
          "dti": 109,
          "sco": 68,
          "dco": 526,
          "txt": "hipped"
        },
        {
          "si": 6,
          "sti": 16,
          "dti": 110,
          "sco": 75,
          "dco": 533,
          "txt": "roofs"
        },
        {
          "si": 6,
          "sti": 17,
          "dti": 111,
          "sco": 80,
          "dco": 538,
          "txt": "."
        },
        {
          "si": 7,
          "sti": 0,
          "dti": 112,
          "sco": 0,
          "dco": 540,
          "txt": "The"
        },
        {
          "si": 7,
          "sti": 1,
          "dti": 113,
          "sco": 4,
          "dco": 544,
          "txt": "front"
        },
        {
          "si": 7,
          "sti": 2,
          "dti": 114,
          "sco": 10,
          "dco": 550,
          "txt": "facade"
        },
        {
          "si": 7,
          "sti": 3,
          "dti": 115,
          "sco": 17,
          "dco": 557,
          "txt": "features"
        },
        {
          "si": 7,
          "sti": 4,
          "dti": 116,
          "sco": 26,
          "dco": 566,
          "txt": "an"
        },
        {
          "si": 7,
          "sti": 5,
          "dti": 117,
          "sco": 29,
          "dco": 569,
          "txt": "original"
        },
        {
          "si": 7,
          "sti": 6,
          "dti": 118,
          "sco": 38,
          "dco": 578,
          "txt": "colossal"
        },
        {
          "si": 7,
          "sti": 7,
          "dti": 119,
          "sco": 47,
          "dco": 587,
          "txt": "two"
        },
        {
          "si": 7,
          "sti": 8,
          "dti": 120,
          "sco": 50,
          "dco": 590,
          "txt": "-"
        },
        {
          "si": 7,
          "sti": 9,
          "dti": 121,
          "sco": 51,
          "dco": 591,
          "txt": "story"
        },
        {
          "si": 7,
          "sti": 10,
          "dti": 122,
          "sco": 57,
          "dco": 597,
          "txt": "portico"
        },
        {
          "si": 7,
          "sti": 11,
          "dti": 123,
          "sco": 65,
          "dco": 605,
          "txt": "consisting"
        },
        {
          "si": 7,
          "sti": 12,
          "dti": 124,
          "sco": 76,
          "dco": 616,
          "txt": "of"
        },
        {
          "si": 7,
          "sti": 13,
          "dti": 125,
          "sco": 79,
          "dco": 619,
          "txt": "four"
        },
        {
          "si": 7,
          "sti": 14,
          "dti": 126,
          "sco": 84,
          "dco": 624,
          "txt": "unfluted"
        },
        {
          "si": 7,
          "sti": 15,
          "dti": 127,
          "sco": 93,
          "dco": 633,
          "txt": "Ionic"
        },
        {
          "si": 7,
          "sti": 16,
          "dti": 128,
          "sco": 99,
          "dco": 639,
          "txt": "order"
        },
        {
          "si": 7,
          "sti": 17,
          "dti": 129,
          "sco": 105,
          "dco": 645,
          "txt": "columns"
        },
        {
          "si": 7,
          "sti": 18,
          "dti": 130,
          "sco": 112,
          "dco": 652,
          "txt": "."
        },
        {
          "si": 8,
          "sti": 0,
          "dti": 131,
          "sco": 0,
          "dco": 654,
          "txt": "It"
        },
        {
          "si": 8,
          "sti": 1,
          "dti": 132,
          "sco": 3,
          "dco": 657,
          "txt": "was"
        },
        {
          "si": 8,
          "sti": 2,
          "dti": 133,
          "sco": 7,
          "dco": 661,
          "txt": "listed"
        },
        {
          "si": 8,
          "sti": 3,
          "dti": 134,
          "sco": 14,
          "dco": 668,
          "txt": "on"
        },
        {
          "si": 8,
          "sti": 4,
          "dti": 135,
          "sco": 17,
          "dco": 671,
          "txt": "the"
        },
        {
          "si": 8,
          "sti": 5,
          "dti": 136,
          "sco": 21,
          "dco": 675,
          "txt": "National"
        },
        {
          "si": 8,
          "sti": 6,
          "dti": 137,
          "sco": 30,
          "dco": 684,
          "txt": "Register"
        },
        {
          "si": 8,
          "sti": 7,
          "dti": 138,
          "sco": 39,
          "dco": 693,
          "txt": "of"
        },
        {
          "si": 8,
          "sti": 8,
          "dti": 139,
          "sco": 42,
          "dco": 696,
          "txt": "Historic"
        },
        {
          "si": 8,
          "sti": 9,
          "dti": 140,
          "sco": 51,
          "dco": 705,
          "txt": "Places"
        },
        {
          "si": 8,
          "sti": 10,
          "dti": 141,
          "sco": 58,
          "dco": 712,
          "txt": "in"
        },
        {
          "si": 8,
          "sti": 11,
          "dti": 142,
          "sco": 61,
          "dco": 715,
          "txt": "1982"
        },
        {
          "si": 8,
          "sti": 12,
          "dti": 143,
          "sco": 65,
          "dco": 719,
          "txt": "."
        }
      ]
    },
    "ganns": {
      "dla": [],
      "la": [],
      "ea": [],
      "eta": [
        {
          "ra": {
            "ea": {
              "etn": "Ednam_House"
            }
          },
          "sfs": [
            [
              {
                "stn": "openingYear"
              },
              {}
            ]
          ],
          "mfs": [
            [
              {
                "stn": "architect"
              },
              {
                "dla": [],
                "la": [],
                "ea": [
                  {
                    "etn": "D._Wiley_Anderson"
                  }
                ],
                "eta": []
              }
            ],
            [
              {
                "stn": "yearOfConstruction"
              },
              {
                "dla": [
                  {
                    "txt": {
                      "sff": "1905"
                    },
                    "et": {
                      "etn": "Year"
                    },
                    "dp": {
                      "off": 193
                    }
                  }
                ],
                "la": [],
                "ea": [],
                "eta": []
              }
            ],
            [
              {
                "stn": "architecturalStyle"
              },
              {
                "dla": [],
                "la": [],
                "ea": [
                  {
                    "etn": "Colonial_Revival_architecture"
                  }
                ],
                "eta": []
              }
            ],
            [
              {
                "stn": "location"
              },
              {
                "dla": [],
                "la": [],
                "ea": [
                  {
                    "etn": "Ednam,_Virginia"
                  }
                ],
                "eta": []
              }
            ]
          ]
        }
      ]
    }
  }
]
