[
  {
    "context": "TRAIN",
    "doc": {
      "id": "First_Methodist_Episcopal_Church_of_Delta",
      "tl": [
        {
          "si": 0,
          "sti": 0,
          "dti": 0,
          "sco": 0,
          "dco": 0,
          "txt": "First"
        },
        {
          "si": 0,
          "sti": 1,
          "dti": 1,
          "sco": 6,
          "dco": 6,
          "txt": "Methodist"
        },
        {
          "si": 0,
          "sti": 2,
          "dti": 2,
          "sco": 16,
          "dco": 16,
          "txt": "Episcopal"
        },
        {
          "si": 0,
          "sti": 3,
          "dti": 3,
          "sco": 26,
          "dco": 26,
          "txt": "Church"
        },
        {
          "si": 0,
          "sti": 4,
          "dti": 4,
          "sco": 33,
          "dco": 33,
          "txt": "of"
        },
        {
          "si": 0,
          "sti": 5,
          "dti": 5,
          "sco": 36,
          "dco": 36,
          "txt": "Delta"
        },
        {
          "si": 0,
          "sti": 6,
          "dti": 6,
          "sco": 41,
          "dco": 41,
          "txt": "."
        },
        {
          "si": 1,
          "sti": 0,
          "dti": 7,
          "sco": 0,
          "dco": 43,
          "txt": "The"
        },
        {
          "si": 1,
          "sti": 1,
          "dti": 8,
          "sco": 4,
          "dco": 47,
          "txt": "First"
        },
        {
          "si": 1,
          "sti": 2,
          "dti": 9,
          "sco": 10,
          "dco": 53,
          "txt": "Methodist"
        },
        {
          "si": 1,
          "sti": 3,
          "dti": 10,
          "sco": 20,
          "dco": 63,
          "txt": "Episcopal"
        },
        {
          "si": 1,
          "sti": 4,
          "dti": 11,
          "sco": 30,
          "dco": 73,
          "txt": "Church"
        },
        {
          "si": 1,
          "sti": 5,
          "dti": 12,
          "sco": 37,
          "dco": 80,
          "txt": "of"
        },
        {
          "si": 1,
          "sti": 6,
          "dti": 13,
          "sco": 40,
          "dco": 83,
          "txt": "Delta"
        },
        {
          "si": 1,
          "sti": 7,
          "dti": 14,
          "sco": 45,
          "dco": 88,
          "txt": ","
        },
        {
          "si": 1,
          "sti": 8,
          "dti": 15,
          "sco": 47,
          "dco": 90,
          "txt": "located"
        },
        {
          "si": 1,
          "sti": 9,
          "dti": 16,
          "sco": 55,
          "dco": 98,
          "txt": "at"
        },
        {
          "si": 1,
          "sti": 10,
          "dti": 17,
          "sco": 58,
          "dco": 101,
          "txt": "199"
        },
        {
          "si": 1,
          "sti": 11,
          "dti": 18,
          "sco": 62,
          "dco": 105,
          "txt": "E"
        },
        {
          "si": 1,
          "sti": 12,
          "dti": 19,
          "sco": 63,
          "dco": 106,
          "txt": "."
        },
        {
          "si": 2,
          "sti": 0,
          "dti": 20,
          "sco": 0,
          "dco": 108,
          "txt": "Fifth"
        },
        {
          "si": 2,
          "sti": 1,
          "dti": 21,
          "sco": 6,
          "dco": 114,
          "txt": "St"
        },
        {
          "si": 2,
          "sti": 2,
          "dti": 22,
          "sco": 8,
          "dco": 116,
          "txt": "."
        },
        {
          "si": 2,
          "sti": 3,
          "dti": 23,
          "sco": 10,
          "dco": 118,
          "txt": "in"
        },
        {
          "si": 2,
          "sti": 4,
          "dti": 24,
          "sco": 13,
          "dco": 121,
          "txt": "Delta"
        },
        {
          "si": 2,
          "sti": 5,
          "dti": 25,
          "sco": 18,
          "dco": 126,
          "txt": ","
        },
        {
          "si": 2,
          "sti": 6,
          "dti": 26,
          "sco": 20,
          "dco": 128,
          "txt": "Colorado"
        },
        {
          "si": 2,
          "sti": 7,
          "dti": 27,
          "sco": 28,
          "dco": 136,
          "txt": ","
        },
        {
          "si": 2,
          "sti": 8,
          "dti": 28,
          "sco": 30,
          "dco": 138,
          "txt": "was"
        },
        {
          "si": 2,
          "sti": 9,
          "dti": 29,
          "sco": 34,
          "dco": 142,
          "txt": "built"
        },
        {
          "si": 2,
          "sti": 10,
          "dti": 30,
          "sco": 40,
          "dco": 148,
          "txt": "in"
        },
        {
          "si": 2,
          "sti": 11,
          "dti": 31,
          "sco": 43,
          "dco": 151,
          "txt": "1910"
        },
        {
          "si": 2,
          "sti": 12,
          "dti": 32,
          "sco": 48,
          "dco": 156,
          "txt": "in"
        },
        {
          "si": 2,
          "sti": 13,
          "dti": 33,
          "sco": 51,
          "dco": 159,
          "txt": "Tudor"
        },
        {
          "si": 2,
          "sti": 14,
          "dti": 34,
          "sco": 57,
          "dco": 165,
          "txt": "Revival"
        },
        {
          "si": 2,
          "sti": 15,
          "dti": 35,
          "sco": 65,
          "dco": 173,
          "txt": "architecture"
        },
        {
          "si": 2,
          "sti": 16,
          "dti": 36,
          "sco": 77,
          "dco": 185,
          "txt": "."
        },
        {
          "si": 3,
          "sti": 0,
          "dti": 37,
          "sco": 0,
          "dco": 187,
          "txt": "It"
        },
        {
          "si": 3,
          "sti": 1,
          "dti": 38,
          "sco": 3,
          "dco": 190,
          "txt": "was"
        },
        {
          "si": 3,
          "sti": 2,
          "dti": 39,
          "sco": 7,
          "dco": 194,
          "txt": "listed"
        },
        {
          "si": 3,
          "sti": 3,
          "dti": 40,
          "sco": 14,
          "dco": 201,
          "txt": "on"
        },
        {
          "si": 3,
          "sti": 4,
          "dti": 41,
          "sco": 17,
          "dco": 204,
          "txt": "the"
        },
        {
          "si": 3,
          "sti": 5,
          "dti": 42,
          "sco": 21,
          "dco": 208,
          "txt": "National"
        },
        {
          "si": 3,
          "sti": 6,
          "dti": 43,
          "sco": 30,
          "dco": 217,
          "txt": "Register"
        },
        {
          "si": 3,
          "sti": 7,
          "dti": 44,
          "sco": 39,
          "dco": 226,
          "txt": "of"
        },
        {
          "si": 3,
          "sti": 8,
          "dti": 45,
          "sco": 42,
          "dco": 229,
          "txt": "Historic"
        },
        {
          "si": 3,
          "sti": 9,
          "dti": 46,
          "sco": 51,
          "dco": 238,
          "txt": "Places"
        },
        {
          "si": 3,
          "sti": 10,
          "dti": 47,
          "sco": 58,
          "dco": 245,
          "txt": "in"
        },
        {
          "si": 3,
          "sti": 11,
          "dti": 48,
          "sco": 61,
          "dco": 248,
          "txt": "1991"
        },
        {
          "si": 3,
          "sti": 12,
          "dti": 49,
          "sco": 65,
          "dco": 252,
          "txt": "."
        },
        {
          "si": 4,
          "sti": 0,
          "dti": 50,
          "sco": 0,
          "dco": 254,
          "txt": "Its"
        },
        {
          "si": 4,
          "sti": 1,
          "dti": 51,
          "sco": 4,
          "dco": 258,
          "txt": "parsonage"
        },
        {
          "si": 4,
          "sti": 2,
          "dti": 52,
          "sco": 14,
          "dco": 268,
          "txt": "was"
        },
        {
          "si": 4,
          "sti": 3,
          "dti": 53,
          "sco": 18,
          "dco": 272,
          "txt": "included"
        },
        {
          "si": 4,
          "sti": 4,
          "dti": 54,
          "sco": 27,
          "dco": 281,
          "txt": "as"
        },
        {
          "si": 4,
          "sti": 5,
          "dti": 55,
          "sco": 30,
          "dco": 284,
          "txt": "a"
        },
        {
          "si": 4,
          "sti": 6,
          "dti": 56,
          "sco": 32,
          "dco": 286,
          "txt": "second"
        },
        {
          "si": 4,
          "sti": 7,
          "dti": 57,
          "sco": 39,
          "dco": 293,
          "txt": "contributing"
        },
        {
          "si": 4,
          "sti": 8,
          "dti": 58,
          "sco": 52,
          "dco": 306,
          "txt": "building"
        },
        {
          "si": 4,
          "sti": 9,
          "dti": 59,
          "sco": 61,
          "dco": 315,
          "txt": "in"
        },
        {
          "si": 4,
          "sti": 10,
          "dti": 60,
          "sco": 64,
          "dco": 318,
          "txt": "that"
        },
        {
          "si": 4,
          "sti": 11,
          "dti": 61,
          "sco": 69,
          "dco": 323,
          "txt": "listing"
        },
        {
          "si": 4,
          "sti": 12,
          "dti": 62,
          "sco": 76,
          "dco": 330,
          "txt": ","
        },
        {
          "si": 4,
          "sti": 13,
          "dti": 63,
          "sco": 78,
          "dco": 332,
          "txt": "and"
        },
        {
          "si": 4,
          "sti": 14,
          "dti": 64,
          "sco": 82,
          "dco": 336,
          "txt": "reflects"
        },
        {
          "si": 4,
          "sti": 15,
          "dti": 65,
          "sco": 91,
          "dco": 345,
          "txt": "Bungalow"
        },
        {
          "si": 4,
          "sti": 16,
          "dti": 66,
          "sco": 99,
          "dco": 353,
          "txt": "/"
        },
        {
          "si": 4,
          "sti": 17,
          "dti": 67,
          "sco": 100,
          "dco": 354,
          "txt": "Craftsman"
        },
        {
          "si": 4,
          "sti": 18,
          "dti": 68,
          "sco": 110,
          "dco": 364,
          "txt": "architecture"
        },
        {
          "si": 4,
          "sti": 19,
          "dti": 69,
          "sco": 122,
          "dco": 376,
          "txt": "."
        },
        {
          "si": 5,
          "sti": 0,
          "dti": 70,
          "sco": 0,
          "dco": 378,
          "txt": "The"
        },
        {
          "si": 5,
          "sti": 1,
          "dti": 71,
          "sco": 4,
          "dco": 382,
          "txt": "church"
        },
        {
          "si": 5,
          "sti": 2,
          "dti": 72,
          "sco": 11,
          "dco": 389,
          "txt": "has"
        },
        {
          "si": 5,
          "sti": 3,
          "dti": 73,
          "sco": 15,
          "dco": 393,
          "txt": "also"
        },
        {
          "si": 5,
          "sti": 4,
          "dti": 74,
          "sco": 20,
          "dco": 398,
          "txt": "been"
        },
        {
          "si": 5,
          "sti": 5,
          "dti": 75,
          "sco": 25,
          "dco": 403,
          "txt": "known"
        },
        {
          "si": 5,
          "sti": 6,
          "dti": 76,
          "sco": 31,
          "dco": 409,
          "txt": "as"
        },
        {
          "si": 5,
          "sti": 7,
          "dti": 77,
          "sco": 34,
          "dco": 412,
          "txt": "First"
        },
        {
          "si": 5,
          "sti": 8,
          "dti": 78,
          "sco": 40,
          "dco": 418,
          "txt": "Methodist"
        },
        {
          "si": 5,
          "sti": 9,
          "dti": 79,
          "sco": 50,
          "dco": 428,
          "txt": "Church"
        },
        {
          "si": 5,
          "sti": 10,
          "dti": 80,
          "sco": 57,
          "dco": 435,
          "txt": "of"
        },
        {
          "si": 5,
          "sti": 11,
          "dti": 81,
          "sco": 60,
          "dco": 438,
          "txt": "Delta"
        },
        {
          "si": 5,
          "sti": 12,
          "dti": 82,
          "sco": 66,
          "dco": 444,
          "txt": "and"
        },
        {
          "si": 5,
          "sti": 13,
          "dti": 83,
          "sco": 70,
          "dco": 448,
          "txt": "as"
        },
        {
          "si": 5,
          "sti": 14,
          "dti": 84,
          "sco": 73,
          "dco": 451,
          "txt": "Delta"
        },
        {
          "si": 5,
          "sti": 15,
          "dti": 85,
          "sco": 79,
          "dco": 457,
          "txt": "United"
        },
        {
          "si": 5,
          "sti": 16,
          "dti": 86,
          "sco": 86,
          "dco": 464,
          "txt": "Methodist"
        },
        {
          "si": 5,
          "sti": 17,
          "dti": 87,
          "sco": 96,
          "dco": 474,
          "txt": "Church"
        },
        {
          "si": 5,
          "sti": 18,
          "dti": 88,
          "sco": 102,
          "dco": 480,
          "txt": "."
        },
        {
          "si": 6,
          "sti": 0,
          "dti": 89,
          "sco": 0,
          "dco": 482,
          "txt": "It"
        },
        {
          "si": 6,
          "sti": 1,
          "dti": 90,
          "sco": 3,
          "dco": 485,
          "txt": "was"
        },
        {
          "si": 6,
          "sti": 2,
          "dti": 91,
          "sco": 7,
          "dco": 489,
          "txt": "designed"
        },
        {
          "si": 6,
          "sti": 3,
          "dti": 92,
          "sco": 16,
          "dco": 498,
          "txt": "by"
        },
        {
          "si": 6,
          "sti": 4,
          "dti": 93,
          "sco": 19,
          "dco": 501,
          "txt": "Samuel"
        },
        {
          "si": 6,
          "sti": 5,
          "dti": 94,
          "sco": 26,
          "dco": 508,
          "txt": "A"
        },
        {
          "si": 6,
          "sti": 6,
          "dti": 95,
          "sco": 27,
          "dco": 509,
          "txt": "."
        },
        {
          "si": 7,
          "sti": 0,
          "dti": 96,
          "sco": 0,
          "dco": 511,
          "txt": "Bullard"
        },
        {
          "si": 7,
          "sti": 1,
          "dti": 97,
          "sco": 8,
          "dco": 519,
          "txt": "of"
        },
        {
          "si": 7,
          "sti": 2,
          "dti": 98,
          "sco": 11,
          "dco": 522,
          "txt": "Springfield"
        },
        {
          "si": 7,
          "sti": 3,
          "dti": 99,
          "sco": 22,
          "dco": 533,
          "txt": ","
        },
        {
          "si": 7,
          "sti": 4,
          "dti": 100,
          "sco": 24,
          "dco": 535,
          "txt": "Illinois"
        },
        {
          "si": 7,
          "sti": 5,
          "dti": 101,
          "sco": 33,
          "dco": 544,
          "txt": "architects"
        },
        {
          "si": 7,
          "sti": 6,
          "dti": 102,
          "sco": 44,
          "dco": 555,
          "txt": "Bullard"
        },
        {
          "si": 7,
          "sti": 7,
          "dti": 103,
          "sco": 52,
          "dco": 563,
          "txt": "&"
        },
        {
          "si": 7,
          "sti": 8,
          "dti": 104,
          "sco": 54,
          "dco": 565,
          "txt": "Bullard"
        },
        {
          "si": 7,
          "sti": 9,
          "dti": 105,
          "sco": 61,
          "dco": 572,
          "txt": ","
        },
        {
          "si": 7,
          "sti": 10,
          "dti": 106,
          "sco": 63,
          "dco": 574,
          "txt": "or"
        },
        {
          "si": 7,
          "sti": 11,
          "dti": 107,
          "sco": 65,
          "dco": 576,
          "txt": ","
        },
        {
          "si": 7,
          "sti": 12,
          "dti": 108,
          "sco": 67,
          "dco": 578,
          "txt": "rather"
        },
        {
          "si": 7,
          "sti": 13,
          "dti": 109,
          "sco": 73,
          "dco": 584,
          "txt": ","
        },
        {
          "si": 7,
          "sti": 14,
          "dti": 110,
          "sco": 75,
          "dco": 586,
          "txt": "plans"
        },
        {
          "si": 7,
          "sti": 15,
          "dti": 111,
          "sco": 81,
          "dco": 592,
          "txt": "were"
        },
        {
          "si": 7,
          "sti": 16,
          "dti": 112,
          "sco": 86,
          "dco": 597,
          "txt": "bought"
        },
        {
          "si": 7,
          "sti": 17,
          "dti": 113,
          "sco": 93,
          "dco": 604,
          "txt": "from"
        },
        {
          "si": 7,
          "sti": 18,
          "dti": 114,
          "sco": 98,
          "dco": 609,
          "txt": "that"
        },
        {
          "si": 7,
          "sti": 19,
          "dti": 115,
          "sco": 103,
          "dco": 614,
          "txt": "company"
        },
        {
          "si": 7,
          "sti": 20,
          "dti": 116,
          "sco": 110,
          "dco": 621,
          "txt": "."
        }
      ]
    },
    "ganns": {
      "dla": [],
      "la": [],
      "ea": [],
      "eta": [
        {
          "ra": {
            "ea": {
              "etn": "First_Methodist_Episcopal_Church_of_Delta"
            }
          },
          "sfs": [
            [
              {
                "stn": "openingYear"
              },
              {}
            ]
          ],
          "mfs": [
            [
              {
                "stn": "architect"
              },
              {
                "dla": [],
                "la": [],
                "ea": [
                  {
                    "etn": "Bullard_&_Bullard"
                  }
                ],
                "eta": []
              }
            ],
            [
              {
                "stn": "yearOfConstruction"
              },
              {
                "dla": [
                  {
                    "txt": {
                      "sff": "1910"
                    },
                    "et": {
                      "etn": "Year"
                    },
                    "dp": {
                      "off": 151
                    }
                  }
                ],
                "la": [],
                "ea": [],
                "eta": []
              }
            ],
            [
              {
                "stn": "architecturalStyle"
              },
              {
                "dla": [],
                "la": [],
                "ea": [
                  {
                    "etn": "Tudor_Revival_architecture"
                  }
                ],
                "eta": []
              }
            ],
            [
              {
                "stn": "location"
              },
              {
                "dla": [],
                "la": [],
                "ea": [
                  {
                    "etn": "Delta,_Colorado"
                  }
                ],
                "eta": []
              }
            ]
          ]
        }
      ]
    }
  }
]
