[
  {
    "context": "TRAIN",
    "doc": {
      "id": "First_Presbyterian_Church_(Detroit,_Michigan)",
      "tl": [
        {
          "si": 0,
          "sti": 0,
          "dti": 0,
          "sco": 0,
          "dco": 0,
          "txt": "First"
        },
        {
          "si": 0,
          "sti": 1,
          "dti": 1,
          "sco": 6,
          "dco": 6,
          "txt": "Presbyterian"
        },
        {
          "si": 0,
          "sti": 2,
          "dti": 2,
          "sco": 19,
          "dco": 19,
          "txt": "Church"
        },
        {
          "si": 0,
          "sti": 3,
          "dti": 3,
          "sco": 26,
          "dco": 26,
          "txt": "("
        },
        {
          "si": 0,
          "sti": 4,
          "dti": 4,
          "sco": 27,
          "dco": 27,
          "txt": "Detroit"
        },
        {
          "si": 0,
          "sti": 5,
          "dti": 5,
          "sco": 34,
          "dco": 34,
          "txt": ","
        },
        {
          "si": 0,
          "sti": 6,
          "dti": 6,
          "sco": 36,
          "dco": 36,
          "txt": "Michigan"
        },
        {
          "si": 0,
          "sti": 7,
          "dti": 7,
          "sco": 44,
          "dco": 44,
          "txt": ")"
        },
        {
          "si": 0,
          "sti": 8,
          "dti": 8,
          "sco": 45,
          "dco": 45,
          "txt": "."
        },
        {
          "si": 1,
          "sti": 0,
          "dti": 9,
          "sco": 0,
          "dco": 47,
          "txt": "The"
        },
        {
          "si": 1,
          "sti": 1,
          "dti": 10,
          "sco": 4,
          "dco": 51,
          "txt": "former"
        },
        {
          "si": 1,
          "sti": 2,
          "dti": 11,
          "sco": 11,
          "dco": 58,
          "txt": "First"
        },
        {
          "si": 1,
          "sti": 3,
          "dti": 12,
          "sco": 17,
          "dco": 64,
          "txt": "Presbyterian"
        },
        {
          "si": 1,
          "sti": 4,
          "dti": 13,
          "sco": 30,
          "dco": 77,
          "txt": "Church"
        },
        {
          "si": 1,
          "sti": 5,
          "dti": 14,
          "sco": 36,
          "dco": 83,
          "txt": ","
        },
        {
          "si": 1,
          "sti": 6,
          "dti": 15,
          "sco": 38,
          "dco": 85,
          "txt": "now"
        },
        {
          "si": 1,
          "sti": 7,
          "dti": 16,
          "sco": 42,
          "dco": 89,
          "txt": "the"
        },
        {
          "si": 1,
          "sti": 8,
          "dti": 17,
          "sco": 46,
          "dco": 93,
          "txt": "Ecumenical"
        },
        {
          "si": 1,
          "sti": 9,
          "dti": 18,
          "sco": 57,
          "dco": 104,
          "txt": "Theological"
        },
        {
          "si": 1,
          "sti": 10,
          "dti": 19,
          "sco": 69,
          "dco": 116,
          "txt": "Seminary"
        },
        {
          "si": 1,
          "sti": 11,
          "dti": 20,
          "sco": 77,
          "dco": 124,
          "txt": ","
        },
        {
          "si": 1,
          "sti": 12,
          "dti": 21,
          "sco": 79,
          "dco": 126,
          "txt": "is"
        },
        {
          "si": 1,
          "sti": 13,
          "dti": 22,
          "sco": 82,
          "dco": 129,
          "txt": "located"
        },
        {
          "si": 1,
          "sti": 14,
          "dti": 23,
          "sco": 90,
          "dco": 137,
          "txt": "at"
        },
        {
          "si": 1,
          "sti": 15,
          "dti": 24,
          "sco": 93,
          "dco": 140,
          "txt": "2930"
        },
        {
          "si": 1,
          "sti": 16,
          "dti": 25,
          "sco": 98,
          "dco": 145,
          "txt": "Woodward"
        },
        {
          "si": 1,
          "sti": 17,
          "dti": 26,
          "sco": 107,
          "dco": 154,
          "txt": "Avenue"
        },
        {
          "si": 1,
          "sti": 18,
          "dti": 27,
          "sco": 114,
          "dco": 161,
          "txt": "in"
        },
        {
          "si": 1,
          "sti": 19,
          "dti": 28,
          "sco": 117,
          "dco": 164,
          "txt": "Midtown"
        },
        {
          "si": 1,
          "sti": 20,
          "dti": 29,
          "sco": 125,
          "dco": 172,
          "txt": "Detroit"
        },
        {
          "si": 1,
          "sti": 21,
          "dti": 30,
          "sco": 132,
          "dco": 179,
          "txt": ","
        },
        {
          "si": 1,
          "sti": 22,
          "dti": 31,
          "sco": 134,
          "dco": 181,
          "txt": "Michigan"
        },
        {
          "si": 1,
          "sti": 23,
          "dti": 32,
          "sco": 142,
          "dco": 189,
          "txt": "."
        },
        {
          "si": 2,
          "sti": 0,
          "dti": 33,
          "sco": 0,
          "dco": 191,
          "txt": "It"
        },
        {
          "si": 2,
          "sti": 1,
          "dti": 34,
          "sco": 3,
          "dco": 194,
          "txt": "was"
        },
        {
          "si": 2,
          "sti": 2,
          "dti": 35,
          "sco": 7,
          "dco": 198,
          "txt": "built"
        },
        {
          "si": 2,
          "sti": 3,
          "dti": 36,
          "sco": 13,
          "dco": 204,
          "txt": "in"
        },
        {
          "si": 2,
          "sti": 4,
          "dti": 37,
          "sco": 16,
          "dco": 207,
          "txt": "1889"
        },
        {
          "si": 2,
          "sti": 5,
          "dti": 38,
          "sco": 21,
          "dco": 212,
          "txt": "as"
        },
        {
          "si": 2,
          "sti": 6,
          "dti": 39,
          "sco": 24,
          "dco": 215,
          "txt": "the"
        },
        {
          "si": 2,
          "sti": 7,
          "dti": 40,
          "sco": 28,
          "dco": 219,
          "txt": "First"
        },
        {
          "si": 2,
          "sti": 8,
          "dti": 41,
          "sco": 34,
          "dco": 225,
          "txt": "Presbyterian"
        },
        {
          "si": 2,
          "sti": 9,
          "dti": 42,
          "sco": 47,
          "dco": 238,
          "txt": "Church"
        },
        {
          "si": 2,
          "sti": 10,
          "dti": 43,
          "sco": 53,
          "dco": 244,
          "txt": "."
        },
        {
          "si": 3,
          "sti": 0,
          "dti": 44,
          "sco": 0,
          "dco": 246,
          "txt": "The"
        },
        {
          "si": 3,
          "sti": 1,
          "dti": 45,
          "sco": 4,
          "dco": 250,
          "txt": "building"
        },
        {
          "si": 3,
          "sti": 2,
          "dti": 46,
          "sco": 12,
          "dco": 258,
          "txt": ","
        },
        {
          "si": 3,
          "sti": 3,
          "dti": 47,
          "sco": 14,
          "dco": 260,
          "txt": "listed"
        },
        {
          "si": 3,
          "sti": 4,
          "dti": 48,
          "sco": 21,
          "dco": 267,
          "txt": "on"
        },
        {
          "si": 3,
          "sti": 5,
          "dti": 49,
          "sco": 24,
          "dco": 270,
          "txt": "the"
        },
        {
          "si": 3,
          "sti": 6,
          "dti": 50,
          "sco": 28,
          "dco": 274,
          "txt": "National"
        },
        {
          "si": 3,
          "sti": 7,
          "dti": 51,
          "sco": 37,
          "dco": 283,
          "txt": "Register"
        },
        {
          "si": 3,
          "sti": 8,
          "dti": 52,
          "sco": 46,
          "dco": 292,
          "txt": "of"
        },
        {
          "si": 3,
          "sti": 9,
          "dti": 53,
          "sco": 49,
          "dco": 295,
          "txt": "Historic"
        },
        {
          "si": 3,
          "sti": 10,
          "dti": 54,
          "sco": 58,
          "dco": 304,
          "txt": "Places"
        },
        {
          "si": 3,
          "sti": 11,
          "dti": 55,
          "sco": 64,
          "dco": 310,
          "txt": ","
        },
        {
          "si": 3,
          "sti": 12,
          "dti": 56,
          "sco": 66,
          "dco": 312,
          "txt": "is"
        },
        {
          "si": 3,
          "sti": 13,
          "dti": 57,
          "sco": 69,
          "dco": 315,
          "txt": "a"
        },
        {
          "si": 3,
          "sti": 14,
          "dti": 58,
          "sco": 71,
          "dco": 317,
          "txt": "designated"
        },
        {
          "si": 3,
          "sti": 15,
          "dti": 59,
          "sco": 82,
          "dco": 328,
          "txt": "Michigan"
        },
        {
          "si": 3,
          "sti": 16,
          "dti": 60,
          "sco": 91,
          "dco": 337,
          "txt": "State"
        },
        {
          "si": 3,
          "sti": 17,
          "dti": 61,
          "sco": 97,
          "dco": 343,
          "txt": "Historic"
        },
        {
          "si": 3,
          "sti": 18,
          "dti": 62,
          "sco": 106,
          "dco": 352,
          "txt": "Site"
        },
        {
          "si": 3,
          "sti": 19,
          "dti": 63,
          "sco": 111,
          "dco": 357,
          "txt": "("
        },
        {
          "si": 3,
          "sti": 20,
          "dti": 64,
          "sco": 112,
          "dco": 358,
          "txt": "1979"
        },
        {
          "si": 3,
          "sti": 21,
          "dti": 65,
          "sco": 116,
          "dco": 362,
          "txt": ")"
        },
        {
          "si": 3,
          "sti": 22,
          "dti": 66,
          "sco": 117,
          "dco": 363,
          "txt": ","
        },
        {
          "si": 3,
          "sti": 23,
          "dti": 67,
          "sco": 119,
          "dco": 365,
          "txt": "and"
        },
        {
          "si": 3,
          "sti": 24,
          "dti": 68,
          "sco": 123,
          "dco": 369,
          "txt": "a"
        },
        {
          "si": 3,
          "sti": 25,
          "dti": 69,
          "sco": 125,
          "dco": 371,
          "txt": "contributing"
        },
        {
          "si": 3,
          "sti": 26,
          "dti": 70,
          "sco": 138,
          "dco": 384,
          "txt": "property"
        },
        {
          "si": 3,
          "sti": 27,
          "dti": 71,
          "sco": 147,
          "dco": 393,
          "txt": "to"
        },
        {
          "si": 3,
          "sti": 28,
          "dti": 72,
          "sco": 150,
          "dco": 396,
          "txt": "the"
        },
        {
          "si": 3,
          "sti": 29,
          "dti": 73,
          "sco": 154,
          "dco": 400,
          "txt": "Brush"
        },
        {
          "si": 3,
          "sti": 30,
          "dti": 74,
          "sco": 160,
          "dco": 406,
          "txt": "Park"
        },
        {
          "si": 3,
          "sti": 31,
          "dti": 75,
          "sco": 165,
          "dco": 411,
          "txt": "Historic"
        },
        {
          "si": 3,
          "sti": 32,
          "dti": 76,
          "sco": 174,
          "dco": 420,
          "txt": "District"
        },
        {
          "si": 3,
          "sti": 33,
          "dti": 77,
          "sco": 182,
          "dco": 428,
          "txt": "."
        },
        {
          "si": 4,
          "sti": 0,
          "dti": 78,
          "sco": 0,
          "dco": 430,
          "txt": "Architecture"
        },
        {
          "si": 4,
          "sti": 1,
          "dti": 79,
          "sco": 12,
          "dco": 442,
          "txt": "."
        },
        {
          "si": 5,
          "sti": 0,
          "dti": 80,
          "sco": 0,
          "dco": 444,
          "txt": "George"
        },
        {
          "si": 5,
          "sti": 1,
          "dti": 81,
          "sco": 7,
          "dco": 451,
          "txt": "D"
        },
        {
          "si": 5,
          "sti": 2,
          "dti": 82,
          "sco": 8,
          "dco": 452,
          "txt": "."
        },
        {
          "si": 6,
          "sti": 0,
          "dti": 83,
          "sco": 0,
          "dco": 454,
          "txt": "Mason"
        },
        {
          "si": 6,
          "sti": 1,
          "dti": 84,
          "sco": 6,
          "dco": 460,
          "txt": "and"
        },
        {
          "si": 6,
          "sti": 2,
          "dti": 85,
          "sco": 10,
          "dco": 464,
          "txt": "Zachariah"
        },
        {
          "si": 6,
          "sti": 3,
          "dti": 86,
          "sco": 20,
          "dco": 474,
          "txt": "Rice"
        },
        {
          "si": 6,
          "sti": 4,
          "dti": 87,
          "sco": 25,
          "dco": 479,
          "txt": "modeled"
        },
        {
          "si": 6,
          "sti": 5,
          "dti": 88,
          "sco": 33,
          "dco": 487,
          "txt": "the"
        },
        {
          "si": 6,
          "sti": 6,
          "dti": 89,
          "sco": 37,
          "dco": 491,
          "txt": "First"
        },
        {
          "si": 6,
          "sti": 7,
          "dti": 90,
          "sco": 43,
          "dco": 497,
          "txt": "Presbyterian"
        },
        {
          "si": 6,
          "sti": 8,
          "dti": 91,
          "sco": 56,
          "dco": 510,
          "txt": "Church"
        },
        {
          "si": 6,
          "sti": 9,
          "dti": 92,
          "sco": 63,
          "dco": 517,
          "txt": "after"
        },
        {
          "si": 6,
          "sti": 10,
          "dti": 93,
          "sco": 69,
          "dco": 523,
          "txt": "Henry"
        },
        {
          "si": 6,
          "sti": 11,
          "dti": 94,
          "sco": 75,
          "dco": 529,
          "txt": "Hobson"
        },
        {
          "si": 6,
          "sti": 12,
          "dti": 95,
          "sco": 82,
          "dco": 536,
          "txt": "Richardson"
        },
        {
          "si": 6,
          "sti": 13,
          "dti": 96,
          "sco": 92,
          "dco": 546,
          "txt": "'"
        },
        {
          "si": 6,
          "sti": 14,
          "dti": 97,
          "sco": 93,
          "dco": 547,
          "txt": "s"
        },
        {
          "si": 6,
          "sti": 15,
          "dti": 98,
          "sco": 95,
          "dco": 549,
          "txt": "Trinity"
        },
        {
          "si": 6,
          "sti": 16,
          "dti": 99,
          "sco": 103,
          "dco": 557,
          "txt": "Church"
        },
        {
          "si": 6,
          "sti": 17,
          "dti": 100,
          "sco": 110,
          "dco": 564,
          "txt": "in"
        },
        {
          "si": 6,
          "sti": 18,
          "dti": 101,
          "sco": 113,
          "dco": 567,
          "txt": "Boston"
        },
        {
          "si": 6,
          "sti": 19,
          "dti": 102,
          "sco": 119,
          "dco": 573,
          "txt": "."
        },
        {
          "si": 7,
          "sti": 0,
          "dti": 103,
          "sco": 0,
          "dco": 575,
          "txt": "The"
        },
        {
          "si": 7,
          "sti": 1,
          "dti": 104,
          "sco": 4,
          "dco": 579,
          "txt": "church"
        },
        {
          "si": 7,
          "sti": 2,
          "dti": 105,
          "sco": 10,
          "dco": 585,
          "txt": ","
        },
        {
          "si": 7,
          "sti": 3,
          "dti": 106,
          "sco": 12,
          "dco": 587,
          "txt": "in"
        },
        {
          "si": 7,
          "sti": 4,
          "dti": 107,
          "sco": 15,
          "dco": 590,
          "txt": "the"
        },
        {
          "si": 7,
          "sti": 5,
          "dti": 108,
          "sco": 19,
          "dco": 594,
          "txt": "Richardsonian"
        },
        {
          "si": 7,
          "sti": 6,
          "dti": 109,
          "sco": 33,
          "dco": 608,
          "txt": "Romanesque"
        },
        {
          "si": 7,
          "sti": 7,
          "dti": 110,
          "sco": 44,
          "dco": 619,
          "txt": "style"
        },
        {
          "si": 7,
          "sti": 8,
          "dti": 111,
          "sco": 49,
          "dco": 624,
          "txt": ","
        },
        {
          "si": 7,
          "sti": 9,
          "dti": 112,
          "sco": 51,
          "dco": 626,
          "txt": "is"
        },
        {
          "si": 7,
          "sti": 10,
          "dti": 113,
          "sco": 54,
          "dco": 629,
          "txt": "made"
        },
        {
          "si": 7,
          "sti": 11,
          "dti": 114,
          "sco": 59,
          "dco": 634,
          "txt": "from"
        },
        {
          "si": 7,
          "sti": 12,
          "dti": 115,
          "sco": 64,
          "dco": 639,
          "txt": "rough"
        },
        {
          "si": 7,
          "sti": 13,
          "dti": 116,
          "sco": 69,
          "dco": 644,
          "txt": "-"
        },
        {
          "si": 7,
          "sti": 14,
          "dti": 117,
          "sco": 70,
          "dco": 645,
          "txt": "cut"
        },
        {
          "si": 7,
          "sti": 15,
          "dti": 118,
          "sco": 74,
          "dco": 649,
          "txt": "red"
        },
        {
          "si": 7,
          "sti": 16,
          "dti": 119,
          "sco": 78,
          "dco": 653,
          "txt": "sandstone"
        },
        {
          "si": 7,
          "sti": 17,
          "dti": 120,
          "sco": 87,
          "dco": 662,
          "txt": ","
        },
        {
          "si": 7,
          "sti": 18,
          "dti": 121,
          "sco": 89,
          "dco": 664,
          "txt": "with"
        },
        {
          "si": 7,
          "sti": 19,
          "dti": 122,
          "sco": 94,
          "dco": 669,
          "txt": "the"
        },
        {
          "si": 7,
          "sti": 20,
          "dti": 123,
          "sco": 98,
          "dco": 673,
          "txt": "floorplan"
        },
        {
          "si": 7,
          "sti": 21,
          "dti": 124,
          "sco": 108,
          "dco": 683,
          "txt": "in"
        },
        {
          "si": 7,
          "sti": 22,
          "dti": 125,
          "sco": 111,
          "dco": 686,
          "txt": "the"
        },
        {
          "si": 7,
          "sti": 23,
          "dti": 126,
          "sco": 115,
          "dco": 690,
          "txt": "shape"
        },
        {
          "si": 7,
          "sti": 24,
          "dti": 127,
          "sco": 121,
          "dco": 696,
          "txt": "of"
        },
        {
          "si": 7,
          "sti": 25,
          "dti": 128,
          "sco": 124,
          "dco": 699,
          "txt": "a"
        },
        {
          "si": 7,
          "sti": 26,
          "dti": 129,
          "sco": 126,
          "dco": 701,
          "txt": "Greek"
        },
        {
          "si": 7,
          "sti": 27,
          "dti": 130,
          "sco": 132,
          "dco": 707,
          "txt": "cross"
        },
        {
          "si": 7,
          "sti": 28,
          "dti": 131,
          "sco": 137,
          "dco": 712,
          "txt": "."
        },
        {
          "si": 8,
          "sti": 0,
          "dti": 132,
          "sco": 0,
          "dco": 714,
          "txt": "Masonry"
        },
        {
          "si": 8,
          "sti": 1,
          "dti": 133,
          "sco": 8,
          "dco": 722,
          "txt": "arches"
        },
        {
          "si": 8,
          "sti": 2,
          "dti": 134,
          "sco": 15,
          "dco": 729,
          "txt": "support"
        },
        {
          "si": 8,
          "sti": 3,
          "dti": 135,
          "sco": 23,
          "dco": 737,
          "txt": "a"
        },
        {
          "si": 8,
          "sti": 4,
          "dti": 136,
          "sco": 25,
          "dco": 739,
          "txt": "red"
        },
        {
          "si": 8,
          "sti": 5,
          "dti": 137,
          "sco": 29,
          "dco": 743,
          "txt": "sandstone"
        },
        {
          "si": 8,
          "sti": 6,
          "dti": 138,
          "sco": 39,
          "dco": 753,
          "txt": "tower"
        },
        {
          "si": 8,
          "sti": 7,
          "dti": 139,
          "sco": 45,
          "dco": 759,
          "txt": "with"
        },
        {
          "si": 8,
          "sti": 8,
          "dti": 140,
          "sco": 50,
          "dco": 764,
          "txt": "a"
        },
        {
          "si": 8,
          "sti": 9,
          "dti": 141,
          "sco": 52,
          "dco": 766,
          "txt": "slate"
        },
        {
          "si": 8,
          "sti": 10,
          "dti": 142,
          "sco": 58,
          "dco": 772,
          "txt": "roof"
        },
        {
          "si": 8,
          "sti": 11,
          "dti": 143,
          "sco": 63,
          "dco": 777,
          "txt": "and"
        },
        {
          "si": 8,
          "sti": 12,
          "dti": 144,
          "sco": 67,
          "dco": 781,
          "txt": "turrets"
        },
        {
          "si": 8,
          "sti": 13,
          "dti": 145,
          "sco": 75,
          "dco": 789,
          "txt": "at"
        },
        {
          "si": 8,
          "sti": 14,
          "dti": 146,
          "sco": 78,
          "dco": 792,
          "txt": "each"
        },
        {
          "si": 8,
          "sti": 15,
          "dti": 147,
          "sco": 83,
          "dco": 797,
          "txt": "corner"
        },
        {
          "si": 8,
          "sti": 16,
          "dti": 148,
          "sco": 89,
          "dco": 803,
          "txt": "."
        },
        {
          "si": 9,
          "sti": 0,
          "dti": 149,
          "sco": 0,
          "dco": 805,
          "txt": "The"
        },
        {
          "si": 9,
          "sti": 1,
          "dti": 150,
          "sco": 4,
          "dco": 809,
          "txt": "stained"
        },
        {
          "si": 9,
          "sti": 2,
          "dti": 151,
          "sco": 12,
          "dco": 817,
          "txt": "glass"
        },
        {
          "si": 9,
          "sti": 3,
          "dti": 152,
          "sco": 18,
          "dco": 823,
          "txt": "windows"
        },
        {
          "si": 9,
          "sti": 4,
          "dti": 153,
          "sco": 26,
          "dco": 831,
          "txt": "of"
        },
        {
          "si": 9,
          "sti": 5,
          "dti": 154,
          "sco": 29,
          "dco": 834,
          "txt": "the"
        },
        {
          "si": 9,
          "sti": 6,
          "dti": 155,
          "sco": 33,
          "dco": 838,
          "txt": "church"
        },
        {
          "si": 9,
          "sti": 7,
          "dti": 156,
          "sco": 40,
          "dco": 845,
          "txt": "are"
        },
        {
          "si": 9,
          "sti": 8,
          "dti": 157,
          "sco": 44,
          "dco": 849,
          "txt": "exceptional"
        },
        {
          "si": 9,
          "sti": 9,
          "dti": 158,
          "sco": 55,
          "dco": 860,
          "txt": ","
        },
        {
          "si": 9,
          "sti": 10,
          "dti": 159,
          "sco": 57,
          "dco": 862,
          "txt": "with"
        },
        {
          "si": 9,
          "sti": 11,
          "dti": 160,
          "sco": 62,
          "dco": 867,
          "txt": "many"
        },
        {
          "si": 9,
          "sti": 12,
          "dti": 161,
          "sco": 67,
          "dco": 872,
          "txt": "of"
        },
        {
          "si": 9,
          "sti": 13,
          "dti": 162,
          "sco": 70,
          "dco": 875,
          "txt": "Tiffany"
        },
        {
          "si": 9,
          "sti": 14,
          "dti": 163,
          "sco": 78,
          "dco": 883,
          "txt": "glass"
        },
        {
          "si": 9,
          "sti": 15,
          "dti": 164,
          "sco": 83,
          "dco": 888,
          "txt": "."
        },
        {
          "si": 10,
          "sti": 0,
          "dti": 165,
          "sco": 0,
          "dco": 890,
          "txt": "When"
        },
        {
          "si": 10,
          "sti": 1,
          "dti": 166,
          "sco": 5,
          "dco": 895,
          "txt": "Woodward"
        },
        {
          "si": 10,
          "sti": 2,
          "dti": 167,
          "sco": 14,
          "dco": 904,
          "txt": "was"
        },
        {
          "si": 10,
          "sti": 3,
          "dti": 168,
          "sco": 18,
          "dco": 908,
          "txt": "widened"
        },
        {
          "si": 10,
          "sti": 4,
          "dti": 169,
          "sco": 26,
          "dco": 916,
          "txt": "in"
        },
        {
          "si": 10,
          "sti": 5,
          "dti": 170,
          "sco": 29,
          "dco": 919,
          "txt": "1936"
        },
        {
          "si": 10,
          "sti": 6,
          "dti": 171,
          "sco": 33,
          "dco": 923,
          "txt": ","
        },
        {
          "si": 10,
          "sti": 7,
          "dti": 172,
          "sco": 35,
          "dco": 925,
          "txt": "the"
        },
        {
          "si": 10,
          "sti": 8,
          "dti": 173,
          "sco": 39,
          "dco": 929,
          "txt": "elaborately"
        },
        {
          "si": 10,
          "sti": 9,
          "dti": 174,
          "sco": 50,
          "dco": 940,
          "txt": "-"
        },
        {
          "si": 10,
          "sti": 10,
          "dti": 175,
          "sco": 51,
          "dco": 941,
          "txt": "carved"
        },
        {
          "si": 10,
          "sti": 11,
          "dti": 176,
          "sco": 58,
          "dco": 948,
          "txt": "entrance"
        },
        {
          "si": 10,
          "sti": 12,
          "dti": 177,
          "sco": 67,
          "dco": 957,
          "txt": "porch"
        },
        {
          "si": 10,
          "sti": 13,
          "dti": 178,
          "sco": 73,
          "dco": 963,
          "txt": "was"
        },
        {
          "si": 10,
          "sti": 14,
          "dti": 179,
          "sco": 77,
          "dco": 967,
          "txt": "moved"
        },
        {
          "si": 10,
          "sti": 15,
          "dti": 180,
          "sco": 83,
          "dco": 973,
          "txt": "from"
        },
        {
          "si": 10,
          "sti": 16,
          "dti": 181,
          "sco": 88,
          "dco": 978,
          "txt": "the"
        },
        {
          "si": 10,
          "sti": 17,
          "dti": 182,
          "sco": 92,
          "dco": 982,
          "txt": "Woodward"
        },
        {
          "si": 10,
          "sti": 18,
          "dti": 183,
          "sco": 101,
          "dco": 991,
          "txt": "fa"
        },
        {
          "si": 10,
          "sti": 19,
          "dti": 184,
          "sco": 103,
          "dco": 993,
          "txt": "ç"
        },
        {
          "si": 10,
          "sti": 20,
          "dti": 185,
          "sco": 104,
          "dco": 994,
          "txt": "ade"
        },
        {
          "si": 10,
          "sti": 21,
          "dti": 186,
          "sco": 108,
          "dco": 998,
          "txt": "to"
        },
        {
          "si": 10,
          "sti": 22,
          "dti": 187,
          "sco": 111,
          "dco": 1001,
          "txt": "the"
        },
        {
          "si": 10,
          "sti": 23,
          "dti": 188,
          "sco": 115,
          "dco": 1005,
          "txt": "Edmund"
        },
        {
          "si": 10,
          "sti": 24,
          "dti": 189,
          "sco": 122,
          "dco": 1012,
          "txt": "Place"
        },
        {
          "si": 10,
          "sti": 25,
          "dti": 190,
          "sco": 128,
          "dco": 1018,
          "txt": "side"
        },
        {
          "si": 10,
          "sti": 26,
          "dti": 191,
          "sco": 132,
          "dco": 1022,
          "txt": "."
        },
        {
          "si": 11,
          "sti": 0,
          "dti": 192,
          "sco": 0,
          "dco": 1024,
          "txt": "A"
        },
        {
          "si": 11,
          "sti": 1,
          "dti": 193,
          "sco": 2,
          "dco": 1026,
          "txt": "State"
        },
        {
          "si": 11,
          "sti": 2,
          "dti": 194,
          "sco": 8,
          "dco": 1032,
          "txt": "of"
        },
        {
          "si": 11,
          "sti": 3,
          "dti": 195,
          "sco": 11,
          "dco": 1035,
          "txt": "Michigan"
        },
        {
          "si": 11,
          "sti": 4,
          "dti": 196,
          "sco": 20,
          "dco": 1044,
          "txt": "historical"
        },
        {
          "si": 11,
          "sti": 5,
          "dti": 197,
          "sco": 31,
          "dco": 1055,
          "txt": "marker"
        },
        {
          "si": 11,
          "sti": 6,
          "dti": 198,
          "sco": 38,
          "dco": 1062,
          "txt": "was"
        },
        {
          "si": 11,
          "sti": 7,
          "dti": 199,
          "sco": 42,
          "dco": 1066,
          "txt": "placed"
        },
        {
          "si": 11,
          "sti": 8,
          "dti": 200,
          "sco": 49,
          "dco": 1073,
          "txt": "at"
        },
        {
          "si": 11,
          "sti": 9,
          "dti": 201,
          "sco": 52,
          "dco": 1076,
          "txt": "the"
        },
        {
          "si": 11,
          "sti": 10,
          "dti": 202,
          "sco": 56,
          "dco": 1080,
          "txt": "site"
        },
        {
          "si": 11,
          "sti": 11,
          "dti": 203,
          "sco": 61,
          "dco": 1085,
          "txt": "on"
        },
        {
          "si": 11,
          "sti": 12,
          "dti": 204,
          "sco": 64,
          "dco": 1088,
          "txt": "August"
        },
        {
          "si": 11,
          "sti": 13,
          "dti": 205,
          "sco": 71,
          "dco": 1095,
          "txt": "26"
        },
        {
          "si": 11,
          "sti": 14,
          "dti": 206,
          "sco": 73,
          "dco": 1097,
          "txt": ","
        },
        {
          "si": 11,
          "sti": 15,
          "dti": 207,
          "sco": 75,
          "dco": 1099,
          "txt": "1980"
        },
        {
          "si": 11,
          "sti": 16,
          "dti": 208,
          "sco": 79,
          "dco": 1103,
          "txt": "."
        },
        {
          "si": 12,
          "sti": 0,
          "dti": 209,
          "sco": 0,
          "dco": 1105,
          "txt": "Current"
        },
        {
          "si": 12,
          "sti": 1,
          "dti": 210,
          "sco": 8,
          "dco": 1113,
          "txt": "use"
        },
        {
          "si": 12,
          "sti": 2,
          "dti": 211,
          "sco": 11,
          "dco": 1116,
          "txt": "."
        },
        {
          "si": 13,
          "sti": 0,
          "dti": 212,
          "sco": 0,
          "dco": 1118,
          "txt": "The"
        },
        {
          "si": 13,
          "sti": 1,
          "dti": 213,
          "sco": 4,
          "dco": 1122,
          "txt": "building"
        },
        {
          "si": 13,
          "sti": 2,
          "dti": 214,
          "sco": 13,
          "dco": 1131,
          "txt": "is"
        },
        {
          "si": 13,
          "sti": 3,
          "dti": 215,
          "sco": 16,
          "dco": 1134,
          "txt": "currently"
        },
        {
          "si": 13,
          "sti": 4,
          "dti": 216,
          "sco": 26,
          "dco": 1144,
          "txt": "used"
        },
        {
          "si": 13,
          "sti": 5,
          "dti": 217,
          "sco": 31,
          "dco": 1149,
          "txt": "as"
        },
        {
          "si": 13,
          "sti": 6,
          "dti": 218,
          "sco": 34,
          "dco": 1152,
          "txt": "the"
        },
        {
          "si": 13,
          "sti": 7,
          "dti": 219,
          "sco": 38,
          "dco": 1156,
          "txt": "Ecumenical"
        },
        {
          "si": 13,
          "sti": 8,
          "dti": 220,
          "sco": 49,
          "dco": 1167,
          "txt": "Theological"
        },
        {
          "si": 13,
          "sti": 9,
          "dti": 221,
          "sco": 61,
          "dco": 1179,
          "txt": "Seminary"
        },
        {
          "si": 13,
          "sti": 10,
          "dti": 222,
          "sco": 69,
          "dco": 1187,
          "txt": "."
        },
        {
          "si": 14,
          "sti": 0,
          "dti": 223,
          "sco": 0,
          "dco": 1189,
          "txt": "The"
        },
        {
          "si": 14,
          "sti": 1,
          "dti": 224,
          "sco": 4,
          "dco": 1193,
          "txt": "Seminary"
        },
        {
          "si": 14,
          "sti": 2,
          "dti": 225,
          "sco": 13,
          "dco": 1202,
          "txt": "was"
        },
        {
          "si": 14,
          "sti": 3,
          "dti": 226,
          "sco": 17,
          "dco": 1206,
          "txt": "founded"
        },
        {
          "si": 14,
          "sti": 4,
          "dti": 227,
          "sco": 25,
          "dco": 1214,
          "txt": "in"
        },
        {
          "si": 14,
          "sti": 5,
          "dti": 228,
          "sco": 28,
          "dco": 1217,
          "txt": "1980"
        },
        {
          "si": 14,
          "sti": 6,
          "dti": 229,
          "sco": 33,
          "dco": 1222,
          "txt": "("
        },
        {
          "si": 14,
          "sti": 7,
          "dti": 230,
          "sco": 34,
          "dco": 1223,
          "txt": "as"
        },
        {
          "si": 14,
          "sti": 8,
          "dti": 231,
          "sco": 37,
          "dco": 1226,
          "txt": "the"
        },
        {
          "si": 14,
          "sti": 9,
          "dti": 232,
          "sco": 41,
          "dco": 1230,
          "txt": "Ecumenical"
        },
        {
          "si": 14,
          "sti": 10,
          "dti": 233,
          "sco": 52,
          "dco": 1241,
          "txt": "Theological"
        },
        {
          "si": 14,
          "sti": 11,
          "dti": 234,
          "sco": 64,
          "dco": 1253,
          "txt": "Center"
        },
        {
          "si": 14,
          "sti": 12,
          "dti": 235,
          "sco": 70,
          "dco": 1259,
          "txt": ")"
        },
        {
          "si": 14,
          "sti": 13,
          "dti": 236,
          "sco": 71,
          "dco": 1260,
          "txt": "."
        },
        {
          "si": 15,
          "sti": 0,
          "dti": 237,
          "sco": 0,
          "dco": 1262,
          "txt": "In"
        },
        {
          "si": 15,
          "sti": 1,
          "dti": 238,
          "sco": 3,
          "dco": 1265,
          "txt": "1992"
        },
        {
          "si": 15,
          "sti": 2,
          "dti": 239,
          "sco": 7,
          "dco": 1269,
          "txt": ","
        },
        {
          "si": 15,
          "sti": 3,
          "dti": 240,
          "sco": 9,
          "dco": 1271,
          "txt": "the"
        },
        {
          "si": 15,
          "sti": 4,
          "dti": 241,
          "sco": 13,
          "dco": 1275,
          "txt": "program"
        },
        {
          "si": 15,
          "sti": 5,
          "dti": 242,
          "sco": 21,
          "dco": 1283,
          "txt": "leased"
        },
        {
          "si": 15,
          "sti": 6,
          "dti": 243,
          "sco": 28,
          "dco": 1290,
          "txt": "the"
        },
        {
          "si": 15,
          "sti": 7,
          "dti": 244,
          "sco": 32,
          "dco": 1294,
          "txt": "First"
        },
        {
          "si": 15,
          "sti": 8,
          "dti": 245,
          "sco": 38,
          "dco": 1300,
          "txt": "Presbyterian"
        },
        {
          "si": 15,
          "sti": 9,
          "dti": 246,
          "sco": 51,
          "dco": 1313,
          "txt": "Church"
        },
        {
          "si": 15,
          "sti": 10,
          "dti": 247,
          "sco": 58,
          "dco": 1320,
          "txt": "for"
        },
        {
          "si": 15,
          "sti": 11,
          "dti": 248,
          "sco": 62,
          "dco": 1324,
          "txt": "use"
        },
        {
          "si": 15,
          "sti": 12,
          "dti": 249,
          "sco": 66,
          "dco": 1328,
          "txt": "as"
        },
        {
          "si": 15,
          "sti": 13,
          "dti": 250,
          "sco": 69,
          "dco": 1331,
          "txt": "a"
        },
        {
          "si": 15,
          "sti": 14,
          "dti": 251,
          "sco": 71,
          "dco": 1333,
          "txt": "seminary"
        },
        {
          "si": 15,
          "sti": 15,
          "dti": 252,
          "sco": 79,
          "dco": 1341,
          "txt": ";"
        },
        {
          "si": 15,
          "sti": 16,
          "dti": 253,
          "sco": 81,
          "dco": 1343,
          "txt": "in"
        },
        {
          "si": 15,
          "sti": 17,
          "dti": 254,
          "sco": 84,
          "dco": 1346,
          "txt": "2002"
        },
        {
          "si": 15,
          "sti": 18,
          "dti": 255,
          "sco": 89,
          "dco": 1351,
          "txt": "the"
        },
        {
          "si": 15,
          "sti": 19,
          "dti": 256,
          "sco": 93,
          "dco": 1355,
          "txt": "Presbytery"
        },
        {
          "si": 15,
          "sti": 20,
          "dti": 257,
          "sco": 104,
          "dco": 1366,
          "txt": "of"
        },
        {
          "si": 15,
          "sti": 21,
          "dti": 258,
          "sco": 107,
          "dco": 1369,
          "txt": "Detroit"
        },
        {
          "si": 15,
          "sti": 22,
          "dti": 259,
          "sco": 115,
          "dco": 1377,
          "txt": "gave"
        },
        {
          "si": 15,
          "sti": 23,
          "dti": 260,
          "sco": 120,
          "dco": 1382,
          "txt": "the"
        },
        {
          "si": 15,
          "sti": 24,
          "dti": 261,
          "sco": 124,
          "dco": 1386,
          "txt": "Ecumenical"
        },
        {
          "si": 15,
          "sti": 25,
          "dti": 262,
          "sco": 135,
          "dco": 1397,
          "txt": "Theological"
        },
        {
          "si": 15,
          "sti": 26,
          "dti": 263,
          "sco": 147,
          "dco": 1409,
          "txt": "Seminary"
        },
        {
          "si": 15,
          "sti": 27,
          "dti": 264,
          "sco": 156,
          "dco": 1418,
          "txt": "the"
        },
        {
          "si": 15,
          "sti": 28,
          "dti": 265,
          "sco": 160,
          "dco": 1422,
          "txt": "building"
        },
        {
          "si": 15,
          "sti": 29,
          "dti": 266,
          "sco": 168,
          "dco": 1430,
          "txt": ","
        },
        {
          "si": 15,
          "sti": 30,
          "dti": 267,
          "sco": 170,
          "dco": 1432,
          "txt": "land"
        },
        {
          "si": 15,
          "sti": 31,
          "dti": 268,
          "sco": 175,
          "dco": 1437,
          "txt": "and"
        },
        {
          "si": 15,
          "sti": 32,
          "dti": 269,
          "sco": 179,
          "dco": 1441,
          "txt": "endowments"
        },
        {
          "si": 15,
          "sti": 33,
          "dti": 270,
          "sco": 190,
          "dco": 1452,
          "txt": "of"
        },
        {
          "si": 15,
          "sti": 34,
          "dti": 271,
          "sco": 193,
          "dco": 1455,
          "txt": "the"
        },
        {
          "si": 15,
          "sti": 35,
          "dti": 272,
          "sco": 197,
          "dco": 1459,
          "txt": "Church"
        },
        {
          "si": 15,
          "sti": 36,
          "dti": 273,
          "sco": 203,
          "dco": 1465,
          "txt": "."
        }
      ]
    },
    "ganns": {
      "dla": [],
      "la": [],
      "ea": [],
      "eta": [
        {
          "ra": {
            "ea": {
              "etn": "First_Presbyterian_Church_(Detroit,_Michigan)"
            }
          },
          "sfs": [
            [
              {
                "stn": "openingYear"
              },
              {}
            ]
          ],
          "mfs": [
            [
              {
                "stn": "architect"
              },
              {
                "dla": [],
                "la": [],
                "ea": [
                  {
                    "etn": "George_D._Mason"
                  }
                ],
                "eta": []
              }
            ],
            [
              {
                "stn": "yearOfConstruction"
              },
              {
                "dla": [
                  {
                    "txt": {
                      "sff": "1889"
                    },
                    "et": {
                      "etn": "Year"
                    },
                    "dp": {
                      "off": 207
                    }
                  }
                ],
                "la": [],
                "ea": [],
                "eta": []
              }
            ],
            [
              {
                "stn": "architecturalStyle"
              },
              {
                "dla": [],
                "la": [],
                "ea": [
                  {
                    "etn": "Richardsonian_Romanesque"
                  }
                ],
                "eta": []
              }
            ],
            [
              {
                "stn": "location"
              },
              {
                "dla": [],
                "la": [],
                "ea": [
                  {
                    "etn": "Detroit"
                  },
                  {
                    "etn": "Michigan"
                  }
                ],
                "eta": []
              }
            ]
          ]
        }
      ]
    }
  }
]
