[
  {
    "context": "DEVELOPMENT",
    "doc": {
      "id": "First_Church_of_Christ,_Scientist_(New_Bern,_North_Carolina)",
      "tl": [
        {
          "si": 0,
          "sti": 0,
          "dti": 0,
          "sco": 0,
          "dco": 0,
          "txt": "First"
        },
        {
          "si": 0,
          "sti": 1,
          "dti": 1,
          "sco": 6,
          "dco": 6,
          "txt": "Church"
        },
        {
          "si": 0,
          "sti": 2,
          "dti": 2,
          "sco": 13,
          "dco": 13,
          "txt": "of"
        },
        {
          "si": 0,
          "sti": 3,
          "dti": 3,
          "sco": 16,
          "dco": 16,
          "txt": "Christ"
        },
        {
          "si": 0,
          "sti": 4,
          "dti": 4,
          "sco": 22,
          "dco": 22,
          "txt": ","
        },
        {
          "si": 0,
          "sti": 5,
          "dti": 5,
          "sco": 24,
          "dco": 24,
          "txt": "Scientist"
        },
        {
          "si": 0,
          "sti": 6,
          "dti": 6,
          "sco": 34,
          "dco": 34,
          "txt": "("
        },
        {
          "si": 0,
          "sti": 7,
          "dti": 7,
          "sco": 35,
          "dco": 35,
          "txt": "New"
        },
        {
          "si": 0,
          "sti": 8,
          "dti": 8,
          "sco": 39,
          "dco": 39,
          "txt": "Bern"
        },
        {
          "si": 0,
          "sti": 9,
          "dti": 9,
          "sco": 43,
          "dco": 43,
          "txt": ","
        },
        {
          "si": 0,
          "sti": 10,
          "dti": 10,
          "sco": 45,
          "dco": 45,
          "txt": "North"
        },
        {
          "si": 0,
          "sti": 11,
          "dti": 11,
          "sco": 51,
          "dco": 51,
          "txt": "Carolina"
        },
        {
          "si": 0,
          "sti": 12,
          "dti": 12,
          "sco": 59,
          "dco": 59,
          "txt": ")"
        },
        {
          "si": 0,
          "sti": 13,
          "dti": 13,
          "sco": 60,
          "dco": 60,
          "txt": "."
        },
        {
          "si": 1,
          "sti": 0,
          "dti": 14,
          "sco": 0,
          "dco": 62,
          "txt": "First"
        },
        {
          "si": 1,
          "sti": 1,
          "dti": 15,
          "sco": 6,
          "dco": 68,
          "txt": "Church"
        },
        {
          "si": 1,
          "sti": 2,
          "dti": 16,
          "sco": 13,
          "dco": 75,
          "txt": "of"
        },
        {
          "si": 1,
          "sti": 3,
          "dti": 17,
          "sco": 16,
          "dco": 78,
          "txt": "Christ"
        },
        {
          "si": 1,
          "sti": 4,
          "dti": 18,
          "sco": 22,
          "dco": 84,
          "txt": ","
        },
        {
          "si": 1,
          "sti": 5,
          "dti": 19,
          "sco": 24,
          "dco": 86,
          "txt": "Scientist"
        },
        {
          "si": 1,
          "sti": 6,
          "dti": 20,
          "sco": 33,
          "dco": 95,
          "txt": ","
        },
        {
          "si": 1,
          "sti": 7,
          "dti": 21,
          "sco": 35,
          "dco": 97,
          "txt": "built"
        },
        {
          "si": 1,
          "sti": 8,
          "dti": 22,
          "sco": 41,
          "dco": 103,
          "txt": "in"
        },
        {
          "si": 1,
          "sti": 9,
          "dti": 23,
          "sco": 44,
          "dco": 106,
          "txt": "1907"
        },
        {
          "si": 1,
          "sti": 10,
          "dti": 24,
          "sco": 48,
          "dco": 110,
          "txt": ","
        },
        {
          "si": 1,
          "sti": 11,
          "dti": 25,
          "sco": 50,
          "dco": 112,
          "txt": "is"
        },
        {
          "si": 1,
          "sti": 12,
          "dti": 26,
          "sco": 53,
          "dco": 115,
          "txt": "an"
        },
        {
          "si": 1,
          "sti": 13,
          "dti": 27,
          "sco": 56,
          "dco": 118,
          "txt": "historic"
        },
        {
          "si": 1,
          "sti": 14,
          "dti": 28,
          "sco": 65,
          "dco": 127,
          "txt": "Christian"
        },
        {
          "si": 1,
          "sti": 15,
          "dti": 29,
          "sco": 75,
          "dco": 137,
          "txt": "Science"
        },
        {
          "si": 1,
          "sti": 16,
          "dti": 30,
          "sco": 83,
          "dco": 145,
          "txt": "church"
        },
        {
          "si": 1,
          "sti": 17,
          "dti": 31,
          "sco": 90,
          "dco": 152,
          "txt": "building"
        },
        {
          "si": 1,
          "sti": 18,
          "dti": 32,
          "sco": 99,
          "dco": 161,
          "txt": "located"
        },
        {
          "si": 1,
          "sti": 19,
          "dti": 33,
          "sco": 107,
          "dco": 169,
          "txt": "at"
        },
        {
          "si": 1,
          "sti": 20,
          "dti": 34,
          "sco": 110,
          "dco": 172,
          "txt": "406"
        },
        {
          "si": 1,
          "sti": 21,
          "dti": 35,
          "sco": 113,
          "dco": 175,
          "txt": "-"
        },
        {
          "si": 1,
          "sti": 22,
          "dti": 36,
          "sco": 114,
          "dco": 176,
          "txt": "408"
        },
        {
          "si": 1,
          "sti": 23,
          "dti": 37,
          "sco": 118,
          "dco": 180,
          "txt": "Middle"
        },
        {
          "si": 1,
          "sti": 24,
          "dti": 38,
          "sco": 125,
          "dco": 187,
          "txt": "Street"
        },
        {
          "si": 1,
          "sti": 25,
          "dti": 39,
          "sco": 131,
          "dco": 193,
          "txt": ","
        },
        {
          "si": 1,
          "sti": 26,
          "dti": 40,
          "sco": 133,
          "dco": 195,
          "txt": "in"
        },
        {
          "si": 1,
          "sti": 27,
          "dti": 41,
          "sco": 136,
          "dco": 198,
          "txt": "New"
        },
        {
          "si": 1,
          "sti": 28,
          "dti": 42,
          "sco": 140,
          "dco": 202,
          "txt": "Bern"
        },
        {
          "si": 1,
          "sti": 29,
          "dti": 43,
          "sco": 144,
          "dco": 206,
          "txt": ","
        },
        {
          "si": 1,
          "sti": 30,
          "dti": 44,
          "sco": 146,
          "dco": 208,
          "txt": "Craven"
        },
        {
          "si": 1,
          "sti": 31,
          "dti": 45,
          "sco": 153,
          "dco": 215,
          "txt": "County"
        },
        {
          "si": 1,
          "sti": 32,
          "dti": 46,
          "sco": 159,
          "dco": 221,
          "txt": ","
        },
        {
          "si": 1,
          "sti": 33,
          "dti": 47,
          "sco": 161,
          "dco": 223,
          "txt": "North"
        },
        {
          "si": 1,
          "sti": 34,
          "dti": 48,
          "sco": 167,
          "dco": 229,
          "txt": "Carolina"
        },
        {
          "si": 1,
          "sti": 35,
          "dti": 49,
          "sco": 175,
          "dco": 237,
          "txt": ","
        },
        {
          "si": 1,
          "sti": 36,
          "dti": 50,
          "sco": 177,
          "dco": 239,
          "txt": "in"
        },
        {
          "si": 1,
          "sti": 37,
          "dti": 51,
          "sco": 180,
          "dco": 242,
          "txt": "the"
        },
        {
          "si": 1,
          "sti": 38,
          "dti": 52,
          "sco": 184,
          "dco": 246,
          "txt": "United"
        },
        {
          "si": 1,
          "sti": 39,
          "dti": 53,
          "sco": 191,
          "dco": 253,
          "txt": "States"
        },
        {
          "si": 1,
          "sti": 40,
          "dti": 54,
          "sco": 197,
          "dco": 259,
          "txt": "."
        },
        {
          "si": 2,
          "sti": 0,
          "dti": 55,
          "sco": 0,
          "dco": 261,
          "txt": "It"
        },
        {
          "si": 2,
          "sti": 1,
          "dti": 56,
          "sco": 3,
          "dco": 264,
          "txt": "was"
        },
        {
          "si": 2,
          "sti": 2,
          "dti": 57,
          "sco": 7,
          "dco": 268,
          "txt": "designed"
        },
        {
          "si": 2,
          "sti": 3,
          "dti": 58,
          "sco": 16,
          "dco": 277,
          "txt": "in"
        },
        {
          "si": 2,
          "sti": 4,
          "dti": 59,
          "sco": 19,
          "dco": 280,
          "txt": "the"
        },
        {
          "si": 2,
          "sti": 5,
          "dti": 60,
          "sco": 23,
          "dco": 284,
          "txt": "Classical"
        },
        {
          "si": 2,
          "sti": 6,
          "dti": 61,
          "sco": 33,
          "dco": 294,
          "txt": "Revival"
        },
        {
          "si": 2,
          "sti": 7,
          "dti": 62,
          "sco": 41,
          "dco": 302,
          "txt": "style"
        },
        {
          "si": 2,
          "sti": 8,
          "dti": 63,
          "sco": 47,
          "dco": 308,
          "txt": "by"
        },
        {
          "si": 2,
          "sti": 9,
          "dti": 64,
          "sco": 50,
          "dco": 311,
          "txt": "prolific"
        },
        {
          "si": 2,
          "sti": 10,
          "dti": 65,
          "sco": 59,
          "dco": 320,
          "txt": "local"
        },
        {
          "si": 2,
          "sti": 11,
          "dti": 66,
          "sco": 65,
          "dco": 326,
          "txt": "architect"
        },
        {
          "si": 2,
          "sti": 12,
          "dti": 67,
          "sco": 75,
          "dco": 336,
          "txt": "Herbert"
        },
        {
          "si": 2,
          "sti": 13,
          "dti": 68,
          "sco": 83,
          "dco": 344,
          "txt": "Woodley"
        },
        {
          "si": 2,
          "sti": 14,
          "dti": 69,
          "sco": 91,
          "dco": 352,
          "txt": "Simpson"
        },
        {
          "si": 2,
          "sti": 15,
          "dti": 70,
          "sco": 98,
          "dco": 359,
          "txt": "."
        },
        {
          "si": 3,
          "sti": 0,
          "dti": 71,
          "sco": 0,
          "dco": 361,
          "txt": "On"
        },
        {
          "si": 3,
          "sti": 1,
          "dti": 72,
          "sco": 3,
          "dco": 364,
          "txt": "October"
        },
        {
          "si": 3,
          "sti": 2,
          "dti": 73,
          "sco": 11,
          "dco": 372,
          "txt": "2"
        },
        {
          "si": 3,
          "sti": 3,
          "dti": 74,
          "sco": 12,
          "dco": 373,
          "txt": ","
        },
        {
          "si": 3,
          "sti": 4,
          "dti": 75,
          "sco": 14,
          "dco": 375,
          "txt": "1973"
        },
        {
          "si": 3,
          "sti": 5,
          "dti": 76,
          "sco": 18,
          "dco": 379,
          "txt": ","
        },
        {
          "si": 3,
          "sti": 6,
          "dti": 77,
          "sco": 20,
          "dco": 381,
          "txt": "it"
        },
        {
          "si": 3,
          "sti": 7,
          "dti": 78,
          "sco": 23,
          "dco": 384,
          "txt": "was"
        },
        {
          "si": 3,
          "sti": 8,
          "dti": 79,
          "sco": 27,
          "dco": 388,
          "txt": "added"
        },
        {
          "si": 3,
          "sti": 9,
          "dti": 80,
          "sco": 33,
          "dco": 394,
          "txt": "to"
        },
        {
          "si": 3,
          "sti": 10,
          "dti": 81,
          "sco": 36,
          "dco": 397,
          "txt": "the"
        },
        {
          "si": 3,
          "sti": 11,
          "dti": 82,
          "sco": 40,
          "dco": 401,
          "txt": "National"
        },
        {
          "si": 3,
          "sti": 12,
          "dti": 83,
          "sco": 49,
          "dco": 410,
          "txt": "Register"
        },
        {
          "si": 3,
          "sti": 13,
          "dti": 84,
          "sco": 58,
          "dco": 419,
          "txt": "of"
        },
        {
          "si": 3,
          "sti": 14,
          "dti": 85,
          "sco": 61,
          "dco": 422,
          "txt": "Historic"
        },
        {
          "si": 3,
          "sti": 15,
          "dti": 86,
          "sco": 70,
          "dco": 431,
          "txt": "Places"
        },
        {
          "si": 3,
          "sti": 16,
          "dti": 87,
          "sco": 76,
          "dco": 437,
          "txt": "."
        },
        {
          "si": 4,
          "sti": 0,
          "dti": 88,
          "sco": 0,
          "dco": 439,
          "txt": "First"
        },
        {
          "si": 4,
          "sti": 1,
          "dti": 89,
          "sco": 6,
          "dco": 445,
          "txt": "Church"
        },
        {
          "si": 4,
          "sti": 2,
          "dti": 90,
          "sco": 13,
          "dco": 452,
          "txt": "of"
        },
        {
          "si": 4,
          "sti": 3,
          "dti": 91,
          "sco": 16,
          "dco": 455,
          "txt": "Christ"
        },
        {
          "si": 4,
          "sti": 4,
          "dti": 92,
          "sco": 22,
          "dco": 461,
          "txt": ","
        },
        {
          "si": 4,
          "sti": 5,
          "dti": 93,
          "sco": 24,
          "dco": 463,
          "txt": "Scientist"
        },
        {
          "si": 4,
          "sti": 6,
          "dti": 94,
          "sco": 33,
          "dco": 472,
          "txt": ","
        },
        {
          "si": 4,
          "sti": 7,
          "dti": 95,
          "sco": 35,
          "dco": 474,
          "txt": "New"
        },
        {
          "si": 4,
          "sti": 8,
          "dti": 96,
          "sco": 39,
          "dco": 478,
          "txt": "Bern"
        },
        {
          "si": 4,
          "sti": 9,
          "dti": 97,
          "sco": 43,
          "dco": 482,
          "txt": ","
        },
        {
          "si": 4,
          "sti": 10,
          "dti": 98,
          "sco": 45,
          "dco": 484,
          "txt": "is"
        },
        {
          "si": 4,
          "sti": 11,
          "dti": 99,
          "sco": 48,
          "dco": 487,
          "txt": "still"
        },
        {
          "si": 4,
          "sti": 12,
          "dti": 100,
          "sco": 54,
          "dco": 493,
          "txt": "an"
        },
        {
          "si": 4,
          "sti": 13,
          "dti": 101,
          "sco": 57,
          "dco": 496,
          "txt": "active"
        },
        {
          "si": 4,
          "sti": 14,
          "dti": 102,
          "sco": 64,
          "dco": 503,
          "txt": "Christian"
        },
        {
          "si": 4,
          "sti": 15,
          "dti": 103,
          "sco": 74,
          "dco": 513,
          "txt": "Science"
        },
        {
          "si": 4,
          "sti": 16,
          "dti": 104,
          "sco": 82,
          "dco": 521,
          "txt": "congregation"
        },
        {
          "si": 4,
          "sti": 17,
          "dti": 105,
          "sco": 94,
          "dco": 533,
          "txt": "."
        }
      ]
    },
    "ganns": {
      "dla": [],
      "la": [],
      "ea": [],
      "eta": [
        {
          "ra": {
            "ea": {
              "etn": "First_Church_of_Christ,_Scientist_(New_Bern,_North_Carolina)"
            }
          },
          "sfs": [
            [
              {
                "stn": "openingYear"
              },
              {}
            ]
          ],
          "mfs": [
            [
              {
                "stn": "architect"
              },
              {
                "dla": [],
                "la": [],
                "ea": [
                  {
                    "etn": "Herbert_Woodley_Simpson"
                  }
                ],
                "eta": []
              }
            ],
            [
              {
                "stn": "yearOfConstruction"
              },
              {
                "dla": [
                  {
                    "txt": {
                      "sff": "1907"
                    },
                    "et": {
                      "etn": "Year"
                    },
                    "dp": {
                      "off": 106
                    }
                  }
                ],
                "la": [],
                "ea": [],
                "eta": []
              }
            ],
            [
              {
                "stn": "architecturalStyle"
              },
              {
                "dla": [],
                "la": [],
                "ea": [
                  {
                    "etn": "Neoclassical_architecture"
                  }
                ],
                "eta": []
              }
            ],
            [
              {
                "stn": "location"
              },
              {
                "dla": [],
                "la": [],
                "ea": [
                  {
                    "etn": "New_Bern,_North_Carolina"
                  }
                ],
                "eta": []
              }
            ]
          ]
        }
      ]
    }
  }
]
