[
  {
    "context": "TRAIN",
    "doc": {
      "id": "First_United_Methodist_Church_(London,_Ohio)",
      "tl": [
        {
          "si": 0,
          "sti": 0,
          "dti": 0,
          "sco": 0,
          "dco": 0,
          "txt": "First"
        },
        {
          "si": 0,
          "sti": 1,
          "dti": 1,
          "sco": 6,
          "dco": 6,
          "txt": "United"
        },
        {
          "si": 0,
          "sti": 2,
          "dti": 2,
          "sco": 13,
          "dco": 13,
          "txt": "Methodist"
        },
        {
          "si": 0,
          "sti": 3,
          "dti": 3,
          "sco": 23,
          "dco": 23,
          "txt": "Church"
        },
        {
          "si": 0,
          "sti": 4,
          "dti": 4,
          "sco": 30,
          "dco": 30,
          "txt": "("
        },
        {
          "si": 0,
          "sti": 5,
          "dti": 5,
          "sco": 31,
          "dco": 31,
          "txt": "London"
        },
        {
          "si": 0,
          "sti": 6,
          "dti": 6,
          "sco": 37,
          "dco": 37,
          "txt": ","
        },
        {
          "si": 0,
          "sti": 7,
          "dti": 7,
          "sco": 39,
          "dco": 39,
          "txt": "Ohio"
        },
        {
          "si": 0,
          "sti": 8,
          "dti": 8,
          "sco": 43,
          "dco": 43,
          "txt": ")"
        },
        {
          "si": 0,
          "sti": 9,
          "dti": 9,
          "sco": 44,
          "dco": 44,
          "txt": "."
        },
        {
          "si": 1,
          "sti": 0,
          "dti": 10,
          "sco": 0,
          "dco": 46,
          "txt": "First"
        },
        {
          "si": 1,
          "sti": 1,
          "dti": 11,
          "sco": 6,
          "dco": 52,
          "txt": "United"
        },
        {
          "si": 1,
          "sti": 2,
          "dti": 12,
          "sco": 13,
          "dco": 59,
          "txt": "Methodist"
        },
        {
          "si": 1,
          "sti": 3,
          "dti": 13,
          "sco": 23,
          "dco": 69,
          "txt": "Church"
        },
        {
          "si": 1,
          "sti": 4,
          "dti": 14,
          "sco": 30,
          "dco": 76,
          "txt": "is"
        },
        {
          "si": 1,
          "sti": 5,
          "dti": 15,
          "sco": 33,
          "dco": 79,
          "txt": "a"
        },
        {
          "si": 1,
          "sti": 6,
          "dti": 16,
          "sco": 35,
          "dco": 81,
          "txt": "historic"
        },
        {
          "si": 1,
          "sti": 7,
          "dti": 17,
          "sco": 44,
          "dco": 90,
          "txt": "congregation"
        },
        {
          "si": 1,
          "sti": 8,
          "dti": 18,
          "sco": 57,
          "dco": 103,
          "txt": "of"
        },
        {
          "si": 1,
          "sti": 9,
          "dti": 19,
          "sco": 60,
          "dco": 106,
          "txt": "the"
        },
        {
          "si": 1,
          "sti": 10,
          "dti": 20,
          "sco": 64,
          "dco": 110,
          "txt": "United"
        },
        {
          "si": 1,
          "sti": 11,
          "dti": 21,
          "sco": 71,
          "dco": 117,
          "txt": "Methodist"
        },
        {
          "si": 1,
          "sti": 12,
          "dti": 22,
          "sco": 81,
          "dco": 127,
          "txt": "Church"
        },
        {
          "si": 1,
          "sti": 13,
          "dti": 23,
          "sco": 88,
          "dco": 134,
          "txt": "in"
        },
        {
          "si": 1,
          "sti": 14,
          "dti": 24,
          "sco": 91,
          "dco": 137,
          "txt": "downtown"
        },
        {
          "si": 1,
          "sti": 15,
          "dti": 25,
          "sco": 100,
          "dco": 146,
          "txt": "London"
        },
        {
          "si": 1,
          "sti": 16,
          "dti": 26,
          "sco": 106,
          "dco": 152,
          "txt": ","
        },
        {
          "si": 1,
          "sti": 17,
          "dti": 27,
          "sco": 108,
          "dco": 154,
          "txt": "Ohio"
        },
        {
          "si": 1,
          "sti": 18,
          "dti": 28,
          "sco": 112,
          "dco": 158,
          "txt": ","
        },
        {
          "si": 1,
          "sti": 19,
          "dti": 29,
          "sco": 114,
          "dco": 160,
          "txt": "United"
        },
        {
          "si": 1,
          "sti": 20,
          "dti": 30,
          "sco": 121,
          "dco": 167,
          "txt": "States"
        },
        {
          "si": 1,
          "sti": 21,
          "dti": 31,
          "sco": 127,
          "dco": 173,
          "txt": "."
        },
        {
          "si": 2,
          "sti": 0,
          "dti": 32,
          "sco": 0,
          "dco": 175,
          "txt": "Founded"
        },
        {
          "si": 2,
          "sti": 1,
          "dti": 33,
          "sco": 8,
          "dco": 183,
          "txt": "in"
        },
        {
          "si": 2,
          "sti": 2,
          "dti": 34,
          "sco": 11,
          "dco": 186,
          "txt": "London"
        },
        {
          "si": 2,
          "sti": 3,
          "dti": 35,
          "sco": 17,
          "dco": 192,
          "txt": "'"
        },
        {
          "si": 2,
          "sti": 4,
          "dti": 36,
          "sco": 18,
          "dco": 193,
          "txt": "s"
        },
        {
          "si": 2,
          "sti": 5,
          "dti": 37,
          "sco": 20,
          "dco": 195,
          "txt": "earliest"
        },
        {
          "si": 2,
          "sti": 6,
          "dti": 38,
          "sco": 29,
          "dco": 204,
          "txt": "years"
        },
        {
          "si": 2,
          "sti": 7,
          "dti": 39,
          "sco": 34,
          "dco": 209,
          "txt": ","
        },
        {
          "si": 2,
          "sti": 8,
          "dti": 40,
          "sco": 36,
          "dco": 211,
          "txt": "the"
        },
        {
          "si": 2,
          "sti": 9,
          "dti": 41,
          "sco": 40,
          "dco": 215,
          "txt": "congregation"
        },
        {
          "si": 2,
          "sti": 10,
          "dti": 42,
          "sco": 53,
          "dco": 228,
          "txt": "worships"
        },
        {
          "si": 2,
          "sti": 11,
          "dti": 43,
          "sco": 62,
          "dco": 237,
          "txt": "in"
        },
        {
          "si": 2,
          "sti": 12,
          "dti": 44,
          "sco": 65,
          "dco": 240,
          "txt": "a"
        },
        {
          "si": 2,
          "sti": 13,
          "dti": 45,
          "sco": 67,
          "dco": 242,
          "txt": "historic"
        },
        {
          "si": 2,
          "sti": 14,
          "dti": 46,
          "sco": 76,
          "dco": 251,
          "txt": "church"
        },
        {
          "si": 2,
          "sti": 15,
          "dti": 47,
          "sco": 83,
          "dco": 258,
          "txt": "building"
        },
        {
          "si": 2,
          "sti": 16,
          "dti": 48,
          "sco": 92,
          "dco": 267,
          "txt": "that"
        },
        {
          "si": 2,
          "sti": 17,
          "dti": 49,
          "sco": 97,
          "dco": 272,
          "txt": "was"
        },
        {
          "si": 2,
          "sti": 18,
          "dti": 50,
          "sco": 101,
          "dco": 276,
          "txt": "built"
        },
        {
          "si": 2,
          "sti": 19,
          "dti": 51,
          "sco": 107,
          "dco": 282,
          "txt": "in"
        },
        {
          "si": 2,
          "sti": 20,
          "dti": 52,
          "sco": 110,
          "dco": 285,
          "txt": "the"
        },
        {
          "si": 2,
          "sti": 21,
          "dti": 53,
          "sco": 114,
          "dco": 289,
          "txt": "1890"
        },
        {
          "si": 2,
          "sti": 22,
          "dti": 54,
          "sco": 118,
          "dco": 293,
          "txt": "s"
        },
        {
          "si": 2,
          "sti": 23,
          "dti": 55,
          "sco": 119,
          "dco": 294,
          "txt": "."
        },
        {
          "si": 3,
          "sti": 0,
          "dti": 56,
          "sco": 0,
          "dco": 296,
          "txt": "Congregational"
        },
        {
          "si": 3,
          "sti": 1,
          "dti": 57,
          "sco": 15,
          "dco": 311,
          "txt": "history"
        },
        {
          "si": 3,
          "sti": 2,
          "dti": 58,
          "sco": 22,
          "dco": 318,
          "txt": "."
        },
        {
          "si": 4,
          "sti": 0,
          "dti": 59,
          "sco": 0,
          "dco": 320,
          "txt": "A"
        },
        {
          "si": 4,
          "sti": 1,
          "dti": 60,
          "sco": 2,
          "dco": 322,
          "txt": "small"
        },
        {
          "si": 4,
          "sti": 2,
          "dti": 61,
          "sco": 8,
          "dco": 328,
          "txt": "group"
        },
        {
          "si": 4,
          "sti": 3,
          "dti": 62,
          "sco": 14,
          "dco": 334,
          "txt": "of"
        },
        {
          "si": 4,
          "sti": 4,
          "dti": 63,
          "sco": 17,
          "dco": 337,
          "txt": "individuals"
        },
        {
          "si": 4,
          "sti": 5,
          "dti": 64,
          "sco": 29,
          "dco": 349,
          "txt": "formed"
        },
        {
          "si": 4,
          "sti": 6,
          "dti": 65,
          "sco": 36,
          "dco": 356,
          "txt": "a"
        },
        {
          "si": 4,
          "sti": 7,
          "dti": 66,
          "sco": 38,
          "dco": 358,
          "txt": "congregation"
        },
        {
          "si": 4,
          "sti": 8,
          "dti": 67,
          "sco": 51,
          "dco": 371,
          "txt": "of"
        },
        {
          "si": 4,
          "sti": 9,
          "dti": 68,
          "sco": 54,
          "dco": 374,
          "txt": "the"
        },
        {
          "si": 4,
          "sti": 10,
          "dti": 69,
          "sco": 58,
          "dco": 378,
          "txt": "Methodist"
        },
        {
          "si": 4,
          "sti": 11,
          "dti": 70,
          "sco": 68,
          "dco": 388,
          "txt": "Episcopal"
        },
        {
          "si": 4,
          "sti": 12,
          "dti": 71,
          "sco": 78,
          "dco": 398,
          "txt": "Church"
        },
        {
          "si": 4,
          "sti": 13,
          "dti": 72,
          "sco": 85,
          "dco": 405,
          "txt": "in"
        },
        {
          "si": 4,
          "sti": 14,
          "dti": 73,
          "sco": 88,
          "dco": 408,
          "txt": "1813"
        },
        {
          "si": 4,
          "sti": 15,
          "dti": 74,
          "sco": 93,
          "dco": 413,
          "txt": "or"
        },
        {
          "si": 4,
          "sti": 16,
          "dti": 75,
          "sco": 96,
          "dco": 416,
          "txt": "1814"
        },
        {
          "si": 4,
          "sti": 17,
          "dti": 76,
          "sco": 100,
          "dco": 420,
          "txt": ","
        },
        {
          "si": 4,
          "sti": 18,
          "dti": 77,
          "sco": 102,
          "dco": 422,
          "txt": "very"
        },
        {
          "si": 4,
          "sti": 19,
          "dti": 78,
          "sco": 107,
          "dco": 427,
          "txt": "soon"
        },
        {
          "si": 4,
          "sti": 20,
          "dti": 79,
          "sco": 112,
          "dco": 432,
          "txt": "after"
        },
        {
          "si": 4,
          "sti": 21,
          "dti": 80,
          "sco": 118,
          "dco": 438,
          "txt": "London"
        },
        {
          "si": 4,
          "sti": 22,
          "dti": 81,
          "sco": 125,
          "dco": 445,
          "txt": "was"
        },
        {
          "si": 4,
          "sti": 23,
          "dti": 82,
          "sco": 129,
          "dco": 449,
          "txt": "platted"
        },
        {
          "si": 4,
          "sti": 24,
          "dti": 83,
          "sco": 136,
          "dco": 456,
          "txt": "."
        },
        {
          "si": 5,
          "sti": 0,
          "dti": 84,
          "sco": 0,
          "dco": 458,
          "txt": "In"
        },
        {
          "si": 5,
          "sti": 1,
          "dti": 85,
          "sco": 3,
          "dco": 461,
          "txt": "its"
        },
        {
          "si": 5,
          "sti": 2,
          "dti": 86,
          "sco": 7,
          "dco": 465,
          "txt": "earliest"
        },
        {
          "si": 5,
          "sti": 3,
          "dti": 87,
          "sco": 16,
          "dco": 474,
          "txt": "years"
        },
        {
          "si": 5,
          "sti": 4,
          "dti": 88,
          "sco": 21,
          "dco": 479,
          "txt": ","
        },
        {
          "si": 5,
          "sti": 5,
          "dti": 89,
          "sco": 23,
          "dco": 481,
          "txt": "the"
        },
        {
          "si": 5,
          "sti": 6,
          "dti": 90,
          "sco": 27,
          "dco": 485,
          "txt": "society"
        },
        {
          "si": 5,
          "sti": 7,
          "dti": 91,
          "sco": 34,
          "dco": 492,
          "txt": "'"
        },
        {
          "si": 5,
          "sti": 8,
          "dti": 92,
          "sco": 35,
          "dco": 493,
          "txt": "s"
        },
        {
          "si": 5,
          "sti": 9,
          "dti": 93,
          "sco": 37,
          "dco": 495,
          "txt": "members"
        },
        {
          "si": 5,
          "sti": 10,
          "dti": 94,
          "sco": 45,
          "dco": 503,
          "txt": "worshipped"
        },
        {
          "si": 5,
          "sti": 11,
          "dti": 95,
          "sco": 56,
          "dco": 514,
          "txt": "in"
        },
        {
          "si": 5,
          "sti": 12,
          "dti": 96,
          "sco": 59,
          "dco": 517,
          "txt": "each"
        },
        {
          "si": 5,
          "sti": 13,
          "dti": 97,
          "sco": 64,
          "dco": 522,
          "txt": "other"
        },
        {
          "si": 5,
          "sti": 14,
          "dti": 98,
          "sco": 69,
          "dco": 527,
          "txt": "'"
        },
        {
          "si": 5,
          "sti": 15,
          "dti": 99,
          "sco": 70,
          "dco": 528,
          "txt": "s"
        },
        {
          "si": 5,
          "sti": 16,
          "dti": 100,
          "sco": 72,
          "dco": 530,
          "txt": "homes"
        },
        {
          "si": 5,
          "sti": 17,
          "dti": 101,
          "sco": 77,
          "dco": 535,
          "txt": ","
        },
        {
          "si": 5,
          "sti": 18,
          "dti": 102,
          "sco": 79,
          "dco": 537,
          "txt": "and"
        },
        {
          "si": 5,
          "sti": 19,
          "dti": 103,
          "sco": 83,
          "dco": 541,
          "txt": "preaching"
        },
        {
          "si": 5,
          "sti": 20,
          "dti": 104,
          "sco": 93,
          "dco": 551,
          "txt": "was"
        },
        {
          "si": 5,
          "sti": 21,
          "dti": 105,
          "sco": 97,
          "dco": 555,
          "txt": "rare"
        },
        {
          "si": 5,
          "sti": 22,
          "dti": 106,
          "sco": 101,
          "dco": 559,
          "txt": ";"
        },
        {
          "si": 5,
          "sti": 23,
          "dti": 107,
          "sco": 103,
          "dco": 561,
          "txt": "London"
        },
        {
          "si": 5,
          "sti": 24,
          "dti": 108,
          "sco": 109,
          "dco": 567,
          "txt": "'"
        },
        {
          "si": 5,
          "sti": 25,
          "dti": 109,
          "sco": 110,
          "dco": 568,
          "txt": "s"
        },
        {
          "si": 5,
          "sti": 26,
          "dti": 110,
          "sco": 112,
          "dco": 570,
          "txt": "church"
        },
        {
          "si": 5,
          "sti": 27,
          "dti": 111,
          "sco": 119,
          "dco": 577,
          "txt": "was"
        },
        {
          "si": 5,
          "sti": 28,
          "dti": 112,
          "sco": 123,
          "dco": 581,
          "txt": "part"
        },
        {
          "si": 5,
          "sti": 29,
          "dti": 113,
          "sco": 128,
          "dco": 586,
          "txt": "of"
        },
        {
          "si": 5,
          "sti": 30,
          "dti": 114,
          "sco": 131,
          "dco": 589,
          "txt": "a"
        },
        {
          "si": 5,
          "sti": 31,
          "dti": 115,
          "sco": 133,
          "dco": 591,
          "txt": "circuit"
        },
        {
          "si": 5,
          "sti": 32,
          "dti": 116,
          "sco": 141,
          "dco": 599,
          "txt": "of"
        },
        {
          "si": 5,
          "sti": 33,
          "dti": 117,
          "sco": 144,
          "dco": 602,
          "txt": "twenty"
        },
        {
          "si": 5,
          "sti": 34,
          "dti": 118,
          "sco": 150,
          "dco": 608,
          "txt": "-"
        },
        {
          "si": 5,
          "sti": 35,
          "dti": 119,
          "sco": 151,
          "dco": 609,
          "txt": "four"
        },
        {
          "si": 5,
          "sti": 36,
          "dti": 120,
          "sco": 156,
          "dco": 614,
          "txt": "Methodist"
        },
        {
          "si": 5,
          "sti": 37,
          "dti": 121,
          "sco": 166,
          "dco": 624,
          "txt": "preaching"
        },
        {
          "si": 5,
          "sti": 38,
          "dti": 122,
          "sco": 176,
          "dco": 634,
          "txt": "stations"
        },
        {
          "si": 5,
          "sti": 39,
          "dti": 123,
          "sco": 184,
          "dco": 642,
          "txt": "."
        },
        {
          "si": 6,
          "sti": 0,
          "dti": 124,
          "sco": 0,
          "dco": 644,
          "txt": "In"
        },
        {
          "si": 6,
          "sti": 1,
          "dti": 125,
          "sco": 3,
          "dco": 647,
          "txt": "1820"
        },
        {
          "si": 6,
          "sti": 2,
          "dti": 126,
          "sco": 7,
          "dco": 651,
          "txt": ","
        },
        {
          "si": 6,
          "sti": 3,
          "dti": 127,
          "sco": 9,
          "dco": 653,
          "txt": "the"
        },
        {
          "si": 6,
          "sti": 4,
          "dti": 128,
          "sco": 13,
          "dco": 657,
          "txt": "congregation"
        },
        {
          "si": 6,
          "sti": 5,
          "dti": 129,
          "sco": 26,
          "dco": 670,
          "txt": "built"
        },
        {
          "si": 6,
          "sti": 6,
          "dti": 130,
          "sco": 32,
          "dco": 676,
          "txt": "a"
        },
        {
          "si": 6,
          "sti": 7,
          "dti": 131,
          "sco": 34,
          "dco": 678,
          "txt": "log"
        },
        {
          "si": 6,
          "sti": 8,
          "dti": 132,
          "sco": 38,
          "dco": 682,
          "txt": "church"
        },
        {
          "si": 6,
          "sti": 9,
          "dti": 133,
          "sco": 45,
          "dco": 689,
          "txt": "building"
        },
        {
          "si": 6,
          "sti": 10,
          "dti": 134,
          "sco": 54,
          "dco": 698,
          "txt": "on"
        },
        {
          "si": 6,
          "sti": 11,
          "dti": 135,
          "sco": 57,
          "dco": 701,
          "txt": "a"
        },
        {
          "si": 6,
          "sti": 12,
          "dti": 136,
          "sco": 59,
          "dco": 703,
          "txt": "downtown"
        },
        {
          "si": 6,
          "sti": 13,
          "dti": 137,
          "sco": 68,
          "dco": 712,
          "txt": "corner"
        },
        {
          "si": 6,
          "sti": 14,
          "dti": 138,
          "sco": 75,
          "dco": 719,
          "txt": "lot"
        },
        {
          "si": 6,
          "sti": 15,
          "dti": 139,
          "sco": 78,
          "dco": 722,
          "txt": ";"
        },
        {
          "si": 6,
          "sti": 16,
          "dti": 140,
          "sco": 80,
          "dco": 724,
          "txt": "it"
        },
        {
          "si": 6,
          "sti": 17,
          "dti": 141,
          "sco": 83,
          "dco": 727,
          "txt": "was"
        },
        {
          "si": 6,
          "sti": 18,
          "dti": 142,
          "sco": 87,
          "dco": 731,
          "txt": "the"
        },
        {
          "si": 6,
          "sti": 19,
          "dti": 143,
          "sco": 91,
          "dco": 735,
          "txt": "first"
        },
        {
          "si": 6,
          "sti": 20,
          "dti": 144,
          "sco": 97,
          "dco": 741,
          "txt": "church"
        },
        {
          "si": 6,
          "sti": 21,
          "dti": 145,
          "sco": 104,
          "dco": 748,
          "txt": "building"
        },
        {
          "si": 6,
          "sti": 22,
          "dti": 146,
          "sco": 113,
          "dco": 757,
          "txt": "in"
        },
        {
          "si": 6,
          "sti": 23,
          "dti": 147,
          "sco": 116,
          "dco": 760,
          "txt": "London"
        },
        {
          "si": 6,
          "sti": 24,
          "dti": 148,
          "sco": 122,
          "dco": 766,
          "txt": "."
        },
        {
          "si": 7,
          "sti": 0,
          "dti": 149,
          "sco": 0,
          "dco": 768,
          "txt": "After"
        },
        {
          "si": 7,
          "sti": 1,
          "dti": 150,
          "sco": 6,
          "dco": 774,
          "txt": "twenty"
        },
        {
          "si": 7,
          "sti": 2,
          "dti": 151,
          "sco": 13,
          "dco": 781,
          "txt": "years"
        },
        {
          "si": 7,
          "sti": 3,
          "dti": 152,
          "sco": 18,
          "dco": 786,
          "txt": ","
        },
        {
          "si": 7,
          "sti": 4,
          "dti": 153,
          "sco": 20,
          "dco": 788,
          "txt": "the"
        },
        {
          "si": 7,
          "sti": 5,
          "dti": 154,
          "sco": 24,
          "dco": 792,
          "txt": "congregation"
        },
        {
          "si": 7,
          "sti": 6,
          "dti": 155,
          "sco": 37,
          "dco": 805,
          "txt": "decided"
        },
        {
          "si": 7,
          "sti": 7,
          "dti": 156,
          "sco": 45,
          "dco": 813,
          "txt": "to"
        },
        {
          "si": 7,
          "sti": 8,
          "dti": 157,
          "sco": 48,
          "dco": 816,
          "txt": "move"
        },
        {
          "si": 7,
          "sti": 9,
          "dti": 158,
          "sco": 52,
          "dco": 820,
          "txt": "."
        },
        {
          "si": 8,
          "sti": 0,
          "dti": 159,
          "sco": 0,
          "dco": 822,
          "txt": "Obtaining"
        },
        {
          "si": 8,
          "sti": 1,
          "dti": 160,
          "sco": 10,
          "dco": 832,
          "txt": "property"
        },
        {
          "si": 8,
          "sti": 2,
          "dti": 161,
          "sco": 19,
          "dco": 841,
          "txt": "a"
        },
        {
          "si": 8,
          "sti": 3,
          "dti": 162,
          "sco": 21,
          "dco": 843,
          "txt": "few"
        },
        {
          "si": 8,
          "sti": 4,
          "dti": 163,
          "sco": 25,
          "dco": 847,
          "txt": "blocks"
        },
        {
          "si": 8,
          "sti": 5,
          "dti": 164,
          "sco": 32,
          "dco": 854,
          "txt": "away"
        },
        {
          "si": 8,
          "sti": 6,
          "dti": 165,
          "sco": 36,
          "dco": 858,
          "txt": ","
        },
        {
          "si": 8,
          "sti": 7,
          "dti": 166,
          "sco": 38,
          "dco": 860,
          "txt": "they"
        },
        {
          "si": 8,
          "sti": 8,
          "dti": 167,
          "sco": 43,
          "dco": 865,
          "txt": "built"
        },
        {
          "si": 8,
          "sti": 9,
          "dti": 168,
          "sco": 49,
          "dco": 871,
          "txt": "a"
        },
        {
          "si": 8,
          "sti": 10,
          "dti": 169,
          "sco": 51,
          "dco": 873,
          "txt": "larger"
        },
        {
          "si": 8,
          "sti": 11,
          "dti": 170,
          "sco": 58,
          "dco": 880,
          "txt": "frame"
        },
        {
          "si": 8,
          "sti": 12,
          "dti": 171,
          "sco": 64,
          "dco": 886,
          "txt": "church"
        },
        {
          "si": 8,
          "sti": 13,
          "dti": 172,
          "sco": 70,
          "dco": 892,
          "txt": ","
        },
        {
          "si": 8,
          "sti": 14,
          "dti": 173,
          "sco": 72,
          "dco": 894,
          "txt": "on"
        },
        {
          "si": 8,
          "sti": 15,
          "dti": 174,
          "sco": 75,
          "dco": 897,
          "txt": "each"
        },
        {
          "si": 8,
          "sti": 16,
          "dti": 175,
          "sco": 80,
          "dco": 902,
          "txt": "side"
        },
        {
          "si": 8,
          "sti": 17,
          "dti": 176,
          "sco": 84,
          "dco": 906,
          "txt": ","
        },
        {
          "si": 8,
          "sti": 18,
          "dti": 177,
          "sco": 86,
          "dco": 908,
          "txt": "and"
        },
        {
          "si": 8,
          "sti": 19,
          "dti": 178,
          "sco": 90,
          "dco": 912,
          "txt": "a"
        },
        {
          "si": 8,
          "sti": 20,
          "dti": 179,
          "sco": 92,
          "dco": 914,
          "txt": "brick"
        },
        {
          "si": 8,
          "sti": 21,
          "dti": 180,
          "sco": 98,
          "dco": 920,
          "txt": "parsonage"
        },
        {
          "si": 8,
          "sti": 22,
          "dti": 181,
          "sco": 107,
          "dco": 929,
          "txt": "."
        },
        {
          "si": 9,
          "sti": 0,
          "dti": 182,
          "sco": 0,
          "dco": 931,
          "txt": "During"
        },
        {
          "si": 9,
          "sti": 1,
          "dti": 183,
          "sco": 7,
          "dco": 938,
          "txt": "the"
        },
        {
          "si": 9,
          "sti": 2,
          "dti": 184,
          "sco": 11,
          "dco": 942,
          "txt": "1860"
        },
        {
          "si": 9,
          "sti": 3,
          "dti": 185,
          "sco": 15,
          "dco": 946,
          "txt": "s"
        },
        {
          "si": 9,
          "sti": 4,
          "dti": 186,
          "sco": 16,
          "dco": 947,
          "txt": ","
        },
        {
          "si": 9,
          "sti": 5,
          "dti": 187,
          "sco": 18,
          "dco": 949,
          "txt": "the"
        },
        {
          "si": 9,
          "sti": 6,
          "dti": 188,
          "sco": 22,
          "dco": 953,
          "txt": "congregation"
        },
        {
          "si": 9,
          "sti": 7,
          "dti": 189,
          "sco": 35,
          "dco": 966,
          "txt": "saw"
        },
        {
          "si": 9,
          "sti": 8,
          "dti": 190,
          "sco": 39,
          "dco": 970,
          "txt": "many"
        },
        {
          "si": 9,
          "sti": 9,
          "dti": 191,
          "sco": 44,
          "dco": 975,
          "txt": "changes"
        },
        {
          "si": 9,
          "sti": 10,
          "dti": 192,
          "sco": 51,
          "dco": 982,
          "txt": "."
        },
        {
          "si": 10,
          "sti": 0,
          "dti": 193,
          "sco": 0,
          "dco": 984,
          "txt": "In"
        },
        {
          "si": 10,
          "sti": 1,
          "dti": 194,
          "sco": 3,
          "dco": 987,
          "txt": "1860"
        },
        {
          "si": 10,
          "sti": 2,
          "dti": 195,
          "sco": 7,
          "dco": 991,
          "txt": ","
        },
        {
          "si": 10,
          "sti": 3,
          "dti": 196,
          "sco": 9,
          "dco": 993,
          "txt": "the"
        },
        {
          "si": 10,
          "sti": 4,
          "dti": 197,
          "sco": 13,
          "dco": 997,
          "txt": "pastor"
        },
        {
          "si": 10,
          "sti": 5,
          "dti": 198,
          "sco": 19,
          "dco": 1003,
          "txt": "'"
        },
        {
          "si": 10,
          "sti": 6,
          "dti": 199,
          "sco": 20,
          "dco": 1004,
          "txt": "s"
        },
        {
          "si": 10,
          "sti": 7,
          "dti": 200,
          "sco": 22,
          "dco": 1006,
          "txt": "responsibilities"
        },
        {
          "si": 10,
          "sti": 8,
          "dti": 201,
          "sco": 39,
          "dco": 1023,
          "txt": "were"
        },
        {
          "si": 10,
          "sti": 9,
          "dti": 202,
          "sco": 44,
          "dco": 1028,
          "txt": "reduced"
        },
        {
          "si": 10,
          "sti": 10,
          "dti": 203,
          "sco": 51,
          "dco": 1035,
          "txt": ";"
        },
        {
          "si": 10,
          "sti": 11,
          "dti": 204,
          "sco": 53,
          "dco": 1037,
          "txt": "except"
        },
        {
          "si": 10,
          "sti": 12,
          "dti": 205,
          "sco": 60,
          "dco": 1044,
          "txt": "for"
        },
        {
          "si": 10,
          "sti": 13,
          "dti": 206,
          "sco": 64,
          "dco": 1048,
          "txt": "Kingsley"
        },
        {
          "si": 10,
          "sti": 14,
          "dti": 207,
          "sco": 73,
          "dco": 1057,
          "txt": "Chapel"
        },
        {
          "si": 10,
          "sti": 15,
          "dti": 208,
          "sco": 79,
          "dco": 1063,
          "txt": ","
        },
        {
          "si": 10,
          "sti": 16,
          "dti": 209,
          "sco": 81,
          "dco": 1065,
          "txt": "a"
        },
        {
          "si": 10,
          "sti": 17,
          "dti": 210,
          "sco": 83,
          "dco": 1067,
          "txt": "small"
        },
        {
          "si": 10,
          "sti": 18,
          "dti": 211,
          "sco": 89,
          "dco": 1073,
          "txt": "church"
        },
        {
          "si": 10,
          "sti": 19,
          "dti": 212,
          "sco": 96,
          "dco": 1080,
          "txt": "near"
        },
        {
          "si": 10,
          "sti": 20,
          "dti": 213,
          "sco": 101,
          "dco": 1085,
          "txt": "London"
        },
        {
          "si": 10,
          "sti": 21,
          "dti": 214,
          "sco": 107,
          "dco": 1091,
          "txt": ","
        },
        {
          "si": 10,
          "sti": 22,
          "dti": 215,
          "sco": 109,
          "dco": 1093,
          "txt": "he"
        },
        {
          "si": 10,
          "sti": 23,
          "dti": 216,
          "sco": 112,
          "dco": 1096,
          "txt": "was"
        },
        {
          "si": 10,
          "sti": 24,
          "dti": 217,
          "sco": 116,
          "dco": 1100,
          "txt": "no"
        },
        {
          "si": 10,
          "sti": 25,
          "dti": 218,
          "sco": 119,
          "dco": 1103,
          "txt": "longer"
        },
        {
          "si": 10,
          "sti": 26,
          "dti": 219,
          "sco": 126,
          "dco": 1110,
          "txt": "assigned"
        },
        {
          "si": 10,
          "sti": 27,
          "dti": 220,
          "sco": 135,
          "dco": 1119,
          "txt": "to"
        },
        {
          "si": 10,
          "sti": 28,
          "dti": 221,
          "sco": 138,
          "dco": 1122,
          "txt": "serve"
        },
        {
          "si": 10,
          "sti": 29,
          "dti": 222,
          "sco": 144,
          "dco": 1128,
          "txt": "any"
        },
        {
          "si": 10,
          "sti": 30,
          "dti": 223,
          "sco": 148,
          "dco": 1132,
          "txt": "churches"
        },
        {
          "si": 10,
          "sti": 31,
          "dti": 224,
          "sco": 157,
          "dco": 1141,
          "txt": "other"
        },
        {
          "si": 10,
          "sti": 32,
          "dti": 225,
          "sco": 163,
          "dco": 1147,
          "txt": "than"
        },
        {
          "si": 10,
          "sti": 33,
          "dti": 226,
          "sco": 168,
          "dco": 1152,
          "txt": "London"
        },
        {
          "si": 10,
          "sti": 34,
          "dti": 227,
          "sco": 174,
          "dco": 1158,
          "txt": ","
        },
        {
          "si": 10,
          "sti": 35,
          "dti": 228,
          "sco": 176,
          "dco": 1160,
          "txt": "and"
        },
        {
          "si": 10,
          "sti": 36,
          "dti": 229,
          "sco": 180,
          "dco": 1164,
          "txt": "Kingsley"
        },
        {
          "si": 10,
          "sti": 37,
          "dti": 230,
          "sco": 189,
          "dco": 1173,
          "txt": "later"
        },
        {
          "si": 10,
          "sti": 38,
          "dti": 231,
          "sco": 195,
          "dco": 1179,
          "txt": "closed"
        },
        {
          "si": 10,
          "sti": 39,
          "dti": 232,
          "sco": 201,
          "dco": 1185,
          "txt": "."
        },
        {
          "si": 11,
          "sti": 0,
          "dti": 233,
          "sco": 0,
          "dco": 1187,
          "txt": "The"
        },
        {
          "si": 11,
          "sti": 1,
          "dti": 234,
          "sco": 4,
          "dco": 1191,
          "txt": "same"
        },
        {
          "si": 11,
          "sti": 2,
          "dti": 235,
          "sco": 9,
          "dco": 1196,
          "txt": "year"
        },
        {
          "si": 11,
          "sti": 3,
          "dti": 236,
          "sco": 14,
          "dco": 1201,
          "txt": "saw"
        },
        {
          "si": 11,
          "sti": 4,
          "dti": 237,
          "sco": 18,
          "dco": 1205,
          "txt": "the"
        },
        {
          "si": 11,
          "sti": 5,
          "dti": 238,
          "sco": 22,
          "dco": 1209,
          "txt": "completion"
        },
        {
          "si": 11,
          "sti": 6,
          "dti": 239,
          "sco": 33,
          "dco": 1220,
          "txt": "of"
        },
        {
          "si": 11,
          "sti": 7,
          "dti": 240,
          "sco": 36,
          "dco": 1223,
          "txt": "a"
        },
        {
          "si": 11,
          "sti": 8,
          "dti": 241,
          "sco": 38,
          "dco": 1225,
          "txt": "new"
        },
        {
          "si": 11,
          "sti": 9,
          "dti": 242,
          "sco": 42,
          "dco": 1229,
          "txt": "brick"
        },
        {
          "si": 11,
          "sti": 10,
          "dti": 243,
          "sco": 48,
          "dco": 1235,
          "txt": "church"
        },
        {
          "si": 11,
          "sti": 11,
          "dti": 244,
          "sco": 55,
          "dco": 1242,
          "txt": "building"
        },
        {
          "si": 11,
          "sti": 12,
          "dti": 245,
          "sco": 63,
          "dco": 1250,
          "txt": ","
        },
        {
          "si": 11,
          "sti": 13,
          "dti": 246,
          "sco": 65,
          "dco": 1252,
          "txt": "which"
        },
        {
          "si": 11,
          "sti": 14,
          "dti": 247,
          "sco": 71,
          "dco": 1258,
          "txt": "was"
        },
        {
          "si": 11,
          "sti": 15,
          "dti": 248,
          "sco": 75,
          "dco": 1262,
          "txt": "placed"
        },
        {
          "si": 11,
          "sti": 16,
          "dti": 249,
          "sco": 82,
          "dco": 1269,
          "txt": "on"
        },
        {
          "si": 11,
          "sti": 17,
          "dti": 250,
          "sco": 85,
          "dco": 1272,
          "txt": "the"
        },
        {
          "si": 11,
          "sti": 18,
          "dti": 251,
          "sco": 89,
          "dco": 1276,
          "txt": "site"
        },
        {
          "si": 11,
          "sti": 19,
          "dti": 252,
          "sco": 94,
          "dco": 1281,
          "txt": "of"
        },
        {
          "si": 11,
          "sti": 20,
          "dti": 253,
          "sco": 97,
          "dco": 1284,
          "txt": "the"
        },
        {
          "si": 11,
          "sti": 21,
          "dti": 254,
          "sco": 101,
          "dco": 1288,
          "txt": "frame"
        },
        {
          "si": 11,
          "sti": 22,
          "dti": 255,
          "sco": 107,
          "dco": 1294,
          "txt": "church"
        },
        {
          "si": 11,
          "sti": 23,
          "dti": 256,
          "sco": 114,
          "dco": 1301,
          "txt": "building"
        },
        {
          "si": 11,
          "sti": 24,
          "dti": 257,
          "sco": 122,
          "dco": 1309,
          "txt": ";"
        },
        {
          "si": 11,
          "sti": 25,
          "dti": 258,
          "sco": 124,
          "dco": 1311,
          "txt": "measuring"
        },
        {
          "si": 11,
          "sti": 26,
          "dti": 259,
          "sco": 134,
          "dco": 1321,
          "txt": "by"
        },
        {
          "si": 11,
          "sti": 27,
          "dti": 260,
          "sco": 136,
          "dco": 1323,
          "txt": ","
        },
        {
          "si": 11,
          "sti": 28,
          "dti": 261,
          "sco": 138,
          "dco": 1325,
          "txt": "it"
        },
        {
          "si": 11,
          "sti": 29,
          "dti": 262,
          "sco": 141,
          "dco": 1328,
          "txt": "cost"
        },
        {
          "si": 11,
          "sti": 30,
          "dti": 263,
          "sco": 146,
          "dco": 1333,
          "txt": "$"
        },
        {
          "si": 11,
          "sti": 31,
          "dti": 264,
          "sco": 147,
          "dco": 1334,
          "txt": "7"
        },
        {
          "si": 11,
          "sti": 32,
          "dti": 265,
          "sco": 148,
          "dco": 1335,
          "txt": ","
        },
        {
          "si": 11,
          "sti": 33,
          "dti": 266,
          "sco": 149,
          "dco": 1336,
          "txt": "500"
        },
        {
          "si": 11,
          "sti": 34,
          "dti": 267,
          "sco": 153,
          "dco": 1340,
          "txt": "to"
        },
        {
          "si": 11,
          "sti": 35,
          "dti": 268,
          "sco": 156,
          "dco": 1343,
          "txt": "build"
        },
        {
          "si": 11,
          "sti": 36,
          "dti": 269,
          "sco": 161,
          "dco": 1348,
          "txt": "."
        },
        {
          "si": 12,
          "sti": 0,
          "dti": 270,
          "sco": 0,
          "dco": 1350,
          "txt": "Other"
        },
        {
          "si": 12,
          "sti": 1,
          "dti": 271,
          "sco": 6,
          "dco": 1356,
          "txt": "buildings"
        },
        {
          "si": 12,
          "sti": 2,
          "dti": 272,
          "sco": 16,
          "dco": 1366,
          "txt": "were"
        },
        {
          "si": 12,
          "sti": 3,
          "dti": 273,
          "sco": 21,
          "dco": 1371,
          "txt": "erected"
        },
        {
          "si": 12,
          "sti": 4,
          "dti": 274,
          "sco": 29,
          "dco": 1379,
          "txt": "in"
        },
        {
          "si": 12,
          "sti": 5,
          "dti": 275,
          "sco": 32,
          "dco": 1382,
          "txt": "the"
        },
        {
          "si": 12,
          "sti": 6,
          "dti": 276,
          "sco": 36,
          "dco": 1386,
          "txt": "following"
        },
        {
          "si": 12,
          "sti": 7,
          "dti": 277,
          "sco": 46,
          "dco": 1396,
          "txt": "few"
        },
        {
          "si": 12,
          "sti": 8,
          "dti": 278,
          "sco": 50,
          "dco": 1400,
          "txt": "years"
        },
        {
          "si": 12,
          "sti": 9,
          "dti": 279,
          "sco": 55,
          "dco": 1405,
          "txt": ":"
        },
        {
          "si": 12,
          "sti": 10,
          "dti": 280,
          "sco": 57,
          "dco": 1407,
          "txt": "a"
        },
        {
          "si": 12,
          "sti": 11,
          "dti": 281,
          "sco": 59,
          "dco": 1409,
          "txt": "new"
        },
        {
          "si": 12,
          "sti": 12,
          "dti": 282,
          "sco": 63,
          "dco": 1413,
          "txt": "parsonage"
        },
        {
          "si": 12,
          "sti": 13,
          "dti": 283,
          "sco": 73,
          "dco": 1423,
          "txt": "was"
        },
        {
          "si": 12,
          "sti": 14,
          "dti": 284,
          "sco": 77,
          "dco": 1427,
          "txt": "completed"
        },
        {
          "si": 12,
          "sti": 15,
          "dti": 285,
          "sco": 87,
          "dco": 1437,
          "txt": "in"
        },
        {
          "si": 12,
          "sti": 16,
          "dti": 286,
          "sco": 90,
          "dco": 1440,
          "txt": "1863"
        },
        {
          "si": 12,
          "sti": 17,
          "dti": 287,
          "sco": 94,
          "dco": 1444,
          "txt": ","
        },
        {
          "si": 12,
          "sti": 18,
          "dti": 288,
          "sco": 96,
          "dco": 1446,
          "txt": "and"
        },
        {
          "si": 12,
          "sti": 19,
          "dti": 289,
          "sco": 100,
          "dco": 1450,
          "txt": "a"
        },
        {
          "si": 12,
          "sti": 20,
          "dti": 290,
          "sco": 102,
          "dco": 1452,
          "txt": "small"
        },
        {
          "si": 12,
          "sti": 21,
          "dti": 291,
          "sco": 108,
          "dco": 1458,
          "txt": "chapel"
        },
        {
          "si": 12,
          "sti": 22,
          "dti": 292,
          "sco": 115,
          "dco": 1465,
          "txt": "was"
        },
        {
          "si": 12,
          "sti": 23,
          "dti": 293,
          "sco": 119,
          "dco": 1469,
          "txt": "added"
        },
        {
          "si": 12,
          "sti": 24,
          "dti": 294,
          "sco": 125,
          "dco": 1475,
          "txt": "to"
        },
        {
          "si": 12,
          "sti": 25,
          "dti": 295,
          "sco": 128,
          "dco": 1478,
          "txt": "the"
        },
        {
          "si": 12,
          "sti": 26,
          "dti": 296,
          "sco": 132,
          "dco": 1482,
          "txt": "church"
        },
        {
          "si": 12,
          "sti": 27,
          "dti": 297,
          "sco": 138,
          "dco": 1488,
          "txt": "'"
        },
        {
          "si": 12,
          "sti": 28,
          "dti": 298,
          "sco": 139,
          "dco": 1489,
          "txt": "s"
        },
        {
          "si": 12,
          "sti": 29,
          "dti": 299,
          "sco": 141,
          "dco": 1491,
          "txt": "rear"
        },
        {
          "si": 12,
          "sti": 30,
          "dti": 300,
          "sco": 146,
          "dco": 1496,
          "txt": "in"
        },
        {
          "si": 12,
          "sti": 31,
          "dti": 301,
          "sco": 149,
          "dco": 1499,
          "txt": "1866"
        },
        {
          "si": 12,
          "sti": 32,
          "dti": 302,
          "sco": 154,
          "dco": 1504,
          "txt": "by"
        },
        {
          "si": 12,
          "sti": 33,
          "dti": 303,
          "sco": 157,
          "dco": 1507,
          "txt": "the"
        },
        {
          "si": 12,
          "sti": 34,
          "dti": 304,
          "sco": 161,
          "dco": 1511,
          "txt": "gift"
        },
        {
          "si": 12,
          "sti": 35,
          "dti": 305,
          "sco": 166,
          "dco": 1516,
          "txt": "of"
        },
        {
          "si": 12,
          "sti": 36,
          "dti": 306,
          "sco": 169,
          "dco": 1519,
          "txt": "a"
        },
        {
          "si": 12,
          "sti": 37,
          "dti": 307,
          "sco": 171,
          "dco": 1521,
          "txt": "member"
        },
        {
          "si": 12,
          "sti": 38,
          "dti": 308,
          "sco": 177,
          "dco": 1527,
          "txt": "."
        },
        {
          "si": 13,
          "sti": 0,
          "dti": 309,
          "sco": 0,
          "dco": 1529,
          "txt": "Among"
        },
        {
          "si": 13,
          "sti": 1,
          "dti": 310,
          "sco": 6,
          "dco": 1535,
          "txt": "the"
        },
        {
          "si": 13,
          "sti": 2,
          "dti": 311,
          "sco": 10,
          "dco": 1539,
          "txt": "congregation"
        },
        {
          "si": 13,
          "sti": 3,
          "dti": 312,
          "sco": 22,
          "dco": 1551,
          "txt": "'"
        },
        {
          "si": 13,
          "sti": 4,
          "dti": 313,
          "sco": 23,
          "dco": 1552,
          "txt": "s"
        },
        {
          "si": 13,
          "sti": 5,
          "dti": 314,
          "sco": 25,
          "dco": 1554,
          "txt": "leading"
        },
        {
          "si": 13,
          "sti": 6,
          "dti": 315,
          "sco": 33,
          "dco": 1562,
          "txt": "past"
        },
        {
          "si": 13,
          "sti": 7,
          "dti": 316,
          "sco": 38,
          "dco": 1567,
          "txt": "members"
        },
        {
          "si": 13,
          "sti": 8,
          "dti": 317,
          "sco": 46,
          "dco": 1575,
          "txt": "was"
        },
        {
          "si": 13,
          "sti": 9,
          "dti": 318,
          "sco": 50,
          "dco": 1579,
          "txt": "Jeriah"
        },
        {
          "si": 13,
          "sti": 10,
          "dti": 319,
          "sco": 57,
          "dco": 1586,
          "txt": "Swetland"
        },
        {
          "si": 13,
          "sti": 11,
          "dti": 320,
          "sco": 65,
          "dco": 1594,
          "txt": ","
        },
        {
          "si": 13,
          "sti": 12,
          "dti": 321,
          "sco": 67,
          "dco": 1596,
          "txt": "prominent"
        },
        {
          "si": 13,
          "sti": 13,
          "dti": 322,
          "sco": 77,
          "dco": 1606,
          "txt": "local"
        },
        {
          "si": 13,
          "sti": 14,
          "dti": 323,
          "sco": 83,
          "dco": 1612,
          "txt": "businessman"
        },
        {
          "si": 13,
          "sti": 15,
          "dti": 324,
          "sco": 95,
          "dco": 1624,
          "txt": "and"
        },
        {
          "si": 13,
          "sti": 16,
          "dti": 325,
          "sco": 99,
          "dco": 1628,
          "txt": "state"
        },
        {
          "si": 13,
          "sti": 17,
          "dti": 326,
          "sco": 105,
          "dco": 1634,
          "txt": "representative"
        },
        {
          "si": 13,
          "sti": 18,
          "dti": 327,
          "sco": 119,
          "dco": 1648,
          "txt": "."
        },
        {
          "si": 14,
          "sti": 0,
          "dti": 328,
          "sco": 0,
          "dco": 1650,
          "txt": "Church"
        },
        {
          "si": 14,
          "sti": 1,
          "dti": 329,
          "sco": 7,
          "dco": 1657,
          "txt": "building"
        },
        {
          "si": 14,
          "sti": 2,
          "dti": 330,
          "sco": 15,
          "dco": 1665,
          "txt": "."
        },
        {
          "si": 15,
          "sti": 0,
          "dti": 331,
          "sco": 0,
          "dco": 1667,
          "txt": "Continued"
        },
        {
          "si": 15,
          "sti": 1,
          "dti": 332,
          "sco": 10,
          "dco": 1677,
          "txt": "growth"
        },
        {
          "si": 15,
          "sti": 2,
          "dti": 333,
          "sco": 17,
          "dco": 1684,
          "txt": "produced"
        },
        {
          "si": 15,
          "sti": 3,
          "dti": 334,
          "sco": 26,
          "dco": 1693,
          "txt": "a"
        },
        {
          "si": 15,
          "sti": 4,
          "dti": 335,
          "sco": 28,
          "dco": 1695,
          "txt": "need"
        },
        {
          "si": 15,
          "sti": 5,
          "dti": 336,
          "sco": 33,
          "dco": 1700,
          "txt": "for"
        },
        {
          "si": 15,
          "sti": 6,
          "dti": 337,
          "sco": 37,
          "dco": 1704,
          "txt": "a"
        },
        {
          "si": 15,
          "sti": 7,
          "dti": 338,
          "sco": 39,
          "dco": 1706,
          "txt": "fourth"
        },
        {
          "si": 15,
          "sti": 8,
          "dti": 339,
          "sco": 46,
          "dco": 1713,
          "txt": "church"
        },
        {
          "si": 15,
          "sti": 9,
          "dti": 340,
          "sco": 53,
          "dco": 1720,
          "txt": "building"
        },
        {
          "si": 15,
          "sti": 10,
          "dti": 341,
          "sco": 61,
          "dco": 1728,
          "txt": ","
        },
        {
          "si": 15,
          "sti": 11,
          "dti": 342,
          "sco": 63,
          "dco": 1730,
          "txt": "and"
        },
        {
          "si": 15,
          "sti": 12,
          "dti": 343,
          "sco": 67,
          "dco": 1734,
          "txt": "the"
        },
        {
          "si": 15,
          "sti": 13,
          "dti": 344,
          "sco": 71,
          "dco": 1738,
          "txt": "third"
        },
        {
          "si": 15,
          "sti": 14,
          "dti": 345,
          "sco": 77,
          "dco": 1744,
          "txt": "building"
        },
        {
          "si": 15,
          "sti": 15,
          "dti": 346,
          "sco": 86,
          "dco": 1753,
          "txt": "was"
        },
        {
          "si": 15,
          "sti": 16,
          "dti": 347,
          "sco": 90,
          "dco": 1757,
          "txt": "sold"
        },
        {
          "si": 15,
          "sti": 17,
          "dti": 348,
          "sco": 95,
          "dco": 1762,
          "txt": "in"
        },
        {
          "si": 15,
          "sti": 18,
          "dti": 349,
          "sco": 98,
          "dco": 1765,
          "txt": "the"
        },
        {
          "si": 15,
          "sti": 19,
          "dti": 350,
          "sco": 102,
          "dco": 1769,
          "txt": "early"
        },
        {
          "si": 15,
          "sti": 20,
          "dti": 351,
          "sco": 108,
          "dco": 1775,
          "txt": "1890"
        },
        {
          "si": 15,
          "sti": 21,
          "dti": 352,
          "sco": 112,
          "dco": 1779,
          "txt": "s"
        },
        {
          "si": 15,
          "sti": 22,
          "dti": 353,
          "sco": 113,
          "dco": 1780,
          "txt": "."
        },
        {
          "si": 16,
          "sti": 0,
          "dti": 354,
          "sco": 0,
          "dco": 1782,
          "txt": "Buying"
        },
        {
          "si": 16,
          "sti": 1,
          "dti": 355,
          "sco": 7,
          "dco": 1789,
          "txt": "a"
        },
        {
          "si": 16,
          "sti": 2,
          "dti": 356,
          "sco": 9,
          "dco": 1791,
          "txt": "house"
        },
        {
          "si": 16,
          "sti": 3,
          "dti": 357,
          "sco": 15,
          "dco": 1797,
          "txt": "at"
        },
        {
          "si": 16,
          "sti": 4,
          "dti": 358,
          "sco": 18,
          "dco": 1800,
          "txt": "52"
        },
        {
          "si": 16,
          "sti": 5,
          "dti": 359,
          "sco": 21,
          "dco": 1803,
          "txt": "N"
        },
        {
          "si": 16,
          "sti": 6,
          "dti": 360,
          "sco": 22,
          "dco": 1804,
          "txt": "."
        },
        {
          "si": 17,
          "sti": 0,
          "dti": 361,
          "sco": 0,
          "dco": 1806,
          "txt": "Main"
        },
        {
          "si": 17,
          "sti": 1,
          "dti": 362,
          "sco": 5,
          "dco": 1811,
          "txt": "Street"
        },
        {
          "si": 17,
          "sti": 2,
          "dti": 363,
          "sco": 11,
          "dco": 1817,
          "txt": ","
        },
        {
          "si": 17,
          "sti": 3,
          "dti": 364,
          "sco": 13,
          "dco": 1819,
          "txt": "the"
        },
        {
          "si": 17,
          "sti": 4,
          "dti": 365,
          "sco": 17,
          "dco": 1823,
          "txt": "congregation"
        },
        {
          "si": 17,
          "sti": 5,
          "dti": 366,
          "sco": 30,
          "dco": 1836,
          "txt": "moved"
        },
        {
          "si": 17,
          "sti": 6,
          "dti": 367,
          "sco": 36,
          "dco": 1842,
          "txt": "it"
        },
        {
          "si": 17,
          "sti": 7,
          "dti": 368,
          "sco": 39,
          "dco": 1845,
          "txt": "to"
        },
        {
          "si": 17,
          "sti": 8,
          "dti": 369,
          "sco": 42,
          "dco": 1848,
          "txt": "a"
        },
        {
          "si": 17,
          "sti": 9,
          "dti": 370,
          "sco": 44,
          "dco": 1850,
          "txt": "nearby"
        },
        {
          "si": 17,
          "sti": 10,
          "dti": 371,
          "sco": 51,
          "dco": 1857,
          "txt": "empty"
        },
        {
          "si": 17,
          "sti": 11,
          "dti": 372,
          "sco": 57,
          "dco": 1863,
          "txt": "lot"
        },
        {
          "si": 17,
          "sti": 12,
          "dti": 373,
          "sco": 61,
          "dco": 1867,
          "txt": "and"
        },
        {
          "si": 17,
          "sti": 13,
          "dti": 374,
          "sco": 65,
          "dco": 1871,
          "txt": "renovated"
        },
        {
          "si": 17,
          "sti": 14,
          "dti": 375,
          "sco": 75,
          "dco": 1881,
          "txt": "it"
        },
        {
          "si": 17,
          "sti": 15,
          "dti": 376,
          "sco": 78,
          "dco": 1884,
          "txt": "for"
        },
        {
          "si": 17,
          "sti": 16,
          "dti": 377,
          "sco": 82,
          "dco": 1888,
          "txt": "use"
        },
        {
          "si": 17,
          "sti": 17,
          "dti": 378,
          "sco": 86,
          "dco": 1892,
          "txt": "as"
        },
        {
          "si": 17,
          "sti": 18,
          "dti": 379,
          "sco": 89,
          "dco": 1895,
          "txt": "a"
        },
        {
          "si": 17,
          "sti": 19,
          "dti": 380,
          "sco": 91,
          "dco": 1897,
          "txt": "parsonage"
        },
        {
          "si": 17,
          "sti": 20,
          "dti": 381,
          "sco": 100,
          "dco": 1906,
          "txt": "."
        },
        {
          "si": 18,
          "sti": 0,
          "dti": 382,
          "sco": 0,
          "dco": 1908,
          "txt": "With"
        },
        {
          "si": 18,
          "sti": 1,
          "dti": 383,
          "sco": 5,
          "dco": 1913,
          "txt": "the"
        },
        {
          "si": 18,
          "sti": 2,
          "dti": 384,
          "sco": 9,
          "dco": 1917,
          "txt": "house"
        },
        {
          "si": 18,
          "sti": 3,
          "dti": 385,
          "sco": 14,
          "dco": 1922,
          "txt": "'"
        },
        {
          "si": 18,
          "sti": 4,
          "dti": 386,
          "sco": 15,
          "dco": 1923,
          "txt": "s"
        },
        {
          "si": 18,
          "sti": 5,
          "dti": 387,
          "sco": 17,
          "dco": 1925,
          "txt": "original"
        },
        {
          "si": 18,
          "sti": 6,
          "dti": 388,
          "sco": 26,
          "dco": 1934,
          "txt": "location"
        },
        {
          "si": 18,
          "sti": 7,
          "dti": 389,
          "sco": 35,
          "dco": 1943,
          "txt": "now"
        },
        {
          "si": 18,
          "sti": 8,
          "dti": 390,
          "sco": 39,
          "dco": 1947,
          "txt": "empty"
        },
        {
          "si": 18,
          "sti": 9,
          "dti": 391,
          "sco": 44,
          "dco": 1952,
          "txt": ","
        },
        {
          "si": 18,
          "sti": 10,
          "dti": 392,
          "sco": 46,
          "dco": 1954,
          "txt": "a"
        },
        {
          "si": 18,
          "sti": 11,
          "dti": 393,
          "sco": 48,
          "dco": 1956,
          "txt": "larger"
        },
        {
          "si": 18,
          "sti": 12,
          "dti": 394,
          "sco": 55,
          "dco": 1963,
          "txt": "church"
        },
        {
          "si": 18,
          "sti": 13,
          "dti": 395,
          "sco": 62,
          "dco": 1970,
          "txt": "was"
        },
        {
          "si": 18,
          "sti": 14,
          "dti": 396,
          "sco": 66,
          "dco": 1974,
          "txt": "erected"
        },
        {
          "si": 18,
          "sti": 15,
          "dti": 397,
          "sco": 74,
          "dco": 1982,
          "txt": "on"
        },
        {
          "si": 18,
          "sti": 16,
          "dti": 398,
          "sco": 77,
          "dco": 1985,
          "txt": "the"
        },
        {
          "si": 18,
          "sti": 17,
          "dti": 399,
          "sco": 81,
          "dco": 1989,
          "txt": "site"
        },
        {
          "si": 18,
          "sti": 18,
          "dti": 400,
          "sco": 85,
          "dco": 1993,
          "txt": "."
        },
        {
          "si": 19,
          "sti": 0,
          "dti": 401,
          "sco": 0,
          "dco": 1995,
          "txt": "At"
        },
        {
          "si": 19,
          "sti": 1,
          "dti": 402,
          "sco": 3,
          "dco": 1998,
          "txt": "the"
        },
        {
          "si": 19,
          "sti": 2,
          "dti": 403,
          "sco": 7,
          "dco": 2002,
          "txt": "time"
        },
        {
          "si": 19,
          "sti": 3,
          "dti": 404,
          "sco": 12,
          "dco": 2007,
          "txt": "of"
        },
        {
          "si": 19,
          "sti": 4,
          "dti": 405,
          "sco": 15,
          "dco": 2010,
          "txt": "its"
        },
        {
          "si": 19,
          "sti": 5,
          "dti": 406,
          "sco": 19,
          "dco": 2014,
          "txt": "dedication"
        },
        {
          "si": 19,
          "sti": 6,
          "dti": 407,
          "sco": 30,
          "dco": 2025,
          "txt": "on"
        },
        {
          "si": 19,
          "sti": 7,
          "dti": 408,
          "sco": 33,
          "dco": 2028,
          "txt": "November"
        },
        {
          "si": 19,
          "sti": 8,
          "dti": 409,
          "sco": 42,
          "dco": 2037,
          "txt": "18"
        },
        {
          "si": 19,
          "sti": 9,
          "dti": 410,
          "sco": 44,
          "dco": 2039,
          "txt": ","
        },
        {
          "si": 19,
          "sti": 10,
          "dti": 411,
          "sco": 46,
          "dco": 2041,
          "txt": "1894"
        },
        {
          "si": 19,
          "sti": 11,
          "dti": 412,
          "sco": 50,
          "dco": 2045,
          "txt": ","
        },
        {
          "si": 19,
          "sti": 12,
          "dti": 413,
          "sco": 52,
          "dco": 2047,
          "txt": "it"
        },
        {
          "si": 19,
          "sti": 13,
          "dti": 414,
          "sco": 55,
          "dco": 2050,
          "txt": "had"
        },
        {
          "si": 19,
          "sti": 14,
          "dti": 415,
          "sco": 59,
          "dco": 2054,
          "txt": "cost"
        },
        {
          "si": 19,
          "sti": 15,
          "dti": 416,
          "sco": 64,
          "dco": 2059,
          "txt": "$"
        },
        {
          "si": 19,
          "sti": 16,
          "dti": 417,
          "sco": 65,
          "dco": 2060,
          "txt": "45"
        },
        {
          "si": 19,
          "sti": 17,
          "dti": 418,
          "sco": 67,
          "dco": 2062,
          "txt": ","
        },
        {
          "si": 19,
          "sti": 18,
          "dti": 419,
          "sco": 68,
          "dco": 2063,
          "txt": "000"
        },
        {
          "si": 19,
          "sti": 19,
          "dti": 420,
          "sco": 72,
          "dco": 2067,
          "txt": "to"
        },
        {
          "si": 19,
          "sti": 20,
          "dti": 421,
          "sco": 75,
          "dco": 2070,
          "txt": "build"
        },
        {
          "si": 19,
          "sti": 21,
          "dti": 422,
          "sco": 80,
          "dco": 2075,
          "txt": "."
        },
        {
          "si": 20,
          "sti": 0,
          "dti": 423,
          "sco": 0,
          "dco": 2077,
          "txt": "This"
        },
        {
          "si": 20,
          "sti": 1,
          "dti": 424,
          "sco": 5,
          "dco": 2082,
          "txt": "church"
        },
        {
          "si": 20,
          "sti": 2,
          "dti": 425,
          "sco": 12,
          "dco": 2089,
          "txt": "remains"
        },
        {
          "si": 20,
          "sti": 3,
          "dti": 426,
          "sco": 20,
          "dco": 2097,
          "txt": "in"
        },
        {
          "si": 20,
          "sti": 4,
          "dti": 427,
          "sco": 23,
          "dco": 2100,
          "txt": "use"
        },
        {
          "si": 20,
          "sti": 5,
          "dti": 428,
          "sco": 27,
          "dco": 2104,
          "txt": "to"
        },
        {
          "si": 20,
          "sti": 6,
          "dti": 429,
          "sco": 30,
          "dco": 2107,
          "txt": "the"
        },
        {
          "si": 20,
          "sti": 7,
          "dti": 430,
          "sco": 34,
          "dco": 2111,
          "txt": "present"
        },
        {
          "si": 20,
          "sti": 8,
          "dti": 431,
          "sco": 42,
          "dco": 2119,
          "txt": "day"
        },
        {
          "si": 20,
          "sti": 9,
          "dti": 432,
          "sco": 45,
          "dco": 2122,
          "txt": "."
        },
        {
          "si": 21,
          "sti": 0,
          "dti": 433,
          "sco": 0,
          "dco": 2124,
          "txt": "Designed"
        },
        {
          "si": 21,
          "sti": 1,
          "dti": 434,
          "sco": 9,
          "dco": 2133,
          "txt": "by"
        },
        {
          "si": 21,
          "sti": 2,
          "dti": 435,
          "sco": 12,
          "dco": 2136,
          "txt": "the"
        },
        {
          "si": 21,
          "sti": 3,
          "dti": 436,
          "sco": 16,
          "dco": 2140,
          "txt": "architectural"
        },
        {
          "si": 21,
          "sti": 4,
          "dti": 437,
          "sco": 30,
          "dco": 2154,
          "txt": "firm"
        },
        {
          "si": 21,
          "sti": 5,
          "dti": 438,
          "sco": 35,
          "dco": 2159,
          "txt": "of"
        },
        {
          "si": 21,
          "sti": 6,
          "dti": 439,
          "sco": 38,
          "dco": 2162,
          "txt": "Crapsey"
        },
        {
          "si": 21,
          "sti": 7,
          "dti": 440,
          "sco": 46,
          "dco": 2170,
          "txt": "and"
        },
        {
          "si": 21,
          "sti": 8,
          "dti": 441,
          "sco": 50,
          "dco": 2174,
          "txt": "Brown"
        },
        {
          "si": 21,
          "sti": 9,
          "dti": 442,
          "sco": 55,
          "dco": 2179,
          "txt": ","
        },
        {
          "si": 21,
          "sti": 10,
          "dti": 443,
          "sco": 57,
          "dco": 2181,
          "txt": "it"
        },
        {
          "si": 21,
          "sti": 11,
          "dti": 444,
          "sco": 60,
          "dco": 2184,
          "txt": "was"
        },
        {
          "si": 21,
          "sti": 12,
          "dti": 445,
          "sco": 64,
          "dco": 2188,
          "txt": "built"
        },
        {
          "si": 21,
          "sti": 13,
          "dti": 446,
          "sco": 70,
          "dco": 2194,
          "txt": "in"
        },
        {
          "si": 21,
          "sti": 14,
          "dti": 447,
          "sco": 73,
          "dco": 2197,
          "txt": "a"
        },
        {
          "si": 21,
          "sti": 15,
          "dti": 448,
          "sco": 75,
          "dco": 2199,
          "txt": "combination"
        },
        {
          "si": 21,
          "sti": 16,
          "dti": 449,
          "sco": 87,
          "dco": 2211,
          "txt": "of"
        },
        {
          "si": 21,
          "sti": 17,
          "dti": 450,
          "sco": 90,
          "dco": 2214,
          "txt": "the"
        },
        {
          "si": 21,
          "sti": 18,
          "dti": 451,
          "sco": 94,
          "dco": 2218,
          "txt": "Gothic"
        },
        {
          "si": 21,
          "sti": 19,
          "dti": 452,
          "sco": 101,
          "dco": 2225,
          "txt": "Revival"
        },
        {
          "si": 21,
          "sti": 20,
          "dti": 453,
          "sco": 109,
          "dco": 2233,
          "txt": "and"
        },
        {
          "si": 21,
          "sti": 21,
          "dti": 454,
          "sco": 113,
          "dco": 2237,
          "txt": "Jacobean"
        },
        {
          "si": 21,
          "sti": 22,
          "dti": 455,
          "sco": 122,
          "dco": 2246,
          "txt": "Revival"
        },
        {
          "si": 21,
          "sti": 23,
          "dti": 456,
          "sco": 130,
          "dco": 2254,
          "txt": "architectural"
        },
        {
          "si": 21,
          "sti": 24,
          "dti": 457,
          "sco": 144,
          "dco": 2268,
          "txt": "styles"
        },
        {
          "si": 21,
          "sti": 25,
          "dti": 458,
          "sco": 150,
          "dco": 2274,
          "txt": "."
        },
        {
          "si": 22,
          "sti": 0,
          "dti": 459,
          "sco": 0,
          "dco": 2276,
          "txt": "The"
        },
        {
          "si": 22,
          "sti": 1,
          "dti": 460,
          "sco": 4,
          "dco": 2280,
          "txt": "church"
        },
        {
          "si": 22,
          "sti": 2,
          "dti": 461,
          "sco": 10,
          "dco": 2286,
          "txt": "'"
        },
        {
          "si": 22,
          "sti": 3,
          "dti": 462,
          "sco": 11,
          "dco": 2287,
          "txt": "s"
        },
        {
          "si": 22,
          "sti": 4,
          "dti": 463,
          "sco": 13,
          "dco": 2289,
          "txt": "brick"
        },
        {
          "si": 22,
          "sti": 5,
          "dti": 464,
          "sco": 19,
          "dco": 2295,
          "txt": "and"
        },
        {
          "si": 22,
          "sti": 6,
          "dti": 465,
          "sco": 23,
          "dco": 2299,
          "txt": "sandstone"
        },
        {
          "si": 22,
          "sti": 7,
          "dti": 466,
          "sco": 33,
          "dco": 2309,
          "txt": "walls"
        },
        {
          "si": 22,
          "sti": 8,
          "dti": 467,
          "sco": 39,
          "dco": 2315,
          "txt": "rests"
        },
        {
          "si": 22,
          "sti": 9,
          "dti": 468,
          "sco": 45,
          "dco": 2321,
          "txt": "on"
        },
        {
          "si": 22,
          "sti": 10,
          "dti": 469,
          "sco": 48,
          "dco": 2324,
          "txt": "a"
        },
        {
          "si": 22,
          "sti": 11,
          "dti": 470,
          "sco": 50,
          "dco": 2326,
          "txt": "foundation"
        },
        {
          "si": 22,
          "sti": 12,
          "dti": 471,
          "sco": 61,
          "dco": 2337,
          "txt": "of"
        },
        {
          "si": 22,
          "sti": 13,
          "dti": 472,
          "sco": 64,
          "dco": 2340,
          "txt": "sandstone"
        },
        {
          "si": 22,
          "sti": 14,
          "dti": 473,
          "sco": 73,
          "dco": 2349,
          "txt": ";"
        },
        {
          "si": 22,
          "sti": 15,
          "dti": 474,
          "sco": 75,
          "dco": 2351,
          "txt": "they"
        },
        {
          "si": 22,
          "sti": 16,
          "dti": 475,
          "sco": 80,
          "dco": 2356,
          "txt": "are"
        },
        {
          "si": 22,
          "sti": 17,
          "dti": 476,
          "sco": 84,
          "dco": 2360,
          "txt": "topped"
        },
        {
          "si": 22,
          "sti": 18,
          "dti": 477,
          "sco": 91,
          "dco": 2367,
          "txt": "with"
        },
        {
          "si": 22,
          "sti": 19,
          "dti": 478,
          "sco": 96,
          "dco": 2372,
          "txt": "an"
        },
        {
          "si": 22,
          "sti": 20,
          "dti": 479,
          "sco": 99,
          "dco": 2375,
          "txt": "asphalt"
        },
        {
          "si": 22,
          "sti": 21,
          "dti": 480,
          "sco": 107,
          "dco": 2383,
          "txt": "roof"
        },
        {
          "si": 22,
          "sti": 22,
          "dti": 481,
          "sco": 111,
          "dco": 2387,
          "txt": ","
        },
        {
          "si": 22,
          "sti": 23,
          "dti": 482,
          "sco": 113,
          "dco": 2389,
          "txt": "and"
        },
        {
          "si": 22,
          "sti": 24,
          "dti": 483,
          "sco": 117,
          "dco": 2393,
          "txt": "the"
        },
        {
          "si": 22,
          "sti": 25,
          "dti": 484,
          "sco": 121,
          "dco": 2397,
          "txt": "building"
        },
        {
          "si": 22,
          "sti": 26,
          "dti": 485,
          "sco": 130,
          "dco": 2406,
          "txt": "is"
        },
        {
          "si": 22,
          "sti": 27,
          "dti": 486,
          "sco": 133,
          "dco": 2409,
          "txt": "decorated"
        },
        {
          "si": 22,
          "sti": 28,
          "dti": 487,
          "sco": 143,
          "dco": 2419,
          "txt": "with"
        },
        {
          "si": 22,
          "sti": 29,
          "dti": 488,
          "sco": 148,
          "dco": 2424,
          "txt": "wooden"
        },
        {
          "si": 22,
          "sti": 30,
          "dti": 489,
          "sco": 155,
          "dco": 2431,
          "txt": "and"
        },
        {
          "si": 22,
          "sti": 31,
          "dti": 490,
          "sco": 159,
          "dco": 2435,
          "txt": "glass"
        },
        {
          "si": 22,
          "sti": 32,
          "dti": 491,
          "sco": 165,
          "dco": 2441,
          "txt": "elements"
        },
        {
          "si": 22,
          "sti": 33,
          "dti": 492,
          "sco": 173,
          "dco": 2449,
          "txt": "."
        },
        {
          "si": 23,
          "sti": 0,
          "dti": 493,
          "sco": 0,
          "dco": 2451,
          "txt": "Recognition"
        },
        {
          "si": 23,
          "sti": 1,
          "dti": 494,
          "sco": 11,
          "dco": 2462,
          "txt": "."
        },
        {
          "si": 24,
          "sti": 0,
          "dti": 495,
          "sco": 0,
          "dco": 2464,
          "txt": "In"
        },
        {
          "si": 24,
          "sti": 1,
          "dti": 496,
          "sco": 3,
          "dco": 2467,
          "txt": "1996"
        },
        {
          "si": 24,
          "sti": 2,
          "dti": 497,
          "sco": 7,
          "dco": 2471,
          "txt": ","
        },
        {
          "si": 24,
          "sti": 3,
          "dti": 498,
          "sco": 9,
          "dco": 2473,
          "txt": "First"
        },
        {
          "si": 24,
          "sti": 4,
          "dti": 499,
          "sco": 15,
          "dco": 2479,
          "txt": "United"
        },
        {
          "si": 24,
          "sti": 5,
          "dti": 500,
          "sco": 22,
          "dco": 2486,
          "txt": "Methodist"
        },
        {
          "si": 24,
          "sti": 6,
          "dti": 501,
          "sco": 32,
          "dco": 2496,
          "txt": "was"
        },
        {
          "si": 24,
          "sti": 7,
          "dti": 502,
          "sco": 36,
          "dco": 2500,
          "txt": "listed"
        },
        {
          "si": 24,
          "sti": 8,
          "dti": 503,
          "sco": 43,
          "dco": 2507,
          "txt": "on"
        },
        {
          "si": 24,
          "sti": 9,
          "dti": 504,
          "sco": 46,
          "dco": 2510,
          "txt": "the"
        },
        {
          "si": 24,
          "sti": 10,
          "dti": 505,
          "sco": 50,
          "dco": 2514,
          "txt": "National"
        },
        {
          "si": 24,
          "sti": 11,
          "dti": 506,
          "sco": 59,
          "dco": 2523,
          "txt": "Register"
        },
        {
          "si": 24,
          "sti": 12,
          "dti": 507,
          "sco": 68,
          "dco": 2532,
          "txt": "of"
        },
        {
          "si": 24,
          "sti": 13,
          "dti": 508,
          "sco": 71,
          "dco": 2535,
          "txt": "Historic"
        },
        {
          "si": 24,
          "sti": 14,
          "dti": 509,
          "sco": 80,
          "dco": 2544,
          "txt": "Places"
        },
        {
          "si": 24,
          "sti": 15,
          "dti": 510,
          "sco": 87,
          "dco": 2551,
          "txt": "because"
        },
        {
          "si": 24,
          "sti": 16,
          "dti": 511,
          "sco": 95,
          "dco": 2559,
          "txt": "of"
        },
        {
          "si": 24,
          "sti": 17,
          "dti": 512,
          "sco": 98,
          "dco": 2562,
          "txt": "its"
        },
        {
          "si": 24,
          "sti": 18,
          "dti": 513,
          "sco": 102,
          "dco": 2566,
          "txt": "well"
        },
        {
          "si": 24,
          "sti": 19,
          "dti": 514,
          "sco": 106,
          "dco": 2570,
          "txt": "-"
        },
        {
          "si": 24,
          "sti": 20,
          "dti": 515,
          "sco": 107,
          "dco": 2571,
          "txt": "preserved"
        },
        {
          "si": 24,
          "sti": 21,
          "dti": 516,
          "sco": 117,
          "dco": 2581,
          "txt": "historic"
        },
        {
          "si": 24,
          "sti": 22,
          "dti": 517,
          "sco": 126,
          "dco": 2590,
          "txt": "architecture"
        },
        {
          "si": 24,
          "sti": 23,
          "dti": 518,
          "sco": 138,
          "dco": 2602,
          "txt": "."
        },
        {
          "si": 25,
          "sti": 0,
          "dti": 519,
          "sco": 0,
          "dco": 2604,
          "txt": "Today"
        },
        {
          "si": 25,
          "sti": 1,
          "dti": 520,
          "sco": 5,
          "dco": 2609,
          "txt": ","
        },
        {
          "si": 25,
          "sti": 2,
          "dti": 521,
          "sco": 7,
          "dco": 2611,
          "txt": "First"
        },
        {
          "si": 25,
          "sti": 3,
          "dti": 522,
          "sco": 13,
          "dco": 2617,
          "txt": "United"
        },
        {
          "si": 25,
          "sti": 4,
          "dti": 523,
          "sco": 20,
          "dco": 2624,
          "txt": "Methodist"
        },
        {
          "si": 25,
          "sti": 5,
          "dti": 524,
          "sco": 30,
          "dco": 2634,
          "txt": "is"
        },
        {
          "si": 25,
          "sti": 6,
          "dti": 525,
          "sco": 33,
          "dco": 2637,
          "txt": "a"
        },
        {
          "si": 25,
          "sti": 7,
          "dti": 526,
          "sco": 35,
          "dco": 2639,
          "txt": "part"
        },
        {
          "si": 25,
          "sti": 8,
          "dti": 527,
          "sco": 40,
          "dco": 2644,
          "txt": "of"
        },
        {
          "si": 25,
          "sti": 9,
          "dti": 528,
          "sco": 43,
          "dco": 2647,
          "txt": "the"
        },
        {
          "si": 25,
          "sti": 10,
          "dti": 529,
          "sco": 47,
          "dco": 2651,
          "txt": "Capitol"
        },
        {
          "si": 25,
          "sti": 11,
          "dti": 530,
          "sco": 55,
          "dco": 2659,
          "txt": "Area"
        },
        {
          "si": 25,
          "sti": 12,
          "dti": 531,
          "sco": 60,
          "dco": 2664,
          "txt": "South"
        },
        {
          "si": 25,
          "sti": 13,
          "dti": 532,
          "sco": 66,
          "dco": 2670,
          "txt": "District"
        },
        {
          "si": 25,
          "sti": 14,
          "dti": 533,
          "sco": 75,
          "dco": 2679,
          "txt": "of"
        },
        {
          "si": 25,
          "sti": 15,
          "dti": 534,
          "sco": 78,
          "dco": 2682,
          "txt": "the"
        },
        {
          "si": 25,
          "sti": 16,
          "dti": 535,
          "sco": 82,
          "dco": 2686,
          "txt": "West"
        },
        {
          "si": 25,
          "sti": 17,
          "dti": 536,
          "sco": 87,
          "dco": 2691,
          "txt": "Ohio"
        },
        {
          "si": 25,
          "sti": 18,
          "dti": 537,
          "sco": 92,
          "dco": 2696,
          "txt": "Conference"
        },
        {
          "si": 25,
          "sti": 19,
          "dti": 538,
          "sco": 103,
          "dco": 2707,
          "txt": "of"
        },
        {
          "si": 25,
          "sti": 20,
          "dti": 539,
          "sco": 106,
          "dco": 2710,
          "txt": "the"
        },
        {
          "si": 25,
          "sti": 21,
          "dti": 540,
          "sco": 110,
          "dco": 2714,
          "txt": "United"
        },
        {
          "si": 25,
          "sti": 22,
          "dti": 541,
          "sco": 117,
          "dco": 2721,
          "txt": "Methodist"
        },
        {
          "si": 25,
          "sti": 23,
          "dti": 542,
          "sco": 127,
          "dco": 2731,
          "txt": "Church"
        },
        {
          "si": 25,
          "sti": 24,
          "dti": 543,
          "sco": 133,
          "dco": 2737,
          "txt": "."
        },
        {
          "si": 26,
          "sti": 0,
          "dti": 544,
          "sco": 0,
          "dco": 2739,
          "txt": "In"
        },
        {
          "si": 26,
          "sti": 1,
          "dti": 545,
          "sco": 3,
          "dco": 2742,
          "txt": "2010"
        },
        {
          "si": 26,
          "sti": 2,
          "dti": 546,
          "sco": 7,
          "dco": 2746,
          "txt": ","
        },
        {
          "si": 26,
          "sti": 3,
          "dti": 547,
          "sco": 9,
          "dco": 2748,
          "txt": "it"
        },
        {
          "si": 26,
          "sti": 4,
          "dti": 548,
          "sco": 12,
          "dco": 2751,
          "txt": "was"
        },
        {
          "si": 26,
          "sti": 5,
          "dti": 549,
          "sco": 16,
          "dco": 2755,
          "txt": "served"
        },
        {
          "si": 26,
          "sti": 6,
          "dti": 550,
          "sco": 23,
          "dco": 2762,
          "txt": "by"
        },
        {
          "si": 26,
          "sti": 7,
          "dti": 551,
          "sco": 26,
          "dco": 2765,
          "txt": "two"
        },
        {
          "si": 26,
          "sti": 8,
          "dti": 552,
          "sco": 30,
          "dco": 2769,
          "txt": "ministers"
        },
        {
          "si": 26,
          "sti": 9,
          "dti": 553,
          "sco": 39,
          "dco": 2778,
          "txt": ":"
        },
        {
          "si": 26,
          "sti": 10,
          "dti": 554,
          "sco": 41,
          "dco": 2780,
          "txt": "Steven"
        },
        {
          "si": 26,
          "sti": 11,
          "dti": 555,
          "sco": 48,
          "dco": 2787,
          "txt": "Rodgers"
        },
        {
          "si": 26,
          "sti": 12,
          "dti": 556,
          "sco": 56,
          "dco": 2795,
          "txt": "and"
        },
        {
          "si": 26,
          "sti": 13,
          "dti": 557,
          "sco": 60,
          "dco": 2799,
          "txt": "Sue"
        },
        {
          "si": 26,
          "sti": 14,
          "dti": 558,
          "sco": 64,
          "dco": 2803,
          "txt": "McClelland"
        },
        {
          "si": 26,
          "sti": 15,
          "dti": 559,
          "sco": 74,
          "dco": 2813,
          "txt": "."
        }
      ]
    },
    "ganns": {
      "dla": [],
      "la": [],
      "ea": [],
      "eta": [
        {
          "ra": {
            "ea": {
              "etn": "First_United_Methodist_Church_(London,_Ohio)"
            }
          },
          "sfs": [
            [
              {
                "stn": "openingYear"
              },
              {}
            ]
          ],
          "mfs": [
            [
              {
                "stn": "architect"
              },
              {
                "dla": [],
                "la": [],
                "ea": [
                  {
                    "etn": "Charles_Crapsey"
                  }
                ],
                "eta": []
              }
            ],
            [
              {
                "stn": "yearOfConstruction"
              },
              {
                "dla": [
                  {
                    "txt": {
                      "sff": "1894"
                    },
                    "et": {
                      "etn": "Year"
                    },
                    "dp": {
                      "off": 2041
                    }
                  }
                ],
                "la": [],
                "ea": [],
                "eta": []
              }
            ],
            [
              {
                "stn": "architecturalStyle"
              },
              {
                "dla": [],
                "la": [],
                "ea": [
                  {
                    "etn": "Jacobean_architecture"
                  },
                  {
                    "etn": "Gothic_Revival_architecture"
                  }
                ],
                "eta": []
              }
            ],
            [
              {
                "stn": "location"
              },
              {
                "dla": [],
                "la": [],
                "ea": [
                  {
                    "etn": "Ohio"
                  },
                  {
                    "etn": "London,_Ohio"
                  }
                ],
                "eta": []
              }
            ]
          ]
        }
      ]
    }
  }
]
