[
  {
    "context": "TRAIN",
    "doc": {
      "id": "Friendship_Baptist_Church",
      "tl": [
        {
          "si": 0,
          "sti": 0,
          "dti": 0,
          "sco": 0,
          "dco": 0,
          "txt": "Friendship"
        },
        {
          "si": 0,
          "sti": 1,
          "dti": 1,
          "sco": 11,
          "dco": 11,
          "txt": "Baptist"
        },
        {
          "si": 0,
          "sti": 2,
          "dti": 2,
          "sco": 19,
          "dco": 19,
          "txt": "Church"
        },
        {
          "si": 0,
          "sti": 3,
          "dti": 3,
          "sco": 25,
          "dco": 25,
          "txt": "."
        },
        {
          "si": 1,
          "sti": 0,
          "dti": 4,
          "sco": 0,
          "dco": 27,
          "txt": "Friendship"
        },
        {
          "si": 1,
          "sti": 1,
          "dti": 5,
          "sco": 11,
          "dco": 38,
          "txt": "Baptist"
        },
        {
          "si": 1,
          "sti": 2,
          "dti": 6,
          "sco": 19,
          "dco": 46,
          "txt": "Church"
        },
        {
          "si": 1,
          "sti": 3,
          "dti": 7,
          "sco": 26,
          "dco": 53,
          "txt": "is"
        },
        {
          "si": 1,
          "sti": 4,
          "dti": 8,
          "sco": 29,
          "dco": 56,
          "txt": "a"
        },
        {
          "si": 1,
          "sti": 5,
          "dti": 9,
          "sco": 31,
          "dco": 58,
          "txt": "former"
        },
        {
          "si": 1,
          "sti": 6,
          "dti": 10,
          "sco": 38,
          "dco": 65,
          "txt": "church"
        },
        {
          "si": 1,
          "sti": 7,
          "dti": 11,
          "sco": 45,
          "dco": 72,
          "txt": "in"
        },
        {
          "si": 1,
          "sti": 8,
          "dti": 12,
          "sco": 48,
          "dco": 75,
          "txt": "Washington"
        },
        {
          "si": 1,
          "sti": 9,
          "dti": 13,
          "sco": 58,
          "dco": 85,
          "txt": ","
        },
        {
          "si": 1,
          "sti": 10,
          "dti": 14,
          "sco": 60,
          "dco": 87,
          "txt": "D"
        },
        {
          "si": 1,
          "sti": 11,
          "dti": 15,
          "sco": 61,
          "dco": 88,
          "txt": "."
        },
        {
          "si": 1,
          "sti": 12,
          "dti": 16,
          "sco": 62,
          "dco": 89,
          "txt": "C"
        },
        {
          "si": 1,
          "sti": 13,
          "dti": 17,
          "sco": 63,
          "dco": 90,
          "txt": "."
        },
        {
          "si": 1,
          "sti": 14,
          "dti": 18,
          "sco": 64,
          "dco": 91,
          "txt": ","
        },
        {
          "si": 1,
          "sti": 15,
          "dti": 19,
          "sco": 66,
          "dco": 93,
          "txt": "also"
        },
        {
          "si": 1,
          "sti": 16,
          "dti": 20,
          "sco": 71,
          "dco": 98,
          "txt": "known"
        },
        {
          "si": 1,
          "sti": 17,
          "dti": 21,
          "sco": 77,
          "dco": 104,
          "txt": "as"
        },
        {
          "si": 1,
          "sti": 18,
          "dti": 22,
          "sco": 80,
          "dco": 107,
          "txt": "Virginia"
        },
        {
          "si": 1,
          "sti": 19,
          "dti": 23,
          "sco": 89,
          "dco": 116,
          "txt": "Avenue"
        },
        {
          "si": 1,
          "sti": 20,
          "dti": 24,
          "sco": 96,
          "dco": 123,
          "txt": "Baptist"
        },
        {
          "si": 1,
          "sti": 21,
          "dti": 25,
          "sco": 104,
          "dco": 131,
          "txt": "Church"
        },
        {
          "si": 1,
          "sti": 22,
          "dti": 26,
          "sco": 110,
          "dco": 137,
          "txt": ","
        },
        {
          "si": 1,
          "sti": 23,
          "dti": 27,
          "sco": 112,
          "dco": 139,
          "txt": "Miracle"
        },
        {
          "si": 1,
          "sti": 24,
          "dti": 28,
          "sco": 120,
          "dco": 147,
          "txt": "Temple"
        },
        {
          "si": 1,
          "sti": 25,
          "dti": 29,
          "sco": 127,
          "dco": 154,
          "txt": "of"
        },
        {
          "si": 1,
          "sti": 26,
          "dti": 30,
          "sco": 130,
          "dco": 157,
          "txt": "Faith"
        },
        {
          "si": 1,
          "sti": 27,
          "dti": 31,
          "sco": 136,
          "dco": 163,
          "txt": "and"
        },
        {
          "si": 1,
          "sti": 28,
          "dti": 32,
          "sco": 140,
          "dco": 167,
          "txt": "the"
        },
        {
          "si": 1,
          "sti": 29,
          "dti": 33,
          "sco": 144,
          "dco": 171,
          "txt": "Redeemed"
        },
        {
          "si": 1,
          "sti": 30,
          "dti": 34,
          "sco": 153,
          "dco": 180,
          "txt": "Temple"
        },
        {
          "si": 1,
          "sti": 31,
          "dti": 35,
          "sco": 160,
          "dco": 187,
          "txt": "of"
        },
        {
          "si": 1,
          "sti": 32,
          "dti": 36,
          "sco": 163,
          "dco": 190,
          "txt": "Jesus"
        },
        {
          "si": 1,
          "sti": 33,
          "dti": 37,
          "sco": 169,
          "dco": 196,
          "txt": "Christ"
        },
        {
          "si": 1,
          "sti": 34,
          "dti": 38,
          "sco": 175,
          "dco": 202,
          "txt": "."
        },
        {
          "si": 2,
          "sti": 0,
          "dti": 39,
          "sco": 0,
          "dco": 204,
          "txt": "It"
        },
        {
          "si": 2,
          "sti": 1,
          "dti": 40,
          "sco": 3,
          "dco": 207,
          "txt": "is"
        },
        {
          "si": 2,
          "sti": 2,
          "dti": 41,
          "sco": 6,
          "dco": 210,
          "txt": "located"
        },
        {
          "si": 2,
          "sti": 3,
          "dti": 42,
          "sco": 14,
          "dco": 218,
          "txt": "at"
        },
        {
          "si": 2,
          "sti": 4,
          "dti": 43,
          "sco": 17,
          "dco": 221,
          "txt": "734"
        },
        {
          "si": 2,
          "sti": 5,
          "dti": 44,
          "sco": 21,
          "dco": 225,
          "txt": "First"
        },
        {
          "si": 2,
          "sti": 6,
          "dti": 45,
          "sco": 27,
          "dco": 231,
          "txt": "St"
        },
        {
          "si": 2,
          "sti": 7,
          "dti": 46,
          "sco": 29,
          "dco": 233,
          "txt": "."
        },
        {
          "si": 3,
          "sti": 0,
          "dti": 47,
          "sco": 0,
          "dco": 235,
          "txt": "Southwest"
        },
        {
          "si": 3,
          "sti": 1,
          "dti": 48,
          "sco": 9,
          "dco": 244,
          "txt": ","
        },
        {
          "si": 3,
          "sti": 2,
          "dti": 49,
          "sco": 11,
          "dco": 246,
          "txt": "Washington"
        },
        {
          "si": 3,
          "sti": 3,
          "dti": 50,
          "sco": 21,
          "dco": 256,
          "txt": ","
        },
        {
          "si": 3,
          "sti": 4,
          "dti": 51,
          "sco": 23,
          "dco": 258,
          "txt": "D"
        },
        {
          "si": 3,
          "sti": 5,
          "dti": 52,
          "sco": 24,
          "dco": 259,
          "txt": "."
        },
        {
          "si": 3,
          "sti": 6,
          "dti": 53,
          "sco": 25,
          "dco": 260,
          "txt": "C"
        },
        {
          "si": 3,
          "sti": 7,
          "dti": 54,
          "sco": 26,
          "dco": 261,
          "txt": "."
        },
        {
          "si": 4,
          "sti": 0,
          "dti": 55,
          "sco": 0,
          "dco": 263,
          "txt": "History"
        },
        {
          "si": 4,
          "sti": 1,
          "dti": 56,
          "sco": 7,
          "dco": 270,
          "txt": "."
        },
        {
          "si": 5,
          "sti": 0,
          "dti": 57,
          "sco": 0,
          "dco": 272,
          "txt": "It"
        },
        {
          "si": 5,
          "sti": 1,
          "dti": 58,
          "sco": 3,
          "dco": 275,
          "txt": "is"
        },
        {
          "si": 5,
          "sti": 2,
          "dti": 59,
          "sco": 6,
          "dco": 278,
          "txt": "a"
        },
        {
          "si": 5,
          "sti": 3,
          "dti": 60,
          "sco": 8,
          "dco": 280,
          "txt": "Romanesque"
        },
        {
          "si": 5,
          "sti": 4,
          "dti": 61,
          "sco": 19,
          "dco": 291,
          "txt": "church"
        },
        {
          "si": 5,
          "sti": 5,
          "dti": 62,
          "sco": 25,
          "dco": 297,
          "txt": ","
        },
        {
          "si": 5,
          "sti": 6,
          "dti": 63,
          "sco": 27,
          "dco": 299,
          "txt": "designed"
        },
        {
          "si": 5,
          "sti": 7,
          "dti": 64,
          "sco": 36,
          "dco": 308,
          "txt": "by"
        },
        {
          "si": 5,
          "sti": 8,
          "dti": 65,
          "sco": 39,
          "dco": 311,
          "txt": "James"
        },
        {
          "si": 5,
          "sti": 9,
          "dti": 66,
          "sco": 45,
          "dco": 317,
          "txt": "A"
        },
        {
          "si": 5,
          "sti": 10,
          "dti": 67,
          "sco": 46,
          "dco": 318,
          "txt": "."
        },
        {
          "si": 6,
          "sti": 0,
          "dti": 68,
          "sco": 0,
          "dco": 320,
          "txt": "Boyce"
        },
        {
          "si": 6,
          "sti": 1,
          "dti": 69,
          "sco": 5,
          "dco": 325,
          "txt": ","
        },
        {
          "si": 6,
          "sti": 2,
          "dti": 70,
          "sco": 7,
          "dco": 327,
          "txt": "and"
        },
        {
          "si": 6,
          "sti": 3,
          "dti": 71,
          "sco": 11,
          "dco": 331,
          "txt": "was"
        },
        {
          "si": 6,
          "sti": 4,
          "dti": 72,
          "sco": 15,
          "dco": 335,
          "txt": "built"
        },
        {
          "si": 6,
          "sti": 5,
          "dti": 73,
          "sco": 21,
          "dco": 341,
          "txt": "in"
        },
        {
          "si": 6,
          "sti": 6,
          "dti": 74,
          "sco": 24,
          "dco": 344,
          "txt": "1886"
        },
        {
          "si": 6,
          "sti": 7,
          "dti": 75,
          "sco": 28,
          "dco": 348,
          "txt": "."
        },
        {
          "si": 7,
          "sti": 0,
          "dti": 76,
          "sco": 0,
          "dco": 350,
          "txt": "It"
        },
        {
          "si": 7,
          "sti": 1,
          "dti": 77,
          "sco": 3,
          "dco": 353,
          "txt": "was"
        },
        {
          "si": 7,
          "sti": 2,
          "dti": 78,
          "sco": 7,
          "dco": 357,
          "txt": "listed"
        },
        {
          "si": 7,
          "sti": 3,
          "dti": 79,
          "sco": 14,
          "dco": 364,
          "txt": "on"
        },
        {
          "si": 7,
          "sti": 4,
          "dti": 80,
          "sco": 17,
          "dco": 367,
          "txt": "the"
        },
        {
          "si": 7,
          "sti": 5,
          "dti": 81,
          "sco": 21,
          "dco": 371,
          "txt": "National"
        },
        {
          "si": 7,
          "sti": 6,
          "dti": 82,
          "sco": 30,
          "dco": 380,
          "txt": "Register"
        },
        {
          "si": 7,
          "sti": 7,
          "dti": 83,
          "sco": 39,
          "dco": 389,
          "txt": "of"
        },
        {
          "si": 7,
          "sti": 8,
          "dti": 84,
          "sco": 42,
          "dco": 392,
          "txt": "Historic"
        },
        {
          "si": 7,
          "sti": 9,
          "dti": 85,
          "sco": 51,
          "dco": 401,
          "txt": "Places"
        },
        {
          "si": 7,
          "sti": 10,
          "dti": 86,
          "sco": 58,
          "dco": 408,
          "txt": "in"
        },
        {
          "si": 7,
          "sti": 11,
          "dti": 87,
          "sco": 61,
          "dco": 411,
          "txt": "2004"
        },
        {
          "si": 7,
          "sti": 12,
          "dti": 88,
          "sco": 65,
          "dco": 415,
          "txt": "."
        }
      ]
    },
    "ganns": {
      "dla": [],
      "la": [],
      "ea": [],
      "eta": [
        {
          "ra": {
            "ea": {
              "etn": "Friendship_Baptist_Church"
            }
          },
          "sfs": [
            [
              {
                "stn": "openingYear"
              },
              {}
            ]
          ],
          "mfs": [
            [
              {
                "stn": "architect"
              },
              {
                "dla": [],
                "la": [],
                "ea": [
                  {
                    "etn": "James_A._Boyce"
                  }
                ],
                "eta": []
              }
            ],
            [
              {
                "stn": "yearOfConstruction"
              },
              {
                "dla": [
                  {
                    "txt": {
                      "sff": "1886"
                    },
                    "et": {
                      "etn": "Year"
                    },
                    "dp": {
                      "off": 344
                    }
                  }
                ],
                "la": [],
                "ea": [],
                "eta": []
              }
            ],
            [
              {
                "stn": "architecturalStyle"
              },
              {
                "dla": [],
                "la": [],
                "ea": [
                  {
                    "etn": "Romanesque_Revival_architecture"
                  }
                ],
                "eta": []
              }
            ],
            [
              {
                "stn": "location"
              },
              {
                "dla": [],
                "la": [],
                "ea": [
                  {
                    "etn": "Washington,_D.C."
                  }
                ],
                "eta": []
              }
            ]
          ]
        }
      ]
    }
  }
]
