[
  {
    "context": "TRAIN",
    "doc": {
      "id": "George_A._Lougee_House",
      "tl": [
        {
          "si": 0,
          "sti": 0,
          "dti": 0,
          "sco": 0,
          "dco": 0,
          "txt": "George"
        },
        {
          "si": 0,
          "sti": 1,
          "dti": 1,
          "sco": 7,
          "dco": 7,
          "txt": "A"
        },
        {
          "si": 0,
          "sti": 2,
          "dti": 2,
          "sco": 8,
          "dco": 8,
          "txt": "."
        },
        {
          "si": 1,
          "sti": 0,
          "dti": 3,
          "sco": 0,
          "dco": 10,
          "txt": "Lougee"
        },
        {
          "si": 1,
          "sti": 1,
          "dti": 4,
          "sco": 7,
          "dco": 17,
          "txt": "House"
        },
        {
          "si": 1,
          "sti": 2,
          "dti": 5,
          "sco": 12,
          "dco": 22,
          "txt": "."
        },
        {
          "si": 2,
          "sti": 0,
          "dti": 6,
          "sco": 0,
          "dco": 24,
          "txt": "The"
        },
        {
          "si": 2,
          "sti": 1,
          "dti": 7,
          "sco": 4,
          "dco": 28,
          "txt": "George"
        },
        {
          "si": 2,
          "sti": 2,
          "dti": 8,
          "sco": 11,
          "dco": 35,
          "txt": "A"
        },
        {
          "si": 2,
          "sti": 3,
          "dti": 9,
          "sco": 12,
          "dco": 36,
          "txt": "."
        },
        {
          "si": 3,
          "sti": 0,
          "dti": 10,
          "sco": 0,
          "dco": 38,
          "txt": "Lougee"
        },
        {
          "si": 3,
          "sti": 1,
          "dti": 11,
          "sco": 7,
          "dco": 45,
          "txt": "House"
        },
        {
          "si": 3,
          "sti": 2,
          "dti": 12,
          "sco": 13,
          "dco": 51,
          "txt": "is"
        },
        {
          "si": 3,
          "sti": 3,
          "dti": 13,
          "sco": 16,
          "dco": 54,
          "txt": "a"
        },
        {
          "si": 3,
          "sti": 4,
          "dti": 14,
          "sco": 18,
          "dco": 56,
          "txt": "historic"
        },
        {
          "si": 3,
          "sti": 5,
          "dti": 15,
          "sco": 27,
          "dco": 65,
          "txt": "house"
        },
        {
          "si": 3,
          "sti": 6,
          "dti": 16,
          "sco": 33,
          "dco": 71,
          "txt": "located"
        },
        {
          "si": 3,
          "sti": 7,
          "dti": 17,
          "sco": 41,
          "dco": 79,
          "txt": "at"
        },
        {
          "si": 3,
          "sti": 8,
          "dti": 18,
          "sco": 44,
          "dco": 82,
          "txt": "620"
        },
        {
          "si": 3,
          "sti": 9,
          "dti": 19,
          "sco": 48,
          "dco": 86,
          "txt": "South"
        },
        {
          "si": 3,
          "sti": 10,
          "dti": 20,
          "sco": 54,
          "dco": 92,
          "txt": "Ingersoll"
        },
        {
          "si": 3,
          "sti": 11,
          "dti": 21,
          "sco": 64,
          "dco": 102,
          "txt": "Street"
        },
        {
          "si": 3,
          "sti": 12,
          "dti": 22,
          "sco": 71,
          "dco": 109,
          "txt": "in"
        },
        {
          "si": 3,
          "sti": 13,
          "dti": 23,
          "sco": 74,
          "dco": 112,
          "txt": "Madison"
        },
        {
          "si": 3,
          "sti": 14,
          "dti": 24,
          "sco": 81,
          "dco": 119,
          "txt": ","
        },
        {
          "si": 3,
          "sti": 15,
          "dti": 25,
          "sco": 83,
          "dco": 121,
          "txt": "Wisconsin"
        },
        {
          "si": 3,
          "sti": 16,
          "dti": 26,
          "sco": 92,
          "dco": 130,
          "txt": ","
        },
        {
          "si": 3,
          "sti": 17,
          "dti": 27,
          "sco": 94,
          "dco": 132,
          "txt": "United"
        },
        {
          "si": 3,
          "sti": 18,
          "dti": 28,
          "sco": 101,
          "dco": 139,
          "txt": "States"
        },
        {
          "si": 3,
          "sti": 19,
          "dti": 29,
          "sco": 107,
          "dco": 145,
          "txt": "."
        },
        {
          "si": 4,
          "sti": 0,
          "dti": 30,
          "sco": 0,
          "dco": 147,
          "txt": "The"
        },
        {
          "si": 4,
          "sti": 1,
          "dti": 31,
          "sco": 4,
          "dco": 151,
          "txt": "house"
        },
        {
          "si": 4,
          "sti": 2,
          "dti": 32,
          "sco": 10,
          "dco": 157,
          "txt": "was"
        },
        {
          "si": 4,
          "sti": 3,
          "dti": 33,
          "sco": 14,
          "dco": 161,
          "txt": "built"
        },
        {
          "si": 4,
          "sti": 4,
          "dti": 34,
          "sco": 20,
          "dco": 167,
          "txt": "in"
        },
        {
          "si": 4,
          "sti": 5,
          "dti": 35,
          "sco": 23,
          "dco": 170,
          "txt": "1907"
        },
        {
          "si": 4,
          "sti": 6,
          "dti": 36,
          "sco": 28,
          "dco": 175,
          "txt": "for"
        },
        {
          "si": 4,
          "sti": 7,
          "dti": 37,
          "sco": 32,
          "dco": 179,
          "txt": "hotel"
        },
        {
          "si": 4,
          "sti": 8,
          "dti": 38,
          "sco": 38,
          "dco": 185,
          "txt": "proprietor"
        },
        {
          "si": 4,
          "sti": 9,
          "dti": 39,
          "sco": 49,
          "dco": 196,
          "txt": "George"
        },
        {
          "si": 4,
          "sti": 10,
          "dti": 40,
          "sco": 56,
          "dco": 203,
          "txt": "A"
        },
        {
          "si": 4,
          "sti": 11,
          "dti": 41,
          "sco": 57,
          "dco": 204,
          "txt": "."
        },
        {
          "si": 5,
          "sti": 0,
          "dti": 42,
          "sco": 0,
          "dco": 206,
          "txt": "Lougee"
        },
        {
          "si": 5,
          "sti": 1,
          "dti": 43,
          "sco": 6,
          "dco": 212,
          "txt": "."
        },
        {
          "si": 6,
          "sti": 0,
          "dti": 44,
          "sco": 0,
          "dco": 214,
          "txt": "Architects"
        },
        {
          "si": 6,
          "sti": 1,
          "dti": 45,
          "sco": 11,
          "dco": 225,
          "txt": "Claude"
        },
        {
          "si": 6,
          "sti": 2,
          "dti": 46,
          "sco": 18,
          "dco": 232,
          "txt": "and"
        },
        {
          "si": 6,
          "sti": 3,
          "dti": 47,
          "sco": 22,
          "dco": 236,
          "txt": "Starck"
        },
        {
          "si": 6,
          "sti": 4,
          "dti": 48,
          "sco": 28,
          "dco": 242,
          "txt": ","
        },
        {
          "si": 6,
          "sti": 5,
          "dti": 49,
          "sco": 30,
          "dco": 244,
          "txt": "a"
        },
        {
          "si": 6,
          "sti": 6,
          "dti": 50,
          "sco": 32,
          "dco": 246,
          "txt": "prominent"
        },
        {
          "si": 6,
          "sti": 7,
          "dti": 51,
          "sco": 42,
          "dco": 256,
          "txt": "local"
        },
        {
          "si": 6,
          "sti": 8,
          "dti": 52,
          "sco": 48,
          "dco": 262,
          "txt": "firm"
        },
        {
          "si": 6,
          "sti": 9,
          "dti": 53,
          "sco": 53,
          "dco": 267,
          "txt": "with"
        },
        {
          "si": 6,
          "sti": 10,
          "dti": 54,
          "sco": 58,
          "dco": 272,
          "txt": "ties"
        },
        {
          "si": 6,
          "sti": 11,
          "dti": 55,
          "sco": 63,
          "dco": 277,
          "txt": "to"
        },
        {
          "si": 6,
          "sti": 12,
          "dti": 56,
          "sco": 66,
          "dco": 280,
          "txt": "Frank"
        },
        {
          "si": 6,
          "sti": 13,
          "dti": 57,
          "sco": 72,
          "dco": 286,
          "txt": "Lloyd"
        },
        {
          "si": 6,
          "sti": 14,
          "dti": 58,
          "sco": 78,
          "dco": 292,
          "txt": "Wright"
        },
        {
          "si": 6,
          "sti": 15,
          "dti": 59,
          "sco": 84,
          "dco": 298,
          "txt": ","
        },
        {
          "si": 6,
          "sti": 16,
          "dti": 60,
          "sco": 86,
          "dco": 300,
          "txt": "designed"
        },
        {
          "si": 6,
          "sti": 17,
          "dti": 61,
          "sco": 95,
          "dco": 309,
          "txt": "the"
        },
        {
          "si": 6,
          "sti": 18,
          "dti": 62,
          "sco": 99,
          "dco": 313,
          "txt": "Prairie"
        },
        {
          "si": 6,
          "sti": 19,
          "dti": 63,
          "sco": 107,
          "dco": 321,
          "txt": "School"
        },
        {
          "si": 6,
          "sti": 20,
          "dti": 64,
          "sco": 114,
          "dco": 328,
          "txt": "home"
        },
        {
          "si": 6,
          "sti": 21,
          "dti": 65,
          "sco": 118,
          "dco": 332,
          "txt": "."
        },
        {
          "si": 7,
          "sti": 0,
          "dti": 66,
          "sco": 0,
          "dco": 334,
          "txt": "It"
        },
        {
          "si": 7,
          "sti": 1,
          "dti": 67,
          "sco": 3,
          "dco": 337,
          "txt": "was"
        },
        {
          "si": 7,
          "sti": 2,
          "dti": 68,
          "sco": 7,
          "dco": 341,
          "txt": "added"
        },
        {
          "si": 7,
          "sti": 3,
          "dti": 69,
          "sco": 13,
          "dco": 347,
          "txt": "to"
        },
        {
          "si": 7,
          "sti": 4,
          "dti": 70,
          "sco": 16,
          "dco": 350,
          "txt": "the"
        },
        {
          "si": 7,
          "sti": 5,
          "dti": 71,
          "sco": 20,
          "dco": 354,
          "txt": "National"
        },
        {
          "si": 7,
          "sti": 6,
          "dti": 72,
          "sco": 29,
          "dco": 363,
          "txt": "Register"
        },
        {
          "si": 7,
          "sti": 7,
          "dti": 73,
          "sco": 38,
          "dco": 372,
          "txt": "of"
        },
        {
          "si": 7,
          "sti": 8,
          "dti": 74,
          "sco": 41,
          "dco": 375,
          "txt": "Historic"
        },
        {
          "si": 7,
          "sti": 9,
          "dti": 75,
          "sco": 50,
          "dco": 384,
          "txt": "Places"
        },
        {
          "si": 7,
          "sti": 10,
          "dti": 76,
          "sco": 57,
          "dco": 391,
          "txt": "in"
        },
        {
          "si": 7,
          "sti": 11,
          "dti": 77,
          "sco": 60,
          "dco": 394,
          "txt": "1978"
        },
        {
          "si": 7,
          "sti": 12,
          "dti": 78,
          "sco": 64,
          "dco": 398,
          "txt": "."
        },
        {
          "si": 8,
          "sti": 0,
          "dti": 79,
          "sco": 0,
          "dco": 400,
          "txt": "History"
        },
        {
          "si": 8,
          "sti": 1,
          "dti": 80,
          "sco": 8,
          "dco": 408,
          "txt": "and"
        },
        {
          "si": 8,
          "sti": 2,
          "dti": 81,
          "sco": 12,
          "dco": 412,
          "txt": "architecture"
        },
        {
          "si": 8,
          "sti": 3,
          "dti": 82,
          "sco": 24,
          "dco": 424,
          "txt": "."
        },
        {
          "si": 9,
          "sti": 0,
          "dti": 83,
          "sco": 0,
          "dco": 426,
          "txt": "George"
        },
        {
          "si": 9,
          "sti": 1,
          "dti": 84,
          "sco": 7,
          "dco": 433,
          "txt": "A"
        },
        {
          "si": 9,
          "sti": 2,
          "dti": 85,
          "sco": 8,
          "dco": 434,
          "txt": "."
        },
        {
          "si": 10,
          "sti": 0,
          "dti": 86,
          "sco": 0,
          "dco": 436,
          "txt": "Lougee"
        },
        {
          "si": 10,
          "sti": 1,
          "dti": 87,
          "sco": 7,
          "dco": 443,
          "txt": "was"
        },
        {
          "si": 10,
          "sti": 2,
          "dti": 88,
          "sco": 11,
          "dco": 447,
          "txt": "born"
        },
        {
          "si": 10,
          "sti": 3,
          "dti": 89,
          "sco": 16,
          "dco": 452,
          "txt": "in"
        },
        {
          "si": 10,
          "sti": 4,
          "dti": 90,
          "sco": 19,
          "dco": 455,
          "txt": "New"
        },
        {
          "si": 10,
          "sti": 5,
          "dti": 91,
          "sco": 23,
          "dco": 459,
          "txt": "Hampshire"
        },
        {
          "si": 10,
          "sti": 6,
          "dti": 92,
          "sco": 33,
          "dco": 469,
          "txt": "in"
        },
        {
          "si": 10,
          "sti": 7,
          "dti": 93,
          "sco": 36,
          "dco": 472,
          "txt": "1850"
        },
        {
          "si": 10,
          "sti": 8,
          "dti": 94,
          "sco": 40,
          "dco": 476,
          "txt": "."
        },
        {
          "si": 11,
          "sti": 0,
          "dti": 95,
          "sco": 0,
          "dco": 478,
          "txt": "By"
        },
        {
          "si": 11,
          "sti": 1,
          "dti": 96,
          "sco": 3,
          "dco": 481,
          "txt": "1875"
        },
        {
          "si": 11,
          "sti": 2,
          "dti": 97,
          "sco": 7,
          "dco": 485,
          "txt": ","
        },
        {
          "si": 11,
          "sti": 3,
          "dti": 98,
          "sco": 9,
          "dco": 487,
          "txt": "he"
        },
        {
          "si": 11,
          "sti": 4,
          "dti": 99,
          "sco": 12,
          "dco": 490,
          "txt": "had"
        },
        {
          "si": 11,
          "sti": 5,
          "dti": 100,
          "sco": 16,
          "dco": 494,
          "txt": "entered"
        },
        {
          "si": 11,
          "sti": 6,
          "dti": 101,
          "sco": 24,
          "dco": 502,
          "txt": "the"
        },
        {
          "si": 11,
          "sti": 7,
          "dti": 102,
          "sco": 28,
          "dco": 506,
          "txt": "hospitality"
        },
        {
          "si": 11,
          "sti": 8,
          "dti": 103,
          "sco": 40,
          "dco": 518,
          "txt": "business"
        },
        {
          "si": 11,
          "sti": 9,
          "dti": 104,
          "sco": 48,
          "dco": 526,
          "txt": ","
        },
        {
          "si": 11,
          "sti": 10,
          "dti": 105,
          "sco": 50,
          "dco": 528,
          "txt": "operating"
        },
        {
          "si": 11,
          "sti": 11,
          "dti": 106,
          "sco": 60,
          "dco": 538,
          "txt": "the"
        },
        {
          "si": 11,
          "sti": 12,
          "dti": 107,
          "sco": 64,
          "dco": 542,
          "txt": "Pennsylvania"
        },
        {
          "si": 11,
          "sti": 13,
          "dti": 108,
          "sco": 77,
          "dco": 555,
          "txt": "Railroad"
        },
        {
          "si": 11,
          "sti": 14,
          "dti": 109,
          "sco": 85,
          "dco": 563,
          "txt": "'"
        },
        {
          "si": 11,
          "sti": 15,
          "dti": 110,
          "sco": 86,
          "dco": 564,
          "txt": "s"
        },
        {
          "si": 11,
          "sti": 16,
          "dti": 111,
          "sco": 88,
          "dco": 566,
          "txt": "first"
        },
        {
          "si": 11,
          "sti": 17,
          "dti": 112,
          "sco": 94,
          "dco": 572,
          "txt": "dining"
        },
        {
          "si": 11,
          "sti": 18,
          "dti": 113,
          "sco": 101,
          "dco": 579,
          "txt": "car"
        },
        {
          "si": 11,
          "sti": 19,
          "dti": 114,
          "sco": 104,
          "dco": 582,
          "txt": "."
        },
        {
          "si": 12,
          "sti": 0,
          "dti": 115,
          "sco": 0,
          "dco": 584,
          "txt": "Lougee"
        },
        {
          "si": 12,
          "sti": 1,
          "dti": 116,
          "sco": 7,
          "dco": 591,
          "txt": "ran"
        },
        {
          "si": 12,
          "sti": 2,
          "dti": 117,
          "sco": 11,
          "dco": 595,
          "txt": "Madison"
        },
        {
          "si": 12,
          "sti": 3,
          "dti": 118,
          "sco": 18,
          "dco": 602,
          "txt": "'"
        },
        {
          "si": 12,
          "sti": 4,
          "dti": 119,
          "sco": 19,
          "dco": 603,
          "txt": "s"
        },
        {
          "si": 12,
          "sti": 5,
          "dti": 120,
          "sco": 21,
          "dco": 605,
          "txt": "Park"
        },
        {
          "si": 12,
          "sti": 6,
          "dti": 121,
          "sco": 26,
          "dco": 610,
          "txt": "Hotel"
        },
        {
          "si": 12,
          "sti": 7,
          "dti": 122,
          "sco": 32,
          "dco": 616,
          "txt": "from"
        },
        {
          "si": 12,
          "sti": 8,
          "dti": 123,
          "sco": 37,
          "dco": 621,
          "txt": "1891"
        },
        {
          "si": 12,
          "sti": 9,
          "dti": 124,
          "sco": 42,
          "dco": 626,
          "txt": "until"
        },
        {
          "si": 12,
          "sti": 10,
          "dti": 125,
          "sco": 48,
          "dco": 632,
          "txt": "1911"
        },
        {
          "si": 12,
          "sti": 11,
          "dti": 126,
          "sco": 52,
          "dco": 636,
          "txt": ";"
        },
        {
          "si": 12,
          "sti": 12,
          "dti": 127,
          "sco": 54,
          "dco": 638,
          "txt": "while"
        },
        {
          "si": 12,
          "sti": 13,
          "dti": 128,
          "sco": 60,
          "dco": 644,
          "txt": "his"
        },
        {
          "si": 12,
          "sti": 14,
          "dti": 129,
          "sco": 64,
          "dco": 648,
          "txt": "house"
        },
        {
          "si": 12,
          "sti": 15,
          "dti": 130,
          "sco": 70,
          "dco": 654,
          "txt": "was"
        },
        {
          "si": 12,
          "sti": 16,
          "dti": 131,
          "sco": 74,
          "dco": 658,
          "txt": "built"
        },
        {
          "si": 12,
          "sti": 17,
          "dti": 132,
          "sco": 80,
          "dco": 664,
          "txt": "in"
        },
        {
          "si": 12,
          "sti": 18,
          "dti": 133,
          "sco": 83,
          "dco": 667,
          "txt": "1907"
        },
        {
          "si": 12,
          "sti": 19,
          "dti": 134,
          "sco": 87,
          "dco": 671,
          "txt": ","
        },
        {
          "si": 12,
          "sti": 20,
          "dti": 135,
          "sco": 89,
          "dco": 673,
          "txt": "relatively"
        },
        {
          "si": 12,
          "sti": 21,
          "dti": 136,
          "sco": 100,
          "dco": 684,
          "txt": "late"
        },
        {
          "si": 12,
          "sti": 22,
          "dti": 137,
          "sco": 105,
          "dco": 689,
          "txt": "in"
        },
        {
          "si": 12,
          "sti": 23,
          "dti": 138,
          "sco": 108,
          "dco": 692,
          "txt": "his"
        },
        {
          "si": 12,
          "sti": 24,
          "dti": 139,
          "sco": 112,
          "dco": 696,
          "txt": "tenure"
        },
        {
          "si": 12,
          "sti": 25,
          "dti": 140,
          "sco": 119,
          "dco": 703,
          "txt": "at"
        },
        {
          "si": 12,
          "sti": 26,
          "dti": 141,
          "sco": 122,
          "dco": 706,
          "txt": "the"
        },
        {
          "si": 12,
          "sti": 27,
          "dti": 142,
          "sco": 126,
          "dco": 710,
          "txt": "hotel"
        },
        {
          "si": 12,
          "sti": 28,
          "dti": 143,
          "sco": 131,
          "dco": 715,
          "txt": ","
        },
        {
          "si": 12,
          "sti": 29,
          "dti": 144,
          "sco": 133,
          "dco": 717,
          "txt": "he"
        },
        {
          "si": 12,
          "sti": 30,
          "dti": 145,
          "sco": 136,
          "dco": 720,
          "txt": "lived"
        },
        {
          "si": 12,
          "sti": 31,
          "dti": 146,
          "sco": 142,
          "dco": 726,
          "txt": "in"
        },
        {
          "si": 12,
          "sti": 32,
          "dti": 147,
          "sco": 145,
          "dco": 729,
          "txt": "Madison"
        },
        {
          "si": 12,
          "sti": 33,
          "dti": 148,
          "sco": 153,
          "dco": 737,
          "txt": "until"
        },
        {
          "si": 12,
          "sti": 34,
          "dti": 149,
          "sco": 159,
          "dco": 743,
          "txt": "his"
        },
        {
          "si": 12,
          "sti": 35,
          "dti": 150,
          "sco": 163,
          "dco": 747,
          "txt": "death"
        },
        {
          "si": 12,
          "sti": 36,
          "dti": 151,
          "sco": 169,
          "dco": 753,
          "txt": "in"
        },
        {
          "si": 12,
          "sti": 37,
          "dti": 152,
          "sco": 172,
          "dco": 756,
          "txt": "1932"
        },
        {
          "si": 12,
          "sti": 38,
          "dti": 153,
          "sco": 176,
          "dco": 760,
          "txt": "."
        },
        {
          "si": 13,
          "sti": 0,
          "dti": 154,
          "sco": 0,
          "dco": 762,
          "txt": "Lougee"
        },
        {
          "si": 13,
          "sti": 1,
          "dti": 155,
          "sco": 7,
          "dco": 769,
          "txt": "also"
        },
        {
          "si": 13,
          "sti": 2,
          "dti": 156,
          "sco": 12,
          "dco": 774,
          "txt": "managed"
        },
        {
          "si": 13,
          "sti": 3,
          "dti": 157,
          "sco": 20,
          "dco": 782,
          "txt": "the"
        },
        {
          "si": 13,
          "sti": 4,
          "dti": 158,
          "sco": 24,
          "dco": 786,
          "txt": "Palmer"
        },
        {
          "si": 13,
          "sti": 5,
          "dti": 159,
          "sco": 31,
          "dco": 793,
          "txt": "House"
        },
        {
          "si": 13,
          "sti": 6,
          "dti": 160,
          "sco": 37,
          "dco": 799,
          "txt": "in"
        },
        {
          "si": 13,
          "sti": 7,
          "dti": 161,
          "sco": 40,
          "dco": 802,
          "txt": "Chicago"
        },
        {
          "si": 13,
          "sti": 8,
          "dti": 162,
          "sco": 47,
          "dco": 809,
          "txt": ","
        },
        {
          "si": 13,
          "sti": 9,
          "dti": 163,
          "sco": 49,
          "dco": 811,
          "txt": "the"
        },
        {
          "si": 13,
          "sti": 10,
          "dti": 164,
          "sco": 53,
          "dco": 815,
          "txt": "New"
        },
        {
          "si": 13,
          "sti": 11,
          "dti": 165,
          "sco": 57,
          "dco": 819,
          "txt": "Kimball"
        },
        {
          "si": 13,
          "sti": 12,
          "dti": 166,
          "sco": 65,
          "dco": 827,
          "txt": "Hotel"
        },
        {
          "si": 13,
          "sti": 13,
          "dti": 167,
          "sco": 71,
          "dco": 833,
          "txt": "in"
        },
        {
          "si": 13,
          "sti": 14,
          "dti": 168,
          "sco": 74,
          "dco": 836,
          "txt": "Atlanta"
        },
        {
          "si": 13,
          "sti": 15,
          "dti": 169,
          "sco": 81,
          "dco": 843,
          "txt": ","
        },
        {
          "si": 13,
          "sti": 16,
          "dti": 170,
          "sco": 83,
          "dco": 845,
          "txt": "and"
        },
        {
          "si": 13,
          "sti": 17,
          "dti": 171,
          "sco": 87,
          "dco": 849,
          "txt": "the"
        },
        {
          "si": 13,
          "sti": 18,
          "dti": 172,
          "sco": 91,
          "dco": 853,
          "txt": "University"
        },
        {
          "si": 13,
          "sti": 19,
          "dti": 173,
          "sco": 102,
          "dco": 864,
          "txt": "Club"
        },
        {
          "si": 13,
          "sti": 20,
          "dti": 174,
          "sco": 107,
          "dco": 869,
          "txt": "in"
        },
        {
          "si": 13,
          "sti": 21,
          "dti": 175,
          "sco": 110,
          "dco": 872,
          "txt": "Madison"
        },
        {
          "si": 13,
          "sti": 22,
          "dti": 176,
          "sco": 117,
          "dco": 879,
          "txt": "."
        },
        {
          "si": 14,
          "sti": 0,
          "dti": 177,
          "sco": 0,
          "dco": 881,
          "txt": "Lougee"
        },
        {
          "si": 14,
          "sti": 1,
          "dti": 178,
          "sco": 7,
          "dco": 888,
          "txt": "hired"
        },
        {
          "si": 14,
          "sti": 2,
          "dti": 179,
          "sco": 13,
          "dco": 894,
          "txt": "the"
        },
        {
          "si": 14,
          "sti": 3,
          "dti": 180,
          "sco": 17,
          "dco": 898,
          "txt": "prominent"
        },
        {
          "si": 14,
          "sti": 4,
          "dti": 181,
          "sco": 27,
          "dco": 908,
          "txt": "Madison"
        },
        {
          "si": 14,
          "sti": 5,
          "dti": 182,
          "sco": 35,
          "dco": 916,
          "txt": "architectural"
        },
        {
          "si": 14,
          "sti": 6,
          "dti": 183,
          "sco": 49,
          "dco": 930,
          "txt": "firm"
        },
        {
          "si": 14,
          "sti": 7,
          "dti": 184,
          "sco": 54,
          "dco": 935,
          "txt": "of"
        },
        {
          "si": 14,
          "sti": 8,
          "dti": 185,
          "sco": 57,
          "dco": 938,
          "txt": "Louis"
        },
        {
          "si": 14,
          "sti": 9,
          "dti": 186,
          "sco": 63,
          "dco": 944,
          "txt": "W"
        },
        {
          "si": 14,
          "sti": 10,
          "dti": 187,
          "sco": 64,
          "dco": 945,
          "txt": "."
        },
        {
          "si": 15,
          "sti": 0,
          "dti": 188,
          "sco": 0,
          "dco": 947,
          "txt": "Claude"
        },
        {
          "si": 15,
          "sti": 1,
          "dti": 189,
          "sco": 7,
          "dco": 954,
          "txt": "and"
        },
        {
          "si": 15,
          "sti": 2,
          "dti": 190,
          "sco": 11,
          "dco": 958,
          "txt": "Edward"
        },
        {
          "si": 15,
          "sti": 3,
          "dti": 191,
          "sco": 18,
          "dco": 965,
          "txt": "F"
        },
        {
          "si": 15,
          "sti": 4,
          "dti": 192,
          "sco": 19,
          "dco": 966,
          "txt": "."
        },
        {
          "si": 16,
          "sti": 0,
          "dti": 193,
          "sco": 0,
          "dco": 968,
          "txt": "Starck"
        },
        {
          "si": 16,
          "sti": 1,
          "dti": 194,
          "sco": 7,
          "dco": 975,
          "txt": "to"
        },
        {
          "si": 16,
          "sti": 2,
          "dti": 195,
          "sco": 10,
          "dco": 978,
          "txt": "design"
        },
        {
          "si": 16,
          "sti": 3,
          "dti": 196,
          "sco": 17,
          "dco": 985,
          "txt": "his"
        },
        {
          "si": 16,
          "sti": 4,
          "dti": 197,
          "sco": 21,
          "dco": 989,
          "txt": "home"
        },
        {
          "si": 16,
          "sti": 5,
          "dti": 198,
          "sco": 25,
          "dco": 993,
          "txt": "."
        },
        {
          "si": 17,
          "sti": 0,
          "dti": 199,
          "sco": 0,
          "dco": 995,
          "txt": "The"
        },
        {
          "si": 17,
          "sti": 1,
          "dti": 200,
          "sco": 4,
          "dco": 999,
          "txt": "two"
        },
        {
          "si": 17,
          "sti": 2,
          "dti": 201,
          "sco": 8,
          "dco": 1003,
          "txt": "architects"
        },
        {
          "si": 17,
          "sti": 3,
          "dti": 202,
          "sco": 19,
          "dco": 1014,
          "txt": "were"
        },
        {
          "si": 17,
          "sti": 4,
          "dti": 203,
          "sco": 24,
          "dco": 1019,
          "txt": "partners"
        },
        {
          "si": 17,
          "sti": 5,
          "dti": 204,
          "sco": 33,
          "dco": 1028,
          "txt": "from"
        },
        {
          "si": 17,
          "sti": 6,
          "dti": 205,
          "sco": 38,
          "dco": 1033,
          "txt": "1896"
        },
        {
          "si": 17,
          "sti": 7,
          "dti": 206,
          "sco": 43,
          "dco": 1038,
          "txt": "until"
        },
        {
          "si": 17,
          "sti": 8,
          "dti": 207,
          "sco": 49,
          "dco": 1044,
          "txt": "1929"
        },
        {
          "si": 17,
          "sti": 9,
          "dti": 208,
          "sco": 54,
          "dco": 1049,
          "txt": "and"
        },
        {
          "si": 17,
          "sti": 10,
          "dti": 209,
          "sco": 58,
          "dco": 1053,
          "txt": "designed"
        },
        {
          "si": 17,
          "sti": 11,
          "dti": 210,
          "sco": 67,
          "dco": 1062,
          "txt": "both"
        },
        {
          "si": 17,
          "sti": 12,
          "dti": 211,
          "sco": 72,
          "dco": 1067,
          "txt": "residences"
        },
        {
          "si": 17,
          "sti": 13,
          "dti": 212,
          "sco": 83,
          "dco": 1078,
          "txt": "and"
        },
        {
          "si": 17,
          "sti": 14,
          "dti": 213,
          "sco": 87,
          "dco": 1082,
          "txt": "public"
        },
        {
          "si": 17,
          "sti": 15,
          "dti": 214,
          "sco": 94,
          "dco": 1089,
          "txt": "buildings"
        },
        {
          "si": 17,
          "sti": 16,
          "dti": 215,
          "sco": 104,
          "dco": 1099,
          "txt": "across"
        },
        {
          "si": 17,
          "sti": 17,
          "dti": 216,
          "sco": 111,
          "dco": 1106,
          "txt": "Wisconsin"
        },
        {
          "si": 17,
          "sti": 18,
          "dti": 217,
          "sco": 121,
          "dco": 1116,
          "txt": "and"
        },
        {
          "si": 17,
          "sti": 19,
          "dti": 218,
          "sco": 125,
          "dco": 1120,
          "txt": "its"
        },
        {
          "si": 17,
          "sti": 20,
          "dti": 219,
          "sco": 129,
          "dco": 1124,
          "txt": "neighboring"
        },
        {
          "si": 17,
          "sti": 21,
          "dti": 220,
          "sco": 141,
          "dco": 1136,
          "txt": "states"
        },
        {
          "si": 17,
          "sti": 22,
          "dti": 221,
          "sco": 147,
          "dco": 1142,
          "txt": "."
        },
        {
          "si": 18,
          "sti": 0,
          "dti": 222,
          "sco": 0,
          "dco": 1144,
          "txt": "Claude"
        },
        {
          "si": 18,
          "sti": 1,
          "dti": 223,
          "sco": 7,
          "dco": 1151,
          "txt": "was"
        },
        {
          "si": 18,
          "sti": 2,
          "dti": 224,
          "sco": 11,
          "dco": 1155,
          "txt": "a"
        },
        {
          "si": 18,
          "sti": 3,
          "dti": 225,
          "sco": 13,
          "dco": 1157,
          "txt": "friend"
        },
        {
          "si": 18,
          "sti": 4,
          "dti": 226,
          "sco": 20,
          "dco": 1164,
          "txt": "of"
        },
        {
          "si": 18,
          "sti": 5,
          "dti": 227,
          "sco": 23,
          "dco": 1167,
          "txt": "Frank"
        },
        {
          "si": 18,
          "sti": 6,
          "dti": 228,
          "sco": 29,
          "dco": 1173,
          "txt": "Lloyd"
        },
        {
          "si": 18,
          "sti": 7,
          "dti": 229,
          "sco": 35,
          "dco": 1179,
          "txt": "Wright"
        },
        {
          "si": 18,
          "sti": 8,
          "dti": 230,
          "sco": 41,
          "dco": 1185,
          "txt": ","
        },
        {
          "si": 18,
          "sti": 9,
          "dti": 231,
          "sco": 43,
          "dco": 1187,
          "txt": "and"
        },
        {
          "si": 18,
          "sti": 10,
          "dti": 232,
          "sco": 47,
          "dco": 1191,
          "txt": "Wright"
        },
        {
          "si": 18,
          "sti": 11,
          "dti": 233,
          "sco": 53,
          "dco": 1197,
          "txt": "'"
        },
        {
          "si": 18,
          "sti": 12,
          "dti": 234,
          "sco": 54,
          "dco": 1198,
          "txt": "s"
        },
        {
          "si": 18,
          "sti": 13,
          "dti": 235,
          "sco": 56,
          "dco": 1200,
          "txt": "Prairie"
        },
        {
          "si": 18,
          "sti": 14,
          "dti": 236,
          "sco": 64,
          "dco": 1208,
          "txt": "School"
        },
        {
          "si": 18,
          "sti": 15,
          "dti": 237,
          "sco": 71,
          "dco": 1215,
          "txt": "designs"
        },
        {
          "si": 18,
          "sti": 16,
          "dti": 238,
          "sco": 79,
          "dco": 1223,
          "txt": "influenced"
        },
        {
          "si": 18,
          "sti": 17,
          "dti": 239,
          "sco": 90,
          "dco": 1234,
          "txt": "the"
        },
        {
          "si": 18,
          "sti": 18,
          "dti": 240,
          "sco": 94,
          "dco": 1238,
          "txt": "firm"
        },
        {
          "si": 18,
          "sti": 19,
          "dti": 241,
          "sco": 98,
          "dco": 1242,
          "txt": "'"
        },
        {
          "si": 18,
          "sti": 20,
          "dti": 242,
          "sco": 99,
          "dco": 1243,
          "txt": "s"
        },
        {
          "si": 18,
          "sti": 21,
          "dti": 243,
          "sco": 101,
          "dco": 1245,
          "txt": "residential"
        },
        {
          "si": 18,
          "sti": 22,
          "dti": 244,
          "sco": 113,
          "dco": 1257,
          "txt": "work"
        },
        {
          "si": 18,
          "sti": 23,
          "dti": 245,
          "sco": 117,
          "dco": 1261,
          "txt": "."
        },
        {
          "si": 19,
          "sti": 0,
          "dti": 246,
          "sco": 0,
          "dco": 1263,
          "txt": "The"
        },
        {
          "si": 19,
          "sti": 1,
          "dti": 247,
          "sco": 4,
          "dco": 1267,
          "txt": "Lougee"
        },
        {
          "si": 19,
          "sti": 2,
          "dti": 248,
          "sco": 11,
          "dco": 1274,
          "txt": "House"
        },
        {
          "si": 19,
          "sti": 3,
          "dti": 249,
          "sco": 16,
          "dco": 1279,
          "txt": ","
        },
        {
          "si": 19,
          "sti": 4,
          "dti": 250,
          "sco": 18,
          "dco": 1281,
          "txt": "which"
        },
        {
          "si": 19,
          "sti": 5,
          "dti": 251,
          "sco": 24,
          "dco": 1287,
          "txt": "is"
        },
        {
          "si": 19,
          "sti": 6,
          "dti": 252,
          "sco": 27,
          "dco": 1290,
          "txt": "similar"
        },
        {
          "si": 19,
          "sti": 7,
          "dti": 253,
          "sco": 35,
          "dco": 1298,
          "txt": "to"
        },
        {
          "si": 19,
          "sti": 8,
          "dti": 254,
          "sco": 38,
          "dco": 1301,
          "txt": "Wright"
        },
        {
          "si": 19,
          "sti": 9,
          "dti": 255,
          "sco": 44,
          "dco": 1307,
          "txt": "'"
        },
        {
          "si": 19,
          "sti": 10,
          "dti": 256,
          "sco": 45,
          "dco": 1308,
          "txt": "s"
        },
        {
          "si": 19,
          "sti": 11,
          "dti": 257,
          "sco": 47,
          "dco": 1310,
          "txt": "B"
        },
        {
          "si": 19,
          "sti": 12,
          "dti": 258,
          "sco": 48,
          "dco": 1311,
          "txt": "."
        },
        {
          "si": 20,
          "sti": 0,
          "dti": 259,
          "sco": 0,
          "dco": 1313,
          "txt": "Harley"
        },
        {
          "si": 20,
          "sti": 1,
          "dti": 260,
          "sco": 7,
          "dco": 1320,
          "txt": "Bradley"
        },
        {
          "si": 20,
          "sti": 2,
          "dti": 261,
          "sco": 15,
          "dco": 1328,
          "txt": "House"
        },
        {
          "si": 20,
          "sti": 3,
          "dti": 262,
          "sco": 21,
          "dco": 1334,
          "txt": "in"
        },
        {
          "si": 20,
          "sti": 4,
          "dti": 263,
          "sco": 24,
          "dco": 1337,
          "txt": "Kankakee"
        },
        {
          "si": 20,
          "sti": 5,
          "dti": 264,
          "sco": 32,
          "dco": 1345,
          "txt": ","
        },
        {
          "si": 20,
          "sti": 6,
          "dti": 265,
          "sco": 34,
          "dco": 1347,
          "txt": "Illinois"
        },
        {
          "si": 20,
          "sti": 7,
          "dti": 266,
          "sco": 42,
          "dco": 1355,
          "txt": ","
        },
        {
          "si": 20,
          "sti": 8,
          "dti": 267,
          "sco": 44,
          "dco": 1357,
          "txt": "is"
        },
        {
          "si": 20,
          "sti": 9,
          "dti": 268,
          "sco": 47,
          "dco": 1360,
          "txt": "one"
        },
        {
          "si": 20,
          "sti": 10,
          "dti": 269,
          "sco": 51,
          "dco": 1364,
          "txt": "of"
        },
        {
          "si": 20,
          "sti": 11,
          "dti": 270,
          "sco": 54,
          "dco": 1367,
          "txt": "the"
        },
        {
          "si": 20,
          "sti": 12,
          "dti": 271,
          "sco": 58,
          "dco": 1371,
          "txt": "firm"
        },
        {
          "si": 20,
          "sti": 13,
          "dti": 272,
          "sco": 62,
          "dco": 1375,
          "txt": "'"
        },
        {
          "si": 20,
          "sti": 14,
          "dti": 273,
          "sco": 63,
          "dco": 1376,
          "txt": "s"
        },
        {
          "si": 20,
          "sti": 15,
          "dti": 274,
          "sco": 65,
          "dco": 1378,
          "txt": "most"
        },
        {
          "si": 20,
          "sti": 16,
          "dti": 275,
          "sco": 70,
          "dco": 1383,
          "txt": "highly"
        },
        {
          "si": 20,
          "sti": 17,
          "dti": 276,
          "sco": 77,
          "dco": 1390,
          "txt": "regarded"
        },
        {
          "si": 20,
          "sti": 18,
          "dti": 277,
          "sco": 86,
          "dco": 1399,
          "txt": "home"
        },
        {
          "si": 20,
          "sti": 19,
          "dti": 278,
          "sco": 91,
          "dco": 1404,
          "txt": "designs"
        },
        {
          "si": 20,
          "sti": 20,
          "dti": 279,
          "sco": 98,
          "dco": 1411,
          "txt": "."
        },
        {
          "si": 21,
          "sti": 0,
          "dti": 280,
          "sco": 0,
          "dco": 1413,
          "txt": "The"
        },
        {
          "si": 21,
          "sti": 1,
          "dti": 281,
          "sco": 4,
          "dco": 1417,
          "txt": "two"
        },
        {
          "si": 21,
          "sti": 2,
          "dti": 282,
          "sco": 7,
          "dco": 1420,
          "txt": "-"
        },
        {
          "si": 21,
          "sti": 3,
          "dti": 283,
          "sco": 8,
          "dco": 1421,
          "txt": "story"
        },
        {
          "si": 21,
          "sti": 4,
          "dti": 284,
          "sco": 14,
          "dco": 1427,
          "txt": "house"
        },
        {
          "si": 21,
          "sti": 5,
          "dti": 285,
          "sco": 20,
          "dco": 1433,
          "txt": "has"
        },
        {
          "si": 21,
          "sti": 6,
          "dti": 286,
          "sco": 24,
          "dco": 1437,
          "txt": "a"
        },
        {
          "si": 21,
          "sti": 7,
          "dti": 287,
          "sco": 26,
          "dco": 1439,
          "txt": "stucco"
        },
        {
          "si": 21,
          "sti": 8,
          "dti": 288,
          "sco": 33,
          "dco": 1446,
          "txt": "exterior"
        },
        {
          "si": 21,
          "sti": 9,
          "dti": 289,
          "sco": 41,
          "dco": 1454,
          "txt": ","
        },
        {
          "si": 21,
          "sti": 10,
          "dti": 290,
          "sco": 43,
          "dco": 1456,
          "txt": "as"
        },
        {
          "si": 21,
          "sti": 11,
          "dti": 291,
          "sco": 46,
          "dco": 1459,
          "txt": "was"
        },
        {
          "si": 21,
          "sti": 12,
          "dti": 292,
          "sco": 50,
          "dco": 1463,
          "txt": "common"
        },
        {
          "si": 21,
          "sti": 13,
          "dti": 293,
          "sco": 57,
          "dco": 1470,
          "txt": "for"
        },
        {
          "si": 21,
          "sti": 14,
          "dti": 294,
          "sco": 61,
          "dco": 1474,
          "txt": "Prairie"
        },
        {
          "si": 21,
          "sti": 15,
          "dti": 295,
          "sco": 69,
          "dco": 1482,
          "txt": "School"
        },
        {
          "si": 21,
          "sti": 16,
          "dti": 296,
          "sco": 76,
          "dco": 1489,
          "txt": "homes"
        },
        {
          "si": 21,
          "sti": 17,
          "dti": 297,
          "sco": 81,
          "dco": 1494,
          "txt": ","
        },
        {
          "si": 21,
          "sti": 18,
          "dti": 298,
          "sco": 83,
          "dco": 1496,
          "txt": "and"
        },
        {
          "si": 21,
          "sti": 19,
          "dti": 299,
          "sco": 87,
          "dco": 1500,
          "txt": "a"
        },
        {
          "si": 21,
          "sti": 20,
          "dti": 300,
          "sco": 89,
          "dco": 1502,
          "txt": "gable"
        },
        {
          "si": 21,
          "sti": 21,
          "dti": 301,
          "sco": 95,
          "dco": 1508,
          "txt": "roof"
        },
        {
          "si": 21,
          "sti": 22,
          "dti": 302,
          "sco": 99,
          "dco": 1512,
          "txt": "."
        },
        {
          "si": 22,
          "sti": 0,
          "dti": 303,
          "sco": 0,
          "dco": 1514,
          "txt": "A"
        },
        {
          "si": 22,
          "sti": 1,
          "dti": 304,
          "sco": 2,
          "dco": 1516,
          "txt": "cross"
        },
        {
          "si": 22,
          "sti": 2,
          "dti": 305,
          "sco": 8,
          "dco": 1522,
          "txt": "gable"
        },
        {
          "si": 22,
          "sti": 3,
          "dti": 306,
          "sco": 14,
          "dco": 1528,
          "txt": "extends"
        },
        {
          "si": 22,
          "sti": 4,
          "dti": 307,
          "sco": 22,
          "dco": 1536,
          "txt": "forward"
        },
        {
          "si": 22,
          "sti": 5,
          "dti": 308,
          "sco": 30,
          "dco": 1544,
          "txt": "from"
        },
        {
          "si": 22,
          "sti": 6,
          "dti": 309,
          "sco": 35,
          "dco": 1549,
          "txt": "the"
        },
        {
          "si": 22,
          "sti": 7,
          "dti": 310,
          "sco": 39,
          "dco": 1553,
          "txt": "east"
        },
        {
          "si": 22,
          "sti": 8,
          "dti": 311,
          "sco": 44,
          "dco": 1558,
          "txt": "side"
        },
        {
          "si": 22,
          "sti": 9,
          "dti": 312,
          "sco": 49,
          "dco": 1563,
          "txt": "of"
        },
        {
          "si": 22,
          "sti": 10,
          "dti": 313,
          "sco": 52,
          "dco": 1566,
          "txt": "the"
        },
        {
          "si": 22,
          "sti": 11,
          "dti": 314,
          "sco": 56,
          "dco": 1570,
          "txt": "house"
        },
        {
          "si": 22,
          "sti": 12,
          "dti": 315,
          "sco": 61,
          "dco": 1575,
          "txt": ","
        },
        {
          "si": 22,
          "sti": 13,
          "dti": 316,
          "sco": 63,
          "dco": 1577,
          "txt": "and"
        },
        {
          "si": 22,
          "sti": 14,
          "dti": 317,
          "sco": 67,
          "dco": 1581,
          "txt": "an"
        },
        {
          "si": 22,
          "sti": 15,
          "dti": 318,
          "sco": 70,
          "dco": 1584,
          "txt": "attached"
        },
        {
          "si": 22,
          "sti": 16,
          "dti": 319,
          "sco": 79,
          "dco": 1593,
          "txt": "porch"
        },
        {
          "si": 22,
          "sti": 17,
          "dti": 320,
          "sco": 85,
          "dco": 1599,
          "txt": "extends"
        },
        {
          "si": 22,
          "sti": 18,
          "dti": 321,
          "sco": 93,
          "dco": 1607,
          "txt": "along"
        },
        {
          "si": 22,
          "sti": 19,
          "dti": 322,
          "sco": 99,
          "dco": 1613,
          "txt": "the"
        },
        {
          "si": 22,
          "sti": 20,
          "dti": 323,
          "sco": 103,
          "dco": 1617,
          "txt": "home"
        },
        {
          "si": 22,
          "sti": 21,
          "dti": 324,
          "sco": 107,
          "dco": 1621,
          "txt": "'"
        },
        {
          "si": 22,
          "sti": 22,
          "dti": 325,
          "sco": 108,
          "dco": 1622,
          "txt": "s"
        },
        {
          "si": 22,
          "sti": 23,
          "dti": 326,
          "sco": 110,
          "dco": 1624,
          "txt": "south"
        },
        {
          "si": 22,
          "sti": 24,
          "dti": 327,
          "sco": 116,
          "dco": 1630,
          "txt": "side"
        },
        {
          "si": 22,
          "sti": 25,
          "dti": 328,
          "sco": 120,
          "dco": 1634,
          "txt": "."
        },
        {
          "si": 23,
          "sti": 0,
          "dti": 329,
          "sco": 0,
          "dco": 1636,
          "txt": "The"
        },
        {
          "si": 23,
          "sti": 1,
          "dti": 330,
          "sco": 4,
          "dco": 1640,
          "txt": "entrance"
        },
        {
          "si": 23,
          "sti": 2,
          "dti": 331,
          "sco": 12,
          "dco": 1648,
          "txt": ","
        },
        {
          "si": 23,
          "sti": 3,
          "dti": 332,
          "sco": 14,
          "dco": 1650,
          "txt": "located"
        },
        {
          "si": 23,
          "sti": 4,
          "dti": 333,
          "sco": 22,
          "dco": 1658,
          "txt": "next"
        },
        {
          "si": 23,
          "sti": 5,
          "dti": 334,
          "sco": 27,
          "dco": 1663,
          "txt": "to"
        },
        {
          "si": 23,
          "sti": 6,
          "dti": 335,
          "sco": 30,
          "dco": 1666,
          "txt": "the"
        },
        {
          "si": 23,
          "sti": 7,
          "dti": 336,
          "sco": 34,
          "dco": 1670,
          "txt": "cross"
        },
        {
          "si": 23,
          "sti": 8,
          "dti": 337,
          "sco": 40,
          "dco": 1676,
          "txt": "gable"
        },
        {
          "si": 23,
          "sti": 9,
          "dti": 338,
          "sco": 45,
          "dco": 1681,
          "txt": ","
        },
        {
          "si": 23,
          "sti": 10,
          "dti": 339,
          "sco": 47,
          "dco": 1683,
          "txt": "features"
        },
        {
          "si": 23,
          "sti": 11,
          "dti": 340,
          "sco": 56,
          "dco": 1692,
          "txt": "floral"
        },
        {
          "si": 23,
          "sti": 12,
          "dti": 341,
          "sco": 62,
          "dco": 1698,
          "txt": "-"
        },
        {
          "si": 23,
          "sti": 13,
          "dti": 342,
          "sco": 63,
          "dco": 1699,
          "txt": "patterned"
        },
        {
          "si": 23,
          "sti": 14,
          "dti": 343,
          "sco": 73,
          "dco": 1709,
          "txt": "leaded"
        },
        {
          "si": 23,
          "sti": 15,
          "dti": 344,
          "sco": 80,
          "dco": 1716,
          "txt": "glass"
        },
        {
          "si": 23,
          "sti": 16,
          "dti": 345,
          "sco": 86,
          "dco": 1722,
          "txt": "windows"
        },
        {
          "si": 23,
          "sti": 17,
          "dti": 346,
          "sco": 93,
          "dco": 1729,
          "txt": "."
        },
        {
          "si": 24,
          "sti": 0,
          "dti": 347,
          "sco": 0,
          "dco": 1731,
          "txt": "Horizontal"
        },
        {
          "si": 24,
          "sti": 1,
          "dti": 348,
          "sco": 11,
          "dco": 1742,
          "txt": "wooden"
        },
        {
          "si": 24,
          "sti": 2,
          "dti": 349,
          "sco": 18,
          "dco": 1749,
          "txt": "bands"
        },
        {
          "si": 24,
          "sti": 3,
          "dti": 350,
          "sco": 24,
          "dco": 1755,
          "txt": "above"
        },
        {
          "si": 24,
          "sti": 4,
          "dti": 351,
          "sco": 30,
          "dco": 1761,
          "txt": "and"
        },
        {
          "si": 24,
          "sti": 5,
          "dti": 352,
          "sco": 34,
          "dco": 1765,
          "txt": "below"
        },
        {
          "si": 24,
          "sti": 6,
          "dti": 353,
          "sco": 40,
          "dco": 1771,
          "txt": "the"
        },
        {
          "si": 24,
          "sti": 7,
          "dti": 354,
          "sco": 44,
          "dco": 1775,
          "txt": "windows"
        },
        {
          "si": 24,
          "sti": 8,
          "dti": 355,
          "sco": 52,
          "dco": 1783,
          "txt": "on"
        },
        {
          "si": 24,
          "sti": 9,
          "dti": 356,
          "sco": 55,
          "dco": 1786,
          "txt": "both"
        },
        {
          "si": 24,
          "sti": 10,
          "dti": 357,
          "sco": 60,
          "dco": 1791,
          "txt": "floors"
        },
        {
          "si": 24,
          "sti": 11,
          "dti": 358,
          "sco": 67,
          "dco": 1798,
          "txt": "and"
        },
        {
          "si": 24,
          "sti": 12,
          "dti": 359,
          "sco": 71,
          "dco": 1802,
          "txt": "a"
        },
        {
          "si": 24,
          "sti": 13,
          "dti": 360,
          "sco": 73,
          "dco": 1804,
          "txt": "terrace"
        },
        {
          "si": 24,
          "sti": 14,
          "dti": 361,
          "sco": 81,
          "dco": 1812,
          "txt": "wall"
        },
        {
          "si": 24,
          "sti": 15,
          "dti": 362,
          "sco": 86,
          "dco": 1817,
          "txt": "along"
        },
        {
          "si": 24,
          "sti": 16,
          "dti": 363,
          "sco": 92,
          "dco": 1823,
          "txt": "the"
        },
        {
          "si": 24,
          "sti": 17,
          "dti": 364,
          "sco": 96,
          "dco": 1827,
          "txt": "east"
        },
        {
          "si": 24,
          "sti": 18,
          "dti": 365,
          "sco": 101,
          "dco": 1832,
          "txt": "side"
        },
        {
          "si": 24,
          "sti": 19,
          "dti": 366,
          "sco": 106,
          "dco": 1837,
          "txt": "give"
        },
        {
          "si": 24,
          "sti": 20,
          "dti": 367,
          "sco": 111,
          "dco": 1842,
          "txt": "the"
        },
        {
          "si": 24,
          "sti": 21,
          "dti": 368,
          "sco": 115,
          "dco": 1846,
          "txt": "house"
        },
        {
          "si": 24,
          "sti": 22,
          "dti": 369,
          "sco": 121,
          "dco": 1852,
          "txt": "a"
        },
        {
          "si": 24,
          "sti": 23,
          "dti": 370,
          "sco": 123,
          "dco": 1854,
          "txt": "horizontal"
        },
        {
          "si": 24,
          "sti": 24,
          "dti": 371,
          "sco": 134,
          "dco": 1865,
          "txt": "emphasis"
        },
        {
          "si": 24,
          "sti": 25,
          "dti": 372,
          "sco": 142,
          "dco": 1873,
          "txt": ","
        },
        {
          "si": 24,
          "sti": 26,
          "dti": 373,
          "sco": 144,
          "dco": 1875,
          "txt": "a"
        },
        {
          "si": 24,
          "sti": 27,
          "dti": 374,
          "sco": 146,
          "dco": 1877,
          "txt": "key"
        },
        {
          "si": 24,
          "sti": 28,
          "dti": 375,
          "sco": 150,
          "dco": 1881,
          "txt": "element"
        },
        {
          "si": 24,
          "sti": 29,
          "dti": 376,
          "sco": 158,
          "dco": 1889,
          "txt": "of"
        },
        {
          "si": 24,
          "sti": 30,
          "dti": 377,
          "sco": 161,
          "dco": 1892,
          "txt": "Prairie"
        },
        {
          "si": 24,
          "sti": 31,
          "dti": 378,
          "sco": 169,
          "dco": 1900,
          "txt": "School"
        },
        {
          "si": 24,
          "sti": 32,
          "dti": 379,
          "sco": 176,
          "dco": 1907,
          "txt": "architecture"
        },
        {
          "si": 24,
          "sti": 33,
          "dti": 380,
          "sco": 188,
          "dco": 1919,
          "txt": "."
        },
        {
          "si": 25,
          "sti": 0,
          "dti": 381,
          "sco": 0,
          "dco": 1921,
          "txt": "The"
        },
        {
          "si": 25,
          "sti": 1,
          "dti": 382,
          "sco": 4,
          "dco": 1925,
          "txt": "house"
        },
        {
          "si": 25,
          "sti": 2,
          "dti": 383,
          "sco": 10,
          "dco": 1931,
          "txt": "was"
        },
        {
          "si": 25,
          "sti": 3,
          "dti": 384,
          "sco": 14,
          "dco": 1935,
          "txt": "designated"
        },
        {
          "si": 25,
          "sti": 4,
          "dti": 385,
          "sco": 25,
          "dco": 1946,
          "txt": "a"
        },
        {
          "si": 25,
          "sti": 5,
          "dti": 386,
          "sco": 27,
          "dco": 1948,
          "txt": "landmark"
        },
        {
          "si": 25,
          "sti": 6,
          "dti": 387,
          "sco": 36,
          "dco": 1957,
          "txt": "by"
        },
        {
          "si": 25,
          "sti": 7,
          "dti": 388,
          "sco": 39,
          "dco": 1960,
          "txt": "the"
        },
        {
          "si": 25,
          "sti": 8,
          "dti": 389,
          "sco": 43,
          "dco": 1964,
          "txt": "Madison"
        },
        {
          "si": 25,
          "sti": 9,
          "dti": 390,
          "sco": 51,
          "dco": 1972,
          "txt": "Landmarks"
        },
        {
          "si": 25,
          "sti": 10,
          "dti": 391,
          "sco": 61,
          "dco": 1982,
          "txt": "Commission"
        },
        {
          "si": 25,
          "sti": 11,
          "dti": 392,
          "sco": 72,
          "dco": 1993,
          "txt": "in"
        },
        {
          "si": 25,
          "sti": 12,
          "dti": 393,
          "sco": 75,
          "dco": 1996,
          "txt": "1977"
        },
        {
          "si": 25,
          "sti": 13,
          "dti": 394,
          "sco": 79,
          "dco": 2000,
          "txt": "."
        },
        {
          "si": 26,
          "sti": 0,
          "dti": 395,
          "sco": 0,
          "dco": 2002,
          "txt": "It"
        },
        {
          "si": 26,
          "sti": 1,
          "dti": 396,
          "sco": 3,
          "dco": 2005,
          "txt": "was"
        },
        {
          "si": 26,
          "sti": 2,
          "dti": 397,
          "sco": 7,
          "dco": 2009,
          "txt": "added"
        },
        {
          "si": 26,
          "sti": 3,
          "dti": 398,
          "sco": 13,
          "dco": 2015,
          "txt": "to"
        },
        {
          "si": 26,
          "sti": 4,
          "dti": 399,
          "sco": 16,
          "dco": 2018,
          "txt": "the"
        },
        {
          "si": 26,
          "sti": 5,
          "dti": 400,
          "sco": 20,
          "dco": 2022,
          "txt": "National"
        },
        {
          "si": 26,
          "sti": 6,
          "dti": 401,
          "sco": 29,
          "dco": 2031,
          "txt": "Register"
        },
        {
          "si": 26,
          "sti": 7,
          "dti": 402,
          "sco": 38,
          "dco": 2040,
          "txt": "of"
        },
        {
          "si": 26,
          "sti": 8,
          "dti": 403,
          "sco": 41,
          "dco": 2043,
          "txt": "Historic"
        },
        {
          "si": 26,
          "sti": 9,
          "dti": 404,
          "sco": 50,
          "dco": 2052,
          "txt": "Places"
        },
        {
          "si": 26,
          "sti": 10,
          "dti": 405,
          "sco": 57,
          "dco": 2059,
          "txt": "on"
        },
        {
          "si": 26,
          "sti": 11,
          "dti": 406,
          "sco": 60,
          "dco": 2062,
          "txt": "June"
        },
        {
          "si": 26,
          "sti": 12,
          "dti": 407,
          "sco": 65,
          "dco": 2067,
          "txt": "7"
        },
        {
          "si": 26,
          "sti": 13,
          "dti": 408,
          "sco": 66,
          "dco": 2068,
          "txt": ","
        },
        {
          "si": 26,
          "sti": 14,
          "dti": 409,
          "sco": 68,
          "dco": 2070,
          "txt": "1978"
        },
        {
          "si": 26,
          "sti": 15,
          "dti": 410,
          "sco": 72,
          "dco": 2074,
          "txt": "."
        }
      ]
    },
    "ganns": {
      "dla": [],
      "la": [],
      "ea": [],
      "eta": [
        {
          "ra": {
            "ea": {
              "etn": "George_A._Lougee_House"
            }
          },
          "sfs": [
            [
              {
                "stn": "openingYear"
              },
              {}
            ]
          ],
          "mfs": [
            [
              {
                "stn": "architect"
              },
              {
                "dla": [],
                "la": [],
                "ea": [
                  {
                    "etn": "Claude_and_Starck"
                  }
                ],
                "eta": []
              }
            ],
            [
              {
                "stn": "yearOfConstruction"
              },
              {
                "dla": [
                  {
                    "txt": {
                      "sff": "1907"
                    },
                    "et": {
                      "etn": "Year"
                    },
                    "dp": {
                      "off": 170
                    }
                  }
                ],
                "la": [],
                "ea": [],
                "eta": []
              }
            ],
            [
              {
                "stn": "architecturalStyle"
              },
              {
                "dla": [],
                "la": [],
                "ea": [
                  {
                    "etn": "Prairie_School"
                  }
                ],
                "eta": []
              }
            ],
            [
              {
                "stn": "location"
              },
              {
                "dla": [],
                "la": [],
                "ea": [
                  {
                    "etn": "Madison,_Wisconsin"
                  }
                ],
                "eta": []
              }
            ]
          ]
        }
      ]
    }
  }
]
