[
  {
    "context": "TRAIN",
    "doc": {
      "id": "Greenbelt_Knoll",
      "tl": [
        {
          "si": 0,
          "sti": 0,
          "dti": 0,
          "sco": 0,
          "dco": 0,
          "txt": "Greenbelt"
        },
        {
          "si": 0,
          "sti": 1,
          "dti": 1,
          "sco": 10,
          "dco": 10,
          "txt": "Knoll"
        },
        {
          "si": 0,
          "sti": 2,
          "dti": 2,
          "sco": 15,
          "dco": 15,
          "txt": "."
        },
        {
          "si": 1,
          "sti": 0,
          "dti": 3,
          "sco": 0,
          "dco": 17,
          "txt": "Greenbelt"
        },
        {
          "si": 1,
          "sti": 1,
          "dti": 4,
          "sco": 10,
          "dco": 27,
          "txt": "Knoll"
        },
        {
          "si": 1,
          "sti": 2,
          "dti": 5,
          "sco": 16,
          "dco": 33,
          "txt": "is"
        },
        {
          "si": 1,
          "sti": 3,
          "dti": 6,
          "sco": 19,
          "dco": 36,
          "txt": "a"
        },
        {
          "si": 1,
          "sti": 4,
          "dti": 7,
          "sco": 21,
          "dco": 38,
          "txt": "residential"
        },
        {
          "si": 1,
          "sti": 5,
          "dti": 8,
          "sco": 33,
          "dco": 50,
          "txt": "development"
        },
        {
          "si": 1,
          "sti": 6,
          "dti": 9,
          "sco": 45,
          "dco": 62,
          "txt": "in"
        },
        {
          "si": 1,
          "sti": 7,
          "dti": 10,
          "sco": 48,
          "dco": 65,
          "txt": "the"
        },
        {
          "si": 1,
          "sti": 8,
          "dti": 11,
          "sco": 52,
          "dco": 69,
          "txt": "Northeast"
        },
        {
          "si": 1,
          "sti": 9,
          "dti": 12,
          "sco": 62,
          "dco": 79,
          "txt": "section"
        },
        {
          "si": 1,
          "sti": 10,
          "dti": 13,
          "sco": 70,
          "dco": 87,
          "txt": "of"
        },
        {
          "si": 1,
          "sti": 11,
          "dti": 14,
          "sco": 73,
          "dco": 90,
          "txt": "Philadelphia"
        },
        {
          "si": 1,
          "sti": 12,
          "dti": 15,
          "sco": 85,
          "dco": 102,
          "txt": ","
        },
        {
          "si": 1,
          "sti": 13,
          "dti": 16,
          "sco": 87,
          "dco": 104,
          "txt": "Pennsylvania"
        },
        {
          "si": 1,
          "sti": 14,
          "dti": 17,
          "sco": 99,
          "dco": 116,
          "txt": "."
        },
        {
          "si": 2,
          "sti": 0,
          "dti": 18,
          "sco": 0,
          "dco": 118,
          "txt": "Planned"
        },
        {
          "si": 2,
          "sti": 1,
          "dti": 19,
          "sco": 8,
          "dco": 126,
          "txt": "and"
        },
        {
          "si": 2,
          "sti": 2,
          "dti": 20,
          "sco": 12,
          "dco": 130,
          "txt": "built"
        },
        {
          "si": 2,
          "sti": 3,
          "dti": 21,
          "sco": 18,
          "dco": 136,
          "txt": "from"
        },
        {
          "si": 2,
          "sti": 4,
          "dti": 22,
          "sco": 23,
          "dco": 141,
          "txt": "1952"
        },
        {
          "si": 2,
          "sti": 5,
          "dti": 23,
          "sco": 28,
          "dco": 146,
          "txt": "to"
        },
        {
          "si": 2,
          "sti": 6,
          "dti": 24,
          "sco": 31,
          "dco": 149,
          "txt": "1957"
        },
        {
          "si": 2,
          "sti": 7,
          "dti": 25,
          "sco": 35,
          "dco": 153,
          "txt": ","
        },
        {
          "si": 2,
          "sti": 8,
          "dti": 26,
          "sco": 37,
          "dco": 155,
          "txt": "it"
        },
        {
          "si": 2,
          "sti": 9,
          "dti": 27,
          "sco": 40,
          "dco": 158,
          "txt": "is"
        },
        {
          "si": 2,
          "sti": 10,
          "dti": 28,
          "sco": 43,
          "dco": 161,
          "txt": "notable"
        },
        {
          "si": 2,
          "sti": 11,
          "dti": 29,
          "sco": 51,
          "dco": 169,
          "txt": "as"
        },
        {
          "si": 2,
          "sti": 12,
          "dti": 30,
          "sco": 54,
          "dco": 172,
          "txt": "the"
        },
        {
          "si": 2,
          "sti": 13,
          "dti": 31,
          "sco": 58,
          "dco": 176,
          "txt": "first"
        },
        {
          "si": 2,
          "sti": 14,
          "dti": 32,
          "sco": 64,
          "dco": 182,
          "txt": "planned"
        },
        {
          "si": 2,
          "sti": 15,
          "dti": 33,
          "sco": 72,
          "dco": 190,
          "txt": "racially"
        },
        {
          "si": 2,
          "sti": 16,
          "dti": 34,
          "sco": 81,
          "dco": 199,
          "txt": "integrated"
        },
        {
          "si": 2,
          "sti": 17,
          "dti": 35,
          "sco": 92,
          "dco": 210,
          "txt": "development"
        },
        {
          "si": 2,
          "sti": 18,
          "dti": 36,
          "sco": 104,
          "dco": 222,
          "txt": "in"
        },
        {
          "si": 2,
          "sti": 19,
          "dti": 37,
          "sco": 107,
          "dco": 225,
          "txt": "Philadelphia"
        },
        {
          "si": 2,
          "sti": 20,
          "dti": 38,
          "sco": 120,
          "dco": 238,
          "txt": "and"
        },
        {
          "si": 2,
          "sti": 21,
          "dti": 39,
          "sco": 124,
          "dco": 242,
          "txt": "among"
        },
        {
          "si": 2,
          "sti": 22,
          "dti": 40,
          "sco": 130,
          "dco": 248,
          "txt": "the"
        },
        {
          "si": 2,
          "sti": 23,
          "dti": 41,
          "sco": 134,
          "dco": 252,
          "txt": "first"
        },
        {
          "si": 2,
          "sti": 24,
          "dti": 42,
          "sco": 140,
          "dco": 258,
          "txt": "in"
        },
        {
          "si": 2,
          "sti": 25,
          "dti": 43,
          "sco": 143,
          "dco": 261,
          "txt": "the"
        },
        {
          "si": 2,
          "sti": 26,
          "dti": 44,
          "sco": 147,
          "dco": 265,
          "txt": "United"
        },
        {
          "si": 2,
          "sti": 27,
          "dti": 45,
          "sco": 154,
          "dco": 272,
          "txt": "States"
        },
        {
          "si": 2,
          "sti": 28,
          "dti": 46,
          "sco": 160,
          "dco": 278,
          "txt": "."
        },
        {
          "si": 3,
          "sti": 0,
          "dti": 47,
          "sco": 0,
          "dco": 280,
          "txt": "The"
        },
        {
          "si": 3,
          "sti": 1,
          "dti": 48,
          "sco": 4,
          "dco": 284,
          "txt": "developer"
        },
        {
          "si": 3,
          "sti": 2,
          "dti": 49,
          "sco": 13,
          "dco": 293,
          "txt": ","
        },
        {
          "si": 3,
          "sti": 3,
          "dti": 50,
          "sco": 15,
          "dco": 295,
          "txt": "Morris"
        },
        {
          "si": 3,
          "sti": 4,
          "dti": 51,
          "sco": 22,
          "dco": 302,
          "txt": "Milgram"
        },
        {
          "si": 3,
          "sti": 5,
          "dti": 52,
          "sco": 29,
          "dco": 309,
          "txt": ","
        },
        {
          "si": 3,
          "sti": 6,
          "dti": 53,
          "sco": 31,
          "dco": 311,
          "txt": "a"
        },
        {
          "si": 3,
          "sti": 7,
          "dti": 54,
          "sco": 33,
          "dco": 313,
          "txt": "leader"
        },
        {
          "si": 3,
          "sti": 8,
          "dti": 55,
          "sco": 40,
          "dco": 320,
          "txt": "of"
        },
        {
          "si": 3,
          "sti": 9,
          "dti": 56,
          "sco": 43,
          "dco": 323,
          "txt": "the"
        },
        {
          "si": 3,
          "sti": 10,
          "dti": 57,
          "sco": 47,
          "dco": 327,
          "txt": "open"
        },
        {
          "si": 3,
          "sti": 11,
          "dti": 58,
          "sco": 52,
          "dco": 332,
          "txt": "housing"
        },
        {
          "si": 3,
          "sti": 12,
          "dti": 59,
          "sco": 60,
          "dco": 340,
          "txt": "movement"
        },
        {
          "si": 3,
          "sti": 13,
          "dti": 60,
          "sco": 68,
          "dco": 348,
          "txt": ","
        },
        {
          "si": 3,
          "sti": 14,
          "dti": 61,
          "sco": 70,
          "dco": 350,
          "txt": "required"
        },
        {
          "si": 3,
          "sti": 15,
          "dti": 62,
          "sco": 79,
          "dco": 359,
          "txt": "that"
        },
        {
          "si": 3,
          "sti": 16,
          "dti": 63,
          "sco": 84,
          "dco": 364,
          "txt": "55"
        },
        {
          "si": 3,
          "sti": 17,
          "dti": 64,
          "sco": 87,
          "dco": 367,
          "txt": "percent"
        },
        {
          "si": 3,
          "sti": 18,
          "dti": 65,
          "sco": 95,
          "dco": 375,
          "txt": "of"
        },
        {
          "si": 3,
          "sti": 19,
          "dti": 66,
          "sco": 98,
          "dco": 378,
          "txt": "the"
        },
        {
          "si": 3,
          "sti": 20,
          "dti": 67,
          "sco": 102,
          "dco": 382,
          "txt": "homes"
        },
        {
          "si": 3,
          "sti": 21,
          "dti": 68,
          "sco": 108,
          "dco": 388,
          "txt": "be"
        },
        {
          "si": 3,
          "sti": 22,
          "dti": 69,
          "sco": 111,
          "dco": 391,
          "txt": "sold"
        },
        {
          "si": 3,
          "sti": 23,
          "dti": 70,
          "sco": 116,
          "dco": 396,
          "txt": "to"
        },
        {
          "si": 3,
          "sti": 24,
          "dti": 71,
          "sco": 119,
          "dco": 399,
          "txt": "whites"
        },
        {
          "si": 3,
          "sti": 25,
          "dti": 72,
          "sco": 125,
          "dco": 405,
          "txt": ","
        },
        {
          "si": 3,
          "sti": 26,
          "dti": 73,
          "sco": 127,
          "dco": 407,
          "txt": "and"
        },
        {
          "si": 3,
          "sti": 27,
          "dti": 74,
          "sco": 131,
          "dco": 411,
          "txt": "45"
        },
        {
          "si": 3,
          "sti": 28,
          "dti": 75,
          "sco": 134,
          "dco": 414,
          "txt": "percent"
        },
        {
          "si": 3,
          "sti": 29,
          "dti": 76,
          "sco": 142,
          "dco": 422,
          "txt": "to"
        },
        {
          "si": 3,
          "sti": 30,
          "dti": 77,
          "sco": 145,
          "dco": 425,
          "txt": "non"
        },
        {
          "si": 3,
          "sti": 31,
          "dti": 78,
          "sco": 148,
          "dco": 428,
          "txt": "-"
        },
        {
          "si": 3,
          "sti": 32,
          "dti": 79,
          "sco": 149,
          "dco": 429,
          "txt": "whites"
        },
        {
          "si": 3,
          "sti": 33,
          "dti": 80,
          "sco": 155,
          "dco": 435,
          "txt": "."
        },
        {
          "si": 4,
          "sti": 0,
          "dti": 81,
          "sco": 0,
          "dco": 437,
          "txt": "The"
        },
        {
          "si": 4,
          "sti": 1,
          "dti": 82,
          "sco": 4,
          "dco": 441,
          "txt": "first"
        },
        {
          "si": 4,
          "sti": 2,
          "dti": 83,
          "sco": 10,
          "dco": 447,
          "txt": "house"
        },
        {
          "si": 4,
          "sti": 3,
          "dti": 84,
          "sco": 16,
          "dco": 453,
          "txt": "sold"
        },
        {
          "si": 4,
          "sti": 4,
          "dti": 85,
          "sco": 21,
          "dco": 458,
          "txt": "in"
        },
        {
          "si": 4,
          "sti": 5,
          "dti": 86,
          "sco": 24,
          "dco": 461,
          "txt": "1956"
        },
        {
          "si": 4,
          "sti": 6,
          "dti": 87,
          "sco": 29,
          "dco": 466,
          "txt": "for"
        },
        {
          "si": 4,
          "sti": 7,
          "dti": 88,
          "sco": 33,
          "dco": 470,
          "txt": "$"
        },
        {
          "si": 4,
          "sti": 8,
          "dti": 89,
          "sco": 34,
          "dco": 471,
          "txt": "20"
        },
        {
          "si": 4,
          "sti": 9,
          "dti": 90,
          "sco": 36,
          "dco": 473,
          "txt": ","
        },
        {
          "si": 4,
          "sti": 10,
          "dti": 91,
          "sco": 37,
          "dco": 474,
          "txt": "000"
        },
        {
          "si": 4,
          "sti": 11,
          "dti": 92,
          "sco": 40,
          "dco": 477,
          "txt": "."
        },
        {
          "si": 5,
          "sti": 0,
          "dti": 93,
          "sco": 0,
          "dco": 479,
          "txt": "The"
        },
        {
          "si": 5,
          "sti": 1,
          "dti": 94,
          "sco": 4,
          "dco": 483,
          "txt": "isolated"
        },
        {
          "si": 5,
          "sti": 2,
          "dti": 95,
          "sco": 13,
          "dco": 492,
          "txt": "little"
        },
        {
          "si": 5,
          "sti": 3,
          "dti": 96,
          "sco": 20,
          "dco": 499,
          "txt": "neighborhood"
        },
        {
          "si": 5,
          "sti": 4,
          "dti": 97,
          "sco": 33,
          "dco": 512,
          "txt": "included"
        },
        {
          "si": 5,
          "sti": 5,
          "dti": 98,
          "sco": 42,
          "dco": 521,
          "txt": "its"
        },
        {
          "si": 5,
          "sti": 6,
          "dti": 99,
          "sco": 46,
          "dco": 525,
          "txt": "own"
        },
        {
          "si": 5,
          "sti": 7,
          "dti": 100,
          "sco": 50,
          "dco": 529,
          "txt": "swimming"
        },
        {
          "si": 5,
          "sti": 8,
          "dti": 101,
          "sco": 59,
          "dco": 538,
          "txt": "pool"
        },
        {
          "si": 5,
          "sti": 9,
          "dti": 102,
          "sco": 63,
          "dco": 542,
          "txt": ","
        },
        {
          "si": 5,
          "sti": 10,
          "dti": 103,
          "sco": 65,
          "dco": 544,
          "txt": "which"
        },
        {
          "si": 5,
          "sti": 11,
          "dti": 104,
          "sco": 71,
          "dco": 550,
          "txt": "was"
        },
        {
          "si": 5,
          "sti": 12,
          "dti": 105,
          "sco": 75,
          "dco": 554,
          "txt": "filled"
        },
        {
          "si": 5,
          "sti": 13,
          "dti": 106,
          "sco": 82,
          "dco": 561,
          "txt": "in"
        },
        {
          "si": 5,
          "sti": 14,
          "dti": 107,
          "sco": 85,
          "dco": 564,
          "txt": "circa"
        },
        {
          "si": 5,
          "sti": 15,
          "dti": 108,
          "sco": 91,
          "dco": 570,
          "txt": "1985"
        },
        {
          "si": 5,
          "sti": 16,
          "dti": 109,
          "sco": 95,
          "dco": 574,
          "txt": ","
        },
        {
          "si": 5,
          "sti": 17,
          "dti": 110,
          "sco": 97,
          "dco": 576,
          "txt": "leaving"
        },
        {
          "si": 5,
          "sti": 18,
          "dti": 111,
          "sco": 105,
          "dco": 584,
          "txt": "no"
        },
        {
          "si": 5,
          "sti": 19,
          "dti": 112,
          "sco": 108,
          "dco": 587,
          "txt": "trace"
        },
        {
          "si": 5,
          "sti": 20,
          "dti": 113,
          "sco": 114,
          "dco": 593,
          "txt": "above"
        },
        {
          "si": 5,
          "sti": 21,
          "dti": 114,
          "sco": 120,
          "dco": 599,
          "txt": "ground"
        },
        {
          "si": 5,
          "sti": 22,
          "dti": 115,
          "sco": 126,
          "dco": 605,
          "txt": "."
        },
        {
          "si": 6,
          "sti": 0,
          "dti": 116,
          "sco": 0,
          "dco": 607,
          "txt": "Design"
        },
        {
          "si": 6,
          "sti": 1,
          "dti": 117,
          "sco": 6,
          "dco": 613,
          "txt": "."
        },
        {
          "si": 7,
          "sti": 0,
          "dti": 118,
          "sco": 0,
          "dco": 615,
          "txt": "Eighteen"
        },
        {
          "si": 7,
          "sti": 1,
          "dti": 119,
          "sco": 9,
          "dco": 624,
          "txt": "("
        },
        {
          "si": 7,
          "sti": 2,
          "dti": 120,
          "sco": 10,
          "dco": 625,
          "txt": "originally"
        },
        {
          "si": 7,
          "sti": 3,
          "dti": 121,
          "sco": 21,
          "dco": 636,
          "txt": "nineteen"
        },
        {
          "si": 7,
          "sti": 4,
          "dti": 122,
          "sco": 29,
          "dco": 644,
          "txt": ")"
        },
        {
          "si": 7,
          "sti": 5,
          "dti": 123,
          "sco": 31,
          "dco": 646,
          "txt": "one"
        },
        {
          "si": 7,
          "sti": 6,
          "dti": 124,
          "sco": 34,
          "dco": 649,
          "txt": "-"
        },
        {
          "si": 7,
          "sti": 7,
          "dti": 125,
          "sco": 35,
          "dco": 650,
          "txt": "story"
        },
        {
          "si": 7,
          "sti": 8,
          "dti": 126,
          "sco": 41,
          "dco": 656,
          "txt": "single"
        },
        {
          "si": 7,
          "sti": 9,
          "dti": 127,
          "sco": 47,
          "dco": 662,
          "txt": "-"
        },
        {
          "si": 7,
          "sti": 10,
          "dti": 128,
          "sco": 48,
          "dco": 663,
          "txt": "family"
        },
        {
          "si": 7,
          "sti": 11,
          "dti": 129,
          "sco": 55,
          "dco": 670,
          "txt": "homes"
        },
        {
          "si": 7,
          "sti": 12,
          "dti": 130,
          "sco": 61,
          "dco": 676,
          "txt": "are"
        },
        {
          "si": 7,
          "sti": 13,
          "dti": 131,
          "sco": 65,
          "dco": 680,
          "txt": "arranged"
        },
        {
          "si": 7,
          "sti": 14,
          "dti": 132,
          "sco": 74,
          "dco": 689,
          "txt": "in"
        },
        {
          "si": 7,
          "sti": 15,
          "dti": 133,
          "sco": 77,
          "dco": 692,
          "txt": "a"
        },
        {
          "si": 7,
          "sti": 16,
          "dti": 134,
          "sco": 79,
          "dco": 694,
          "txt": "heavily"
        },
        {
          "si": 7,
          "sti": 17,
          "dti": 135,
          "sco": 87,
          "dco": 702,
          "txt": "wooded"
        },
        {
          "si": 7,
          "sti": 18,
          "dti": 136,
          "sco": 94,
          "dco": 709,
          "txt": "cul"
        },
        {
          "si": 7,
          "sti": 19,
          "dti": 137,
          "sco": 98,
          "dco": 713,
          "txt": "de"
        },
        {
          "si": 7,
          "sti": 20,
          "dti": 138,
          "sco": 101,
          "dco": 716,
          "txt": "sac"
        },
        {
          "si": 7,
          "sti": 21,
          "dti": 139,
          "sco": 105,
          "dco": 720,
          "txt": "on"
        },
        {
          "si": 7,
          "sti": 22,
          "dti": 140,
          "sco": 108,
          "dco": 723,
          "txt": "Longford"
        },
        {
          "si": 7,
          "sti": 23,
          "dti": 141,
          "sco": 117,
          "dco": 732,
          "txt": "Street"
        },
        {
          "si": 7,
          "sti": 24,
          "dti": 142,
          "sco": 124,
          "dco": 739,
          "txt": "off"
        },
        {
          "si": 7,
          "sti": 25,
          "dti": 143,
          "sco": 128,
          "dco": 743,
          "txt": "Holme"
        },
        {
          "si": 7,
          "sti": 26,
          "dti": 144,
          "sco": 134,
          "dco": 749,
          "txt": "Avenue"
        },
        {
          "si": 7,
          "sti": 27,
          "dti": 145,
          "sco": 140,
          "dco": 755,
          "txt": ","
        },
        {
          "si": 7,
          "sti": 28,
          "dti": 146,
          "sco": 142,
          "dco": 757,
          "txt": "surrounded"
        },
        {
          "si": 7,
          "sti": 29,
          "dti": 147,
          "sco": 153,
          "dco": 768,
          "txt": "on"
        },
        {
          "si": 7,
          "sti": 30,
          "dti": 148,
          "sco": 156,
          "dco": 771,
          "txt": "three"
        },
        {
          "si": 7,
          "sti": 31,
          "dti": 149,
          "sco": 162,
          "dco": 777,
          "txt": "sides"
        },
        {
          "si": 7,
          "sti": 32,
          "dti": 150,
          "sco": 168,
          "dco": 783,
          "txt": "by"
        },
        {
          "si": 7,
          "sti": 33,
          "dti": 151,
          "sco": 171,
          "dco": 786,
          "txt": "Pennypack"
        },
        {
          "si": 7,
          "sti": 34,
          "dti": 152,
          "sco": 181,
          "dco": 796,
          "txt": "Park"
        },
        {
          "si": 7,
          "sti": 35,
          "dti": 153,
          "sco": 185,
          "dco": 800,
          "txt": "."
        },
        {
          "si": 8,
          "sti": 0,
          "dti": 154,
          "sco": 0,
          "dco": 802,
          "txt": "The"
        },
        {
          "si": 8,
          "sti": 1,
          "dti": 155,
          "sco": 4,
          "dco": 806,
          "txt": "simple"
        },
        {
          "si": 8,
          "sti": 2,
          "dti": 156,
          "sco": 11,
          "dco": 813,
          "txt": "wood"
        },
        {
          "si": 8,
          "sti": 3,
          "dti": 157,
          "sco": 15,
          "dco": 817,
          "txt": "-"
        },
        {
          "si": 8,
          "sti": 4,
          "dti": 158,
          "sco": 16,
          "dco": 818,
          "txt": "frame"
        },
        {
          "si": 8,
          "sti": 5,
          "dti": 159,
          "sco": 22,
          "dco": 824,
          "txt": "homes"
        },
        {
          "si": 8,
          "sti": 6,
          "dti": 160,
          "sco": 28,
          "dco": 830,
          "txt": "were"
        },
        {
          "si": 8,
          "sti": 7,
          "dti": 161,
          "sco": 33,
          "dco": 835,
          "txt": "designed"
        },
        {
          "si": 8,
          "sti": 8,
          "dti": 162,
          "sco": 42,
          "dco": 844,
          "txt": "in"
        },
        {
          "si": 8,
          "sti": 9,
          "dti": 163,
          "sco": 45,
          "dco": 847,
          "txt": "a"
        },
        {
          "si": 8,
          "sti": 10,
          "dti": 164,
          "sco": 47,
          "dco": 849,
          "txt": "Modernist"
        },
        {
          "si": 8,
          "sti": 11,
          "dti": 165,
          "sco": 57,
          "dco": 859,
          "txt": "style"
        },
        {
          "si": 8,
          "sti": 12,
          "dti": 166,
          "sco": 63,
          "dco": 865,
          "txt": "by"
        },
        {
          "si": 8,
          "sti": 13,
          "dti": 167,
          "sco": 66,
          "dco": 868,
          "txt": "the"
        },
        {
          "si": 8,
          "sti": 14,
          "dti": 168,
          "sco": 70,
          "dco": 872,
          "txt": "architectural"
        },
        {
          "si": 8,
          "sti": 15,
          "dti": 169,
          "sco": 84,
          "dco": 886,
          "txt": "firm"
        },
        {
          "si": 8,
          "sti": 16,
          "dti": 170,
          "sco": 89,
          "dco": 891,
          "txt": "of"
        },
        {
          "si": 8,
          "sti": 17,
          "dti": 171,
          "sco": 92,
          "dco": 894,
          "txt": "Montgomery"
        },
        {
          "si": 8,
          "sti": 18,
          "dti": 172,
          "sco": 103,
          "dco": 905,
          "txt": "&"
        },
        {
          "si": 8,
          "sti": 19,
          "dti": 173,
          "sco": 105,
          "dco": 907,
          "txt": "Bishop"
        },
        {
          "si": 8,
          "sti": 20,
          "dti": 174,
          "sco": 112,
          "dco": 914,
          "txt": "in"
        },
        {
          "si": 8,
          "sti": 21,
          "dti": 175,
          "sco": 115,
          "dco": 917,
          "txt": "consultation"
        },
        {
          "si": 8,
          "sti": 22,
          "dti": 176,
          "sco": 128,
          "dco": 930,
          "txt": "with"
        },
        {
          "si": 8,
          "sti": 23,
          "dti": 177,
          "sco": 133,
          "dco": 935,
          "txt": "architects"
        },
        {
          "si": 8,
          "sti": 24,
          "dti": 178,
          "sco": 144,
          "dco": 946,
          "txt": "Louis"
        },
        {
          "si": 8,
          "sti": 25,
          "dti": 179,
          "sco": 150,
          "dco": 952,
          "txt": "Kahn"
        },
        {
          "si": 8,
          "sti": 26,
          "dti": 180,
          "sco": 155,
          "dco": 957,
          "txt": "and"
        },
        {
          "si": 8,
          "sti": 27,
          "dti": 181,
          "sco": 159,
          "dco": 961,
          "txt": "Harry"
        },
        {
          "si": 8,
          "sti": 28,
          "dti": 182,
          "sco": 165,
          "dco": 967,
          "txt": "Duncan"
        },
        {
          "si": 8,
          "sti": 29,
          "dti": 183,
          "sco": 172,
          "dco": 974,
          "txt": "and"
        },
        {
          "si": 8,
          "sti": 30,
          "dti": 184,
          "sco": 176,
          "dco": 978,
          "txt": "landscape"
        },
        {
          "si": 8,
          "sti": 31,
          "dti": 185,
          "sco": 186,
          "dco": 988,
          "txt": "architect"
        },
        {
          "si": 8,
          "sti": 32,
          "dti": 186,
          "sco": 196,
          "dco": 998,
          "txt": "Margaret"
        },
        {
          "si": 8,
          "sti": 33,
          "dti": 187,
          "sco": 205,
          "dco": 1007,
          "txt": "Lancaster"
        },
        {
          "si": 8,
          "sti": 34,
          "dti": 188,
          "sco": 215,
          "dco": 1017,
          "txt": "Duncan"
        },
        {
          "si": 8,
          "sti": 35,
          "dti": 189,
          "sco": 221,
          "dco": 1023,
          "txt": "."
        },
        {
          "si": 9,
          "sti": 0,
          "dti": 190,
          "sco": 0,
          "dco": 1025,
          "txt": "Greenbelt"
        },
        {
          "si": 9,
          "sti": 1,
          "dti": 191,
          "sco": 10,
          "dco": 1035,
          "txt": "Knoll"
        },
        {
          "si": 9,
          "sti": 2,
          "dti": 192,
          "sco": 16,
          "dco": 1041,
          "txt": "won"
        },
        {
          "si": 9,
          "sti": 3,
          "dti": 193,
          "sco": 20,
          "dco": 1045,
          "txt": "several"
        },
        {
          "si": 9,
          "sti": 4,
          "dti": 194,
          "sco": 28,
          "dco": 1053,
          "txt": "awards"
        },
        {
          "si": 9,
          "sti": 5,
          "dti": 195,
          "sco": 35,
          "dco": 1060,
          "txt": "for"
        },
        {
          "si": 9,
          "sti": 6,
          "dti": 196,
          "sco": 39,
          "dco": 1064,
          "txt": "design"
        },
        {
          "si": 9,
          "sti": 7,
          "dti": 197,
          "sco": 46,
          "dco": 1071,
          "txt": "excellence"
        },
        {
          "si": 9,
          "sti": 8,
          "dti": 198,
          "sco": 56,
          "dco": 1081,
          "txt": "."
        },
        {
          "si": 10,
          "sti": 0,
          "dti": 199,
          "sco": 0,
          "dco": 1083,
          "txt": "For"
        },
        {
          "si": 10,
          "sti": 1,
          "dti": 200,
          "sco": 4,
          "dco": 1087,
          "txt": "example"
        },
        {
          "si": 10,
          "sti": 2,
          "dti": 201,
          "sco": 11,
          "dco": 1094,
          "txt": ","
        },
        {
          "si": 10,
          "sti": 3,
          "dti": 202,
          "sco": 13,
          "dco": 1096,
          "txt": "the"
        },
        {
          "si": 10,
          "sti": 4,
          "dti": 203,
          "sco": 17,
          "dco": 1100,
          "txt": "American"
        },
        {
          "si": 10,
          "sti": 5,
          "dti": 204,
          "sco": 26,
          "dco": 1109,
          "txt": "Institute"
        },
        {
          "si": 10,
          "sti": 6,
          "dti": 205,
          "sco": 36,
          "dco": 1119,
          "txt": "of"
        },
        {
          "si": 10,
          "sti": 7,
          "dti": 206,
          "sco": 39,
          "dco": 1122,
          "txt": "Architects"
        },
        {
          "si": 10,
          "sti": 8,
          "dti": 207,
          "sco": 49,
          "dco": 1132,
          "txt": ","
        },
        {
          "si": 10,
          "sti": 9,
          "dti": 208,
          "sco": 51,
          "dco": 1134,
          "txt": "\""
        },
        {
          "si": 10,
          "sti": 10,
          "dti": 209,
          "sco": 52,
          "dco": 1135,
          "txt": "House"
        },
        {
          "si": 10,
          "sti": 11,
          "dti": 210,
          "sco": 58,
          "dco": 1141,
          "txt": "and"
        },
        {
          "si": 10,
          "sti": 12,
          "dti": 211,
          "sco": 62,
          "dco": 1145,
          "txt": "Home"
        },
        {
          "si": 10,
          "sti": 13,
          "dti": 212,
          "sco": 66,
          "dco": 1149,
          "txt": "\""
        },
        {
          "si": 10,
          "sti": 14,
          "dti": 213,
          "sco": 67,
          "dco": 1150,
          "txt": ","
        },
        {
          "si": 10,
          "sti": 15,
          "dti": 214,
          "sco": 69,
          "dco": 1152,
          "txt": "\""
        },
        {
          "si": 10,
          "sti": 16,
          "dti": 215,
          "sco": 70,
          "dco": 1153,
          "txt": "Better"
        },
        {
          "si": 10,
          "sti": 17,
          "dti": 216,
          "sco": 77,
          "dco": 1160,
          "txt": "Homes"
        },
        {
          "si": 10,
          "sti": 18,
          "dti": 217,
          "sco": 83,
          "dco": 1166,
          "txt": "and"
        },
        {
          "si": 10,
          "sti": 19,
          "dti": 218,
          "sco": 87,
          "dco": 1170,
          "txt": "Gardens"
        },
        {
          "si": 10,
          "sti": 20,
          "dti": 219,
          "sco": 94,
          "dco": 1177,
          "txt": "\""
        },
        {
          "si": 10,
          "sti": 21,
          "dti": 220,
          "sco": 95,
          "dco": 1178,
          "txt": ","
        },
        {
          "si": 10,
          "sti": 22,
          "dti": 221,
          "sco": 97,
          "dco": 1180,
          "txt": "and"
        },
        {
          "si": 10,
          "sti": 23,
          "dti": 222,
          "sco": 101,
          "dco": 1184,
          "txt": "the"
        },
        {
          "si": 10,
          "sti": 24,
          "dti": 223,
          "sco": 105,
          "dco": 1188,
          "txt": "National"
        },
        {
          "si": 10,
          "sti": 25,
          "dti": 224,
          "sco": 114,
          "dco": 1197,
          "txt": "Broadcasting"
        },
        {
          "si": 10,
          "sti": 26,
          "dti": 225,
          "sco": 127,
          "dco": 1210,
          "txt": "Corporation"
        },
        {
          "si": 10,
          "sti": 27,
          "dti": 226,
          "sco": 139,
          "dco": 1222,
          "txt": "bestowed"
        },
        {
          "si": 10,
          "sti": 28,
          "dti": 227,
          "sco": 148,
          "dco": 1231,
          "txt": "its"
        },
        {
          "si": 10,
          "sti": 29,
          "dti": 228,
          "sco": 152,
          "dco": 1235,
          "txt": "Homes"
        },
        {
          "si": 10,
          "sti": 30,
          "dti": 229,
          "sco": 158,
          "dco": 1241,
          "txt": "for"
        },
        {
          "si": 10,
          "sti": 31,
          "dti": 230,
          "sco": 162,
          "dco": 1245,
          "txt": "Better"
        },
        {
          "si": 10,
          "sti": 32,
          "dti": 231,
          "sco": 169,
          "dco": 1252,
          "txt": "Living"
        },
        {
          "si": 10,
          "sti": 33,
          "dti": 232,
          "sco": 176,
          "dco": 1259,
          "txt": "award"
        },
        {
          "si": 10,
          "sti": 34,
          "dti": 233,
          "sco": 182,
          "dco": 1265,
          "txt": "on"
        },
        {
          "si": 10,
          "sti": 35,
          "dti": 234,
          "sco": 185,
          "dco": 1268,
          "txt": "the"
        },
        {
          "si": 10,
          "sti": 36,
          "dti": 235,
          "sco": 189,
          "dco": 1272,
          "txt": "development"
        },
        {
          "si": 10,
          "sti": 37,
          "dti": 236,
          "sco": 200,
          "dco": 1283,
          "txt": "."
        },
        {
          "si": 11,
          "sti": 0,
          "dti": 237,
          "sco": 0,
          "dco": 1285,
          "txt": "Also"
        },
        {
          "si": 11,
          "sti": 1,
          "dti": 238,
          "sco": 4,
          "dco": 1289,
          "txt": ","
        },
        {
          "si": 11,
          "sti": 2,
          "dti": 239,
          "sco": 6,
          "dco": 1291,
          "txt": "Philadelphia"
        },
        {
          "si": 11,
          "sti": 3,
          "dti": 240,
          "sco": 19,
          "dco": 1304,
          "txt": "Mayor"
        },
        {
          "si": 11,
          "sti": 4,
          "dti": 241,
          "sco": 25,
          "dco": 1310,
          "txt": "Richardson"
        },
        {
          "si": 11,
          "sti": 5,
          "dti": 242,
          "sco": 36,
          "dco": 1321,
          "txt": "Dilworth"
        },
        {
          "si": 11,
          "sti": 6,
          "dti": 243,
          "sco": 44,
          "dco": 1329,
          "txt": ","
        },
        {
          "si": 11,
          "sti": 7,
          "dti": 244,
          "sco": 46,
          "dco": 1331,
          "txt": "an"
        },
        {
          "si": 11,
          "sti": 8,
          "dti": 245,
          "sco": 49,
          "dco": 1334,
          "txt": "ardent"
        },
        {
          "si": 11,
          "sti": 9,
          "dti": 246,
          "sco": 56,
          "dco": 1341,
          "txt": "advocate"
        },
        {
          "si": 11,
          "sti": 10,
          "dti": 247,
          "sco": 65,
          "dco": 1350,
          "txt": "of"
        },
        {
          "si": 11,
          "sti": 11,
          "dti": 248,
          "sco": 68,
          "dco": 1353,
          "txt": "exceptional"
        },
        {
          "si": 11,
          "sti": 12,
          "dti": 249,
          "sco": 80,
          "dco": 1365,
          "txt": "planning"
        },
        {
          "si": 11,
          "sti": 13,
          "dti": 250,
          "sco": 89,
          "dco": 1374,
          "txt": "and"
        },
        {
          "si": 11,
          "sti": 14,
          "dti": 251,
          "sco": 93,
          "dco": 1378,
          "txt": "design"
        },
        {
          "si": 11,
          "sti": 15,
          "dti": 252,
          "sco": 99,
          "dco": 1384,
          "txt": ","
        },
        {
          "si": 11,
          "sti": 16,
          "dti": 253,
          "sco": 101,
          "dco": 1386,
          "txt": "conferred"
        },
        {
          "si": 11,
          "sti": 17,
          "dti": 254,
          "sco": 111,
          "dco": 1396,
          "txt": "a"
        },
        {
          "si": 11,
          "sti": 18,
          "dti": 255,
          "sco": 113,
          "dco": 1398,
          "txt": "City"
        },
        {
          "si": 11,
          "sti": 19,
          "dti": 256,
          "sco": 118,
          "dco": 1403,
          "txt": "of"
        },
        {
          "si": 11,
          "sti": 20,
          "dti": 257,
          "sco": 121,
          "dco": 1406,
          "txt": "Philadelphia"
        },
        {
          "si": 11,
          "sti": 21,
          "dti": 258,
          "sco": 134,
          "dco": 1419,
          "txt": "Tribute"
        },
        {
          "si": 11,
          "sti": 22,
          "dti": 259,
          "sco": 142,
          "dco": 1427,
          "txt": "on"
        },
        {
          "si": 11,
          "sti": 23,
          "dti": 260,
          "sco": 145,
          "dco": 1430,
          "txt": "Montgomery"
        },
        {
          "si": 11,
          "sti": 24,
          "dti": 261,
          "sco": 156,
          "dco": 1441,
          "txt": "&"
        },
        {
          "si": 11,
          "sti": 25,
          "dti": 262,
          "sco": 158,
          "dco": 1443,
          "txt": "Bishop"
        },
        {
          "si": 11,
          "sti": 26,
          "dti": 263,
          "sco": 164,
          "dco": 1449,
          "txt": ";"
        },
        {
          "si": 11,
          "sti": 27,
          "dti": 264,
          "sco": 166,
          "dco": 1451,
          "txt": "he"
        },
        {
          "si": 11,
          "sti": 28,
          "dti": 265,
          "sco": 169,
          "dco": 1454,
          "txt": "gave"
        },
        {
          "si": 11,
          "sti": 29,
          "dti": 266,
          "sco": 174,
          "dco": 1459,
          "txt": "the"
        },
        {
          "si": 11,
          "sti": 30,
          "dti": 267,
          "sco": 178,
          "dco": 1463,
          "txt": "tribute"
        },
        {
          "si": 11,
          "sti": 31,
          "dti": 268,
          "sco": 186,
          "dco": 1471,
          "txt": "\""
        },
        {
          "si": 11,
          "sti": 32,
          "dti": 269,
          "sco": 187,
          "dco": 1472,
          "txt": "for"
        },
        {
          "si": 11,
          "sti": 33,
          "dti": 270,
          "sco": 191,
          "dco": 1476,
          "txt": "the"
        },
        {
          "si": 11,
          "sti": 34,
          "dti": 271,
          "sco": 195,
          "dco": 1480,
          "txt": "design"
        },
        {
          "si": 11,
          "sti": 35,
          "dti": 272,
          "sco": 202,
          "dco": 1487,
          "txt": "of"
        },
        {
          "si": 11,
          "sti": 36,
          "dti": 273,
          "sco": 205,
          "dco": 1490,
          "txt": "Greenbelt"
        },
        {
          "si": 11,
          "sti": 37,
          "dti": 274,
          "sco": 215,
          "dco": 1500,
          "txt": "Knoll"
        },
        {
          "si": 11,
          "sti": 38,
          "dti": 275,
          "sco": 221,
          "dco": 1506,
          "txt": "Homes"
        },
        {
          "si": 11,
          "sti": 39,
          "dti": 276,
          "sco": 226,
          "dco": 1511,
          "txt": ","
        },
        {
          "si": 11,
          "sti": 40,
          "dti": 277,
          "sco": 228,
          "dco": 1513,
          "txt": "which"
        },
        {
          "si": 11,
          "sti": 41,
          "dti": 278,
          "sco": 233,
          "dco": 1518,
          "txt": "."
        },
        {
          "si": 11,
          "sti": 42,
          "dti": 279,
          "sco": 234,
          "dco": 1519,
          "txt": "."
        },
        {
          "si": 11,
          "sti": 43,
          "dti": 280,
          "sco": 235,
          "dco": 1520,
          "txt": "."
        },
        {
          "si": 11,
          "sti": 44,
          "dti": 281,
          "sco": 237,
          "dco": 1522,
          "txt": "brought"
        },
        {
          "si": 11,
          "sti": 45,
          "dti": 282,
          "sco": 245,
          "dco": 1530,
          "txt": "new"
        },
        {
          "si": 11,
          "sti": 46,
          "dti": 283,
          "sco": 249,
          "dco": 1534,
          "txt": "standards"
        },
        {
          "si": 11,
          "sti": 47,
          "dti": 284,
          "sco": 259,
          "dco": 1544,
          "txt": "of"
        },
        {
          "si": 11,
          "sti": 48,
          "dti": 285,
          "sco": 262,
          "dco": 1547,
          "txt": "contemporary"
        },
        {
          "si": 11,
          "sti": 49,
          "dti": 286,
          "sco": 275,
          "dco": 1560,
          "txt": "residential"
        },
        {
          "si": 11,
          "sti": 50,
          "dti": 287,
          "sco": 287,
          "dco": 1572,
          "txt": "architecture"
        },
        {
          "si": 11,
          "sti": 51,
          "dti": 288,
          "sco": 300,
          "dco": 1585,
          "txt": "to"
        },
        {
          "si": 11,
          "sti": 52,
          "dti": 289,
          "sco": 303,
          "dco": 1588,
          "txt": "Philadelphia"
        },
        {
          "si": 11,
          "sti": 53,
          "dti": 290,
          "sco": 315,
          "dco": 1600,
          "txt": "."
        },
        {
          "si": 11,
          "sti": 54,
          "dti": 291,
          "sco": 316,
          "dco": 1601,
          "txt": "\""
        },
        {
          "si": 12,
          "sti": 0,
          "dti": 292,
          "sco": 0,
          "dco": 1603,
          "txt": "Notable"
        },
        {
          "si": 12,
          "sti": 1,
          "dti": 293,
          "sco": 8,
          "dco": 1611,
          "txt": "residents"
        },
        {
          "si": 12,
          "sti": 2,
          "dti": 294,
          "sco": 17,
          "dco": 1620,
          "txt": "."
        },
        {
          "si": 13,
          "sti": 0,
          "dti": 295,
          "sco": 0,
          "dco": 1622,
          "txt": "The"
        },
        {
          "si": 13,
          "sti": 1,
          "dti": 296,
          "sco": 4,
          "dco": 1626,
          "txt": "original"
        },
        {
          "si": 13,
          "sti": 2,
          "dti": 297,
          "sco": 13,
          "dco": 1635,
          "txt": "residents"
        },
        {
          "si": 13,
          "sti": 3,
          "dti": 298,
          "sco": 23,
          "dco": 1645,
          "txt": "included"
        },
        {
          "si": 13,
          "sti": 4,
          "dti": 299,
          "sco": 32,
          "dco": 1654,
          "txt": "Milgram"
        },
        {
          "si": 13,
          "sti": 5,
          "dti": 300,
          "sco": 40,
          "dco": 1662,
          "txt": "himself"
        },
        {
          "si": 13,
          "sti": 6,
          "dti": 301,
          "sco": 47,
          "dco": 1669,
          "txt": ";"
        },
        {
          "si": 13,
          "sti": 7,
          "dti": 302,
          "sco": 49,
          "dco": 1671,
          "txt": "Robert"
        },
        {
          "si": 13,
          "sti": 8,
          "dti": 303,
          "sco": 56,
          "dco": 1678,
          "txt": "N"
        },
        {
          "si": 13,
          "sti": 9,
          "dti": 304,
          "sco": 57,
          "dco": 1679,
          "txt": "."
        },
        {
          "si": 13,
          "sti": 10,
          "dti": 305,
          "sco": 58,
          "dco": 1680,
          "txt": "C"
        },
        {
          "si": 13,
          "sti": 11,
          "dti": 306,
          "sco": 59,
          "dco": 1681,
          "txt": "."
        },
        {
          "si": 14,
          "sti": 0,
          "dti": 307,
          "sco": 0,
          "dco": 1683,
          "txt": "Nix"
        },
        {
          "si": 14,
          "sti": 1,
          "dti": 308,
          "sco": 3,
          "dco": 1686,
          "txt": ","
        },
        {
          "si": 14,
          "sti": 2,
          "dti": 309,
          "sco": 5,
          "dco": 1688,
          "txt": "Sr"
        },
        {
          "si": 14,
          "sti": 3,
          "dti": 310,
          "sco": 7,
          "dco": 1690,
          "txt": "."
        },
        {
          "si": 14,
          "sti": 4,
          "dti": 311,
          "sco": 8,
          "dco": 1691,
          "txt": ","
        },
        {
          "si": 14,
          "sti": 5,
          "dti": 312,
          "sco": 10,
          "dco": 1693,
          "txt": "the"
        },
        {
          "si": 14,
          "sti": 6,
          "dti": 313,
          "sco": 14,
          "dco": 1697,
          "txt": "first"
        },
        {
          "si": 14,
          "sti": 7,
          "dti": 314,
          "sco": 20,
          "dco": 1703,
          "txt": "African"
        },
        {
          "si": 14,
          "sti": 8,
          "dti": 315,
          "sco": 28,
          "dco": 1711,
          "txt": "American"
        },
        {
          "si": 14,
          "sti": 9,
          "dti": 316,
          "sco": 37,
          "dco": 1720,
          "txt": "to"
        },
        {
          "si": 14,
          "sti": 10,
          "dti": 317,
          "sco": 40,
          "dco": 1723,
          "txt": "represent"
        },
        {
          "si": 14,
          "sti": 11,
          "dti": 318,
          "sco": 50,
          "dco": 1733,
          "txt": "Pennsylvania"
        },
        {
          "si": 14,
          "sti": 12,
          "dti": 319,
          "sco": 63,
          "dco": 1746,
          "txt": "in"
        },
        {
          "si": 14,
          "sti": 13,
          "dti": 320,
          "sco": 66,
          "dco": 1749,
          "txt": "Congress"
        },
        {
          "si": 14,
          "sti": 14,
          "dti": 321,
          "sco": 74,
          "dco": 1757,
          "txt": ";"
        },
        {
          "si": 14,
          "sti": 15,
          "dti": 322,
          "sco": 76,
          "dco": 1759,
          "txt": "Pulitzer"
        },
        {
          "si": 14,
          "sti": 16,
          "dti": 323,
          "sco": 85,
          "dco": 1768,
          "txt": "Prize"
        },
        {
          "si": 14,
          "sti": 17,
          "dti": 324,
          "sco": 90,
          "dco": 1773,
          "txt": "–"
        },
        {
          "si": 14,
          "sti": 18,
          "dti": 325,
          "sco": 91,
          "dco": 1774,
          "txt": "winning"
        },
        {
          "si": 14,
          "sti": 19,
          "dti": 326,
          "sco": 99,
          "dco": 1782,
          "txt": "African"
        },
        {
          "si": 14,
          "sti": 20,
          "dti": 327,
          "sco": 106,
          "dco": 1789,
          "txt": "-"
        },
        {
          "si": 14,
          "sti": 21,
          "dti": 328,
          "sco": 107,
          "dco": 1790,
          "txt": "American"
        },
        {
          "si": 14,
          "sti": 22,
          "dti": 329,
          "sco": 116,
          "dco": 1799,
          "txt": "playwright"
        },
        {
          "si": 14,
          "sti": 23,
          "dti": 330,
          "sco": 127,
          "dco": 1810,
          "txt": "Charles"
        },
        {
          "si": 14,
          "sti": 24,
          "dti": 331,
          "sco": 135,
          "dco": 1818,
          "txt": "Fuller"
        },
        {
          "si": 14,
          "sti": 25,
          "dti": 332,
          "sco": 141,
          "dco": 1824,
          "txt": ","
        },
        {
          "si": 14,
          "sti": 26,
          "dti": 333,
          "sco": 143,
          "dco": 1826,
          "txt": "who"
        },
        {
          "si": 14,
          "sti": 27,
          "dti": 334,
          "sco": 147,
          "dco": 1830,
          "txt": "grew"
        },
        {
          "si": 14,
          "sti": 28,
          "dti": 335,
          "sco": 152,
          "dco": 1835,
          "txt": "up"
        },
        {
          "si": 14,
          "sti": 29,
          "dti": 336,
          "sco": 155,
          "dco": 1838,
          "txt": "here"
        },
        {
          "si": 14,
          "sti": 30,
          "dti": 337,
          "sco": 159,
          "dco": 1842,
          "txt": ";"
        },
        {
          "si": 14,
          "sti": 31,
          "dti": 338,
          "sco": 161,
          "dco": 1844,
          "txt": "the"
        },
        {
          "si": 14,
          "sti": 32,
          "dti": 339,
          "sco": 165,
          "dco": 1848,
          "txt": "Rev"
        },
        {
          "si": 14,
          "sti": 33,
          "dti": 340,
          "sco": 168,
          "dco": 1851,
          "txt": "."
        },
        {
          "si": 15,
          "sti": 0,
          "dti": 341,
          "sco": 0,
          "dco": 1853,
          "txt": "Leon"
        },
        {
          "si": 15,
          "sti": 1,
          "dti": 342,
          "sco": 5,
          "dco": 1858,
          "txt": "Sullivan"
        },
        {
          "si": 15,
          "sti": 2,
          "dti": 343,
          "sco": 13,
          "dco": 1866,
          "txt": ","
        },
        {
          "si": 15,
          "sti": 3,
          "dti": 344,
          "sco": 15,
          "dco": 1868,
          "txt": "the"
        },
        {
          "si": 15,
          "sti": 4,
          "dti": 345,
          "sco": 19,
          "dco": 1872,
          "txt": "civil"
        },
        {
          "si": 15,
          "sti": 5,
          "dti": 346,
          "sco": 25,
          "dco": 1878,
          "txt": "rights"
        },
        {
          "si": 15,
          "sti": 6,
          "dti": 347,
          "sco": 32,
          "dco": 1885,
          "txt": "activist"
        },
        {
          "si": 15,
          "sti": 7,
          "dti": 348,
          "sco": 40,
          "dco": 1893,
          "txt": ","
        },
        {
          "si": 15,
          "sti": 8,
          "dti": 349,
          "sco": 42,
          "dco": 1895,
          "txt": "who"
        },
        {
          "si": 15,
          "sti": 9,
          "dti": 350,
          "sco": 46,
          "dco": 1899,
          "txt": "developed"
        },
        {
          "si": 15,
          "sti": 10,
          "dti": 351,
          "sco": 56,
          "dco": 1909,
          "txt": "the"
        },
        {
          "si": 15,
          "sti": 11,
          "dti": 352,
          "sco": 60,
          "dco": 1913,
          "txt": "Sullivan"
        },
        {
          "si": 15,
          "sti": 12,
          "dti": 353,
          "sco": 69,
          "dco": 1922,
          "txt": "Principles"
        },
        {
          "si": 15,
          "sti": 13,
          "dti": 354,
          "sco": 80,
          "dco": 1933,
          "txt": "and"
        },
        {
          "si": 15,
          "sti": 14,
          "dti": 355,
          "sco": 84,
          "dco": 1937,
          "txt": "hastened"
        },
        {
          "si": 15,
          "sti": 15,
          "dti": 356,
          "sco": 93,
          "dco": 1946,
          "txt": "the"
        },
        {
          "si": 15,
          "sti": 16,
          "dti": 357,
          "sco": 97,
          "dco": 1950,
          "txt": "end"
        },
        {
          "si": 15,
          "sti": 17,
          "dti": 358,
          "sco": 101,
          "dco": 1954,
          "txt": "of"
        },
        {
          "si": 15,
          "sti": 18,
          "dti": 359,
          "sco": 104,
          "dco": 1957,
          "txt": "apartheid"
        },
        {
          "si": 15,
          "sti": 19,
          "dti": 360,
          "sco": 114,
          "dco": 1967,
          "txt": "in"
        },
        {
          "si": 15,
          "sti": 20,
          "dti": 361,
          "sco": 117,
          "dco": 1970,
          "txt": "South"
        },
        {
          "si": 15,
          "sti": 21,
          "dti": 362,
          "sco": 123,
          "dco": 1976,
          "txt": "Africa"
        },
        {
          "si": 15,
          "sti": 22,
          "dti": 363,
          "sco": 129,
          "dco": 1982,
          "txt": ";"
        },
        {
          "si": 15,
          "sti": 23,
          "dti": 364,
          "sco": 131,
          "dco": 1984,
          "txt": "and"
        },
        {
          "si": 15,
          "sti": 24,
          "dti": 365,
          "sco": 135,
          "dco": 1988,
          "txt": "Fire"
        },
        {
          "si": 15,
          "sti": 25,
          "dti": 366,
          "sco": 140,
          "dco": 1993,
          "txt": "Captain"
        },
        {
          "si": 15,
          "sti": 26,
          "dti": 367,
          "sco": 148,
          "dco": 2001,
          "txt": "Roosevelt"
        },
        {
          "si": 15,
          "sti": 27,
          "dti": 368,
          "sco": 158,
          "dco": 2011,
          "txt": "Barlow"
        },
        {
          "si": 15,
          "sti": 28,
          "dti": 369,
          "sco": 164,
          "dco": 2017,
          "txt": ","
        },
        {
          "si": 15,
          "sti": 29,
          "dti": 370,
          "sco": 166,
          "dco": 2019,
          "txt": "a"
        },
        {
          "si": 15,
          "sti": 30,
          "dti": 371,
          "sco": 168,
          "dco": 2021,
          "txt": "civil"
        },
        {
          "si": 15,
          "sti": 31,
          "dti": 372,
          "sco": 174,
          "dco": 2027,
          "txt": "rights"
        },
        {
          "si": 15,
          "sti": 32,
          "dti": 373,
          "sco": 181,
          "dco": 2034,
          "txt": "activist"
        },
        {
          "si": 15,
          "sti": 33,
          "dti": 374,
          "sco": 190,
          "dco": 2043,
          "txt": "who"
        },
        {
          "si": 15,
          "sti": 34,
          "dti": 375,
          "sco": 194,
          "dco": 2047,
          "txt": "was"
        },
        {
          "si": 15,
          "sti": 35,
          "dti": 376,
          "sco": 198,
          "dco": 2051,
          "txt": "one"
        },
        {
          "si": 15,
          "sti": 36,
          "dti": 377,
          "sco": 202,
          "dco": 2055,
          "txt": "of"
        },
        {
          "si": 15,
          "sti": 37,
          "dti": 378,
          "sco": 205,
          "dco": 2058,
          "txt": "a"
        },
        {
          "si": 15,
          "sti": 38,
          "dti": 379,
          "sco": 207,
          "dco": 2060,
          "txt": "group"
        },
        {
          "si": 15,
          "sti": 39,
          "dti": 380,
          "sco": 213,
          "dco": 2066,
          "txt": "of"
        },
        {
          "si": 15,
          "sti": 40,
          "dti": 381,
          "sco": 216,
          "dco": 2069,
          "txt": "African"
        },
        {
          "si": 15,
          "sti": 41,
          "dti": 382,
          "sco": 223,
          "dco": 2076,
          "txt": "-"
        },
        {
          "si": 15,
          "sti": 42,
          "dti": 383,
          "sco": 224,
          "dco": 2077,
          "txt": "American"
        },
        {
          "si": 15,
          "sti": 43,
          "dti": 384,
          "sco": 233,
          "dco": 2086,
          "txt": "firefighters"
        },
        {
          "si": 15,
          "sti": 44,
          "dti": 385,
          "sco": 246,
          "dco": 2099,
          "txt": "to"
        },
        {
          "si": 15,
          "sti": 45,
          "dti": 386,
          "sco": 249,
          "dco": 2102,
          "txt": "integrate"
        },
        {
          "si": 15,
          "sti": 46,
          "dti": 387,
          "sco": 259,
          "dco": 2112,
          "txt": "the"
        },
        {
          "si": 15,
          "sti": 47,
          "dti": 388,
          "sco": 263,
          "dco": 2116,
          "txt": "Philadelphia"
        },
        {
          "si": 15,
          "sti": 48,
          "dti": 389,
          "sco": 276,
          "dco": 2129,
          "txt": "Fire"
        },
        {
          "si": 15,
          "sti": 49,
          "dti": 390,
          "sco": 281,
          "dco": 2134,
          "txt": "Department"
        },
        {
          "si": 15,
          "sti": 50,
          "dti": 391,
          "sco": 291,
          "dco": 2144,
          "txt": "."
        },
        {
          "si": 16,
          "sti": 0,
          "dti": 392,
          "sco": 0,
          "dco": 2146,
          "txt": "Historic"
        },
        {
          "si": 16,
          "sti": 1,
          "dti": 393,
          "sco": 9,
          "dco": 2155,
          "txt": "designation"
        },
        {
          "si": 16,
          "sti": 2,
          "dti": 394,
          "sco": 20,
          "dco": 2166,
          "txt": "."
        },
        {
          "si": 17,
          "sti": 0,
          "dti": 395,
          "sco": 0,
          "dco": 2168,
          "txt": "Greenbelt"
        },
        {
          "si": 17,
          "sti": 1,
          "dti": 396,
          "sco": 10,
          "dco": 2178,
          "txt": "Knoll"
        },
        {
          "si": 17,
          "sti": 2,
          "dti": 397,
          "sco": 16,
          "dco": 2184,
          "txt": "was"
        },
        {
          "si": 17,
          "sti": 3,
          "dti": 398,
          "sco": 20,
          "dco": 2188,
          "txt": "listed"
        },
        {
          "si": 17,
          "sti": 4,
          "dti": 399,
          "sco": 27,
          "dco": 2195,
          "txt": "as"
        },
        {
          "si": 17,
          "sti": 5,
          "dti": 400,
          "sco": 30,
          "dco": 2198,
          "txt": "a"
        },
        {
          "si": 17,
          "sti": 6,
          "dti": 401,
          "sco": 32,
          "dco": 2200,
          "txt": "historic"
        },
        {
          "si": 17,
          "sti": 7,
          "dti": 402,
          "sco": 41,
          "dco": 2209,
          "txt": "district"
        },
        {
          "si": 17,
          "sti": 8,
          "dti": 403,
          "sco": 50,
          "dco": 2218,
          "txt": "on"
        },
        {
          "si": 17,
          "sti": 9,
          "dti": 404,
          "sco": 53,
          "dco": 2221,
          "txt": "the"
        },
        {
          "si": 17,
          "sti": 10,
          "dti": 405,
          "sco": 57,
          "dco": 2225,
          "txt": "Philadelphia"
        },
        {
          "si": 17,
          "sti": 11,
          "dti": 406,
          "sco": 70,
          "dco": 2238,
          "txt": "Register"
        },
        {
          "si": 17,
          "sti": 12,
          "dti": 407,
          "sco": 79,
          "dco": 2247,
          "txt": "of"
        },
        {
          "si": 17,
          "sti": 13,
          "dti": 408,
          "sco": 82,
          "dco": 2250,
          "txt": "Historic"
        },
        {
          "si": 17,
          "sti": 14,
          "dti": 409,
          "sco": 91,
          "dco": 2259,
          "txt": "Places"
        },
        {
          "si": 17,
          "sti": 15,
          "dti": 410,
          "sco": 98,
          "dco": 2266,
          "txt": "in"
        },
        {
          "si": 17,
          "sti": 16,
          "dti": 411,
          "sco": 101,
          "dco": 2269,
          "txt": "2006"
        },
        {
          "si": 17,
          "sti": 17,
          "dti": 412,
          "sco": 106,
          "dco": 2274,
          "txt": "and"
        },
        {
          "si": 17,
          "sti": 18,
          "dti": 413,
          "sco": 110,
          "dco": 2278,
          "txt": "in"
        },
        {
          "si": 17,
          "sti": 19,
          "dti": 414,
          "sco": 113,
          "dco": 2281,
          "txt": "the"
        },
        {
          "si": 17,
          "sti": 20,
          "dti": 415,
          "sco": 117,
          "dco": 2285,
          "txt": "National"
        },
        {
          "si": 17,
          "sti": 21,
          "dti": 416,
          "sco": 126,
          "dco": 2294,
          "txt": "Register"
        },
        {
          "si": 17,
          "sti": 22,
          "dti": 417,
          "sco": 135,
          "dco": 2303,
          "txt": "of"
        },
        {
          "si": 17,
          "sti": 23,
          "dti": 418,
          "sco": 138,
          "dco": 2306,
          "txt": "Historic"
        },
        {
          "si": 17,
          "sti": 24,
          "dti": 419,
          "sco": 147,
          "dco": 2315,
          "txt": "Places"
        },
        {
          "si": 17,
          "sti": 25,
          "dti": 420,
          "sco": 154,
          "dco": 2322,
          "txt": "in"
        },
        {
          "si": 17,
          "sti": 26,
          "dti": 421,
          "sco": 157,
          "dco": 2325,
          "txt": "2010"
        },
        {
          "si": 17,
          "sti": 27,
          "dti": 422,
          "sco": 161,
          "dco": 2329,
          "txt": "."
        },
        {
          "si": 18,
          "sti": 0,
          "dti": 423,
          "sco": 0,
          "dco": 2331,
          "txt": "The"
        },
        {
          "si": 18,
          "sti": 1,
          "dti": 424,
          "sco": 4,
          "dco": 2335,
          "txt": "site"
        },
        {
          "si": 18,
          "sti": 2,
          "dti": 425,
          "sco": 9,
          "dco": 2340,
          "txt": "is"
        },
        {
          "si": 18,
          "sti": 3,
          "dti": 426,
          "sco": 12,
          "dco": 2343,
          "txt": "marked"
        },
        {
          "si": 18,
          "sti": 4,
          "dti": 427,
          "sco": 19,
          "dco": 2350,
          "txt": "with"
        },
        {
          "si": 18,
          "sti": 5,
          "dti": 428,
          "sco": 24,
          "dco": 2355,
          "txt": "a"
        },
        {
          "si": 18,
          "sti": 6,
          "dti": 429,
          "sco": 26,
          "dco": 2357,
          "txt": "plaque"
        },
        {
          "si": 18,
          "sti": 7,
          "dti": 430,
          "sco": 33,
          "dco": 2364,
          "txt": "placed"
        },
        {
          "si": 18,
          "sti": 8,
          "dti": 431,
          "sco": 40,
          "dco": 2371,
          "txt": "by"
        },
        {
          "si": 18,
          "sti": 9,
          "dti": 432,
          "sco": 43,
          "dco": 2374,
          "txt": "the"
        },
        {
          "si": 18,
          "sti": 10,
          "dti": 433,
          "sco": 47,
          "dco": 2378,
          "txt": "Pennsylvania"
        },
        {
          "si": 18,
          "sti": 11,
          "dti": 434,
          "sco": 60,
          "dco": 2391,
          "txt": "Historical"
        },
        {
          "si": 18,
          "sti": 12,
          "dti": 435,
          "sco": 71,
          "dco": 2402,
          "txt": "and"
        },
        {
          "si": 18,
          "sti": 13,
          "dti": 436,
          "sco": 75,
          "dco": 2406,
          "txt": "Museum"
        },
        {
          "si": 18,
          "sti": 14,
          "dti": 437,
          "sco": 82,
          "dco": 2413,
          "txt": "Commission"
        },
        {
          "si": 18,
          "sti": 15,
          "dti": 438,
          "sco": 92,
          "dco": 2423,
          "txt": "."
        },
        {
          "si": 19,
          "sti": 0,
          "dti": 439,
          "sco": 0,
          "dco": 2425,
          "txt": "Seventeen"
        },
        {
          "si": 19,
          "sti": 1,
          "dti": 440,
          "sco": 10,
          "dco": 2435,
          "txt": "of"
        },
        {
          "si": 19,
          "sti": 2,
          "dti": 441,
          "sco": 13,
          "dco": 2438,
          "txt": "the"
        },
        {
          "si": 19,
          "sti": 3,
          "dti": 442,
          "sco": 17,
          "dco": 2442,
          "txt": "existing"
        },
        {
          "si": 19,
          "sti": 4,
          "dti": 443,
          "sco": 26,
          "dco": 2451,
          "txt": "homes"
        },
        {
          "si": 19,
          "sti": 5,
          "dti": 444,
          "sco": 32,
          "dco": 2457,
          "txt": "are"
        },
        {
          "si": 19,
          "sti": 6,
          "dti": 445,
          "sco": 36,
          "dco": 2461,
          "txt": "considered"
        },
        {
          "si": 19,
          "sti": 7,
          "dti": 446,
          "sco": 47,
          "dco": 2472,
          "txt": "contributing"
        },
        {
          "si": 19,
          "sti": 8,
          "dti": 447,
          "sco": 60,
          "dco": 2485,
          "txt": "properties"
        },
        {
          "si": 19,
          "sti": 9,
          "dti": 448,
          "sco": 70,
          "dco": 2495,
          "txt": ";"
        },
        {
          "si": 19,
          "sti": 10,
          "dti": 449,
          "sco": 72,
          "dco": 2497,
          "txt": "one"
        },
        {
          "si": 19,
          "sti": 11,
          "dti": 450,
          "sco": 76,
          "dco": 2501,
          "txt": "home"
        },
        {
          "si": 19,
          "sti": 12,
          "dti": 451,
          "sco": 81,
          "dco": 2506,
          "txt": "was"
        },
        {
          "si": 19,
          "sti": 13,
          "dti": 452,
          "sco": 85,
          "dco": 2510,
          "txt": "completely"
        },
        {
          "si": 19,
          "sti": 14,
          "dti": 453,
          "sco": 96,
          "dco": 2521,
          "txt": "rebuilt"
        },
        {
          "si": 19,
          "sti": 15,
          "dti": 454,
          "sco": 104,
          "dco": 2529,
          "txt": "following"
        },
        {
          "si": 19,
          "sti": 16,
          "dti": 455,
          "sco": 114,
          "dco": 2539,
          "txt": "a"
        },
        {
          "si": 19,
          "sti": 17,
          "dti": 456,
          "sco": 116,
          "dco": 2541,
          "txt": "c"
        },
        {
          "si": 19,
          "sti": 18,
          "dti": 457,
          "sco": 117,
          "dco": 2542,
          "txt": "."
        },
        {
          "si": 19,
          "sti": 19,
          "dti": 458,
          "sco": 119,
          "dco": 2544,
          "txt": "1980"
        },
        {
          "si": 19,
          "sti": 20,
          "dti": 459,
          "sco": 124,
          "dco": 2549,
          "txt": "fire"
        },
        {
          "si": 19,
          "sti": 21,
          "dti": 460,
          "sco": 129,
          "dco": 2554,
          "txt": "and"
        },
        {
          "si": 19,
          "sti": 22,
          "dti": 461,
          "sco": 133,
          "dco": 2558,
          "txt": "is"
        },
        {
          "si": 19,
          "sti": 23,
          "dti": 462,
          "sco": 136,
          "dco": 2561,
          "txt": "considered"
        },
        {
          "si": 19,
          "sti": 24,
          "dti": 463,
          "sco": 147,
          "dco": 2572,
          "txt": "non"
        },
        {
          "si": 19,
          "sti": 25,
          "dti": 464,
          "sco": 150,
          "dco": 2575,
          "txt": "-"
        },
        {
          "si": 19,
          "sti": 26,
          "dti": 465,
          "sco": 151,
          "dco": 2576,
          "txt": "contributing"
        },
        {
          "si": 19,
          "sti": 27,
          "dti": 466,
          "sco": 163,
          "dco": 2588,
          "txt": "."
        },
        {
          "si": 20,
          "sti": 0,
          "dti": 467,
          "sco": 0,
          "dco": 2590,
          "txt": "An"
        },
        {
          "si": 20,
          "sti": 1,
          "dti": 468,
          "sco": 3,
          "dco": 2593,
          "txt": "additional"
        },
        {
          "si": 20,
          "sti": 2,
          "dti": 469,
          "sco": 14,
          "dco": 2604,
          "txt": "lot"
        },
        {
          "si": 20,
          "sti": 3,
          "dti": 470,
          "sco": 18,
          "dco": 2608,
          "txt": "("
        },
        {
          "si": 20,
          "sti": 4,
          "dti": 471,
          "sco": 19,
          "dco": 2609,
          "txt": "#"
        },
        {
          "si": 20,
          "sti": 5,
          "dti": 472,
          "sco": 20,
          "dco": 2610,
          "txt": "17"
        },
        {
          "si": 20,
          "sti": 6,
          "dti": 473,
          "sco": 22,
          "dco": 2612,
          "txt": ")"
        },
        {
          "si": 20,
          "sti": 7,
          "dti": 474,
          "sco": 24,
          "dco": 2614,
          "txt": "is"
        },
        {
          "si": 20,
          "sti": 8,
          "dti": 475,
          "sco": 27,
          "dco": 2617,
          "txt": "now"
        },
        {
          "si": 20,
          "sti": 9,
          "dti": 476,
          "sco": 31,
          "dco": 2621,
          "txt": "open"
        },
        {
          "si": 20,
          "sti": 10,
          "dti": 477,
          "sco": 35,
          "dco": 2625,
          "txt": "-"
        },
        {
          "si": 20,
          "sti": 11,
          "dti": 478,
          "sco": 36,
          "dco": 2626,
          "txt": "space"
        },
        {
          "si": 20,
          "sti": 12,
          "dti": 479,
          "sco": 41,
          "dco": 2631,
          "txt": ","
        },
        {
          "si": 20,
          "sti": 13,
          "dti": 480,
          "sco": 43,
          "dco": 2633,
          "txt": "as"
        },
        {
          "si": 20,
          "sti": 14,
          "dti": 481,
          "sco": 46,
          "dco": 2636,
          "txt": "the"
        },
        {
          "si": 20,
          "sti": 15,
          "dti": 482,
          "sco": 50,
          "dco": 2640,
          "txt": "house"
        },
        {
          "si": 20,
          "sti": 16,
          "dti": 483,
          "sco": 56,
          "dco": 2646,
          "txt": "was"
        },
        {
          "si": 20,
          "sti": 17,
          "dti": 484,
          "sco": 60,
          "dco": 2650,
          "txt": "demolished"
        },
        {
          "si": 20,
          "sti": 18,
          "dti": 485,
          "sco": 71,
          "dco": 2661,
          "txt": "1997"
        },
        {
          "si": 20,
          "sti": 19,
          "dti": 486,
          "sco": 75,
          "dco": 2665,
          "txt": "."
        },
        {
          "si": 21,
          "sti": 0,
          "dti": 487,
          "sco": 0,
          "dco": 2667,
          "txt": "Including"
        },
        {
          "si": 21,
          "sti": 1,
          "dti": 488,
          "sco": 10,
          "dco": 2677,
          "txt": "the"
        },
        {
          "si": 21,
          "sti": 2,
          "dti": 489,
          "sco": 14,
          "dco": 2681,
          "txt": "5"
        },
        {
          "si": 21,
          "sti": 3,
          "dti": 490,
          "sco": 16,
          "dco": 2683,
          "txt": "detached"
        },
        {
          "si": 21,
          "sti": 4,
          "dti": 491,
          "sco": 25,
          "dco": 2692,
          "txt": "garages"
        },
        {
          "si": 21,
          "sti": 5,
          "dti": 492,
          "sco": 32,
          "dco": 2699,
          "txt": ","
        },
        {
          "si": 21,
          "sti": 6,
          "dti": 493,
          "sco": 34,
          "dco": 2701,
          "txt": "a"
        },
        {
          "si": 21,
          "sti": 7,
          "dti": 494,
          "sco": 36,
          "dco": 2703,
          "txt": "studio"
        },
        {
          "si": 21,
          "sti": 8,
          "dti": 495,
          "sco": 42,
          "dco": 2709,
          "txt": ","
        },
        {
          "si": 21,
          "sti": 9,
          "dti": 496,
          "sco": 44,
          "dco": 2711,
          "txt": "and"
        },
        {
          "si": 21,
          "sti": 10,
          "dti": 497,
          "sco": 48,
          "dco": 2715,
          "txt": "the"
        },
        {
          "si": 21,
          "sti": 11,
          "dti": 498,
          "sco": 52,
          "dco": 2719,
          "txt": "2"
        },
        {
          "si": 21,
          "sti": 12,
          "dti": 499,
          "sco": 53,
          "dco": 2720,
          "txt": "-"
        },
        {
          "si": 21,
          "sti": 13,
          "dti": 500,
          "sco": 54,
          "dco": 2721,
          "txt": "acre"
        },
        {
          "si": 21,
          "sti": 14,
          "dti": 501,
          "sco": 59,
          "dco": 2726,
          "txt": "community"
        },
        {
          "si": 21,
          "sti": 15,
          "dti": 502,
          "sco": 69,
          "dco": 2736,
          "txt": "park"
        },
        {
          "si": 21,
          "sti": 16,
          "dti": 503,
          "sco": 74,
          "dco": 2741,
          "txt": "that"
        },
        {
          "si": 21,
          "sti": 17,
          "dti": 504,
          "sco": 79,
          "dco": 2746,
          "txt": "was"
        },
        {
          "si": 21,
          "sti": 18,
          "dti": 505,
          "sco": 83,
          "dco": 2750,
          "txt": "part"
        },
        {
          "si": 21,
          "sti": 19,
          "dti": 506,
          "sco": 88,
          "dco": 2755,
          "txt": "of"
        },
        {
          "si": 21,
          "sti": 20,
          "dti": 507,
          "sco": 91,
          "dco": 2758,
          "txt": "the"
        },
        {
          "si": 21,
          "sti": 21,
          "dti": 508,
          "sco": 95,
          "dco": 2762,
          "txt": "original"
        },
        {
          "si": 21,
          "sti": 22,
          "dti": 509,
          "sco": 104,
          "dco": 2771,
          "txt": "neighborhood"
        },
        {
          "si": 21,
          "sti": 23,
          "dti": 510,
          "sco": 117,
          "dco": 2784,
          "txt": "design"
        },
        {
          "si": 21,
          "sti": 24,
          "dti": 511,
          "sco": 123,
          "dco": 2790,
          "txt": ","
        },
        {
          "si": 21,
          "sti": 25,
          "dti": 512,
          "sco": 125,
          "dco": 2792,
          "txt": "there"
        },
        {
          "si": 21,
          "sti": 26,
          "dti": 513,
          "sco": 131,
          "dco": 2798,
          "txt": "are"
        },
        {
          "si": 21,
          "sti": 27,
          "dti": 514,
          "sco": 135,
          "dco": 2802,
          "txt": "26"
        },
        {
          "si": 21,
          "sti": 28,
          "dti": 515,
          "sco": 138,
          "dco": 2805,
          "txt": "resources"
        },
        {
          "si": 21,
          "sti": 29,
          "dti": 516,
          "sco": 147,
          "dco": 2814,
          "txt": ":"
        },
        {
          "si": 21,
          "sti": 30,
          "dti": 517,
          "sco": 149,
          "dco": 2816,
          "txt": "22"
        },
        {
          "si": 21,
          "sti": 31,
          "dti": 518,
          "sco": 152,
          "dco": 2819,
          "txt": "contributing"
        },
        {
          "si": 21,
          "sti": 32,
          "dti": 519,
          "sco": 165,
          "dco": 2832,
          "txt": "buildings"
        },
        {
          "si": 21,
          "sti": 33,
          "dti": 520,
          "sco": 175,
          "dco": 2842,
          "txt": "and"
        },
        {
          "si": 21,
          "sti": 34,
          "dti": 521,
          "sco": 179,
          "dco": 2846,
          "txt": "1"
        },
        {
          "si": 21,
          "sti": 35,
          "dti": 522,
          "sco": 181,
          "dco": 2848,
          "txt": "contributing"
        },
        {
          "si": 21,
          "sti": 36,
          "dti": 523,
          "sco": 194,
          "dco": 2861,
          "txt": "site"
        },
        {
          "si": 21,
          "sti": 37,
          "dti": 524,
          "sco": 199,
          "dco": 2866,
          "txt": "("
        },
        {
          "si": 21,
          "sti": 38,
          "dti": 525,
          "sco": 200,
          "dco": 2867,
          "txt": "park"
        },
        {
          "si": 21,
          "sti": 39,
          "dti": 526,
          "sco": 204,
          "dco": 2871,
          "txt": ")"
        },
        {
          "si": 21,
          "sti": 40,
          "dti": 527,
          "sco": 205,
          "dco": 2872,
          "txt": ","
        },
        {
          "si": 21,
          "sti": 41,
          "dti": 528,
          "sco": 207,
          "dco": 2874,
          "txt": "2"
        },
        {
          "si": 21,
          "sti": 42,
          "dti": 529,
          "sco": 209,
          "dco": 2876,
          "txt": "non"
        },
        {
          "si": 21,
          "sti": 43,
          "dti": 530,
          "sco": 212,
          "dco": 2879,
          "txt": "-"
        },
        {
          "si": 21,
          "sti": 44,
          "dti": 531,
          "sco": 213,
          "dco": 2880,
          "txt": "contributing"
        },
        {
          "si": 21,
          "sti": 45,
          "dti": 532,
          "sco": 226,
          "dco": 2893,
          "txt": "buildings"
        },
        {
          "si": 21,
          "sti": 46,
          "dti": 533,
          "sco": 236,
          "dco": 2903,
          "txt": "and"
        },
        {
          "si": 21,
          "sti": 47,
          "dti": 534,
          "sco": 240,
          "dco": 2907,
          "txt": "1"
        },
        {
          "si": 21,
          "sti": 48,
          "dti": 535,
          "sco": 242,
          "dco": 2909,
          "txt": "non"
        },
        {
          "si": 21,
          "sti": 49,
          "dti": 536,
          "sco": 245,
          "dco": 2912,
          "txt": "-"
        },
        {
          "si": 21,
          "sti": 50,
          "dti": 537,
          "sco": 246,
          "dco": 2913,
          "txt": "contributing"
        },
        {
          "si": 21,
          "sti": 51,
          "dti": 538,
          "sco": 259,
          "dco": 2926,
          "txt": "site"
        },
        {
          "si": 21,
          "sti": 52,
          "dti": 539,
          "sco": 264,
          "dco": 2931,
          "txt": "("
        },
        {
          "si": 21,
          "sti": 53,
          "dti": 540,
          "sco": 265,
          "dco": 2932,
          "txt": "Lot"
        },
        {
          "si": 21,
          "sti": 54,
          "dti": 541,
          "sco": 269,
          "dco": 2936,
          "txt": "#"
        },
        {
          "si": 21,
          "sti": 55,
          "dti": 542,
          "sco": 270,
          "dco": 2937,
          "txt": "17"
        },
        {
          "si": 21,
          "sti": 56,
          "dti": 543,
          "sco": 272,
          "dco": 2939,
          "txt": ")"
        },
        {
          "si": 21,
          "sti": 57,
          "dti": 544,
          "sco": 273,
          "dco": 2940,
          "txt": "."
        },
        {
          "si": 22,
          "sti": 0,
          "dti": 545,
          "sco": 0,
          "dco": 2942,
          "txt": "The"
        },
        {
          "si": 22,
          "sti": 1,
          "dti": 546,
          "sco": 4,
          "dco": 2946,
          "txt": "development"
        },
        {
          "si": 22,
          "sti": 2,
          "dti": 547,
          "sco": 16,
          "dco": 2958,
          "txt": "remains"
        },
        {
          "si": 22,
          "sti": 3,
          "dti": 548,
          "sco": 24,
          "dco": 2966,
          "txt": "heavily"
        },
        {
          "si": 22,
          "sti": 4,
          "dti": 549,
          "sco": 32,
          "dco": 2974,
          "txt": "wooded"
        },
        {
          "si": 22,
          "sti": 5,
          "dti": 550,
          "sco": 38,
          "dco": 2980,
          "txt": ","
        },
        {
          "si": 22,
          "sti": 6,
          "dti": 551,
          "sco": 40,
          "dco": 2982,
          "txt": "and"
        },
        {
          "si": 22,
          "sti": 7,
          "dti": 552,
          "sco": 44,
          "dco": 2986,
          "txt": "both"
        },
        {
          "si": 22,
          "sti": 8,
          "dti": 553,
          "sco": 49,
          "dco": 2991,
          "txt": "the"
        },
        {
          "si": 22,
          "sti": 9,
          "dti": 554,
          "sco": 53,
          "dco": 2995,
          "txt": "houses"
        },
        {
          "si": 22,
          "sti": 10,
          "dti": 555,
          "sco": 60,
          "dco": 3002,
          "txt": "and"
        },
        {
          "si": 22,
          "sti": 11,
          "dti": 556,
          "sco": 64,
          "dco": 3006,
          "txt": "landscape"
        },
        {
          "si": 22,
          "sti": 12,
          "dti": 557,
          "sco": 74,
          "dco": 3016,
          "txt": "retain"
        },
        {
          "si": 22,
          "sti": 13,
          "dti": 558,
          "sco": 81,
          "dco": 3023,
          "txt": "integrity"
        },
        {
          "si": 22,
          "sti": 14,
          "dti": 559,
          "sco": 90,
          "dco": 3032,
          "txt": "."
        }
      ]
    },
    "ganns": {
      "dla": [],
      "la": [],
      "ea": [],
      "eta": [
        {
          "ra": {
            "ea": {
              "etn": "Greenbelt_Knoll"
            }
          },
          "sfs": [
            [
              {
                "stn": "openingYear"
              },
              {}
            ]
          ],
          "mfs": [
            [
              {
                "stn": "architect"
              },
              {
                "dla": [],
                "la": [],
                "ea": [
                  {
                    "etn": "Montgomery_&_Bishop"
                  },
                  {
                    "etn": "Louis_Kahn"
                  },
                  {
                    "etn": "Harry_Duncan"
                  }
                ],
                "eta": []
              }
            ],
            [
              {
                "stn": "yearOfConstruction"
              },
              {
                "dla": [
                  {
                    "txt": {
                      "sff": "1952"
                    },
                    "et": {
                      "etn": "Year"
                    },
                    "dp": {
                      "off": 141
                    }
                  }
                ],
                "la": [],
                "ea": [],
                "eta": []
              }
            ],
            [
              {
                "stn": "architecturalStyle"
              },
              {
                "dla": [],
                "la": [],
                "ea": [
                  {
                    "etn": "Modern_architecture"
                  }
                ],
                "eta": []
              }
            ],
            [
              {
                "stn": "location"
              },
              {
                "dla": [],
                "la": [],
                "ea": [
                  {
                    "etn": "Pennypack_Park"
                  },
                  {
                    "etn": "Pennsylvania"
                  },
                  {
                    "etn": "Philadelphia"
                  }
                ],
                "eta": []
              }
            ]
          ]
        }
      ]
    }
  }
]
