[
  {
    "context": "TRAIN",
    "doc": {
      "id": "House_at_226_West_Penn_Street",
      "tl": [
        {
          "si": 0,
          "sti": 0,
          "dti": 0,
          "sco": 0,
          "dco": 0,
          "txt": "House"
        },
        {
          "si": 0,
          "sti": 1,
          "dti": 1,
          "sco": 6,
          "dco": 6,
          "txt": "at"
        },
        {
          "si": 0,
          "sti": 2,
          "dti": 2,
          "sco": 9,
          "dco": 9,
          "txt": "226"
        },
        {
          "si": 0,
          "sti": 3,
          "dti": 3,
          "sco": 13,
          "dco": 13,
          "txt": "West"
        },
        {
          "si": 0,
          "sti": 4,
          "dti": 4,
          "sco": 18,
          "dco": 18,
          "txt": "Penn"
        },
        {
          "si": 0,
          "sti": 5,
          "dti": 5,
          "sco": 23,
          "dco": 23,
          "txt": "Street"
        },
        {
          "si": 0,
          "sti": 6,
          "dti": 6,
          "sco": 29,
          "dco": 29,
          "txt": "."
        },
        {
          "si": 1,
          "sti": 0,
          "dti": 7,
          "sco": 0,
          "dco": 31,
          "txt": "House"
        },
        {
          "si": 1,
          "sti": 1,
          "dti": 8,
          "sco": 6,
          "dco": 37,
          "txt": "at"
        },
        {
          "si": 1,
          "sti": 2,
          "dti": 9,
          "sco": 9,
          "dco": 40,
          "txt": "226"
        },
        {
          "si": 1,
          "sti": 3,
          "dti": 10,
          "sco": 13,
          "dco": 44,
          "txt": "West"
        },
        {
          "si": 1,
          "sti": 4,
          "dti": 11,
          "sco": 18,
          "dco": 49,
          "txt": "Penn"
        },
        {
          "si": 1,
          "sti": 5,
          "dti": 12,
          "sco": 23,
          "dco": 54,
          "txt": "Street"
        },
        {
          "si": 1,
          "sti": 6,
          "dti": 13,
          "sco": 29,
          "dco": 60,
          "txt": ","
        },
        {
          "si": 1,
          "sti": 7,
          "dti": 14,
          "sco": 31,
          "dco": 62,
          "txt": "also"
        },
        {
          "si": 1,
          "sti": 8,
          "dti": 15,
          "sco": 36,
          "dco": 67,
          "txt": "known"
        },
        {
          "si": 1,
          "sti": 9,
          "dti": 16,
          "sco": 42,
          "dco": 73,
          "txt": "as"
        },
        {
          "si": 1,
          "sti": 10,
          "dti": 17,
          "sco": 45,
          "dco": 76,
          "txt": "Long"
        },
        {
          "si": 1,
          "sti": 11,
          "dti": 18,
          "sco": 50,
          "dco": 81,
          "txt": "Beach"
        },
        {
          "si": 1,
          "sti": 12,
          "dti": 19,
          "sco": 56,
          "dco": 87,
          "txt": "Historical"
        },
        {
          "si": 1,
          "sti": 13,
          "dti": 20,
          "sco": 67,
          "dco": 98,
          "txt": "Museum"
        },
        {
          "si": 1,
          "sti": 14,
          "dti": 21,
          "sco": 73,
          "dco": 104,
          "txt": ","
        },
        {
          "si": 1,
          "sti": 15,
          "dti": 22,
          "sco": 75,
          "dco": 106,
          "txt": "is"
        },
        {
          "si": 1,
          "sti": 16,
          "dti": 23,
          "sco": 78,
          "dco": 109,
          "txt": "a"
        },
        {
          "si": 1,
          "sti": 17,
          "dti": 24,
          "sco": 80,
          "dco": 111,
          "txt": "historic"
        },
        {
          "si": 1,
          "sti": 18,
          "dti": 25,
          "sco": 89,
          "dco": 120,
          "txt": "home"
        },
        {
          "si": 1,
          "sti": 19,
          "dti": 26,
          "sco": 94,
          "dco": 125,
          "txt": "located"
        },
        {
          "si": 1,
          "sti": 20,
          "dti": 27,
          "sco": 102,
          "dco": 133,
          "txt": "at"
        },
        {
          "si": 1,
          "sti": 21,
          "dti": 28,
          "sco": 105,
          "dco": 136,
          "txt": "Long"
        },
        {
          "si": 1,
          "sti": 22,
          "dti": 29,
          "sco": 110,
          "dco": 141,
          "txt": "Beach"
        },
        {
          "si": 1,
          "sti": 23,
          "dti": 30,
          "sco": 116,
          "dco": 147,
          "txt": "in"
        },
        {
          "si": 1,
          "sti": 24,
          "dti": 31,
          "sco": 119,
          "dco": 150,
          "txt": "Nassau"
        },
        {
          "si": 1,
          "sti": 25,
          "dti": 32,
          "sco": 126,
          "dco": 157,
          "txt": "County"
        },
        {
          "si": 1,
          "sti": 26,
          "dti": 33,
          "sco": 132,
          "dco": 163,
          "txt": ","
        },
        {
          "si": 1,
          "sti": 27,
          "dti": 34,
          "sco": 134,
          "dco": 165,
          "txt": "New"
        },
        {
          "si": 1,
          "sti": 28,
          "dti": 35,
          "sco": 138,
          "dco": 169,
          "txt": "York"
        },
        {
          "si": 1,
          "sti": 29,
          "dti": 36,
          "sco": 142,
          "dco": 173,
          "txt": "."
        },
        {
          "si": 2,
          "sti": 0,
          "dti": 37,
          "sco": 0,
          "dco": 175,
          "txt": "It"
        },
        {
          "si": 2,
          "sti": 1,
          "dti": 38,
          "sco": 3,
          "dco": 178,
          "txt": "was"
        },
        {
          "si": 2,
          "sti": 2,
          "dti": 39,
          "sco": 7,
          "dco": 182,
          "txt": "built"
        },
        {
          "si": 2,
          "sti": 3,
          "dti": 40,
          "sco": 13,
          "dco": 188,
          "txt": "in"
        },
        {
          "si": 2,
          "sti": 4,
          "dti": 41,
          "sco": 16,
          "dco": 191,
          "txt": "1909"
        },
        {
          "si": 2,
          "sti": 5,
          "dti": 42,
          "sco": 21,
          "dco": 196,
          "txt": "and"
        },
        {
          "si": 2,
          "sti": 6,
          "dti": 43,
          "sco": 25,
          "dco": 200,
          "txt": "is"
        },
        {
          "si": 2,
          "sti": 7,
          "dti": 44,
          "sco": 28,
          "dco": 203,
          "txt": "a"
        },
        {
          "si": 2,
          "sti": 8,
          "dti": 45,
          "sco": 30,
          "dco": 205,
          "txt": "two"
        },
        {
          "si": 2,
          "sti": 9,
          "dti": 46,
          "sco": 34,
          "dco": 209,
          "txt": "story"
        },
        {
          "si": 2,
          "sti": 10,
          "dti": 47,
          "sco": 39,
          "dco": 214,
          "txt": ","
        },
        {
          "si": 2,
          "sti": 11,
          "dti": 48,
          "sco": 41,
          "dco": 216,
          "txt": "American"
        },
        {
          "si": 2,
          "sti": 12,
          "dti": 49,
          "sco": 50,
          "dco": 225,
          "txt": "Craftsman"
        },
        {
          "si": 2,
          "sti": 13,
          "dti": 50,
          "sco": 60,
          "dco": 235,
          "txt": "/"
        },
        {
          "si": 2,
          "sti": 14,
          "dti": 51,
          "sco": 62,
          "dco": 237,
          "txt": "bungalow"
        },
        {
          "si": 2,
          "sti": 15,
          "dti": 52,
          "sco": 71,
          "dco": 246,
          "txt": "style"
        },
        {
          "si": 2,
          "sti": 16,
          "dti": 53,
          "sco": 77,
          "dco": 252,
          "txt": "residence"
        },
        {
          "si": 2,
          "sti": 17,
          "dti": 54,
          "sco": 87,
          "dco": 262,
          "txt": "with"
        },
        {
          "si": 2,
          "sti": 18,
          "dti": 55,
          "sco": 92,
          "dco": 267,
          "txt": "a"
        },
        {
          "si": 2,
          "sti": 19,
          "dti": 56,
          "sco": 94,
          "dco": 269,
          "txt": "stucco"
        },
        {
          "si": 2,
          "sti": 20,
          "dti": 57,
          "sco": 101,
          "dco": 276,
          "txt": "exterior"
        },
        {
          "si": 2,
          "sti": 21,
          "dti": 58,
          "sco": 110,
          "dco": 285,
          "txt": "and"
        },
        {
          "si": 2,
          "sti": 22,
          "dti": 59,
          "sco": 114,
          "dco": 289,
          "txt": "a"
        },
        {
          "si": 2,
          "sti": 23,
          "dti": 60,
          "sco": 116,
          "dco": 291,
          "txt": "clay"
        },
        {
          "si": 2,
          "sti": 24,
          "dti": 61,
          "sco": 121,
          "dco": 296,
          "txt": "tile"
        },
        {
          "si": 2,
          "sti": 25,
          "dti": 62,
          "sco": 126,
          "dco": 301,
          "txt": "hipped"
        },
        {
          "si": 2,
          "sti": 26,
          "dti": 63,
          "sco": 133,
          "dco": 308,
          "txt": "roof"
        },
        {
          "si": 2,
          "sti": 27,
          "dti": 64,
          "sco": 137,
          "dco": 312,
          "txt": "."
        },
        {
          "si": 3,
          "sti": 0,
          "dti": 65,
          "sco": 0,
          "dco": 314,
          "txt": "It"
        },
        {
          "si": 3,
          "sti": 1,
          "dti": 66,
          "sco": 3,
          "dco": 317,
          "txt": "features"
        },
        {
          "si": 3,
          "sti": 2,
          "dti": 67,
          "sco": 12,
          "dco": 326,
          "txt": "a"
        },
        {
          "si": 3,
          "sti": 3,
          "dti": 68,
          "sco": 14,
          "dco": 328,
          "txt": "large"
        },
        {
          "si": 3,
          "sti": 4,
          "dti": 69,
          "sco": 20,
          "dco": 334,
          "txt": "stucco"
        },
        {
          "si": 3,
          "sti": 5,
          "dti": 70,
          "sco": 27,
          "dco": 341,
          "txt": "colonnaded"
        },
        {
          "si": 3,
          "sti": 6,
          "dti": 71,
          "sco": 38,
          "dco": 352,
          "txt": "wraparound"
        },
        {
          "si": 3,
          "sti": 7,
          "dti": 72,
          "sco": 49,
          "dco": 363,
          "txt": "porch"
        },
        {
          "si": 3,
          "sti": 8,
          "dti": 73,
          "sco": 55,
          "dco": 369,
          "txt": "supported"
        },
        {
          "si": 3,
          "sti": 9,
          "dti": 74,
          "sco": 65,
          "dco": 379,
          "txt": "by"
        },
        {
          "si": 3,
          "sti": 10,
          "dti": 75,
          "sco": 68,
          "dco": 382,
          "txt": "eight"
        },
        {
          "si": 3,
          "sti": 11,
          "dti": 76,
          "sco": 74,
          "dco": 388,
          "txt": "thick"
        },
        {
          "si": 3,
          "sti": 12,
          "dti": 77,
          "sco": 80,
          "dco": 394,
          "txt": "columns"
        },
        {
          "si": 3,
          "sti": 13,
          "dti": 78,
          "sco": 87,
          "dco": 401,
          "txt": "."
        },
        {
          "si": 4,
          "sti": 0,
          "dti": 79,
          "sco": 0,
          "dco": 403,
          "txt": "Also"
        },
        {
          "si": 4,
          "sti": 1,
          "dti": 80,
          "sco": 5,
          "dco": 408,
          "txt": "on"
        },
        {
          "si": 4,
          "sti": 2,
          "dti": 81,
          "sco": 8,
          "dco": 411,
          "txt": "the"
        },
        {
          "si": 4,
          "sti": 3,
          "dti": 82,
          "sco": 12,
          "dco": 415,
          "txt": "property"
        },
        {
          "si": 4,
          "sti": 4,
          "dti": 83,
          "sco": 21,
          "dco": 424,
          "txt": "is"
        },
        {
          "si": 4,
          "sti": 5,
          "dti": 84,
          "sco": 24,
          "dco": 427,
          "txt": "a"
        },
        {
          "si": 4,
          "sti": 6,
          "dti": 85,
          "sco": 26,
          "dco": 429,
          "txt": "contributing"
        },
        {
          "si": 4,
          "sti": 7,
          "dti": 86,
          "sco": 39,
          "dco": 442,
          "txt": "early"
        },
        {
          "si": 4,
          "sti": 8,
          "dti": 87,
          "sco": 45,
          "dco": 448,
          "txt": "20"
        },
        {
          "si": 4,
          "sti": 9,
          "dti": 88,
          "sco": 47,
          "dco": 450,
          "txt": "th"
        },
        {
          "si": 4,
          "sti": 10,
          "dti": 89,
          "sco": 50,
          "dco": 453,
          "txt": "century"
        },
        {
          "si": 4,
          "sti": 11,
          "dti": 90,
          "sco": 58,
          "dco": 461,
          "txt": "garage"
        },
        {
          "si": 4,
          "sti": 12,
          "dti": 91,
          "sco": 64,
          "dco": 467,
          "txt": "."
        },
        {
          "si": 5,
          "sti": 0,
          "dti": 92,
          "sco": 0,
          "dco": 469,
          "txt": "It"
        },
        {
          "si": 5,
          "sti": 1,
          "dti": 93,
          "sco": 3,
          "dco": 472,
          "txt": "has"
        },
        {
          "si": 5,
          "sti": 2,
          "dti": 94,
          "sco": 7,
          "dco": 476,
          "txt": "housed"
        },
        {
          "si": 5,
          "sti": 3,
          "dti": 95,
          "sco": 14,
          "dco": 483,
          "txt": "the"
        },
        {
          "si": 5,
          "sti": 4,
          "dti": 96,
          "sco": 18,
          "dco": 487,
          "txt": "Long"
        },
        {
          "si": 5,
          "sti": 5,
          "dti": 97,
          "sco": 23,
          "dco": 492,
          "txt": "Beach"
        },
        {
          "si": 5,
          "sti": 6,
          "dti": 98,
          "sco": 29,
          "dco": 498,
          "txt": "Historical"
        },
        {
          "si": 5,
          "sti": 7,
          "dti": 99,
          "sco": 40,
          "dco": 509,
          "txt": "Museum"
        },
        {
          "si": 5,
          "sti": 8,
          "dti": 100,
          "sco": 47,
          "dco": 516,
          "txt": "since"
        },
        {
          "si": 5,
          "sti": 9,
          "dti": 101,
          "sco": 53,
          "dco": 522,
          "txt": "1997"
        },
        {
          "si": 5,
          "sti": 10,
          "dti": 102,
          "sco": 57,
          "dco": 526,
          "txt": "."
        },
        {
          "si": 6,
          "sti": 0,
          "dti": 103,
          "sco": 0,
          "dco": 528,
          "txt": "It"
        },
        {
          "si": 6,
          "sti": 1,
          "dti": 104,
          "sco": 3,
          "dco": 531,
          "txt": "was"
        },
        {
          "si": 6,
          "sti": 2,
          "dti": 105,
          "sco": 7,
          "dco": 535,
          "txt": "listed"
        },
        {
          "si": 6,
          "sti": 3,
          "dti": 106,
          "sco": 14,
          "dco": 542,
          "txt": "on"
        },
        {
          "si": 6,
          "sti": 4,
          "dti": 107,
          "sco": 17,
          "dco": 545,
          "txt": "the"
        },
        {
          "si": 6,
          "sti": 5,
          "dti": 108,
          "sco": 21,
          "dco": 549,
          "txt": "National"
        },
        {
          "si": 6,
          "sti": 6,
          "dti": 109,
          "sco": 30,
          "dco": 558,
          "txt": "Register"
        },
        {
          "si": 6,
          "sti": 7,
          "dti": 110,
          "sco": 39,
          "dco": 567,
          "txt": "of"
        },
        {
          "si": 6,
          "sti": 8,
          "dti": 111,
          "sco": 42,
          "dco": 570,
          "txt": "Historic"
        },
        {
          "si": 6,
          "sti": 9,
          "dti": 112,
          "sco": 51,
          "dco": 579,
          "txt": "Places"
        },
        {
          "si": 6,
          "sti": 10,
          "dti": 113,
          "sco": 58,
          "dco": 586,
          "txt": "in"
        },
        {
          "si": 6,
          "sti": 11,
          "dti": 114,
          "sco": 61,
          "dco": 589,
          "txt": "2008"
        },
        {
          "si": 6,
          "sti": 12,
          "dti": 115,
          "sco": 65,
          "dco": 593,
          "txt": "."
        }
      ]
    },
    "ganns": {
      "dla": [],
      "la": [],
      "ea": [],
      "eta": [
        {
          "ra": {
            "ea": {
              "etn": "House_at_226_West_Penn_Street"
            }
          },
          "sfs": [
            [
              {
                "stn": "openingYear"
              },
              {}
            ]
          ],
          "mfs": [
            [
              {
                "stn": "architect"
              },
              {
                "dla": [],
                "la": [],
                "ea": [],
                "eta": []
              }
            ],
            [
              {
                "stn": "yearOfConstruction"
              },
              {
                "dla": [
                  {
                    "txt": {
                      "sff": "1909"
                    },
                    "et": {
                      "etn": "Year"
                    },
                    "dp": {
                      "off": 191
                    }
                  }
                ],
                "la": [],
                "ea": [],
                "eta": []
              }
            ],
            [
              {
                "stn": "architecturalStyle"
              },
              {
                "dla": [],
                "la": [],
                "ea": [
                  {
                    "etn": "Bungalow"
                  }
                ],
                "eta": []
              }
            ],
            [
              {
                "stn": "location"
              },
              {
                "dla": [],
                "la": [],
                "ea": [
                  {
                    "etn": "Long_Beach,_New_York"
                  }
                ],
                "eta": []
              }
            ]
          ]
        }
      ]
    }
  }
]
