[
  {
    "context": "TRAIN",
    "doc": {
      "id": "Joseph_Beale_House",
      "tl": [
        {
          "si": 0,
          "sti": 0,
          "dti": 0,
          "sco": 0,
          "dco": 0,
          "txt": "Joseph"
        },
        {
          "si": 0,
          "sti": 1,
          "dti": 1,
          "sco": 7,
          "dco": 7,
          "txt": "Beale"
        },
        {
          "si": 0,
          "sti": 2,
          "dti": 2,
          "sco": 13,
          "dco": 13,
          "txt": "House"
        },
        {
          "si": 0,
          "sti": 3,
          "dti": 3,
          "sco": 18,
          "dco": 18,
          "txt": "."
        },
        {
          "si": 1,
          "sti": 0,
          "dti": 4,
          "sco": 0,
          "dco": 20,
          "txt": "The"
        },
        {
          "si": 1,
          "sti": 1,
          "dti": 5,
          "sco": 4,
          "dco": 24,
          "txt": "Joseph"
        },
        {
          "si": 1,
          "sti": 2,
          "dti": 6,
          "sco": 11,
          "dco": 31,
          "txt": "Beale"
        },
        {
          "si": 1,
          "sti": 3,
          "dti": 7,
          "sco": 17,
          "dco": 37,
          "txt": "House"
        },
        {
          "si": 1,
          "sti": 4,
          "dti": 8,
          "sco": 23,
          "dco": 43,
          "txt": "is"
        },
        {
          "si": 1,
          "sti": 5,
          "dti": 9,
          "sco": 26,
          "dco": 46,
          "txt": "a"
        },
        {
          "si": 1,
          "sti": 6,
          "dti": 10,
          "sco": 28,
          "dco": 48,
          "txt": "historic"
        },
        {
          "si": 1,
          "sti": 7,
          "dti": 11,
          "sco": 37,
          "dco": 57,
          "txt": "residence"
        },
        {
          "si": 1,
          "sti": 8,
          "dti": 12,
          "sco": 47,
          "dco": 67,
          "txt": "located"
        },
        {
          "si": 1,
          "sti": 9,
          "dti": 13,
          "sco": 55,
          "dco": 75,
          "txt": "at"
        },
        {
          "si": 1,
          "sti": 10,
          "dti": 14,
          "sco": 58,
          "dco": 78,
          "txt": "2301"
        },
        {
          "si": 1,
          "sti": 11,
          "dti": 15,
          "sco": 63,
          "dco": 83,
          "txt": "Massachusetts"
        },
        {
          "si": 1,
          "sti": 12,
          "dti": 16,
          "sco": 77,
          "dco": 97,
          "txt": "Avenue"
        },
        {
          "si": 1,
          "sti": 13,
          "dti": 17,
          "sco": 83,
          "dco": 103,
          "txt": ","
        },
        {
          "si": 1,
          "sti": 14,
          "dti": 18,
          "sco": 85,
          "dco": 105,
          "txt": "Northwest"
        },
        {
          "si": 1,
          "sti": 15,
          "dti": 19,
          "sco": 94,
          "dco": 114,
          "txt": ","
        },
        {
          "si": 1,
          "sti": 16,
          "dti": 20,
          "sco": 96,
          "dco": 116,
          "txt": "Washington"
        },
        {
          "si": 1,
          "sti": 17,
          "dti": 21,
          "sco": 106,
          "dco": 126,
          "txt": ","
        },
        {
          "si": 1,
          "sti": 18,
          "dti": 22,
          "sco": 108,
          "dco": 128,
          "txt": "D"
        },
        {
          "si": 1,
          "sti": 19,
          "dti": 23,
          "sco": 109,
          "dco": 129,
          "txt": "."
        },
        {
          "si": 1,
          "sti": 20,
          "dti": 24,
          "sco": 110,
          "dco": 130,
          "txt": "C"
        },
        {
          "si": 1,
          "sti": 21,
          "dti": 25,
          "sco": 111,
          "dco": 131,
          "txt": "."
        },
        {
          "si": 1,
          "sti": 22,
          "dti": 26,
          "sco": 112,
          "dco": 132,
          "txt": ","
        },
        {
          "si": 1,
          "sti": 23,
          "dti": 27,
          "sco": 114,
          "dco": 134,
          "txt": "in"
        },
        {
          "si": 1,
          "sti": 24,
          "dti": 28,
          "sco": 117,
          "dco": 137,
          "txt": "the"
        },
        {
          "si": 1,
          "sti": 25,
          "dti": 29,
          "sco": 121,
          "dco": 141,
          "txt": "Embassy"
        },
        {
          "si": 1,
          "sti": 26,
          "dti": 30,
          "sco": 129,
          "dco": 149,
          "txt": "Row"
        },
        {
          "si": 1,
          "sti": 27,
          "dti": 31,
          "sco": 133,
          "dco": 153,
          "txt": "neighborhood"
        },
        {
          "si": 1,
          "sti": 28,
          "dti": 32,
          "sco": 145,
          "dco": 165,
          "txt": "."
        },
        {
          "si": 2,
          "sti": 0,
          "dti": 33,
          "sco": 0,
          "dco": 167,
          "txt": "It"
        },
        {
          "si": 2,
          "sti": 1,
          "dti": 34,
          "sco": 3,
          "dco": 170,
          "txt": "was"
        },
        {
          "si": 2,
          "sti": 2,
          "dti": 35,
          "sco": 7,
          "dco": 174,
          "txt": "added"
        },
        {
          "si": 2,
          "sti": 3,
          "dti": 36,
          "sco": 13,
          "dco": 180,
          "txt": "to"
        },
        {
          "si": 2,
          "sti": 4,
          "dti": 37,
          "sco": 16,
          "dco": 183,
          "txt": "the"
        },
        {
          "si": 2,
          "sti": 5,
          "dti": 38,
          "sco": 20,
          "dco": 187,
          "txt": "National"
        },
        {
          "si": 2,
          "sti": 6,
          "dti": 39,
          "sco": 29,
          "dco": 196,
          "txt": "Register"
        },
        {
          "si": 2,
          "sti": 7,
          "dti": 40,
          "sco": 38,
          "dco": 205,
          "txt": "of"
        },
        {
          "si": 2,
          "sti": 8,
          "dti": 41,
          "sco": 41,
          "dco": 208,
          "txt": "Historic"
        },
        {
          "si": 2,
          "sti": 9,
          "dti": 42,
          "sco": 50,
          "dco": 217,
          "txt": "Places"
        },
        {
          "si": 2,
          "sti": 10,
          "dti": 43,
          "sco": 57,
          "dco": 224,
          "txt": "on"
        },
        {
          "si": 2,
          "sti": 11,
          "dti": 44,
          "sco": 60,
          "dco": 227,
          "txt": "May"
        },
        {
          "si": 2,
          "sti": 12,
          "dti": 45,
          "sco": 64,
          "dco": 231,
          "txt": "8"
        },
        {
          "si": 2,
          "sti": 13,
          "dti": 46,
          "sco": 65,
          "dco": 232,
          "txt": ","
        },
        {
          "si": 2,
          "sti": 14,
          "dti": 47,
          "sco": 67,
          "dco": 234,
          "txt": "1973"
        },
        {
          "si": 2,
          "sti": 15,
          "dti": 48,
          "sco": 71,
          "dco": 238,
          "txt": "."
        },
        {
          "si": 3,
          "sti": 0,
          "dti": 49,
          "sco": 0,
          "dco": 240,
          "txt": "History"
        },
        {
          "si": 3,
          "sti": 1,
          "dti": 50,
          "sco": 7,
          "dco": 247,
          "txt": "."
        },
        {
          "si": 4,
          "sti": 0,
          "dti": 51,
          "sco": 0,
          "dco": 249,
          "txt": "The"
        },
        {
          "si": 4,
          "sti": 1,
          "dti": 52,
          "sco": 4,
          "dco": 253,
          "txt": "residence"
        },
        {
          "si": 4,
          "sti": 2,
          "dti": 53,
          "sco": 14,
          "dco": 263,
          "txt": "was"
        },
        {
          "si": 4,
          "sti": 3,
          "dti": 54,
          "sco": 18,
          "dco": 267,
          "txt": "built"
        },
        {
          "si": 4,
          "sti": 4,
          "dti": 55,
          "sco": 24,
          "dco": 273,
          "txt": "between"
        },
        {
          "si": 4,
          "sti": 5,
          "dti": 56,
          "sco": 32,
          "dco": 281,
          "txt": "1907"
        },
        {
          "si": 4,
          "sti": 6,
          "dti": 57,
          "sco": 37,
          "dco": 286,
          "txt": "and"
        },
        {
          "si": 4,
          "sti": 7,
          "dti": 58,
          "sco": 41,
          "dco": 290,
          "txt": "1909"
        },
        {
          "si": 4,
          "sti": 8,
          "dti": 59,
          "sco": 46,
          "dco": 295,
          "txt": "by"
        },
        {
          "si": 4,
          "sti": 9,
          "dti": 60,
          "sco": 49,
          "dco": 298,
          "txt": "Washington"
        },
        {
          "si": 4,
          "sti": 10,
          "dti": 61,
          "sco": 60,
          "dco": 309,
          "txt": "architect"
        },
        {
          "si": 4,
          "sti": 11,
          "dti": 62,
          "sco": 70,
          "dco": 319,
          "txt": "Glenn"
        },
        {
          "si": 4,
          "sti": 12,
          "dti": 63,
          "sco": 76,
          "dco": 325,
          "txt": "Brown"
        },
        {
          "si": 4,
          "sti": 13,
          "dti": 64,
          "sco": 81,
          "dco": 330,
          "txt": ","
        },
        {
          "si": 4,
          "sti": 14,
          "dti": 65,
          "sco": 83,
          "dco": 332,
          "txt": "who"
        },
        {
          "si": 4,
          "sti": 15,
          "dti": 66,
          "sco": 87,
          "dco": 336,
          "txt": "designed"
        },
        {
          "si": 4,
          "sti": 16,
          "dti": 67,
          "sco": 96,
          "dco": 345,
          "txt": "several"
        },
        {
          "si": 4,
          "sti": 17,
          "dti": 68,
          "sco": 104,
          "dco": 353,
          "txt": "buildings"
        },
        {
          "si": 4,
          "sti": 18,
          "dti": 69,
          "sco": 114,
          "dco": 363,
          "txt": "along"
        },
        {
          "si": 4,
          "sti": 19,
          "dti": 70,
          "sco": 120,
          "dco": 369,
          "txt": "Massachusetts"
        },
        {
          "si": 4,
          "sti": 20,
          "dti": 71,
          "sco": 134,
          "dco": 383,
          "txt": "Avenue"
        },
        {
          "si": 4,
          "sti": 21,
          "dti": 72,
          "sco": 140,
          "dco": 389,
          "txt": "."
        },
        {
          "si": 5,
          "sti": 0,
          "dti": 73,
          "sco": 0,
          "dco": 391,
          "txt": "Designed"
        },
        {
          "si": 5,
          "sti": 1,
          "dti": 74,
          "sco": 9,
          "dco": 400,
          "txt": "for"
        },
        {
          "si": 5,
          "sti": 2,
          "dti": 75,
          "sco": 13,
          "dco": 404,
          "txt": "Mr"
        },
        {
          "si": 5,
          "sti": 3,
          "dti": 76,
          "sco": 15,
          "dco": 406,
          "txt": "."
        },
        {
          "si": 5,
          "sti": 4,
          "dti": 77,
          "sco": 17,
          "dco": 408,
          "txt": "and"
        },
        {
          "si": 5,
          "sti": 5,
          "dti": 78,
          "sco": 21,
          "dco": 412,
          "txt": "Mrs"
        },
        {
          "si": 5,
          "sti": 6,
          "dti": 79,
          "sco": 24,
          "dco": 415,
          "txt": "."
        },
        {
          "si": 6,
          "sti": 0,
          "dti": 80,
          "sco": 0,
          "dco": 417,
          "txt": "Joseph"
        },
        {
          "si": 6,
          "sti": 1,
          "dti": 81,
          "sco": 7,
          "dco": 424,
          "txt": "Beale"
        },
        {
          "si": 6,
          "sti": 2,
          "dti": 82,
          "sco": 12,
          "dco": 429,
          "txt": ","
        },
        {
          "si": 6,
          "sti": 3,
          "dti": 83,
          "sco": 14,
          "dco": 431,
          "txt": "Brown"
        },
        {
          "si": 6,
          "sti": 4,
          "dti": 84,
          "sco": 20,
          "dco": 437,
          "txt": "used"
        },
        {
          "si": 6,
          "sti": 5,
          "dti": 85,
          "sco": 25,
          "dco": 442,
          "txt": "18"
        },
        {
          "si": 6,
          "sti": 6,
          "dti": 86,
          "sco": 27,
          "dco": 444,
          "txt": "th"
        },
        {
          "si": 6,
          "sti": 7,
          "dti": 87,
          "sco": 30,
          "dco": 447,
          "txt": "century"
        },
        {
          "si": 6,
          "sti": 8,
          "dti": 88,
          "sco": 38,
          "dco": 455,
          "txt": "Romanesque"
        },
        {
          "si": 6,
          "sti": 9,
          "dti": 89,
          "sco": 49,
          "dco": 466,
          "txt": "Revival"
        },
        {
          "si": 6,
          "sti": 10,
          "dti": 90,
          "sco": 57,
          "dco": 474,
          "txt": "architecture"
        },
        {
          "si": 6,
          "sti": 11,
          "dti": 91,
          "sco": 70,
          "dco": 487,
          "txt": "for"
        },
        {
          "si": 6,
          "sti": 12,
          "dti": 92,
          "sco": 74,
          "dco": 491,
          "txt": "his"
        },
        {
          "si": 6,
          "sti": 13,
          "dti": 93,
          "sco": 78,
          "dco": 495,
          "txt": "design"
        },
        {
          "si": 6,
          "sti": 14,
          "dti": 94,
          "sco": 84,
          "dco": 501,
          "txt": "."
        },
        {
          "si": 7,
          "sti": 0,
          "dti": 95,
          "sco": 0,
          "dco": 503,
          "txt": "In"
        },
        {
          "si": 7,
          "sti": 1,
          "dti": 96,
          "sco": 3,
          "dco": 506,
          "txt": "November"
        },
        {
          "si": 7,
          "sti": 2,
          "dti": 97,
          "sco": 12,
          "dco": 515,
          "txt": "1928"
        },
        {
          "si": 7,
          "sti": 3,
          "dti": 98,
          "sco": 16,
          "dco": 519,
          "txt": ","
        },
        {
          "si": 7,
          "sti": 4,
          "dti": 99,
          "sco": 18,
          "dco": 521,
          "txt": "Margaret"
        },
        {
          "si": 7,
          "sti": 5,
          "dti": 100,
          "sco": 27,
          "dco": 530,
          "txt": "K"
        },
        {
          "si": 7,
          "sti": 6,
          "dti": 101,
          "sco": 28,
          "dco": 531,
          "txt": "."
        },
        {
          "si": 7,
          "sti": 7,
          "dti": 102,
          "sco": 29,
          "dco": 532,
          "txt": "C"
        },
        {
          "si": 7,
          "sti": 8,
          "dti": 103,
          "sco": 30,
          "dco": 533,
          "txt": "."
        },
        {
          "si": 8,
          "sti": 0,
          "dti": 104,
          "sco": 0,
          "dco": 535,
          "txt": "Brown"
        },
        {
          "si": 8,
          "sti": 1,
          "dti": 105,
          "sco": 6,
          "dco": 541,
          "txt": "sold"
        },
        {
          "si": 8,
          "sti": 2,
          "dti": 106,
          "sco": 11,
          "dco": 546,
          "txt": "the"
        },
        {
          "si": 8,
          "sti": 3,
          "dti": 107,
          "sco": 15,
          "dco": 550,
          "txt": "residence"
        },
        {
          "si": 8,
          "sti": 4,
          "dti": 108,
          "sco": 25,
          "dco": 560,
          "txt": "to"
        },
        {
          "si": 8,
          "sti": 5,
          "dti": 109,
          "sco": 28,
          "dco": 563,
          "txt": "the"
        },
        {
          "si": 8,
          "sti": 6,
          "dti": 110,
          "sco": 32,
          "dco": 567,
          "txt": "government"
        },
        {
          "si": 8,
          "sti": 7,
          "dti": 111,
          "sco": 43,
          "dco": 578,
          "txt": "of"
        },
        {
          "si": 8,
          "sti": 8,
          "dti": 112,
          "sco": 46,
          "dco": 581,
          "txt": "Egypt"
        },
        {
          "si": 8,
          "sti": 9,
          "dti": 113,
          "sco": 52,
          "dco": 587,
          "txt": "for"
        },
        {
          "si": 8,
          "sti": 10,
          "dti": 114,
          "sco": 56,
          "dco": 591,
          "txt": "$"
        },
        {
          "si": 8,
          "sti": 11,
          "dti": 115,
          "sco": 57,
          "dco": 592,
          "txt": "150"
        },
        {
          "si": 8,
          "sti": 12,
          "dti": 116,
          "sco": 60,
          "dco": 595,
          "txt": ","
        },
        {
          "si": 8,
          "sti": 13,
          "dti": 117,
          "sco": 61,
          "dco": 596,
          "txt": "000"
        },
        {
          "si": 8,
          "sti": 14,
          "dti": 118,
          "sco": 64,
          "dco": 599,
          "txt": "."
        },
        {
          "si": 9,
          "sti": 0,
          "dti": 119,
          "sco": 0,
          "dco": 601,
          "txt": "Since"
        },
        {
          "si": 9,
          "sti": 1,
          "dti": 120,
          "sco": 6,
          "dco": 607,
          "txt": "then"
        },
        {
          "si": 9,
          "sti": 2,
          "dti": 121,
          "sco": 10,
          "dco": 611,
          "txt": ","
        },
        {
          "si": 9,
          "sti": 3,
          "dti": 122,
          "sco": 12,
          "dco": 613,
          "txt": "it"
        },
        {
          "si": 9,
          "sti": 4,
          "dti": 123,
          "sco": 15,
          "dco": 616,
          "txt": "has"
        },
        {
          "si": 9,
          "sti": 5,
          "dti": 124,
          "sco": 19,
          "dco": 620,
          "txt": "served"
        },
        {
          "si": 9,
          "sti": 6,
          "dti": 125,
          "sco": 26,
          "dco": 627,
          "txt": "as"
        },
        {
          "si": 9,
          "sti": 7,
          "dti": 126,
          "sco": 29,
          "dco": 630,
          "txt": "the"
        },
        {
          "si": 9,
          "sti": 8,
          "dti": 127,
          "sco": 33,
          "dco": 634,
          "txt": "official"
        },
        {
          "si": 9,
          "sti": 9,
          "dti": 128,
          "sco": 42,
          "dco": 643,
          "txt": "residence"
        },
        {
          "si": 9,
          "sti": 10,
          "dti": 129,
          "sco": 52,
          "dco": 653,
          "txt": "of"
        },
        {
          "si": 9,
          "sti": 11,
          "dti": 130,
          "sco": 55,
          "dco": 656,
          "txt": "the"
        },
        {
          "si": 9,
          "sti": 12,
          "dti": 131,
          "sco": 59,
          "dco": 660,
          "txt": "Egyptian"
        },
        {
          "si": 9,
          "sti": 13,
          "dti": 132,
          "sco": 68,
          "dco": 669,
          "txt": "ambassador"
        },
        {
          "si": 9,
          "sti": 14,
          "dti": 133,
          "sco": 79,
          "dco": 680,
          "txt": "to"
        },
        {
          "si": 9,
          "sti": 15,
          "dti": 134,
          "sco": 82,
          "dco": 683,
          "txt": "the"
        },
        {
          "si": 9,
          "sti": 16,
          "dti": 135,
          "sco": 86,
          "dco": 687,
          "txt": "United"
        },
        {
          "si": 9,
          "sti": 17,
          "dti": 136,
          "sco": 93,
          "dco": 694,
          "txt": "States"
        },
        {
          "si": 9,
          "sti": 18,
          "dti": 137,
          "sco": 99,
          "dco": 700,
          "txt": "."
        }
      ]
    },
    "ganns": {
      "dla": [],
      "la": [],
      "ea": [],
      "eta": [
        {
          "ra": {
            "ea": {
              "etn": "Joseph_Beale_House"
            }
          },
          "sfs": [
            [
              {
                "stn": "openingYear"
              },
              {}
            ]
          ],
          "mfs": [
            [
              {
                "stn": "architect"
              },
              {
                "dla": [],
                "la": [],
                "ea": [
                  {
                    "etn": "Glenn_Brown_(architect)"
                  }
                ],
                "eta": []
              }
            ],
            [
              {
                "stn": "yearOfConstruction"
              },
              {
                "dla": [
                  {
                    "txt": {
                      "sff": "1909"
                    },
                    "et": {
                      "etn": "Year"
                    },
                    "dp": {
                      "off": 290
                    }
                  }
                ],
                "la": [],
                "ea": [],
                "eta": []
              }
            ],
            [
              {
                "stn": "architecturalStyle"
              },
              {
                "dla": [],
                "la": [],
                "ea": [
                  {
                    "etn": "Romanesque_Revival_architecture"
                  }
                ],
                "eta": []
              }
            ],
            [
              {
                "stn": "location"
              },
              {
                "dla": [],
                "la": [],
                "ea": [
                  {
                    "etn": "Massachusetts_Avenue_(Washington,_D.C.)"
                  },
                  {
                    "etn": "Northwest,_Washington,_D.C."
                  }
                ],
                "eta": []
              }
            ]
          ]
        }
      ]
    }
  }
]
