[
  {
    "context": "TRAIN",
    "doc": {
      "id": "Lynchburg_Covered_Bridge",
      "tl": [
        {
          "si": 0,
          "sti": 0,
          "dti": 0,
          "sco": 0,
          "dco": 0,
          "txt": "Lynchburg"
        },
        {
          "si": 0,
          "sti": 1,
          "dti": 1,
          "sco": 10,
          "dco": 10,
          "txt": "Covered"
        },
        {
          "si": 0,
          "sti": 2,
          "dti": 2,
          "sco": 18,
          "dco": 18,
          "txt": "Bridge"
        },
        {
          "si": 0,
          "sti": 3,
          "dti": 3,
          "sco": 24,
          "dco": 24,
          "txt": "."
        },
        {
          "si": 1,
          "sti": 0,
          "dti": 4,
          "sco": 0,
          "dco": 26,
          "txt": "The"
        },
        {
          "si": 1,
          "sti": 1,
          "dti": 5,
          "sco": 4,
          "dco": 30,
          "txt": "Lynchburg"
        },
        {
          "si": 1,
          "sti": 2,
          "dti": 6,
          "sco": 14,
          "dco": 40,
          "txt": "Covered"
        },
        {
          "si": 1,
          "sti": 3,
          "dti": 7,
          "sco": 22,
          "dco": 48,
          "txt": "Bridge"
        },
        {
          "si": 1,
          "sti": 4,
          "dti": 8,
          "sco": 29,
          "dco": 55,
          "txt": "is"
        },
        {
          "si": 1,
          "sti": 5,
          "dti": 9,
          "sco": 32,
          "dco": 58,
          "txt": "a"
        },
        {
          "si": 1,
          "sti": 6,
          "dti": 10,
          "sco": 34,
          "dco": 60,
          "txt": "historic"
        },
        {
          "si": 1,
          "sti": 7,
          "dti": 11,
          "sco": 43,
          "dco": 69,
          "txt": "wooden"
        },
        {
          "si": 1,
          "sti": 8,
          "dti": 12,
          "sco": 50,
          "dco": 76,
          "txt": "covered"
        },
        {
          "si": 1,
          "sti": 9,
          "dti": 13,
          "sco": 58,
          "dco": 84,
          "txt": "bridge"
        },
        {
          "si": 1,
          "sti": 10,
          "dti": 14,
          "sco": 65,
          "dco": 91,
          "txt": "that"
        },
        {
          "si": 1,
          "sti": 11,
          "dti": 15,
          "sco": 70,
          "dco": 96,
          "txt": "spans"
        },
        {
          "si": 1,
          "sti": 12,
          "dti": 16,
          "sco": 76,
          "dco": 102,
          "txt": "the"
        },
        {
          "si": 1,
          "sti": 13,
          "dti": 17,
          "sco": 80,
          "dco": 106,
          "txt": "east"
        },
        {
          "si": 1,
          "sti": 14,
          "dti": 18,
          "sco": 85,
          "dco": 111,
          "txt": "fork"
        },
        {
          "si": 1,
          "sti": 15,
          "dti": 19,
          "sco": 90,
          "dco": 116,
          "txt": "of"
        },
        {
          "si": 1,
          "sti": 16,
          "dti": 20,
          "sco": 93,
          "dco": 119,
          "txt": "the"
        },
        {
          "si": 1,
          "sti": 17,
          "dti": 21,
          "sco": 97,
          "dco": 123,
          "txt": "Little"
        },
        {
          "si": 1,
          "sti": 18,
          "dti": 22,
          "sco": 104,
          "dco": 130,
          "txt": "Miami"
        },
        {
          "si": 1,
          "sti": 19,
          "dti": 23,
          "sco": 110,
          "dco": 136,
          "txt": "River"
        },
        {
          "si": 1,
          "sti": 20,
          "dti": 24,
          "sco": 116,
          "dco": 142,
          "txt": "in"
        },
        {
          "si": 1,
          "sti": 21,
          "dti": 25,
          "sco": 119,
          "dco": 145,
          "txt": "Lynchburg"
        },
        {
          "si": 1,
          "sti": 22,
          "dti": 26,
          "sco": 128,
          "dco": 154,
          "txt": ","
        },
        {
          "si": 1,
          "sti": 23,
          "dti": 27,
          "sco": 130,
          "dco": 156,
          "txt": "Ohio"
        },
        {
          "si": 1,
          "sti": 24,
          "dti": 28,
          "sco": 134,
          "dco": 160,
          "txt": "."
        },
        {
          "si": 2,
          "sti": 0,
          "dti": 29,
          "sco": 0,
          "dco": 162,
          "txt": "It"
        },
        {
          "si": 2,
          "sti": 1,
          "dti": 30,
          "sco": 2,
          "dco": 164,
          "txt": ","
        },
        {
          "si": 2,
          "sti": 2,
          "dti": 31,
          "sco": 4,
          "dco": 166,
          "txt": "also"
        },
        {
          "si": 2,
          "sti": 3,
          "dti": 32,
          "sco": 8,
          "dco": 170,
          "txt": ","
        },
        {
          "si": 2,
          "sti": 4,
          "dti": 33,
          "sco": 10,
          "dco": 172,
          "txt": "has"
        },
        {
          "si": 2,
          "sti": 5,
          "dti": 34,
          "sco": 14,
          "dco": 176,
          "txt": "the"
        },
        {
          "si": 2,
          "sti": 6,
          "dti": 35,
          "sco": 18,
          "dco": 180,
          "txt": "distinction"
        },
        {
          "si": 2,
          "sti": 7,
          "dti": 36,
          "sco": 29,
          "dco": 191,
          "txt": ","
        },
        {
          "si": 2,
          "sti": 8,
          "dti": 37,
          "sco": 31,
          "dco": 193,
          "txt": "following"
        },
        {
          "si": 2,
          "sti": 9,
          "dti": 38,
          "sco": 41,
          "dco": 203,
          "txt": "a"
        },
        {
          "si": 2,
          "sti": 10,
          "dti": 39,
          "sco": 43,
          "dco": 205,
          "txt": "recent"
        },
        {
          "si": 2,
          "sti": 11,
          "dti": 40,
          "sco": 50,
          "dco": 212,
          "txt": "repair"
        },
        {
          "si": 2,
          "sti": 12,
          "dti": 41,
          "sco": 57,
          "dco": 219,
          "txt": "and"
        },
        {
          "si": 2,
          "sti": 13,
          "dti": 42,
          "sco": 61,
          "dco": 223,
          "txt": "restoration"
        },
        {
          "si": 2,
          "sti": 14,
          "dti": 43,
          "sco": 73,
          "dco": 235,
          "txt": "project"
        },
        {
          "si": 2,
          "sti": 15,
          "dti": 44,
          "sco": 80,
          "dco": 242,
          "txt": ","
        },
        {
          "si": 2,
          "sti": 16,
          "dti": 45,
          "sco": 82,
          "dco": 244,
          "txt": "of"
        },
        {
          "si": 2,
          "sti": 17,
          "dti": 46,
          "sco": 85,
          "dco": 247,
          "txt": "being"
        },
        {
          "si": 2,
          "sti": 18,
          "dti": 47,
          "sco": 91,
          "dco": 253,
          "txt": "the"
        },
        {
          "si": 2,
          "sti": 19,
          "dti": 48,
          "sco": 95,
          "dco": 257,
          "txt": "only"
        },
        {
          "si": 2,
          "sti": 20,
          "dti": 49,
          "sco": 100,
          "dco": 262,
          "txt": "such"
        },
        {
          "si": 2,
          "sti": 21,
          "dti": 50,
          "sco": 105,
          "dco": 267,
          "txt": "covered"
        },
        {
          "si": 2,
          "sti": 22,
          "dti": 51,
          "sco": 113,
          "dco": 275,
          "txt": "bridge"
        },
        {
          "si": 2,
          "sti": 23,
          "dti": 52,
          "sco": 120,
          "dco": 282,
          "txt": "in"
        },
        {
          "si": 2,
          "sti": 24,
          "dti": 53,
          "sco": 123,
          "dco": 285,
          "txt": "North"
        },
        {
          "si": 2,
          "sti": 25,
          "dti": 54,
          "sco": 129,
          "dco": 291,
          "txt": "America"
        },
        {
          "si": 2,
          "sti": 26,
          "dti": 55,
          "sco": 137,
          "dco": 299,
          "txt": "to"
        },
        {
          "si": 2,
          "sti": 27,
          "dti": 56,
          "sco": 140,
          "dco": 302,
          "txt": "have"
        },
        {
          "si": 2,
          "sti": 28,
          "dti": 57,
          "sco": 145,
          "dco": 307,
          "txt": "been"
        },
        {
          "si": 2,
          "sti": 29,
          "dti": 58,
          "sco": 150,
          "dco": 312,
          "txt": "converted"
        },
        {
          "si": 2,
          "sti": 30,
          "dti": 59,
          "sco": 160,
          "dco": 322,
          "txt": "to"
        },
        {
          "si": 2,
          "sti": 31,
          "dti": 60,
          "sco": 163,
          "dco": 325,
          "txt": "a"
        },
        {
          "si": 2,
          "sti": 32,
          "dti": 61,
          "sco": 165,
          "dco": 327,
          "txt": "pseudo"
        },
        {
          "si": 2,
          "sti": 33,
          "dti": 62,
          "sco": 171,
          "dco": 333,
          "txt": "-"
        },
        {
          "si": 2,
          "sti": 34,
          "dti": 63,
          "sco": 172,
          "dco": 334,
          "txt": "suspension"
        },
        {
          "si": 2,
          "sti": 35,
          "dti": 64,
          "sco": 183,
          "dco": 345,
          "txt": "infrastructure"
        },
        {
          "si": 2,
          "sti": 36,
          "dti": 65,
          "sco": 197,
          "dco": 359,
          "txt": "."
        },
        {
          "si": 3,
          "sti": 0,
          "dti": 66,
          "sco": 0,
          "dco": 361,
          "txt": "The"
        },
        {
          "si": 3,
          "sti": 1,
          "dti": 67,
          "sco": 4,
          "dco": 365,
          "txt": "bridge"
        },
        {
          "si": 3,
          "sti": 2,
          "dti": 68,
          "sco": 11,
          "dco": 372,
          "txt": "was"
        },
        {
          "si": 3,
          "sti": 3,
          "dti": 69,
          "sco": 15,
          "dco": 376,
          "txt": "built"
        },
        {
          "si": 3,
          "sti": 4,
          "dti": 70,
          "sco": 21,
          "dco": 382,
          "txt": "in"
        },
        {
          "si": 3,
          "sti": 5,
          "dti": 71,
          "sco": 24,
          "dco": 385,
          "txt": "1870"
        },
        {
          "si": 3,
          "sti": 6,
          "dti": 72,
          "sco": 29,
          "dco": 390,
          "txt": "as"
        },
        {
          "si": 3,
          "sti": 7,
          "dti": 73,
          "sco": 32,
          "dco": 393,
          "txt": "a"
        },
        {
          "si": 3,
          "sti": 8,
          "dti": 74,
          "sco": 34,
          "dco": 395,
          "txt": "Long"
        },
        {
          "si": 3,
          "sti": 9,
          "dti": 75,
          "sco": 39,
          "dco": 400,
          "txt": "truss"
        },
        {
          "si": 3,
          "sti": 10,
          "dti": 76,
          "sco": 44,
          "dco": 405,
          "txt": "."
        },
        {
          "si": 4,
          "sti": 0,
          "dti": 77,
          "sco": 0,
          "dco": 407,
          "txt": "History"
        },
        {
          "si": 4,
          "sti": 1,
          "dti": 78,
          "sco": 7,
          "dco": 414,
          "txt": "."
        },
        {
          "si": 5,
          "sti": 0,
          "dti": 79,
          "sco": 0,
          "dco": 416,
          "txt": "On"
        },
        {
          "si": 5,
          "sti": 1,
          "dti": 80,
          "sco": 3,
          "dco": 419,
          "txt": "October"
        },
        {
          "si": 5,
          "sti": 2,
          "dti": 81,
          "sco": 11,
          "dco": 427,
          "txt": "11"
        },
        {
          "si": 5,
          "sti": 3,
          "dti": 82,
          "sco": 13,
          "dco": 429,
          "txt": ","
        },
        {
          "si": 5,
          "sti": 4,
          "dti": 83,
          "sco": 15,
          "dco": 431,
          "txt": "1869"
        },
        {
          "si": 5,
          "sti": 5,
          "dti": 84,
          "sco": 19,
          "dco": 435,
          "txt": ","
        },
        {
          "si": 5,
          "sti": 6,
          "dti": 85,
          "sco": 21,
          "dco": 437,
          "txt": "a"
        },
        {
          "si": 5,
          "sti": 7,
          "dti": 86,
          "sco": 23,
          "dco": 439,
          "txt": "Notice"
        },
        {
          "si": 5,
          "sti": 8,
          "dti": 87,
          "sco": 30,
          "dco": 446,
          "txt": "to"
        },
        {
          "si": 5,
          "sti": 9,
          "dti": 88,
          "sco": 33,
          "dco": 449,
          "txt": "Contractors"
        },
        {
          "si": 5,
          "sti": 10,
          "dti": 89,
          "sco": 45,
          "dco": 461,
          "txt": "was"
        },
        {
          "si": 5,
          "sti": 11,
          "dti": 90,
          "sco": 49,
          "dco": 465,
          "txt": "posted"
        },
        {
          "si": 5,
          "sti": 12,
          "dti": 91,
          "sco": 56,
          "dco": 472,
          "txt": "by"
        },
        {
          "si": 5,
          "sti": 13,
          "dti": 92,
          "sco": 59,
          "dco": 475,
          "txt": "the"
        },
        {
          "si": 5,
          "sti": 14,
          "dti": 93,
          "sco": 63,
          "dco": 479,
          "txt": "Highland"
        },
        {
          "si": 5,
          "sti": 15,
          "dti": 94,
          "sco": 72,
          "dco": 488,
          "txt": "County"
        },
        {
          "si": 5,
          "sti": 16,
          "dti": 95,
          "sco": 79,
          "dco": 495,
          "txt": "Auditor"
        },
        {
          "si": 5,
          "sti": 17,
          "dti": 96,
          "sco": 86,
          "dco": 502,
          "txt": "'"
        },
        {
          "si": 5,
          "sti": 18,
          "dti": 97,
          "sco": 87,
          "dco": 503,
          "txt": "s"
        },
        {
          "si": 5,
          "sti": 19,
          "dti": 98,
          "sco": 89,
          "dco": 505,
          "txt": "Office"
        },
        {
          "si": 5,
          "sti": 20,
          "dti": 99,
          "sco": 96,
          "dco": 512,
          "txt": "calling"
        },
        {
          "si": 5,
          "sti": 21,
          "dti": 100,
          "sco": 104,
          "dco": 520,
          "txt": "for"
        },
        {
          "si": 5,
          "sti": 22,
          "dti": 101,
          "sco": 108,
          "dco": 524,
          "txt": "sealed"
        },
        {
          "si": 5,
          "sti": 23,
          "dti": 102,
          "sco": 115,
          "dco": 531,
          "txt": "bids"
        },
        {
          "si": 5,
          "sti": 24,
          "dti": 103,
          "sco": 120,
          "dco": 536,
          "txt": "for"
        },
        {
          "si": 5,
          "sti": 25,
          "dti": 104,
          "sco": 124,
          "dco": 540,
          "txt": "the"
        },
        {
          "si": 5,
          "sti": 26,
          "dti": 105,
          "sco": 128,
          "dco": 544,
          "txt": "construction"
        },
        {
          "si": 5,
          "sti": 27,
          "dti": 106,
          "sco": 141,
          "dco": 557,
          "txt": "of"
        },
        {
          "si": 5,
          "sti": 28,
          "dti": 107,
          "sco": 144,
          "dco": 560,
          "txt": "the"
        },
        {
          "si": 5,
          "sti": 29,
          "dti": 108,
          "sco": 148,
          "dco": 564,
          "txt": "Lynchburg"
        },
        {
          "si": 5,
          "sti": 30,
          "dti": 109,
          "sco": 158,
          "dco": 574,
          "txt": "Covered"
        },
        {
          "si": 5,
          "sti": 31,
          "dti": 110,
          "sco": 166,
          "dco": 582,
          "txt": "Bridge"
        },
        {
          "si": 5,
          "sti": 32,
          "dti": 111,
          "sco": 172,
          "dco": 588,
          "txt": "."
        },
        {
          "si": 6,
          "sti": 0,
          "dti": 112,
          "sco": 0,
          "dco": 590,
          "txt": "In"
        },
        {
          "si": 6,
          "sti": 1,
          "dti": 113,
          "sco": 3,
          "dco": 593,
          "txt": "1870"
        },
        {
          "si": 6,
          "sti": 2,
          "dti": 114,
          "sco": 8,
          "dco": 598,
          "txt": "the"
        },
        {
          "si": 6,
          "sti": 3,
          "dti": 115,
          "sco": 12,
          "dco": 602,
          "txt": "bridge"
        },
        {
          "si": 6,
          "sti": 4,
          "dti": 116,
          "sco": 19,
          "dco": 609,
          "txt": "was"
        },
        {
          "si": 6,
          "sti": 5,
          "dti": 117,
          "sco": 23,
          "dco": 613,
          "txt": "constructed"
        },
        {
          "si": 6,
          "sti": 6,
          "dti": 118,
          "sco": 35,
          "dco": 625,
          "txt": "for"
        },
        {
          "si": 6,
          "sti": 7,
          "dti": 119,
          "sco": 39,
          "dco": 629,
          "txt": "a"
        },
        {
          "si": 6,
          "sti": 8,
          "dti": 120,
          "sco": 41,
          "dco": 631,
          "txt": "cost"
        },
        {
          "si": 6,
          "sti": 9,
          "dti": 121,
          "sco": 46,
          "dco": 636,
          "txt": "of"
        },
        {
          "si": 6,
          "sti": 10,
          "dti": 122,
          "sco": 49,
          "dco": 639,
          "txt": "$"
        },
        {
          "si": 6,
          "sti": 11,
          "dti": 123,
          "sco": 50,
          "dco": 640,
          "txt": "3138"
        },
        {
          "si": 6,
          "sti": 12,
          "dti": 124,
          "sco": 54,
          "dco": 644,
          "txt": "."
        },
        {
          "si": 6,
          "sti": 13,
          "dti": 125,
          "sco": 55,
          "dco": 645,
          "txt": "66"
        },
        {
          "si": 6,
          "sti": 14,
          "dti": 126,
          "sco": 58,
          "dco": 648,
          "txt": "by"
        },
        {
          "si": 6,
          "sti": 15,
          "dti": 127,
          "sco": 61,
          "dco": 651,
          "txt": "local"
        },
        {
          "si": 6,
          "sti": 16,
          "dti": 128,
          "sco": 67,
          "dco": 657,
          "txt": "bridge"
        },
        {
          "si": 6,
          "sti": 17,
          "dti": 129,
          "sco": 74,
          "dco": 664,
          "txt": "builder"
        },
        {
          "si": 6,
          "sti": 18,
          "dti": 130,
          "sco": 82,
          "dco": 672,
          "txt": "John"
        },
        {
          "si": 6,
          "sti": 19,
          "dti": 131,
          "sco": 87,
          "dco": 677,
          "txt": "C"
        },
        {
          "si": 6,
          "sti": 20,
          "dti": 132,
          "sco": 88,
          "dco": 678,
          "txt": "."
        },
        {
          "si": 7,
          "sti": 0,
          "dti": 133,
          "sco": 0,
          "dco": 680,
          "txt": "Gregg"
        },
        {
          "si": 7,
          "sti": 1,
          "dti": 134,
          "sco": 6,
          "dco": 686,
          "txt": "of"
        },
        {
          "si": 7,
          "sti": 2,
          "dti": 135,
          "sco": 9,
          "dco": 689,
          "txt": "Hillsboro"
        },
        {
          "si": 7,
          "sti": 3,
          "dti": 136,
          "sco": 18,
          "dco": 698,
          "txt": ","
        },
        {
          "si": 7,
          "sti": 4,
          "dti": 137,
          "sco": 20,
          "dco": 700,
          "txt": "who"
        },
        {
          "si": 7,
          "sti": 5,
          "dti": 138,
          "sco": 24,
          "dco": 704,
          "txt": "had"
        },
        {
          "si": 7,
          "sti": 6,
          "dti": 139,
          "sco": 28,
          "dco": 708,
          "txt": "built"
        },
        {
          "si": 7,
          "sti": 7,
          "dti": 140,
          "sco": 34,
          "dco": 714,
          "txt": "a"
        },
        {
          "si": 7,
          "sti": 8,
          "dti": 141,
          "sco": 36,
          "dco": 716,
          "txt": "number"
        },
        {
          "si": 7,
          "sti": 9,
          "dti": 142,
          "sco": 43,
          "dco": 723,
          "txt": "of"
        },
        {
          "si": 7,
          "sti": 10,
          "dti": 143,
          "sco": 46,
          "dco": 726,
          "txt": "bridges"
        },
        {
          "si": 7,
          "sti": 11,
          "dti": 144,
          "sco": 54,
          "dco": 734,
          "txt": "in"
        },
        {
          "si": 7,
          "sti": 12,
          "dti": 145,
          "sco": 57,
          "dco": 737,
          "txt": "the"
        },
        {
          "si": 7,
          "sti": 13,
          "dti": 146,
          "sco": 61,
          "dco": 741,
          "txt": "area"
        },
        {
          "si": 7,
          "sti": 14,
          "dti": 147,
          "sco": 65,
          "dco": 745,
          "txt": "."
        },
        {
          "si": 8,
          "sti": 0,
          "dti": 148,
          "sco": 0,
          "dco": 747,
          "txt": "The"
        },
        {
          "si": 8,
          "sti": 1,
          "dti": 149,
          "sco": 4,
          "dco": 751,
          "txt": "bridge"
        },
        {
          "si": 8,
          "sti": 2,
          "dti": 150,
          "sco": 11,
          "dco": 758,
          "txt": "was"
        },
        {
          "si": 8,
          "sti": 3,
          "dti": 151,
          "sco": 15,
          "dco": 762,
          "txt": "completed"
        },
        {
          "si": 8,
          "sti": 4,
          "dti": 152,
          "sco": 25,
          "dco": 772,
          "txt": "in"
        },
        {
          "si": 8,
          "sti": 5,
          "dti": 153,
          "sco": 28,
          "dco": 775,
          "txt": "December"
        },
        {
          "si": 8,
          "sti": 6,
          "dti": 154,
          "sco": 37,
          "dco": 784,
          "txt": "1870"
        },
        {
          "si": 8,
          "sti": 7,
          "dti": 155,
          "sco": 41,
          "dco": 788,
          "txt": "."
        },
        {
          "si": 9,
          "sti": 0,
          "dti": 156,
          "sco": 0,
          "dco": 790,
          "txt": "It"
        },
        {
          "si": 9,
          "sti": 1,
          "dti": 157,
          "sco": 3,
          "dco": 793,
          "txt": "occupies"
        },
        {
          "si": 9,
          "sti": 2,
          "dti": 158,
          "sco": 12,
          "dco": 802,
          "txt": "a"
        },
        {
          "si": 9,
          "sti": 3,
          "dti": 159,
          "sco": 14,
          "dco": 804,
          "txt": "site"
        },
        {
          "si": 9,
          "sti": 4,
          "dti": 160,
          "sco": 19,
          "dco": 809,
          "txt": "at"
        },
        {
          "si": 9,
          "sti": 5,
          "dti": 161,
          "sco": 22,
          "dco": 812,
          "txt": "which"
        },
        {
          "si": 9,
          "sti": 6,
          "dti": 162,
          "sco": 28,
          "dco": 818,
          "txt": "a"
        },
        {
          "si": 9,
          "sti": 7,
          "dti": 163,
          "sco": 30,
          "dco": 820,
          "txt": "gristmill"
        },
        {
          "si": 9,
          "sti": 8,
          "dti": 164,
          "sco": 40,
          "dco": 830,
          "txt": "and"
        },
        {
          "si": 9,
          "sti": 9,
          "dti": 165,
          "sco": 44,
          "dco": 834,
          "txt": "sawmill"
        },
        {
          "si": 9,
          "sti": 10,
          "dti": 166,
          "sco": 52,
          "dco": 842,
          "txt": "once"
        },
        {
          "si": 9,
          "sti": 11,
          "dti": 167,
          "sco": 57,
          "dco": 847,
          "txt": "operated"
        },
        {
          "si": 9,
          "sti": 12,
          "dti": 168,
          "sco": 66,
          "dco": 856,
          "txt": "by"
        },
        {
          "si": 9,
          "sti": 13,
          "dti": 169,
          "sco": 69,
          "dco": 859,
          "txt": "the"
        },
        {
          "si": 9,
          "sti": 14,
          "dti": 170,
          "sco": 73,
          "dco": 863,
          "txt": "power"
        },
        {
          "si": 9,
          "sti": 15,
          "dti": 171,
          "sco": 79,
          "dco": 869,
          "txt": "of"
        },
        {
          "si": 9,
          "sti": 16,
          "dti": 172,
          "sco": 82,
          "dco": 872,
          "txt": "the"
        },
        {
          "si": 9,
          "sti": 17,
          "dti": 173,
          "sco": 86,
          "dco": 876,
          "txt": "Little"
        },
        {
          "si": 9,
          "sti": 18,
          "dti": 174,
          "sco": 93,
          "dco": 883,
          "txt": "Miami"
        },
        {
          "si": 9,
          "sti": 19,
          "dti": 175,
          "sco": 98,
          "dco": 888,
          "txt": "."
        },
        {
          "si": 10,
          "sti": 0,
          "dti": 176,
          "sco": 0,
          "dco": 890,
          "txt": "Following"
        },
        {
          "si": 10,
          "sti": 1,
          "dti": 177,
          "sco": 10,
          "dco": 900,
          "txt": "the"
        },
        {
          "si": 10,
          "sti": 2,
          "dti": 178,
          "sco": 14,
          "dco": 904,
          "txt": "1963"
        },
        {
          "si": 10,
          "sti": 3,
          "dti": 179,
          "sco": 19,
          "dco": 909,
          "txt": "announcement"
        },
        {
          "si": 10,
          "sti": 4,
          "dti": 180,
          "sco": 32,
          "dco": 922,
          "txt": "of"
        },
        {
          "si": 10,
          "sti": 5,
          "dti": 181,
          "sco": 35,
          "dco": 925,
          "txt": "plans"
        },
        {
          "si": 10,
          "sti": 6,
          "dti": 182,
          "sco": 41,
          "dco": 931,
          "txt": "to"
        },
        {
          "si": 10,
          "sti": 7,
          "dti": 183,
          "sco": 44,
          "dco": 934,
          "txt": "demolish"
        },
        {
          "si": 10,
          "sti": 8,
          "dti": 184,
          "sco": 53,
          "dco": 943,
          "txt": "the"
        },
        {
          "si": 10,
          "sti": 9,
          "dti": 185,
          "sco": 57,
          "dco": 947,
          "txt": "bridge"
        },
        {
          "si": 10,
          "sti": 10,
          "dti": 186,
          "sco": 63,
          "dco": 953,
          "txt": ","
        },
        {
          "si": 10,
          "sti": 11,
          "dti": 187,
          "sco": 65,
          "dco": 955,
          "txt": "a"
        },
        {
          "si": 10,
          "sti": 12,
          "dti": 188,
          "sco": 67,
          "dco": 957,
          "txt": "community"
        },
        {
          "si": 10,
          "sti": 13,
          "dti": 189,
          "sco": 76,
          "dco": 966,
          "txt": "-"
        },
        {
          "si": 10,
          "sti": 14,
          "dti": 190,
          "sco": 77,
          "dco": 967,
          "txt": "wide"
        },
        {
          "si": 10,
          "sti": 15,
          "dti": 191,
          "sco": 82,
          "dco": 972,
          "txt": "debate"
        },
        {
          "si": 10,
          "sti": 16,
          "dti": 192,
          "sco": 89,
          "dco": 979,
          "txt": "arose"
        },
        {
          "si": 10,
          "sti": 17,
          "dti": 193,
          "sco": 95,
          "dco": 985,
          "txt": "and"
        },
        {
          "si": 10,
          "sti": 18,
          "dti": 194,
          "sco": 99,
          "dco": 989,
          "txt": "a"
        },
        {
          "si": 10,
          "sti": 19,
          "dti": 195,
          "sco": 101,
          "dco": 991,
          "txt": "letter"
        },
        {
          "si": 10,
          "sti": 20,
          "dti": 196,
          "sco": 108,
          "dco": 998,
          "txt": "writing"
        },
        {
          "si": 10,
          "sti": 21,
          "dti": 197,
          "sco": 116,
          "dco": 1006,
          "txt": "campaign"
        },
        {
          "si": 10,
          "sti": 22,
          "dti": 198,
          "sco": 125,
          "dco": 1015,
          "txt": "for"
        },
        {
          "si": 10,
          "sti": 23,
          "dti": 199,
          "sco": 129,
          "dco": 1019,
          "txt": "its"
        },
        {
          "si": 10,
          "sti": 24,
          "dti": 200,
          "sco": 133,
          "dco": 1023,
          "txt": "preservation"
        },
        {
          "si": 10,
          "sti": 25,
          "dti": 201,
          "sco": 146,
          "dco": 1036,
          "txt": "was"
        },
        {
          "si": 10,
          "sti": 26,
          "dti": 202,
          "sco": 150,
          "dco": 1040,
          "txt": "begun"
        },
        {
          "si": 10,
          "sti": 27,
          "dti": 203,
          "sco": 155,
          "dco": 1045,
          "txt": "."
        },
        {
          "si": 11,
          "sti": 0,
          "dti": 204,
          "sco": 0,
          "dco": 1047,
          "txt": "Ohio"
        },
        {
          "si": 11,
          "sti": 1,
          "dti": 205,
          "sco": 5,
          "dco": 1052,
          "txt": "Governor"
        },
        {
          "si": 11,
          "sti": 2,
          "dti": 206,
          "sco": 14,
          "dco": 1061,
          "txt": "James"
        },
        {
          "si": 11,
          "sti": 3,
          "dti": 207,
          "sco": 20,
          "dco": 1067,
          "txt": "A"
        },
        {
          "si": 11,
          "sti": 4,
          "dti": 208,
          "sco": 21,
          "dco": 1068,
          "txt": "."
        },
        {
          "si": 12,
          "sti": 0,
          "dti": 209,
          "sco": 0,
          "dco": 1070,
          "txt": "Rhodes"
        },
        {
          "si": 12,
          "sti": 1,
          "dti": 210,
          "sco": 7,
          "dco": 1077,
          "txt": "agreed"
        },
        {
          "si": 12,
          "sti": 2,
          "dti": 211,
          "sco": 14,
          "dco": 1084,
          "txt": "to"
        },
        {
          "si": 12,
          "sti": 3,
          "dti": 212,
          "sco": 17,
          "dco": 1087,
          "txt": "assist"
        },
        {
          "si": 12,
          "sti": 4,
          "dti": 213,
          "sco": 24,
          "dco": 1094,
          "txt": "in"
        },
        {
          "si": 12,
          "sti": 5,
          "dti": 214,
          "sco": 27,
          "dco": 1097,
          "txt": "saving"
        },
        {
          "si": 12,
          "sti": 6,
          "dti": 215,
          "sco": 34,
          "dco": 1104,
          "txt": "the"
        },
        {
          "si": 12,
          "sti": 7,
          "dti": 216,
          "sco": 38,
          "dco": 1108,
          "txt": "landmark"
        },
        {
          "si": 12,
          "sti": 8,
          "dti": 217,
          "sco": 46,
          "dco": 1116,
          "txt": ","
        },
        {
          "si": 12,
          "sti": 9,
          "dti": 218,
          "sco": 48,
          "dco": 1118,
          "txt": "but"
        },
        {
          "si": 12,
          "sti": 10,
          "dti": 219,
          "sco": 52,
          "dco": 1122,
          "txt": "it"
        },
        {
          "si": 12,
          "sti": 11,
          "dti": 220,
          "sco": 55,
          "dco": 1125,
          "txt": "was"
        },
        {
          "si": 12,
          "sti": 12,
          "dti": 221,
          "sco": 59,
          "dco": 1129,
          "txt": "ultimately"
        },
        {
          "si": 12,
          "sti": 13,
          "dti": 222,
          "sco": 70,
          "dco": 1140,
          "txt": "decided"
        },
        {
          "si": 12,
          "sti": 14,
          "dti": 223,
          "sco": 78,
          "dco": 1148,
          "txt": "that"
        },
        {
          "si": 12,
          "sti": 15,
          "dti": 224,
          "sco": 83,
          "dco": 1153,
          "txt": "the"
        },
        {
          "si": 12,
          "sti": 16,
          "dti": 225,
          "sco": 87,
          "dco": 1157,
          "txt": "state"
        },
        {
          "si": 12,
          "sti": 17,
          "dti": 226,
          "sco": 93,
          "dco": 1163,
          "txt": "had"
        },
        {
          "si": 12,
          "sti": 18,
          "dti": 227,
          "sco": 97,
          "dco": 1167,
          "txt": "no"
        },
        {
          "si": 12,
          "sti": 19,
          "dti": 228,
          "sco": 100,
          "dco": 1170,
          "txt": "jurisdiction"
        },
        {
          "si": 12,
          "sti": 20,
          "dti": 229,
          "sco": 113,
          "dco": 1183,
          "txt": "in"
        },
        {
          "si": 12,
          "sti": 21,
          "dti": 230,
          "sco": 116,
          "dco": 1186,
          "txt": "the"
        },
        {
          "si": 12,
          "sti": 22,
          "dti": 231,
          "sco": 120,
          "dco": 1190,
          "txt": "matter"
        },
        {
          "si": 12,
          "sti": 23,
          "dti": 232,
          "sco": 126,
          "dco": 1196,
          "txt": ","
        },
        {
          "si": 12,
          "sti": 24,
          "dti": 233,
          "sco": 128,
          "dco": 1198,
          "txt": "since"
        },
        {
          "si": 12,
          "sti": 25,
          "dti": 234,
          "sco": 134,
          "dco": 1204,
          "txt": "the"
        },
        {
          "si": 12,
          "sti": 26,
          "dti": 235,
          "sco": 138,
          "dco": 1208,
          "txt": "bridge"
        },
        {
          "si": 12,
          "sti": 27,
          "dti": 236,
          "sco": 145,
          "dco": 1215,
          "txt": "did"
        },
        {
          "si": 12,
          "sti": 28,
          "dti": 237,
          "sco": 149,
          "dco": 1219,
          "txt": "not"
        },
        {
          "si": 12,
          "sti": 29,
          "dti": 238,
          "sco": 153,
          "dco": 1223,
          "txt": "exist"
        },
        {
          "si": 12,
          "sti": 30,
          "dti": 239,
          "sco": 159,
          "dco": 1229,
          "txt": "on"
        },
        {
          "si": 12,
          "sti": 31,
          "dti": 240,
          "sco": 162,
          "dco": 1232,
          "txt": "a"
        },
        {
          "si": 12,
          "sti": 32,
          "dti": 241,
          "sco": 164,
          "dco": 1234,
          "txt": "state"
        },
        {
          "si": 12,
          "sti": 33,
          "dti": 242,
          "sco": 170,
          "dco": 1240,
          "txt": "highway"
        },
        {
          "si": 12,
          "sti": 34,
          "dti": 243,
          "sco": 177,
          "dco": 1247,
          "txt": "."
        },
        {
          "si": 13,
          "sti": 0,
          "dti": 244,
          "sco": 0,
          "dco": 1249,
          "txt": "The"
        },
        {
          "si": 13,
          "sti": 1,
          "dti": 245,
          "sco": 4,
          "dco": 1253,
          "txt": "Highland"
        },
        {
          "si": 13,
          "sti": 2,
          "dti": 246,
          "sco": 13,
          "dco": 1262,
          "txt": "County"
        },
        {
          "si": 13,
          "sti": 3,
          "dti": 247,
          "sco": 20,
          "dco": 1269,
          "txt": "Board"
        },
        {
          "si": 13,
          "sti": 4,
          "dti": 248,
          "sco": 26,
          "dco": 1275,
          "txt": "of"
        },
        {
          "si": 13,
          "sti": 5,
          "dti": 249,
          "sco": 29,
          "dco": 1278,
          "txt": "Commissioners"
        },
        {
          "si": 13,
          "sti": 6,
          "dti": 250,
          "sco": 43,
          "dco": 1292,
          "txt": "eventually"
        },
        {
          "si": 13,
          "sti": 7,
          "dti": 251,
          "sco": 54,
          "dco": 1303,
          "txt": "agreed"
        },
        {
          "si": 13,
          "sti": 8,
          "dti": 252,
          "sco": 60,
          "dco": 1309,
          "txt": ","
        },
        {
          "si": 13,
          "sti": 9,
          "dti": 253,
          "sco": 62,
          "dco": 1311,
          "txt": "after"
        },
        {
          "si": 13,
          "sti": 10,
          "dti": 254,
          "sco": 68,
          "dco": 1317,
          "txt": "strong"
        },
        {
          "si": 13,
          "sti": 11,
          "dti": 255,
          "sco": 75,
          "dco": 1324,
          "txt": "community"
        },
        {
          "si": 13,
          "sti": 12,
          "dti": 256,
          "sco": 85,
          "dco": 1334,
          "txt": "input"
        },
        {
          "si": 13,
          "sti": 13,
          "dti": 257,
          "sco": 90,
          "dco": 1339,
          "txt": ","
        },
        {
          "si": 13,
          "sti": 14,
          "dti": 258,
          "sco": 92,
          "dco": 1341,
          "txt": "to"
        },
        {
          "si": 13,
          "sti": 15,
          "dti": 259,
          "sco": 95,
          "dco": 1344,
          "txt": "allow"
        },
        {
          "si": 13,
          "sti": 16,
          "dti": 260,
          "sco": 101,
          "dco": 1350,
          "txt": "the"
        },
        {
          "si": 13,
          "sti": 17,
          "dti": 261,
          "sco": 105,
          "dco": 1354,
          "txt": "bridge"
        },
        {
          "si": 13,
          "sti": 18,
          "dti": 262,
          "sco": 112,
          "dco": 1361,
          "txt": "to"
        },
        {
          "si": 13,
          "sti": 19,
          "dti": 263,
          "sco": 115,
          "dco": 1364,
          "txt": "remain"
        },
        {
          "si": 13,
          "sti": 20,
          "dti": 264,
          "sco": 122,
          "dco": 1371,
          "txt": "in"
        },
        {
          "si": 13,
          "sti": 21,
          "dti": 265,
          "sco": 125,
          "dco": 1374,
          "txt": "place"
        },
        {
          "si": 13,
          "sti": 22,
          "dti": 266,
          "sco": 130,
          "dco": 1379,
          "txt": "."
        },
        {
          "si": 14,
          "sti": 0,
          "dti": 267,
          "sco": 0,
          "dco": 1381,
          "txt": "In"
        },
        {
          "si": 14,
          "sti": 1,
          "dti": 268,
          "sco": 3,
          "dco": 1384,
          "txt": "1969"
        },
        {
          "si": 14,
          "sti": 2,
          "dti": 269,
          "sco": 8,
          "dco": 1389,
          "txt": "a"
        },
        {
          "si": 14,
          "sti": 3,
          "dti": 270,
          "sco": 10,
          "dco": 1391,
          "txt": "new"
        },
        {
          "si": 14,
          "sti": 4,
          "dti": 271,
          "sco": 14,
          "dco": 1395,
          "txt": "bridge"
        },
        {
          "si": 14,
          "sti": 5,
          "dti": 272,
          "sco": 21,
          "dco": 1402,
          "txt": "was"
        },
        {
          "si": 14,
          "sti": 6,
          "dti": 273,
          "sco": 25,
          "dco": 1406,
          "txt": "constructed"
        },
        {
          "si": 14,
          "sti": 7,
          "dti": 274,
          "sco": 37,
          "dco": 1418,
          "txt": "over"
        },
        {
          "si": 14,
          "sti": 8,
          "dti": 275,
          "sco": 42,
          "dco": 1423,
          "txt": "the"
        },
        {
          "si": 14,
          "sti": 9,
          "dti": 276,
          "sco": 46,
          "dco": 1427,
          "txt": "Little"
        },
        {
          "si": 14,
          "sti": 10,
          "dti": 277,
          "sco": 53,
          "dco": 1434,
          "txt": "Miami"
        },
        {
          "si": 14,
          "sti": 11,
          "dti": 278,
          "sco": 59,
          "dco": 1440,
          "txt": "River"
        },
        {
          "si": 14,
          "sti": 12,
          "dti": 279,
          "sco": 64,
          "dco": 1445,
          "txt": ","
        },
        {
          "si": 14,
          "sti": 13,
          "dti": 280,
          "sco": 66,
          "dco": 1447,
          "txt": "allowing"
        },
        {
          "si": 14,
          "sti": 14,
          "dti": 281,
          "sco": 75,
          "dco": 1456,
          "txt": "access"
        },
        {
          "si": 14,
          "sti": 15,
          "dti": 282,
          "sco": 82,
          "dco": 1463,
          "txt": "to"
        },
        {
          "si": 14,
          "sti": 16,
          "dti": 283,
          "sco": 85,
          "dco": 1466,
          "txt": "Lynchburg"
        },
        {
          "si": 14,
          "sti": 17,
          "dti": 284,
          "sco": 95,
          "dco": 1476,
          "txt": "from"
        },
        {
          "si": 14,
          "sti": 18,
          "dti": 285,
          "sco": 100,
          "dco": 1481,
          "txt": "Clinton"
        },
        {
          "si": 14,
          "sti": 19,
          "dti": 286,
          "sco": 108,
          "dco": 1489,
          "txt": "County"
        },
        {
          "si": 14,
          "sti": 20,
          "dti": 287,
          "sco": 114,
          "dco": 1495,
          "txt": "."
        },
        {
          "si": 15,
          "sti": 0,
          "dti": 288,
          "sco": 0,
          "dco": 1497,
          "txt": "The"
        },
        {
          "si": 15,
          "sti": 1,
          "dti": 289,
          "sco": 4,
          "dco": 1501,
          "txt": "Lynchburg"
        },
        {
          "si": 15,
          "sti": 2,
          "dti": 290,
          "sco": 14,
          "dco": 1511,
          "txt": "Covered"
        },
        {
          "si": 15,
          "sti": 3,
          "dti": 291,
          "sco": 22,
          "dco": 1519,
          "txt": "Bridge"
        },
        {
          "si": 15,
          "sti": 4,
          "dti": 292,
          "sco": 29,
          "dco": 1526,
          "txt": "was"
        },
        {
          "si": 15,
          "sti": 5,
          "dti": 293,
          "sco": 33,
          "dco": 1530,
          "txt": "retired"
        },
        {
          "si": 15,
          "sti": 6,
          "dti": 294,
          "sco": 41,
          "dco": 1538,
          "txt": "from"
        },
        {
          "si": 15,
          "sti": 7,
          "dti": 295,
          "sco": 46,
          "dco": 1543,
          "txt": "active"
        },
        {
          "si": 15,
          "sti": 8,
          "dti": 296,
          "sco": 53,
          "dco": 1550,
          "txt": "service"
        },
        {
          "si": 15,
          "sti": 9,
          "dti": 297,
          "sco": 61,
          "dco": 1558,
          "txt": "and"
        },
        {
          "si": 15,
          "sti": 10,
          "dti": 298,
          "sco": 65,
          "dco": 1562,
          "txt": "closed"
        },
        {
          "si": 15,
          "sti": 11,
          "dti": 299,
          "sco": 72,
          "dco": 1569,
          "txt": "to"
        },
        {
          "si": 15,
          "sti": 12,
          "dti": 300,
          "sco": 75,
          "dco": 1572,
          "txt": "traffic"
        },
        {
          "si": 15,
          "sti": 13,
          "dti": 301,
          "sco": 83,
          "dco": 1580,
          "txt": "and"
        },
        {
          "si": 15,
          "sti": 14,
          "dti": 302,
          "sco": 87,
          "dco": 1584,
          "txt": "Clinton"
        },
        {
          "si": 15,
          "sti": 15,
          "dti": 303,
          "sco": 95,
          "dco": 1592,
          "txt": "County"
        },
        {
          "si": 15,
          "sti": 16,
          "dti": 304,
          "sco": 102,
          "dco": 1599,
          "txt": "relinquished"
        },
        {
          "si": 15,
          "sti": 17,
          "dti": 305,
          "sco": 115,
          "dco": 1612,
          "txt": "rights"
        },
        {
          "si": 15,
          "sti": 18,
          "dti": 306,
          "sco": 122,
          "dco": 1619,
          "txt": "to"
        },
        {
          "si": 15,
          "sti": 19,
          "dti": 307,
          "sco": 125,
          "dco": 1622,
          "txt": "the"
        },
        {
          "si": 15,
          "sti": 20,
          "dti": 308,
          "sco": 129,
          "dco": 1626,
          "txt": "bridge"
        },
        {
          "si": 15,
          "sti": 21,
          "dti": 309,
          "sco": 135,
          "dco": 1632,
          "txt": "."
        },
        {
          "si": 16,
          "sti": 0,
          "dti": 310,
          "sco": 0,
          "dco": 1634,
          "txt": "Five"
        },
        {
          "si": 16,
          "sti": 1,
          "dti": 311,
          "sco": 5,
          "dco": 1639,
          "txt": "years"
        },
        {
          "si": 16,
          "sti": 2,
          "dti": 312,
          "sco": 11,
          "dco": 1645,
          "txt": "later"
        },
        {
          "si": 16,
          "sti": 3,
          "dti": 313,
          "sco": 16,
          "dco": 1650,
          "txt": ","
        },
        {
          "si": 16,
          "sti": 4,
          "dti": 314,
          "sco": 18,
          "dco": 1652,
          "txt": "the"
        },
        {
          "si": 16,
          "sti": 5,
          "dti": 315,
          "sco": 22,
          "dco": 1656,
          "txt": "bridge"
        },
        {
          "si": 16,
          "sti": 6,
          "dti": 316,
          "sco": 29,
          "dco": 1663,
          "txt": "sustained"
        },
        {
          "si": 16,
          "sti": 7,
          "dti": 317,
          "sco": 39,
          "dco": 1673,
          "txt": "severe"
        },
        {
          "si": 16,
          "sti": 8,
          "dti": 318,
          "sco": 46,
          "dco": 1680,
          "txt": "storm"
        },
        {
          "si": 16,
          "sti": 9,
          "dti": 319,
          "sco": 52,
          "dco": 1686,
          "txt": "damage"
        },
        {
          "si": 16,
          "sti": 10,
          "dti": 320,
          "sco": 59,
          "dco": 1693,
          "txt": "when"
        },
        {
          "si": 16,
          "sti": 11,
          "dti": 321,
          "sco": 64,
          "dco": 1698,
          "txt": "high"
        },
        {
          "si": 16,
          "sti": 12,
          "dti": 322,
          "sco": 69,
          "dco": 1703,
          "txt": "winds"
        },
        {
          "si": 16,
          "sti": 13,
          "dti": 323,
          "sco": 75,
          "dco": 1709,
          "txt": "blew"
        },
        {
          "si": 16,
          "sti": 14,
          "dti": 324,
          "sco": 80,
          "dco": 1714,
          "txt": "most"
        },
        {
          "si": 16,
          "sti": 15,
          "dti": 325,
          "sco": 85,
          "dco": 1719,
          "txt": "of"
        },
        {
          "si": 16,
          "sti": 16,
          "dti": 326,
          "sco": 88,
          "dco": 1722,
          "txt": "the"
        },
        {
          "si": 16,
          "sti": 17,
          "dti": 327,
          "sco": 92,
          "dco": 1726,
          "txt": "roof"
        },
        {
          "si": 16,
          "sti": 18,
          "dti": 328,
          "sco": 97,
          "dco": 1731,
          "txt": "into"
        },
        {
          "si": 16,
          "sti": 19,
          "dti": 329,
          "sco": 102,
          "dco": 1736,
          "txt": "the"
        },
        {
          "si": 16,
          "sti": 20,
          "dti": 330,
          "sco": 106,
          "dco": 1740,
          "txt": "Little"
        },
        {
          "si": 16,
          "sti": 21,
          "dti": 331,
          "sco": 113,
          "dco": 1747,
          "txt": "Miami"
        },
        {
          "si": 16,
          "sti": 22,
          "dti": 332,
          "sco": 119,
          "dco": 1753,
          "txt": "River"
        },
        {
          "si": 16,
          "sti": 23,
          "dti": 333,
          "sco": 124,
          "dco": 1758,
          "txt": "."
        },
        {
          "si": 17,
          "sti": 0,
          "dti": 334,
          "sco": 0,
          "dco": 1760,
          "txt": "Materials"
        },
        {
          "si": 17,
          "sti": 1,
          "dti": 335,
          "sco": 10,
          "dco": 1770,
          "txt": "were"
        },
        {
          "si": 17,
          "sti": 2,
          "dti": 336,
          "sco": 15,
          "dco": 1775,
          "txt": "donated"
        },
        {
          "si": 17,
          "sti": 3,
          "dti": 337,
          "sco": 23,
          "dco": 1783,
          "txt": "for"
        },
        {
          "si": 17,
          "sti": 4,
          "dti": 338,
          "sco": 27,
          "dco": 1787,
          "txt": "repairs"
        },
        {
          "si": 17,
          "sti": 5,
          "dti": 339,
          "sco": 34,
          "dco": 1794,
          "txt": ","
        },
        {
          "si": 17,
          "sti": 6,
          "dti": 340,
          "sco": 36,
          "dco": 1796,
          "txt": "and"
        },
        {
          "si": 17,
          "sti": 7,
          "dti": 341,
          "sco": 40,
          "dco": 1800,
          "txt": "the"
        },
        {
          "si": 17,
          "sti": 8,
          "dti": 342,
          "sco": 44,
          "dco": 1804,
          "txt": "Lynchburg"
        },
        {
          "si": 17,
          "sti": 9,
          "dti": 343,
          "sco": 54,
          "dco": 1814,
          "txt": "Historical"
        },
        {
          "si": 17,
          "sti": 10,
          "dti": 344,
          "sco": 65,
          "dco": 1825,
          "txt": "Foundation"
        },
        {
          "si": 17,
          "sti": 11,
          "dti": 345,
          "sco": 76,
          "dco": 1836,
          "txt": "launched"
        },
        {
          "si": 17,
          "sti": 12,
          "dti": 346,
          "sco": 85,
          "dco": 1845,
          "txt": "a"
        },
        {
          "si": 17,
          "sti": 13,
          "dti": 347,
          "sco": 87,
          "dco": 1847,
          "txt": "fund"
        },
        {
          "si": 17,
          "sti": 14,
          "dti": 348,
          "sco": 92,
          "dco": 1852,
          "txt": "raising"
        },
        {
          "si": 17,
          "sti": 15,
          "dti": 349,
          "sco": 100,
          "dco": 1860,
          "txt": "campaign"
        },
        {
          "si": 17,
          "sti": 16,
          "dti": 350,
          "sco": 108,
          "dco": 1868,
          "txt": ","
        },
        {
          "si": 17,
          "sti": 17,
          "dti": 351,
          "sco": 110,
          "dco": 1870,
          "txt": "which"
        },
        {
          "si": 17,
          "sti": 18,
          "dti": 352,
          "sco": 116,
          "dco": 1876,
          "txt": "raised"
        },
        {
          "si": 17,
          "sti": 19,
          "dti": 353,
          "sco": 123,
          "dco": 1883,
          "txt": "a"
        },
        {
          "si": 17,
          "sti": 20,
          "dti": 354,
          "sco": 125,
          "dco": 1885,
          "txt": "further"
        },
        {
          "si": 17,
          "sti": 21,
          "dti": 355,
          "sco": 133,
          "dco": 1893,
          "txt": "$"
        },
        {
          "si": 17,
          "sti": 22,
          "dti": 356,
          "sco": 134,
          "dco": 1894,
          "txt": "6000"
        },
        {
          "si": 17,
          "sti": 23,
          "dti": 357,
          "sco": 139,
          "dco": 1899,
          "txt": "for"
        },
        {
          "si": 17,
          "sti": 24,
          "dti": 358,
          "sco": 143,
          "dco": 1903,
          "txt": "repairs"
        },
        {
          "si": 17,
          "sti": 25,
          "dti": 359,
          "sco": 150,
          "dco": 1910,
          "txt": "."
        },
        {
          "si": 18,
          "sti": 0,
          "dti": 360,
          "sco": 0,
          "dco": 1912,
          "txt": "The"
        },
        {
          "si": 18,
          "sti": 1,
          "dti": 361,
          "sco": 4,
          "dco": 1916,
          "txt": "restoration"
        },
        {
          "si": 18,
          "sti": 2,
          "dti": 362,
          "sco": 16,
          "dco": 1928,
          "txt": "and"
        },
        {
          "si": 18,
          "sti": 3,
          "dti": 363,
          "sco": 20,
          "dco": 1932,
          "txt": "renovation"
        },
        {
          "si": 18,
          "sti": 4,
          "dti": 364,
          "sco": 31,
          "dco": 1943,
          "txt": "was"
        },
        {
          "si": 18,
          "sti": 5,
          "dti": 365,
          "sco": 35,
          "dco": 1947,
          "txt": "eventually"
        },
        {
          "si": 18,
          "sti": 6,
          "dti": 366,
          "sco": 46,
          "dco": 1958,
          "txt": "carried"
        },
        {
          "si": 18,
          "sti": 7,
          "dti": 367,
          "sco": 54,
          "dco": 1966,
          "txt": "out"
        },
        {
          "si": 18,
          "sti": 8,
          "dti": 368,
          "sco": 58,
          "dco": 1970,
          "txt": "by"
        },
        {
          "si": 18,
          "sti": 9,
          "dti": 369,
          "sco": 61,
          "dco": 1973,
          "txt": "volunteers"
        },
        {
          "si": 18,
          "sti": 10,
          "dti": 370,
          "sco": 71,
          "dco": 1983,
          "txt": "."
        },
        {
          "si": 19,
          "sti": 0,
          "dti": 371,
          "sco": 0,
          "dco": 1985,
          "txt": "The"
        },
        {
          "si": 19,
          "sti": 1,
          "dti": 372,
          "sco": 4,
          "dco": 1989,
          "txt": "Ohio"
        },
        {
          "si": 19,
          "sti": 2,
          "dti": 373,
          "sco": 9,
          "dco": 1994,
          "txt": "Historic"
        },
        {
          "si": 19,
          "sti": 3,
          "dti": 374,
          "sco": 18,
          "dco": 2003,
          "txt": "Bridge"
        },
        {
          "si": 19,
          "sti": 4,
          "dti": 375,
          "sco": 25,
          "dco": 2010,
          "txt": "Society"
        },
        {
          "si": 19,
          "sti": 5,
          "dti": 376,
          "sco": 33,
          "dco": 2018,
          "txt": "applied"
        },
        {
          "si": 19,
          "sti": 6,
          "dti": 377,
          "sco": 41,
          "dco": 2026,
          "txt": "to"
        },
        {
          "si": 19,
          "sti": 7,
          "dti": 378,
          "sco": 44,
          "dco": 2029,
          "txt": "have"
        },
        {
          "si": 19,
          "sti": 8,
          "dti": 379,
          "sco": 49,
          "dco": 2034,
          "txt": "the"
        },
        {
          "si": 19,
          "sti": 9,
          "dti": 380,
          "sco": 53,
          "dco": 2038,
          "txt": "bridge"
        },
        {
          "si": 19,
          "sti": 10,
          "dti": 381,
          "sco": 60,
          "dco": 2045,
          "txt": "designated"
        },
        {
          "si": 19,
          "sti": 11,
          "dti": 382,
          "sco": 71,
          "dco": 2056,
          "txt": "as"
        },
        {
          "si": 19,
          "sti": 12,
          "dti": 383,
          "sco": 74,
          "dco": 2059,
          "txt": "an"
        },
        {
          "si": 19,
          "sti": 13,
          "dti": 384,
          "sco": 77,
          "dco": 2062,
          "txt": "historic"
        },
        {
          "si": 19,
          "sti": 14,
          "dti": 385,
          "sco": 86,
          "dco": 2071,
          "txt": "landmark"
        },
        {
          "si": 19,
          "sti": 15,
          "dti": 386,
          "sco": 94,
          "dco": 2079,
          "txt": ","
        },
        {
          "si": 19,
          "sti": 16,
          "dti": 387,
          "sco": 96,
          "dco": 2081,
          "txt": "and"
        },
        {
          "si": 19,
          "sti": 17,
          "dti": 388,
          "sco": 100,
          "dco": 2085,
          "txt": "the"
        },
        {
          "si": 19,
          "sti": 18,
          "dti": 389,
          "sco": 104,
          "dco": 2089,
          "txt": "bridge"
        },
        {
          "si": 19,
          "sti": 19,
          "dti": 390,
          "sco": 111,
          "dco": 2096,
          "txt": "was"
        },
        {
          "si": 19,
          "sti": 20,
          "dti": 391,
          "sco": 115,
          "dco": 2100,
          "txt": "so"
        },
        {
          "si": 19,
          "sti": 21,
          "dti": 392,
          "sco": 118,
          "dco": 2103,
          "txt": "designated"
        },
        {
          "si": 19,
          "sti": 22,
          "dti": 393,
          "sco": 129,
          "dco": 2114,
          "txt": "on"
        },
        {
          "si": 19,
          "sti": 23,
          "dti": 394,
          "sco": 132,
          "dco": 2117,
          "txt": "March"
        },
        {
          "si": 19,
          "sti": 24,
          "dti": 395,
          "sco": 138,
          "dco": 2123,
          "txt": "16"
        },
        {
          "si": 19,
          "sti": 25,
          "dti": 396,
          "sco": 140,
          "dco": 2125,
          "txt": ","
        },
        {
          "si": 19,
          "sti": 26,
          "dti": 397,
          "sco": 142,
          "dco": 2127,
          "txt": "1976"
        },
        {
          "si": 19,
          "sti": 27,
          "dti": 398,
          "sco": 146,
          "dco": 2131,
          "txt": ","
        },
        {
          "si": 19,
          "sti": 28,
          "dti": 399,
          "sco": 148,
          "dco": 2133,
          "txt": "with"
        },
        {
          "si": 19,
          "sti": 29,
          "dti": 400,
          "sco": 153,
          "dco": 2138,
          "txt": "its"
        },
        {
          "si": 19,
          "sti": 30,
          "dti": 401,
          "sco": 157,
          "dco": 2142,
          "txt": "addition"
        },
        {
          "si": 19,
          "sti": 31,
          "dti": 402,
          "sco": 166,
          "dco": 2151,
          "txt": "to"
        },
        {
          "si": 19,
          "sti": 32,
          "dti": 403,
          "sco": 169,
          "dco": 2154,
          "txt": "the"
        },
        {
          "si": 19,
          "sti": 33,
          "dti": 404,
          "sco": 173,
          "dco": 2158,
          "txt": "National"
        },
        {
          "si": 19,
          "sti": 34,
          "dti": 405,
          "sco": 182,
          "dco": 2167,
          "txt": "Register"
        },
        {
          "si": 19,
          "sti": 35,
          "dti": 406,
          "sco": 191,
          "dco": 2176,
          "txt": "of"
        },
        {
          "si": 19,
          "sti": 36,
          "dti": 407,
          "sco": 194,
          "dco": 2179,
          "txt": "Historic"
        },
        {
          "si": 19,
          "sti": 37,
          "dti": 408,
          "sco": 203,
          "dco": 2188,
          "txt": "Places"
        },
        {
          "si": 19,
          "sti": 38,
          "dti": 409,
          "sco": 209,
          "dco": 2194,
          "txt": "."
        },
        {
          "si": 20,
          "sti": 0,
          "dti": 410,
          "sco": 0,
          "dco": 2196,
          "txt": "Ohio"
        },
        {
          "si": 20,
          "sti": 1,
          "dti": 411,
          "sco": 4,
          "dco": 2200,
          "txt": "'"
        },
        {
          "si": 20,
          "sti": 2,
          "dti": 412,
          "sco": 5,
          "dco": 2201,
          "txt": "s"
        },
        {
          "si": 20,
          "sti": 3,
          "dti": 413,
          "sco": 7,
          "dco": 2203,
          "txt": "only"
        },
        {
          "si": 20,
          "sti": 4,
          "dti": 414,
          "sco": 12,
          "dco": 2208,
          "txt": "covered"
        },
        {
          "si": 20,
          "sti": 5,
          "dti": 415,
          "sco": 20,
          "dco": 2216,
          "txt": "bridge"
        },
        {
          "si": 20,
          "sti": 6,
          "dti": 416,
          "sco": 27,
          "dco": 2223,
          "txt": "spanning"
        },
        {
          "si": 20,
          "sti": 7,
          "dti": 417,
          "sco": 36,
          "dco": 2232,
          "txt": "a"
        },
        {
          "si": 20,
          "sti": 8,
          "dti": 418,
          "sco": 38,
          "dco": 2234,
          "txt": "county"
        },
        {
          "si": 20,
          "sti": 9,
          "dti": 419,
          "sco": 45,
          "dco": 2241,
          "txt": "line"
        },
        {
          "si": 20,
          "sti": 10,
          "dti": 420,
          "sco": 49,
          "dco": 2245,
          "txt": ","
        },
        {
          "si": 20,
          "sti": 11,
          "dti": 421,
          "sco": 51,
          "dco": 2247,
          "txt": "it"
        },
        {
          "si": 20,
          "sti": 12,
          "dti": 422,
          "sco": 54,
          "dco": 2250,
          "txt": "was"
        },
        {
          "si": 20,
          "sti": 13,
          "dti": 423,
          "sco": 58,
          "dco": 2254,
          "txt": "one"
        },
        {
          "si": 20,
          "sti": 14,
          "dti": 424,
          "sco": 62,
          "dco": 2258,
          "txt": "of"
        },
        {
          "si": 20,
          "sti": 15,
          "dti": 425,
          "sco": 65,
          "dco": 2261,
          "txt": "eight"
        },
        {
          "si": 20,
          "sti": 16,
          "dti": 426,
          "sco": 71,
          "dco": 2267,
          "txt": "surviving"
        },
        {
          "si": 20,
          "sti": 17,
          "dti": 427,
          "sco": 81,
          "dco": 2277,
          "txt": "Long"
        },
        {
          "si": 20,
          "sti": 18,
          "dti": 428,
          "sco": 86,
          "dco": 2282,
          "txt": "truss"
        },
        {
          "si": 20,
          "sti": 19,
          "dti": 429,
          "sco": 92,
          "dco": 2288,
          "txt": "covered"
        },
        {
          "si": 20,
          "sti": 20,
          "dti": 430,
          "sco": 100,
          "dco": 2296,
          "txt": "bridges"
        },
        {
          "si": 20,
          "sti": 21,
          "dti": 431,
          "sco": 108,
          "dco": 2304,
          "txt": "at"
        },
        {
          "si": 20,
          "sti": 22,
          "dti": 432,
          "sco": 111,
          "dco": 2307,
          "txt": "the"
        },
        {
          "si": 20,
          "sti": 23,
          "dti": 433,
          "sco": 115,
          "dco": 2311,
          "txt": "time"
        },
        {
          "si": 20,
          "sti": 24,
          "dti": 434,
          "sco": 120,
          "dco": 2316,
          "txt": "of"
        },
        {
          "si": 20,
          "sti": 25,
          "dti": 435,
          "sco": 123,
          "dco": 2319,
          "txt": "its"
        },
        {
          "si": 20,
          "sti": 26,
          "dti": 436,
          "sco": 127,
          "dco": 2323,
          "txt": "designation"
        },
        {
          "si": 20,
          "sti": 27,
          "dti": 437,
          "sco": 138,
          "dco": 2334,
          "txt": "."
        },
        {
          "si": 21,
          "sti": 0,
          "dti": 438,
          "sco": 0,
          "dco": 2336,
          "txt": "Social"
        },
        {
          "si": 21,
          "sti": 1,
          "dti": 439,
          "sco": 7,
          "dco": 2343,
          "txt": "impact"
        },
        {
          "si": 21,
          "sti": 2,
          "dti": 440,
          "sco": 14,
          "dco": 2350,
          "txt": "on"
        },
        {
          "si": 21,
          "sti": 3,
          "dti": 441,
          "sco": 17,
          "dco": 2353,
          "txt": "the"
        },
        {
          "si": 21,
          "sti": 4,
          "dti": 442,
          "sco": 21,
          "dco": 2357,
          "txt": "local"
        },
        {
          "si": 21,
          "sti": 5,
          "dti": 443,
          "sco": 27,
          "dco": 2363,
          "txt": "community"
        },
        {
          "si": 21,
          "sti": 6,
          "dti": 444,
          "sco": 36,
          "dco": 2372,
          "txt": "."
        },
        {
          "si": 22,
          "sti": 0,
          "dti": 445,
          "sco": 0,
          "dco": 2374,
          "txt": "The"
        },
        {
          "si": 22,
          "sti": 1,
          "dti": 446,
          "sco": 4,
          "dco": 2378,
          "txt": "Lynchburg"
        },
        {
          "si": 22,
          "sti": 2,
          "dti": 447,
          "sco": 14,
          "dco": 2388,
          "txt": "Covered"
        },
        {
          "si": 22,
          "sti": 3,
          "dti": 448,
          "sco": 22,
          "dco": 2396,
          "txt": "Bridge"
        },
        {
          "si": 22,
          "sti": 4,
          "dti": 449,
          "sco": 28,
          "dco": 2402,
          "txt": ","
        },
        {
          "si": 22,
          "sti": 5,
          "dti": 450,
          "sco": 30,
          "dco": 2404,
          "txt": "and"
        },
        {
          "si": 22,
          "sti": 6,
          "dti": 451,
          "sco": 34,
          "dco": 2408,
          "txt": "the"
        },
        {
          "si": 22,
          "sti": 7,
          "dti": 452,
          "sco": 38,
          "dco": 2412,
          "txt": "surrounding"
        },
        {
          "si": 22,
          "sti": 8,
          "dti": 453,
          "sco": 50,
          "dco": 2424,
          "txt": "Ruth"
        },
        {
          "si": 22,
          "sti": 9,
          "dti": 454,
          "sco": 55,
          "dco": 2429,
          "txt": "Cramton"
        },
        {
          "si": 22,
          "sti": 10,
          "dti": 455,
          "sco": 63,
          "dco": 2437,
          "txt": "Memorial"
        },
        {
          "si": 22,
          "sti": 11,
          "dti": 456,
          "sco": 72,
          "dco": 2446,
          "txt": "Park"
        },
        {
          "si": 22,
          "sti": 12,
          "dti": 457,
          "sco": 76,
          "dco": 2450,
          "txt": ","
        },
        {
          "si": 22,
          "sti": 13,
          "dti": 458,
          "sco": 78,
          "dco": 2452,
          "txt": "has"
        },
        {
          "si": 22,
          "sti": 14,
          "dti": 459,
          "sco": 82,
          "dco": 2456,
          "txt": "become"
        },
        {
          "si": 22,
          "sti": 15,
          "dti": 460,
          "sco": 89,
          "dco": 2463,
          "txt": "a"
        },
        {
          "si": 22,
          "sti": 16,
          "dti": 461,
          "sco": 91,
          "dco": 2465,
          "txt": "center"
        },
        {
          "si": 22,
          "sti": 17,
          "dti": 462,
          "sco": 98,
          "dco": 2472,
          "txt": "for"
        },
        {
          "si": 22,
          "sti": 18,
          "dti": 463,
          "sco": 102,
          "dco": 2476,
          "txt": "social"
        },
        {
          "si": 22,
          "sti": 19,
          "dti": 464,
          "sco": 109,
          "dco": 2483,
          "txt": "gatherings"
        },
        {
          "si": 22,
          "sti": 20,
          "dti": 465,
          "sco": 120,
          "dco": 2494,
          "txt": "and"
        },
        {
          "si": 22,
          "sti": 21,
          "dti": 466,
          "sco": 124,
          "dco": 2498,
          "txt": "activities"
        },
        {
          "si": 22,
          "sti": 22,
          "dti": 467,
          "sco": 135,
          "dco": 2509,
          "txt": "for"
        },
        {
          "si": 22,
          "sti": 23,
          "dti": 468,
          "sco": 139,
          "dco": 2513,
          "txt": "the"
        },
        {
          "si": 22,
          "sti": 24,
          "dti": 469,
          "sco": 143,
          "dco": 2517,
          "txt": "greater"
        },
        {
          "si": 22,
          "sti": 25,
          "dti": 470,
          "sco": 151,
          "dco": 2525,
          "txt": "Lynchburg"
        },
        {
          "si": 22,
          "sti": 26,
          "dti": 471,
          "sco": 161,
          "dco": 2535,
          "txt": "community"
        },
        {
          "si": 22,
          "sti": 27,
          "dti": 472,
          "sco": 170,
          "dco": 2544,
          "txt": "."
        },
        {
          "si": 23,
          "sti": 0,
          "dti": 473,
          "sco": 0,
          "dco": 2546,
          "txt": "Since"
        },
        {
          "si": 23,
          "sti": 1,
          "dti": 474,
          "sco": 6,
          "dco": 2552,
          "txt": "the"
        },
        {
          "si": 23,
          "sti": 2,
          "dti": 475,
          "sco": 10,
          "dco": 2556,
          "txt": "1980"
        },
        {
          "si": 23,
          "sti": 3,
          "dti": 476,
          "sco": 14,
          "dco": 2560,
          "txt": "s"
        },
        {
          "si": 23,
          "sti": 4,
          "dti": 477,
          "sco": 16,
          "dco": 2562,
          "txt": "several"
        },
        {
          "si": 23,
          "sti": 5,
          "dti": 478,
          "sco": 24,
          "dco": 2570,
          "txt": "major"
        },
        {
          "si": 23,
          "sti": 6,
          "dti": 479,
          "sco": 30,
          "dco": 2576,
          "txt": "seasonal"
        },
        {
          "si": 23,
          "sti": 7,
          "dti": 480,
          "sco": 39,
          "dco": 2585,
          "txt": "events"
        },
        {
          "si": 23,
          "sti": 8,
          "dti": 481,
          "sco": 46,
          "dco": 2592,
          "txt": "have"
        },
        {
          "si": 23,
          "sti": 9,
          "dti": 482,
          "sco": 51,
          "dco": 2597,
          "txt": "called"
        },
        {
          "si": 23,
          "sti": 10,
          "dti": 483,
          "sco": 58,
          "dco": 2604,
          "txt": "the"
        },
        {
          "si": 23,
          "sti": 11,
          "dti": 484,
          "sco": 62,
          "dco": 2608,
          "txt": "historic"
        },
        {
          "si": 23,
          "sti": 12,
          "dti": 485,
          "sco": 71,
          "dco": 2617,
          "txt": "bridge"
        },
        {
          "si": 23,
          "sti": 13,
          "dti": 486,
          "sco": 78,
          "dco": 2624,
          "txt": "home"
        },
        {
          "si": 23,
          "sti": 14,
          "dti": 487,
          "sco": 82,
          "dco": 2628,
          "txt": ","
        },
        {
          "si": 23,
          "sti": 15,
          "dti": 488,
          "sco": 84,
          "dco": 2630,
          "txt": "including"
        },
        {
          "si": 23,
          "sti": 16,
          "dti": 489,
          "sco": 94,
          "dco": 2640,
          "txt": "several"
        },
        {
          "si": 23,
          "sti": 17,
          "dti": 490,
          "sco": 102,
          "dco": 2648,
          "txt": "annual"
        },
        {
          "si": 23,
          "sti": 18,
          "dti": 491,
          "sco": 109,
          "dco": 2655,
          "txt": "covered"
        },
        {
          "si": 23,
          "sti": 19,
          "dti": 492,
          "sco": 117,
          "dco": 2663,
          "txt": "bridge"
        },
        {
          "si": 23,
          "sti": 20,
          "dti": 493,
          "sco": 124,
          "dco": 2670,
          "txt": "festivals"
        },
        {
          "si": 23,
          "sti": 21,
          "dti": 494,
          "sco": 133,
          "dco": 2679,
          "txt": ","
        },
        {
          "si": 23,
          "sti": 22,
          "dti": 495,
          "sco": 135,
          "dco": 2681,
          "txt": "civil"
        },
        {
          "si": 23,
          "sti": 23,
          "dti": 496,
          "sco": 141,
          "dco": 2687,
          "txt": "war"
        },
        {
          "si": 23,
          "sti": 24,
          "dti": 497,
          "sco": 145,
          "dco": 2691,
          "txt": "reenactments"
        },
        {
          "si": 23,
          "sti": 25,
          "dti": 498,
          "sco": 157,
          "dco": 2703,
          "txt": ","
        },
        {
          "si": 23,
          "sti": 26,
          "dti": 499,
          "sco": 159,
          "dco": 2705,
          "txt": "car"
        },
        {
          "si": 23,
          "sti": 27,
          "dti": 500,
          "sco": 163,
          "dco": 2709,
          "txt": "shows"
        },
        {
          "si": 23,
          "sti": 28,
          "dti": 501,
          "sco": 168,
          "dco": 2714,
          "txt": ","
        },
        {
          "si": 23,
          "sti": 29,
          "dti": 502,
          "sco": 170,
          "dco": 2716,
          "txt": "motor"
        },
        {
          "si": 23,
          "sti": 30,
          "dti": 503,
          "sco": 176,
          "dco": 2722,
          "txt": "cycle"
        },
        {
          "si": 23,
          "sti": 31,
          "dti": 504,
          "sco": 182,
          "dco": 2728,
          "txt": "gatherings"
        },
        {
          "si": 23,
          "sti": 32,
          "dti": 505,
          "sco": 192,
          "dco": 2738,
          "txt": ","
        },
        {
          "si": 23,
          "sti": 33,
          "dti": 506,
          "sco": 194,
          "dco": 2740,
          "txt": "and"
        },
        {
          "si": 23,
          "sti": 34,
          "dti": 507,
          "sco": 198,
          "dco": 2744,
          "txt": "many"
        },
        {
          "si": 23,
          "sti": 35,
          "dti": 508,
          "sco": 203,
          "dco": 2749,
          "txt": "local"
        },
        {
          "si": 23,
          "sti": 36,
          "dti": 509,
          "sco": 209,
          "dco": 2755,
          "txt": "social"
        },
        {
          "si": 23,
          "sti": 37,
          "dti": 510,
          "sco": 216,
          "dco": 2762,
          "txt": "bazaars"
        },
        {
          "si": 23,
          "sti": 38,
          "dti": 511,
          "sco": 223,
          "dco": 2769,
          "txt": "."
        },
        {
          "si": 24,
          "sti": 0,
          "dti": 512,
          "sco": 0,
          "dco": 2771,
          "txt": "In"
        },
        {
          "si": 24,
          "sti": 1,
          "dti": 513,
          "sco": 3,
          "dco": 2774,
          "txt": "the"
        },
        {
          "si": 24,
          "sti": 2,
          "dti": 514,
          "sco": 7,
          "dco": 2778,
          "txt": "1980"
        },
        {
          "si": 24,
          "sti": 3,
          "dti": 515,
          "sco": 11,
          "dco": 2782,
          "txt": "s"
        },
        {
          "si": 24,
          "sti": 4,
          "dti": 516,
          "sco": 13,
          "dco": 2784,
          "txt": "the"
        },
        {
          "si": 24,
          "sti": 5,
          "dti": 517,
          "sco": 17,
          "dco": 2788,
          "txt": "Highland"
        },
        {
          "si": 24,
          "sti": 6,
          "dti": 518,
          "sco": 26,
          "dco": 2797,
          "txt": "County"
        },
        {
          "si": 24,
          "sti": 7,
          "dti": 519,
          "sco": 32,
          "dco": 2803,
          "txt": "/"
        },
        {
          "si": 24,
          "sti": 8,
          "dti": 520,
          "sco": 33,
          "dco": 2804,
          "txt": "Clinton"
        },
        {
          "si": 24,
          "sti": 9,
          "dti": 521,
          "sco": 41,
          "dco": 2812,
          "txt": "County"
        },
        {
          "si": 24,
          "sti": 10,
          "dti": 522,
          "sco": 48,
          "dco": 2819,
          "txt": "rivalry"
        },
        {
          "si": 24,
          "sti": 11,
          "dti": 523,
          "sco": 56,
          "dco": 2827,
          "txt": "culminated"
        },
        {
          "si": 24,
          "sti": 12,
          "dti": 524,
          "sco": 67,
          "dco": 2838,
          "txt": "in"
        },
        {
          "si": 24,
          "sti": 13,
          "dti": 525,
          "sco": 70,
          "dco": 2841,
          "txt": "both"
        },
        {
          "si": 24,
          "sti": 14,
          "dti": 526,
          "sco": 75,
          "dco": 2846,
          "txt": "counties"
        },
        {
          "si": 24,
          "sti": 15,
          "dti": 527,
          "sco": 84,
          "dco": 2855,
          "txt": "gathering"
        },
        {
          "si": 24,
          "sti": 16,
          "dti": 528,
          "sco": 94,
          "dco": 2865,
          "txt": "at"
        },
        {
          "si": 24,
          "sti": 17,
          "dti": 529,
          "sco": 97,
          "dco": 2868,
          "txt": "the"
        },
        {
          "si": 24,
          "sti": 18,
          "dti": 530,
          "sco": 101,
          "dco": 2872,
          "txt": "bridge"
        },
        {
          "si": 24,
          "sti": 19,
          "dti": 531,
          "sco": 107,
          "dco": 2878,
          "txt": ","
        },
        {
          "si": 24,
          "sti": 20,
          "dti": 532,
          "sco": 109,
          "dco": 2880,
          "txt": "which"
        },
        {
          "si": 24,
          "sti": 21,
          "dti": 533,
          "sco": 115,
          "dco": 2886,
          "txt": "covers"
        },
        {
          "si": 24,
          "sti": 22,
          "dti": 534,
          "sco": 122,
          "dco": 2893,
          "txt": "the"
        },
        {
          "si": 24,
          "sti": 23,
          "dti": 535,
          "sco": 126,
          "dco": 2897,
          "txt": "boundary"
        },
        {
          "si": 24,
          "sti": 24,
          "dti": 536,
          "sco": 135,
          "dco": 2906,
          "txt": "between"
        },
        {
          "si": 24,
          "sti": 25,
          "dti": 537,
          "sco": 143,
          "dco": 2914,
          "txt": "the"
        },
        {
          "si": 24,
          "sti": 26,
          "dti": 538,
          "sco": 147,
          "dco": 2918,
          "txt": "two"
        },
        {
          "si": 24,
          "sti": 27,
          "dti": 539,
          "sco": 151,
          "dco": 2922,
          "txt": "at"
        },
        {
          "si": 24,
          "sti": 28,
          "dti": 540,
          "sco": 154,
          "dco": 2925,
          "txt": "its"
        },
        {
          "si": 24,
          "sti": 29,
          "dti": 541,
          "sco": 158,
          "dco": 2929,
          "txt": "center"
        },
        {
          "si": 24,
          "sti": 30,
          "dti": 542,
          "sco": 164,
          "dco": 2935,
          "txt": ","
        },
        {
          "si": 24,
          "sti": 31,
          "dti": 543,
          "sco": 166,
          "dco": 2937,
          "txt": "for"
        },
        {
          "si": 24,
          "sti": 32,
          "dti": 544,
          "sco": 170,
          "dco": 2941,
          "txt": "a"
        },
        {
          "si": 24,
          "sti": 33,
          "dti": 545,
          "sco": 172,
          "dco": 2943,
          "txt": "tug"
        },
        {
          "si": 24,
          "sti": 34,
          "dti": 546,
          "sco": 176,
          "dco": 2947,
          "txt": "of"
        },
        {
          "si": 24,
          "sti": 35,
          "dti": 547,
          "sco": 179,
          "dco": 2950,
          "txt": "war"
        },
        {
          "si": 24,
          "sti": 36,
          "dti": 548,
          "sco": 183,
          "dco": 2954,
          "txt": "contest"
        },
        {
          "si": 24,
          "sti": 37,
          "dti": 549,
          "sco": 191,
          "dco": 2962,
          "txt": "that"
        },
        {
          "si": 24,
          "sti": 38,
          "dti": 550,
          "sco": 196,
          "dco": 2967,
          "txt": "became"
        },
        {
          "si": 24,
          "sti": 39,
          "dti": 551,
          "sco": 203,
          "dco": 2974,
          "txt": "quite"
        },
        {
          "si": 24,
          "sti": 40,
          "dti": 552,
          "sco": 209,
          "dco": 2980,
          "txt": "the"
        },
        {
          "si": 24,
          "sti": 41,
          "dti": 553,
          "sco": 213,
          "dco": 2984,
          "txt": "local"
        },
        {
          "si": 24,
          "sti": 42,
          "dti": 554,
          "sco": 219,
          "dco": 2990,
          "txt": "community"
        },
        {
          "si": 24,
          "sti": 43,
          "dti": 555,
          "sco": 229,
          "dco": 3000,
          "txt": "event"
        },
        {
          "si": 24,
          "sti": 44,
          "dti": 556,
          "sco": 234,
          "dco": 3005,
          "txt": "."
        },
        {
          "si": 25,
          "sti": 0,
          "dti": 557,
          "sco": 0,
          "dco": 3007,
          "txt": "Since"
        },
        {
          "si": 25,
          "sti": 1,
          "dti": 558,
          "sco": 6,
          "dco": 3013,
          "txt": "the"
        },
        {
          "si": 25,
          "sti": 2,
          "dti": 559,
          "sco": 10,
          "dco": 3017,
          "txt": "time"
        },
        {
          "si": 25,
          "sti": 3,
          "dti": 560,
          "sco": 15,
          "dco": 3022,
          "txt": "of"
        },
        {
          "si": 25,
          "sti": 4,
          "dti": 561,
          "sco": 18,
          "dco": 3025,
          "txt": "the"
        },
        {
          "si": 25,
          "sti": 5,
          "dti": 562,
          "sco": 22,
          "dco": 3029,
          "txt": "park"
        },
        {
          "si": 25,
          "sti": 6,
          "dti": 563,
          "sco": 26,
          "dco": 3033,
          "txt": "'"
        },
        {
          "si": 25,
          "sti": 7,
          "dti": 564,
          "sco": 27,
          "dco": 3034,
          "txt": "s"
        },
        {
          "si": 25,
          "sti": 8,
          "dti": 565,
          "sco": 29,
          "dco": 3036,
          "txt": "establishment"
        },
        {
          "si": 25,
          "sti": 9,
          "dti": 566,
          "sco": 42,
          "dco": 3049,
          "txt": ","
        },
        {
          "si": 25,
          "sti": 10,
          "dti": 567,
          "sco": 44,
          "dco": 3051,
          "txt": "it"
        },
        {
          "si": 25,
          "sti": 11,
          "dti": 568,
          "sco": 47,
          "dco": 3054,
          "txt": "has"
        },
        {
          "si": 25,
          "sti": 12,
          "dti": 569,
          "sco": 51,
          "dco": 3058,
          "txt": "also"
        },
        {
          "si": 25,
          "sti": 13,
          "dti": 570,
          "sco": 56,
          "dco": 3063,
          "txt": "become"
        },
        {
          "si": 25,
          "sti": 14,
          "dti": 571,
          "sco": 63,
          "dco": 3070,
          "txt": "a"
        },
        {
          "si": 25,
          "sti": 15,
          "dti": 572,
          "sco": 65,
          "dco": 3072,
          "txt": "highly"
        },
        {
          "si": 25,
          "sti": 16,
          "dti": 573,
          "sco": 72,
          "dco": 3079,
          "txt": "utilized"
        },
        {
          "si": 25,
          "sti": 17,
          "dti": 574,
          "sco": 81,
          "dco": 3088,
          "txt": "place"
        },
        {
          "si": 25,
          "sti": 18,
          "dti": 575,
          "sco": 87,
          "dco": 3094,
          "txt": "for"
        },
        {
          "si": 25,
          "sti": 19,
          "dti": 576,
          "sco": 91,
          "dco": 3098,
          "txt": "organizations"
        },
        {
          "si": 25,
          "sti": 20,
          "dti": 577,
          "sco": 105,
          "dco": 3112,
          "txt": "and"
        },
        {
          "si": 25,
          "sti": 21,
          "dti": 578,
          "sco": 109,
          "dco": 3116,
          "txt": "families"
        },
        {
          "si": 25,
          "sti": 22,
          "dti": 579,
          "sco": 118,
          "dco": 3125,
          "txt": "to"
        },
        {
          "si": 25,
          "sti": 23,
          "dti": 580,
          "sco": 121,
          "dco": 3128,
          "txt": "hold"
        },
        {
          "si": 25,
          "sti": 24,
          "dti": 581,
          "sco": 126,
          "dco": 3133,
          "txt": "private"
        },
        {
          "si": 25,
          "sti": 25,
          "dti": 582,
          "sco": 134,
          "dco": 3141,
          "txt": "events"
        },
        {
          "si": 25,
          "sti": 26,
          "dti": 583,
          "sco": 140,
          "dco": 3147,
          "txt": ","
        },
        {
          "si": 25,
          "sti": 27,
          "dti": 584,
          "sco": 142,
          "dco": 3149,
          "txt": "as"
        },
        {
          "si": 25,
          "sti": 28,
          "dti": 585,
          "sco": 145,
          "dco": 3152,
          "txt": "well"
        },
        {
          "si": 25,
          "sti": 29,
          "dti": 586,
          "sco": 149,
          "dco": 3156,
          "txt": ","
        },
        {
          "si": 25,
          "sti": 30,
          "dti": 587,
          "sco": 151,
          "dco": 3158,
          "txt": "more"
        },
        {
          "si": 25,
          "sti": 31,
          "dti": 588,
          "sco": 156,
          "dco": 3163,
          "txt": "so"
        },
        {
          "si": 25,
          "sti": 32,
          "dti": 589,
          "sco": 159,
          "dco": 3166,
          "txt": "than"
        },
        {
          "si": 25,
          "sti": 33,
          "dti": 590,
          "sco": 164,
          "dco": 3171,
          "txt": "any"
        },
        {
          "si": 25,
          "sti": 34,
          "dti": 591,
          "sco": 168,
          "dco": 3175,
          "txt": "other"
        },
        {
          "si": 25,
          "sti": 35,
          "dti": 592,
          "sco": 174,
          "dco": 3181,
          "txt": "community"
        },
        {
          "si": 25,
          "sti": 36,
          "dti": 593,
          "sco": 184,
          "dco": 3191,
          "txt": "venue"
        },
        {
          "si": 25,
          "sti": 37,
          "dti": 594,
          "sco": 189,
          "dco": 3196,
          "txt": "."
        }
      ]
    },
    "ganns": {
      "dla": [],
      "la": [],
      "ea": [],
      "eta": [
        {
          "ra": {
            "ea": {
              "etn": "Lynchburg_Covered_Bridge"
            }
          },
          "sfs": [
            [
              {
                "stn": "openingYear"
              },
              {}
            ]
          ],
          "mfs": [
            [
              {
                "stn": "architect"
              },
              {
                "dla": [],
                "la": [],
                "ea": [
                  {
                    "etn": "John_C._Gregg"
                  }
                ],
                "eta": []
              }
            ],
            [
              {
                "stn": "yearOfConstruction"
              },
              {
                "dla": [
                  {
                    "txt": {
                      "sff": "1870"
                    },
                    "et": {
                      "etn": "Year"
                    },
                    "dp": {
                      "off": 385
                    }
                  }
                ],
                "la": [],
                "ea": [],
                "eta": []
              }
            ],
            [
              {
                "stn": "architecturalStyle"
              },
              {
                "dla": [],
                "la": [],
                "ea": [
                  {
                    "etn": "Truss_bridge"
                  }
                ],
                "eta": []
              }
            ],
            [
              {
                "stn": "location"
              },
              {
                "dla": [],
                "la": [],
                "ea": [
                  {
                    "etn": "Lynchburg,_Ohio"
                  }
                ],
                "eta": []
              }
            ]
          ]
        }
      ]
    }
  }
]
