[
  {
    "context": "TRAIN",
    "doc": {
      "id": "Malcolm_Willey_House",
      "tl": [
        {
          "si": 0,
          "sti": 0,
          "dti": 0,
          "sco": 0,
          "dco": 0,
          "txt": "Malcolm"
        },
        {
          "si": 0,
          "sti": 1,
          "dti": 1,
          "sco": 8,
          "dco": 8,
          "txt": "Willey"
        },
        {
          "si": 0,
          "sti": 2,
          "dti": 2,
          "sco": 15,
          "dco": 15,
          "txt": "House"
        },
        {
          "si": 0,
          "sti": 3,
          "dti": 3,
          "sco": 20,
          "dco": 20,
          "txt": "."
        },
        {
          "si": 1,
          "sti": 0,
          "dti": 4,
          "sco": 0,
          "dco": 22,
          "txt": "The"
        },
        {
          "si": 1,
          "sti": 1,
          "dti": 5,
          "sco": 4,
          "dco": 26,
          "txt": "Malcolm"
        },
        {
          "si": 1,
          "sti": 2,
          "dti": 6,
          "sco": 12,
          "dco": 34,
          "txt": "Willey"
        },
        {
          "si": 1,
          "sti": 3,
          "dti": 7,
          "sco": 19,
          "dco": 41,
          "txt": "House"
        },
        {
          "si": 1,
          "sti": 4,
          "dti": 8,
          "sco": 25,
          "dco": 47,
          "txt": "is"
        },
        {
          "si": 1,
          "sti": 5,
          "dti": 9,
          "sco": 28,
          "dco": 50,
          "txt": "located"
        },
        {
          "si": 1,
          "sti": 6,
          "dti": 10,
          "sco": 36,
          "dco": 58,
          "txt": "in"
        },
        {
          "si": 1,
          "sti": 7,
          "dti": 11,
          "sco": 39,
          "dco": 61,
          "txt": "Minneapolis"
        },
        {
          "si": 1,
          "sti": 8,
          "dti": 12,
          "sco": 50,
          "dco": 72,
          "txt": ","
        },
        {
          "si": 1,
          "sti": 9,
          "dti": 13,
          "sco": 52,
          "dco": 74,
          "txt": "Minnesota"
        },
        {
          "si": 1,
          "sti": 10,
          "dti": 14,
          "sco": 61,
          "dco": 83,
          "txt": ","
        },
        {
          "si": 1,
          "sti": 11,
          "dti": 15,
          "sco": 63,
          "dco": 85,
          "txt": "USA"
        },
        {
          "si": 1,
          "sti": 12,
          "dti": 16,
          "sco": 66,
          "dco": 88,
          "txt": "."
        },
        {
          "si": 2,
          "sti": 0,
          "dti": 17,
          "sco": 0,
          "dco": 90,
          "txt": "It"
        },
        {
          "si": 2,
          "sti": 1,
          "dti": 18,
          "sco": 3,
          "dco": 93,
          "txt": "was"
        },
        {
          "si": 2,
          "sti": 2,
          "dti": 19,
          "sco": 7,
          "dco": 97,
          "txt": "designed"
        },
        {
          "si": 2,
          "sti": 3,
          "dti": 20,
          "sco": 16,
          "dco": 106,
          "txt": "by"
        },
        {
          "si": 2,
          "sti": 4,
          "dti": 21,
          "sco": 19,
          "dco": 109,
          "txt": "the"
        },
        {
          "si": 2,
          "sti": 5,
          "dti": 22,
          "sco": 23,
          "dco": 113,
          "txt": "American"
        },
        {
          "si": 2,
          "sti": 6,
          "dti": 23,
          "sco": 32,
          "dco": 122,
          "txt": "architect"
        },
        {
          "si": 2,
          "sti": 7,
          "dti": 24,
          "sco": 42,
          "dco": 132,
          "txt": "Frank"
        },
        {
          "si": 2,
          "sti": 8,
          "dti": 25,
          "sco": 48,
          "dco": 138,
          "txt": "Lloyd"
        },
        {
          "si": 2,
          "sti": 9,
          "dti": 26,
          "sco": 54,
          "dco": 144,
          "txt": "Wright"
        },
        {
          "si": 2,
          "sti": 10,
          "dti": 27,
          "sco": 60,
          "dco": 150,
          "txt": ","
        },
        {
          "si": 2,
          "sti": 11,
          "dti": 28,
          "sco": 62,
          "dco": 152,
          "txt": "and"
        },
        {
          "si": 2,
          "sti": 12,
          "dti": 29,
          "sco": 66,
          "dco": 156,
          "txt": "built"
        },
        {
          "si": 2,
          "sti": 13,
          "dti": 30,
          "sco": 72,
          "dco": 162,
          "txt": "in"
        },
        {
          "si": 2,
          "sti": 14,
          "dti": 31,
          "sco": 75,
          "dco": 165,
          "txt": "1934"
        },
        {
          "si": 2,
          "sti": 15,
          "dti": 32,
          "sco": 79,
          "dco": 169,
          "txt": "."
        },
        {
          "si": 3,
          "sti": 0,
          "dti": 33,
          "sco": 0,
          "dco": 171,
          "txt": "Wright"
        },
        {
          "si": 3,
          "sti": 1,
          "dti": 34,
          "sco": 7,
          "dco": 178,
          "txt": "named"
        },
        {
          "si": 3,
          "sti": 2,
          "dti": 35,
          "sco": 13,
          "dco": 184,
          "txt": "the"
        },
        {
          "si": 3,
          "sti": 3,
          "dti": 36,
          "sco": 17,
          "dco": 188,
          "txt": "house"
        },
        {
          "si": 3,
          "sti": 4,
          "dti": 37,
          "sco": 23,
          "dco": 194,
          "txt": "\""
        },
        {
          "si": 3,
          "sti": 5,
          "dti": 38,
          "sco": 24,
          "dco": 195,
          "txt": "Gardenwall"
        },
        {
          "si": 3,
          "sti": 6,
          "dti": 39,
          "sco": 34,
          "dco": 205,
          "txt": "\""
        },
        {
          "si": 3,
          "sti": 7,
          "dti": 40,
          "sco": 35,
          "dco": 206,
          "txt": "."
        },
        {
          "si": 4,
          "sti": 0,
          "dti": 41,
          "sco": 0,
          "dco": 208,
          "txt": "Malcolm"
        },
        {
          "si": 4,
          "sti": 1,
          "dti": 42,
          "sco": 8,
          "dco": 216,
          "txt": "Willey"
        },
        {
          "si": 4,
          "sti": 2,
          "dti": 43,
          "sco": 15,
          "dco": 223,
          "txt": "was"
        },
        {
          "si": 4,
          "sti": 3,
          "dti": 44,
          "sco": 19,
          "dco": 227,
          "txt": "an"
        },
        {
          "si": 4,
          "sti": 4,
          "dti": 45,
          "sco": 22,
          "dco": 230,
          "txt": "administrator"
        },
        {
          "si": 4,
          "sti": 5,
          "dti": 46,
          "sco": 36,
          "dco": 244,
          "txt": "at"
        },
        {
          "si": 4,
          "sti": 6,
          "dti": 47,
          "sco": 39,
          "dco": 247,
          "txt": "the"
        },
        {
          "si": 4,
          "sti": 7,
          "dti": 48,
          "sco": 43,
          "dco": 251,
          "txt": "University"
        },
        {
          "si": 4,
          "sti": 8,
          "dti": 49,
          "sco": 54,
          "dco": 262,
          "txt": "of"
        },
        {
          "si": 4,
          "sti": 9,
          "dti": 50,
          "sco": 57,
          "dco": 265,
          "txt": "Minnesota"
        },
        {
          "si": 4,
          "sti": 10,
          "dti": 51,
          "sco": 66,
          "dco": 274,
          "txt": "."
        },
        {
          "si": 5,
          "sti": 0,
          "dti": 52,
          "sco": 0,
          "dco": 276,
          "txt": "In"
        },
        {
          "si": 5,
          "sti": 1,
          "dti": 53,
          "sco": 3,
          "dco": 279,
          "txt": "June"
        },
        {
          "si": 5,
          "sti": 2,
          "dti": 54,
          "sco": 8,
          "dco": 284,
          "txt": "1932"
        },
        {
          "si": 5,
          "sti": 3,
          "dti": 55,
          "sco": 12,
          "dco": 288,
          "txt": ","
        },
        {
          "si": 5,
          "sti": 4,
          "dti": 56,
          "sco": 14,
          "dco": 290,
          "txt": "his"
        },
        {
          "si": 5,
          "sti": 5,
          "dti": 57,
          "sco": 18,
          "dco": 294,
          "txt": "wife"
        },
        {
          "si": 5,
          "sti": 6,
          "dti": 58,
          "sco": 23,
          "dco": 299,
          "txt": "Nancy"
        },
        {
          "si": 5,
          "sti": 7,
          "dti": 59,
          "sco": 29,
          "dco": 305,
          "txt": "Willey"
        },
        {
          "si": 5,
          "sti": 8,
          "dti": 60,
          "sco": 36,
          "dco": 312,
          "txt": "sent"
        },
        {
          "si": 5,
          "sti": 9,
          "dti": 61,
          "sco": 41,
          "dco": 317,
          "txt": "a"
        },
        {
          "si": 5,
          "sti": 10,
          "dti": 62,
          "sco": 43,
          "dco": 319,
          "txt": "letter"
        },
        {
          "si": 5,
          "sti": 11,
          "dti": 63,
          "sco": 50,
          "dco": 326,
          "txt": "to"
        },
        {
          "si": 5,
          "sti": 12,
          "dti": 64,
          "sco": 53,
          "dco": 329,
          "txt": "Wright"
        },
        {
          "si": 5,
          "sti": 13,
          "dti": 65,
          "sco": 60,
          "dco": 336,
          "txt": "asking"
        },
        {
          "si": 5,
          "sti": 14,
          "dti": 66,
          "sco": 67,
          "dco": 343,
          "txt": "if"
        },
        {
          "si": 5,
          "sti": 15,
          "dti": 67,
          "sco": 70,
          "dco": 346,
          "txt": "he"
        },
        {
          "si": 5,
          "sti": 16,
          "dti": 68,
          "sco": 73,
          "dco": 349,
          "txt": "would"
        },
        {
          "si": 5,
          "sti": 17,
          "dti": 69,
          "sco": 79,
          "dco": 355,
          "txt": "be"
        },
        {
          "si": 5,
          "sti": 18,
          "dti": 70,
          "sco": 82,
          "dco": 358,
          "txt": "able"
        },
        {
          "si": 5,
          "sti": 19,
          "dti": 71,
          "sco": 87,
          "dco": 363,
          "txt": "to"
        },
        {
          "si": 5,
          "sti": 20,
          "dti": 72,
          "sco": 90,
          "dco": 366,
          "txt": "provide"
        },
        {
          "si": 5,
          "sti": 21,
          "dti": 73,
          "sco": 98,
          "dco": 374,
          "txt": "them"
        },
        {
          "si": 5,
          "sti": 22,
          "dti": 74,
          "sco": 103,
          "dco": 379,
          "txt": "a"
        },
        {
          "si": 5,
          "sti": 23,
          "dti": 75,
          "sco": 105,
          "dco": 381,
          "txt": "\""
        },
        {
          "si": 5,
          "sti": 24,
          "dti": 76,
          "sco": 106,
          "dco": 382,
          "txt": "creation"
        },
        {
          "si": 5,
          "sti": 25,
          "dti": 77,
          "sco": 115,
          "dco": 391,
          "txt": "of"
        },
        {
          "si": 5,
          "sti": 26,
          "dti": 78,
          "sco": 118,
          "dco": 394,
          "txt": "art"
        },
        {
          "si": 5,
          "sti": 27,
          "dti": 79,
          "sco": 121,
          "dco": 397,
          "txt": "\""
        },
        {
          "si": 5,
          "sti": 28,
          "dti": 80,
          "sco": 123,
          "dco": 399,
          "txt": "for"
        },
        {
          "si": 5,
          "sti": 29,
          "dti": 81,
          "sco": 127,
          "dco": 403,
          "txt": "a"
        },
        {
          "si": 5,
          "sti": 30,
          "dti": 82,
          "sco": 129,
          "dco": 405,
          "txt": "budget"
        },
        {
          "si": 5,
          "sti": 31,
          "dti": 83,
          "sco": 136,
          "dco": 412,
          "txt": "of"
        },
        {
          "si": 5,
          "sti": 32,
          "dti": 84,
          "sco": 139,
          "dco": 415,
          "txt": "\""
        },
        {
          "si": 5,
          "sti": 33,
          "dti": 85,
          "sco": 140,
          "dco": 416,
          "txt": "about"
        },
        {
          "si": 5,
          "sti": 34,
          "dti": 86,
          "sco": 146,
          "dco": 422,
          "txt": "$"
        },
        {
          "si": 5,
          "sti": 35,
          "dti": 87,
          "sco": 147,
          "dco": 423,
          "txt": "8"
        },
        {
          "si": 5,
          "sti": 36,
          "dti": 88,
          "sco": 148,
          "dco": 424,
          "txt": ","
        },
        {
          "si": 5,
          "sti": 37,
          "dti": 89,
          "sco": 149,
          "dco": 425,
          "txt": "000"
        },
        {
          "si": 5,
          "sti": 38,
          "dti": 90,
          "sco": 152,
          "dco": 428,
          "txt": "."
        },
        {
          "si": 5,
          "sti": 39,
          "dti": 91,
          "sco": 153,
          "dco": 429,
          "txt": "\""
        },
        {
          "si": 6,
          "sti": 0,
          "dti": 92,
          "sco": 0,
          "dco": 431,
          "txt": "The"
        },
        {
          "si": 6,
          "sti": 1,
          "dti": 93,
          "sco": 4,
          "dco": 435,
          "txt": "current"
        },
        {
          "si": 6,
          "sti": 2,
          "dti": 94,
          "sco": 12,
          "dco": 443,
          "txt": "design"
        },
        {
          "si": 6,
          "sti": 3,
          "dti": 95,
          "sco": 19,
          "dco": 450,
          "txt": "is"
        },
        {
          "si": 6,
          "sti": 4,
          "dti": 96,
          "sco": 22,
          "dco": 453,
          "txt": "the"
        },
        {
          "si": 6,
          "sti": 5,
          "dti": 97,
          "sco": 26,
          "dco": 457,
          "txt": "second"
        },
        {
          "si": 6,
          "sti": 6,
          "dti": 98,
          "sco": 33,
          "dco": 464,
          "txt": "design"
        },
        {
          "si": 6,
          "sti": 7,
          "dti": 99,
          "sco": 40,
          "dco": 471,
          "txt": "that"
        },
        {
          "si": 6,
          "sti": 8,
          "dti": 100,
          "sco": 45,
          "dco": 476,
          "txt": "Wright"
        },
        {
          "si": 6,
          "sti": 9,
          "dti": 101,
          "sco": 52,
          "dco": 483,
          "txt": "conceived"
        },
        {
          "si": 6,
          "sti": 10,
          "dti": 102,
          "sco": 62,
          "dco": 493,
          "txt": "for"
        },
        {
          "si": 6,
          "sti": 11,
          "dti": 103,
          "sco": 66,
          "dco": 497,
          "txt": "the"
        },
        {
          "si": 6,
          "sti": 12,
          "dti": 104,
          "sco": 70,
          "dco": 501,
          "txt": "Willeys"
        },
        {
          "si": 6,
          "sti": 13,
          "dti": 105,
          "sco": 77,
          "dco": 508,
          "txt": ","
        },
        {
          "si": 6,
          "sti": 14,
          "dti": 106,
          "sco": 79,
          "dco": 510,
          "txt": "since"
        },
        {
          "si": 6,
          "sti": 15,
          "dti": 107,
          "sco": 85,
          "dco": 516,
          "txt": "the"
        },
        {
          "si": 6,
          "sti": 16,
          "dti": 108,
          "sco": 89,
          "dco": 520,
          "txt": "first"
        },
        {
          "si": 6,
          "sti": 17,
          "dti": 109,
          "sco": 95,
          "dco": 526,
          "txt": "design"
        },
        {
          "si": 6,
          "sti": 18,
          "dti": 110,
          "sco": 102,
          "dco": 533,
          "txt": "proved"
        },
        {
          "si": 6,
          "sti": 19,
          "dti": 111,
          "sco": 109,
          "dco": 540,
          "txt": "too"
        },
        {
          "si": 6,
          "sti": 20,
          "dti": 112,
          "sco": 113,
          "dco": 544,
          "txt": "costly"
        },
        {
          "si": 6,
          "sti": 21,
          "dti": 113,
          "sco": 120,
          "dco": 551,
          "txt": "for"
        },
        {
          "si": 6,
          "sti": 22,
          "dti": 114,
          "sco": 124,
          "dco": 555,
          "txt": "the"
        },
        {
          "si": 6,
          "sti": 23,
          "dti": 115,
          "sco": 128,
          "dco": 559,
          "txt": "family"
        },
        {
          "si": 6,
          "sti": 24,
          "dti": 116,
          "sco": 134,
          "dco": 565,
          "txt": "."
        },
        {
          "si": 7,
          "sti": 0,
          "dti": 117,
          "sco": 0,
          "dco": 567,
          "txt": "The"
        },
        {
          "si": 7,
          "sti": 1,
          "dti": 118,
          "sco": 4,
          "dco": 571,
          "txt": "home"
        },
        {
          "si": 7,
          "sti": 2,
          "dti": 119,
          "sco": 9,
          "dco": 576,
          "txt": "ended"
        },
        {
          "si": 7,
          "sti": 3,
          "dti": 120,
          "sco": 15,
          "dco": 582,
          "txt": "up"
        },
        {
          "si": 7,
          "sti": 4,
          "dti": 121,
          "sco": 18,
          "dco": 585,
          "txt": "a"
        },
        {
          "si": 7,
          "sti": 5,
          "dti": 122,
          "sco": 20,
          "dco": 587,
          "txt": "modest"
        },
        {
          "si": 7,
          "sti": 6,
          "dti": 123,
          "sco": 27,
          "dco": 594,
          "txt": "at"
        },
        {
          "si": 7,
          "sti": 7,
          "dti": 124,
          "sco": 30,
          "dco": 597,
          "txt": "a"
        },
        {
          "si": 7,
          "sti": 8,
          "dti": 125,
          "sco": 32,
          "dco": 599,
          "txt": "cost"
        },
        {
          "si": 7,
          "sti": 9,
          "dti": 126,
          "sco": 37,
          "dco": 604,
          "txt": "of"
        },
        {
          "si": 7,
          "sti": 10,
          "dti": 127,
          "sco": 40,
          "dco": 607,
          "txt": "$"
        },
        {
          "si": 7,
          "sti": 11,
          "dti": 128,
          "sco": 41,
          "dco": 608,
          "txt": "10"
        },
        {
          "si": 7,
          "sti": 12,
          "dti": 129,
          "sco": 43,
          "dco": 610,
          "txt": ","
        },
        {
          "si": 7,
          "sti": 13,
          "dti": 130,
          "sco": 44,
          "dco": 611,
          "txt": "000"
        },
        {
          "si": 7,
          "sti": 14,
          "dti": 131,
          "sco": 47,
          "dco": 614,
          "txt": "."
        },
        {
          "si": 8,
          "sti": 0,
          "dti": 132,
          "sco": 0,
          "dco": 616,
          "txt": "The"
        },
        {
          "si": 8,
          "sti": 1,
          "dti": 133,
          "sco": 4,
          "dco": 620,
          "txt": "Willeys"
        },
        {
          "si": 8,
          "sti": 2,
          "dti": 134,
          "sco": 12,
          "dco": 628,
          "txt": "sold"
        },
        {
          "si": 8,
          "sti": 3,
          "dti": 135,
          "sco": 17,
          "dco": 633,
          "txt": "the"
        },
        {
          "si": 8,
          "sti": 4,
          "dti": 136,
          "sco": 21,
          "dco": 637,
          "txt": "home"
        },
        {
          "si": 8,
          "sti": 5,
          "dti": 137,
          "sco": 26,
          "dco": 642,
          "txt": "in"
        },
        {
          "si": 8,
          "sti": 6,
          "dti": 138,
          "sco": 29,
          "dco": 645,
          "txt": "1963"
        },
        {
          "si": 8,
          "sti": 7,
          "dti": 139,
          "sco": 34,
          "dco": 650,
          "txt": "to"
        },
        {
          "si": 8,
          "sti": 8,
          "dti": 140,
          "sco": 37,
          "dco": 653,
          "txt": "a"
        },
        {
          "si": 8,
          "sti": 9,
          "dti": 141,
          "sco": 39,
          "dco": 655,
          "txt": "family"
        },
        {
          "si": 8,
          "sti": 10,
          "dti": 142,
          "sco": 46,
          "dco": 662,
          "txt": "that"
        },
        {
          "si": 8,
          "sti": 11,
          "dti": 143,
          "sco": 51,
          "dco": 667,
          "txt": "later"
        },
        {
          "si": 8,
          "sti": 12,
          "dti": 144,
          "sco": 57,
          "dco": 673,
          "txt": "sold"
        },
        {
          "si": 8,
          "sti": 13,
          "dti": 145,
          "sco": 62,
          "dco": 678,
          "txt": "it"
        },
        {
          "si": 8,
          "sti": 14,
          "dti": 146,
          "sco": 65,
          "dco": 681,
          "txt": "to"
        },
        {
          "si": 8,
          "sti": 15,
          "dti": 147,
          "sco": 68,
          "dco": 684,
          "txt": "a"
        },
        {
          "si": 8,
          "sti": 16,
          "dti": 148,
          "sco": 70,
          "dco": 686,
          "txt": "Wright"
        },
        {
          "si": 8,
          "sti": 17,
          "dti": 149,
          "sco": 77,
          "dco": 693,
          "txt": "aficionado"
        },
        {
          "si": 8,
          "sti": 18,
          "dti": 150,
          "sco": 88,
          "dco": 704,
          "txt": "who"
        },
        {
          "si": 8,
          "sti": 19,
          "dti": 151,
          "sco": 92,
          "dco": 708,
          "txt": "only"
        },
        {
          "si": 8,
          "sti": 20,
          "dti": 152,
          "sco": 97,
          "dco": 713,
          "txt": "sporadically"
        },
        {
          "si": 8,
          "sti": 21,
          "dti": 153,
          "sco": 110,
          "dco": 726,
          "txt": "occupied"
        },
        {
          "si": 8,
          "sti": 22,
          "dti": 154,
          "sco": 119,
          "dco": 735,
          "txt": "the"
        },
        {
          "si": 8,
          "sti": 23,
          "dti": 155,
          "sco": 123,
          "dco": 739,
          "txt": "home"
        },
        {
          "si": 8,
          "sti": 24,
          "dti": 156,
          "sco": 127,
          "dco": 743,
          "txt": ";"
        },
        {
          "si": 8,
          "sti": 25,
          "dti": 157,
          "sco": 129,
          "dco": 745,
          "txt": "when"
        },
        {
          "si": 8,
          "sti": 26,
          "dti": 158,
          "sco": 134,
          "dco": 750,
          "txt": "the"
        },
        {
          "si": 8,
          "sti": 27,
          "dti": 159,
          "sco": 138,
          "dco": 754,
          "txt": "current"
        },
        {
          "si": 8,
          "sti": 28,
          "dti": 160,
          "sco": 146,
          "dco": 762,
          "txt": "owners"
        },
        {
          "si": 8,
          "sti": 29,
          "dti": 161,
          "sco": 153,
          "dco": 769,
          "txt": "purchased"
        },
        {
          "si": 8,
          "sti": 30,
          "dti": 162,
          "sco": 163,
          "dco": 779,
          "txt": "the"
        },
        {
          "si": 8,
          "sti": 31,
          "dti": 163,
          "sco": 167,
          "dco": 783,
          "txt": "home"
        },
        {
          "si": 8,
          "sti": 32,
          "dti": 164,
          "sco": 172,
          "dco": 788,
          "txt": "in"
        },
        {
          "si": 8,
          "sti": 33,
          "dti": 165,
          "sco": 175,
          "dco": 791,
          "txt": "2002"
        },
        {
          "si": 8,
          "sti": 34,
          "dti": 166,
          "sco": 180,
          "dco": 796,
          "txt": "it"
        },
        {
          "si": 8,
          "sti": 35,
          "dti": 167,
          "sco": 183,
          "dco": 799,
          "txt": "was"
        },
        {
          "si": 8,
          "sti": 36,
          "dti": 168,
          "sco": 187,
          "dco": 803,
          "txt": "in"
        },
        {
          "si": 8,
          "sti": 37,
          "dti": 169,
          "sco": 190,
          "dco": 806,
          "txt": "need"
        },
        {
          "si": 8,
          "sti": 38,
          "dti": 170,
          "sco": 195,
          "dco": 811,
          "txt": "of"
        },
        {
          "si": 8,
          "sti": 39,
          "dti": 171,
          "sco": 198,
          "dco": 814,
          "txt": "major"
        },
        {
          "si": 8,
          "sti": 40,
          "dti": 172,
          "sco": 204,
          "dco": 820,
          "txt": "restoration"
        },
        {
          "si": 8,
          "sti": 41,
          "dti": 173,
          "sco": 216,
          "dco": 832,
          "txt": "which"
        },
        {
          "si": 8,
          "sti": 42,
          "dti": 174,
          "sco": 222,
          "dco": 838,
          "txt": "is"
        },
        {
          "si": 8,
          "sti": 43,
          "dti": 175,
          "sco": 225,
          "dco": 841,
          "txt": "currently"
        },
        {
          "si": 8,
          "sti": 44,
          "dti": 176,
          "sco": 235,
          "dco": 851,
          "txt": "ongoing"
        },
        {
          "si": 8,
          "sti": 45,
          "dti": 177,
          "sco": 242,
          "dco": 858,
          "txt": "."
        },
        {
          "si": 9,
          "sti": 0,
          "dti": 178,
          "sco": 0,
          "dco": 860,
          "txt": "The"
        },
        {
          "si": 9,
          "sti": 1,
          "dti": 179,
          "sco": 4,
          "dco": 864,
          "txt": "Willey"
        },
        {
          "si": 9,
          "sti": 2,
          "dti": 180,
          "sco": 11,
          "dco": 871,
          "txt": "House"
        },
        {
          "si": 9,
          "sti": 3,
          "dti": 181,
          "sco": 17,
          "dco": 877,
          "txt": "is"
        },
        {
          "si": 9,
          "sti": 4,
          "dti": 182,
          "sco": 20,
          "dco": 880,
          "txt": "primarily"
        },
        {
          "si": 9,
          "sti": 5,
          "dti": 183,
          "sco": 30,
          "dco": 890,
          "txt": "built"
        },
        {
          "si": 9,
          "sti": 6,
          "dti": 184,
          "sco": 36,
          "dco": 896,
          "txt": "of"
        },
        {
          "si": 9,
          "sti": 7,
          "dti": 185,
          "sco": 39,
          "dco": 899,
          "txt": "red"
        },
        {
          "si": 9,
          "sti": 8,
          "dti": 186,
          "sco": 43,
          "dco": 903,
          "txt": "brick"
        },
        {
          "si": 9,
          "sti": 9,
          "dti": 187,
          "sco": 49,
          "dco": 909,
          "txt": "and"
        },
        {
          "si": 9,
          "sti": 10,
          "dti": 188,
          "sco": 53,
          "dco": 913,
          "txt": "cypress"
        },
        {
          "si": 9,
          "sti": 11,
          "dti": 189,
          "sco": 60,
          "dco": 920,
          "txt": "."
        },
        {
          "si": 10,
          "sti": 0,
          "dti": 190,
          "sco": 0,
          "dco": 922,
          "txt": "Except"
        },
        {
          "si": 10,
          "sti": 1,
          "dti": 191,
          "sco": 7,
          "dco": 929,
          "txt": "for"
        },
        {
          "si": 10,
          "sti": 2,
          "dti": 192,
          "sco": 11,
          "dco": 933,
          "txt": "the"
        },
        {
          "si": 10,
          "sti": 3,
          "dti": 193,
          "sco": 15,
          "dco": 937,
          "txt": "red"
        },
        {
          "si": 10,
          "sti": 4,
          "dti": 194,
          "sco": 19,
          "dco": 941,
          "txt": "linoleum"
        },
        {
          "si": 10,
          "sti": 5,
          "dti": 195,
          "sco": 28,
          "dco": 950,
          "txt": "in"
        },
        {
          "si": 10,
          "sti": 6,
          "dti": 196,
          "sco": 31,
          "dco": 953,
          "txt": "the"
        },
        {
          "si": 10,
          "sti": 7,
          "dti": 197,
          "sco": 35,
          "dco": 957,
          "txt": "kitchen"
        },
        {
          "si": 10,
          "sti": 8,
          "dti": 198,
          "sco": 42,
          "dco": 964,
          "txt": ","
        },
        {
          "si": 10,
          "sti": 9,
          "dti": 199,
          "sco": 44,
          "dco": 966,
          "txt": "the"
        },
        {
          "si": 10,
          "sti": 10,
          "dti": 200,
          "sco": 48,
          "dco": 970,
          "txt": "rooms"
        },
        {
          "si": 10,
          "sti": 11,
          "dti": 201,
          "sco": 54,
          "dco": 976,
          "txt": "on"
        },
        {
          "si": 10,
          "sti": 12,
          "dti": 202,
          "sco": 57,
          "dco": 979,
          "txt": "the"
        },
        {
          "si": 10,
          "sti": 13,
          "dti": 203,
          "sco": 61,
          "dco": 983,
          "txt": "main"
        },
        {
          "si": 10,
          "sti": 14,
          "dti": 204,
          "sco": 66,
          "dco": 988,
          "txt": "floor"
        },
        {
          "si": 10,
          "sti": 15,
          "dti": 205,
          "sco": 72,
          "dco": 994,
          "txt": "are"
        },
        {
          "si": 10,
          "sti": 16,
          "dti": 206,
          "sco": 76,
          "dco": 998,
          "txt": "floored"
        },
        {
          "si": 10,
          "sti": 17,
          "dti": 207,
          "sco": 84,
          "dco": 1006,
          "txt": "with"
        },
        {
          "si": 10,
          "sti": 18,
          "dti": 208,
          "sco": 89,
          "dco": 1011,
          "txt": "mortared"
        },
        {
          "si": 10,
          "sti": 19,
          "dti": 209,
          "sco": 98,
          "dco": 1020,
          "txt": "brick"
        },
        {
          "si": 10,
          "sti": 20,
          "dti": 210,
          "sco": 104,
          "dco": 1026,
          "txt": "pavers"
        },
        {
          "si": 10,
          "sti": 21,
          "dti": 211,
          "sco": 110,
          "dco": 1032,
          "txt": "."
        },
        {
          "si": 11,
          "sti": 0,
          "dti": 212,
          "sco": 0,
          "dco": 1034,
          "txt": "A"
        },
        {
          "si": 11,
          "sti": 1,
          "dti": 213,
          "sco": 2,
          "dco": 1036,
          "txt": "major"
        },
        {
          "si": 11,
          "sti": 2,
          "dti": 214,
          "sco": 8,
          "dco": 1042,
          "txt": "design"
        },
        {
          "si": 11,
          "sti": 3,
          "dti": 215,
          "sco": 15,
          "dco": 1049,
          "txt": "feature"
        },
        {
          "si": 11,
          "sti": 4,
          "dti": 216,
          "sco": 23,
          "dco": 1057,
          "txt": "is"
        },
        {
          "si": 11,
          "sti": 5,
          "dti": 217,
          "sco": 26,
          "dco": 1060,
          "txt": "the"
        },
        {
          "si": 11,
          "sti": 6,
          "dti": 218,
          "sco": 30,
          "dco": 1064,
          "txt": "30"
        },
        {
          "si": 11,
          "sti": 7,
          "dti": 219,
          "sco": 32,
          "dco": 1066,
          "txt": "-"
        },
        {
          "si": 11,
          "sti": 8,
          "dti": 220,
          "sco": 33,
          "dco": 1067,
          "txt": "60"
        },
        {
          "si": 11,
          "sti": 9,
          "dti": 221,
          "sco": 35,
          "dco": 1069,
          "txt": "-"
        },
        {
          "si": 11,
          "sti": 10,
          "dti": 222,
          "sco": 36,
          "dco": 1070,
          "txt": "90"
        },
        {
          "si": 11,
          "sti": 11,
          "dti": 223,
          "sco": 39,
          "dco": 1073,
          "txt": "triangle"
        },
        {
          "si": 11,
          "sti": 12,
          "dti": 224,
          "sco": 48,
          "dco": 1082,
          "txt": "which"
        },
        {
          "si": 11,
          "sti": 13,
          "dti": 225,
          "sco": 54,
          "dco": 1088,
          "txt": "shapes"
        },
        {
          "si": 11,
          "sti": 14,
          "dti": 226,
          "sco": 61,
          "dco": 1095,
          "txt": "the"
        },
        {
          "si": 11,
          "sti": 15,
          "dti": 227,
          "sco": 65,
          "dco": 1099,
          "txt": "terrace"
        },
        {
          "si": 11,
          "sti": 16,
          "dti": 228,
          "sco": 72,
          "dco": 1106,
          "txt": ","
        },
        {
          "si": 11,
          "sti": 17,
          "dti": 229,
          "sco": 74,
          "dco": 1108,
          "txt": "the"
        },
        {
          "si": 11,
          "sti": 18,
          "dti": 230,
          "sco": 78,
          "dco": 1112,
          "txt": "skylights"
        },
        {
          "si": 11,
          "sti": 19,
          "dti": 231,
          "sco": 87,
          "dco": 1121,
          "txt": ","
        },
        {
          "si": 11,
          "sti": 20,
          "dti": 232,
          "sco": 89,
          "dco": 1123,
          "txt": "and"
        },
        {
          "si": 11,
          "sti": 21,
          "dti": 233,
          "sco": 93,
          "dco": 1127,
          "txt": "two"
        },
        {
          "si": 11,
          "sti": 22,
          "dti": 234,
          "sco": 97,
          "dco": 1131,
          "txt": "clerestory"
        },
        {
          "si": 11,
          "sti": 23,
          "dti": 235,
          "sco": 108,
          "dco": 1142,
          "txt": "windows"
        },
        {
          "si": 11,
          "sti": 24,
          "dti": 236,
          "sco": 116,
          "dco": 1150,
          "txt": "in"
        },
        {
          "si": 11,
          "sti": 25,
          "dti": 237,
          "sco": 119,
          "dco": 1153,
          "txt": "the"
        },
        {
          "si": 11,
          "sti": 26,
          "dti": 238,
          "sco": 123,
          "dco": 1157,
          "txt": "living"
        },
        {
          "si": 11,
          "sti": 27,
          "dti": 239,
          "sco": 130,
          "dco": 1164,
          "txt": "room"
        },
        {
          "si": 11,
          "sti": 28,
          "dti": 240,
          "sco": 134,
          "dco": 1168,
          "txt": "."
        },
        {
          "si": 12,
          "sti": 0,
          "dti": 241,
          "sco": 0,
          "dco": 1170,
          "txt": "The"
        },
        {
          "si": 12,
          "sti": 1,
          "dti": 242,
          "sco": 4,
          "dco": 1174,
          "txt": "house"
        },
        {
          "si": 12,
          "sti": 2,
          "dti": 243,
          "sco": 10,
          "dco": 1180,
          "txt": "is"
        },
        {
          "si": 12,
          "sti": 3,
          "dti": 244,
          "sco": 13,
          "dco": 1183,
          "txt": "arranged"
        },
        {
          "si": 12,
          "sti": 4,
          "dti": 245,
          "sco": 22,
          "dco": 1192,
          "txt": "so"
        },
        {
          "si": 12,
          "sti": 5,
          "dti": 246,
          "sco": 25,
          "dco": 1195,
          "txt": "that"
        },
        {
          "si": 12,
          "sti": 6,
          "dti": 247,
          "sco": 30,
          "dco": 1200,
          "txt": "the"
        },
        {
          "si": 12,
          "sti": 7,
          "dti": 248,
          "sco": 34,
          "dco": 1204,
          "txt": "living"
        },
        {
          "si": 12,
          "sti": 8,
          "dti": 249,
          "sco": 41,
          "dco": 1211,
          "txt": "room"
        },
        {
          "si": 12,
          "sti": 9,
          "dti": 250,
          "sco": 46,
          "dco": 1216,
          "txt": "and"
        },
        {
          "si": 12,
          "sti": 10,
          "dti": 251,
          "sco": 50,
          "dco": 1220,
          "txt": "dining"
        },
        {
          "si": 12,
          "sti": 11,
          "dti": 252,
          "sco": 57,
          "dco": 1227,
          "txt": "room"
        },
        {
          "si": 12,
          "sti": 12,
          "dti": 253,
          "sco": 62,
          "dco": 1232,
          "txt": "form"
        },
        {
          "si": 12,
          "sti": 13,
          "dti": 254,
          "sco": 67,
          "dco": 1237,
          "txt": "a"
        },
        {
          "si": 12,
          "sti": 14,
          "dti": 255,
          "sco": 69,
          "dco": 1239,
          "txt": "single"
        },
        {
          "si": 12,
          "sti": 15,
          "dti": 256,
          "sco": 76,
          "dco": 1246,
          "txt": "space"
        },
        {
          "si": 12,
          "sti": 16,
          "dti": 257,
          "sco": 81,
          "dco": 1251,
          "txt": ":"
        },
        {
          "si": 12,
          "sti": 17,
          "dti": 258,
          "sco": 83,
          "dco": 1253,
          "txt": "the"
        },
        {
          "si": 12,
          "sti": 18,
          "dti": 259,
          "sco": 87,
          "dco": 1257,
          "txt": "kitchen"
        },
        {
          "si": 12,
          "sti": 19,
          "dti": 260,
          "sco": 95,
          "dco": 1265,
          "txt": "was"
        },
        {
          "si": 12,
          "sti": 20,
          "dti": 261,
          "sco": 99,
          "dco": 1269,
          "txt": "separated"
        },
        {
          "si": 12,
          "sti": 21,
          "dti": 262,
          "sco": 109,
          "dco": 1279,
          "txt": "from"
        },
        {
          "si": 12,
          "sti": 22,
          "dti": 263,
          "sco": 114,
          "dco": 1284,
          "txt": "them"
        },
        {
          "si": 12,
          "sti": 23,
          "dti": 264,
          "sco": 119,
          "dco": 1289,
          "txt": "by"
        },
        {
          "si": 12,
          "sti": 24,
          "dti": 265,
          "sco": 122,
          "dco": 1292,
          "txt": "plate"
        },
        {
          "si": 12,
          "sti": 25,
          "dti": 266,
          "sco": 128,
          "dco": 1298,
          "txt": "glass"
        },
        {
          "si": 12,
          "sti": 26,
          "dti": 267,
          "sco": 134,
          "dco": 1304,
          "txt": "and"
        },
        {
          "si": 12,
          "sti": 27,
          "dti": 268,
          "sco": 138,
          "dco": 1308,
          "txt": "a"
        },
        {
          "si": 12,
          "sti": 28,
          "dti": 269,
          "sco": 140,
          "dco": 1310,
          "txt": "group"
        },
        {
          "si": 12,
          "sti": 29,
          "dti": 270,
          "sco": 146,
          "dco": 1316,
          "txt": "of"
        },
        {
          "si": 12,
          "sti": 30,
          "dti": 271,
          "sco": 149,
          "dco": 1319,
          "txt": "shelves"
        },
        {
          "si": 12,
          "sti": 31,
          "dti": 272,
          "sco": 156,
          "dco": 1326,
          "txt": "."
        },
        {
          "si": 13,
          "sti": 0,
          "dti": 273,
          "sco": 0,
          "dco": 1328,
          "txt": "This"
        },
        {
          "si": 13,
          "sti": 1,
          "dti": 274,
          "sco": 5,
          "dco": 1333,
          "txt": "gave"
        },
        {
          "si": 13,
          "sti": 2,
          "dti": 275,
          "sco": 10,
          "dco": 1338,
          "txt": "a"
        },
        {
          "si": 13,
          "sti": 3,
          "dti": 276,
          "sco": 12,
          "dco": 1340,
          "txt": "clear"
        },
        {
          "si": 13,
          "sti": 4,
          "dti": 277,
          "sco": 18,
          "dco": 1346,
          "txt": "view"
        },
        {
          "si": 13,
          "sti": 5,
          "dti": 278,
          "sco": 23,
          "dco": 1351,
          "txt": "from"
        },
        {
          "si": 13,
          "sti": 6,
          "dti": 279,
          "sco": 28,
          "dco": 1356,
          "txt": "the"
        },
        {
          "si": 13,
          "sti": 7,
          "dti": 280,
          "sco": 32,
          "dco": 1360,
          "txt": "kitchen"
        },
        {
          "si": 13,
          "sti": 8,
          "dti": 281,
          "sco": 40,
          "dco": 1368,
          "txt": "to"
        },
        {
          "si": 13,
          "sti": 9,
          "dti": 282,
          "sco": 43,
          "dco": 1371,
          "txt": "the"
        },
        {
          "si": 13,
          "sti": 10,
          "dti": 283,
          "sco": 47,
          "dco": 1375,
          "txt": "living"
        },
        {
          "si": 13,
          "sti": 11,
          "dti": 284,
          "sco": 54,
          "dco": 1382,
          "txt": "and"
        },
        {
          "si": 13,
          "sti": 12,
          "dti": 285,
          "sco": 58,
          "dco": 1386,
          "txt": "dining"
        },
        {
          "si": 13,
          "sti": 13,
          "dti": 286,
          "sco": 65,
          "dco": 1393,
          "txt": "area"
        },
        {
          "si": 13,
          "sti": 14,
          "dti": 287,
          "sco": 69,
          "dco": 1397,
          "txt": ","
        },
        {
          "si": 13,
          "sti": 15,
          "dti": 288,
          "sco": 71,
          "dco": 1399,
          "txt": "allowing"
        },
        {
          "si": 13,
          "sti": 16,
          "dti": 289,
          "sco": 80,
          "dco": 1408,
          "txt": "Mrs"
        },
        {
          "si": 13,
          "sti": 17,
          "dti": 290,
          "sco": 83,
          "dco": 1411,
          "txt": "."
        },
        {
          "si": 14,
          "sti": 0,
          "dti": 291,
          "sco": 0,
          "dco": 1413,
          "txt": "Willey"
        },
        {
          "si": 14,
          "sti": 1,
          "dti": 292,
          "sco": 7,
          "dco": 1420,
          "txt": "to"
        },
        {
          "si": 14,
          "sti": 2,
          "dti": 293,
          "sco": 10,
          "dco": 1423,
          "txt": "watch"
        },
        {
          "si": 14,
          "sti": 3,
          "dti": 294,
          "sco": 16,
          "dco": 1429,
          "txt": "the"
        },
        {
          "si": 14,
          "sti": 4,
          "dti": 295,
          "sco": 20,
          "dco": 1433,
          "txt": "rest"
        },
        {
          "si": 14,
          "sti": 5,
          "dti": 296,
          "sco": 25,
          "dco": 1438,
          "txt": "of"
        },
        {
          "si": 14,
          "sti": 6,
          "dti": 297,
          "sco": 28,
          "dco": 1441,
          "txt": "the"
        },
        {
          "si": 14,
          "sti": 7,
          "dti": 298,
          "sco": 32,
          "dco": 1445,
          "txt": "house"
        },
        {
          "si": 14,
          "sti": 8,
          "dti": 299,
          "sco": 38,
          "dco": 1451,
          "txt": "while"
        },
        {
          "si": 14,
          "sti": 9,
          "dti": 300,
          "sco": 44,
          "dco": 1457,
          "txt": "in"
        },
        {
          "si": 14,
          "sti": 10,
          "dti": 301,
          "sco": 47,
          "dco": 1460,
          "txt": "the"
        },
        {
          "si": 14,
          "sti": 11,
          "dti": 302,
          "sco": 51,
          "dco": 1464,
          "txt": "kitchen"
        },
        {
          "si": 14,
          "sti": 12,
          "dti": 303,
          "sco": 58,
          "dco": 1471,
          "txt": "."
        },
        {
          "si": 15,
          "sti": 0,
          "dti": 304,
          "sco": 0,
          "dco": 1473,
          "txt": "This"
        },
        {
          "si": 15,
          "sti": 1,
          "dti": 305,
          "sco": 5,
          "dco": 1478,
          "txt": "was"
        },
        {
          "si": 15,
          "sti": 2,
          "dti": 306,
          "sco": 9,
          "dco": 1482,
          "txt": "an"
        },
        {
          "si": 15,
          "sti": 3,
          "dti": 307,
          "sco": 12,
          "dco": 1485,
          "txt": "important"
        },
        {
          "si": 15,
          "sti": 4,
          "dti": 308,
          "sco": 22,
          "dco": 1495,
          "txt": "step"
        },
        {
          "si": 15,
          "sti": 5,
          "dti": 309,
          "sco": 27,
          "dco": 1500,
          "txt": "away"
        },
        {
          "si": 15,
          "sti": 6,
          "dti": 310,
          "sco": 32,
          "dco": 1505,
          "txt": "from"
        },
        {
          "si": 15,
          "sti": 7,
          "dti": 311,
          "sco": 37,
          "dco": 1510,
          "txt": "the"
        },
        {
          "si": 15,
          "sti": 8,
          "dti": 312,
          "sco": 41,
          "dco": 1514,
          "txt": "historic"
        },
        {
          "si": 15,
          "sti": 9,
          "dti": 313,
          "sco": 50,
          "dco": 1523,
          "txt": "precedent"
        },
        {
          "si": 15,
          "sti": 10,
          "dti": 314,
          "sco": 60,
          "dco": 1533,
          "txt": "of"
        },
        {
          "si": 15,
          "sti": 11,
          "dti": 315,
          "sco": 63,
          "dco": 1536,
          "txt": "compartmentalizing"
        },
        {
          "si": 15,
          "sti": 12,
          "dti": 316,
          "sco": 82,
          "dco": 1555,
          "txt": "the"
        },
        {
          "si": 15,
          "sti": 13,
          "dti": 317,
          "sco": 86,
          "dco": 1559,
          "txt": "functions"
        },
        {
          "si": 15,
          "sti": 14,
          "dti": 318,
          "sco": 96,
          "dco": 1569,
          "txt": "of"
        },
        {
          "si": 15,
          "sti": 15,
          "dti": 319,
          "sco": 99,
          "dco": 1572,
          "txt": "the"
        },
        {
          "si": 15,
          "sti": 16,
          "dti": 320,
          "sco": 103,
          "dco": 1576,
          "txt": "house"
        },
        {
          "si": 15,
          "sti": 17,
          "dti": 321,
          "sco": 109,
          "dco": 1582,
          "txt": "into"
        },
        {
          "si": 15,
          "sti": 18,
          "dti": 322,
          "sco": 114,
          "dco": 1587,
          "txt": "separate"
        },
        {
          "si": 15,
          "sti": 19,
          "dti": 323,
          "sco": 123,
          "dco": 1596,
          "txt": "rooms"
        },
        {
          "si": 15,
          "sti": 20,
          "dti": 324,
          "sco": 128,
          "dco": 1601,
          "txt": "."
        },
        {
          "si": 16,
          "sti": 0,
          "dti": 325,
          "sco": 0,
          "dco": 1603,
          "txt": "The"
        },
        {
          "si": 16,
          "sti": 1,
          "dti": 326,
          "sco": 4,
          "dco": 1607,
          "txt": "house"
        },
        {
          "si": 16,
          "sti": 2,
          "dti": 327,
          "sco": 10,
          "dco": 1613,
          "txt": "can"
        },
        {
          "si": 16,
          "sti": 3,
          "dti": 328,
          "sco": 14,
          "dco": 1617,
          "txt": "be"
        },
        {
          "si": 16,
          "sti": 4,
          "dti": 329,
          "sco": 17,
          "dco": 1620,
          "txt": "considered"
        },
        {
          "si": 16,
          "sti": 5,
          "dti": 330,
          "sco": 28,
          "dco": 1631,
          "txt": "a"
        },
        {
          "si": 16,
          "sti": 6,
          "dti": 331,
          "sco": 30,
          "dco": 1633,
          "txt": "bridge"
        },
        {
          "si": 16,
          "sti": 7,
          "dti": 332,
          "sco": 37,
          "dco": 1640,
          "txt": "between"
        },
        {
          "si": 16,
          "sti": 8,
          "dti": 333,
          "sco": 45,
          "dco": 1648,
          "txt": "Wright"
        },
        {
          "si": 16,
          "sti": 9,
          "dti": 334,
          "sco": 51,
          "dco": 1654,
          "txt": "'"
        },
        {
          "si": 16,
          "sti": 10,
          "dti": 335,
          "sco": 52,
          "dco": 1655,
          "txt": "s"
        },
        {
          "si": 16,
          "sti": 11,
          "dti": 336,
          "sco": 54,
          "dco": 1657,
          "txt": "earlier"
        },
        {
          "si": 16,
          "sti": 12,
          "dti": 337,
          "sco": 62,
          "dco": 1665,
          "txt": "Prairie"
        },
        {
          "si": 16,
          "sti": 13,
          "dti": 338,
          "sco": 70,
          "dco": 1673,
          "txt": "School"
        },
        {
          "si": 16,
          "sti": 14,
          "dti": 339,
          "sco": 77,
          "dco": 1680,
          "txt": "style"
        },
        {
          "si": 16,
          "sti": 15,
          "dti": 340,
          "sco": 83,
          "dco": 1686,
          "txt": "houses"
        },
        {
          "si": 16,
          "sti": 16,
          "dti": 341,
          "sco": 89,
          "dco": 1692,
          "txt": ","
        },
        {
          "si": 16,
          "sti": 17,
          "dti": 342,
          "sco": 91,
          "dco": 1694,
          "txt": "and"
        },
        {
          "si": 16,
          "sti": 18,
          "dti": 343,
          "sco": 95,
          "dco": 1698,
          "txt": "his"
        },
        {
          "si": 16,
          "sti": 19,
          "dti": 344,
          "sco": 99,
          "dco": 1702,
          "txt": "later"
        },
        {
          "si": 16,
          "sti": 20,
          "dti": 345,
          "sco": 105,
          "dco": 1708,
          "txt": "Usonian"
        },
        {
          "si": 16,
          "sti": 21,
          "dti": 346,
          "sco": 113,
          "dco": 1716,
          "txt": "style"
        },
        {
          "si": 16,
          "sti": 22,
          "dti": 347,
          "sco": 119,
          "dco": 1722,
          "txt": "houses"
        },
        {
          "si": 16,
          "sti": 23,
          "dti": 348,
          "sco": 125,
          "dco": 1728,
          "txt": ","
        },
        {
          "si": 16,
          "sti": 24,
          "dti": 349,
          "sco": 127,
          "dco": 1730,
          "txt": "since"
        },
        {
          "si": 16,
          "sti": 25,
          "dti": 350,
          "sco": 133,
          "dco": 1736,
          "txt": "it"
        },
        {
          "si": 16,
          "sti": 26,
          "dti": 351,
          "sco": 136,
          "dco": 1739,
          "txt": "incorporates"
        },
        {
          "si": 16,
          "sti": 27,
          "dti": 352,
          "sco": 149,
          "dco": 1752,
          "txt": "certain"
        },
        {
          "si": 16,
          "sti": 28,
          "dti": 353,
          "sco": 157,
          "dco": 1760,
          "txt": "elements"
        },
        {
          "si": 16,
          "sti": 29,
          "dti": 354,
          "sco": 166,
          "dco": 1769,
          "txt": "from"
        },
        {
          "si": 16,
          "sti": 30,
          "dti": 355,
          "sco": 171,
          "dco": 1774,
          "txt": "both"
        },
        {
          "si": 16,
          "sti": 31,
          "dti": 356,
          "sco": 176,
          "dco": 1779,
          "txt": "styles"
        },
        {
          "si": 16,
          "sti": 32,
          "dti": 357,
          "sco": 182,
          "dco": 1785,
          "txt": "."
        },
        {
          "si": 17,
          "sti": 0,
          "dti": 358,
          "sco": 0,
          "dco": 1787,
          "txt": "Located"
        },
        {
          "si": 17,
          "sti": 1,
          "dti": 359,
          "sco": 8,
          "dco": 1795,
          "txt": "at"
        },
        {
          "si": 17,
          "sti": 2,
          "dti": 360,
          "sco": 11,
          "dco": 1798,
          "txt": "255"
        },
        {
          "si": 17,
          "sti": 3,
          "dti": 361,
          "sco": 15,
          "dco": 1802,
          "txt": "Bedford"
        },
        {
          "si": 17,
          "sti": 4,
          "dti": 362,
          "sco": 23,
          "dco": 1810,
          "txt": "St"
        },
        {
          "si": 17,
          "sti": 5,
          "dti": 363,
          "sco": 25,
          "dco": 1812,
          "txt": "."
        },
        {
          "si": 18,
          "sti": 0,
          "dti": 364,
          "sco": 0,
          "dco": 1814,
          "txt": "SE"
        },
        {
          "si": 18,
          "sti": 1,
          "dti": 365,
          "sco": 3,
          "dco": 1817,
          "txt": "in"
        },
        {
          "si": 18,
          "sti": 2,
          "dti": 366,
          "sco": 6,
          "dco": 1820,
          "txt": "the"
        },
        {
          "si": 18,
          "sti": 3,
          "dti": 367,
          "sco": 10,
          "dco": 1824,
          "txt": "Minneapolis"
        },
        {
          "si": 18,
          "sti": 4,
          "dti": 368,
          "sco": 22,
          "dco": 1836,
          "txt": "neighborhood"
        },
        {
          "si": 18,
          "sti": 5,
          "dti": 369,
          "sco": 35,
          "dco": 1849,
          "txt": "of"
        },
        {
          "si": 18,
          "sti": 6,
          "dti": 370,
          "sco": 38,
          "dco": 1852,
          "txt": "Prospect"
        },
        {
          "si": 18,
          "sti": 7,
          "dti": 371,
          "sco": 47,
          "dco": 1861,
          "txt": "Park"
        },
        {
          "si": 18,
          "sti": 8,
          "dti": 372,
          "sco": 51,
          "dco": 1865,
          "txt": ","
        },
        {
          "si": 18,
          "sti": 9,
          "dti": 373,
          "sco": 53,
          "dco": 1867,
          "txt": "the"
        },
        {
          "si": 18,
          "sti": 10,
          "dti": 374,
          "sco": 57,
          "dco": 1871,
          "txt": "home"
        },
        {
          "si": 18,
          "sti": 11,
          "dti": 375,
          "sco": 62,
          "dco": 1876,
          "txt": "remains"
        },
        {
          "si": 18,
          "sti": 12,
          "dti": 376,
          "sco": 70,
          "dco": 1884,
          "txt": "private"
        },
        {
          "si": 18,
          "sti": 13,
          "dti": 377,
          "sco": 78,
          "dco": 1892,
          "txt": "and"
        },
        {
          "si": 18,
          "sti": 14,
          "dti": 378,
          "sco": 82,
          "dco": 1896,
          "txt": "is"
        },
        {
          "si": 18,
          "sti": 15,
          "dti": 379,
          "sco": 85,
          "dco": 1899,
          "txt": "only"
        },
        {
          "si": 18,
          "sti": 16,
          "dti": 380,
          "sco": 90,
          "dco": 1904,
          "txt": "partially"
        },
        {
          "si": 18,
          "sti": 17,
          "dti": 381,
          "sco": 100,
          "dco": 1914,
          "txt": "visible"
        },
        {
          "si": 18,
          "sti": 18,
          "dti": 382,
          "sco": 108,
          "dco": 1922,
          "txt": "from"
        },
        {
          "si": 18,
          "sti": 19,
          "dti": 383,
          "sco": 113,
          "dco": 1927,
          "txt": "public"
        },
        {
          "si": 18,
          "sti": 20,
          "dti": 384,
          "sco": 120,
          "dco": 1934,
          "txt": "roads"
        },
        {
          "si": 18,
          "sti": 21,
          "dti": 385,
          "sco": 125,
          "dco": 1939,
          "txt": "."
        },
        {
          "si": 19,
          "sti": 0,
          "dti": 386,
          "sco": 0,
          "dco": 1941,
          "txt": "It"
        },
        {
          "si": 19,
          "sti": 1,
          "dti": 387,
          "sco": 3,
          "dco": 1944,
          "txt": "sits"
        },
        {
          "si": 19,
          "sti": 2,
          "dti": 388,
          "sco": 8,
          "dco": 1949,
          "txt": "adjacent"
        },
        {
          "si": 19,
          "sti": 3,
          "dti": 389,
          "sco": 17,
          "dco": 1958,
          "txt": "to"
        },
        {
          "si": 19,
          "sti": 4,
          "dti": 390,
          "sco": 20,
          "dco": 1961,
          "txt": "a"
        },
        {
          "si": 19,
          "sti": 5,
          "dti": 391,
          "sco": 22,
          "dco": 1963,
          "txt": "freeway"
        },
        {
          "si": 19,
          "sti": 6,
          "dti": 392,
          "sco": 30,
          "dco": 1971,
          "txt": "wall"
        },
        {
          "si": 19,
          "sti": 7,
          "dti": 393,
          "sco": 35,
          "dco": 1976,
          "txt": "blocking"
        },
        {
          "si": 19,
          "sti": 8,
          "dti": 394,
          "sco": 44,
          "dco": 1985,
          "txt": "it"
        },
        {
          "si": 19,
          "sti": 9,
          "dti": 395,
          "sco": 47,
          "dco": 1988,
          "txt": "from"
        },
        {
          "si": 19,
          "sti": 10,
          "dti": 396,
          "sco": 52,
          "dco": 1993,
          "txt": "the"
        },
        {
          "si": 19,
          "sti": 11,
          "dti": 397,
          "sco": 56,
          "dco": 1997,
          "txt": "sight"
        },
        {
          "si": 19,
          "sti": 12,
          "dti": 398,
          "sco": 62,
          "dco": 2003,
          "txt": "and"
        },
        {
          "si": 19,
          "sti": 13,
          "dti": 399,
          "sco": 66,
          "dco": 2007,
          "txt": "sound"
        },
        {
          "si": 19,
          "sti": 14,
          "dti": 400,
          "sco": 72,
          "dco": 2013,
          "txt": "of"
        },
        {
          "si": 19,
          "sti": 15,
          "dti": 401,
          "sco": 75,
          "dco": 2016,
          "txt": "nearby"
        },
        {
          "si": 19,
          "sti": 16,
          "dti": 402,
          "sco": 82,
          "dco": 2023,
          "txt": "Interstate"
        },
        {
          "si": 19,
          "sti": 17,
          "dti": 403,
          "sco": 93,
          "dco": 2034,
          "txt": "94"
        },
        {
          "si": 19,
          "sti": 18,
          "dti": 404,
          "sco": 95,
          "dco": 2036,
          "txt": ";"
        },
        {
          "si": 19,
          "sti": 19,
          "dti": 405,
          "sco": 97,
          "dco": 2038,
          "txt": "the"
        },
        {
          "si": 19,
          "sti": 20,
          "dti": 406,
          "sco": 101,
          "dco": 2042,
          "txt": "home"
        },
        {
          "si": 19,
          "sti": 21,
          "dti": 407,
          "sco": 106,
          "dco": 2047,
          "txt": "originally"
        },
        {
          "si": 19,
          "sti": 22,
          "dti": 408,
          "sco": 117,
          "dco": 2058,
          "txt": "had"
        },
        {
          "si": 19,
          "sti": 23,
          "dti": 409,
          "sco": 121,
          "dco": 2062,
          "txt": "a"
        },
        {
          "si": 19,
          "sti": 24,
          "dti": 410,
          "sco": 123,
          "dco": 2064,
          "txt": "panoramic"
        },
        {
          "si": 19,
          "sti": 25,
          "dti": 411,
          "sco": 133,
          "dco": 2074,
          "txt": "view"
        },
        {
          "si": 19,
          "sti": 26,
          "dti": 412,
          "sco": 138,
          "dco": 2079,
          "txt": "of"
        },
        {
          "si": 19,
          "sti": 27,
          "dti": 413,
          "sco": 141,
          "dco": 2082,
          "txt": "the"
        },
        {
          "si": 19,
          "sti": 28,
          "dti": 414,
          "sco": 145,
          "dco": 2086,
          "txt": "Mississippi"
        },
        {
          "si": 19,
          "sti": 29,
          "dti": 415,
          "sco": 157,
          "dco": 2098,
          "txt": "River"
        },
        {
          "si": 19,
          "sti": 30,
          "dti": 416,
          "sco": 163,
          "dco": 2104,
          "txt": "gorge"
        },
        {
          "si": 19,
          "sti": 31,
          "dti": 417,
          "sco": 169,
          "dco": 2110,
          "txt": "before"
        },
        {
          "si": 19,
          "sti": 32,
          "dti": 418,
          "sco": 176,
          "dco": 2117,
          "txt": "the"
        },
        {
          "si": 19,
          "sti": 33,
          "dti": 419,
          "sco": 180,
          "dco": 2121,
          "txt": "freeway"
        },
        {
          "si": 19,
          "sti": 34,
          "dti": 420,
          "sco": 187,
          "dco": 2128,
          "txt": "'"
        },
        {
          "si": 19,
          "sti": 35,
          "dti": 421,
          "sco": 188,
          "dco": 2129,
          "txt": "s"
        },
        {
          "si": 19,
          "sti": 36,
          "dti": 422,
          "sco": 190,
          "dco": 2131,
          "txt": "construction"
        },
        {
          "si": 19,
          "sti": 37,
          "dti": 423,
          "sco": 203,
          "dco": 2144,
          "txt": "obstructed"
        },
        {
          "si": 19,
          "sti": 38,
          "dti": 424,
          "sco": 214,
          "dco": 2155,
          "txt": "it"
        },
        {
          "si": 19,
          "sti": 39,
          "dti": 425,
          "sco": 217,
          "dco": 2158,
          "txt": "in"
        },
        {
          "si": 19,
          "sti": 40,
          "dti": 426,
          "sco": 220,
          "dco": 2161,
          "txt": "1960"
        },
        {
          "si": 19,
          "sti": 41,
          "dti": 427,
          "sco": 224,
          "dco": 2165,
          "txt": "."
        }
      ]
    },
    "ganns": {
      "dla": [],
      "la": [],
      "ea": [],
      "eta": [
        {
          "ra": {
            "ea": {
              "etn": "Malcolm_Willey_House"
            }
          },
          "sfs": [
            [
              {
                "stn": "openingYear"
              },
              {}
            ]
          ],
          "mfs": [
            [
              {
                "stn": "architect"
              },
              {
                "dla": [],
                "la": [],
                "ea": [
                  {
                    "etn": "Frank_Lloyd_Wright"
                  }
                ],
                "eta": []
              }
            ],
            [
              {
                "stn": "yearOfConstruction"
              },
              {
                "dla": [
                  {
                    "txt": {
                      "sff": "1934"
                    },
                    "et": {
                      "etn": "Year"
                    },
                    "dp": {
                      "off": 165
                    }
                  }
                ],
                "la": [],
                "ea": [],
                "eta": []
              }
            ],
            [
              {
                "stn": "architecturalStyle"
              },
              {
                "dla": [],
                "la": [],
                "ea": [
                  {
                    "etn": "Prairie_School"
                  }
                ],
                "eta": []
              }
            ],
            [
              {
                "stn": "location"
              },
              {
                "dla": [],
                "la": [],
                "ea": [
                  {
                    "etn": "Minneapolis"
                  }
                ],
                "eta": []
              }
            ]
          ]
        }
      ]
    }
  }
]
