[
  {
    "context": "TEST",
    "doc": {
      "id": "Marine_Chapter_House",
      "tl": [
        {
          "si": 0,
          "sti": 0,
          "dti": 0,
          "sco": 0,
          "dco": 0,
          "txt": "Marine"
        },
        {
          "si": 0,
          "sti": 1,
          "dti": 1,
          "sco": 7,
          "dco": 7,
          "txt": "Chapter"
        },
        {
          "si": 0,
          "sti": 2,
          "dti": 2,
          "sco": 15,
          "dco": 15,
          "txt": "House"
        },
        {
          "si": 0,
          "sti": 3,
          "dti": 3,
          "sco": 20,
          "dco": 20,
          "txt": "."
        },
        {
          "si": 1,
          "sti": 0,
          "dti": 4,
          "sco": 0,
          "dco": 22,
          "txt": "The"
        },
        {
          "si": 1,
          "sti": 1,
          "dti": 5,
          "sco": 4,
          "dco": 26,
          "txt": "Marine"
        },
        {
          "si": 1,
          "sti": 2,
          "dti": 6,
          "sco": 11,
          "dco": 33,
          "txt": "Chapter"
        },
        {
          "si": 1,
          "sti": 3,
          "dti": 7,
          "sco": 19,
          "dco": 41,
          "txt": "House"
        },
        {
          "si": 1,
          "sti": 4,
          "dti": 8,
          "sco": 25,
          "dco": 47,
          "txt": "is"
        },
        {
          "si": 1,
          "sti": 5,
          "dti": 9,
          "sco": 28,
          "dco": 50,
          "txt": "a"
        },
        {
          "si": 1,
          "sti": 6,
          "dti": 10,
          "sco": 30,
          "dco": 52,
          "txt": "historic"
        },
        {
          "si": 1,
          "sti": 7,
          "dti": 11,
          "sco": 39,
          "dco": 61,
          "txt": "building"
        },
        {
          "si": 1,
          "sti": 8,
          "dti": 12,
          "sco": 48,
          "dco": 70,
          "txt": "located"
        },
        {
          "si": 1,
          "sti": 9,
          "dti": 13,
          "sco": 56,
          "dco": 78,
          "txt": "on"
        },
        {
          "si": 1,
          "sti": 10,
          "dti": 14,
          "sco": 59,
          "dco": 81,
          "txt": "Silver"
        },
        {
          "si": 1,
          "sti": 11,
          "dti": 15,
          "sco": 66,
          "dco": 88,
          "txt": "Street"
        },
        {
          "si": 1,
          "sti": 12,
          "dti": 16,
          "sco": 73,
          "dco": 95,
          "txt": "in"
        },
        {
          "si": 1,
          "sti": 13,
          "dti": 17,
          "sco": 76,
          "dco": 98,
          "txt": "Marine"
        },
        {
          "si": 1,
          "sti": 14,
          "dti": 18,
          "sco": 82,
          "dco": 104,
          "txt": ","
        },
        {
          "si": 1,
          "sti": 15,
          "dti": 19,
          "sco": 84,
          "dco": 106,
          "txt": "Illinois"
        },
        {
          "si": 1,
          "sti": 16,
          "dti": 20,
          "sco": 92,
          "dco": 114,
          "txt": "."
        },
        {
          "si": 2,
          "sti": 0,
          "dti": 21,
          "sco": 0,
          "dco": 116,
          "txt": "The"
        },
        {
          "si": 2,
          "sti": 1,
          "dti": 22,
          "sco": 4,
          "dco": 120,
          "txt": "building"
        },
        {
          "si": 2,
          "sti": 2,
          "dti": 23,
          "sco": 13,
          "dco": 129,
          "txt": "was"
        },
        {
          "si": 2,
          "sti": 3,
          "dti": 24,
          "sco": 17,
          "dco": 133,
          "txt": "constructed"
        },
        {
          "si": 2,
          "sti": 4,
          "dti": 25,
          "sco": 29,
          "dco": 145,
          "txt": "between"
        },
        {
          "si": 2,
          "sti": 5,
          "dti": 26,
          "sco": 37,
          "dco": 153,
          "txt": "1909"
        },
        {
          "si": 2,
          "sti": 6,
          "dti": 27,
          "sco": 42,
          "dco": 158,
          "txt": "and"
        },
        {
          "si": 2,
          "sti": 7,
          "dti": 28,
          "sco": 46,
          "dco": 162,
          "txt": "1910"
        },
        {
          "si": 2,
          "sti": 8,
          "dti": 29,
          "sco": 51,
          "dco": 167,
          "txt": "as"
        },
        {
          "si": 2,
          "sti": 9,
          "dti": 30,
          "sco": 54,
          "dco": 170,
          "txt": "a"
        },
        {
          "si": 2,
          "sti": 10,
          "dti": 31,
          "sco": 56,
          "dco": 172,
          "txt": "meetinghouse"
        },
        {
          "si": 2,
          "sti": 11,
          "dti": 32,
          "sco": 69,
          "dco": 185,
          "txt": "for"
        },
        {
          "si": 2,
          "sti": 12,
          "dti": 33,
          "sco": 73,
          "dco": 189,
          "txt": "Marine"
        },
        {
          "si": 2,
          "sti": 13,
          "dti": 34,
          "sco": 79,
          "dco": 195,
          "txt": "'"
        },
        {
          "si": 2,
          "sti": 14,
          "dti": 35,
          "sco": 80,
          "dco": 196,
          "txt": "s"
        },
        {
          "si": 2,
          "sti": 15,
          "dti": 36,
          "sco": 82,
          "dco": 198,
          "txt": "chapter"
        },
        {
          "si": 2,
          "sti": 16,
          "dti": 37,
          "sco": 90,
          "dco": 206,
          "txt": "of"
        },
        {
          "si": 2,
          "sti": 17,
          "dti": 38,
          "sco": 93,
          "dco": 209,
          "txt": "the"
        },
        {
          "si": 2,
          "sti": 18,
          "dti": 39,
          "sco": 97,
          "dco": 213,
          "txt": "American"
        },
        {
          "si": 2,
          "sti": 19,
          "dti": 40,
          "sco": 106,
          "dco": 222,
          "txt": "Woman"
        },
        {
          "si": 2,
          "sti": 20,
          "dti": 41,
          "sco": 111,
          "dco": 227,
          "txt": "'"
        },
        {
          "si": 2,
          "sti": 21,
          "dti": 42,
          "sco": 112,
          "dco": 228,
          "txt": "s"
        },
        {
          "si": 2,
          "sti": 22,
          "dti": 43,
          "sco": 114,
          "dco": 230,
          "txt": "League"
        },
        {
          "si": 2,
          "sti": 23,
          "dti": 44,
          "sco": 120,
          "dco": 236,
          "txt": "."
        },
        {
          "si": 3,
          "sti": 0,
          "dti": 45,
          "sco": 0,
          "dco": 238,
          "txt": "The"
        },
        {
          "si": 3,
          "sti": 1,
          "dti": 46,
          "sco": 4,
          "dco": 242,
          "txt": "American"
        },
        {
          "si": 3,
          "sti": 2,
          "dti": 47,
          "sco": 13,
          "dco": 251,
          "txt": "Woman"
        },
        {
          "si": 3,
          "sti": 3,
          "dti": 48,
          "sco": 18,
          "dco": 256,
          "txt": "'"
        },
        {
          "si": 3,
          "sti": 4,
          "dti": 49,
          "sco": 19,
          "dco": 257,
          "txt": "s"
        },
        {
          "si": 3,
          "sti": 5,
          "dti": 50,
          "sco": 21,
          "dco": 259,
          "txt": "League"
        },
        {
          "si": 3,
          "sti": 6,
          "dti": 51,
          "sco": 28,
          "dco": 266,
          "txt": "was"
        },
        {
          "si": 3,
          "sti": 7,
          "dti": 52,
          "sco": 32,
          "dco": 270,
          "txt": "a"
        },
        {
          "si": 3,
          "sti": 8,
          "dti": 53,
          "sco": 34,
          "dco": 272,
          "txt": "political"
        },
        {
          "si": 3,
          "sti": 9,
          "dti": 54,
          "sco": 44,
          "dco": 282,
          "txt": "and"
        },
        {
          "si": 3,
          "sti": 10,
          "dti": 55,
          "sco": 48,
          "dco": 286,
          "txt": "social"
        },
        {
          "si": 3,
          "sti": 11,
          "dti": 56,
          "sco": 55,
          "dco": 293,
          "txt": "organization"
        },
        {
          "si": 3,
          "sti": 12,
          "dti": 57,
          "sco": 68,
          "dco": 306,
          "txt": "founded"
        },
        {
          "si": 3,
          "sti": 13,
          "dti": 58,
          "sco": 76,
          "dco": 314,
          "txt": "by"
        },
        {
          "si": 3,
          "sti": 14,
          "dti": 59,
          "sco": 79,
          "dco": 317,
          "txt": "magazine"
        },
        {
          "si": 3,
          "sti": 15,
          "dti": 60,
          "sco": 88,
          "dco": 326,
          "txt": "publisher"
        },
        {
          "si": 3,
          "sti": 16,
          "dti": 61,
          "sco": 98,
          "dco": 336,
          "txt": "Edward"
        },
        {
          "si": 3,
          "sti": 17,
          "dti": 62,
          "sco": 105,
          "dco": 343,
          "txt": "Gardner"
        },
        {
          "si": 3,
          "sti": 18,
          "dti": 63,
          "sco": 113,
          "dco": 351,
          "txt": "Lewis"
        },
        {
          "si": 3,
          "sti": 19,
          "dti": 64,
          "sco": 119,
          "dco": 357,
          "txt": "in"
        },
        {
          "si": 3,
          "sti": 20,
          "dti": 65,
          "sco": 122,
          "dco": 360,
          "txt": "1908"
        },
        {
          "si": 3,
          "sti": 21,
          "dti": 66,
          "sco": 126,
          "dco": 364,
          "txt": "."
        },
        {
          "si": 4,
          "sti": 0,
          "dti": 67,
          "sco": 0,
          "dco": 366,
          "txt": "The"
        },
        {
          "si": 4,
          "sti": 1,
          "dti": 68,
          "sco": 4,
          "dco": 370,
          "txt": "organization"
        },
        {
          "si": 4,
          "sti": 2,
          "dti": 69,
          "sco": 17,
          "dco": 383,
          "txt": "was"
        },
        {
          "si": 4,
          "sti": 3,
          "dti": 70,
          "sco": 21,
          "dco": 387,
          "txt": "created"
        },
        {
          "si": 4,
          "sti": 4,
          "dti": 71,
          "sco": 29,
          "dco": 395,
          "txt": "to"
        },
        {
          "si": 4,
          "sti": 5,
          "dti": 72,
          "sco": 32,
          "dco": 398,
          "txt": "promote"
        },
        {
          "si": 4,
          "sti": 6,
          "dti": 73,
          "sco": 40,
          "dco": 406,
          "txt": "feminist"
        },
        {
          "si": 4,
          "sti": 7,
          "dti": 74,
          "sco": 49,
          "dco": 415,
          "txt": "causes"
        },
        {
          "si": 4,
          "sti": 8,
          "dti": 75,
          "sco": 55,
          "dco": 421,
          "txt": ","
        },
        {
          "si": 4,
          "sti": 9,
          "dti": 76,
          "sco": 57,
          "dco": 423,
          "txt": "particularly"
        },
        {
          "si": 4,
          "sti": 10,
          "dti": 77,
          "sco": 70,
          "dco": 436,
          "txt": "the"
        },
        {
          "si": 4,
          "sti": 11,
          "dti": 78,
          "sco": 74,
          "dco": 440,
          "txt": "women"
        },
        {
          "si": 4,
          "sti": 12,
          "dti": 79,
          "sco": 79,
          "dco": 445,
          "txt": "'"
        },
        {
          "si": 4,
          "sti": 13,
          "dti": 80,
          "sco": 80,
          "dco": 446,
          "txt": "s"
        },
        {
          "si": 4,
          "sti": 14,
          "dti": 81,
          "sco": 82,
          "dco": 448,
          "txt": "suffrage"
        },
        {
          "si": 4,
          "sti": 15,
          "dti": 82,
          "sco": 91,
          "dco": 457,
          "txt": "movement"
        },
        {
          "si": 4,
          "sti": 16,
          "dti": 83,
          "sco": 99,
          "dco": 465,
          "txt": ";"
        },
        {
          "si": 4,
          "sti": 17,
          "dti": 84,
          "sco": 101,
          "dco": 467,
          "txt": "Lewis"
        },
        {
          "si": 4,
          "sti": 18,
          "dti": 85,
          "sco": 107,
          "dco": 473,
          "txt": "also"
        },
        {
          "si": 4,
          "sti": 19,
          "dti": 86,
          "sco": 112,
          "dco": 478,
          "txt": "intended"
        },
        {
          "si": 4,
          "sti": 20,
          "dti": 87,
          "sco": 121,
          "dco": 487,
          "txt": "for"
        },
        {
          "si": 4,
          "sti": 21,
          "dti": 88,
          "sco": 125,
          "dco": 491,
          "txt": "the"
        },
        {
          "si": 4,
          "sti": 22,
          "dti": 89,
          "sco": 129,
          "dco": 495,
          "txt": "organization"
        },
        {
          "si": 4,
          "sti": 23,
          "dti": 90,
          "sco": 142,
          "dco": 508,
          "txt": "to"
        },
        {
          "si": 4,
          "sti": 24,
          "dti": 91,
          "sco": 145,
          "dco": 511,
          "txt": "promote"
        },
        {
          "si": 4,
          "sti": 25,
          "dti": 92,
          "sco": 153,
          "dco": 519,
          "txt": "and"
        },
        {
          "si": 4,
          "sti": 26,
          "dti": 93,
          "sco": 157,
          "dco": 523,
          "txt": "sell"
        },
        {
          "si": 4,
          "sti": 27,
          "dti": 94,
          "sco": 162,
          "dco": 528,
          "txt": "his"
        },
        {
          "si": 4,
          "sti": 28,
          "dti": 95,
          "sco": 166,
          "dco": 532,
          "txt": "women"
        },
        {
          "si": 4,
          "sti": 29,
          "dti": 96,
          "sco": 171,
          "dco": 537,
          "txt": "'"
        },
        {
          "si": 4,
          "sti": 30,
          "dti": 97,
          "sco": 172,
          "dco": 538,
          "txt": "s"
        },
        {
          "si": 4,
          "sti": 31,
          "dti": 98,
          "sco": 174,
          "dco": 540,
          "txt": "magazines"
        },
        {
          "si": 4,
          "sti": 32,
          "dti": 99,
          "sco": 183,
          "dco": 549,
          "txt": "."
        },
        {
          "si": 5,
          "sti": 0,
          "dti": 100,
          "sco": 0,
          "dco": 551,
          "txt": "Lewis"
        },
        {
          "si": 5,
          "sti": 1,
          "dti": 101,
          "sco": 6,
          "dco": 557,
          "txt": "commissioned"
        },
        {
          "si": 5,
          "sti": 2,
          "dti": 102,
          "sco": 19,
          "dco": 570,
          "txt": "the"
        },
        {
          "si": 5,
          "sti": 3,
          "dti": 103,
          "sco": 23,
          "dco": 574,
          "txt": "St"
        },
        {
          "si": 5,
          "sti": 4,
          "dti": 104,
          "sco": 25,
          "dco": 576,
          "txt": "."
        },
        {
          "si": 6,
          "sti": 0,
          "dti": 105,
          "sco": 0,
          "dco": 578,
          "txt": "Louis"
        },
        {
          "si": 6,
          "sti": 1,
          "dti": 106,
          "sco": 6,
          "dco": 584,
          "txt": "architectural"
        },
        {
          "si": 6,
          "sti": 2,
          "dti": 107,
          "sco": 20,
          "dco": 598,
          "txt": "firm"
        },
        {
          "si": 6,
          "sti": 3,
          "dti": 108,
          "sco": 25,
          "dco": 603,
          "txt": "of"
        },
        {
          "si": 6,
          "sti": 4,
          "dti": 109,
          "sco": 28,
          "dco": 606,
          "txt": "Helfensteller"
        },
        {
          "si": 6,
          "sti": 5,
          "dti": 110,
          "sco": 41,
          "dco": 619,
          "txt": ","
        },
        {
          "si": 6,
          "sti": 6,
          "dti": 111,
          "sco": 43,
          "dco": 621,
          "txt": "Hirsch"
        },
        {
          "si": 6,
          "sti": 7,
          "dti": 112,
          "sco": 50,
          "dco": 628,
          "txt": "&"
        },
        {
          "si": 6,
          "sti": 8,
          "dti": 113,
          "sco": 52,
          "dco": 630,
          "txt": "Watson"
        },
        {
          "si": 6,
          "sti": 9,
          "dti": 114,
          "sco": 59,
          "dco": 637,
          "txt": "to"
        },
        {
          "si": 6,
          "sti": 10,
          "dti": 115,
          "sco": 62,
          "dco": 640,
          "txt": "design"
        },
        {
          "si": 6,
          "sti": 11,
          "dti": 116,
          "sco": 69,
          "dco": 647,
          "txt": "five"
        },
        {
          "si": 6,
          "sti": 12,
          "dti": 117,
          "sco": 74,
          "dco": 652,
          "txt": "classes"
        },
        {
          "si": 6,
          "sti": 13,
          "dti": 118,
          "sco": 82,
          "dco": 660,
          "txt": "of"
        },
        {
          "si": 6,
          "sti": 14,
          "dti": 119,
          "sco": 85,
          "dco": 663,
          "txt": "buildings"
        },
        {
          "si": 6,
          "sti": 15,
          "dti": 120,
          "sco": 95,
          "dco": 673,
          "txt": "which"
        },
        {
          "si": 6,
          "sti": 16,
          "dti": 121,
          "sco": 101,
          "dco": 679,
          "txt": "the"
        },
        {
          "si": 6,
          "sti": 17,
          "dti": 122,
          "sco": 105,
          "dco": 683,
          "txt": "League"
        },
        {
          "si": 6,
          "sti": 18,
          "dti": 123,
          "sco": 112,
          "dco": 690,
          "txt": "would"
        },
        {
          "si": 6,
          "sti": 19,
          "dti": 124,
          "sco": 118,
          "dco": 696,
          "txt": "use"
        },
        {
          "si": 6,
          "sti": 20,
          "dti": 125,
          "sco": 122,
          "dco": 700,
          "txt": "as"
        },
        {
          "si": 6,
          "sti": 21,
          "dti": 126,
          "sco": 125,
          "dco": 703,
          "txt": "meetinghouses"
        },
        {
          "si": 6,
          "sti": 22,
          "dti": 127,
          "sco": 138,
          "dco": 716,
          "txt": "."
        },
        {
          "si": 7,
          "sti": 0,
          "dti": 128,
          "sco": 0,
          "dco": 718,
          "txt": "The"
        },
        {
          "si": 7,
          "sti": 1,
          "dti": 129,
          "sco": 4,
          "dco": 722,
          "txt": "Marine"
        },
        {
          "si": 7,
          "sti": 2,
          "dti": 130,
          "sco": 11,
          "dco": 729,
          "txt": "Chapter"
        },
        {
          "si": 7,
          "sti": 3,
          "dti": 131,
          "sco": 19,
          "dco": 737,
          "txt": "House"
        },
        {
          "si": 7,
          "sti": 4,
          "dti": 132,
          "sco": 25,
          "dco": 743,
          "txt": "is"
        },
        {
          "si": 7,
          "sti": 5,
          "dti": 133,
          "sco": 28,
          "dco": 746,
          "txt": "an"
        },
        {
          "si": 7,
          "sti": 6,
          "dti": 134,
          "sco": 31,
          "dco": 749,
          "txt": "example"
        },
        {
          "si": 7,
          "sti": 7,
          "dti": 135,
          "sco": 39,
          "dco": 757,
          "txt": "of"
        },
        {
          "si": 7,
          "sti": 8,
          "dti": 136,
          "sco": 42,
          "dco": 760,
          "txt": "a"
        },
        {
          "si": 7,
          "sti": 9,
          "dti": 137,
          "sco": 44,
          "dco": 762,
          "txt": "Class"
        },
        {
          "si": 7,
          "sti": 10,
          "dti": 138,
          "sco": 50,
          "dco": 768,
          "txt": "I"
        },
        {
          "si": 7,
          "sti": 11,
          "dti": 139,
          "sco": 52,
          "dco": 770,
          "txt": "building"
        },
        {
          "si": 7,
          "sti": 12,
          "dti": 140,
          "sco": 60,
          "dco": 778,
          "txt": ","
        },
        {
          "si": 7,
          "sti": 13,
          "dti": 141,
          "sco": 62,
          "dco": 780,
          "txt": "which"
        },
        {
          "si": 7,
          "sti": 14,
          "dti": 142,
          "sco": 68,
          "dco": 786,
          "txt": "was"
        },
        {
          "si": 7,
          "sti": 15,
          "dti": 143,
          "sco": 72,
          "dco": 790,
          "txt": "designed"
        },
        {
          "si": 7,
          "sti": 16,
          "dti": 144,
          "sco": 81,
          "dco": 799,
          "txt": "for"
        },
        {
          "si": 7,
          "sti": 17,
          "dti": 145,
          "sco": 85,
          "dco": 803,
          "txt": "clubs"
        },
        {
          "si": 7,
          "sti": 18,
          "dti": 146,
          "sco": 91,
          "dco": 809,
          "txt": "with"
        },
        {
          "si": 7,
          "sti": 19,
          "dti": 147,
          "sco": 96,
          "dco": 814,
          "txt": "30"
        },
        {
          "si": 7,
          "sti": 20,
          "dti": 148,
          "sco": 99,
          "dco": 817,
          "txt": "to"
        },
        {
          "si": 7,
          "sti": 21,
          "dti": 149,
          "sco": 102,
          "dco": 820,
          "txt": "60"
        },
        {
          "si": 7,
          "sti": 22,
          "dti": 150,
          "sco": 105,
          "dco": 823,
          "txt": "members"
        },
        {
          "si": 7,
          "sti": 23,
          "dti": 151,
          "sco": 112,
          "dco": 830,
          "txt": "."
        },
        {
          "si": 8,
          "sti": 0,
          "dti": 152,
          "sco": 0,
          "dco": 832,
          "txt": "The"
        },
        {
          "si": 8,
          "sti": 1,
          "dti": 153,
          "sco": 4,
          "dco": 836,
          "txt": "building"
        },
        {
          "si": 8,
          "sti": 2,
          "dti": 154,
          "sco": 13,
          "dco": 845,
          "txt": "was"
        },
        {
          "si": 8,
          "sti": 3,
          "dti": 155,
          "sco": 17,
          "dco": 849,
          "txt": "designed"
        },
        {
          "si": 8,
          "sti": 4,
          "dti": 156,
          "sco": 26,
          "dco": 858,
          "txt": "in"
        },
        {
          "si": 8,
          "sti": 5,
          "dti": 157,
          "sco": 29,
          "dco": 861,
          "txt": "the"
        },
        {
          "si": 8,
          "sti": 6,
          "dti": 158,
          "sco": 33,
          "dco": 865,
          "txt": "Prairie"
        },
        {
          "si": 8,
          "sti": 7,
          "dti": 159,
          "sco": 41,
          "dco": 873,
          "txt": "School"
        },
        {
          "si": 8,
          "sti": 8,
          "dti": 160,
          "sco": 48,
          "dco": 880,
          "txt": "style"
        },
        {
          "si": 8,
          "sti": 9,
          "dti": 161,
          "sco": 54,
          "dco": 886,
          "txt": "and"
        },
        {
          "si": 8,
          "sti": 10,
          "dti": 162,
          "sco": 58,
          "dco": 890,
          "txt": "cost"
        },
        {
          "si": 8,
          "sti": 11,
          "dti": 163,
          "sco": 63,
          "dco": 895,
          "txt": "$"
        },
        {
          "si": 8,
          "sti": 12,
          "dti": 164,
          "sco": 64,
          "dco": 896,
          "txt": "1"
        },
        {
          "si": 8,
          "sti": 13,
          "dti": 165,
          "sco": 65,
          "dco": 897,
          "txt": ","
        },
        {
          "si": 8,
          "sti": 14,
          "dti": 166,
          "sco": 66,
          "dco": 898,
          "txt": "200"
        },
        {
          "si": 8,
          "sti": 15,
          "dti": 167,
          "sco": 69,
          "dco": 901,
          "txt": "."
        },
        {
          "si": 9,
          "sti": 0,
          "dti": 168,
          "sco": 0,
          "dco": 903,
          "txt": "After"
        },
        {
          "si": 9,
          "sti": 1,
          "dti": 169,
          "sco": 6,
          "dco": 909,
          "txt": "the"
        },
        {
          "si": 9,
          "sti": 2,
          "dti": 170,
          "sco": 10,
          "dco": 913,
          "txt": "club"
        },
        {
          "si": 9,
          "sti": 3,
          "dti": 171,
          "sco": 15,
          "dco": 918,
          "txt": "disbanded"
        },
        {
          "si": 9,
          "sti": 4,
          "dti": 172,
          "sco": 24,
          "dco": 927,
          "txt": ","
        },
        {
          "si": 9,
          "sti": 5,
          "dti": 173,
          "sco": 26,
          "dco": 929,
          "txt": "the"
        },
        {
          "si": 9,
          "sti": 6,
          "dti": 174,
          "sco": 30,
          "dco": 933,
          "txt": "building"
        },
        {
          "si": 9,
          "sti": 7,
          "dti": 175,
          "sco": 39,
          "dco": 942,
          "txt": "was"
        },
        {
          "si": 9,
          "sti": 8,
          "dti": 176,
          "sco": 43,
          "dco": 946,
          "txt": "converted"
        },
        {
          "si": 9,
          "sti": 9,
          "dti": 177,
          "sco": 53,
          "dco": 956,
          "txt": "to"
        },
        {
          "si": 9,
          "sti": 10,
          "dti": 178,
          "sco": 56,
          "dco": 959,
          "txt": "a"
        },
        {
          "si": 9,
          "sti": 11,
          "dti": 179,
          "sco": 58,
          "dco": 961,
          "txt": "library"
        },
        {
          "si": 9,
          "sti": 12,
          "dti": 180,
          "sco": 65,
          "dco": 968,
          "txt": "."
        },
        {
          "si": 10,
          "sti": 0,
          "dti": 181,
          "sco": 0,
          "dco": 970,
          "txt": "The"
        },
        {
          "si": 10,
          "sti": 1,
          "dti": 182,
          "sco": 4,
          "dco": 974,
          "txt": "building"
        },
        {
          "si": 10,
          "sti": 2,
          "dti": 183,
          "sco": 13,
          "dco": 983,
          "txt": "was"
        },
        {
          "si": 10,
          "sti": 3,
          "dti": 184,
          "sco": 17,
          "dco": 987,
          "txt": "added"
        },
        {
          "si": 10,
          "sti": 4,
          "dti": 185,
          "sco": 23,
          "dco": 993,
          "txt": "to"
        },
        {
          "si": 10,
          "sti": 5,
          "dti": 186,
          "sco": 26,
          "dco": 996,
          "txt": "the"
        },
        {
          "si": 10,
          "sti": 6,
          "dti": 187,
          "sco": 30,
          "dco": 1000,
          "txt": "National"
        },
        {
          "si": 10,
          "sti": 7,
          "dti": 188,
          "sco": 39,
          "dco": 1009,
          "txt": "Register"
        },
        {
          "si": 10,
          "sti": 8,
          "dti": 189,
          "sco": 48,
          "dco": 1018,
          "txt": "of"
        },
        {
          "si": 10,
          "sti": 9,
          "dti": 190,
          "sco": 51,
          "dco": 1021,
          "txt": "Historic"
        },
        {
          "si": 10,
          "sti": 10,
          "dti": 191,
          "sco": 60,
          "dco": 1030,
          "txt": "Places"
        },
        {
          "si": 10,
          "sti": 11,
          "dti": 192,
          "sco": 67,
          "dco": 1037,
          "txt": "on"
        },
        {
          "si": 10,
          "sti": 12,
          "dti": 193,
          "sco": 70,
          "dco": 1040,
          "txt": "November"
        },
        {
          "si": 10,
          "sti": 13,
          "dti": 194,
          "sco": 79,
          "dco": 1049,
          "txt": "28"
        },
        {
          "si": 10,
          "sti": 14,
          "dti": 195,
          "sco": 81,
          "dco": 1051,
          "txt": ","
        },
        {
          "si": 10,
          "sti": 15,
          "dti": 196,
          "sco": 83,
          "dco": 1053,
          "txt": "1980"
        },
        {
          "si": 10,
          "sti": 16,
          "dti": 197,
          "sco": 87,
          "dco": 1057,
          "txt": "."
        },
        {
          "si": 11,
          "sti": 0,
          "dti": 198,
          "sco": 0,
          "dco": 1059,
          "txt": "It"
        },
        {
          "si": 11,
          "sti": 1,
          "dti": 199,
          "sco": 3,
          "dco": 1062,
          "txt": "is"
        },
        {
          "si": 11,
          "sti": 2,
          "dti": 200,
          "sco": 6,
          "dco": 1065,
          "txt": "one"
        },
        {
          "si": 11,
          "sti": 3,
          "dti": 201,
          "sco": 10,
          "dco": 1069,
          "txt": "of"
        },
        {
          "si": 11,
          "sti": 4,
          "dti": 202,
          "sco": 13,
          "dco": 1072,
          "txt": "nine"
        },
        {
          "si": 11,
          "sti": 5,
          "dti": 203,
          "sco": 18,
          "dco": 1077,
          "txt": "American"
        },
        {
          "si": 11,
          "sti": 6,
          "dti": 204,
          "sco": 27,
          "dco": 1086,
          "txt": "Woman"
        },
        {
          "si": 11,
          "sti": 7,
          "dti": 205,
          "sco": 32,
          "dco": 1091,
          "txt": "'"
        },
        {
          "si": 11,
          "sti": 8,
          "dti": 206,
          "sco": 33,
          "dco": 1092,
          "txt": "s"
        },
        {
          "si": 11,
          "sti": 9,
          "dti": 207,
          "sco": 35,
          "dco": 1094,
          "txt": "League"
        },
        {
          "si": 11,
          "sti": 10,
          "dti": 208,
          "sco": 42,
          "dco": 1101,
          "txt": "chapter"
        },
        {
          "si": 11,
          "sti": 11,
          "dti": 209,
          "sco": 50,
          "dco": 1109,
          "txt": "houses"
        },
        {
          "si": 11,
          "sti": 12,
          "dti": 210,
          "sco": 57,
          "dco": 1116,
          "txt": "on"
        },
        {
          "si": 11,
          "sti": 13,
          "dti": 211,
          "sco": 60,
          "dco": 1119,
          "txt": "the"
        },
        {
          "si": 11,
          "sti": 14,
          "dti": 212,
          "sco": 64,
          "dco": 1123,
          "txt": "National"
        },
        {
          "si": 11,
          "sti": 15,
          "dti": 213,
          "sco": 73,
          "dco": 1132,
          "txt": "Register"
        },
        {
          "si": 11,
          "sti": 16,
          "dti": 214,
          "sco": 82,
          "dco": 1141,
          "txt": "in"
        },
        {
          "si": 11,
          "sti": 17,
          "dti": 215,
          "sco": 85,
          "dco": 1144,
          "txt": "Illinois"
        },
        {
          "si": 11,
          "sti": 18,
          "dti": 216,
          "sco": 93,
          "dco": 1152,
          "txt": "."
        }
      ]
    },
    "ganns": {
      "dla": [],
      "la": [],
      "ea": [],
      "eta": [
        {
          "ra": {
            "ea": {
              "etn": "Marine_Chapter_House"
            }
          },
          "sfs": [
            [
              {
                "stn": "openingYear"
              },
              {}
            ]
          ],
          "mfs": [
            [
              {
                "stn": "architect"
              },
              {
                "dla": [],
                "la": [],
                "ea": [
                  {
                    "etn": "Helfensteller,_Hirsch_&_Watson"
                  }
                ],
                "eta": []
              }
            ],
            [
              {
                "stn": "yearOfConstruction"
              },
              {
                "dla": [
                  {
                    "txt": {
                      "sff": "1909"
                    },
                    "et": {
                      "etn": "Year"
                    },
                    "dp": {
                      "off": 153
                    }
                  }
                ],
                "la": [],
                "ea": [],
                "eta": []
              }
            ],
            [
              {
                "stn": "architecturalStyle"
              },
              {
                "dla": [],
                "la": [],
                "ea": [
                  {
                    "etn": "Prairie_School"
                  }
                ],
                "eta": []
              }
            ],
            [
              {
                "stn": "location"
              },
              {
                "dla": [],
                "la": [],
                "ea": [
                  {
                    "etn": "Marine,_Illinois"
                  }
                ],
                "eta": []
              }
            ]
          ]
        }
      ]
    }
  }
]
