[
  {
    "context": "TEST",
    "doc": {
      "id": "Metropolitan_Baptist_Church_(New_York_City)",
      "tl": [
        {
          "si": 0,
          "sti": 0,
          "dti": 0,
          "sco": 0,
          "dco": 0,
          "txt": "Metropolitan"
        },
        {
          "si": 0,
          "sti": 1,
          "dti": 1,
          "sco": 13,
          "dco": 13,
          "txt": "Baptist"
        },
        {
          "si": 0,
          "sti": 2,
          "dti": 2,
          "sco": 21,
          "dco": 21,
          "txt": "Church"
        },
        {
          "si": 0,
          "sti": 3,
          "dti": 3,
          "sco": 28,
          "dco": 28,
          "txt": "("
        },
        {
          "si": 0,
          "sti": 4,
          "dti": 4,
          "sco": 29,
          "dco": 29,
          "txt": "New"
        },
        {
          "si": 0,
          "sti": 5,
          "dti": 5,
          "sco": 33,
          "dco": 33,
          "txt": "York"
        },
        {
          "si": 0,
          "sti": 6,
          "dti": 6,
          "sco": 38,
          "dco": 38,
          "txt": "City"
        },
        {
          "si": 0,
          "sti": 7,
          "dti": 7,
          "sco": 42,
          "dco": 42,
          "txt": ")"
        },
        {
          "si": 0,
          "sti": 8,
          "dti": 8,
          "sco": 43,
          "dco": 43,
          "txt": "."
        },
        {
          "si": 1,
          "sti": 0,
          "dti": 9,
          "sco": 0,
          "dco": 45,
          "txt": "The"
        },
        {
          "si": 1,
          "sti": 1,
          "dti": 10,
          "sco": 4,
          "dco": 49,
          "txt": "Metropolitan"
        },
        {
          "si": 1,
          "sti": 2,
          "dti": 11,
          "sco": 17,
          "dco": 62,
          "txt": "Baptist"
        },
        {
          "si": 1,
          "sti": 3,
          "dti": 12,
          "sco": 25,
          "dco": 70,
          "txt": "Church"
        },
        {
          "si": 1,
          "sti": 4,
          "dti": 13,
          "sco": 31,
          "dco": 76,
          "txt": ","
        },
        {
          "si": 1,
          "sti": 5,
          "dti": 14,
          "sco": 33,
          "dco": 78,
          "txt": "located"
        },
        {
          "si": 1,
          "sti": 6,
          "dti": 15,
          "sco": 41,
          "dco": 86,
          "txt": "at"
        },
        {
          "si": 1,
          "sti": 7,
          "dti": 16,
          "sco": 44,
          "dco": 89,
          "txt": "151"
        },
        {
          "si": 1,
          "sti": 8,
          "dti": 17,
          "sco": 48,
          "dco": 93,
          "txt": "West"
        },
        {
          "si": 1,
          "sti": 9,
          "dti": 18,
          "sco": 53,
          "dco": 98,
          "txt": "128"
        },
        {
          "si": 1,
          "sti": 10,
          "dti": 19,
          "sco": 56,
          "dco": 101,
          "txt": "th"
        },
        {
          "si": 1,
          "sti": 11,
          "dti": 20,
          "sco": 59,
          "dco": 104,
          "txt": "Street"
        },
        {
          "si": 1,
          "sti": 12,
          "dti": 21,
          "sco": 66,
          "dco": 111,
          "txt": "on"
        },
        {
          "si": 1,
          "sti": 13,
          "dti": 22,
          "sco": 69,
          "dco": 114,
          "txt": "the"
        },
        {
          "si": 1,
          "sti": 14,
          "dti": 23,
          "sco": 73,
          "dco": 118,
          "txt": "corner"
        },
        {
          "si": 1,
          "sti": 15,
          "dti": 24,
          "sco": 80,
          "dco": 125,
          "txt": "of"
        },
        {
          "si": 1,
          "sti": 16,
          "dti": 25,
          "sco": 83,
          "dco": 128,
          "txt": "Adam"
        },
        {
          "si": 1,
          "sti": 17,
          "dti": 26,
          "sco": 88,
          "dco": 133,
          "txt": "Clayton"
        },
        {
          "si": 1,
          "sti": 18,
          "dti": 27,
          "sco": 96,
          "dco": 141,
          "txt": "Powell"
        },
        {
          "si": 1,
          "sti": 19,
          "dti": 28,
          "sco": 103,
          "dco": 148,
          "txt": "Jr"
        },
        {
          "si": 1,
          "sti": 20,
          "dti": 29,
          "sco": 105,
          "dco": 150,
          "txt": "."
        },
        {
          "si": 2,
          "sti": 0,
          "dti": 30,
          "sco": 0,
          "dco": 152,
          "txt": "Boulevard"
        },
        {
          "si": 2,
          "sti": 1,
          "dti": 31,
          "sco": 10,
          "dco": 162,
          "txt": "in"
        },
        {
          "si": 2,
          "sti": 2,
          "dti": 32,
          "sco": 13,
          "dco": 165,
          "txt": "the"
        },
        {
          "si": 2,
          "sti": 3,
          "dti": 33,
          "sco": 17,
          "dco": 169,
          "txt": "Harlem"
        },
        {
          "si": 2,
          "sti": 4,
          "dti": 34,
          "sco": 24,
          "dco": 176,
          "txt": "neighborhood"
        },
        {
          "si": 2,
          "sti": 5,
          "dti": 35,
          "sco": 37,
          "dco": 189,
          "txt": "of"
        },
        {
          "si": 2,
          "sti": 6,
          "dti": 36,
          "sco": 40,
          "dco": 192,
          "txt": "Manhattan"
        },
        {
          "si": 2,
          "sti": 7,
          "dti": 37,
          "sco": 49,
          "dco": 201,
          "txt": ","
        },
        {
          "si": 2,
          "sti": 8,
          "dti": 38,
          "sco": 51,
          "dco": 203,
          "txt": "New"
        },
        {
          "si": 2,
          "sti": 9,
          "dti": 39,
          "sco": 55,
          "dco": 207,
          "txt": "York"
        },
        {
          "si": 2,
          "sti": 10,
          "dti": 40,
          "sco": 60,
          "dco": 212,
          "txt": "City"
        },
        {
          "si": 2,
          "sti": 11,
          "dti": 41,
          "sco": 64,
          "dco": 216,
          "txt": ","
        },
        {
          "si": 2,
          "sti": 12,
          "dti": 42,
          "sco": 66,
          "dco": 218,
          "txt": "was"
        },
        {
          "si": 2,
          "sti": 13,
          "dti": 43,
          "sco": 70,
          "dco": 222,
          "txt": "originally"
        },
        {
          "si": 2,
          "sti": 14,
          "dti": 44,
          "sco": 81,
          "dco": 233,
          "txt": "built"
        },
        {
          "si": 2,
          "sti": 15,
          "dti": 45,
          "sco": 87,
          "dco": 239,
          "txt": "in"
        },
        {
          "si": 2,
          "sti": 16,
          "dti": 46,
          "sco": 90,
          "dco": 242,
          "txt": "two"
        },
        {
          "si": 2,
          "sti": 17,
          "dti": 47,
          "sco": 94,
          "dco": 246,
          "txt": "sections"
        },
        {
          "si": 2,
          "sti": 18,
          "dti": 48,
          "sco": 103,
          "dco": 255,
          "txt": "for"
        },
        {
          "si": 2,
          "sti": 19,
          "dti": 49,
          "sco": 107,
          "dco": 259,
          "txt": "the"
        },
        {
          "si": 2,
          "sti": 20,
          "dti": 50,
          "sco": 111,
          "dco": 263,
          "txt": "New"
        },
        {
          "si": 2,
          "sti": 21,
          "dti": 51,
          "sco": 115,
          "dco": 267,
          "txt": "York"
        },
        {
          "si": 2,
          "sti": 22,
          "dti": 52,
          "sco": 120,
          "dco": 272,
          "txt": "Presbyterian"
        },
        {
          "si": 2,
          "sti": 23,
          "dti": 53,
          "sco": 133,
          "dco": 285,
          "txt": "Church"
        },
        {
          "si": 2,
          "sti": 24,
          "dti": 54,
          "sco": 139,
          "dco": 291,
          "txt": ","
        },
        {
          "si": 2,
          "sti": 25,
          "dti": 55,
          "sco": 141,
          "dco": 293,
          "txt": "which"
        },
        {
          "si": 2,
          "sti": 26,
          "dti": 56,
          "sco": 147,
          "dco": 299,
          "txt": "moved"
        },
        {
          "si": 2,
          "sti": 27,
          "dti": 57,
          "sco": 153,
          "dco": 305,
          "txt": "to"
        },
        {
          "si": 2,
          "sti": 28,
          "dti": 58,
          "sco": 156,
          "dco": 308,
          "txt": "the"
        },
        {
          "si": 2,
          "sti": 29,
          "dti": 59,
          "sco": 160,
          "dco": 312,
          "txt": "new"
        },
        {
          "si": 2,
          "sti": 30,
          "dti": 60,
          "sco": 164,
          "dco": 316,
          "txt": "building"
        },
        {
          "si": 2,
          "sti": 31,
          "dti": 61,
          "sco": 173,
          "dco": 325,
          "txt": "from"
        },
        {
          "si": 2,
          "sti": 32,
          "dti": 62,
          "sco": 178,
          "dco": 330,
          "txt": "167"
        },
        {
          "si": 2,
          "sti": 33,
          "dti": 63,
          "sco": 182,
          "dco": 334,
          "txt": "West"
        },
        {
          "si": 2,
          "sti": 34,
          "dti": 64,
          "sco": 187,
          "dco": 339,
          "txt": "111"
        },
        {
          "si": 2,
          "sti": 35,
          "dti": 65,
          "sco": 190,
          "dco": 342,
          "txt": "th"
        },
        {
          "si": 2,
          "sti": 36,
          "dti": 66,
          "sco": 193,
          "dco": 345,
          "txt": "Street"
        },
        {
          "si": 2,
          "sti": 37,
          "dti": 67,
          "sco": 199,
          "dco": 351,
          "txt": "."
        },
        {
          "si": 3,
          "sti": 0,
          "dti": 68,
          "sco": 0,
          "dco": 353,
          "txt": "The"
        },
        {
          "si": 3,
          "sti": 1,
          "dti": 69,
          "sco": 4,
          "dco": 357,
          "txt": "chapel"
        },
        {
          "si": 3,
          "sti": 2,
          "dti": 70,
          "sco": 11,
          "dco": 364,
          "txt": "and"
        },
        {
          "si": 3,
          "sti": 3,
          "dti": 71,
          "sco": 15,
          "dco": 368,
          "txt": "lecture"
        },
        {
          "si": 3,
          "sti": 4,
          "dti": 72,
          "sco": 23,
          "dco": 376,
          "txt": "room"
        },
        {
          "si": 3,
          "sti": 5,
          "dti": 73,
          "sco": 28,
          "dco": 381,
          "txt": "were"
        },
        {
          "si": 3,
          "sti": 6,
          "dti": 74,
          "sco": 33,
          "dco": 386,
          "txt": "built"
        },
        {
          "si": 3,
          "sti": 7,
          "dti": 75,
          "sco": 39,
          "dco": 392,
          "txt": "in"
        },
        {
          "si": 3,
          "sti": 8,
          "dti": 76,
          "sco": 42,
          "dco": 395,
          "txt": "1884"
        },
        {
          "si": 3,
          "sti": 9,
          "dti": 77,
          "sco": 46,
          "dco": 399,
          "txt": "-"
        },
        {
          "si": 3,
          "sti": 10,
          "dti": 78,
          "sco": 47,
          "dco": 400,
          "txt": "85"
        },
        {
          "si": 3,
          "sti": 11,
          "dti": 79,
          "sco": 50,
          "dco": 403,
          "txt": "and"
        },
        {
          "si": 3,
          "sti": 12,
          "dti": 80,
          "sco": 54,
          "dco": 407,
          "txt": "were"
        },
        {
          "si": 3,
          "sti": 13,
          "dti": 81,
          "sco": 59,
          "dco": 412,
          "txt": "designed"
        },
        {
          "si": 3,
          "sti": 14,
          "dti": 82,
          "sco": 68,
          "dco": 421,
          "txt": "by"
        },
        {
          "si": 3,
          "sti": 15,
          "dti": 83,
          "sco": 71,
          "dco": 424,
          "txt": "John"
        },
        {
          "si": 3,
          "sti": 16,
          "dti": 84,
          "sco": 76,
          "dco": 429,
          "txt": "Rochester"
        },
        {
          "si": 3,
          "sti": 17,
          "dti": 85,
          "sco": 86,
          "dco": 439,
          "txt": "Thomas"
        },
        {
          "si": 3,
          "sti": 18,
          "dti": 86,
          "sco": 92,
          "dco": 445,
          "txt": ","
        },
        {
          "si": 3,
          "sti": 19,
          "dti": 87,
          "sco": 94,
          "dco": 447,
          "txt": "while"
        },
        {
          "si": 3,
          "sti": 20,
          "dti": 88,
          "sco": 100,
          "dco": 453,
          "txt": "the"
        },
        {
          "si": 3,
          "sti": 21,
          "dti": 89,
          "sco": 104,
          "dco": 457,
          "txt": "main"
        },
        {
          "si": 3,
          "sti": 22,
          "dti": 90,
          "sco": 109,
          "dco": 462,
          "txt": "sanctuary"
        },
        {
          "si": 3,
          "sti": 23,
          "dti": 91,
          "sco": 119,
          "dco": 472,
          "txt": "was"
        },
        {
          "si": 3,
          "sti": 24,
          "dti": 92,
          "sco": 123,
          "dco": 476,
          "txt": "constructed"
        },
        {
          "si": 3,
          "sti": 25,
          "dti": 93,
          "sco": 135,
          "dco": 488,
          "txt": "in"
        },
        {
          "si": 3,
          "sti": 26,
          "dti": 94,
          "sco": 138,
          "dco": 491,
          "txt": "1889"
        },
        {
          "si": 3,
          "sti": 27,
          "dti": 95,
          "sco": 142,
          "dco": 495,
          "txt": "-"
        },
        {
          "si": 3,
          "sti": 28,
          "dti": 96,
          "sco": 143,
          "dco": 496,
          "txt": "90"
        },
        {
          "si": 3,
          "sti": 29,
          "dti": 97,
          "sco": 146,
          "dco": 499,
          "txt": "and"
        },
        {
          "si": 3,
          "sti": 30,
          "dti": 98,
          "sco": 150,
          "dco": 503,
          "txt": "was"
        },
        {
          "si": 3,
          "sti": 31,
          "dti": 99,
          "sco": 154,
          "dco": 507,
          "txt": "designed"
        },
        {
          "si": 3,
          "sti": 32,
          "dti": 100,
          "sco": 163,
          "dco": 516,
          "txt": "by"
        },
        {
          "si": 3,
          "sti": 33,
          "dti": 101,
          "sco": 166,
          "dco": 519,
          "txt": "Richard"
        },
        {
          "si": 3,
          "sti": 34,
          "dti": 102,
          "sco": 174,
          "dco": 527,
          "txt": "R"
        },
        {
          "si": 3,
          "sti": 35,
          "dti": 103,
          "sco": 175,
          "dco": 528,
          "txt": "."
        },
        {
          "si": 4,
          "sti": 0,
          "dti": 104,
          "sco": 0,
          "dco": 530,
          "txt": "Davis"
        },
        {
          "si": 4,
          "sti": 1,
          "dti": 105,
          "sco": 5,
          "dco": 535,
          "txt": ","
        },
        {
          "si": 4,
          "sti": 2,
          "dti": 106,
          "sco": 7,
          "dco": 537,
          "txt": "perhaps"
        },
        {
          "si": 4,
          "sti": 3,
          "dti": 107,
          "sco": 15,
          "dco": 545,
          "txt": "following"
        },
        {
          "si": 4,
          "sti": 4,
          "dti": 108,
          "sco": 25,
          "dco": 555,
          "txt": "Thomas"
        },
        {
          "si": 4,
          "sti": 5,
          "dti": 109,
          "sco": 31,
          "dco": 561,
          "txt": "'"
        },
        {
          "si": 4,
          "sti": 6,
          "dti": 110,
          "sco": 32,
          "dco": 562,
          "txt": "s"
        },
        {
          "si": 4,
          "sti": 7,
          "dti": 111,
          "sco": 34,
          "dco": 564,
          "txt": "unused"
        },
        {
          "si": 4,
          "sti": 8,
          "dti": 112,
          "sco": 41,
          "dco": 571,
          "txt": "design"
        },
        {
          "si": 4,
          "sti": 9,
          "dti": 113,
          "sco": 47,
          "dco": 577,
          "txt": "."
        },
        {
          "si": 5,
          "sti": 0,
          "dti": 114,
          "sco": 0,
          "dco": 579,
          "txt": "A"
        },
        {
          "si": 5,
          "sti": 1,
          "dti": 115,
          "sco": 2,
          "dco": 581,
          "txt": "planned"
        },
        {
          "si": 5,
          "sti": 2,
          "dti": 116,
          "sco": 10,
          "dco": 589,
          "txt": "corner"
        },
        {
          "si": 5,
          "sti": 3,
          "dti": 117,
          "sco": 17,
          "dco": 596,
          "txt": "tower"
        },
        {
          "si": 5,
          "sti": 4,
          "dti": 118,
          "sco": 23,
          "dco": 602,
          "txt": "was"
        },
        {
          "si": 5,
          "sti": 5,
          "dti": 119,
          "sco": 27,
          "dco": 606,
          "txt": "never"
        },
        {
          "si": 5,
          "sti": 6,
          "dti": 120,
          "sco": 33,
          "dco": 612,
          "txt": "built"
        },
        {
          "si": 5,
          "sti": 7,
          "dti": 121,
          "sco": 38,
          "dco": 617,
          "txt": "."
        },
        {
          "si": 6,
          "sti": 0,
          "dti": 122,
          "sco": 0,
          "dco": 619,
          "txt": "In"
        },
        {
          "si": 6,
          "sti": 1,
          "dti": 123,
          "sco": 3,
          "dco": 622,
          "txt": "1918"
        },
        {
          "si": 6,
          "sti": 2,
          "dti": 124,
          "sco": 7,
          "dco": 626,
          "txt": ","
        },
        {
          "si": 6,
          "sti": 3,
          "dti": 125,
          "sco": 9,
          "dco": 628,
          "txt": "the"
        },
        {
          "si": 6,
          "sti": 4,
          "dti": 126,
          "sco": 13,
          "dco": 632,
          "txt": "church"
        },
        {
          "si": 6,
          "sti": 5,
          "dti": 127,
          "sco": 20,
          "dco": 639,
          "txt": "was"
        },
        {
          "si": 6,
          "sti": 6,
          "dti": 128,
          "sco": 24,
          "dco": 643,
          "txt": "acquired"
        },
        {
          "si": 6,
          "sti": 7,
          "dti": 129,
          "sco": 33,
          "dco": 652,
          "txt": "by"
        },
        {
          "si": 6,
          "sti": 8,
          "dti": 130,
          "sco": 36,
          "dco": 655,
          "txt": "the"
        },
        {
          "si": 6,
          "sti": 9,
          "dti": 131,
          "sco": 40,
          "dco": 659,
          "txt": "Metropolitan"
        },
        {
          "si": 6,
          "sti": 10,
          "dti": 132,
          "sco": 53,
          "dco": 672,
          "txt": "Baptist"
        },
        {
          "si": 6,
          "sti": 11,
          "dti": 133,
          "sco": 61,
          "dco": 680,
          "txt": "Church"
        },
        {
          "si": 6,
          "sti": 12,
          "dti": 134,
          "sco": 67,
          "dco": 686,
          "txt": ","
        },
        {
          "si": 6,
          "sti": 13,
          "dti": 135,
          "sco": 69,
          "dco": 688,
          "txt": "a"
        },
        {
          "si": 6,
          "sti": 14,
          "dti": 136,
          "sco": 71,
          "dco": 690,
          "txt": "congregation"
        },
        {
          "si": 6,
          "sti": 15,
          "dti": 137,
          "sco": 84,
          "dco": 703,
          "txt": "founded"
        },
        {
          "si": 6,
          "sti": 16,
          "dti": 138,
          "sco": 92,
          "dco": 711,
          "txt": "in"
        },
        {
          "si": 6,
          "sti": 17,
          "dti": 139,
          "sco": 95,
          "dco": 714,
          "txt": "1912"
        },
        {
          "si": 6,
          "sti": 18,
          "dti": 140,
          "sco": 100,
          "dco": 719,
          "txt": "which"
        },
        {
          "si": 6,
          "sti": 19,
          "dti": 141,
          "sco": 106,
          "dco": 725,
          "txt": "was"
        },
        {
          "si": 6,
          "sti": 20,
          "dti": 142,
          "sco": 110,
          "dco": 729,
          "txt": "one"
        },
        {
          "si": 6,
          "sti": 21,
          "dti": 143,
          "sco": 114,
          "dco": 733,
          "txt": "of"
        },
        {
          "si": 6,
          "sti": 22,
          "dti": 144,
          "sco": 117,
          "dco": 736,
          "txt": "the"
        },
        {
          "si": 6,
          "sti": 23,
          "dti": 145,
          "sco": 121,
          "dco": 740,
          "txt": "first"
        },
        {
          "si": 6,
          "sti": 24,
          "dti": 146,
          "sco": 127,
          "dco": 746,
          "txt": "African"
        },
        {
          "si": 6,
          "sti": 25,
          "dti": 147,
          "sco": 135,
          "dco": 754,
          "txt": "American"
        },
        {
          "si": 6,
          "sti": 26,
          "dti": 148,
          "sco": 144,
          "dco": 763,
          "txt": "congregations"
        },
        {
          "si": 6,
          "sti": 27,
          "dti": 149,
          "sco": 158,
          "dco": 777,
          "txt": "in"
        },
        {
          "si": 6,
          "sti": 28,
          "dti": 150,
          "sco": 161,
          "dco": 780,
          "txt": "Harlem"
        },
        {
          "si": 6,
          "sti": 29,
          "dti": 151,
          "sco": 167,
          "dco": 786,
          "txt": "."
        },
        {
          "si": 7,
          "sti": 0,
          "dti": 152,
          "sco": 0,
          "dco": 788,
          "txt": "They"
        },
        {
          "si": 7,
          "sti": 1,
          "dti": 153,
          "sco": 5,
          "dco": 793,
          "txt": "moved"
        },
        {
          "si": 7,
          "sti": 2,
          "dti": 154,
          "sco": 11,
          "dco": 799,
          "txt": "to"
        },
        {
          "si": 7,
          "sti": 3,
          "dti": 155,
          "sco": 14,
          "dco": 802,
          "txt": "this"
        },
        {
          "si": 7,
          "sti": 4,
          "dti": 156,
          "sco": 19,
          "dco": 807,
          "txt": "building"
        },
        {
          "si": 7,
          "sti": 5,
          "dti": 157,
          "sco": 28,
          "dco": 816,
          "txt": "from"
        },
        {
          "si": 7,
          "sti": 6,
          "dti": 158,
          "sco": 33,
          "dco": 821,
          "txt": "the"
        },
        {
          "si": 7,
          "sti": 7,
          "dti": 159,
          "sco": 37,
          "dco": 825,
          "txt": "Metropolitan"
        },
        {
          "si": 7,
          "sti": 8,
          "dti": 160,
          "sco": 50,
          "dco": 838,
          "txt": "Baptist"
        },
        {
          "si": 7,
          "sti": 9,
          "dti": 161,
          "sco": 58,
          "dco": 846,
          "txt": "Tabernacle"
        },
        {
          "si": 7,
          "sti": 10,
          "dti": 162,
          "sco": 69,
          "dco": 857,
          "txt": "at"
        },
        {
          "si": 7,
          "sti": 11,
          "dti": 163,
          "sco": 72,
          "dco": 860,
          "txt": "120"
        },
        {
          "si": 7,
          "sti": 12,
          "dti": 164,
          "sco": 76,
          "dco": 864,
          "txt": "West"
        },
        {
          "si": 7,
          "sti": 13,
          "dti": 165,
          "sco": 81,
          "dco": 869,
          "txt": "138"
        },
        {
          "si": 7,
          "sti": 14,
          "dti": 166,
          "sco": 84,
          "dco": 872,
          "txt": "th"
        },
        {
          "si": 7,
          "sti": 15,
          "dti": 167,
          "sco": 87,
          "dco": 875,
          "txt": "Street"
        },
        {
          "si": 7,
          "sti": 16,
          "dti": 168,
          "sco": 93,
          "dco": 881,
          "txt": ","
        },
        {
          "si": 7,
          "sti": 17,
          "dti": 169,
          "sco": 95,
          "dco": 883,
          "txt": "which"
        },
        {
          "si": 7,
          "sti": 18,
          "dti": 170,
          "sco": 101,
          "dco": 889,
          "txt": "later"
        },
        {
          "si": 7,
          "sti": 19,
          "dti": 171,
          "sco": 107,
          "dco": 895,
          "txt": "became"
        },
        {
          "si": 7,
          "sti": 20,
          "dti": 172,
          "sco": 114,
          "dco": 902,
          "txt": "Liberty"
        },
        {
          "si": 7,
          "sti": 21,
          "dti": 173,
          "sco": 122,
          "dco": 910,
          "txt": "Hall"
        },
        {
          "si": 7,
          "sti": 22,
          "dti": 174,
          "sco": 126,
          "dco": 914,
          "txt": ","
        },
        {
          "si": 7,
          "sti": 23,
          "dti": 175,
          "sco": 128,
          "dco": 916,
          "txt": "a"
        },
        {
          "si": 7,
          "sti": 24,
          "dti": 176,
          "sco": 130,
          "dco": 918,
          "txt": "focus"
        },
        {
          "si": 7,
          "sti": 25,
          "dti": 177,
          "sco": 136,
          "dco": 924,
          "txt": "of"
        },
        {
          "si": 7,
          "sti": 26,
          "dti": 178,
          "sco": 139,
          "dco": 927,
          "txt": "the"
        },
        {
          "si": 7,
          "sti": 27,
          "dti": 179,
          "sco": 143,
          "dco": 931,
          "txt": "Back"
        },
        {
          "si": 7,
          "sti": 28,
          "dti": 180,
          "sco": 147,
          "dco": 935,
          "txt": "-"
        },
        {
          "si": 7,
          "sti": 29,
          "dti": 181,
          "sco": 148,
          "dco": 936,
          "txt": "to"
        },
        {
          "si": 7,
          "sti": 30,
          "dti": 182,
          "sco": 150,
          "dco": 938,
          "txt": "-"
        },
        {
          "si": 7,
          "sti": 31,
          "dti": 183,
          "sco": 151,
          "dco": 939,
          "txt": "Africa"
        },
        {
          "si": 7,
          "sti": 32,
          "dti": 184,
          "sco": 158,
          "dco": 946,
          "txt": "movement"
        },
        {
          "si": 7,
          "sti": 33,
          "dti": 185,
          "sco": 166,
          "dco": 954,
          "txt": "."
        },
        {
          "si": 8,
          "sti": 0,
          "dti": 186,
          "sco": 0,
          "dco": 956,
          "txt": "The"
        },
        {
          "si": 8,
          "sti": 1,
          "dti": 187,
          "sco": 4,
          "dco": 960,
          "txt": "church"
        },
        {
          "si": 8,
          "sti": 2,
          "dti": 188,
          "sco": 11,
          "dco": 967,
          "txt": "was"
        },
        {
          "si": 8,
          "sti": 3,
          "dti": 189,
          "sco": 15,
          "dco": 971,
          "txt": "designated"
        },
        {
          "si": 8,
          "sti": 4,
          "dti": 190,
          "sco": 26,
          "dco": 982,
          "txt": "a"
        },
        {
          "si": 8,
          "sti": 5,
          "dti": 191,
          "sco": 28,
          "dco": 984,
          "txt": "New"
        },
        {
          "si": 8,
          "sti": 6,
          "dti": 192,
          "sco": 32,
          "dco": 988,
          "txt": "York"
        },
        {
          "si": 8,
          "sti": 7,
          "dti": 193,
          "sco": 37,
          "dco": 993,
          "txt": "City"
        },
        {
          "si": 8,
          "sti": 8,
          "dti": 194,
          "sco": 42,
          "dco": 998,
          "txt": "Landmark"
        },
        {
          "si": 8,
          "sti": 9,
          "dti": 195,
          "sco": 51,
          "dco": 1007,
          "txt": "in"
        },
        {
          "si": 8,
          "sti": 10,
          "dti": 196,
          "sco": 54,
          "dco": 1010,
          "txt": "1981"
        },
        {
          "si": 8,
          "sti": 11,
          "dti": 197,
          "sco": 58,
          "dco": 1014,
          "txt": ","
        },
        {
          "si": 8,
          "sti": 12,
          "dti": 198,
          "sco": 60,
          "dco": 1016,
          "txt": "and"
        },
        {
          "si": 8,
          "sti": 13,
          "dti": 199,
          "sco": 64,
          "dco": 1020,
          "txt": "was"
        },
        {
          "si": 8,
          "sti": 14,
          "dti": 200,
          "sco": 68,
          "dco": 1024,
          "txt": "listed"
        },
        {
          "si": 8,
          "sti": 15,
          "dti": 201,
          "sco": 75,
          "dco": 1031,
          "txt": "on"
        },
        {
          "si": 8,
          "sti": 16,
          "dti": 202,
          "sco": 78,
          "dco": 1034,
          "txt": "the"
        },
        {
          "si": 8,
          "sti": 17,
          "dti": 203,
          "sco": 82,
          "dco": 1038,
          "txt": "National"
        },
        {
          "si": 8,
          "sti": 18,
          "dti": 204,
          "sco": 91,
          "dco": 1047,
          "txt": "Register"
        },
        {
          "si": 8,
          "sti": 19,
          "dti": 205,
          "sco": 100,
          "dco": 1056,
          "txt": "of"
        },
        {
          "si": 8,
          "sti": 20,
          "dti": 206,
          "sco": 103,
          "dco": 1059,
          "txt": "Historic"
        },
        {
          "si": 8,
          "sti": 21,
          "dti": 207,
          "sco": 112,
          "dco": 1068,
          "txt": "Places"
        },
        {
          "si": 8,
          "sti": 22,
          "dti": 208,
          "sco": 119,
          "dco": 1075,
          "txt": "in"
        },
        {
          "si": 8,
          "sti": 23,
          "dti": 209,
          "sco": 122,
          "dco": 1078,
          "txt": "1982"
        },
        {
          "si": 8,
          "sti": 24,
          "dti": 210,
          "sco": 126,
          "dco": 1082,
          "txt": "."
        },
        {
          "si": 9,
          "sti": 0,
          "dti": 211,
          "sco": 0,
          "dco": 1084,
          "txt": "Description"
        },
        {
          "si": 9,
          "sti": 1,
          "dti": 212,
          "sco": 11,
          "dco": 1095,
          "txt": "."
        },
        {
          "si": 10,
          "sti": 0,
          "dti": 213,
          "sco": 0,
          "dco": 1097,
          "txt": "Despite"
        },
        {
          "si": 10,
          "sti": 1,
          "dti": 214,
          "sco": 8,
          "dco": 1105,
          "txt": "the"
        },
        {
          "si": 10,
          "sti": 2,
          "dti": 215,
          "sco": 12,
          "dco": 1109,
          "txt": "split"
        },
        {
          "si": 10,
          "sti": 3,
          "dti": 216,
          "sco": 18,
          "dco": 1115,
          "txt": "construction"
        },
        {
          "si": 10,
          "sti": 4,
          "dti": 217,
          "sco": 30,
          "dco": 1127,
          "txt": ","
        },
        {
          "si": 10,
          "sti": 5,
          "dti": 218,
          "sco": 32,
          "dco": 1129,
          "txt": "the"
        },
        {
          "si": 10,
          "sti": 6,
          "dti": 219,
          "sco": 36,
          "dco": 1133,
          "txt": "granite"
        },
        {
          "si": 10,
          "sti": 7,
          "dti": 220,
          "sco": 43,
          "dco": 1140,
          "txt": "-"
        },
        {
          "si": 10,
          "sti": 8,
          "dti": 221,
          "sco": 44,
          "dco": 1141,
          "txt": "faced"
        },
        {
          "si": 10,
          "sti": 9,
          "dti": 222,
          "sco": 50,
          "dco": 1147,
          "txt": "building"
        },
        {
          "si": 10,
          "sti": 10,
          "dti": 223,
          "sco": 58,
          "dco": 1155,
          "txt": ","
        },
        {
          "si": 10,
          "sti": 11,
          "dti": 224,
          "sco": 60,
          "dco": 1157,
          "txt": "which"
        },
        {
          "si": 10,
          "sti": 12,
          "dti": 225,
          "sco": 66,
          "dco": 1163,
          "txt": "combines"
        },
        {
          "si": 10,
          "sti": 13,
          "dti": 226,
          "sco": 75,
          "dco": 1172,
          "txt": "Romanesque"
        },
        {
          "si": 10,
          "sti": 14,
          "dti": 227,
          "sco": 86,
          "dco": 1183,
          "txt": "Revival"
        },
        {
          "si": 10,
          "sti": 15,
          "dti": 228,
          "sco": 94,
          "dco": 1191,
          "txt": "and"
        },
        {
          "si": 10,
          "sti": 16,
          "dti": 229,
          "sco": 98,
          "dco": 1195,
          "txt": "Gothic"
        },
        {
          "si": 10,
          "sti": 17,
          "dti": 230,
          "sco": 105,
          "dco": 1202,
          "txt": "Revival"
        },
        {
          "si": 10,
          "sti": 18,
          "dti": 231,
          "sco": 113,
          "dco": 1210,
          "txt": "elements"
        },
        {
          "si": 10,
          "sti": 19,
          "dti": 232,
          "sco": 121,
          "dco": 1218,
          "txt": ","
        },
        {
          "si": 10,
          "sti": 20,
          "dti": 233,
          "sco": 123,
          "dco": 1220,
          "txt": "holds"
        },
        {
          "si": 10,
          "sti": 21,
          "dti": 234,
          "sco": 129,
          "dco": 1226,
          "txt": "together"
        },
        {
          "si": 10,
          "sti": 22,
          "dti": 235,
          "sco": 138,
          "dco": 1235,
          "txt": "as"
        },
        {
          "si": 10,
          "sti": 23,
          "dti": 236,
          "sco": 141,
          "dco": 1238,
          "txt": "a"
        },
        {
          "si": 10,
          "sti": 24,
          "dti": 237,
          "sco": 143,
          "dco": 1240,
          "txt": "single"
        },
        {
          "si": 10,
          "sti": 25,
          "dti": 238,
          "sco": 150,
          "dco": 1247,
          "txt": "design"
        },
        {
          "si": 10,
          "sti": 26,
          "dti": 239,
          "sco": 156,
          "dco": 1253,
          "txt": "."
        },
        {
          "si": 11,
          "sti": 0,
          "dti": 240,
          "sco": 0,
          "dco": 1255,
          "txt": "The"
        },
        {
          "si": 11,
          "sti": 1,
          "dti": 241,
          "sco": 4,
          "dco": 1259,
          "txt": "building"
        },
        {
          "si": 11,
          "sti": 2,
          "dti": 242,
          "sco": 13,
          "dco": 1268,
          "txt": "is"
        },
        {
          "si": 11,
          "sti": 3,
          "dti": 243,
          "sco": 16,
          "dco": 1271,
          "txt": "two"
        },
        {
          "si": 11,
          "sti": 4,
          "dti": 244,
          "sco": 20,
          "dco": 1275,
          "txt": "and"
        },
        {
          "si": 11,
          "sti": 5,
          "dti": 245,
          "sco": 24,
          "dco": 1279,
          "txt": "one"
        },
        {
          "si": 11,
          "sti": 6,
          "dti": 246,
          "sco": 28,
          "dco": 1283,
          "txt": "half"
        },
        {
          "si": 11,
          "sti": 7,
          "dti": 247,
          "sco": 33,
          "dco": 1288,
          "txt": "stories"
        },
        {
          "si": 11,
          "sti": 8,
          "dti": 248,
          "sco": 41,
          "dco": 1296,
          "txt": "topped"
        },
        {
          "si": 11,
          "sti": 9,
          "dti": 249,
          "sco": 48,
          "dco": 1303,
          "txt": "by"
        },
        {
          "si": 11,
          "sti": 10,
          "dti": 250,
          "sco": 51,
          "dco": 1306,
          "txt": "a"
        },
        {
          "si": 11,
          "sti": 11,
          "dti": 251,
          "sco": 53,
          "dco": 1308,
          "txt": "tremendous"
        },
        {
          "si": 11,
          "sti": 12,
          "dti": 252,
          "sco": 64,
          "dco": 1319,
          "txt": "slate"
        },
        {
          "si": 11,
          "sti": 13,
          "dti": 253,
          "sco": 70,
          "dco": 1325,
          "txt": "roof"
        },
        {
          "si": 11,
          "sti": 14,
          "dti": 254,
          "sco": 75,
          "dco": 1330,
          "txt": "shaped"
        },
        {
          "si": 11,
          "sti": 15,
          "dti": 255,
          "sco": 82,
          "dco": 1337,
          "txt": "as"
        },
        {
          "si": 11,
          "sti": 16,
          "dti": 256,
          "sco": 85,
          "dco": 1340,
          "txt": "a"
        },
        {
          "si": 11,
          "sti": 17,
          "dti": 257,
          "sco": 87,
          "dco": 1342,
          "txt": "partial"
        },
        {
          "si": 11,
          "sti": 18,
          "dti": 258,
          "sco": 95,
          "dco": 1350,
          "txt": "cone"
        },
        {
          "si": 11,
          "sti": 19,
          "dti": 259,
          "sco": 99,
          "dco": 1354,
          "txt": "."
        },
        {
          "si": 12,
          "sti": 0,
          "dti": 260,
          "sco": 0,
          "dco": 1356,
          "txt": "The"
        },
        {
          "si": 12,
          "sti": 1,
          "dti": 261,
          "sco": 4,
          "dco": 1360,
          "txt": "front"
        },
        {
          "si": 12,
          "sti": 2,
          "dti": 262,
          "sco": 10,
          "dco": 1366,
          "txt": "facade"
        },
        {
          "si": 12,
          "sti": 3,
          "dti": 263,
          "sco": 17,
          "dco": 1373,
          "txt": "features"
        },
        {
          "si": 12,
          "sti": 4,
          "dti": 264,
          "sco": 26,
          "dco": 1382,
          "txt": "groups"
        },
        {
          "si": 12,
          "sti": 5,
          "dti": 265,
          "sco": 33,
          "dco": 1389,
          "txt": "of"
        },
        {
          "si": 12,
          "sti": 6,
          "dti": 266,
          "sco": 36,
          "dco": 1392,
          "txt": "stained"
        },
        {
          "si": 12,
          "sti": 7,
          "dti": 267,
          "sco": 44,
          "dco": 1400,
          "txt": "glass"
        },
        {
          "si": 12,
          "sti": 8,
          "dti": 268,
          "sco": 49,
          "dco": 1405,
          "txt": ","
        },
        {
          "si": 12,
          "sti": 9,
          "dti": 269,
          "sco": 51,
          "dco": 1407,
          "txt": "Gothic"
        },
        {
          "si": 12,
          "sti": 10,
          "dti": 270,
          "sco": 57,
          "dco": 1413,
          "txt": "-"
        },
        {
          "si": 12,
          "sti": 11,
          "dti": 271,
          "sco": 58,
          "dco": 1414,
          "txt": "arched"
        },
        {
          "si": 12,
          "sti": 12,
          "dti": 272,
          "sco": 65,
          "dco": 1421,
          "txt": "lancet"
        },
        {
          "si": 12,
          "sti": 13,
          "dti": 273,
          "sco": 72,
          "dco": 1428,
          "txt": "windows"
        },
        {
          "si": 12,
          "sti": 14,
          "dti": 274,
          "sco": 80,
          "dco": 1436,
          "txt": "at"
        },
        {
          "si": 12,
          "sti": 15,
          "dti": 275,
          "sco": 83,
          "dco": 1439,
          "txt": "various"
        },
        {
          "si": 12,
          "sti": 16,
          "dti": 276,
          "sco": 91,
          "dco": 1447,
          "txt": "levels"
        },
        {
          "si": 12,
          "sti": 17,
          "dti": 277,
          "sco": 97,
          "dco": 1453,
          "txt": "."
        },
        {
          "si": 13,
          "sti": 0,
          "dti": 278,
          "sco": 0,
          "dco": 1455,
          "txt": "Thin"
        },
        {
          "si": 13,
          "sti": 1,
          "dti": 279,
          "sco": 5,
          "dco": 1460,
          "txt": "finialed"
        },
        {
          "si": 13,
          "sti": 2,
          "dti": 280,
          "sco": 14,
          "dco": 1469,
          "txt": "towers"
        },
        {
          "si": 13,
          "sti": 3,
          "dti": 281,
          "sco": 21,
          "dco": 1476,
          "txt": "are"
        },
        {
          "si": 13,
          "sti": 4,
          "dti": 282,
          "sco": 25,
          "dco": 1480,
          "txt": "prominent"
        },
        {
          "si": 13,
          "sti": 5,
          "dti": 283,
          "sco": 35,
          "dco": 1490,
          "txt": "on"
        },
        {
          "si": 13,
          "sti": 6,
          "dti": 284,
          "sco": 38,
          "dco": 1493,
          "txt": "the"
        },
        {
          "si": 13,
          "sti": 7,
          "dti": 285,
          "sco": 42,
          "dco": 1497,
          "txt": "west"
        },
        {
          "si": 13,
          "sti": 8,
          "dti": 286,
          "sco": 47,
          "dco": 1502,
          "txt": "facade"
        },
        {
          "si": 13,
          "sti": 9,
          "dti": 287,
          "sco": 54,
          "dco": 1509,
          "txt": "of"
        },
        {
          "si": 13,
          "sti": 10,
          "dti": 288,
          "sco": 57,
          "dco": 1512,
          "txt": "the"
        },
        {
          "si": 13,
          "sti": 11,
          "dti": 289,
          "sco": 61,
          "dco": 1516,
          "txt": "building"
        },
        {
          "si": 13,
          "sti": 12,
          "dti": 290,
          "sco": 69,
          "dco": 1524,
          "txt": "."
        },
        {
          "si": 14,
          "sti": 0,
          "dti": 291,
          "sco": 0,
          "dco": 1526,
          "txt": "The"
        },
        {
          "si": 14,
          "sti": 1,
          "dti": 292,
          "sco": 4,
          "dco": 1530,
          "txt": "total"
        },
        {
          "si": 14,
          "sti": 2,
          "dti": 293,
          "sco": 10,
          "dco": 1536,
          "txt": "effect"
        },
        {
          "si": 14,
          "sti": 3,
          "dti": 294,
          "sco": 17,
          "dco": 1543,
          "txt": "is"
        },
        {
          "si": 14,
          "sti": 4,
          "dti": 295,
          "sco": 20,
          "dco": 1546,
          "txt": "\""
        },
        {
          "si": 14,
          "sti": 5,
          "dti": 296,
          "sco": 21,
          "dco": 1547,
          "txt": "handsome"
        },
        {
          "si": 14,
          "sti": 6,
          "dti": 297,
          "sco": 29,
          "dco": 1555,
          "txt": "\""
        },
        {
          "si": 14,
          "sti": 7,
          "dti": 298,
          "sco": 31,
          "dco": 1557,
          "txt": "and"
        },
        {
          "si": 14,
          "sti": 8,
          "dti": 299,
          "sco": 35,
          "dco": 1561,
          "txt": "\""
        },
        {
          "si": 14,
          "sti": 9,
          "dti": 300,
          "sco": 36,
          "dco": 1562,
          "txt": "monumental"
        },
        {
          "si": 14,
          "sti": 10,
          "dti": 301,
          "sco": 46,
          "dco": 1572,
          "txt": "\""
        },
        {
          "si": 14,
          "sti": 11,
          "dti": 302,
          "sco": 47,
          "dco": 1573,
          "txt": "."
        }
      ]
    },
    "ganns": {
      "dla": [],
      "la": [],
      "ea": [],
      "eta": [
        {
          "ra": {
            "ea": {
              "etn": "Metropolitan_Baptist_Church_(New_York_City)"
            }
          },
          "sfs": [
            [
              {
                "stn": "openingYear"
              },
              {}
            ]
          ],
          "mfs": [
            [
              {
                "stn": "architect"
              },
              {
                "dla": [],
                "la": [],
                "ea": [
                  {
                    "etn": "John_Rochester_Thomas"
                  }
                ],
                "eta": []
              }
            ],
            [
              {
                "stn": "yearOfConstruction"
              },
              {
                "dla": [
                  {
                    "txt": {
                      "sff": "1884"
                    },
                    "et": {
                      "etn": "Year"
                    },
                    "dp": {
                      "off": 395
                    }
                  }
                ],
                "la": [],
                "ea": [],
                "eta": []
              }
            ],
            [
              {
                "stn": "architecturalStyle"
              },
              {
                "dla": [],
                "la": [],
                "ea": [
                  {
                    "etn": "Gothic_Revival_architecture"
                  },
                  {
                    "etn": "Romanesque_Revival_architecture"
                  }
                ],
                "eta": []
              }
            ],
            [
              {
                "stn": "location"
              },
              {
                "dla": [],
                "la": [],
                "ea": [
                  {
                    "etn": "Manhattan"
                  },
                  {
                    "etn": "New_York_City"
                  }
                ],
                "eta": []
              }
            ]
          ]
        }
      ]
    }
  }
]
