[
  {
    "context": "DEVELOPMENT",
    "doc": {
      "id": "Miller_Hall_(Waynesburg_University)",
      "tl": [
        {
          "si": 0,
          "sti": 0,
          "dti": 0,
          "sco": 0,
          "dco": 0,
          "txt": "Miller"
        },
        {
          "si": 0,
          "sti": 1,
          "dti": 1,
          "sco": 7,
          "dco": 7,
          "txt": "Hall"
        },
        {
          "si": 0,
          "sti": 2,
          "dti": 2,
          "sco": 12,
          "dco": 12,
          "txt": "("
        },
        {
          "si": 0,
          "sti": 3,
          "dti": 3,
          "sco": 13,
          "dco": 13,
          "txt": "Waynesburg"
        },
        {
          "si": 0,
          "sti": 4,
          "dti": 4,
          "sco": 24,
          "dco": 24,
          "txt": "University"
        },
        {
          "si": 0,
          "sti": 5,
          "dti": 5,
          "sco": 34,
          "dco": 34,
          "txt": ")"
        },
        {
          "si": 0,
          "sti": 6,
          "dti": 6,
          "sco": 35,
          "dco": 35,
          "txt": "."
        },
        {
          "si": 1,
          "sti": 0,
          "dti": 7,
          "sco": 0,
          "dco": 37,
          "txt": "Miller"
        },
        {
          "si": 1,
          "sti": 1,
          "dti": 8,
          "sco": 7,
          "dco": 44,
          "txt": "Hall"
        },
        {
          "si": 1,
          "sti": 2,
          "dti": 9,
          "sco": 12,
          "dco": 49,
          "txt": "is"
        },
        {
          "si": 1,
          "sti": 3,
          "dti": 10,
          "sco": 15,
          "dco": 52,
          "txt": "a"
        },
        {
          "si": 1,
          "sti": 4,
          "dti": 11,
          "sco": 17,
          "dco": 54,
          "txt": "historic"
        },
        {
          "si": 1,
          "sti": 5,
          "dti": 12,
          "sco": 26,
          "dco": 63,
          "txt": "building"
        },
        {
          "si": 1,
          "sti": 6,
          "dti": 13,
          "sco": 35,
          "dco": 72,
          "txt": "located"
        },
        {
          "si": 1,
          "sti": 7,
          "dti": 14,
          "sco": 43,
          "dco": 80,
          "txt": "on"
        },
        {
          "si": 1,
          "sti": 8,
          "dti": 15,
          "sco": 46,
          "dco": 83,
          "txt": "the"
        },
        {
          "si": 1,
          "sti": 9,
          "dti": 16,
          "sco": 50,
          "dco": 87,
          "txt": "campus"
        },
        {
          "si": 1,
          "sti": 10,
          "dti": 17,
          "sco": 57,
          "dco": 94,
          "txt": "of"
        },
        {
          "si": 1,
          "sti": 11,
          "dti": 18,
          "sco": 60,
          "dco": 97,
          "txt": "Waynesburg"
        },
        {
          "si": 1,
          "sti": 12,
          "dti": 19,
          "sco": 71,
          "dco": 108,
          "txt": "University"
        },
        {
          "si": 1,
          "sti": 13,
          "dti": 20,
          "sco": 82,
          "dco": 119,
          "txt": "at"
        },
        {
          "si": 1,
          "sti": 14,
          "dti": 21,
          "sco": 85,
          "dco": 122,
          "txt": "Waynesburg"
        },
        {
          "si": 1,
          "sti": 15,
          "dti": 22,
          "sco": 96,
          "dco": 133,
          "txt": "in"
        },
        {
          "si": 1,
          "sti": 16,
          "dti": 23,
          "sco": 99,
          "dco": 136,
          "txt": "Greene"
        },
        {
          "si": 1,
          "sti": 17,
          "dti": 24,
          "sco": 106,
          "dco": 143,
          "txt": "County"
        },
        {
          "si": 1,
          "sti": 18,
          "dti": 25,
          "sco": 112,
          "dco": 149,
          "txt": ","
        },
        {
          "si": 1,
          "sti": 19,
          "dti": 26,
          "sco": 114,
          "dco": 151,
          "txt": "Pennsylvania"
        },
        {
          "si": 1,
          "sti": 20,
          "dti": 27,
          "sco": 126,
          "dco": 163,
          "txt": "."
        },
        {
          "si": 2,
          "sti": 0,
          "dti": 28,
          "sco": 0,
          "dco": 165,
          "txt": "It"
        },
        {
          "si": 2,
          "sti": 1,
          "dti": 29,
          "sco": 3,
          "dco": 168,
          "txt": "is"
        },
        {
          "si": 2,
          "sti": 2,
          "dti": 30,
          "sco": 6,
          "dco": 171,
          "txt": "located"
        },
        {
          "si": 2,
          "sti": 3,
          "dti": 31,
          "sco": 14,
          "dco": 179,
          "txt": "directly"
        },
        {
          "si": 2,
          "sti": 4,
          "dti": 32,
          "sco": 23,
          "dco": 188,
          "txt": "to"
        },
        {
          "si": 2,
          "sti": 5,
          "dti": 33,
          "sco": 26,
          "dco": 191,
          "txt": "the"
        },
        {
          "si": 2,
          "sti": 6,
          "dti": 34,
          "sco": 30,
          "dco": 195,
          "txt": "east"
        },
        {
          "si": 2,
          "sti": 7,
          "dti": 35,
          "sco": 35,
          "dco": 200,
          "txt": "of"
        },
        {
          "si": 2,
          "sti": 8,
          "dti": 36,
          "sco": 38,
          "dco": 203,
          "txt": "Hanna"
        },
        {
          "si": 2,
          "sti": 9,
          "dti": 37,
          "sco": 44,
          "dco": 209,
          "txt": "Hall"
        },
        {
          "si": 2,
          "sti": 10,
          "dti": 38,
          "sco": 48,
          "dco": 213,
          "txt": "."
        },
        {
          "si": 3,
          "sti": 0,
          "dti": 39,
          "sco": 0,
          "dco": 215,
          "txt": "It"
        },
        {
          "si": 3,
          "sti": 1,
          "dti": 40,
          "sco": 3,
          "dco": 218,
          "txt": "was"
        },
        {
          "si": 3,
          "sti": 2,
          "dti": 41,
          "sco": 7,
          "dco": 222,
          "txt": "built"
        },
        {
          "si": 3,
          "sti": 3,
          "dti": 42,
          "sco": 13,
          "dco": 228,
          "txt": "between"
        },
        {
          "si": 3,
          "sti": 4,
          "dti": 43,
          "sco": 21,
          "dco": 236,
          "txt": "1879"
        },
        {
          "si": 3,
          "sti": 5,
          "dti": 44,
          "sco": 26,
          "dco": 241,
          "txt": "and"
        },
        {
          "si": 3,
          "sti": 6,
          "dti": 45,
          "sco": 30,
          "dco": 245,
          "txt": "1899"
        },
        {
          "si": 3,
          "sti": 7,
          "dti": 46,
          "sco": 34,
          "dco": 249,
          "txt": ","
        },
        {
          "si": 3,
          "sti": 8,
          "dti": 47,
          "sco": 36,
          "dco": 251,
          "txt": "and"
        },
        {
          "si": 3,
          "sti": 9,
          "dti": 48,
          "sco": 40,
          "dco": 255,
          "txt": "is"
        },
        {
          "si": 3,
          "sti": 10,
          "dti": 49,
          "sco": 43,
          "dco": 258,
          "txt": "a"
        },
        {
          "si": 3,
          "sti": 11,
          "dti": 50,
          "sco": 45,
          "dco": 260,
          "txt": "three"
        },
        {
          "si": 3,
          "sti": 12,
          "dti": 51,
          "sco": 50,
          "dco": 265,
          "txt": "-"
        },
        {
          "si": 3,
          "sti": 13,
          "dti": 52,
          "sco": 51,
          "dco": 266,
          "txt": "story"
        },
        {
          "si": 3,
          "sti": 14,
          "dti": 53,
          "sco": 56,
          "dco": 271,
          "txt": ","
        },
        {
          "si": 3,
          "sti": 15,
          "dti": 54,
          "sco": 58,
          "dco": 273,
          "txt": "brick"
        },
        {
          "si": 3,
          "sti": 16,
          "dti": 55,
          "sco": 64,
          "dco": 279,
          "txt": "and"
        },
        {
          "si": 3,
          "sti": 17,
          "dti": 56,
          "sco": 68,
          "dco": 283,
          "txt": "sandstone"
        },
        {
          "si": 3,
          "sti": 18,
          "dti": 57,
          "sco": 78,
          "dco": 293,
          "txt": "building"
        },
        {
          "si": 3,
          "sti": 19,
          "dti": 58,
          "sco": 87,
          "dco": 302,
          "txt": "in"
        },
        {
          "si": 3,
          "sti": 20,
          "dti": 59,
          "sco": 90,
          "dco": 305,
          "txt": "the"
        },
        {
          "si": 3,
          "sti": 21,
          "dti": 60,
          "sco": 94,
          "dco": 309,
          "txt": "Second"
        },
        {
          "si": 3,
          "sti": 22,
          "dti": 61,
          "sco": 101,
          "dco": 316,
          "txt": "Empire"
        },
        {
          "si": 3,
          "sti": 23,
          "dti": 62,
          "sco": 107,
          "dco": 322,
          "txt": "-"
        },
        {
          "si": 3,
          "sti": 24,
          "dti": 63,
          "sco": 108,
          "dco": 323,
          "txt": "style"
        },
        {
          "si": 3,
          "sti": 25,
          "dti": 64,
          "sco": 113,
          "dco": 328,
          "txt": "."
        },
        {
          "si": 4,
          "sti": 0,
          "dti": 65,
          "sco": 0,
          "dco": 330,
          "txt": "It"
        },
        {
          "si": 4,
          "sti": 1,
          "dti": 66,
          "sco": 3,
          "dco": 333,
          "txt": "has"
        },
        {
          "si": 4,
          "sti": 2,
          "dti": 67,
          "sco": 7,
          "dco": 337,
          "txt": "a"
        },
        {
          "si": 4,
          "sti": 3,
          "dti": 68,
          "sco": 9,
          "dco": 339,
          "txt": "mansard"
        },
        {
          "si": 4,
          "sti": 4,
          "dti": 69,
          "sco": 17,
          "dco": 347,
          "txt": "roof"
        },
        {
          "si": 4,
          "sti": 5,
          "dti": 70,
          "sco": 22,
          "dco": 352,
          "txt": "and"
        },
        {
          "si": 4,
          "sti": 6,
          "dti": 71,
          "sco": 26,
          "dco": 356,
          "txt": "measures"
        },
        {
          "si": 4,
          "sti": 7,
          "dti": 72,
          "sco": 35,
          "dco": 365,
          "txt": "158"
        },
        {
          "si": 4,
          "sti": 8,
          "dti": 73,
          "sco": 39,
          "dco": 369,
          "txt": "feet"
        },
        {
          "si": 4,
          "sti": 9,
          "dti": 74,
          "sco": 44,
          "dco": 374,
          "txt": "long"
        },
        {
          "si": 4,
          "sti": 10,
          "dti": 75,
          "sco": 49,
          "dco": 379,
          "txt": "and"
        },
        {
          "si": 4,
          "sti": 11,
          "dti": 76,
          "sco": 53,
          "dco": 383,
          "txt": "54"
        },
        {
          "si": 4,
          "sti": 12,
          "dti": 77,
          "sco": 56,
          "dco": 386,
          "txt": "feet"
        },
        {
          "si": 4,
          "sti": 13,
          "dti": 78,
          "sco": 61,
          "dco": 391,
          "txt": "wide"
        },
        {
          "si": 4,
          "sti": 14,
          "dti": 79,
          "sco": 65,
          "dco": 395,
          "txt": ","
        },
        {
          "si": 4,
          "sti": 15,
          "dti": 80,
          "sco": 67,
          "dco": 397,
          "txt": "with"
        },
        {
          "si": 4,
          "sti": 16,
          "dti": 81,
          "sco": 72,
          "dco": 402,
          "txt": "an"
        },
        {
          "si": 4,
          "sti": 17,
          "dti": 82,
          "sco": 75,
          "dco": 405,
          "txt": "86"
        },
        {
          "si": 4,
          "sti": 18,
          "dti": 83,
          "sco": 78,
          "dco": 408,
          "txt": "feet"
        },
        {
          "si": 4,
          "sti": 19,
          "dti": 84,
          "sco": 83,
          "dco": 413,
          "txt": "long"
        },
        {
          "si": 4,
          "sti": 20,
          "dti": 85,
          "sco": 88,
          "dco": 418,
          "txt": "and"
        },
        {
          "si": 4,
          "sti": 21,
          "dti": 86,
          "sco": 92,
          "dco": 422,
          "txt": "50"
        },
        {
          "si": 4,
          "sti": 22,
          "dti": 87,
          "sco": 95,
          "dco": 425,
          "txt": "feet"
        },
        {
          "si": 4,
          "sti": 23,
          "dti": 88,
          "sco": 100,
          "dco": 430,
          "txt": "wide"
        },
        {
          "si": 4,
          "sti": 24,
          "dti": 89,
          "sco": 105,
          "dco": 435,
          "txt": "cross"
        },
        {
          "si": 4,
          "sti": 25,
          "dti": 90,
          "sco": 110,
          "dco": 440,
          "txt": "-"
        },
        {
          "si": 4,
          "sti": 26,
          "dti": 91,
          "sco": 111,
          "dco": 441,
          "txt": "section"
        },
        {
          "si": 4,
          "sti": 27,
          "dti": 92,
          "sco": 118,
          "dco": 448,
          "txt": "."
        },
        {
          "si": 5,
          "sti": 0,
          "dti": 93,
          "sco": 0,
          "dco": 450,
          "txt": "It"
        },
        {
          "si": 5,
          "sti": 1,
          "dti": 94,
          "sco": 3,
          "dco": 453,
          "txt": "was"
        },
        {
          "si": 5,
          "sti": 2,
          "dti": 95,
          "sco": 7,
          "dco": 457,
          "txt": "named"
        },
        {
          "si": 5,
          "sti": 3,
          "dti": 96,
          "sco": 13,
          "dco": 463,
          "txt": "for"
        },
        {
          "si": 5,
          "sti": 4,
          "dti": 97,
          "sco": 17,
          "dco": 467,
          "txt": "Alfred"
        },
        {
          "si": 5,
          "sti": 5,
          "dti": 98,
          "sco": 24,
          "dco": 474,
          "txt": "Brashear"
        },
        {
          "si": 5,
          "sti": 6,
          "dti": 99,
          "sco": 33,
          "dco": 483,
          "txt": "Miller"
        },
        {
          "si": 5,
          "sti": 7,
          "dti": 100,
          "sco": 39,
          "dco": 489,
          "txt": ","
        },
        {
          "si": 5,
          "sti": 8,
          "dti": 101,
          "sco": 41,
          "dco": 491,
          "txt": "President"
        },
        {
          "si": 5,
          "sti": 9,
          "dti": 102,
          "sco": 51,
          "dco": 501,
          "txt": "of"
        },
        {
          "si": 5,
          "sti": 10,
          "dti": 103,
          "sco": 54,
          "dco": 504,
          "txt": "Waynesburg"
        },
        {
          "si": 5,
          "sti": 11,
          "dti": 104,
          "sco": 65,
          "dco": 515,
          "txt": "College"
        },
        {
          "si": 5,
          "sti": 12,
          "dti": 105,
          "sco": 73,
          "dco": 523,
          "txt": "from"
        },
        {
          "si": 5,
          "sti": 13,
          "dti": 106,
          "sco": 78,
          "dco": 528,
          "txt": "1859"
        },
        {
          "si": 5,
          "sti": 14,
          "dti": 107,
          "sco": 83,
          "dco": 533,
          "txt": "to"
        },
        {
          "si": 5,
          "sti": 15,
          "dti": 108,
          "sco": 86,
          "dco": 536,
          "txt": "1899"
        },
        {
          "si": 5,
          "sti": 16,
          "dti": 109,
          "sco": 90,
          "dco": 540,
          "txt": "."
        },
        {
          "si": 6,
          "sti": 0,
          "dti": 110,
          "sco": 0,
          "dco": 542,
          "txt": "The"
        },
        {
          "si": 6,
          "sti": 1,
          "dti": 111,
          "sco": 4,
          "dco": 546,
          "txt": "building"
        },
        {
          "si": 6,
          "sti": 2,
          "dti": 112,
          "sco": 13,
          "dco": 555,
          "txt": "has"
        },
        {
          "si": 6,
          "sti": 3,
          "dti": 113,
          "sco": 17,
          "dco": 559,
          "txt": "housed"
        },
        {
          "si": 6,
          "sti": 4,
          "dti": 114,
          "sco": 24,
          "dco": 566,
          "txt": "administrative"
        },
        {
          "si": 6,
          "sti": 5,
          "dti": 115,
          "sco": 39,
          "dco": 581,
          "txt": "offices"
        },
        {
          "si": 6,
          "sti": 6,
          "dti": 116,
          "sco": 46,
          "dco": 588,
          "txt": ","
        },
        {
          "si": 6,
          "sti": 7,
          "dti": 117,
          "sco": 48,
          "dco": 590,
          "txt": "classrooms"
        },
        {
          "si": 6,
          "sti": 8,
          "dti": 118,
          "sco": 58,
          "dco": 600,
          "txt": ","
        },
        {
          "si": 6,
          "sti": 9,
          "dti": 119,
          "sco": 60,
          "dco": 602,
          "txt": "a"
        },
        {
          "si": 6,
          "sti": 10,
          "dti": 120,
          "sco": 62,
          "dco": 604,
          "txt": "laboratory"
        },
        {
          "si": 6,
          "sti": 11,
          "dti": 121,
          "sco": 72,
          "dco": 614,
          "txt": ","
        },
        {
          "si": 6,
          "sti": 12,
          "dti": 122,
          "sco": 74,
          "dco": 616,
          "txt": "library"
        },
        {
          "si": 6,
          "sti": 13,
          "dti": 123,
          "sco": 81,
          "dco": 623,
          "txt": ","
        },
        {
          "si": 6,
          "sti": 14,
          "dti": 124,
          "sco": 83,
          "dco": 625,
          "txt": "and"
        },
        {
          "si": 6,
          "sti": 15,
          "dti": 125,
          "sco": 87,
          "dco": 629,
          "txt": "chapel"
        },
        {
          "si": 6,
          "sti": 16,
          "dti": 126,
          "sco": 93,
          "dco": 635,
          "txt": "."
        },
        {
          "si": 7,
          "sti": 0,
          "dti": 127,
          "sco": 0,
          "dco": 637,
          "txt": "The"
        },
        {
          "si": 7,
          "sti": 1,
          "dti": 128,
          "sco": 4,
          "dco": 641,
          "txt": "building"
        },
        {
          "si": 7,
          "sti": 2,
          "dti": 129,
          "sco": 13,
          "dco": 650,
          "txt": "also"
        },
        {
          "si": 7,
          "sti": 3,
          "dti": 130,
          "sco": 18,
          "dco": 655,
          "txt": "houses"
        },
        {
          "si": 7,
          "sti": 4,
          "dti": 131,
          "sco": 25,
          "dco": 662,
          "txt": "Alumni"
        },
        {
          "si": 7,
          "sti": 5,
          "dti": 132,
          "sco": 32,
          "dco": 669,
          "txt": "Hall"
        },
        {
          "si": 7,
          "sti": 6,
          "dti": 133,
          "sco": 37,
          "dco": 674,
          "txt": "and"
        },
        {
          "si": 7,
          "sti": 7,
          "dti": 134,
          "sco": 41,
          "dco": 678,
          "txt": "the"
        },
        {
          "si": 7,
          "sti": 8,
          "dti": 135,
          "sco": 45,
          "dco": 682,
          "txt": "\""
        },
        {
          "si": 7,
          "sti": 9,
          "dti": 136,
          "sco": 46,
          "dco": 683,
          "txt": "Martin"
        },
        {
          "si": 7,
          "sti": 10,
          "dti": 137,
          "sco": 53,
          "dco": 690,
          "txt": "Room"
        },
        {
          "si": 7,
          "sti": 11,
          "dti": 138,
          "sco": 57,
          "dco": 694,
          "txt": "."
        },
        {
          "si": 7,
          "sti": 12,
          "dti": 139,
          "sco": 58,
          "dco": 695,
          "txt": "\""
        },
        {
          "si": 8,
          "sti": 0,
          "dti": 140,
          "sco": 0,
          "dco": 697,
          "txt": "It"
        },
        {
          "si": 8,
          "sti": 1,
          "dti": 141,
          "sco": 3,
          "dco": 700,
          "txt": "was"
        },
        {
          "si": 8,
          "sti": 2,
          "dti": 142,
          "sco": 7,
          "dco": 704,
          "txt": "listed"
        },
        {
          "si": 8,
          "sti": 3,
          "dti": 143,
          "sco": 14,
          "dco": 711,
          "txt": "on"
        },
        {
          "si": 8,
          "sti": 4,
          "dti": 144,
          "sco": 17,
          "dco": 714,
          "txt": "the"
        },
        {
          "si": 8,
          "sti": 5,
          "dti": 145,
          "sco": 21,
          "dco": 718,
          "txt": "National"
        },
        {
          "si": 8,
          "sti": 6,
          "dti": 146,
          "sco": 30,
          "dco": 727,
          "txt": "Register"
        },
        {
          "si": 8,
          "sti": 7,
          "dti": 147,
          "sco": 39,
          "dco": 736,
          "txt": "of"
        },
        {
          "si": 8,
          "sti": 8,
          "dti": 148,
          "sco": 42,
          "dco": 739,
          "txt": "Historic"
        },
        {
          "si": 8,
          "sti": 9,
          "dti": 149,
          "sco": 51,
          "dco": 748,
          "txt": "Places"
        },
        {
          "si": 8,
          "sti": 10,
          "dti": 150,
          "sco": 58,
          "dco": 755,
          "txt": "in"
        },
        {
          "si": 8,
          "sti": 11,
          "dti": 151,
          "sco": 61,
          "dco": 758,
          "txt": "1978"
        },
        {
          "si": 8,
          "sti": 12,
          "dti": 152,
          "sco": 65,
          "dco": 762,
          "txt": "."
        },
        {
          "si": 9,
          "sti": 0,
          "dti": 153,
          "sco": 0,
          "dco": 764,
          "txt": "It"
        },
        {
          "si": 9,
          "sti": 1,
          "dti": 154,
          "sco": 3,
          "dco": 767,
          "txt": "is"
        },
        {
          "si": 9,
          "sti": 2,
          "dti": 155,
          "sco": 6,
          "dco": 770,
          "txt": "included"
        },
        {
          "si": 9,
          "sti": 3,
          "dti": 156,
          "sco": 15,
          "dco": 779,
          "txt": "in"
        },
        {
          "si": 9,
          "sti": 4,
          "dti": 157,
          "sco": 18,
          "dco": 782,
          "txt": "the"
        },
        {
          "si": 9,
          "sti": 5,
          "dti": 158,
          "sco": 22,
          "dco": 786,
          "txt": "Waynesburg"
        },
        {
          "si": 9,
          "sti": 6,
          "dti": 159,
          "sco": 33,
          "dco": 797,
          "txt": "Historic"
        },
        {
          "si": 9,
          "sti": 7,
          "dti": 160,
          "sco": 42,
          "dco": 806,
          "txt": "District"
        },
        {
          "si": 9,
          "sti": 8,
          "dti": 161,
          "sco": 50,
          "dco": 814,
          "txt": "."
        }
      ]
    },
    "ganns": {
      "dla": [],
      "la": [],
      "ea": [],
      "eta": [
        {
          "ra": {
            "ea": {
              "etn": "Miller_Hall_(Waynesburg_University)"
            }
          },
          "sfs": [
            [
              {
                "stn": "openingYear"
              },
              {}
            ]
          ],
          "mfs": [
            [
              {
                "stn": "architect"
              },
              {
                "dla": [],
                "la": [],
                "ea": [],
                "eta": []
              }
            ],
            [
              {
                "stn": "yearOfConstruction"
              },
              {
                "dla": [
                  {
                    "txt": {
                      "sff": "1879"
                    },
                    "et": {
                      "etn": "Year"
                    },
                    "dp": {
                      "off": 236
                    }
                  }
                ],
                "la": [],
                "ea": [],
                "eta": []
              }
            ],
            [
              {
                "stn": "architecturalStyle"
              },
              {
                "dla": [],
                "la": [],
                "ea": [
                  {
                    "etn": "Second_Empire_architecture"
                  }
                ],
                "eta": []
              }
            ],
            [
              {
                "stn": "location"
              },
              {
                "dla": [],
                "la": [],
                "ea": [
                  {
                    "etn": "Waynesburg,_Pennsylvania"
                  }
                ],
                "eta": []
              }
            ]
          ]
        }
      ]
    }
  }
]
