[
  {
    "context": "DEVELOPMENT",
    "doc": {
      "id": "Museum_of_Newport_History",
      "tl": [
        {
          "si": 0,
          "sti": 0,
          "dti": 0,
          "sco": 0,
          "dco": 0,
          "txt": "Museum"
        },
        {
          "si": 0,
          "sti": 1,
          "dti": 1,
          "sco": 7,
          "dco": 7,
          "txt": "of"
        },
        {
          "si": 0,
          "sti": 2,
          "dti": 2,
          "sco": 10,
          "dco": 10,
          "txt": "Newport"
        },
        {
          "si": 0,
          "sti": 3,
          "dti": 3,
          "sco": 18,
          "dco": 18,
          "txt": "History"
        },
        {
          "si": 0,
          "sti": 4,
          "dti": 4,
          "sco": 25,
          "dco": 25,
          "txt": "."
        },
        {
          "si": 1,
          "sti": 0,
          "dti": 5,
          "sco": 0,
          "dco": 27,
          "txt": "The"
        },
        {
          "si": 1,
          "sti": 1,
          "dti": 6,
          "sco": 4,
          "dco": 31,
          "txt": "Museum"
        },
        {
          "si": 1,
          "sti": 2,
          "dti": 7,
          "sco": 11,
          "dco": 38,
          "txt": "of"
        },
        {
          "si": 1,
          "sti": 3,
          "dti": 8,
          "sco": 14,
          "dco": 41,
          "txt": "Newport"
        },
        {
          "si": 1,
          "sti": 4,
          "dti": 9,
          "sco": 22,
          "dco": 49,
          "txt": "History"
        },
        {
          "si": 1,
          "sti": 5,
          "dti": 10,
          "sco": 30,
          "dco": 57,
          "txt": "is"
        },
        {
          "si": 1,
          "sti": 6,
          "dti": 11,
          "sco": 33,
          "dco": 60,
          "txt": "a"
        },
        {
          "si": 1,
          "sti": 7,
          "dti": 12,
          "sco": 35,
          "dco": 62,
          "txt": "history"
        },
        {
          "si": 1,
          "sti": 8,
          "dti": 13,
          "sco": 43,
          "dco": 70,
          "txt": "museum"
        },
        {
          "si": 1,
          "sti": 9,
          "dti": 14,
          "sco": 50,
          "dco": 77,
          "txt": "in"
        },
        {
          "si": 1,
          "sti": 10,
          "dti": 15,
          "sco": 53,
          "dco": 80,
          "txt": "the"
        },
        {
          "si": 1,
          "sti": 11,
          "dti": 16,
          "sco": 57,
          "dco": 84,
          "txt": "Old"
        },
        {
          "si": 1,
          "sti": 12,
          "dti": 17,
          "sco": 61,
          "dco": 88,
          "txt": "Brick"
        },
        {
          "si": 1,
          "sti": 13,
          "dti": 18,
          "sco": 67,
          "dco": 94,
          "txt": "Market"
        },
        {
          "si": 1,
          "sti": 14,
          "dti": 19,
          "sco": 74,
          "dco": 101,
          "txt": "building"
        },
        {
          "si": 1,
          "sti": 15,
          "dti": 20,
          "sco": 83,
          "dco": 110,
          "txt": "in"
        },
        {
          "si": 1,
          "sti": 16,
          "dti": 21,
          "sco": 86,
          "dco": 113,
          "txt": "the"
        },
        {
          "si": 1,
          "sti": 17,
          "dti": 22,
          "sco": 90,
          "dco": 117,
          "txt": "heart"
        },
        {
          "si": 1,
          "sti": 18,
          "dti": 23,
          "sco": 96,
          "dco": 123,
          "txt": "of"
        },
        {
          "si": 1,
          "sti": 19,
          "dti": 24,
          "sco": 99,
          "dco": 126,
          "txt": "Newport"
        },
        {
          "si": 1,
          "sti": 20,
          "dti": 25,
          "sco": 106,
          "dco": 133,
          "txt": ","
        },
        {
          "si": 1,
          "sti": 21,
          "dti": 26,
          "sco": 108,
          "dco": 135,
          "txt": "Rhode"
        },
        {
          "si": 1,
          "sti": 22,
          "dti": 27,
          "sco": 114,
          "dco": 141,
          "txt": "Island"
        },
        {
          "si": 1,
          "sti": 23,
          "dti": 28,
          "sco": 120,
          "dco": 147,
          "txt": ","
        },
        {
          "si": 1,
          "sti": 24,
          "dti": 29,
          "sco": 122,
          "dco": 149,
          "txt": "United"
        },
        {
          "si": 1,
          "sti": 25,
          "dti": 30,
          "sco": 129,
          "dco": 156,
          "txt": "States"
        },
        {
          "si": 1,
          "sti": 26,
          "dti": 31,
          "sco": 135,
          "dco": 162,
          "txt": "."
        },
        {
          "si": 2,
          "sti": 0,
          "dti": 32,
          "sco": 0,
          "dco": 164,
          "txt": "It"
        },
        {
          "si": 2,
          "sti": 1,
          "dti": 33,
          "sco": 3,
          "dco": 167,
          "txt": "is"
        },
        {
          "si": 2,
          "sti": 2,
          "dti": 34,
          "sco": 6,
          "dco": 170,
          "txt": "owned"
        },
        {
          "si": 2,
          "sti": 3,
          "dti": 35,
          "sco": 12,
          "dco": 176,
          "txt": "and"
        },
        {
          "si": 2,
          "sti": 4,
          "dti": 36,
          "sco": 16,
          "dco": 180,
          "txt": "operated"
        },
        {
          "si": 2,
          "sti": 5,
          "dti": 37,
          "sco": 25,
          "dco": 189,
          "txt": "by"
        },
        {
          "si": 2,
          "sti": 6,
          "dti": 38,
          "sco": 28,
          "dco": 192,
          "txt": "the"
        },
        {
          "si": 2,
          "sti": 7,
          "dti": 39,
          "sco": 32,
          "dco": 196,
          "txt": "Newport"
        },
        {
          "si": 2,
          "sti": 8,
          "dti": 40,
          "sco": 40,
          "dco": 204,
          "txt": "Historical"
        },
        {
          "si": 2,
          "sti": 9,
          "dti": 41,
          "sco": 51,
          "dco": 215,
          "txt": "Society"
        },
        {
          "si": 2,
          "sti": 10,
          "dti": 42,
          "sco": 59,
          "dco": 223,
          "txt": "at"
        },
        {
          "si": 2,
          "sti": 11,
          "dti": 43,
          "sco": 62,
          "dco": 226,
          "txt": "127"
        },
        {
          "si": 2,
          "sti": 12,
          "dti": 44,
          "sco": 66,
          "dco": 230,
          "txt": "Thames"
        },
        {
          "si": 2,
          "sti": 13,
          "dti": 45,
          "sco": 73,
          "dco": 237,
          "txt": "Street"
        },
        {
          "si": 2,
          "sti": 14,
          "dti": 46,
          "sco": 80,
          "dco": 244,
          "txt": "on"
        },
        {
          "si": 2,
          "sti": 15,
          "dti": 47,
          "sco": 83,
          "dco": 247,
          "txt": "Washington"
        },
        {
          "si": 2,
          "sti": 16,
          "dti": 48,
          "sco": 94,
          "dco": 258,
          "txt": "Square"
        },
        {
          "si": 2,
          "sti": 17,
          "dti": 49,
          "sco": 100,
          "dco": 264,
          "txt": "."
        },
        {
          "si": 3,
          "sti": 0,
          "dti": 50,
          "sco": 0,
          "dco": 266,
          "txt": "The"
        },
        {
          "si": 3,
          "sti": 1,
          "dti": 51,
          "sco": 4,
          "dco": 270,
          "txt": "building"
        },
        {
          "si": 3,
          "sti": 2,
          "dti": 52,
          "sco": 12,
          "dco": 278,
          "txt": ","
        },
        {
          "si": 3,
          "sti": 3,
          "dti": 53,
          "sco": 14,
          "dco": 280,
          "txt": "designed"
        },
        {
          "si": 3,
          "sti": 4,
          "dti": 54,
          "sco": 23,
          "dco": 289,
          "txt": "by"
        },
        {
          "si": 3,
          "sti": 5,
          "dti": 55,
          "sco": 26,
          "dco": 292,
          "txt": "noted"
        },
        {
          "si": 3,
          "sti": 6,
          "dti": 56,
          "sco": 32,
          "dco": 298,
          "txt": "18"
        },
        {
          "si": 3,
          "sti": 7,
          "dti": 57,
          "sco": 34,
          "dco": 300,
          "txt": "th"
        },
        {
          "si": 3,
          "sti": 8,
          "dti": 58,
          "sco": 36,
          "dco": 302,
          "txt": "-"
        },
        {
          "si": 3,
          "sti": 9,
          "dti": 59,
          "sco": 37,
          "dco": 303,
          "txt": "century"
        },
        {
          "si": 3,
          "sti": 10,
          "dti": 60,
          "sco": 45,
          "dco": 311,
          "txt": "American"
        },
        {
          "si": 3,
          "sti": 11,
          "dti": 61,
          "sco": 54,
          "dco": 320,
          "txt": "architect"
        },
        {
          "si": 3,
          "sti": 12,
          "dti": 62,
          "sco": 64,
          "dco": 330,
          "txt": "Peter"
        },
        {
          "si": 3,
          "sti": 13,
          "dti": 63,
          "sco": 70,
          "dco": 336,
          "txt": "Harrison"
        },
        {
          "si": 3,
          "sti": 14,
          "dti": 64,
          "sco": 79,
          "dco": 345,
          "txt": "and"
        },
        {
          "si": 3,
          "sti": 15,
          "dti": 65,
          "sco": 83,
          "dco": 349,
          "txt": "built"
        },
        {
          "si": 3,
          "sti": 16,
          "dti": 66,
          "sco": 89,
          "dco": 355,
          "txt": "in"
        },
        {
          "si": 3,
          "sti": 17,
          "dti": 67,
          "sco": 92,
          "dco": 358,
          "txt": "the"
        },
        {
          "si": 3,
          "sti": 18,
          "dti": 68,
          "sco": 96,
          "dco": 362,
          "txt": "1760"
        },
        {
          "si": 3,
          "sti": 19,
          "dti": 69,
          "sco": 100,
          "dco": 366,
          "txt": "s"
        },
        {
          "si": 3,
          "sti": 20,
          "dti": 70,
          "sco": 101,
          "dco": 367,
          "txt": ","
        },
        {
          "si": 3,
          "sti": 21,
          "dti": 71,
          "sco": 103,
          "dco": 369,
          "txt": "is"
        },
        {
          "si": 3,
          "sti": 22,
          "dti": 72,
          "sco": 106,
          "dco": 372,
          "txt": "a"
        },
        {
          "si": 3,
          "sti": 23,
          "dti": 73,
          "sco": 108,
          "dco": 374,
          "txt": "National"
        },
        {
          "si": 3,
          "sti": 24,
          "dti": 74,
          "sco": 117,
          "dco": 383,
          "txt": "Historic"
        },
        {
          "si": 3,
          "sti": 25,
          "dti": 75,
          "sco": 126,
          "dco": 392,
          "txt": "Landmark"
        },
        {
          "si": 3,
          "sti": 26,
          "dti": 76,
          "sco": 134,
          "dco": 400,
          "txt": "."
        },
        {
          "si": 4,
          "sti": 0,
          "dti": 77,
          "sco": 0,
          "dco": 402,
          "txt": "Description"
        },
        {
          "si": 4,
          "sti": 1,
          "dti": 78,
          "sco": 11,
          "dco": 413,
          "txt": "."
        },
        {
          "si": 5,
          "sti": 0,
          "dti": 79,
          "sco": 0,
          "dco": 415,
          "txt": "The"
        },
        {
          "si": 5,
          "sti": 1,
          "dti": 80,
          "sco": 4,
          "dco": 419,
          "txt": "Brick"
        },
        {
          "si": 5,
          "sti": 2,
          "dti": 81,
          "sco": 10,
          "dco": 425,
          "txt": "Market"
        },
        {
          "si": 5,
          "sti": 3,
          "dti": 82,
          "sco": 17,
          "dco": 432,
          "txt": "is"
        },
        {
          "si": 5,
          "sti": 4,
          "dti": 83,
          "sco": 20,
          "dco": 435,
          "txt": "a"
        },
        {
          "si": 5,
          "sti": 5,
          "dti": 84,
          "sco": 22,
          "dco": 437,
          "txt": "three"
        },
        {
          "si": 5,
          "sti": 6,
          "dti": 85,
          "sco": 28,
          "dco": 443,
          "txt": "story"
        },
        {
          "si": 5,
          "sti": 7,
          "dti": 86,
          "sco": 34,
          "dco": 449,
          "txt": "brick"
        },
        {
          "si": 5,
          "sti": 8,
          "dti": 87,
          "sco": 40,
          "dco": 455,
          "txt": "structure"
        },
        {
          "si": 5,
          "sti": 9,
          "dti": 88,
          "sco": 50,
          "dco": 465,
          "txt": "with"
        },
        {
          "si": 5,
          "sti": 10,
          "dti": 89,
          "sco": 55,
          "dco": 470,
          "txt": "a"
        },
        {
          "si": 5,
          "sti": 11,
          "dti": 90,
          "sco": 57,
          "dco": 472,
          "txt": "low"
        },
        {
          "si": 5,
          "sti": 12,
          "dti": 91,
          "sco": 61,
          "dco": 476,
          "txt": "hip"
        },
        {
          "si": 5,
          "sti": 13,
          "dti": 92,
          "sco": 65,
          "dco": 480,
          "txt": "roof"
        },
        {
          "si": 5,
          "sti": 14,
          "dti": 93,
          "sco": 69,
          "dco": 484,
          "txt": "."
        },
        {
          "si": 6,
          "sti": 0,
          "dti": 94,
          "sco": 0,
          "dco": 486,
          "txt": "Its"
        },
        {
          "si": 6,
          "sti": 1,
          "dti": 95,
          "sco": 4,
          "dco": 490,
          "txt": "ground"
        },
        {
          "si": 6,
          "sti": 2,
          "dti": 96,
          "sco": 11,
          "dco": 497,
          "txt": "floor"
        },
        {
          "si": 6,
          "sti": 3,
          "dti": 97,
          "sco": 17,
          "dco": 503,
          "txt": "has"
        },
        {
          "si": 6,
          "sti": 4,
          "dti": 98,
          "sco": 21,
          "dco": 507,
          "txt": "round"
        },
        {
          "si": 6,
          "sti": 5,
          "dti": 99,
          "sco": 26,
          "dco": 512,
          "txt": "-"
        },
        {
          "si": 6,
          "sti": 6,
          "dti": 100,
          "sco": 27,
          "dco": 513,
          "txt": "arch"
        },
        {
          "si": 6,
          "sti": 7,
          "dti": 101,
          "sco": 32,
          "dco": 518,
          "txt": "openings"
        },
        {
          "si": 6,
          "sti": 8,
          "dti": 102,
          "sco": 40,
          "dco": 526,
          "txt": ","
        },
        {
          "si": 6,
          "sti": 9,
          "dti": 103,
          "sco": 42,
          "dco": 528,
          "txt": "which"
        },
        {
          "si": 6,
          "sti": 10,
          "dti": 104,
          "sco": 48,
          "dco": 534,
          "txt": "were"
        },
        {
          "si": 6,
          "sti": 11,
          "dti": 105,
          "sco": 53,
          "dco": 539,
          "txt": "historically"
        },
        {
          "si": 6,
          "sti": 12,
          "dti": 106,
          "sco": 66,
          "dco": 552,
          "txt": "open"
        },
        {
          "si": 6,
          "sti": 13,
          "dti": 107,
          "sco": 71,
          "dco": 557,
          "txt": "but"
        },
        {
          "si": 6,
          "sti": 14,
          "dti": 108,
          "sco": 75,
          "dco": 561,
          "txt": "have"
        },
        {
          "si": 6,
          "sti": 15,
          "dti": 109,
          "sco": 80,
          "dco": 566,
          "txt": "mostly"
        },
        {
          "si": 6,
          "sti": 16,
          "dti": 110,
          "sco": 87,
          "dco": 573,
          "txt": "been"
        },
        {
          "si": 6,
          "sti": 17,
          "dti": 111,
          "sco": 92,
          "dco": 578,
          "txt": "glassed"
        },
        {
          "si": 6,
          "sti": 18,
          "dti": 112,
          "sco": 100,
          "dco": 586,
          "txt": "over"
        },
        {
          "si": 6,
          "sti": 19,
          "dti": 113,
          "sco": 104,
          "dco": 590,
          "txt": "."
        },
        {
          "si": 7,
          "sti": 0,
          "dti": 114,
          "sco": 0,
          "dco": 592,
          "txt": "The"
        },
        {
          "si": 7,
          "sti": 1,
          "dti": 115,
          "sco": 4,
          "dco": 596,
          "txt": "upper"
        },
        {
          "si": 7,
          "sti": 2,
          "dti": 116,
          "sco": 10,
          "dco": 602,
          "txt": "level"
        },
        {
          "si": 7,
          "sti": 3,
          "dti": 117,
          "sco": 16,
          "dco": 608,
          "txt": "bays"
        },
        {
          "si": 7,
          "sti": 4,
          "dti": 118,
          "sco": 21,
          "dco": 613,
          "txt": "are"
        },
        {
          "si": 7,
          "sti": 5,
          "dti": 119,
          "sco": 25,
          "dco": 617,
          "txt": "separated"
        },
        {
          "si": 7,
          "sti": 6,
          "dti": 120,
          "sco": 35,
          "dco": 627,
          "txt": "by"
        },
        {
          "si": 7,
          "sti": 7,
          "dti": 121,
          "sco": 38,
          "dco": 630,
          "txt": "large"
        },
        {
          "si": 7,
          "sti": 8,
          "dti": 122,
          "sco": 44,
          "dco": 636,
          "txt": "pilasters"
        },
        {
          "si": 7,
          "sti": 9,
          "dti": 123,
          "sco": 54,
          "dco": 646,
          "txt": "with"
        },
        {
          "si": 7,
          "sti": 10,
          "dti": 124,
          "sco": 59,
          "dco": 651,
          "txt": "Ionic"
        },
        {
          "si": 7,
          "sti": 11,
          "dti": 125,
          "sco": 65,
          "dco": 657,
          "txt": "capitals"
        },
        {
          "si": 7,
          "sti": 12,
          "dti": 126,
          "sco": 73,
          "dco": 665,
          "txt": ","
        },
        {
          "si": 7,
          "sti": 13,
          "dti": 127,
          "sco": 75,
          "dco": 667,
          "txt": "with"
        },
        {
          "si": 7,
          "sti": 14,
          "dti": 128,
          "sco": 80,
          "dco": 672,
          "txt": "a"
        },
        {
          "si": 7,
          "sti": 15,
          "dti": 129,
          "sco": 82,
          "dco": 674,
          "txt": "dentillated"
        },
        {
          "si": 7,
          "sti": 16,
          "dti": 130,
          "sco": 94,
          "dco": 686,
          "txt": "cornice"
        },
        {
          "si": 7,
          "sti": 17,
          "dti": 131,
          "sco": 102,
          "dco": 694,
          "txt": "below"
        },
        {
          "si": 7,
          "sti": 18,
          "dti": 132,
          "sco": 108,
          "dco": 700,
          "txt": "the"
        },
        {
          "si": 7,
          "sti": 19,
          "dti": 133,
          "sco": 112,
          "dco": 704,
          "txt": "roof"
        },
        {
          "si": 7,
          "sti": 20,
          "dti": 134,
          "sco": 116,
          "dco": 708,
          "txt": "."
        },
        {
          "si": 8,
          "sti": 0,
          "dti": 135,
          "sco": 0,
          "dco": 710,
          "txt": "The"
        },
        {
          "si": 8,
          "sti": 1,
          "dti": 136,
          "sco": 4,
          "dco": 714,
          "txt": "second"
        },
        {
          "si": 8,
          "sti": 2,
          "dti": 137,
          "sco": 11,
          "dco": 721,
          "txt": "floor"
        },
        {
          "si": 8,
          "sti": 3,
          "dti": 138,
          "sco": 17,
          "dco": 727,
          "txt": "windows"
        },
        {
          "si": 8,
          "sti": 4,
          "dti": 139,
          "sco": 25,
          "dco": 735,
          "txt": "are"
        },
        {
          "si": 8,
          "sti": 5,
          "dti": 140,
          "sco": 29,
          "dco": 739,
          "txt": "rectangular"
        },
        {
          "si": 8,
          "sti": 6,
          "dti": 141,
          "sco": 41,
          "dco": 751,
          "txt": "sash"
        },
        {
          "si": 8,
          "sti": 7,
          "dti": 142,
          "sco": 45,
          "dco": 755,
          "txt": ","
        },
        {
          "si": 8,
          "sti": 8,
          "dti": 143,
          "sco": 47,
          "dco": 757,
          "txt": "topped"
        },
        {
          "si": 8,
          "sti": 9,
          "dti": 144,
          "sco": 54,
          "dco": 764,
          "txt": "by"
        },
        {
          "si": 8,
          "sti": 10,
          "dti": 145,
          "sco": 57,
          "dco": 767,
          "txt": "alternating"
        },
        {
          "si": 8,
          "sti": 11,
          "dti": 146,
          "sco": 69,
          "dco": 779,
          "txt": "gable"
        },
        {
          "si": 8,
          "sti": 12,
          "dti": 147,
          "sco": 75,
          "dco": 785,
          "txt": "and"
        },
        {
          "si": 8,
          "sti": 13,
          "dti": 148,
          "sco": 79,
          "dco": 789,
          "txt": "segmented"
        },
        {
          "si": 8,
          "sti": 14,
          "dti": 149,
          "sco": 88,
          "dco": 798,
          "txt": "-"
        },
        {
          "si": 8,
          "sti": 15,
          "dti": 150,
          "sco": 89,
          "dco": 799,
          "txt": "arch"
        },
        {
          "si": 8,
          "sti": 16,
          "dti": 151,
          "sco": 94,
          "dco": 804,
          "txt": "pedimemnts"
        },
        {
          "si": 8,
          "sti": 17,
          "dti": 152,
          "sco": 104,
          "dco": 814,
          "txt": "."
        },
        {
          "si": 9,
          "sti": 0,
          "dti": 153,
          "sco": 0,
          "dco": 816,
          "txt": "The"
        },
        {
          "si": 9,
          "sti": 1,
          "dti": 154,
          "sco": 4,
          "dco": 820,
          "txt": "third"
        },
        {
          "si": 9,
          "sti": 2,
          "dti": 155,
          "sco": 10,
          "dco": 826,
          "txt": "floor"
        },
        {
          "si": 9,
          "sti": 3,
          "dti": 156,
          "sco": 16,
          "dco": 832,
          "txt": "windows"
        },
        {
          "si": 9,
          "sti": 4,
          "dti": 157,
          "sco": 24,
          "dco": 840,
          "txt": "are"
        },
        {
          "si": 9,
          "sti": 5,
          "dti": 158,
          "sco": 28,
          "dco": 844,
          "txt": "square"
        },
        {
          "si": 9,
          "sti": 6,
          "dti": 159,
          "sco": 34,
          "dco": 850,
          "txt": ","
        },
        {
          "si": 9,
          "sti": 7,
          "dti": 160,
          "sco": 36,
          "dco": 852,
          "txt": "with"
        },
        {
          "si": 9,
          "sti": 8,
          "dti": 161,
          "sco": 41,
          "dco": 857,
          "txt": "a"
        },
        {
          "si": 9,
          "sti": 9,
          "dti": 162,
          "sco": 43,
          "dco": 859,
          "txt": "simpler"
        },
        {
          "si": 9,
          "sti": 10,
          "dti": 163,
          "sco": 51,
          "dco": 867,
          "txt": "molded"
        },
        {
          "si": 9,
          "sti": 11,
          "dti": 164,
          "sco": 58,
          "dco": 874,
          "txt": "surround"
        },
        {
          "si": 9,
          "sti": 12,
          "dti": 165,
          "sco": 66,
          "dco": 882,
          "txt": "."
        },
        {
          "si": 10,
          "sti": 0,
          "dti": 166,
          "sco": 0,
          "dco": 884,
          "txt": "The"
        },
        {
          "si": 10,
          "sti": 1,
          "dti": 167,
          "sco": 4,
          "dco": 888,
          "txt": "interior"
        },
        {
          "si": 10,
          "sti": 2,
          "dti": 168,
          "sco": 13,
          "dco": 897,
          "txt": "has"
        },
        {
          "si": 10,
          "sti": 3,
          "dti": 169,
          "sco": 17,
          "dco": 901,
          "txt": "been"
        },
        {
          "si": 10,
          "sti": 4,
          "dti": 170,
          "sco": 22,
          "dco": 906,
          "txt": "extensively"
        },
        {
          "si": 10,
          "sti": 5,
          "dti": 171,
          "sco": 34,
          "dco": 918,
          "txt": "altered"
        },
        {
          "si": 10,
          "sti": 6,
          "dti": 172,
          "sco": 42,
          "dco": 926,
          "txt": "over"
        },
        {
          "si": 10,
          "sti": 7,
          "dti": 173,
          "sco": 47,
          "dco": 931,
          "txt": "time"
        },
        {
          "si": 10,
          "sti": 8,
          "dti": 174,
          "sco": 51,
          "dco": 935,
          "txt": ","
        },
        {
          "si": 10,
          "sti": 9,
          "dti": 175,
          "sco": 53,
          "dco": 937,
          "txt": "with"
        },
        {
          "si": 10,
          "sti": 10,
          "dti": 176,
          "sco": 58,
          "dco": 942,
          "txt": "little"
        },
        {
          "si": 10,
          "sti": 11,
          "dti": 177,
          "sco": 65,
          "dco": 949,
          "txt": "historic"
        },
        {
          "si": 10,
          "sti": 12,
          "dti": 178,
          "sco": 74,
          "dco": 958,
          "txt": "material"
        },
        {
          "si": 10,
          "sti": 13,
          "dti": 179,
          "sco": 83,
          "dco": 967,
          "txt": "surviving"
        },
        {
          "si": 10,
          "sti": 14,
          "dti": 180,
          "sco": 92,
          "dco": 976,
          "txt": "."
        },
        {
          "si": 11,
          "sti": 0,
          "dti": 181,
          "sco": 0,
          "dco": 978,
          "txt": "History"
        },
        {
          "si": 11,
          "sti": 1,
          "dti": 182,
          "sco": 7,
          "dco": 985,
          "txt": "."
        },
        {
          "si": 12,
          "sti": 0,
          "dti": 183,
          "sco": 0,
          "dco": 987,
          "txt": "The"
        },
        {
          "si": 12,
          "sti": 1,
          "dti": 184,
          "sco": 4,
          "dco": 991,
          "txt": "Brick"
        },
        {
          "si": 12,
          "sti": 2,
          "dti": 185,
          "sco": 10,
          "dco": 997,
          "txt": "Market"
        },
        {
          "si": 12,
          "sti": 3,
          "dti": 186,
          "sco": 17,
          "dco": 1004,
          "txt": "was"
        },
        {
          "si": 12,
          "sti": 4,
          "dti": 187,
          "sco": 21,
          "dco": 1008,
          "txt": "designed"
        },
        {
          "si": 12,
          "sti": 5,
          "dti": 188,
          "sco": 30,
          "dco": 1017,
          "txt": "by"
        },
        {
          "si": 12,
          "sti": 6,
          "dti": 189,
          "sco": 33,
          "dco": 1020,
          "txt": "Peter"
        },
        {
          "si": 12,
          "sti": 7,
          "dti": 190,
          "sco": 39,
          "dco": 1026,
          "txt": "Harrison"
        },
        {
          "si": 12,
          "sti": 8,
          "dti": 191,
          "sco": 47,
          "dco": 1034,
          "txt": ","
        },
        {
          "si": 12,
          "sti": 9,
          "dti": 192,
          "sco": 49,
          "dco": 1036,
          "txt": "an"
        },
        {
          "si": 12,
          "sti": 10,
          "dti": 193,
          "sco": 52,
          "dco": 1039,
          "txt": "major"
        },
        {
          "si": 12,
          "sti": 11,
          "dti": 194,
          "sco": 58,
          "dco": 1045,
          "txt": "architect"
        },
        {
          "si": 12,
          "sti": 12,
          "dti": 195,
          "sco": 68,
          "dco": 1055,
          "txt": "working"
        },
        {
          "si": 12,
          "sti": 13,
          "dti": 196,
          "sco": 76,
          "dco": 1063,
          "txt": "in"
        },
        {
          "si": 12,
          "sti": 14,
          "dti": 197,
          "sco": 79,
          "dco": 1066,
          "txt": "the"
        },
        {
          "si": 12,
          "sti": 15,
          "dti": 198,
          "sco": 83,
          "dco": 1070,
          "txt": "British"
        },
        {
          "si": 12,
          "sti": 16,
          "dti": 199,
          "sco": 91,
          "dco": 1078,
          "txt": "colonies"
        },
        {
          "si": 12,
          "sti": 17,
          "dti": 200,
          "sco": 100,
          "dco": 1087,
          "txt": "during"
        },
        {
          "si": 12,
          "sti": 18,
          "dti": 201,
          "sco": 107,
          "dco": 1094,
          "txt": "the"
        },
        {
          "si": 12,
          "sti": 19,
          "dti": 202,
          "sco": 111,
          "dco": 1098,
          "txt": "18"
        },
        {
          "si": 12,
          "sti": 20,
          "dti": 203,
          "sco": 113,
          "dco": 1100,
          "txt": "th"
        },
        {
          "si": 12,
          "sti": 21,
          "dti": 204,
          "sco": 116,
          "dco": 1103,
          "txt": "century"
        },
        {
          "si": 12,
          "sti": 22,
          "dti": 205,
          "sco": 123,
          "dco": 1110,
          "txt": "."
        },
        {
          "si": 13,
          "sti": 0,
          "dti": 206,
          "sco": 0,
          "dco": 1112,
          "txt": "Harrison"
        },
        {
          "si": 13,
          "sti": 1,
          "dti": 207,
          "sco": 9,
          "dco": 1121,
          "txt": "based"
        },
        {
          "si": 13,
          "sti": 2,
          "dti": 208,
          "sco": 15,
          "dco": 1127,
          "txt": "the"
        },
        {
          "si": 13,
          "sti": 3,
          "dti": 209,
          "sco": 19,
          "dco": 1131,
          "txt": "Georgian"
        },
        {
          "si": 13,
          "sti": 4,
          "dti": 210,
          "sco": 28,
          "dco": 1140,
          "txt": "design"
        },
        {
          "si": 13,
          "sti": 5,
          "dti": 211,
          "sco": 35,
          "dco": 1147,
          "txt": "on"
        },
        {
          "si": 13,
          "sti": 6,
          "dti": 212,
          "sco": 38,
          "dco": 1150,
          "txt": "a"
        },
        {
          "si": 13,
          "sti": 7,
          "dti": 213,
          "sco": 40,
          "dco": 1152,
          "txt": "part"
        },
        {
          "si": 13,
          "sti": 8,
          "dti": 214,
          "sco": 45,
          "dco": 1157,
          "txt": "of"
        },
        {
          "si": 13,
          "sti": 9,
          "dti": 215,
          "sco": 48,
          "dco": 1160,
          "txt": "the"
        },
        {
          "si": 13,
          "sti": 10,
          "dti": 216,
          "sco": 52,
          "dco": 1164,
          "txt": "17"
        },
        {
          "si": 13,
          "sti": 11,
          "dti": 217,
          "sco": 54,
          "dco": 1166,
          "txt": "th"
        },
        {
          "si": 13,
          "sti": 12,
          "dti": 218,
          "sco": 57,
          "dco": 1169,
          "txt": "century"
        },
        {
          "si": 13,
          "sti": 13,
          "dti": 219,
          "sco": 65,
          "dco": 1177,
          "txt": "design"
        },
        {
          "si": 13,
          "sti": 14,
          "dti": 220,
          "sco": 72,
          "dco": 1184,
          "txt": "of"
        },
        {
          "si": 13,
          "sti": 15,
          "dti": 221,
          "sco": 75,
          "dco": 1187,
          "txt": "Somerset"
        },
        {
          "si": 13,
          "sti": 16,
          "dti": 222,
          "sco": 84,
          "dco": 1196,
          "txt": "House"
        },
        {
          "si": 13,
          "sti": 17,
          "dti": 223,
          "sco": 90,
          "dco": 1202,
          "txt": "by"
        },
        {
          "si": 13,
          "sti": 18,
          "dti": 224,
          "sco": 93,
          "dco": 1205,
          "txt": "Inigo"
        },
        {
          "si": 13,
          "sti": 19,
          "dti": 225,
          "sco": 99,
          "dco": 1211,
          "txt": "Jones"
        },
        {
          "si": 13,
          "sti": 20,
          "dti": 226,
          "sco": 104,
          "dco": 1216,
          "txt": ","
        },
        {
          "si": 13,
          "sti": 21,
          "dti": 227,
          "sco": 106,
          "dco": 1218,
          "txt": "altering"
        },
        {
          "si": 13,
          "sti": 22,
          "dti": 228,
          "sco": 115,
          "dco": 1227,
          "txt": "the"
        },
        {
          "si": 13,
          "sti": 23,
          "dti": 229,
          "sco": 119,
          "dco": 1231,
          "txt": "building"
        },
        {
          "si": 13,
          "sti": 24,
          "dti": 230,
          "sco": 128,
          "dco": 1240,
          "txt": "material"
        },
        {
          "si": 13,
          "sti": 25,
          "dti": 231,
          "sco": 137,
          "dco": 1249,
          "txt": "from"
        },
        {
          "si": 13,
          "sti": 26,
          "dti": 232,
          "sco": 142,
          "dco": 1254,
          "txt": "stone"
        },
        {
          "si": 13,
          "sti": 27,
          "dti": 233,
          "sco": 148,
          "dco": 1260,
          "txt": "to"
        },
        {
          "si": 13,
          "sti": 28,
          "dti": 234,
          "sco": 151,
          "dco": 1263,
          "txt": "brick"
        },
        {
          "si": 13,
          "sti": 29,
          "dti": 235,
          "sco": 156,
          "dco": 1268,
          "txt": ","
        },
        {
          "si": 13,
          "sti": 30,
          "dti": 236,
          "sco": 158,
          "dco": 1270,
          "txt": "and"
        },
        {
          "si": 13,
          "sti": 31,
          "dti": 237,
          "sco": 162,
          "dco": 1274,
          "txt": "replacing"
        },
        {
          "si": 13,
          "sti": 32,
          "dti": 238,
          "sco": 172,
          "dco": 1284,
          "txt": "Jones"
        },
        {
          "si": 13,
          "sti": 33,
          "dti": 239,
          "sco": 177,
          "dco": 1289,
          "txt": "'"
        },
        {
          "si": 13,
          "sti": 34,
          "dti": 240,
          "sco": 179,
          "dco": 1291,
          "txt": "Corinthian"
        },
        {
          "si": 13,
          "sti": 35,
          "dti": 241,
          "sco": 190,
          "dco": 1302,
          "txt": "capitals"
        },
        {
          "si": 13,
          "sti": 36,
          "dti": 242,
          "sco": 199,
          "dco": 1311,
          "txt": "with"
        },
        {
          "si": 13,
          "sti": 37,
          "dti": 243,
          "sco": 204,
          "dco": 1316,
          "txt": "those"
        },
        {
          "si": 13,
          "sti": 38,
          "dti": 244,
          "sco": 210,
          "dco": 1322,
          "txt": "of"
        },
        {
          "si": 13,
          "sti": 39,
          "dti": 245,
          "sco": 213,
          "dco": 1325,
          "txt": "the"
        },
        {
          "si": 13,
          "sti": 40,
          "dti": 246,
          "sco": 217,
          "dco": 1329,
          "txt": "Ionic"
        },
        {
          "si": 13,
          "sti": 41,
          "dti": 247,
          "sco": 223,
          "dco": 1335,
          "txt": "order"
        },
        {
          "si": 13,
          "sti": 42,
          "dti": 248,
          "sco": 228,
          "dco": 1340,
          "txt": "."
        },
        {
          "si": 14,
          "sti": 0,
          "dti": 249,
          "sco": 0,
          "dco": 1342,
          "txt": "Construction"
        },
        {
          "si": 14,
          "sti": 1,
          "dti": 250,
          "sco": 13,
          "dco": 1355,
          "txt": "of"
        },
        {
          "si": 14,
          "sti": 2,
          "dti": 251,
          "sco": 16,
          "dco": 1358,
          "txt": "the"
        },
        {
          "si": 14,
          "sti": 3,
          "dti": 252,
          "sco": 20,
          "dco": 1362,
          "txt": "building"
        },
        {
          "si": 14,
          "sti": 4,
          "dti": 253,
          "sco": 29,
          "dco": 1371,
          "txt": "was"
        },
        {
          "si": 14,
          "sti": 5,
          "dti": 254,
          "sco": 33,
          "dco": 1375,
          "txt": "authorized"
        },
        {
          "si": 14,
          "sti": 6,
          "dti": 255,
          "sco": 44,
          "dco": 1386,
          "txt": "by"
        },
        {
          "si": 14,
          "sti": 7,
          "dti": 256,
          "sco": 47,
          "dco": 1389,
          "txt": "the"
        },
        {
          "si": 14,
          "sti": 8,
          "dti": 257,
          "sco": 51,
          "dco": 1393,
          "txt": "city"
        },
        {
          "si": 14,
          "sti": 9,
          "dti": 258,
          "sco": 56,
          "dco": 1398,
          "txt": "in"
        },
        {
          "si": 14,
          "sti": 10,
          "dti": 259,
          "sco": 59,
          "dco": 1401,
          "txt": "1761"
        },
        {
          "si": 14,
          "sti": 11,
          "dti": 260,
          "sco": 64,
          "dco": 1406,
          "txt": "and"
        },
        {
          "si": 14,
          "sti": 12,
          "dti": 261,
          "sco": 68,
          "dco": 1410,
          "txt": "begun"
        },
        {
          "si": 14,
          "sti": 13,
          "dti": 262,
          "sco": 74,
          "dco": 1416,
          "txt": "in"
        },
        {
          "si": 14,
          "sti": 14,
          "dti": 263,
          "sco": 77,
          "dco": 1419,
          "txt": "1762"
        },
        {
          "si": 14,
          "sti": 15,
          "dti": 264,
          "sco": 81,
          "dco": 1423,
          "txt": ","
        },
        {
          "si": 14,
          "sti": 16,
          "dti": 265,
          "sco": 83,
          "dco": 1425,
          "txt": "but"
        },
        {
          "si": 14,
          "sti": 17,
          "dti": 266,
          "sco": 87,
          "dco": 1429,
          "txt": "the"
        },
        {
          "si": 14,
          "sti": 18,
          "dti": 267,
          "sco": 91,
          "dco": 1433,
          "txt": "merchant"
        },
        {
          "si": 14,
          "sti": 19,
          "dti": 268,
          "sco": 100,
          "dco": 1442,
          "txt": "proprietors"
        },
        {
          "si": 14,
          "sti": 20,
          "dti": 269,
          "sco": 112,
          "dco": 1454,
          "txt": "ran"
        },
        {
          "si": 14,
          "sti": 21,
          "dti": 270,
          "sco": 116,
          "dco": 1458,
          "txt": "out"
        },
        {
          "si": 14,
          "sti": 22,
          "dti": 271,
          "sco": 120,
          "dco": 1462,
          "txt": "of"
        },
        {
          "si": 14,
          "sti": 23,
          "dti": 272,
          "sco": 123,
          "dco": 1465,
          "txt": "money"
        },
        {
          "si": 14,
          "sti": 24,
          "dti": 273,
          "sco": 129,
          "dco": 1471,
          "txt": "after"
        },
        {
          "si": 14,
          "sti": 25,
          "dti": 274,
          "sco": 135,
          "dco": 1477,
          "txt": "finishing"
        },
        {
          "si": 14,
          "sti": 26,
          "dti": 275,
          "sco": 145,
          "dco": 1487,
          "txt": "just"
        },
        {
          "si": 14,
          "sti": 27,
          "dti": 276,
          "sco": 150,
          "dco": 1492,
          "txt": "the"
        },
        {
          "si": 14,
          "sti": 28,
          "dti": 277,
          "sco": 154,
          "dco": 1496,
          "txt": "first"
        },
        {
          "si": 14,
          "sti": 29,
          "dti": 278,
          "sco": 160,
          "dco": 1502,
          "txt": "level"
        },
        {
          "si": 14,
          "sti": 30,
          "dti": 279,
          "sco": 165,
          "dco": 1507,
          "txt": ","
        },
        {
          "si": 14,
          "sti": 31,
          "dti": 280,
          "sco": 167,
          "dco": 1509,
          "txt": "and"
        },
        {
          "si": 14,
          "sti": 32,
          "dti": 281,
          "sco": 171,
          "dco": 1513,
          "txt": "the"
        },
        {
          "si": 14,
          "sti": 33,
          "dti": 282,
          "sco": 175,
          "dco": 1517,
          "txt": "city"
        },
        {
          "si": 14,
          "sti": 34,
          "dti": 283,
          "sco": 180,
          "dco": 1522,
          "txt": "took"
        },
        {
          "si": 14,
          "sti": 35,
          "dti": 284,
          "sco": 185,
          "dco": 1527,
          "txt": "the"
        },
        {
          "si": 14,
          "sti": 36,
          "dti": 285,
          "sco": 189,
          "dco": 1531,
          "txt": "project"
        },
        {
          "si": 14,
          "sti": 37,
          "dti": 286,
          "sco": 197,
          "dco": 1539,
          "txt": "over"
        },
        {
          "si": 14,
          "sti": 38,
          "dti": 287,
          "sco": 201,
          "dco": 1543,
          "txt": ","
        },
        {
          "si": 14,
          "sti": 39,
          "dti": 288,
          "sco": 203,
          "dco": 1545,
          "txt": "roofing"
        },
        {
          "si": 14,
          "sti": 40,
          "dti": 289,
          "sco": 211,
          "dco": 1553,
          "txt": "that"
        },
        {
          "si": 14,
          "sti": 41,
          "dti": 290,
          "sco": 216,
          "dco": 1558,
          "txt": "level"
        },
        {
          "si": 14,
          "sti": 42,
          "dti": 291,
          "sco": 221,
          "dco": 1563,
          "txt": "."
        },
        {
          "si": 15,
          "sti": 0,
          "dti": 292,
          "sco": 0,
          "dco": 1565,
          "txt": "The"
        },
        {
          "si": 15,
          "sti": 1,
          "dti": 293,
          "sco": 4,
          "dco": 1569,
          "txt": "building"
        },
        {
          "si": 15,
          "sti": 2,
          "dti": 294,
          "sco": 13,
          "dco": 1578,
          "txt": "was"
        },
        {
          "si": 15,
          "sti": 3,
          "dti": 295,
          "sco": 17,
          "dco": 1582,
          "txt": "not"
        },
        {
          "si": 15,
          "sti": 4,
          "dti": 296,
          "sco": 21,
          "dco": 1586,
          "txt": "completed"
        },
        {
          "si": 15,
          "sti": 5,
          "dti": 297,
          "sco": 31,
          "dco": 1596,
          "txt": "until"
        },
        {
          "si": 15,
          "sti": 6,
          "dti": 298,
          "sco": 37,
          "dco": 1602,
          "txt": "1772"
        },
        {
          "si": 15,
          "sti": 7,
          "dti": 299,
          "sco": 41,
          "dco": 1606,
          "txt": "."
        },
        {
          "si": 16,
          "sti": 0,
          "dti": 300,
          "sco": 0,
          "dco": 1608,
          "txt": "As"
        },
        {
          "si": 16,
          "sti": 1,
          "dti": 301,
          "sco": 3,
          "dco": 1611,
          "txt": "a"
        },
        {
          "si": 16,
          "sti": 2,
          "dti": 302,
          "sco": 5,
          "dco": 1613,
          "txt": "traditional"
        },
        {
          "si": 16,
          "sti": 3,
          "dti": 303,
          "sco": 17,
          "dco": 1625,
          "txt": "British"
        },
        {
          "si": 16,
          "sti": 4,
          "dti": 304,
          "sco": 25,
          "dco": 1633,
          "txt": "style"
        },
        {
          "si": 16,
          "sti": 5,
          "dti": 305,
          "sco": 31,
          "dco": 1639,
          "txt": "market"
        },
        {
          "si": 16,
          "sti": 6,
          "dti": 306,
          "sco": 38,
          "dco": 1646,
          "txt": "house"
        },
        {
          "si": 16,
          "sti": 7,
          "dti": 307,
          "sco": 44,
          "dco": 1652,
          "txt": "("
        },
        {
          "si": 16,
          "sti": 8,
          "dti": 308,
          "sco": 45,
          "dco": 1653,
          "txt": "like"
        },
        {
          "si": 16,
          "sti": 9,
          "dti": 309,
          "sco": 50,
          "dco": 1658,
          "txt": "Boston"
        },
        {
          "si": 16,
          "sti": 10,
          "dti": 310,
          "sco": 56,
          "dco": 1664,
          "txt": "'"
        },
        {
          "si": 16,
          "sti": 11,
          "dti": 311,
          "sco": 57,
          "dco": 1665,
          "txt": "s"
        },
        {
          "si": 16,
          "sti": 12,
          "dti": 312,
          "sco": 59,
          "dco": 1667,
          "txt": "Faneuil"
        },
        {
          "si": 16,
          "sti": 13,
          "dti": 313,
          "sco": 67,
          "dco": 1675,
          "txt": "Hall"
        },
        {
          "si": 16,
          "sti": 14,
          "dti": 314,
          "sco": 71,
          "dco": 1679,
          "txt": ")"
        },
        {
          "si": 16,
          "sti": 15,
          "dti": 315,
          "sco": 72,
          "dco": 1680,
          "txt": ","
        },
        {
          "si": 16,
          "sti": 16,
          "dti": 316,
          "sco": 74,
          "dco": 1682,
          "txt": "the"
        },
        {
          "si": 16,
          "sti": 17,
          "dti": 317,
          "sco": 78,
          "dco": 1686,
          "txt": "building"
        },
        {
          "si": 16,
          "sti": 18,
          "dti": 318,
          "sco": 86,
          "dco": 1694,
          "txt": "'"
        },
        {
          "si": 16,
          "sti": 19,
          "dti": 319,
          "sco": 87,
          "dco": 1695,
          "txt": "s"
        },
        {
          "si": 16,
          "sti": 20,
          "dti": 320,
          "sco": 89,
          "dco": 1697,
          "txt": "first"
        },
        {
          "si": 16,
          "sti": 21,
          "dti": 321,
          "sco": 95,
          "dco": 1703,
          "txt": "level"
        },
        {
          "si": 16,
          "sti": 22,
          "dti": 322,
          "sco": 101,
          "dco": 1709,
          "txt": "was"
        },
        {
          "si": 16,
          "sti": 23,
          "dti": 323,
          "sco": 105,
          "dco": 1713,
          "txt": "an"
        },
        {
          "si": 16,
          "sti": 24,
          "dti": 324,
          "sco": 108,
          "dco": 1716,
          "txt": "open"
        },
        {
          "si": 16,
          "sti": 25,
          "dti": 325,
          "sco": 112,
          "dco": 1720,
          "txt": "-"
        },
        {
          "si": 16,
          "sti": 26,
          "dti": 326,
          "sco": 113,
          "dco": 1721,
          "txt": "air"
        },
        {
          "si": 16,
          "sti": 27,
          "dti": 327,
          "sco": 117,
          "dco": 1725,
          "txt": "arcade"
        },
        {
          "si": 16,
          "sti": 28,
          "dti": 328,
          "sco": 124,
          "dco": 1732,
          "txt": "that"
        },
        {
          "si": 16,
          "sti": 29,
          "dti": 329,
          "sco": 129,
          "dco": 1737,
          "txt": "served"
        },
        {
          "si": 16,
          "sti": 30,
          "dti": 330,
          "sco": 136,
          "dco": 1744,
          "txt": "as"
        },
        {
          "si": 16,
          "sti": 31,
          "dti": 331,
          "sco": 139,
          "dco": 1747,
          "txt": "a"
        },
        {
          "si": 16,
          "sti": 32,
          "dti": 332,
          "sco": 141,
          "dco": 1749,
          "txt": "marketplace"
        },
        {
          "si": 16,
          "sti": 33,
          "dti": 333,
          "sco": 153,
          "dco": 1761,
          "txt": "for"
        },
        {
          "si": 16,
          "sti": 34,
          "dti": 334,
          "sco": 157,
          "dco": 1765,
          "txt": "various"
        },
        {
          "si": 16,
          "sti": 35,
          "dti": 335,
          "sco": 165,
          "dco": 1773,
          "txt": "goods"
        },
        {
          "si": 16,
          "sti": 36,
          "dti": 336,
          "sco": 170,
          "dco": 1778,
          "txt": "."
        },
        {
          "si": 17,
          "sti": 0,
          "dti": 337,
          "sco": 0,
          "dco": 1780,
          "txt": "Profits"
        },
        {
          "si": 17,
          "sti": 1,
          "dti": 338,
          "sco": 8,
          "dco": 1788,
          "txt": "from"
        },
        {
          "si": 17,
          "sti": 2,
          "dti": 339,
          "sco": 13,
          "dco": 1793,
          "txt": "the"
        },
        {
          "si": 17,
          "sti": 3,
          "dti": 340,
          "sco": 17,
          "dco": 1797,
          "txt": "building"
        },
        {
          "si": 17,
          "sti": 4,
          "dti": 341,
          "sco": 26,
          "dco": 1806,
          "txt": "went"
        },
        {
          "si": 17,
          "sti": 5,
          "dti": 342,
          "sco": 31,
          "dco": 1811,
          "txt": "into"
        },
        {
          "si": 17,
          "sti": 6,
          "dti": 343,
          "sco": 36,
          "dco": 1816,
          "txt": "a"
        },
        {
          "si": 17,
          "sti": 7,
          "dti": 344,
          "sco": 38,
          "dco": 1818,
          "txt": "city"
        },
        {
          "si": 17,
          "sti": 8,
          "dti": 345,
          "sco": 43,
          "dco": 1823,
          "txt": "fund"
        },
        {
          "si": 17,
          "sti": 9,
          "dti": 346,
          "sco": 48,
          "dco": 1828,
          "txt": "for"
        },
        {
          "si": 17,
          "sti": 10,
          "dti": 347,
          "sco": 52,
          "dco": 1832,
          "txt": "the"
        },
        {
          "si": 17,
          "sti": 11,
          "dti": 348,
          "sco": 56,
          "dco": 1836,
          "txt": "establishment"
        },
        {
          "si": 17,
          "sti": 12,
          "dti": 349,
          "sco": 70,
          "dco": 1850,
          "txt": "of"
        },
        {
          "si": 17,
          "sti": 13,
          "dti": 350,
          "sco": 73,
          "dco": 1853,
          "txt": "a"
        },
        {
          "si": 17,
          "sti": 14,
          "dti": 351,
          "sco": 75,
          "dco": 1855,
          "txt": "granary"
        },
        {
          "si": 17,
          "sti": 15,
          "dti": 352,
          "sco": 82,
          "dco": 1862,
          "txt": "."
        },
        {
          "si": 18,
          "sti": 0,
          "dti": 353,
          "sco": 0,
          "dco": 1864,
          "txt": "The"
        },
        {
          "si": 18,
          "sti": 1,
          "dti": 354,
          "sco": 4,
          "dco": 1868,
          "txt": "upper"
        },
        {
          "si": 18,
          "sti": 2,
          "dti": 355,
          "sco": 10,
          "dco": 1874,
          "txt": "levels"
        },
        {
          "si": 18,
          "sti": 3,
          "dti": 356,
          "sco": 17,
          "dco": 1881,
          "txt": "of"
        },
        {
          "si": 18,
          "sti": 4,
          "dti": 357,
          "sco": 20,
          "dco": 1884,
          "txt": "the"
        },
        {
          "si": 18,
          "sti": 5,
          "dti": 358,
          "sco": 24,
          "dco": 1888,
          "txt": "hall"
        },
        {
          "si": 18,
          "sti": 6,
          "dti": 359,
          "sco": 29,
          "dco": 1893,
          "txt": "have"
        },
        {
          "si": 18,
          "sti": 7,
          "dti": 360,
          "sco": 34,
          "dco": 1898,
          "txt": "seen"
        },
        {
          "si": 18,
          "sti": 8,
          "dti": 361,
          "sco": 39,
          "dco": 1903,
          "txt": "a"
        },
        {
          "si": 18,
          "sti": 9,
          "dti": 362,
          "sco": 41,
          "dco": 1905,
          "txt": "variety"
        },
        {
          "si": 18,
          "sti": 10,
          "dti": 363,
          "sco": 49,
          "dco": 1913,
          "txt": "of"
        },
        {
          "si": 18,
          "sti": 11,
          "dti": 364,
          "sco": 52,
          "dco": 1916,
          "txt": "uses"
        },
        {
          "si": 18,
          "sti": 12,
          "dti": 365,
          "sco": 56,
          "dco": 1920,
          "txt": "."
        },
        {
          "si": 19,
          "sti": 0,
          "dti": 366,
          "sco": 0,
          "dco": 1922,
          "txt": "In"
        },
        {
          "si": 19,
          "sti": 1,
          "dti": 367,
          "sco": 3,
          "dco": 1925,
          "txt": "the"
        },
        {
          "si": 19,
          "sti": 2,
          "dti": 368,
          "sco": 7,
          "dco": 1929,
          "txt": "later"
        },
        {
          "si": 19,
          "sti": 3,
          "dti": 369,
          "sco": 13,
          "dco": 1935,
          "txt": "years"
        },
        {
          "si": 19,
          "sti": 4,
          "dti": 370,
          "sco": 19,
          "dco": 1941,
          "txt": "of"
        },
        {
          "si": 19,
          "sti": 5,
          "dti": 371,
          "sco": 22,
          "dco": 1944,
          "txt": "the"
        },
        {
          "si": 19,
          "sti": 6,
          "dti": 372,
          "sco": 26,
          "dco": 1948,
          "txt": "18"
        },
        {
          "si": 19,
          "sti": 7,
          "dti": 373,
          "sco": 28,
          "dco": 1950,
          "txt": "th"
        },
        {
          "si": 19,
          "sti": 8,
          "dti": 374,
          "sco": 31,
          "dco": 1953,
          "txt": "century"
        },
        {
          "si": 19,
          "sti": 9,
          "dti": 375,
          "sco": 39,
          "dco": 1961,
          "txt": "it"
        },
        {
          "si": 19,
          "sti": 10,
          "dti": 376,
          "sco": 42,
          "dco": 1964,
          "txt": "housed"
        },
        {
          "si": 19,
          "sti": 11,
          "dti": 377,
          "sco": 49,
          "dco": 1971,
          "txt": "a"
        },
        {
          "si": 19,
          "sti": 12,
          "dti": 378,
          "sco": 51,
          "dco": 1973,
          "txt": "printing"
        },
        {
          "si": 19,
          "sti": 13,
          "dti": 379,
          "sco": 60,
          "dco": 1982,
          "txt": "operation"
        },
        {
          "si": 19,
          "sti": 14,
          "dti": 380,
          "sco": 69,
          "dco": 1991,
          "txt": ","
        },
        {
          "si": 19,
          "sti": 15,
          "dti": 381,
          "sco": 71,
          "dco": 1993,
          "txt": "and"
        },
        {
          "si": 19,
          "sti": 16,
          "dti": 382,
          "sco": 75,
          "dco": 1997,
          "txt": "was"
        },
        {
          "si": 19,
          "sti": 17,
          "dti": 383,
          "sco": 79,
          "dco": 2001,
          "txt": "eventually"
        },
        {
          "si": 19,
          "sti": 18,
          "dti": 384,
          "sco": 90,
          "dco": 2012,
          "txt": "converted"
        },
        {
          "si": 19,
          "sti": 19,
          "dti": 385,
          "sco": 100,
          "dco": 2022,
          "txt": "into"
        },
        {
          "si": 19,
          "sti": 20,
          "dti": 386,
          "sco": 105,
          "dco": 2027,
          "txt": "a"
        },
        {
          "si": 19,
          "sti": 21,
          "dti": 387,
          "sco": 107,
          "dco": 2029,
          "txt": "theatre"
        },
        {
          "si": 19,
          "sti": 22,
          "dti": 388,
          "sco": 114,
          "dco": 2036,
          "txt": "."
        },
        {
          "si": 20,
          "sti": 0,
          "dti": 389,
          "sco": 0,
          "dco": 2038,
          "txt": "In"
        },
        {
          "si": 20,
          "sti": 1,
          "dti": 390,
          "sco": 3,
          "dco": 2041,
          "txt": "1842"
        },
        {
          "si": 20,
          "sti": 2,
          "dti": 391,
          "sco": 8,
          "dco": 2046,
          "txt": "it"
        },
        {
          "si": 20,
          "sti": 3,
          "dti": 392,
          "sco": 11,
          "dco": 2049,
          "txt": "began"
        },
        {
          "si": 20,
          "sti": 4,
          "dti": 393,
          "sco": 17,
          "dco": 2055,
          "txt": "to"
        },
        {
          "si": 20,
          "sti": 5,
          "dti": 394,
          "sco": 20,
          "dco": 2058,
          "txt": "be"
        },
        {
          "si": 20,
          "sti": 6,
          "dti": 395,
          "sco": 23,
          "dco": 2061,
          "txt": "used"
        },
        {
          "si": 20,
          "sti": 7,
          "dti": 396,
          "sco": 28,
          "dco": 2066,
          "txt": "as"
        },
        {
          "si": 20,
          "sti": 8,
          "dti": 397,
          "sco": 31,
          "dco": 2069,
          "txt": "town"
        },
        {
          "si": 20,
          "sti": 9,
          "dti": 398,
          "sco": 36,
          "dco": 2074,
          "txt": "hall"
        },
        {
          "si": 20,
          "sti": 10,
          "dti": 399,
          "sco": 40,
          "dco": 2078,
          "txt": ","
        },
        {
          "si": 20,
          "sti": 11,
          "dti": 400,
          "sco": 42,
          "dco": 2080,
          "txt": "and"
        },
        {
          "si": 20,
          "sti": 12,
          "dti": 401,
          "sco": 46,
          "dco": 2084,
          "txt": "the"
        },
        {
          "si": 20,
          "sti": 13,
          "dti": 402,
          "sco": 50,
          "dco": 2088,
          "txt": "third"
        },
        {
          "si": 20,
          "sti": 14,
          "dti": 403,
          "sco": 56,
          "dco": 2094,
          "txt": "floor"
        },
        {
          "si": 20,
          "sti": 15,
          "dti": 404,
          "sco": 62,
          "dco": 2100,
          "txt": "was"
        },
        {
          "si": 20,
          "sti": 16,
          "dti": 405,
          "sco": 66,
          "dco": 2104,
          "txt": "removed"
        },
        {
          "si": 20,
          "sti": 17,
          "dti": 406,
          "sco": 73,
          "dco": 2111,
          "txt": ","
        },
        {
          "si": 20,
          "sti": 18,
          "dti": 407,
          "sco": 75,
          "dco": 2113,
          "txt": "replaced"
        },
        {
          "si": 20,
          "sti": 19,
          "dti": 408,
          "sco": 84,
          "dco": 2122,
          "txt": "by"
        },
        {
          "si": 20,
          "sti": 20,
          "dti": 409,
          "sco": 87,
          "dco": 2125,
          "txt": "galleries"
        },
        {
          "si": 20,
          "sti": 21,
          "dti": 410,
          "sco": 97,
          "dco": 2135,
          "txt": "around"
        },
        {
          "si": 20,
          "sti": 22,
          "dti": 411,
          "sco": 104,
          "dco": 2142,
          "txt": "the"
        },
        {
          "si": 20,
          "sti": 23,
          "dti": 412,
          "sco": 108,
          "dco": 2146,
          "txt": "sides"
        },
        {
          "si": 20,
          "sti": 24,
          "dti": 413,
          "sco": 114,
          "dco": 2152,
          "txt": "and"
        },
        {
          "si": 20,
          "sti": 25,
          "dti": 414,
          "sco": 118,
          "dco": 2156,
          "txt": "rear"
        },
        {
          "si": 20,
          "sti": 26,
          "dti": 415,
          "sco": 122,
          "dco": 2160,
          "txt": "."
        },
        {
          "si": 21,
          "sti": 0,
          "dti": 416,
          "sco": 0,
          "dco": 2162,
          "txt": "It"
        },
        {
          "si": 21,
          "sti": 1,
          "dti": 417,
          "sco": 3,
          "dco": 2165,
          "txt": "served"
        },
        {
          "si": 21,
          "sti": 2,
          "dti": 418,
          "sco": 10,
          "dco": 2172,
          "txt": "as"
        },
        {
          "si": 21,
          "sti": 3,
          "dti": 419,
          "sco": 13,
          "dco": 2175,
          "txt": "Newport"
        },
        {
          "si": 21,
          "sti": 4,
          "dti": 420,
          "sco": 20,
          "dco": 2182,
          "txt": "'"
        },
        {
          "si": 21,
          "sti": 5,
          "dti": 421,
          "sco": 21,
          "dco": 2183,
          "txt": "s"
        },
        {
          "si": 21,
          "sti": 6,
          "dti": 422,
          "sco": 23,
          "dco": 2185,
          "txt": "city"
        },
        {
          "si": 21,
          "sti": 7,
          "dti": 423,
          "sco": 28,
          "dco": 2190,
          "txt": "hall"
        },
        {
          "si": 21,
          "sti": 8,
          "dti": 424,
          "sco": 33,
          "dco": 2195,
          "txt": "between"
        },
        {
          "si": 21,
          "sti": 9,
          "dti": 425,
          "sco": 41,
          "dco": 2203,
          "txt": "1853"
        },
        {
          "si": 21,
          "sti": 10,
          "dti": 426,
          "sco": 46,
          "dco": 2208,
          "txt": "and"
        },
        {
          "si": 21,
          "sti": 11,
          "dti": 427,
          "sco": 50,
          "dco": 2212,
          "txt": "1900"
        },
        {
          "si": 21,
          "sti": 12,
          "dti": 428,
          "sco": 54,
          "dco": 2216,
          "txt": "."
        },
        {
          "si": 22,
          "sti": 0,
          "dti": 429,
          "sco": 0,
          "dco": 2218,
          "txt": "In"
        },
        {
          "si": 22,
          "sti": 1,
          "dti": 430,
          "sco": 3,
          "dco": 2221,
          "txt": "the"
        },
        {
          "si": 22,
          "sti": 2,
          "dti": 431,
          "sco": 7,
          "dco": 2225,
          "txt": "late"
        },
        {
          "si": 22,
          "sti": 3,
          "dti": 432,
          "sco": 12,
          "dco": 2230,
          "txt": "1920"
        },
        {
          "si": 22,
          "sti": 4,
          "dti": 433,
          "sco": 16,
          "dco": 2234,
          "txt": "s"
        },
        {
          "si": 22,
          "sti": 5,
          "dti": 434,
          "sco": 18,
          "dco": 2236,
          "txt": "the"
        },
        {
          "si": 22,
          "sti": 6,
          "dti": 435,
          "sco": 22,
          "dco": 2240,
          "txt": "building"
        },
        {
          "si": 22,
          "sti": 7,
          "dti": 436,
          "sco": 31,
          "dco": 2249,
          "txt": "was"
        },
        {
          "si": 22,
          "sti": 8,
          "dti": 437,
          "sco": 35,
          "dco": 2253,
          "txt": "subjected"
        },
        {
          "si": 22,
          "sti": 9,
          "dti": 438,
          "sco": 45,
          "dco": 2263,
          "txt": "to"
        },
        {
          "si": 22,
          "sti": 10,
          "dti": 439,
          "sco": 48,
          "dco": 2266,
          "txt": "an"
        },
        {
          "si": 22,
          "sti": 11,
          "dti": 440,
          "sco": 51,
          "dco": 2269,
          "txt": "extensive"
        },
        {
          "si": 22,
          "sti": 12,
          "dti": 441,
          "sco": 61,
          "dco": 2279,
          "txt": "rehabilition"
        },
        {
          "si": 22,
          "sti": 13,
          "dti": 442,
          "sco": 74,
          "dco": 2292,
          "txt": "under"
        },
        {
          "si": 22,
          "sti": 14,
          "dti": 443,
          "sco": 80,
          "dco": 2298,
          "txt": "the"
        },
        {
          "si": 22,
          "sti": 15,
          "dti": 444,
          "sco": 84,
          "dco": 2302,
          "txt": "auspices"
        },
        {
          "si": 22,
          "sti": 16,
          "dti": 445,
          "sco": 93,
          "dco": 2311,
          "txt": "of"
        },
        {
          "si": 22,
          "sti": 17,
          "dti": 446,
          "sco": 96,
          "dco": 2314,
          "txt": "restorationist"
        },
        {
          "si": 22,
          "sti": 18,
          "dti": 447,
          "sco": 111,
          "dco": 2329,
          "txt": "Norman"
        },
        {
          "si": 22,
          "sti": 19,
          "dti": 448,
          "sco": 118,
          "dco": 2336,
          "txt": "Isham"
        },
        {
          "si": 22,
          "sti": 20,
          "dti": 449,
          "sco": 123,
          "dco": 2341,
          "txt": "."
        },
        {
          "si": 23,
          "sti": 0,
          "dti": 450,
          "sco": 0,
          "dco": 2343,
          "txt": "It"
        },
        {
          "si": 23,
          "sti": 1,
          "dti": 451,
          "sco": 3,
          "dco": 2346,
          "txt": "was"
        },
        {
          "si": 23,
          "sti": 2,
          "dti": 452,
          "sco": 7,
          "dco": 2350,
          "txt": "listed"
        },
        {
          "si": 23,
          "sti": 3,
          "dti": 453,
          "sco": 14,
          "dco": 2357,
          "txt": "on"
        },
        {
          "si": 23,
          "sti": 4,
          "dti": 454,
          "sco": 17,
          "dco": 2360,
          "txt": "the"
        },
        {
          "si": 23,
          "sti": 5,
          "dti": 455,
          "sco": 21,
          "dco": 2364,
          "txt": "National"
        },
        {
          "si": 23,
          "sti": 6,
          "dti": 456,
          "sco": 30,
          "dco": 2373,
          "txt": "Register"
        },
        {
          "si": 23,
          "sti": 7,
          "dti": 457,
          "sco": 39,
          "dco": 2382,
          "txt": "of"
        },
        {
          "si": 23,
          "sti": 8,
          "dti": 458,
          "sco": 42,
          "dco": 2385,
          "txt": "Historic"
        },
        {
          "si": 23,
          "sti": 9,
          "dti": 459,
          "sco": 51,
          "dco": 2394,
          "txt": "Places"
        },
        {
          "si": 23,
          "sti": 10,
          "dti": 460,
          "sco": 58,
          "dco": 2401,
          "txt": "in"
        },
        {
          "si": 23,
          "sti": 11,
          "dti": 461,
          "sco": 61,
          "dco": 2404,
          "txt": "1968"
        },
        {
          "si": 23,
          "sti": 12,
          "dti": 462,
          "sco": 65,
          "dco": 2408,
          "txt": ","
        },
        {
          "si": 23,
          "sti": 13,
          "dti": 463,
          "sco": 67,
          "dco": 2410,
          "txt": "and"
        },
        {
          "si": 23,
          "sti": 14,
          "dti": 464,
          "sco": 71,
          "dco": 2414,
          "txt": "designated"
        },
        {
          "si": 23,
          "sti": 15,
          "dti": 465,
          "sco": 82,
          "dco": 2425,
          "txt": "a"
        },
        {
          "si": 23,
          "sti": 16,
          "dti": 466,
          "sco": 84,
          "dco": 2427,
          "txt": "National"
        },
        {
          "si": 23,
          "sti": 17,
          "dti": 467,
          "sco": 93,
          "dco": 2436,
          "txt": "Historic"
        },
        {
          "si": 23,
          "sti": 18,
          "dti": 468,
          "sco": 102,
          "dco": 2445,
          "txt": "Landmark"
        },
        {
          "si": 23,
          "sti": 19,
          "dti": 469,
          "sco": 111,
          "dco": 2454,
          "txt": "in"
        },
        {
          "si": 23,
          "sti": 20,
          "dti": 470,
          "sco": 114,
          "dco": 2457,
          "txt": "1968"
        },
        {
          "si": 23,
          "sti": 21,
          "dti": 471,
          "sco": 118,
          "dco": 2461,
          "txt": "."
        },
        {
          "si": 24,
          "sti": 0,
          "dti": 472,
          "sco": 0,
          "dco": 2463,
          "txt": "It"
        },
        {
          "si": 24,
          "sti": 1,
          "dti": 473,
          "sco": 3,
          "dco": 2466,
          "txt": "is"
        },
        {
          "si": 24,
          "sti": 2,
          "dti": 474,
          "sco": 6,
          "dco": 2469,
          "txt": "also"
        },
        {
          "si": 24,
          "sti": 3,
          "dti": 475,
          "sco": 11,
          "dco": 2474,
          "txt": "a"
        },
        {
          "si": 24,
          "sti": 4,
          "dti": 476,
          "sco": 13,
          "dco": 2476,
          "txt": "contributing"
        },
        {
          "si": 24,
          "sti": 5,
          "dti": 477,
          "sco": 26,
          "dco": 2489,
          "txt": "element"
        },
        {
          "si": 24,
          "sti": 6,
          "dti": 478,
          "sco": 34,
          "dco": 2497,
          "txt": "of"
        },
        {
          "si": 24,
          "sti": 7,
          "dti": 479,
          "sco": 37,
          "dco": 2500,
          "txt": "the"
        },
        {
          "si": 24,
          "sti": 8,
          "dti": 480,
          "sco": 41,
          "dco": 2504,
          "txt": "Newport"
        },
        {
          "si": 24,
          "sti": 9,
          "dti": 481,
          "sco": 49,
          "dco": 2512,
          "txt": "Historic"
        },
        {
          "si": 24,
          "sti": 10,
          "dti": 482,
          "sco": 58,
          "dco": 2521,
          "txt": "District"
        },
        {
          "si": 24,
          "sti": 11,
          "dti": 483,
          "sco": 66,
          "dco": 2529,
          "txt": ","
        },
        {
          "si": 24,
          "sti": 12,
          "dti": 484,
          "sco": 68,
          "dco": 2531,
          "txt": "also"
        },
        {
          "si": 24,
          "sti": 13,
          "dti": 485,
          "sco": 73,
          "dco": 2536,
          "txt": "a"
        },
        {
          "si": 24,
          "sti": 14,
          "dti": 486,
          "sco": 75,
          "dco": 2538,
          "txt": "National"
        },
        {
          "si": 24,
          "sti": 15,
          "dti": 487,
          "sco": 84,
          "dco": 2547,
          "txt": "Historic"
        },
        {
          "si": 24,
          "sti": 16,
          "dti": 488,
          "sco": 93,
          "dco": 2556,
          "txt": "Landmark"
        },
        {
          "si": 24,
          "sti": 17,
          "dti": 489,
          "sco": 101,
          "dco": 2564,
          "txt": "."
        },
        {
          "si": 25,
          "sti": 0,
          "dti": 490,
          "sco": 0,
          "dco": 2566,
          "txt": "The"
        },
        {
          "si": 25,
          "sti": 1,
          "dti": 491,
          "sco": 4,
          "dco": 2570,
          "txt": "building"
        },
        {
          "si": 25,
          "sti": 2,
          "dti": 492,
          "sco": 13,
          "dco": 2579,
          "txt": "is"
        },
        {
          "si": 25,
          "sti": 3,
          "dti": 493,
          "sco": 16,
          "dco": 2582,
          "txt": "now"
        },
        {
          "si": 25,
          "sti": 4,
          "dti": 494,
          "sco": 20,
          "dco": 2586,
          "txt": "owned"
        },
        {
          "si": 25,
          "sti": 5,
          "dti": 495,
          "sco": 26,
          "dco": 2592,
          "txt": "by"
        },
        {
          "si": 25,
          "sti": 6,
          "dti": 496,
          "sco": 29,
          "dco": 2595,
          "txt": "the"
        },
        {
          "si": 25,
          "sti": 7,
          "dti": 497,
          "sco": 33,
          "dco": 2599,
          "txt": "Newport"
        },
        {
          "si": 25,
          "sti": 8,
          "dti": 498,
          "sco": 41,
          "dco": 2607,
          "txt": "Historical"
        },
        {
          "si": 25,
          "sti": 9,
          "dti": 499,
          "sco": 52,
          "dco": 2618,
          "txt": "Society"
        },
        {
          "si": 25,
          "sti": 10,
          "dti": 500,
          "sco": 59,
          "dco": 2625,
          "txt": "."
        },
        {
          "si": 26,
          "sti": 0,
          "dti": 501,
          "sco": 0,
          "dco": 2627,
          "txt": "It"
        },
        {
          "si": 26,
          "sti": 1,
          "dti": 502,
          "sco": 3,
          "dco": 2630,
          "txt": "houses"
        },
        {
          "si": 26,
          "sti": 2,
          "dti": 503,
          "sco": 10,
          "dco": 2637,
          "txt": "a"
        },
        {
          "si": 26,
          "sti": 3,
          "dti": 504,
          "sco": 12,
          "dco": 2639,
          "txt": "museum"
        },
        {
          "si": 26,
          "sti": 4,
          "dti": 505,
          "sco": 19,
          "dco": 2646,
          "txt": "detailing"
        },
        {
          "si": 26,
          "sti": 5,
          "dti": 506,
          "sco": 29,
          "dco": 2656,
          "txt": "Newport"
        },
        {
          "si": 26,
          "sti": 6,
          "dti": 507,
          "sco": 36,
          "dco": 2663,
          "txt": "'"
        },
        {
          "si": 26,
          "sti": 7,
          "dti": 508,
          "sco": 37,
          "dco": 2664,
          "txt": "s"
        },
        {
          "si": 26,
          "sti": 8,
          "dti": 509,
          "sco": 39,
          "dco": 2666,
          "txt": "history"
        },
        {
          "si": 26,
          "sti": 9,
          "dti": 510,
          "sco": 47,
          "dco": 2674,
          "txt": "from"
        },
        {
          "si": 26,
          "sti": 10,
          "dti": 511,
          "sco": 52,
          "dco": 2679,
          "txt": "pre"
        },
        {
          "si": 26,
          "sti": 11,
          "dti": 512,
          "sco": 55,
          "dco": 2682,
          "txt": "-"
        },
        {
          "si": 26,
          "sti": 12,
          "dti": 513,
          "sco": 56,
          "dco": 2683,
          "txt": "colonial"
        },
        {
          "si": 26,
          "sti": 13,
          "dti": 514,
          "sco": 65,
          "dco": 2692,
          "txt": "times"
        },
        {
          "si": 26,
          "sti": 14,
          "dti": 515,
          "sco": 71,
          "dco": 2698,
          "txt": "to"
        },
        {
          "si": 26,
          "sti": 15,
          "dti": 516,
          "sco": 74,
          "dco": 2701,
          "txt": "the"
        },
        {
          "si": 26,
          "sti": 16,
          "dti": 517,
          "sco": 78,
          "dco": 2705,
          "txt": "present"
        },
        {
          "si": 26,
          "sti": 17,
          "dti": 518,
          "sco": 85,
          "dco": 2712,
          "txt": "."
        },
        {
          "si": 27,
          "sti": 0,
          "dti": 519,
          "sco": 0,
          "dco": 2714,
          "txt": "Exhibits"
        },
        {
          "si": 27,
          "sti": 1,
          "dti": 520,
          "sco": 9,
          "dco": 2723,
          "txt": "include"
        },
        {
          "si": 27,
          "sti": 2,
          "dti": 521,
          "sco": 17,
          "dco": 2731,
          "txt": "the"
        },
        {
          "si": 27,
          "sti": 3,
          "dti": 522,
          "sco": 21,
          "dco": 2735,
          "txt": "lens"
        },
        {
          "si": 27,
          "sti": 4,
          "dti": 523,
          "sco": 26,
          "dco": 2740,
          "txt": "of"
        },
        {
          "si": 27,
          "sti": 5,
          "dti": 524,
          "sco": 29,
          "dco": 2743,
          "txt": "the"
        },
        {
          "si": 27,
          "sti": 6,
          "dti": 525,
          "sco": 33,
          "dco": 2747,
          "txt": "Ida"
        },
        {
          "si": 27,
          "sti": 7,
          "dti": 526,
          "sco": 37,
          "dco": 2751,
          "txt": "Lewis"
        },
        {
          "si": 27,
          "sti": 8,
          "dti": 527,
          "sco": 43,
          "dco": 2757,
          "txt": "Rock"
        },
        {
          "si": 27,
          "sti": 9,
          "dti": 528,
          "sco": 48,
          "dco": 2762,
          "txt": "Light"
        },
        {
          "si": 27,
          "sti": 10,
          "dti": 529,
          "sco": 53,
          "dco": 2767,
          "txt": "."
        }
      ]
    },
    "ganns": {
      "dla": [],
      "la": [],
      "ea": [],
      "eta": [
        {
          "ra": {
            "ea": {
              "etn": "Museum_of_Newport_History"
            }
          },
          "sfs": [
            [
              {
                "stn": "openingYear"
              },
              {}
            ]
          ],
          "mfs": [
            [
              {
                "stn": "architect"
              },
              {
                "dla": [],
                "la": [],
                "ea": [
                  {
                    "etn": "Peter_Harrison_(architect)"
                  }
                ],
                "eta": []
              }
            ],
            [
              {
                "stn": "yearOfConstruction"
              },
              {
                "dla": [
                  {
                    "txt": {
                      "sff": "1762"
                    },
                    "et": {
                      "etn": "Year"
                    },
                    "dp": {
                      "off": 1419
                    }
                  }
                ],
                "la": [],
                "ea": [],
                "eta": []
              }
            ],
            [
              {
                "stn": "architecturalStyle"
              },
              {
                "dla": [],
                "la": [],
                "ea": [
                  {
                    "etn": "Georgian_architecture"
                  }
                ],
                "eta": []
              }
            ],
            [
              {
                "stn": "location"
              },
              {
                "dla": [],
                "la": [],
                "ea": [
                  {
                    "etn": "Rhode_Island"
                  },
                  {
                    "etn": "Newport,_Rhode_Island"
                  }
                ],
                "eta": []
              }
            ]
          ]
        }
      ]
    }
  }
]
