[
  {
    "context": "TRAIN",
    "doc": {
      "id": "Ohio_Theatre_(Lima,_Ohio)",
      "tl": [
        {
          "si": 0,
          "sti": 0,
          "dti": 0,
          "sco": 0,
          "dco": 0,
          "txt": "Ohio"
        },
        {
          "si": 0,
          "sti": 1,
          "dti": 1,
          "sco": 5,
          "dco": 5,
          "txt": "Theatre"
        },
        {
          "si": 0,
          "sti": 2,
          "dti": 2,
          "sco": 13,
          "dco": 13,
          "txt": "("
        },
        {
          "si": 0,
          "sti": 3,
          "dti": 3,
          "sco": 14,
          "dco": 14,
          "txt": "Lima"
        },
        {
          "si": 0,
          "sti": 4,
          "dti": 4,
          "sco": 18,
          "dco": 18,
          "txt": ","
        },
        {
          "si": 0,
          "sti": 5,
          "dti": 5,
          "sco": 20,
          "dco": 20,
          "txt": "Ohio"
        },
        {
          "si": 0,
          "sti": 6,
          "dti": 6,
          "sco": 24,
          "dco": 24,
          "txt": ")"
        },
        {
          "si": 0,
          "sti": 7,
          "dti": 7,
          "sco": 25,
          "dco": 25,
          "txt": "."
        },
        {
          "si": 1,
          "sti": 0,
          "dti": 8,
          "sco": 0,
          "dco": 27,
          "txt": "The"
        },
        {
          "si": 1,
          "sti": 1,
          "dti": 9,
          "sco": 4,
          "dco": 31,
          "txt": "Ohio"
        },
        {
          "si": 1,
          "sti": 2,
          "dti": 10,
          "sco": 9,
          "dco": 36,
          "txt": "Theatre"
        },
        {
          "si": 1,
          "sti": 3,
          "dti": 11,
          "sco": 17,
          "dco": 44,
          "txt": "is"
        },
        {
          "si": 1,
          "sti": 4,
          "dti": 12,
          "sco": 20,
          "dco": 47,
          "txt": "a"
        },
        {
          "si": 1,
          "sti": 5,
          "dti": 13,
          "sco": 22,
          "dco": 49,
          "txt": "historic"
        },
        {
          "si": 1,
          "sti": 6,
          "dti": 14,
          "sco": 31,
          "dco": 58,
          "txt": "movie"
        },
        {
          "si": 1,
          "sti": 7,
          "dti": 15,
          "sco": 37,
          "dco": 64,
          "txt": "theater"
        },
        {
          "si": 1,
          "sti": 8,
          "dti": 16,
          "sco": 45,
          "dco": 72,
          "txt": "in"
        },
        {
          "si": 1,
          "sti": 9,
          "dti": 17,
          "sco": 48,
          "dco": 75,
          "txt": "downtown"
        },
        {
          "si": 1,
          "sti": 10,
          "dti": 18,
          "sco": 57,
          "dco": 84,
          "txt": "Lima"
        },
        {
          "si": 1,
          "sti": 11,
          "dti": 19,
          "sco": 61,
          "dco": 88,
          "txt": ","
        },
        {
          "si": 1,
          "sti": 12,
          "dti": 20,
          "sco": 63,
          "dco": 90,
          "txt": "Ohio"
        },
        {
          "si": 1,
          "sti": 13,
          "dti": 21,
          "sco": 67,
          "dco": 94,
          "txt": ","
        },
        {
          "si": 1,
          "sti": 14,
          "dti": 22,
          "sco": 69,
          "dco": 96,
          "txt": "United"
        },
        {
          "si": 1,
          "sti": 15,
          "dti": 23,
          "sco": 76,
          "dco": 103,
          "txt": "States"
        },
        {
          "si": 1,
          "sti": 16,
          "dti": 24,
          "sco": 82,
          "dco": 109,
          "txt": "."
        },
        {
          "si": 2,
          "sti": 0,
          "dti": 25,
          "sco": 0,
          "dco": 111,
          "txt": "Built"
        },
        {
          "si": 2,
          "sti": 1,
          "dti": 26,
          "sco": 6,
          "dco": 117,
          "txt": "in"
        },
        {
          "si": 2,
          "sti": 2,
          "dti": 27,
          "sco": 9,
          "dco": 120,
          "txt": "1927"
        },
        {
          "si": 2,
          "sti": 3,
          "dti": 28,
          "sco": 13,
          "dco": 124,
          "txt": ","
        },
        {
          "si": 2,
          "sti": 4,
          "dti": 29,
          "sco": 15,
          "dco": 126,
          "txt": "the"
        },
        {
          "si": 2,
          "sti": 5,
          "dti": 30,
          "sco": 19,
          "dco": 130,
          "txt": "theater"
        },
        {
          "si": 2,
          "sti": 6,
          "dti": 31,
          "sco": 27,
          "dco": 138,
          "txt": "is"
        },
        {
          "si": 2,
          "sti": 7,
          "dti": 32,
          "sco": 30,
          "dco": 141,
          "txt": "a"
        },
        {
          "si": 2,
          "sti": 8,
          "dti": 33,
          "sco": 32,
          "dco": 143,
          "txt": "brick"
        },
        {
          "si": 2,
          "sti": 9,
          "dti": 34,
          "sco": 38,
          "dco": 149,
          "txt": "and"
        },
        {
          "si": 2,
          "sti": 10,
          "dti": 35,
          "sco": 42,
          "dco": 153,
          "txt": "concrete"
        },
        {
          "si": 2,
          "sti": 11,
          "dti": 36,
          "sco": 51,
          "dco": 162,
          "txt": "structure"
        },
        {
          "si": 2,
          "sti": 12,
          "dti": 37,
          "sco": 61,
          "dco": 172,
          "txt": "featuring"
        },
        {
          "si": 2,
          "sti": 13,
          "dti": 38,
          "sco": 71,
          "dco": 182,
          "txt": "multiple"
        },
        {
          "si": 2,
          "sti": 14,
          "dti": 39,
          "sco": 80,
          "dco": 191,
          "txt": "architectural"
        },
        {
          "si": 2,
          "sti": 15,
          "dti": 40,
          "sco": 94,
          "dco": 205,
          "txt": "styles"
        },
        {
          "si": 2,
          "sti": 16,
          "dti": 41,
          "sco": 100,
          "dco": 211,
          "txt": "."
        },
        {
          "si": 3,
          "sti": 0,
          "dti": 42,
          "sco": 0,
          "dco": 213,
          "txt": "Outside"
        },
        {
          "si": 3,
          "sti": 1,
          "dti": 43,
          "sco": 7,
          "dco": 220,
          "txt": ","
        },
        {
          "si": 3,
          "sti": 2,
          "dti": 44,
          "sco": 9,
          "dco": 222,
          "txt": "large"
        },
        {
          "si": 3,
          "sti": 3,
          "dti": 45,
          "sco": 15,
          "dco": 228,
          "txt": "amounts"
        },
        {
          "si": 3,
          "sti": 4,
          "dti": 46,
          "sco": 23,
          "dco": 236,
          "txt": "of"
        },
        {
          "si": 3,
          "sti": 5,
          "dti": 47,
          "sco": 26,
          "dco": 239,
          "txt": "terracotta"
        },
        {
          "si": 3,
          "sti": 6,
          "dti": 48,
          "sco": 37,
          "dco": 250,
          "txt": "details"
        },
        {
          "si": 3,
          "sti": 7,
          "dti": 49,
          "sco": 45,
          "dco": 258,
          "txt": "produce"
        },
        {
          "si": 3,
          "sti": 8,
          "dti": 50,
          "sco": 53,
          "dco": 266,
          "txt": "a"
        },
        {
          "si": 3,
          "sti": 9,
          "dti": 51,
          "sco": 55,
          "dco": 268,
          "txt": "Churrigueresque"
        },
        {
          "si": 3,
          "sti": 10,
          "dti": 52,
          "sco": 71,
          "dco": 284,
          "txt": "appearance"
        },
        {
          "si": 3,
          "sti": 11,
          "dti": 53,
          "sco": 81,
          "dco": 294,
          "txt": ","
        },
        {
          "si": 3,
          "sti": 12,
          "dti": 54,
          "sco": 83,
          "dco": 296,
          "txt": "while"
        },
        {
          "si": 3,
          "sti": 13,
          "dti": 55,
          "sco": 89,
          "dco": 302,
          "txt": "Corinthian"
        },
        {
          "si": 3,
          "sti": 14,
          "dti": 56,
          "sco": 100,
          "dco": 313,
          "txt": "columns"
        },
        {
          "si": 3,
          "sti": 15,
          "dti": 57,
          "sco": 107,
          "dco": 320,
          "txt": ","
        },
        {
          "si": 3,
          "sti": 16,
          "dti": 58,
          "sco": 109,
          "dco": 322,
          "txt": "marble"
        },
        {
          "si": 3,
          "sti": 17,
          "dti": 59,
          "sco": 116,
          "dco": 329,
          "txt": "and"
        },
        {
          "si": 3,
          "sti": 18,
          "dti": 60,
          "sco": 120,
          "dco": 333,
          "txt": "mosaic"
        },
        {
          "si": 3,
          "sti": 19,
          "dti": 61,
          "sco": 127,
          "dco": 340,
          "txt": "floors"
        },
        {
          "si": 3,
          "sti": 20,
          "dti": 62,
          "sco": 133,
          "dco": 346,
          "txt": ","
        },
        {
          "si": 3,
          "sti": 21,
          "dti": 63,
          "sco": 135,
          "dco": 348,
          "txt": "and"
        },
        {
          "si": 3,
          "sti": 22,
          "dti": 64,
          "sco": 139,
          "dco": 352,
          "txt": "a"
        },
        {
          "si": 3,
          "sti": 23,
          "dti": 65,
          "sco": 141,
          "dco": 354,
          "txt": "massive"
        },
        {
          "si": 3,
          "sti": 24,
          "dti": 66,
          "sco": 149,
          "dco": 362,
          "txt": "chandelier"
        },
        {
          "si": 3,
          "sti": 25,
          "dti": 67,
          "sco": 160,
          "dco": 373,
          "txt": "produce"
        },
        {
          "si": 3,
          "sti": 26,
          "dti": 68,
          "sco": 168,
          "dco": 381,
          "txt": "an"
        },
        {
          "si": 3,
          "sti": 27,
          "dti": 69,
          "sco": 171,
          "dco": 384,
          "txt": "Italianate"
        },
        {
          "si": 3,
          "sti": 28,
          "dti": 70,
          "sco": 182,
          "dco": 395,
          "txt": "interior"
        },
        {
          "si": 3,
          "sti": 29,
          "dti": 71,
          "sco": 190,
          "dco": 403,
          "txt": "."
        },
        {
          "si": 4,
          "sti": 0,
          "dti": 72,
          "sco": 0,
          "dco": 405,
          "txt": "A"
        },
        {
          "si": 4,
          "sti": 1,
          "dti": 73,
          "sco": 2,
          "dco": 407,
          "txt": "movie"
        },
        {
          "si": 4,
          "sti": 2,
          "dti": 74,
          "sco": 8,
          "dco": 413,
          "txt": "palace"
        },
        {
          "si": 4,
          "sti": 3,
          "dti": 75,
          "sco": 15,
          "dco": 420,
          "txt": "constructed"
        },
        {
          "si": 4,
          "sti": 4,
          "dti": 76,
          "sco": 27,
          "dco": 432,
          "txt": "for"
        },
        {
          "si": 4,
          "sti": 5,
          "dti": 77,
          "sco": 31,
          "dco": 436,
          "txt": "the"
        },
        {
          "si": 4,
          "sti": 6,
          "dti": 78,
          "sco": 35,
          "dco": 440,
          "txt": "Schine"
        },
        {
          "si": 4,
          "sti": 7,
          "dti": 79,
          "sco": 42,
          "dco": 447,
          "txt": "Corporation"
        },
        {
          "si": 4,
          "sti": 8,
          "dti": 80,
          "sco": 53,
          "dco": 458,
          "txt": ","
        },
        {
          "si": 4,
          "sti": 9,
          "dti": 81,
          "sco": 55,
          "dco": 460,
          "txt": "the"
        },
        {
          "si": 4,
          "sti": 10,
          "dti": 82,
          "sco": 59,
          "dco": 464,
          "txt": "theater"
        },
        {
          "si": 4,
          "sti": 11,
          "dti": 83,
          "sco": 67,
          "dco": 472,
          "txt": "was"
        },
        {
          "si": 4,
          "sti": 12,
          "dti": 84,
          "sco": 71,
          "dco": 476,
          "txt": "built"
        },
        {
          "si": 4,
          "sti": 13,
          "dti": 85,
          "sco": 77,
          "dco": 482,
          "txt": "at"
        },
        {
          "si": 4,
          "sti": 14,
          "dti": 86,
          "sco": 80,
          "dco": 485,
          "txt": "a"
        },
        {
          "si": 4,
          "sti": 15,
          "dti": 87,
          "sco": 82,
          "dco": 487,
          "txt": "time"
        },
        {
          "si": 4,
          "sti": 16,
          "dti": 88,
          "sco": 87,
          "dco": 492,
          "txt": "when"
        },
        {
          "si": 4,
          "sti": 17,
          "dti": 89,
          "sco": 92,
          "dco": 497,
          "txt": "improvements"
        },
        {
          "si": 4,
          "sti": 18,
          "dti": 90,
          "sco": 105,
          "dco": 510,
          "txt": "in"
        },
        {
          "si": 4,
          "sti": 19,
          "dti": 91,
          "sco": 108,
          "dco": 513,
          "txt": "transportation"
        },
        {
          "si": 4,
          "sti": 20,
          "dti": 92,
          "sco": 123,
          "dco": 528,
          "txt": "increased"
        },
        {
          "si": 4,
          "sti": 21,
          "dti": 93,
          "sco": 133,
          "dco": 538,
          "txt": "Lima"
        },
        {
          "si": 4,
          "sti": 22,
          "dti": 94,
          "sco": 137,
          "dco": 542,
          "txt": "'"
        },
        {
          "si": 4,
          "sti": 23,
          "dti": 95,
          "sco": 138,
          "dco": 543,
          "txt": "s"
        },
        {
          "si": 4,
          "sti": 24,
          "dti": 96,
          "sco": 140,
          "dco": 545,
          "txt": "significance"
        },
        {
          "si": 4,
          "sti": 25,
          "dti": 97,
          "sco": 153,
          "dco": 558,
          "txt": "in"
        },
        {
          "si": 4,
          "sti": 26,
          "dti": 98,
          "sco": 156,
          "dco": 561,
          "txt": "the"
        },
        {
          "si": 4,
          "sti": 27,
          "dti": 99,
          "sco": 160,
          "dco": 565,
          "txt": "lives"
        },
        {
          "si": 4,
          "sti": 28,
          "dti": 100,
          "sco": 166,
          "dco": 571,
          "txt": "of"
        },
        {
          "si": 4,
          "sti": 29,
          "dti": 101,
          "sco": 169,
          "dco": 574,
          "txt": "those"
        },
        {
          "si": 4,
          "sti": 30,
          "dti": 102,
          "sco": 175,
          "dco": 580,
          "txt": "living"
        },
        {
          "si": 4,
          "sti": 31,
          "dti": 103,
          "sco": 182,
          "dco": 587,
          "txt": "in"
        },
        {
          "si": 4,
          "sti": 32,
          "dti": 104,
          "sco": 185,
          "dco": 590,
          "txt": "surrounding"
        },
        {
          "si": 4,
          "sti": 33,
          "dti": 105,
          "sco": 197,
          "dco": 602,
          "txt": "communities"
        },
        {
          "si": 4,
          "sti": 34,
          "dti": 106,
          "sco": 208,
          "dco": 613,
          "txt": "."
        },
        {
          "si": 5,
          "sti": 0,
          "dti": 107,
          "sco": 0,
          "dco": 615,
          "txt": "As"
        },
        {
          "si": 5,
          "sti": 1,
          "dti": 108,
          "sco": 3,
          "dco": 618,
          "txt": "cars"
        },
        {
          "si": 5,
          "sti": 2,
          "dti": 109,
          "sco": 8,
          "dco": 623,
          "txt": "became"
        },
        {
          "si": 5,
          "sti": 3,
          "dti": 110,
          "sco": 15,
          "dco": 630,
          "txt": "more"
        },
        {
          "si": 5,
          "sti": 4,
          "dti": 111,
          "sco": 20,
          "dco": 635,
          "txt": "widely"
        },
        {
          "si": 5,
          "sti": 5,
          "dti": 112,
          "sco": 27,
          "dco": 642,
          "txt": "available"
        },
        {
          "si": 5,
          "sti": 6,
          "dti": 113,
          "sco": 37,
          "dco": 652,
          "txt": "and"
        },
        {
          "si": 5,
          "sti": 7,
          "dti": 114,
          "sco": 41,
          "dco": 656,
          "txt": "various"
        },
        {
          "si": 5,
          "sti": 8,
          "dti": 115,
          "sco": 49,
          "dco": 664,
          "txt": "means"
        },
        {
          "si": 5,
          "sti": 9,
          "dti": 116,
          "sco": 55,
          "dco": 670,
          "txt": "of"
        },
        {
          "si": 5,
          "sti": 10,
          "dti": 117,
          "sco": 58,
          "dco": 673,
          "txt": "public"
        },
        {
          "si": 5,
          "sti": 11,
          "dti": 118,
          "sco": 65,
          "dco": 680,
          "txt": "transportation"
        },
        {
          "si": 5,
          "sti": 12,
          "dti": 119,
          "sco": 80,
          "dco": 695,
          "txt": "became"
        },
        {
          "si": 5,
          "sti": 13,
          "dti": 120,
          "sco": 87,
          "dco": 702,
          "txt": "more"
        },
        {
          "si": 5,
          "sti": 14,
          "dti": 121,
          "sco": 92,
          "dco": 707,
          "txt": "viable"
        },
        {
          "si": 5,
          "sti": 15,
          "dti": 122,
          "sco": 98,
          "dco": 713,
          "txt": ","
        },
        {
          "si": 5,
          "sti": 16,
          "dti": 123,
          "sco": 100,
          "dco": 715,
          "txt": "Lima"
        },
        {
          "si": 5,
          "sti": 17,
          "dti": 124,
          "sco": 105,
          "dco": 720,
          "txt": "became"
        },
        {
          "si": 5,
          "sti": 18,
          "dti": 125,
          "sco": 112,
          "dco": 727,
          "txt": "a"
        },
        {
          "si": 5,
          "sti": 19,
          "dti": 126,
          "sco": 114,
          "dco": 729,
          "txt": "center"
        },
        {
          "si": 5,
          "sti": 20,
          "dti": 127,
          "sco": 121,
          "dco": 736,
          "txt": "of"
        },
        {
          "si": 5,
          "sti": 21,
          "dti": 128,
          "sco": 124,
          "dco": 739,
          "txt": "daily"
        },
        {
          "si": 5,
          "sti": 22,
          "dti": 129,
          "sco": 130,
          "dco": 745,
          "txt": "life"
        },
        {
          "si": 5,
          "sti": 23,
          "dti": 130,
          "sco": 135,
          "dco": 750,
          "txt": "for"
        },
        {
          "si": 5,
          "sti": 24,
          "dti": 131,
          "sco": 139,
          "dco": 754,
          "txt": "many"
        },
        {
          "si": 5,
          "sti": 25,
          "dti": 132,
          "sco": 144,
          "dco": 759,
          "txt": "residents"
        },
        {
          "si": 5,
          "sti": 26,
          "dti": 133,
          "sco": 154,
          "dco": 769,
          "txt": "of"
        },
        {
          "si": 5,
          "sti": 27,
          "dti": 134,
          "sco": 157,
          "dco": 772,
          "txt": "rural"
        },
        {
          "si": 5,
          "sti": 28,
          "dti": 135,
          "sco": 163,
          "dco": 778,
          "txt": "northwestern"
        },
        {
          "si": 5,
          "sti": 29,
          "dti": 136,
          "sco": 176,
          "dco": 791,
          "txt": "Ohio"
        },
        {
          "si": 5,
          "sti": 30,
          "dti": 137,
          "sco": 180,
          "dco": 795,
          "txt": ","
        },
        {
          "si": 5,
          "sti": 31,
          "dti": 138,
          "sco": 182,
          "dco": 797,
          "txt": "and"
        },
        {
          "si": 5,
          "sti": 32,
          "dti": 139,
          "sco": 186,
          "dco": 801,
          "txt": "many"
        },
        {
          "si": 5,
          "sti": 33,
          "dti": 140,
          "sco": 191,
          "dco": 806,
          "txt": "theaters"
        },
        {
          "si": 5,
          "sti": 34,
          "dti": 141,
          "sco": 200,
          "dco": 815,
          "txt": "such"
        },
        {
          "si": 5,
          "sti": 35,
          "dti": 142,
          "sco": 205,
          "dco": 820,
          "txt": "as"
        },
        {
          "si": 5,
          "sti": 36,
          "dti": 143,
          "sco": 208,
          "dco": 823,
          "txt": "the"
        },
        {
          "si": 5,
          "sti": 37,
          "dti": 144,
          "sco": 212,
          "dco": 827,
          "txt": "Ohio"
        },
        {
          "si": 5,
          "sti": 38,
          "dti": 145,
          "sco": 217,
          "dco": 832,
          "txt": "were"
        },
        {
          "si": 5,
          "sti": 39,
          "dti": 146,
          "sco": 222,
          "dco": 837,
          "txt": "built"
        },
        {
          "si": 5,
          "sti": 40,
          "dti": 147,
          "sco": 228,
          "dco": 843,
          "txt": "to"
        },
        {
          "si": 5,
          "sti": 41,
          "dti": 148,
          "sco": 231,
          "dco": 846,
          "txt": "serve"
        },
        {
          "si": 5,
          "sti": 42,
          "dti": 149,
          "sco": 237,
          "dco": 852,
          "txt": "them"
        },
        {
          "si": 5,
          "sti": 43,
          "dti": 150,
          "sco": 241,
          "dco": 856,
          "txt": "."
        },
        {
          "si": 6,
          "sti": 0,
          "dti": 151,
          "sco": 0,
          "dco": 858,
          "txt": "In"
        },
        {
          "si": 6,
          "sti": 1,
          "dti": 152,
          "sco": 3,
          "dco": 861,
          "txt": "addition"
        },
        {
          "si": 6,
          "sti": 2,
          "dti": 153,
          "sco": 12,
          "dco": 870,
          "txt": "to"
        },
        {
          "si": 6,
          "sti": 3,
          "dti": 154,
          "sco": 15,
          "dco": 873,
          "txt": "its"
        },
        {
          "si": 6,
          "sti": 4,
          "dti": 155,
          "sco": 19,
          "dco": 877,
          "txt": "original"
        },
        {
          "si": 6,
          "sti": 5,
          "dti": 156,
          "sco": 28,
          "dco": 886,
          "txt": "purpose"
        },
        {
          "si": 6,
          "sti": 6,
          "dti": 157,
          "sco": 35,
          "dco": 893,
          "txt": ","
        },
        {
          "si": 6,
          "sti": 7,
          "dti": 158,
          "sco": 37,
          "dco": 895,
          "txt": "the"
        },
        {
          "si": 6,
          "sti": 8,
          "dti": 159,
          "sco": 41,
          "dco": 899,
          "txt": "Ohio"
        },
        {
          "si": 6,
          "sti": 9,
          "dti": 160,
          "sco": 46,
          "dco": 904,
          "txt": "Theatre"
        },
        {
          "si": 6,
          "sti": 10,
          "dti": 161,
          "sco": 54,
          "dco": 912,
          "txt": "has"
        },
        {
          "si": 6,
          "sti": 11,
          "dti": 162,
          "sco": 58,
          "dco": 916,
          "txt": "served"
        },
        {
          "si": 6,
          "sti": 12,
          "dti": 163,
          "sco": 65,
          "dco": 923,
          "txt": "to"
        },
        {
          "si": 6,
          "sti": 13,
          "dti": 164,
          "sco": 68,
          "dco": 926,
          "txt": "host"
        },
        {
          "si": 6,
          "sti": 14,
          "dti": 165,
          "sco": 73,
          "dco": 931,
          "txt": "stage"
        },
        {
          "si": 6,
          "sti": 15,
          "dti": 166,
          "sco": 79,
          "dco": 937,
          "txt": "performances"
        },
        {
          "si": 6,
          "sti": 16,
          "dti": 167,
          "sco": 92,
          "dco": 950,
          "txt": "by"
        },
        {
          "si": 6,
          "sti": 17,
          "dti": 168,
          "sco": 95,
          "dco": 953,
          "txt": "a"
        },
        {
          "si": 6,
          "sti": 18,
          "dti": 169,
          "sco": 97,
          "dco": 955,
          "txt": "wide"
        },
        {
          "si": 6,
          "sti": 19,
          "dti": 170,
          "sco": 102,
          "dco": 960,
          "txt": "range"
        },
        {
          "si": 6,
          "sti": 20,
          "dti": 171,
          "sco": 108,
          "dco": 966,
          "txt": "of"
        },
        {
          "si": 6,
          "sti": 21,
          "dti": 172,
          "sco": 111,
          "dco": 969,
          "txt": "entertainers"
        },
        {
          "si": 6,
          "sti": 22,
          "dti": 173,
          "sco": 123,
          "dco": 981,
          "txt": "."
        },
        {
          "si": 7,
          "sti": 0,
          "dti": 174,
          "sco": 0,
          "dco": 983,
          "txt": "Individuals"
        },
        {
          "si": 7,
          "sti": 1,
          "dti": 175,
          "sco": 12,
          "dco": 995,
          "txt": "as"
        },
        {
          "si": 7,
          "sti": 2,
          "dti": 176,
          "sco": 15,
          "dco": 998,
          "txt": "well"
        },
        {
          "si": 7,
          "sti": 3,
          "dti": 177,
          "sco": 20,
          "dco": 1003,
          "txt": "known"
        },
        {
          "si": 7,
          "sti": 4,
          "dti": 178,
          "sco": 26,
          "dco": 1009,
          "txt": "as"
        },
        {
          "si": 7,
          "sti": 5,
          "dti": 179,
          "sco": 29,
          "dco": 1012,
          "txt": "Bob"
        },
        {
          "si": 7,
          "sti": 6,
          "dti": 180,
          "sco": 33,
          "dco": 1016,
          "txt": "Hope"
        },
        {
          "si": 7,
          "sti": 7,
          "dti": 181,
          "sco": 38,
          "dco": 1021,
          "txt": "have"
        },
        {
          "si": 7,
          "sti": 8,
          "dti": 182,
          "sco": 43,
          "dco": 1026,
          "txt": "graced"
        },
        {
          "si": 7,
          "sti": 9,
          "dti": 183,
          "sco": 50,
          "dco": 1033,
          "txt": "the"
        },
        {
          "si": 7,
          "sti": 10,
          "dti": 184,
          "sco": 54,
          "dco": 1037,
          "txt": "theater"
        },
        {
          "si": 7,
          "sti": 11,
          "dti": 185,
          "sco": 61,
          "dco": 1044,
          "txt": "'"
        },
        {
          "si": 7,
          "sti": 12,
          "dti": 186,
          "sco": 62,
          "dco": 1045,
          "txt": "s"
        },
        {
          "si": 7,
          "sti": 13,
          "dti": 187,
          "sco": 64,
          "dco": 1047,
          "txt": "ornate"
        },
        {
          "si": 7,
          "sti": 14,
          "dti": 188,
          "sco": 71,
          "dco": 1054,
          "txt": "interior"
        },
        {
          "si": 7,
          "sti": 15,
          "dti": 189,
          "sco": 79,
          "dco": 1062,
          "txt": "."
        },
        {
          "si": 8,
          "sti": 0,
          "dti": 190,
          "sco": 0,
          "dco": 1064,
          "txt": "In"
        },
        {
          "si": 8,
          "sti": 1,
          "dti": 191,
          "sco": 3,
          "dco": 1067,
          "txt": "1982"
        },
        {
          "si": 8,
          "sti": 2,
          "dti": 192,
          "sco": 7,
          "dco": 1071,
          "txt": ","
        },
        {
          "si": 8,
          "sti": 3,
          "dti": 193,
          "sco": 9,
          "dco": 1073,
          "txt": "the"
        },
        {
          "si": 8,
          "sti": 4,
          "dti": 194,
          "sco": 13,
          "dco": 1077,
          "txt": "Ohio"
        },
        {
          "si": 8,
          "sti": 5,
          "dti": 195,
          "sco": 18,
          "dco": 1082,
          "txt": "Theatre"
        },
        {
          "si": 8,
          "sti": 6,
          "dti": 196,
          "sco": 26,
          "dco": 1090,
          "txt": "was"
        },
        {
          "si": 8,
          "sti": 7,
          "dti": 197,
          "sco": 30,
          "dco": 1094,
          "txt": "listed"
        },
        {
          "si": 8,
          "sti": 8,
          "dti": 198,
          "sco": 37,
          "dco": 1101,
          "txt": "on"
        },
        {
          "si": 8,
          "sti": 9,
          "dti": 199,
          "sco": 40,
          "dco": 1104,
          "txt": "the"
        },
        {
          "si": 8,
          "sti": 10,
          "dti": 200,
          "sco": 44,
          "dco": 1108,
          "txt": "National"
        },
        {
          "si": 8,
          "sti": 11,
          "dti": 201,
          "sco": 53,
          "dco": 1117,
          "txt": "Register"
        },
        {
          "si": 8,
          "sti": 12,
          "dti": 202,
          "sco": 62,
          "dco": 1126,
          "txt": "of"
        },
        {
          "si": 8,
          "sti": 13,
          "dti": 203,
          "sco": 65,
          "dco": 1129,
          "txt": "Historic"
        },
        {
          "si": 8,
          "sti": 14,
          "dti": 204,
          "sco": 74,
          "dco": 1138,
          "txt": "Places"
        },
        {
          "si": 8,
          "sti": 15,
          "dti": 205,
          "sco": 81,
          "dco": 1145,
          "txt": "as"
        },
        {
          "si": 8,
          "sti": 16,
          "dti": 206,
          "sco": 84,
          "dco": 1148,
          "txt": "part"
        },
        {
          "si": 8,
          "sti": 17,
          "dti": 207,
          "sco": 89,
          "dco": 1153,
          "txt": "of"
        },
        {
          "si": 8,
          "sti": 18,
          "dti": 208,
          "sco": 92,
          "dco": 1156,
          "txt": "a"
        },
        {
          "si": 8,
          "sti": 19,
          "dti": 209,
          "sco": 94,
          "dco": 1158,
          "txt": "collection"
        },
        {
          "si": 8,
          "sti": 20,
          "dti": 210,
          "sco": 105,
          "dco": 1169,
          "txt": "of"
        },
        {
          "si": 8,
          "sti": 21,
          "dti": 211,
          "sco": 108,
          "dco": 1172,
          "txt": "buildings"
        },
        {
          "si": 8,
          "sti": 22,
          "dti": 212,
          "sco": 118,
          "dco": 1182,
          "txt": "designated"
        },
        {
          "si": 8,
          "sti": 23,
          "dti": 213,
          "sco": 129,
          "dco": 1193,
          "txt": "the"
        },
        {
          "si": 8,
          "sti": 24,
          "dti": 214,
          "sco": 133,
          "dco": 1197,
          "txt": "\""
        },
        {
          "si": 8,
          "sti": 25,
          "dti": 215,
          "sco": 134,
          "dco": 1198,
          "txt": "Lima"
        },
        {
          "si": 8,
          "sti": 26,
          "dti": 216,
          "sco": 139,
          "dco": 1203,
          "txt": "Multiple"
        },
        {
          "si": 8,
          "sti": 27,
          "dti": 217,
          "sco": 148,
          "dco": 1212,
          "txt": "Resource"
        },
        {
          "si": 8,
          "sti": 28,
          "dti": 218,
          "sco": 157,
          "dco": 1221,
          "txt": "Area"
        },
        {
          "si": 8,
          "sti": 29,
          "dti": 219,
          "sco": 161,
          "dco": 1225,
          "txt": "."
        },
        {
          "si": 8,
          "sti": 30,
          "dti": 220,
          "sco": 162,
          "dco": 1226,
          "txt": "\""
        },
        {
          "si": 9,
          "sti": 0,
          "dti": 221,
          "sco": 0,
          "dco": 1228,
          "txt": "Designated"
        },
        {
          "si": 9,
          "sti": 1,
          "dti": 222,
          "sco": 11,
          "dco": 1239,
          "txt": "as"
        },
        {
          "si": 9,
          "sti": 2,
          "dti": 223,
          "sco": 14,
          "dco": 1242,
          "txt": "historic"
        },
        {
          "si": 9,
          "sti": 3,
          "dti": 224,
          "sco": 23,
          "dco": 1251,
          "txt": "sites"
        },
        {
          "si": 9,
          "sti": 4,
          "dti": 225,
          "sco": 29,
          "dco": 1257,
          "txt": "because"
        },
        {
          "si": 9,
          "sti": 5,
          "dti": 226,
          "sco": 37,
          "dco": 1265,
          "txt": "of"
        },
        {
          "si": 9,
          "sti": 6,
          "dti": 227,
          "sco": 40,
          "dco": 1268,
          "txt": "their"
        },
        {
          "si": 9,
          "sti": 7,
          "dti": 228,
          "sco": 46,
          "dco": 1274,
          "txt": "architecture"
        },
        {
          "si": 9,
          "sti": 8,
          "dti": 229,
          "sco": 58,
          "dco": 1286,
          "txt": ","
        },
        {
          "si": 9,
          "sti": 9,
          "dti": 230,
          "sco": 60,
          "dco": 1288,
          "txt": "these"
        },
        {
          "si": 9,
          "sti": 10,
          "dti": 231,
          "sco": 66,
          "dco": 1294,
          "txt": "buildings"
        },
        {
          "si": 9,
          "sti": 11,
          "dti": 232,
          "sco": 76,
          "dco": 1304,
          "txt": "were"
        },
        {
          "si": 9,
          "sti": 12,
          "dti": 233,
          "sco": 81,
          "dco": 1309,
          "txt": "deemed"
        },
        {
          "si": 9,
          "sti": 13,
          "dti": 234,
          "sco": 88,
          "dco": 1316,
          "txt": "worthy"
        },
        {
          "si": 9,
          "sti": 14,
          "dti": 235,
          "sco": 95,
          "dco": 1323,
          "txt": "of"
        },
        {
          "si": 9,
          "sti": 15,
          "dti": 236,
          "sco": 98,
          "dco": 1326,
          "txt": "historic"
        },
        {
          "si": 9,
          "sti": 16,
          "dti": 237,
          "sco": 107,
          "dco": 1335,
          "txt": "preservation"
        },
        {
          "si": 9,
          "sti": 17,
          "dti": 238,
          "sco": 120,
          "dco": 1348,
          "txt": "primarily"
        },
        {
          "si": 9,
          "sti": 18,
          "dti": 239,
          "sco": 130,
          "dco": 1358,
          "txt": "because"
        },
        {
          "si": 9,
          "sti": 19,
          "dti": 240,
          "sco": 138,
          "dco": 1366,
          "txt": "of"
        },
        {
          "si": 9,
          "sti": 20,
          "dti": 241,
          "sco": 141,
          "dco": 1369,
          "txt": "the"
        },
        {
          "si": 9,
          "sti": 21,
          "dti": 242,
          "sco": 145,
          "dco": 1373,
          "txt": "city"
        },
        {
          "si": 9,
          "sti": 22,
          "dti": 243,
          "sco": 149,
          "dco": 1377,
          "txt": "'"
        },
        {
          "si": 9,
          "sti": 23,
          "dti": 244,
          "sco": 150,
          "dco": 1378,
          "txt": "s"
        },
        {
          "si": 9,
          "sti": 24,
          "dti": 245,
          "sco": 152,
          "dco": 1380,
          "txt": "architectural"
        },
        {
          "si": 9,
          "sti": 25,
          "dti": 246,
          "sco": 166,
          "dco": 1394,
          "txt": "history"
        },
        {
          "si": 9,
          "sti": 26,
          "dti": 247,
          "sco": 173,
          "dco": 1401,
          "txt": ":"
        },
        {
          "si": 9,
          "sti": 27,
          "dti": 248,
          "sco": 175,
          "dco": 1403,
          "txt": "although"
        },
        {
          "si": 9,
          "sti": 28,
          "dti": 249,
          "sco": 184,
          "dco": 1412,
          "txt": "Lima"
        },
        {
          "si": 9,
          "sti": 29,
          "dti": 250,
          "sco": 189,
          "dco": 1417,
          "txt": "had"
        },
        {
          "si": 9,
          "sti": 30,
          "dti": 251,
          "sco": 193,
          "dco": 1421,
          "txt": "once"
        },
        {
          "si": 9,
          "sti": 31,
          "dti": 252,
          "sco": 198,
          "dco": 1426,
          "txt": "been"
        },
        {
          "si": 9,
          "sti": 32,
          "dti": 253,
          "sco": 203,
          "dco": 1431,
          "txt": "home"
        },
        {
          "si": 9,
          "sti": 33,
          "dti": 254,
          "sco": 208,
          "dco": 1436,
          "txt": "to"
        },
        {
          "si": 9,
          "sti": 34,
          "dti": 255,
          "sco": 211,
          "dco": 1439,
          "txt": "a"
        },
        {
          "si": 9,
          "sti": 35,
          "dti": 256,
          "sco": 213,
          "dco": 1441,
          "txt": "large"
        },
        {
          "si": 9,
          "sti": 36,
          "dti": 257,
          "sco": 219,
          "dco": 1447,
          "txt": "number"
        },
        {
          "si": 9,
          "sti": 37,
          "dti": 258,
          "sco": 226,
          "dco": 1454,
          "txt": "of"
        },
        {
          "si": 9,
          "sti": 38,
          "dti": 259,
          "sco": 229,
          "dco": 1457,
          "txt": "architecturally"
        },
        {
          "si": 9,
          "sti": 39,
          "dti": 260,
          "sco": 245,
          "dco": 1473,
          "txt": "valuable"
        },
        {
          "si": 9,
          "sti": 40,
          "dti": 261,
          "sco": 254,
          "dco": 1482,
          "txt": "buildings"
        },
        {
          "si": 9,
          "sti": 41,
          "dti": 262,
          "sco": 263,
          "dco": 1491,
          "txt": ","
        },
        {
          "si": 9,
          "sti": 42,
          "dti": 263,
          "sco": 265,
          "dco": 1493,
          "txt": "an"
        },
        {
          "si": 9,
          "sti": 43,
          "dti": 264,
          "sco": 268,
          "dco": 1496,
          "txt": "unusually"
        },
        {
          "si": 9,
          "sti": 44,
          "dti": 265,
          "sco": 278,
          "dco": 1506,
          "txt": "large"
        },
        {
          "si": 9,
          "sti": 45,
          "dti": 266,
          "sco": 284,
          "dco": 1512,
          "txt": "percentage"
        },
        {
          "si": 9,
          "sti": 46,
          "dti": 267,
          "sco": 295,
          "dco": 1523,
          "txt": "of"
        },
        {
          "si": 9,
          "sti": 47,
          "dti": 268,
          "sco": 298,
          "dco": 1526,
          "txt": "them"
        },
        {
          "si": 9,
          "sti": 48,
          "dti": 269,
          "sco": 303,
          "dco": 1531,
          "txt": "had"
        },
        {
          "si": 9,
          "sti": 49,
          "dti": 270,
          "sco": 307,
          "dco": 1535,
          "txt": "been"
        },
        {
          "si": 9,
          "sti": 50,
          "dti": 271,
          "sco": 312,
          "dco": 1540,
          "txt": "destroyed"
        },
        {
          "si": 9,
          "sti": 51,
          "dti": 272,
          "sco": 322,
          "dco": 1550,
          "txt": "or"
        },
        {
          "si": 9,
          "sti": 52,
          "dti": 273,
          "sco": 325,
          "dco": 1553,
          "txt": "abandoned"
        },
        {
          "si": 9,
          "sti": 53,
          "dti": 274,
          "sco": 335,
          "dco": 1563,
          "txt": "to"
        },
        {
          "si": 9,
          "sti": 54,
          "dti": 275,
          "sco": 338,
          "dco": 1566,
          "txt": "ruin"
        },
        {
          "si": 9,
          "sti": 55,
          "dti": 276,
          "sco": 342,
          "dco": 1570,
          "txt": "."
        }
      ]
    },
    "ganns": {
      "dla": [],
      "la": [],
      "ea": [],
      "eta": [
        {
          "ra": {
            "ea": {
              "etn": "Ohio_Theatre_(Lima,_Ohio)"
            }
          },
          "sfs": [
            [
              {
                "stn": "openingYear"
              },
              {}
            ]
          ],
          "mfs": [
            [
              {
                "stn": "architect"
              },
              {
                "dla": [],
                "la": [],
                "ea": [],
                "eta": []
              }
            ],
            [
              {
                "stn": "yearOfConstruction"
              },
              {
                "dla": [
                  {
                    "txt": {
                      "sff": "1927"
                    },
                    "et": {
                      "etn": "Year"
                    },
                    "dp": {
                      "off": 120
                    }
                  }
                ],
                "la": [],
                "ea": [],
                "eta": []
              }
            ],
            [
              {
                "stn": "architecturalStyle"
              },
              {
                "dla": [],
                "la": [],
                "ea": [
                  {
                    "etn": "Churrigueresque"
                  }
                ],
                "eta": []
              }
            ],
            [
              {
                "stn": "location"
              },
              {
                "dla": [],
                "la": [],
                "ea": [
                  {
                    "etn": "Lima,_Ohio"
                  },
                  {
                    "etn": "Ohio"
                  }
                ],
                "eta": []
              }
            ]
          ]
        }
      ]
    }
  }
]
