[
  {
    "context": "TRAIN",
    "doc": {
      "id": "Plaza_Hotel_(El_Paso,_Texas)",
      "tl": [
        {
          "si": 0,
          "sti": 0,
          "dti": 0,
          "sco": 0,
          "dco": 0,
          "txt": "Plaza"
        },
        {
          "si": 0,
          "sti": 1,
          "dti": 1,
          "sco": 6,
          "dco": 6,
          "txt": "Hotel"
        },
        {
          "si": 0,
          "sti": 2,
          "dti": 2,
          "sco": 12,
          "dco": 12,
          "txt": "("
        },
        {
          "si": 0,
          "sti": 3,
          "dti": 3,
          "sco": 13,
          "dco": 13,
          "txt": "El"
        },
        {
          "si": 0,
          "sti": 4,
          "dti": 4,
          "sco": 16,
          "dco": 16,
          "txt": "Paso"
        },
        {
          "si": 0,
          "sti": 5,
          "dti": 5,
          "sco": 20,
          "dco": 20,
          "txt": ","
        },
        {
          "si": 0,
          "sti": 6,
          "dti": 6,
          "sco": 22,
          "dco": 22,
          "txt": "Texas"
        },
        {
          "si": 0,
          "sti": 7,
          "dti": 7,
          "sco": 27,
          "dco": 27,
          "txt": ")"
        },
        {
          "si": 0,
          "sti": 8,
          "dti": 8,
          "sco": 28,
          "dco": 28,
          "txt": "."
        },
        {
          "si": 1,
          "sti": 0,
          "dti": 9,
          "sco": 0,
          "dco": 30,
          "txt": "The"
        },
        {
          "si": 1,
          "sti": 1,
          "dti": 10,
          "sco": 4,
          "dco": 34,
          "txt": "Plaza"
        },
        {
          "si": 1,
          "sti": 2,
          "dti": 11,
          "sco": 10,
          "dco": 40,
          "txt": "Hotel"
        },
        {
          "si": 1,
          "sti": 3,
          "dti": 12,
          "sco": 15,
          "dco": 45,
          "txt": ","
        },
        {
          "si": 1,
          "sti": 4,
          "dti": 13,
          "sco": 17,
          "dco": 47,
          "txt": "formerly"
        },
        {
          "si": 1,
          "sti": 5,
          "dti": 14,
          "sco": 26,
          "dco": 56,
          "txt": "the"
        },
        {
          "si": 1,
          "sti": 6,
          "dti": 15,
          "sco": 30,
          "dco": 60,
          "txt": "Hilton"
        },
        {
          "si": 1,
          "sti": 7,
          "dti": 16,
          "sco": 37,
          "dco": 67,
          "txt": "Hotel"
        },
        {
          "si": 1,
          "sti": 8,
          "dti": 17,
          "sco": 42,
          "dco": 72,
          "txt": ","
        },
        {
          "si": 1,
          "sti": 9,
          "dti": 18,
          "sco": 44,
          "dco": 74,
          "txt": "is"
        },
        {
          "si": 1,
          "sti": 10,
          "dti": 19,
          "sco": 47,
          "dco": 77,
          "txt": "a"
        },
        {
          "si": 1,
          "sti": 11,
          "dti": 20,
          "sco": 49,
          "dco": 79,
          "txt": "landmark"
        },
        {
          "si": 1,
          "sti": 12,
          "dti": 21,
          "sco": 58,
          "dco": 88,
          "txt": "skyscraper"
        },
        {
          "si": 1,
          "sti": 13,
          "dti": 22,
          "sco": 69,
          "dco": 99,
          "txt": "located"
        },
        {
          "si": 1,
          "sti": 14,
          "dti": 23,
          "sco": 77,
          "dco": 107,
          "txt": "at"
        },
        {
          "si": 1,
          "sti": 15,
          "dti": 24,
          "sco": 80,
          "dco": 110,
          "txt": "106"
        },
        {
          "si": 1,
          "sti": 16,
          "dti": 25,
          "sco": 84,
          "dco": 114,
          "txt": "Mills"
        },
        {
          "si": 1,
          "sti": 17,
          "dti": 26,
          "sco": 90,
          "dco": 120,
          "txt": "Avenue"
        },
        {
          "si": 1,
          "sti": 18,
          "dti": 27,
          "sco": 97,
          "dco": 127,
          "txt": "in"
        },
        {
          "si": 1,
          "sti": 19,
          "dti": 28,
          "sco": 100,
          "dco": 130,
          "txt": "El"
        },
        {
          "si": 1,
          "sti": 20,
          "dti": 29,
          "sco": 103,
          "dco": 133,
          "txt": "Paso"
        },
        {
          "si": 1,
          "sti": 21,
          "dti": 30,
          "sco": 107,
          "dco": 137,
          "txt": ","
        },
        {
          "si": 1,
          "sti": 22,
          "dti": 31,
          "sco": 109,
          "dco": 139,
          "txt": "Texas"
        },
        {
          "si": 1,
          "sti": 23,
          "dti": 32,
          "sco": 114,
          "dco": 144,
          "txt": ","
        },
        {
          "si": 1,
          "sti": 24,
          "dti": 33,
          "sco": 116,
          "dco": 146,
          "txt": "USA"
        },
        {
          "si": 1,
          "sti": 25,
          "dti": 34,
          "sco": 119,
          "dco": 149,
          "txt": "."
        },
        {
          "si": 2,
          "sti": 0,
          "dti": 35,
          "sco": 0,
          "dco": 151,
          "txt": "Sheldon"
        },
        {
          "si": 2,
          "sti": 1,
          "dti": 36,
          "sco": 8,
          "dco": 159,
          "txt": "Hotel"
        },
        {
          "si": 2,
          "sti": 2,
          "dti": 37,
          "sco": 14,
          "dco": 165,
          "txt": "site"
        },
        {
          "si": 2,
          "sti": 3,
          "dti": 38,
          "sco": 18,
          "dco": 169,
          "txt": "."
        },
        {
          "si": 3,
          "sti": 0,
          "dti": 39,
          "sco": 0,
          "dco": 171,
          "txt": "The"
        },
        {
          "si": 3,
          "sti": 1,
          "dti": 40,
          "sco": 4,
          "dco": 175,
          "txt": "hotel"
        },
        {
          "si": 3,
          "sti": 2,
          "dti": 41,
          "sco": 10,
          "dco": 181,
          "txt": "was"
        },
        {
          "si": 3,
          "sti": 3,
          "dti": 42,
          "sco": 14,
          "dco": 185,
          "txt": "constructed"
        },
        {
          "si": 3,
          "sti": 4,
          "dti": 43,
          "sco": 26,
          "dco": 197,
          "txt": "on"
        },
        {
          "si": 3,
          "sti": 5,
          "dti": 44,
          "sco": 29,
          "dco": 200,
          "txt": "the"
        },
        {
          "si": 3,
          "sti": 6,
          "dti": 45,
          "sco": 33,
          "dco": 204,
          "txt": "site"
        },
        {
          "si": 3,
          "sti": 7,
          "dti": 46,
          "sco": 38,
          "dco": 209,
          "txt": "of"
        },
        {
          "si": 3,
          "sti": 8,
          "dti": 47,
          "sco": 41,
          "dco": 212,
          "txt": "the"
        },
        {
          "si": 3,
          "sti": 9,
          "dti": 48,
          "sco": 45,
          "dco": 216,
          "txt": "Sheldon"
        },
        {
          "si": 3,
          "sti": 10,
          "dti": 49,
          "sco": 53,
          "dco": 224,
          "txt": "Hotel"
        },
        {
          "si": 3,
          "sti": 11,
          "dti": 50,
          "sco": 58,
          "dco": 229,
          "txt": ","
        },
        {
          "si": 3,
          "sti": 12,
          "dti": 51,
          "sco": 60,
          "dco": 231,
          "txt": "which"
        },
        {
          "si": 3,
          "sti": 13,
          "dti": 52,
          "sco": 66,
          "dco": 237,
          "txt": "burned"
        },
        {
          "si": 3,
          "sti": 14,
          "dti": 53,
          "sco": 73,
          "dco": 244,
          "txt": "in"
        },
        {
          "si": 3,
          "sti": 15,
          "dti": 54,
          "sco": 76,
          "dco": 247,
          "txt": "1929"
        },
        {
          "si": 3,
          "sti": 16,
          "dti": 55,
          "sco": 80,
          "dco": 251,
          "txt": "."
        },
        {
          "si": 4,
          "sti": 0,
          "dti": 56,
          "sco": 0,
          "dco": 253,
          "txt": "The"
        },
        {
          "si": 4,
          "sti": 1,
          "dti": 57,
          "sco": 4,
          "dco": 257,
          "txt": "Sheldon"
        },
        {
          "si": 4,
          "sti": 2,
          "dti": 58,
          "sco": 12,
          "dco": 265,
          "txt": "served"
        },
        {
          "si": 4,
          "sti": 3,
          "dti": 59,
          "sco": 19,
          "dco": 272,
          "txt": "as"
        },
        {
          "si": 4,
          "sti": 4,
          "dti": 60,
          "sco": 22,
          "dco": 275,
          "txt": "the"
        },
        {
          "si": 4,
          "sti": 5,
          "dti": 61,
          "sco": 26,
          "dco": 279,
          "txt": "unofficial"
        },
        {
          "si": 4,
          "sti": 6,
          "dti": 62,
          "sco": 37,
          "dco": 290,
          "txt": "headquarters"
        },
        {
          "si": 4,
          "sti": 7,
          "dti": 63,
          "sco": 50,
          "dco": 303,
          "txt": "for"
        },
        {
          "si": 4,
          "sti": 8,
          "dti": 64,
          "sco": 54,
          "dco": 307,
          "txt": "many"
        },
        {
          "si": 4,
          "sti": 9,
          "dti": 65,
          "sco": 59,
          "dco": 312,
          "txt": "of"
        },
        {
          "si": 4,
          "sti": 10,
          "dti": 66,
          "sco": 62,
          "dco": 315,
          "txt": "the"
        },
        {
          "si": 4,
          "sti": 11,
          "dti": 67,
          "sco": 66,
          "dco": 319,
          "txt": "participants"
        },
        {
          "si": 4,
          "sti": 12,
          "dti": 68,
          "sco": 79,
          "dco": 332,
          "txt": "in"
        },
        {
          "si": 4,
          "sti": 13,
          "dti": 69,
          "sco": 82,
          "dco": 335,
          "txt": "the"
        },
        {
          "si": 4,
          "sti": 14,
          "dti": 70,
          "sco": 86,
          "dco": 339,
          "txt": "Mexican"
        },
        {
          "si": 4,
          "sti": 15,
          "dti": 71,
          "sco": 94,
          "dco": 347,
          "txt": "Revolution"
        },
        {
          "si": 4,
          "sti": 16,
          "dti": 72,
          "sco": 105,
          "dco": 358,
          "txt": "("
        },
        {
          "si": 4,
          "sti": 17,
          "dti": 73,
          "sco": 106,
          "dco": 359,
          "txt": "1910"
        },
        {
          "si": 4,
          "sti": 18,
          "dti": 74,
          "sco": 110,
          "dco": 363,
          "txt": "-"
        },
        {
          "si": 4,
          "sti": 19,
          "dti": 75,
          "sco": 111,
          "dco": 364,
          "txt": "1920"
        },
        {
          "si": 4,
          "sti": 20,
          "dti": 76,
          "sco": 115,
          "dco": 368,
          "txt": "s"
        },
        {
          "si": 4,
          "sti": 21,
          "dti": 77,
          "sco": 116,
          "dco": 369,
          "txt": ")"
        },
        {
          "si": 4,
          "sti": 22,
          "dti": 78,
          "sco": 118,
          "dco": 371,
          "txt": "from"
        },
        {
          "si": 4,
          "sti": 23,
          "dti": 79,
          "sco": 123,
          "dco": 376,
          "txt": "both"
        },
        {
          "si": 4,
          "sti": 24,
          "dti": 80,
          "sco": 128,
          "dco": 381,
          "txt": "sides"
        },
        {
          "si": 4,
          "sti": 25,
          "dti": 81,
          "sco": 134,
          "dco": 387,
          "txt": "of"
        },
        {
          "si": 4,
          "sti": 26,
          "dti": 82,
          "sco": 137,
          "dco": 390,
          "txt": "the"
        },
        {
          "si": 4,
          "sti": 27,
          "dti": 83,
          "sco": 141,
          "dco": 394,
          "txt": "border"
        },
        {
          "si": 4,
          "sti": 28,
          "dti": 84,
          "sco": 147,
          "dco": 400,
          "txt": "."
        },
        {
          "si": 5,
          "sti": 0,
          "dti": 85,
          "sco": 0,
          "dco": 402,
          "txt": "Hilton"
        },
        {
          "si": 5,
          "sti": 1,
          "dti": 86,
          "sco": 6,
          "dco": 408,
          "txt": "."
        },
        {
          "si": 6,
          "sti": 0,
          "dti": 87,
          "sco": 0,
          "dco": 410,
          "txt": "In"
        },
        {
          "si": 6,
          "sti": 1,
          "dti": 88,
          "sco": 3,
          "dco": 413,
          "txt": "fall"
        },
        {
          "si": 6,
          "sti": 2,
          "dti": 89,
          "sco": 8,
          "dco": 418,
          "txt": "1929"
        },
        {
          "si": 6,
          "sti": 3,
          "dti": 90,
          "sco": 12,
          "dco": 422,
          "txt": ","
        },
        {
          "si": 6,
          "sti": 4,
          "dti": 91,
          "sco": 14,
          "dco": 424,
          "txt": "Conrad"
        },
        {
          "si": 6,
          "sti": 5,
          "dti": 92,
          "sco": 21,
          "dco": 431,
          "txt": "Hilton"
        },
        {
          "si": 6,
          "sti": 6,
          "dti": 93,
          "sco": 28,
          "dco": 438,
          "txt": "began"
        },
        {
          "si": 6,
          "sti": 7,
          "dti": 94,
          "sco": 34,
          "dco": 444,
          "txt": "construction"
        },
        {
          "si": 6,
          "sti": 8,
          "dti": 95,
          "sco": 46,
          "dco": 456,
          "txt": "."
        },
        {
          "si": 7,
          "sti": 0,
          "dti": 96,
          "sco": 0,
          "dco": 458,
          "txt": "Nineteen"
        },
        {
          "si": 7,
          "sti": 1,
          "dti": 97,
          "sco": 9,
          "dco": 467,
          "txt": "days"
        },
        {
          "si": 7,
          "sti": 2,
          "dti": 98,
          "sco": 14,
          "dco": 472,
          "txt": "later"
        },
        {
          "si": 7,
          "sti": 3,
          "dti": 99,
          "sco": 20,
          "dco": 478,
          "txt": "the"
        },
        {
          "si": 7,
          "sti": 4,
          "dti": 100,
          "sco": 24,
          "dco": 482,
          "txt": "stock"
        },
        {
          "si": 7,
          "sti": 5,
          "dti": 101,
          "sco": 30,
          "dco": 488,
          "txt": "market"
        },
        {
          "si": 7,
          "sti": 6,
          "dti": 102,
          "sco": 37,
          "dco": 495,
          "txt": "crashed"
        },
        {
          "si": 7,
          "sti": 7,
          "dti": 103,
          "sco": 45,
          "dco": 503,
          "txt": "and"
        },
        {
          "si": 7,
          "sti": 8,
          "dti": 104,
          "sco": 49,
          "dco": 507,
          "txt": "the"
        },
        {
          "si": 7,
          "sti": 9,
          "dti": 105,
          "sco": 53,
          "dco": 511,
          "txt": "Great"
        },
        {
          "si": 7,
          "sti": 10,
          "dti": 106,
          "sco": 59,
          "dco": 517,
          "txt": "Depression"
        },
        {
          "si": 7,
          "sti": 11,
          "dti": 107,
          "sco": 70,
          "dco": 528,
          "txt": "began"
        },
        {
          "si": 7,
          "sti": 12,
          "dti": 108,
          "sco": 75,
          "dco": 533,
          "txt": ","
        },
        {
          "si": 7,
          "sti": 13,
          "dti": 109,
          "sco": 77,
          "dco": 535,
          "txt": "yet"
        },
        {
          "si": 7,
          "sti": 14,
          "dti": 110,
          "sco": 81,
          "dco": 539,
          "txt": "construction"
        },
        {
          "si": 7,
          "sti": 15,
          "dti": 111,
          "sco": 94,
          "dco": 552,
          "txt": "continued"
        },
        {
          "si": 7,
          "sti": 16,
          "dti": 112,
          "sco": 103,
          "dco": 561,
          "txt": "."
        },
        {
          "si": 8,
          "sti": 0,
          "dti": 113,
          "sco": 0,
          "dco": 563,
          "txt": "On"
        },
        {
          "si": 8,
          "sti": 1,
          "dti": 114,
          "sco": 3,
          "dco": 566,
          "txt": "November"
        },
        {
          "si": 8,
          "sti": 2,
          "dti": 115,
          "sco": 12,
          "dco": 575,
          "txt": "30"
        },
        {
          "si": 8,
          "sti": 3,
          "dti": 116,
          "sco": 14,
          "dco": 577,
          "txt": ","
        },
        {
          "si": 8,
          "sti": 4,
          "dti": 117,
          "sco": 16,
          "dco": 579,
          "txt": "1930"
        },
        {
          "si": 8,
          "sti": 5,
          "dti": 118,
          "sco": 20,
          "dco": 583,
          "txt": ","
        },
        {
          "si": 8,
          "sti": 6,
          "dti": 119,
          "sco": 22,
          "dco": 585,
          "txt": "Hilton"
        },
        {
          "si": 8,
          "sti": 7,
          "dti": 120,
          "sco": 28,
          "dco": 591,
          "txt": "'"
        },
        {
          "si": 8,
          "sti": 8,
          "dti": 121,
          "sco": 29,
          "dco": 592,
          "txt": "s"
        },
        {
          "si": 8,
          "sti": 9,
          "dti": 122,
          "sco": 31,
          "dco": 594,
          "txt": "first"
        },
        {
          "si": 8,
          "sti": 10,
          "dti": 123,
          "sco": 37,
          "dco": 600,
          "txt": "highrise"
        },
        {
          "si": 8,
          "sti": 11,
          "dti": 124,
          "sco": 46,
          "dco": 609,
          "txt": "hotel"
        },
        {
          "si": 8,
          "sti": 12,
          "dti": 125,
          "sco": 52,
          "dco": 615,
          "txt": "was"
        },
        {
          "si": 8,
          "sti": 13,
          "dti": 126,
          "sco": 56,
          "dco": 619,
          "txt": "opened"
        },
        {
          "si": 8,
          "sti": 14,
          "dti": 127,
          "sco": 62,
          "dco": 625,
          "txt": "."
        },
        {
          "si": 9,
          "sti": 0,
          "dti": 128,
          "sco": 0,
          "dco": 627,
          "txt": "At"
        },
        {
          "si": 9,
          "sti": 1,
          "dti": 129,
          "sco": 3,
          "dco": 630,
          "txt": "239"
        },
        {
          "si": 9,
          "sti": 2,
          "dti": 130,
          "sco": 7,
          "dco": 634,
          "txt": "feet"
        },
        {
          "si": 9,
          "sti": 3,
          "dti": 131,
          "sco": 12,
          "dco": 639,
          "txt": "("
        },
        {
          "si": 9,
          "sti": 4,
          "dti": 132,
          "sco": 13,
          "dco": 640,
          "txt": "73"
        },
        {
          "si": 9,
          "sti": 5,
          "dti": 133,
          "sco": 16,
          "dco": 643,
          "txt": "m"
        },
        {
          "si": 9,
          "sti": 6,
          "dti": 134,
          "sco": 17,
          "dco": 644,
          "txt": ")"
        },
        {
          "si": 9,
          "sti": 7,
          "dti": 135,
          "sco": 19,
          "dco": 646,
          "txt": "it"
        },
        {
          "si": 9,
          "sti": 8,
          "dti": 136,
          "sco": 22,
          "dco": 649,
          "txt": "surpassed"
        },
        {
          "si": 9,
          "sti": 9,
          "dti": 137,
          "sco": 32,
          "dco": 659,
          "txt": "the"
        },
        {
          "si": 9,
          "sti": 10,
          "dti": 138,
          "sco": 36,
          "dco": 663,
          "txt": "O"
        },
        {
          "si": 9,
          "sti": 11,
          "dti": 139,
          "sco": 37,
          "dco": 664,
          "txt": "."
        },
        {
          "si": 10,
          "sti": 0,
          "dti": 140,
          "sco": 0,
          "dco": 666,
          "txt": "T"
        },
        {
          "si": 10,
          "sti": 1,
          "dti": 141,
          "sco": 1,
          "dco": 667,
          "txt": "."
        },
        {
          "si": 11,
          "sti": 0,
          "dti": 142,
          "sco": 0,
          "dco": 669,
          "txt": "Bassett"
        },
        {
          "si": 11,
          "sti": 1,
          "dti": 143,
          "sco": 8,
          "dco": 677,
          "txt": "Tower"
        },
        {
          "si": 11,
          "sti": 2,
          "dti": 144,
          "sco": 14,
          "dco": 683,
          "txt": "to"
        },
        {
          "si": 11,
          "sti": 3,
          "dti": 145,
          "sco": 17,
          "dco": 686,
          "txt": "become"
        },
        {
          "si": 11,
          "sti": 4,
          "dti": 146,
          "sco": 24,
          "dco": 693,
          "txt": "the"
        },
        {
          "si": 11,
          "sti": 5,
          "dti": 147,
          "sco": 28,
          "dco": 697,
          "txt": "tallest"
        },
        {
          "si": 11,
          "sti": 6,
          "dti": 148,
          "sco": 36,
          "dco": 705,
          "txt": "building"
        },
        {
          "si": 11,
          "sti": 7,
          "dti": 149,
          "sco": 45,
          "dco": 714,
          "txt": "in"
        },
        {
          "si": 11,
          "sti": 8,
          "dti": 150,
          "sco": 48,
          "dco": 717,
          "txt": "El"
        },
        {
          "si": 11,
          "sti": 9,
          "dti": 151,
          "sco": 51,
          "dco": 720,
          "txt": "Paso"
        },
        {
          "si": 11,
          "sti": 10,
          "dti": 152,
          "sco": 55,
          "dco": 724,
          "txt": ";"
        },
        {
          "si": 11,
          "sti": 11,
          "dti": 153,
          "sco": 57,
          "dco": 726,
          "txt": "it"
        },
        {
          "si": 11,
          "sti": 12,
          "dti": 154,
          "sco": 60,
          "dco": 729,
          "txt": "is"
        },
        {
          "si": 11,
          "sti": 13,
          "dti": 155,
          "sco": 63,
          "dco": 732,
          "txt": "still"
        },
        {
          "si": 11,
          "sti": 14,
          "dti": 156,
          "sco": 69,
          "dco": 738,
          "txt": "the"
        },
        {
          "si": 11,
          "sti": 15,
          "dti": 157,
          "sco": 73,
          "dco": 742,
          "txt": "city"
        },
        {
          "si": 11,
          "sti": 16,
          "dti": 158,
          "sco": 77,
          "dco": 746,
          "txt": "'"
        },
        {
          "si": 11,
          "sti": 17,
          "dti": 159,
          "sco": 78,
          "dco": 747,
          "txt": "s"
        },
        {
          "si": 11,
          "sti": 18,
          "dti": 160,
          "sco": 80,
          "dco": 749,
          "txt": "third"
        },
        {
          "si": 11,
          "sti": 19,
          "dti": 161,
          "sco": 86,
          "dco": 755,
          "txt": "tallest"
        },
        {
          "si": 11,
          "sti": 20,
          "dti": 162,
          "sco": 94,
          "dco": 763,
          "txt": "building"
        },
        {
          "si": 11,
          "sti": 21,
          "dti": 163,
          "sco": 102,
          "dco": 771,
          "txt": "."
        },
        {
          "si": 12,
          "sti": 0,
          "dti": 164,
          "sco": 0,
          "dco": 773,
          "txt": "Designed"
        },
        {
          "si": 12,
          "sti": 1,
          "dti": 165,
          "sco": 9,
          "dco": 782,
          "txt": "by"
        },
        {
          "si": 12,
          "sti": 2,
          "dti": 166,
          "sco": 12,
          "dco": 785,
          "txt": "Trost"
        },
        {
          "si": 12,
          "sti": 3,
          "dti": 167,
          "sco": 18,
          "dco": 791,
          "txt": "&"
        },
        {
          "si": 12,
          "sti": 4,
          "dti": 168,
          "sco": 20,
          "dco": 793,
          "txt": "Trost"
        },
        {
          "si": 12,
          "sti": 5,
          "dti": 169,
          "sco": 25,
          "dco": 798,
          "txt": ","
        },
        {
          "si": 12,
          "sti": 6,
          "dti": 170,
          "sco": 27,
          "dco": 800,
          "txt": "the"
        },
        {
          "si": 12,
          "sti": 7,
          "dti": 171,
          "sco": 31,
          "dco": 804,
          "txt": "Plaza"
        },
        {
          "si": 12,
          "sti": 8,
          "dti": 172,
          "sco": 37,
          "dco": 810,
          "txt": "is"
        },
        {
          "si": 12,
          "sti": 9,
          "dti": 173,
          "sco": 40,
          "dco": 813,
          "txt": "an"
        },
        {
          "si": 12,
          "sti": 10,
          "dti": 174,
          "sco": 43,
          "dco": 816,
          "txt": "Art"
        },
        {
          "si": 12,
          "sti": 11,
          "dti": 175,
          "sco": 47,
          "dco": 820,
          "txt": "Deco"
        },
        {
          "si": 12,
          "sti": 12,
          "dti": 176,
          "sco": 52,
          "dco": 825,
          "txt": "styled"
        },
        {
          "si": 12,
          "sti": 13,
          "dti": 177,
          "sco": 59,
          "dco": 832,
          "txt": "19"
        },
        {
          "si": 12,
          "sti": 14,
          "dti": 178,
          "sco": 61,
          "dco": 834,
          "txt": "-"
        },
        {
          "si": 12,
          "sti": 15,
          "dti": 179,
          "sco": 62,
          "dco": 835,
          "txt": "story"
        },
        {
          "si": 12,
          "sti": 16,
          "dti": 180,
          "sco": 68,
          "dco": 841,
          "txt": "steel"
        },
        {
          "si": 12,
          "sti": 17,
          "dti": 181,
          "sco": 73,
          "dco": 846,
          "txt": "-"
        },
        {
          "si": 12,
          "sti": 18,
          "dti": 182,
          "sco": 74,
          "dco": 847,
          "txt": "framed"
        },
        {
          "si": 12,
          "sti": 19,
          "dti": 183,
          "sco": 81,
          "dco": 854,
          "txt": "building"
        },
        {
          "si": 12,
          "sti": 20,
          "dti": 184,
          "sco": 90,
          "dco": 863,
          "txt": "with"
        },
        {
          "si": 12,
          "sti": 21,
          "dti": 185,
          "sco": 95,
          "dco": 868,
          "txt": "setbacks"
        },
        {
          "si": 12,
          "sti": 22,
          "dti": 186,
          "sco": 104,
          "dco": 877,
          "txt": "at"
        },
        {
          "si": 12,
          "sti": 23,
          "dti": 187,
          "sco": 107,
          "dco": 880,
          "txt": "the"
        },
        {
          "si": 12,
          "sti": 24,
          "dti": 188,
          "sco": 111,
          "dco": 884,
          "txt": "16"
        },
        {
          "si": 12,
          "sti": 25,
          "dti": 189,
          "sco": 113,
          "dco": 886,
          "txt": "th"
        },
        {
          "si": 12,
          "sti": 26,
          "dti": 190,
          "sco": 116,
          "dco": 889,
          "txt": "and"
        },
        {
          "si": 12,
          "sti": 27,
          "dti": 191,
          "sco": 120,
          "dco": 893,
          "txt": "17"
        },
        {
          "si": 12,
          "sti": 28,
          "dti": 192,
          "sco": 122,
          "dco": 895,
          "txt": "th"
        },
        {
          "si": 12,
          "sti": 29,
          "dti": 193,
          "sco": 125,
          "dco": 898,
          "txt": "floors"
        },
        {
          "si": 12,
          "sti": 30,
          "dti": 194,
          "sco": 131,
          "dco": 904,
          "txt": "."
        },
        {
          "si": 13,
          "sti": 0,
          "dti": 195,
          "sco": 0,
          "dco": 906,
          "txt": "It"
        },
        {
          "si": 13,
          "sti": 1,
          "dti": 196,
          "sco": 3,
          "dco": 909,
          "txt": "is"
        },
        {
          "si": 13,
          "sti": 2,
          "dti": 197,
          "sco": 6,
          "dco": 912,
          "txt": "faced"
        },
        {
          "si": 13,
          "sti": 3,
          "dti": 198,
          "sco": 12,
          "dco": 918,
          "txt": "with"
        },
        {
          "si": 13,
          "sti": 4,
          "dti": 199,
          "sco": 17,
          "dco": 923,
          "txt": "brown"
        },
        {
          "si": 13,
          "sti": 5,
          "dti": 200,
          "sco": 23,
          "dco": 929,
          "txt": "brick"
        },
        {
          "si": 13,
          "sti": 6,
          "dti": 201,
          "sco": 29,
          "dco": 935,
          "txt": "and"
        },
        {
          "si": 13,
          "sti": 7,
          "dti": 202,
          "sco": 33,
          "dco": 939,
          "txt": "concrete"
        },
        {
          "si": 13,
          "sti": 8,
          "dti": 203,
          "sco": 42,
          "dco": 948,
          "txt": "and"
        },
        {
          "si": 13,
          "sti": 9,
          "dti": 204,
          "sco": 46,
          "dco": 952,
          "txt": "crowned"
        },
        {
          "si": 13,
          "sti": 10,
          "dti": 205,
          "sco": 54,
          "dco": 960,
          "txt": "with"
        },
        {
          "si": 13,
          "sti": 11,
          "dti": 206,
          "sco": 59,
          "dco": 965,
          "txt": "a"
        },
        {
          "si": 13,
          "sti": 12,
          "dti": 207,
          "sco": 61,
          "dco": 967,
          "txt": "copper"
        },
        {
          "si": 13,
          "sti": 13,
          "dti": 208,
          "sco": 67,
          "dco": 973,
          "txt": "-"
        },
        {
          "si": 13,
          "sti": 14,
          "dti": 209,
          "sco": 68,
          "dco": 974,
          "txt": "sheathed"
        },
        {
          "si": 13,
          "sti": 15,
          "dti": 210,
          "sco": 77,
          "dco": 983,
          "txt": "pyramid"
        },
        {
          "si": 13,
          "sti": 16,
          "dti": 211,
          "sco": 84,
          "dco": 990,
          "txt": "."
        },
        {
          "si": 14,
          "sti": 0,
          "dti": 212,
          "sco": 0,
          "dco": 992,
          "txt": "The"
        },
        {
          "si": 14,
          "sti": 1,
          "dti": 213,
          "sco": 4,
          "dco": 996,
          "txt": "exterior"
        },
        {
          "si": 14,
          "sti": 2,
          "dti": 214,
          "sco": 13,
          "dco": 1005,
          "txt": "remains"
        },
        {
          "si": 14,
          "sti": 3,
          "dti": 215,
          "sco": 21,
          "dco": 1013,
          "txt": "largely"
        },
        {
          "si": 14,
          "sti": 4,
          "dti": 216,
          "sco": 29,
          "dco": 1021,
          "txt": "unaltered"
        },
        {
          "si": 14,
          "sti": 5,
          "dti": 217,
          "sco": 39,
          "dco": 1031,
          "txt": "from"
        },
        {
          "si": 14,
          "sti": 6,
          "dti": 218,
          "sco": 44,
          "dco": 1036,
          "txt": "its"
        },
        {
          "si": 14,
          "sti": 7,
          "dti": 219,
          "sco": 48,
          "dco": 1040,
          "txt": "original"
        },
        {
          "si": 14,
          "sti": 8,
          "dti": 220,
          "sco": 57,
          "dco": 1049,
          "txt": "form"
        },
        {
          "si": 14,
          "sti": 9,
          "dti": 221,
          "sco": 61,
          "dco": 1053,
          "txt": "."
        },
        {
          "si": 15,
          "sti": 0,
          "dti": 222,
          "sco": 0,
          "dco": 1055,
          "txt": "Elizabeth"
        },
        {
          "si": 15,
          "sti": 1,
          "dti": 223,
          "sco": 10,
          "dco": 1065,
          "txt": "Taylor"
        },
        {
          "si": 15,
          "sti": 2,
          "dti": 224,
          "sco": 17,
          "dco": 1072,
          "txt": "briefly"
        },
        {
          "si": 15,
          "sti": 3,
          "dti": 225,
          "sco": 25,
          "dco": 1080,
          "txt": "lived"
        },
        {
          "si": 15,
          "sti": 4,
          "dti": 226,
          "sco": 31,
          "dco": 1086,
          "txt": "in"
        },
        {
          "si": 15,
          "sti": 5,
          "dti": 227,
          "sco": 34,
          "dco": 1089,
          "txt": "the"
        },
        {
          "si": 15,
          "sti": 6,
          "dti": 228,
          "sco": 38,
          "dco": 1093,
          "txt": "penthouse"
        },
        {
          "si": 15,
          "sti": 7,
          "dti": 229,
          "sco": 48,
          "dco": 1103,
          "txt": "of"
        },
        {
          "si": 15,
          "sti": 8,
          "dti": 230,
          "sco": 51,
          "dco": 1106,
          "txt": "the"
        },
        {
          "si": 15,
          "sti": 9,
          "dti": 231,
          "sco": 55,
          "dco": 1110,
          "txt": "hotel"
        },
        {
          "si": 15,
          "sti": 10,
          "dti": 232,
          "sco": 61,
          "dco": 1116,
          "txt": "after"
        },
        {
          "si": 15,
          "sti": 11,
          "dti": 233,
          "sco": 67,
          "dco": 1122,
          "txt": "she"
        },
        {
          "si": 15,
          "sti": 12,
          "dti": 234,
          "sco": 71,
          "dco": 1126,
          "txt": "married"
        },
        {
          "si": 15,
          "sti": 13,
          "dti": 235,
          "sco": 79,
          "dco": 1134,
          "txt": "Conrad"
        },
        {
          "si": 15,
          "sti": 14,
          "dti": 236,
          "sco": 85,
          "dco": 1140,
          "txt": "’"
        },
        {
          "si": 15,
          "sti": 15,
          "dti": 237,
          "sco": 86,
          "dco": 1141,
          "txt": "s"
        },
        {
          "si": 15,
          "sti": 16,
          "dti": 238,
          "sco": 88,
          "dco": 1143,
          "txt": "son"
        },
        {
          "si": 15,
          "sti": 17,
          "dti": 239,
          "sco": 91,
          "dco": 1146,
          "txt": ","
        },
        {
          "si": 15,
          "sti": 18,
          "dti": 240,
          "sco": 93,
          "dco": 1148,
          "txt": "Nicky"
        },
        {
          "si": 15,
          "sti": 19,
          "dti": 241,
          "sco": 99,
          "dco": 1154,
          "txt": "Hilton"
        },
        {
          "si": 15,
          "sti": 20,
          "dti": 242,
          "sco": 105,
          "dco": 1160,
          "txt": "."
        },
        {
          "si": 16,
          "sti": 0,
          "dti": 243,
          "sco": 0,
          "dco": 1162,
          "txt": "Plaza"
        },
        {
          "si": 16,
          "sti": 1,
          "dti": 244,
          "sco": 6,
          "dco": 1168,
          "txt": "Hotel"
        },
        {
          "si": 16,
          "sti": 2,
          "dti": 245,
          "sco": 11,
          "dco": 1173,
          "txt": "."
        },
        {
          "si": 17,
          "sti": 0,
          "dti": 246,
          "sco": 0,
          "dco": 1175,
          "txt": "The"
        },
        {
          "si": 17,
          "sti": 1,
          "dti": 247,
          "sco": 4,
          "dco": 1179,
          "txt": "hotel"
        },
        {
          "si": 17,
          "sti": 2,
          "dti": 248,
          "sco": 10,
          "dco": 1185,
          "txt": "was"
        },
        {
          "si": 17,
          "sti": 3,
          "dti": 249,
          "sco": 14,
          "dco": 1189,
          "txt": "sold"
        },
        {
          "si": 17,
          "sti": 4,
          "dti": 250,
          "sco": 19,
          "dco": 1194,
          "txt": "in"
        },
        {
          "si": 17,
          "sti": 5,
          "dti": 251,
          "sco": 22,
          "dco": 1197,
          "txt": "1963"
        },
        {
          "si": 17,
          "sti": 6,
          "dti": 252,
          "sco": 27,
          "dco": 1202,
          "txt": "at"
        },
        {
          "si": 17,
          "sti": 7,
          "dti": 253,
          "sco": 30,
          "dco": 1205,
          "txt": "which"
        },
        {
          "si": 17,
          "sti": 8,
          "dti": 254,
          "sco": 36,
          "dco": 1211,
          "txt": "time"
        },
        {
          "si": 17,
          "sti": 9,
          "dti": 255,
          "sco": 41,
          "dco": 1216,
          "txt": "the"
        },
        {
          "si": 17,
          "sti": 10,
          "dti": 256,
          "sco": 45,
          "dco": 1220,
          "txt": "name"
        },
        {
          "si": 17,
          "sti": 11,
          "dti": 257,
          "sco": 50,
          "dco": 1225,
          "txt": "changed"
        },
        {
          "si": 17,
          "sti": 12,
          "dti": 258,
          "sco": 58,
          "dco": 1233,
          "txt": "to"
        },
        {
          "si": 17,
          "sti": 13,
          "dti": 259,
          "sco": 61,
          "dco": 1236,
          "txt": "the"
        },
        {
          "si": 17,
          "sti": 14,
          "dti": 260,
          "sco": 65,
          "dco": 1240,
          "txt": "Plaza"
        },
        {
          "si": 17,
          "sti": 15,
          "dti": 261,
          "sco": 71,
          "dco": 1246,
          "txt": "Hotel"
        },
        {
          "si": 17,
          "sti": 16,
          "dti": 262,
          "sco": 76,
          "dco": 1251,
          "txt": "."
        },
        {
          "si": 18,
          "sti": 0,
          "dti": 263,
          "sco": 0,
          "dco": 1253,
          "txt": "In"
        },
        {
          "si": 18,
          "sti": 1,
          "dti": 264,
          "sco": 3,
          "dco": 1256,
          "txt": "2008"
        },
        {
          "si": 18,
          "sti": 2,
          "dti": 265,
          "sco": 7,
          "dco": 1260,
          "txt": ","
        },
        {
          "si": 18,
          "sti": 3,
          "dti": 266,
          "sco": 9,
          "dco": 1262,
          "txt": "the"
        },
        {
          "si": 18,
          "sti": 4,
          "dti": 267,
          "sco": 13,
          "dco": 1266,
          "txt": "owner"
        },
        {
          "si": 18,
          "sti": 5,
          "dti": 268,
          "sco": 19,
          "dco": 1272,
          "txt": "Paul"
        },
        {
          "si": 18,
          "sti": 6,
          "dti": 269,
          "sco": 24,
          "dco": 1277,
          "txt": "L"
        },
        {
          "si": 18,
          "sti": 7,
          "dti": 270,
          "sco": 25,
          "dco": 1278,
          "txt": "."
        },
        {
          "si": 19,
          "sti": 0,
          "dti": 271,
          "sco": 0,
          "dco": 1280,
          "txt": "Foster"
        },
        {
          "si": 19,
          "sti": 1,
          "dti": 272,
          "sco": 7,
          "dco": 1287,
          "txt": "announced"
        },
        {
          "si": 19,
          "sti": 2,
          "dti": 273,
          "sco": 17,
          "dco": 1297,
          "txt": "that"
        },
        {
          "si": 19,
          "sti": 3,
          "dti": 274,
          "sco": 22,
          "dco": 1302,
          "txt": "the"
        },
        {
          "si": 19,
          "sti": 4,
          "dti": 275,
          "sco": 26,
          "dco": 1306,
          "txt": "Plaza"
        },
        {
          "si": 19,
          "sti": 5,
          "dti": 276,
          "sco": 32,
          "dco": 1312,
          "txt": "Hotel"
        },
        {
          "si": 19,
          "sti": 6,
          "dti": 277,
          "sco": 38,
          "dco": 1318,
          "txt": "would"
        },
        {
          "si": 19,
          "sti": 7,
          "dti": 278,
          "sco": 44,
          "dco": 1324,
          "txt": "undergo"
        },
        {
          "si": 19,
          "sti": 8,
          "dti": 279,
          "sco": 52,
          "dco": 1332,
          "txt": "extensive"
        },
        {
          "si": 19,
          "sti": 9,
          "dti": 280,
          "sco": 62,
          "dco": 1342,
          "txt": "renovations"
        },
        {
          "si": 19,
          "sti": 10,
          "dti": 281,
          "sco": 73,
          "dco": 1353,
          "txt": ","
        },
        {
          "si": 19,
          "sti": 11,
          "dti": 282,
          "sco": 75,
          "dco": 1355,
          "txt": "including"
        },
        {
          "si": 19,
          "sti": 12,
          "dti": 283,
          "sco": 85,
          "dco": 1365,
          "txt": "the"
        },
        {
          "si": 19,
          "sti": 13,
          "dti": 284,
          "sco": 89,
          "dco": 1369,
          "txt": "adjacent"
        },
        {
          "si": 19,
          "sti": 14,
          "dti": 285,
          "sco": 98,
          "dco": 1378,
          "txt": "Mills"
        },
        {
          "si": 19,
          "sti": 15,
          "dti": 286,
          "sco": 104,
          "dco": 1384,
          "txt": "Building"
        },
        {
          "si": 19,
          "sti": 16,
          "dti": 287,
          "sco": 112,
          "dco": 1392,
          "txt": ","
        },
        {
          "si": 19,
          "sti": 17,
          "dti": 288,
          "sco": 114,
          "dco": 1394,
          "txt": "creating"
        },
        {
          "si": 19,
          "sti": 18,
          "dti": 289,
          "sco": 123,
          "dco": 1403,
          "txt": "the"
        },
        {
          "si": 19,
          "sti": 19,
          "dti": 290,
          "sco": 127,
          "dco": 1407,
          "txt": "Mills"
        },
        {
          "si": 19,
          "sti": 20,
          "dti": 291,
          "sco": 133,
          "dco": 1413,
          "txt": "Plaza"
        },
        {
          "si": 19,
          "sti": 21,
          "dti": 292,
          "sco": 139,
          "dco": 1419,
          "txt": "District"
        },
        {
          "si": 19,
          "sti": 22,
          "dti": 293,
          "sco": 147,
          "dco": 1427,
          "txt": "."
        },
        {
          "si": 20,
          "sti": 0,
          "dti": 294,
          "sco": 0,
          "dco": 1429,
          "txt": "Historical"
        },
        {
          "si": 20,
          "sti": 1,
          "dti": 295,
          "sco": 11,
          "dco": 1440,
          "txt": "markers"
        },
        {
          "si": 20,
          "sti": 2,
          "dti": 296,
          "sco": 18,
          "dco": 1447,
          "txt": "."
        },
        {
          "si": 21,
          "sti": 0,
          "dti": 297,
          "sco": 0,
          "dco": 1449,
          "txt": "Historical"
        },
        {
          "si": 21,
          "sti": 1,
          "dti": 298,
          "sco": 11,
          "dco": 1460,
          "txt": "markers"
        },
        {
          "si": 21,
          "sti": 2,
          "dti": 299,
          "sco": 19,
          "dco": 1468,
          "txt": "located"
        },
        {
          "si": 21,
          "sti": 3,
          "dti": 300,
          "sco": 27,
          "dco": 1476,
          "txt": "on"
        },
        {
          "si": 21,
          "sti": 4,
          "dti": 301,
          "sco": 30,
          "dco": 1479,
          "txt": "the"
        },
        {
          "si": 21,
          "sti": 5,
          "dti": 302,
          "sco": 34,
          "dco": 1483,
          "txt": "Plaza"
        },
        {
          "si": 21,
          "sti": 6,
          "dti": 303,
          "sco": 40,
          "dco": 1489,
          "txt": "Hotel"
        },
        {
          "si": 21,
          "sti": 7,
          "dti": 304,
          "sco": 46,
          "dco": 1495,
          "txt": "include"
        },
        {
          "si": 21,
          "sti": 8,
          "dti": 305,
          "sco": 54,
          "dco": 1503,
          "txt": "the"
        },
        {
          "si": 21,
          "sti": 9,
          "dti": 306,
          "sco": 58,
          "dco": 1507,
          "txt": "First"
        },
        {
          "si": 21,
          "sti": 10,
          "dti": 307,
          "sco": 64,
          "dco": 1513,
          "txt": "Kindergarten"
        },
        {
          "si": 21,
          "sti": 11,
          "dti": 308,
          "sco": 77,
          "dco": 1526,
          "txt": "in"
        },
        {
          "si": 21,
          "sti": 12,
          "dti": 309,
          "sco": 80,
          "dco": 1529,
          "txt": "Texas"
        },
        {
          "si": 21,
          "sti": 13,
          "dti": 310,
          "sco": 86,
          "dco": 1535,
          "txt": "and"
        },
        {
          "si": 21,
          "sti": 14,
          "dti": 311,
          "sco": 90,
          "dco": 1539,
          "txt": "The"
        },
        {
          "si": 21,
          "sti": 15,
          "dti": 312,
          "sco": 94,
          "dco": 1543,
          "txt": "Woman"
        },
        {
          "si": 21,
          "sti": 16,
          "dti": 313,
          "sco": 99,
          "dco": 1548,
          "txt": "’"
        },
        {
          "si": 21,
          "sti": 17,
          "dti": 314,
          "sco": 100,
          "dco": 1549,
          "txt": "s"
        },
        {
          "si": 21,
          "sti": 18,
          "dti": 315,
          "sco": 102,
          "dco": 1551,
          "txt": "Club"
        },
        {
          "si": 21,
          "sti": 19,
          "dti": 316,
          "sco": 107,
          "dco": 1556,
          "txt": "of"
        },
        {
          "si": 21,
          "sti": 20,
          "dti": 317,
          "sco": 110,
          "dco": 1559,
          "txt": "El"
        },
        {
          "si": 21,
          "sti": 21,
          "dti": 318,
          "sco": 113,
          "dco": 1562,
          "txt": "Paso"
        },
        {
          "si": 21,
          "sti": 22,
          "dti": 319,
          "sco": 117,
          "dco": 1566,
          "txt": "."
        },
        {
          "si": 22,
          "sti": 0,
          "dti": 320,
          "sco": 0,
          "dco": 1568,
          "txt": "Historical"
        },
        {
          "si": 22,
          "sti": 1,
          "dti": 321,
          "sco": 11,
          "dco": 1579,
          "txt": "markers"
        },
        {
          "si": 22,
          "sti": 2,
          "dti": 322,
          "sco": 19,
          "dco": 1587,
          "txt": "located"
        },
        {
          "si": 22,
          "sti": 3,
          "dti": 323,
          "sco": 27,
          "dco": 1595,
          "txt": "in"
        },
        {
          "si": 22,
          "sti": 4,
          "dti": 324,
          "sco": 30,
          "dco": 1598,
          "txt": "the"
        },
        {
          "si": 22,
          "sti": 5,
          "dti": 325,
          "sco": 34,
          "dco": 1602,
          "txt": "vicinity"
        },
        {
          "si": 22,
          "sti": 6,
          "dti": 326,
          "sco": 43,
          "dco": 1611,
          "txt": "of"
        },
        {
          "si": 22,
          "sti": 7,
          "dti": 327,
          "sco": 46,
          "dco": 1614,
          "txt": "the"
        },
        {
          "si": 22,
          "sti": 8,
          "dti": 328,
          "sco": 50,
          "dco": 1618,
          "txt": "hotel"
        },
        {
          "si": 22,
          "sti": 9,
          "dti": 329,
          "sco": 56,
          "dco": 1624,
          "txt": "include"
        },
        {
          "si": 22,
          "sti": 10,
          "dti": 330,
          "sco": 64,
          "dco": 1632,
          "txt": "Chinatown"
        },
        {
          "si": 22,
          "sti": 11,
          "dti": 331,
          "sco": 74,
          "dco": 1642,
          "txt": "and"
        },
        {
          "si": 22,
          "sti": 12,
          "dti": 332,
          "sco": 78,
          "dco": 1646,
          "txt": "the"
        },
        {
          "si": 22,
          "sti": 13,
          "dti": 333,
          "sco": 82,
          "dco": 1650,
          "txt": "Anson"
        },
        {
          "si": 22,
          "sti": 14,
          "dti": 334,
          "sco": 88,
          "dco": 1656,
          "txt": "Mills"
        },
        {
          "si": 22,
          "sti": 15,
          "dti": 335,
          "sco": 94,
          "dco": 1662,
          "txt": "Building"
        },
        {
          "si": 22,
          "sti": 16,
          "dti": 336,
          "sco": 102,
          "dco": 1670,
          "txt": "."
        },
        {
          "si": 23,
          "sti": 0,
          "dti": 337,
          "sco": 0,
          "dco": 1672,
          "txt": "Both"
        },
        {
          "si": 23,
          "sti": 1,
          "dti": 338,
          "sco": 5,
          "dco": 1677,
          "txt": "markers"
        },
        {
          "si": 23,
          "sti": 2,
          "dti": 339,
          "sco": 13,
          "dco": 1685,
          "txt": "are"
        },
        {
          "si": 23,
          "sti": 3,
          "dti": 340,
          "sco": 17,
          "dco": 1689,
          "txt": "located"
        },
        {
          "si": 23,
          "sti": 4,
          "dti": 341,
          "sco": 25,
          "dco": 1697,
          "txt": "across"
        },
        {
          "si": 23,
          "sti": 5,
          "dti": 342,
          "sco": 32,
          "dco": 1704,
          "txt": "Mills"
        },
        {
          "si": 23,
          "sti": 6,
          "dti": 343,
          "sco": 38,
          "dco": 1710,
          "txt": "Avenue"
        },
        {
          "si": 23,
          "sti": 7,
          "dti": 344,
          "sco": 45,
          "dco": 1717,
          "txt": "at"
        },
        {
          "si": 23,
          "sti": 8,
          "dti": 345,
          "sco": 48,
          "dco": 1720,
          "txt": "El"
        },
        {
          "si": 23,
          "sti": 9,
          "dti": 346,
          "sco": 51,
          "dco": 1723,
          "txt": "Paso"
        },
        {
          "si": 23,
          "sti": 10,
          "dti": 347,
          "sco": 56,
          "dco": 1728,
          "txt": "Street"
        },
        {
          "si": 23,
          "sti": 11,
          "dti": 348,
          "sco": 62,
          "dco": 1734,
          "txt": "."
        }
      ]
    },
    "ganns": {
      "dla": [],
      "la": [],
      "ea": [],
      "eta": [
        {
          "ra": {
            "ea": {
              "etn": "Plaza_Hotel_(El_Paso,_Texas)"
            }
          },
          "sfs": [
            [
              {
                "stn": "openingYear"
              },
              {}
            ]
          ],
          "mfs": [
            [
              {
                "stn": "architect"
              },
              {
                "dla": [],
                "la": [],
                "ea": [
                  {
                    "etn": "Trost_&_Trost"
                  }
                ],
                "eta": []
              }
            ],
            [
              {
                "stn": "yearOfConstruction"
              },
              {
                "dla": [
                  {
                    "txt": {
                      "sff": "1930"
                    },
                    "et": {
                      "etn": "Year"
                    },
                    "dp": {
                      "off": 579
                    }
                  }
                ],
                "la": [],
                "ea": [],
                "eta": []
              }
            ],
            [
              {
                "stn": "architecturalStyle"
              },
              {
                "dla": [],
                "la": [],
                "ea": [
                  {
                    "etn": "Art_Deco"
                  }
                ],
                "eta": []
              }
            ],
            [
              {
                "stn": "location"
              },
              {
                "dla": [],
                "la": [],
                "ea": [
                  {
                    "etn": "El_Paso,_Texas"
                  }
                ],
                "eta": []
              }
            ]
          ]
        }
      ]
    }
  }
]
