[
  {
    "context": "TRAIN",
    "doc": {
      "id": "Plymouth_Congregational_Church_(Lawrence,_Kansas)",
      "tl": [
        {
          "si": 0,
          "sti": 0,
          "dti": 0,
          "sco": 0,
          "dco": 0,
          "txt": "Plymouth"
        },
        {
          "si": 0,
          "sti": 1,
          "dti": 1,
          "sco": 9,
          "dco": 9,
          "txt": "Congregational"
        },
        {
          "si": 0,
          "sti": 2,
          "dti": 2,
          "sco": 24,
          "dco": 24,
          "txt": "Church"
        },
        {
          "si": 0,
          "sti": 3,
          "dti": 3,
          "sco": 31,
          "dco": 31,
          "txt": "("
        },
        {
          "si": 0,
          "sti": 4,
          "dti": 4,
          "sco": 32,
          "dco": 32,
          "txt": "Lawrence"
        },
        {
          "si": 0,
          "sti": 5,
          "dti": 5,
          "sco": 40,
          "dco": 40,
          "txt": ","
        },
        {
          "si": 0,
          "sti": 6,
          "dti": 6,
          "sco": 42,
          "dco": 42,
          "txt": "Kansas"
        },
        {
          "si": 0,
          "sti": 7,
          "dti": 7,
          "sco": 48,
          "dco": 48,
          "txt": ")"
        },
        {
          "si": 0,
          "sti": 8,
          "dti": 8,
          "sco": 49,
          "dco": 49,
          "txt": "."
        },
        {
          "si": 1,
          "sti": 0,
          "dti": 9,
          "sco": 0,
          "dco": 51,
          "txt": "Plymouth"
        },
        {
          "si": 1,
          "sti": 1,
          "dti": 10,
          "sco": 9,
          "dco": 60,
          "txt": "Congregational"
        },
        {
          "si": 1,
          "sti": 2,
          "dti": 11,
          "sco": 24,
          "dco": 75,
          "txt": "Church"
        },
        {
          "si": 1,
          "sti": 3,
          "dti": 12,
          "sco": 31,
          "dco": 82,
          "txt": "of"
        },
        {
          "si": 1,
          "sti": 4,
          "dti": 13,
          "sco": 34,
          "dco": 85,
          "txt": "Lawrence"
        },
        {
          "si": 1,
          "sti": 5,
          "dti": 14,
          "sco": 42,
          "dco": 93,
          "txt": ","
        },
        {
          "si": 1,
          "sti": 6,
          "dti": 15,
          "sco": 44,
          "dco": 95,
          "txt": "Kansas"
        },
        {
          "si": 1,
          "sti": 7,
          "dti": 16,
          "sco": 51,
          "dco": 102,
          "txt": "is"
        },
        {
          "si": 1,
          "sti": 8,
          "dti": 17,
          "sco": 54,
          "dco": 105,
          "txt": "an"
        },
        {
          "si": 1,
          "sti": 9,
          "dti": 18,
          "sco": 57,
          "dco": 108,
          "txt": "affiliate"
        },
        {
          "si": 1,
          "sti": 10,
          "dti": 19,
          "sco": 67,
          "dco": 118,
          "txt": "of"
        },
        {
          "si": 1,
          "sti": 11,
          "dti": 20,
          "sco": 70,
          "dco": 121,
          "txt": "the"
        },
        {
          "si": 1,
          "sti": 12,
          "dti": 21,
          "sco": 74,
          "dco": 125,
          "txt": "United"
        },
        {
          "si": 1,
          "sti": 13,
          "dti": 22,
          "sco": 81,
          "dco": 132,
          "txt": "Church"
        },
        {
          "si": 1,
          "sti": 14,
          "dti": 23,
          "sco": 88,
          "dco": 139,
          "txt": "of"
        },
        {
          "si": 1,
          "sti": 15,
          "dti": 24,
          "sco": 91,
          "dco": 142,
          "txt": "Christ"
        },
        {
          "si": 1,
          "sti": 16,
          "dti": 25,
          "sco": 98,
          "dco": 149,
          "txt": "that"
        },
        {
          "si": 1,
          "sti": 17,
          "dti": 26,
          "sco": 103,
          "dco": 154,
          "txt": "was"
        },
        {
          "si": 1,
          "sti": 18,
          "dti": 27,
          "sco": 107,
          "dco": 158,
          "txt": "established"
        },
        {
          "si": 1,
          "sti": 19,
          "dti": 28,
          "sco": 119,
          "dco": 170,
          "txt": "in"
        },
        {
          "si": 1,
          "sti": 20,
          "dti": 29,
          "sco": 122,
          "dco": 173,
          "txt": "1854"
        },
        {
          "si": 1,
          "sti": 21,
          "dti": 30,
          "sco": 126,
          "dco": 177,
          "txt": ","
        },
        {
          "si": 1,
          "sti": 22,
          "dti": 31,
          "sco": 128,
          "dco": 179,
          "txt": "months"
        },
        {
          "si": 1,
          "sti": 23,
          "dti": 32,
          "sco": 135,
          "dco": 186,
          "txt": "after"
        },
        {
          "si": 1,
          "sti": 24,
          "dti": 33,
          "sco": 141,
          "dco": 192,
          "txt": "the"
        },
        {
          "si": 1,
          "sti": 25,
          "dti": 34,
          "sco": 145,
          "dco": 196,
          "txt": "Territory"
        },
        {
          "si": 1,
          "sti": 26,
          "dti": 35,
          "sco": 155,
          "dco": 206,
          "txt": "of"
        },
        {
          "si": 1,
          "sti": 27,
          "dti": 36,
          "sco": 158,
          "dco": 209,
          "txt": "Kansas"
        },
        {
          "si": 1,
          "sti": 28,
          "dti": 37,
          "sco": 165,
          "dco": 216,
          "txt": "was"
        },
        {
          "si": 1,
          "sti": 29,
          "dti": 38,
          "sco": 169,
          "dco": 220,
          "txt": "opened"
        },
        {
          "si": 1,
          "sti": 30,
          "dti": 39,
          "sco": 176,
          "dco": 227,
          "txt": "to"
        },
        {
          "si": 1,
          "sti": 31,
          "dti": 40,
          "sco": 179,
          "dco": 230,
          "txt": "settlement"
        },
        {
          "si": 1,
          "sti": 32,
          "dti": 41,
          "sco": 189,
          "dco": 240,
          "txt": "."
        },
        {
          "si": 2,
          "sti": 0,
          "dti": 42,
          "sco": 0,
          "dco": 242,
          "txt": "The"
        },
        {
          "si": 2,
          "sti": 1,
          "dti": 43,
          "sco": 4,
          "dco": 246,
          "txt": "present"
        },
        {
          "si": 2,
          "sti": 2,
          "dti": 44,
          "sco": 11,
          "dco": 253,
          "txt": "-"
        },
        {
          "si": 2,
          "sti": 3,
          "dti": 45,
          "sco": 12,
          "dco": 254,
          "txt": "day"
        },
        {
          "si": 2,
          "sti": 4,
          "dti": 46,
          "sco": 16,
          "dco": 258,
          "txt": "church"
        },
        {
          "si": 2,
          "sti": 5,
          "dti": 47,
          "sco": 23,
          "dco": 265,
          "txt": "building"
        },
        {
          "si": 2,
          "sti": 6,
          "dti": 48,
          "sco": 31,
          "dco": 273,
          "txt": ","
        },
        {
          "si": 2,
          "sti": 7,
          "dti": 49,
          "sco": 33,
          "dco": 275,
          "txt": "built"
        },
        {
          "si": 2,
          "sti": 8,
          "dti": 50,
          "sco": 39,
          "dco": 281,
          "txt": "in"
        },
        {
          "si": 2,
          "sti": 9,
          "dti": 51,
          "sco": 42,
          "dco": 284,
          "txt": "1870"
        },
        {
          "si": 2,
          "sti": 10,
          "dti": 52,
          "sco": 46,
          "dco": 288,
          "txt": ","
        },
        {
          "si": 2,
          "sti": 11,
          "dti": 53,
          "sco": 48,
          "dco": 290,
          "txt": "is"
        },
        {
          "si": 2,
          "sti": 12,
          "dti": 54,
          "sco": 51,
          "dco": 293,
          "txt": "listed"
        },
        {
          "si": 2,
          "sti": 13,
          "dti": 55,
          "sco": 58,
          "dco": 300,
          "txt": "on"
        },
        {
          "si": 2,
          "sti": 14,
          "dti": 56,
          "sco": 61,
          "dco": 303,
          "txt": "the"
        },
        {
          "si": 2,
          "sti": 15,
          "dti": 57,
          "sco": 65,
          "dco": 307,
          "txt": "National"
        },
        {
          "si": 2,
          "sti": 16,
          "dti": 58,
          "sco": 74,
          "dco": 316,
          "txt": "Register"
        },
        {
          "si": 2,
          "sti": 17,
          "dti": 59,
          "sco": 83,
          "dco": 325,
          "txt": "of"
        },
        {
          "si": 2,
          "sti": 18,
          "dti": 60,
          "sco": 86,
          "dco": 328,
          "txt": "Historic"
        },
        {
          "si": 2,
          "sti": 19,
          "dti": 61,
          "sco": 95,
          "dco": 337,
          "txt": "Places"
        },
        {
          "si": 2,
          "sti": 20,
          "dti": 62,
          "sco": 101,
          "dco": 343,
          "txt": "."
        },
        {
          "si": 3,
          "sti": 0,
          "dti": 63,
          "sco": 0,
          "dco": 345,
          "txt": "The"
        },
        {
          "si": 3,
          "sti": 1,
          "dti": 64,
          "sco": 4,
          "dco": 349,
          "txt": "architect"
        },
        {
          "si": 3,
          "sti": 2,
          "dti": 65,
          "sco": 14,
          "dco": 359,
          "txt": "was"
        },
        {
          "si": 3,
          "sti": 3,
          "dti": 66,
          "sco": 18,
          "dco": 363,
          "txt": "John"
        },
        {
          "si": 3,
          "sti": 4,
          "dti": 67,
          "sco": 23,
          "dco": 368,
          "txt": "G"
        },
        {
          "si": 3,
          "sti": 5,
          "dti": 68,
          "sco": 24,
          "dco": 369,
          "txt": "."
        },
        {
          "si": 4,
          "sti": 0,
          "dti": 69,
          "sco": 0,
          "dco": 371,
          "txt": "Haskell"
        },
        {
          "si": 4,
          "sti": 1,
          "dti": 70,
          "sco": 8,
          "dco": 379,
          "txt": "who"
        },
        {
          "si": 4,
          "sti": 2,
          "dti": 71,
          "sco": 12,
          "dco": 383,
          "txt": "was"
        },
        {
          "si": 4,
          "sti": 3,
          "dti": 72,
          "sco": 16,
          "dco": 387,
          "txt": "among"
        },
        {
          "si": 4,
          "sti": 4,
          "dti": 73,
          "sco": 22,
          "dco": 393,
          "txt": "the"
        },
        {
          "si": 4,
          "sti": 5,
          "dti": 74,
          "sco": 26,
          "dco": 397,
          "txt": "architects"
        },
        {
          "si": 4,
          "sti": 6,
          "dti": 75,
          "sco": 37,
          "dco": 408,
          "txt": "of"
        },
        {
          "si": 4,
          "sti": 7,
          "dti": 76,
          "sco": 40,
          "dco": 411,
          "txt": "the"
        },
        {
          "si": 4,
          "sti": 8,
          "dti": 77,
          "sco": 44,
          "dco": 415,
          "txt": "Kansas"
        },
        {
          "si": 4,
          "sti": 9,
          "dti": 78,
          "sco": 51,
          "dco": 422,
          "txt": "State"
        },
        {
          "si": 4,
          "sti": 10,
          "dti": 79,
          "sco": 57,
          "dco": 428,
          "txt": "Capitol"
        },
        {
          "si": 4,
          "sti": 11,
          "dti": 80,
          "sco": 64,
          "dco": 435,
          "txt": "."
        },
        {
          "si": 5,
          "sti": 0,
          "dti": 81,
          "sco": 0,
          "dco": 437,
          "txt": "History"
        },
        {
          "si": 5,
          "sti": 1,
          "dti": 82,
          "sco": 7,
          "dco": 444,
          "txt": "."
        },
        {
          "si": 6,
          "sti": 0,
          "dti": 83,
          "sco": 0,
          "dco": 446,
          "txt": "The"
        },
        {
          "si": 6,
          "sti": 1,
          "dti": 84,
          "sco": 4,
          "dco": 450,
          "txt": "Territory"
        },
        {
          "si": 6,
          "sti": 2,
          "dti": 85,
          "sco": 14,
          "dco": 460,
          "txt": "of"
        },
        {
          "si": 6,
          "sti": 3,
          "dti": 86,
          "sco": 17,
          "dco": 463,
          "txt": "Kansas"
        },
        {
          "si": 6,
          "sti": 4,
          "dti": 87,
          "sco": 24,
          "dco": 470,
          "txt": "was"
        },
        {
          "si": 6,
          "sti": 5,
          "dti": 88,
          "sco": 28,
          "dco": 474,
          "txt": "opened"
        },
        {
          "si": 6,
          "sti": 6,
          "dti": 89,
          "sco": 35,
          "dco": 481,
          "txt": "to"
        },
        {
          "si": 6,
          "sti": 7,
          "dti": 90,
          "sco": 38,
          "dco": 484,
          "txt": "settlement"
        },
        {
          "si": 6,
          "sti": 8,
          "dti": 91,
          "sco": 49,
          "dco": 495,
          "txt": "by"
        },
        {
          "si": 6,
          "sti": 9,
          "dti": 92,
          "sco": 52,
          "dco": 498,
          "txt": "the"
        },
        {
          "si": 6,
          "sti": 10,
          "dti": 93,
          "sco": 56,
          "dco": 502,
          "txt": "Kansas"
        },
        {
          "si": 6,
          "sti": 11,
          "dti": 94,
          "sco": 62,
          "dco": 508,
          "txt": "–"
        },
        {
          "si": 6,
          "sti": 12,
          "dti": 95,
          "sco": 63,
          "dco": 509,
          "txt": "Nebraska"
        },
        {
          "si": 6,
          "sti": 13,
          "dti": 96,
          "sco": 72,
          "dco": 518,
          "txt": "Act"
        },
        {
          "si": 6,
          "sti": 14,
          "dti": 97,
          "sco": 76,
          "dco": 522,
          "txt": "on"
        },
        {
          "si": 6,
          "sti": 15,
          "dti": 98,
          "sco": 79,
          "dco": 525,
          "txt": "May"
        },
        {
          "si": 6,
          "sti": 16,
          "dti": 99,
          "sco": 83,
          "dco": 529,
          "txt": "30"
        },
        {
          "si": 6,
          "sti": 17,
          "dti": 100,
          "sco": 85,
          "dco": 531,
          "txt": ","
        },
        {
          "si": 6,
          "sti": 18,
          "dti": 101,
          "sco": 87,
          "dco": 533,
          "txt": "1854"
        },
        {
          "si": 6,
          "sti": 19,
          "dti": 102,
          "sco": 91,
          "dco": 537,
          "txt": "."
        },
        {
          "si": 7,
          "sti": 0,
          "dti": 103,
          "sco": 0,
          "dco": 539,
          "txt": "Reverend"
        },
        {
          "si": 7,
          "sti": 1,
          "dti": 104,
          "sco": 9,
          "dco": 548,
          "txt": "Samuel"
        },
        {
          "si": 7,
          "sti": 2,
          "dti": 105,
          "sco": 16,
          "dco": 555,
          "txt": "Y"
        },
        {
          "si": 7,
          "sti": 3,
          "dti": 106,
          "sco": 17,
          "dco": 556,
          "txt": "."
        },
        {
          "si": 8,
          "sti": 0,
          "dti": 107,
          "sco": 0,
          "dco": 558,
          "txt": "Lum"
        },
        {
          "si": 8,
          "sti": 1,
          "dti": 108,
          "sco": 4,
          "dco": 562,
          "txt": "of"
        },
        {
          "si": 8,
          "sti": 2,
          "dti": 109,
          "sco": 7,
          "dco": 565,
          "txt": "Middletown"
        },
        {
          "si": 8,
          "sti": 3,
          "dti": 110,
          "sco": 17,
          "dco": 575,
          "txt": ","
        },
        {
          "si": 8,
          "sti": 4,
          "dti": 111,
          "sco": 19,
          "dco": 577,
          "txt": "New"
        },
        {
          "si": 8,
          "sti": 5,
          "dti": 112,
          "sco": 23,
          "dco": 581,
          "txt": "York"
        },
        {
          "si": 8,
          "sti": 6,
          "dti": 113,
          "sco": 28,
          "dco": 586,
          "txt": "was"
        },
        {
          "si": 8,
          "sti": 7,
          "dti": 114,
          "sco": 32,
          "dco": 590,
          "txt": "sent"
        },
        {
          "si": 8,
          "sti": 8,
          "dti": 115,
          "sco": 37,
          "dco": 595,
          "txt": "by"
        },
        {
          "si": 8,
          "sti": 9,
          "dti": 116,
          "sco": 40,
          "dco": 598,
          "txt": "the"
        },
        {
          "si": 8,
          "sti": 10,
          "dti": 117,
          "sco": 44,
          "dco": 602,
          "txt": "American"
        },
        {
          "si": 8,
          "sti": 11,
          "dti": 118,
          "sco": 53,
          "dco": 611,
          "txt": "Home"
        },
        {
          "si": 8,
          "sti": 12,
          "dti": 119,
          "sco": 58,
          "dco": 616,
          "txt": "Missionary"
        },
        {
          "si": 8,
          "sti": 13,
          "dti": 120,
          "sco": 69,
          "dco": 627,
          "txt": "Society"
        },
        {
          "si": 8,
          "sti": 14,
          "dti": 121,
          "sco": 77,
          "dco": 635,
          "txt": "to"
        },
        {
          "si": 8,
          "sti": 15,
          "dti": 122,
          "sco": 80,
          "dco": 638,
          "txt": "establish"
        },
        {
          "si": 8,
          "sti": 16,
          "dti": 123,
          "sco": 90,
          "dco": 648,
          "txt": "what"
        },
        {
          "si": 8,
          "sti": 17,
          "dti": 124,
          "sco": 95,
          "dco": 653,
          "txt": "was"
        },
        {
          "si": 8,
          "sti": 18,
          "dti": 125,
          "sco": 99,
          "dco": 657,
          "txt": "to"
        },
        {
          "si": 8,
          "sti": 19,
          "dti": 126,
          "sco": 102,
          "dco": 660,
          "txt": "become"
        },
        {
          "si": 8,
          "sti": 20,
          "dti": 127,
          "sco": 109,
          "dco": 667,
          "txt": "the"
        },
        {
          "si": 8,
          "sti": 21,
          "dti": 128,
          "sco": 113,
          "dco": 671,
          "txt": "first"
        },
        {
          "si": 8,
          "sti": 22,
          "dti": 129,
          "sco": 119,
          "dco": 677,
          "txt": "church"
        },
        {
          "si": 8,
          "sti": 23,
          "dti": 130,
          "sco": 126,
          "dco": 684,
          "txt": "in"
        },
        {
          "si": 8,
          "sti": 24,
          "dti": 131,
          "sco": 129,
          "dco": 687,
          "txt": "the"
        },
        {
          "si": 8,
          "sti": 25,
          "dti": 132,
          "sco": 133,
          "dco": 691,
          "txt": "new"
        },
        {
          "si": 8,
          "sti": 26,
          "dti": 133,
          "sco": 137,
          "dco": 695,
          "txt": "city"
        },
        {
          "si": 8,
          "sti": 27,
          "dti": 134,
          "sco": 142,
          "dco": 700,
          "txt": "of"
        },
        {
          "si": 8,
          "sti": 28,
          "dti": 135,
          "sco": 145,
          "dco": 703,
          "txt": "Lawrence"
        },
        {
          "si": 8,
          "sti": 29,
          "dti": 136,
          "sco": 154,
          "dco": 712,
          "txt": "and"
        },
        {
          "si": 8,
          "sti": 30,
          "dti": 137,
          "sco": 158,
          "dco": 716,
          "txt": "the"
        },
        {
          "si": 8,
          "sti": 31,
          "dti": 138,
          "sco": 162,
          "dco": 720,
          "txt": "entire"
        },
        {
          "si": 8,
          "sti": 32,
          "dti": 139,
          "sco": 169,
          "dco": 727,
          "txt": "Kansas"
        },
        {
          "si": 8,
          "sti": 33,
          "dti": 140,
          "sco": 176,
          "dco": 734,
          "txt": "Territory"
        },
        {
          "si": 8,
          "sti": 34,
          "dti": 141,
          "sco": 185,
          "dco": 743,
          "txt": "."
        },
        {
          "si": 9,
          "sti": 0,
          "dti": 142,
          "sco": 0,
          "dco": 745,
          "txt": "Prior"
        },
        {
          "si": 9,
          "sti": 1,
          "dti": 143,
          "sco": 6,
          "dco": 751,
          "txt": "to"
        },
        {
          "si": 9,
          "sti": 2,
          "dti": 144,
          "sco": 9,
          "dco": 754,
          "txt": "his"
        },
        {
          "si": 9,
          "sti": 3,
          "dti": 145,
          "sco": 13,
          "dco": 758,
          "txt": "arrival"
        },
        {
          "si": 9,
          "sti": 4,
          "dti": 146,
          "sco": 20,
          "dco": 765,
          "txt": ","
        },
        {
          "si": 9,
          "sti": 5,
          "dti": 147,
          "sco": 22,
          "dco": 767,
          "txt": "sermon"
        },
        {
          "si": 9,
          "sti": 6,
          "dti": 148,
          "sco": 29,
          "dco": 774,
          "txt": "readings"
        },
        {
          "si": 9,
          "sti": 7,
          "dti": 149,
          "sco": 38,
          "dco": 783,
          "txt": "were"
        },
        {
          "si": 9,
          "sti": 8,
          "dti": 150,
          "sco": 43,
          "dco": 788,
          "txt": "conducted"
        },
        {
          "si": 9,
          "sti": 9,
          "dti": 151,
          "sco": 53,
          "dco": 798,
          "txt": "by"
        },
        {
          "si": 9,
          "sti": 10,
          "dti": 152,
          "sco": 56,
          "dco": 801,
          "txt": "laymen"
        },
        {
          "si": 9,
          "sti": 11,
          "dti": 153,
          "sco": 62,
          "dco": 807,
          "txt": "."
        },
        {
          "si": 10,
          "sti": 0,
          "dti": 154,
          "sco": 0,
          "dco": 809,
          "txt": "The"
        },
        {
          "si": 10,
          "sti": 1,
          "dti": 155,
          "sco": 4,
          "dco": 813,
          "txt": "first"
        },
        {
          "si": 10,
          "sti": 2,
          "dti": 156,
          "sco": 10,
          "dco": 819,
          "txt": "service"
        },
        {
          "si": 10,
          "sti": 3,
          "dti": 157,
          "sco": 18,
          "dco": 827,
          "txt": "of"
        },
        {
          "si": 10,
          "sti": 4,
          "dti": 158,
          "sco": 21,
          "dco": 830,
          "txt": "Plymouth"
        },
        {
          "si": 10,
          "sti": 5,
          "dti": 159,
          "sco": 30,
          "dco": 839,
          "txt": "Congregational"
        },
        {
          "si": 10,
          "sti": 6,
          "dti": 160,
          "sco": 45,
          "dco": 854,
          "txt": "Church"
        },
        {
          "si": 10,
          "sti": 7,
          "dti": 161,
          "sco": 52,
          "dco": 861,
          "txt": "was"
        },
        {
          "si": 10,
          "sti": 8,
          "dti": 162,
          "sco": 56,
          "dco": 865,
          "txt": "held"
        },
        {
          "si": 10,
          "sti": 9,
          "dti": 163,
          "sco": 61,
          "dco": 870,
          "txt": "by"
        },
        {
          "si": 10,
          "sti": 10,
          "dti": 164,
          "sco": 64,
          "dco": 873,
          "txt": "Lum"
        },
        {
          "si": 10,
          "sti": 11,
          "dti": 165,
          "sco": 68,
          "dco": 877,
          "txt": "on"
        },
        {
          "si": 10,
          "sti": 12,
          "dti": 166,
          "sco": 71,
          "dco": 880,
          "txt": "October"
        },
        {
          "si": 10,
          "sti": 13,
          "dti": 167,
          "sco": 79,
          "dco": 888,
          "txt": "1"
        },
        {
          "si": 10,
          "sti": 14,
          "dti": 168,
          "sco": 80,
          "dco": 889,
          "txt": ","
        },
        {
          "si": 10,
          "sti": 15,
          "dti": 169,
          "sco": 82,
          "dco": 891,
          "txt": "1854"
        },
        {
          "si": 10,
          "sti": 16,
          "dti": 170,
          "sco": 87,
          "dco": 896,
          "txt": "in"
        },
        {
          "si": 10,
          "sti": 17,
          "dti": 171,
          "sco": 90,
          "dco": 899,
          "txt": "a"
        },
        {
          "si": 10,
          "sti": 18,
          "dti": 172,
          "sco": 92,
          "dco": 901,
          "txt": "mudbrick"
        },
        {
          "si": 10,
          "sti": 19,
          "dti": 173,
          "sco": 101,
          "dco": 910,
          "txt": "boarding"
        },
        {
          "si": 10,
          "sti": 20,
          "dti": 174,
          "sco": 110,
          "dco": 919,
          "txt": "house"
        },
        {
          "si": 10,
          "sti": 21,
          "dti": 175,
          "sco": 115,
          "dco": 924,
          "txt": ","
        },
        {
          "si": 10,
          "sti": 22,
          "dti": 176,
          "sco": 117,
          "dco": 926,
          "txt": "also"
        },
        {
          "si": 10,
          "sti": 23,
          "dti": 177,
          "sco": 122,
          "dco": 931,
          "txt": "called"
        },
        {
          "si": 10,
          "sti": 24,
          "dti": 178,
          "sco": 129,
          "dco": 938,
          "txt": "the"
        },
        {
          "si": 10,
          "sti": 25,
          "dti": 179,
          "sco": 133,
          "dco": 942,
          "txt": "\""
        },
        {
          "si": 10,
          "sti": 26,
          "dti": 180,
          "sco": 134,
          "dco": 943,
          "txt": "hay"
        },
        {
          "si": 10,
          "sti": 27,
          "dti": 181,
          "sco": 138,
          "dco": 947,
          "txt": "tent"
        },
        {
          "si": 10,
          "sti": 28,
          "dti": 182,
          "sco": 142,
          "dco": 951,
          "txt": ","
        },
        {
          "si": 10,
          "sti": 29,
          "dti": 183,
          "sco": 143,
          "dco": 952,
          "txt": "\""
        },
        {
          "si": 10,
          "sti": 30,
          "dti": 184,
          "sco": 145,
          "dco": 954,
          "txt": "with"
        },
        {
          "si": 10,
          "sti": 31,
          "dti": 185,
          "sco": 150,
          "dco": 959,
          "txt": "settlers"
        },
        {
          "si": 10,
          "sti": 32,
          "dti": 186,
          "sco": 159,
          "dco": 968,
          "txt": "who"
        },
        {
          "si": 10,
          "sti": 33,
          "dti": 187,
          "sco": 163,
          "dco": 972,
          "txt": "had"
        },
        {
          "si": 10,
          "sti": 34,
          "dti": 188,
          "sco": 167,
          "dco": 976,
          "txt": "come"
        },
        {
          "si": 10,
          "sti": 35,
          "dti": 189,
          "sco": 172,
          "dco": 981,
          "txt": "from"
        },
        {
          "si": 10,
          "sti": 36,
          "dti": 190,
          "sco": 177,
          "dco": 986,
          "txt": "New"
        },
        {
          "si": 10,
          "sti": 37,
          "dti": 191,
          "sco": 181,
          "dco": 990,
          "txt": "England"
        },
        {
          "si": 10,
          "sti": 38,
          "dti": 192,
          "sco": 188,
          "dco": 997,
          "txt": "."
        },
        {
          "si": 11,
          "sti": 0,
          "dti": 193,
          "sco": 0,
          "dco": 999,
          "txt": "Reverend"
        },
        {
          "si": 11,
          "sti": 1,
          "dti": 194,
          "sco": 9,
          "dco": 1008,
          "txt": "Richard"
        },
        {
          "si": 11,
          "sti": 2,
          "dti": 195,
          "sco": 17,
          "dco": 1016,
          "txt": "Cordley"
        },
        {
          "si": 11,
          "sti": 3,
          "dti": 196,
          "sco": 25,
          "dco": 1024,
          "txt": "became"
        },
        {
          "si": 11,
          "sti": 4,
          "dti": 197,
          "sco": 32,
          "dco": 1031,
          "txt": "pastor"
        },
        {
          "si": 11,
          "sti": 5,
          "dti": 198,
          "sco": 39,
          "dco": 1038,
          "txt": "in"
        },
        {
          "si": 11,
          "sti": 6,
          "dti": 199,
          "sco": 42,
          "dco": 1041,
          "txt": "1857"
        },
        {
          "si": 11,
          "sti": 7,
          "dti": 200,
          "sco": 46,
          "dco": 1045,
          "txt": ","
        },
        {
          "si": 11,
          "sti": 8,
          "dti": 201,
          "sco": 48,
          "dco": 1047,
          "txt": "when"
        },
        {
          "si": 11,
          "sti": 9,
          "dti": 202,
          "sco": 53,
          "dco": 1052,
          "txt": "the"
        },
        {
          "si": 11,
          "sti": 10,
          "dti": 203,
          "sco": 57,
          "dco": 1056,
          "txt": "congregation"
        },
        {
          "si": 11,
          "sti": 11,
          "dti": 204,
          "sco": 70,
          "dco": 1069,
          "txt": "moved"
        },
        {
          "si": 11,
          "sti": 12,
          "dti": 205,
          "sco": 76,
          "dco": 1075,
          "txt": "into"
        },
        {
          "si": 11,
          "sti": 13,
          "dti": 206,
          "sco": 81,
          "dco": 1080,
          "txt": "its"
        },
        {
          "si": 11,
          "sti": 14,
          "dti": 207,
          "sco": 85,
          "dco": 1084,
          "txt": "first"
        },
        {
          "si": 11,
          "sti": 15,
          "dti": 208,
          "sco": 91,
          "dco": 1090,
          "txt": "permanent"
        },
        {
          "si": 11,
          "sti": 16,
          "dti": 209,
          "sco": 101,
          "dco": 1100,
          "txt": "building"
        },
        {
          "si": 11,
          "sti": 17,
          "dti": 210,
          "sco": 109,
          "dco": 1108,
          "txt": ","
        },
        {
          "si": 11,
          "sti": 18,
          "dti": 211,
          "sco": 111,
          "dco": 1110,
          "txt": "called"
        },
        {
          "si": 11,
          "sti": 19,
          "dti": 212,
          "sco": 118,
          "dco": 1117,
          "txt": "the"
        },
        {
          "si": 11,
          "sti": 20,
          "dti": 213,
          "sco": 122,
          "dco": 1121,
          "txt": "\""
        },
        {
          "si": 11,
          "sti": 21,
          "dti": 214,
          "sco": 123,
          "dco": 1122,
          "txt": "Stone"
        },
        {
          "si": 11,
          "sti": 22,
          "dti": 215,
          "sco": 129,
          "dco": 1128,
          "txt": "Church"
        },
        {
          "si": 11,
          "sti": 23,
          "dti": 216,
          "sco": 135,
          "dco": 1134,
          "txt": ","
        },
        {
          "si": 11,
          "sti": 24,
          "dti": 217,
          "sco": 136,
          "dco": 1135,
          "txt": "\""
        },
        {
          "si": 11,
          "sti": 25,
          "dti": 218,
          "sco": 138,
          "dco": 1137,
          "txt": "though"
        },
        {
          "si": 11,
          "sti": 26,
          "dti": 219,
          "sco": 145,
          "dco": 1144,
          "txt": "it"
        },
        {
          "si": 11,
          "sti": 27,
          "dti": 220,
          "sco": 148,
          "dco": 1147,
          "txt": "was"
        },
        {
          "si": 11,
          "sti": 28,
          "dti": 221,
          "sco": 152,
          "dco": 1151,
          "txt": "not"
        },
        {
          "si": 11,
          "sti": 29,
          "dti": 222,
          "sco": 156,
          "dco": 1155,
          "txt": "completed"
        },
        {
          "si": 11,
          "sti": 30,
          "dti": 223,
          "sco": 166,
          "dco": 1165,
          "txt": "until"
        },
        {
          "si": 11,
          "sti": 31,
          "dti": 224,
          "sco": 172,
          "dco": 1171,
          "txt": "1862"
        },
        {
          "si": 11,
          "sti": 32,
          "dti": 225,
          "sco": 176,
          "dco": 1175,
          "txt": "."
        },
        {
          "si": 12,
          "sti": 0,
          "dti": 226,
          "sco": 0,
          "dco": 1177,
          "txt": "Cordley"
        },
        {
          "si": 12,
          "sti": 1,
          "dti": 227,
          "sco": 8,
          "dco": 1185,
          "txt": "was"
        },
        {
          "si": 12,
          "sti": 2,
          "dti": 228,
          "sco": 12,
          "dco": 1189,
          "txt": "an"
        },
        {
          "si": 12,
          "sti": 3,
          "dti": 229,
          "sco": 15,
          "dco": 1192,
          "txt": "abolitionist"
        },
        {
          "si": 12,
          "sti": 4,
          "dti": 230,
          "sco": 28,
          "dco": 1205,
          "txt": "and"
        },
        {
          "si": 12,
          "sti": 5,
          "dti": 231,
          "sco": 32,
          "dco": 1209,
          "txt": "supported"
        },
        {
          "si": 12,
          "sti": 6,
          "dti": 232,
          "sco": 42,
          "dco": 1219,
          "txt": "the"
        },
        {
          "si": 12,
          "sti": 7,
          "dti": 233,
          "sco": 46,
          "dco": 1223,
          "txt": "free"
        },
        {
          "si": 12,
          "sti": 8,
          "dti": 234,
          "sco": 51,
          "dco": 1228,
          "txt": "state"
        },
        {
          "si": 12,
          "sti": 9,
          "dti": 235,
          "sco": 57,
          "dco": 1234,
          "txt": "movement"
        },
        {
          "si": 12,
          "sti": 10,
          "dti": 236,
          "sco": 65,
          "dco": 1242,
          "txt": "."
        },
        {
          "si": 13,
          "sti": 0,
          "dti": 237,
          "sco": 0,
          "dco": 1244,
          "txt": "During"
        },
        {
          "si": 13,
          "sti": 1,
          "dti": 238,
          "sco": 7,
          "dco": 1251,
          "txt": "the"
        },
        {
          "si": 13,
          "sti": 2,
          "dti": 239,
          "sco": 11,
          "dco": 1255,
          "txt": "American"
        },
        {
          "si": 13,
          "sti": 3,
          "dti": 240,
          "sco": 20,
          "dco": 1264,
          "txt": "Civil"
        },
        {
          "si": 13,
          "sti": 4,
          "dti": 241,
          "sco": 26,
          "dco": 1270,
          "txt": "War"
        },
        {
          "si": 13,
          "sti": 5,
          "dti": 242,
          "sco": 29,
          "dco": 1273,
          "txt": ","
        },
        {
          "si": 13,
          "sti": 6,
          "dti": 243,
          "sco": 31,
          "dco": 1275,
          "txt": "several"
        },
        {
          "si": 13,
          "sti": 7,
          "dti": 244,
          "sco": 39,
          "dco": 1283,
          "txt": "members"
        },
        {
          "si": 13,
          "sti": 8,
          "dti": 245,
          "sco": 47,
          "dco": 1291,
          "txt": "were"
        },
        {
          "si": 13,
          "sti": 9,
          "dti": 246,
          "sco": 52,
          "dco": 1296,
          "txt": "killed"
        },
        {
          "si": 13,
          "sti": 10,
          "dti": 247,
          "sco": 59,
          "dco": 1303,
          "txt": "by"
        },
        {
          "si": 13,
          "sti": 11,
          "dti": 248,
          "sco": 62,
          "dco": 1306,
          "txt": "pro"
        },
        {
          "si": 13,
          "sti": 12,
          "dti": 249,
          "sco": 65,
          "dco": 1309,
          "txt": "-"
        },
        {
          "si": 13,
          "sti": 13,
          "dti": 250,
          "sco": 66,
          "dco": 1310,
          "txt": "Confederate"
        },
        {
          "si": 13,
          "sti": 14,
          "dti": 251,
          "sco": 78,
          "dco": 1322,
          "txt": "forces"
        },
        {
          "si": 13,
          "sti": 15,
          "dti": 252,
          "sco": 85,
          "dco": 1329,
          "txt": "led"
        },
        {
          "si": 13,
          "sti": 16,
          "dti": 253,
          "sco": 89,
          "dco": 1333,
          "txt": "by"
        },
        {
          "si": 13,
          "sti": 17,
          "dti": 254,
          "sco": 92,
          "dco": 1336,
          "txt": "William"
        },
        {
          "si": 13,
          "sti": 18,
          "dti": 255,
          "sco": 100,
          "dco": 1344,
          "txt": "Quantrill"
        },
        {
          "si": 13,
          "sti": 19,
          "dti": 256,
          "sco": 110,
          "dco": 1354,
          "txt": "in"
        },
        {
          "si": 13,
          "sti": 20,
          "dti": 257,
          "sco": 113,
          "dco": 1357,
          "txt": "the"
        },
        {
          "si": 13,
          "sti": 21,
          "dti": 258,
          "sco": 117,
          "dco": 1361,
          "txt": "Lawrence"
        },
        {
          "si": 13,
          "sti": 22,
          "dti": 259,
          "sco": 126,
          "dco": 1370,
          "txt": "Massacre"
        },
        {
          "si": 13,
          "sti": 23,
          "dti": 260,
          "sco": 135,
          "dco": 1379,
          "txt": "of"
        },
        {
          "si": 13,
          "sti": 24,
          "dti": 261,
          "sco": 138,
          "dco": 1382,
          "txt": "1863"
        },
        {
          "si": 13,
          "sti": 25,
          "dti": 262,
          "sco": 142,
          "dco": 1386,
          "txt": "."
        },
        {
          "si": 14,
          "sti": 0,
          "dti": 263,
          "sco": 0,
          "dco": 1388,
          "txt": "Cordley"
        },
        {
          "si": 14,
          "sti": 1,
          "dti": 264,
          "sco": 7,
          "dco": 1395,
          "txt": "'"
        },
        {
          "si": 14,
          "sti": 2,
          "dti": 265,
          "sco": 8,
          "dco": 1396,
          "txt": "s"
        },
        {
          "si": 14,
          "sti": 3,
          "dti": 266,
          "sco": 10,
          "dco": 1398,
          "txt": "home"
        },
        {
          "si": 14,
          "sti": 4,
          "dti": 267,
          "sco": 15,
          "dco": 1403,
          "txt": "was"
        },
        {
          "si": 14,
          "sti": 5,
          "dti": 268,
          "sco": 19,
          "dco": 1407,
          "txt": "burned"
        },
        {
          "si": 14,
          "sti": 6,
          "dti": 269,
          "sco": 25,
          "dco": 1413,
          "txt": ","
        },
        {
          "si": 14,
          "sti": 7,
          "dti": 270,
          "sco": 27,
          "dco": 1415,
          "txt": "but"
        },
        {
          "si": 14,
          "sti": 8,
          "dti": 271,
          "sco": 31,
          "dco": 1419,
          "txt": "the"
        },
        {
          "si": 14,
          "sti": 9,
          "dti": 272,
          "sco": 35,
          "dco": 1423,
          "txt": "church"
        },
        {
          "si": 14,
          "sti": 10,
          "dti": 273,
          "sco": 42,
          "dco": 1430,
          "txt": "building"
        },
        {
          "si": 14,
          "sti": 11,
          "dti": 274,
          "sco": 51,
          "dco": 1439,
          "txt": "survived"
        },
        {
          "si": 14,
          "sti": 12,
          "dti": 275,
          "sco": 60,
          "dco": 1448,
          "txt": "without"
        },
        {
          "si": 14,
          "sti": 13,
          "dti": 276,
          "sco": 68,
          "dco": 1456,
          "txt": "damage"
        },
        {
          "si": 14,
          "sti": 14,
          "dti": 277,
          "sco": 74,
          "dco": 1462,
          "txt": "."
        },
        {
          "si": 15,
          "sti": 0,
          "dti": 278,
          "sco": 0,
          "dco": 1464,
          "txt": "Cordley"
        },
        {
          "si": 15,
          "sti": 1,
          "dti": 279,
          "sco": 8,
          "dco": 1472,
          "txt": "was"
        },
        {
          "si": 15,
          "sti": 2,
          "dti": 280,
          "sco": 12,
          "dco": 1476,
          "txt": "influential"
        },
        {
          "si": 15,
          "sti": 3,
          "dti": 281,
          "sco": 24,
          "dco": 1488,
          "txt": "in"
        },
        {
          "si": 15,
          "sti": 4,
          "dti": 282,
          "sco": 27,
          "dco": 1491,
          "txt": "documenting"
        },
        {
          "si": 15,
          "sti": 5,
          "dti": 283,
          "sco": 39,
          "dco": 1503,
          "txt": "such"
        },
        {
          "si": 15,
          "sti": 6,
          "dti": 284,
          "sco": 44,
          "dco": 1508,
          "txt": "events"
        },
        {
          "si": 15,
          "sti": 7,
          "dti": 285,
          "sco": 51,
          "dco": 1515,
          "txt": "in"
        },
        {
          "si": 15,
          "sti": 8,
          "dti": 286,
          "sco": 54,
          "dco": 1518,
          "txt": "the"
        },
        {
          "si": 15,
          "sti": 9,
          "dti": 287,
          "sco": 58,
          "dco": 1522,
          "txt": "early"
        },
        {
          "si": 15,
          "sti": 10,
          "dti": 288,
          "sco": 64,
          "dco": 1528,
          "txt": "settlement"
        },
        {
          "si": 15,
          "sti": 11,
          "dti": 289,
          "sco": 75,
          "dco": 1539,
          "txt": "of"
        },
        {
          "si": 15,
          "sti": 12,
          "dti": 290,
          "sco": 78,
          "dco": 1542,
          "txt": "Kansas"
        },
        {
          "si": 15,
          "sti": 13,
          "dti": 291,
          "sco": 84,
          "dco": 1548,
          "txt": "."
        },
        {
          "si": 16,
          "sti": 0,
          "dti": 292,
          "sco": 0,
          "dco": 1550,
          "txt": "The"
        },
        {
          "si": 16,
          "sti": 1,
          "dti": 293,
          "sco": 4,
          "dco": 1554,
          "txt": "Brick"
        },
        {
          "si": 16,
          "sti": 2,
          "dti": 294,
          "sco": 10,
          "dco": 1560,
          "txt": "Church"
        },
        {
          "si": 16,
          "sti": 3,
          "dti": 295,
          "sco": 16,
          "dco": 1566,
          "txt": "."
        },
        {
          "si": 17,
          "sti": 0,
          "dti": 296,
          "sco": 0,
          "dco": 1568,
          "txt": "The"
        },
        {
          "si": 17,
          "sti": 1,
          "dti": 297,
          "sco": 4,
          "dco": 1572,
          "txt": "present"
        },
        {
          "si": 17,
          "sti": 2,
          "dti": 298,
          "sco": 11,
          "dco": 1579,
          "txt": "-"
        },
        {
          "si": 17,
          "sti": 3,
          "dti": 299,
          "sco": 12,
          "dco": 1580,
          "txt": "day"
        },
        {
          "si": 17,
          "sti": 4,
          "dti": 300,
          "sco": 16,
          "dco": 1584,
          "txt": "building"
        },
        {
          "si": 17,
          "sti": 5,
          "dti": 301,
          "sco": 24,
          "dco": 1592,
          "txt": ","
        },
        {
          "si": 17,
          "sti": 6,
          "dti": 302,
          "sco": 26,
          "dco": 1594,
          "txt": "also"
        },
        {
          "si": 17,
          "sti": 7,
          "dti": 303,
          "sco": 31,
          "dco": 1599,
          "txt": "called"
        },
        {
          "si": 17,
          "sti": 8,
          "dti": 304,
          "sco": 38,
          "dco": 1606,
          "txt": "\""
        },
        {
          "si": 17,
          "sti": 9,
          "dti": 305,
          "sco": 39,
          "dco": 1607,
          "txt": "The"
        },
        {
          "si": 17,
          "sti": 10,
          "dti": 306,
          "sco": 43,
          "dco": 1611,
          "txt": "Brick"
        },
        {
          "si": 17,
          "sti": 11,
          "dti": 307,
          "sco": 49,
          "dco": 1617,
          "txt": "Church"
        },
        {
          "si": 17,
          "sti": 12,
          "dti": 308,
          "sco": 55,
          "dco": 1623,
          "txt": ","
        },
        {
          "si": 17,
          "sti": 13,
          "dti": 309,
          "sco": 56,
          "dco": 1624,
          "txt": "\""
        },
        {
          "si": 17,
          "sti": 14,
          "dti": 310,
          "sco": 58,
          "dco": 1626,
          "txt": "was"
        },
        {
          "si": 17,
          "sti": 15,
          "dti": 311,
          "sco": 62,
          "dco": 1630,
          "txt": "designed"
        },
        {
          "si": 17,
          "sti": 16,
          "dti": 312,
          "sco": 71,
          "dco": 1639,
          "txt": "by"
        },
        {
          "si": 17,
          "sti": 17,
          "dti": 313,
          "sco": 74,
          "dco": 1642,
          "txt": "architect"
        },
        {
          "si": 17,
          "sti": 18,
          "dti": 314,
          "sco": 84,
          "dco": 1652,
          "txt": "John"
        },
        {
          "si": 17,
          "sti": 19,
          "dti": 315,
          "sco": 89,
          "dco": 1657,
          "txt": "G"
        },
        {
          "si": 17,
          "sti": 20,
          "dti": 316,
          "sco": 90,
          "dco": 1658,
          "txt": "."
        },
        {
          "si": 18,
          "sti": 0,
          "dti": 317,
          "sco": 0,
          "dco": 1660,
          "txt": "Haskell"
        },
        {
          "si": 18,
          "sti": 1,
          "dti": 318,
          "sco": 7,
          "dco": 1667,
          "txt": ","
        },
        {
          "si": 18,
          "sti": 2,
          "dti": 319,
          "sco": 9,
          "dco": 1669,
          "txt": "who"
        },
        {
          "si": 18,
          "sti": 3,
          "dti": 320,
          "sco": 13,
          "dco": 1673,
          "txt": "also"
        },
        {
          "si": 18,
          "sti": 4,
          "dti": 321,
          "sco": 18,
          "dco": 1678,
          "txt": "worked"
        },
        {
          "si": 18,
          "sti": 5,
          "dti": 322,
          "sco": 25,
          "dco": 1685,
          "txt": "on"
        },
        {
          "si": 18,
          "sti": 6,
          "dti": 323,
          "sco": 28,
          "dco": 1688,
          "txt": "other"
        },
        {
          "si": 18,
          "sti": 7,
          "dti": 324,
          "sco": 34,
          "dco": 1694,
          "txt": "churches"
        },
        {
          "si": 18,
          "sti": 8,
          "dti": 325,
          "sco": 42,
          "dco": 1702,
          "txt": ","
        },
        {
          "si": 18,
          "sti": 9,
          "dti": 326,
          "sco": 44,
          "dco": 1704,
          "txt": "schools"
        },
        {
          "si": 18,
          "sti": 10,
          "dti": 327,
          "sco": 51,
          "dco": 1711,
          "txt": ","
        },
        {
          "si": 18,
          "sti": 11,
          "dti": 328,
          "sco": 53,
          "dco": 1713,
          "txt": "and"
        },
        {
          "si": 18,
          "sti": 12,
          "dti": 329,
          "sco": 57,
          "dco": 1717,
          "txt": "the"
        },
        {
          "si": 18,
          "sti": 13,
          "dti": 330,
          "sco": 61,
          "dco": 1721,
          "txt": "Kansas"
        },
        {
          "si": 18,
          "sti": 14,
          "dti": 331,
          "sco": 68,
          "dco": 1728,
          "txt": "State"
        },
        {
          "si": 18,
          "sti": 15,
          "dti": 332,
          "sco": 74,
          "dco": 1734,
          "txt": "Courthouse"
        },
        {
          "si": 18,
          "sti": 16,
          "dti": 333,
          "sco": 84,
          "dco": 1744,
          "txt": "."
        },
        {
          "si": 19,
          "sti": 0,
          "dti": 334,
          "sco": 0,
          "dco": 1746,
          "txt": "Construction"
        },
        {
          "si": 19,
          "sti": 1,
          "dti": 335,
          "sco": 13,
          "dco": 1759,
          "txt": "began"
        },
        {
          "si": 19,
          "sti": 2,
          "dti": 336,
          "sco": 19,
          "dco": 1765,
          "txt": "in"
        },
        {
          "si": 19,
          "sti": 3,
          "dti": 337,
          "sco": 22,
          "dco": 1768,
          "txt": "1868"
        },
        {
          "si": 19,
          "sti": 4,
          "dti": 338,
          "sco": 27,
          "dco": 1773,
          "txt": "and"
        },
        {
          "si": 19,
          "sti": 5,
          "dti": 339,
          "sco": 31,
          "dco": 1777,
          "txt": "was"
        },
        {
          "si": 19,
          "sti": 6,
          "dti": 340,
          "sco": 35,
          "dco": 1781,
          "txt": "completed"
        },
        {
          "si": 19,
          "sti": 7,
          "dti": 341,
          "sco": 45,
          "dco": 1791,
          "txt": "in"
        },
        {
          "si": 19,
          "sti": 8,
          "dti": 342,
          "sco": 48,
          "dco": 1794,
          "txt": "May"
        },
        {
          "si": 19,
          "sti": 9,
          "dti": 343,
          "sco": 52,
          "dco": 1798,
          "txt": "1870"
        },
        {
          "si": 19,
          "sti": 10,
          "dti": 344,
          "sco": 57,
          "dco": 1803,
          "txt": "at"
        },
        {
          "si": 19,
          "sti": 11,
          "dti": 345,
          "sco": 60,
          "dco": 1806,
          "txt": "a"
        },
        {
          "si": 19,
          "sti": 12,
          "dti": 346,
          "sco": 62,
          "dco": 1808,
          "txt": "cost"
        },
        {
          "si": 19,
          "sti": 13,
          "dti": 347,
          "sco": 67,
          "dco": 1813,
          "txt": "of"
        },
        {
          "si": 19,
          "sti": 14,
          "dti": 348,
          "sco": 70,
          "dco": 1816,
          "txt": "$"
        },
        {
          "si": 19,
          "sti": 15,
          "dti": 349,
          "sco": 71,
          "dco": 1817,
          "txt": "45"
        },
        {
          "si": 19,
          "sti": 16,
          "dti": 350,
          "sco": 73,
          "dco": 1819,
          "txt": ","
        },
        {
          "si": 19,
          "sti": 17,
          "dti": 351,
          "sco": 74,
          "dco": 1820,
          "txt": "000"
        },
        {
          "si": 19,
          "sti": 18,
          "dti": 352,
          "sco": 77,
          "dco": 1823,
          "txt": "."
        },
        {
          "si": 20,
          "sti": 0,
          "dti": 353,
          "sco": 0,
          "dco": 1825,
          "txt": "The"
        },
        {
          "si": 20,
          "sti": 1,
          "dti": 354,
          "sco": 4,
          "dco": 1829,
          "txt": "sanctuary"
        },
        {
          "si": 20,
          "sti": 2,
          "dti": 355,
          "sco": 14,
          "dco": 1839,
          "txt": "windows"
        },
        {
          "si": 20,
          "sti": 3,
          "dti": 356,
          "sco": 22,
          "dco": 1847,
          "txt": "were"
        },
        {
          "si": 20,
          "sti": 4,
          "dti": 357,
          "sco": 27,
          "dco": 1852,
          "txt": "made"
        },
        {
          "si": 20,
          "sti": 5,
          "dti": 358,
          "sco": 32,
          "dco": 1857,
          "txt": "in"
        },
        {
          "si": 20,
          "sti": 6,
          "dti": 359,
          "sco": 35,
          "dco": 1860,
          "txt": "England"
        },
        {
          "si": 20,
          "sti": 7,
          "dti": 360,
          "sco": 42,
          "dco": 1867,
          "txt": "."
        },
        {
          "si": 21,
          "sti": 0,
          "dti": 361,
          "sco": 0,
          "dco": 1869,
          "txt": "Services"
        },
        {
          "si": 21,
          "sti": 1,
          "dti": 362,
          "sco": 9,
          "dco": 1878,
          "txt": "have"
        },
        {
          "si": 21,
          "sti": 2,
          "dti": 363,
          "sco": 14,
          "dco": 1883,
          "txt": "been"
        },
        {
          "si": 21,
          "sti": 3,
          "dti": 364,
          "sco": 19,
          "dco": 1888,
          "txt": "held"
        },
        {
          "si": 21,
          "sti": 4,
          "dti": 365,
          "sco": 24,
          "dco": 1893,
          "txt": "regularly"
        },
        {
          "si": 21,
          "sti": 5,
          "dti": 366,
          "sco": 34,
          "dco": 1903,
          "txt": "in"
        },
        {
          "si": 21,
          "sti": 6,
          "dti": 367,
          "sco": 37,
          "dco": 1906,
          "txt": "the"
        },
        {
          "si": 21,
          "sti": 7,
          "dti": 368,
          "sco": 41,
          "dco": 1910,
          "txt": "building"
        },
        {
          "si": 21,
          "sti": 8,
          "dti": 369,
          "sco": 50,
          "dco": 1919,
          "txt": "since"
        },
        {
          "si": 21,
          "sti": 9,
          "dti": 370,
          "sco": 56,
          "dco": 1925,
          "txt": "1870"
        },
        {
          "si": 21,
          "sti": 10,
          "dti": 371,
          "sco": 60,
          "dco": 1929,
          "txt": "."
        },
        {
          "si": 22,
          "sti": 0,
          "dti": 372,
          "sco": 0,
          "dco": 1931,
          "txt": "In"
        },
        {
          "si": 22,
          "sti": 1,
          "dti": 373,
          "sco": 3,
          "dco": 1934,
          "txt": "1916"
        },
        {
          "si": 22,
          "sti": 2,
          "dti": 374,
          "sco": 7,
          "dco": 1938,
          "txt": ","
        },
        {
          "si": 22,
          "sti": 3,
          "dti": 375,
          "sco": 9,
          "dco": 1940,
          "txt": "the"
        },
        {
          "si": 22,
          "sti": 4,
          "dti": 376,
          "sco": 13,
          "dco": 1944,
          "txt": "\""
        },
        {
          "si": 22,
          "sti": 5,
          "dti": 377,
          "sco": 14,
          "dco": 1945,
          "txt": "Parish"
        },
        {
          "si": 22,
          "sti": 6,
          "dti": 378,
          "sco": 21,
          "dco": 1952,
          "txt": "House"
        },
        {
          "si": 22,
          "sti": 7,
          "dti": 379,
          "sco": 26,
          "dco": 1957,
          "txt": "\""
        },
        {
          "si": 22,
          "sti": 8,
          "dti": 380,
          "sco": 28,
          "dco": 1959,
          "txt": "was"
        },
        {
          "si": 22,
          "sti": 9,
          "dti": 381,
          "sco": 32,
          "dco": 1963,
          "txt": "added"
        },
        {
          "si": 22,
          "sti": 10,
          "dti": 382,
          "sco": 38,
          "dco": 1969,
          "txt": "to"
        },
        {
          "si": 22,
          "sti": 11,
          "dti": 383,
          "sco": 41,
          "dco": 1972,
          "txt": "the"
        },
        {
          "si": 22,
          "sti": 12,
          "dti": 384,
          "sco": 45,
          "dco": 1976,
          "txt": "structure"
        },
        {
          "si": 22,
          "sti": 13,
          "dti": 385,
          "sco": 55,
          "dco": 1986,
          "txt": "under"
        },
        {
          "si": 22,
          "sti": 14,
          "dti": 386,
          "sco": 61,
          "dco": 1992,
          "txt": "then"
        },
        {
          "si": 22,
          "sti": 15,
          "dti": 387,
          "sco": 65,
          "dco": 1996,
          "txt": "-"
        },
        {
          "si": 22,
          "sti": 16,
          "dti": 388,
          "sco": 66,
          "dco": 1997,
          "txt": "Pastor"
        },
        {
          "si": 22,
          "sti": 17,
          "dti": 389,
          "sco": 73,
          "dco": 2004,
          "txt": "Noble"
        },
        {
          "si": 22,
          "sti": 18,
          "dti": 390,
          "sco": 79,
          "dco": 2010,
          "txt": "Elderkin"
        },
        {
          "si": 22,
          "sti": 19,
          "dti": 391,
          "sco": 87,
          "dco": 2018,
          "txt": "."
        },
        {
          "si": 23,
          "sti": 0,
          "dti": 392,
          "sco": 0,
          "dco": 2020,
          "txt": "It"
        },
        {
          "si": 23,
          "sti": 1,
          "dti": 393,
          "sco": 3,
          "dco": 2023,
          "txt": "was"
        },
        {
          "si": 23,
          "sti": 2,
          "dti": 394,
          "sco": 7,
          "dco": 2027,
          "txt": "damaged"
        },
        {
          "si": 23,
          "sti": 3,
          "dti": 395,
          "sco": 15,
          "dco": 2035,
          "txt": "by"
        },
        {
          "si": 23,
          "sti": 4,
          "dti": 396,
          "sco": 18,
          "dco": 2038,
          "txt": "fire"
        },
        {
          "si": 23,
          "sti": 5,
          "dti": 397,
          "sco": 23,
          "dco": 2043,
          "txt": "in"
        },
        {
          "si": 23,
          "sti": 6,
          "dti": 398,
          "sco": 26,
          "dco": 2046,
          "txt": "1955"
        },
        {
          "si": 23,
          "sti": 7,
          "dti": 399,
          "sco": 30,
          "dco": 2050,
          "txt": ","
        },
        {
          "si": 23,
          "sti": 8,
          "dti": 400,
          "sco": 32,
          "dco": 2052,
          "txt": "but"
        },
        {
          "si": 23,
          "sti": 9,
          "dti": 401,
          "sco": 36,
          "dco": 2056,
          "txt": "rebuilt"
        },
        {
          "si": 23,
          "sti": 10,
          "dti": 402,
          "sco": 44,
          "dco": 2064,
          "txt": "and"
        },
        {
          "si": 23,
          "sti": 11,
          "dti": 403,
          "sco": 48,
          "dco": 2068,
          "txt": "expanded"
        },
        {
          "si": 23,
          "sti": 12,
          "dti": 404,
          "sco": 56,
          "dco": 2076,
          "txt": "."
        },
        {
          "si": 24,
          "sti": 0,
          "dti": 405,
          "sco": 0,
          "dco": 2078,
          "txt": "Additional"
        },
        {
          "si": 24,
          "sti": 1,
          "dti": 406,
          "sco": 11,
          "dco": 2089,
          "txt": "renovation"
        },
        {
          "si": 24,
          "sti": 2,
          "dti": 407,
          "sco": 22,
          "dco": 2100,
          "txt": "work"
        },
        {
          "si": 24,
          "sti": 3,
          "dti": 408,
          "sco": 27,
          "dco": 2105,
          "txt": "was"
        },
        {
          "si": 24,
          "sti": 4,
          "dti": 409,
          "sco": 31,
          "dco": 2109,
          "txt": "carried"
        },
        {
          "si": 24,
          "sti": 5,
          "dti": 410,
          "sco": 39,
          "dco": 2117,
          "txt": "out"
        },
        {
          "si": 24,
          "sti": 6,
          "dti": 411,
          "sco": 43,
          "dco": 2121,
          "txt": "to"
        },
        {
          "si": 24,
          "sti": 7,
          "dti": 412,
          "sco": 46,
          "dco": 2124,
          "txt": "different"
        },
        {
          "si": 24,
          "sti": 8,
          "dti": 413,
          "sco": 56,
          "dco": 2134,
          "txt": "parts"
        },
        {
          "si": 24,
          "sti": 9,
          "dti": 414,
          "sco": 62,
          "dco": 2140,
          "txt": "of"
        },
        {
          "si": 24,
          "sti": 10,
          "dti": 415,
          "sco": 65,
          "dco": 2143,
          "txt": "the"
        },
        {
          "si": 24,
          "sti": 11,
          "dti": 416,
          "sco": 69,
          "dco": 2147,
          "txt": "church"
        },
        {
          "si": 24,
          "sti": 12,
          "dti": 417,
          "sco": 76,
          "dco": 2154,
          "txt": "in"
        },
        {
          "si": 24,
          "sti": 13,
          "dti": 418,
          "sco": 79,
          "dco": 2157,
          "txt": "1992"
        },
        {
          "si": 24,
          "sti": 14,
          "dti": 419,
          "sco": 84,
          "dco": 2162,
          "txt": "and"
        },
        {
          "si": 24,
          "sti": 15,
          "dti": 420,
          "sco": 88,
          "dco": 2166,
          "txt": "2001"
        },
        {
          "si": 24,
          "sti": 16,
          "dti": 421,
          "sco": 92,
          "dco": 2170,
          "txt": "."
        },
        {
          "si": 25,
          "sti": 0,
          "dti": 422,
          "sco": 0,
          "dco": 2172,
          "txt": "On"
        },
        {
          "si": 25,
          "sti": 1,
          "dti": 423,
          "sco": 3,
          "dco": 2175,
          "txt": "July"
        },
        {
          "si": 25,
          "sti": 2,
          "dti": 424,
          "sco": 8,
          "dco": 2180,
          "txt": "16"
        },
        {
          "si": 25,
          "sti": 3,
          "dti": 425,
          "sco": 10,
          "dco": 2182,
          "txt": ","
        },
        {
          "si": 25,
          "sti": 4,
          "dti": 426,
          "sco": 12,
          "dco": 2184,
          "txt": "2009"
        },
        {
          "si": 25,
          "sti": 5,
          "dti": 427,
          "sco": 16,
          "dco": 2188,
          "txt": ","
        },
        {
          "si": 25,
          "sti": 6,
          "dti": 428,
          "sco": 18,
          "dco": 2190,
          "txt": "the"
        },
        {
          "si": 25,
          "sti": 7,
          "dti": 429,
          "sco": 22,
          "dco": 2194,
          "txt": "building"
        },
        {
          "si": 25,
          "sti": 8,
          "dti": 430,
          "sco": 31,
          "dco": 2203,
          "txt": "was"
        },
        {
          "si": 25,
          "sti": 9,
          "dti": 431,
          "sco": 35,
          "dco": 2207,
          "txt": "nominated"
        },
        {
          "si": 25,
          "sti": 10,
          "dti": 432,
          "sco": 45,
          "dco": 2217,
          "txt": "to"
        },
        {
          "si": 25,
          "sti": 11,
          "dti": 433,
          "sco": 48,
          "dco": 2220,
          "txt": "the"
        },
        {
          "si": 25,
          "sti": 12,
          "dti": 434,
          "sco": 52,
          "dco": 2224,
          "txt": "National"
        },
        {
          "si": 25,
          "sti": 13,
          "dti": 435,
          "sco": 61,
          "dco": 2233,
          "txt": "Register"
        },
        {
          "si": 25,
          "sti": 14,
          "dti": 436,
          "sco": 70,
          "dco": 2242,
          "txt": "of"
        },
        {
          "si": 25,
          "sti": 15,
          "dti": 437,
          "sco": 73,
          "dco": 2245,
          "txt": "Historic"
        },
        {
          "si": 25,
          "sti": 16,
          "dti": 438,
          "sco": 82,
          "dco": 2254,
          "txt": "Places"
        },
        {
          "si": 25,
          "sti": 17,
          "dti": 439,
          "sco": 89,
          "dco": 2261,
          "txt": "by"
        },
        {
          "si": 25,
          "sti": 18,
          "dti": 440,
          "sco": 92,
          "dco": 2264,
          "txt": "the"
        },
        {
          "si": 25,
          "sti": 19,
          "dti": 441,
          "sco": 96,
          "dco": 2268,
          "txt": "Kansas"
        },
        {
          "si": 25,
          "sti": 20,
          "dti": 442,
          "sco": 103,
          "dco": 2275,
          "txt": "Historical"
        },
        {
          "si": 25,
          "sti": 21,
          "dti": 443,
          "sco": 114,
          "dco": 2286,
          "txt": "Society"
        },
        {
          "si": 25,
          "sti": 22,
          "dti": 444,
          "sco": 121,
          "dco": 2293,
          "txt": "."
        },
        {
          "si": 26,
          "sti": 0,
          "dti": 445,
          "sco": 0,
          "dco": 2295,
          "txt": "It"
        },
        {
          "si": 26,
          "sti": 1,
          "dti": 446,
          "sco": 3,
          "dco": 2298,
          "txt": "was"
        },
        {
          "si": 26,
          "sti": 2,
          "dti": 447,
          "sco": 7,
          "dco": 2302,
          "txt": "listed"
        },
        {
          "si": 26,
          "sti": 3,
          "dti": 448,
          "sco": 14,
          "dco": 2309,
          "txt": "on"
        },
        {
          "si": 26,
          "sti": 4,
          "dti": 449,
          "sco": 17,
          "dco": 2312,
          "txt": "the"
        },
        {
          "si": 26,
          "sti": 5,
          "dti": 450,
          "sco": 21,
          "dco": 2316,
          "txt": "National"
        },
        {
          "si": 26,
          "sti": 6,
          "dti": 451,
          "sco": 30,
          "dco": 2325,
          "txt": "Register"
        },
        {
          "si": 26,
          "sti": 7,
          "dti": 452,
          "sco": 39,
          "dco": 2334,
          "txt": "of"
        },
        {
          "si": 26,
          "sti": 8,
          "dti": 453,
          "sco": 42,
          "dco": 2337,
          "txt": "Historic"
        },
        {
          "si": 26,
          "sti": 9,
          "dti": 454,
          "sco": 51,
          "dco": 2346,
          "txt": "Places"
        },
        {
          "si": 26,
          "sti": 10,
          "dti": 455,
          "sco": 58,
          "dco": 2353,
          "txt": "on"
        },
        {
          "si": 26,
          "sti": 11,
          "dti": 456,
          "sco": 61,
          "dco": 2356,
          "txt": "September"
        },
        {
          "si": 26,
          "sti": 12,
          "dti": 457,
          "sco": 71,
          "dco": 2366,
          "txt": "2"
        },
        {
          "si": 26,
          "sti": 13,
          "dti": 458,
          "sco": 72,
          "dco": 2367,
          "txt": ","
        },
        {
          "si": 26,
          "sti": 14,
          "dti": 459,
          "sco": 74,
          "dco": 2369,
          "txt": "2009"
        },
        {
          "si": 26,
          "sti": 15,
          "dti": 460,
          "sco": 78,
          "dco": 2373,
          "txt": "."
        },
        {
          "si": 27,
          "sti": 0,
          "dti": 461,
          "sco": 0,
          "dco": 2375,
          "txt": "The"
        },
        {
          "si": 27,
          "sti": 1,
          "dti": 462,
          "sco": 4,
          "dco": 2379,
          "txt": "building"
        },
        {
          "si": 27,
          "sti": 2,
          "dti": 463,
          "sco": 12,
          "dco": 2387,
          "txt": "'"
        },
        {
          "si": 27,
          "sti": 3,
          "dti": 464,
          "sco": 13,
          "dco": 2388,
          "txt": "s"
        },
        {
          "si": 27,
          "sti": 4,
          "dti": 465,
          "sco": 15,
          "dco": 2390,
          "txt": "architectural"
        },
        {
          "si": 27,
          "sti": 5,
          "dti": 466,
          "sco": 29,
          "dco": 2404,
          "txt": "style"
        },
        {
          "si": 27,
          "sti": 6,
          "dti": 467,
          "sco": 35,
          "dco": 2410,
          "txt": "is"
        },
        {
          "si": 27,
          "sti": 7,
          "dti": 468,
          "sco": 38,
          "dco": 2413,
          "txt": "described"
        },
        {
          "si": 27,
          "sti": 8,
          "dti": 469,
          "sco": 48,
          "dco": 2423,
          "txt": "as"
        },
        {
          "si": 27,
          "sti": 9,
          "dti": 470,
          "sco": 51,
          "dco": 2426,
          "txt": "\""
        },
        {
          "si": 27,
          "sti": 10,
          "dti": 471,
          "sco": 52,
          "dco": 2427,
          "txt": "an"
        },
        {
          "si": 27,
          "sti": 11,
          "dti": 472,
          "sco": 55,
          "dco": 2430,
          "txt": "eclectic"
        },
        {
          "si": 27,
          "sti": 12,
          "dti": 473,
          "sco": 64,
          "dco": 2439,
          "txt": "Victorian"
        },
        {
          "si": 27,
          "sti": 13,
          "dti": 474,
          "sco": 73,
          "dco": 2448,
          "txt": "-"
        },
        {
          "si": 27,
          "sti": 14,
          "dti": 475,
          "sco": 74,
          "dco": 2449,
          "txt": "era"
        },
        {
          "si": 27,
          "sti": 15,
          "dti": 476,
          "sco": 78,
          "dco": 2453,
          "txt": "church"
        },
        {
          "si": 27,
          "sti": 16,
          "dti": 477,
          "sco": 85,
          "dco": 2460,
          "txt": "building"
        },
        {
          "si": 27,
          "sti": 17,
          "dti": 478,
          "sco": 94,
          "dco": 2469,
          "txt": "with"
        },
        {
          "si": 27,
          "sti": 18,
          "dti": 479,
          "sco": 99,
          "dco": 2474,
          "txt": "Gothic"
        },
        {
          "si": 27,
          "sti": 19,
          "dti": 480,
          "sco": 106,
          "dco": 2481,
          "txt": "and"
        },
        {
          "si": 27,
          "sti": 20,
          "dti": 481,
          "sco": 110,
          "dco": 2485,
          "txt": "Romanesque"
        },
        {
          "si": 27,
          "sti": 21,
          "dti": 482,
          "sco": 121,
          "dco": 2496,
          "txt": "Revival"
        },
        {
          "si": 27,
          "sti": 22,
          "dti": 483,
          "sco": 129,
          "dco": 2504,
          "txt": "characteristics"
        },
        {
          "si": 27,
          "sti": 23,
          "dti": 484,
          "sco": 144,
          "dco": 2519,
          "txt": "."
        },
        {
          "si": 27,
          "sti": 24,
          "dti": 485,
          "sco": 145,
          "dco": 2520,
          "txt": "\""
        }
      ]
    },
    "ganns": {
      "dla": [],
      "la": [],
      "ea": [],
      "eta": [
        {
          "ra": {
            "ea": {
              "etn": "Plymouth_Congregational_Church_(Lawrence,_Kansas)"
            }
          },
          "sfs": [
            [
              {
                "stn": "openingYear"
              },
              {}
            ]
          ],
          "mfs": [
            [
              {
                "stn": "architect"
              },
              {
                "dla": [],
                "la": [],
                "ea": [
                  {
                    "etn": "John_G._Haskell"
                  }
                ],
                "eta": []
              }
            ],
            [
              {
                "stn": "yearOfConstruction"
              },
              {
                "dla": [
                  {
                    "txt": {
                      "sff": "1868"
                    },
                    "et": {
                      "etn": "Year"
                    },
                    "dp": {
                      "off": 1768
                    }
                  }
                ],
                "la": [],
                "ea": [],
                "eta": []
              }
            ],
            [
              {
                "stn": "architecturalStyle"
              },
              {
                "dla": [],
                "la": [],
                "ea": [
                  {
                    "etn": "Victorian_architecture"
                  },
                  {
                    "etn": "Romanesque_Revival_architecture"
                  }
                ],
                "eta": []
              }
            ],
            [
              {
                "stn": "location"
              },
              {
                "dla": [],
                "la": [],
                "ea": [
                  {
                    "etn": "Lawrence,_Kansas"
                  }
                ],
                "eta": []
              }
            ]
          ]
        }
      ]
    }
  }
]
