[
  {
    "context": "TEST",
    "doc": {
      "id": "Ramey_House",
      "tl": [
        {
          "si": 0,
          "sti": 0,
          "dti": 0,
          "sco": 0,
          "dco": 0,
          "txt": "Ramey"
        },
        {
          "si": 0,
          "sti": 1,
          "dti": 1,
          "sco": 6,
          "dco": 6,
          "txt": "House"
        },
        {
          "si": 0,
          "sti": 2,
          "dti": 2,
          "sco": 11,
          "dco": 11,
          "txt": "."
        },
        {
          "si": 1,
          "sti": 0,
          "dti": 3,
          "sco": 0,
          "dco": 13,
          "txt": "The"
        },
        {
          "si": 1,
          "sti": 1,
          "dti": 4,
          "sco": 4,
          "dco": 17,
          "txt": "Ramey"
        },
        {
          "si": 1,
          "sti": 2,
          "dti": 5,
          "sco": 10,
          "dco": 23,
          "txt": "House"
        },
        {
          "si": 1,
          "sti": 3,
          "dti": 6,
          "sco": 16,
          "dco": 29,
          "txt": "is"
        },
        {
          "si": 1,
          "sti": 4,
          "dti": 7,
          "sco": 19,
          "dco": 32,
          "txt": "a"
        },
        {
          "si": 1,
          "sti": 5,
          "dti": 8,
          "sco": 21,
          "dco": 34,
          "txt": "historic"
        },
        {
          "si": 1,
          "sti": 6,
          "dti": 9,
          "sco": 30,
          "dco": 43,
          "txt": "Colonial"
        },
        {
          "si": 1,
          "sti": 7,
          "dti": 10,
          "sco": 39,
          "dco": 52,
          "txt": "Revival"
        },
        {
          "si": 1,
          "sti": 8,
          "dti": 11,
          "sco": 47,
          "dco": 60,
          "txt": "house"
        },
        {
          "si": 1,
          "sti": 9,
          "dti": 12,
          "sco": 53,
          "dco": 66,
          "txt": "located"
        },
        {
          "si": 1,
          "sti": 10,
          "dti": 13,
          "sco": 61,
          "dco": 74,
          "txt": "at"
        },
        {
          "si": 1,
          "sti": 11,
          "dti": 14,
          "sco": 64,
          "dco": 77,
          "txt": "the"
        },
        {
          "si": 1,
          "sti": 12,
          "dti": 15,
          "sco": 68,
          "dco": 81,
          "txt": "corner"
        },
        {
          "si": 1,
          "sti": 13,
          "dti": 16,
          "sco": 75,
          "dco": 88,
          "txt": "of"
        },
        {
          "si": 1,
          "sti": 14,
          "dti": 17,
          "sco": 78,
          "dco": 91,
          "txt": "Houston"
        },
        {
          "si": 1,
          "sti": 15,
          "dti": 18,
          "sco": 86,
          "dco": 99,
          "txt": "and"
        },
        {
          "si": 1,
          "sti": 16,
          "dti": 19,
          "sco": 90,
          "dco": 103,
          "txt": "Broadway"
        },
        {
          "si": 1,
          "sti": 17,
          "dti": 20,
          "sco": 99,
          "dco": 112,
          "txt": "Streets"
        },
        {
          "si": 1,
          "sti": 18,
          "dti": 21,
          "sco": 107,
          "dco": 120,
          "txt": "in"
        },
        {
          "si": 1,
          "sti": 19,
          "dti": 22,
          "sco": 110,
          "dco": 123,
          "txt": "Tyler"
        },
        {
          "si": 1,
          "sti": 20,
          "dti": 23,
          "sco": 115,
          "dco": 128,
          "txt": ","
        },
        {
          "si": 1,
          "sti": 21,
          "dti": 24,
          "sco": 117,
          "dco": 130,
          "txt": "Texas"
        },
        {
          "si": 1,
          "sti": 22,
          "dti": 25,
          "sco": 122,
          "dco": 135,
          "txt": "."
        },
        {
          "si": 2,
          "sti": 0,
          "dti": 26,
          "sco": 0,
          "dco": 137,
          "txt": "The"
        },
        {
          "si": 2,
          "sti": 1,
          "dti": 27,
          "sco": 4,
          "dco": 141,
          "txt": "house"
        },
        {
          "si": 2,
          "sti": 2,
          "dti": 28,
          "sco": 10,
          "dco": 147,
          "txt": "was"
        },
        {
          "si": 2,
          "sti": 3,
          "dti": 29,
          "sco": 14,
          "dco": 151,
          "txt": "built"
        },
        {
          "si": 2,
          "sti": 4,
          "dti": 30,
          "sco": 20,
          "dco": 157,
          "txt": "in"
        },
        {
          "si": 2,
          "sti": 5,
          "dti": 31,
          "sco": 23,
          "dco": 160,
          "txt": "1903"
        },
        {
          "si": 2,
          "sti": 6,
          "dti": 32,
          "sco": 27,
          "dco": 164,
          "txt": "."
        },
        {
          "si": 3,
          "sti": 0,
          "dti": 33,
          "sco": 0,
          "dco": 166,
          "txt": "The"
        },
        {
          "si": 3,
          "sti": 1,
          "dti": 34,
          "sco": 4,
          "dco": 170,
          "txt": "interior"
        },
        {
          "si": 3,
          "sti": 2,
          "dti": 35,
          "sco": 13,
          "dco": 179,
          "txt": "was"
        },
        {
          "si": 3,
          "sti": 3,
          "dti": 36,
          "sco": 17,
          "dco": 183,
          "txt": "extensively"
        },
        {
          "si": 3,
          "sti": 4,
          "dti": 37,
          "sco": 29,
          "dco": 195,
          "txt": "renovated"
        },
        {
          "si": 3,
          "sti": 5,
          "dti": 38,
          "sco": 39,
          "dco": 205,
          "txt": "in"
        },
        {
          "si": 3,
          "sti": 6,
          "dti": 39,
          "sco": 42,
          "dco": 208,
          "txt": "1935"
        },
        {
          "si": 3,
          "sti": 7,
          "dti": 40,
          "sco": 47,
          "dco": 213,
          "txt": "based"
        },
        {
          "si": 3,
          "sti": 8,
          "dti": 41,
          "sco": 53,
          "dco": 219,
          "txt": "on"
        },
        {
          "si": 3,
          "sti": 9,
          "dti": 42,
          "sco": 56,
          "dco": 222,
          "txt": "designs"
        },
        {
          "si": 3,
          "sti": 10,
          "dti": 43,
          "sco": 64,
          "dco": 230,
          "txt": "by"
        },
        {
          "si": 3,
          "sti": 11,
          "dti": 44,
          "sco": 67,
          "dco": 233,
          "txt": "architect"
        },
        {
          "si": 3,
          "sti": 12,
          "dti": 45,
          "sco": 77,
          "dco": 243,
          "txt": "Shirley"
        },
        {
          "si": 3,
          "sti": 13,
          "dti": 46,
          "sco": 85,
          "dco": 251,
          "txt": "Simons"
        },
        {
          "si": 3,
          "sti": 14,
          "dti": 47,
          "sco": 91,
          "dco": 257,
          "txt": "."
        },
        {
          "si": 4,
          "sti": 0,
          "dti": 48,
          "sco": 0,
          "dco": 259,
          "txt": "The"
        },
        {
          "si": 4,
          "sti": 1,
          "dti": 49,
          "sco": 4,
          "dco": 263,
          "txt": "house"
        },
        {
          "si": 4,
          "sti": 2,
          "dti": 50,
          "sco": 10,
          "dco": 269,
          "txt": "was"
        },
        {
          "si": 4,
          "sti": 3,
          "dti": 51,
          "sco": 14,
          "dco": 273,
          "txt": "converted"
        },
        {
          "si": 4,
          "sti": 4,
          "dti": 52,
          "sco": 24,
          "dco": 283,
          "txt": "into"
        },
        {
          "si": 4,
          "sti": 5,
          "dti": 53,
          "sco": 29,
          "dco": 288,
          "txt": "law"
        },
        {
          "si": 4,
          "sti": 6,
          "dti": 54,
          "sco": 33,
          "dco": 292,
          "txt": "offices"
        },
        {
          "si": 4,
          "sti": 7,
          "dti": 55,
          "sco": 41,
          "dco": 300,
          "txt": "in"
        },
        {
          "si": 4,
          "sti": 8,
          "dti": 56,
          "sco": 44,
          "dco": 303,
          "txt": "the"
        },
        {
          "si": 4,
          "sti": 9,
          "dti": 57,
          "sco": 48,
          "dco": 307,
          "txt": "early"
        },
        {
          "si": 4,
          "sti": 10,
          "dti": 58,
          "sco": 54,
          "dco": 313,
          "txt": "1980"
        },
        {
          "si": 4,
          "sti": 11,
          "dti": 59,
          "sco": 58,
          "dco": 317,
          "txt": "s"
        },
        {
          "si": 4,
          "sti": 12,
          "dti": 60,
          "sco": 60,
          "dco": 319,
          "txt": "and"
        },
        {
          "si": 4,
          "sti": 13,
          "dti": 61,
          "sco": 64,
          "dco": 323,
          "txt": "has"
        },
        {
          "si": 4,
          "sti": 14,
          "dti": 62,
          "sco": 68,
          "dco": 327,
          "txt": "also"
        },
        {
          "si": 4,
          "sti": 15,
          "dti": 63,
          "sco": 73,
          "dco": 332,
          "txt": "been"
        },
        {
          "si": 4,
          "sti": 16,
          "dti": 64,
          "sco": 78,
          "dco": 337,
          "txt": "known"
        },
        {
          "si": 4,
          "sti": 17,
          "dti": 65,
          "sco": 84,
          "dco": 343,
          "txt": "as"
        },
        {
          "si": 4,
          "sti": 18,
          "dti": 66,
          "sco": 87,
          "dco": 346,
          "txt": "Grainger"
        },
        {
          "si": 4,
          "sti": 19,
          "dti": 67,
          "sco": 96,
          "dco": 355,
          "txt": "and"
        },
        {
          "si": 4,
          "sti": 20,
          "dti": 68,
          "sco": 100,
          "dco": 359,
          "txt": "Petterson"
        },
        {
          "si": 4,
          "sti": 21,
          "dti": 69,
          "sco": 110,
          "dco": 369,
          "txt": "Law"
        },
        {
          "si": 4,
          "sti": 22,
          "dti": 70,
          "sco": 114,
          "dco": 373,
          "txt": "Offices"
        },
        {
          "si": 4,
          "sti": 23,
          "dti": 71,
          "sco": 121,
          "dco": 380,
          "txt": "."
        },
        {
          "si": 5,
          "sti": 0,
          "dti": 72,
          "sco": 0,
          "dco": 382,
          "txt": "It"
        },
        {
          "si": 5,
          "sti": 1,
          "dti": 73,
          "sco": 3,
          "dco": 385,
          "txt": "was"
        },
        {
          "si": 5,
          "sti": 2,
          "dti": 74,
          "sco": 7,
          "dco": 389,
          "txt": "listed"
        },
        {
          "si": 5,
          "sti": 3,
          "dti": 75,
          "sco": 14,
          "dco": 396,
          "txt": "on"
        },
        {
          "si": 5,
          "sti": 4,
          "dti": 76,
          "sco": 17,
          "dco": 399,
          "txt": "the"
        },
        {
          "si": 5,
          "sti": 5,
          "dti": 77,
          "sco": 21,
          "dco": 403,
          "txt": "National"
        },
        {
          "si": 5,
          "sti": 6,
          "dti": 78,
          "sco": 30,
          "dco": 412,
          "txt": "Register"
        },
        {
          "si": 5,
          "sti": 7,
          "dti": 79,
          "sco": 39,
          "dco": 421,
          "txt": "of"
        },
        {
          "si": 5,
          "sti": 8,
          "dti": 80,
          "sco": 42,
          "dco": 424,
          "txt": "Historic"
        },
        {
          "si": 5,
          "sti": 9,
          "dti": 81,
          "sco": 51,
          "dco": 433,
          "txt": "Places"
        },
        {
          "si": 5,
          "sti": 10,
          "dti": 82,
          "sco": 58,
          "dco": 440,
          "txt": "in"
        },
        {
          "si": 5,
          "sti": 11,
          "dti": 83,
          "sco": 61,
          "dco": 443,
          "txt": "1982"
        },
        {
          "si": 5,
          "sti": 12,
          "dti": 84,
          "sco": 65,
          "dco": 447,
          "txt": "."
        },
        {
          "si": 6,
          "sti": 0,
          "dti": 85,
          "sco": 0,
          "dco": 449,
          "txt": "The"
        },
        {
          "si": 6,
          "sti": 1,
          "dti": 86,
          "sco": 4,
          "dco": 453,
          "txt": "listing"
        },
        {
          "si": 6,
          "sti": 2,
          "dti": 87,
          "sco": 12,
          "dco": 461,
          "txt": "included"
        },
        {
          "si": 6,
          "sti": 3,
          "dti": 88,
          "sco": 21,
          "dco": 470,
          "txt": "one"
        },
        {
          "si": 6,
          "sti": 4,
          "dti": 89,
          "sco": 25,
          "dco": 474,
          "txt": "contributing"
        },
        {
          "si": 6,
          "sti": 5,
          "dti": 90,
          "sco": 38,
          "dco": 487,
          "txt": "building"
        },
        {
          "si": 6,
          "sti": 6,
          "dti": 91,
          "sco": 47,
          "dco": 496,
          "txt": "and"
        },
        {
          "si": 6,
          "sti": 7,
          "dti": 92,
          "sco": 51,
          "dco": 500,
          "txt": "one"
        },
        {
          "si": 6,
          "sti": 8,
          "dti": 93,
          "sco": 55,
          "dco": 504,
          "txt": "contributing"
        },
        {
          "si": 6,
          "sti": 9,
          "dti": 94,
          "sco": 68,
          "dco": 517,
          "txt": "site"
        },
        {
          "si": 6,
          "sti": 10,
          "dti": 95,
          "sco": 72,
          "dco": 521,
          "txt": "."
        }
      ]
    },
    "ganns": {
      "dla": [],
      "la": [],
      "ea": [],
      "eta": [
        {
          "ra": {
            "ea": {
              "etn": "Ramey_House"
            }
          },
          "sfs": [
            [
              {
                "stn": "openingYear"
              },
              {}
            ]
          ],
          "mfs": [
            [
              {
                "stn": "architect"
              },
              {
                "dla": [],
                "la": [],
                "ea": [
                  {
                    "etn": "Shirley_Simons"
                  }
                ],
                "eta": []
              }
            ],
            [
              {
                "stn": "yearOfConstruction"
              },
              {
                "dla": [
                  {
                    "txt": {
                      "sff": "1903"
                    },
                    "et": {
                      "etn": "Year"
                    },
                    "dp": {
                      "off": 160
                    }
                  }
                ],
                "la": [],
                "ea": [],
                "eta": []
              }
            ],
            [
              {
                "stn": "architecturalStyle"
              },
              {
                "dla": [],
                "la": [],
                "ea": [
                  {
                    "etn": "Colonial_Revival_architecture"
                  }
                ],
                "eta": []
              }
            ],
            [
              {
                "stn": "location"
              },
              {
                "dla": [],
                "la": [],
                "ea": [
                  {
                    "etn": "Tyler,_Texas"
                  }
                ],
                "eta": []
              }
            ]
          ]
        }
      ]
    }
  }
]
