[
  {
    "context": "TRAIN",
    "doc": {
      "id": "Ranney_Bridge",
      "tl": [
        {
          "si": 0,
          "sti": 0,
          "dti": 0,
          "sco": 0,
          "dco": 0,
          "txt": "Ranney"
        },
        {
          "si": 0,
          "sti": 1,
          "dti": 1,
          "sco": 7,
          "dco": 7,
          "txt": "Bridge"
        },
        {
          "si": 0,
          "sti": 2,
          "dti": 2,
          "sco": 13,
          "dco": 13,
          "txt": "."
        },
        {
          "si": 1,
          "sti": 0,
          "dti": 3,
          "sco": 0,
          "dco": 15,
          "txt": "Ranney"
        },
        {
          "si": 1,
          "sti": 1,
          "dti": 4,
          "sco": 7,
          "dco": 22,
          "txt": "Bridge"
        },
        {
          "si": 1,
          "sti": 2,
          "dti": 5,
          "sco": 14,
          "dco": 29,
          "txt": "is"
        },
        {
          "si": 1,
          "sti": 3,
          "dti": 6,
          "sco": 17,
          "dco": 32,
          "txt": "a"
        },
        {
          "si": 1,
          "sti": 4,
          "dti": 7,
          "sco": 19,
          "dco": 34,
          "txt": "historic"
        },
        {
          "si": 1,
          "sti": 5,
          "dti": 8,
          "sco": 28,
          "dco": 43,
          "txt": "Pratt"
        },
        {
          "si": 1,
          "sti": 6,
          "dti": 9,
          "sco": 34,
          "dco": 49,
          "txt": "Pony"
        },
        {
          "si": 1,
          "sti": 7,
          "dti": 10,
          "sco": 39,
          "dco": 54,
          "txt": "Truss"
        },
        {
          "si": 1,
          "sti": 8,
          "dti": 11,
          "sco": 45,
          "dco": 60,
          "txt": "Bridge"
        },
        {
          "si": 1,
          "sti": 9,
          "dti": 12,
          "sco": 52,
          "dco": 67,
          "txt": "over"
        },
        {
          "si": 1,
          "sti": 10,
          "dti": 13,
          "sco": 57,
          "dco": 72,
          "txt": "the"
        },
        {
          "si": 1,
          "sti": 11,
          "dti": 14,
          "sco": 61,
          "dco": 76,
          "txt": "Ausable"
        },
        {
          "si": 1,
          "sti": 12,
          "dti": 15,
          "sco": 69,
          "dco": 84,
          "txt": "River"
        },
        {
          "si": 1,
          "sti": 13,
          "dti": 16,
          "sco": 75,
          "dco": 90,
          "txt": "at"
        },
        {
          "si": 1,
          "sti": 14,
          "dti": 17,
          "sco": 78,
          "dco": 93,
          "txt": "Keene"
        },
        {
          "si": 1,
          "sti": 15,
          "dti": 18,
          "sco": 84,
          "dco": 99,
          "txt": "Valley"
        },
        {
          "si": 1,
          "sti": 16,
          "dti": 19,
          "sco": 91,
          "dco": 106,
          "txt": "in"
        },
        {
          "si": 1,
          "sti": 17,
          "dti": 20,
          "sco": 94,
          "dco": 109,
          "txt": "Essex"
        },
        {
          "si": 1,
          "sti": 18,
          "dti": 21,
          "sco": 100,
          "dco": 115,
          "txt": "County"
        },
        {
          "si": 1,
          "sti": 19,
          "dti": 22,
          "sco": 106,
          "dco": 121,
          "txt": ","
        },
        {
          "si": 1,
          "sti": 20,
          "dti": 23,
          "sco": 108,
          "dco": 123,
          "txt": "New"
        },
        {
          "si": 1,
          "sti": 21,
          "dti": 24,
          "sco": 112,
          "dco": 127,
          "txt": "York"
        },
        {
          "si": 1,
          "sti": 22,
          "dti": 25,
          "sco": 116,
          "dco": 131,
          "txt": "."
        },
        {
          "si": 2,
          "sti": 0,
          "dti": 26,
          "sco": 0,
          "dco": 133,
          "txt": "It"
        },
        {
          "si": 2,
          "sti": 1,
          "dti": 27,
          "sco": 3,
          "dco": 136,
          "txt": "was"
        },
        {
          "si": 2,
          "sti": 2,
          "dti": 28,
          "sco": 7,
          "dco": 140,
          "txt": "built"
        },
        {
          "si": 2,
          "sti": 3,
          "dti": 29,
          "sco": 13,
          "dco": 146,
          "txt": "in"
        },
        {
          "si": 2,
          "sti": 4,
          "dti": 30,
          "sco": 16,
          "dco": 149,
          "txt": "1902"
        },
        {
          "si": 2,
          "sti": 5,
          "dti": 31,
          "sco": 21,
          "dco": 154,
          "txt": "and"
        },
        {
          "si": 2,
          "sti": 6,
          "dti": 32,
          "sco": 25,
          "dco": 158,
          "txt": "was"
        },
        {
          "si": 2,
          "sti": 7,
          "dti": 33,
          "sco": 29,
          "dco": 162,
          "txt": "built"
        },
        {
          "si": 2,
          "sti": 8,
          "dti": 34,
          "sco": 35,
          "dco": 168,
          "txt": "by"
        },
        {
          "si": 2,
          "sti": 9,
          "dti": 35,
          "sco": 38,
          "dco": 171,
          "txt": "the"
        },
        {
          "si": 2,
          "sti": 10,
          "dti": 36,
          "sco": 42,
          "dco": 175,
          "txt": "Canton"
        },
        {
          "si": 2,
          "sti": 11,
          "dti": 37,
          "sco": 49,
          "dco": 182,
          "txt": "Iron"
        },
        {
          "si": 2,
          "sti": 12,
          "dti": 38,
          "sco": 54,
          "dco": 187,
          "txt": "Bridge"
        },
        {
          "si": 2,
          "sti": 13,
          "dti": 39,
          "sco": 61,
          "dco": 194,
          "txt": "Company"
        },
        {
          "si": 2,
          "sti": 14,
          "dti": 40,
          "sco": 68,
          "dco": 201,
          "txt": "."
        },
        {
          "si": 3,
          "sti": 0,
          "dti": 41,
          "sco": 0,
          "dco": 203,
          "txt": "It"
        },
        {
          "si": 3,
          "sti": 1,
          "dti": 42,
          "sco": 3,
          "dco": 206,
          "txt": "was"
        },
        {
          "si": 3,
          "sti": 2,
          "dti": 43,
          "sco": 7,
          "dco": 210,
          "txt": "originally"
        },
        {
          "si": 3,
          "sti": 3,
          "dti": 44,
          "sco": 18,
          "dco": 221,
          "txt": "located"
        },
        {
          "si": 3,
          "sti": 4,
          "dti": 45,
          "sco": 26,
          "dco": 229,
          "txt": "at"
        },
        {
          "si": 3,
          "sti": 5,
          "dti": 46,
          "sco": 29,
          "dco": 232,
          "txt": "the"
        },
        {
          "si": 3,
          "sti": 6,
          "dti": 47,
          "sco": 33,
          "dco": 236,
          "txt": "hamlet"
        },
        {
          "si": 3,
          "sti": 7,
          "dti": 48,
          "sco": 40,
          "dco": 243,
          "txt": "of"
        },
        {
          "si": 3,
          "sti": 8,
          "dti": 49,
          "sco": 43,
          "dco": 246,
          "txt": "New"
        },
        {
          "si": 3,
          "sti": 9,
          "dti": 50,
          "sco": 47,
          "dco": 250,
          "txt": "Russia"
        },
        {
          "si": 3,
          "sti": 10,
          "dti": 51,
          "sco": 54,
          "dco": 257,
          "txt": "and"
        },
        {
          "si": 3,
          "sti": 11,
          "dti": 52,
          "sco": 58,
          "dco": 261,
          "txt": "moved"
        },
        {
          "si": 3,
          "sti": 12,
          "dti": 53,
          "sco": 64,
          "dco": 267,
          "txt": "to"
        },
        {
          "si": 3,
          "sti": 13,
          "dti": 54,
          "sco": 67,
          "dco": 270,
          "txt": "its"
        },
        {
          "si": 3,
          "sti": 14,
          "dti": 55,
          "sco": 71,
          "dco": 274,
          "txt": "present"
        },
        {
          "si": 3,
          "sti": 15,
          "dti": 56,
          "sco": 79,
          "dco": 282,
          "txt": "site"
        },
        {
          "si": 3,
          "sti": 16,
          "dti": 57,
          "sco": 84,
          "dco": 287,
          "txt": "about"
        },
        {
          "si": 3,
          "sti": 17,
          "dti": 58,
          "sco": 90,
          "dco": 293,
          "txt": "1925"
        },
        {
          "si": 3,
          "sti": 18,
          "dti": 59,
          "sco": 94,
          "dco": 297,
          "txt": "."
        },
        {
          "si": 4,
          "sti": 0,
          "dti": 60,
          "sco": 0,
          "dco": 299,
          "txt": "It"
        },
        {
          "si": 4,
          "sti": 1,
          "dti": 61,
          "sco": 3,
          "dco": 302,
          "txt": "is"
        },
        {
          "si": 4,
          "sti": 2,
          "dti": 62,
          "sco": 6,
          "dco": 305,
          "txt": "15"
        },
        {
          "si": 4,
          "sti": 3,
          "dti": 63,
          "sco": 9,
          "dco": 308,
          "txt": "feet"
        },
        {
          "si": 4,
          "sti": 4,
          "dti": 64,
          "sco": 13,
          "dco": 312,
          "txt": ","
        },
        {
          "si": 4,
          "sti": 5,
          "dti": 65,
          "sco": 15,
          "dco": 314,
          "txt": "9"
        },
        {
          "si": 4,
          "sti": 6,
          "dti": 66,
          "sco": 16,
          "dco": 315,
          "txt": " "
        },
        {
          "si": 4,
          "sti": 7,
          "dti": 67,
          "sco": 17,
          "dco": 316,
          "txt": "inches"
        },
        {
          "si": 4,
          "sti": 8,
          "dti": 68,
          "sco": 24,
          "dco": 323,
          "txt": "wide"
        },
        {
          "si": 4,
          "sti": 9,
          "dti": 69,
          "sco": 29,
          "dco": 328,
          "txt": "and"
        },
        {
          "si": 4,
          "sti": 10,
          "dti": 70,
          "sco": 33,
          "dco": 332,
          "txt": "spanning"
        },
        {
          "si": 4,
          "sti": 11,
          "dti": 71,
          "sco": 42,
          "dco": 341,
          "txt": "59"
        },
        {
          "si": 4,
          "sti": 12,
          "dti": 72,
          "sco": 45,
          "dco": 344,
          "txt": "feet"
        },
        {
          "si": 4,
          "sti": 13,
          "dti": 73,
          "sco": 49,
          "dco": 348,
          "txt": ","
        },
        {
          "si": 4,
          "sti": 14,
          "dti": 74,
          "sco": 51,
          "dco": 350,
          "txt": "9"
        },
        {
          "si": 4,
          "sti": 15,
          "dti": 75,
          "sco": 52,
          "dco": 351,
          "txt": " "
        },
        {
          "si": 4,
          "sti": 16,
          "dti": 76,
          "sco": 53,
          "dco": 352,
          "txt": "inches"
        },
        {
          "si": 4,
          "sti": 17,
          "dti": 77,
          "sco": 60,
          "dco": 359,
          "txt": "at"
        },
        {
          "si": 4,
          "sti": 18,
          "dti": 78,
          "sco": 63,
          "dco": 362,
          "txt": "roughly"
        },
        {
          "si": 4,
          "sti": 19,
          "dti": 79,
          "sco": 71,
          "dco": 370,
          "txt": "7"
        },
        {
          "si": 4,
          "sti": 20,
          "dti": 80,
          "sco": 73,
          "dco": 372,
          "txt": "feet"
        },
        {
          "si": 4,
          "sti": 21,
          "dti": 81,
          "sco": 77,
          "dco": 376,
          "txt": ","
        },
        {
          "si": 4,
          "sti": 22,
          "dti": 82,
          "sco": 79,
          "dco": 378,
          "txt": "4"
        },
        {
          "si": 4,
          "sti": 23,
          "dti": 83,
          "sco": 80,
          "dco": 379,
          "txt": " "
        },
        {
          "si": 4,
          "sti": 24,
          "dti": 84,
          "sco": 81,
          "dco": 380,
          "txt": "inches"
        },
        {
          "si": 4,
          "sti": 25,
          "dti": 85,
          "sco": 88,
          "dco": 387,
          "txt": "above"
        },
        {
          "si": 4,
          "sti": 26,
          "dti": 86,
          "sco": 94,
          "dco": 393,
          "txt": "water"
        },
        {
          "si": 4,
          "sti": 27,
          "dti": 87,
          "sco": 100,
          "dco": 399,
          "txt": "level"
        },
        {
          "si": 4,
          "sti": 28,
          "dti": 88,
          "sco": 105,
          "dco": 404,
          "txt": "."
        },
        {
          "si": 5,
          "sti": 0,
          "dti": 89,
          "sco": 0,
          "dco": 406,
          "txt": "It"
        },
        {
          "si": 5,
          "sti": 1,
          "dti": 90,
          "sco": 3,
          "dco": 409,
          "txt": "was"
        },
        {
          "si": 5,
          "sti": 2,
          "dti": 91,
          "sco": 7,
          "dco": 413,
          "txt": "listed"
        },
        {
          "si": 5,
          "sti": 3,
          "dti": 92,
          "sco": 14,
          "dco": 420,
          "txt": "on"
        },
        {
          "si": 5,
          "sti": 4,
          "dti": 93,
          "sco": 17,
          "dco": 423,
          "txt": "the"
        },
        {
          "si": 5,
          "sti": 5,
          "dti": 94,
          "sco": 21,
          "dco": 427,
          "txt": "National"
        },
        {
          "si": 5,
          "sti": 6,
          "dti": 95,
          "sco": 30,
          "dco": 436,
          "txt": "Register"
        },
        {
          "si": 5,
          "sti": 7,
          "dti": 96,
          "sco": 39,
          "dco": 445,
          "txt": "of"
        },
        {
          "si": 5,
          "sti": 8,
          "dti": 97,
          "sco": 42,
          "dco": 448,
          "txt": "Historic"
        },
        {
          "si": 5,
          "sti": 9,
          "dti": 98,
          "sco": 51,
          "dco": 457,
          "txt": "Places"
        },
        {
          "si": 5,
          "sti": 10,
          "dti": 99,
          "sco": 58,
          "dco": 464,
          "txt": "in"
        },
        {
          "si": 5,
          "sti": 11,
          "dti": 100,
          "sco": 61,
          "dco": 467,
          "txt": "1999"
        },
        {
          "si": 5,
          "sti": 12,
          "dti": 101,
          "sco": 65,
          "dco": 471,
          "txt": "."
        }
      ]
    },
    "ganns": {
      "dla": [],
      "la": [],
      "ea": [],
      "eta": [
        {
          "ra": {
            "ea": {
              "etn": "Ranney_Bridge"
            }
          },
          "sfs": [
            [
              {
                "stn": "openingYear"
              },
              {}
            ]
          ],
          "mfs": [
            [
              {
                "stn": "architect"
              },
              {
                "dla": [],
                "la": [],
                "ea": [],
                "eta": []
              }
            ],
            [
              {
                "stn": "yearOfConstruction"
              },
              {
                "dla": [
                  {
                    "txt": {
                      "sff": "1902"
                    },
                    "et": {
                      "etn": "Year"
                    },
                    "dp": {
                      "off": 149
                    }
                  }
                ],
                "la": [],
                "ea": [],
                "eta": []
              }
            ],
            [
              {
                "stn": "architecturalStyle"
              },
              {
                "dla": [],
                "la": [],
                "ea": [
                  {
                    "etn": "Truss_bridge"
                  }
                ],
                "eta": []
              }
            ],
            [
              {
                "stn": "location"
              },
              {
                "dla": [],
                "la": [],
                "ea": [
                  {
                    "etn": "Keene,_New_York"
                  }
                ],
                "eta": []
              }
            ]
          ]
        }
      ]
    }
  }
]
