[
  {
    "context": "TRAIN",
    "doc": {
      "id": "Rice_County_Courthouse_and_Jail",
      "tl": [
        {
          "si": 0,
          "sti": 0,
          "dti": 0,
          "sco": 0,
          "dco": 0,
          "txt": "Rice"
        },
        {
          "si": 0,
          "sti": 1,
          "dti": 1,
          "sco": 5,
          "dco": 5,
          "txt": "County"
        },
        {
          "si": 0,
          "sti": 2,
          "dti": 2,
          "sco": 12,
          "dco": 12,
          "txt": "Courthouse"
        },
        {
          "si": 0,
          "sti": 3,
          "dti": 3,
          "sco": 23,
          "dco": 23,
          "txt": "and"
        },
        {
          "si": 0,
          "sti": 4,
          "dti": 4,
          "sco": 27,
          "dco": 27,
          "txt": "Jail"
        },
        {
          "si": 0,
          "sti": 5,
          "dti": 5,
          "sco": 31,
          "dco": 31,
          "txt": "."
        },
        {
          "si": 1,
          "sti": 0,
          "dti": 6,
          "sco": 0,
          "dco": 33,
          "txt": "The"
        },
        {
          "si": 1,
          "sti": 1,
          "dti": 7,
          "sco": 4,
          "dco": 37,
          "txt": "Rice"
        },
        {
          "si": 1,
          "sti": 2,
          "dti": 8,
          "sco": 9,
          "dco": 42,
          "txt": "County"
        },
        {
          "si": 1,
          "sti": 3,
          "dti": 9,
          "sco": 16,
          "dco": 49,
          "txt": "Courthouse"
        },
        {
          "si": 1,
          "sti": 4,
          "dti": 10,
          "sco": 26,
          "dco": 59,
          "txt": ","
        },
        {
          "si": 1,
          "sti": 5,
          "dti": 11,
          "sco": 28,
          "dco": 61,
          "txt": "located"
        },
        {
          "si": 1,
          "sti": 6,
          "dti": 12,
          "sco": 36,
          "dco": 69,
          "txt": "at"
        },
        {
          "si": 1,
          "sti": 7,
          "dti": 13,
          "sco": 39,
          "dco": 72,
          "txt": "218"
        },
        {
          "si": 1,
          "sti": 8,
          "dti": 14,
          "sco": 43,
          "dco": 76,
          "txt": "3"
        },
        {
          "si": 1,
          "sti": 9,
          "dti": 15,
          "sco": 44,
          "dco": 77,
          "txt": "rd"
        },
        {
          "si": 1,
          "sti": 10,
          "dti": 16,
          "sco": 47,
          "dco": 80,
          "txt": "Street"
        },
        {
          "si": 1,
          "sti": 11,
          "dti": 17,
          "sco": 54,
          "dco": 87,
          "txt": "NW"
        },
        {
          "si": 1,
          "sti": 12,
          "dti": 18,
          "sco": 57,
          "dco": 90,
          "txt": "in"
        },
        {
          "si": 1,
          "sti": 13,
          "dti": 19,
          "sco": 60,
          "dco": 93,
          "txt": "Faribault"
        },
        {
          "si": 1,
          "sti": 14,
          "dti": 20,
          "sco": 69,
          "dco": 102,
          "txt": ","
        },
        {
          "si": 1,
          "sti": 15,
          "dti": 21,
          "sco": 71,
          "dco": 104,
          "txt": "Rice"
        },
        {
          "si": 1,
          "sti": 16,
          "dti": 22,
          "sco": 76,
          "dco": 109,
          "txt": "County"
        },
        {
          "si": 1,
          "sti": 17,
          "dti": 23,
          "sco": 82,
          "dco": 115,
          "txt": ","
        },
        {
          "si": 1,
          "sti": 18,
          "dti": 24,
          "sco": 84,
          "dco": 117,
          "txt": "in"
        },
        {
          "si": 1,
          "sti": 19,
          "dti": 25,
          "sco": 87,
          "dco": 120,
          "txt": "the"
        },
        {
          "si": 1,
          "sti": 20,
          "dti": 26,
          "sco": 91,
          "dco": 124,
          "txt": "U"
        },
        {
          "si": 1,
          "sti": 21,
          "dti": 27,
          "sco": 92,
          "dco": 125,
          "txt": "."
        },
        {
          "si": 1,
          "sti": 22,
          "dti": 28,
          "sco": 93,
          "dco": 126,
          "txt": "S"
        },
        {
          "si": 1,
          "sti": 23,
          "dti": 29,
          "sco": 94,
          "dco": 127,
          "txt": "."
        },
        {
          "si": 1,
          "sti": 24,
          "dti": 30,
          "sco": 96,
          "dco": 129,
          "txt": "state"
        },
        {
          "si": 1,
          "sti": 25,
          "dti": 31,
          "sco": 102,
          "dco": 135,
          "txt": "of"
        },
        {
          "si": 1,
          "sti": 26,
          "dti": 32,
          "sco": 105,
          "dco": 138,
          "txt": "Minnesota"
        },
        {
          "si": 1,
          "sti": 27,
          "dti": 33,
          "sco": 114,
          "dco": 147,
          "txt": ","
        },
        {
          "si": 1,
          "sti": 28,
          "dti": 34,
          "sco": 116,
          "dco": 149,
          "txt": "is"
        },
        {
          "si": 1,
          "sti": 29,
          "dti": 35,
          "sco": 119,
          "dco": 152,
          "txt": "an"
        },
        {
          "si": 1,
          "sti": 30,
          "dti": 36,
          "sco": 122,
          "dco": 155,
          "txt": "Art"
        },
        {
          "si": 1,
          "sti": 31,
          "dti": 37,
          "sco": 126,
          "dco": 159,
          "txt": "Deco"
        },
        {
          "si": 1,
          "sti": 32,
          "dti": 38,
          "sco": 131,
          "dco": 164,
          "txt": "building"
        },
        {
          "si": 1,
          "sti": 33,
          "dti": 39,
          "sco": 140,
          "dco": 173,
          "txt": "constructed"
        },
        {
          "si": 1,
          "sti": 34,
          "dti": 40,
          "sco": 152,
          "dco": 185,
          "txt": "of"
        },
        {
          "si": 1,
          "sti": 35,
          "dti": 41,
          "sco": 155,
          "dco": 188,
          "txt": "natural"
        },
        {
          "si": 1,
          "sti": 36,
          "dti": 42,
          "sco": 162,
          "dco": 195,
          "txt": "-"
        },
        {
          "si": 1,
          "sti": 37,
          "dti": 43,
          "sco": 163,
          "dco": 196,
          "txt": "face"
        },
        {
          "si": 1,
          "sti": 38,
          "dti": 44,
          "sco": 168,
          "dco": 201,
          "txt": "Faribault"
        },
        {
          "si": 1,
          "sti": 39,
          "dti": 45,
          "sco": 178,
          "dco": 211,
          "txt": "stone"
        },
        {
          "si": 1,
          "sti": 40,
          "dti": 46,
          "sco": 184,
          "dco": 217,
          "txt": "horizontally"
        },
        {
          "si": 1,
          "sti": 41,
          "dti": 47,
          "sco": 197,
          "dco": 230,
          "txt": "banded"
        },
        {
          "si": 1,
          "sti": 42,
          "dti": 48,
          "sco": 204,
          "dco": 237,
          "txt": "at"
        },
        {
          "si": 1,
          "sti": 43,
          "dti": 49,
          "sco": 207,
          "dco": 240,
          "txt": "intervals"
        },
        {
          "si": 1,
          "sti": 44,
          "dti": 50,
          "sco": 217,
          "dco": 250,
          "txt": "with"
        },
        {
          "si": 1,
          "sti": 45,
          "dti": 51,
          "sco": 222,
          "dco": 255,
          "txt": "sawed"
        },
        {
          "si": 1,
          "sti": 46,
          "dti": 52,
          "sco": 227,
          "dco": 260,
          "txt": "-"
        },
        {
          "si": 1,
          "sti": 47,
          "dti": 53,
          "sco": 228,
          "dco": 261,
          "txt": "faced"
        },
        {
          "si": 1,
          "sti": 48,
          "dti": 54,
          "sco": 234,
          "dco": 267,
          "txt": "stone"
        },
        {
          "si": 1,
          "sti": 49,
          "dti": 55,
          "sco": 239,
          "dco": 272,
          "txt": "."
        },
        {
          "si": 2,
          "sti": 0,
          "dti": 56,
          "sco": 0,
          "dco": 274,
          "txt": "Nairne"
        },
        {
          "si": 2,
          "sti": 1,
          "dti": 57,
          "sco": 7,
          "dco": 281,
          "txt": "W"
        },
        {
          "si": 2,
          "sti": 2,
          "dti": 58,
          "sco": 8,
          "dco": 282,
          "txt": "."
        },
        {
          "si": 3,
          "sti": 0,
          "dti": 59,
          "sco": 0,
          "dco": 284,
          "txt": "Fisher"
        },
        {
          "si": 3,
          "sti": 1,
          "dti": 60,
          "sco": 7,
          "dco": 291,
          "txt": "of"
        },
        {
          "si": 3,
          "sti": 2,
          "dti": 61,
          "sco": 10,
          "dco": 294,
          "txt": "St"
        },
        {
          "si": 3,
          "sti": 3,
          "dti": 62,
          "sco": 12,
          "dco": 296,
          "txt": "."
        },
        {
          "si": 4,
          "sti": 0,
          "dti": 63,
          "sco": 0,
          "dco": 298,
          "txt": "Cloud"
        },
        {
          "si": 4,
          "sti": 1,
          "dti": 64,
          "sco": 6,
          "dco": 304,
          "txt": "was"
        },
        {
          "si": 4,
          "sti": 2,
          "dti": 65,
          "sco": 10,
          "dco": 308,
          "txt": "the"
        },
        {
          "si": 4,
          "sti": 3,
          "dti": 66,
          "sco": 14,
          "dco": 312,
          "txt": "architect"
        },
        {
          "si": 4,
          "sti": 4,
          "dti": 67,
          "sco": 24,
          "dco": 322,
          "txt": "for"
        },
        {
          "si": 4,
          "sti": 5,
          "dti": 68,
          "sco": 28,
          "dco": 326,
          "txt": "the"
        },
        {
          "si": 4,
          "sti": 6,
          "dti": 69,
          "sco": 32,
          "dco": 330,
          "txt": "courthouse"
        },
        {
          "si": 4,
          "sti": 7,
          "dti": 70,
          "sco": 42,
          "dco": 340,
          "txt": ","
        },
        {
          "si": 4,
          "sti": 8,
          "dti": 71,
          "sco": 44,
          "dco": 342,
          "txt": "and"
        },
        {
          "si": 4,
          "sti": 9,
          "dti": 72,
          "sco": 48,
          "dco": 346,
          "txt": "is"
        },
        {
          "si": 4,
          "sti": 10,
          "dti": 73,
          "sco": 51,
          "dco": 349,
          "txt": "also"
        },
        {
          "si": 4,
          "sti": 11,
          "dti": 74,
          "sco": 56,
          "dco": 354,
          "txt": "credited"
        },
        {
          "si": 4,
          "sti": 12,
          "dti": 75,
          "sco": 65,
          "dco": 363,
          "txt": "with"
        },
        {
          "si": 4,
          "sti": 13,
          "dti": 76,
          "sco": 70,
          "dco": 368,
          "txt": "designing"
        },
        {
          "si": 4,
          "sti": 14,
          "dti": 77,
          "sco": 80,
          "dco": 378,
          "txt": "the"
        },
        {
          "si": 4,
          "sti": 15,
          "dti": 78,
          "sco": 84,
          "dco": 382,
          "txt": "The"
        },
        {
          "si": 4,
          "sti": 16,
          "dti": 79,
          "sco": 88,
          "dco": 386,
          "txt": "main"
        },
        {
          "si": 4,
          "sti": 17,
          "dti": 80,
          "sco": 93,
          "dco": 391,
          "txt": "rotunda"
        },
        {
          "si": 4,
          "sti": 18,
          "dti": 81,
          "sco": 101,
          "dco": 399,
          "txt": "has"
        },
        {
          "si": 4,
          "sti": 19,
          "dti": 82,
          "sco": 105,
          "dco": 403,
          "txt": "metal"
        },
        {
          "si": 4,
          "sti": 20,
          "dti": 83,
          "sco": 111,
          "dco": 409,
          "txt": "fixtures"
        },
        {
          "si": 4,
          "sti": 21,
          "dti": 84,
          "sco": 120,
          "dco": 418,
          "txt": "and"
        },
        {
          "si": 4,
          "sti": 22,
          "dti": 85,
          "sco": 124,
          "dco": 422,
          "txt": "Art"
        },
        {
          "si": 4,
          "sti": 23,
          "dti": 86,
          "sco": 128,
          "dco": 426,
          "txt": "Deco"
        },
        {
          "si": 4,
          "sti": 24,
          "dti": 87,
          "sco": 133,
          "dco": 431,
          "txt": "glass"
        },
        {
          "si": 4,
          "sti": 25,
          "dti": 88,
          "sco": 138,
          "dco": 436,
          "txt": "."
        },
        {
          "si": 5,
          "sti": 0,
          "dti": 89,
          "sco": 0,
          "dco": 438,
          "txt": "Polished"
        },
        {
          "si": 5,
          "sti": 1,
          "dti": 90,
          "sco": 9,
          "dco": 447,
          "txt": "black"
        },
        {
          "si": 5,
          "sti": 2,
          "dti": 91,
          "sco": 15,
          "dco": 453,
          "txt": "and"
        },
        {
          "si": 5,
          "sti": 3,
          "dti": 92,
          "sco": 19,
          "dco": 457,
          "txt": "gray"
        },
        {
          "si": 5,
          "sti": 4,
          "dti": 93,
          "sco": 24,
          "dco": 462,
          "txt": "Tennessee"
        },
        {
          "si": 5,
          "sti": 5,
          "dti": 94,
          "sco": 34,
          "dco": 472,
          "txt": "marble"
        },
        {
          "si": 5,
          "sti": 6,
          "dti": 95,
          "sco": 41,
          "dco": 479,
          "txt": "is"
        },
        {
          "si": 5,
          "sti": 7,
          "dti": 96,
          "sco": 44,
          "dco": 482,
          "txt": "used"
        },
        {
          "si": 5,
          "sti": 8,
          "dti": 97,
          "sco": 49,
          "dco": 487,
          "txt": "extensively"
        },
        {
          "si": 5,
          "sti": 9,
          "dti": 98,
          "sco": 61,
          "dco": 499,
          "txt": "in"
        },
        {
          "si": 5,
          "sti": 10,
          "dti": 99,
          "sco": 64,
          "dco": 502,
          "txt": "the"
        },
        {
          "si": 5,
          "sti": 11,
          "dti": 100,
          "sco": 68,
          "dco": 506,
          "txt": "walls"
        },
        {
          "si": 5,
          "sti": 12,
          "dti": 101,
          "sco": 73,
          "dco": 511,
          "txt": ","
        },
        {
          "si": 5,
          "sti": 13,
          "dti": 102,
          "sco": 75,
          "dco": 513,
          "txt": "floors"
        },
        {
          "si": 5,
          "sti": 14,
          "dti": 103,
          "sco": 81,
          "dco": 519,
          "txt": ","
        },
        {
          "si": 5,
          "sti": 15,
          "dti": 104,
          "sco": 83,
          "dco": 521,
          "txt": "and"
        },
        {
          "si": 5,
          "sti": 16,
          "dti": 105,
          "sco": 87,
          "dco": 525,
          "txt": "stairs"
        },
        {
          "si": 5,
          "sti": 17,
          "dti": 106,
          "sco": 93,
          "dco": 531,
          "txt": ","
        },
        {
          "si": 5,
          "sti": 18,
          "dti": 107,
          "sco": 95,
          "dco": 533,
          "txt": "with"
        },
        {
          "si": 5,
          "sti": 19,
          "dti": 108,
          "sco": 100,
          "dco": 538,
          "txt": "a"
        },
        {
          "si": 5,
          "sti": 20,
          "dti": 109,
          "sco": 102,
          "dco": 540,
          "txt": "terrazzo"
        },
        {
          "si": 5,
          "sti": 21,
          "dti": 110,
          "sco": 111,
          "dco": 549,
          "txt": "map"
        },
        {
          "si": 5,
          "sti": 22,
          "dti": 111,
          "sco": 115,
          "dco": 553,
          "txt": "of"
        },
        {
          "si": 5,
          "sti": 23,
          "dti": 112,
          "sco": 118,
          "dco": 556,
          "txt": "Rice"
        },
        {
          "si": 5,
          "sti": 24,
          "dti": 113,
          "sco": 123,
          "dco": 561,
          "txt": "County"
        },
        {
          "si": 5,
          "sti": 25,
          "dti": 114,
          "sco": 130,
          "dco": 568,
          "txt": "centered"
        },
        {
          "si": 5,
          "sti": 26,
          "dti": 115,
          "sco": 139,
          "dco": 577,
          "txt": "on"
        },
        {
          "si": 5,
          "sti": 27,
          "dti": 116,
          "sco": 142,
          "dco": 580,
          "txt": "the"
        },
        {
          "si": 5,
          "sti": 28,
          "dti": 117,
          "sco": 146,
          "dco": 584,
          "txt": "floor"
        },
        {
          "si": 5,
          "sti": 29,
          "dti": 118,
          "sco": 151,
          "dco": 589,
          "txt": "."
        },
        {
          "si": 6,
          "sti": 0,
          "dti": 119,
          "sco": 0,
          "dco": 591,
          "txt": "The"
        },
        {
          "si": 6,
          "sti": 1,
          "dti": 120,
          "sco": 4,
          "dco": 595,
          "txt": "courtroom"
        },
        {
          "si": 6,
          "sti": 2,
          "dti": 121,
          "sco": 14,
          "dco": 605,
          "txt": "on"
        },
        {
          "si": 6,
          "sti": 3,
          "dti": 122,
          "sco": 17,
          "dco": 608,
          "txt": "the"
        },
        {
          "si": 6,
          "sti": 4,
          "dti": 123,
          "sco": 21,
          "dco": 612,
          "txt": "third"
        },
        {
          "si": 6,
          "sti": 5,
          "dti": 124,
          "sco": 27,
          "dco": 618,
          "txt": "floor"
        },
        {
          "si": 6,
          "sti": 6,
          "dti": 125,
          "sco": 33,
          "dco": 624,
          "txt": "was"
        },
        {
          "si": 6,
          "sti": 7,
          "dti": 126,
          "sco": 37,
          "dco": 628,
          "txt": "finished"
        },
        {
          "si": 6,
          "sti": 8,
          "dti": 127,
          "sco": 46,
          "dco": 637,
          "txt": "with"
        },
        {
          "si": 6,
          "sti": 9,
          "dti": 128,
          "sco": 51,
          "dco": 642,
          "txt": "fine"
        },
        {
          "si": 6,
          "sti": 10,
          "dti": 129,
          "sco": 55,
          "dco": 646,
          "txt": "-"
        },
        {
          "si": 6,
          "sti": 11,
          "dti": 130,
          "sco": 56,
          "dco": 647,
          "txt": "grained"
        },
        {
          "si": 6,
          "sti": 12,
          "dti": 131,
          "sco": 64,
          "dco": 655,
          "txt": "walnut"
        },
        {
          "si": 6,
          "sti": 13,
          "dti": 132,
          "sco": 71,
          "dco": 662,
          "txt": "walls"
        },
        {
          "si": 6,
          "sti": 14,
          "dti": 133,
          "sco": 77,
          "dco": 668,
          "txt": "with"
        },
        {
          "si": 6,
          "sti": 15,
          "dti": 134,
          "sco": 82,
          "dco": 673,
          "txt": "matching"
        },
        {
          "si": 6,
          "sti": 16,
          "dti": 135,
          "sco": 91,
          "dco": 682,
          "txt": "custom"
        },
        {
          "si": 6,
          "sti": 17,
          "dti": 136,
          "sco": 97,
          "dco": 688,
          "txt": "-"
        },
        {
          "si": 6,
          "sti": 18,
          "dti": 137,
          "sco": 98,
          "dco": 689,
          "txt": "built"
        },
        {
          "si": 6,
          "sti": 19,
          "dti": 138,
          "sco": 104,
          "dco": 695,
          "txt": "furnishings"
        },
        {
          "si": 6,
          "sti": 20,
          "dti": 139,
          "sco": 115,
          "dco": 706,
          "txt": "."
        },
        {
          "si": 7,
          "sti": 0,
          "dti": 140,
          "sco": 0,
          "dco": 708,
          "txt": "The"
        },
        {
          "si": 7,
          "sti": 1,
          "dti": 141,
          "sco": 4,
          "dco": 712,
          "txt": "building"
        },
        {
          "si": 7,
          "sti": 2,
          "dti": 142,
          "sco": 13,
          "dco": 721,
          "txt": "was"
        },
        {
          "si": 7,
          "sti": 3,
          "dti": 143,
          "sco": 17,
          "dco": 725,
          "txt": "built"
        },
        {
          "si": 7,
          "sti": 4,
          "dti": 144,
          "sco": 23,
          "dco": 731,
          "txt": "in"
        },
        {
          "si": 7,
          "sti": 5,
          "dti": 145,
          "sco": 26,
          "dco": 734,
          "txt": "1934"
        },
        {
          "si": 7,
          "sti": 6,
          "dti": 146,
          "sco": 31,
          "dco": 739,
          "txt": "at"
        },
        {
          "si": 7,
          "sti": 7,
          "dti": 147,
          "sco": 34,
          "dco": 742,
          "txt": "a"
        },
        {
          "si": 7,
          "sti": 8,
          "dti": 148,
          "sco": 36,
          "dco": 744,
          "txt": "cost"
        },
        {
          "si": 7,
          "sti": 9,
          "dti": 149,
          "sco": 41,
          "dco": 749,
          "txt": "of"
        },
        {
          "si": 7,
          "sti": 10,
          "dti": 150,
          "sco": 44,
          "dco": 752,
          "txt": "$"
        },
        {
          "si": 7,
          "sti": 11,
          "dti": 151,
          "sco": 45,
          "dco": 753,
          "txt": "200"
        },
        {
          "si": 7,
          "sti": 12,
          "dti": 152,
          "sco": 48,
          "dco": 756,
          "txt": ","
        },
        {
          "si": 7,
          "sti": 13,
          "dti": 153,
          "sco": 49,
          "dco": 757,
          "txt": "000"
        },
        {
          "si": 7,
          "sti": 14,
          "dti": 154,
          "sco": 52,
          "dco": 760,
          "txt": "."
        },
        {
          "si": 8,
          "sti": 0,
          "dti": 155,
          "sco": 0,
          "dco": 762,
          "txt": "A"
        },
        {
          "si": 8,
          "sti": 1,
          "dti": 156,
          "sco": 2,
          "dco": 764,
          "txt": "guidebook"
        },
        {
          "si": 8,
          "sti": 2,
          "dti": 157,
          "sco": 12,
          "dco": 774,
          "txt": "to"
        },
        {
          "si": 8,
          "sti": 3,
          "dti": 158,
          "sco": 15,
          "dco": 777,
          "txt": "Minnesota"
        },
        {
          "si": 8,
          "sti": 4,
          "dti": 159,
          "sco": 25,
          "dco": 787,
          "txt": "architecture"
        },
        {
          "si": 8,
          "sti": 5,
          "dti": 160,
          "sco": 38,
          "dco": 800,
          "txt": "described"
        },
        {
          "si": 8,
          "sti": 6,
          "dti": 161,
          "sco": 48,
          "dco": 810,
          "txt": "the"
        },
        {
          "si": 8,
          "sti": 7,
          "dti": 162,
          "sco": 52,
          "dco": 814,
          "txt": "courthouse"
        },
        {
          "si": 8,
          "sti": 8,
          "dti": 163,
          "sco": 63,
          "dco": 825,
          "txt": "building"
        },
        {
          "si": 8,
          "sti": 9,
          "dti": 164,
          "sco": 72,
          "dco": 834,
          "txt": "as"
        },
        {
          "si": 8,
          "sti": 10,
          "dti": 165,
          "sco": 75,
          "dco": 837,
          "txt": "\""
        },
        {
          "si": 8,
          "sti": 11,
          "dti": 166,
          "sco": 76,
          "dco": 838,
          "txt": "A"
        },
        {
          "si": 8,
          "sti": 12,
          "dti": 167,
          "sco": 78,
          "dco": 840,
          "txt": "near"
        },
        {
          "si": 8,
          "sti": 13,
          "dti": 168,
          "sco": 82,
          "dco": 844,
          "txt": "-"
        },
        {
          "si": 8,
          "sti": 14,
          "dti": 169,
          "sco": 83,
          "dco": 845,
          "txt": "perfect"
        },
        {
          "si": 8,
          "sti": 15,
          "dti": 170,
          "sco": 91,
          "dco": 853,
          "txt": "mixture"
        },
        {
          "si": 8,
          "sti": 16,
          "dti": 171,
          "sco": 99,
          "dco": 861,
          "txt": "of"
        },
        {
          "si": 8,
          "sti": 17,
          "dti": 172,
          "sco": 102,
          "dco": 864,
          "txt": "the"
        },
        {
          "si": 8,
          "sti": 18,
          "dti": 173,
          "sco": 106,
          "dco": 868,
          "txt": "classical"
        },
        {
          "si": 8,
          "sti": 19,
          "dti": 174,
          "sco": 116,
          "dco": 878,
          "txt": "and"
        },
        {
          "si": 8,
          "sti": 20,
          "dti": 175,
          "sco": 120,
          "dco": 882,
          "txt": "the"
        },
        {
          "si": 8,
          "sti": 21,
          "dti": 176,
          "sco": 124,
          "dco": 886,
          "txt": "Zigzag"
        },
        {
          "si": 8,
          "sti": 22,
          "dti": 177,
          "sco": 131,
          "dco": 893,
          "txt": "Moderne"
        },
        {
          "si": 8,
          "sti": 23,
          "dti": 178,
          "sco": 138,
          "dco": 900,
          "txt": "."
        },
        {
          "si": 9,
          "sti": 0,
          "dti": 179,
          "sco": 0,
          "dco": 902,
          "txt": "Relief"
        },
        {
          "si": 9,
          "sti": 1,
          "dti": 180,
          "sco": 7,
          "dco": 909,
          "txt": "sculpture"
        },
        {
          "si": 9,
          "sti": 2,
          "dti": 181,
          "sco": 17,
          "dco": 919,
          "txt": "on"
        },
        {
          "si": 9,
          "sti": 3,
          "dti": 182,
          "sco": 20,
          "dco": 922,
          "txt": "the"
        },
        {
          "si": 9,
          "sti": 4,
          "dti": 183,
          "sco": 24,
          "dco": 926,
          "txt": "sides"
        },
        {
          "si": 9,
          "sti": 5,
          "dti": 184,
          "sco": 30,
          "dco": 932,
          "txt": "of"
        },
        {
          "si": 9,
          "sti": 6,
          "dti": 185,
          "sco": 33,
          "dco": 935,
          "txt": "the"
        },
        {
          "si": 9,
          "sti": 7,
          "dti": 186,
          "sco": 37,
          "dco": 939,
          "txt": "building"
        },
        {
          "si": 9,
          "sti": 8,
          "dti": 187,
          "sco": 46,
          "dco": 948,
          "txt": "along"
        },
        {
          "si": 9,
          "sti": 9,
          "dti": 188,
          "sco": 52,
          "dco": 954,
          "txt": "4"
        },
        {
          "si": 9,
          "sti": 10,
          "dti": 189,
          "sco": 53,
          "dco": 955,
          "txt": "th"
        },
        {
          "si": 9,
          "sti": 11,
          "dti": 190,
          "sco": 56,
          "dco": 958,
          "txt": "and"
        },
        {
          "si": 9,
          "sti": 12,
          "dti": 191,
          "sco": 60,
          "dco": 962,
          "txt": "3"
        },
        {
          "si": 9,
          "sti": 13,
          "dti": 192,
          "sco": 61,
          "dco": 963,
          "txt": "rd"
        },
        {
          "si": 9,
          "sti": 14,
          "dti": 193,
          "sco": 64,
          "dco": 966,
          "txt": "Streets"
        },
        {
          "si": 9,
          "sti": 15,
          "dti": 194,
          "sco": 72,
          "dco": 974,
          "txt": "extols"
        },
        {
          "si": 9,
          "sti": 16,
          "dti": 195,
          "sco": 79,
          "dco": 981,
          "txt": "civic"
        },
        {
          "si": 9,
          "sti": 17,
          "dti": 196,
          "sco": 85,
          "dco": 987,
          "txt": "virtue"
        },
        {
          "si": 9,
          "sti": 18,
          "dti": 197,
          "sco": 91,
          "dco": 993,
          "txt": ","
        },
        {
          "si": 9,
          "sti": 19,
          "dti": 198,
          "sco": 93,
          "dco": 995,
          "txt": "industry"
        },
        {
          "si": 9,
          "sti": 20,
          "dti": 199,
          "sco": 102,
          "dco": 1004,
          "txt": "and"
        },
        {
          "si": 9,
          "sti": 21,
          "dti": 200,
          "sco": 106,
          "dco": 1008,
          "txt": "farming"
        },
        {
          "si": 9,
          "sti": 22,
          "dti": 201,
          "sco": 113,
          "dco": 1015,
          "txt": "."
        },
        {
          "si": 10,
          "sti": 0,
          "dti": 202,
          "sco": 0,
          "dco": 1017,
          "txt": "Within"
        },
        {
          "si": 10,
          "sti": 1,
          "dti": 203,
          "sco": 6,
          "dco": 1023,
          "txt": ","
        },
        {
          "si": 10,
          "sti": 2,
          "dti": 204,
          "sco": 8,
          "dco": 1025,
          "txt": "a"
        },
        {
          "si": 10,
          "sti": 3,
          "dti": 205,
          "sco": 10,
          "dco": 1027,
          "txt": "central"
        },
        {
          "si": 10,
          "sti": 4,
          "dti": 206,
          "sco": 18,
          "dco": 1035,
          "txt": "rotunda"
        },
        {
          "si": 10,
          "sti": 5,
          "dti": 207,
          "sco": 26,
          "dco": 1043,
          "txt": "is"
        },
        {
          "si": 10,
          "sti": 6,
          "dti": 208,
          "sco": 29,
          "dco": 1046,
          "txt": "approached"
        },
        {
          "si": 10,
          "sti": 7,
          "dti": 209,
          "sco": 40,
          "dco": 1057,
          "txt": "by"
        },
        {
          "si": 10,
          "sti": 8,
          "dti": 210,
          "sco": 43,
          "dco": 1060,
          "txt": "a"
        },
        {
          "si": 10,
          "sti": 9,
          "dti": 211,
          "sco": 45,
          "dco": 1062,
          "txt": "Zigzag"
        },
        {
          "si": 10,
          "sti": 10,
          "dti": 212,
          "sco": 52,
          "dco": 1069,
          "txt": "Moderne"
        },
        {
          "si": 10,
          "sti": 11,
          "dti": 213,
          "sco": 60,
          "dco": 1077,
          "txt": "staircase"
        },
        {
          "si": 10,
          "sti": 12,
          "dti": 214,
          "sco": 69,
          "dco": 1086,
          "txt": ";"
        },
        {
          "si": 10,
          "sti": 13,
          "dti": 215,
          "sco": 71,
          "dco": 1088,
          "txt": "Moderne"
        },
        {
          "si": 10,
          "sti": 14,
          "dti": 216,
          "sco": 79,
          "dco": 1096,
          "txt": "metal"
        },
        {
          "si": 10,
          "sti": 15,
          "dti": 217,
          "sco": 85,
          "dco": 1102,
          "txt": "and"
        },
        {
          "si": 10,
          "sti": 16,
          "dti": 218,
          "sco": 89,
          "dco": 1106,
          "txt": "glass"
        },
        {
          "si": 10,
          "sti": 17,
          "dti": 219,
          "sco": 95,
          "dco": 1112,
          "txt": "light"
        },
        {
          "si": 10,
          "sti": 18,
          "dti": 220,
          "sco": 101,
          "dco": 1118,
          "txt": "fixtures"
        },
        {
          "si": 10,
          "sti": 19,
          "dti": 221,
          "sco": 110,
          "dco": 1127,
          "txt": "abound"
        },
        {
          "si": 10,
          "sti": 20,
          "dti": 222,
          "sco": 116,
          "dco": 1133,
          "txt": "."
        },
        {
          "si": 10,
          "sti": 21,
          "dti": 223,
          "sco": 117,
          "dco": 1134,
          "txt": "\""
        },
        {
          "si": 11,
          "sti": 0,
          "dti": 224,
          "sco": 0,
          "dco": 1136,
          "txt": "The"
        },
        {
          "si": 11,
          "sti": 1,
          "dti": 225,
          "sco": 4,
          "dco": 1140,
          "txt": "brick"
        },
        {
          "si": 11,
          "sti": 2,
          "dti": 226,
          "sco": 10,
          "dco": 1146,
          "txt": "jail"
        },
        {
          "si": 11,
          "sti": 3,
          "dti": 227,
          "sco": 15,
          "dco": 1151,
          "txt": "building"
        },
        {
          "si": 11,
          "sti": 4,
          "dti": 228,
          "sco": 23,
          "dco": 1159,
          "txt": ","
        },
        {
          "si": 11,
          "sti": 5,
          "dti": 229,
          "sco": 25,
          "dco": 1161,
          "txt": "located"
        },
        {
          "si": 11,
          "sti": 6,
          "dti": 230,
          "sco": 33,
          "dco": 1169,
          "txt": "at"
        },
        {
          "si": 11,
          "sti": 7,
          "dti": 231,
          "sco": 36,
          "dco": 1172,
          "txt": "128"
        },
        {
          "si": 11,
          "sti": 8,
          "dti": 232,
          "sco": 40,
          "dco": 1176,
          "txt": "3"
        },
        {
          "si": 11,
          "sti": 9,
          "dti": 233,
          "sco": 41,
          "dco": 1177,
          "txt": "rd"
        },
        {
          "si": 11,
          "sti": 10,
          "dti": 234,
          "sco": 44,
          "dco": 1180,
          "txt": "Street"
        },
        {
          "si": 11,
          "sti": 11,
          "dti": 235,
          "sco": 51,
          "dco": 1187,
          "txt": "NW"
        },
        {
          "si": 11,
          "sti": 12,
          "dti": 236,
          "sco": 54,
          "dco": 1190,
          "txt": "in"
        },
        {
          "si": 11,
          "sti": 13,
          "dti": 237,
          "sco": 57,
          "dco": 1193,
          "txt": "Faribault"
        },
        {
          "si": 11,
          "sti": 14,
          "dti": 238,
          "sco": 66,
          "dco": 1202,
          "txt": ","
        },
        {
          "si": 11,
          "sti": 15,
          "dti": 239,
          "sco": 68,
          "dco": 1204,
          "txt": "was"
        },
        {
          "si": 11,
          "sti": 16,
          "dti": 240,
          "sco": 72,
          "dco": 1208,
          "txt": "constructed"
        },
        {
          "si": 11,
          "sti": 17,
          "dti": 241,
          "sco": 84,
          "dco": 1220,
          "txt": "in"
        },
        {
          "si": 11,
          "sti": 18,
          "dti": 242,
          "sco": 87,
          "dco": 1223,
          "txt": "1910"
        },
        {
          "si": 11,
          "sti": 19,
          "dti": 243,
          "sco": 92,
          "dco": 1228,
          "txt": "in"
        },
        {
          "si": 11,
          "sti": 20,
          "dti": 244,
          "sco": 95,
          "dco": 1231,
          "txt": "the"
        },
        {
          "si": 11,
          "sti": 21,
          "dti": 245,
          "sco": 99,
          "dco": 1235,
          "txt": "Richardsonian"
        },
        {
          "si": 11,
          "sti": 22,
          "dti": 246,
          "sco": 113,
          "dco": 1249,
          "txt": "Romanesque"
        },
        {
          "si": 11,
          "sti": 23,
          "dti": 247,
          "sco": 124,
          "dco": 1260,
          "txt": "style"
        },
        {
          "si": 11,
          "sti": 24,
          "dti": 248,
          "sco": 129,
          "dco": 1265,
          "txt": ","
        },
        {
          "si": 11,
          "sti": 25,
          "dti": 249,
          "sco": 131,
          "dco": 1267,
          "txt": "and"
        },
        {
          "si": 11,
          "sti": 26,
          "dti": 250,
          "sco": 135,
          "dco": 1271,
          "txt": "was"
        },
        {
          "si": 11,
          "sti": 27,
          "dti": 251,
          "sco": 139,
          "dco": 1275,
          "txt": "designed"
        },
        {
          "si": 11,
          "sti": 28,
          "dti": 252,
          "sco": 148,
          "dco": 1284,
          "txt": "by"
        },
        {
          "si": 11,
          "sti": 29,
          "dti": 253,
          "sco": 151,
          "dco": 1287,
          "txt": "Albert"
        },
        {
          "si": 11,
          "sti": 30,
          "dti": 254,
          "sco": 158,
          "dco": 1294,
          "txt": "Schippel"
        },
        {
          "si": 11,
          "sti": 31,
          "dti": 255,
          "sco": 167,
          "dco": 1303,
          "txt": "of"
        },
        {
          "si": 11,
          "sti": 32,
          "dti": 256,
          "sco": 170,
          "dco": 1306,
          "txt": "Mankato"
        },
        {
          "si": 11,
          "sti": 33,
          "dti": 257,
          "sco": 177,
          "dco": 1313,
          "txt": ","
        },
        {
          "si": 11,
          "sti": 34,
          "dti": 258,
          "sco": 179,
          "dco": 1315,
          "txt": "Minnesota"
        },
        {
          "si": 11,
          "sti": 35,
          "dti": 259,
          "sco": 188,
          "dco": 1324,
          "txt": "."
        }
      ]
    },
    "ganns": {
      "dla": [],
      "la": [],
      "ea": [],
      "eta": [
        {
          "ra": {
            "ea": {
              "etn": "Rice_County_Courthouse_and_Jail"
            }
          },
          "sfs": [
            [
              {
                "stn": "openingYear"
              },
              {}
            ]
          ],
          "mfs": [
            [
              {
                "stn": "architect"
              },
              {
                "dla": [],
                "la": [],
                "ea": [
                  {
                    "etn": "Albert_Schippel"
                  }
                ],
                "eta": []
              }
            ],
            [
              {
                "stn": "yearOfConstruction"
              },
              {
                "dla": [
                  {
                    "txt": {
                      "sff": "1934"
                    },
                    "et": {
                      "etn": "Year"
                    },
                    "dp": {
                      "off": 734
                    }
                  }
                ],
                "la": [],
                "ea": [],
                "eta": []
              }
            ],
            [
              {
                "stn": "architecturalStyle"
              },
              {
                "dla": [],
                "la": [],
                "ea": [
                  {
                    "etn": "Art_Deco"
                  },
                  {
                    "etn": "Richardsonian_Romanesque"
                  }
                ],
                "eta": []
              }
            ],
            [
              {
                "stn": "location"
              },
              {
                "dla": [],
                "la": [],
                "ea": [
                  {
                    "etn": "Faribault,_Minnesota"
                  }
                ],
                "eta": []
              }
            ]
          ]
        }
      ]
    }
  }
]
