[
  {
    "context": "TEST",
    "doc": {
      "id": "Rich_Bottom_Farm",
      "tl": [
        {
          "si": 0,
          "sti": 0,
          "dti": 0,
          "sco": 0,
          "dco": 0,
          "txt": "Rich"
        },
        {
          "si": 0,
          "sti": 1,
          "dti": 1,
          "sco": 5,
          "dco": 5,
          "txt": "Bottom"
        },
        {
          "si": 0,
          "sti": 2,
          "dti": 2,
          "sco": 12,
          "dco": 12,
          "txt": "Farm"
        },
        {
          "si": 0,
          "sti": 3,
          "dti": 3,
          "sco": 16,
          "dco": 16,
          "txt": "."
        },
        {
          "si": 1,
          "sti": 0,
          "dti": 4,
          "sco": 0,
          "dco": 18,
          "txt": "Rich"
        },
        {
          "si": 1,
          "sti": 1,
          "dti": 5,
          "sco": 5,
          "dco": 23,
          "txt": "Bottom"
        },
        {
          "si": 1,
          "sti": 2,
          "dti": 6,
          "sco": 12,
          "dco": 30,
          "txt": "Farm"
        },
        {
          "si": 1,
          "sti": 3,
          "dti": 7,
          "sco": 17,
          "dco": 35,
          "txt": "is"
        },
        {
          "si": 1,
          "sti": 4,
          "dti": 8,
          "sco": 20,
          "dco": 38,
          "txt": "a"
        },
        {
          "si": 1,
          "sti": 5,
          "dti": 9,
          "sco": 22,
          "dco": 40,
          "txt": "historic"
        },
        {
          "si": 1,
          "sti": 6,
          "dti": 10,
          "sco": 31,
          "dco": 49,
          "txt": "home"
        },
        {
          "si": 1,
          "sti": 7,
          "dti": 11,
          "sco": 36,
          "dco": 54,
          "txt": "located"
        },
        {
          "si": 1,
          "sti": 8,
          "dti": 12,
          "sco": 44,
          "dco": 62,
          "txt": "near"
        },
        {
          "si": 1,
          "sti": 9,
          "dti": 13,
          "sco": 49,
          "dco": 67,
          "txt": "Purcellville"
        },
        {
          "si": 1,
          "sti": 10,
          "dti": 14,
          "sco": 61,
          "dco": 79,
          "txt": ","
        },
        {
          "si": 1,
          "sti": 11,
          "dti": 15,
          "sco": 63,
          "dco": 81,
          "txt": "Loudoun"
        },
        {
          "si": 1,
          "sti": 12,
          "dti": 16,
          "sco": 71,
          "dco": 89,
          "txt": "County"
        },
        {
          "si": 1,
          "sti": 13,
          "dti": 17,
          "sco": 77,
          "dco": 95,
          "txt": ","
        },
        {
          "si": 1,
          "sti": 14,
          "dti": 18,
          "sco": 79,
          "dco": 97,
          "txt": "Virginia"
        },
        {
          "si": 1,
          "sti": 15,
          "dti": 19,
          "sco": 87,
          "dco": 105,
          "txt": "."
        },
        {
          "si": 2,
          "sti": 0,
          "dti": 20,
          "sco": 0,
          "dco": 107,
          "txt": "The"
        },
        {
          "si": 2,
          "sti": 1,
          "dti": 21,
          "sco": 4,
          "dco": 111,
          "txt": "house"
        },
        {
          "si": 2,
          "sti": 2,
          "dti": 22,
          "sco": 10,
          "dco": 117,
          "txt": "was"
        },
        {
          "si": 2,
          "sti": 3,
          "dti": 23,
          "sco": 14,
          "dco": 121,
          "txt": "built"
        },
        {
          "si": 2,
          "sti": 4,
          "dti": 24,
          "sco": 20,
          "dco": 127,
          "txt": "in"
        },
        {
          "si": 2,
          "sti": 5,
          "dti": 25,
          "sco": 23,
          "dco": 130,
          "txt": "three"
        },
        {
          "si": 2,
          "sti": 6,
          "dti": 26,
          "sco": 29,
          "dco": 136,
          "txt": "sections"
        },
        {
          "si": 2,
          "sti": 7,
          "dti": 27,
          "sco": 38,
          "dco": 145,
          "txt": "between"
        },
        {
          "si": 2,
          "sti": 8,
          "dti": 28,
          "sco": 46,
          "dco": 153,
          "txt": "about"
        },
        {
          "si": 2,
          "sti": 9,
          "dti": 29,
          "sco": 52,
          "dco": 159,
          "txt": "1780"
        },
        {
          "si": 2,
          "sti": 10,
          "dti": 30,
          "sco": 57,
          "dco": 164,
          "txt": "and"
        },
        {
          "si": 2,
          "sti": 11,
          "dti": 31,
          "sco": 61,
          "dco": 168,
          "txt": "1820"
        },
        {
          "si": 2,
          "sti": 12,
          "dti": 32,
          "sco": 65,
          "dco": 172,
          "txt": "."
        },
        {
          "si": 3,
          "sti": 0,
          "dti": 33,
          "sco": 0,
          "dco": 174,
          "txt": "It"
        },
        {
          "si": 3,
          "sti": 1,
          "dti": 34,
          "sco": 3,
          "dco": 177,
          "txt": "is"
        },
        {
          "si": 3,
          "sti": 2,
          "dti": 35,
          "sco": 6,
          "dco": 180,
          "txt": "a"
        },
        {
          "si": 3,
          "sti": 3,
          "dti": 36,
          "sco": 8,
          "dco": 182,
          "txt": "two"
        },
        {
          "si": 3,
          "sti": 4,
          "dti": 37,
          "sco": 11,
          "dco": 185,
          "txt": "-"
        },
        {
          "si": 3,
          "sti": 5,
          "dti": 38,
          "sco": 12,
          "dco": 186,
          "txt": "story"
        },
        {
          "si": 3,
          "sti": 6,
          "dti": 39,
          "sco": 17,
          "dco": 191,
          "txt": ","
        },
        {
          "si": 3,
          "sti": 7,
          "dti": 40,
          "sco": 19,
          "dco": 193,
          "txt": "limestone"
        },
        {
          "si": 3,
          "sti": 8,
          "dti": 41,
          "sco": 29,
          "dco": 203,
          "txt": "and"
        },
        {
          "si": 3,
          "sti": 9,
          "dti": 42,
          "sco": 33,
          "dco": 207,
          "txt": "brick"
        },
        {
          "si": 3,
          "sti": 10,
          "dti": 43,
          "sco": 39,
          "dco": 213,
          "txt": "structure"
        },
        {
          "si": 3,
          "sti": 11,
          "dti": 44,
          "sco": 49,
          "dco": 223,
          "txt": "with"
        },
        {
          "si": 3,
          "sti": 12,
          "dti": 45,
          "sco": 54,
          "dco": 228,
          "txt": "a"
        },
        {
          "si": 3,
          "sti": 13,
          "dti": 46,
          "sco": 56,
          "dco": 230,
          "txt": "side"
        },
        {
          "si": 3,
          "sti": 14,
          "dti": 47,
          "sco": 61,
          "dco": 235,
          "txt": "gable"
        },
        {
          "si": 3,
          "sti": 15,
          "dti": 48,
          "sco": 67,
          "dco": 241,
          "txt": "roof"
        },
        {
          "si": 3,
          "sti": 16,
          "dti": 49,
          "sco": 72,
          "dco": 246,
          "txt": "in"
        },
        {
          "si": 3,
          "sti": 17,
          "dti": 50,
          "sco": 75,
          "dco": 249,
          "txt": "the"
        },
        {
          "si": 3,
          "sti": 18,
          "dti": 51,
          "sco": 79,
          "dco": 253,
          "txt": "Federal"
        },
        {
          "si": 3,
          "sti": 19,
          "dti": 52,
          "sco": 87,
          "dco": 261,
          "txt": "style"
        },
        {
          "si": 3,
          "sti": 20,
          "dti": 53,
          "sco": 92,
          "dco": 266,
          "txt": "."
        },
        {
          "si": 4,
          "sti": 0,
          "dti": 54,
          "sco": 0,
          "dco": 268,
          "txt": "The"
        },
        {
          "si": 4,
          "sti": 1,
          "dti": 55,
          "sco": 4,
          "dco": 272,
          "txt": "front"
        },
        {
          "si": 4,
          "sti": 2,
          "dti": 56,
          "sco": 10,
          "dco": 278,
          "txt": "facade"
        },
        {
          "si": 4,
          "sti": 3,
          "dti": 57,
          "sco": 17,
          "dco": 285,
          "txt": "features"
        },
        {
          "si": 4,
          "sti": 4,
          "dti": 58,
          "sco": 26,
          "dco": 294,
          "txt": "an"
        },
        {
          "si": 4,
          "sti": 5,
          "dti": 59,
          "sco": 29,
          "dco": 297,
          "txt": "eight"
        },
        {
          "si": 4,
          "sti": 6,
          "dti": 60,
          "sco": 35,
          "dco": 303,
          "txt": "bay"
        },
        {
          "si": 4,
          "sti": 7,
          "dti": 61,
          "sco": 38,
          "dco": 306,
          "txt": ","
        },
        {
          "si": 4,
          "sti": 8,
          "dti": 62,
          "sco": 40,
          "dco": 308,
          "txt": "full"
        },
        {
          "si": 4,
          "sti": 9,
          "dti": 63,
          "sco": 44,
          "dco": 312,
          "txt": "-"
        },
        {
          "si": 4,
          "sti": 10,
          "dti": 64,
          "sco": 45,
          "dco": 313,
          "txt": "width"
        },
        {
          "si": 4,
          "sti": 11,
          "dti": 65,
          "sco": 51,
          "dco": 319,
          "txt": "frame"
        },
        {
          "si": 4,
          "sti": 12,
          "dti": 66,
          "sco": 57,
          "dco": 325,
          "txt": "porch"
        },
        {
          "si": 4,
          "sti": 13,
          "dti": 67,
          "sco": 62,
          "dco": 330,
          "txt": "."
        },
        {
          "si": 5,
          "sti": 0,
          "dti": 68,
          "sco": 0,
          "dco": 332,
          "txt": "Also"
        },
        {
          "si": 5,
          "sti": 1,
          "dti": 69,
          "sco": 5,
          "dco": 337,
          "txt": "on"
        },
        {
          "si": 5,
          "sti": 2,
          "dti": 70,
          "sco": 8,
          "dco": 340,
          "txt": "the"
        },
        {
          "si": 5,
          "sti": 3,
          "dti": 71,
          "sco": 12,
          "dco": 344,
          "txt": "property"
        },
        {
          "si": 5,
          "sti": 4,
          "dti": 72,
          "sco": 21,
          "dco": 353,
          "txt": "are"
        },
        {
          "si": 5,
          "sti": 5,
          "dti": 73,
          "sco": 25,
          "dco": 357,
          "txt": "the"
        },
        {
          "si": 5,
          "sti": 6,
          "dti": 74,
          "sco": 29,
          "dco": 361,
          "txt": "contributing"
        },
        {
          "si": 5,
          "sti": 7,
          "dti": 75,
          "sco": 42,
          "dco": 374,
          "txt": "two"
        },
        {
          "si": 5,
          "sti": 8,
          "dti": 76,
          "sco": 45,
          "dco": 377,
          "txt": "-"
        },
        {
          "si": 5,
          "sti": 9,
          "dti": 77,
          "sco": 46,
          "dco": 378,
          "txt": "story"
        },
        {
          "si": 5,
          "sti": 10,
          "dti": 78,
          "sco": 52,
          "dco": 384,
          "txt": "limestone"
        },
        {
          "si": 5,
          "sti": 11,
          "dti": 79,
          "sco": 62,
          "dco": 394,
          "txt": "spring"
        },
        {
          "si": 5,
          "sti": 12,
          "dti": 80,
          "sco": 69,
          "dco": 401,
          "txt": "house"
        },
        {
          "si": 5,
          "sti": 13,
          "dti": 81,
          "sco": 75,
          "dco": 407,
          "txt": "and"
        },
        {
          "si": 5,
          "sti": 14,
          "dti": 82,
          "sco": 79,
          "dco": 411,
          "txt": "limestone"
        },
        {
          "si": 5,
          "sti": 15,
          "dti": 83,
          "sco": 89,
          "dco": 421,
          "txt": "smokehouse"
        },
        {
          "si": 5,
          "sti": 16,
          "dti": 84,
          "sco": 99,
          "dco": 431,
          "txt": "."
        },
        {
          "si": 6,
          "sti": 0,
          "dti": 85,
          "sco": 0,
          "dco": 433,
          "txt": "It"
        },
        {
          "si": 6,
          "sti": 1,
          "dti": 86,
          "sco": 3,
          "dco": 436,
          "txt": "was"
        },
        {
          "si": 6,
          "sti": 2,
          "dti": 87,
          "sco": 7,
          "dco": 440,
          "txt": "listed"
        },
        {
          "si": 6,
          "sti": 3,
          "dti": 88,
          "sco": 14,
          "dco": 447,
          "txt": "on"
        },
        {
          "si": 6,
          "sti": 4,
          "dti": 89,
          "sco": 17,
          "dco": 450,
          "txt": "the"
        },
        {
          "si": 6,
          "sti": 5,
          "dti": 90,
          "sco": 21,
          "dco": 454,
          "txt": "National"
        },
        {
          "si": 6,
          "sti": 6,
          "dti": 91,
          "sco": 30,
          "dco": 463,
          "txt": "Register"
        },
        {
          "si": 6,
          "sti": 7,
          "dti": 92,
          "sco": 39,
          "dco": 472,
          "txt": "of"
        },
        {
          "si": 6,
          "sti": 8,
          "dti": 93,
          "sco": 42,
          "dco": 475,
          "txt": "Historic"
        },
        {
          "si": 6,
          "sti": 9,
          "dti": 94,
          "sco": 51,
          "dco": 484,
          "txt": "Places"
        },
        {
          "si": 6,
          "sti": 10,
          "dti": 95,
          "sco": 58,
          "dco": 491,
          "txt": "in"
        },
        {
          "si": 6,
          "sti": 11,
          "dti": 96,
          "sco": 61,
          "dco": 494,
          "txt": "1997"
        },
        {
          "si": 6,
          "sti": 12,
          "dti": 97,
          "sco": 65,
          "dco": 498,
          "txt": "."
        }
      ]
    },
    "ganns": {
      "dla": [],
      "la": [],
      "ea": [],
      "eta": [
        {
          "ra": {
            "ea": {
              "etn": "Rich_Bottom_Farm"
            }
          },
          "sfs": [
            [
              {
                "stn": "openingYear"
              },
              {}
            ]
          ],
          "mfs": [
            [
              {
                "stn": "architect"
              },
              {
                "dla": [],
                "la": [],
                "ea": [],
                "eta": []
              }
            ],
            [
              {
                "stn": "yearOfConstruction"
              },
              {
                "dla": [
                  {
                    "txt": {
                      "sff": "1780"
                    },
                    "et": {
                      "etn": "Year"
                    },
                    "dp": {
                      "off": 159
                    }
                  }
                ],
                "la": [],
                "ea": [],
                "eta": []
              }
            ],
            [
              {
                "stn": "architecturalStyle"
              },
              {
                "dla": [],
                "la": [],
                "ea": [
                  {
                    "etn": "Federal_architecture"
                  }
                ],
                "eta": []
              }
            ],
            [
              {
                "stn": "location"
              },
              {
                "dla": [],
                "la": [],
                "ea": [
                  {
                    "etn": "Purcellville,_Virginia"
                  }
                ],
                "eta": []
              }
            ]
          ]
        }
      ]
    }
  }
]
