[
  {
    "context": "TRAIN",
    "doc": {
      "id": "Saint_Mary_of_Good_Counsel_Catholic_Church_(Adrian,_Michigan)",
      "tl": [
        {
          "si": 0,
          "sti": 0,
          "dti": 0,
          "sco": 0,
          "dco": 0,
          "txt": "Saint"
        },
        {
          "si": 0,
          "sti": 1,
          "dti": 1,
          "sco": 6,
          "dco": 6,
          "txt": "Mary"
        },
        {
          "si": 0,
          "sti": 2,
          "dti": 2,
          "sco": 11,
          "dco": 11,
          "txt": "of"
        },
        {
          "si": 0,
          "sti": 3,
          "dti": 3,
          "sco": 14,
          "dco": 14,
          "txt": "Good"
        },
        {
          "si": 0,
          "sti": 4,
          "dti": 4,
          "sco": 19,
          "dco": 19,
          "txt": "Counsel"
        },
        {
          "si": 0,
          "sti": 5,
          "dti": 5,
          "sco": 27,
          "dco": 27,
          "txt": "Catholic"
        },
        {
          "si": 0,
          "sti": 6,
          "dti": 6,
          "sco": 36,
          "dco": 36,
          "txt": "Church"
        },
        {
          "si": 0,
          "sti": 7,
          "dti": 7,
          "sco": 43,
          "dco": 43,
          "txt": "("
        },
        {
          "si": 0,
          "sti": 8,
          "dti": 8,
          "sco": 44,
          "dco": 44,
          "txt": "Adrian"
        },
        {
          "si": 0,
          "sti": 9,
          "dti": 9,
          "sco": 50,
          "dco": 50,
          "txt": ","
        },
        {
          "si": 0,
          "sti": 10,
          "dti": 10,
          "sco": 52,
          "dco": 52,
          "txt": "Michigan"
        },
        {
          "si": 0,
          "sti": 11,
          "dti": 11,
          "sco": 60,
          "dco": 60,
          "txt": ")"
        },
        {
          "si": 0,
          "sti": 12,
          "dti": 12,
          "sco": 61,
          "dco": 61,
          "txt": "."
        },
        {
          "si": 1,
          "sti": 0,
          "dti": 13,
          "sco": 0,
          "dco": 63,
          "txt": "Saint"
        },
        {
          "si": 1,
          "sti": 1,
          "dti": 14,
          "sco": 6,
          "dco": 69,
          "txt": "Mary"
        },
        {
          "si": 1,
          "sti": 2,
          "dti": 15,
          "sco": 11,
          "dco": 74,
          "txt": "of"
        },
        {
          "si": 1,
          "sti": 3,
          "dti": 16,
          "sco": 14,
          "dco": 77,
          "txt": "Good"
        },
        {
          "si": 1,
          "sti": 4,
          "dti": 17,
          "sco": 19,
          "dco": 82,
          "txt": "Counsel"
        },
        {
          "si": 1,
          "sti": 5,
          "dti": 18,
          "sco": 27,
          "dco": 90,
          "txt": "Catholic"
        },
        {
          "si": 1,
          "sti": 6,
          "dti": 19,
          "sco": 36,
          "dco": 99,
          "txt": "Church"
        },
        {
          "si": 1,
          "sti": 7,
          "dti": 20,
          "sco": 43,
          "dco": 106,
          "txt": "is"
        },
        {
          "si": 1,
          "sti": 8,
          "dti": 21,
          "sco": 46,
          "dco": 109,
          "txt": "an"
        },
        {
          "si": 1,
          "sti": 9,
          "dti": 22,
          "sco": 49,
          "dco": 112,
          "txt": "active"
        },
        {
          "si": 1,
          "sti": 10,
          "dti": 23,
          "sco": 56,
          "dco": 119,
          "txt": "church"
        },
        {
          "si": 1,
          "sti": 11,
          "dti": 24,
          "sco": 63,
          "dco": 126,
          "txt": "building"
        },
        {
          "si": 1,
          "sti": 12,
          "dti": 25,
          "sco": 72,
          "dco": 135,
          "txt": "located"
        },
        {
          "si": 1,
          "sti": 13,
          "dti": 26,
          "sco": 80,
          "dco": 143,
          "txt": "at"
        },
        {
          "si": 1,
          "sti": 14,
          "dti": 27,
          "sco": 83,
          "dco": 146,
          "txt": "305"
        },
        {
          "si": 1,
          "sti": 15,
          "dti": 28,
          "sco": 87,
          "dco": 150,
          "txt": "Division"
        },
        {
          "si": 1,
          "sti": 16,
          "dti": 29,
          "sco": 96,
          "dco": 159,
          "txt": "Street"
        },
        {
          "si": 1,
          "sti": 17,
          "dti": 30,
          "sco": 103,
          "dco": 166,
          "txt": "in"
        },
        {
          "si": 1,
          "sti": 18,
          "dti": 31,
          "sco": 106,
          "dco": 169,
          "txt": "the"
        },
        {
          "si": 1,
          "sti": 19,
          "dti": 32,
          "sco": 110,
          "dco": 173,
          "txt": "city"
        },
        {
          "si": 1,
          "sti": 20,
          "dti": 33,
          "sco": 115,
          "dco": 178,
          "txt": "of"
        },
        {
          "si": 1,
          "sti": 21,
          "dti": 34,
          "sco": 118,
          "dco": 181,
          "txt": "Adrian"
        },
        {
          "si": 1,
          "sti": 22,
          "dti": 35,
          "sco": 125,
          "dco": 188,
          "txt": "in"
        },
        {
          "si": 1,
          "sti": 23,
          "dti": 36,
          "sco": 128,
          "dco": 191,
          "txt": "Lenawee"
        },
        {
          "si": 1,
          "sti": 24,
          "dti": 37,
          "sco": 136,
          "dco": 199,
          "txt": "County"
        },
        {
          "si": 1,
          "sti": 25,
          "dti": 38,
          "sco": 142,
          "dco": 205,
          "txt": ","
        },
        {
          "si": 1,
          "sti": 26,
          "dti": 39,
          "sco": 144,
          "dco": 207,
          "txt": "Michigan"
        },
        {
          "si": 1,
          "sti": 27,
          "dti": 40,
          "sco": 152,
          "dco": 215,
          "txt": "."
        },
        {
          "si": 2,
          "sti": 0,
          "dti": 41,
          "sco": 0,
          "dco": 217,
          "txt": "It"
        },
        {
          "si": 2,
          "sti": 1,
          "dti": 42,
          "sco": 3,
          "dco": 220,
          "txt": "was"
        },
        {
          "si": 2,
          "sti": 2,
          "dti": 43,
          "sco": 7,
          "dco": 224,
          "txt": "listed"
        },
        {
          "si": 2,
          "sti": 3,
          "dti": 44,
          "sco": 14,
          "dco": 231,
          "txt": "on"
        },
        {
          "si": 2,
          "sti": 4,
          "dti": 45,
          "sco": 17,
          "dco": 234,
          "txt": "the"
        },
        {
          "si": 2,
          "sti": 5,
          "dti": 46,
          "sco": 21,
          "dco": 238,
          "txt": "National"
        },
        {
          "si": 2,
          "sti": 6,
          "dti": 47,
          "sco": 30,
          "dco": 247,
          "txt": "Register"
        },
        {
          "si": 2,
          "sti": 7,
          "dti": 48,
          "sco": 39,
          "dco": 256,
          "txt": "of"
        },
        {
          "si": 2,
          "sti": 8,
          "dti": 49,
          "sco": 42,
          "dco": 259,
          "txt": "Historic"
        },
        {
          "si": 2,
          "sti": 9,
          "dti": 50,
          "sco": 51,
          "dco": 268,
          "txt": "Places"
        },
        {
          "si": 2,
          "sti": 10,
          "dti": 51,
          "sco": 58,
          "dco": 275,
          "txt": "on"
        },
        {
          "si": 2,
          "sti": 11,
          "dti": 52,
          "sco": 61,
          "dco": 278,
          "txt": "February"
        },
        {
          "si": 2,
          "sti": 12,
          "dti": 53,
          "sco": 70,
          "dco": 287,
          "txt": "24"
        },
        {
          "si": 2,
          "sti": 13,
          "dti": 54,
          "sco": 72,
          "dco": 289,
          "txt": ","
        },
        {
          "si": 2,
          "sti": 14,
          "dti": 55,
          "sco": 74,
          "dco": 291,
          "txt": "1983"
        },
        {
          "si": 2,
          "sti": 15,
          "dti": 56,
          "sco": 78,
          "dco": 295,
          "txt": "."
        },
        {
          "si": 3,
          "sti": 0,
          "dti": 57,
          "sco": 0,
          "dco": 297,
          "txt": "It"
        },
        {
          "si": 3,
          "sti": 1,
          "dti": 58,
          "sco": 3,
          "dco": 300,
          "txt": "is"
        },
        {
          "si": 3,
          "sti": 2,
          "dti": 59,
          "sco": 6,
          "dco": 303,
          "txt": "also"
        },
        {
          "si": 3,
          "sti": 3,
          "dti": 60,
          "sco": 11,
          "dco": 308,
          "txt": "designated"
        },
        {
          "si": 3,
          "sti": 4,
          "dti": 61,
          "sco": 22,
          "dco": 319,
          "txt": "as"
        },
        {
          "si": 3,
          "sti": 5,
          "dti": 62,
          "sco": 25,
          "dco": 322,
          "txt": "a"
        },
        {
          "si": 3,
          "sti": 6,
          "dti": 63,
          "sco": 27,
          "dco": 324,
          "txt": "Michigan"
        },
        {
          "si": 3,
          "sti": 7,
          "dti": 64,
          "sco": 36,
          "dco": 333,
          "txt": "State"
        },
        {
          "si": 3,
          "sti": 8,
          "dti": 65,
          "sco": 42,
          "dco": 339,
          "txt": "Historic"
        },
        {
          "si": 3,
          "sti": 9,
          "dti": 66,
          "sco": 51,
          "dco": 348,
          "txt": "Site"
        },
        {
          "si": 3,
          "sti": 10,
          "dti": 67,
          "sco": 55,
          "dco": 352,
          "txt": "."
        },
        {
          "si": 4,
          "sti": 0,
          "dti": 68,
          "sco": 0,
          "dco": 354,
          "txt": "The"
        },
        {
          "si": 4,
          "sti": 1,
          "dti": 69,
          "sco": 4,
          "dco": 358,
          "txt": "church"
        },
        {
          "si": 4,
          "sti": 2,
          "dti": 70,
          "sco": 11,
          "dco": 365,
          "txt": "served"
        },
        {
          "si": 4,
          "sti": 3,
          "dti": 71,
          "sco": 18,
          "dco": 372,
          "txt": "Adrian"
        },
        {
          "si": 4,
          "sti": 4,
          "dti": 72,
          "sco": 24,
          "dco": 378,
          "txt": "'"
        },
        {
          "si": 4,
          "sti": 5,
          "dti": 73,
          "sco": 25,
          "dco": 379,
          "txt": "s"
        },
        {
          "si": 4,
          "sti": 6,
          "dti": 74,
          "sco": 27,
          "dco": 381,
          "txt": "first"
        },
        {
          "si": 4,
          "sti": 7,
          "dti": 75,
          "sco": 33,
          "dco": 387,
          "txt": "Roman"
        },
        {
          "si": 4,
          "sti": 8,
          "dti": 76,
          "sco": 39,
          "dco": 393,
          "txt": "Catholic"
        },
        {
          "si": 4,
          "sti": 9,
          "dti": 77,
          "sco": 48,
          "dco": 402,
          "txt": "congregation"
        },
        {
          "si": 4,
          "sti": 10,
          "dti": 78,
          "sco": 60,
          "dco": 414,
          "txt": ","
        },
        {
          "si": 4,
          "sti": 11,
          "dti": 79,
          "sco": 62,
          "dco": 416,
          "txt": "which"
        },
        {
          "si": 4,
          "sti": 12,
          "dti": 80,
          "sco": 68,
          "dco": 422,
          "txt": "was"
        },
        {
          "si": 4,
          "sti": 13,
          "dti": 81,
          "sco": 72,
          "dco": 426,
          "txt": "founded"
        },
        {
          "si": 4,
          "sti": 14,
          "dti": 82,
          "sco": 80,
          "dco": 434,
          "txt": "in"
        },
        {
          "si": 4,
          "sti": 15,
          "dti": 83,
          "sco": 83,
          "dco": 437,
          "txt": "1852"
        },
        {
          "si": 4,
          "sti": 16,
          "dti": 84,
          "sco": 87,
          "dco": 441,
          "txt": "."
        },
        {
          "si": 5,
          "sti": 0,
          "dti": 85,
          "sco": 0,
          "dco": 443,
          "txt": "The"
        },
        {
          "si": 5,
          "sti": 1,
          "dti": 86,
          "sco": 4,
          "dco": 447,
          "txt": "first"
        },
        {
          "si": 5,
          "sti": 2,
          "dti": 87,
          "sco": 10,
          "dco": 453,
          "txt": "school"
        },
        {
          "si": 5,
          "sti": 3,
          "dti": 88,
          "sco": 17,
          "dco": 460,
          "txt": "was"
        },
        {
          "si": 5,
          "sti": 4,
          "dti": 89,
          "sco": 21,
          "dco": 464,
          "txt": "also"
        },
        {
          "si": 5,
          "sti": 5,
          "dti": 90,
          "sco": 26,
          "dco": 469,
          "txt": "built"
        },
        {
          "si": 5,
          "sti": 6,
          "dti": 91,
          "sco": 32,
          "dco": 475,
          "txt": "on"
        },
        {
          "si": 5,
          "sti": 7,
          "dti": 92,
          "sco": 35,
          "dco": 478,
          "txt": "the"
        },
        {
          "si": 5,
          "sti": 8,
          "dti": 93,
          "sco": 39,
          "dco": 482,
          "txt": "site"
        },
        {
          "si": 5,
          "sti": 9,
          "dti": 94,
          "sco": 44,
          "dco": 487,
          "txt": "in"
        },
        {
          "si": 5,
          "sti": 10,
          "dti": 95,
          "sco": 47,
          "dco": 490,
          "txt": "1855"
        },
        {
          "si": 5,
          "sti": 11,
          "dti": 96,
          "sco": 51,
          "dco": 494,
          "txt": ","
        },
        {
          "si": 5,
          "sti": 12,
          "dti": 97,
          "sco": 53,
          "dco": 496,
          "txt": "although"
        },
        {
          "si": 5,
          "sti": 13,
          "dti": 98,
          "sco": 62,
          "dco": 505,
          "txt": "a"
        },
        {
          "si": 5,
          "sti": 14,
          "dti": 99,
          "sco": 64,
          "dco": 507,
          "txt": "fire"
        },
        {
          "si": 5,
          "sti": 15,
          "dti": 100,
          "sco": 69,
          "dco": 512,
          "txt": "destroyed"
        },
        {
          "si": 5,
          "sti": 16,
          "dti": 101,
          "sco": 79,
          "dco": 522,
          "txt": "the"
        },
        {
          "si": 5,
          "sti": 17,
          "dti": 102,
          "sco": 83,
          "dco": 526,
          "txt": "original"
        },
        {
          "si": 5,
          "sti": 18,
          "dti": 103,
          "sco": 92,
          "dco": 535,
          "txt": "church"
        },
        {
          "si": 5,
          "sti": 19,
          "dti": 104,
          "sco": 99,
          "dco": 542,
          "txt": "and"
        },
        {
          "si": 5,
          "sti": 20,
          "dti": 105,
          "sco": 103,
          "dco": 546,
          "txt": "school"
        },
        {
          "si": 5,
          "sti": 21,
          "dti": 106,
          "sco": 110,
          "dco": 553,
          "txt": "in"
        },
        {
          "si": 5,
          "sti": 22,
          "dti": 107,
          "sco": 113,
          "dco": 556,
          "txt": "1865"
        },
        {
          "si": 5,
          "sti": 23,
          "dti": 108,
          "sco": 117,
          "dco": 560,
          "txt": "."
        },
        {
          "si": 6,
          "sti": 0,
          "dti": 109,
          "sco": 0,
          "dco": 562,
          "txt": "The"
        },
        {
          "si": 6,
          "sti": 1,
          "dti": 110,
          "sco": 4,
          "dco": 566,
          "txt": "current"
        },
        {
          "si": 6,
          "sti": 2,
          "dti": 111,
          "sco": 12,
          "dco": 574,
          "txt": "church"
        },
        {
          "si": 6,
          "sti": 3,
          "dti": 112,
          "sco": 19,
          "dco": 581,
          "txt": "building"
        },
        {
          "si": 6,
          "sti": 4,
          "dti": 113,
          "sco": 28,
          "dco": 590,
          "txt": "was"
        },
        {
          "si": 6,
          "sti": 5,
          "dti": 114,
          "sco": 32,
          "dco": 594,
          "txt": "consecrated"
        },
        {
          "si": 6,
          "sti": 6,
          "dti": 115,
          "sco": 44,
          "dco": 606,
          "txt": "in"
        },
        {
          "si": 6,
          "sti": 7,
          "dti": 116,
          "sco": 47,
          "dco": 609,
          "txt": "1871"
        },
        {
          "si": 6,
          "sti": 8,
          "dti": 117,
          "sco": 52,
          "dco": 614,
          "txt": "and"
        },
        {
          "si": 6,
          "sti": 9,
          "dti": 118,
          "sco": 56,
          "dco": 618,
          "txt": "is"
        },
        {
          "si": 6,
          "sti": 10,
          "dti": 119,
          "sco": 59,
          "dco": 621,
          "txt": "recognized"
        },
        {
          "si": 6,
          "sti": 11,
          "dti": 120,
          "sco": 70,
          "dco": 632,
          "txt": "as"
        },
        {
          "si": 6,
          "sti": 12,
          "dti": 121,
          "sco": 73,
          "dco": 635,
          "txt": "an"
        },
        {
          "si": 6,
          "sti": 13,
          "dti": 122,
          "sco": 76,
          "dco": 638,
          "txt": "important"
        },
        {
          "si": 6,
          "sti": 14,
          "dti": 123,
          "sco": 86,
          "dco": 648,
          "txt": "landmark"
        },
        {
          "si": 6,
          "sti": 15,
          "dti": 124,
          "sco": 95,
          "dco": 657,
          "txt": "of"
        },
        {
          "si": 6,
          "sti": 16,
          "dti": 125,
          "sco": 98,
          "dco": 660,
          "txt": "Romanesque"
        },
        {
          "si": 6,
          "sti": 17,
          "dti": 126,
          "sco": 109,
          "dco": 671,
          "txt": "Revival"
        },
        {
          "si": 6,
          "sti": 18,
          "dti": 127,
          "sco": 117,
          "dco": 679,
          "txt": "architecture"
        },
        {
          "si": 6,
          "sti": 19,
          "dti": 128,
          "sco": 129,
          "dco": 691,
          "txt": "."
        },
        {
          "si": 7,
          "sti": 0,
          "dti": 129,
          "sco": 0,
          "dco": 693,
          "txt": "It"
        },
        {
          "si": 7,
          "sti": 1,
          "dti": 130,
          "sco": 3,
          "dco": 696,
          "txt": "was"
        },
        {
          "si": 7,
          "sti": 2,
          "dti": 131,
          "sco": 7,
          "dco": 700,
          "txt": "designed"
        },
        {
          "si": 7,
          "sti": 3,
          "dti": 132,
          "sco": 16,
          "dco": 709,
          "txt": "by"
        },
        {
          "si": 7,
          "sti": 4,
          "dti": 133,
          "sco": 19,
          "dco": 712,
          "txt": "renowned"
        },
        {
          "si": 7,
          "sti": 5,
          "dti": 134,
          "sco": 28,
          "dco": 721,
          "txt": "Detroit"
        },
        {
          "si": 7,
          "sti": 6,
          "dti": 135,
          "sco": 36,
          "dco": 729,
          "txt": "architect"
        },
        {
          "si": 7,
          "sti": 7,
          "dti": 136,
          "sco": 46,
          "dco": 739,
          "txt": "Gordon"
        },
        {
          "si": 7,
          "sti": 8,
          "dti": 137,
          "sco": 53,
          "dco": 746,
          "txt": "W"
        },
        {
          "si": 7,
          "sti": 9,
          "dti": 138,
          "sco": 54,
          "dco": 747,
          "txt": "."
        },
        {
          "si": 8,
          "sti": 0,
          "dti": 139,
          "sco": 0,
          "dco": 749,
          "txt": "Lloyd"
        },
        {
          "si": 8,
          "sti": 1,
          "dti": 140,
          "sco": 5,
          "dco": 754,
          "txt": "."
        },
        {
          "si": 9,
          "sti": 0,
          "dti": 141,
          "sco": 0,
          "dco": 756,
          "txt": "Mr"
        },
        {
          "si": 9,
          "sti": 1,
          "dti": 142,
          "sco": 2,
          "dco": 758,
          "txt": "."
        },
        {
          "si": 10,
          "sti": 0,
          "dti": 143,
          "sco": 0,
          "dco": 760,
          "txt": "Lloyd"
        },
        {
          "si": 10,
          "sti": 1,
          "dti": 144,
          "sco": 6,
          "dco": 766,
          "txt": "engaged"
        },
        {
          "si": 10,
          "sti": 2,
          "dti": 145,
          "sco": 14,
          "dco": 774,
          "txt": "Ignace"
        },
        {
          "si": 10,
          "sti": 3,
          "dti": 146,
          "sco": 21,
          "dco": 781,
          "txt": "Schott"
        },
        {
          "si": 10,
          "sti": 4,
          "dti": 147,
          "sco": 27,
          "dco": 787,
          "txt": ","
        },
        {
          "si": 10,
          "sti": 5,
          "dti": 148,
          "sco": 29,
          "dco": 789,
          "txt": "an"
        },
        {
          "si": 10,
          "sti": 6,
          "dti": 149,
          "sco": 32,
          "dco": 792,
          "txt": "ecclesiastic"
        },
        {
          "si": 10,
          "sti": 7,
          "dti": 150,
          "sco": 45,
          "dco": 805,
          "txt": "artist"
        },
        {
          "si": 10,
          "sti": 8,
          "dti": 151,
          "sco": 51,
          "dco": 811,
          "txt": ","
        },
        {
          "si": 10,
          "sti": 9,
          "dti": 152,
          "sco": 53,
          "dco": 813,
          "txt": "to"
        },
        {
          "si": 10,
          "sti": 10,
          "dti": 153,
          "sco": 56,
          "dco": 816,
          "txt": "execute"
        },
        {
          "si": 10,
          "sti": 11,
          "dti": 154,
          "sco": 64,
          "dco": 824,
          "txt": "several"
        },
        {
          "si": 10,
          "sti": 12,
          "dti": 155,
          "sco": 72,
          "dco": 832,
          "txt": "murals"
        },
        {
          "si": 10,
          "sti": 13,
          "dti": 156,
          "sco": 79,
          "dco": 839,
          "txt": "of"
        },
        {
          "si": 10,
          "sti": 14,
          "dti": 157,
          "sco": 82,
          "dco": 842,
          "txt": "important"
        },
        {
          "si": 10,
          "sti": 15,
          "dti": 158,
          "sco": 92,
          "dco": 852,
          "txt": "saints"
        },
        {
          "si": 10,
          "sti": 16,
          "dti": 159,
          "sco": 99,
          "dco": 859,
          "txt": "for"
        },
        {
          "si": 10,
          "sti": 17,
          "dti": 160,
          "sco": 103,
          "dco": 863,
          "txt": "the"
        },
        {
          "si": 10,
          "sti": 18,
          "dti": 161,
          "sco": 107,
          "dco": 867,
          "txt": "decoration"
        },
        {
          "si": 10,
          "sti": 19,
          "dti": 162,
          "sco": 118,
          "dco": 878,
          "txt": "of"
        },
        {
          "si": 10,
          "sti": 20,
          "dti": 163,
          "sco": 121,
          "dco": 881,
          "txt": "the"
        },
        {
          "si": 10,
          "sti": 21,
          "dti": 164,
          "sco": 125,
          "dco": 885,
          "txt": "interior"
        },
        {
          "si": 10,
          "sti": 22,
          "dti": 165,
          "sco": 133,
          "dco": 893,
          "txt": "."
        },
        {
          "si": 11,
          "sti": 0,
          "dti": 166,
          "sco": 0,
          "dco": 895,
          "txt": "A"
        },
        {
          "si": 11,
          "sti": 1,
          "dti": 167,
          "sco": 2,
          "dco": 897,
          "txt": "new"
        },
        {
          "si": 11,
          "sti": 2,
          "dti": 168,
          "sco": 6,
          "dco": 901,
          "txt": "grade"
        },
        {
          "si": 11,
          "sti": 3,
          "dti": 169,
          "sco": 12,
          "dco": 907,
          "txt": "school"
        },
        {
          "si": 11,
          "sti": 4,
          "dti": 170,
          "sco": 19,
          "dco": 914,
          "txt": "was"
        },
        {
          "si": 11,
          "sti": 5,
          "dti": 171,
          "sco": 23,
          "dco": 918,
          "txt": "constructed"
        },
        {
          "si": 11,
          "sti": 6,
          "dti": 172,
          "sco": 35,
          "dco": 930,
          "txt": "in"
        },
        {
          "si": 11,
          "sti": 7,
          "dti": 173,
          "sco": 38,
          "dco": 933,
          "txt": "1912"
        },
        {
          "si": 11,
          "sti": 8,
          "dti": 174,
          "sco": 42,
          "dco": 937,
          "txt": ","
        },
        {
          "si": 11,
          "sti": 9,
          "dti": 175,
          "sco": 44,
          "dco": 939,
          "txt": "and"
        },
        {
          "si": 11,
          "sti": 10,
          "dti": 176,
          "sco": 48,
          "dco": 943,
          "txt": "a"
        },
        {
          "si": 11,
          "sti": 11,
          "dti": 177,
          "sco": 50,
          "dco": 945,
          "txt": "high"
        },
        {
          "si": 11,
          "sti": 12,
          "dti": 178,
          "sco": 55,
          "dco": 950,
          "txt": "school"
        },
        {
          "si": 11,
          "sti": 13,
          "dti": 179,
          "sco": 61,
          "dco": 956,
          "txt": ","
        },
        {
          "si": 11,
          "sti": 14,
          "dti": 180,
          "sco": 63,
          "dco": 958,
          "txt": "Catholic"
        },
        {
          "si": 11,
          "sti": 15,
          "dti": 181,
          "sco": 72,
          "dco": 967,
          "txt": "Central"
        },
        {
          "si": 11,
          "sti": 16,
          "dti": 182,
          "sco": 80,
          "dco": 975,
          "txt": "High"
        },
        {
          "si": 11,
          "sti": 17,
          "dti": 183,
          "sco": 85,
          "dco": 980,
          "txt": "School"
        },
        {
          "si": 11,
          "sti": 18,
          "dti": 184,
          "sco": 91,
          "dco": 986,
          "txt": ","
        },
        {
          "si": 11,
          "sti": 19,
          "dti": 185,
          "sco": 93,
          "dco": 988,
          "txt": "was"
        },
        {
          "si": 11,
          "sti": 20,
          "dti": 186,
          "sco": 97,
          "dco": 992,
          "txt": "constructed"
        },
        {
          "si": 11,
          "sti": 21,
          "dti": 187,
          "sco": 109,
          "dco": 1004,
          "txt": "in"
        },
        {
          "si": 11,
          "sti": 22,
          "dti": 188,
          "sco": 112,
          "dco": 1007,
          "txt": "1953"
        },
        {
          "si": 11,
          "sti": 23,
          "dti": 189,
          "sco": 116,
          "dco": 1011,
          "txt": "."
        },
        {
          "si": 12,
          "sti": 0,
          "dti": 190,
          "sco": 0,
          "dco": 1013,
          "txt": "The"
        },
        {
          "si": 12,
          "sti": 1,
          "dti": 191,
          "sco": 4,
          "dco": 1017,
          "txt": "high"
        },
        {
          "si": 12,
          "sti": 2,
          "dti": 192,
          "sco": 9,
          "dco": 1022,
          "txt": "school"
        },
        {
          "si": 12,
          "sti": 3,
          "dti": 193,
          "sco": 16,
          "dco": 1029,
          "txt": "closed"
        },
        {
          "si": 12,
          "sti": 4,
          "dti": 194,
          "sco": 23,
          "dco": 1036,
          "txt": "in"
        },
        {
          "si": 12,
          "sti": 5,
          "dti": 195,
          "sco": 26,
          "dco": 1039,
          "txt": "1968"
        },
        {
          "si": 12,
          "sti": 6,
          "dti": 196,
          "sco": 30,
          "dco": 1043,
          "txt": ","
        },
        {
          "si": 12,
          "sti": 7,
          "dti": 197,
          "sco": 32,
          "dco": 1045,
          "txt": "and"
        },
        {
          "si": 12,
          "sti": 8,
          "dti": 198,
          "sco": 36,
          "dco": 1049,
          "txt": "the"
        },
        {
          "si": 12,
          "sti": 9,
          "dti": 199,
          "sco": 40,
          "dco": 1053,
          "txt": "grade"
        },
        {
          "si": 12,
          "sti": 10,
          "dti": 200,
          "sco": 46,
          "dco": 1059,
          "txt": "school"
        },
        {
          "si": 12,
          "sti": 11,
          "dti": 201,
          "sco": 53,
          "dco": 1066,
          "txt": "closed"
        },
        {
          "si": 12,
          "sti": 12,
          "dti": 202,
          "sco": 60,
          "dco": 1073,
          "txt": "the"
        },
        {
          "si": 12,
          "sti": 13,
          "dti": 203,
          "sco": 64,
          "dco": 1077,
          "txt": "following"
        },
        {
          "si": 12,
          "sti": 14,
          "dti": 204,
          "sco": 74,
          "dco": 1087,
          "txt": "year"
        },
        {
          "si": 12,
          "sti": 15,
          "dti": 205,
          "sco": 78,
          "dco": 1091,
          "txt": "."
        },
        {
          "si": 13,
          "sti": 0,
          "dti": 206,
          "sco": 0,
          "dco": 1093,
          "txt": "The"
        },
        {
          "si": 13,
          "sti": 1,
          "dti": 207,
          "sco": 4,
          "dco": 1097,
          "txt": "church"
        },
        {
          "si": 13,
          "sti": 2,
          "dti": 208,
          "sco": 11,
          "dco": 1104,
          "txt": "continues"
        },
        {
          "si": 13,
          "sti": 3,
          "dti": 209,
          "sco": 21,
          "dco": 1114,
          "txt": "to"
        },
        {
          "si": 13,
          "sti": 4,
          "dti": 210,
          "sco": 24,
          "dco": 1117,
          "txt": "serve"
        },
        {
          "si": 13,
          "sti": 5,
          "dti": 211,
          "sco": 30,
          "dco": 1123,
          "txt": "the"
        },
        {
          "si": 13,
          "sti": 6,
          "dti": 212,
          "sco": 34,
          "dco": 1127,
          "txt": "Catholic"
        },
        {
          "si": 13,
          "sti": 7,
          "dti": 213,
          "sco": 43,
          "dco": 1136,
          "txt": "residents"
        },
        {
          "si": 13,
          "sti": 8,
          "dti": 214,
          "sco": 53,
          "dco": 1146,
          "txt": "of"
        },
        {
          "si": 13,
          "sti": 9,
          "dti": 215,
          "sco": 56,
          "dco": 1149,
          "txt": "Adrian"
        },
        {
          "si": 13,
          "sti": 10,
          "dti": 216,
          "sco": 62,
          "dco": 1155,
          "txt": "."
        }
      ]
    },
    "ganns": {
      "dla": [],
      "la": [],
      "ea": [],
      "eta": [
        {
          "ra": {
            "ea": {
              "etn": "Saint_Mary_of_Good_Counsel_Catholic_Church_(Adrian,_Michigan)"
            }
          },
          "sfs": [
            [
              {
                "stn": "openingYear"
              },
              {}
            ]
          ],
          "mfs": [
            [
              {
                "stn": "architect"
              },
              {
                "dla": [],
                "la": [],
                "ea": [
                  {
                    "etn": "Gordon_W._Lloyd"
                  }
                ],
                "eta": []
              }
            ],
            [
              {
                "stn": "yearOfConstruction"
              },
              {
                "dla": [
                  {
                    "txt": {
                      "sff": "1871"
                    },
                    "et": {
                      "etn": "Year"
                    },
                    "dp": {
                      "off": 609
                    }
                  }
                ],
                "la": [],
                "ea": [],
                "eta": []
              }
            ],
            [
              {
                "stn": "architecturalStyle"
              },
              {
                "dla": [],
                "la": [],
                "ea": [
                  {
                    "etn": "Romanesque_Revival_architecture"
                  }
                ],
                "eta": []
              }
            ],
            [
              {
                "stn": "location"
              },
              {
                "dla": [],
                "la": [],
                "ea": [
                  {
                    "etn": "Michigan"
                  },
                  {
                    "etn": "Adrian,_Michigan"
                  }
                ],
                "eta": []
              }
            ]
          ]
        }
      ]
    }
  }
]
