[
  {
    "context": "TEST",
    "doc": {
      "id": "Saint_Paul_Women's_City_Club",
      "tl": [
        {
          "si": 0,
          "sti": 0,
          "dti": 0,
          "sco": 0,
          "dco": 0,
          "txt": "Saint"
        },
        {
          "si": 0,
          "sti": 1,
          "dti": 1,
          "sco": 6,
          "dco": 6,
          "txt": "Paul"
        },
        {
          "si": 0,
          "sti": 2,
          "dti": 2,
          "sco": 11,
          "dco": 11,
          "txt": "Women"
        },
        {
          "si": 0,
          "sti": 3,
          "dti": 3,
          "sco": 16,
          "dco": 16,
          "txt": "'"
        },
        {
          "si": 0,
          "sti": 4,
          "dti": 4,
          "sco": 17,
          "dco": 17,
          "txt": "s"
        },
        {
          "si": 0,
          "sti": 5,
          "dti": 5,
          "sco": 19,
          "dco": 19,
          "txt": "City"
        },
        {
          "si": 0,
          "sti": 6,
          "dti": 6,
          "sco": 24,
          "dco": 24,
          "txt": "Club"
        },
        {
          "si": 0,
          "sti": 7,
          "dti": 7,
          "sco": 28,
          "dco": 28,
          "txt": "."
        },
        {
          "si": 1,
          "sti": 0,
          "dti": 8,
          "sco": 0,
          "dco": 30,
          "txt": "The"
        },
        {
          "si": 1,
          "sti": 1,
          "dti": 9,
          "sco": 4,
          "dco": 34,
          "txt": "St"
        },
        {
          "si": 1,
          "sti": 2,
          "dti": 10,
          "sco": 6,
          "dco": 36,
          "txt": "."
        },
        {
          "si": 2,
          "sti": 0,
          "dti": 11,
          "sco": 0,
          "dco": 38,
          "txt": "Paul"
        },
        {
          "si": 2,
          "sti": 1,
          "dti": 12,
          "sco": 5,
          "dco": 43,
          "txt": "Women"
        },
        {
          "si": 2,
          "sti": 2,
          "dti": 13,
          "sco": 10,
          "dco": 48,
          "txt": "'"
        },
        {
          "si": 2,
          "sti": 3,
          "dti": 14,
          "sco": 11,
          "dco": 49,
          "txt": "s"
        },
        {
          "si": 2,
          "sti": 4,
          "dti": 15,
          "sco": 13,
          "dco": 51,
          "txt": "City"
        },
        {
          "si": 2,
          "sti": 5,
          "dti": 16,
          "sco": 18,
          "dco": 56,
          "txt": "Club"
        },
        {
          "si": 2,
          "sti": 6,
          "dti": 17,
          "sco": 23,
          "dco": 61,
          "txt": "is"
        },
        {
          "si": 2,
          "sti": 7,
          "dti": 18,
          "sco": 26,
          "dco": 64,
          "txt": "a"
        },
        {
          "si": 2,
          "sti": 8,
          "dti": 19,
          "sco": 28,
          "dco": 66,
          "txt": "1931"
        },
        {
          "si": 2,
          "sti": 9,
          "dti": 20,
          "sco": 33,
          "dco": 71,
          "txt": "Art"
        },
        {
          "si": 2,
          "sti": 10,
          "dti": 21,
          "sco": 37,
          "dco": 75,
          "txt": "Deco"
        },
        {
          "si": 2,
          "sti": 11,
          "dti": 22,
          "sco": 42,
          "dco": 80,
          "txt": "Streamline"
        },
        {
          "si": 2,
          "sti": 12,
          "dti": 23,
          "sco": 53,
          "dco": 91,
          "txt": "Moderne"
        },
        {
          "si": 2,
          "sti": 13,
          "dti": 24,
          "sco": 60,
          "dco": 98,
          "txt": "-"
        },
        {
          "si": 2,
          "sti": 14,
          "dti": 25,
          "sco": 61,
          "dco": 99,
          "txt": "style"
        },
        {
          "si": 2,
          "sti": 15,
          "dti": 26,
          "sco": 67,
          "dco": 105,
          "txt": "Mankato"
        },
        {
          "si": 2,
          "sti": 16,
          "dti": 27,
          "sco": 75,
          "dco": 113,
          "txt": "limestone"
        },
        {
          "si": 2,
          "sti": 17,
          "dti": 28,
          "sco": 85,
          "dco": 123,
          "txt": "clubhouse"
        },
        {
          "si": 2,
          "sti": 18,
          "dti": 29,
          "sco": 95,
          "dco": 133,
          "txt": "which"
        },
        {
          "si": 2,
          "sti": 19,
          "dti": 30,
          "sco": 101,
          "dco": 139,
          "txt": "provided"
        },
        {
          "si": 2,
          "sti": 20,
          "dti": 31,
          "sco": 110,
          "dco": 148,
          "txt": "a"
        },
        {
          "si": 2,
          "sti": 21,
          "dti": 32,
          "sco": 112,
          "dco": 150,
          "txt": "dining"
        },
        {
          "si": 2,
          "sti": 22,
          "dti": 33,
          "sco": 119,
          "dco": 157,
          "txt": "room"
        },
        {
          "si": 2,
          "sti": 23,
          "dti": 34,
          "sco": 123,
          "dco": 161,
          "txt": ","
        },
        {
          "si": 2,
          "sti": 24,
          "dti": 35,
          "sco": 125,
          "dco": 163,
          "txt": "assembly"
        },
        {
          "si": 2,
          "sti": 25,
          "dti": 36,
          "sco": 134,
          "dco": 172,
          "txt": "rooms"
        },
        {
          "si": 2,
          "sti": 26,
          "dti": 37,
          "sco": 139,
          "dco": 177,
          "txt": ","
        },
        {
          "si": 2,
          "sti": 27,
          "dti": 38,
          "sco": 141,
          "dco": 179,
          "txt": "dressing"
        },
        {
          "si": 2,
          "sti": 28,
          "dti": 39,
          "sco": 150,
          "dco": 188,
          "txt": "rooms"
        },
        {
          "si": 2,
          "sti": 29,
          "dti": 40,
          "sco": 155,
          "dco": 193,
          "txt": ","
        },
        {
          "si": 2,
          "sti": 30,
          "dti": 41,
          "sco": 157,
          "dco": 195,
          "txt": "and"
        },
        {
          "si": 2,
          "sti": 31,
          "dti": 42,
          "sco": 161,
          "dco": 199,
          "txt": "bedrooms"
        },
        {
          "si": 2,
          "sti": 32,
          "dti": 43,
          "sco": 170,
          "dco": 208,
          "txt": "for"
        },
        {
          "si": 2,
          "sti": 33,
          "dti": 44,
          "sco": 174,
          "dco": 212,
          "txt": "members"
        },
        {
          "si": 2,
          "sti": 34,
          "dti": 45,
          "sco": 182,
          "dco": 220,
          "txt": "and"
        },
        {
          "si": 2,
          "sti": 35,
          "dti": 46,
          "sco": 186,
          "dco": 224,
          "txt": "guests"
        },
        {
          "si": 2,
          "sti": 36,
          "dti": 47,
          "sco": 193,
          "dco": 231,
          "txt": "of"
        },
        {
          "si": 2,
          "sti": 37,
          "dti": 48,
          "sco": 196,
          "dco": 234,
          "txt": "the"
        },
        {
          "si": 2,
          "sti": 38,
          "dti": 49,
          "sco": 200,
          "dco": 238,
          "txt": "club"
        },
        {
          "si": 2,
          "sti": 39,
          "dti": 50,
          "sco": 204,
          "dco": 242,
          "txt": ","
        },
        {
          "si": 2,
          "sti": 40,
          "dti": 51,
          "sco": 206,
          "dco": 244,
          "txt": "in"
        },
        {
          "si": 2,
          "sti": 41,
          "dti": 52,
          "sco": 209,
          "dco": 247,
          "txt": "Saint"
        },
        {
          "si": 2,
          "sti": 42,
          "dti": 53,
          "sco": 215,
          "dco": 253,
          "txt": "Paul"
        },
        {
          "si": 2,
          "sti": 43,
          "dti": 54,
          "sco": 219,
          "dco": 257,
          "txt": ","
        },
        {
          "si": 2,
          "sti": 44,
          "dti": 55,
          "sco": 221,
          "dco": 259,
          "txt": "Minnesota"
        },
        {
          "si": 2,
          "sti": 45,
          "dti": 56,
          "sco": 230,
          "dco": 268,
          "txt": "."
        },
        {
          "si": 3,
          "sti": 0,
          "dti": 57,
          "sco": 0,
          "dco": 270,
          "txt": "When"
        },
        {
          "si": 3,
          "sti": 1,
          "dti": 58,
          "sco": 5,
          "dco": 275,
          "txt": "this"
        },
        {
          "si": 3,
          "sti": 2,
          "dti": 59,
          "sco": 10,
          "dco": 280,
          "txt": "building"
        },
        {
          "si": 3,
          "sti": 3,
          "dti": 60,
          "sco": 19,
          "dco": 289,
          "txt": "was"
        },
        {
          "si": 3,
          "sti": 4,
          "dti": 61,
          "sco": 23,
          "dco": 293,
          "txt": "built"
        },
        {
          "si": 3,
          "sti": 5,
          "dti": 62,
          "sco": 28,
          "dco": 298,
          "txt": ","
        },
        {
          "si": 3,
          "sti": 6,
          "dti": 63,
          "sco": 30,
          "dco": 300,
          "txt": "the"
        },
        {
          "si": 3,
          "sti": 7,
          "dti": 64,
          "sco": 34,
          "dco": 304,
          "txt": "club"
        },
        {
          "si": 3,
          "sti": 8,
          "dti": 65,
          "sco": 39,
          "dco": 309,
          "txt": "had"
        },
        {
          "si": 3,
          "sti": 9,
          "dti": 66,
          "sco": 43,
          "dco": 313,
          "txt": "over"
        },
        {
          "si": 3,
          "sti": 10,
          "dti": 67,
          "sco": 48,
          "dco": 318,
          "txt": "1000"
        },
        {
          "si": 3,
          "sti": 11,
          "dti": 68,
          "sco": 53,
          "dco": 323,
          "txt": "members"
        },
        {
          "si": 3,
          "sti": 12,
          "dti": 69,
          "sco": 61,
          "dco": 331,
          "txt": "with"
        },
        {
          "si": 3,
          "sti": 13,
          "dti": 70,
          "sco": 66,
          "dco": 336,
          "txt": "the"
        },
        {
          "si": 3,
          "sti": 14,
          "dti": 71,
          "sco": 70,
          "dco": 340,
          "txt": "goal"
        },
        {
          "si": 3,
          "sti": 15,
          "dti": 72,
          "sco": 75,
          "dco": 345,
          "txt": "of"
        },
        {
          "si": 3,
          "sti": 16,
          "dti": 73,
          "sco": 78,
          "dco": 348,
          "txt": "providing"
        },
        {
          "si": 3,
          "sti": 17,
          "dti": 74,
          "sco": 88,
          "dco": 358,
          "txt": "a"
        },
        {
          "si": 3,
          "sti": 18,
          "dti": 75,
          "sco": 90,
          "dco": 360,
          "txt": "\""
        },
        {
          "si": 3,
          "sti": 19,
          "dti": 76,
          "sco": 91,
          "dco": 361,
          "txt": "center"
        },
        {
          "si": 3,
          "sti": 20,
          "dti": 77,
          "sco": 98,
          "dco": 368,
          "txt": "for"
        },
        {
          "si": 3,
          "sti": 21,
          "dti": 78,
          "sco": 102,
          "dco": 372,
          "txt": "organized"
        },
        {
          "si": 3,
          "sti": 22,
          "dti": 79,
          "sco": 112,
          "dco": 382,
          "txt": "work"
        },
        {
          "si": 3,
          "sti": 23,
          "dti": 80,
          "sco": 117,
          "dco": 387,
          "txt": "and"
        },
        {
          "si": 3,
          "sti": 24,
          "dti": 81,
          "sco": 121,
          "dco": 391,
          "txt": "for"
        },
        {
          "si": 3,
          "sti": 25,
          "dti": 82,
          "sco": 125,
          "dco": 395,
          "txt": "social"
        },
        {
          "si": 3,
          "sti": 26,
          "dti": 83,
          "sco": 132,
          "dco": 402,
          "txt": "and"
        },
        {
          "si": 3,
          "sti": 27,
          "dti": 84,
          "sco": 136,
          "dco": 406,
          "txt": "intellectual"
        },
        {
          "si": 3,
          "sti": 28,
          "dti": 85,
          "sco": 149,
          "dco": 419,
          "txt": "intercourse"
        },
        {
          "si": 3,
          "sti": 29,
          "dti": 86,
          "sco": 160,
          "dco": 430,
          "txt": ";"
        },
        {
          "si": 3,
          "sti": 30,
          "dti": 87,
          "sco": 161,
          "dco": 431,
          "txt": "\""
        },
        {
          "si": 3,
          "sti": 31,
          "dti": 88,
          "sco": 163,
          "dco": 433,
          "txt": "the"
        },
        {
          "si": 3,
          "sti": 32,
          "dti": 89,
          "sco": 167,
          "dco": 437,
          "txt": "architect"
        },
        {
          "si": 3,
          "sti": 33,
          "dti": 90,
          "sco": 177,
          "dco": 447,
          "txt": "was"
        },
        {
          "si": 3,
          "sti": 34,
          "dti": 91,
          "sco": 181,
          "dco": 451,
          "txt": "Magnus"
        },
        {
          "si": 3,
          "sti": 35,
          "dti": 92,
          "sco": 188,
          "dco": 458,
          "txt": "Jemne"
        },
        {
          "si": 3,
          "sti": 36,
          "dti": 93,
          "sco": 194,
          "dco": 464,
          "txt": "("
        },
        {
          "si": 3,
          "sti": 37,
          "dti": 94,
          "sco": 195,
          "dco": 465,
          "txt": "1882"
        },
        {
          "si": 3,
          "sti": 38,
          "dti": 95,
          "sco": 199,
          "dco": 469,
          "txt": "-"
        },
        {
          "si": 3,
          "sti": 39,
          "dti": 96,
          "sco": 200,
          "dco": 470,
          "txt": "1964"
        },
        {
          "si": 3,
          "sti": 40,
          "dti": 97,
          "sco": 204,
          "dco": 474,
          "txt": ")"
        },
        {
          "si": 3,
          "sti": 41,
          "dti": 98,
          "sco": 205,
          "dco": 475,
          "txt": ";"
        },
        {
          "si": 3,
          "sti": 42,
          "dti": 99,
          "sco": 207,
          "dco": 477,
          "txt": "the"
        },
        {
          "si": 3,
          "sti": 43,
          "dti": 100,
          "sco": 211,
          "dco": 481,
          "txt": "building"
        },
        {
          "si": 3,
          "sti": 44,
          "dti": 101,
          "sco": 220,
          "dco": 490,
          "txt": "was"
        },
        {
          "si": 3,
          "sti": 45,
          "dti": 102,
          "sco": 224,
          "dco": 494,
          "txt": "sold"
        },
        {
          "si": 3,
          "sti": 46,
          "dti": 103,
          "sco": 229,
          "dco": 499,
          "txt": "to"
        },
        {
          "si": 3,
          "sti": 47,
          "dti": 104,
          "sco": 232,
          "dco": 502,
          "txt": "the"
        },
        {
          "si": 3,
          "sti": 48,
          "dti": 105,
          "sco": 236,
          "dco": 506,
          "txt": "Minnesota"
        },
        {
          "si": 3,
          "sti": 49,
          "dti": 106,
          "sco": 246,
          "dco": 516,
          "txt": "Museum"
        },
        {
          "si": 3,
          "sti": 50,
          "dti": 107,
          "sco": 253,
          "dco": 523,
          "txt": "of"
        },
        {
          "si": 3,
          "sti": 51,
          "dti": 108,
          "sco": 256,
          "dco": 526,
          "txt": "Art"
        },
        {
          "si": 3,
          "sti": 52,
          "dti": 109,
          "sco": 260,
          "dco": 530,
          "txt": "in"
        },
        {
          "si": 3,
          "sti": 53,
          "dti": 110,
          "sco": 263,
          "dco": 533,
          "txt": "1972"
        },
        {
          "si": 3,
          "sti": 54,
          "dti": 111,
          "sco": 268,
          "dco": 538,
          "txt": "and"
        },
        {
          "si": 3,
          "sti": 55,
          "dti": 112,
          "sco": 272,
          "dco": 542,
          "txt": "now"
        },
        {
          "si": 3,
          "sti": 56,
          "dti": 113,
          "sco": 276,
          "dco": 546,
          "txt": "houses"
        },
        {
          "si": 3,
          "sti": 57,
          "dti": 114,
          "sco": 283,
          "dco": 553,
          "txt": "an"
        },
        {
          "si": 3,
          "sti": 58,
          "dti": 115,
          "sco": 286,
          "dco": 556,
          "txt": "architectural"
        },
        {
          "si": 3,
          "sti": 59,
          "dti": 116,
          "sco": 300,
          "dco": 570,
          "txt": "firm"
        },
        {
          "si": 3,
          "sti": 60,
          "dti": 117,
          "sco": 304,
          "dco": 574,
          "txt": "."
        },
        {
          "si": 4,
          "sti": 0,
          "dti": 118,
          "sco": 0,
          "dco": 576,
          "txt": "It"
        },
        {
          "si": 4,
          "sti": 1,
          "dti": 119,
          "sco": 3,
          "dco": 579,
          "txt": "is"
        },
        {
          "si": 4,
          "sti": 2,
          "dti": 120,
          "sco": 6,
          "dco": 582,
          "txt": "listed"
        },
        {
          "si": 4,
          "sti": 3,
          "dti": 121,
          "sco": 13,
          "dco": 589,
          "txt": "on"
        },
        {
          "si": 4,
          "sti": 4,
          "dti": 122,
          "sco": 16,
          "dco": 592,
          "txt": "the"
        },
        {
          "si": 4,
          "sti": 5,
          "dti": 123,
          "sco": 20,
          "dco": 596,
          "txt": "National"
        },
        {
          "si": 4,
          "sti": 6,
          "dti": 124,
          "sco": 29,
          "dco": 605,
          "txt": "Register"
        },
        {
          "si": 4,
          "sti": 7,
          "dti": 125,
          "sco": 38,
          "dco": 614,
          "txt": "of"
        },
        {
          "si": 4,
          "sti": 8,
          "dti": 126,
          "sco": 41,
          "dco": 617,
          "txt": "Historic"
        },
        {
          "si": 4,
          "sti": 9,
          "dti": 127,
          "sco": 50,
          "dco": 626,
          "txt": "Places"
        },
        {
          "si": 4,
          "sti": 10,
          "dti": 128,
          "sco": 56,
          "dco": 632,
          "txt": "."
        }
      ]
    },
    "ganns": {
      "dla": [],
      "la": [],
      "ea": [],
      "eta": [
        {
          "ra": {
            "ea": {
              "etn": "Saint_Paul_Women's_City_Club"
            }
          },
          "sfs": [
            [
              {
                "stn": "openingYear"
              },
              {}
            ]
          ],
          "mfs": [
            [
              {
                "stn": "architect"
              },
              {
                "dla": [],
                "la": [],
                "ea": [
                  {
                    "etn": "Magnus_Jemne"
                  }
                ],
                "eta": []
              }
            ],
            [
              {
                "stn": "yearOfConstruction"
              },
              {
                "dla": [
                  {
                    "txt": {
                      "sff": "1931"
                    },
                    "et": {
                      "etn": "Year"
                    },
                    "dp": {
                      "off": 66
                    }
                  }
                ],
                "la": [],
                "ea": [],
                "eta": []
              }
            ],
            [
              {
                "stn": "architecturalStyle"
              },
              {
                "dla": [],
                "la": [],
                "ea": [
                  {
                    "etn": "Art_Deco"
                  }
                ],
                "eta": []
              }
            ],
            [
              {
                "stn": "location"
              },
              {
                "dla": [],
                "la": [],
                "ea": [
                  {
                    "etn": "Saint_Paul,_Minnesota"
                  }
                ],
                "eta": []
              }
            ]
          ]
        }
      ]
    }
  }
]
