[
  {
    "context": "TEST",
    "doc": {
      "id": "Scarlet_Oaks",
      "tl": [
        {
          "si": 0,
          "sti": 0,
          "dti": 0,
          "sco": 0,
          "dco": 0,
          "txt": "Scarlet"
        },
        {
          "si": 0,
          "sti": 1,
          "dti": 1,
          "sco": 8,
          "dco": 8,
          "txt": "Oaks"
        },
        {
          "si": 0,
          "sti": 2,
          "dti": 2,
          "sco": 12,
          "dco": 12,
          "txt": "."
        },
        {
          "si": 1,
          "sti": 0,
          "dti": 3,
          "sco": 0,
          "dco": 14,
          "txt": "Scarlet"
        },
        {
          "si": 1,
          "sti": 1,
          "dti": 4,
          "sco": 8,
          "dco": 22,
          "txt": "Oaks"
        },
        {
          "si": 1,
          "sti": 2,
          "dti": 5,
          "sco": 13,
          "dco": 27,
          "txt": "is"
        },
        {
          "si": 1,
          "sti": 3,
          "dti": 6,
          "sco": 16,
          "dco": 30,
          "txt": "a"
        },
        {
          "si": 1,
          "sti": 4,
          "dti": 7,
          "sco": 18,
          "dco": 32,
          "txt": "large"
        },
        {
          "si": 1,
          "sti": 5,
          "dti": 8,
          "sco": 24,
          "dco": 38,
          "txt": "and"
        },
        {
          "si": 1,
          "sti": 6,
          "dti": 9,
          "sco": 28,
          "dco": 42,
          "txt": "historic"
        },
        {
          "si": 1,
          "sti": 7,
          "dti": 10,
          "sco": 37,
          "dco": 51,
          "txt": "residence"
        },
        {
          "si": 1,
          "sti": 8,
          "dti": 11,
          "sco": 47,
          "dco": 61,
          "txt": "in"
        },
        {
          "si": 1,
          "sti": 9,
          "dti": 12,
          "sco": 50,
          "dco": 64,
          "txt": "the"
        },
        {
          "si": 1,
          "sti": 10,
          "dti": 13,
          "sco": 54,
          "dco": 68,
          "txt": "Clifton"
        },
        {
          "si": 1,
          "sti": 11,
          "dti": 14,
          "sco": 62,
          "dco": 76,
          "txt": "neighborhood"
        },
        {
          "si": 1,
          "sti": 12,
          "dti": 15,
          "sco": 75,
          "dco": 89,
          "txt": "of"
        },
        {
          "si": 1,
          "sti": 13,
          "dti": 16,
          "sco": 78,
          "dco": 92,
          "txt": "Cincinnati"
        },
        {
          "si": 1,
          "sti": 14,
          "dti": 17,
          "sco": 88,
          "dco": 102,
          "txt": ","
        },
        {
          "si": 1,
          "sti": 15,
          "dti": 18,
          "sco": 90,
          "dco": 104,
          "txt": "Ohio"
        },
        {
          "si": 1,
          "sti": 16,
          "dti": 19,
          "sco": 94,
          "dco": 108,
          "txt": ","
        },
        {
          "si": 1,
          "sti": 17,
          "dti": 20,
          "sco": 96,
          "dco": 110,
          "txt": "United"
        },
        {
          "si": 1,
          "sti": 18,
          "dti": 21,
          "sco": 103,
          "dco": 117,
          "txt": "States"
        },
        {
          "si": 1,
          "sti": 19,
          "dti": 22,
          "sco": 109,
          "dco": 123,
          "txt": "."
        },
        {
          "si": 2,
          "sti": 0,
          "dti": 23,
          "sco": 0,
          "dco": 125,
          "txt": "Built"
        },
        {
          "si": 2,
          "sti": 1,
          "dti": 24,
          "sco": 6,
          "dco": 131,
          "txt": "in"
        },
        {
          "si": 2,
          "sti": 2,
          "dti": 25,
          "sco": 9,
          "dco": 134,
          "txt": "1867"
        },
        {
          "si": 2,
          "sti": 3,
          "dti": 26,
          "sco": 13,
          "dco": 138,
          "txt": ","
        },
        {
          "si": 2,
          "sti": 4,
          "dti": 27,
          "sco": 15,
          "dco": 140,
          "txt": "it"
        },
        {
          "si": 2,
          "sti": 5,
          "dti": 28,
          "sco": 18,
          "dco": 143,
          "txt": "was"
        },
        {
          "si": 2,
          "sti": 6,
          "dti": 29,
          "sco": 22,
          "dco": 147,
          "txt": "designed"
        },
        {
          "si": 2,
          "sti": 7,
          "dti": 30,
          "sco": 31,
          "dco": 156,
          "txt": "by"
        },
        {
          "si": 2,
          "sti": 8,
          "dti": 31,
          "sco": 34,
          "dco": 159,
          "txt": "James"
        },
        {
          "si": 2,
          "sti": 9,
          "dti": 32,
          "sco": 40,
          "dco": 165,
          "txt": "Keys"
        },
        {
          "si": 2,
          "sti": 10,
          "dti": 33,
          "sco": 45,
          "dco": 170,
          "txt": "Wilson"
        },
        {
          "si": 2,
          "sti": 11,
          "dti": 34,
          "sco": 52,
          "dco": 177,
          "txt": "and"
        },
        {
          "si": 2,
          "sti": 12,
          "dti": 35,
          "sco": 56,
          "dco": 181,
          "txt": "features"
        },
        {
          "si": 2,
          "sti": 13,
          "dti": 36,
          "sco": 65,
          "dco": 190,
          "txt": "a"
        },
        {
          "si": 2,
          "sti": 14,
          "dti": 37,
          "sco": 67,
          "dco": 192,
          "txt": "mix"
        },
        {
          "si": 2,
          "sti": 15,
          "dti": 38,
          "sco": 71,
          "dco": 196,
          "txt": "of"
        },
        {
          "si": 2,
          "sti": 16,
          "dti": 39,
          "sco": 74,
          "dco": 199,
          "txt": "the"
        },
        {
          "si": 2,
          "sti": 17,
          "dti": 40,
          "sco": 78,
          "dco": 203,
          "txt": "Romanesque"
        },
        {
          "si": 2,
          "sti": 18,
          "dti": 41,
          "sco": 89,
          "dco": 214,
          "txt": "Revival"
        },
        {
          "si": 2,
          "sti": 19,
          "dti": 42,
          "sco": 97,
          "dco": 222,
          "txt": "and"
        },
        {
          "si": 2,
          "sti": 20,
          "dti": 43,
          "sco": 101,
          "dco": 226,
          "txt": "Gothic"
        },
        {
          "si": 2,
          "sti": 21,
          "dti": 44,
          "sco": 108,
          "dco": 233,
          "txt": "Revival"
        },
        {
          "si": 2,
          "sti": 22,
          "dti": 45,
          "sco": 116,
          "dco": 241,
          "txt": "styles"
        },
        {
          "si": 2,
          "sti": 23,
          "dti": 46,
          "sco": 123,
          "dco": 248,
          "txt": "of"
        },
        {
          "si": 2,
          "sti": 24,
          "dti": 47,
          "sco": 126,
          "dco": 251,
          "txt": "architecture"
        },
        {
          "si": 2,
          "sti": 25,
          "dti": 48,
          "sco": 138,
          "dco": 263,
          "txt": "."
        },
        {
          "si": 3,
          "sti": 0,
          "dti": 49,
          "sco": 0,
          "dco": 265,
          "txt": "Wilson"
        },
        {
          "si": 3,
          "sti": 1,
          "dti": 50,
          "sco": 7,
          "dco": 272,
          "txt": "designed"
        },
        {
          "si": 3,
          "sti": 2,
          "dti": 51,
          "sco": 16,
          "dco": 281,
          "txt": "Scarlet"
        },
        {
          "si": 3,
          "sti": 3,
          "dti": 52,
          "sco": 24,
          "dco": 289,
          "txt": "Oaks"
        },
        {
          "si": 3,
          "sti": 4,
          "dti": 53,
          "sco": 29,
          "dco": 294,
          "txt": "under"
        },
        {
          "si": 3,
          "sti": 5,
          "dti": 54,
          "sco": 35,
          "dco": 300,
          "txt": "commission"
        },
        {
          "si": 3,
          "sti": 6,
          "dti": 55,
          "sco": 46,
          "dco": 311,
          "txt": "from"
        },
        {
          "si": 3,
          "sti": 7,
          "dti": 56,
          "sco": 51,
          "dco": 316,
          "txt": "prominent"
        },
        {
          "si": 3,
          "sti": 8,
          "dti": 57,
          "sco": 61,
          "dco": 326,
          "txt": "businessman"
        },
        {
          "si": 3,
          "sti": 9,
          "dti": 58,
          "sco": 73,
          "dco": 338,
          "txt": "George"
        },
        {
          "si": 3,
          "sti": 10,
          "dti": 59,
          "sco": 80,
          "dco": 345,
          "txt": "K"
        },
        {
          "si": 3,
          "sti": 11,
          "dti": 60,
          "sco": 81,
          "dco": 346,
          "txt": "."
        },
        {
          "si": 4,
          "sti": 0,
          "dti": 61,
          "sco": 0,
          "dco": 348,
          "txt": "Schoenberger"
        },
        {
          "si": 4,
          "sti": 1,
          "dti": 62,
          "sco": 12,
          "dco": 360,
          "txt": ","
        },
        {
          "si": 4,
          "sti": 2,
          "dti": 63,
          "sco": 14,
          "dco": 362,
          "txt": "a"
        },
        {
          "si": 4,
          "sti": 3,
          "dti": 64,
          "sco": 16,
          "dco": 364,
          "txt": "Pittsburgh"
        },
        {
          "si": 4,
          "sti": 4,
          "dti": 65,
          "sco": 27,
          "dco": 375,
          "txt": "native"
        },
        {
          "si": 4,
          "sti": 5,
          "dti": 66,
          "sco": 34,
          "dco": 382,
          "txt": "who"
        },
        {
          "si": 4,
          "sti": 6,
          "dti": 67,
          "sco": 38,
          "dco": 386,
          "txt": "settled"
        },
        {
          "si": 4,
          "sti": 7,
          "dti": 68,
          "sco": 46,
          "dco": 394,
          "txt": "in"
        },
        {
          "si": 4,
          "sti": 8,
          "dti": 69,
          "sco": 49,
          "dco": 397,
          "txt": "Cincinnati"
        },
        {
          "si": 4,
          "sti": 9,
          "dti": 70,
          "sco": 60,
          "dco": 408,
          "txt": "with"
        },
        {
          "si": 4,
          "sti": 10,
          "dti": 71,
          "sco": 65,
          "dco": 413,
          "txt": "the"
        },
        {
          "si": 4,
          "sti": 11,
          "dti": 72,
          "sco": 69,
          "dco": 417,
          "txt": "intention"
        },
        {
          "si": 4,
          "sti": 12,
          "dti": 73,
          "sco": 79,
          "dco": 427,
          "txt": "of"
        },
        {
          "si": 4,
          "sti": 13,
          "dti": 74,
          "sco": 82,
          "dco": 430,
          "txt": "opening"
        },
        {
          "si": 4,
          "sti": 14,
          "dti": 75,
          "sco": 90,
          "dco": 438,
          "txt": "a"
        },
        {
          "si": 4,
          "sti": 15,
          "dti": 76,
          "sco": 92,
          "dco": 440,
          "txt": "subsidiary"
        },
        {
          "si": 4,
          "sti": 16,
          "dti": 77,
          "sco": 103,
          "dco": 451,
          "txt": "of"
        },
        {
          "si": 4,
          "sti": 17,
          "dti": 78,
          "sco": 106,
          "dco": 454,
          "txt": "his"
        },
        {
          "si": 4,
          "sti": 18,
          "dti": 79,
          "sco": 110,
          "dco": 458,
          "txt": "father"
        },
        {
          "si": 4,
          "sti": 19,
          "dti": 80,
          "sco": 116,
          "dco": 464,
          "txt": "'"
        },
        {
          "si": 4,
          "sti": 20,
          "dti": 81,
          "sco": 117,
          "dco": 465,
          "txt": "s"
        },
        {
          "si": 4,
          "sti": 21,
          "dti": 82,
          "sco": 119,
          "dco": 467,
          "txt": "iron"
        },
        {
          "si": 4,
          "sti": 22,
          "dti": 83,
          "sco": 123,
          "dco": 471,
          "txt": "-"
        },
        {
          "si": 4,
          "sti": 23,
          "dti": 84,
          "sco": 124,
          "dco": 472,
          "txt": "manufacturing"
        },
        {
          "si": 4,
          "sti": 24,
          "dti": 85,
          "sco": 138,
          "dco": 486,
          "txt": "corporation"
        },
        {
          "si": 4,
          "sti": 25,
          "dti": 86,
          "sco": 149,
          "dco": 497,
          "txt": "."
        },
        {
          "si": 5,
          "sti": 0,
          "dti": 87,
          "sco": 0,
          "dco": 499,
          "txt": "Here"
        },
        {
          "si": 5,
          "sti": 1,
          "dti": 88,
          "sco": 4,
          "dco": 503,
          "txt": ","
        },
        {
          "si": 5,
          "sti": 2,
          "dti": 89,
          "sco": 6,
          "dco": 505,
          "txt": "he"
        },
        {
          "si": 5,
          "sti": 3,
          "dti": 90,
          "sco": 9,
          "dco": 508,
          "txt": "became"
        },
        {
          "si": 5,
          "sti": 4,
          "dti": 91,
          "sco": 16,
          "dco": 515,
          "txt": "prosperous"
        },
        {
          "si": 5,
          "sti": 5,
          "dti": 92,
          "sco": 26,
          "dco": 525,
          "txt": ";"
        },
        {
          "si": 5,
          "sti": 6,
          "dti": 93,
          "sco": 28,
          "dco": 527,
          "txt": "at"
        },
        {
          "si": 5,
          "sti": 7,
          "dti": 94,
          "sco": 31,
          "dco": 530,
          "txt": "one"
        },
        {
          "si": 5,
          "sti": 8,
          "dti": 95,
          "sco": 35,
          "dco": 534,
          "txt": "point"
        },
        {
          "si": 5,
          "sti": 9,
          "dti": 96,
          "sco": 40,
          "dco": 539,
          "txt": ","
        },
        {
          "si": 5,
          "sti": 10,
          "dti": 97,
          "sco": 42,
          "dco": 541,
          "txt": "he"
        },
        {
          "si": 5,
          "sti": 11,
          "dti": 98,
          "sco": 45,
          "dco": 544,
          "txt": "was"
        },
        {
          "si": 5,
          "sti": 12,
          "dti": 99,
          "sco": 49,
          "dco": 548,
          "txt": "one"
        },
        {
          "si": 5,
          "sti": 13,
          "dti": 100,
          "sco": 53,
          "dco": 552,
          "txt": "of"
        },
        {
          "si": 5,
          "sti": 14,
          "dti": 101,
          "sco": 56,
          "dco": 555,
          "txt": "the"
        },
        {
          "si": 5,
          "sti": 15,
          "dti": 102,
          "sco": 60,
          "dco": 559,
          "txt": "\""
        },
        {
          "si": 5,
          "sti": 16,
          "dti": 103,
          "sco": 61,
          "dco": 560,
          "txt": "Seven"
        },
        {
          "si": 5,
          "sti": 17,
          "dti": 104,
          "sco": 67,
          "dco": 566,
          "txt": "Barons"
        },
        {
          "si": 5,
          "sti": 18,
          "dti": 105,
          "sco": 74,
          "dco": 573,
          "txt": "of"
        },
        {
          "si": 5,
          "sti": 19,
          "dti": 106,
          "sco": 77,
          "dco": 576,
          "txt": "Clifton"
        },
        {
          "si": 5,
          "sti": 20,
          "dti": 107,
          "sco": 84,
          "dco": 583,
          "txt": "\""
        },
        {
          "si": 5,
          "sti": 21,
          "dti": 108,
          "sco": 85,
          "dco": 584,
          "txt": ","
        },
        {
          "si": 5,
          "sti": 22,
          "dti": 109,
          "sco": 87,
          "dco": 586,
          "txt": "a"
        },
        {
          "si": 5,
          "sti": 23,
          "dti": 110,
          "sco": 89,
          "dco": 588,
          "txt": "popularly"
        },
        {
          "si": 5,
          "sti": 24,
          "dti": 111,
          "sco": 98,
          "dco": 597,
          "txt": "-"
        },
        {
          "si": 5,
          "sti": 25,
          "dti": 112,
          "sco": 99,
          "dco": 598,
          "txt": "perceived"
        },
        {
          "si": 5,
          "sti": 26,
          "dti": 113,
          "sco": 109,
          "dco": 608,
          "txt": "group"
        },
        {
          "si": 5,
          "sti": 27,
          "dti": 114,
          "sco": 115,
          "dco": 614,
          "txt": "of"
        },
        {
          "si": 5,
          "sti": 28,
          "dti": 115,
          "sco": 118,
          "dco": 617,
          "txt": "business"
        },
        {
          "si": 5,
          "sti": 29,
          "dti": 116,
          "sco": 127,
          "dco": 626,
          "txt": "leaders"
        },
        {
          "si": 5,
          "sti": 30,
          "dti": 117,
          "sco": 135,
          "dco": 634,
          "txt": "in"
        },
        {
          "si": 5,
          "sti": 31,
          "dti": 118,
          "sco": 138,
          "dco": 637,
          "txt": "this"
        },
        {
          "si": 5,
          "sti": 32,
          "dti": 119,
          "sco": 143,
          "dco": 642,
          "txt": "wealthy"
        },
        {
          "si": 5,
          "sti": 33,
          "dti": 120,
          "sco": 151,
          "dco": 650,
          "txt": "city"
        },
        {
          "si": 5,
          "sti": 34,
          "dti": 121,
          "sco": 156,
          "dco": 655,
          "txt": "neighborhood"
        },
        {
          "si": 5,
          "sti": 35,
          "dti": 122,
          "sco": 168,
          "dco": 667,
          "txt": "."
        },
        {
          "si": 6,
          "sti": 0,
          "dti": 123,
          "sco": 0,
          "dco": 669,
          "txt": "In"
        },
        {
          "si": 6,
          "sti": 1,
          "dti": 124,
          "sco": 3,
          "dco": 672,
          "txt": "1883"
        },
        {
          "si": 6,
          "sti": 2,
          "dti": 125,
          "sco": 8,
          "dco": 677,
          "txt": "Schoenberger"
        },
        {
          "si": 6,
          "sti": 3,
          "dti": 126,
          "sco": 21,
          "dco": 690,
          "txt": "married"
        },
        {
          "si": 6,
          "sti": 4,
          "dti": 127,
          "sco": 29,
          "dco": 698,
          "txt": "Ella"
        },
        {
          "si": 6,
          "sti": 5,
          "dti": 128,
          "sco": 34,
          "dco": 703,
          "txt": "Beatty"
        },
        {
          "si": 6,
          "sti": 6,
          "dti": 129,
          "sco": 40,
          "dco": 709,
          "txt": ","
        },
        {
          "si": 6,
          "sti": 7,
          "dti": 130,
          "sco": 42,
          "dco": 711,
          "txt": "daughter"
        },
        {
          "si": 6,
          "sti": 8,
          "dti": 131,
          "sco": 51,
          "dco": 720,
          "txt": "of"
        },
        {
          "si": 6,
          "sti": 9,
          "dti": 132,
          "sco": 54,
          "dco": 723,
          "txt": "John"
        },
        {
          "si": 6,
          "sti": 10,
          "dti": 133,
          "sco": 59,
          "dco": 728,
          "txt": "Beatty"
        },
        {
          "si": 6,
          "sti": 11,
          "dti": 134,
          "sco": 65,
          "dco": 734,
          "txt": ","
        },
        {
          "si": 6,
          "sti": 12,
          "dti": 135,
          "sco": 67,
          "dco": 736,
          "txt": "Esquire"
        },
        {
          "si": 6,
          "sti": 13,
          "dti": 136,
          "sco": 74,
          "dco": 743,
          "txt": ","
        },
        {
          "si": 6,
          "sti": 14,
          "dti": 137,
          "sco": 76,
          "dco": 745,
          "txt": "M"
        },
        {
          "si": 6,
          "sti": 15,
          "dti": 138,
          "sco": 77,
          "dco": 746,
          "txt": "."
        },
        {
          "si": 6,
          "sti": 16,
          "dti": 139,
          "sco": 78,
          "dco": 747,
          "txt": "D"
        },
        {
          "si": 6,
          "sti": 17,
          "dti": 140,
          "sco": 79,
          "dco": 748,
          "txt": "."
        },
        {
          "si": 6,
          "sti": 18,
          "dti": 141,
          "sco": 80,
          "dco": 749,
          "txt": ","
        },
        {
          "si": 6,
          "sti": 19,
          "dti": 142,
          "sco": 82,
          "dco": 751,
          "txt": "Professor"
        },
        {
          "si": 6,
          "sti": 20,
          "dti": 143,
          "sco": 92,
          "dco": 761,
          "txt": "of"
        },
        {
          "si": 6,
          "sti": 21,
          "dti": 144,
          "sco": 95,
          "dco": 764,
          "txt": "Sciences"
        },
        {
          "si": 6,
          "sti": 22,
          "dti": 145,
          "sco": 104,
          "dco": 773,
          "txt": "in"
        },
        {
          "si": 6,
          "sti": 23,
          "dti": 146,
          "sco": 107,
          "dco": 776,
          "txt": "Victoria"
        },
        {
          "si": 6,
          "sti": 24,
          "dti": 147,
          "sco": 116,
          "dco": 785,
          "txt": "University"
        },
        {
          "si": 6,
          "sti": 25,
          "dti": 148,
          "sco": 126,
          "dco": 795,
          "txt": ","
        },
        {
          "si": 6,
          "sti": 26,
          "dti": 149,
          "sco": 128,
          "dco": 797,
          "txt": "Cobourg"
        },
        {
          "si": 6,
          "sti": 27,
          "dti": 150,
          "sco": 135,
          "dco": 804,
          "txt": ","
        },
        {
          "si": 6,
          "sti": 28,
          "dti": 151,
          "sco": 137,
          "dco": 806,
          "txt": "Ontario"
        },
        {
          "si": 6,
          "sti": 29,
          "dti": 152,
          "sco": 144,
          "dco": 813,
          "txt": "."
        },
        {
          "si": 6,
          "sti": 30,
          "dti": 153,
          "sco": 145,
          "dco": 814,
          "txt": ","
        },
        {
          "si": 6,
          "sti": 31,
          "dti": 154,
          "sco": 147,
          "dco": 816,
          "txt": "and"
        },
        {
          "si": 6,
          "sti": 32,
          "dti": 155,
          "sco": 151,
          "dco": 820,
          "txt": "his"
        },
        {
          "si": 6,
          "sti": 33,
          "dti": 156,
          "sco": 155,
          "dco": 824,
          "txt": "wife"
        },
        {
          "si": 6,
          "sti": 34,
          "dti": 157,
          "sco": 159,
          "dco": 828,
          "txt": ","
        },
        {
          "si": 6,
          "sti": 35,
          "dti": 158,
          "sco": 161,
          "dco": 830,
          "txt": "Eleanor"
        },
        {
          "si": 6,
          "sti": 36,
          "dti": 159,
          "sco": 169,
          "dco": 838,
          "txt": "Armstrong"
        },
        {
          "si": 6,
          "sti": 37,
          "dti": 160,
          "sco": 178,
          "dco": 847,
          "txt": "."
        },
        {
          "si": 7,
          "sti": 0,
          "dti": 161,
          "sco": 0,
          "dco": 849,
          "txt": "Ella"
        },
        {
          "si": 7,
          "sti": 1,
          "dti": 162,
          "sco": 5,
          "dco": 854,
          "txt": "was"
        },
        {
          "si": 7,
          "sti": 2,
          "dti": 163,
          "sco": 9,
          "dco": 858,
          "txt": "born"
        },
        {
          "si": 7,
          "sti": 3,
          "dti": 164,
          "sco": 14,
          "dco": 863,
          "txt": "and"
        },
        {
          "si": 7,
          "sti": 4,
          "dti": 165,
          "sco": 18,
          "dco": 867,
          "txt": "educated"
        },
        {
          "si": 7,
          "sti": 5,
          "dti": 166,
          "sco": 27,
          "dco": 876,
          "txt": "in"
        },
        {
          "si": 7,
          "sti": 6,
          "dti": 167,
          "sco": 30,
          "dco": 879,
          "txt": "Cobourg"
        },
        {
          "si": 7,
          "sti": 7,
          "dti": 168,
          "sco": 37,
          "dco": 886,
          "txt": ","
        },
        {
          "si": 7,
          "sti": 8,
          "dti": 169,
          "sco": 39,
          "dco": 888,
          "txt": "Ontario"
        },
        {
          "si": 7,
          "sti": 9,
          "dti": 170,
          "sco": 46,
          "dco": 895,
          "txt": "."
        },
        {
          "si": 8,
          "sti": 0,
          "dti": 171,
          "sco": 0,
          "dco": 897,
          "txt": "After"
        },
        {
          "si": 8,
          "sti": 1,
          "dti": 172,
          "sco": 6,
          "dco": 903,
          "txt": "Schoenberger"
        },
        {
          "si": 8,
          "sti": 2,
          "dti": 173,
          "sco": 19,
          "dco": 916,
          "txt": "died"
        },
        {
          "si": 8,
          "sti": 3,
          "dti": 174,
          "sco": 24,
          "dco": 921,
          "txt": "in"
        },
        {
          "si": 8,
          "sti": 4,
          "dti": 175,
          "sco": 27,
          "dco": 924,
          "txt": "1892"
        },
        {
          "si": 8,
          "sti": 5,
          "dti": 176,
          "sco": 31,
          "dco": 928,
          "txt": ","
        },
        {
          "si": 8,
          "sti": 6,
          "dti": 177,
          "sco": 33,
          "dco": 930,
          "txt": "she"
        },
        {
          "si": 8,
          "sti": 7,
          "dti": 178,
          "sco": 37,
          "dco": 934,
          "txt": "remarried"
        },
        {
          "si": 8,
          "sti": 8,
          "dti": 179,
          "sco": 47,
          "dco": 944,
          "txt": "the"
        },
        {
          "si": 8,
          "sti": 9,
          "dti": 180,
          "sco": 51,
          "dco": 948,
          "txt": "composer"
        },
        {
          "si": 8,
          "sti": 10,
          "dti": 181,
          "sco": 60,
          "dco": 957,
          "txt": "Charles"
        },
        {
          "si": 8,
          "sti": 11,
          "dti": 182,
          "sco": 68,
          "dco": 965,
          "txt": "A"
        },
        {
          "si": 8,
          "sti": 12,
          "dti": 183,
          "sco": 69,
          "dco": 966,
          "txt": "."
        },
        {
          "si": 9,
          "sti": 0,
          "dti": 184,
          "sco": 0,
          "dco": 968,
          "txt": "E"
        },
        {
          "si": 9,
          "sti": 1,
          "dti": 185,
          "sco": 1,
          "dco": 969,
          "txt": "."
        },
        {
          "si": 10,
          "sti": 0,
          "dti": 186,
          "sco": 0,
          "dco": 971,
          "txt": "Harriss"
        },
        {
          "si": 10,
          "sti": 1,
          "dti": 187,
          "sco": 8,
          "dco": 979,
          "txt": "in"
        },
        {
          "si": 10,
          "sti": 2,
          "dti": 188,
          "sco": 11,
          "dco": 982,
          "txt": "1897"
        },
        {
          "si": 10,
          "sti": 3,
          "dti": 189,
          "sco": 16,
          "dco": 987,
          "txt": "and"
        },
        {
          "si": 10,
          "sti": 4,
          "dti": 190,
          "sco": 20,
          "dco": 991,
          "txt": "occupied"
        },
        {
          "si": 10,
          "sti": 5,
          "dti": 191,
          "sco": 29,
          "dco": 1000,
          "txt": "\""
        },
        {
          "si": 10,
          "sti": 6,
          "dti": 192,
          "sco": 30,
          "dco": 1001,
          "txt": "Earnscliffe"
        },
        {
          "si": 10,
          "sti": 7,
          "dti": 193,
          "sco": 41,
          "dco": 1012,
          "txt": ","
        },
        {
          "si": 10,
          "sti": 8,
          "dti": 194,
          "sco": 42,
          "dco": 1013,
          "txt": "\""
        },
        {
          "si": 10,
          "sti": 9,
          "dti": 195,
          "sco": 44,
          "dco": 1015,
          "txt": "a"
        },
        {
          "si": 10,
          "sti": 10,
          "dti": 196,
          "sco": 46,
          "dco": 1017,
          "txt": "Victorian"
        },
        {
          "si": 10,
          "sti": 11,
          "dti": 197,
          "sco": 56,
          "dco": 1027,
          "txt": "Manor"
        },
        {
          "si": 10,
          "sti": 12,
          "dti": 198,
          "sco": 62,
          "dco": 1033,
          "txt": "house"
        },
        {
          "si": 10,
          "sti": 13,
          "dti": 199,
          "sco": 68,
          "dco": 1039,
          "txt": "at"
        },
        {
          "si": 10,
          "sti": 14,
          "dti": 200,
          "sco": 71,
          "dco": 1042,
          "txt": "Ottawa"
        },
        {
          "si": 10,
          "sti": 15,
          "dti": 201,
          "sco": 77,
          "dco": 1048,
          "txt": ","
        },
        {
          "si": 10,
          "sti": 16,
          "dti": 202,
          "sco": 79,
          "dco": 1050,
          "txt": "Ontario"
        },
        {
          "si": 10,
          "sti": 17,
          "dti": 203,
          "sco": 86,
          "dco": 1057,
          "txt": "."
        },
        {
          "si": 11,
          "sti": 0,
          "dti": 204,
          "sco": 0,
          "dco": 1059,
          "txt": "At"
        },
        {
          "si": 11,
          "sti": 1,
          "dti": 205,
          "sco": 3,
          "dco": 1062,
          "txt": "the"
        },
        {
          "si": 11,
          "sti": 2,
          "dti": 206,
          "sco": 7,
          "dco": 1066,
          "txt": "time"
        },
        {
          "si": 11,
          "sti": 3,
          "dti": 207,
          "sco": 12,
          "dco": 1071,
          "txt": "of"
        },
        {
          "si": 11,
          "sti": 4,
          "dti": 208,
          "sco": 15,
          "dco": 1074,
          "txt": "its"
        },
        {
          "si": 11,
          "sti": 5,
          "dti": 209,
          "sco": 19,
          "dco": 1078,
          "txt": "construction"
        },
        {
          "si": 11,
          "sti": 6,
          "dti": 210,
          "sco": 31,
          "dco": 1090,
          "txt": ","
        },
        {
          "si": 11,
          "sti": 7,
          "dti": 211,
          "sco": 33,
          "dco": 1092,
          "txt": "Scarlet"
        },
        {
          "si": 11,
          "sti": 8,
          "dti": 212,
          "sco": 41,
          "dco": 1100,
          "txt": "Oaks"
        },
        {
          "si": 11,
          "sti": 9,
          "dti": 213,
          "sco": 46,
          "dco": 1105,
          "txt": "was"
        },
        {
          "si": 11,
          "sti": 10,
          "dti": 214,
          "sco": 50,
          "dco": 1109,
          "txt": "Cincinnati"
        },
        {
          "si": 11,
          "sti": 11,
          "dti": 215,
          "sco": 60,
          "dco": 1119,
          "txt": "'"
        },
        {
          "si": 11,
          "sti": 12,
          "dti": 216,
          "sco": 61,
          "dco": 1120,
          "txt": "s"
        },
        {
          "si": 11,
          "sti": 13,
          "dti": 217,
          "sco": 63,
          "dco": 1122,
          "txt": "largest"
        },
        {
          "si": 11,
          "sti": 14,
          "dti": 218,
          "sco": 71,
          "dco": 1130,
          "txt": "house"
        },
        {
          "si": 11,
          "sti": 15,
          "dti": 219,
          "sco": 76,
          "dco": 1135,
          "txt": "."
        },
        {
          "si": 12,
          "sti": 0,
          "dti": 220,
          "sco": 0,
          "dco": 1137,
          "txt": "The"
        },
        {
          "si": 12,
          "sti": 1,
          "dti": 221,
          "sco": 4,
          "dco": 1141,
          "txt": "origin"
        },
        {
          "si": 12,
          "sti": 2,
          "dti": 222,
          "sco": 11,
          "dco": 1148,
          "txt": "of"
        },
        {
          "si": 12,
          "sti": 3,
          "dti": 223,
          "sco": 14,
          "dco": 1151,
          "txt": "its"
        },
        {
          "si": 12,
          "sti": 4,
          "dti": 224,
          "sco": 18,
          "dco": 1155,
          "txt": "design"
        },
        {
          "si": 12,
          "sti": 5,
          "dti": 225,
          "sco": 25,
          "dco": 1162,
          "txt": "is"
        },
        {
          "si": 12,
          "sti": 6,
          "dti": 226,
          "sco": 28,
          "dco": 1165,
          "txt": "disputed"
        },
        {
          "si": 12,
          "sti": 7,
          "dti": 227,
          "sco": 36,
          "dco": 1173,
          "txt": ":"
        },
        {
          "si": 12,
          "sti": 8,
          "dti": 228,
          "sco": 38,
          "dco": 1175,
          "txt": "Cincinnati"
        },
        {
          "si": 12,
          "sti": 9,
          "dti": 229,
          "sco": 49,
          "dco": 1186,
          "txt": "local"
        },
        {
          "si": 12,
          "sti": 10,
          "dti": 230,
          "sco": 55,
          "dco": 1192,
          "txt": "tradition"
        },
        {
          "si": 12,
          "sti": 11,
          "dti": 231,
          "sco": 65,
          "dco": 1202,
          "txt": "claims"
        },
        {
          "si": 12,
          "sti": 12,
          "dti": 232,
          "sco": 72,
          "dco": 1209,
          "txt": "that"
        },
        {
          "si": 12,
          "sti": 13,
          "dti": 233,
          "sco": 77,
          "dco": 1214,
          "txt": "it"
        },
        {
          "si": 12,
          "sti": 14,
          "dti": 234,
          "sco": 80,
          "dco": 1217,
          "txt": "was"
        },
        {
          "si": 12,
          "sti": 15,
          "dti": 235,
          "sco": 84,
          "dco": 1221,
          "txt": "modelled"
        },
        {
          "si": 12,
          "sti": 16,
          "dti": 236,
          "sco": 93,
          "dco": 1230,
          "txt": "after"
        },
        {
          "si": 12,
          "sti": 17,
          "dti": 237,
          "sco": 99,
          "dco": 1236,
          "txt": "a"
        },
        {
          "si": 12,
          "sti": 18,
          "dti": 238,
          "sco": 101,
          "dco": 1238,
          "txt": "castle"
        },
        {
          "si": 12,
          "sti": 19,
          "dti": 239,
          "sco": 108,
          "dco": 1245,
          "txt": "along"
        },
        {
          "si": 12,
          "sti": 20,
          "dti": 240,
          "sco": 114,
          "dco": 1251,
          "txt": "the"
        },
        {
          "si": 12,
          "sti": 21,
          "dti": 241,
          "sco": 118,
          "dco": 1255,
          "txt": "Rhine"
        },
        {
          "si": 12,
          "sti": 22,
          "dti": 242,
          "sco": 124,
          "dco": 1261,
          "txt": "in"
        },
        {
          "si": 12,
          "sti": 23,
          "dti": 243,
          "sco": 127,
          "dco": 1264,
          "txt": "Germany"
        },
        {
          "si": 12,
          "sti": 24,
          "dti": 244,
          "sco": 134,
          "dco": 1271,
          "txt": ","
        },
        {
          "si": 12,
          "sti": 25,
          "dti": 245,
          "sco": 136,
          "dco": 1273,
          "txt": "while"
        },
        {
          "si": 12,
          "sti": 26,
          "dti": 246,
          "sco": 142,
          "dco": 1279,
          "txt": "later"
        },
        {
          "si": 12,
          "sti": 27,
          "dti": 247,
          "sco": 148,
          "dco": 1285,
          "txt": "architectural"
        },
        {
          "si": 12,
          "sti": 28,
          "dti": 248,
          "sco": 162,
          "dco": 1299,
          "txt": "historians"
        },
        {
          "si": 12,
          "sti": 29,
          "dti": 249,
          "sco": 173,
          "dco": 1310,
          "txt": "believe"
        },
        {
          "si": 12,
          "sti": 30,
          "dti": 250,
          "sco": 181,
          "dco": 1318,
          "txt": "that"
        },
        {
          "si": 12,
          "sti": 31,
          "dti": 251,
          "sco": 186,
          "dco": 1323,
          "txt": "no"
        },
        {
          "si": 12,
          "sti": 32,
          "dti": 252,
          "sco": 189,
          "dco": 1326,
          "txt": "specific"
        },
        {
          "si": 12,
          "sti": 33,
          "dti": 253,
          "sco": 198,
          "dco": 1335,
          "txt": "house"
        },
        {
          "si": 12,
          "sti": 34,
          "dti": 254,
          "sco": 204,
          "dco": 1341,
          "txt": "was"
        },
        {
          "si": 12,
          "sti": 35,
          "dti": 255,
          "sco": 208,
          "dco": 1345,
          "txt": "used"
        },
        {
          "si": 12,
          "sti": 36,
          "dti": 256,
          "sco": 213,
          "dco": 1350,
          "txt": "as"
        },
        {
          "si": 12,
          "sti": 37,
          "dti": 257,
          "sco": 216,
          "dco": 1353,
          "txt": "the"
        },
        {
          "si": 12,
          "sti": 38,
          "dti": 258,
          "sco": 220,
          "dco": 1357,
          "txt": "pattern"
        },
        {
          "si": 12,
          "sti": 39,
          "dti": 259,
          "sco": 227,
          "dco": 1364,
          "txt": "."
        },
        {
          "si": 13,
          "sti": 0,
          "dti": 260,
          "sco": 0,
          "dco": 1366,
          "txt": "Moreover"
        },
        {
          "si": 13,
          "sti": 1,
          "dti": 261,
          "sco": 8,
          "dco": 1374,
          "txt": ","
        },
        {
          "si": 13,
          "sti": 2,
          "dti": 262,
          "sco": 10,
          "dco": 1376,
          "txt": "an"
        },
        {
          "si": 13,
          "sti": 3,
          "dti": 263,
          "sco": 13,
          "dco": 1379,
          "txt": "1870"
        },
        {
          "si": 13,
          "sti": 4,
          "dti": 264,
          "sco": 17,
          "dco": 1383,
          "txt": "s"
        },
        {
          "si": 13,
          "sti": 5,
          "dti": 265,
          "sco": 19,
          "dco": 1385,
          "txt": "guidebook"
        },
        {
          "si": 13,
          "sti": 6,
          "dti": 266,
          "sco": 29,
          "dco": 1395,
          "txt": "rejected"
        },
        {
          "si": 13,
          "sti": 7,
          "dti": 267,
          "sco": 38,
          "dco": 1404,
          "txt": "the"
        },
        {
          "si": 13,
          "sti": 8,
          "dti": 268,
          "sco": 42,
          "dco": 1408,
          "txt": "idea"
        },
        {
          "si": 13,
          "sti": 9,
          "dti": 269,
          "sco": 47,
          "dco": 1413,
          "txt": "of"
        },
        {
          "si": 13,
          "sti": 10,
          "dti": 270,
          "sco": 50,
          "dco": 1416,
          "txt": "German"
        },
        {
          "si": 13,
          "sti": 11,
          "dti": 271,
          "sco": 57,
          "dco": 1423,
          "txt": "ancestry"
        },
        {
          "si": 13,
          "sti": 12,
          "dti": 272,
          "sco": 66,
          "dco": 1432,
          "txt": "entirely"
        },
        {
          "si": 13,
          "sti": 13,
          "dti": 273,
          "sco": 74,
          "dco": 1440,
          "txt": ","
        },
        {
          "si": 13,
          "sti": 14,
          "dti": 274,
          "sco": 76,
          "dco": 1442,
          "txt": "seeing"
        },
        {
          "si": 13,
          "sti": 15,
          "dti": 275,
          "sco": 83,
          "dco": 1449,
          "txt": "the"
        },
        {
          "si": 13,
          "sti": 16,
          "dti": 276,
          "sco": 87,
          "dco": 1453,
          "txt": "house"
        },
        {
          "si": 13,
          "sti": 17,
          "dti": 277,
          "sco": 93,
          "dco": 1459,
          "txt": "as"
        },
        {
          "si": 13,
          "sti": 18,
          "dti": 278,
          "sco": 96,
          "dco": 1462,
          "txt": "an"
        },
        {
          "si": 13,
          "sti": 19,
          "dti": 279,
          "sco": 99,
          "dco": 1465,
          "txt": "example"
        },
        {
          "si": 13,
          "sti": 20,
          "dti": 280,
          "sco": 107,
          "dco": 1473,
          "txt": "of"
        },
        {
          "si": 13,
          "sti": 21,
          "dti": 281,
          "sco": 110,
          "dco": 1476,
          "txt": "French"
        },
        {
          "si": 13,
          "sti": 22,
          "dti": 282,
          "sco": 117,
          "dco": 1483,
          "txt": "Gothic"
        },
        {
          "si": 13,
          "sti": 23,
          "dti": 283,
          "sco": 124,
          "dco": 1490,
          "txt": "Revival"
        },
        {
          "si": 13,
          "sti": 24,
          "dti": 284,
          "sco": 132,
          "dco": 1498,
          "txt": "architecture"
        },
        {
          "si": 13,
          "sti": 25,
          "dti": 285,
          "sco": 144,
          "dco": 1510,
          "txt": "."
        },
        {
          "si": 14,
          "sti": 0,
          "dti": 286,
          "sco": 0,
          "dco": 1512,
          "txt": "Outside"
        },
        {
          "si": 14,
          "sti": 1,
          "dti": 287,
          "sco": 8,
          "dco": 1520,
          "txt": "of"
        },
        {
          "si": 14,
          "sti": 2,
          "dti": 288,
          "sco": 11,
          "dco": 1523,
          "txt": "Cincinnati"
        },
        {
          "si": 14,
          "sti": 3,
          "dti": 289,
          "sco": 21,
          "dco": 1533,
          "txt": ","
        },
        {
          "si": 14,
          "sti": 4,
          "dti": 290,
          "sco": 23,
          "dco": 1535,
          "txt": "Scarlet"
        },
        {
          "si": 14,
          "sti": 5,
          "dti": 291,
          "sco": 31,
          "dco": 1543,
          "txt": "Oaks"
        },
        {
          "si": 14,
          "sti": 6,
          "dti": 292,
          "sco": 36,
          "dco": 1548,
          "txt": "quickly"
        },
        {
          "si": 14,
          "sti": 7,
          "dti": 293,
          "sco": 44,
          "dco": 1556,
          "txt": "became"
        },
        {
          "si": 14,
          "sti": 8,
          "dti": 294,
          "sco": 51,
          "dco": 1563,
          "txt": "widely"
        },
        {
          "si": 14,
          "sti": 9,
          "dti": 295,
          "sco": 58,
          "dco": 1570,
          "txt": "known"
        },
        {
          "si": 14,
          "sti": 10,
          "dti": 296,
          "sco": 63,
          "dco": 1575,
          "txt": "."
        },
        {
          "si": 15,
          "sti": 0,
          "dti": 297,
          "sco": 0,
          "dco": 1577,
          "txt": "One"
        },
        {
          "si": 15,
          "sti": 1,
          "dti": 298,
          "sco": 4,
          "dco": 1581,
          "txt": "of"
        },
        {
          "si": 15,
          "sti": 2,
          "dti": 299,
          "sco": 7,
          "dco": 1584,
          "txt": "the"
        },
        {
          "si": 15,
          "sti": 3,
          "dti": 300,
          "sco": 11,
          "dco": 1588,
          "txt": "first"
        },
        {
          "si": 15,
          "sti": 4,
          "dti": 301,
          "sco": 17,
          "dco": 1594,
          "txt": "issues"
        },
        {
          "si": 15,
          "sti": 5,
          "dti": 302,
          "sco": 24,
          "dco": 1601,
          "txt": "of"
        },
        {
          "si": 15,
          "sti": 6,
          "dti": 303,
          "sco": 27,
          "dco": 1604,
          "txt": "\""
        },
        {
          "si": 15,
          "sti": 7,
          "dti": 304,
          "sco": 28,
          "dco": 1605,
          "txt": "The"
        },
        {
          "si": 15,
          "sti": 8,
          "dti": 305,
          "sco": 32,
          "dco": 1609,
          "txt": "American"
        },
        {
          "si": 15,
          "sti": 9,
          "dti": 306,
          "sco": 41,
          "dco": 1618,
          "txt": "Architect"
        },
        {
          "si": 15,
          "sti": 10,
          "dti": 307,
          "sco": 51,
          "dco": 1628,
          "txt": "and"
        },
        {
          "si": 15,
          "sti": 11,
          "dti": 308,
          "sco": 55,
          "dco": 1632,
          "txt": "Building"
        },
        {
          "si": 15,
          "sti": 12,
          "dti": 309,
          "sco": 64,
          "dco": 1641,
          "txt": "News"
        },
        {
          "si": 15,
          "sti": 13,
          "dti": 310,
          "sco": 68,
          "dco": 1645,
          "txt": "\""
        },
        {
          "si": 15,
          "sti": 14,
          "dti": 311,
          "sco": 69,
          "dco": 1646,
          "txt": ","
        },
        {
          "si": 15,
          "sti": 15,
          "dti": 312,
          "sco": 71,
          "dco": 1648,
          "txt": "published"
        },
        {
          "si": 15,
          "sti": 16,
          "dti": 313,
          "sco": 81,
          "dco": 1658,
          "txt": "in"
        },
        {
          "si": 15,
          "sti": 17,
          "dti": 314,
          "sco": 84,
          "dco": 1661,
          "txt": "1876"
        },
        {
          "si": 15,
          "sti": 18,
          "dti": 315,
          "sco": 88,
          "dco": 1665,
          "txt": ","
        },
        {
          "si": 15,
          "sti": 19,
          "dti": 316,
          "sco": 90,
          "dco": 1667,
          "txt": "devoted"
        },
        {
          "si": 15,
          "sti": 20,
          "dti": 317,
          "sco": 98,
          "dco": 1675,
          "txt": "significant"
        },
        {
          "si": 15,
          "sti": 21,
          "dti": 318,
          "sco": 110,
          "dco": 1687,
          "txt": "coverage"
        },
        {
          "si": 15,
          "sti": 22,
          "dti": 319,
          "sco": 119,
          "dco": 1696,
          "txt": "to"
        },
        {
          "si": 15,
          "sti": 23,
          "dti": 320,
          "sco": 122,
          "dco": 1699,
          "txt": "it"
        },
        {
          "si": 15,
          "sti": 24,
          "dti": 321,
          "sco": 124,
          "dco": 1701,
          "txt": ","
        },
        {
          "si": 15,
          "sti": 25,
          "dti": 322,
          "sco": 126,
          "dco": 1703,
          "txt": "and"
        },
        {
          "si": 15,
          "sti": 26,
          "dti": 323,
          "sco": 130,
          "dco": 1707,
          "txt": "architectural"
        },
        {
          "si": 15,
          "sti": 27,
          "dti": 324,
          "sco": 144,
          "dco": 1721,
          "txt": "historians"
        },
        {
          "si": 15,
          "sti": 28,
          "dti": 325,
          "sco": 155,
          "dco": 1732,
          "txt": "have"
        },
        {
          "si": 15,
          "sti": 29,
          "dti": 326,
          "sco": 160,
          "dco": 1737,
          "txt": "seen"
        },
        {
          "si": 15,
          "sti": 30,
          "dti": 327,
          "sco": 165,
          "dco": 1742,
          "txt": "its"
        },
        {
          "si": 15,
          "sti": 31,
          "dti": 328,
          "sco": 169,
          "dco": 1746,
          "txt": "design"
        },
        {
          "si": 15,
          "sti": 32,
          "dti": 329,
          "sco": 176,
          "dco": 1753,
          "txt": "as"
        },
        {
          "si": 15,
          "sti": 33,
          "dti": 330,
          "sco": 179,
          "dco": 1756,
          "txt": "anticipating"
        },
        {
          "si": 15,
          "sti": 34,
          "dti": 331,
          "sco": 192,
          "dco": 1769,
          "txt": "the"
        },
        {
          "si": 15,
          "sti": 35,
          "dti": 332,
          "sco": 196,
          "dco": 1773,
          "txt": "styles"
        },
        {
          "si": 15,
          "sti": 36,
          "dti": 333,
          "sco": 203,
          "dco": 1780,
          "txt": "of"
        },
        {
          "si": 15,
          "sti": 37,
          "dti": 334,
          "sco": 206,
          "dco": 1783,
          "txt": "grand"
        },
        {
          "si": 15,
          "sti": 38,
          "dti": 335,
          "sco": 212,
          "dco": 1789,
          "txt": "Gilded"
        },
        {
          "si": 15,
          "sti": 39,
          "dti": 336,
          "sco": 219,
          "dco": 1796,
          "txt": "Age"
        },
        {
          "si": 15,
          "sti": 40,
          "dti": 337,
          "sco": 223,
          "dco": 1800,
          "txt": "mansions"
        },
        {
          "si": 15,
          "sti": 41,
          "dti": 338,
          "sco": 232,
          "dco": 1809,
          "txt": "such"
        },
        {
          "si": 15,
          "sti": 42,
          "dti": 339,
          "sco": 237,
          "dco": 1814,
          "txt": "as"
        },
        {
          "si": 15,
          "sti": 43,
          "dti": 340,
          "sco": 240,
          "dco": 1817,
          "txt": "multiple"
        },
        {
          "si": 15,
          "sti": 44,
          "dti": 341,
          "sco": 249,
          "dco": 1826,
          "txt": "Vanderbilt"
        },
        {
          "si": 15,
          "sti": 45,
          "dti": 342,
          "sco": 260,
          "dco": 1837,
          "txt": "houses"
        },
        {
          "si": 15,
          "sti": 46,
          "dti": 343,
          "sco": 267,
          "dco": 1844,
          "txt": "designed"
        },
        {
          "si": 15,
          "sti": 47,
          "dti": 344,
          "sco": 276,
          "dco": 1853,
          "txt": "by"
        },
        {
          "si": 15,
          "sti": 48,
          "dti": 345,
          "sco": 279,
          "dco": 1856,
          "txt": "Richard"
        },
        {
          "si": 15,
          "sti": 49,
          "dti": 346,
          "sco": 287,
          "dco": 1864,
          "txt": "Morris"
        },
        {
          "si": 15,
          "sti": 50,
          "dti": 347,
          "sco": 294,
          "dco": 1871,
          "txt": "Hunt"
        },
        {
          "si": 15,
          "sti": 51,
          "dti": 348,
          "sco": 298,
          "dco": 1875,
          "txt": "."
        },
        {
          "si": 16,
          "sti": 0,
          "dti": 349,
          "sco": 0,
          "dco": 1877,
          "txt": "Wilson"
        },
        {
          "si": 16,
          "sti": 1,
          "dti": 350,
          "sco": 7,
          "dco": 1884,
          "txt": "designed"
        },
        {
          "si": 16,
          "sti": 2,
          "dti": 351,
          "sco": 16,
          "dco": 1893,
          "txt": "many"
        },
        {
          "si": 16,
          "sti": 3,
          "dti": 352,
          "sco": 21,
          "dco": 1898,
          "txt": "houses"
        },
        {
          "si": 16,
          "sti": 4,
          "dti": 353,
          "sco": 27,
          "dco": 1904,
          "txt": ","
        },
        {
          "si": 16,
          "sti": 5,
          "dti": 354,
          "sco": 29,
          "dco": 1906,
          "txt": "but"
        },
        {
          "si": 16,
          "sti": 6,
          "dti": 355,
          "sco": 33,
          "dco": 1910,
          "txt": "by"
        },
        {
          "si": 16,
          "sti": 7,
          "dti": 356,
          "sco": 36,
          "dco": 1913,
          "txt": "the"
        },
        {
          "si": 16,
          "sti": 8,
          "dti": 357,
          "sco": 40,
          "dco": 1917,
          "txt": "1960"
        },
        {
          "si": 16,
          "sti": 9,
          "dti": 358,
          "sco": 44,
          "dco": 1921,
          "txt": "s"
        },
        {
          "si": 16,
          "sti": 10,
          "dti": 359,
          "sco": 45,
          "dco": 1922,
          "txt": ","
        },
        {
          "si": 16,
          "sti": 11,
          "dti": 360,
          "sco": 47,
          "dco": 1924,
          "txt": "many"
        },
        {
          "si": 16,
          "sti": 12,
          "dti": 361,
          "sco": 52,
          "dco": 1929,
          "txt": "seem"
        },
        {
          "si": 16,
          "sti": 13,
          "dti": 362,
          "sco": 57,
          "dco": 1934,
          "txt": "to"
        },
        {
          "si": 16,
          "sti": 14,
          "dti": 363,
          "sco": 60,
          "dco": 1937,
          "txt": "have"
        },
        {
          "si": 16,
          "sti": 15,
          "dti": 364,
          "sco": 65,
          "dco": 1942,
          "txt": "been"
        },
        {
          "si": 16,
          "sti": 16,
          "dti": 365,
          "sco": 70,
          "dco": 1947,
          "txt": "destroyed"
        },
        {
          "si": 16,
          "sti": 17,
          "dti": 366,
          "sco": 79,
          "dco": 1956,
          "txt": ";"
        },
        {
          "si": 16,
          "sti": 18,
          "dti": 367,
          "sco": 81,
          "dco": 1958,
          "txt": "perhaps"
        },
        {
          "si": 16,
          "sti": 19,
          "dti": 368,
          "sco": 89,
          "dco": 1966,
          "txt": "in"
        },
        {
          "si": 16,
          "sti": 20,
          "dti": 369,
          "sco": 92,
          "dco": 1969,
          "txt": "part"
        },
        {
          "si": 16,
          "sti": 21,
          "dti": 370,
          "sco": 97,
          "dco": 1974,
          "txt": "because"
        },
        {
          "si": 16,
          "sti": 22,
          "dti": 371,
          "sco": 105,
          "dco": 1982,
          "txt": "of"
        },
        {
          "si": 16,
          "sti": 23,
          "dti": 372,
          "sco": 108,
          "dco": 1985,
          "txt": "its"
        },
        {
          "si": 16,
          "sti": 24,
          "dti": 373,
          "sco": 112,
          "dco": 1989,
          "txt": "widespread"
        },
        {
          "si": 16,
          "sti": 25,
          "dti": 374,
          "sco": 123,
          "dco": 2000,
          "txt": "recognition"
        },
        {
          "si": 16,
          "sti": 26,
          "dti": 375,
          "sco": 134,
          "dco": 2011,
          "txt": ","
        },
        {
          "si": 16,
          "sti": 27,
          "dti": 376,
          "sco": 136,
          "dco": 2013,
          "txt": "Scarlet"
        },
        {
          "si": 16,
          "sti": 28,
          "dti": 377,
          "sco": 144,
          "dco": 2021,
          "txt": "Oaks"
        },
        {
          "si": 16,
          "sti": 29,
          "dti": 378,
          "sco": 149,
          "dco": 2026,
          "txt": "was"
        },
        {
          "si": 16,
          "sti": 30,
          "dti": 379,
          "sco": 153,
          "dco": 2030,
          "txt": "the"
        },
        {
          "si": 16,
          "sti": 31,
          "dti": 380,
          "sco": 157,
          "dco": 2034,
          "txt": "only"
        },
        {
          "si": 16,
          "sti": 32,
          "dti": 381,
          "sco": 162,
          "dco": 2039,
          "txt": "extant"
        },
        {
          "si": 16,
          "sti": 33,
          "dti": 382,
          "sco": 169,
          "dco": 2046,
          "txt": "residence"
        },
        {
          "si": 16,
          "sti": 34,
          "dti": 383,
          "sco": 179,
          "dco": 2056,
          "txt": "that"
        },
        {
          "si": 16,
          "sti": 35,
          "dti": 384,
          "sco": 184,
          "dco": 2061,
          "txt": "was"
        },
        {
          "si": 16,
          "sti": 36,
          "dti": 385,
          "sco": 188,
          "dco": 2065,
          "txt": "conclusively"
        },
        {
          "si": 16,
          "sti": 37,
          "dti": 386,
          "sco": 201,
          "dco": 2078,
          "txt": "identified"
        },
        {
          "si": 16,
          "sti": 38,
          "dti": 387,
          "sco": 212,
          "dco": 2089,
          "txt": "as"
        },
        {
          "si": 16,
          "sti": 39,
          "dti": 388,
          "sco": 215,
          "dco": 2092,
          "txt": "being"
        },
        {
          "si": 16,
          "sti": 40,
          "dti": 389,
          "sco": 221,
          "dco": 2098,
          "txt": "designed"
        },
        {
          "si": 16,
          "sti": 41,
          "dti": 390,
          "sco": 230,
          "dco": 2107,
          "txt": "by"
        },
        {
          "si": 16,
          "sti": 42,
          "dti": 391,
          "sco": 233,
          "dco": 2110,
          "txt": "him"
        },
        {
          "si": 16,
          "sti": 43,
          "dti": 392,
          "sco": 236,
          "dco": 2113,
          "txt": "."
        },
        {
          "si": 17,
          "sti": 0,
          "dti": 393,
          "sco": 0,
          "dco": 2115,
          "txt": "Since"
        },
        {
          "si": 17,
          "sti": 1,
          "dti": 394,
          "sco": 6,
          "dco": 2121,
          "txt": "that"
        },
        {
          "si": 17,
          "sti": 2,
          "dti": 395,
          "sco": 11,
          "dco": 2126,
          "txt": "time"
        },
        {
          "si": 17,
          "sti": 3,
          "dti": 396,
          "sco": 15,
          "dco": 2130,
          "txt": ","
        },
        {
          "si": 17,
          "sti": 4,
          "dti": 397,
          "sco": 17,
          "dco": 2132,
          "txt": "at"
        },
        {
          "si": 17,
          "sti": 5,
          "dti": 398,
          "sco": 20,
          "dco": 2135,
          "txt": "least"
        },
        {
          "si": 17,
          "sti": 6,
          "dti": 399,
          "sco": 26,
          "dco": 2141,
          "txt": "one"
        },
        {
          "si": 17,
          "sti": 7,
          "dti": 400,
          "sco": 30,
          "dco": 2145,
          "txt": "other"
        },
        {
          "si": 17,
          "sti": 8,
          "dti": 401,
          "sco": 36,
          "dco": 2151,
          "txt": "surviving"
        },
        {
          "si": 17,
          "sti": 9,
          "dti": 402,
          "sco": 46,
          "dco": 2161,
          "txt": "Cincinnati"
        },
        {
          "si": 17,
          "sti": 10,
          "dti": 403,
          "sco": 57,
          "dco": 2172,
          "txt": "residence"
        },
        {
          "si": 17,
          "sti": 11,
          "dti": 404,
          "sco": 67,
          "dco": 2182,
          "txt": "has"
        },
        {
          "si": 17,
          "sti": 12,
          "dti": 405,
          "sco": 71,
          "dco": 2186,
          "txt": "been"
        },
        {
          "si": 17,
          "sti": 13,
          "dti": 406,
          "sco": 76,
          "dco": 2191,
          "txt": "identified"
        },
        {
          "si": 17,
          "sti": 14,
          "dti": 407,
          "sco": 87,
          "dco": 2202,
          "txt": "as"
        },
        {
          "si": 17,
          "sti": 15,
          "dti": 408,
          "sco": 90,
          "dco": 2205,
          "txt": "a"
        },
        {
          "si": 17,
          "sti": 16,
          "dti": 409,
          "sco": 92,
          "dco": 2207,
          "txt": "Wilson"
        },
        {
          "si": 17,
          "sti": 17,
          "dti": 410,
          "sco": 99,
          "dco": 2214,
          "txt": "design"
        },
        {
          "si": 17,
          "sti": 18,
          "dti": 411,
          "sco": 106,
          "dco": 2221,
          "txt": "—"
        },
        {
          "si": 17,
          "sti": 19,
          "dti": 412,
          "sco": 108,
          "dco": 2223,
          "txt": "the"
        },
        {
          "si": 17,
          "sti": 20,
          "dti": 413,
          "sco": 112,
          "dco": 2227,
          "txt": "John"
        },
        {
          "si": 17,
          "sti": 21,
          "dti": 414,
          "sco": 117,
          "dco": 2232,
          "txt": "S"
        },
        {
          "si": 17,
          "sti": 22,
          "dti": 415,
          "sco": 118,
          "dco": 2233,
          "txt": "."
        },
        {
          "si": 18,
          "sti": 0,
          "dti": 416,
          "sco": 0,
          "dco": 2235,
          "txt": "Baker"
        },
        {
          "si": 18,
          "sti": 1,
          "dti": 417,
          "sco": 6,
          "dco": 2241,
          "txt": "House"
        },
        {
          "si": 18,
          "sti": 2,
          "dti": 418,
          "sco": 11,
          "dco": 2246,
          "txt": ","
        },
        {
          "si": 18,
          "sti": 3,
          "dti": 419,
          "sco": 13,
          "dco": 2248,
          "txt": "built"
        },
        {
          "si": 18,
          "sti": 4,
          "dti": 420,
          "sco": 19,
          "dco": 2254,
          "txt": "in"
        },
        {
          "si": 18,
          "sti": 5,
          "dti": 421,
          "sco": 22,
          "dco": 2257,
          "txt": "1854"
        },
        {
          "si": 18,
          "sti": 6,
          "dti": 422,
          "sco": 26,
          "dco": 2261,
          "txt": "."
        },
        {
          "si": 19,
          "sti": 0,
          "dti": 423,
          "sco": 0,
          "dco": 2263,
          "txt": "Built"
        },
        {
          "si": 19,
          "sti": 1,
          "dti": 424,
          "sco": 6,
          "dco": 2269,
          "txt": "of"
        },
        {
          "si": 19,
          "sti": 2,
          "dti": 425,
          "sco": 9,
          "dco": 2272,
          "txt": "limestone"
        },
        {
          "si": 19,
          "sti": 3,
          "dti": 426,
          "sco": 18,
          "dco": 2281,
          "txt": ","
        },
        {
          "si": 19,
          "sti": 4,
          "dti": 427,
          "sco": 20,
          "dco": 2283,
          "txt": "Scarlet"
        },
        {
          "si": 19,
          "sti": 5,
          "dti": 428,
          "sco": 28,
          "dco": 2291,
          "txt": "Oaks"
        },
        {
          "si": 19,
          "sti": 6,
          "dti": 429,
          "sco": 33,
          "dco": 2296,
          "txt": "is"
        },
        {
          "si": 19,
          "sti": 7,
          "dti": 430,
          "sco": 36,
          "dco": 2299,
          "txt": "a"
        },
        {
          "si": 19,
          "sti": 8,
          "dti": 431,
          "sco": 38,
          "dco": 2301,
          "txt": "massive"
        },
        {
          "si": 19,
          "sti": 9,
          "dti": 432,
          "sco": 46,
          "dco": 2309,
          "txt": "two"
        },
        {
          "si": 19,
          "sti": 10,
          "dti": 433,
          "sco": 49,
          "dco": 2312,
          "txt": "-"
        },
        {
          "si": 19,
          "sti": 11,
          "dti": 434,
          "sco": 50,
          "dco": 2313,
          "txt": "and"
        },
        {
          "si": 19,
          "sti": 12,
          "dti": 435,
          "sco": 53,
          "dco": 2316,
          "txt": "-"
        },
        {
          "si": 19,
          "sti": 13,
          "dti": 436,
          "sco": 54,
          "dco": 2317,
          "txt": "a"
        },
        {
          "si": 19,
          "sti": 14,
          "dti": 437,
          "sco": 55,
          "dco": 2318,
          "txt": "-"
        },
        {
          "si": 19,
          "sti": 15,
          "dti": 438,
          "sco": 56,
          "dco": 2319,
          "txt": "half"
        },
        {
          "si": 19,
          "sti": 16,
          "dti": 439,
          "sco": 60,
          "dco": 2323,
          "txt": "-"
        },
        {
          "si": 19,
          "sti": 17,
          "dti": 440,
          "sco": 61,
          "dco": 2324,
          "txt": "story"
        },
        {
          "si": 19,
          "sti": 18,
          "dti": 441,
          "sco": 67,
          "dco": 2330,
          "txt": "house"
        },
        {
          "si": 19,
          "sti": 19,
          "dti": 442,
          "sco": 73,
          "dco": 2336,
          "txt": "with"
        },
        {
          "si": 19,
          "sti": 20,
          "dti": 443,
          "sco": 78,
          "dco": 2341,
          "txt": "many"
        },
        {
          "si": 19,
          "sti": 21,
          "dti": 444,
          "sco": 83,
          "dco": 2346,
          "txt": "distinctive"
        },
        {
          "si": 19,
          "sti": 22,
          "dti": 445,
          "sco": 95,
          "dco": 2358,
          "txt": "architectural"
        },
        {
          "si": 19,
          "sti": 23,
          "dti": 446,
          "sco": 109,
          "dco": 2372,
          "txt": "features"
        },
        {
          "si": 19,
          "sti": 24,
          "dti": 447,
          "sco": 117,
          "dco": 2380,
          "txt": "."
        },
        {
          "si": 20,
          "sti": 0,
          "dti": 448,
          "sco": 0,
          "dco": 2382,
          "txt": "From"
        },
        {
          "si": 20,
          "sti": 1,
          "dti": 449,
          "sco": 5,
          "dco": 2387,
          "txt": "a"
        },
        {
          "si": 20,
          "sti": 2,
          "dti": 450,
          "sco": 7,
          "dco": 2389,
          "txt": "distance"
        },
        {
          "si": 20,
          "sti": 3,
          "dti": 451,
          "sco": 15,
          "dco": 2397,
          "txt": ","
        },
        {
          "si": 20,
          "sti": 4,
          "dti": 452,
          "sco": 17,
          "dco": 2399,
          "txt": "the"
        },
        {
          "si": 20,
          "sti": 5,
          "dti": 453,
          "sco": 21,
          "dco": 2403,
          "txt": "house"
        },
        {
          "si": 20,
          "sti": 6,
          "dti": 454,
          "sco": 26,
          "dco": 2408,
          "txt": "'"
        },
        {
          "si": 20,
          "sti": 7,
          "dti": 455,
          "sco": 27,
          "dco": 2409,
          "txt": "s"
        },
        {
          "si": 20,
          "sti": 8,
          "dti": 456,
          "sco": 29,
          "dco": 2411,
          "txt": "appearance"
        },
        {
          "si": 20,
          "sti": 9,
          "dti": 457,
          "sco": 40,
          "dco": 2422,
          "txt": "is"
        },
        {
          "si": 20,
          "sti": 10,
          "dti": 458,
          "sco": 43,
          "dco": 2425,
          "txt": "dominated"
        },
        {
          "si": 20,
          "sti": 11,
          "dti": 459,
          "sco": 53,
          "dco": 2435,
          "txt": "by"
        },
        {
          "si": 20,
          "sti": 12,
          "dti": 460,
          "sco": 56,
          "dco": 2438,
          "txt": "its"
        },
        {
          "si": 20,
          "sti": 13,
          "dti": 461,
          "sco": 60,
          "dco": 2442,
          "txt": "turret"
        },
        {
          "si": 20,
          "sti": 14,
          "dti": 462,
          "sco": 67,
          "dco": 2449,
          "txt": "and"
        },
        {
          "si": 20,
          "sti": 15,
          "dti": 463,
          "sco": 71,
          "dco": 2453,
          "txt": "other"
        },
        {
          "si": 20,
          "sti": 16,
          "dti": 464,
          "sco": 77,
          "dco": 2459,
          "txt": "high"
        },
        {
          "si": 20,
          "sti": 17,
          "dti": 465,
          "sco": 82,
          "dco": 2464,
          "txt": "towers"
        },
        {
          "si": 20,
          "sti": 18,
          "dti": 466,
          "sco": 88,
          "dco": 2470,
          "txt": ","
        },
        {
          "si": 20,
          "sti": 19,
          "dti": 467,
          "sco": 90,
          "dco": 2472,
          "txt": "and"
        },
        {
          "si": 20,
          "sti": 20,
          "dti": 468,
          "sco": 94,
          "dco": 2476,
          "txt": "the"
        },
        {
          "si": 20,
          "sti": 21,
          "dti": 469,
          "sco": 98,
          "dco": 2480,
          "txt": "great"
        },
        {
          "si": 20,
          "sti": 22,
          "dti": 470,
          "sco": 104,
          "dco": 2486,
          "txt": "size"
        },
        {
          "si": 20,
          "sti": 23,
          "dti": 471,
          "sco": 109,
          "dco": 2491,
          "txt": "of"
        },
        {
          "si": 20,
          "sti": 24,
          "dti": 472,
          "sco": 112,
          "dco": 2494,
          "txt": "the"
        },
        {
          "si": 20,
          "sti": 25,
          "dti": 473,
          "sco": 116,
          "dco": 2498,
          "txt": "building"
        },
        {
          "si": 20,
          "sti": 26,
          "dti": 474,
          "sco": 125,
          "dco": 2507,
          "txt": "makes"
        },
        {
          "si": 20,
          "sti": 27,
          "dti": 475,
          "sco": 131,
          "dco": 2513,
          "txt": "it"
        },
        {
          "si": 20,
          "sti": 28,
          "dti": 476,
          "sco": 134,
          "dco": 2516,
          "txt": "unique"
        },
        {
          "si": 20,
          "sti": 29,
          "dti": 477,
          "sco": 141,
          "dco": 2523,
          "txt": "even"
        },
        {
          "si": 20,
          "sti": 30,
          "dti": 478,
          "sco": 146,
          "dco": 2528,
          "txt": "among"
        },
        {
          "si": 20,
          "sti": 31,
          "dti": 479,
          "sco": 152,
          "dco": 2534,
          "txt": "Clifton"
        },
        {
          "si": 20,
          "sti": 32,
          "dti": 480,
          "sco": 159,
          "dco": 2541,
          "txt": "'"
        },
        {
          "si": 20,
          "sti": 33,
          "dti": 481,
          "sco": 160,
          "dco": 2542,
          "txt": "s"
        },
        {
          "si": 20,
          "sti": 34,
          "dti": 482,
          "sco": 162,
          "dco": 2544,
          "txt": "other"
        },
        {
          "si": 20,
          "sti": 35,
          "dti": 483,
          "sco": 168,
          "dco": 2550,
          "txt": "large"
        },
        {
          "si": 20,
          "sti": 36,
          "dti": 484,
          "sco": 174,
          "dco": 2556,
          "txt": "residences"
        },
        {
          "si": 20,
          "sti": 37,
          "dti": 485,
          "sco": 184,
          "dco": 2566,
          "txt": "."
        },
        {
          "si": 21,
          "sti": 0,
          "dti": 486,
          "sco": 0,
          "dco": 2568,
          "txt": "More"
        },
        {
          "si": 21,
          "sti": 1,
          "dti": 487,
          "sco": 5,
          "dco": 2573,
          "txt": "than"
        },
        {
          "si": 21,
          "sti": 2,
          "dti": 488,
          "sco": 10,
          "dco": 2578,
          "txt": "a"
        },
        {
          "si": 21,
          "sti": 3,
          "dti": 489,
          "sco": 12,
          "dco": 2580,
          "txt": "century"
        },
        {
          "si": 21,
          "sti": 4,
          "dti": 490,
          "sco": 20,
          "dco": 2588,
          "txt": "has"
        },
        {
          "si": 21,
          "sti": 5,
          "dti": 491,
          "sco": 24,
          "dco": 2592,
          "txt": "passed"
        },
        {
          "si": 21,
          "sti": 6,
          "dti": 492,
          "sco": 31,
          "dco": 2599,
          "txt": "since"
        },
        {
          "si": 21,
          "sti": 7,
          "dti": 493,
          "sco": 37,
          "dco": 2605,
          "txt": "the"
        },
        {
          "si": 21,
          "sti": 8,
          "dti": 494,
          "sco": 41,
          "dco": 2609,
          "txt": "house"
        },
        {
          "si": 21,
          "sti": 9,
          "dti": 495,
          "sco": 47,
          "dco": 2615,
          "txt": "ceased"
        },
        {
          "si": 21,
          "sti": 10,
          "dti": 496,
          "sco": 54,
          "dco": 2622,
          "txt": "to"
        },
        {
          "si": 21,
          "sti": 11,
          "dti": 497,
          "sco": 57,
          "dco": 2625,
          "txt": "be"
        },
        {
          "si": 21,
          "sti": 12,
          "dti": 498,
          "sco": 60,
          "dco": 2628,
          "txt": "a"
        },
        {
          "si": 21,
          "sti": 13,
          "dti": 499,
          "sco": 62,
          "dco": 2630,
          "txt": "private"
        },
        {
          "si": 21,
          "sti": 14,
          "dti": 500,
          "sco": 70,
          "dco": 2638,
          "txt": "residence"
        },
        {
          "si": 21,
          "sti": 15,
          "dti": 501,
          "sco": 79,
          "dco": 2647,
          "txt": ":"
        },
        {
          "si": 21,
          "sti": 16,
          "dti": 502,
          "sco": 81,
          "dco": 2649,
          "txt": "it"
        },
        {
          "si": 21,
          "sti": 17,
          "dti": 503,
          "sco": 84,
          "dco": 2652,
          "txt": "was"
        },
        {
          "si": 21,
          "sti": 18,
          "dti": 504,
          "sco": 88,
          "dco": 2656,
          "txt": "purchased"
        },
        {
          "si": 21,
          "sti": 19,
          "dti": 505,
          "sco": 98,
          "dco": 2666,
          "txt": "by"
        },
        {
          "si": 21,
          "sti": 20,
          "dti": 506,
          "sco": 101,
          "dco": 2669,
          "txt": "E"
        },
        {
          "si": 21,
          "sti": 21,
          "dti": 507,
          "sco": 102,
          "dco": 2670,
          "txt": "."
        },
        {
          "si": 21,
          "sti": 22,
          "dti": 508,
          "sco": 103,
          "dco": 2671,
          "txt": "H"
        },
        {
          "si": 21,
          "sti": 23,
          "dti": 509,
          "sco": 104,
          "dco": 2672,
          "txt": "."
        },
        {
          "si": 22,
          "sti": 0,
          "dti": 510,
          "sco": 0,
          "dco": 2674,
          "txt": "Huenefeld"
        },
        {
          "si": 22,
          "sti": 1,
          "dti": 511,
          "sco": 10,
          "dco": 2684,
          "txt": "in"
        },
        {
          "si": 22,
          "sti": 2,
          "dti": 512,
          "sco": 13,
          "dco": 2687,
          "txt": "1910"
        },
        {
          "si": 22,
          "sti": 3,
          "dti": 513,
          "sco": 17,
          "dco": 2691,
          "txt": ","
        },
        {
          "si": 22,
          "sti": 4,
          "dti": 514,
          "sco": 19,
          "dco": 2693,
          "txt": "who"
        },
        {
          "si": 22,
          "sti": 5,
          "dti": 515,
          "sco": 23,
          "dco": 2697,
          "txt": "immediately"
        },
        {
          "si": 22,
          "sti": 6,
          "dti": 516,
          "sco": 35,
          "dco": 2709,
          "txt": "donated"
        },
        {
          "si": 22,
          "sti": 7,
          "dti": 517,
          "sco": 43,
          "dco": 2717,
          "txt": "it"
        },
        {
          "si": 22,
          "sti": 8,
          "dti": 518,
          "sco": 46,
          "dco": 2720,
          "txt": "to"
        },
        {
          "si": 22,
          "sti": 9,
          "dti": 519,
          "sco": 49,
          "dco": 2723,
          "txt": "local"
        },
        {
          "si": 22,
          "sti": 10,
          "dti": 520,
          "sco": 55,
          "dco": 2729,
          "txt": "congregations"
        },
        {
          "si": 22,
          "sti": 11,
          "dti": 521,
          "sco": 69,
          "dco": 2743,
          "txt": "of"
        },
        {
          "si": 22,
          "sti": 12,
          "dti": 522,
          "sco": 72,
          "dco": 2746,
          "txt": "the"
        },
        {
          "si": 22,
          "sti": 13,
          "dti": 523,
          "sco": 76,
          "dco": 2750,
          "txt": "Methodist"
        },
        {
          "si": 22,
          "sti": 14,
          "dti": 524,
          "sco": 86,
          "dco": 2760,
          "txt": "Episcopal"
        },
        {
          "si": 22,
          "sti": 15,
          "dti": 525,
          "sco": 96,
          "dco": 2770,
          "txt": "Church"
        },
        {
          "si": 22,
          "sti": 16,
          "dti": 526,
          "sco": 102,
          "dco": 2776,
          "txt": "."
        },
        {
          "si": 23,
          "sti": 0,
          "dti": 527,
          "sco": 0,
          "dco": 2778,
          "txt": "Since"
        },
        {
          "si": 23,
          "sti": 1,
          "dti": 528,
          "sco": 6,
          "dco": 2784,
          "txt": "that"
        },
        {
          "si": 23,
          "sti": 2,
          "dti": 529,
          "sco": 11,
          "dco": 2789,
          "txt": "time"
        },
        {
          "si": 23,
          "sti": 3,
          "dti": 530,
          "sco": 15,
          "dco": 2793,
          "txt": ","
        },
        {
          "si": 23,
          "sti": 4,
          "dti": 531,
          "sco": 17,
          "dco": 2795,
          "txt": "it"
        },
        {
          "si": 23,
          "sti": 5,
          "dti": 532,
          "sco": 20,
          "dco": 2798,
          "txt": "has"
        },
        {
          "si": 23,
          "sti": 6,
          "dti": 533,
          "sco": 24,
          "dco": 2802,
          "txt": "been"
        },
        {
          "si": 23,
          "sti": 7,
          "dti": 534,
          "sco": 29,
          "dco": 2807,
          "txt": "used"
        },
        {
          "si": 23,
          "sti": 8,
          "dti": 535,
          "sco": 34,
          "dco": 2812,
          "txt": "as"
        },
        {
          "si": 23,
          "sti": 9,
          "dti": 536,
          "sco": 37,
          "dco": 2815,
          "txt": "a"
        },
        {
          "si": 23,
          "sti": 10,
          "dti": 537,
          "sco": 39,
          "dco": 2817,
          "txt": "group"
        },
        {
          "si": 23,
          "sti": 11,
          "dti": 538,
          "sco": 45,
          "dco": 2823,
          "txt": "facility"
        },
        {
          "si": 23,
          "sti": 12,
          "dti": 539,
          "sco": 53,
          "dco": 2831,
          "txt": ":"
        },
        {
          "si": 23,
          "sti": 13,
          "dti": 540,
          "sco": 55,
          "dco": 2833,
          "txt": "after"
        },
        {
          "si": 23,
          "sti": 14,
          "dti": 541,
          "sco": 61,
          "dco": 2839,
          "txt": "originally"
        },
        {
          "si": 23,
          "sti": 15,
          "dti": 542,
          "sco": 72,
          "dco": 2850,
          "txt": "being"
        },
        {
          "si": 23,
          "sti": 16,
          "dti": 543,
          "sco": 78,
          "dco": 2856,
          "txt": "used"
        },
        {
          "si": 23,
          "sti": 17,
          "dti": 544,
          "sco": 83,
          "dco": 2861,
          "txt": "as"
        },
        {
          "si": 23,
          "sti": 18,
          "dti": 545,
          "sco": 86,
          "dco": 2864,
          "txt": "a"
        },
        {
          "si": 23,
          "sti": 19,
          "dti": 546,
          "sco": 88,
          "dco": 2866,
          "txt": "sanitarium"
        },
        {
          "si": 23,
          "sti": 20,
          "dti": 547,
          "sco": 98,
          "dco": 2876,
          "txt": ","
        },
        {
          "si": 23,
          "sti": 21,
          "dti": 548,
          "sco": 100,
          "dco": 2878,
          "txt": "it"
        },
        {
          "si": 23,
          "sti": 22,
          "dti": 549,
          "sco": 103,
          "dco": 2881,
          "txt": "has"
        },
        {
          "si": 23,
          "sti": 23,
          "dti": 550,
          "sco": 107,
          "dco": 2885,
          "txt": "since"
        },
        {
          "si": 23,
          "sti": 24,
          "dti": 551,
          "sco": 113,
          "dco": 2891,
          "txt": "been"
        },
        {
          "si": 23,
          "sti": 25,
          "dti": 552,
          "sco": 118,
          "dco": 2896,
          "txt": "converted"
        },
        {
          "si": 23,
          "sti": 26,
          "dti": 553,
          "sco": 128,
          "dco": 2906,
          "txt": "into"
        },
        {
          "si": 23,
          "sti": 27,
          "dti": 554,
          "sco": 133,
          "dco": 2911,
          "txt": "a"
        },
        {
          "si": 23,
          "sti": 28,
          "dti": 555,
          "sco": 135,
          "dco": 2913,
          "txt": "retirement"
        },
        {
          "si": 23,
          "sti": 29,
          "dti": 556,
          "sco": 146,
          "dco": 2924,
          "txt": "home"
        },
        {
          "si": 23,
          "sti": 30,
          "dti": 557,
          "sco": 150,
          "dco": 2928,
          "txt": "."
        },
        {
          "si": 24,
          "sti": 0,
          "dti": 558,
          "sco": 0,
          "dco": 2930,
          "txt": "In"
        },
        {
          "si": 24,
          "sti": 1,
          "dti": 559,
          "sco": 3,
          "dco": 2933,
          "txt": "1973"
        },
        {
          "si": 24,
          "sti": 2,
          "dti": 560,
          "sco": 7,
          "dco": 2937,
          "txt": ","
        },
        {
          "si": 24,
          "sti": 3,
          "dti": 561,
          "sco": 9,
          "dco": 2939,
          "txt": "Scarlet"
        },
        {
          "si": 24,
          "sti": 4,
          "dti": 562,
          "sco": 17,
          "dco": 2947,
          "txt": "Oaks"
        },
        {
          "si": 24,
          "sti": 5,
          "dti": 563,
          "sco": 22,
          "dco": 2952,
          "txt": "was"
        },
        {
          "si": 24,
          "sti": 6,
          "dti": 564,
          "sco": 26,
          "dco": 2956,
          "txt": "listed"
        },
        {
          "si": 24,
          "sti": 7,
          "dti": 565,
          "sco": 33,
          "dco": 2963,
          "txt": "on"
        },
        {
          "si": 24,
          "sti": 8,
          "dti": 566,
          "sco": 36,
          "dco": 2966,
          "txt": "the"
        },
        {
          "si": 24,
          "sti": 9,
          "dti": 567,
          "sco": 40,
          "dco": 2970,
          "txt": "National"
        },
        {
          "si": 24,
          "sti": 10,
          "dti": 568,
          "sco": 49,
          "dco": 2979,
          "txt": "Register"
        },
        {
          "si": 24,
          "sti": 11,
          "dti": 569,
          "sco": 58,
          "dco": 2988,
          "txt": "of"
        },
        {
          "si": 24,
          "sti": 12,
          "dti": 570,
          "sco": 61,
          "dco": 2991,
          "txt": "Historic"
        },
        {
          "si": 24,
          "sti": 13,
          "dti": 571,
          "sco": 70,
          "dco": 3000,
          "txt": "Places"
        },
        {
          "si": 24,
          "sti": 14,
          "dti": 572,
          "sco": 76,
          "dco": 3006,
          "txt": "."
        },
        {
          "si": 25,
          "sti": 0,
          "dti": 573,
          "sco": 0,
          "dco": 3008,
          "txt": "Despite"
        },
        {
          "si": 25,
          "sti": 1,
          "dti": 574,
          "sco": 8,
          "dco": 3016,
          "txt": "the"
        },
        {
          "si": 25,
          "sti": 2,
          "dti": 575,
          "sco": 12,
          "dco": 3020,
          "txt": "difficulty"
        },
        {
          "si": 25,
          "sti": 3,
          "dti": 576,
          "sco": 23,
          "dco": 3031,
          "txt": "of"
        },
        {
          "si": 25,
          "sti": 4,
          "dti": 577,
          "sco": 26,
          "dco": 3034,
          "txt": "being"
        },
        {
          "si": 25,
          "sti": 5,
          "dti": 578,
          "sco": 32,
          "dco": 3040,
          "txt": "a"
        },
        {
          "si": 25,
          "sti": 6,
          "dti": 579,
          "sco": 34,
          "dco": 3042,
          "txt": "religiously"
        },
        {
          "si": 25,
          "sti": 7,
          "dti": 580,
          "sco": 45,
          "dco": 3053,
          "txt": "-"
        },
        {
          "si": 25,
          "sti": 8,
          "dti": 581,
          "sco": 46,
          "dco": 3054,
          "txt": "affiliated"
        },
        {
          "si": 25,
          "sti": 9,
          "dti": 582,
          "sco": 57,
          "dco": 3065,
          "txt": "property"
        },
        {
          "si": 25,
          "sti": 10,
          "dti": 583,
          "sco": 65,
          "dco": 3073,
          "txt": ","
        },
        {
          "si": 25,
          "sti": 11,
          "dti": 584,
          "sco": 67,
          "dco": 3075,
          "txt": "it"
        },
        {
          "si": 25,
          "sti": 12,
          "dti": 585,
          "sco": 70,
          "dco": 3078,
          "txt": "qualified"
        },
        {
          "si": 25,
          "sti": 13,
          "dti": 586,
          "sco": 80,
          "dco": 3088,
          "txt": "for"
        },
        {
          "si": 25,
          "sti": 14,
          "dti": 587,
          "sco": 84,
          "dco": 3092,
          "txt": "inclusion"
        },
        {
          "si": 25,
          "sti": 15,
          "dti": 588,
          "sco": 94,
          "dco": 3102,
          "txt": "because"
        },
        {
          "si": 25,
          "sti": 16,
          "dti": 589,
          "sco": 102,
          "dco": 3110,
          "txt": "of"
        },
        {
          "si": 25,
          "sti": 17,
          "dti": 590,
          "sco": 105,
          "dco": 3113,
          "txt": "its"
        },
        {
          "si": 25,
          "sti": 18,
          "dti": 591,
          "sco": 109,
          "dco": 3117,
          "txt": "distinctive"
        },
        {
          "si": 25,
          "sti": 19,
          "dti": 592,
          "sco": 121,
          "dco": 3129,
          "txt": "and"
        },
        {
          "si": 25,
          "sti": 20,
          "dti": 593,
          "sco": 125,
          "dco": 3133,
          "txt": "historically"
        },
        {
          "si": 25,
          "sti": 21,
          "dti": 594,
          "sco": 138,
          "dco": 3146,
          "txt": "significant"
        },
        {
          "si": 25,
          "sti": 22,
          "dti": 595,
          "sco": 150,
          "dco": 3158,
          "txt": "architecture"
        },
        {
          "si": 25,
          "sti": 23,
          "dti": 596,
          "sco": 162,
          "dco": 3170,
          "txt": "."
        },
        {
          "si": 26,
          "sti": 0,
          "dti": 597,
          "sco": 0,
          "dco": 3172,
          "txt": "To"
        },
        {
          "si": 26,
          "sti": 1,
          "dti": 598,
          "sco": 3,
          "dco": 3175,
          "txt": "the"
        },
        {
          "si": 26,
          "sti": 2,
          "dti": 599,
          "sco": 7,
          "dco": 3179,
          "txt": "present"
        },
        {
          "si": 26,
          "sti": 3,
          "dti": 600,
          "sco": 15,
          "dco": 3187,
          "txt": "day"
        },
        {
          "si": 26,
          "sti": 4,
          "dti": 601,
          "sco": 18,
          "dco": 3190,
          "txt": ","
        },
        {
          "si": 26,
          "sti": 5,
          "dti": 602,
          "sco": 20,
          "dco": 3192,
          "txt": "it"
        },
        {
          "si": 26,
          "sti": 6,
          "dti": 603,
          "sco": 23,
          "dco": 3195,
          "txt": "remains"
        },
        {
          "si": 26,
          "sti": 7,
          "dti": 604,
          "sco": 31,
          "dco": 3203,
          "txt": "a"
        },
        {
          "si": 26,
          "sti": 8,
          "dti": 605,
          "sco": 33,
          "dco": 3205,
          "txt": "retirement"
        },
        {
          "si": 26,
          "sti": 9,
          "dti": 606,
          "sco": 44,
          "dco": 3216,
          "txt": "home"
        },
        {
          "si": 26,
          "sti": 10,
          "dti": 607,
          "sco": 48,
          "dco": 3220,
          "txt": ","
        },
        {
          "si": 26,
          "sti": 11,
          "dti": 608,
          "sco": 50,
          "dco": 3222,
          "txt": "although"
        },
        {
          "si": 26,
          "sti": 12,
          "dti": 609,
          "sco": 59,
          "dco": 3231,
          "txt": "now"
        },
        {
          "si": 26,
          "sti": 13,
          "dti": 610,
          "sco": 63,
          "dco": 3235,
          "txt": "affiliated"
        },
        {
          "si": 26,
          "sti": 14,
          "dti": 611,
          "sco": 74,
          "dco": 3246,
          "txt": "with"
        },
        {
          "si": 26,
          "sti": 15,
          "dti": 612,
          "sco": 79,
          "dco": 3251,
          "txt": "the"
        },
        {
          "si": 26,
          "sti": 16,
          "dti": 613,
          "sco": 83,
          "dco": 3255,
          "txt": "Deaconess"
        },
        {
          "si": 26,
          "sti": 17,
          "dti": 614,
          "sco": 93,
          "dco": 3265,
          "txt": "Hospital"
        },
        {
          "si": 26,
          "sti": 18,
          "dti": 615,
          "sco": 101,
          "dco": 3273,
          "txt": "."
        }
      ]
    },
    "ganns": {
      "dla": [],
      "la": [],
      "ea": [],
      "eta": [
        {
          "ra": {
            "ea": {
              "etn": "Scarlet_Oaks"
            }
          },
          "sfs": [
            [
              {
                "stn": "openingYear"
              },
              {}
            ]
          ],
          "mfs": [
            [
              {
                "stn": "architect"
              },
              {
                "dla": [],
                "la": [],
                "ea": [
                  {
                    "etn": "James_Keys_Wilson"
                  }
                ],
                "eta": []
              }
            ],
            [
              {
                "stn": "yearOfConstruction"
              },
              {
                "dla": [
                  {
                    "txt": {
                      "sff": "1867"
                    },
                    "et": {
                      "etn": "Year"
                    },
                    "dp": {
                      "off": 134
                    }
                  }
                ],
                "la": [],
                "ea": [],
                "eta": []
              }
            ],
            [
              {
                "stn": "architecturalStyle"
              },
              {
                "dla": [],
                "la": [],
                "ea": [
                  {
                    "etn": "Gothic_Revival_architecture"
                  },
                  {
                    "etn": "Romanesque_Revival_architecture"
                  }
                ],
                "eta": []
              }
            ],
            [
              {
                "stn": "location"
              },
              {
                "dla": [],
                "la": [],
                "ea": [
                  {
                    "etn": "Cincinnati"
                  },
                  {
                    "etn": "Ohio"
                  }
                ],
                "eta": []
              }
            ]
          ]
        }
      ]
    }
  }
]
