[
  {
    "context": "TRAIN",
    "doc": {
      "id": "St._Matthew's_Cathedral_(Laramie,_Wyoming)",
      "tl": [
        {
          "si": 0,
          "sti": 0,
          "dti": 0,
          "sco": 0,
          "dco": 0,
          "txt": "St"
        },
        {
          "si": 0,
          "sti": 1,
          "dti": 1,
          "sco": 2,
          "dco": 2,
          "txt": "."
        },
        {
          "si": 1,
          "sti": 0,
          "dti": 2,
          "sco": 0,
          "dco": 4,
          "txt": "Matthew"
        },
        {
          "si": 1,
          "sti": 1,
          "dti": 3,
          "sco": 7,
          "dco": 11,
          "txt": "'"
        },
        {
          "si": 1,
          "sti": 2,
          "dti": 4,
          "sco": 8,
          "dco": 12,
          "txt": "s"
        },
        {
          "si": 1,
          "sti": 3,
          "dti": 5,
          "sco": 10,
          "dco": 14,
          "txt": "Cathedral"
        },
        {
          "si": 1,
          "sti": 4,
          "dti": 6,
          "sco": 20,
          "dco": 24,
          "txt": "("
        },
        {
          "si": 1,
          "sti": 5,
          "dti": 7,
          "sco": 21,
          "dco": 25,
          "txt": "Laramie"
        },
        {
          "si": 1,
          "sti": 6,
          "dti": 8,
          "sco": 28,
          "dco": 32,
          "txt": ","
        },
        {
          "si": 1,
          "sti": 7,
          "dti": 9,
          "sco": 30,
          "dco": 34,
          "txt": "Wyoming"
        },
        {
          "si": 1,
          "sti": 8,
          "dti": 10,
          "sco": 37,
          "dco": 41,
          "txt": ")"
        },
        {
          "si": 1,
          "sti": 9,
          "dti": 11,
          "sco": 38,
          "dco": 42,
          "txt": "."
        },
        {
          "si": 2,
          "sti": 0,
          "dti": 12,
          "sco": 0,
          "dco": 44,
          "txt": "St"
        },
        {
          "si": 2,
          "sti": 1,
          "dti": 13,
          "sco": 2,
          "dco": 46,
          "txt": "."
        },
        {
          "si": 3,
          "sti": 0,
          "dti": 14,
          "sco": 0,
          "dco": 48,
          "txt": "Matthew"
        },
        {
          "si": 3,
          "sti": 1,
          "dti": 15,
          "sco": 7,
          "dco": 55,
          "txt": "'"
        },
        {
          "si": 3,
          "sti": 2,
          "dti": 16,
          "sco": 8,
          "dco": 56,
          "txt": "s"
        },
        {
          "si": 3,
          "sti": 3,
          "dti": 17,
          "sco": 10,
          "dco": 58,
          "txt": "Cathedral"
        },
        {
          "si": 3,
          "sti": 4,
          "dti": 18,
          "sco": 20,
          "dco": 68,
          "txt": "is"
        },
        {
          "si": 3,
          "sti": 5,
          "dti": 19,
          "sco": 23,
          "dco": 71,
          "txt": "an"
        },
        {
          "si": 3,
          "sti": 6,
          "dti": 20,
          "sco": 26,
          "dco": 74,
          "txt": "Episcopal"
        },
        {
          "si": 3,
          "sti": 7,
          "dti": 21,
          "sco": 36,
          "dco": 84,
          "txt": "cathedral"
        },
        {
          "si": 3,
          "sti": 8,
          "dti": 22,
          "sco": 46,
          "dco": 94,
          "txt": "located"
        },
        {
          "si": 3,
          "sti": 9,
          "dti": 23,
          "sco": 54,
          "dco": 102,
          "txt": "in"
        },
        {
          "si": 3,
          "sti": 10,
          "dti": 24,
          "sco": 57,
          "dco": 105,
          "txt": "Laramie"
        },
        {
          "si": 3,
          "sti": 11,
          "dti": 25,
          "sco": 64,
          "dco": 112,
          "txt": ","
        },
        {
          "si": 3,
          "sti": 12,
          "dti": 26,
          "sco": 66,
          "dco": 114,
          "txt": "Wyoming"
        },
        {
          "si": 3,
          "sti": 13,
          "dti": 27,
          "sco": 73,
          "dco": 121,
          "txt": ","
        },
        {
          "si": 3,
          "sti": 14,
          "dti": 28,
          "sco": 75,
          "dco": 123,
          "txt": "United"
        },
        {
          "si": 3,
          "sti": 15,
          "dti": 29,
          "sco": 82,
          "dco": 130,
          "txt": "States"
        },
        {
          "si": 3,
          "sti": 16,
          "dti": 30,
          "sco": 88,
          "dco": 136,
          "txt": "."
        },
        {
          "si": 4,
          "sti": 0,
          "dti": 31,
          "sco": 0,
          "dco": 138,
          "txt": "It"
        },
        {
          "si": 4,
          "sti": 1,
          "dti": 32,
          "sco": 3,
          "dco": 141,
          "txt": "is"
        },
        {
          "si": 4,
          "sti": 2,
          "dti": 33,
          "sco": 6,
          "dco": 144,
          "txt": "the"
        },
        {
          "si": 4,
          "sti": 3,
          "dti": 34,
          "sco": 10,
          "dco": 148,
          "txt": "seat"
        },
        {
          "si": 4,
          "sti": 4,
          "dti": 35,
          "sco": 15,
          "dco": 153,
          "txt": "of"
        },
        {
          "si": 4,
          "sti": 5,
          "dti": 36,
          "sco": 18,
          "dco": 156,
          "txt": "the"
        },
        {
          "si": 4,
          "sti": 6,
          "dti": 37,
          "sco": 22,
          "dco": 160,
          "txt": "Diocese"
        },
        {
          "si": 4,
          "sti": 7,
          "dti": 38,
          "sco": 30,
          "dco": 168,
          "txt": "of"
        },
        {
          "si": 4,
          "sti": 8,
          "dti": 39,
          "sco": 33,
          "dco": 171,
          "txt": "Wyoming"
        },
        {
          "si": 4,
          "sti": 9,
          "dti": 40,
          "sco": 40,
          "dco": 178,
          "txt": "."
        },
        {
          "si": 5,
          "sti": 0,
          "dti": 41,
          "sco": 0,
          "dco": 180,
          "txt": "The"
        },
        {
          "si": 5,
          "sti": 1,
          "dti": 42,
          "sco": 4,
          "dco": 184,
          "txt": "cathedral"
        },
        {
          "si": 5,
          "sti": 2,
          "dti": 43,
          "sco": 14,
          "dco": 194,
          "txt": "is"
        },
        {
          "si": 5,
          "sti": 3,
          "dti": 44,
          "sco": 17,
          "dco": 197,
          "txt": "a"
        },
        {
          "si": 5,
          "sti": 4,
          "dti": 45,
          "sco": 19,
          "dco": 199,
          "txt": "contributing"
        },
        {
          "si": 5,
          "sti": 5,
          "dti": 46,
          "sco": 32,
          "dco": 212,
          "txt": "property"
        },
        {
          "si": 5,
          "sti": 6,
          "dti": 47,
          "sco": 41,
          "dco": 221,
          "txt": "in"
        },
        {
          "si": 5,
          "sti": 7,
          "dti": 48,
          "sco": 44,
          "dco": 224,
          "txt": "the"
        },
        {
          "si": 5,
          "sti": 8,
          "dti": 49,
          "sco": 48,
          "dco": 228,
          "txt": "St"
        },
        {
          "si": 5,
          "sti": 9,
          "dti": 50,
          "sco": 50,
          "dco": 230,
          "txt": "."
        },
        {
          "si": 6,
          "sti": 0,
          "dti": 51,
          "sco": 0,
          "dco": 232,
          "txt": "Matthew"
        },
        {
          "si": 6,
          "sti": 1,
          "dti": 52,
          "sco": 7,
          "dco": 239,
          "txt": "'"
        },
        {
          "si": 6,
          "sti": 2,
          "dti": 53,
          "sco": 8,
          "dco": 240,
          "txt": "s"
        },
        {
          "si": 6,
          "sti": 3,
          "dti": 54,
          "sco": 10,
          "dco": 242,
          "txt": "Cathedral"
        },
        {
          "si": 6,
          "sti": 4,
          "dti": 55,
          "sco": 20,
          "dco": 252,
          "txt": "Close"
        },
        {
          "si": 6,
          "sti": 5,
          "dti": 56,
          "sco": 25,
          "dco": 257,
          "txt": ","
        },
        {
          "si": 6,
          "sti": 6,
          "dti": 57,
          "sco": 27,
          "dco": 259,
          "txt": "a"
        },
        {
          "si": 6,
          "sti": 7,
          "dti": 58,
          "sco": 29,
          "dco": 261,
          "txt": "historic"
        },
        {
          "si": 6,
          "sti": 8,
          "dti": 59,
          "sco": 38,
          "dco": 270,
          "txt": "district"
        },
        {
          "si": 6,
          "sti": 9,
          "dti": 60,
          "sco": 47,
          "dco": 279,
          "txt": "listed"
        },
        {
          "si": 6,
          "sti": 10,
          "dti": 61,
          "sco": 54,
          "dco": 286,
          "txt": "on"
        },
        {
          "si": 6,
          "sti": 11,
          "dti": 62,
          "sco": 57,
          "dco": 289,
          "txt": "the"
        },
        {
          "si": 6,
          "sti": 12,
          "dti": 63,
          "sco": 61,
          "dco": 293,
          "txt": "National"
        },
        {
          "si": 6,
          "sti": 13,
          "dti": 64,
          "sco": 70,
          "dco": 302,
          "txt": "Register"
        },
        {
          "si": 6,
          "sti": 14,
          "dti": 65,
          "sco": 79,
          "dco": 311,
          "txt": "of"
        },
        {
          "si": 6,
          "sti": 15,
          "dti": 66,
          "sco": 82,
          "dco": 314,
          "txt": "Historic"
        },
        {
          "si": 6,
          "sti": 16,
          "dti": 67,
          "sco": 91,
          "dco": 323,
          "txt": "Places"
        },
        {
          "si": 6,
          "sti": 17,
          "dti": 68,
          "sco": 97,
          "dco": 329,
          "txt": "."
        },
        {
          "si": 7,
          "sti": 0,
          "dti": 69,
          "sco": 0,
          "dco": 331,
          "txt": "History"
        },
        {
          "si": 7,
          "sti": 1,
          "dti": 70,
          "sco": 7,
          "dco": 338,
          "txt": "."
        },
        {
          "si": 8,
          "sti": 0,
          "dti": 71,
          "sco": 0,
          "dco": 340,
          "txt": "St"
        },
        {
          "si": 8,
          "sti": 1,
          "dti": 72,
          "sco": 2,
          "dco": 342,
          "txt": "."
        },
        {
          "si": 9,
          "sti": 0,
          "dti": 73,
          "sco": 0,
          "dco": 344,
          "txt": "Matthew"
        },
        {
          "si": 9,
          "sti": 1,
          "dti": 74,
          "sco": 7,
          "dco": 351,
          "txt": "'"
        },
        {
          "si": 9,
          "sti": 2,
          "dti": 75,
          "sco": 8,
          "dco": 352,
          "txt": "s"
        },
        {
          "si": 9,
          "sti": 3,
          "dti": 76,
          "sco": 10,
          "dco": 354,
          "txt": "was"
        },
        {
          "si": 9,
          "sti": 4,
          "dti": 77,
          "sco": 14,
          "dco": 358,
          "txt": "established"
        },
        {
          "si": 9,
          "sti": 5,
          "dti": 78,
          "sco": 26,
          "dco": 370,
          "txt": "in"
        },
        {
          "si": 9,
          "sti": 6,
          "dti": 79,
          "sco": 29,
          "dco": 373,
          "txt": "1868"
        },
        {
          "si": 9,
          "sti": 7,
          "dti": 80,
          "sco": 33,
          "dco": 377,
          "txt": "."
        },
        {
          "si": 10,
          "sti": 0,
          "dti": 81,
          "sco": 0,
          "dco": 379,
          "txt": "The"
        },
        {
          "si": 10,
          "sti": 1,
          "dti": 82,
          "sco": 4,
          "dco": 383,
          "txt": "Rt"
        },
        {
          "si": 10,
          "sti": 2,
          "dti": 83,
          "sco": 6,
          "dco": 385,
          "txt": "."
        },
        {
          "si": 11,
          "sti": 0,
          "dti": 84,
          "sco": 0,
          "dco": 387,
          "txt": "Rev"
        },
        {
          "si": 11,
          "sti": 1,
          "dti": 85,
          "sco": 3,
          "dco": 390,
          "txt": "."
        },
        {
          "si": 12,
          "sti": 0,
          "dti": 86,
          "sco": 0,
          "dco": 392,
          "txt": "Ethelbert"
        },
        {
          "si": 12,
          "sti": 1,
          "dti": 87,
          "sco": 10,
          "dco": 402,
          "txt": "Talbot"
        },
        {
          "si": 12,
          "sti": 2,
          "dti": 88,
          "sco": 16,
          "dco": 408,
          "txt": ","
        },
        {
          "si": 12,
          "sti": 3,
          "dti": 89,
          "sco": 18,
          "dco": 410,
          "txt": "the"
        },
        {
          "si": 12,
          "sti": 4,
          "dti": 90,
          "sco": 22,
          "dco": 414,
          "txt": "first"
        },
        {
          "si": 12,
          "sti": 5,
          "dti": 91,
          "sco": 28,
          "dco": 420,
          "txt": "bishop"
        },
        {
          "si": 12,
          "sti": 6,
          "dti": 92,
          "sco": 35,
          "dco": 427,
          "txt": "of"
        },
        {
          "si": 12,
          "sti": 7,
          "dti": 93,
          "sco": 38,
          "dco": 430,
          "txt": "the"
        },
        {
          "si": 12,
          "sti": 8,
          "dti": 94,
          "sco": 42,
          "dco": 434,
          "txt": "newly"
        },
        {
          "si": 12,
          "sti": 9,
          "dti": 95,
          "sco": 48,
          "dco": 440,
          "txt": "created"
        },
        {
          "si": 12,
          "sti": 10,
          "dti": 96,
          "sco": 56,
          "dco": 448,
          "txt": "Missionary"
        },
        {
          "si": 12,
          "sti": 11,
          "dti": 97,
          "sco": 67,
          "dco": 459,
          "txt": "District"
        },
        {
          "si": 12,
          "sti": 12,
          "dti": 98,
          "sco": 76,
          "dco": 468,
          "txt": "of"
        },
        {
          "si": 12,
          "sti": 13,
          "dti": 99,
          "sco": 79,
          "dco": 471,
          "txt": "Wyoming"
        },
        {
          "si": 12,
          "sti": 14,
          "dti": 100,
          "sco": 87,
          "dco": 479,
          "txt": "and"
        },
        {
          "si": 12,
          "sti": 15,
          "dti": 101,
          "sco": 91,
          "dco": 483,
          "txt": "Idaho"
        },
        {
          "si": 12,
          "sti": 16,
          "dti": 102,
          "sco": 97,
          "dco": 489,
          "txt": "chose"
        },
        {
          "si": 12,
          "sti": 17,
          "dti": 103,
          "sco": 103,
          "dco": 495,
          "txt": "Laramie"
        },
        {
          "si": 12,
          "sti": 18,
          "dti": 104,
          "sco": 111,
          "dco": 503,
          "txt": "as"
        },
        {
          "si": 12,
          "sti": 19,
          "dti": 105,
          "sco": 114,
          "dco": 506,
          "txt": "his"
        },
        {
          "si": 12,
          "sti": 20,
          "dti": 106,
          "sco": 118,
          "dco": 510,
          "txt": "See"
        },
        {
          "si": 12,
          "sti": 21,
          "dti": 107,
          "sco": 122,
          "dco": 514,
          "txt": "city"
        },
        {
          "si": 12,
          "sti": 22,
          "dti": 108,
          "sco": 126,
          "dco": 518,
          "txt": "."
        },
        {
          "si": 13,
          "sti": 0,
          "dti": 109,
          "sco": 0,
          "dco": 520,
          "txt": "He"
        },
        {
          "si": 13,
          "sti": 1,
          "dti": 110,
          "sco": 3,
          "dco": 523,
          "txt": "then"
        },
        {
          "si": 13,
          "sti": 2,
          "dti": 111,
          "sco": 8,
          "dco": 528,
          "txt": "led"
        },
        {
          "si": 13,
          "sti": 3,
          "dti": 112,
          "sco": 12,
          "dco": 532,
          "txt": "the"
        },
        {
          "si": 13,
          "sti": 4,
          "dti": 113,
          "sco": 16,
          "dco": 536,
          "txt": "effort"
        },
        {
          "si": 13,
          "sti": 5,
          "dti": 114,
          "sco": 23,
          "dco": 543,
          "txt": "to"
        },
        {
          "si": 13,
          "sti": 6,
          "dti": 115,
          "sco": 26,
          "dco": 546,
          "txt": "build"
        },
        {
          "si": 13,
          "sti": 7,
          "dti": 116,
          "sco": 32,
          "dco": 552,
          "txt": "St"
        },
        {
          "si": 13,
          "sti": 8,
          "dti": 117,
          "sco": 34,
          "dco": 554,
          "txt": "."
        },
        {
          "si": 14,
          "sti": 0,
          "dti": 118,
          "sco": 0,
          "dco": 556,
          "txt": "Matthew"
        },
        {
          "si": 14,
          "sti": 1,
          "dti": 119,
          "sco": 7,
          "dco": 563,
          "txt": "'"
        },
        {
          "si": 14,
          "sti": 2,
          "dti": 120,
          "sco": 8,
          "dco": 564,
          "txt": "s"
        },
        {
          "si": 14,
          "sti": 3,
          "dti": 121,
          "sco": 10,
          "dco": 566,
          "txt": "Cathedral"
        },
        {
          "si": 14,
          "sti": 4,
          "dti": 122,
          "sco": 20,
          "dco": 576,
          "txt": "from"
        },
        {
          "si": 14,
          "sti": 5,
          "dti": 123,
          "sco": 25,
          "dco": 581,
          "txt": "1892"
        },
        {
          "si": 14,
          "sti": 6,
          "dti": 124,
          "sco": 30,
          "dco": 586,
          "txt": "to"
        },
        {
          "si": 14,
          "sti": 7,
          "dti": 125,
          "sco": 33,
          "dco": 589,
          "txt": "1896"
        },
        {
          "si": 14,
          "sti": 8,
          "dti": 126,
          "sco": 37,
          "dco": 593,
          "txt": "."
        },
        {
          "si": 15,
          "sti": 0,
          "dti": 127,
          "sco": 0,
          "dco": 595,
          "txt": "The"
        },
        {
          "si": 15,
          "sti": 1,
          "dti": 128,
          "sco": 4,
          "dco": 599,
          "txt": "cathedral"
        },
        {
          "si": 15,
          "sti": 2,
          "dti": 129,
          "sco": 14,
          "dco": 609,
          "txt": "cornerstone"
        },
        {
          "si": 15,
          "sti": 3,
          "dti": 130,
          "sco": 26,
          "dco": 621,
          "txt": "was"
        },
        {
          "si": 15,
          "sti": 4,
          "dti": 131,
          "sco": 30,
          "dco": 625,
          "txt": "laid"
        },
        {
          "si": 15,
          "sti": 5,
          "dti": 132,
          "sco": 35,
          "dco": 630,
          "txt": "on"
        },
        {
          "si": 15,
          "sti": 6,
          "dti": 133,
          "sco": 38,
          "dco": 633,
          "txt": "September"
        },
        {
          "si": 15,
          "sti": 7,
          "dti": 134,
          "sco": 48,
          "dco": 643,
          "txt": "21"
        },
        {
          "si": 15,
          "sti": 8,
          "dti": 135,
          "sco": 50,
          "dco": 645,
          "txt": ","
        },
        {
          "si": 15,
          "sti": 9,
          "dti": 136,
          "sco": 52,
          "dco": 647,
          "txt": "1892"
        },
        {
          "si": 15,
          "sti": 10,
          "dti": 137,
          "sco": 57,
          "dco": 652,
          "txt": "and"
        },
        {
          "si": 15,
          "sti": 11,
          "dti": 138,
          "sco": 61,
          "dco": 656,
          "txt": "it"
        },
        {
          "si": 15,
          "sti": 12,
          "dti": 139,
          "sco": 64,
          "dco": 659,
          "txt": "was"
        },
        {
          "si": 15,
          "sti": 13,
          "dti": 140,
          "sco": 68,
          "dco": 663,
          "txt": "dedicated"
        },
        {
          "si": 15,
          "sti": 14,
          "dti": 141,
          "sco": 78,
          "dco": 673,
          "txt": "on"
        },
        {
          "si": 15,
          "sti": 15,
          "dti": 142,
          "sco": 81,
          "dco": 676,
          "txt": "December"
        },
        {
          "si": 15,
          "sti": 16,
          "dti": 143,
          "sco": 90,
          "dco": 685,
          "txt": "17"
        },
        {
          "si": 15,
          "sti": 17,
          "dti": 144,
          "sco": 92,
          "dco": 687,
          "txt": ","
        },
        {
          "si": 15,
          "sti": 18,
          "dti": 145,
          "sco": 94,
          "dco": 689,
          "txt": "1896"
        },
        {
          "si": 15,
          "sti": 19,
          "dti": 146,
          "sco": 98,
          "dco": 693,
          "txt": "."
        },
        {
          "si": 16,
          "sti": 0,
          "dti": 147,
          "sco": 0,
          "dco": 695,
          "txt": "The"
        },
        {
          "si": 16,
          "sti": 1,
          "dti": 148,
          "sco": 4,
          "dco": 699,
          "txt": "church"
        },
        {
          "si": 16,
          "sti": 2,
          "dti": 149,
          "sco": 11,
          "dco": 706,
          "txt": "was"
        },
        {
          "si": 16,
          "sti": 3,
          "dti": 150,
          "sco": 15,
          "dco": 710,
          "txt": "consecrated"
        },
        {
          "si": 16,
          "sti": 4,
          "dti": 151,
          "sco": 27,
          "dco": 722,
          "txt": "on"
        },
        {
          "si": 16,
          "sti": 5,
          "dti": 152,
          "sco": 30,
          "dco": 725,
          "txt": "August"
        },
        {
          "si": 16,
          "sti": 6,
          "dti": 153,
          "sco": 37,
          "dco": 732,
          "txt": "11"
        },
        {
          "si": 16,
          "sti": 7,
          "dti": 154,
          "sco": 39,
          "dco": 734,
          "txt": ","
        },
        {
          "si": 16,
          "sti": 8,
          "dti": 155,
          "sco": 41,
          "dco": 736,
          "txt": "1901"
        },
        {
          "si": 16,
          "sti": 9,
          "dti": 156,
          "sco": 45,
          "dco": 740,
          "txt": "."
        },
        {
          "si": 17,
          "sti": 0,
          "dti": 157,
          "sco": 0,
          "dco": 742,
          "txt": "The"
        },
        {
          "si": 17,
          "sti": 1,
          "dti": 158,
          "sco": 4,
          "dco": 746,
          "txt": "1967"
        },
        {
          "si": 17,
          "sti": 2,
          "dti": 159,
          "sco": 9,
          "dco": 751,
          "txt": "General"
        },
        {
          "si": 17,
          "sti": 3,
          "dti": 160,
          "sco": 17,
          "dco": 759,
          "txt": "Convention"
        },
        {
          "si": 17,
          "sti": 4,
          "dti": 161,
          "sco": 28,
          "dco": 770,
          "txt": "of"
        },
        {
          "si": 17,
          "sti": 5,
          "dti": 162,
          "sco": 31,
          "dco": 773,
          "txt": "the"
        },
        {
          "si": 17,
          "sti": 6,
          "dti": 163,
          "sco": 35,
          "dco": 777,
          "txt": "Episcopal"
        },
        {
          "si": 17,
          "sti": 7,
          "dti": 164,
          "sco": 45,
          "dco": 787,
          "txt": "Church"
        },
        {
          "si": 17,
          "sti": 8,
          "dti": 165,
          "sco": 52,
          "dco": 794,
          "txt": "created"
        },
        {
          "si": 17,
          "sti": 9,
          "dti": 166,
          "sco": 60,
          "dco": 802,
          "txt": "the"
        },
        {
          "si": 17,
          "sti": 10,
          "dti": 167,
          "sco": 64,
          "dco": 806,
          "txt": "Diocese"
        },
        {
          "si": 17,
          "sti": 11,
          "dti": 168,
          "sco": 72,
          "dco": 814,
          "txt": "of"
        },
        {
          "si": 17,
          "sti": 12,
          "dti": 169,
          "sco": 75,
          "dco": 817,
          "txt": "Wyoming"
        },
        {
          "si": 17,
          "sti": 13,
          "dti": 170,
          "sco": 82,
          "dco": 824,
          "txt": "."
        },
        {
          "si": 18,
          "sti": 0,
          "dti": 171,
          "sco": 0,
          "dco": 826,
          "txt": "The"
        },
        {
          "si": 18,
          "sti": 1,
          "dti": 172,
          "sco": 4,
          "dco": 830,
          "txt": "first"
        },
        {
          "si": 18,
          "sti": 2,
          "dti": 173,
          "sco": 10,
          "dco": 836,
          "txt": "diocesan"
        },
        {
          "si": 18,
          "sti": 3,
          "dti": 174,
          "sco": 19,
          "dco": 845,
          "txt": "convention"
        },
        {
          "si": 18,
          "sti": 4,
          "dti": 175,
          "sco": 30,
          "dco": 856,
          "txt": "was"
        },
        {
          "si": 18,
          "sti": 5,
          "dti": 176,
          "sco": 34,
          "dco": 860,
          "txt": "held"
        },
        {
          "si": 18,
          "sti": 6,
          "dti": 177,
          "sco": 39,
          "dco": 865,
          "txt": "at"
        },
        {
          "si": 18,
          "sti": 7,
          "dti": 178,
          "sco": 42,
          "dco": 868,
          "txt": "St"
        },
        {
          "si": 18,
          "sti": 8,
          "dti": 179,
          "sco": 44,
          "dco": 870,
          "txt": "."
        },
        {
          "si": 19,
          "sti": 0,
          "dti": 180,
          "sco": 0,
          "dco": 872,
          "txt": "Matthew"
        },
        {
          "si": 19,
          "sti": 1,
          "dti": 181,
          "sco": 7,
          "dco": 879,
          "txt": "'"
        },
        {
          "si": 19,
          "sti": 2,
          "dti": 182,
          "sco": 8,
          "dco": 880,
          "txt": "s"
        },
        {
          "si": 19,
          "sti": 3,
          "dti": 183,
          "sco": 10,
          "dco": 882,
          "txt": "on"
        },
        {
          "si": 19,
          "sti": 4,
          "dti": 184,
          "sco": 13,
          "dco": 885,
          "txt": "January"
        },
        {
          "si": 19,
          "sti": 5,
          "dti": 185,
          "sco": 21,
          "dco": 893,
          "txt": "30"
        },
        {
          "si": 19,
          "sti": 6,
          "dti": 186,
          "sco": 23,
          "dco": 895,
          "txt": ","
        },
        {
          "si": 19,
          "sti": 7,
          "dti": 187,
          "sco": 25,
          "dco": 897,
          "txt": "1968"
        },
        {
          "si": 19,
          "sti": 8,
          "dti": 188,
          "sco": 29,
          "dco": 901,
          "txt": "."
        },
        {
          "si": 20,
          "sti": 0,
          "dti": 189,
          "sco": 0,
          "dco": 903,
          "txt": "The"
        },
        {
          "si": 20,
          "sti": 1,
          "dti": 190,
          "sco": 4,
          "dco": 907,
          "txt": "Diocese"
        },
        {
          "si": 20,
          "sti": 2,
          "dti": 191,
          "sco": 12,
          "dco": 915,
          "txt": "of"
        },
        {
          "si": 20,
          "sti": 3,
          "dti": 192,
          "sco": 15,
          "dco": 918,
          "txt": "Wyoming"
        },
        {
          "si": 20,
          "sti": 4,
          "dti": 193,
          "sco": 23,
          "dco": 926,
          "txt": "is"
        },
        {
          "si": 20,
          "sti": 5,
          "dti": 194,
          "sco": 26,
          "dco": 929,
          "txt": "contiguous"
        },
        {
          "si": 20,
          "sti": 6,
          "dti": 195,
          "sco": 37,
          "dco": 940,
          "txt": "with"
        },
        {
          "si": 20,
          "sti": 7,
          "dti": 196,
          "sco": 42,
          "dco": 945,
          "txt": "the"
        },
        {
          "si": 20,
          "sti": 8,
          "dti": 197,
          "sco": 46,
          "dco": 949,
          "txt": "state"
        },
        {
          "si": 20,
          "sti": 9,
          "dti": 198,
          "sco": 52,
          "dco": 955,
          "txt": "of"
        },
        {
          "si": 20,
          "sti": 10,
          "dti": 199,
          "sco": 55,
          "dco": 958,
          "txt": "Wyoming"
        },
        {
          "si": 20,
          "sti": 11,
          "dti": 200,
          "sco": 62,
          "dco": 965,
          "txt": "."
        },
        {
          "si": 21,
          "sti": 0,
          "dti": 201,
          "sco": 0,
          "dco": 967,
          "txt": "The"
        },
        {
          "si": 21,
          "sti": 1,
          "dti": 202,
          "sco": 4,
          "dco": 971,
          "txt": "cathedral"
        },
        {
          "si": 21,
          "sti": 2,
          "dti": 203,
          "sco": 14,
          "dco": 981,
          "txt": "is"
        },
        {
          "si": 21,
          "sti": 3,
          "dti": 204,
          "sco": 17,
          "dco": 984,
          "txt": "a"
        },
        {
          "si": 21,
          "sti": 4,
          "dti": 205,
          "sco": 19,
          "dco": 986,
          "txt": "part"
        },
        {
          "si": 21,
          "sti": 5,
          "dti": 206,
          "sco": 24,
          "dco": 991,
          "txt": "of"
        },
        {
          "si": 21,
          "sti": 6,
          "dti": 207,
          "sco": 27,
          "dco": 994,
          "txt": "the"
        },
        {
          "si": 21,
          "sti": 7,
          "dti": 208,
          "sco": 31,
          "dco": 998,
          "txt": "St"
        },
        {
          "si": 21,
          "sti": 8,
          "dti": 209,
          "sco": 33,
          "dco": 1000,
          "txt": "."
        },
        {
          "si": 22,
          "sti": 0,
          "dti": 210,
          "sco": 0,
          "dco": 1002,
          "txt": "Matthew"
        },
        {
          "si": 22,
          "sti": 1,
          "dti": 211,
          "sco": 7,
          "dco": 1009,
          "txt": "'"
        },
        {
          "si": 22,
          "sti": 2,
          "dti": 212,
          "sco": 8,
          "dco": 1010,
          "txt": "s"
        },
        {
          "si": 22,
          "sti": 3,
          "dti": 213,
          "sco": 10,
          "dco": 1012,
          "txt": "Cathedral"
        },
        {
          "si": 22,
          "sti": 4,
          "dti": 214,
          "sco": 20,
          "dco": 1022,
          "txt": "Close"
        },
        {
          "si": 22,
          "sti": 5,
          "dti": 215,
          "sco": 26,
          "dco": 1028,
          "txt": "historic"
        },
        {
          "si": 22,
          "sti": 6,
          "dti": 216,
          "sco": 35,
          "dco": 1037,
          "txt": "district"
        },
        {
          "si": 22,
          "sti": 7,
          "dti": 217,
          "sco": 44,
          "dco": 1046,
          "txt": "placed"
        },
        {
          "si": 22,
          "sti": 8,
          "dti": 218,
          "sco": 51,
          "dco": 1053,
          "txt": "on"
        },
        {
          "si": 22,
          "sti": 9,
          "dti": 219,
          "sco": 54,
          "dco": 1056,
          "txt": "the"
        },
        {
          "si": 22,
          "sti": 10,
          "dti": 220,
          "sco": 58,
          "dco": 1060,
          "txt": "National"
        },
        {
          "si": 22,
          "sti": 11,
          "dti": 221,
          "sco": 67,
          "dco": 1069,
          "txt": "Register"
        },
        {
          "si": 22,
          "sti": 12,
          "dti": 222,
          "sco": 76,
          "dco": 1078,
          "txt": "of"
        },
        {
          "si": 22,
          "sti": 13,
          "dti": 223,
          "sco": 79,
          "dco": 1081,
          "txt": "Historic"
        },
        {
          "si": 22,
          "sti": 14,
          "dti": 224,
          "sco": 88,
          "dco": 1090,
          "txt": "Places"
        },
        {
          "si": 22,
          "sti": 15,
          "dti": 225,
          "sco": 95,
          "dco": 1097,
          "txt": "in"
        },
        {
          "si": 22,
          "sti": 16,
          "dti": 226,
          "sco": 98,
          "dco": 1100,
          "txt": "1984"
        },
        {
          "si": 22,
          "sti": 17,
          "dti": 227,
          "sco": 102,
          "dco": 1104,
          "txt": "."
        },
        {
          "si": 23,
          "sti": 0,
          "dti": 228,
          "sco": 0,
          "dco": 1106,
          "txt": "The"
        },
        {
          "si": 23,
          "sti": 1,
          "dti": 229,
          "sco": 4,
          "dco": 1110,
          "txt": "other"
        },
        {
          "si": 23,
          "sti": 2,
          "dti": 230,
          "sco": 10,
          "dco": 1116,
          "txt": "elements"
        },
        {
          "si": 23,
          "sti": 3,
          "dti": 231,
          "sco": 19,
          "dco": 1125,
          "txt": "in"
        },
        {
          "si": 23,
          "sti": 4,
          "dti": 232,
          "sco": 22,
          "dco": 1128,
          "txt": "the"
        },
        {
          "si": 23,
          "sti": 5,
          "dti": 233,
          "sco": 26,
          "dco": 1132,
          "txt": "district"
        },
        {
          "si": 23,
          "sti": 6,
          "dti": 234,
          "sco": 35,
          "dco": 1141,
          "txt": "include"
        },
        {
          "si": 23,
          "sti": 7,
          "dti": 235,
          "sco": 43,
          "dco": 1149,
          "txt": "the"
        },
        {
          "si": 23,
          "sti": 8,
          "dti": 236,
          "sco": 47,
          "dco": 1153,
          "txt": "Deanery"
        },
        {
          "si": 23,
          "sti": 9,
          "dti": 237,
          "sco": 54,
          "dco": 1160,
          "txt": ","
        },
        {
          "si": 23,
          "sti": 10,
          "dti": 238,
          "sco": 56,
          "dco": 1162,
          "txt": "Hunter"
        },
        {
          "si": 23,
          "sti": 11,
          "dti": 239,
          "sco": 63,
          "dco": 1169,
          "txt": "Hall"
        },
        {
          "si": 23,
          "sti": 12,
          "dti": 240,
          "sco": 68,
          "dco": 1174,
          "txt": "("
        },
        {
          "si": 23,
          "sti": 13,
          "dti": 241,
          "sco": 69,
          "dco": 1175,
          "txt": "formerly"
        },
        {
          "si": 23,
          "sti": 14,
          "dti": 242,
          "sco": 78,
          "dco": 1184,
          "txt": "known"
        },
        {
          "si": 23,
          "sti": 15,
          "dti": 243,
          "sco": 84,
          "dco": 1190,
          "txt": "as"
        },
        {
          "si": 23,
          "sti": 16,
          "dti": 244,
          "sco": 87,
          "dco": 1193,
          "txt": "Sherwood"
        },
        {
          "si": 23,
          "sti": 17,
          "dti": 245,
          "sco": 96,
          "dco": 1202,
          "txt": "Hall"
        },
        {
          "si": 23,
          "sti": 18,
          "dti": 246,
          "sco": 100,
          "dco": 1206,
          "txt": ")"
        },
        {
          "si": 23,
          "sti": 19,
          "dti": 247,
          "sco": 101,
          "dco": 1207,
          "txt": "and"
        },
        {
          "si": 23,
          "sti": 20,
          "dti": 248,
          "sco": 105,
          "dco": 1211,
          "txt": "the"
        },
        {
          "si": 23,
          "sti": 21,
          "dti": 249,
          "sco": 109,
          "dco": 1215,
          "txt": "First"
        },
        {
          "si": 23,
          "sti": 22,
          "dti": 250,
          "sco": 115,
          "dco": 1221,
          "txt": "World"
        },
        {
          "si": 23,
          "sti": 23,
          "dti": 251,
          "sco": 121,
          "dco": 1227,
          "txt": "War"
        },
        {
          "si": 23,
          "sti": 24,
          "dti": 252,
          "sco": 125,
          "dco": 1231,
          "txt": "Memorial"
        },
        {
          "si": 23,
          "sti": 25,
          "dti": 253,
          "sco": 134,
          "dco": 1240,
          "txt": "Cross"
        },
        {
          "si": 23,
          "sti": 26,
          "dti": 254,
          "sco": 139,
          "dco": 1245,
          "txt": "."
        },
        {
          "si": 24,
          "sti": 0,
          "dti": 255,
          "sco": 0,
          "dco": 1247,
          "txt": "Architecture"
        },
        {
          "si": 24,
          "sti": 1,
          "dti": 256,
          "sco": 12,
          "dco": 1259,
          "txt": "."
        },
        {
          "si": 25,
          "sti": 0,
          "dti": 257,
          "sco": 0,
          "dco": 1261,
          "txt": "New"
        },
        {
          "si": 25,
          "sti": 1,
          "dti": 258,
          "sco": 4,
          "dco": 1265,
          "txt": "York"
        },
        {
          "si": 25,
          "sti": 2,
          "dti": 259,
          "sco": 9,
          "dco": 1270,
          "txt": "City"
        },
        {
          "si": 25,
          "sti": 3,
          "dti": 260,
          "sco": 14,
          "dco": 1275,
          "txt": "architect"
        },
        {
          "si": 25,
          "sti": 4,
          "dti": 261,
          "sco": 24,
          "dco": 1285,
          "txt": "William"
        },
        {
          "si": 25,
          "sti": 5,
          "dti": 262,
          "sco": 32,
          "dco": 1293,
          "txt": "Halsey"
        },
        {
          "si": 25,
          "sti": 6,
          "dti": 263,
          "sco": 39,
          "dco": 1300,
          "txt": "Wood"
        },
        {
          "si": 25,
          "sti": 7,
          "dti": 264,
          "sco": 44,
          "dco": 1305,
          "txt": "designed"
        },
        {
          "si": 25,
          "sti": 8,
          "dti": 265,
          "sco": 53,
          "dco": 1314,
          "txt": "St"
        },
        {
          "si": 25,
          "sti": 9,
          "dti": 266,
          "sco": 55,
          "dco": 1316,
          "txt": "."
        },
        {
          "si": 26,
          "sti": 0,
          "dti": 267,
          "sco": 0,
          "dco": 1318,
          "txt": "Matthew"
        },
        {
          "si": 26,
          "sti": 1,
          "dti": 268,
          "sco": 7,
          "dco": 1325,
          "txt": "'"
        },
        {
          "si": 26,
          "sti": 2,
          "dti": 269,
          "sco": 8,
          "dco": 1326,
          "txt": "s"
        },
        {
          "si": 26,
          "sti": 3,
          "dti": 270,
          "sco": 10,
          "dco": 1328,
          "txt": "Cathedral"
        },
        {
          "si": 26,
          "sti": 4,
          "dti": 271,
          "sco": 20,
          "dco": 1338,
          "txt": "in"
        },
        {
          "si": 26,
          "sti": 5,
          "dti": 272,
          "sco": 23,
          "dco": 1341,
          "txt": "the"
        },
        {
          "si": 26,
          "sti": 6,
          "dti": 273,
          "sco": 27,
          "dco": 1345,
          "txt": "Gothic"
        },
        {
          "si": 26,
          "sti": 7,
          "dti": 274,
          "sco": 34,
          "dco": 1352,
          "txt": "Revival"
        },
        {
          "si": 26,
          "sti": 8,
          "dti": 275,
          "sco": 42,
          "dco": 1360,
          "txt": "style"
        },
        {
          "si": 26,
          "sti": 9,
          "dti": 276,
          "sco": 47,
          "dco": 1365,
          "txt": "."
        },
        {
          "si": 27,
          "sti": 0,
          "dti": 277,
          "sco": 0,
          "dco": 1367,
          "txt": "The"
        },
        {
          "si": 27,
          "sti": 1,
          "dti": 278,
          "sco": 4,
          "dco": 1371,
          "txt": "structure"
        },
        {
          "si": 27,
          "sti": 2,
          "dti": 279,
          "sco": 14,
          "dco": 1381,
          "txt": "is"
        },
        {
          "si": 27,
          "sti": 3,
          "dti": 280,
          "sco": 17,
          "dco": 1384,
          "txt": "build"
        },
        {
          "si": 27,
          "sti": 4,
          "dti": 281,
          "sco": 23,
          "dco": 1390,
          "txt": "of"
        },
        {
          "si": 27,
          "sti": 5,
          "dti": 282,
          "sco": 26,
          "dco": 1393,
          "txt": "native"
        },
        {
          "si": 27,
          "sti": 6,
          "dti": 283,
          "sco": 33,
          "dco": 1400,
          "txt": "sandstone"
        },
        {
          "si": 27,
          "sti": 7,
          "dti": 284,
          "sco": 43,
          "dco": 1410,
          "txt": "that"
        },
        {
          "si": 27,
          "sti": 8,
          "dti": 285,
          "sco": 48,
          "dco": 1415,
          "txt": "was"
        },
        {
          "si": 27,
          "sti": 9,
          "dti": 286,
          "sco": 52,
          "dco": 1419,
          "txt": "quarried"
        },
        {
          "si": 27,
          "sti": 10,
          "dti": 287,
          "sco": 61,
          "dco": 1428,
          "txt": "nine"
        },
        {
          "si": 27,
          "sti": 11,
          "dti": 288,
          "sco": 66,
          "dco": 1433,
          "txt": "miles"
        },
        {
          "si": 27,
          "sti": 12,
          "dti": 289,
          "sco": 72,
          "dco": 1439,
          "txt": "northeast"
        },
        {
          "si": 27,
          "sti": 13,
          "dti": 290,
          "sco": 82,
          "dco": 1449,
          "txt": "of"
        },
        {
          "si": 27,
          "sti": 14,
          "dti": 291,
          "sco": 85,
          "dco": 1452,
          "txt": "Laramie"
        },
        {
          "si": 27,
          "sti": 15,
          "dti": 292,
          "sco": 92,
          "dco": 1459,
          "txt": "."
        },
        {
          "si": 28,
          "sti": 0,
          "dti": 293,
          "sco": 0,
          "dco": 1461,
          "txt": "The"
        },
        {
          "si": 28,
          "sti": 1,
          "dti": 294,
          "sco": 4,
          "dco": 1465,
          "txt": "church"
        },
        {
          "si": 28,
          "sti": 2,
          "dti": 295,
          "sco": 11,
          "dco": 1472,
          "txt": "building"
        },
        {
          "si": 28,
          "sti": 3,
          "dti": 296,
          "sco": 20,
          "dco": 1481,
          "txt": "is"
        },
        {
          "si": 28,
          "sti": 4,
          "dti": 297,
          "sco": 23,
          "dco": 1484,
          "txt": "cruciform"
        },
        {
          "si": 28,
          "sti": 5,
          "dti": 298,
          "sco": 33,
          "dco": 1494,
          "txt": "is"
        },
        {
          "si": 28,
          "sti": 6,
          "dti": 299,
          "sco": 36,
          "dco": 1497,
          "txt": "shape"
        },
        {
          "si": 28,
          "sti": 7,
          "dti": 300,
          "sco": 42,
          "dco": 1503,
          "txt": "with"
        },
        {
          "si": 28,
          "sti": 8,
          "dti": 301,
          "sco": 47,
          "dco": 1508,
          "txt": "the"
        },
        {
          "si": 28,
          "sti": 9,
          "dti": 302,
          "sco": 51,
          "dco": 1512,
          "txt": "bell"
        },
        {
          "si": 28,
          "sti": 10,
          "dti": 303,
          "sco": 56,
          "dco": 1517,
          "txt": "tower"
        },
        {
          "si": 28,
          "sti": 11,
          "dti": 304,
          "sco": 62,
          "dco": 1523,
          "txt": "and"
        },
        {
          "si": 28,
          "sti": 12,
          "dti": 305,
          "sco": 66,
          "dco": 1527,
          "txt": "spire"
        },
        {
          "si": 28,
          "sti": 13,
          "dti": 306,
          "sco": 72,
          "dco": 1533,
          "txt": "above"
        },
        {
          "si": 28,
          "sti": 14,
          "dti": 307,
          "sco": 78,
          "dco": 1539,
          "txt": "the"
        },
        {
          "si": 28,
          "sti": 15,
          "dti": 308,
          "sco": 82,
          "dco": 1543,
          "txt": "main"
        },
        {
          "si": 28,
          "sti": 16,
          "dti": 309,
          "sco": 87,
          "dco": 1548,
          "txt": "entrance"
        },
        {
          "si": 28,
          "sti": 17,
          "dti": 310,
          "sco": 95,
          "dco": 1556,
          "txt": "."
        },
        {
          "si": 29,
          "sti": 0,
          "dti": 311,
          "sco": 0,
          "dco": 1558,
          "txt": "The"
        },
        {
          "si": 29,
          "sti": 1,
          "dti": 312,
          "sco": 4,
          "dco": 1562,
          "txt": "cross"
        },
        {
          "si": 29,
          "sti": 2,
          "dti": 313,
          "sco": 10,
          "dco": 1568,
          "txt": "at"
        },
        {
          "si": 29,
          "sti": 3,
          "dti": 314,
          "sco": 13,
          "dco": 1571,
          "txt": "the"
        },
        {
          "si": 29,
          "sti": 4,
          "dti": 315,
          "sco": 17,
          "dco": 1575,
          "txt": "top"
        },
        {
          "si": 29,
          "sti": 5,
          "dti": 316,
          "sco": 21,
          "dco": 1579,
          "txt": "of"
        },
        {
          "si": 29,
          "sti": 6,
          "dti": 317,
          "sco": 24,
          "dco": 1582,
          "txt": "the"
        },
        {
          "si": 29,
          "sti": 7,
          "dti": 318,
          "sco": 28,
          "dco": 1586,
          "txt": "spire"
        },
        {
          "si": 29,
          "sti": 8,
          "dti": 319,
          "sco": 34,
          "dco": 1592,
          "txt": "is"
        },
        {
          "si": 29,
          "sti": 9,
          "dti": 320,
          "sco": 37,
          "dco": 1595,
          "txt": "feet"
        },
        {
          "si": 29,
          "sti": 10,
          "dti": 321,
          "sco": 42,
          "dco": 1600,
          "txt": "above"
        },
        {
          "si": 29,
          "sti": 11,
          "dti": 322,
          "sco": 48,
          "dco": 1606,
          "txt": "the"
        },
        {
          "si": 29,
          "sti": 12,
          "dti": 323,
          "sco": 52,
          "dco": 1610,
          "txt": "ground"
        },
        {
          "si": 29,
          "sti": 13,
          "dti": 324,
          "sco": 59,
          "dco": 1617,
          "txt": "and"
        },
        {
          "si": 29,
          "sti": 14,
          "dti": 325,
          "sco": 63,
          "dco": 1621,
          "txt": "feet"
        },
        {
          "si": 29,
          "sti": 15,
          "dti": 326,
          "sco": 68,
          "dco": 1626,
          "txt": "above"
        },
        {
          "si": 29,
          "sti": 16,
          "dti": 327,
          "sco": 74,
          "dco": 1632,
          "txt": "sea"
        },
        {
          "si": 29,
          "sti": 17,
          "dti": 328,
          "sco": 78,
          "dco": 1636,
          "txt": "level"
        },
        {
          "si": 29,
          "sti": 18,
          "dti": 329,
          "sco": 83,
          "dco": 1641,
          "txt": ","
        },
        {
          "si": 29,
          "sti": 19,
          "dti": 330,
          "sco": 85,
          "dco": 1643,
          "txt": "which"
        },
        {
          "si": 29,
          "sti": 20,
          "dti": 331,
          "sco": 91,
          "dco": 1649,
          "txt": "makes"
        },
        {
          "si": 29,
          "sti": 21,
          "dti": 332,
          "sco": 97,
          "dco": 1655,
          "txt": "St"
        },
        {
          "si": 29,
          "sti": 22,
          "dti": 333,
          "sco": 99,
          "dco": 1657,
          "txt": "."
        },
        {
          "si": 30,
          "sti": 0,
          "dti": 334,
          "sco": 0,
          "dco": 1659,
          "txt": "Matthew"
        },
        {
          "si": 30,
          "sti": 1,
          "dti": 335,
          "sco": 7,
          "dco": 1666,
          "txt": "'"
        },
        {
          "si": 30,
          "sti": 2,
          "dti": 336,
          "sco": 8,
          "dco": 1667,
          "txt": "s"
        },
        {
          "si": 30,
          "sti": 3,
          "dti": 337,
          "sco": 10,
          "dco": 1669,
          "txt": "the"
        },
        {
          "si": 30,
          "sti": 4,
          "dti": 338,
          "sco": 14,
          "dco": 1673,
          "txt": "highest"
        },
        {
          "si": 30,
          "sti": 5,
          "dti": 339,
          "sco": 22,
          "dco": 1681,
          "txt": "cathedral"
        },
        {
          "si": 30,
          "sti": 6,
          "dti": 340,
          "sco": 32,
          "dco": 1691,
          "txt": "in"
        },
        {
          "si": 30,
          "sti": 7,
          "dti": 341,
          "sco": 35,
          "dco": 1694,
          "txt": "the"
        },
        {
          "si": 30,
          "sti": 8,
          "dti": 342,
          "sco": 39,
          "dco": 1698,
          "txt": "United"
        },
        {
          "si": 30,
          "sti": 9,
          "dti": 343,
          "sco": 46,
          "dco": 1705,
          "txt": "States"
        },
        {
          "si": 30,
          "sti": 10,
          "dti": 344,
          "sco": 52,
          "dco": 1711,
          "txt": "."
        },
        {
          "si": 31,
          "sti": 0,
          "dti": 345,
          "sco": 0,
          "dco": 1713,
          "txt": "There"
        },
        {
          "si": 31,
          "sti": 1,
          "dti": 346,
          "sco": 6,
          "dco": 1719,
          "txt": "are"
        },
        {
          "si": 31,
          "sti": 2,
          "dti": 347,
          "sco": 10,
          "dco": 1723,
          "txt": "11"
        },
        {
          "si": 31,
          "sti": 3,
          "dti": 348,
          "sco": 13,
          "dco": 1726,
          "txt": "bells"
        },
        {
          "si": 31,
          "sti": 4,
          "dti": 349,
          "sco": 19,
          "dco": 1732,
          "txt": "in"
        },
        {
          "si": 31,
          "sti": 5,
          "dti": 350,
          "sco": 22,
          "dco": 1735,
          "txt": "the"
        },
        {
          "si": 31,
          "sti": 6,
          "dti": 351,
          "sco": 26,
          "dco": 1739,
          "txt": "tower"
        },
        {
          "si": 31,
          "sti": 7,
          "dti": 352,
          "sco": 32,
          "dco": 1745,
          "txt": "that"
        },
        {
          "si": 31,
          "sti": 8,
          "dti": 353,
          "sco": 37,
          "dco": 1750,
          "txt": "were"
        },
        {
          "si": 31,
          "sti": 9,
          "dti": 354,
          "sco": 42,
          "dco": 1755,
          "txt": "cast"
        },
        {
          "si": 31,
          "sti": 10,
          "dti": 355,
          "sco": 47,
          "dco": 1760,
          "txt": "by"
        },
        {
          "si": 31,
          "sti": 11,
          "dti": 356,
          "sco": 50,
          "dco": 1763,
          "txt": "Meneely"
        },
        {
          "si": 31,
          "sti": 12,
          "dti": 357,
          "sco": 58,
          "dco": 1771,
          "txt": "&"
        },
        {
          "si": 31,
          "sti": 13,
          "dti": 358,
          "sco": 60,
          "dco": 1773,
          "txt": "Co"
        },
        {
          "si": 31,
          "sti": 14,
          "dti": 359,
          "sco": 62,
          "dco": 1775,
          "txt": "."
        },
        {
          "si": 31,
          "sti": 15,
          "dti": 360,
          "sco": 63,
          "dco": 1776,
          "txt": ","
        },
        {
          "si": 31,
          "sti": 16,
          "dti": 361,
          "sco": 65,
          "dco": 1778,
          "txt": "of"
        },
        {
          "si": 31,
          "sti": 17,
          "dti": 362,
          "sco": 68,
          "dco": 1781,
          "txt": "Watervliet"
        },
        {
          "si": 31,
          "sti": 18,
          "dti": 363,
          "sco": 78,
          "dco": 1791,
          "txt": ","
        },
        {
          "si": 31,
          "sti": 19,
          "dti": 364,
          "sco": 80,
          "dco": 1793,
          "txt": "New"
        },
        {
          "si": 31,
          "sti": 20,
          "dti": 365,
          "sco": 84,
          "dco": 1797,
          "txt": "York"
        },
        {
          "si": 31,
          "sti": 21,
          "dti": 366,
          "sco": 88,
          "dco": 1801,
          "txt": "."
        },
        {
          "si": 32,
          "sti": 0,
          "dti": 367,
          "sco": 0,
          "dco": 1803,
          "txt": "The"
        },
        {
          "si": 32,
          "sti": 1,
          "dti": 368,
          "sco": 4,
          "dco": 1807,
          "txt": "clock"
        },
        {
          "si": 32,
          "sti": 2,
          "dti": 369,
          "sco": 10,
          "dco": 1813,
          "txt": "on"
        },
        {
          "si": 32,
          "sti": 3,
          "dti": 370,
          "sco": 13,
          "dco": 1816,
          "txt": "the"
        },
        {
          "si": 32,
          "sti": 4,
          "dti": 371,
          "sco": 17,
          "dco": 1820,
          "txt": "tower"
        },
        {
          "si": 32,
          "sti": 5,
          "dti": 372,
          "sco": 23,
          "dco": 1826,
          "txt": "was"
        },
        {
          "si": 32,
          "sti": 6,
          "dti": 373,
          "sco": 27,
          "dco": 1830,
          "txt": "made"
        },
        {
          "si": 32,
          "sti": 7,
          "dti": 374,
          "sco": 32,
          "dco": 1835,
          "txt": "by"
        },
        {
          "si": 32,
          "sti": 8,
          "dti": 375,
          "sco": 35,
          "dco": 1838,
          "txt": "the"
        },
        {
          "si": 32,
          "sti": 9,
          "dti": 376,
          "sco": 39,
          "dco": 1842,
          "txt": "E"
        },
        {
          "si": 32,
          "sti": 10,
          "dti": 377,
          "sco": 40,
          "dco": 1843,
          "txt": "."
        },
        {
          "si": 33,
          "sti": 0,
          "dti": 378,
          "sco": 0,
          "dco": 1845,
          "txt": "Howard"
        },
        {
          "si": 33,
          "sti": 1,
          "dti": 379,
          "sco": 7,
          "dco": 1852,
          "txt": "Clock"
        },
        {
          "si": 33,
          "sti": 2,
          "dti": 380,
          "sco": 13,
          "dco": 1858,
          "txt": "Co"
        },
        {
          "si": 33,
          "sti": 3,
          "dti": 381,
          "sco": 15,
          "dco": 1860,
          "txt": "."
        },
        {
          "si": 33,
          "sti": 4,
          "dti": 382,
          "sco": 17,
          "dco": 1862,
          "txt": "of"
        },
        {
          "si": 33,
          "sti": 5,
          "dti": 383,
          "sco": 20,
          "dco": 1865,
          "txt": "Boston"
        },
        {
          "si": 33,
          "sti": 6,
          "dti": 384,
          "sco": 26,
          "dco": 1871,
          "txt": "."
        },
        {
          "si": 34,
          "sti": 0,
          "dti": 385,
          "sco": 0,
          "dco": 1873,
          "txt": "Several"
        },
        {
          "si": 34,
          "sti": 1,
          "dti": 386,
          "sco": 8,
          "dco": 1881,
          "txt": "artists"
        },
        {
          "si": 34,
          "sti": 2,
          "dti": 387,
          "sco": 16,
          "dco": 1889,
          "txt": "created"
        },
        {
          "si": 34,
          "sti": 3,
          "dti": 388,
          "sco": 24,
          "dco": 1897,
          "txt": "the"
        },
        {
          "si": 34,
          "sti": 4,
          "dti": 389,
          "sco": 28,
          "dco": 1901,
          "txt": "cathedrals"
        },
        {
          "si": 34,
          "sti": 5,
          "dti": 390,
          "sco": 39,
          "dco": 1912,
          "txt": "stained"
        },
        {
          "si": 34,
          "sti": 6,
          "dti": 391,
          "sco": 47,
          "dco": 1920,
          "txt": "glass"
        },
        {
          "si": 34,
          "sti": 7,
          "dti": 392,
          "sco": 53,
          "dco": 1926,
          "txt": "windows"
        },
        {
          "si": 34,
          "sti": 8,
          "dti": 393,
          "sco": 60,
          "dco": 1933,
          "txt": "."
        },
        {
          "si": 35,
          "sti": 0,
          "dti": 394,
          "sco": 0,
          "dco": 1935,
          "txt": "They"
        },
        {
          "si": 35,
          "sti": 1,
          "dti": 395,
          "sco": 5,
          "dco": 1940,
          "txt": "include"
        },
        {
          "si": 35,
          "sti": 2,
          "dti": 396,
          "sco": 13,
          "dco": 1948,
          "txt": "Heaton"
        },
        {
          "si": 35,
          "sti": 3,
          "dti": 397,
          "sco": 19,
          "dco": 1954,
          "txt": ","
        },
        {
          "si": 35,
          "sti": 4,
          "dti": 398,
          "sco": 21,
          "dco": 1956,
          "txt": "Butler"
        },
        {
          "si": 35,
          "sti": 5,
          "dti": 399,
          "sco": 28,
          "dco": 1963,
          "txt": "and"
        },
        {
          "si": 35,
          "sti": 6,
          "dti": 400,
          "sco": 32,
          "dco": 1967,
          "txt": "Bayne"
        },
        {
          "si": 35,
          "sti": 7,
          "dti": 401,
          "sco": 38,
          "dco": 1973,
          "txt": "of"
        },
        {
          "si": 35,
          "sti": 8,
          "dti": 402,
          "sco": 41,
          "dco": 1976,
          "txt": "London"
        },
        {
          "si": 35,
          "sti": 9,
          "dti": 403,
          "sco": 48,
          "dco": 1983,
          "txt": "and"
        },
        {
          "si": 35,
          "sti": 10,
          "dti": 404,
          "sco": 52,
          "dco": 1987,
          "txt": "New"
        },
        {
          "si": 35,
          "sti": 11,
          "dti": 405,
          "sco": 56,
          "dco": 1991,
          "txt": "York"
        },
        {
          "si": 35,
          "sti": 12,
          "dti": 406,
          "sco": 61,
          "dco": 1996,
          "txt": "City"
        },
        {
          "si": 35,
          "sti": 13,
          "dti": 407,
          "sco": 65,
          "dco": 2000,
          "txt": ","
        },
        {
          "si": 35,
          "sti": 14,
          "dti": 408,
          "sco": 67,
          "dco": 2002,
          "txt": "Charles"
        },
        {
          "si": 35,
          "sti": 15,
          "dti": 409,
          "sco": 75,
          "dco": 2010,
          "txt": "Connick"
        },
        {
          "si": 35,
          "sti": 16,
          "dti": 410,
          "sco": 83,
          "dco": 2018,
          "txt": "of"
        },
        {
          "si": 35,
          "sti": 17,
          "dti": 411,
          "sco": 86,
          "dco": 2021,
          "txt": "Boston"
        },
        {
          "si": 35,
          "sti": 18,
          "dti": 412,
          "sco": 92,
          "dco": 2027,
          "txt": ","
        },
        {
          "si": 35,
          "sti": 19,
          "dti": 413,
          "sco": 94,
          "dco": 2029,
          "txt": "and"
        },
        {
          "si": 35,
          "sti": 20,
          "dti": 414,
          "sco": 98,
          "dco": 2033,
          "txt": "Rowan"
        },
        {
          "si": 35,
          "sti": 21,
          "dti": 415,
          "sco": 104,
          "dco": 2039,
          "txt": "and"
        },
        {
          "si": 35,
          "sti": 22,
          "dti": 416,
          "sco": 108,
          "dco": 2043,
          "txt": "Irene"
        },
        {
          "si": 35,
          "sti": 23,
          "dti": 417,
          "sco": 114,
          "dco": 2049,
          "txt": "LeCompte"
        },
        {
          "si": 35,
          "sti": 24,
          "dti": 418,
          "sco": 123,
          "dco": 2058,
          "txt": "of"
        },
        {
          "si": 35,
          "sti": 25,
          "dti": 419,
          "sco": 126,
          "dco": 2061,
          "txt": "New"
        },
        {
          "si": 35,
          "sti": 26,
          "dti": 420,
          "sco": 130,
          "dco": 2065,
          "txt": "York"
        },
        {
          "si": 35,
          "sti": 27,
          "dti": 421,
          "sco": 135,
          "dco": 2070,
          "txt": "and"
        },
        {
          "si": 35,
          "sti": 28,
          "dti": 422,
          "sco": 139,
          "dco": 2074,
          "txt": "Washington"
        },
        {
          "si": 35,
          "sti": 29,
          "dti": 423,
          "sco": 149,
          "dco": 2084,
          "txt": ","
        },
        {
          "si": 35,
          "sti": 30,
          "dti": 424,
          "sco": 151,
          "dco": 2086,
          "txt": "D"
        },
        {
          "si": 35,
          "sti": 31,
          "dti": 425,
          "sco": 152,
          "dco": 2087,
          "txt": "."
        },
        {
          "si": 35,
          "sti": 32,
          "dti": 426,
          "sco": 153,
          "dco": 2088,
          "txt": "C"
        },
        {
          "si": 35,
          "sti": 33,
          "dti": 427,
          "sco": 154,
          "dco": 2089,
          "txt": "."
        },
        {
          "si": 36,
          "sti": 0,
          "dti": 428,
          "sco": 0,
          "dco": 2091,
          "txt": "Organ"
        },
        {
          "si": 36,
          "sti": 1,
          "dti": 429,
          "sco": 5,
          "dco": 2096,
          "txt": "."
        },
        {
          "si": 37,
          "sti": 0,
          "dti": 430,
          "sco": 0,
          "dco": 2098,
          "txt": "The"
        },
        {
          "si": 37,
          "sti": 1,
          "dti": 431,
          "sco": 4,
          "dco": 2102,
          "txt": "pipe"
        },
        {
          "si": 37,
          "sti": 2,
          "dti": 432,
          "sco": 9,
          "dco": 2107,
          "txt": "organ"
        },
        {
          "si": 37,
          "sti": 3,
          "dti": 433,
          "sco": 15,
          "dco": 2113,
          "txt": "was"
        },
        {
          "si": 37,
          "sti": 4,
          "dti": 434,
          "sco": 19,
          "dco": 2117,
          "txt": "installed"
        },
        {
          "si": 37,
          "sti": 5,
          "dti": 435,
          "sco": 29,
          "dco": 2127,
          "txt": "by"
        },
        {
          "si": 37,
          "sti": 6,
          "dti": 436,
          "sco": 32,
          "dco": 2130,
          "txt": "the"
        },
        {
          "si": 37,
          "sti": 7,
          "dti": 437,
          "sco": 36,
          "dco": 2134,
          "txt": "E"
        },
        {
          "si": 37,
          "sti": 8,
          "dti": 438,
          "sco": 37,
          "dco": 2135,
          "txt": "."
        },
        {
          "si": 37,
          "sti": 9,
          "dti": 439,
          "sco": 38,
          "dco": 2136,
          "txt": "M"
        },
        {
          "si": 37,
          "sti": 10,
          "dti": 440,
          "sco": 39,
          "dco": 2137,
          "txt": "."
        },
        {
          "si": 38,
          "sti": 0,
          "dti": 441,
          "sco": 0,
          "dco": 2139,
          "txt": "Skinner"
        },
        {
          "si": 38,
          "sti": 1,
          "dti": 442,
          "sco": 8,
          "dco": 2147,
          "txt": "Organ"
        },
        {
          "si": 38,
          "sti": 2,
          "dti": 443,
          "sco": 14,
          "dco": 2153,
          "txt": "Co"
        },
        {
          "si": 38,
          "sti": 3,
          "dti": 444,
          "sco": 16,
          "dco": 2155,
          "txt": "."
        },
        {
          "si": 38,
          "sti": 4,
          "dti": 445,
          "sco": 18,
          "dco": 2157,
          "txt": "in"
        },
        {
          "si": 38,
          "sti": 5,
          "dti": 446,
          "sco": 21,
          "dco": 2160,
          "txt": "1925"
        },
        {
          "si": 38,
          "sti": 6,
          "dti": 447,
          "sco": 25,
          "dco": 2164,
          "txt": ","
        },
        {
          "si": 38,
          "sti": 7,
          "dti": 448,
          "sco": 27,
          "dco": 2166,
          "txt": "Opus"
        },
        {
          "si": 38,
          "sti": 8,
          "dti": 449,
          "sco": 32,
          "dco": 2171,
          "txt": "523"
        },
        {
          "si": 38,
          "sti": 9,
          "dti": 450,
          "sco": 35,
          "dco": 2174,
          "txt": "."
        },
        {
          "si": 39,
          "sti": 0,
          "dti": 451,
          "sco": 0,
          "dco": 2176,
          "txt": "It"
        },
        {
          "si": 39,
          "sti": 1,
          "dti": 452,
          "sco": 3,
          "dco": 2179,
          "txt": "features"
        },
        {
          "si": 39,
          "sti": 2,
          "dti": 453,
          "sco": 12,
          "dco": 2188,
          "txt": "four"
        },
        {
          "si": 39,
          "sti": 3,
          "dti": 454,
          "sco": 17,
          "dco": 2193,
          "txt": "manuals"
        },
        {
          "si": 39,
          "sti": 4,
          "dti": 455,
          "sco": 24,
          "dco": 2200,
          "txt": ","
        },
        {
          "si": 39,
          "sti": 5,
          "dti": 456,
          "sco": 26,
          "dco": 2202,
          "txt": "51"
        },
        {
          "si": 39,
          "sti": 6,
          "dti": 457,
          "sco": 29,
          "dco": 2205,
          "txt": "ranks"
        },
        {
          "si": 39,
          "sti": 7,
          "dti": 458,
          "sco": 34,
          "dco": 2210,
          "txt": ","
        },
        {
          "si": 39,
          "sti": 8,
          "dti": 459,
          "sco": 36,
          "dco": 2212,
          "txt": "and"
        },
        {
          "si": 39,
          "sti": 9,
          "dti": 460,
          "sco": 40,
          "dco": 2216,
          "txt": "3"
        },
        {
          "si": 39,
          "sti": 10,
          "dti": 461,
          "sco": 41,
          "dco": 2217,
          "txt": ","
        },
        {
          "si": 39,
          "sti": 11,
          "dti": 462,
          "sco": 42,
          "dco": 2218,
          "txt": "111"
        },
        {
          "si": 39,
          "sti": 12,
          "dti": 463,
          "sco": 46,
          "dco": 2222,
          "txt": "pipes"
        },
        {
          "si": 39,
          "sti": 13,
          "dti": 464,
          "sco": 51,
          "dco": 2227,
          "txt": "."
        },
        {
          "si": 40,
          "sti": 0,
          "dti": 465,
          "sco": 0,
          "dco": 2229,
          "txt": "The"
        },
        {
          "si": 40,
          "sti": 1,
          "dti": 466,
          "sco": 4,
          "dco": 2233,
          "txt": "console"
        },
        {
          "si": 40,
          "sti": 2,
          "dti": 467,
          "sco": 12,
          "dco": 2241,
          "txt": "was"
        },
        {
          "si": 40,
          "sti": 3,
          "dti": 468,
          "sco": 16,
          "dco": 2245,
          "txt": "replaced"
        },
        {
          "si": 40,
          "sti": 4,
          "dti": 469,
          "sco": 25,
          "dco": 2254,
          "txt": "in"
        },
        {
          "si": 40,
          "sti": 5,
          "dti": 470,
          "sco": 28,
          "dco": 2257,
          "txt": "1998"
        },
        {
          "si": 40,
          "sti": 6,
          "dti": 471,
          "sco": 33,
          "dco": 2262,
          "txt": "by"
        },
        {
          "si": 40,
          "sti": 7,
          "dti": 472,
          "sco": 36,
          "dco": 2265,
          "txt": "a"
        },
        {
          "si": 40,
          "sti": 8,
          "dti": 473,
          "sco": 38,
          "dco": 2267,
          "txt": "1928"
        },
        {
          "si": 40,
          "sti": 9,
          "dti": 474,
          "sco": 43,
          "dco": 2272,
          "txt": "Casavant"
        },
        {
          "si": 40,
          "sti": 10,
          "dti": 475,
          "sco": 52,
          "dco": 2281,
          "txt": "console"
        },
        {
          "si": 40,
          "sti": 11,
          "dti": 476,
          "sco": 59,
          "dco": 2288,
          "txt": ","
        },
        {
          "si": 40,
          "sti": 12,
          "dti": 477,
          "sco": 61,
          "dco": 2290,
          "txt": "from"
        },
        {
          "si": 40,
          "sti": 13,
          "dti": 478,
          "sco": 66,
          "dco": 2295,
          "txt": "Opus"
        },
        {
          "si": 40,
          "sti": 14,
          "dti": 479,
          "sco": 71,
          "dco": 2300,
          "txt": "1275"
        },
        {
          "si": 40,
          "sti": 15,
          "dti": 480,
          "sco": 75,
          "dco": 2304,
          "txt": ","
        },
        {
          "si": 40,
          "sti": 16,
          "dti": 481,
          "sco": 77,
          "dco": 2306,
          "txt": "rebuilt"
        },
        {
          "si": 40,
          "sti": 17,
          "dti": 482,
          "sco": 85,
          "dco": 2314,
          "txt": "by"
        },
        {
          "si": 40,
          "sti": 18,
          "dti": 483,
          "sco": 88,
          "dco": 2317,
          "txt": "Morel"
        },
        {
          "si": 40,
          "sti": 19,
          "dti": 484,
          "sco": 94,
          "dco": 2323,
          "txt": "&"
        },
        {
          "si": 40,
          "sti": 20,
          "dti": 485,
          "sco": 96,
          "dco": 2325,
          "txt": "Associates"
        },
        {
          "si": 40,
          "sti": 21,
          "dti": 486,
          "sco": 106,
          "dco": 2335,
          "txt": "."
        }
      ]
    },
    "ganns": {
      "dla": [],
      "la": [],
      "ea": [],
      "eta": [
        {
          "ra": {
            "ea": {
              "etn": "St._Matthew's_Cathedral_(Laramie,_Wyoming)"
            }
          },
          "sfs": [
            [
              {
                "stn": "openingYear"
              },
              {}
            ]
          ],
          "mfs": [
            [
              {
                "stn": "architect"
              },
              {
                "dla": [],
                "la": [],
                "ea": [
                  {
                    "etn": "William_Halsey_Wood"
                  }
                ],
                "eta": []
              }
            ],
            [
              {
                "stn": "yearOfConstruction"
              },
              {
                "dla": [
                  {
                    "txt": {
                      "sff": "1892"
                    },
                    "et": {
                      "etn": "Year"
                    },
                    "dp": {
                      "off": 581
                    }
                  }
                ],
                "la": [],
                "ea": [],
                "eta": []
              }
            ],
            [
              {
                "stn": "architecturalStyle"
              },
              {
                "dla": [],
                "la": [],
                "ea": [
                  {
                    "etn": "Gothic_Revival_architecture"
                  }
                ],
                "eta": []
              }
            ],
            [
              {
                "stn": "location"
              },
              {
                "dla": [],
                "la": [],
                "ea": [
                  {
                    "etn": "Laramie,_Wyoming"
                  }
                ],
                "eta": []
              }
            ]
          ]
        }
      ]
    }
  }
]
