[
  {
    "context": "TRAIN",
    "doc": {
      "id": "Third_Presbyterian_Church_(Springfield,_Ohio)",
      "tl": [
        {
          "si": 0,
          "sti": 0,
          "dti": 0,
          "sco": 0,
          "dco": 0,
          "txt": "Third"
        },
        {
          "si": 0,
          "sti": 1,
          "dti": 1,
          "sco": 6,
          "dco": 6,
          "txt": "Presbyterian"
        },
        {
          "si": 0,
          "sti": 2,
          "dti": 2,
          "sco": 19,
          "dco": 19,
          "txt": "Church"
        },
        {
          "si": 0,
          "sti": 3,
          "dti": 3,
          "sco": 26,
          "dco": 26,
          "txt": "("
        },
        {
          "si": 0,
          "sti": 4,
          "dti": 4,
          "sco": 27,
          "dco": 27,
          "txt": "Springfield"
        },
        {
          "si": 0,
          "sti": 5,
          "dti": 5,
          "sco": 38,
          "dco": 38,
          "txt": ","
        },
        {
          "si": 0,
          "sti": 6,
          "dti": 6,
          "sco": 40,
          "dco": 40,
          "txt": "Ohio"
        },
        {
          "si": 0,
          "sti": 7,
          "dti": 7,
          "sco": 44,
          "dco": 44,
          "txt": ")"
        },
        {
          "si": 0,
          "sti": 8,
          "dti": 8,
          "sco": 45,
          "dco": 45,
          "txt": "."
        },
        {
          "si": 1,
          "sti": 0,
          "dti": 9,
          "sco": 0,
          "dco": 47,
          "txt": "Third"
        },
        {
          "si": 1,
          "sti": 1,
          "dti": 10,
          "sco": 6,
          "dco": 53,
          "txt": "Presbyterian"
        },
        {
          "si": 1,
          "sti": 2,
          "dti": 11,
          "sco": 19,
          "dco": 66,
          "txt": "Church"
        },
        {
          "si": 1,
          "sti": 3,
          "dti": 12,
          "sco": 26,
          "dco": 73,
          "txt": "is"
        },
        {
          "si": 1,
          "sti": 4,
          "dti": 13,
          "sco": 29,
          "dco": 76,
          "txt": "a"
        },
        {
          "si": 1,
          "sti": 5,
          "dti": 14,
          "sco": 31,
          "dco": 78,
          "txt": "historic"
        },
        {
          "si": 1,
          "sti": 6,
          "dti": 15,
          "sco": 40,
          "dco": 87,
          "txt": "former"
        },
        {
          "si": 1,
          "sti": 7,
          "dti": 16,
          "sco": 47,
          "dco": 94,
          "txt": "Presbyterian"
        },
        {
          "si": 1,
          "sti": 8,
          "dti": 17,
          "sco": 60,
          "dco": 107,
          "txt": "church"
        },
        {
          "si": 1,
          "sti": 9,
          "dti": 18,
          "sco": 67,
          "dco": 114,
          "txt": "building"
        },
        {
          "si": 1,
          "sti": 10,
          "dti": 19,
          "sco": 76,
          "dco": 123,
          "txt": "in"
        },
        {
          "si": 1,
          "sti": 11,
          "dti": 20,
          "sco": 79,
          "dco": 126,
          "txt": "Springfield"
        },
        {
          "si": 1,
          "sti": 12,
          "dti": 21,
          "sco": 90,
          "dco": 137,
          "txt": ","
        },
        {
          "si": 1,
          "sti": 13,
          "dti": 22,
          "sco": 92,
          "dco": 139,
          "txt": "Ohio"
        },
        {
          "si": 1,
          "sti": 14,
          "dti": 23,
          "sco": 96,
          "dco": 143,
          "txt": ","
        },
        {
          "si": 1,
          "sti": 15,
          "dti": 24,
          "sco": 98,
          "dco": 145,
          "txt": "United"
        },
        {
          "si": 1,
          "sti": 16,
          "dti": 25,
          "sco": 105,
          "dco": 152,
          "txt": "States"
        },
        {
          "si": 1,
          "sti": 17,
          "dti": 26,
          "sco": 111,
          "dco": 158,
          "txt": "."
        },
        {
          "si": 2,
          "sti": 0,
          "dti": 27,
          "sco": 0,
          "dco": 160,
          "txt": "A"
        },
        {
          "si": 2,
          "sti": 1,
          "dti": 28,
          "sco": 2,
          "dco": 162,
          "txt": "Romanesque"
        },
        {
          "si": 2,
          "sti": 2,
          "dti": 29,
          "sco": 13,
          "dco": 173,
          "txt": "Revival"
        },
        {
          "si": 2,
          "sti": 3,
          "dti": 30,
          "sco": 21,
          "dco": 181,
          "txt": "building"
        },
        {
          "si": 2,
          "sti": 4,
          "dti": 31,
          "sco": 30,
          "dco": 190,
          "txt": "completed"
        },
        {
          "si": 2,
          "sti": 5,
          "dti": 32,
          "sco": 40,
          "dco": 200,
          "txt": "in"
        },
        {
          "si": 2,
          "sti": 6,
          "dti": 33,
          "sco": 43,
          "dco": 203,
          "txt": "1894"
        },
        {
          "si": 2,
          "sti": 7,
          "dti": 34,
          "sco": 48,
          "dco": 208,
          "txt": "along"
        },
        {
          "si": 2,
          "sti": 8,
          "dti": 35,
          "sco": 54,
          "dco": 214,
          "txt": "Limestone"
        },
        {
          "si": 2,
          "sti": 9,
          "dti": 36,
          "sco": 64,
          "dco": 224,
          "txt": "Street"
        },
        {
          "si": 2,
          "sti": 10,
          "dti": 37,
          "sco": 71,
          "dco": 231,
          "txt": "on"
        },
        {
          "si": 2,
          "sti": 11,
          "dti": 38,
          "sco": 74,
          "dco": 234,
          "txt": "the"
        },
        {
          "si": 2,
          "sti": 12,
          "dti": 39,
          "sco": 78,
          "dco": 238,
          "txt": "city"
        },
        {
          "si": 2,
          "sti": 13,
          "dti": 40,
          "sco": 82,
          "dco": 242,
          "txt": "'"
        },
        {
          "si": 2,
          "sti": 14,
          "dti": 41,
          "sco": 83,
          "dco": 243,
          "txt": "s"
        },
        {
          "si": 2,
          "sti": 15,
          "dti": 42,
          "sco": 85,
          "dco": 245,
          "txt": "northern"
        },
        {
          "si": 2,
          "sti": 16,
          "dti": 43,
          "sco": 94,
          "dco": 254,
          "txt": "side"
        },
        {
          "si": 2,
          "sti": 17,
          "dti": 44,
          "sco": 98,
          "dco": 258,
          "txt": ","
        },
        {
          "si": 2,
          "sti": 18,
          "dti": 45,
          "sco": 100,
          "dco": 260,
          "txt": "Third"
        },
        {
          "si": 2,
          "sti": 19,
          "dti": 46,
          "sco": 106,
          "dco": 266,
          "txt": "Presbyterian"
        },
        {
          "si": 2,
          "sti": 20,
          "dti": 47,
          "sco": 119,
          "dco": 279,
          "txt": "is"
        },
        {
          "si": 2,
          "sti": 21,
          "dti": 48,
          "sco": 122,
          "dco": 282,
          "txt": "one"
        },
        {
          "si": 2,
          "sti": 22,
          "dti": 49,
          "sco": 126,
          "dco": 286,
          "txt": "of"
        },
        {
          "si": 2,
          "sti": 23,
          "dti": 50,
          "sco": 129,
          "dco": 289,
          "txt": "the"
        },
        {
          "si": 2,
          "sti": 24,
          "dti": 51,
          "sco": 133,
          "dco": 293,
          "txt": "final"
        },
        {
          "si": 2,
          "sti": 25,
          "dti": 52,
          "sco": 139,
          "dco": 299,
          "txt": "buildings"
        },
        {
          "si": 2,
          "sti": 26,
          "dti": 53,
          "sco": 149,
          "dco": 309,
          "txt": "designed"
        },
        {
          "si": 2,
          "sti": 27,
          "dti": 54,
          "sco": 158,
          "dco": 318,
          "txt": "by"
        },
        {
          "si": 2,
          "sti": 28,
          "dti": 55,
          "sco": 161,
          "dco": 321,
          "txt": "prominent"
        },
        {
          "si": 2,
          "sti": 29,
          "dti": 56,
          "sco": 171,
          "dco": 331,
          "txt": "Springfield"
        },
        {
          "si": 2,
          "sti": 30,
          "dti": 57,
          "sco": 183,
          "dco": 343,
          "txt": "architect"
        },
        {
          "si": 2,
          "sti": 31,
          "dti": 58,
          "sco": 193,
          "dco": 353,
          "txt": "Charles"
        },
        {
          "si": 2,
          "sti": 32,
          "dti": 59,
          "sco": 201,
          "dco": 361,
          "txt": "A"
        },
        {
          "si": 2,
          "sti": 33,
          "dti": 60,
          "sco": 202,
          "dco": 362,
          "txt": "."
        },
        {
          "si": 3,
          "sti": 0,
          "dti": 61,
          "sco": 0,
          "dco": 364,
          "txt": "Cregar"
        },
        {
          "si": 3,
          "sti": 1,
          "dti": 62,
          "sco": 6,
          "dco": 370,
          "txt": "."
        },
        {
          "si": 4,
          "sti": 0,
          "dti": 63,
          "sco": 0,
          "dco": 372,
          "txt": "Congregational"
        },
        {
          "si": 4,
          "sti": 1,
          "dti": 64,
          "sco": 15,
          "dco": 387,
          "txt": "history"
        },
        {
          "si": 4,
          "sti": 2,
          "dti": 65,
          "sco": 22,
          "dco": 394,
          "txt": "."
        },
        {
          "si": 5,
          "sti": 0,
          "dti": 66,
          "sco": 0,
          "dco": 396,
          "txt": "Springfield"
        },
        {
          "si": 5,
          "sti": 1,
          "dti": 67,
          "sco": 11,
          "dco": 407,
          "txt": "'"
        },
        {
          "si": 5,
          "sti": 2,
          "dti": 68,
          "sco": 12,
          "dco": 408,
          "txt": "s"
        },
        {
          "si": 5,
          "sti": 3,
          "dti": 69,
          "sco": 14,
          "dco": 410,
          "txt": "first"
        },
        {
          "si": 5,
          "sti": 4,
          "dti": 70,
          "sco": 20,
          "dco": 416,
          "txt": "Presbyterian"
        },
        {
          "si": 5,
          "sti": 5,
          "dti": 71,
          "sco": 33,
          "dco": 429,
          "txt": "church"
        },
        {
          "si": 5,
          "sti": 6,
          "dti": 72,
          "sco": 40,
          "dco": 436,
          "txt": "was"
        },
        {
          "si": 5,
          "sti": 7,
          "dti": 73,
          "sco": 44,
          "dco": 440,
          "txt": "organized"
        },
        {
          "si": 5,
          "sti": 8,
          "dti": 74,
          "sco": 54,
          "dco": 450,
          "txt": "on"
        },
        {
          "si": 5,
          "sti": 9,
          "dti": 75,
          "sco": 57,
          "dco": 453,
          "txt": "July"
        },
        {
          "si": 5,
          "sti": 10,
          "dti": 76,
          "sco": 62,
          "dco": 458,
          "txt": "17"
        },
        {
          "si": 5,
          "sti": 11,
          "dti": 77,
          "sco": 64,
          "dco": 460,
          "txt": ","
        },
        {
          "si": 5,
          "sti": 12,
          "dti": 78,
          "sco": 66,
          "dco": 462,
          "txt": "1819"
        },
        {
          "si": 5,
          "sti": 13,
          "dti": 79,
          "sco": 70,
          "dco": 466,
          "txt": ","
        },
        {
          "si": 5,
          "sti": 14,
          "dti": 80,
          "sco": 72,
          "dco": 468,
          "txt": "and"
        },
        {
          "si": 5,
          "sti": 15,
          "dti": 81,
          "sco": 76,
          "dco": 472,
          "txt": "its"
        },
        {
          "si": 5,
          "sti": 16,
          "dti": 82,
          "sco": 80,
          "dco": 476,
          "txt": "second"
        },
        {
          "si": 5,
          "sti": 17,
          "dti": 83,
          "sco": 87,
          "dco": 483,
          "txt": "in"
        },
        {
          "si": 5,
          "sti": 18,
          "dti": 84,
          "sco": 90,
          "dco": 486,
          "txt": "1860"
        },
        {
          "si": 5,
          "sti": 19,
          "dti": 85,
          "sco": 94,
          "dco": 490,
          "txt": "."
        },
        {
          "si": 6,
          "sti": 0,
          "dti": 86,
          "sco": 0,
          "dco": 492,
          "txt": "Together"
        },
        {
          "si": 6,
          "sti": 1,
          "dti": 87,
          "sco": 8,
          "dco": 500,
          "txt": ","
        },
        {
          "si": 6,
          "sti": 2,
          "dti": 88,
          "sco": 10,
          "dco": 502,
          "txt": "the"
        },
        {
          "si": 6,
          "sti": 3,
          "dti": 89,
          "sco": 14,
          "dco": 506,
          "txt": "two"
        },
        {
          "si": 6,
          "sti": 4,
          "dti": 90,
          "sco": 18,
          "dco": 510,
          "txt": "churches"
        },
        {
          "si": 6,
          "sti": 5,
          "dti": 91,
          "sco": 27,
          "dco": 519,
          "txt": "operated"
        },
        {
          "si": 6,
          "sti": 6,
          "dti": 92,
          "sco": 36,
          "dco": 528,
          "txt": "a"
        },
        {
          "si": 6,
          "sti": 7,
          "dti": 93,
          "sco": 38,
          "dco": 530,
          "txt": "mission"
        },
        {
          "si": 6,
          "sti": 8,
          "dti": 94,
          "sco": 46,
          "dco": 538,
          "txt": "Sunday"
        },
        {
          "si": 6,
          "sti": 9,
          "dti": 95,
          "sco": 53,
          "dco": 545,
          "txt": "school"
        },
        {
          "si": 6,
          "sti": 10,
          "dti": 96,
          "sco": 60,
          "dco": 552,
          "txt": "on"
        },
        {
          "si": 6,
          "sti": 11,
          "dti": 97,
          "sco": 63,
          "dco": 555,
          "txt": "the"
        },
        {
          "si": 6,
          "sti": 12,
          "dti": 98,
          "sco": 67,
          "dco": 559,
          "txt": "city"
        },
        {
          "si": 6,
          "sti": 13,
          "dti": 99,
          "sco": 71,
          "dco": 563,
          "txt": "'"
        },
        {
          "si": 6,
          "sti": 14,
          "dti": 100,
          "sco": 72,
          "dco": 564,
          "txt": "s"
        },
        {
          "si": 6,
          "sti": 15,
          "dti": 101,
          "sco": 74,
          "dco": 566,
          "txt": "northern"
        },
        {
          "si": 6,
          "sti": 16,
          "dti": 102,
          "sco": 83,
          "dco": 575,
          "txt": "side"
        },
        {
          "si": 6,
          "sti": 17,
          "dti": 103,
          "sco": 87,
          "dco": 579,
          "txt": ","
        },
        {
          "si": 6,
          "sti": 18,
          "dti": 104,
          "sco": 89,
          "dco": 581,
          "txt": "starting"
        },
        {
          "si": 6,
          "sti": 19,
          "dti": 105,
          "sco": 98,
          "dco": 590,
          "txt": "in"
        },
        {
          "si": 6,
          "sti": 20,
          "dti": 106,
          "sco": 101,
          "dco": 593,
          "txt": "late"
        },
        {
          "si": 6,
          "sti": 21,
          "dti": 107,
          "sco": 106,
          "dco": 598,
          "txt": "1878"
        },
        {
          "si": 6,
          "sti": 22,
          "dti": 108,
          "sco": 110,
          "dco": 602,
          "txt": "."
        },
        {
          "si": 7,
          "sti": 0,
          "dti": 109,
          "sco": 0,
          "dco": 604,
          "txt": "As"
        },
        {
          "si": 7,
          "sti": 1,
          "dti": 110,
          "sco": 3,
          "dco": 607,
          "txt": "the"
        },
        {
          "si": 7,
          "sti": 2,
          "dti": 111,
          "sco": 7,
          "dco": 611,
          "txt": "years"
        },
        {
          "si": 7,
          "sti": 3,
          "dti": 112,
          "sco": 13,
          "dco": 617,
          "txt": "passed"
        },
        {
          "si": 7,
          "sti": 4,
          "dti": 113,
          "sco": 19,
          "dco": 623,
          "txt": ","
        },
        {
          "si": 7,
          "sti": 5,
          "dti": 114,
          "sco": 21,
          "dco": 625,
          "txt": "the"
        },
        {
          "si": 7,
          "sti": 6,
          "dti": 115,
          "sco": 25,
          "dco": 629,
          "txt": "two"
        },
        {
          "si": 7,
          "sti": 7,
          "dti": 116,
          "sco": 29,
          "dco": 633,
          "txt": "churches"
        },
        {
          "si": 7,
          "sti": 8,
          "dti": 117,
          "sco": 38,
          "dco": 642,
          "txt": "began"
        },
        {
          "si": 7,
          "sti": 9,
          "dti": 118,
          "sco": 44,
          "dco": 648,
          "txt": "to"
        },
        {
          "si": 7,
          "sti": 10,
          "dti": 119,
          "sco": 47,
          "dco": 651,
          "txt": "gain"
        },
        {
          "si": 7,
          "sti": 11,
          "dti": 120,
          "sco": 52,
          "dco": 656,
          "txt": "members"
        },
        {
          "si": 7,
          "sti": 12,
          "dti": 121,
          "sco": 60,
          "dco": 664,
          "txt": "in"
        },
        {
          "si": 7,
          "sti": 13,
          "dti": 122,
          "sco": 63,
          "dco": 667,
          "txt": "the"
        },
        {
          "si": 7,
          "sti": 14,
          "dti": 123,
          "sco": 67,
          "dco": 671,
          "txt": "northern"
        },
        {
          "si": 7,
          "sti": 15,
          "dti": 124,
          "sco": 76,
          "dco": 680,
          "txt": "neighborhoods"
        },
        {
          "si": 7,
          "sti": 16,
          "dti": 125,
          "sco": 89,
          "dco": 693,
          "txt": ","
        },
        {
          "si": 7,
          "sti": 17,
          "dti": 126,
          "sco": 91,
          "dco": 695,
          "txt": "and"
        },
        {
          "si": 7,
          "sti": 18,
          "dti": 127,
          "sco": 95,
          "dco": 699,
          "txt": "the"
        },
        {
          "si": 7,
          "sti": 19,
          "dti": 128,
          "sco": 99,
          "dco": 703,
          "txt": "Dayton"
        },
        {
          "si": 7,
          "sti": 20,
          "dti": 129,
          "sco": 106,
          "dco": 710,
          "txt": "Presbytery"
        },
        {
          "si": 7,
          "sti": 21,
          "dti": 130,
          "sco": 117,
          "dco": 721,
          "txt": "organized"
        },
        {
          "si": 7,
          "sti": 22,
          "dti": 131,
          "sco": 127,
          "dco": 731,
          "txt": "these"
        },
        {
          "si": 7,
          "sti": 23,
          "dti": 132,
          "sco": 133,
          "dco": 737,
          "txt": "members"
        },
        {
          "si": 7,
          "sti": 24,
          "dti": 133,
          "sco": 141,
          "dco": 745,
          "txt": "as"
        },
        {
          "si": 7,
          "sti": 25,
          "dti": 134,
          "sco": 144,
          "dco": 748,
          "txt": "Third"
        },
        {
          "si": 7,
          "sti": 26,
          "dti": 135,
          "sco": 150,
          "dco": 754,
          "txt": "Presbyterian"
        },
        {
          "si": 7,
          "sti": 27,
          "dti": 136,
          "sco": 163,
          "dco": 767,
          "txt": "Church"
        },
        {
          "si": 7,
          "sti": 28,
          "dti": 137,
          "sco": 170,
          "dco": 774,
          "txt": "on"
        },
        {
          "si": 7,
          "sti": 29,
          "dti": 138,
          "sco": 173,
          "dco": 777,
          "txt": "May"
        },
        {
          "si": 7,
          "sti": 30,
          "dti": 139,
          "sco": 177,
          "dco": 781,
          "txt": "11"
        },
        {
          "si": 7,
          "sti": 31,
          "dti": 140,
          "sco": 179,
          "dco": 783,
          "txt": ","
        },
        {
          "si": 7,
          "sti": 32,
          "dti": 141,
          "sco": 181,
          "dco": 785,
          "txt": "1891"
        },
        {
          "si": 7,
          "sti": 33,
          "dti": 142,
          "sco": 185,
          "dco": 789,
          "txt": "."
        },
        {
          "si": 8,
          "sti": 0,
          "dti": 143,
          "sco": 0,
          "dco": 791,
          "txt": "With"
        },
        {
          "si": 8,
          "sti": 1,
          "dti": 144,
          "sco": 5,
          "dco": 796,
          "txt": "over"
        },
        {
          "si": 8,
          "sti": 2,
          "dti": 145,
          "sco": 10,
          "dco": 801,
          "txt": "one"
        },
        {
          "si": 8,
          "sti": 3,
          "dti": 146,
          "sco": 14,
          "dco": 805,
          "txt": "hundred"
        },
        {
          "si": 8,
          "sti": 4,
          "dti": 147,
          "sco": 22,
          "dco": 813,
          "txt": "charter"
        },
        {
          "si": 8,
          "sti": 5,
          "dti": 148,
          "sco": 30,
          "dco": 821,
          "txt": "members"
        },
        {
          "si": 8,
          "sti": 6,
          "dti": 149,
          "sco": 37,
          "dco": 828,
          "txt": ","
        },
        {
          "si": 8,
          "sti": 7,
          "dti": 150,
          "sco": 39,
          "dco": 830,
          "txt": "the"
        },
        {
          "si": 8,
          "sti": 8,
          "dti": 151,
          "sco": 43,
          "dco": 834,
          "txt": "congregation"
        },
        {
          "si": 8,
          "sti": 9,
          "dti": 152,
          "sco": 56,
          "dco": 847,
          "txt": "soon"
        },
        {
          "si": 8,
          "sti": 10,
          "dti": 153,
          "sco": 61,
          "dco": 852,
          "txt": "began"
        },
        {
          "si": 8,
          "sti": 11,
          "dti": 154,
          "sco": 67,
          "dco": 858,
          "txt": "planning"
        },
        {
          "si": 8,
          "sti": 12,
          "dti": 155,
          "sco": 76,
          "dco": 867,
          "txt": "to"
        },
        {
          "si": 8,
          "sti": 13,
          "dti": 156,
          "sco": 79,
          "dco": 870,
          "txt": "erect"
        },
        {
          "si": 8,
          "sti": 14,
          "dti": 157,
          "sco": 85,
          "dco": 876,
          "txt": "their"
        },
        {
          "si": 8,
          "sti": 15,
          "dti": 158,
          "sco": 91,
          "dco": 882,
          "txt": "own"
        },
        {
          "si": 8,
          "sti": 16,
          "dti": 159,
          "sco": 95,
          "dco": 886,
          "txt": "house"
        },
        {
          "si": 8,
          "sti": 17,
          "dti": 160,
          "sco": 101,
          "dco": 892,
          "txt": "of"
        },
        {
          "si": 8,
          "sti": 18,
          "dti": 161,
          "sco": 104,
          "dco": 895,
          "txt": "worship"
        },
        {
          "si": 8,
          "sti": 19,
          "dti": 162,
          "sco": 111,
          "dco": 902,
          "txt": ";"
        },
        {
          "si": 8,
          "sti": 20,
          "dti": 163,
          "sco": 113,
          "dco": 904,
          "txt": "under"
        },
        {
          "si": 8,
          "sti": 21,
          "dti": 164,
          "sco": 119,
          "dco": 910,
          "txt": "the"
        },
        {
          "si": 8,
          "sti": 22,
          "dti": 165,
          "sco": 123,
          "dco": 914,
          "txt": "leadership"
        },
        {
          "si": 8,
          "sti": 23,
          "dti": 166,
          "sco": 134,
          "dco": 925,
          "txt": "of"
        },
        {
          "si": 8,
          "sti": 24,
          "dti": 167,
          "sco": 137,
          "dco": 928,
          "txt": "the"
        },
        {
          "si": 8,
          "sti": 25,
          "dti": 168,
          "sco": 141,
          "dco": 932,
          "txt": "Russell"
        },
        {
          "si": 8,
          "sti": 26,
          "dti": 169,
          "sco": 149,
          "dco": 940,
          "txt": "Brothers"
        },
        {
          "si": 8,
          "sti": 27,
          "dti": 170,
          "sco": 158,
          "dco": 949,
          "txt": "firm"
        },
        {
          "si": 8,
          "sti": 28,
          "dti": 171,
          "sco": 162,
          "dco": 953,
          "txt": ","
        },
        {
          "si": 8,
          "sti": 29,
          "dti": 172,
          "sco": 164,
          "dco": 955,
          "txt": "construction"
        },
        {
          "si": 8,
          "sti": 30,
          "dti": 173,
          "sco": 177,
          "dco": 968,
          "txt": "took"
        },
        {
          "si": 8,
          "sti": 31,
          "dti": 174,
          "sco": 182,
          "dco": 973,
          "txt": "place"
        },
        {
          "si": 8,
          "sti": 32,
          "dti": 175,
          "sco": 188,
          "dco": 979,
          "txt": "during"
        },
        {
          "si": 8,
          "sti": 33,
          "dti": 176,
          "sco": 195,
          "dco": 986,
          "txt": "the"
        },
        {
          "si": 8,
          "sti": 34,
          "dti": 177,
          "sco": 199,
          "dco": 990,
          "txt": "last"
        },
        {
          "si": 8,
          "sti": 35,
          "dti": 178,
          "sco": 204,
          "dco": 995,
          "txt": "quarter"
        },
        {
          "si": 8,
          "sti": 36,
          "dti": 179,
          "sco": 212,
          "dco": 1003,
          "txt": "of"
        },
        {
          "si": 8,
          "sti": 37,
          "dti": 180,
          "sco": 215,
          "dco": 1006,
          "txt": "1893"
        },
        {
          "si": 8,
          "sti": 38,
          "dti": 181,
          "sco": 219,
          "dco": 1010,
          "txt": ","
        },
        {
          "si": 8,
          "sti": 39,
          "dti": 182,
          "sco": 221,
          "dco": 1012,
          "txt": "and"
        },
        {
          "si": 8,
          "sti": 40,
          "dti": 183,
          "sco": 225,
          "dco": 1016,
          "txt": "the"
        },
        {
          "si": 8,
          "sti": 41,
          "dti": 184,
          "sco": 229,
          "dco": 1020,
          "txt": "new"
        },
        {
          "si": 8,
          "sti": 42,
          "dti": 185,
          "sco": 233,
          "dco": 1024,
          "txt": "building"
        },
        {
          "si": 8,
          "sti": 43,
          "dti": 186,
          "sco": 242,
          "dco": 1033,
          "txt": "was"
        },
        {
          "si": 8,
          "sti": 44,
          "dti": 187,
          "sco": 246,
          "dco": 1037,
          "txt": "dedicated"
        },
        {
          "si": 8,
          "sti": 45,
          "dti": 188,
          "sco": 256,
          "dco": 1047,
          "txt": "on"
        },
        {
          "si": 8,
          "sti": 46,
          "dti": 189,
          "sco": 259,
          "dco": 1050,
          "txt": "January"
        },
        {
          "si": 8,
          "sti": 47,
          "dti": 190,
          "sco": 267,
          "dco": 1058,
          "txt": "28"
        },
        {
          "si": 8,
          "sti": 48,
          "dti": 191,
          "sco": 269,
          "dco": 1060,
          "txt": ","
        },
        {
          "si": 8,
          "sti": 49,
          "dti": 192,
          "sco": 271,
          "dco": 1062,
          "txt": "1894"
        },
        {
          "si": 8,
          "sti": 50,
          "dti": 193,
          "sco": 275,
          "dco": 1066,
          "txt": "."
        },
        {
          "si": 9,
          "sti": 0,
          "dti": 194,
          "sco": 0,
          "dco": 1068,
          "txt": "The"
        },
        {
          "si": 9,
          "sti": 1,
          "dti": 195,
          "sco": 4,
          "dco": 1072,
          "txt": "congregation"
        },
        {
          "si": 9,
          "sti": 2,
          "dti": 196,
          "sco": 16,
          "dco": 1084,
          "txt": "'"
        },
        {
          "si": 9,
          "sti": 3,
          "dti": 197,
          "sco": 17,
          "dco": 1085,
          "txt": "s"
        },
        {
          "si": 9,
          "sti": 4,
          "dti": 198,
          "sco": 19,
          "dco": 1087,
          "txt": "first"
        },
        {
          "si": 9,
          "sti": 5,
          "dti": 199,
          "sco": 25,
          "dco": 1093,
          "txt": "minister"
        },
        {
          "si": 9,
          "sti": 6,
          "dti": 200,
          "sco": 34,
          "dco": 1102,
          "txt": "was"
        },
        {
          "si": 9,
          "sti": 7,
          "dti": 201,
          "sco": 38,
          "dco": 1106,
          "txt": "George"
        },
        {
          "si": 9,
          "sti": 8,
          "dti": 202,
          "sco": 45,
          "dco": 1113,
          "txt": "H"
        },
        {
          "si": 9,
          "sti": 9,
          "dti": 203,
          "sco": 46,
          "dco": 1114,
          "txt": "."
        },
        {
          "si": 10,
          "sti": 0,
          "dti": 204,
          "sco": 0,
          "dco": 1116,
          "txt": "Fullerton"
        },
        {
          "si": 10,
          "sti": 1,
          "dti": 205,
          "sco": 9,
          "dco": 1125,
          "txt": "."
        },
        {
          "si": 11,
          "sti": 0,
          "dti": 206,
          "sco": 0,
          "dco": 1127,
          "txt": "During"
        },
        {
          "si": 11,
          "sti": 1,
          "dti": 207,
          "sco": 7,
          "dco": 1134,
          "txt": "his"
        },
        {
          "si": 11,
          "sti": 2,
          "dti": 208,
          "sco": 11,
          "dco": 1138,
          "txt": "pastorate"
        },
        {
          "si": 11,
          "sti": 3,
          "dti": 209,
          "sco": 21,
          "dco": 1148,
          "txt": "and"
        },
        {
          "si": 11,
          "sti": 4,
          "dti": 210,
          "sco": 25,
          "dco": 1152,
          "txt": "that"
        },
        {
          "si": 11,
          "sti": 5,
          "dti": 211,
          "sco": 30,
          "dco": 1157,
          "txt": "of"
        },
        {
          "si": 11,
          "sti": 6,
          "dti": 212,
          "sco": 33,
          "dco": 1160,
          "txt": "the"
        },
        {
          "si": 11,
          "sti": 7,
          "dti": 213,
          "sco": 37,
          "dco": 1164,
          "txt": "succeeding"
        },
        {
          "si": 11,
          "sti": 8,
          "dti": 214,
          "sco": 48,
          "dco": 1175,
          "txt": "minister"
        },
        {
          "si": 11,
          "sti": 9,
          "dti": 215,
          "sco": 56,
          "dco": 1183,
          "txt": ","
        },
        {
          "si": 11,
          "sti": 10,
          "dti": 216,
          "sco": 58,
          "dco": 1185,
          "txt": "the"
        },
        {
          "si": 11,
          "sti": 11,
          "dti": 217,
          "sco": 62,
          "dco": 1189,
          "txt": "congregation"
        },
        {
          "si": 11,
          "sti": 12,
          "dti": 218,
          "sco": 75,
          "dco": 1202,
          "txt": "grew"
        },
        {
          "si": 11,
          "sti": 13,
          "dti": 219,
          "sco": 80,
          "dco": 1207,
          "txt": "greatly"
        },
        {
          "si": 11,
          "sti": 14,
          "dti": 220,
          "sco": 87,
          "dco": 1214,
          "txt": ";"
        },
        {
          "si": 11,
          "sti": 15,
          "dti": 221,
          "sco": 89,
          "dco": 1216,
          "txt": "by"
        },
        {
          "si": 11,
          "sti": 16,
          "dti": 222,
          "sco": 92,
          "dco": 1219,
          "txt": "1908"
        },
        {
          "si": 11,
          "sti": 17,
          "dti": 223,
          "sco": 96,
          "dco": 1223,
          "txt": ","
        },
        {
          "si": 11,
          "sti": 18,
          "dti": 224,
          "sco": 98,
          "dco": 1225,
          "txt": "the"
        },
        {
          "si": 11,
          "sti": 19,
          "dti": 225,
          "sco": 102,
          "dco": 1229,
          "txt": "membership"
        },
        {
          "si": 11,
          "sti": 20,
          "dti": 226,
          "sco": 113,
          "dco": 1240,
          "txt": "had"
        },
        {
          "si": 11,
          "sti": 21,
          "dti": 227,
          "sco": 117,
          "dco": 1244,
          "txt": "increased"
        },
        {
          "si": 11,
          "sti": 22,
          "dti": 228,
          "sco": 127,
          "dco": 1254,
          "txt": "to"
        },
        {
          "si": 11,
          "sti": 23,
          "dti": 229,
          "sco": 130,
          "dco": 1257,
          "txt": "346"
        },
        {
          "si": 11,
          "sti": 24,
          "dti": 230,
          "sco": 133,
          "dco": 1260,
          "txt": "."
        },
        {
          "si": 12,
          "sti": 0,
          "dti": 231,
          "sco": 0,
          "dco": 1262,
          "txt": "As"
        },
        {
          "si": 12,
          "sti": 1,
          "dti": 232,
          "sco": 3,
          "dco": 1265,
          "txt": "the"
        },
        {
          "si": 12,
          "sti": 2,
          "dti": 233,
          "sco": 7,
          "dco": 1269,
          "txt": "years"
        },
        {
          "si": 12,
          "sti": 3,
          "dti": 234,
          "sco": 13,
          "dco": 1275,
          "txt": "passed"
        },
        {
          "si": 12,
          "sti": 4,
          "dti": 235,
          "sco": 19,
          "dco": 1281,
          "txt": ","
        },
        {
          "si": 12,
          "sti": 5,
          "dti": 236,
          "sco": 21,
          "dco": 1283,
          "txt": "Third"
        },
        {
          "si": 12,
          "sti": 6,
          "dti": 237,
          "sco": 27,
          "dco": 1289,
          "txt": "Presbyterian"
        },
        {
          "si": 12,
          "sti": 7,
          "dti": 238,
          "sco": 40,
          "dco": 1302,
          "txt": "changed"
        },
        {
          "si": 12,
          "sti": 8,
          "dti": 239,
          "sco": 48,
          "dco": 1310,
          "txt": "its"
        },
        {
          "si": 12,
          "sti": 9,
          "dti": 240,
          "sco": 52,
          "dco": 1314,
          "txt": "name"
        },
        {
          "si": 12,
          "sti": 10,
          "dti": 241,
          "sco": 57,
          "dco": 1319,
          "txt": "to"
        },
        {
          "si": 12,
          "sti": 11,
          "dti": 242,
          "sco": 60,
          "dco": 1322,
          "txt": "Northminster"
        },
        {
          "si": 12,
          "sti": 12,
          "dti": 243,
          "sco": 73,
          "dco": 1335,
          "txt": "Presbyterian"
        },
        {
          "si": 12,
          "sti": 13,
          "dti": 244,
          "sco": 86,
          "dco": 1348,
          "txt": "Church"
        },
        {
          "si": 12,
          "sti": 14,
          "dti": 245,
          "sco": 92,
          "dco": 1354,
          "txt": "."
        },
        {
          "si": 13,
          "sti": 0,
          "dti": 246,
          "sco": 0,
          "dco": 1356,
          "txt": "Since"
        },
        {
          "si": 13,
          "sti": 1,
          "dti": 247,
          "sco": 6,
          "dco": 1362,
          "txt": "that"
        },
        {
          "si": 13,
          "sti": 2,
          "dti": 248,
          "sco": 11,
          "dco": 1367,
          "txt": "time"
        },
        {
          "si": 13,
          "sti": 3,
          "dti": 249,
          "sco": 15,
          "dco": 1371,
          "txt": ","
        },
        {
          "si": 13,
          "sti": 4,
          "dti": 250,
          "sco": 17,
          "dco": 1373,
          "txt": "the"
        },
        {
          "si": 13,
          "sti": 5,
          "dti": 251,
          "sco": 21,
          "dco": 1377,
          "txt": "church"
        },
        {
          "si": 13,
          "sti": 6,
          "dti": 252,
          "sco": 28,
          "dco": 1384,
          "txt": "has"
        },
        {
          "si": 13,
          "sti": 7,
          "dti": 253,
          "sco": 32,
          "dco": 1388,
          "txt": "moved"
        },
        {
          "si": 13,
          "sti": 8,
          "dti": 254,
          "sco": 38,
          "dco": 1394,
          "txt": "to"
        },
        {
          "si": 13,
          "sti": 9,
          "dti": 255,
          "sco": 41,
          "dco": 1397,
          "txt": "Villa"
        },
        {
          "si": 13,
          "sti": 10,
          "dti": 256,
          "sco": 47,
          "dco": 1403,
          "txt": "Road"
        },
        {
          "si": 13,
          "sti": 11,
          "dti": 257,
          "sco": 52,
          "dco": 1408,
          "txt": "on"
        },
        {
          "si": 13,
          "sti": 12,
          "dti": 258,
          "sco": 55,
          "dco": 1411,
          "txt": "the"
        },
        {
          "si": 13,
          "sti": 13,
          "dti": 259,
          "sco": 59,
          "dco": 1415,
          "txt": "city"
        },
        {
          "si": 13,
          "sti": 14,
          "dti": 260,
          "sco": 63,
          "dco": 1419,
          "txt": "'"
        },
        {
          "si": 13,
          "sti": 15,
          "dti": 261,
          "sco": 64,
          "dco": 1420,
          "txt": "s"
        },
        {
          "si": 13,
          "sti": 16,
          "dti": 262,
          "sco": 66,
          "dco": 1422,
          "txt": "outskirts"
        },
        {
          "si": 13,
          "sti": 17,
          "dti": 263,
          "sco": 75,
          "dco": 1431,
          "txt": ","
        },
        {
          "si": 13,
          "sti": 18,
          "dti": 264,
          "sco": 77,
          "dco": 1433,
          "txt": "and"
        },
        {
          "si": 13,
          "sti": 19,
          "dti": 265,
          "sco": 81,
          "dco": 1437,
          "txt": "the"
        },
        {
          "si": 13,
          "sti": 20,
          "dti": 266,
          "sco": 85,
          "dco": 1441,
          "txt": "building"
        },
        {
          "si": 13,
          "sti": 21,
          "dti": 267,
          "sco": 94,
          "dco": 1450,
          "txt": "has"
        },
        {
          "si": 13,
          "sti": 22,
          "dti": 268,
          "sco": 98,
          "dco": 1454,
          "txt": "passed"
        },
        {
          "si": 13,
          "sti": 23,
          "dti": 269,
          "sco": 105,
          "dco": 1461,
          "txt": "into"
        },
        {
          "si": 13,
          "sti": 24,
          "dti": 270,
          "sco": 110,
          "dco": 1466,
          "txt": "the"
        },
        {
          "si": 13,
          "sti": 25,
          "dti": 271,
          "sco": 114,
          "dco": 1470,
          "txt": "ownership"
        },
        {
          "si": 13,
          "sti": 26,
          "dti": 272,
          "sco": 124,
          "dco": 1480,
          "txt": "of"
        },
        {
          "si": 13,
          "sti": 27,
          "dti": 273,
          "sco": 127,
          "dco": 1483,
          "txt": "the"
        },
        {
          "si": 13,
          "sti": 28,
          "dti": 274,
          "sco": 131,
          "dco": 1487,
          "txt": "Church"
        },
        {
          "si": 13,
          "sti": 29,
          "dti": 275,
          "sco": 138,
          "dco": 1494,
          "txt": "of"
        },
        {
          "si": 13,
          "sti": 30,
          "dti": 276,
          "sco": 141,
          "dco": 1497,
          "txt": "God"
        },
        {
          "si": 13,
          "sti": 31,
          "dti": 277,
          "sco": 145,
          "dco": 1501,
          "txt": "Sanctified"
        },
        {
          "si": 13,
          "sti": 32,
          "dti": 278,
          "sco": 155,
          "dco": 1511,
          "txt": "."
        },
        {
          "si": 14,
          "sti": 0,
          "dti": 279,
          "sco": 0,
          "dco": 1513,
          "txt": "Architecture"
        },
        {
          "si": 14,
          "sti": 1,
          "dti": 280,
          "sco": 12,
          "dco": 1525,
          "txt": "."
        },
        {
          "si": 15,
          "sti": 0,
          "dti": 281,
          "sco": 0,
          "dco": 1527,
          "txt": "One"
        },
        {
          "si": 15,
          "sti": 1,
          "dti": 282,
          "sco": 4,
          "dco": 1531,
          "txt": "of"
        },
        {
          "si": 15,
          "sti": 2,
          "dti": 283,
          "sco": 7,
          "dco": 1534,
          "txt": "Springfield"
        },
        {
          "si": 15,
          "sti": 3,
          "dti": 284,
          "sco": 18,
          "dco": 1545,
          "txt": "'"
        },
        {
          "si": 15,
          "sti": 4,
          "dti": 285,
          "sco": 19,
          "dco": 1546,
          "txt": "s"
        },
        {
          "si": 15,
          "sti": 5,
          "dti": 286,
          "sco": 21,
          "dco": 1548,
          "txt": "most"
        },
        {
          "si": 15,
          "sti": 6,
          "dti": 287,
          "sco": 26,
          "dco": 1553,
          "txt": "significant"
        },
        {
          "si": 15,
          "sti": 7,
          "dti": 288,
          "sco": 38,
          "dco": 1565,
          "txt": "churches"
        },
        {
          "si": 15,
          "sti": 8,
          "dti": 289,
          "sco": 47,
          "dco": 1574,
          "txt": "and"
        },
        {
          "si": 15,
          "sti": 9,
          "dti": 290,
          "sco": 51,
          "dco": 1578,
          "txt": "among"
        },
        {
          "si": 15,
          "sti": 10,
          "dti": 291,
          "sco": 57,
          "dco": 1584,
          "txt": "the"
        },
        {
          "si": 15,
          "sti": 11,
          "dti": 292,
          "sco": 61,
          "dco": 1588,
          "txt": "most"
        },
        {
          "si": 15,
          "sti": 12,
          "dti": 293,
          "sco": 66,
          "dco": 1593,
          "txt": "distinctive"
        },
        {
          "si": 15,
          "sti": 13,
          "dti": 294,
          "sco": 78,
          "dco": 1605,
          "txt": "of"
        },
        {
          "si": 15,
          "sti": 14,
          "dti": 295,
          "sco": 81,
          "dco": 1608,
          "txt": "all"
        },
        {
          "si": 15,
          "sti": 15,
          "dti": 296,
          "sco": 85,
          "dco": 1612,
          "txt": "of"
        },
        {
          "si": 15,
          "sti": 16,
          "dti": 297,
          "sco": 88,
          "dco": 1615,
          "txt": "its"
        },
        {
          "si": 15,
          "sti": 17,
          "dti": 298,
          "sco": 92,
          "dco": 1619,
          "txt": "public"
        },
        {
          "si": 15,
          "sti": 18,
          "dti": 299,
          "sco": 99,
          "dco": 1626,
          "txt": "buildings"
        },
        {
          "si": 15,
          "sti": 19,
          "dti": 300,
          "sco": 108,
          "dco": 1635,
          "txt": ","
        },
        {
          "si": 15,
          "sti": 20,
          "dti": 301,
          "sco": 110,
          "dco": 1637,
          "txt": "Third"
        },
        {
          "si": 15,
          "sti": 21,
          "dti": 302,
          "sco": 116,
          "dco": 1643,
          "txt": "Presbyterian"
        },
        {
          "si": 15,
          "sti": 22,
          "dti": 303,
          "sco": 129,
          "dco": 1656,
          "txt": "is"
        },
        {
          "si": 15,
          "sti": 23,
          "dti": 304,
          "sco": 132,
          "dco": 1659,
          "txt": "built"
        },
        {
          "si": 15,
          "sti": 24,
          "dti": 305,
          "sco": 138,
          "dco": 1665,
          "txt": "of"
        },
        {
          "si": 15,
          "sti": 25,
          "dti": 306,
          "sco": 141,
          "dco": 1668,
          "txt": "brick"
        },
        {
          "si": 15,
          "sti": 26,
          "dti": 307,
          "sco": 147,
          "dco": 1674,
          "txt": "and"
        },
        {
          "si": 15,
          "sti": 27,
          "dti": 308,
          "sco": 151,
          "dco": 1678,
          "txt": "rests"
        },
        {
          "si": 15,
          "sti": 28,
          "dti": 309,
          "sco": 157,
          "dco": 1684,
          "txt": "on"
        },
        {
          "si": 15,
          "sti": 29,
          "dti": 310,
          "sco": 160,
          "dco": 1687,
          "txt": "a"
        },
        {
          "si": 15,
          "sti": 30,
          "dti": 311,
          "sco": 162,
          "dco": 1689,
          "txt": "foundation"
        },
        {
          "si": 15,
          "sti": 31,
          "dti": 312,
          "sco": 173,
          "dco": 1700,
          "txt": "of"
        },
        {
          "si": 15,
          "sti": 32,
          "dti": 313,
          "sco": 176,
          "dco": 1703,
          "txt": "limestone"
        },
        {
          "si": 15,
          "sti": 33,
          "dti": 314,
          "sco": 185,
          "dco": 1712,
          "txt": ";"
        },
        {
          "si": 15,
          "sti": 34,
          "dti": 315,
          "sco": 187,
          "dco": 1714,
          "txt": "it"
        },
        {
          "si": 15,
          "sti": 35,
          "dti": 316,
          "sco": 190,
          "dco": 1717,
          "txt": "is"
        },
        {
          "si": 15,
          "sti": 36,
          "dti": 317,
          "sco": 193,
          "dco": 1720,
          "txt": "covered"
        },
        {
          "si": 15,
          "sti": 37,
          "dti": 318,
          "sco": 201,
          "dco": 1728,
          "txt": "with"
        },
        {
          "si": 15,
          "sti": 38,
          "dti": 319,
          "sco": 206,
          "dco": 1733,
          "txt": "a"
        },
        {
          "si": 15,
          "sti": 39,
          "dti": 320,
          "sco": 208,
          "dco": 1735,
          "txt": "slate"
        },
        {
          "si": 15,
          "sti": 40,
          "dti": 321,
          "sco": 214,
          "dco": 1741,
          "txt": "roof"
        },
        {
          "si": 15,
          "sti": 41,
          "dti": 322,
          "sco": 218,
          "dco": 1745,
          "txt": ","
        },
        {
          "si": 15,
          "sti": 42,
          "dti": 323,
          "sco": 220,
          "dco": 1747,
          "txt": "and"
        },
        {
          "si": 15,
          "sti": 43,
          "dti": 324,
          "sco": 224,
          "dco": 1751,
          "txt": "it"
        },
        {
          "si": 15,
          "sti": 44,
          "dti": 325,
          "sco": 227,
          "dco": 1754,
          "txt": "features"
        },
        {
          "si": 15,
          "sti": 45,
          "dti": 326,
          "sco": 236,
          "dco": 1763,
          "txt": "elements"
        },
        {
          "si": 15,
          "sti": 46,
          "dti": 327,
          "sco": 245,
          "dco": 1772,
          "txt": "of"
        },
        {
          "si": 15,
          "sti": 47,
          "dti": 328,
          "sco": 248,
          "dco": 1775,
          "txt": "sandstone"
        },
        {
          "si": 15,
          "sti": 48,
          "dti": 329,
          "sco": 258,
          "dco": 1785,
          "txt": "and"
        },
        {
          "si": 15,
          "sti": 49,
          "dti": 330,
          "sco": 262,
          "dco": 1789,
          "txt": "terracotta"
        },
        {
          "si": 15,
          "sti": 50,
          "dti": 331,
          "sco": 272,
          "dco": 1799,
          "txt": "."
        },
        {
          "si": 16,
          "sti": 0,
          "dti": 332,
          "sco": 0,
          "dco": 1801,
          "txt": "Distinguishing"
        },
        {
          "si": 16,
          "sti": 1,
          "dti": 333,
          "sco": 15,
          "dco": 1816,
          "txt": "it"
        },
        {
          "si": 16,
          "sti": 2,
          "dti": 334,
          "sco": 18,
          "dco": 1819,
          "txt": "from"
        },
        {
          "si": 16,
          "sti": 3,
          "dti": 335,
          "sco": 23,
          "dco": 1824,
          "txt": "all"
        },
        {
          "si": 16,
          "sti": 4,
          "dti": 336,
          "sco": 27,
          "dco": 1828,
          "txt": "of"
        },
        {
          "si": 16,
          "sti": 5,
          "dti": 337,
          "sco": 30,
          "dco": 1831,
          "txt": "Springfield"
        },
        {
          "si": 16,
          "sti": 6,
          "dti": 338,
          "sco": 41,
          "dco": 1842,
          "txt": "'"
        },
        {
          "si": 16,
          "sti": 7,
          "dti": 339,
          "sco": 42,
          "dco": 1843,
          "txt": "s"
        },
        {
          "si": 16,
          "sti": 8,
          "dti": 340,
          "sco": 44,
          "dco": 1845,
          "txt": "other"
        },
        {
          "si": 16,
          "sti": 9,
          "dti": 341,
          "sco": 50,
          "dco": 1851,
          "txt": "churches"
        },
        {
          "si": 16,
          "sti": 10,
          "dti": 342,
          "sco": 59,
          "dco": 1860,
          "txt": "is"
        },
        {
          "si": 16,
          "sti": 11,
          "dti": 343,
          "sco": 62,
          "dco": 1863,
          "txt": "its"
        },
        {
          "si": 16,
          "sti": 12,
          "dti": 344,
          "sco": 66,
          "dco": 1867,
          "txt": "unusual"
        },
        {
          "si": 16,
          "sti": 13,
          "dti": 345,
          "sco": 74,
          "dco": 1875,
          "txt": "clerestory"
        },
        {
          "si": 16,
          "sti": 14,
          "dti": 346,
          "sco": 85,
          "dco": 1886,
          "txt": "and"
        },
        {
          "si": 16,
          "sti": 15,
          "dti": 347,
          "sco": 89,
          "dco": 1890,
          "txt": "its"
        },
        {
          "si": 16,
          "sti": 16,
          "dti": 348,
          "sco": 93,
          "dco": 1894,
          "txt": "unique"
        },
        {
          "si": 16,
          "sti": 17,
          "dti": 349,
          "sco": 100,
          "dco": 1901,
          "txt": "octagonal"
        },
        {
          "si": 16,
          "sti": 18,
          "dti": 350,
          "sco": 110,
          "dco": 1911,
          "txt": "onion"
        },
        {
          "si": 16,
          "sti": 19,
          "dti": 351,
          "sco": 116,
          "dco": 1917,
          "txt": "dome"
        },
        {
          "si": 16,
          "sti": 20,
          "dti": 352,
          "sco": 120,
          "dco": 1921,
          "txt": "."
        },
        {
          "si": 17,
          "sti": 0,
          "dti": 353,
          "sco": 0,
          "dco": 1923,
          "txt": "Among"
        },
        {
          "si": 17,
          "sti": 1,
          "dti": 354,
          "sco": 6,
          "dco": 1929,
          "txt": "the"
        },
        {
          "si": 17,
          "sti": 2,
          "dti": 355,
          "sco": 10,
          "dco": 1933,
          "txt": "most"
        },
        {
          "si": 17,
          "sti": 3,
          "dti": 356,
          "sco": 15,
          "dco": 1938,
          "txt": "unusual"
        },
        {
          "si": 17,
          "sti": 4,
          "dti": 357,
          "sco": 23,
          "dco": 1946,
          "txt": "elements"
        },
        {
          "si": 17,
          "sti": 5,
          "dti": 358,
          "sco": 32,
          "dco": 1955,
          "txt": "of"
        },
        {
          "si": 17,
          "sti": 6,
          "dti": 359,
          "sco": 35,
          "dco": 1958,
          "txt": "the"
        },
        {
          "si": 17,
          "sti": 7,
          "dti": 360,
          "sco": 39,
          "dco": 1962,
          "txt": "dome"
        },
        {
          "si": 17,
          "sti": 8,
          "dti": 361,
          "sco": 44,
          "dco": 1967,
          "txt": "is"
        },
        {
          "si": 17,
          "sti": 9,
          "dti": 362,
          "sco": 47,
          "dco": 1970,
          "txt": "its"
        },
        {
          "si": 17,
          "sti": 10,
          "dti": 363,
          "sco": 51,
          "dco": 1974,
          "txt": "hidden"
        },
        {
          "si": 17,
          "sti": 11,
          "dti": 364,
          "sco": 58,
          "dco": 1981,
          "txt": "means"
        },
        {
          "si": 17,
          "sti": 12,
          "dti": 365,
          "sco": 64,
          "dco": 1987,
          "txt": "of"
        },
        {
          "si": 17,
          "sti": 13,
          "dti": 366,
          "sco": 67,
          "dco": 1990,
          "txt": "structural"
        },
        {
          "si": 17,
          "sti": 14,
          "dti": 367,
          "sco": 78,
          "dco": 2001,
          "txt": "support"
        },
        {
          "si": 17,
          "sti": 15,
          "dti": 368,
          "sco": 85,
          "dco": 2008,
          "txt": ":"
        },
        {
          "si": 17,
          "sti": 16,
          "dti": 369,
          "sco": 87,
          "dco": 2010,
          "txt": "because"
        },
        {
          "si": 17,
          "sti": 17,
          "dti": 370,
          "sco": 95,
          "dco": 2018,
          "txt": "no"
        },
        {
          "si": 17,
          "sti": 18,
          "dti": 371,
          "sco": 98,
          "dco": 2021,
          "txt": "columns"
        },
        {
          "si": 17,
          "sti": 19,
          "dti": 372,
          "sco": 106,
          "dco": 2029,
          "txt": "are"
        },
        {
          "si": 17,
          "sti": 20,
          "dti": 373,
          "sco": 110,
          "dco": 2033,
          "txt": "present"
        },
        {
          "si": 17,
          "sti": 21,
          "dti": 374,
          "sco": 118,
          "dco": 2041,
          "txt": "in"
        },
        {
          "si": 17,
          "sti": 22,
          "dti": 375,
          "sco": 121,
          "dco": 2044,
          "txt": "the"
        },
        {
          "si": 17,
          "sti": 23,
          "dti": 376,
          "sco": 125,
          "dco": 2048,
          "txt": "building"
        },
        {
          "si": 17,
          "sti": 24,
          "dti": 377,
          "sco": 133,
          "dco": 2056,
          "txt": "'"
        },
        {
          "si": 17,
          "sti": 25,
          "dti": 378,
          "sco": 134,
          "dco": 2057,
          "txt": "s"
        },
        {
          "si": 17,
          "sti": 26,
          "dti": 379,
          "sco": 136,
          "dco": 2059,
          "txt": "interior"
        },
        {
          "si": 17,
          "sti": 27,
          "dti": 380,
          "sco": 145,
          "dco": 2068,
          "txt": "upon"
        },
        {
          "si": 17,
          "sti": 28,
          "dti": 381,
          "sco": 150,
          "dco": 2073,
          "txt": "which"
        },
        {
          "si": 17,
          "sti": 29,
          "dti": 382,
          "sco": 156,
          "dco": 2079,
          "txt": "the"
        },
        {
          "si": 17,
          "sti": 30,
          "dti": 383,
          "sco": 160,
          "dco": 2083,
          "txt": "dome"
        },
        {
          "si": 17,
          "sti": 31,
          "dti": 384,
          "sco": 165,
          "dco": 2088,
          "txt": "can"
        },
        {
          "si": 17,
          "sti": 32,
          "dti": 385,
          "sco": 169,
          "dco": 2092,
          "txt": "rest"
        },
        {
          "si": 17,
          "sti": 33,
          "dti": 386,
          "sco": 173,
          "dco": 2096,
          "txt": ","
        },
        {
          "si": 17,
          "sti": 34,
          "dti": 387,
          "sco": 175,
          "dco": 2098,
          "txt": "it"
        },
        {
          "si": 17,
          "sti": 35,
          "dti": 388,
          "sco": 178,
          "dco": 2101,
          "txt": "is"
        },
        {
          "si": 17,
          "sti": 36,
          "dti": 389,
          "sco": 181,
          "dco": 2104,
          "txt": "apparent"
        },
        {
          "si": 17,
          "sti": 37,
          "dti": 390,
          "sco": 190,
          "dco": 2113,
          "txt": "that"
        },
        {
          "si": 17,
          "sti": 38,
          "dti": 391,
          "sco": 195,
          "dco": 2118,
          "txt": "the"
        },
        {
          "si": 17,
          "sti": 39,
          "dti": 392,
          "sco": 199,
          "dco": 2122,
          "txt": "dome"
        },
        {
          "si": 17,
          "sti": 40,
          "dti": 393,
          "sco": 203,
          "dco": 2126,
          "txt": "'"
        },
        {
          "si": 17,
          "sti": 41,
          "dti": 394,
          "sco": 204,
          "dco": 2127,
          "txt": "s"
        },
        {
          "si": 17,
          "sti": 42,
          "dti": 395,
          "sco": 206,
          "dco": 2129,
          "txt": "weight"
        },
        {
          "si": 17,
          "sti": 43,
          "dti": 396,
          "sco": 213,
          "dco": 2136,
          "txt": "rests"
        },
        {
          "si": 17,
          "sti": 44,
          "dti": 397,
          "sco": 219,
          "dco": 2142,
          "txt": "upon"
        },
        {
          "si": 17,
          "sti": 45,
          "dti": 398,
          "sco": 224,
          "dco": 2147,
          "txt": "a"
        },
        {
          "si": 17,
          "sti": 46,
          "dti": 399,
          "sco": 226,
          "dco": 2149,
          "txt": "collection"
        },
        {
          "si": 17,
          "sti": 47,
          "dti": 400,
          "sco": 237,
          "dco": 2160,
          "txt": "of"
        },
        {
          "si": 17,
          "sti": 48,
          "dti": 401,
          "sco": 240,
          "dco": 2163,
          "txt": "arches"
        },
        {
          "si": 17,
          "sti": 49,
          "dti": 402,
          "sco": 246,
          "dco": 2169,
          "txt": ","
        },
        {
          "si": 17,
          "sti": 50,
          "dti": 403,
          "sco": 248,
          "dco": 2171,
          "txt": "which"
        },
        {
          "si": 17,
          "sti": 51,
          "dti": 404,
          "sco": 254,
          "dco": 2177,
          "txt": "work"
        },
        {
          "si": 17,
          "sti": 52,
          "dti": 405,
          "sco": 259,
          "dco": 2182,
          "txt": "together"
        },
        {
          "si": 17,
          "sti": 53,
          "dti": 406,
          "sco": 268,
          "dco": 2191,
          "txt": "to"
        },
        {
          "si": 17,
          "sti": 54,
          "dti": 407,
          "sco": 271,
          "dco": 2194,
          "txt": "distribute"
        },
        {
          "si": 17,
          "sti": 55,
          "dti": 408,
          "sco": 282,
          "dco": 2205,
          "txt": "the"
        },
        {
          "si": 17,
          "sti": 56,
          "dti": 409,
          "sco": 286,
          "dco": 2209,
          "txt": "dome"
        },
        {
          "si": 17,
          "sti": 57,
          "dti": 410,
          "sco": 290,
          "dco": 2213,
          "txt": "'"
        },
        {
          "si": 17,
          "sti": 58,
          "dti": 411,
          "sco": 291,
          "dco": 2214,
          "txt": "s"
        },
        {
          "si": 17,
          "sti": 59,
          "dti": 412,
          "sco": 293,
          "dco": 2216,
          "txt": "weight"
        },
        {
          "si": 17,
          "sti": 60,
          "dti": 413,
          "sco": 299,
          "dco": 2222,
          "txt": "."
        },
        {
          "si": 18,
          "sti": 0,
          "dti": 414,
          "sco": 0,
          "dco": 2224,
          "txt": "Architectural"
        },
        {
          "si": 18,
          "sti": 1,
          "dti": 415,
          "sco": 14,
          "dco": 2238,
          "txt": "historians"
        },
        {
          "si": 18,
          "sti": 2,
          "dti": 416,
          "sco": 25,
          "dco": 2249,
          "txt": "have"
        },
        {
          "si": 18,
          "sti": 3,
          "dti": 417,
          "sco": 30,
          "dco": 2254,
          "txt": "understood"
        },
        {
          "si": 18,
          "sti": 4,
          "dti": 418,
          "sco": 41,
          "dco": 2265,
          "txt": "the"
        },
        {
          "si": 18,
          "sti": 5,
          "dti": 419,
          "sco": 45,
          "dco": 2269,
          "txt": "shape"
        },
        {
          "si": 18,
          "sti": 6,
          "dti": 420,
          "sco": 51,
          "dco": 2275,
          "txt": "and"
        },
        {
          "si": 18,
          "sti": 7,
          "dti": 421,
          "sco": 55,
          "dco": 2279,
          "txt": "support"
        },
        {
          "si": 18,
          "sti": 8,
          "dti": 422,
          "sco": 63,
          "dco": 2287,
          "txt": "of"
        },
        {
          "si": 18,
          "sti": 9,
          "dti": 423,
          "sco": 66,
          "dco": 2290,
          "txt": "Third"
        },
        {
          "si": 18,
          "sti": 10,
          "dti": 424,
          "sco": 72,
          "dco": 2296,
          "txt": "Presbyterian"
        },
        {
          "si": 18,
          "sti": 11,
          "dti": 425,
          "sco": 84,
          "dco": 2308,
          "txt": "'"
        },
        {
          "si": 18,
          "sti": 12,
          "dti": 426,
          "sco": 85,
          "dco": 2309,
          "txt": "s"
        },
        {
          "si": 18,
          "sti": 13,
          "dti": 427,
          "sco": 87,
          "dco": 2311,
          "txt": "dome"
        },
        {
          "si": 18,
          "sti": 14,
          "dti": 428,
          "sco": 92,
          "dco": 2316,
          "txt": "as"
        },
        {
          "si": 18,
          "sti": 15,
          "dti": 429,
          "sco": 95,
          "dco": 2319,
          "txt": "an"
        },
        {
          "si": 18,
          "sti": 16,
          "dti": 430,
          "sco": 98,
          "dco": 2322,
          "txt": "indication"
        },
        {
          "si": 18,
          "sti": 17,
          "dti": 431,
          "sco": 109,
          "dco": 2333,
          "txt": "that"
        },
        {
          "si": 18,
          "sti": 18,
          "dti": 432,
          "sco": 114,
          "dco": 2338,
          "txt": "it"
        },
        {
          "si": 18,
          "sti": 19,
          "dti": 433,
          "sco": 117,
          "dco": 2341,
          "txt": "was"
        },
        {
          "si": 18,
          "sti": 20,
          "dti": 434,
          "sco": 121,
          "dco": 2345,
          "txt": "patterned"
        },
        {
          "si": 18,
          "sti": 21,
          "dti": 435,
          "sco": 131,
          "dco": 2355,
          "txt": "after"
        },
        {
          "si": 18,
          "sti": 22,
          "dti": 436,
          "sco": 137,
          "dco": 2361,
          "txt": "the"
        },
        {
          "si": 18,
          "sti": 23,
          "dti": 437,
          "sco": 141,
          "dco": 2365,
          "txt": "Dome"
        },
        {
          "si": 18,
          "sti": 24,
          "dti": 438,
          "sco": 146,
          "dco": 2370,
          "txt": "of"
        },
        {
          "si": 18,
          "sti": 25,
          "dti": 439,
          "sco": 149,
          "dco": 2373,
          "txt": "the"
        },
        {
          "si": 18,
          "sti": 26,
          "dti": 440,
          "sco": 153,
          "dco": 2377,
          "txt": "Rock"
        },
        {
          "si": 18,
          "sti": 27,
          "dti": 441,
          "sco": 158,
          "dco": 2382,
          "txt": "in"
        },
        {
          "si": 18,
          "sti": 28,
          "dti": 442,
          "sco": 161,
          "dco": 2385,
          "txt": "Jerusalem"
        },
        {
          "si": 18,
          "sti": 29,
          "dti": 443,
          "sco": 170,
          "dco": 2394,
          "txt": "."
        },
        {
          "si": 19,
          "sti": 0,
          "dti": 444,
          "sco": 0,
          "dco": 2396,
          "txt": "It"
        },
        {
          "si": 19,
          "sti": 1,
          "dti": 445,
          "sco": 3,
          "dco": 2399,
          "txt": "cannot"
        },
        {
          "si": 19,
          "sti": 2,
          "dti": 446,
          "sco": 10,
          "dco": 2406,
          "txt": "be"
        },
        {
          "si": 19,
          "sti": 3,
          "dti": 447,
          "sco": 13,
          "dco": 2409,
          "txt": "compared"
        },
        {
          "si": 19,
          "sti": 4,
          "dti": 448,
          "sco": 22,
          "dco": 2418,
          "txt": "with"
        },
        {
          "si": 19,
          "sti": 5,
          "dti": 449,
          "sco": 27,
          "dco": 2423,
          "txt": "domes"
        },
        {
          "si": 19,
          "sti": 6,
          "dti": 450,
          "sco": 33,
          "dco": 2429,
          "txt": "in"
        },
        {
          "si": 19,
          "sti": 7,
          "dti": 451,
          "sco": 36,
          "dco": 2432,
          "txt": "any"
        },
        {
          "si": 19,
          "sti": 8,
          "dti": 452,
          "sco": 40,
          "dco": 2436,
          "txt": "other"
        },
        {
          "si": 19,
          "sti": 9,
          "dti": 453,
          "sco": 46,
          "dco": 2442,
          "txt": "Cregar"
        },
        {
          "si": 19,
          "sti": 10,
          "dti": 454,
          "sco": 52,
          "dco": 2448,
          "txt": "-"
        },
        {
          "si": 19,
          "sti": 11,
          "dti": 455,
          "sco": 53,
          "dco": 2449,
          "txt": "designed"
        },
        {
          "si": 19,
          "sti": 12,
          "dti": 456,
          "sco": 62,
          "dco": 2458,
          "txt": "buildings"
        },
        {
          "si": 19,
          "sti": 13,
          "dti": 457,
          "sco": 71,
          "dco": 2467,
          "txt": ","
        },
        {
          "si": 19,
          "sti": 14,
          "dti": 458,
          "sco": 73,
          "dco": 2469,
          "txt": "for"
        },
        {
          "si": 19,
          "sti": 15,
          "dti": 459,
          "sco": 77,
          "dco": 2473,
          "txt": "Third"
        },
        {
          "si": 19,
          "sti": 16,
          "dti": 460,
          "sco": 83,
          "dco": 2479,
          "txt": "Presbyterian"
        },
        {
          "si": 19,
          "sti": 17,
          "dti": 461,
          "sco": 96,
          "dco": 2492,
          "txt": "was"
        },
        {
          "si": 19,
          "sti": 18,
          "dti": 462,
          "sco": 100,
          "dco": 2496,
          "txt": "the"
        },
        {
          "si": 19,
          "sti": 19,
          "dti": 463,
          "sco": 104,
          "dco": 2500,
          "txt": "only"
        },
        {
          "si": 19,
          "sti": 20,
          "dti": 464,
          "sco": 109,
          "dco": 2505,
          "txt": "building"
        },
        {
          "si": 19,
          "sti": 21,
          "dti": 465,
          "sco": 118,
          "dco": 2514,
          "txt": "that"
        },
        {
          "si": 19,
          "sti": 22,
          "dti": 466,
          "sco": 123,
          "dco": 2519,
          "txt": "he"
        },
        {
          "si": 19,
          "sti": 23,
          "dti": 467,
          "sco": 126,
          "dco": 2522,
          "txt": "designed"
        },
        {
          "si": 19,
          "sti": 24,
          "dti": 468,
          "sco": 135,
          "dco": 2531,
          "txt": "with"
        },
        {
          "si": 19,
          "sti": 25,
          "dti": 469,
          "sco": 140,
          "dco": 2536,
          "txt": "a"
        },
        {
          "si": 19,
          "sti": 26,
          "dti": 470,
          "sco": 142,
          "dco": 2538,
          "txt": "dome"
        },
        {
          "si": 19,
          "sti": 27,
          "dti": 471,
          "sco": 146,
          "dco": 2542,
          "txt": "."
        },
        {
          "si": 20,
          "sti": 0,
          "dti": 472,
          "sco": 0,
          "dco": 2544,
          "txt": "Throughout"
        },
        {
          "si": 20,
          "sti": 1,
          "dti": 473,
          "sco": 11,
          "dco": 2555,
          "txt": "the"
        },
        {
          "si": 20,
          "sti": 2,
          "dti": 474,
          "sco": 15,
          "dco": 2559,
          "txt": "church"
        },
        {
          "si": 20,
          "sti": 3,
          "dti": 475,
          "sco": 21,
          "dco": 2565,
          "txt": "'"
        },
        {
          "si": 20,
          "sti": 4,
          "dti": 476,
          "sco": 22,
          "dco": 2566,
          "txt": "s"
        },
        {
          "si": 20,
          "sti": 5,
          "dti": 477,
          "sco": 24,
          "dco": 2568,
          "txt": "history"
        },
        {
          "si": 20,
          "sti": 6,
          "dti": 478,
          "sco": 31,
          "dco": 2575,
          "txt": ","
        },
        {
          "si": 20,
          "sti": 7,
          "dti": 479,
          "sco": 33,
          "dco": 2577,
          "txt": "its"
        },
        {
          "si": 20,
          "sti": 8,
          "dti": 480,
          "sco": 37,
          "dco": 2581,
          "txt": "exterior"
        },
        {
          "si": 20,
          "sti": 9,
          "dti": 481,
          "sco": 46,
          "dco": 2590,
          "txt": "appearance"
        },
        {
          "si": 20,
          "sti": 10,
          "dti": 482,
          "sco": 57,
          "dco": 2601,
          "txt": "has"
        },
        {
          "si": 20,
          "sti": 11,
          "dti": 483,
          "sco": 61,
          "dco": 2605,
          "txt": "remained"
        },
        {
          "si": 20,
          "sti": 12,
          "dti": 484,
          "sco": 70,
          "dco": 2614,
          "txt": "the"
        },
        {
          "si": 20,
          "sti": 13,
          "dti": 485,
          "sco": 74,
          "dco": 2618,
          "txt": "same"
        },
        {
          "si": 20,
          "sti": 14,
          "dti": 486,
          "sco": 78,
          "dco": 2622,
          "txt": ";"
        },
        {
          "si": 20,
          "sti": 15,
          "dti": 487,
          "sco": 80,
          "dco": 2624,
          "txt": "no"
        },
        {
          "si": 20,
          "sti": 16,
          "dti": 488,
          "sco": 83,
          "dco": 2627,
          "txt": "significant"
        },
        {
          "si": 20,
          "sti": 17,
          "dti": 489,
          "sco": 95,
          "dco": 2639,
          "txt": "changes"
        },
        {
          "si": 20,
          "sti": 18,
          "dti": 490,
          "sco": 103,
          "dco": 2647,
          "txt": "have"
        },
        {
          "si": 20,
          "sti": 19,
          "dti": 491,
          "sco": 108,
          "dco": 2652,
          "txt": "ever"
        },
        {
          "si": 20,
          "sti": 20,
          "dti": 492,
          "sco": 113,
          "dco": 2657,
          "txt": "been"
        },
        {
          "si": 20,
          "sti": 21,
          "dti": 493,
          "sco": 118,
          "dco": 2662,
          "txt": "made"
        },
        {
          "si": 20,
          "sti": 22,
          "dti": 494,
          "sco": 123,
          "dco": 2667,
          "txt": "to"
        },
        {
          "si": 20,
          "sti": 23,
          "dti": 495,
          "sco": 126,
          "dco": 2670,
          "txt": "it"
        },
        {
          "si": 20,
          "sti": 24,
          "dti": 496,
          "sco": 128,
          "dco": 2672,
          "txt": "."
        },
        {
          "si": 21,
          "sti": 0,
          "dti": 497,
          "sco": 0,
          "dco": 2674,
          "txt": "Recognition"
        },
        {
          "si": 21,
          "sti": 1,
          "dti": 498,
          "sco": 11,
          "dco": 2685,
          "txt": "."
        },
        {
          "si": 22,
          "sti": 0,
          "dti": 499,
          "sco": 0,
          "dco": 2687,
          "txt": "In"
        },
        {
          "si": 22,
          "sti": 1,
          "dti": 500,
          "sco": 3,
          "dco": 2690,
          "txt": "1980"
        },
        {
          "si": 22,
          "sti": 2,
          "dti": 501,
          "sco": 7,
          "dco": 2694,
          "txt": ","
        },
        {
          "si": 22,
          "sti": 3,
          "dti": 502,
          "sco": 9,
          "dco": 2696,
          "txt": "Third"
        },
        {
          "si": 22,
          "sti": 4,
          "dti": 503,
          "sco": 15,
          "dco": 2702,
          "txt": "Presbyterian"
        },
        {
          "si": 22,
          "sti": 5,
          "dti": 504,
          "sco": 28,
          "dco": 2715,
          "txt": "Church"
        },
        {
          "si": 22,
          "sti": 6,
          "dti": 505,
          "sco": 35,
          "dco": 2722,
          "txt": "was"
        },
        {
          "si": 22,
          "sti": 7,
          "dti": 506,
          "sco": 39,
          "dco": 2726,
          "txt": "listed"
        },
        {
          "si": 22,
          "sti": 8,
          "dti": 507,
          "sco": 46,
          "dco": 2733,
          "txt": "on"
        },
        {
          "si": 22,
          "sti": 9,
          "dti": 508,
          "sco": 49,
          "dco": 2736,
          "txt": "the"
        },
        {
          "si": 22,
          "sti": 10,
          "dti": 509,
          "sco": 53,
          "dco": 2740,
          "txt": "National"
        },
        {
          "si": 22,
          "sti": 11,
          "dti": 510,
          "sco": 62,
          "dco": 2749,
          "txt": "Register"
        },
        {
          "si": 22,
          "sti": 12,
          "dti": 511,
          "sco": 71,
          "dco": 2758,
          "txt": "of"
        },
        {
          "si": 22,
          "sti": 13,
          "dti": 512,
          "sco": 74,
          "dco": 2761,
          "txt": "Historic"
        },
        {
          "si": 22,
          "sti": 14,
          "dti": 513,
          "sco": 83,
          "dco": 2770,
          "txt": "Places"
        },
        {
          "si": 22,
          "sti": 15,
          "dti": 514,
          "sco": 89,
          "dco": 2776,
          "txt": ";"
        },
        {
          "si": 22,
          "sti": 16,
          "dti": 515,
          "sco": 91,
          "dco": 2778,
          "txt": "it"
        },
        {
          "si": 22,
          "sti": 17,
          "dti": 516,
          "sco": 94,
          "dco": 2781,
          "txt": "is"
        },
        {
          "si": 22,
          "sti": 18,
          "dti": 517,
          "sco": 97,
          "dco": 2784,
          "txt": "one"
        },
        {
          "si": 22,
          "sti": 19,
          "dti": 518,
          "sco": 101,
          "dco": 2788,
          "txt": "of"
        },
        {
          "si": 22,
          "sti": 20,
          "dti": 519,
          "sco": 104,
          "dco": 2791,
          "txt": "four"
        },
        {
          "si": 22,
          "sti": 21,
          "dti": 520,
          "sco": 109,
          "dco": 2796,
          "txt": "Springfield"
        },
        {
          "si": 22,
          "sti": 22,
          "dti": 521,
          "sco": 121,
          "dco": 2808,
          "txt": "churches"
        },
        {
          "si": 22,
          "sti": 23,
          "dti": 522,
          "sco": 130,
          "dco": 2817,
          "txt": "on"
        },
        {
          "si": 22,
          "sti": 24,
          "dti": 523,
          "sco": 133,
          "dco": 2820,
          "txt": "the"
        },
        {
          "si": 22,
          "sti": 25,
          "dti": 524,
          "sco": 137,
          "dco": 2824,
          "txt": "Register"
        },
        {
          "si": 22,
          "sti": 26,
          "dti": 525,
          "sco": 145,
          "dco": 2832,
          "txt": ","
        },
        {
          "si": 22,
          "sti": 27,
          "dti": 526,
          "sco": 147,
          "dco": 2834,
          "txt": "along"
        },
        {
          "si": 22,
          "sti": 28,
          "dti": 527,
          "sco": 153,
          "dco": 2840,
          "txt": "with"
        },
        {
          "si": 22,
          "sti": 29,
          "dti": 528,
          "sco": 158,
          "dco": 2845,
          "txt": "St"
        },
        {
          "si": 22,
          "sti": 30,
          "dti": 529,
          "sco": 160,
          "dco": 2847,
          "txt": "."
        },
        {
          "si": 23,
          "sti": 0,
          "dti": 530,
          "sco": 0,
          "dco": 2849,
          "txt": "Raphael"
        },
        {
          "si": 23,
          "sti": 1,
          "dti": 531,
          "sco": 7,
          "dco": 2856,
          "txt": "'"
        },
        {
          "si": 23,
          "sti": 2,
          "dti": 532,
          "sco": 8,
          "dco": 2857,
          "txt": "s"
        },
        {
          "si": 23,
          "sti": 3,
          "dti": 533,
          "sco": 10,
          "dco": 2859,
          "txt": "Catholic"
        },
        {
          "si": 23,
          "sti": 4,
          "dti": 534,
          "sco": 19,
          "dco": 2868,
          "txt": "Church"
        },
        {
          "si": 23,
          "sti": 5,
          "dti": 535,
          "sco": 25,
          "dco": 2874,
          "txt": ","
        },
        {
          "si": 23,
          "sti": 6,
          "dti": 536,
          "sco": 27,
          "dco": 2876,
          "txt": "St"
        },
        {
          "si": 23,
          "sti": 7,
          "dti": 537,
          "sco": 29,
          "dco": 2878,
          "txt": "."
        },
        {
          "si": 24,
          "sti": 0,
          "dti": 538,
          "sco": 0,
          "dco": 2880,
          "txt": "Joseph"
        },
        {
          "si": 24,
          "sti": 1,
          "dti": 539,
          "sco": 6,
          "dco": 2886,
          "txt": "'"
        },
        {
          "si": 24,
          "sti": 2,
          "dti": 540,
          "sco": 7,
          "dco": 2887,
          "txt": "s"
        },
        {
          "si": 24,
          "sti": 3,
          "dti": 541,
          "sco": 9,
          "dco": 2889,
          "txt": "Catholic"
        },
        {
          "si": 24,
          "sti": 4,
          "dti": 542,
          "sco": 18,
          "dco": 2898,
          "txt": "Church"
        },
        {
          "si": 24,
          "sti": 5,
          "dti": 543,
          "sco": 24,
          "dco": 2904,
          "txt": ","
        },
        {
          "si": 24,
          "sti": 6,
          "dti": 544,
          "sco": 26,
          "dco": 2906,
          "txt": "and"
        },
        {
          "si": 24,
          "sti": 7,
          "dti": 545,
          "sco": 30,
          "dco": 2910,
          "txt": "St"
        },
        {
          "si": 24,
          "sti": 8,
          "dti": 546,
          "sco": 32,
          "dco": 2912,
          "txt": "."
        },
        {
          "si": 25,
          "sti": 0,
          "dti": 547,
          "sco": 0,
          "dco": 2914,
          "txt": "John"
        },
        {
          "si": 25,
          "sti": 1,
          "dti": 548,
          "sco": 4,
          "dco": 2918,
          "txt": "'"
        },
        {
          "si": 25,
          "sti": 2,
          "dti": 549,
          "sco": 5,
          "dco": 2919,
          "txt": "s"
        },
        {
          "si": 25,
          "sti": 3,
          "dti": 550,
          "sco": 7,
          "dco": 2921,
          "txt": "Evangelical"
        },
        {
          "si": 25,
          "sti": 4,
          "dti": 551,
          "sco": 19,
          "dco": 2933,
          "txt": "Lutheran"
        },
        {
          "si": 25,
          "sti": 5,
          "dti": 552,
          "sco": 28,
          "dco": 2942,
          "txt": "Church"
        },
        {
          "si": 25,
          "sti": 6,
          "dti": 553,
          "sco": 34,
          "dco": 2948,
          "txt": ","
        },
        {
          "si": 25,
          "sti": 7,
          "dti": 554,
          "sco": 36,
          "dco": 2950,
          "txt": "all"
        },
        {
          "si": 25,
          "sti": 8,
          "dti": 555,
          "sco": 40,
          "dco": 2954,
          "txt": "of"
        },
        {
          "si": 25,
          "sti": 9,
          "dti": 556,
          "sco": 43,
          "dco": 2957,
          "txt": "which"
        },
        {
          "si": 25,
          "sti": 10,
          "dti": 557,
          "sco": 49,
          "dco": 2963,
          "txt": "were"
        },
        {
          "si": 25,
          "sti": 11,
          "dti": 558,
          "sco": 54,
          "dco": 2968,
          "txt": "also"
        },
        {
          "si": 25,
          "sti": 12,
          "dti": 559,
          "sco": 59,
          "dco": 2973,
          "txt": "designed"
        },
        {
          "si": 25,
          "sti": 13,
          "dti": 560,
          "sco": 68,
          "dco": 2982,
          "txt": "by"
        },
        {
          "si": 25,
          "sti": 14,
          "dti": 561,
          "sco": 71,
          "dco": 2985,
          "txt": "Cregar"
        },
        {
          "si": 25,
          "sti": 15,
          "dti": 562,
          "sco": 77,
          "dco": 2991,
          "txt": "."
        },
        {
          "si": 26,
          "sti": 0,
          "dti": 563,
          "sco": 0,
          "dco": 2993,
          "txt": "It"
        },
        {
          "si": 26,
          "sti": 1,
          "dti": 564,
          "sco": 3,
          "dco": 2996,
          "txt": "qualified"
        },
        {
          "si": 26,
          "sti": 2,
          "dti": 565,
          "sco": 13,
          "dco": 3006,
          "txt": "for"
        },
        {
          "si": 26,
          "sti": 3,
          "dti": 566,
          "sco": 17,
          "dco": 3010,
          "txt": "inclusion"
        },
        {
          "si": 26,
          "sti": 4,
          "dti": 567,
          "sco": 27,
          "dco": 3020,
          "txt": "on"
        },
        {
          "si": 26,
          "sti": 5,
          "dti": 568,
          "sco": 30,
          "dco": 3023,
          "txt": "the"
        },
        {
          "si": 26,
          "sti": 6,
          "dti": 569,
          "sco": 34,
          "dco": 3027,
          "txt": "Register"
        },
        {
          "si": 26,
          "sti": 7,
          "dti": 570,
          "sco": 43,
          "dco": 3036,
          "txt": "due"
        },
        {
          "si": 26,
          "sti": 8,
          "dti": 571,
          "sco": 47,
          "dco": 3040,
          "txt": "to"
        },
        {
          "si": 26,
          "sti": 9,
          "dti": 572,
          "sco": 50,
          "dco": 3043,
          "txt": "its"
        },
        {
          "si": 26,
          "sti": 10,
          "dti": 573,
          "sco": 54,
          "dco": 3047,
          "txt": "historically"
        },
        {
          "si": 26,
          "sti": 11,
          "dti": 574,
          "sco": 67,
          "dco": 3060,
          "txt": "significant"
        },
        {
          "si": 26,
          "sti": 12,
          "dti": 575,
          "sco": 79,
          "dco": 3072,
          "txt": "architecture"
        },
        {
          "si": 26,
          "sti": 13,
          "dti": 576,
          "sco": 91,
          "dco": 3084,
          "txt": ","
        },
        {
          "si": 26,
          "sti": 14,
          "dti": 577,
          "sco": 93,
          "dco": 3086,
          "txt": "which"
        },
        {
          "si": 26,
          "sti": 15,
          "dti": 578,
          "sco": 99,
          "dco": 3092,
          "txt": "was"
        },
        {
          "si": 26,
          "sti": 16,
          "dti": 579,
          "sco": 103,
          "dco": 3096,
          "txt": "deemed"
        },
        {
          "si": 26,
          "sti": 17,
          "dti": 580,
          "sco": 110,
          "dco": 3103,
          "txt": "to"
        },
        {
          "si": 26,
          "sti": 18,
          "dti": 581,
          "sco": 113,
          "dco": 3106,
          "txt": "be"
        },
        {
          "si": 26,
          "sti": 19,
          "dti": 582,
          "sco": 116,
          "dco": 3109,
          "txt": "significant"
        },
        {
          "si": 26,
          "sti": 20,
          "dti": 583,
          "sco": 128,
          "dco": 3121,
          "txt": "throughout"
        },
        {
          "si": 26,
          "sti": 21,
          "dti": 584,
          "sco": 139,
          "dco": 3132,
          "txt": "Ohio"
        },
        {
          "si": 26,
          "sti": 22,
          "dti": 585,
          "sco": 143,
          "dco": 3136,
          "txt": ";"
        },
        {
          "si": 26,
          "sti": 23,
          "dti": 586,
          "sco": 145,
          "dco": 3138,
          "txt": "seen"
        },
        {
          "si": 26,
          "sti": 24,
          "dti": 587,
          "sco": 150,
          "dco": 3143,
          "txt": "as"
        },
        {
          "si": 26,
          "sti": 25,
          "dti": 588,
          "sco": 153,
          "dco": 3146,
          "txt": "the"
        },
        {
          "si": 26,
          "sti": 26,
          "dti": 589,
          "sco": 157,
          "dco": 3150,
          "txt": "leading"
        },
        {
          "si": 26,
          "sti": 27,
          "dti": 590,
          "sco": 165,
          "dco": 3158,
          "txt": "part"
        },
        {
          "si": 26,
          "sti": 28,
          "dti": 591,
          "sco": 170,
          "dco": 3163,
          "txt": "of"
        },
        {
          "si": 26,
          "sti": 29,
          "dti": 592,
          "sco": 173,
          "dco": 3166,
          "txt": "its"
        },
        {
          "si": 26,
          "sti": 30,
          "dti": 593,
          "sco": 177,
          "dco": 3170,
          "txt": "architecture"
        },
        {
          "si": 26,
          "sti": 31,
          "dti": 594,
          "sco": 190,
          "dco": 3183,
          "txt": "and"
        },
        {
          "si": 26,
          "sti": 32,
          "dti": 595,
          "sco": 194,
          "dco": 3187,
          "txt": "thus"
        },
        {
          "si": 26,
          "sti": 33,
          "dti": 596,
          "sco": 199,
          "dco": 3192,
          "txt": "of"
        },
        {
          "si": 26,
          "sti": 34,
          "dti": 597,
          "sco": 202,
          "dco": 3195,
          "txt": "its"
        },
        {
          "si": 26,
          "sti": 35,
          "dti": 598,
          "sco": 206,
          "dco": 3199,
          "txt": "historic"
        },
        {
          "si": 26,
          "sti": 36,
          "dti": 599,
          "sco": 215,
          "dco": 3208,
          "txt": "significance"
        },
        {
          "si": 26,
          "sti": 37,
          "dti": 600,
          "sco": 228,
          "dco": 3221,
          "txt": "was"
        },
        {
          "si": 26,
          "sti": 38,
          "dti": 601,
          "sco": 232,
          "dco": 3225,
          "txt": "its"
        },
        {
          "si": 26,
          "sti": 39,
          "dti": 602,
          "sco": 236,
          "dco": 3229,
          "txt": "unique"
        },
        {
          "si": 26,
          "sti": 40,
          "dti": 603,
          "sco": 243,
          "dco": 3236,
          "txt": "octagonal"
        },
        {
          "si": 26,
          "sti": 41,
          "dti": 604,
          "sco": 253,
          "dco": 3246,
          "txt": "onion"
        },
        {
          "si": 26,
          "sti": 42,
          "dti": 605,
          "sco": 259,
          "dco": 3252,
          "txt": "dome"
        },
        {
          "si": 26,
          "sti": 43,
          "dti": 606,
          "sco": 263,
          "dco": 3256,
          "txt": "."
        }
      ]
    },
    "ganns": {
      "dla": [],
      "la": [],
      "ea": [],
      "eta": [
        {
          "ra": {
            "ea": {
              "etn": "Third_Presbyterian_Church_(Springfield,_Ohio)"
            }
          },
          "sfs": [
            [
              {
                "stn": "openingYear"
              },
              {}
            ]
          ],
          "mfs": [
            [
              {
                "stn": "architect"
              },
              {
                "dla": [],
                "la": [],
                "ea": [
                  {
                    "etn": "Charles_A._Cregar"
                  }
                ],
                "eta": []
              }
            ],
            [
              {
                "stn": "yearOfConstruction"
              },
              {
                "dla": [
                  {
                    "txt": {
                      "sff": "1894"
                    },
                    "et": {
                      "etn": "Year"
                    },
                    "dp": {
                      "off": 203
                    }
                  }
                ],
                "la": [],
                "ea": [],
                "eta": []
              }
            ],
            [
              {
                "stn": "architecturalStyle"
              },
              {
                "dla": [],
                "la": [],
                "ea": [
                  {
                    "etn": "Romanesque_Revival_architecture"
                  }
                ],
                "eta": []
              }
            ],
            [
              {
                "stn": "location"
              },
              {
                "dla": [],
                "la": [],
                "ea": [
                  {
                    "etn": "Springfield,_Ohio"
                  },
                  {
                    "etn": "Ohio"
                  }
                ],
                "eta": []
              }
            ]
          ]
        }
      ]
    }
  }
]
