[
  {
    "context": "TRAIN",
    "doc": {
      "id": "United_States_Post_Office_and_Federal_Courthouse-Colorado_Springs_Main",
      "tl": [
        {
          "si": 0,
          "sti": 0,
          "dti": 0,
          "sco": 0,
          "dco": 0,
          "txt": "United"
        },
        {
          "si": 0,
          "sti": 1,
          "dti": 1,
          "sco": 7,
          "dco": 7,
          "txt": "States"
        },
        {
          "si": 0,
          "sti": 2,
          "dti": 2,
          "sco": 14,
          "dco": 14,
          "txt": "Post"
        },
        {
          "si": 0,
          "sti": 3,
          "dti": 3,
          "sco": 19,
          "dco": 19,
          "txt": "Office"
        },
        {
          "si": 0,
          "sti": 4,
          "dti": 4,
          "sco": 26,
          "dco": 26,
          "txt": "and"
        },
        {
          "si": 0,
          "sti": 5,
          "dti": 5,
          "sco": 30,
          "dco": 30,
          "txt": "Federal"
        },
        {
          "si": 0,
          "sti": 6,
          "dti": 6,
          "sco": 38,
          "dco": 38,
          "txt": "Courthouse"
        },
        {
          "si": 0,
          "sti": 7,
          "dti": 7,
          "sco": 48,
          "dco": 48,
          "txt": "-"
        },
        {
          "si": 0,
          "sti": 8,
          "dti": 8,
          "sco": 49,
          "dco": 49,
          "txt": "Colorado"
        },
        {
          "si": 0,
          "sti": 9,
          "dti": 9,
          "sco": 58,
          "dco": 58,
          "txt": "Springs"
        },
        {
          "si": 0,
          "sti": 10,
          "dti": 10,
          "sco": 66,
          "dco": 66,
          "txt": "Main"
        },
        {
          "si": 0,
          "sti": 11,
          "dti": 11,
          "sco": 70,
          "dco": 70,
          "txt": "."
        },
        {
          "si": 1,
          "sti": 0,
          "dti": 12,
          "sco": 0,
          "dco": 72,
          "txt": "US"
        },
        {
          "si": 1,
          "sti": 1,
          "dti": 13,
          "sco": 3,
          "dco": 75,
          "txt": "Post"
        },
        {
          "si": 1,
          "sti": 2,
          "dti": 14,
          "sco": 8,
          "dco": 80,
          "txt": "Office"
        },
        {
          "si": 1,
          "sti": 3,
          "dti": 15,
          "sco": 15,
          "dco": 87,
          "txt": "and"
        },
        {
          "si": 1,
          "sti": 4,
          "dti": 16,
          "sco": 19,
          "dco": 91,
          "txt": "Federal"
        },
        {
          "si": 1,
          "sti": 5,
          "dti": 17,
          "sco": 27,
          "dco": 99,
          "txt": "Courthouse"
        },
        {
          "si": 1,
          "sti": 6,
          "dti": 18,
          "sco": 37,
          "dco": 109,
          "txt": "-"
        },
        {
          "si": 1,
          "sti": 7,
          "dti": 19,
          "sco": 38,
          "dco": 110,
          "txt": "Colorado"
        },
        {
          "si": 1,
          "sti": 8,
          "dti": 20,
          "sco": 47,
          "dco": 119,
          "txt": "Springs"
        },
        {
          "si": 1,
          "sti": 9,
          "dti": 21,
          "sco": 55,
          "dco": 127,
          "txt": "Main"
        },
        {
          "si": 1,
          "sti": 10,
          "dti": 22,
          "sco": 59,
          "dco": 131,
          "txt": ","
        },
        {
          "si": 1,
          "sti": 11,
          "dti": 23,
          "sco": 61,
          "dco": 133,
          "txt": "also"
        },
        {
          "si": 1,
          "sti": 12,
          "dti": 24,
          "sco": 66,
          "dco": 138,
          "txt": "known"
        },
        {
          "si": 1,
          "sti": 13,
          "dti": 25,
          "sco": 72,
          "dco": 144,
          "txt": "as"
        },
        {
          "si": 1,
          "sti": 14,
          "dti": 26,
          "sco": 75,
          "dco": 147,
          "txt": "the"
        },
        {
          "si": 1,
          "sti": 15,
          "dti": 27,
          "sco": 79,
          "dco": 151,
          "txt": "Colorado"
        },
        {
          "si": 1,
          "sti": 16,
          "dti": 28,
          "sco": 88,
          "dco": 160,
          "txt": "Springs"
        },
        {
          "si": 1,
          "sti": 17,
          "dti": 29,
          "sco": 96,
          "dco": 168,
          "txt": "Post"
        },
        {
          "si": 1,
          "sti": 18,
          "dti": 30,
          "sco": 101,
          "dco": 173,
          "txt": "Office"
        },
        {
          "si": 1,
          "sti": 19,
          "dti": 31,
          "sco": 108,
          "dco": 180,
          "txt": "and"
        },
        {
          "si": 1,
          "sti": 20,
          "dti": 32,
          "sco": 112,
          "dco": 184,
          "txt": "Federal"
        },
        {
          "si": 1,
          "sti": 21,
          "dti": 33,
          "sco": 120,
          "dco": 192,
          "txt": "Courthouse"
        },
        {
          "si": 1,
          "sti": 22,
          "dti": 34,
          "sco": 130,
          "dco": 202,
          "txt": ","
        },
        {
          "si": 1,
          "sti": 23,
          "dti": 35,
          "sco": 132,
          "dco": 204,
          "txt": "is"
        },
        {
          "si": 1,
          "sti": 24,
          "dti": 36,
          "sco": 135,
          "dco": 207,
          "txt": "a"
        },
        {
          "si": 1,
          "sti": 25,
          "dti": 37,
          "sco": 137,
          "dco": 209,
          "txt": "historic"
        },
        {
          "si": 1,
          "sti": 26,
          "dti": 38,
          "sco": 146,
          "dco": 218,
          "txt": "federal"
        },
        {
          "si": 1,
          "sti": 27,
          "dti": 39,
          "sco": 154,
          "dco": 226,
          "txt": "building"
        },
        {
          "si": 1,
          "sti": 28,
          "dti": 40,
          "sco": 163,
          "dco": 235,
          "txt": "that"
        },
        {
          "si": 1,
          "sti": 29,
          "dti": 41,
          "sco": 168,
          "dco": 240,
          "txt": "serves"
        },
        {
          "si": 1,
          "sti": 30,
          "dti": 42,
          "sco": 175,
          "dco": 247,
          "txt": "as"
        },
        {
          "si": 1,
          "sti": 31,
          "dti": 43,
          "sco": 178,
          "dco": 250,
          "txt": "a"
        },
        {
          "si": 1,
          "sti": 32,
          "dti": 44,
          "sco": 180,
          "dco": 252,
          "txt": "post"
        },
        {
          "si": 1,
          "sti": 33,
          "dti": 45,
          "sco": 185,
          "dco": 257,
          "txt": "office"
        },
        {
          "si": 1,
          "sti": 34,
          "dti": 46,
          "sco": 192,
          "dco": 264,
          "txt": "and"
        },
        {
          "si": 1,
          "sti": 35,
          "dti": 47,
          "sco": 196,
          "dco": 268,
          "txt": "courthouse"
        },
        {
          "si": 1,
          "sti": 36,
          "dti": 48,
          "sco": 206,
          "dco": 278,
          "txt": "."
        },
        {
          "si": 2,
          "sti": 0,
          "dti": 49,
          "sco": 0,
          "dco": 280,
          "txt": "It"
        },
        {
          "si": 2,
          "sti": 1,
          "dti": 50,
          "sco": 3,
          "dco": 283,
          "txt": "is"
        },
        {
          "si": 2,
          "sti": 2,
          "dti": 51,
          "sco": 6,
          "dco": 286,
          "txt": "located"
        },
        {
          "si": 2,
          "sti": 3,
          "dti": 52,
          "sco": 14,
          "dco": 294,
          "txt": "at"
        },
        {
          "si": 2,
          "sti": 4,
          "dti": 53,
          "sco": 17,
          "dco": 297,
          "txt": "210"
        },
        {
          "si": 2,
          "sti": 5,
          "dti": 54,
          "sco": 21,
          "dco": 301,
          "txt": "East"
        },
        {
          "si": 2,
          "sti": 6,
          "dti": 55,
          "sco": 26,
          "dco": 306,
          "txt": "Pikes"
        },
        {
          "si": 2,
          "sti": 7,
          "dti": 56,
          "sco": 32,
          "dco": 312,
          "txt": "Peak"
        },
        {
          "si": 2,
          "sti": 8,
          "dti": 57,
          "sco": 37,
          "dco": 317,
          "txt": "Avenue"
        },
        {
          "si": 2,
          "sti": 9,
          "dti": 58,
          "sco": 44,
          "dco": 324,
          "txt": "in"
        },
        {
          "si": 2,
          "sti": 10,
          "dti": 59,
          "sco": 47,
          "dco": 327,
          "txt": "Colorado"
        },
        {
          "si": 2,
          "sti": 11,
          "dti": 60,
          "sco": 56,
          "dco": 336,
          "txt": "Springs"
        },
        {
          "si": 2,
          "sti": 12,
          "dti": 61,
          "sco": 63,
          "dco": 343,
          "txt": ","
        },
        {
          "si": 2,
          "sti": 13,
          "dti": 62,
          "sco": 65,
          "dco": 345,
          "txt": "Colorado"
        },
        {
          "si": 2,
          "sti": 14,
          "dti": 63,
          "sco": 73,
          "dco": 353,
          "txt": "."
        },
        {
          "si": 3,
          "sti": 0,
          "dti": 64,
          "sco": 0,
          "dco": 355,
          "txt": "The"
        },
        {
          "si": 3,
          "sti": 1,
          "dti": 65,
          "sco": 4,
          "dco": 359,
          "txt": "Renaissance"
        },
        {
          "si": 3,
          "sti": 2,
          "dti": 66,
          "sco": 16,
          "dco": 371,
          "txt": "Revival"
        },
        {
          "si": 3,
          "sti": 3,
          "dti": 67,
          "sco": 24,
          "dco": 379,
          "txt": "-"
        },
        {
          "si": 3,
          "sti": 4,
          "dti": 68,
          "sco": 26,
          "dco": 381,
          "txt": "Beaux"
        },
        {
          "si": 3,
          "sti": 5,
          "dti": 69,
          "sco": 31,
          "dco": 386,
          "txt": "-"
        },
        {
          "si": 3,
          "sti": 6,
          "dti": 70,
          "sco": 32,
          "dco": 387,
          "txt": "Arts"
        },
        {
          "si": 3,
          "sti": 7,
          "dti": 71,
          "sco": 37,
          "dco": 392,
          "txt": "style"
        },
        {
          "si": 3,
          "sti": 8,
          "dti": 72,
          "sco": 43,
          "dco": 398,
          "txt": "building"
        },
        {
          "si": 3,
          "sti": 9,
          "dti": 73,
          "sco": 52,
          "dco": 407,
          "txt": "is"
        },
        {
          "si": 3,
          "sti": 10,
          "dti": 74,
          "sco": 55,
          "dco": 410,
          "txt": "a"
        },
        {
          "si": 3,
          "sti": 11,
          "dti": 75,
          "sco": 57,
          "dco": 412,
          "txt": "National"
        },
        {
          "si": 3,
          "sti": 12,
          "dti": 76,
          "sco": 66,
          "dco": 421,
          "txt": "Register"
        },
        {
          "si": 3,
          "sti": 13,
          "dti": 77,
          "sco": 75,
          "dco": 430,
          "txt": "of"
        },
        {
          "si": 3,
          "sti": 14,
          "dti": 78,
          "sco": 78,
          "dco": 433,
          "txt": "Historic"
        },
        {
          "si": 3,
          "sti": 15,
          "dti": 79,
          "sco": 87,
          "dco": 442,
          "txt": "Places"
        },
        {
          "si": 3,
          "sti": 16,
          "dti": 80,
          "sco": 94,
          "dco": 449,
          "txt": "listing"
        },
        {
          "si": 3,
          "sti": 17,
          "dti": 81,
          "sco": 102,
          "dco": 457,
          "txt": "and"
        },
        {
          "si": 3,
          "sti": 18,
          "dti": 82,
          "sco": 106,
          "dco": 461,
          "txt": "is"
        },
        {
          "si": 3,
          "sti": 19,
          "dti": 83,
          "sco": 109,
          "dco": 464,
          "txt": "on"
        },
        {
          "si": 3,
          "sti": 20,
          "dti": 84,
          "sco": 112,
          "dco": 467,
          "txt": "the"
        },
        {
          "si": 3,
          "sti": 21,
          "dti": 85,
          "sco": 116,
          "dco": 471,
          "txt": "Colorado"
        },
        {
          "si": 3,
          "sti": 22,
          "dti": 86,
          "sco": 125,
          "dco": 480,
          "txt": "State"
        },
        {
          "si": 3,
          "sti": 23,
          "dti": 87,
          "sco": 131,
          "dco": 486,
          "txt": "Register"
        },
        {
          "si": 3,
          "sti": 24,
          "dti": 88,
          "sco": 140,
          "dco": 495,
          "txt": "of"
        },
        {
          "si": 3,
          "sti": 25,
          "dti": 89,
          "sco": 143,
          "dco": 498,
          "txt": "Historic"
        },
        {
          "si": 3,
          "sti": 26,
          "dti": 90,
          "sco": 152,
          "dco": 507,
          "txt": "Properties"
        },
        {
          "si": 3,
          "sti": 27,
          "dti": 91,
          "sco": 162,
          "dco": 517,
          "txt": "."
        },
        {
          "si": 4,
          "sti": 0,
          "dti": 92,
          "sco": 0,
          "dco": 519,
          "txt": "Overview"
        },
        {
          "si": 4,
          "sti": 1,
          "dti": 93,
          "sco": 8,
          "dco": 527,
          "txt": "."
        },
        {
          "si": 5,
          "sti": 0,
          "dti": 94,
          "sco": 0,
          "dco": 529,
          "txt": "The"
        },
        {
          "si": 5,
          "sti": 1,
          "dti": 95,
          "sco": 4,
          "dco": 533,
          "txt": "land"
        },
        {
          "si": 5,
          "sti": 2,
          "dti": 96,
          "sco": 9,
          "dco": 538,
          "txt": "for"
        },
        {
          "si": 5,
          "sti": 3,
          "dti": 97,
          "sco": 13,
          "dco": 542,
          "txt": "the"
        },
        {
          "si": 5,
          "sti": 4,
          "dti": 98,
          "sco": 17,
          "dco": 546,
          "txt": "property"
        },
        {
          "si": 5,
          "sti": 5,
          "dti": 99,
          "sco": 26,
          "dco": 555,
          "txt": "was"
        },
        {
          "si": 5,
          "sti": 6,
          "dti": 100,
          "sco": 30,
          "dco": 559,
          "txt": "donated"
        },
        {
          "si": 5,
          "sti": 7,
          "dti": 101,
          "sco": 38,
          "dco": 567,
          "txt": "by"
        },
        {
          "si": 5,
          "sti": 8,
          "dti": 102,
          "sco": 41,
          "dco": 570,
          "txt": "Winfield"
        },
        {
          "si": 5,
          "sti": 9,
          "dti": 103,
          "sco": 50,
          "dco": 579,
          "txt": "Scott"
        },
        {
          "si": 5,
          "sti": 10,
          "dti": 104,
          "sco": 56,
          "dco": 585,
          "txt": "Stratton"
        },
        {
          "si": 5,
          "sti": 11,
          "dti": 105,
          "sco": 64,
          "dco": 593,
          "txt": "."
        },
        {
          "si": 6,
          "sti": 0,
          "dti": 106,
          "sco": 0,
          "dco": 595,
          "txt": "Designed"
        },
        {
          "si": 6,
          "sti": 1,
          "dti": 107,
          "sco": 9,
          "dco": 604,
          "txt": "by"
        },
        {
          "si": 6,
          "sti": 2,
          "dti": 108,
          "sco": 12,
          "dco": 607,
          "txt": "James"
        },
        {
          "si": 6,
          "sti": 3,
          "dti": 109,
          "sco": 18,
          "dco": 613,
          "txt": "Knox"
        },
        {
          "si": 6,
          "sti": 4,
          "dti": 110,
          "sco": 23,
          "dco": 618,
          "txt": "Taylor"
        },
        {
          "si": 6,
          "sti": 5,
          "dti": 111,
          "sco": 30,
          "dco": 625,
          "txt": "the"
        },
        {
          "si": 6,
          "sti": 6,
          "dti": 112,
          "sco": 34,
          "dco": 629,
          "txt": "building"
        },
        {
          "si": 6,
          "sti": 7,
          "dti": 113,
          "sco": 43,
          "dco": 638,
          "txt": "was"
        },
        {
          "si": 6,
          "sti": 8,
          "dti": 114,
          "sco": 47,
          "dco": 642,
          "txt": "constructed"
        },
        {
          "si": 6,
          "sti": 9,
          "dti": 115,
          "sco": 59,
          "dco": 654,
          "txt": "between"
        },
        {
          "si": 6,
          "sti": 10,
          "dti": 116,
          "sco": 67,
          "dco": 662,
          "txt": "1908"
        },
        {
          "si": 6,
          "sti": 11,
          "dti": 117,
          "sco": 72,
          "dco": 667,
          "txt": "and"
        },
        {
          "si": 6,
          "sti": 12,
          "dti": 118,
          "sco": 76,
          "dco": 671,
          "txt": "1910"
        },
        {
          "si": 6,
          "sti": 13,
          "dti": 119,
          "sco": 80,
          "dco": 675,
          "txt": "."
        },
        {
          "si": 7,
          "sti": 0,
          "dti": 120,
          "sco": 0,
          "dco": 677,
          "txt": "Taylor"
        },
        {
          "si": 7,
          "sti": 1,
          "dti": 121,
          "sco": 6,
          "dco": 683,
          "txt": ","
        },
        {
          "si": 7,
          "sti": 2,
          "dti": 122,
          "sco": 8,
          "dco": 685,
          "txt": "Supervising"
        },
        {
          "si": 7,
          "sti": 3,
          "dti": 123,
          "sco": 20,
          "dco": 697,
          "txt": "Architect"
        },
        {
          "si": 7,
          "sti": 4,
          "dti": 124,
          "sco": 30,
          "dco": 707,
          "txt": "of"
        },
        {
          "si": 7,
          "sti": 5,
          "dti": 125,
          "sco": 33,
          "dco": 710,
          "txt": "the"
        },
        {
          "si": 7,
          "sti": 6,
          "dti": 126,
          "sco": 37,
          "dco": 714,
          "txt": "Department"
        },
        {
          "si": 7,
          "sti": 7,
          "dti": 127,
          "sco": 48,
          "dco": 725,
          "txt": "of"
        },
        {
          "si": 7,
          "sti": 8,
          "dti": 128,
          "sco": 51,
          "dco": 728,
          "txt": "the"
        },
        {
          "si": 7,
          "sti": 9,
          "dti": 129,
          "sco": 55,
          "dco": 732,
          "txt": "Treasury"
        },
        {
          "si": 7,
          "sti": 10,
          "dti": 130,
          "sco": 63,
          "dco": 740,
          "txt": ","
        },
        {
          "si": 7,
          "sti": 11,
          "dti": 131,
          "sco": 65,
          "dco": 742,
          "txt": "oversaw"
        },
        {
          "si": 7,
          "sti": 12,
          "dti": 132,
          "sco": 73,
          "dco": 750,
          "txt": "the"
        },
        {
          "si": 7,
          "sti": 13,
          "dti": 133,
          "sco": 77,
          "dco": 754,
          "txt": "design"
        },
        {
          "si": 7,
          "sti": 14,
          "dti": 134,
          "sco": 84,
          "dco": 761,
          "txt": "of"
        },
        {
          "si": 7,
          "sti": 15,
          "dti": 135,
          "sco": 87,
          "dco": 764,
          "txt": "30"
        },
        {
          "si": 7,
          "sti": 16,
          "dti": 136,
          "sco": 90,
          "dco": 767,
          "txt": "federal"
        },
        {
          "si": 7,
          "sti": 17,
          "dti": 137,
          "sco": 98,
          "dco": 775,
          "txt": "buildings"
        },
        {
          "si": 7,
          "sti": 18,
          "dti": 138,
          "sco": 107,
          "dco": 784,
          "txt": "."
        },
        {
          "si": 8,
          "sti": 0,
          "dti": 139,
          "sco": 0,
          "dco": 786,
          "txt": "It"
        },
        {
          "si": 8,
          "sti": 1,
          "dti": 140,
          "sco": 3,
          "dco": 789,
          "txt": "was"
        },
        {
          "si": 8,
          "sti": 2,
          "dti": 141,
          "sco": 7,
          "dco": 793,
          "txt": "the"
        },
        {
          "si": 8,
          "sti": 3,
          "dti": 142,
          "sco": 11,
          "dco": 797,
          "txt": "city"
        },
        {
          "si": 8,
          "sti": 4,
          "dti": 143,
          "sco": 15,
          "dco": 801,
          "txt": "'"
        },
        {
          "si": 8,
          "sti": 5,
          "dti": 144,
          "sco": 16,
          "dco": 802,
          "txt": "s"
        },
        {
          "si": 8,
          "sti": 6,
          "dti": 145,
          "sco": 18,
          "dco": 804,
          "txt": "first"
        },
        {
          "si": 8,
          "sti": 7,
          "dti": 146,
          "sco": 24,
          "dco": 810,
          "txt": "federal"
        },
        {
          "si": 8,
          "sti": 8,
          "dti": 147,
          "sco": 32,
          "dco": 818,
          "txt": "building"
        },
        {
          "si": 8,
          "sti": 9,
          "dti": 148,
          "sco": 40,
          "dco": 826,
          "txt": "."
        },
        {
          "si": 9,
          "sti": 0,
          "dti": 149,
          "sco": 0,
          "dco": 828,
          "txt": "It"
        },
        {
          "si": 9,
          "sti": 1,
          "dti": 150,
          "sco": 3,
          "dco": 831,
          "txt": "is"
        },
        {
          "si": 9,
          "sti": 2,
          "dti": 151,
          "sco": 6,
          "dco": 834,
          "txt": "made"
        },
        {
          "si": 9,
          "sti": 3,
          "dti": 152,
          "sco": 11,
          "dco": 839,
          "txt": "of"
        },
        {
          "si": 9,
          "sti": 4,
          "dti": 153,
          "sco": 14,
          "dco": 842,
          "txt": "granite"
        },
        {
          "si": 9,
          "sti": 5,
          "dti": 154,
          "sco": 22,
          "dco": 850,
          "txt": "and"
        },
        {
          "si": 9,
          "sti": 6,
          "dti": 155,
          "sco": 26,
          "dco": 854,
          "txt": "is"
        },
        {
          "si": 9,
          "sti": 7,
          "dti": 156,
          "sco": 29,
          "dco": 857,
          "txt": "a"
        },
        {
          "si": 9,
          "sti": 8,
          "dti": 157,
          "sco": 31,
          "dco": 859,
          "txt": "Beaux"
        },
        {
          "si": 9,
          "sti": 9,
          "dti": 158,
          "sco": 36,
          "dco": 864,
          "txt": "-"
        },
        {
          "si": 9,
          "sti": 10,
          "dti": 159,
          "sco": 37,
          "dco": 865,
          "txt": "Arts"
        },
        {
          "si": 9,
          "sti": 11,
          "dti": 160,
          "sco": 42,
          "dco": 870,
          "txt": "design"
        },
        {
          "si": 9,
          "sti": 12,
          "dti": 161,
          "sco": 49,
          "dco": 877,
          "txt": "of"
        },
        {
          "si": 9,
          "sti": 13,
          "dti": 162,
          "sco": 52,
          "dco": 880,
          "txt": "an"
        },
        {
          "si": 9,
          "sti": 14,
          "dti": 163,
          "sco": 55,
          "dco": 883,
          "txt": "Italian"
        },
        {
          "si": 9,
          "sti": 15,
          "dti": 164,
          "sco": 63,
          "dco": 891,
          "txt": "Renaissance"
        },
        {
          "si": 9,
          "sti": 16,
          "dti": 165,
          "sco": 75,
          "dco": 903,
          "txt": "Revival"
        },
        {
          "si": 9,
          "sti": 17,
          "dti": 166,
          "sco": 82,
          "dco": 910,
          "txt": "."
        }
      ]
    },
    "ganns": {
      "dla": [],
      "la": [],
      "ea": [],
      "eta": [
        {
          "ra": {
            "ea": {
              "etn": "United_States_Post_Office_and_Federal_Courthouse-Colorado_Springs_Main"
            }
          },
          "sfs": [
            [
              {
                "stn": "openingYear"
              },
              {}
            ]
          ],
          "mfs": [
            [
              {
                "stn": "architect"
              },
              {
                "dla": [],
                "la": [],
                "ea": [
                  {
                    "etn": "James_Knox_Taylor"
                  }
                ],
                "eta": []
              }
            ],
            [
              {
                "stn": "yearOfConstruction"
              },
              {
                "dla": [
                  {
                    "txt": {
                      "sff": "1908"
                    },
                    "et": {
                      "etn": "Year"
                    },
                    "dp": {
                      "off": 662
                    }
                  }
                ],
                "la": [],
                "ea": [],
                "eta": []
              }
            ],
            [
              {
                "stn": "architecturalStyle"
              },
              {
                "dla": [],
                "la": [],
                "ea": [
                  {
                    "etn": "Beaux-Arts_architecture"
                  }
                ],
                "eta": []
              }
            ],
            [
              {
                "stn": "location"
              },
              {
                "dla": [],
                "la": [],
                "ea": [
                  {
                    "etn": "Colorado_Springs,_Colorado"
                  }
                ],
                "eta": []
              }
            ]
          ]
        }
      ]
    }
  }
]
