[
  {
    "context": "TEST",
    "doc": {
      "id": "Vancroft",
      "tl": [
        {
          "si": 0,
          "sti": 0,
          "dti": 0,
          "sco": 0,
          "dco": 0,
          "txt": "Vancroft"
        },
        {
          "si": 0,
          "sti": 1,
          "dti": 1,
          "sco": 8,
          "dco": 8,
          "txt": "."
        },
        {
          "si": 1,
          "sti": 0,
          "dti": 2,
          "sco": 0,
          "dco": 10,
          "txt": "Vancroft"
        },
        {
          "si": 1,
          "sti": 1,
          "dti": 3,
          "sco": 8,
          "dco": 18,
          "txt": ","
        },
        {
          "si": 1,
          "sti": 2,
          "dti": 4,
          "sco": 10,
          "dco": 20,
          "txt": "also"
        },
        {
          "si": 1,
          "sti": 3,
          "dti": 5,
          "sco": 15,
          "dco": 25,
          "txt": "known"
        },
        {
          "si": 1,
          "sti": 4,
          "dti": 6,
          "sco": 21,
          "dco": 31,
          "txt": "as"
        },
        {
          "si": 1,
          "sti": 5,
          "dti": 7,
          "sco": 24,
          "dco": 34,
          "txt": "Mt"
        },
        {
          "si": 1,
          "sti": 6,
          "dti": 8,
          "sco": 26,
          "dco": 36,
          "txt": "."
        },
        {
          "si": 2,
          "sti": 0,
          "dti": 9,
          "sco": 0,
          "dco": 38,
          "txt": "St"
        },
        {
          "si": 2,
          "sti": 1,
          "dti": 10,
          "sco": 2,
          "dco": 40,
          "txt": "."
        },
        {
          "si": 3,
          "sti": 0,
          "dti": 11,
          "sco": 0,
          "dco": 42,
          "txt": "George"
        },
        {
          "si": 3,
          "sti": 1,
          "dti": 12,
          "sco": 7,
          "dco": 49,
          "txt": "Historic"
        },
        {
          "si": 3,
          "sti": 2,
          "dti": 13,
          "sco": 16,
          "dco": 58,
          "txt": "District"
        },
        {
          "si": 3,
          "sti": 3,
          "dti": 14,
          "sco": 24,
          "dco": 66,
          "txt": ","
        },
        {
          "si": 3,
          "sti": 4,
          "dti": 15,
          "sco": 26,
          "dco": 68,
          "txt": "is"
        },
        {
          "si": 3,
          "sti": 5,
          "dti": 16,
          "sco": 29,
          "dco": 71,
          "txt": "a"
        },
        {
          "si": 3,
          "sti": 6,
          "dti": 17,
          "sco": 31,
          "dco": 73,
          "txt": "historic"
        },
        {
          "si": 3,
          "sti": 7,
          "dti": 18,
          "sco": 40,
          "dco": 82,
          "txt": "home"
        },
        {
          "si": 3,
          "sti": 8,
          "dti": 19,
          "sco": 45,
          "dco": 87,
          "txt": "and"
        },
        {
          "si": 3,
          "sti": 9,
          "dti": 20,
          "sco": 49,
          "dco": 91,
          "txt": "national"
        },
        {
          "si": 3,
          "sti": 10,
          "dti": 21,
          "sco": 58,
          "dco": 100,
          "txt": "historic"
        },
        {
          "si": 3,
          "sti": 11,
          "dti": 22,
          "sco": 67,
          "dco": 109,
          "txt": "district"
        },
        {
          "si": 3,
          "sti": 12,
          "dti": 23,
          "sco": 76,
          "dco": 118,
          "txt": "located"
        },
        {
          "si": 3,
          "sti": 13,
          "dti": 24,
          "sco": 84,
          "dco": 126,
          "txt": "near"
        },
        {
          "si": 3,
          "sti": 14,
          "dti": 25,
          "sco": 89,
          "dco": 131,
          "txt": "Wellsburg"
        },
        {
          "si": 3,
          "sti": 15,
          "dti": 26,
          "sco": 98,
          "dco": 140,
          "txt": ","
        },
        {
          "si": 3,
          "sti": 16,
          "dti": 27,
          "sco": 100,
          "dco": 142,
          "txt": "Brooke"
        },
        {
          "si": 3,
          "sti": 17,
          "dti": 28,
          "sco": 107,
          "dco": 149,
          "txt": "County"
        },
        {
          "si": 3,
          "sti": 18,
          "dti": 29,
          "sco": 113,
          "dco": 155,
          "txt": ","
        },
        {
          "si": 3,
          "sti": 19,
          "dti": 30,
          "sco": 115,
          "dco": 157,
          "txt": "West"
        },
        {
          "si": 3,
          "sti": 20,
          "dti": 31,
          "sco": 120,
          "dco": 162,
          "txt": "Virginia"
        },
        {
          "si": 3,
          "sti": 21,
          "dti": 32,
          "sco": 128,
          "dco": 170,
          "txt": "."
        },
        {
          "si": 4,
          "sti": 0,
          "dti": 33,
          "sco": 0,
          "dco": 172,
          "txt": "It"
        },
        {
          "si": 4,
          "sti": 1,
          "dti": 34,
          "sco": 3,
          "dco": 175,
          "txt": "encompasses"
        },
        {
          "si": 4,
          "sti": 2,
          "dti": 35,
          "sco": 15,
          "dco": 187,
          "txt": "10"
        },
        {
          "si": 4,
          "sti": 3,
          "dti": 36,
          "sco": 18,
          "dco": 190,
          "txt": "contributing"
        },
        {
          "si": 4,
          "sti": 4,
          "dti": 37,
          "sco": 31,
          "dco": 203,
          "txt": "buildings"
        },
        {
          "si": 4,
          "sti": 5,
          "dti": 38,
          "sco": 40,
          "dco": 212,
          "txt": ","
        },
        {
          "si": 4,
          "sti": 6,
          "dti": 39,
          "sco": 42,
          "dco": 214,
          "txt": "one"
        },
        {
          "si": 4,
          "sti": 7,
          "dti": 40,
          "sco": 46,
          "dco": 218,
          "txt": "contributing"
        },
        {
          "si": 4,
          "sti": 8,
          "dti": 41,
          "sco": 59,
          "dco": 231,
          "txt": "structure"
        },
        {
          "si": 4,
          "sti": 9,
          "dti": 42,
          "sco": 68,
          "dco": 240,
          "txt": ","
        },
        {
          "si": 4,
          "sti": 10,
          "dti": 43,
          "sco": 70,
          "dco": 242,
          "txt": "and"
        },
        {
          "si": 4,
          "sti": 11,
          "dti": 44,
          "sco": 74,
          "dco": 246,
          "txt": "one"
        },
        {
          "si": 4,
          "sti": 12,
          "dti": 45,
          "sco": 78,
          "dco": 250,
          "txt": "contributing"
        },
        {
          "si": 4,
          "sti": 13,
          "dti": 46,
          "sco": 91,
          "dco": 263,
          "txt": "object"
        },
        {
          "si": 4,
          "sti": 14,
          "dti": 47,
          "sco": 98,
          "dco": 270,
          "txt": "associated"
        },
        {
          "si": 4,
          "sti": 15,
          "dti": 48,
          "sco": 109,
          "dco": 281,
          "txt": "with"
        },
        {
          "si": 4,
          "sti": 16,
          "dti": 49,
          "sco": 114,
          "dco": 286,
          "txt": "the"
        },
        {
          "si": 4,
          "sti": 17,
          "dti": 50,
          "sco": 118,
          "dco": 290,
          "txt": "manor"
        },
        {
          "si": 4,
          "sti": 18,
          "dti": 51,
          "sco": 124,
          "dco": 296,
          "txt": "house"
        },
        {
          "si": 4,
          "sti": 19,
          "dti": 52,
          "sco": 129,
          "dco": 301,
          "txt": "."
        },
        {
          "si": 5,
          "sti": 0,
          "dti": 53,
          "sco": 0,
          "dco": 303,
          "txt": "The"
        },
        {
          "si": 5,
          "sti": 1,
          "dti": 54,
          "sco": 4,
          "dco": 307,
          "txt": "manor"
        },
        {
          "si": 5,
          "sti": 2,
          "dti": 55,
          "sco": 10,
          "dco": 313,
          "txt": "house"
        },
        {
          "si": 5,
          "sti": 3,
          "dti": 56,
          "sco": 16,
          "dco": 319,
          "txt": "was"
        },
        {
          "si": 5,
          "sti": 4,
          "dti": 57,
          "sco": 20,
          "dco": 323,
          "txt": "designed"
        },
        {
          "si": 5,
          "sti": 5,
          "dti": 58,
          "sco": 29,
          "dco": 332,
          "txt": "by"
        },
        {
          "si": 5,
          "sti": 6,
          "dti": 59,
          "sco": 32,
          "dco": 335,
          "txt": "Alden"
        },
        {
          "si": 5,
          "sti": 7,
          "dti": 60,
          "sco": 38,
          "dco": 341,
          "txt": "&"
        },
        {
          "si": 5,
          "sti": 8,
          "dti": 61,
          "sco": 40,
          "dco": 343,
          "txt": "Harlow"
        },
        {
          "si": 5,
          "sti": 9,
          "dti": 62,
          "sco": 47,
          "dco": 350,
          "txt": "in"
        },
        {
          "si": 5,
          "sti": 10,
          "dti": 63,
          "sco": 50,
          "dco": 353,
          "txt": "1901"
        },
        {
          "si": 5,
          "sti": 11,
          "dti": 64,
          "sco": 54,
          "dco": 357,
          "txt": ","
        },
        {
          "si": 5,
          "sti": 12,
          "dti": 65,
          "sco": 56,
          "dco": 359,
          "txt": "for"
        },
        {
          "si": 5,
          "sti": 13,
          "dti": 66,
          "sco": 60,
          "dco": 363,
          "txt": "steel"
        },
        {
          "si": 5,
          "sti": 14,
          "dti": 67,
          "sco": 66,
          "dco": 369,
          "txt": "magnate"
        },
        {
          "si": 5,
          "sti": 15,
          "dti": 68,
          "sco": 74,
          "dco": 377,
          "txt": "Joseph"
        },
        {
          "si": 5,
          "sti": 16,
          "dti": 69,
          "sco": 81,
          "dco": 384,
          "txt": "B"
        },
        {
          "si": 5,
          "sti": 17,
          "dti": 70,
          "sco": 82,
          "dco": 385,
          "txt": "."
        },
        {
          "si": 6,
          "sti": 0,
          "dti": 71,
          "sco": 0,
          "dco": 387,
          "txt": "Vandergrift"
        },
        {
          "si": 6,
          "sti": 1,
          "dti": 72,
          "sco": 11,
          "dco": 398,
          "txt": "."
        },
        {
          "si": 7,
          "sti": 0,
          "dti": 73,
          "sco": 0,
          "dco": 400,
          "txt": "It"
        },
        {
          "si": 7,
          "sti": 1,
          "dti": 74,
          "sco": 3,
          "dco": 403,
          "txt": "is"
        },
        {
          "si": 7,
          "sti": 2,
          "dti": 75,
          "sco": 6,
          "dco": 406,
          "txt": "a"
        },
        {
          "si": 7,
          "sti": 3,
          "dti": 76,
          "sco": 8,
          "dco": 408,
          "txt": "Shingle"
        },
        {
          "si": 7,
          "sti": 4,
          "dti": 77,
          "sco": 16,
          "dco": 416,
          "txt": "Style"
        },
        {
          "si": 7,
          "sti": 5,
          "dti": 78,
          "sco": 22,
          "dco": 422,
          "txt": "dwelling"
        },
        {
          "si": 7,
          "sti": 6,
          "dti": 79,
          "sco": 31,
          "dco": 431,
          "txt": "with"
        },
        {
          "si": 7,
          "sti": 7,
          "dti": 80,
          "sco": 36,
          "dco": 436,
          "txt": "broad"
        },
        {
          "si": 7,
          "sti": 8,
          "dti": 81,
          "sco": 42,
          "dco": 442,
          "txt": "gable"
        },
        {
          "si": 7,
          "sti": 9,
          "dti": 82,
          "sco": 48,
          "dco": 448,
          "txt": "roofs"
        },
        {
          "si": 7,
          "sti": 10,
          "dti": 83,
          "sco": 53,
          "dco": 453,
          "txt": ","
        },
        {
          "si": 7,
          "sti": 11,
          "dti": 84,
          "sco": 55,
          "dco": 455,
          "txt": "a"
        },
        {
          "si": 7,
          "sti": 12,
          "dti": 85,
          "sco": 57,
          "dco": 457,
          "txt": "rough"
        },
        {
          "si": 7,
          "sti": 13,
          "dti": 86,
          "sco": 63,
          "dco": 463,
          "txt": "stone"
        },
        {
          "si": 7,
          "sti": 14,
          "dti": 87,
          "sco": 69,
          "dco": 469,
          "txt": "turret"
        },
        {
          "si": 7,
          "sti": 15,
          "dti": 88,
          "sco": 75,
          "dco": 475,
          "txt": ","
        },
        {
          "si": 7,
          "sti": 16,
          "dti": 89,
          "sco": 77,
          "dco": 477,
          "txt": "and"
        },
        {
          "si": 7,
          "sti": 17,
          "dti": 90,
          "sco": 81,
          "dco": 481,
          "txt": "stone"
        },
        {
          "si": 7,
          "sti": 18,
          "dti": 91,
          "sco": 87,
          "dco": 487,
          "txt": "chimney"
        },
        {
          "si": 7,
          "sti": 19,
          "dti": 92,
          "sco": 94,
          "dco": 494,
          "txt": "."
        },
        {
          "si": 8,
          "sti": 0,
          "dti": 93,
          "sco": 0,
          "dco": 496,
          "txt": "Also"
        },
        {
          "si": 8,
          "sti": 1,
          "dti": 94,
          "sco": 5,
          "dco": 501,
          "txt": "on"
        },
        {
          "si": 8,
          "sti": 2,
          "dti": 95,
          "sco": 8,
          "dco": 504,
          "txt": "the"
        },
        {
          "si": 8,
          "sti": 3,
          "dti": 96,
          "sco": 12,
          "dco": 508,
          "txt": "property"
        },
        {
          "si": 8,
          "sti": 4,
          "dti": 97,
          "sco": 21,
          "dco": 517,
          "txt": "are"
        },
        {
          "si": 8,
          "sti": 5,
          "dti": 98,
          "sco": 25,
          "dco": 521,
          "txt": "a"
        },
        {
          "si": 8,
          "sti": 6,
          "dti": 99,
          "sco": 27,
          "dco": 523,
          "txt": "pergola"
        },
        {
          "si": 8,
          "sti": 7,
          "dti": 100,
          "sco": 34,
          "dco": 530,
          "txt": ","
        },
        {
          "si": 8,
          "sti": 8,
          "dti": 101,
          "sco": 36,
          "dco": 532,
          "txt": "a"
        },
        {
          "si": 8,
          "sti": 9,
          "dti": 102,
          "sco": 38,
          "dco": 534,
          "txt": "club"
        },
        {
          "si": 8,
          "sti": 10,
          "dti": 103,
          "sco": 43,
          "dco": 539,
          "txt": "house"
        },
        {
          "si": 8,
          "sti": 11,
          "dti": 104,
          "sco": 49,
          "dco": 545,
          "txt": "or"
        },
        {
          "si": 8,
          "sti": 12,
          "dti": 105,
          "sco": 52,
          "dco": 548,
          "txt": "retreat"
        },
        {
          "si": 8,
          "sti": 13,
          "dti": 106,
          "sco": 60,
          "dco": 556,
          "txt": "house"
        },
        {
          "si": 8,
          "sti": 14,
          "dti": 107,
          "sco": 65,
          "dco": 561,
          "txt": ","
        },
        {
          "si": 8,
          "sti": 15,
          "dti": 108,
          "sco": 67,
          "dco": 563,
          "txt": "spring"
        },
        {
          "si": 8,
          "sti": 16,
          "dti": 109,
          "sco": 74,
          "dco": 570,
          "txt": "house"
        },
        {
          "si": 8,
          "sti": 17,
          "dti": 110,
          "sco": 79,
          "dco": 575,
          "txt": ","
        },
        {
          "si": 8,
          "sti": 18,
          "dti": 111,
          "sco": 81,
          "dco": 577,
          "txt": "race"
        },
        {
          "si": 8,
          "sti": 19,
          "dti": 112,
          "sco": 86,
          "dco": 582,
          "txt": "track"
        },
        {
          "si": 8,
          "sti": 20,
          "dti": 113,
          "sco": 91,
          "dco": 587,
          "txt": ","
        },
        {
          "si": 8,
          "sti": 21,
          "dti": 114,
          "sco": 93,
          "dco": 589,
          "txt": "grotto"
        },
        {
          "si": 8,
          "sti": 22,
          "dti": 115,
          "sco": 99,
          "dco": 595,
          "txt": ","
        },
        {
          "si": 8,
          "sti": 23,
          "dti": 116,
          "sco": 101,
          "dco": 597,
          "txt": "farm"
        },
        {
          "si": 8,
          "sti": 24,
          "dti": 117,
          "sco": 106,
          "dco": 602,
          "txt": "manager"
        },
        {
          "si": 8,
          "sti": 25,
          "dti": 118,
          "sco": 113,
          "dco": 609,
          "txt": "'"
        },
        {
          "si": 8,
          "sti": 26,
          "dti": 119,
          "sco": 114,
          "dco": 610,
          "txt": "s"
        },
        {
          "si": 8,
          "sti": 27,
          "dti": 120,
          "sco": 116,
          "dco": 612,
          "txt": "house"
        },
        {
          "si": 8,
          "sti": 28,
          "dti": 121,
          "sco": 121,
          "dco": 617,
          "txt": ","
        },
        {
          "si": 8,
          "sti": 29,
          "dti": 122,
          "sco": 123,
          "dco": 619,
          "txt": "two"
        },
        {
          "si": 8,
          "sti": 30,
          "dti": 123,
          "sco": 127,
          "dco": 623,
          "txt": "farm"
        },
        {
          "si": 8,
          "sti": 31,
          "dti": 124,
          "sco": 132,
          "dco": 628,
          "txt": "laborer"
        },
        {
          "si": 8,
          "sti": 32,
          "dti": 125,
          "sco": 139,
          "dco": 635,
          "txt": "'"
        },
        {
          "si": 8,
          "sti": 33,
          "dti": 126,
          "sco": 140,
          "dco": 636,
          "txt": "s"
        },
        {
          "si": 8,
          "sti": 34,
          "dti": 127,
          "sco": 142,
          "dco": 638,
          "txt": "residences"
        },
        {
          "si": 8,
          "sti": 35,
          "dti": 128,
          "sco": 152,
          "dco": 648,
          "txt": ","
        },
        {
          "si": 8,
          "sti": 36,
          "dti": 129,
          "sco": 154,
          "dco": 650,
          "txt": "mill"
        },
        {
          "si": 8,
          "sti": 37,
          "dti": 130,
          "sco": 158,
          "dco": 654,
          "txt": ","
        },
        {
          "si": 8,
          "sti": 38,
          "dti": 131,
          "sco": 160,
          "dco": 656,
          "txt": "barn"
        },
        {
          "si": 8,
          "sti": 39,
          "dti": 132,
          "sco": 164,
          "dco": 660,
          "txt": ","
        },
        {
          "si": 8,
          "sti": 40,
          "dti": 133,
          "sco": 166,
          "dco": 662,
          "txt": "and"
        },
        {
          "si": 8,
          "sti": 41,
          "dti": 134,
          "sco": 170,
          "dco": 666,
          "txt": "\""
        },
        {
          "si": 8,
          "sti": 42,
          "dti": 135,
          "sco": 171,
          "dco": 667,
          "txt": "the"
        },
        {
          "si": 8,
          "sti": 43,
          "dti": 136,
          "sco": 175,
          "dco": 671,
          "txt": "Apple"
        },
        {
          "si": 8,
          "sti": 44,
          "dti": 137,
          "sco": 181,
          "dco": 677,
          "txt": "House"
        },
        {
          "si": 8,
          "sti": 45,
          "dti": 138,
          "sco": 186,
          "dco": 682,
          "txt": "."
        },
        {
          "si": 8,
          "sti": 46,
          "dti": 139,
          "sco": 187,
          "dco": 683,
          "txt": "\""
        },
        {
          "si": 9,
          "sti": 0,
          "dti": 140,
          "sco": 0,
          "dco": 685,
          "txt": "The"
        },
        {
          "si": 9,
          "sti": 1,
          "dti": 141,
          "sco": 4,
          "dco": 689,
          "txt": "property"
        },
        {
          "si": 9,
          "sti": 2,
          "dti": 142,
          "sco": 13,
          "dco": 698,
          "txt": "was"
        },
        {
          "si": 9,
          "sti": 3,
          "dti": 143,
          "sco": 17,
          "dco": 702,
          "txt": "purchased"
        },
        {
          "si": 9,
          "sti": 4,
          "dti": 144,
          "sco": 27,
          "dco": 712,
          "txt": "by"
        },
        {
          "si": 9,
          "sti": 5,
          "dti": 145,
          "sco": 30,
          "dco": 715,
          "txt": "the"
        },
        {
          "si": 9,
          "sti": 6,
          "dti": 146,
          "sco": 34,
          "dco": 719,
          "txt": "Catholic"
        },
        {
          "si": 9,
          "sti": 7,
          "dti": 147,
          "sco": 43,
          "dco": 728,
          "txt": "Knights"
        },
        {
          "si": 9,
          "sti": 8,
          "dti": 148,
          "sco": 51,
          "dco": 736,
          "txt": "of"
        },
        {
          "si": 9,
          "sti": 9,
          "dti": 149,
          "sco": 54,
          "dco": 739,
          "txt": "St"
        },
        {
          "si": 9,
          "sti": 10,
          "dti": 150,
          "sco": 56,
          "dco": 741,
          "txt": "."
        },
        {
          "si": 10,
          "sti": 0,
          "dti": 151,
          "sco": 0,
          "dco": 743,
          "txt": "George"
        },
        {
          "si": 10,
          "sti": 1,
          "dti": 152,
          "sco": 7,
          "dco": 750,
          "txt": "and"
        },
        {
          "si": 10,
          "sti": 2,
          "dti": 153,
          "sco": 11,
          "dco": 754,
          "txt": "operated"
        },
        {
          "si": 10,
          "sti": 3,
          "dti": 154,
          "sco": 20,
          "dco": 763,
          "txt": "as"
        },
        {
          "si": 10,
          "sti": 4,
          "dti": 155,
          "sco": 23,
          "dco": 766,
          "txt": "a"
        },
        {
          "si": 10,
          "sti": 5,
          "dti": 156,
          "sco": 25,
          "dco": 768,
          "txt": "home"
        },
        {
          "si": 10,
          "sti": 6,
          "dti": 157,
          "sco": 30,
          "dco": 773,
          "txt": "for"
        },
        {
          "si": 10,
          "sti": 7,
          "dti": 158,
          "sco": 34,
          "dco": 777,
          "txt": "the"
        },
        {
          "si": 10,
          "sti": 8,
          "dti": 159,
          "sco": 38,
          "dco": 781,
          "txt": "aged"
        },
        {
          "si": 10,
          "sti": 9,
          "dti": 160,
          "sco": 42,
          "dco": 785,
          "txt": "."
        },
        {
          "si": 11,
          "sti": 0,
          "dti": 161,
          "sco": 0,
          "dco": 787,
          "txt": "In"
        },
        {
          "si": 11,
          "sti": 1,
          "dti": 162,
          "sco": 3,
          "dco": 790,
          "txt": "1998"
        },
        {
          "si": 11,
          "sti": 2,
          "dti": 163,
          "sco": 7,
          "dco": 794,
          "txt": ","
        },
        {
          "si": 11,
          "sti": 3,
          "dti": 164,
          "sco": 9,
          "dco": 796,
          "txt": "it"
        },
        {
          "si": 11,
          "sti": 4,
          "dti": 165,
          "sco": 12,
          "dco": 799,
          "txt": "was"
        },
        {
          "si": 11,
          "sti": 5,
          "dti": 166,
          "sco": 16,
          "dco": 803,
          "txt": "purchased"
        },
        {
          "si": 11,
          "sti": 6,
          "dti": 167,
          "sco": 26,
          "dco": 813,
          "txt": "by"
        },
        {
          "si": 11,
          "sti": 7,
          "dti": 168,
          "sco": 29,
          "dco": 816,
          "txt": "the"
        },
        {
          "si": 11,
          "sti": 8,
          "dti": 169,
          "sco": 33,
          "dco": 820,
          "txt": "Catholic"
        },
        {
          "si": 11,
          "sti": 9,
          "dti": 170,
          "sco": 42,
          "dco": 829,
          "txt": "Knights"
        },
        {
          "si": 11,
          "sti": 10,
          "dti": 171,
          "sco": 50,
          "dco": 837,
          "txt": "of"
        },
        {
          "si": 11,
          "sti": 11,
          "dti": 172,
          "sco": 53,
          "dco": 840,
          "txt": "America"
        },
        {
          "si": 11,
          "sti": 12,
          "dti": 173,
          "sco": 60,
          "dco": 847,
          "txt": "."
        },
        {
          "si": 12,
          "sti": 0,
          "dti": 174,
          "sco": 0,
          "dco": 849,
          "txt": "It"
        },
        {
          "si": 12,
          "sti": 1,
          "dti": 175,
          "sco": 3,
          "dco": 852,
          "txt": "was"
        },
        {
          "si": 12,
          "sti": 2,
          "dti": 176,
          "sco": 7,
          "dco": 856,
          "txt": "listed"
        },
        {
          "si": 12,
          "sti": 3,
          "dti": 177,
          "sco": 14,
          "dco": 863,
          "txt": "on"
        },
        {
          "si": 12,
          "sti": 4,
          "dti": 178,
          "sco": 17,
          "dco": 866,
          "txt": "the"
        },
        {
          "si": 12,
          "sti": 5,
          "dti": 179,
          "sco": 21,
          "dco": 870,
          "txt": "National"
        },
        {
          "si": 12,
          "sti": 6,
          "dti": 180,
          "sco": 30,
          "dco": 879,
          "txt": "Register"
        },
        {
          "si": 12,
          "sti": 7,
          "dti": 181,
          "sco": 39,
          "dco": 888,
          "txt": "of"
        },
        {
          "si": 12,
          "sti": 8,
          "dti": 182,
          "sco": 42,
          "dco": 891,
          "txt": "Historic"
        },
        {
          "si": 12,
          "sti": 9,
          "dti": 183,
          "sco": 51,
          "dco": 900,
          "txt": "Places"
        },
        {
          "si": 12,
          "sti": 10,
          "dti": 184,
          "sco": 58,
          "dco": 907,
          "txt": "in"
        },
        {
          "si": 12,
          "sti": 11,
          "dti": 185,
          "sco": 61,
          "dco": 910,
          "txt": "1986"
        },
        {
          "si": 12,
          "sti": 12,
          "dti": 186,
          "sco": 65,
          "dco": 914,
          "txt": "."
        }
      ]
    },
    "ganns": {
      "dla": [],
      "la": [],
      "ea": [],
      "eta": [
        {
          "ra": {
            "ea": {
              "etn": "Vancroft"
            }
          },
          "sfs": [
            [
              {
                "stn": "openingYear"
              },
              {}
            ]
          ],
          "mfs": [
            [
              {
                "stn": "architect"
              },
              {
                "dla": [],
                "la": [],
                "ea": [
                  {
                    "etn": "Longfellow,_Alden_&_Harlow"
                  }
                ],
                "eta": []
              }
            ],
            [
              {
                "stn": "yearOfConstruction"
              },
              {
                "dla": [
                  {
                    "txt": {
                      "sff": "1901"
                    },
                    "et": {
                      "etn": "Year"
                    },
                    "dp": {
                      "off": 353
                    }
                  }
                ],
                "la": [],
                "ea": [],
                "eta": []
              }
            ],
            [
              {
                "stn": "architecturalStyle"
              },
              {
                "dla": [],
                "la": [],
                "ea": [],
                "eta": []
              }
            ],
            [
              {
                "stn": "location"
              },
              {
                "dla": [],
                "la": [],
                "ea": [
                  {
                    "etn": "Wellsburg,_West_Virginia"
                  }
                ],
                "eta": []
              }
            ]
          ]
        }
      ]
    }
  }
]
