[
  {
    "context": "TRAIN",
    "doc": {
      "id": "Al_Massira_Dam",
      "tl": [
        {
          "si": 0,
          "sti": 0,
          "dti": 0,
          "sco": 0,
          "dco": 0,
          "txt": "Al"
        },
        {
          "si": 0,
          "sti": 1,
          "dti": 1,
          "sco": 3,
          "dco": 3,
          "txt": "Massira"
        },
        {
          "si": 0,
          "sti": 2,
          "dti": 2,
          "sco": 11,
          "dco": 11,
          "txt": "Dam"
        },
        {
          "si": 0,
          "sti": 3,
          "dti": 3,
          "sco": 14,
          "dco": 14,
          "txt": "."
        },
        {
          "si": 1,
          "sti": 0,
          "dti": 4,
          "sco": 0,
          "dco": 16,
          "txt": "The"
        },
        {
          "si": 1,
          "sti": 1,
          "dti": 5,
          "sco": 4,
          "dco": 20,
          "txt": "Al"
        },
        {
          "si": 1,
          "sti": 2,
          "dti": 6,
          "sco": 7,
          "dco": 23,
          "txt": "Massira"
        },
        {
          "si": 1,
          "sti": 3,
          "dti": 7,
          "sco": 15,
          "dco": 31,
          "txt": "Dam"
        },
        {
          "si": 1,
          "sti": 4,
          "dti": 8,
          "sco": 19,
          "dco": 35,
          "txt": "is"
        },
        {
          "si": 1,
          "sti": 5,
          "dti": 9,
          "sco": 22,
          "dco": 38,
          "txt": "a"
        },
        {
          "si": 1,
          "sti": 6,
          "dti": 10,
          "sco": 24,
          "dco": 40,
          "txt": "gravity"
        },
        {
          "si": 1,
          "sti": 7,
          "dti": 11,
          "sco": 32,
          "dco": 48,
          "txt": "dam"
        },
        {
          "si": 1,
          "sti": 8,
          "dti": 12,
          "sco": 36,
          "dco": 52,
          "txt": "located"
        },
        {
          "si": 1,
          "sti": 9,
          "dti": 13,
          "sco": 44,
          "dco": 60,
          "txt": "south"
        },
        {
          "si": 1,
          "sti": 10,
          "dti": 14,
          "sco": 50,
          "dco": 66,
          "txt": "of"
        },
        {
          "si": 1,
          "sti": 11,
          "dti": 15,
          "sco": 53,
          "dco": 69,
          "txt": "Settat"
        },
        {
          "si": 1,
          "sti": 12,
          "dti": 16,
          "sco": 60,
          "dco": 76,
          "txt": "on"
        },
        {
          "si": 1,
          "sti": 13,
          "dti": 17,
          "sco": 63,
          "dco": 79,
          "txt": "the"
        },
        {
          "si": 1,
          "sti": 14,
          "dti": 18,
          "sco": 67,
          "dco": 83,
          "txt": "Oum"
        },
        {
          "si": 1,
          "sti": 15,
          "dti": 19,
          "sco": 71,
          "dco": 87,
          "txt": "Er"
        },
        {
          "si": 1,
          "sti": 16,
          "dti": 20,
          "sco": 73,
          "dco": 89,
          "txt": "-"
        },
        {
          "si": 1,
          "sti": 17,
          "dti": 21,
          "sco": 74,
          "dco": 90,
          "txt": "Rbia"
        },
        {
          "si": 1,
          "sti": 18,
          "dti": 22,
          "sco": 79,
          "dco": 95,
          "txt": "River"
        },
        {
          "si": 1,
          "sti": 19,
          "dti": 23,
          "sco": 85,
          "dco": 101,
          "txt": "in"
        },
        {
          "si": 1,
          "sti": 20,
          "dti": 24,
          "sco": 88,
          "dco": 104,
          "txt": "Settat"
        },
        {
          "si": 1,
          "sti": 21,
          "dti": 25,
          "sco": 95,
          "dco": 111,
          "txt": "Province"
        },
        {
          "si": 1,
          "sti": 22,
          "dti": 26,
          "sco": 103,
          "dco": 119,
          "txt": ","
        },
        {
          "si": 1,
          "sti": 23,
          "dti": 27,
          "sco": 105,
          "dco": 121,
          "txt": "Morocco"
        },
        {
          "si": 1,
          "sti": 24,
          "dti": 28,
          "sco": 112,
          "dco": 128,
          "txt": "."
        },
        {
          "si": 2,
          "sti": 0,
          "dti": 29,
          "sco": 0,
          "dco": 130,
          "txt": "Completed"
        },
        {
          "si": 2,
          "sti": 1,
          "dti": 30,
          "sco": 10,
          "dco": 140,
          "txt": "in"
        },
        {
          "si": 2,
          "sti": 2,
          "dti": 31,
          "sco": 13,
          "dco": 143,
          "txt": "1979"
        },
        {
          "si": 2,
          "sti": 3,
          "dti": 32,
          "sco": 17,
          "dco": 147,
          "txt": ","
        },
        {
          "si": 2,
          "sti": 4,
          "dti": 33,
          "sco": 19,
          "dco": 149,
          "txt": "the"
        },
        {
          "si": 2,
          "sti": 5,
          "dti": 34,
          "sco": 23,
          "dco": 153,
          "txt": "dam"
        },
        {
          "si": 2,
          "sti": 6,
          "dti": 35,
          "sco": 27,
          "dco": 157,
          "txt": "provides"
        },
        {
          "si": 2,
          "sti": 7,
          "dti": 36,
          "sco": 36,
          "dco": 166,
          "txt": "water"
        },
        {
          "si": 2,
          "sti": 8,
          "dti": 37,
          "sco": 42,
          "dco": 172,
          "txt": "for"
        },
        {
          "si": 2,
          "sti": 9,
          "dti": 38,
          "sco": 46,
          "dco": 176,
          "txt": "the"
        },
        {
          "si": 2,
          "sti": 10,
          "dti": 39,
          "sco": 50,
          "dco": 180,
          "txt": "irrigation"
        },
        {
          "si": 2,
          "sti": 11,
          "dti": 40,
          "sco": 61,
          "dco": 191,
          "txt": "of"
        },
        {
          "si": 2,
          "sti": 12,
          "dti": 41,
          "sco": 64,
          "dco": 194,
          "txt": "over"
        },
        {
          "si": 2,
          "sti": 13,
          "dti": 42,
          "sco": 69,
          "dco": 199,
          "txt": "of"
        },
        {
          "si": 2,
          "sti": 14,
          "dti": 43,
          "sco": 72,
          "dco": 202,
          "txt": "farmland"
        },
        {
          "si": 2,
          "sti": 15,
          "dti": 44,
          "sco": 81,
          "dco": 211,
          "txt": "in"
        },
        {
          "si": 2,
          "sti": 16,
          "dti": 45,
          "sco": 84,
          "dco": 214,
          "txt": "the"
        },
        {
          "si": 2,
          "sti": 17,
          "dti": 46,
          "sco": 88,
          "dco": 218,
          "txt": "Doukkala"
        },
        {
          "si": 2,
          "sti": 18,
          "dti": 47,
          "sco": 97,
          "dco": 227,
          "txt": "region"
        },
        {
          "si": 2,
          "sti": 19,
          "dti": 48,
          "sco": 103,
          "dco": 233,
          "txt": "."
        },
        {
          "si": 3,
          "sti": 0,
          "dti": 49,
          "sco": 0,
          "dco": 235,
          "txt": "The"
        },
        {
          "si": 3,
          "sti": 1,
          "dti": 50,
          "sco": 4,
          "dco": 239,
          "txt": "dam"
        },
        {
          "si": 3,
          "sti": 2,
          "dti": 51,
          "sco": 7,
          "dco": 242,
          "txt": "'"
        },
        {
          "si": 3,
          "sti": 3,
          "dti": 52,
          "sco": 8,
          "dco": 243,
          "txt": "s"
        },
        {
          "si": 3,
          "sti": 4,
          "dti": 53,
          "sco": 10,
          "dco": 245,
          "txt": "hydroelectric"
        },
        {
          "si": 3,
          "sti": 5,
          "dti": 54,
          "sco": 24,
          "dco": 259,
          "txt": "power"
        },
        {
          "si": 3,
          "sti": 6,
          "dti": 55,
          "sco": 30,
          "dco": 265,
          "txt": "plant"
        },
        {
          "si": 3,
          "sti": 7,
          "dti": 56,
          "sco": 36,
          "dco": 271,
          "txt": "also"
        },
        {
          "si": 3,
          "sti": 8,
          "dti": 57,
          "sco": 41,
          "dco": 276,
          "txt": "generates"
        },
        {
          "si": 3,
          "sti": 9,
          "dti": 58,
          "sco": 51,
          "dco": 286,
          "txt": "on"
        },
        {
          "si": 3,
          "sti": 10,
          "dti": 59,
          "sco": 54,
          "dco": 289,
          "txt": "average"
        },
        {
          "si": 3,
          "sti": 11,
          "dti": 60,
          "sco": 62,
          "dco": 297,
          "txt": "annually"
        },
        {
          "si": 3,
          "sti": 12,
          "dti": 61,
          "sco": 70,
          "dco": 305,
          "txt": "."
        },
        {
          "si": 4,
          "sti": 0,
          "dti": 62,
          "sco": 0,
          "dco": 307,
          "txt": "The"
        },
        {
          "si": 4,
          "sti": 1,
          "dti": 63,
          "sco": 4,
          "dco": 311,
          "txt": "power"
        },
        {
          "si": 4,
          "sti": 2,
          "dti": 64,
          "sco": 10,
          "dco": 317,
          "txt": "station"
        },
        {
          "si": 4,
          "sti": 3,
          "dti": 65,
          "sco": 18,
          "dco": 325,
          "txt": "was"
        },
        {
          "si": 4,
          "sti": 4,
          "dti": 66,
          "sco": 22,
          "dco": 329,
          "txt": "commissioned"
        },
        {
          "si": 4,
          "sti": 5,
          "dti": 67,
          "sco": 35,
          "dco": 342,
          "txt": "in"
        },
        {
          "si": 4,
          "sti": 6,
          "dti": 68,
          "sco": 38,
          "dco": 345,
          "txt": "1980"
        },
        {
          "si": 4,
          "sti": 7,
          "dti": 69,
          "sco": 42,
          "dco": 349,
          "txt": "."
        },
        {
          "si": 5,
          "sti": 0,
          "dti": 70,
          "sco": 0,
          "dco": 351,
          "txt": "Just"
        },
        {
          "si": 5,
          "sti": 1,
          "dti": 71,
          "sco": 5,
          "dco": 356,
          "txt": "to"
        },
        {
          "si": 5,
          "sti": 2,
          "dti": 72,
          "sco": 8,
          "dco": 359,
          "txt": "the"
        },
        {
          "si": 5,
          "sti": 3,
          "dti": 73,
          "sco": 12,
          "dco": 363,
          "txt": "north"
        },
        {
          "si": 5,
          "sti": 4,
          "dti": 74,
          "sco": 18,
          "dco": 369,
          "txt": "of"
        },
        {
          "si": 5,
          "sti": 5,
          "dti": 75,
          "sco": 21,
          "dco": 372,
          "txt": "the"
        },
        {
          "si": 5,
          "sti": 6,
          "dti": 76,
          "sco": 25,
          "dco": 376,
          "txt": "dam"
        },
        {
          "si": 5,
          "sti": 7,
          "dti": 77,
          "sco": 29,
          "dco": 380,
          "txt": "is"
        },
        {
          "si": 5,
          "sti": 8,
          "dti": 78,
          "sco": 32,
          "dco": 383,
          "txt": "a"
        },
        {
          "si": 5,
          "sti": 9,
          "dti": 79,
          "sco": 34,
          "dco": 385,
          "txt": "rip"
        },
        {
          "si": 5,
          "sti": 10,
          "dti": 80,
          "sco": 38,
          "dco": 389,
          "txt": "rap"
        },
        {
          "si": 5,
          "sti": 11,
          "dti": 81,
          "sco": 42,
          "dco": 393,
          "txt": "saddle"
        },
        {
          "si": 5,
          "sti": 12,
          "dti": 82,
          "sco": 49,
          "dco": 400,
          "txt": "dam"
        },
        {
          "si": 5,
          "sti": 13,
          "dti": 83,
          "sco": 53,
          "dco": 404,
          "txt": "to"
        },
        {
          "si": 5,
          "sti": 14,
          "dti": 84,
          "sco": 56,
          "dco": 407,
          "txt": "support"
        },
        {
          "si": 5,
          "sti": 15,
          "dti": 85,
          "sco": 64,
          "dco": 415,
          "txt": "water"
        },
        {
          "si": 5,
          "sti": 16,
          "dti": 86,
          "sco": 70,
          "dco": 421,
          "txt": "elevation"
        },
        {
          "si": 5,
          "sti": 17,
          "dti": 87,
          "sco": 80,
          "dco": 431,
          "txt": "in"
        },
        {
          "si": 5,
          "sti": 18,
          "dti": 88,
          "sco": 83,
          "dco": 434,
          "txt": "the"
        },
        {
          "si": 5,
          "sti": 19,
          "dti": 89,
          "sco": 87,
          "dco": 438,
          "txt": "reservoir"
        },
        {
          "si": 5,
          "sti": 20,
          "dti": 90,
          "sco": 96,
          "dco": 447,
          "txt": "."
        },
        {
          "si": 6,
          "sti": 0,
          "dti": 91,
          "sco": 0,
          "dco": 449,
          "txt": "The"
        },
        {
          "si": 6,
          "sti": 1,
          "dti": 92,
          "sco": 4,
          "dco": 453,
          "txt": "dam"
        },
        {
          "si": 6,
          "sti": 2,
          "dti": 93,
          "sco": 7,
          "dco": 456,
          "txt": "'"
        },
        {
          "si": 6,
          "sti": 3,
          "dti": 94,
          "sco": 8,
          "dco": 457,
          "txt": "s"
        },
        {
          "si": 6,
          "sti": 4,
          "dti": 95,
          "sco": 10,
          "dco": 459,
          "txt": "reservoir"
        },
        {
          "si": 6,
          "sti": 5,
          "dti": 96,
          "sco": 20,
          "dco": 469,
          "txt": "and"
        },
        {
          "si": 6,
          "sti": 6,
          "dti": 97,
          "sco": 24,
          "dco": 473,
          "txt": "wetlands"
        },
        {
          "si": 6,
          "sti": 7,
          "dti": 98,
          "sco": 33,
          "dco": 482,
          "txt": "were"
        },
        {
          "si": 6,
          "sti": 8,
          "dti": 99,
          "sco": 38,
          "dco": 487,
          "txt": "designated"
        },
        {
          "si": 6,
          "sti": 9,
          "dti": 100,
          "sco": 49,
          "dco": 498,
          "txt": "as"
        },
        {
          "si": 6,
          "sti": 10,
          "dti": 101,
          "sco": 52,
          "dco": 501,
          "txt": "a"
        },
        {
          "si": 6,
          "sti": 11,
          "dti": 102,
          "sco": 54,
          "dco": 503,
          "txt": "Ramsar"
        },
        {
          "si": 6,
          "sti": 12,
          "dti": 103,
          "sco": 61,
          "dco": 510,
          "txt": "site"
        },
        {
          "si": 6,
          "sti": 13,
          "dti": 104,
          "sco": 66,
          "dco": 515,
          "txt": "in"
        },
        {
          "si": 6,
          "sti": 14,
          "dti": 105,
          "sco": 69,
          "dco": 518,
          "txt": "2005"
        },
        {
          "si": 6,
          "sti": 15,
          "dti": 106,
          "sco": 73,
          "dco": 522,
          "txt": "."
        }
      ]
    },
    "ganns": {
      "dla": [],
      "la": [],
      "ea": [],
      "eta": [
        {
          "ra": {
            "ea": {
              "etn": "Al_Massira_Dam"
            }
          },
          "sfs": [
            [
              {
                "stn": "status"
              },
              {}
            ]
          ],
          "mfs": [
            [
              {
                "stn": "rivers"
              },
              {
                "dla": [],
                "la": [],
                "ea": [
                  {
                    "etn": "Oum_Er-Rbia_River"
                  }
                ],
                "eta": []
              }
            ],
            [
              {
                "stn": "locations"
              },
              {
                "dla": [],
                "la": [],
                "ea": [
                  {
                    "etn": "Settat"
                  }
                ],
                "eta": []
              }
            ],
            [
              {
                "stn": "openingYears"
              },
              {
                "dla": [
                  {
                    "txt": {
                      "sff": "1979"
                    },
                    "et": {
                      "etn": "Year"
                    },
                    "dp": {
                      "off": 143
                    }
                  }
                ],
                "la": [],
                "ea": [],
                "eta": []
              }
            ],
            [
              {
                "stn": "buildingStartYears"
              },
              {
                "dla": [],
                "la": [],
                "ea": [],
                "eta": []
              }
            ],
            [
              {
                "stn": "countries"
              },
              {
                "dla": [],
                "la": [],
                "ea": [],
                "eta": []
              }
            ]
          ]
        }
      ]
    }
  }
]
