[
  {
    "context": "TRAIN",
    "doc": {
      "id": "Anderson_Ranch_Dam",
      "tl": [
        {
          "si": 0,
          "sti": 0,
          "dti": 0,
          "sco": 0,
          "dco": 0,
          "txt": "Anderson"
        },
        {
          "si": 0,
          "sti": 1,
          "dti": 1,
          "sco": 9,
          "dco": 9,
          "txt": "Ranch"
        },
        {
          "si": 0,
          "sti": 2,
          "dti": 2,
          "sco": 15,
          "dco": 15,
          "txt": "Dam"
        },
        {
          "si": 0,
          "sti": 3,
          "dti": 3,
          "sco": 18,
          "dco": 18,
          "txt": "."
        },
        {
          "si": 1,
          "sti": 0,
          "dti": 4,
          "sco": 0,
          "dco": 20,
          "txt": "Anderson"
        },
        {
          "si": 1,
          "sti": 1,
          "dti": 5,
          "sco": 9,
          "dco": 29,
          "txt": "Ranch"
        },
        {
          "si": 1,
          "sti": 2,
          "dti": 6,
          "sco": 15,
          "dco": 35,
          "txt": "Dam"
        },
        {
          "si": 1,
          "sti": 3,
          "dti": 7,
          "sco": 19,
          "dco": 39,
          "txt": "is"
        },
        {
          "si": 1,
          "sti": 4,
          "dti": 8,
          "sco": 22,
          "dco": 42,
          "txt": "an"
        },
        {
          "si": 1,
          "sti": 5,
          "dti": 9,
          "sco": 25,
          "dco": 45,
          "txt": "earth"
        },
        {
          "si": 1,
          "sti": 6,
          "dti": 10,
          "sco": 31,
          "dco": 51,
          "txt": "rockfill"
        },
        {
          "si": 1,
          "sti": 7,
          "dti": 11,
          "sco": 40,
          "dco": 60,
          "txt": "type"
        },
        {
          "si": 1,
          "sti": 8,
          "dti": 12,
          "sco": 45,
          "dco": 65,
          "txt": "dam"
        },
        {
          "si": 1,
          "sti": 9,
          "dti": 13,
          "sco": 49,
          "dco": 69,
          "txt": "on"
        },
        {
          "si": 1,
          "sti": 10,
          "dti": 14,
          "sco": 52,
          "dco": 72,
          "txt": "the"
        },
        {
          "si": 1,
          "sti": 11,
          "dti": 15,
          "sco": 56,
          "dco": 76,
          "txt": "South"
        },
        {
          "si": 1,
          "sti": 12,
          "dti": 16,
          "sco": 62,
          "dco": 82,
          "txt": "Fork"
        },
        {
          "si": 1,
          "sti": 13,
          "dti": 17,
          "sco": 67,
          "dco": 87,
          "txt": "of"
        },
        {
          "si": 1,
          "sti": 14,
          "dti": 18,
          "sco": 70,
          "dco": 90,
          "txt": "the"
        },
        {
          "si": 1,
          "sti": 15,
          "dti": 19,
          "sco": 74,
          "dco": 94,
          "txt": "Boise"
        },
        {
          "si": 1,
          "sti": 16,
          "dti": 20,
          "sco": 80,
          "dco": 100,
          "txt": "River"
        },
        {
          "si": 1,
          "sti": 17,
          "dti": 21,
          "sco": 85,
          "dco": 105,
          "txt": ","
        },
        {
          "si": 1,
          "sti": 18,
          "dti": 22,
          "sco": 87,
          "dco": 107,
          "txt": "in"
        },
        {
          "si": 1,
          "sti": 19,
          "dti": 23,
          "sco": 90,
          "dco": 110,
          "txt": "Elmore"
        },
        {
          "si": 1,
          "sti": 20,
          "dti": 24,
          "sco": 97,
          "dco": 117,
          "txt": "County"
        },
        {
          "si": 1,
          "sti": 21,
          "dti": 25,
          "sco": 103,
          "dco": 123,
          "txt": ","
        },
        {
          "si": 1,
          "sti": 22,
          "dti": 26,
          "sco": 105,
          "dco": 125,
          "txt": "Idaho"
        },
        {
          "si": 1,
          "sti": 23,
          "dti": 27,
          "sco": 110,
          "dco": 130,
          "txt": ","
        },
        {
          "si": 1,
          "sti": 24,
          "dti": 28,
          "sco": 112,
          "dco": 132,
          "txt": "United"
        },
        {
          "si": 1,
          "sti": 25,
          "dti": 29,
          "sco": 119,
          "dco": 139,
          "txt": "States"
        },
        {
          "si": 1,
          "sti": 26,
          "dti": 30,
          "sco": 125,
          "dco": 145,
          "txt": "."
        },
        {
          "si": 2,
          "sti": 0,
          "dti": 31,
          "sco": 0,
          "dco": 147,
          "txt": "Its"
        },
        {
          "si": 2,
          "sti": 1,
          "dti": 32,
          "sco": 4,
          "dco": 151,
          "txt": "reservoir"
        },
        {
          "si": 2,
          "sti": 2,
          "dti": 33,
          "sco": 14,
          "dco": 161,
          "txt": "is"
        },
        {
          "si": 2,
          "sti": 3,
          "dti": 34,
          "sco": 17,
          "dco": 164,
          "txt": "plainly"
        },
        {
          "si": 2,
          "sti": 4,
          "dti": 35,
          "sco": 25,
          "dco": 172,
          "txt": "called"
        },
        {
          "si": 2,
          "sti": 5,
          "dti": 36,
          "sco": 32,
          "dco": 179,
          "txt": "\""
        },
        {
          "si": 2,
          "sti": 6,
          "dti": 37,
          "sco": 33,
          "dco": 180,
          "txt": "Anderson"
        },
        {
          "si": 2,
          "sti": 7,
          "dti": 38,
          "sco": 42,
          "dco": 189,
          "txt": "Ranch"
        },
        {
          "si": 2,
          "sti": 8,
          "dti": 39,
          "sco": 48,
          "dco": 195,
          "txt": "Reservoir"
        },
        {
          "si": 2,
          "sti": 9,
          "dti": 40,
          "sco": 57,
          "dco": 204,
          "txt": "\""
        },
        {
          "si": 2,
          "sti": 10,
          "dti": 41,
          "sco": 59,
          "dco": 206,
          "txt": "and"
        },
        {
          "si": 2,
          "sti": 11,
          "dti": 42,
          "sco": 63,
          "dco": 210,
          "txt": "has"
        },
        {
          "si": 2,
          "sti": 12,
          "dti": 43,
          "sco": 67,
          "dco": 214,
          "txt": "a"
        },
        {
          "si": 2,
          "sti": 13,
          "dti": 44,
          "sco": 69,
          "dco": 216,
          "txt": "spillway"
        },
        {
          "si": 2,
          "sti": 14,
          "dti": 45,
          "sco": 78,
          "dco": 225,
          "txt": "elevation"
        },
        {
          "si": 2,
          "sti": 15,
          "dti": 46,
          "sco": 88,
          "dco": 235,
          "txt": "of"
        },
        {
          "si": 2,
          "sti": 16,
          "dti": 47,
          "sco": 91,
          "dco": 238,
          "txt": "above"
        },
        {
          "si": 2,
          "sti": 17,
          "dti": 48,
          "sco": 97,
          "dco": 244,
          "txt": "sea"
        },
        {
          "si": 2,
          "sti": 18,
          "dti": 49,
          "sco": 101,
          "dco": 248,
          "txt": "level"
        },
        {
          "si": 2,
          "sti": 19,
          "dti": 50,
          "sco": 106,
          "dco": 253,
          "txt": "."
        },
        {
          "si": 3,
          "sti": 0,
          "dti": 51,
          "sco": 0,
          "dco": 255,
          "txt": "The"
        },
        {
          "si": 3,
          "sti": 1,
          "dti": 52,
          "sco": 4,
          "dco": 259,
          "txt": "dam"
        },
        {
          "si": 3,
          "sti": 2,
          "dti": 53,
          "sco": 8,
          "dco": 263,
          "txt": "is"
        },
        {
          "si": 3,
          "sti": 3,
          "dti": 54,
          "sco": 11,
          "dco": 266,
          "txt": "northeast"
        },
        {
          "si": 3,
          "sti": 4,
          "dti": 55,
          "sco": 21,
          "dco": 276,
          "txt": "of"
        },
        {
          "si": 3,
          "sti": 5,
          "dti": 56,
          "sco": 24,
          "dco": 279,
          "txt": "Mountain"
        },
        {
          "si": 3,
          "sti": 6,
          "dti": 57,
          "sco": 33,
          "dco": 288,
          "txt": "Home"
        },
        {
          "si": 3,
          "sti": 7,
          "dti": 58,
          "sco": 38,
          "dco": 293,
          "txt": "and"
        },
        {
          "si": 3,
          "sti": 8,
          "dti": 59,
          "sco": 42,
          "dco": 297,
          "txt": "several"
        },
        {
          "si": 3,
          "sti": 9,
          "dti": 60,
          "sco": 50,
          "dco": 305,
          "txt": "miles"
        },
        {
          "si": 3,
          "sti": 10,
          "dti": 61,
          "sco": 56,
          "dco": 311,
          "txt": "north"
        },
        {
          "si": 3,
          "sti": 11,
          "dti": 62,
          "sco": 62,
          "dco": 317,
          "txt": "of"
        },
        {
          "si": 3,
          "sti": 12,
          "dti": 63,
          "sco": 65,
          "dco": 320,
          "txt": "US"
        },
        {
          "si": 3,
          "sti": 13,
          "dti": 64,
          "sco": 68,
          "dco": 323,
          "txt": "20"
        },
        {
          "si": 3,
          "sti": 14,
          "dti": 65,
          "sco": 70,
          "dco": 325,
          "txt": "."
        },
        {
          "si": 4,
          "sti": 0,
          "dti": 66,
          "sco": 0,
          "dco": 327,
          "txt": "When"
        },
        {
          "si": 4,
          "sti": 1,
          "dti": 67,
          "sco": 5,
          "dco": 332,
          "txt": "completed"
        },
        {
          "si": 4,
          "sti": 2,
          "dti": 68,
          "sco": 15,
          "dco": 342,
          "txt": "in"
        },
        {
          "si": 4,
          "sti": 3,
          "dti": 69,
          "sco": 18,
          "dco": 345,
          "txt": "1950"
        },
        {
          "si": 4,
          "sti": 4,
          "dti": 70,
          "sco": 22,
          "dco": 349,
          "txt": ","
        },
        {
          "si": 4,
          "sti": 5,
          "dti": 71,
          "sco": 24,
          "dco": 351,
          "txt": "Anderson"
        },
        {
          "si": 4,
          "sti": 6,
          "dti": 72,
          "sco": 33,
          "dco": 360,
          "txt": "Ranch"
        },
        {
          "si": 4,
          "sti": 7,
          "dti": 73,
          "sco": 39,
          "dco": 366,
          "txt": "was"
        },
        {
          "si": 4,
          "sti": 8,
          "dti": 74,
          "sco": 43,
          "dco": 370,
          "txt": "the"
        },
        {
          "si": 4,
          "sti": 9,
          "dti": 75,
          "sco": 47,
          "dco": 374,
          "txt": "tallest"
        },
        {
          "si": 4,
          "sti": 10,
          "dti": 76,
          "sco": 55,
          "dco": 382,
          "txt": "dam"
        },
        {
          "si": 4,
          "sti": 11,
          "dti": 77,
          "sco": 59,
          "dco": 386,
          "txt": "of"
        },
        {
          "si": 4,
          "sti": 12,
          "dti": 78,
          "sco": 62,
          "dco": 389,
          "txt": "its"
        },
        {
          "si": 4,
          "sti": 13,
          "dti": 79,
          "sco": 66,
          "dco": 393,
          "txt": "type"
        },
        {
          "si": 4,
          "sti": 14,
          "dti": 80,
          "sco": 71,
          "dco": 398,
          "txt": "in"
        },
        {
          "si": 4,
          "sti": 15,
          "dti": 81,
          "sco": 74,
          "dco": 401,
          "txt": "the"
        },
        {
          "si": 4,
          "sti": 16,
          "dti": 82,
          "sco": 78,
          "dco": 405,
          "txt": "world"
        },
        {
          "si": 4,
          "sti": 17,
          "dti": 83,
          "sco": 83,
          "dco": 410,
          "txt": "."
        },
        {
          "si": 5,
          "sti": 0,
          "dti": 84,
          "sco": 0,
          "dco": 412,
          "txt": "Its"
        },
        {
          "si": 5,
          "sti": 1,
          "dti": 85,
          "sco": 4,
          "dco": 416,
          "txt": "primary"
        },
        {
          "si": 5,
          "sti": 2,
          "dti": 86,
          "sco": 12,
          "dco": 424,
          "txt": "purpose"
        },
        {
          "si": 5,
          "sti": 3,
          "dti": 87,
          "sco": 20,
          "dco": 432,
          "txt": "is"
        },
        {
          "si": 5,
          "sti": 4,
          "dti": 88,
          "sco": 23,
          "dco": 435,
          "txt": "to"
        },
        {
          "si": 5,
          "sti": 5,
          "dti": 89,
          "sco": 26,
          "dco": 438,
          "txt": "provide"
        },
        {
          "si": 5,
          "sti": 6,
          "dti": 90,
          "sco": 34,
          "dco": 446,
          "txt": "irrigation"
        },
        {
          "si": 5,
          "sti": 7,
          "dti": 91,
          "sco": 45,
          "dco": 457,
          "txt": "water"
        },
        {
          "si": 5,
          "sti": 8,
          "dti": 92,
          "sco": 51,
          "dco": 463,
          "txt": "for"
        },
        {
          "si": 5,
          "sti": 9,
          "dti": 93,
          "sco": 55,
          "dco": 467,
          "txt": "agriculture"
        },
        {
          "si": 5,
          "sti": 10,
          "dti": 94,
          "sco": 66,
          "dco": 478,
          "txt": ","
        },
        {
          "si": 5,
          "sti": 11,
          "dti": 95,
          "sco": 68,
          "dco": 480,
          "txt": "with"
        },
        {
          "si": 5,
          "sti": 12,
          "dti": 96,
          "sco": 73,
          "dco": 485,
          "txt": "a"
        },
        {
          "si": 5,
          "sti": 13,
          "dti": 97,
          "sco": 75,
          "dco": 487,
          "txt": "secondary"
        },
        {
          "si": 5,
          "sti": 14,
          "dti": 98,
          "sco": 85,
          "dco": 497,
          "txt": "purpose"
        },
        {
          "si": 5,
          "sti": 15,
          "dti": 99,
          "sco": 93,
          "dco": 505,
          "txt": "of"
        },
        {
          "si": 5,
          "sti": 16,
          "dti": 100,
          "sco": 96,
          "dco": 508,
          "txt": "hydroelectric"
        },
        {
          "si": 5,
          "sti": 17,
          "dti": 101,
          "sco": 110,
          "dco": 522,
          "txt": "power"
        },
        {
          "si": 5,
          "sti": 18,
          "dti": 102,
          "sco": 115,
          "dco": 527,
          "txt": "."
        },
        {
          "si": 6,
          "sti": 0,
          "dti": 103,
          "sco": 0,
          "dco": 529,
          "txt": "Its"
        },
        {
          "si": 6,
          "sti": 1,
          "dti": 104,
          "sco": 4,
          "dco": 533,
          "txt": "generating"
        },
        {
          "si": 6,
          "sti": 2,
          "dti": 105,
          "sco": 15,
          "dco": 544,
          "txt": "capacity"
        },
        {
          "si": 6,
          "sti": 3,
          "dti": 106,
          "sco": 24,
          "dco": 553,
          "txt": "was"
        },
        {
          "si": 6,
          "sti": 4,
          "dti": 107,
          "sco": 28,
          "dco": 557,
          "txt": "increased"
        },
        {
          "si": 6,
          "sti": 5,
          "dti": 108,
          "sco": 38,
          "dco": 567,
          "txt": "from"
        },
        {
          "si": 6,
          "sti": 6,
          "dti": 109,
          "sco": 43,
          "dco": 572,
          "txt": "27"
        },
        {
          "si": 6,
          "sti": 7,
          "dti": 110,
          "sco": 45,
          "dco": 574,
          "txt": "MW"
        },
        {
          "si": 6,
          "sti": 8,
          "dti": 111,
          "sco": 48,
          "dco": 577,
          "txt": "to"
        },
        {
          "si": 6,
          "sti": 9,
          "dti": 112,
          "sco": 51,
          "dco": 580,
          "txt": "40"
        },
        {
          "si": 6,
          "sti": 10,
          "dti": 113,
          "sco": 54,
          "dco": 583,
          "txt": "MW"
        },
        {
          "si": 6,
          "sti": 11,
          "dti": 114,
          "sco": 57,
          "dco": 586,
          "txt": "in"
        },
        {
          "si": 6,
          "sti": 12,
          "dti": 115,
          "sco": 60,
          "dco": 589,
          "txt": "1986"
        },
        {
          "si": 6,
          "sti": 13,
          "dti": 116,
          "sco": 64,
          "dco": 593,
          "txt": "."
        },
        {
          "si": 7,
          "sti": 0,
          "dti": 117,
          "sco": 0,
          "dco": 595,
          "txt": "The"
        },
        {
          "si": 7,
          "sti": 1,
          "dti": 118,
          "sco": 4,
          "dco": 599,
          "txt": "construction"
        },
        {
          "si": 7,
          "sti": 2,
          "dti": 119,
          "sco": 17,
          "dco": 612,
          "txt": "of"
        },
        {
          "si": 7,
          "sti": 3,
          "dti": 120,
          "sco": 20,
          "dco": 615,
          "txt": "the"
        },
        {
          "si": 7,
          "sti": 4,
          "dti": 121,
          "sco": 24,
          "dco": 619,
          "txt": "dam"
        },
        {
          "si": 7,
          "sti": 5,
          "dti": 122,
          "sco": 28,
          "dco": 623,
          "txt": "began"
        },
        {
          "si": 7,
          "sti": 6,
          "dti": 123,
          "sco": 34,
          "dco": 629,
          "txt": "in"
        },
        {
          "si": 7,
          "sti": 7,
          "dti": 124,
          "sco": 37,
          "dco": 632,
          "txt": "1941"
        },
        {
          "si": 7,
          "sti": 8,
          "dti": 125,
          "sco": 42,
          "dco": 637,
          "txt": "and"
        },
        {
          "si": 7,
          "sti": 9,
          "dti": 126,
          "sco": 46,
          "dco": 641,
          "txt": "experienced"
        },
        {
          "si": 7,
          "sti": 10,
          "dti": 127,
          "sco": 58,
          "dco": 653,
          "txt": "numerous"
        },
        {
          "si": 7,
          "sti": 11,
          "dti": 128,
          "sco": 67,
          "dco": 662,
          "txt": "challenges"
        },
        {
          "si": 7,
          "sti": 12,
          "dti": 129,
          "sco": 78,
          "dco": 673,
          "txt": "with"
        },
        {
          "si": 7,
          "sti": 13,
          "dti": 130,
          "sco": 83,
          "dco": 678,
          "txt": "materials"
        },
        {
          "si": 7,
          "sti": 14,
          "dti": 131,
          "sco": 92,
          "dco": 687,
          "txt": ","
        },
        {
          "si": 7,
          "sti": 15,
          "dti": 132,
          "sco": 94,
          "dco": 689,
          "txt": "fuel"
        },
        {
          "si": 7,
          "sti": 16,
          "dti": 133,
          "sco": 98,
          "dco": 693,
          "txt": ","
        },
        {
          "si": 7,
          "sti": 17,
          "dti": 134,
          "sco": 100,
          "dco": 695,
          "txt": "and"
        },
        {
          "si": 7,
          "sti": 18,
          "dti": 135,
          "sco": 104,
          "dco": 699,
          "txt": "labor"
        },
        {
          "si": 7,
          "sti": 19,
          "dti": 136,
          "sco": 110,
          "dco": 705,
          "txt": "shortages"
        },
        {
          "si": 7,
          "sti": 20,
          "dti": 137,
          "sco": 120,
          "dco": 715,
          "txt": "during"
        },
        {
          "si": 7,
          "sti": 21,
          "dti": 138,
          "sco": 127,
          "dco": 722,
          "txt": "World"
        },
        {
          "si": 7,
          "sti": 22,
          "dti": 139,
          "sco": 133,
          "dco": 728,
          "txt": "War"
        },
        {
          "si": 7,
          "sti": 23,
          "dti": 140,
          "sco": 137,
          "dco": 732,
          "txt": "II"
        },
        {
          "si": 7,
          "sti": 24,
          "dti": 141,
          "sco": 139,
          "dco": 734,
          "txt": "."
        },
        {
          "si": 8,
          "sti": 0,
          "dti": 142,
          "sco": 0,
          "dco": 736,
          "txt": "Work"
        },
        {
          "si": 8,
          "sti": 1,
          "dti": 143,
          "sco": 5,
          "dco": 741,
          "txt": "was"
        },
        {
          "si": 8,
          "sti": 2,
          "dti": 144,
          "sco": 9,
          "dco": 745,
          "txt": "halted"
        },
        {
          "si": 8,
          "sti": 3,
          "dti": 145,
          "sco": 16,
          "dco": 752,
          "txt": "for"
        },
        {
          "si": 8,
          "sti": 4,
          "dti": 146,
          "sco": 20,
          "dco": 756,
          "txt": "over"
        },
        {
          "si": 8,
          "sti": 5,
          "dti": 147,
          "sco": 25,
          "dco": 761,
          "txt": "nine"
        },
        {
          "si": 8,
          "sti": 6,
          "dti": 148,
          "sco": 30,
          "dco": 766,
          "txt": "months"
        },
        {
          "si": 8,
          "sti": 7,
          "dti": 149,
          "sco": 37,
          "dco": 773,
          "txt": "beginning"
        },
        {
          "si": 8,
          "sti": 8,
          "dti": 150,
          "sco": 47,
          "dco": 783,
          "txt": "in"
        },
        {
          "si": 8,
          "sti": 9,
          "dti": 151,
          "sco": 50,
          "dco": 786,
          "txt": "late"
        },
        {
          "si": 8,
          "sti": 10,
          "dti": 152,
          "sco": 55,
          "dco": 791,
          "txt": "December"
        },
        {
          "si": 8,
          "sti": 11,
          "dti": 153,
          "sco": 64,
          "dco": 800,
          "txt": "1942"
        },
        {
          "si": 8,
          "sti": 12,
          "dti": 154,
          "sco": 68,
          "dco": 804,
          "txt": "."
        },
        {
          "si": 9,
          "sti": 0,
          "dti": 155,
          "sco": 0,
          "dco": 806,
          "txt": "The"
        },
        {
          "si": 9,
          "sti": 1,
          "dti": 156,
          "sco": 4,
          "dco": 810,
          "txt": "Reclamation"
        },
        {
          "si": 9,
          "sti": 2,
          "dti": 157,
          "sco": 16,
          "dco": 822,
          "txt": "Act"
        },
        {
          "si": 9,
          "sti": 3,
          "dti": 158,
          "sco": 20,
          "dco": 826,
          "txt": "of"
        },
        {
          "si": 9,
          "sti": 4,
          "dti": 159,
          "sco": 23,
          "dco": 829,
          "txt": "1902"
        },
        {
          "si": 9,
          "sti": 5,
          "dti": 160,
          "sco": 28,
          "dco": 834,
          "txt": "had"
        },
        {
          "si": 9,
          "sti": 6,
          "dti": 161,
          "sco": 32,
          "dco": 838,
          "txt": "racial"
        },
        {
          "si": 9,
          "sti": 7,
          "dti": 162,
          "sco": 39,
          "dco": 845,
          "txt": "exclusions"
        },
        {
          "si": 9,
          "sti": 8,
          "dti": 163,
          "sco": 50,
          "dco": 856,
          "txt": "on"
        },
        {
          "si": 9,
          "sti": 9,
          "dti": 164,
          "sco": 53,
          "dco": 859,
          "txt": "labor"
        },
        {
          "si": 9,
          "sti": 10,
          "dti": 165,
          "sco": 59,
          "dco": 865,
          "txt": "which"
        },
        {
          "si": 9,
          "sti": 11,
          "dti": 166,
          "sco": 65,
          "dco": 871,
          "txt": "were"
        },
        {
          "si": 9,
          "sti": 12,
          "dti": 167,
          "sco": 70,
          "dco": 876,
          "txt": "strictly"
        },
        {
          "si": 9,
          "sti": 13,
          "dti": 168,
          "sco": 79,
          "dco": 885,
          "txt": "adhered"
        },
        {
          "si": 9,
          "sti": 14,
          "dti": 169,
          "sco": 87,
          "dco": 893,
          "txt": "to"
        },
        {
          "si": 9,
          "sti": 15,
          "dti": 170,
          "sco": 90,
          "dco": 896,
          "txt": "until"
        },
        {
          "si": 9,
          "sti": 16,
          "dti": 171,
          "sco": 96,
          "dco": 902,
          "txt": "Congress"
        },
        {
          "si": 9,
          "sti": 17,
          "dti": 172,
          "sco": 105,
          "dco": 911,
          "txt": "changed"
        },
        {
          "si": 9,
          "sti": 18,
          "dti": 173,
          "sco": 113,
          "dco": 919,
          "txt": "the"
        },
        {
          "si": 9,
          "sti": 19,
          "dti": 174,
          "sco": 117,
          "dco": 923,
          "txt": "law"
        },
        {
          "si": 9,
          "sti": 20,
          "dti": 175,
          "sco": 121,
          "dco": 927,
          "txt": "in"
        },
        {
          "si": 9,
          "sti": 21,
          "dti": 176,
          "sco": 124,
          "dco": 930,
          "txt": "1943"
        },
        {
          "si": 9,
          "sti": 22,
          "dti": 177,
          "sco": 128,
          "dco": 934,
          "txt": "."
        },
        {
          "si": 10,
          "sti": 0,
          "dti": 178,
          "sco": 0,
          "dco": 936,
          "txt": "This"
        },
        {
          "si": 10,
          "sti": 1,
          "dti": 179,
          "sco": 5,
          "dco": 941,
          "txt": "allowed"
        },
        {
          "si": 10,
          "sti": 2,
          "dti": 180,
          "sco": 13,
          "dco": 949,
          "txt": "Japanese"
        },
        {
          "si": 10,
          "sti": 3,
          "dti": 181,
          "sco": 22,
          "dco": 958,
          "txt": "American"
        },
        {
          "si": 10,
          "sti": 4,
          "dti": 182,
          "sco": 31,
          "dco": 967,
          "txt": "internees"
        },
        {
          "si": 10,
          "sti": 5,
          "dti": 183,
          "sco": 41,
          "dco": 977,
          "txt": "to"
        },
        {
          "si": 10,
          "sti": 6,
          "dti": 184,
          "sco": 44,
          "dco": 980,
          "txt": "work"
        },
        {
          "si": 10,
          "sti": 7,
          "dti": 185,
          "sco": 49,
          "dco": 985,
          "txt": "on"
        },
        {
          "si": 10,
          "sti": 8,
          "dti": 186,
          "sco": 52,
          "dco": 988,
          "txt": "Reclamation"
        },
        {
          "si": 10,
          "sti": 9,
          "dti": 187,
          "sco": 64,
          "dco": 1000,
          "txt": "projects"
        },
        {
          "si": 10,
          "sti": 10,
          "dti": 188,
          "sco": 72,
          "dco": 1008,
          "txt": ";"
        },
        {
          "si": 10,
          "sti": 11,
          "dti": 189,
          "sco": 74,
          "dco": 1010,
          "txt": "Anderson"
        },
        {
          "si": 10,
          "sti": 12,
          "dti": 190,
          "sco": 83,
          "dco": 1019,
          "txt": "Ranch"
        },
        {
          "si": 10,
          "sti": 13,
          "dti": 191,
          "sco": 89,
          "dco": 1025,
          "txt": "utilized"
        },
        {
          "si": 10,
          "sti": 14,
          "dti": 192,
          "sco": 98,
          "dco": 1034,
          "txt": "internees"
        },
        {
          "si": 10,
          "sti": 15,
          "dti": 193,
          "sco": 108,
          "dco": 1044,
          "txt": "from"
        },
        {
          "si": 10,
          "sti": 16,
          "dti": 194,
          "sco": 113,
          "dco": 1049,
          "txt": "the"
        },
        {
          "si": 10,
          "sti": 17,
          "dti": 195,
          "sco": 117,
          "dco": 1053,
          "txt": "Minidoka"
        },
        {
          "si": 10,
          "sti": 18,
          "dti": 196,
          "sco": 126,
          "dco": 1062,
          "txt": "War"
        },
        {
          "si": 10,
          "sti": 19,
          "dti": 197,
          "sco": 130,
          "dco": 1066,
          "txt": "Relocation"
        },
        {
          "si": 10,
          "sti": 20,
          "dti": 198,
          "sco": 141,
          "dco": 1077,
          "txt": "Center"
        },
        {
          "si": 10,
          "sti": 21,
          "dti": 199,
          "sco": 147,
          "dco": 1083,
          "txt": ","
        },
        {
          "si": 10,
          "sti": 22,
          "dti": 200,
          "sco": 149,
          "dco": 1085,
          "txt": "northeast"
        },
        {
          "si": 10,
          "sti": 23,
          "dti": 201,
          "sco": 159,
          "dco": 1095,
          "txt": "of"
        },
        {
          "si": 10,
          "sti": 24,
          "dti": 202,
          "sco": 162,
          "dco": 1098,
          "txt": "Twin"
        },
        {
          "si": 10,
          "sti": 25,
          "dti": 203,
          "sco": 167,
          "dco": 1103,
          "txt": "Falls"
        },
        {
          "si": 10,
          "sti": 26,
          "dti": 204,
          "sco": 172,
          "dco": 1108,
          "txt": "."
        },
        {
          "si": 11,
          "sti": 0,
          "dti": 205,
          "sco": 0,
          "dco": 1110,
          "txt": "The"
        },
        {
          "si": 11,
          "sti": 1,
          "dti": 206,
          "sco": 4,
          "dco": 1114,
          "txt": "South"
        },
        {
          "si": 11,
          "sti": 2,
          "dti": 207,
          "sco": 10,
          "dco": 1120,
          "txt": "Fork"
        },
        {
          "si": 11,
          "sti": 3,
          "dti": 208,
          "sco": 15,
          "dco": 1125,
          "txt": "of"
        },
        {
          "si": 11,
          "sti": 4,
          "dti": 209,
          "sco": 18,
          "dco": 1128,
          "txt": "the"
        },
        {
          "si": 11,
          "sti": 5,
          "dti": 210,
          "sco": 22,
          "dco": 1132,
          "txt": "Boise"
        },
        {
          "si": 11,
          "sti": 6,
          "dti": 211,
          "sco": 28,
          "dco": 1138,
          "txt": "River"
        },
        {
          "si": 11,
          "sti": 7,
          "dti": 212,
          "sco": 34,
          "dco": 1144,
          "txt": "originates"
        },
        {
          "si": 11,
          "sti": 8,
          "dti": 213,
          "sco": 45,
          "dco": 1155,
          "txt": "in"
        },
        {
          "si": 11,
          "sti": 9,
          "dti": 214,
          "sco": 48,
          "dco": 1158,
          "txt": "the"
        },
        {
          "si": 11,
          "sti": 10,
          "dti": 215,
          "sco": 52,
          "dco": 1162,
          "txt": "Smoky"
        },
        {
          "si": 11,
          "sti": 11,
          "dti": 216,
          "sco": 58,
          "dco": 1168,
          "txt": "Mountains"
        },
        {
          "si": 11,
          "sti": 12,
          "dti": 217,
          "sco": 68,
          "dco": 1178,
          "txt": "north"
        },
        {
          "si": 11,
          "sti": 13,
          "dti": 218,
          "sco": 74,
          "dco": 1184,
          "txt": "of"
        },
        {
          "si": 11,
          "sti": 14,
          "dti": 219,
          "sco": 77,
          "dco": 1187,
          "txt": "Fairfield"
        },
        {
          "si": 11,
          "sti": 15,
          "dti": 220,
          "sco": 86,
          "dco": 1196,
          "txt": "."
        },
        {
          "si": 12,
          "sti": 0,
          "dti": 221,
          "sco": 0,
          "dco": 1198,
          "txt": "Its"
        },
        {
          "si": 12,
          "sti": 1,
          "dti": 222,
          "sco": 4,
          "dco": 1202,
          "txt": "watershed"
        },
        {
          "si": 12,
          "sti": 2,
          "dti": 223,
          "sco": 14,
          "dco": 1212,
          "txt": "includes"
        },
        {
          "si": 12,
          "sti": 3,
          "dti": 224,
          "sco": 23,
          "dco": 1221,
          "txt": "portions"
        },
        {
          "si": 12,
          "sti": 4,
          "dti": 225,
          "sco": 32,
          "dco": 1230,
          "txt": "of"
        },
        {
          "si": 12,
          "sti": 5,
          "dti": 226,
          "sco": 35,
          "dco": 1233,
          "txt": "the"
        },
        {
          "si": 12,
          "sti": 6,
          "dti": 227,
          "sco": 39,
          "dco": 1237,
          "txt": "Smoky"
        },
        {
          "si": 12,
          "sti": 7,
          "dti": 228,
          "sco": 45,
          "dco": 1243,
          "txt": "Mountains"
        },
        {
          "si": 12,
          "sti": 8,
          "dti": 229,
          "sco": 54,
          "dco": 1252,
          "txt": ","
        },
        {
          "si": 12,
          "sti": 9,
          "dti": 230,
          "sco": 56,
          "dco": 1254,
          "txt": "Soldier"
        },
        {
          "si": 12,
          "sti": 10,
          "dti": 231,
          "sco": 64,
          "dco": 1262,
          "txt": "Mountains"
        },
        {
          "si": 12,
          "sti": 11,
          "dti": 232,
          "sco": 73,
          "dco": 1271,
          "txt": ","
        },
        {
          "si": 12,
          "sti": 12,
          "dti": 233,
          "sco": 75,
          "dco": 1273,
          "txt": "Boise"
        },
        {
          "si": 12,
          "sti": 13,
          "dti": 234,
          "sco": 81,
          "dco": 1279,
          "txt": "National"
        },
        {
          "si": 12,
          "sti": 14,
          "dti": 235,
          "sco": 90,
          "dco": 1288,
          "txt": "Forest"
        },
        {
          "si": 12,
          "sti": 15,
          "dti": 236,
          "sco": 96,
          "dco": 1294,
          "txt": ","
        },
        {
          "si": 12,
          "sti": 16,
          "dti": 237,
          "sco": 98,
          "dco": 1296,
          "txt": "and"
        },
        {
          "si": 12,
          "sti": 17,
          "dti": 238,
          "sco": 102,
          "dco": 1300,
          "txt": "Sawtooth"
        },
        {
          "si": 12,
          "sti": 18,
          "dti": 239,
          "sco": 111,
          "dco": 1309,
          "txt": "National"
        },
        {
          "si": 12,
          "sti": 19,
          "dti": 240,
          "sco": 120,
          "dco": 1318,
          "txt": "Forest"
        },
        {
          "si": 12,
          "sti": 20,
          "dti": 241,
          "sco": 126,
          "dco": 1324,
          "txt": "."
        },
        {
          "si": 13,
          "sti": 0,
          "dti": 242,
          "sco": 0,
          "dco": 1326,
          "txt": "Below"
        },
        {
          "si": 13,
          "sti": 1,
          "dti": 243,
          "sco": 6,
          "dco": 1332,
          "txt": "the"
        },
        {
          "si": 13,
          "sti": 2,
          "dti": 244,
          "sco": 10,
          "dco": 1336,
          "txt": "dam"
        },
        {
          "si": 13,
          "sti": 3,
          "dti": 245,
          "sco": 13,
          "dco": 1339,
          "txt": ","
        },
        {
          "si": 13,
          "sti": 4,
          "dti": 246,
          "sco": 15,
          "dco": 1341,
          "txt": "the"
        },
        {
          "si": 13,
          "sti": 5,
          "dti": 247,
          "sco": 19,
          "dco": 1345,
          "txt": "South"
        },
        {
          "si": 13,
          "sti": 6,
          "dti": 248,
          "sco": 25,
          "dco": 1351,
          "txt": "Fork"
        },
        {
          "si": 13,
          "sti": 7,
          "dti": 249,
          "sco": 30,
          "dco": 1356,
          "txt": "flows"
        },
        {
          "si": 13,
          "sti": 8,
          "dti": 250,
          "sco": 36,
          "dco": 1362,
          "txt": "northwestward"
        },
        {
          "si": 13,
          "sti": 9,
          "dti": 251,
          "sco": 50,
          "dco": 1376,
          "txt": "into"
        },
        {
          "si": 13,
          "sti": 10,
          "dti": 252,
          "sco": 55,
          "dco": 1381,
          "txt": "the"
        },
        {
          "si": 13,
          "sti": 11,
          "dti": 253,
          "sco": 59,
          "dco": 1385,
          "txt": "reservoir"
        },
        {
          "si": 13,
          "sti": 12,
          "dti": 254,
          "sco": 69,
          "dco": 1395,
          "txt": "behind"
        },
        {
          "si": 13,
          "sti": 13,
          "dti": 255,
          "sco": 76,
          "dco": 1402,
          "txt": "the"
        },
        {
          "si": 13,
          "sti": 14,
          "dti": 256,
          "sco": 80,
          "dco": 1406,
          "txt": "concrete"
        },
        {
          "si": 13,
          "sti": 15,
          "dti": 257,
          "sco": 89,
          "dco": 1415,
          "txt": "Arrowrock"
        },
        {
          "si": 13,
          "sti": 16,
          "dti": 258,
          "sco": 99,
          "dco": 1425,
          "txt": "Dam"
        },
        {
          "si": 13,
          "sti": 17,
          "dti": 259,
          "sco": 102,
          "dco": 1428,
          "txt": ","
        },
        {
          "si": 13,
          "sti": 18,
          "dti": 260,
          "sco": 104,
          "dco": 1430,
          "txt": "completed"
        },
        {
          "si": 13,
          "sti": 19,
          "dti": 261,
          "sco": 114,
          "dco": 1440,
          "txt": "in"
        },
        {
          "si": 13,
          "sti": 20,
          "dti": 262,
          "sco": 117,
          "dco": 1443,
          "txt": "1915"
        },
        {
          "si": 13,
          "sti": 21,
          "dti": 263,
          "sco": 121,
          "dco": 1447,
          "txt": "."
        }
      ]
    },
    "ganns": {
      "dla": [],
      "la": [],
      "ea": [],
      "eta": [
        {
          "ra": {
            "ea": {
              "etn": "Anderson_Ranch_Dam"
            }
          },
          "sfs": [
            [
              {
                "stn": "status"
              },
              {}
            ]
          ],
          "mfs": [
            [
              {
                "stn": "rivers"
              },
              {
                "dla": [],
                "la": [],
                "ea": [
                  {
                    "etn": "Boise_River"
                  }
                ],
                "eta": []
              }
            ],
            [
              {
                "stn": "locations"
              },
              {
                "dla": [],
                "la": [],
                "ea": [
                  {
                    "etn": "Elmore_County,_Idaho"
                  },
                  {
                    "etn": "Idaho"
                  },
                  {
                    "etn": "United_States"
                  }
                ],
                "eta": []
              }
            ],
            [
              {
                "stn": "openingYears"
              },
              {
                "dla": [
                  {
                    "txt": {
                      "sff": "1950"
                    },
                    "et": {
                      "etn": "Year"
                    },
                    "dp": {
                      "off": 345
                    }
                  }
                ],
                "la": [],
                "ea": [],
                "eta": []
              }
            ],
            [
              {
                "stn": "buildingStartYears"
              },
              {
                "dla": [
                  {
                    "txt": {
                      "sff": "1941"
                    },
                    "et": {
                      "etn": "Year"
                    },
                    "dp": {
                      "off": 632
                    }
                  }
                ],
                "la": [],
                "ea": [],
                "eta": []
              }
            ],
            [
              {
                "stn": "countries"
              },
              {
                "dla": [],
                "la": [],
                "ea": [],
                "eta": []
              }
            ]
          ]
        }
      ]
    }
  }
]
