[
  {
    "context": "TRAIN",
    "doc": {
      "id": "Atasu_Dam",
      "tl": [
        {
          "si": 0,
          "sti": 0,
          "dti": 0,
          "sco": 0,
          "dco": 0,
          "txt": "Atasu"
        },
        {
          "si": 0,
          "sti": 1,
          "dti": 1,
          "sco": 6,
          "dco": 6,
          "txt": "Dam"
        },
        {
          "si": 0,
          "sti": 2,
          "dti": 2,
          "sco": 9,
          "dco": 9,
          "txt": "."
        },
        {
          "si": 1,
          "sti": 0,
          "dti": 3,
          "sco": 0,
          "dco": 11,
          "txt": "Atasu"
        },
        {
          "si": 1,
          "sti": 1,
          "dti": 4,
          "sco": 6,
          "dco": 17,
          "txt": "Dam"
        },
        {
          "si": 1,
          "sti": 2,
          "dti": 5,
          "sco": 10,
          "dco": 21,
          "txt": "is"
        },
        {
          "si": 1,
          "sti": 3,
          "dti": 6,
          "sco": 13,
          "dco": 24,
          "txt": "a"
        },
        {
          "si": 1,
          "sti": 4,
          "dti": 7,
          "sco": 15,
          "dco": 26,
          "txt": "concrete"
        },
        {
          "si": 1,
          "sti": 5,
          "dti": 8,
          "sco": 23,
          "dco": 34,
          "txt": "-"
        },
        {
          "si": 1,
          "sti": 6,
          "dti": 9,
          "sco": 24,
          "dco": 35,
          "txt": "face"
        },
        {
          "si": 1,
          "sti": 7,
          "dti": 10,
          "sco": 29,
          "dco": 40,
          "txt": "rock"
        },
        {
          "si": 1,
          "sti": 8,
          "dti": 11,
          "sco": 33,
          "dco": 44,
          "txt": "-"
        },
        {
          "si": 1,
          "sti": 9,
          "dti": 12,
          "sco": 34,
          "dco": 45,
          "txt": "fill"
        },
        {
          "si": 1,
          "sti": 10,
          "dti": 13,
          "sco": 39,
          "dco": 50,
          "txt": "dam"
        },
        {
          "si": 1,
          "sti": 11,
          "dti": 14,
          "sco": 43,
          "dco": 54,
          "txt": "on"
        },
        {
          "si": 1,
          "sti": 12,
          "dti": 15,
          "sco": 46,
          "dco": 57,
          "txt": "the"
        },
        {
          "si": 1,
          "sti": 13,
          "dti": 16,
          "sco": 50,
          "dco": 61,
          "txt": "Gaylan"
        },
        {
          "si": 1,
          "sti": 14,
          "dti": 17,
          "sco": 57,
          "dco": 68,
          "txt": "River"
        },
        {
          "si": 1,
          "sti": 15,
          "dti": 18,
          "sco": 62,
          "dco": 73,
          "txt": ","
        },
        {
          "si": 1,
          "sti": 16,
          "dti": 19,
          "sco": 64,
          "dco": 75,
          "txt": "south"
        },
        {
          "si": 1,
          "sti": 17,
          "dti": 20,
          "sco": 70,
          "dco": 81,
          "txt": "of"
        },
        {
          "si": 1,
          "sti": 18,
          "dti": 21,
          "sco": 73,
          "dco": 84,
          "txt": "Trabzon"
        },
        {
          "si": 1,
          "sti": 19,
          "dti": 22,
          "sco": 81,
          "dco": 92,
          "txt": "in"
        },
        {
          "si": 1,
          "sti": 20,
          "dti": 23,
          "sco": 84,
          "dco": 95,
          "txt": "Trabzon"
        },
        {
          "si": 1,
          "sti": 21,
          "dti": 24,
          "sco": 92,
          "dco": 103,
          "txt": "Province"
        },
        {
          "si": 1,
          "sti": 22,
          "dti": 25,
          "sco": 100,
          "dco": 111,
          "txt": ","
        },
        {
          "si": 1,
          "sti": 23,
          "dti": 26,
          "sco": 102,
          "dco": 113,
          "txt": "Turkey"
        },
        {
          "si": 1,
          "sti": 24,
          "dti": 27,
          "sco": 108,
          "dco": 119,
          "txt": "."
        },
        {
          "si": 2,
          "sti": 0,
          "dti": 28,
          "sco": 0,
          "dco": 121,
          "txt": "It"
        },
        {
          "si": 2,
          "sti": 1,
          "dti": 29,
          "sco": 3,
          "dco": 124,
          "txt": "was"
        },
        {
          "si": 2,
          "sti": 2,
          "dti": 30,
          "sco": 7,
          "dco": 128,
          "txt": "built"
        },
        {
          "si": 2,
          "sti": 3,
          "dti": 31,
          "sco": 13,
          "dco": 134,
          "txt": "between"
        },
        {
          "si": 2,
          "sti": 4,
          "dti": 32,
          "sco": 21,
          "dco": 142,
          "txt": "1998"
        },
        {
          "si": 2,
          "sti": 5,
          "dti": 33,
          "sco": 26,
          "dco": 147,
          "txt": "and"
        },
        {
          "si": 2,
          "sti": 6,
          "dti": 34,
          "sco": 30,
          "dco": 151,
          "txt": "2010"
        },
        {
          "si": 2,
          "sti": 7,
          "dti": 35,
          "sco": 35,
          "dco": 156,
          "txt": "for"
        },
        {
          "si": 2,
          "sti": 8,
          "dti": 36,
          "sco": 39,
          "dco": 160,
          "txt": "the"
        },
        {
          "si": 2,
          "sti": 9,
          "dti": 37,
          "sco": 43,
          "dco": 164,
          "txt": "primary"
        },
        {
          "si": 2,
          "sti": 10,
          "dti": 38,
          "sco": 51,
          "dco": 172,
          "txt": "purpose"
        },
        {
          "si": 2,
          "sti": 11,
          "dti": 39,
          "sco": 59,
          "dco": 180,
          "txt": "of"
        },
        {
          "si": 2,
          "sti": 12,
          "dti": 40,
          "sco": 62,
          "dco": 183,
          "txt": "drinking"
        },
        {
          "si": 2,
          "sti": 13,
          "dti": 41,
          "sco": 71,
          "dco": 192,
          "txt": "water"
        },
        {
          "si": 2,
          "sti": 14,
          "dti": 42,
          "sco": 77,
          "dco": 198,
          "txt": "supply"
        },
        {
          "si": 2,
          "sti": 15,
          "dti": 43,
          "sco": 84,
          "dco": 205,
          "txt": "but"
        },
        {
          "si": 2,
          "sti": 16,
          "dti": 44,
          "sco": 88,
          "dco": 209,
          "txt": "also"
        },
        {
          "si": 2,
          "sti": 17,
          "dti": 45,
          "sco": 93,
          "dco": 214,
          "txt": "has"
        },
        {
          "si": 2,
          "sti": 18,
          "dti": 46,
          "sco": 97,
          "dco": 218,
          "txt": "a"
        },
        {
          "si": 2,
          "sti": 19,
          "dti": 47,
          "sco": 99,
          "dco": 220,
          "txt": "5"
        },
        {
          "si": 2,
          "sti": 20,
          "dti": 48,
          "sco": 101,
          "dco": 222,
          "txt": "MW"
        },
        {
          "si": 2,
          "sti": 21,
          "dti": 49,
          "sco": 104,
          "dco": 225,
          "txt": "hydroelectric"
        },
        {
          "si": 2,
          "sti": 22,
          "dti": 50,
          "sco": 118,
          "dco": 239,
          "txt": "power"
        },
        {
          "si": 2,
          "sti": 23,
          "dti": 51,
          "sco": 124,
          "dco": 245,
          "txt": "station"
        },
        {
          "si": 2,
          "sti": 24,
          "dti": 52,
          "sco": 131,
          "dco": 252,
          "txt": "."
        }
      ]
    },
    "ganns": {
      "dla": [],
      "la": [],
      "ea": [],
      "eta": [
        {
          "ra": {
            "ea": {
              "etn": "Atasu_Dam"
            }
          },
          "sfs": [
            [
              {
                "stn": "status"
              },
              {}
            ]
          ],
          "mfs": [
            [
              {
                "stn": "rivers"
              },
              {
                "dla": [],
                "la": [],
                "ea": [],
                "eta": []
              }
            ],
            [
              {
                "stn": "locations"
              },
              {
                "dla": [],
                "la": [],
                "ea": [
                  {
                    "etn": "Trabzon"
                  }
                ],
                "eta": []
              }
            ],
            [
              {
                "stn": "openingYears"
              },
              {
                "dla": [
                  {
                    "txt": {
                      "sff": "2010"
                    },
                    "et": {
                      "etn": "Year"
                    },
                    "dp": {
                      "off": 151
                    }
                  }
                ],
                "la": [],
                "ea": [],
                "eta": []
              }
            ],
            [
              {
                "stn": "buildingStartYears"
              },
              {
                "dla": [
                  {
                    "txt": {
                      "sff": "1998"
                    },
                    "et": {
                      "etn": "Year"
                    },
                    "dp": {
                      "off": 142
                    }
                  }
                ],
                "la": [],
                "ea": [],
                "eta": []
              }
            ],
            [
              {
                "stn": "countries"
              },
              {
                "dla": [],
                "la": [],
                "ea": [
                  {
                    "etn": "Turkey"
                  }
                ],
                "eta": []
              }
            ]
          ]
        }
      ]
    }
  }
]
