[
  {
    "context": "TRAIN",
    "doc": {
      "id": "Baath_Dam",
      "tl": [
        {
          "si": 0,
          "sti": 0,
          "dti": 0,
          "sco": 0,
          "dco": 0,
          "txt": "Baath"
        },
        {
          "si": 0,
          "sti": 1,
          "dti": 1,
          "sco": 6,
          "dco": 6,
          "txt": "Dam"
        },
        {
          "si": 0,
          "sti": 2,
          "dti": 2,
          "sco": 9,
          "dco": 9,
          "txt": "."
        },
        {
          "si": 1,
          "sti": 0,
          "dti": 3,
          "sco": 0,
          "dco": 11,
          "txt": "The"
        },
        {
          "si": 1,
          "sti": 1,
          "dti": 4,
          "sco": 4,
          "dco": 15,
          "txt": "Baath"
        },
        {
          "si": 1,
          "sti": 2,
          "dti": 5,
          "sco": 10,
          "dco": 21,
          "txt": "Dam"
        },
        {
          "si": 1,
          "sti": 3,
          "dti": 6,
          "sco": 14,
          "dco": 25,
          "txt": "("
        },
        {
          "si": 1,
          "sti": 4,
          "dti": 7,
          "sco": 15,
          "dco": 26,
          "txt": ","
        },
        {
          "si": 1,
          "sti": 5,
          "dti": 8,
          "sco": 17,
          "dco": 28,
          "txt": "literally"
        },
        {
          "si": 1,
          "sti": 6,
          "dti": 9,
          "sco": 27,
          "dco": 38,
          "txt": "\""
        },
        {
          "si": 1,
          "sti": 7,
          "dti": 10,
          "sco": 28,
          "dco": 39,
          "txt": "dam"
        },
        {
          "si": 1,
          "sti": 8,
          "dti": 11,
          "sco": 32,
          "dco": 43,
          "txt": "of"
        },
        {
          "si": 1,
          "sti": 9,
          "dti": 12,
          "sco": 35,
          "dco": 46,
          "txt": "the"
        },
        {
          "si": 1,
          "sti": 10,
          "dti": 13,
          "sco": 39,
          "dco": 50,
          "txt": "resurrection"
        },
        {
          "si": 1,
          "sti": 11,
          "dti": 14,
          "sco": 51,
          "dco": 62,
          "txt": "\""
        },
        {
          "si": 1,
          "sti": 12,
          "dti": 15,
          "sco": 52,
          "dco": 63,
          "txt": ")"
        },
        {
          "si": 1,
          "sti": 13,
          "dti": 16,
          "sco": 54,
          "dco": 65,
          "txt": "is"
        },
        {
          "si": 1,
          "sti": 14,
          "dti": 17,
          "sco": 57,
          "dco": 68,
          "txt": "a"
        },
        {
          "si": 1,
          "sti": 15,
          "dti": 18,
          "sco": 59,
          "dco": 70,
          "txt": "dam"
        },
        {
          "si": 1,
          "sti": 16,
          "dti": 19,
          "sco": 63,
          "dco": 74,
          "txt": "on"
        },
        {
          "si": 1,
          "sti": 17,
          "dti": 20,
          "sco": 66,
          "dco": 77,
          "txt": "the"
        },
        {
          "si": 1,
          "sti": 18,
          "dti": 21,
          "sco": 70,
          "dco": 81,
          "txt": "Euphrates"
        },
        {
          "si": 1,
          "sti": 19,
          "dti": 22,
          "sco": 79,
          "dco": 90,
          "txt": ","
        },
        {
          "si": 1,
          "sti": 20,
          "dti": 23,
          "sco": 81,
          "dco": 92,
          "txt": "located"
        },
        {
          "si": 1,
          "sti": 21,
          "dti": 24,
          "sco": 89,
          "dco": 100,
          "txt": "upstream"
        },
        {
          "si": 1,
          "sti": 22,
          "dti": 25,
          "sco": 98,
          "dco": 109,
          "txt": "from"
        },
        {
          "si": 1,
          "sti": 23,
          "dti": 26,
          "sco": 103,
          "dco": 114,
          "txt": "the"
        },
        {
          "si": 1,
          "sti": 24,
          "dti": 27,
          "sco": 107,
          "dco": 118,
          "txt": "city"
        },
        {
          "si": 1,
          "sti": 25,
          "dti": 28,
          "sco": 112,
          "dco": 123,
          "txt": "of"
        },
        {
          "si": 1,
          "sti": 26,
          "dti": 29,
          "sco": 115,
          "dco": 126,
          "txt": "Ar"
        },
        {
          "si": 1,
          "sti": 27,
          "dti": 30,
          "sco": 117,
          "dco": 128,
          "txt": "-"
        },
        {
          "si": 1,
          "sti": 28,
          "dti": 31,
          "sco": 118,
          "dco": 129,
          "txt": "Raqqah"
        },
        {
          "si": 1,
          "sti": 29,
          "dti": 32,
          "sco": 125,
          "dco": 136,
          "txt": "in"
        },
        {
          "si": 1,
          "sti": 30,
          "dti": 33,
          "sco": 128,
          "dco": 139,
          "txt": "Ar"
        },
        {
          "si": 1,
          "sti": 31,
          "dti": 34,
          "sco": 130,
          "dco": 141,
          "txt": "-"
        },
        {
          "si": 1,
          "sti": 32,
          "dti": 35,
          "sco": 131,
          "dco": 142,
          "txt": "Raqqah"
        },
        {
          "si": 1,
          "sti": 33,
          "dti": 36,
          "sco": 138,
          "dco": 149,
          "txt": "Governorate"
        },
        {
          "si": 1,
          "sti": 34,
          "dti": 37,
          "sco": 149,
          "dco": 160,
          "txt": ","
        },
        {
          "si": 1,
          "sti": 35,
          "dti": 38,
          "sco": 151,
          "dco": 162,
          "txt": "Syria"
        },
        {
          "si": 1,
          "sti": 36,
          "dti": 39,
          "sco": 156,
          "dco": 167,
          "txt": "."
        },
        {
          "si": 2,
          "sti": 0,
          "dti": 40,
          "sco": 0,
          "dco": 169,
          "txt": "Construction"
        },
        {
          "si": 2,
          "sti": 1,
          "dti": 41,
          "sco": 13,
          "dco": 182,
          "txt": "of"
        },
        {
          "si": 2,
          "sti": 2,
          "dti": 42,
          "sco": 16,
          "dco": 185,
          "txt": "the"
        },
        {
          "si": 2,
          "sti": 3,
          "dti": 43,
          "sco": 20,
          "dco": 189,
          "txt": "dam"
        },
        {
          "si": 2,
          "sti": 4,
          "dti": 44,
          "sco": 24,
          "dco": 193,
          "txt": "started"
        },
        {
          "si": 2,
          "sti": 5,
          "dti": 45,
          "sco": 32,
          "dco": 201,
          "txt": "in"
        },
        {
          "si": 2,
          "sti": 6,
          "dti": 46,
          "sco": 35,
          "dco": 204,
          "txt": "1983"
        },
        {
          "si": 2,
          "sti": 7,
          "dti": 47,
          "sco": 40,
          "dco": 209,
          "txt": "and"
        },
        {
          "si": 2,
          "sti": 8,
          "dti": 48,
          "sco": 44,
          "dco": 213,
          "txt": "was"
        },
        {
          "si": 2,
          "sti": 9,
          "dti": 49,
          "sco": 48,
          "dco": 217,
          "txt": "finished"
        },
        {
          "si": 2,
          "sti": 10,
          "dti": 50,
          "sco": 57,
          "dco": 226,
          "txt": "in"
        },
        {
          "si": 2,
          "sti": 11,
          "dti": 51,
          "sco": 60,
          "dco": 229,
          "txt": "1986"
        },
        {
          "si": 2,
          "sti": 12,
          "dti": 52,
          "sco": 64,
          "dco": 233,
          "txt": "."
        },
        {
          "si": 3,
          "sti": 0,
          "dti": 53,
          "sco": 0,
          "dco": 235,
          "txt": "It"
        },
        {
          "si": 3,
          "sti": 1,
          "dti": 54,
          "sco": 3,
          "dco": 238,
          "txt": "is"
        },
        {
          "si": 3,
          "sti": 2,
          "dti": 55,
          "sco": 6,
          "dco": 241,
          "txt": "intended"
        },
        {
          "si": 3,
          "sti": 3,
          "dti": 56,
          "sco": 15,
          "dco": 250,
          "txt": "to"
        },
        {
          "si": 3,
          "sti": 4,
          "dti": 57,
          "sco": 18,
          "dco": 253,
          "txt": "generate"
        },
        {
          "si": 3,
          "sti": 5,
          "dti": 58,
          "sco": 27,
          "dco": 262,
          "txt": "hydroelectric"
        },
        {
          "si": 3,
          "sti": 6,
          "dti": 59,
          "sco": 41,
          "dco": 276,
          "txt": "power"
        },
        {
          "si": 3,
          "sti": 7,
          "dti": 60,
          "sco": 47,
          "dco": 282,
          "txt": "as"
        },
        {
          "si": 3,
          "sti": 8,
          "dti": 61,
          "sco": 50,
          "dco": 285,
          "txt": "well"
        },
        {
          "si": 3,
          "sti": 9,
          "dti": 62,
          "sco": 55,
          "dco": 290,
          "txt": "as"
        },
        {
          "si": 3,
          "sti": 10,
          "dti": 63,
          "sco": 58,
          "dco": 293,
          "txt": "regulate"
        },
        {
          "si": 3,
          "sti": 11,
          "dti": 64,
          "sco": 67,
          "dco": 302,
          "txt": "the"
        },
        {
          "si": 3,
          "sti": 12,
          "dti": 65,
          "sco": 71,
          "dco": 306,
          "txt": "irregular"
        },
        {
          "si": 3,
          "sti": 13,
          "dti": 66,
          "sco": 81,
          "dco": 316,
          "txt": "flow"
        },
        {
          "si": 3,
          "sti": 14,
          "dti": 67,
          "sco": 86,
          "dco": 321,
          "txt": "from"
        },
        {
          "si": 3,
          "sti": 15,
          "dti": 68,
          "sco": 91,
          "dco": 326,
          "txt": "the"
        },
        {
          "si": 3,
          "sti": 16,
          "dti": 69,
          "sco": 95,
          "dco": 330,
          "txt": "Tabqa"
        },
        {
          "si": 3,
          "sti": 17,
          "dti": 70,
          "sco": 101,
          "dco": 336,
          "txt": "Dam"
        },
        {
          "si": 3,
          "sti": 18,
          "dti": 71,
          "sco": 104,
          "dco": 339,
          "txt": ","
        },
        {
          "si": 3,
          "sti": 19,
          "dti": 72,
          "sco": 106,
          "dco": 341,
          "txt": "which"
        },
        {
          "si": 3,
          "sti": 20,
          "dti": 73,
          "sco": 112,
          "dco": 347,
          "txt": "is"
        },
        {
          "si": 3,
          "sti": 21,
          "dti": 74,
          "sco": 115,
          "dco": 350,
          "txt": "located"
        },
        {
          "si": 3,
          "sti": 22,
          "dti": 75,
          "sco": 123,
          "dco": 358,
          "txt": "upstream"
        },
        {
          "si": 3,
          "sti": 23,
          "dti": 76,
          "sco": 132,
          "dco": 367,
          "txt": "from"
        },
        {
          "si": 3,
          "sti": 24,
          "dti": 77,
          "sco": 137,
          "dco": 372,
          "txt": "the"
        },
        {
          "si": 3,
          "sti": 25,
          "dti": 78,
          "sco": 141,
          "dco": 376,
          "txt": "Baath"
        },
        {
          "si": 3,
          "sti": 26,
          "dti": 79,
          "sco": 147,
          "dco": 382,
          "txt": "Dam"
        },
        {
          "si": 3,
          "sti": 27,
          "dti": 80,
          "sco": 150,
          "dco": 385,
          "txt": "."
        },
        {
          "si": 4,
          "sti": 0,
          "dti": 81,
          "sco": 0,
          "dco": 387,
          "txt": "These"
        },
        {
          "si": 4,
          "sti": 1,
          "dti": 82,
          "sco": 6,
          "dco": 393,
          "txt": "irregularities"
        },
        {
          "si": 4,
          "sti": 2,
          "dti": 83,
          "sco": 21,
          "dco": 408,
          "txt": "in"
        },
        {
          "si": 4,
          "sti": 3,
          "dti": 84,
          "sco": 24,
          "dco": 411,
          "txt": "the"
        },
        {
          "si": 4,
          "sti": 4,
          "dti": 85,
          "sco": 28,
          "dco": 415,
          "txt": "flow"
        },
        {
          "si": 4,
          "sti": 5,
          "dti": 86,
          "sco": 33,
          "dco": 420,
          "txt": "from"
        },
        {
          "si": 4,
          "sti": 6,
          "dti": 87,
          "sco": 38,
          "dco": 425,
          "txt": "the"
        },
        {
          "si": 4,
          "sti": 7,
          "dti": 88,
          "sco": 42,
          "dco": 429,
          "txt": "Tabqa"
        },
        {
          "si": 4,
          "sti": 8,
          "dti": 89,
          "sco": 48,
          "dco": 435,
          "txt": "Dam"
        },
        {
          "si": 4,
          "sti": 9,
          "dti": 90,
          "sco": 52,
          "dco": 439,
          "txt": "are"
        },
        {
          "si": 4,
          "sti": 10,
          "dti": 91,
          "sco": 56,
          "dco": 443,
          "txt": "caused"
        },
        {
          "si": 4,
          "sti": 11,
          "dti": 92,
          "sco": 63,
          "dco": 450,
          "txt": "by"
        },
        {
          "si": 4,
          "sti": 12,
          "dti": 93,
          "sco": 66,
          "dco": 453,
          "txt": "changes"
        },
        {
          "si": 4,
          "sti": 13,
          "dti": 94,
          "sco": 74,
          "dco": 461,
          "txt": "in"
        },
        {
          "si": 4,
          "sti": 14,
          "dti": 95,
          "sco": 77,
          "dco": 464,
          "txt": "the"
        },
        {
          "si": 4,
          "sti": 15,
          "dti": 96,
          "sco": 81,
          "dco": 468,
          "txt": "electricity"
        },
        {
          "si": 4,
          "sti": 16,
          "dti": 97,
          "sco": 93,
          "dco": 480,
          "txt": "demand"
        },
        {
          "si": 4,
          "sti": 17,
          "dti": 98,
          "sco": 99,
          "dco": 486,
          "txt": "."
        },
        {
          "si": 5,
          "sti": 0,
          "dti": 99,
          "sco": 0,
          "dco": 488,
          "txt": "The"
        },
        {
          "si": 5,
          "sti": 1,
          "dti": 100,
          "sco": 4,
          "dco": 492,
          "txt": "Baath"
        },
        {
          "si": 5,
          "sti": 2,
          "dti": 101,
          "sco": 10,
          "dco": 498,
          "txt": "Dam"
        },
        {
          "si": 5,
          "sti": 3,
          "dti": 102,
          "sco": 14,
          "dco": 502,
          "txt": "is"
        },
        {
          "si": 5,
          "sti": 4,
          "dti": 103,
          "sco": 17,
          "dco": 505,
          "txt": "high"
        },
        {
          "si": 5,
          "sti": 5,
          "dti": 104,
          "sco": 22,
          "dco": 510,
          "txt": "and"
        },
        {
          "si": 5,
          "sti": 6,
          "dti": 105,
          "sco": 26,
          "dco": 514,
          "txt": "the"
        },
        {
          "si": 5,
          "sti": 7,
          "dti": 106,
          "sco": 30,
          "dco": 518,
          "txt": "installed"
        },
        {
          "si": 5,
          "sti": 8,
          "dti": 107,
          "sco": 40,
          "dco": 528,
          "txt": "water"
        },
        {
          "si": 5,
          "sti": 9,
          "dti": 108,
          "sco": 46,
          "dco": 534,
          "txt": "turbines"
        },
        {
          "si": 5,
          "sti": 10,
          "dti": 109,
          "sco": 55,
          "dco": 543,
          "txt": "can"
        },
        {
          "si": 5,
          "sti": 11,
          "dti": 110,
          "sco": 59,
          "dco": 547,
          "txt": "generate"
        },
        {
          "si": 5,
          "sti": 12,
          "dti": 111,
          "sco": 68,
          "dco": 556,
          "txt": "81"
        },
        {
          "si": 5,
          "sti": 13,
          "dti": 112,
          "sco": 70,
          "dco": 558,
          "txt": " "
        },
        {
          "si": 5,
          "sti": 14,
          "dti": 113,
          "sco": 71,
          "dco": 559,
          "txt": "MW"
        },
        {
          "si": 5,
          "sti": 15,
          "dti": 114,
          "sco": 73,
          "dco": 561,
          "txt": "."
        },
        {
          "si": 6,
          "sti": 0,
          "dti": 115,
          "sco": 0,
          "dco": 563,
          "txt": "The"
        },
        {
          "si": 6,
          "sti": 1,
          "dti": 116,
          "sco": 4,
          "dco": 567,
          "txt": "storage"
        },
        {
          "si": 6,
          "sti": 2,
          "dti": 117,
          "sco": 12,
          "dco": 575,
          "txt": "capacity"
        },
        {
          "si": 6,
          "sti": 3,
          "dti": 118,
          "sco": 21,
          "dco": 584,
          "txt": "of"
        },
        {
          "si": 6,
          "sti": 4,
          "dti": 119,
          "sco": 24,
          "dco": 587,
          "txt": "the"
        },
        {
          "si": 6,
          "sti": 5,
          "dti": 120,
          "sco": 28,
          "dco": 591,
          "txt": "Baath"
        },
        {
          "si": 6,
          "sti": 6,
          "dti": 121,
          "sco": 34,
          "dco": 597,
          "txt": "Dam"
        },
        {
          "si": 6,
          "sti": 7,
          "dti": 122,
          "sco": 38,
          "dco": 601,
          "txt": "Reservoir"
        },
        {
          "si": 6,
          "sti": 8,
          "dti": 123,
          "sco": 48,
          "dco": 611,
          "txt": "is"
        },
        {
          "si": 6,
          "sti": 9,
          "dti": 124,
          "sco": 50,
          "dco": 613,
          "txt": "."
        },
        {
          "si": 7,
          "sti": 0,
          "dti": 125,
          "sco": 0,
          "dco": 615,
          "txt": "The"
        },
        {
          "si": 7,
          "sti": 1,
          "dti": 126,
          "sco": 4,
          "dco": 619,
          "txt": "Baath"
        },
        {
          "si": 7,
          "sti": 2,
          "dti": 127,
          "sco": 10,
          "dco": 625,
          "txt": "Dam"
        },
        {
          "si": 7,
          "sti": 3,
          "dti": 128,
          "sco": 14,
          "dco": 629,
          "txt": "is"
        },
        {
          "si": 7,
          "sti": 4,
          "dti": 129,
          "sco": 17,
          "dco": 632,
          "txt": "one"
        },
        {
          "si": 7,
          "sti": 5,
          "dti": 130,
          "sco": 21,
          "dco": 636,
          "txt": "of"
        },
        {
          "si": 7,
          "sti": 6,
          "dti": 131,
          "sco": 24,
          "dco": 639,
          "txt": "three"
        },
        {
          "si": 7,
          "sti": 7,
          "dti": 132,
          "sco": 30,
          "dco": 645,
          "txt": "dams"
        },
        {
          "si": 7,
          "sti": 8,
          "dti": 133,
          "sco": 35,
          "dco": 650,
          "txt": "in"
        },
        {
          "si": 7,
          "sti": 9,
          "dti": 134,
          "sco": 38,
          "dco": 653,
          "txt": "the"
        },
        {
          "si": 7,
          "sti": 10,
          "dti": 135,
          "sco": 42,
          "dco": 657,
          "txt": "Syrian"
        },
        {
          "si": 7,
          "sti": 11,
          "dti": 136,
          "sco": 49,
          "dco": 664,
          "txt": "Euphrates"
        },
        {
          "si": 7,
          "sti": 12,
          "dti": 137,
          "sco": 58,
          "dco": 673,
          "txt": ","
        },
        {
          "si": 7,
          "sti": 13,
          "dti": 138,
          "sco": 60,
          "dco": 675,
          "txt": "the"
        },
        {
          "si": 7,
          "sti": 14,
          "dti": 139,
          "sco": 64,
          "dco": 679,
          "txt": "other"
        },
        {
          "si": 7,
          "sti": 15,
          "dti": 140,
          "sco": 70,
          "dco": 685,
          "txt": "two"
        },
        {
          "si": 7,
          "sti": 16,
          "dti": 141,
          "sco": 74,
          "dco": 689,
          "txt": "being"
        },
        {
          "si": 7,
          "sti": 17,
          "dti": 142,
          "sco": 80,
          "dco": 695,
          "txt": "the"
        },
        {
          "si": 7,
          "sti": 18,
          "dti": 143,
          "sco": 84,
          "dco": 699,
          "txt": "Tabqa"
        },
        {
          "si": 7,
          "sti": 19,
          "dti": 144,
          "sco": 90,
          "dco": 705,
          "txt": "Dam"
        },
        {
          "si": 7,
          "sti": 20,
          "dti": 145,
          "sco": 93,
          "dco": 708,
          "txt": ","
        },
        {
          "si": 7,
          "sti": 21,
          "dti": 146,
          "sco": 95,
          "dco": 710,
          "txt": "and"
        },
        {
          "si": 7,
          "sti": 22,
          "dti": 147,
          "sco": 99,
          "dco": 714,
          "txt": "the"
        },
        {
          "si": 7,
          "sti": 23,
          "dti": 148,
          "sco": 103,
          "dco": 718,
          "txt": "Tishrin"
        },
        {
          "si": 7,
          "sti": 24,
          "dti": 149,
          "sco": 111,
          "dco": 726,
          "txt": "Dam"
        },
        {
          "si": 7,
          "sti": 25,
          "dti": 150,
          "sco": 115,
          "dco": 730,
          "txt": "south"
        },
        {
          "si": 7,
          "sti": 26,
          "dti": 151,
          "sco": 121,
          "dco": 736,
          "txt": "of"
        },
        {
          "si": 7,
          "sti": 27,
          "dti": 152,
          "sco": 124,
          "dco": 739,
          "txt": "the"
        },
        {
          "si": 7,
          "sti": 28,
          "dti": 153,
          "sco": 128,
          "dco": 743,
          "txt": "Syro"
        },
        {
          "si": 7,
          "sti": 29,
          "dti": 154,
          "sco": 132,
          "dco": 747,
          "txt": "-"
        },
        {
          "si": 7,
          "sti": 30,
          "dti": 155,
          "sco": 133,
          "dco": 748,
          "txt": "Turkish"
        },
        {
          "si": 7,
          "sti": 31,
          "dti": 156,
          "sco": 141,
          "dco": 756,
          "txt": "border"
        },
        {
          "si": 7,
          "sti": 32,
          "dti": 157,
          "sco": 147,
          "dco": 762,
          "txt": "."
        },
        {
          "si": 8,
          "sti": 0,
          "dti": 158,
          "sco": 0,
          "dco": 764,
          "txt": "Like"
        },
        {
          "si": 8,
          "sti": 1,
          "dti": 159,
          "sco": 5,
          "dco": 769,
          "txt": "the"
        },
        {
          "si": 8,
          "sti": 2,
          "dti": 160,
          "sco": 9,
          "dco": 773,
          "txt": "Baath"
        },
        {
          "si": 8,
          "sti": 3,
          "dti": 161,
          "sco": 15,
          "dco": 779,
          "txt": "Dam"
        },
        {
          "si": 8,
          "sti": 4,
          "dti": 162,
          "sco": 18,
          "dco": 782,
          "txt": ","
        },
        {
          "si": 8,
          "sti": 5,
          "dti": 163,
          "sco": 20,
          "dco": 784,
          "txt": "the"
        },
        {
          "si": 8,
          "sti": 6,
          "dti": 164,
          "sco": 24,
          "dco": 788,
          "txt": "Tishrin"
        },
        {
          "si": 8,
          "sti": 7,
          "dti": 165,
          "sco": 32,
          "dco": 796,
          "txt": "Dam"
        },
        {
          "si": 8,
          "sti": 8,
          "dti": 166,
          "sco": 36,
          "dco": 800,
          "txt": "is"
        },
        {
          "si": 8,
          "sti": 9,
          "dti": 167,
          "sco": 39,
          "dco": 803,
          "txt": "also"
        },
        {
          "si": 8,
          "sti": 10,
          "dti": 168,
          "sco": 44,
          "dco": 808,
          "txt": "functionally"
        },
        {
          "si": 8,
          "sti": 11,
          "dti": 169,
          "sco": 57,
          "dco": 821,
          "txt": "related"
        },
        {
          "si": 8,
          "sti": 12,
          "dti": 170,
          "sco": 65,
          "dco": 829,
          "txt": "to"
        },
        {
          "si": 8,
          "sti": 13,
          "dti": 171,
          "sco": 68,
          "dco": 832,
          "txt": "the"
        },
        {
          "si": 8,
          "sti": 14,
          "dti": 172,
          "sco": 72,
          "dco": 836,
          "txt": "Tabqa"
        },
        {
          "si": 8,
          "sti": 15,
          "dti": 173,
          "sco": 78,
          "dco": 842,
          "txt": "Dam"
        },
        {
          "si": 8,
          "sti": 16,
          "dti": 174,
          "sco": 81,
          "dco": 845,
          "txt": "."
        },
        {
          "si": 9,
          "sti": 0,
          "dti": 175,
          "sco": 0,
          "dco": 847,
          "txt": "Construction"
        },
        {
          "si": 9,
          "sti": 1,
          "dti": 176,
          "sco": 13,
          "dco": 860,
          "txt": "of"
        },
        {
          "si": 9,
          "sti": 2,
          "dti": 177,
          "sco": 16,
          "dco": 863,
          "txt": "the"
        },
        {
          "si": 9,
          "sti": 3,
          "dti": 178,
          "sco": 20,
          "dco": 867,
          "txt": "Tishrin"
        },
        {
          "si": 9,
          "sti": 4,
          "dti": 179,
          "sco": 28,
          "dco": 875,
          "txt": "Dam"
        },
        {
          "si": 9,
          "sti": 5,
          "dti": 180,
          "sco": 32,
          "dco": 879,
          "txt": "was"
        },
        {
          "si": 9,
          "sti": 6,
          "dti": 181,
          "sco": 36,
          "dco": 883,
          "txt": "partly"
        },
        {
          "si": 9,
          "sti": 7,
          "dti": 182,
          "sco": 43,
          "dco": 890,
          "txt": "motivated"
        },
        {
          "si": 9,
          "sti": 8,
          "dti": 183,
          "sco": 53,
          "dco": 900,
          "txt": "by"
        },
        {
          "si": 9,
          "sti": 9,
          "dti": 184,
          "sco": 56,
          "dco": 903,
          "txt": "the"
        },
        {
          "si": 9,
          "sti": 10,
          "dti": 185,
          "sco": 60,
          "dco": 907,
          "txt": "disappointing"
        },
        {
          "si": 9,
          "sti": 11,
          "dti": 186,
          "sco": 74,
          "dco": 921,
          "txt": "performance"
        },
        {
          "si": 9,
          "sti": 12,
          "dti": 187,
          "sco": 86,
          "dco": 933,
          "txt": "of"
        },
        {
          "si": 9,
          "sti": 13,
          "dti": 188,
          "sco": 89,
          "dco": 936,
          "txt": "the"
        },
        {
          "si": 9,
          "sti": 14,
          "dti": 189,
          "sco": 93,
          "dco": 940,
          "txt": "hydroelectric"
        },
        {
          "si": 9,
          "sti": 15,
          "dti": 190,
          "sco": 107,
          "dco": 954,
          "txt": "power"
        },
        {
          "si": 9,
          "sti": 16,
          "dti": 191,
          "sco": 113,
          "dco": 960,
          "txt": "station"
        },
        {
          "si": 9,
          "sti": 17,
          "dti": 192,
          "sco": 121,
          "dco": 968,
          "txt": "in"
        },
        {
          "si": 9,
          "sti": 18,
          "dti": 193,
          "sco": 124,
          "dco": 971,
          "txt": "the"
        },
        {
          "si": 9,
          "sti": 19,
          "dti": 194,
          "sco": 128,
          "dco": 975,
          "txt": "Tabqa"
        },
        {
          "si": 9,
          "sti": 20,
          "dti": 195,
          "sco": 134,
          "dco": 981,
          "txt": "Dam"
        },
        {
          "si": 9,
          "sti": 21,
          "dti": 196,
          "sco": 137,
          "dco": 984,
          "txt": "."
        },
        {
          "si": 10,
          "sti": 0,
          "dti": 197,
          "sco": 0,
          "dco": 986,
          "txt": "Syria"
        },
        {
          "si": 10,
          "sti": 1,
          "dti": 198,
          "sco": 6,
          "dco": 992,
          "txt": "now"
        },
        {
          "si": 10,
          "sti": 2,
          "dti": 199,
          "sco": 10,
          "dco": 996,
          "txt": "plans"
        },
        {
          "si": 10,
          "sti": 3,
          "dti": 200,
          "sco": 16,
          "dco": 1002,
          "txt": "to"
        },
        {
          "si": 10,
          "sti": 4,
          "dti": 201,
          "sco": 19,
          "dco": 1005,
          "txt": "construct"
        },
        {
          "si": 10,
          "sti": 5,
          "dti": 202,
          "sco": 29,
          "dco": 1015,
          "txt": "a"
        },
        {
          "si": 10,
          "sti": 6,
          "dti": 203,
          "sco": 31,
          "dco": 1017,
          "txt": "fourth"
        },
        {
          "si": 10,
          "sti": 7,
          "dti": 204,
          "sco": 38,
          "dco": 1024,
          "txt": "dam"
        },
        {
          "si": 10,
          "sti": 8,
          "dti": 205,
          "sco": 42,
          "dco": 1028,
          "txt": "–"
        },
        {
          "si": 10,
          "sti": 9,
          "dti": 206,
          "sco": 44,
          "dco": 1030,
          "txt": "the"
        },
        {
          "si": 10,
          "sti": 10,
          "dti": 207,
          "sco": 48,
          "dco": 1034,
          "txt": "Halabiye"
        },
        {
          "si": 10,
          "sti": 11,
          "dti": 208,
          "sco": 57,
          "dco": 1043,
          "txt": "Dam"
        },
        {
          "si": 10,
          "sti": 12,
          "dti": 209,
          "sco": 61,
          "dco": 1047,
          "txt": "–"
        },
        {
          "si": 10,
          "sti": 13,
          "dti": 210,
          "sco": 63,
          "dco": 1049,
          "txt": "in"
        },
        {
          "si": 10,
          "sti": 14,
          "dti": 211,
          "sco": 66,
          "dco": 1052,
          "txt": "the"
        },
        {
          "si": 10,
          "sti": 15,
          "dti": 212,
          "sco": 70,
          "dco": 1056,
          "txt": "Euphrates"
        },
        {
          "si": 10,
          "sti": 16,
          "dti": 213,
          "sco": 79,
          "dco": 1065,
          "txt": ","
        },
        {
          "si": 10,
          "sti": 17,
          "dti": 214,
          "sco": 81,
          "dco": 1067,
          "txt": "downstream"
        },
        {
          "si": 10,
          "sti": 18,
          "dti": 215,
          "sco": 92,
          "dco": 1078,
          "txt": "from"
        },
        {
          "si": 10,
          "sti": 19,
          "dti": 216,
          "sco": 97,
          "dco": 1083,
          "txt": "the"
        },
        {
          "si": 10,
          "sti": 20,
          "dti": 217,
          "sco": 101,
          "dco": 1087,
          "txt": "Baath"
        },
        {
          "si": 10,
          "sti": 21,
          "dti": 218,
          "sco": 107,
          "dco": 1093,
          "txt": "Dam"
        },
        {
          "si": 10,
          "sti": 22,
          "dti": 219,
          "sco": 110,
          "dco": 1096,
          "txt": "."
        }
      ]
    },
    "ganns": {
      "dla": [],
      "la": [],
      "ea": [],
      "eta": [
        {
          "ra": {
            "ea": {
              "etn": "Baath_Dam"
            }
          },
          "sfs": [
            [
              {
                "stn": "status"
              },
              {}
            ]
          ],
          "mfs": [
            [
              {
                "stn": "rivers"
              },
              {
                "dla": [],
                "la": [],
                "ea": [
                  {
                    "etn": "Euphrates"
                  }
                ],
                "eta": []
              }
            ],
            [
              {
                "stn": "locations"
              },
              {
                "dla": [],
                "la": [],
                "ea": [
                  {
                    "etn": "Syria"
                  },
                  {
                    "etn": "Ar-Raqqah_Governorate"
                  }
                ],
                "eta": []
              }
            ],
            [
              {
                "stn": "openingYears"
              },
              {
                "dla": [
                  {
                    "txt": {
                      "sff": "1986"
                    },
                    "et": {
                      "etn": "Year"
                    },
                    "dp": {
                      "off": 229
                    }
                  }
                ],
                "la": [],
                "ea": [],
                "eta": []
              }
            ],
            [
              {
                "stn": "buildingStartYears"
              },
              {
                "dla": [
                  {
                    "txt": {
                      "sff": "1983"
                    },
                    "et": {
                      "etn": "Year"
                    },
                    "dp": {
                      "off": 204
                    }
                  }
                ],
                "la": [],
                "ea": [],
                "eta": []
              }
            ],
            [
              {
                "stn": "countries"
              },
              {
                "dla": [],
                "la": [],
                "ea": [],
                "eta": []
              }
            ]
          ]
        }
      ]
    }
  }
]
