[
  {
    "context": "TRAIN",
    "doc": {
      "id": "Bendora_Dam",
      "tl": [
        {
          "si": 0,
          "sti": 0,
          "dti": 0,
          "sco": 0,
          "dco": 0,
          "txt": "Bendora"
        },
        {
          "si": 0,
          "sti": 1,
          "dti": 1,
          "sco": 8,
          "dco": 8,
          "txt": "Dam"
        },
        {
          "si": 0,
          "sti": 2,
          "dti": 2,
          "sco": 11,
          "dco": 11,
          "txt": "."
        },
        {
          "si": 1,
          "sti": 0,
          "dti": 3,
          "sco": 0,
          "dco": 13,
          "txt": "The"
        },
        {
          "si": 1,
          "sti": 1,
          "dti": 4,
          "sco": 4,
          "dco": 17,
          "txt": "Bendora"
        },
        {
          "si": 1,
          "sti": 2,
          "dti": 5,
          "sco": 12,
          "dco": 25,
          "txt": "Dam"
        },
        {
          "si": 1,
          "sti": 3,
          "dti": 6,
          "sco": 16,
          "dco": 29,
          "txt": "is"
        },
        {
          "si": 1,
          "sti": 4,
          "dti": 7,
          "sco": 19,
          "dco": 32,
          "txt": "a"
        },
        {
          "si": 1,
          "sti": 5,
          "dti": 8,
          "sco": 21,
          "dco": 34,
          "txt": "thin"
        },
        {
          "si": 1,
          "sti": 6,
          "dti": 9,
          "sco": 25,
          "dco": 38,
          "txt": "-"
        },
        {
          "si": 1,
          "sti": 7,
          "dti": 10,
          "sco": 26,
          "dco": 39,
          "txt": "wall"
        },
        {
          "si": 1,
          "sti": 8,
          "dti": 11,
          "sco": 30,
          "dco": 43,
          "txt": ","
        },
        {
          "si": 1,
          "sti": 9,
          "dti": 12,
          "sco": 32,
          "dco": 45,
          "txt": "double"
        },
        {
          "si": 1,
          "sti": 10,
          "dti": 13,
          "sco": 39,
          "dco": 52,
          "txt": "curvature"
        },
        {
          "si": 1,
          "sti": 11,
          "dti": 14,
          "sco": 49,
          "dco": 62,
          "txt": "concrete"
        },
        {
          "si": 1,
          "sti": 12,
          "dti": 15,
          "sco": 58,
          "dco": 71,
          "txt": "arch"
        },
        {
          "si": 1,
          "sti": 13,
          "dti": 16,
          "sco": 63,
          "dco": 76,
          "txt": "dam"
        },
        {
          "si": 1,
          "sti": 14,
          "dti": 17,
          "sco": 67,
          "dco": 80,
          "txt": "across"
        },
        {
          "si": 1,
          "sti": 15,
          "dti": 18,
          "sco": 74,
          "dco": 87,
          "txt": "the"
        },
        {
          "si": 1,
          "sti": 16,
          "dti": 19,
          "sco": 78,
          "dco": 91,
          "txt": "upper"
        },
        {
          "si": 1,
          "sti": 17,
          "dti": 20,
          "sco": 84,
          "dco": 97,
          "txt": "reaches"
        },
        {
          "si": 1,
          "sti": 18,
          "dti": 21,
          "sco": 92,
          "dco": 105,
          "txt": "of"
        },
        {
          "si": 1,
          "sti": 19,
          "dti": 22,
          "sco": 95,
          "dco": 108,
          "txt": "the"
        },
        {
          "si": 1,
          "sti": 20,
          "dti": 23,
          "sco": 99,
          "dco": 112,
          "txt": "Cotter"
        },
        {
          "si": 1,
          "sti": 21,
          "dti": 24,
          "sco": 106,
          "dco": 119,
          "txt": "River"
        },
        {
          "si": 1,
          "sti": 22,
          "dti": 25,
          "sco": 111,
          "dco": 124,
          "txt": ","
        },
        {
          "si": 1,
          "sti": 23,
          "dti": 26,
          "sco": 113,
          "dco": 126,
          "txt": "located"
        },
        {
          "si": 1,
          "sti": 24,
          "dti": 27,
          "sco": 121,
          "dco": 134,
          "txt": "within"
        },
        {
          "si": 1,
          "sti": 25,
          "dti": 28,
          "sco": 128,
          "dco": 141,
          "txt": "Namadgi"
        },
        {
          "si": 1,
          "sti": 26,
          "dti": 29,
          "sco": 136,
          "dco": 149,
          "txt": "National"
        },
        {
          "si": 1,
          "sti": 27,
          "dti": 30,
          "sco": 145,
          "dco": 158,
          "txt": "Park"
        },
        {
          "si": 1,
          "sti": 28,
          "dti": 31,
          "sco": 150,
          "dco": 163,
          "txt": "in"
        },
        {
          "si": 1,
          "sti": 29,
          "dti": 32,
          "sco": 153,
          "dco": 166,
          "txt": "the"
        },
        {
          "si": 1,
          "sti": 30,
          "dti": 33,
          "sco": 157,
          "dco": 170,
          "txt": "Australian"
        },
        {
          "si": 1,
          "sti": 31,
          "dti": 34,
          "sco": 168,
          "dco": 181,
          "txt": "Capital"
        },
        {
          "si": 1,
          "sti": 32,
          "dti": 35,
          "sco": 176,
          "dco": 189,
          "txt": "Territory"
        },
        {
          "si": 1,
          "sti": 33,
          "dti": 36,
          "sco": 185,
          "dco": 198,
          "txt": ","
        },
        {
          "si": 1,
          "sti": 34,
          "dti": 37,
          "sco": 187,
          "dco": 200,
          "txt": "Australia"
        },
        {
          "si": 1,
          "sti": 35,
          "dti": 38,
          "sco": 196,
          "dco": 209,
          "txt": "."
        },
        {
          "si": 2,
          "sti": 0,
          "dti": 39,
          "sco": 0,
          "dco": 211,
          "txt": "The"
        },
        {
          "si": 2,
          "sti": 1,
          "dti": 40,
          "sco": 4,
          "dco": 215,
          "txt": "impounded"
        },
        {
          "si": 2,
          "sti": 2,
          "dti": 41,
          "sco": 14,
          "dco": 225,
          "txt": "reservoir"
        },
        {
          "si": 2,
          "sti": 3,
          "dti": 42,
          "sco": 24,
          "dco": 235,
          "txt": "is"
        },
        {
          "si": 2,
          "sti": 4,
          "dti": 43,
          "sco": 27,
          "dco": 238,
          "txt": "called"
        },
        {
          "si": 2,
          "sti": 5,
          "dti": 44,
          "sco": 34,
          "dco": 245,
          "txt": "the"
        },
        {
          "si": 2,
          "sti": 6,
          "dti": 45,
          "sco": 38,
          "dco": 249,
          "txt": "Bendora"
        },
        {
          "si": 2,
          "sti": 7,
          "dti": 46,
          "sco": 46,
          "dco": 257,
          "txt": "Reservoir"
        },
        {
          "si": 2,
          "sti": 8,
          "dti": 47,
          "sco": 56,
          "dco": 267,
          "txt": "which"
        },
        {
          "si": 2,
          "sti": 9,
          "dti": 48,
          "sco": 62,
          "dco": 273,
          "txt": "is"
        },
        {
          "si": 2,
          "sti": 10,
          "dti": 49,
          "sco": 65,
          "dco": 276,
          "txt": "a"
        },
        {
          "si": 2,
          "sti": 11,
          "dti": 50,
          "sco": 67,
          "dco": 278,
          "txt": "supply"
        },
        {
          "si": 2,
          "sti": 12,
          "dti": 51,
          "sco": 74,
          "dco": 285,
          "txt": "source"
        },
        {
          "si": 2,
          "sti": 13,
          "dti": 52,
          "sco": 81,
          "dco": 292,
          "txt": "of"
        },
        {
          "si": 2,
          "sti": 14,
          "dti": 53,
          "sco": 84,
          "dco": 295,
          "txt": "potable"
        },
        {
          "si": 2,
          "sti": 15,
          "dti": 54,
          "sco": 92,
          "dco": 303,
          "txt": "water"
        },
        {
          "si": 2,
          "sti": 16,
          "dti": 55,
          "sco": 98,
          "dco": 309,
          "txt": "for"
        },
        {
          "si": 2,
          "sti": 17,
          "dti": 56,
          "sco": 102,
          "dco": 313,
          "txt": "the"
        },
        {
          "si": 2,
          "sti": 18,
          "dti": 57,
          "sco": 106,
          "dco": 317,
          "txt": "city"
        },
        {
          "si": 2,
          "sti": 19,
          "dti": 58,
          "sco": 111,
          "dco": 322,
          "txt": "of"
        },
        {
          "si": 2,
          "sti": 20,
          "dti": 59,
          "sco": 114,
          "dco": 325,
          "txt": "Canberra"
        },
        {
          "si": 2,
          "sti": 21,
          "dti": 60,
          "sco": 123,
          "dco": 334,
          "txt": "and"
        },
        {
          "si": 2,
          "sti": 22,
          "dti": 61,
          "sco": 127,
          "dco": 338,
          "txt": "its"
        },
        {
          "si": 2,
          "sti": 23,
          "dti": 62,
          "sco": 131,
          "dco": 342,
          "txt": "environs"
        },
        {
          "si": 2,
          "sti": 24,
          "dti": 63,
          "sco": 139,
          "dco": 350,
          "txt": "."
        },
        {
          "si": 3,
          "sti": 0,
          "dti": 64,
          "sco": 0,
          "dco": 352,
          "txt": "Location"
        },
        {
          "si": 3,
          "sti": 1,
          "dti": 65,
          "sco": 9,
          "dco": 361,
          "txt": "and"
        },
        {
          "si": 3,
          "sti": 2,
          "dti": 66,
          "sco": 13,
          "dco": 365,
          "txt": "features"
        },
        {
          "si": 3,
          "sti": 3,
          "dti": 67,
          "sco": 21,
          "dco": 373,
          "txt": "."
        },
        {
          "si": 4,
          "sti": 0,
          "dti": 68,
          "sco": 0,
          "dco": 375,
          "txt": "Constructed"
        },
        {
          "si": 4,
          "sti": 1,
          "dti": 69,
          "sco": 12,
          "dco": 387,
          "txt": "by"
        },
        {
          "si": 4,
          "sti": 2,
          "dti": 70,
          "sco": 15,
          "dco": 390,
          "txt": "E"
        },
        {
          "si": 4,
          "sti": 3,
          "dti": 71,
          "sco": 17,
          "dco": 392,
          "txt": "S"
        },
        {
          "si": 4,
          "sti": 4,
          "dti": 72,
          "sco": 19,
          "dco": 394,
          "txt": "Clementson"
        },
        {
          "si": 4,
          "sti": 5,
          "dti": 73,
          "sco": 30,
          "dco": 405,
          "txt": "working"
        },
        {
          "si": 4,
          "sti": 6,
          "dti": 74,
          "sco": 38,
          "dco": 413,
          "txt": "from"
        },
        {
          "si": 4,
          "sti": 7,
          "dti": 75,
          "sco": 43,
          "dco": 418,
          "txt": "designs"
        },
        {
          "si": 4,
          "sti": 8,
          "dti": 76,
          "sco": 51,
          "dco": 426,
          "txt": "prepared"
        },
        {
          "si": 4,
          "sti": 9,
          "dti": 77,
          "sco": 60,
          "dco": 435,
          "txt": "by"
        },
        {
          "si": 4,
          "sti": 10,
          "dti": 78,
          "sco": 63,
          "dco": 438,
          "txt": "the"
        },
        {
          "si": 4,
          "sti": 11,
          "dti": 79,
          "sco": 67,
          "dco": 442,
          "txt": "Commonwealth"
        },
        {
          "si": 4,
          "sti": 12,
          "dti": 80,
          "sco": 80,
          "dco": 455,
          "txt": "Department"
        },
        {
          "si": 4,
          "sti": 13,
          "dti": 81,
          "sco": 91,
          "dco": 466,
          "txt": "of"
        },
        {
          "si": 4,
          "sti": 14,
          "dti": 82,
          "sco": 94,
          "dco": 469,
          "txt": "Works"
        },
        {
          "si": 4,
          "sti": 15,
          "dti": 83,
          "sco": 99,
          "dco": 474,
          "txt": ","
        },
        {
          "si": 4,
          "sti": 16,
          "dti": 84,
          "sco": 101,
          "dco": 476,
          "txt": "the"
        },
        {
          "si": 4,
          "sti": 17,
          "dti": 85,
          "sco": 105,
          "dco": 480,
          "txt": "Bendora"
        },
        {
          "si": 4,
          "sti": 18,
          "dti": 86,
          "sco": 113,
          "dco": 488,
          "txt": "Dam"
        },
        {
          "si": 4,
          "sti": 19,
          "dti": 87,
          "sco": 117,
          "dco": 492,
          "txt": "was"
        },
        {
          "si": 4,
          "sti": 20,
          "dti": 88,
          "sco": 121,
          "dco": 496,
          "txt": "completed"
        },
        {
          "si": 4,
          "sti": 21,
          "dti": 89,
          "sco": 131,
          "dco": 506,
          "txt": "and"
        },
        {
          "si": 4,
          "sti": 22,
          "dti": 90,
          "sco": 135,
          "dco": 510,
          "txt": "opened"
        },
        {
          "si": 4,
          "sti": 23,
          "dti": 91,
          "sco": 142,
          "dco": 517,
          "txt": "in"
        },
        {
          "si": 4,
          "sti": 24,
          "dti": 92,
          "sco": 145,
          "dco": 520,
          "txt": "1961"
        },
        {
          "si": 4,
          "sti": 25,
          "dti": 93,
          "sco": 150,
          "dco": 525,
          "txt": "and"
        },
        {
          "si": 4,
          "sti": 26,
          "dti": 94,
          "sco": 154,
          "dco": 529,
          "txt": "was"
        },
        {
          "si": 4,
          "sti": 27,
          "dti": 95,
          "sco": 158,
          "dco": 533,
          "txt": "the"
        },
        {
          "si": 4,
          "sti": 28,
          "dti": 96,
          "sco": 162,
          "dco": 537,
          "txt": "first"
        },
        {
          "si": 4,
          "sti": 29,
          "dti": 97,
          "sco": 168,
          "dco": 543,
          "txt": "dam"
        },
        {
          "si": 4,
          "sti": 30,
          "dti": 98,
          "sco": 172,
          "dco": 547,
          "txt": "of"
        },
        {
          "si": 4,
          "sti": 31,
          "dti": 99,
          "sco": 175,
          "dco": 550,
          "txt": "its"
        },
        {
          "si": 4,
          "sti": 32,
          "dti": 100,
          "sco": 179,
          "dco": 554,
          "txt": "type"
        },
        {
          "si": 4,
          "sti": 33,
          "dti": 101,
          "sco": 184,
          "dco": 559,
          "txt": "built"
        },
        {
          "si": 4,
          "sti": 34,
          "dti": 102,
          "sco": 190,
          "dco": 565,
          "txt": "in"
        },
        {
          "si": 4,
          "sti": 35,
          "dti": 103,
          "sco": 193,
          "dco": 568,
          "txt": "Australia"
        },
        {
          "si": 4,
          "sti": 36,
          "dti": 104,
          "sco": 202,
          "dco": 577,
          "txt": "."
        },
        {
          "si": 5,
          "sti": 0,
          "dti": 105,
          "sco": 0,
          "dco": 579,
          "txt": "The"
        },
        {
          "si": 5,
          "sti": 1,
          "dti": 106,
          "sco": 4,
          "dco": 583,
          "txt": "concrete"
        },
        {
          "si": 5,
          "sti": 2,
          "dti": 107,
          "sco": 13,
          "dco": 592,
          "txt": "dam"
        },
        {
          "si": 5,
          "sti": 3,
          "dti": 108,
          "sco": 17,
          "dco": 596,
          "txt": "wall"
        },
        {
          "si": 5,
          "sti": 4,
          "dti": 109,
          "sco": 22,
          "dco": 601,
          "txt": "built"
        },
        {
          "si": 5,
          "sti": 5,
          "dti": 110,
          "sco": 28,
          "dco": 607,
          "txt": "on"
        },
        {
          "si": 5,
          "sti": 6,
          "dti": 111,
          "sco": 31,
          "dco": 610,
          "txt": "a"
        },
        {
          "si": 5,
          "sti": 7,
          "dti": 112,
          "sco": 33,
          "dco": 612,
          "txt": "rock"
        },
        {
          "si": 5,
          "sti": 8,
          "dti": 113,
          "sco": 38,
          "dco": 617,
          "txt": "foundation"
        },
        {
          "si": 5,
          "sti": 9,
          "dti": 114,
          "sco": 49,
          "dco": 628,
          "txt": "is"
        },
        {
          "si": 5,
          "sti": 10,
          "dti": 115,
          "sco": 52,
          "dco": 631,
          "txt": "high"
        },
        {
          "si": 5,
          "sti": 11,
          "dti": 116,
          "sco": 57,
          "dco": 636,
          "txt": "and"
        },
        {
          "si": 5,
          "sti": 12,
          "dti": 117,
          "sco": 61,
          "dco": 640,
          "txt": "long"
        },
        {
          "si": 5,
          "sti": 13,
          "dti": 118,
          "sco": 66,
          "dco": 645,
          "txt": "with"
        },
        {
          "si": 5,
          "sti": 14,
          "dti": 119,
          "sco": 71,
          "dco": 650,
          "txt": "a"
        },
        {
          "si": 5,
          "sti": 15,
          "dti": 120,
          "sco": 73,
          "dco": 652,
          "txt": "volume"
        },
        {
          "si": 5,
          "sti": 16,
          "dti": 121,
          "sco": 80,
          "dco": 659,
          "txt": "of"
        },
        {
          "si": 5,
          "sti": 17,
          "dti": 122,
          "sco": 82,
          "dco": 661,
          "txt": "."
        },
        {
          "si": 6,
          "sti": 0,
          "dti": 123,
          "sco": 0,
          "dco": 663,
          "txt": "The"
        },
        {
          "si": 6,
          "sti": 1,
          "dti": 124,
          "sco": 4,
          "dco": 667,
          "txt": "wall"
        },
        {
          "si": 6,
          "sti": 2,
          "dti": 125,
          "sco": 9,
          "dco": 672,
          "txt": "impounds"
        },
        {
          "si": 6,
          "sti": 3,
          "dti": 126,
          "sco": 18,
          "dco": 681,
          "txt": "of"
        },
        {
          "si": 6,
          "sti": 4,
          "dti": 127,
          "sco": 21,
          "dco": 684,
          "txt": "water"
        },
        {
          "si": 6,
          "sti": 5,
          "dti": 128,
          "sco": 27,
          "dco": 690,
          "txt": "held"
        },
        {
          "si": 6,
          "sti": 6,
          "dti": 129,
          "sco": 32,
          "dco": 695,
          "txt": "within"
        },
        {
          "si": 6,
          "sti": 7,
          "dti": 130,
          "sco": 39,
          "dco": 702,
          "txt": "the"
        },
        {
          "si": 6,
          "sti": 8,
          "dti": 131,
          "sco": 43,
          "dco": 706,
          "txt": "Bendora"
        },
        {
          "si": 6,
          "sti": 9,
          "dti": 132,
          "sco": 51,
          "dco": 714,
          "txt": "Reservoir"
        },
        {
          "si": 6,
          "sti": 10,
          "dti": 133,
          "sco": 60,
          "dco": 723,
          "txt": ","
        },
        {
          "si": 6,
          "sti": 11,
          "dti": 134,
          "sco": 62,
          "dco": 725,
          "txt": "forming"
        },
        {
          "si": 6,
          "sti": 12,
          "dti": 135,
          "sco": 70,
          "dco": 733,
          "txt": "a"
        },
        {
          "si": 6,
          "sti": 13,
          "dti": 136,
          "sco": 72,
          "dco": 735,
          "txt": "surface"
        },
        {
          "si": 6,
          "sti": 14,
          "dti": 137,
          "sco": 80,
          "dco": 743,
          "txt": "area"
        },
        {
          "si": 6,
          "sti": 15,
          "dti": 138,
          "sco": 85,
          "dco": 748,
          "txt": "of"
        },
        {
          "si": 6,
          "sti": 16,
          "dti": 139,
          "sco": 88,
          "dco": 751,
          "txt": "approximately"
        },
        {
          "si": 6,
          "sti": 17,
          "dti": 140,
          "sco": 102,
          "dco": 765,
          "txt": "drawn"
        },
        {
          "si": 6,
          "sti": 18,
          "dti": 141,
          "sco": 108,
          "dco": 771,
          "txt": "from"
        },
        {
          "si": 6,
          "sti": 19,
          "dti": 142,
          "sco": 113,
          "dco": 776,
          "txt": "a"
        },
        {
          "si": 6,
          "sti": 20,
          "dti": 143,
          "sco": 115,
          "dco": 778,
          "txt": "catchment"
        },
        {
          "si": 6,
          "sti": 21,
          "dti": 144,
          "sco": 125,
          "dco": 788,
          "txt": "area"
        },
        {
          "si": 6,
          "sti": 22,
          "dti": 145,
          "sco": 130,
          "dco": 793,
          "txt": "of"
        },
        {
          "si": 6,
          "sti": 23,
          "dti": 146,
          "sco": 132,
          "dco": 795,
          "txt": "."
        },
        {
          "si": 7,
          "sti": 0,
          "dti": 147,
          "sco": 0,
          "dco": 797,
          "txt": "The"
        },
        {
          "si": 7,
          "sti": 1,
          "dti": 148,
          "sco": 4,
          "dco": 801,
          "txt": "uncontrolled"
        },
        {
          "si": 7,
          "sti": 2,
          "dti": 149,
          "sco": 17,
          "dco": 814,
          "txt": "spillway"
        },
        {
          "si": 7,
          "sti": 3,
          "dti": 150,
          "sco": 26,
          "dco": 823,
          "txt": "is"
        },
        {
          "si": 7,
          "sti": 4,
          "dti": 151,
          "sco": 29,
          "dco": 826,
          "txt": "capable"
        },
        {
          "si": 7,
          "sti": 5,
          "dti": 152,
          "sco": 37,
          "dco": 834,
          "txt": "of"
        },
        {
          "si": 7,
          "sti": 6,
          "dti": 153,
          "sco": 40,
          "dco": 837,
          "txt": "discharging"
        },
        {
          "si": 7,
          "sti": 7,
          "dti": 154,
          "sco": 52,
          "dco": 849,
          "txt": "from"
        },
        {
          "si": 7,
          "sti": 8,
          "dti": 155,
          "sco": 57,
          "dco": 854,
          "txt": "the"
        },
        {
          "si": 7,
          "sti": 9,
          "dti": 156,
          "sco": 61,
          "dco": 858,
          "txt": "Bendora"
        },
        {
          "si": 7,
          "sti": 10,
          "dti": 157,
          "sco": 69,
          "dco": 866,
          "txt": "Reservoir"
        },
        {
          "si": 7,
          "sti": 11,
          "dti": 158,
          "sco": 78,
          "dco": 875,
          "txt": ","
        },
        {
          "si": 7,
          "sti": 12,
          "dti": 159,
          "sco": 80,
          "dco": 877,
          "txt": "with"
        },
        {
          "si": 7,
          "sti": 13,
          "dti": 160,
          "sco": 85,
          "dco": 882,
          "txt": "a"
        },
        {
          "si": 7,
          "sti": 14,
          "dti": 161,
          "sco": 87,
          "dco": 884,
          "txt": "high"
        },
        {
          "si": 7,
          "sti": 15,
          "dti": 162,
          "sco": 92,
          "dco": 889,
          "txt": "water"
        },
        {
          "si": 7,
          "sti": 16,
          "dti": 163,
          "sco": 98,
          "dco": 895,
          "txt": "level"
        },
        {
          "si": 7,
          "sti": 17,
          "dti": 164,
          "sco": 104,
          "dco": 901,
          "txt": "approximately"
        },
        {
          "si": 7,
          "sti": 18,
          "dti": 165,
          "sco": 118,
          "dco": 915,
          "txt": "above"
        },
        {
          "si": 7,
          "sti": 19,
          "dti": 166,
          "sco": 124,
          "dco": 921,
          "txt": "sea"
        },
        {
          "si": 7,
          "sti": 20,
          "dti": 167,
          "sco": 128,
          "dco": 925,
          "txt": "level"
        },
        {
          "si": 7,
          "sti": 21,
          "dti": 168,
          "sco": 133,
          "dco": 930,
          "txt": "."
        },
        {
          "si": 8,
          "sti": 0,
          "dti": 169,
          "sco": 0,
          "dco": 932,
          "txt": "Water"
        },
        {
          "si": 8,
          "sti": 1,
          "dti": 170,
          "sco": 6,
          "dco": 938,
          "txt": "from"
        },
        {
          "si": 8,
          "sti": 2,
          "dti": 171,
          "sco": 11,
          "dco": 943,
          "txt": "the"
        },
        {
          "si": 8,
          "sti": 3,
          "dti": 172,
          "sco": 15,
          "dco": 947,
          "txt": "Bendora"
        },
        {
          "si": 8,
          "sti": 4,
          "dti": 173,
          "sco": 22,
          "dco": 954,
          "txt": ","
        },
        {
          "si": 8,
          "sti": 5,
          "dti": 174,
          "sco": 24,
          "dco": 956,
          "txt": "together"
        },
        {
          "si": 8,
          "sti": 6,
          "dti": 175,
          "sco": 33,
          "dco": 965,
          "txt": "with"
        },
        {
          "si": 8,
          "sti": 7,
          "dti": 176,
          "sco": 38,
          "dco": 970,
          "txt": "the"
        },
        {
          "si": 8,
          "sti": 8,
          "dti": 177,
          "sco": 42,
          "dco": 974,
          "txt": "Corin"
        },
        {
          "si": 8,
          "sti": 9,
          "dti": 178,
          "sco": 48,
          "dco": 980,
          "txt": "("
        },
        {
          "si": 8,
          "sti": 10,
          "dti": 179,
          "sco": 49,
          "dco": 981,
          "txt": "further"
        },
        {
          "si": 8,
          "sti": 11,
          "dti": 180,
          "sco": 57,
          "dco": 989,
          "txt": "upstream"
        },
        {
          "si": 8,
          "sti": 12,
          "dti": 181,
          "sco": 65,
          "dco": 997,
          "txt": ")"
        },
        {
          "si": 8,
          "sti": 13,
          "dti": 182,
          "sco": 66,
          "dco": 998,
          "txt": ","
        },
        {
          "si": 8,
          "sti": 14,
          "dti": 183,
          "sco": 68,
          "dco": 1000,
          "txt": "and"
        },
        {
          "si": 8,
          "sti": 15,
          "dti": 184,
          "sco": 72,
          "dco": 1004,
          "txt": "the"
        },
        {
          "si": 8,
          "sti": 16,
          "dti": 185,
          "sco": 76,
          "dco": 1008,
          "txt": "Cotter"
        },
        {
          "si": 8,
          "sti": 17,
          "dti": 186,
          "sco": 83,
          "dco": 1015,
          "txt": "dams"
        },
        {
          "si": 8,
          "sti": 18,
          "dti": 187,
          "sco": 88,
          "dco": 1020,
          "txt": "("
        },
        {
          "si": 8,
          "sti": 19,
          "dti": 188,
          "sco": 89,
          "dco": 1021,
          "txt": "further"
        },
        {
          "si": 8,
          "sti": 20,
          "dti": 189,
          "sco": 97,
          "dco": 1029,
          "txt": "downstream"
        },
        {
          "si": 8,
          "sti": 21,
          "dti": 190,
          "sco": 107,
          "dco": 1039,
          "txt": ")"
        },
        {
          "si": 8,
          "sti": 22,
          "dti": 191,
          "sco": 109,
          "dco": 1041,
          "txt": "are"
        },
        {
          "si": 8,
          "sti": 23,
          "dti": 192,
          "sco": 113,
          "dco": 1045,
          "txt": "pumped"
        },
        {
          "si": 8,
          "sti": 24,
          "dti": 193,
          "sco": 120,
          "dco": 1052,
          "txt": "to"
        },
        {
          "si": 8,
          "sti": 25,
          "dti": 194,
          "sco": 123,
          "dco": 1055,
          "txt": "the"
        },
        {
          "si": 8,
          "sti": 26,
          "dti": 195,
          "sco": 127,
          "dco": 1059,
          "txt": "suburbs"
        },
        {
          "si": 8,
          "sti": 27,
          "dti": 196,
          "sco": 135,
          "dco": 1067,
          "txt": "of"
        },
        {
          "si": 8,
          "sti": 28,
          "dti": 197,
          "sco": 138,
          "dco": 1070,
          "txt": "Canberra"
        },
        {
          "si": 8,
          "sti": 29,
          "dti": 198,
          "sco": 147,
          "dco": 1079,
          "txt": "via"
        },
        {
          "si": 8,
          "sti": 30,
          "dti": 199,
          "sco": 151,
          "dco": 1083,
          "txt": "the"
        },
        {
          "si": 8,
          "sti": 31,
          "dti": 200,
          "sco": 155,
          "dco": 1087,
          "txt": "Bendora"
        },
        {
          "si": 8,
          "sti": 32,
          "dti": 201,
          "sco": 163,
          "dco": 1095,
          "txt": "Gravity"
        },
        {
          "si": 8,
          "sti": 33,
          "dti": 202,
          "sco": 171,
          "dco": 1103,
          "txt": "Main"
        },
        {
          "si": 8,
          "sti": 34,
          "dti": 203,
          "sco": 175,
          "dco": 1107,
          "txt": "."
        }
      ]
    },
    "ganns": {
      "dla": [],
      "la": [],
      "ea": [],
      "eta": [
        {
          "ra": {
            "ea": {
              "etn": "Bendora_Dam"
            }
          },
          "sfs": [
            [
              {
                "stn": "status"
              },
              {}
            ]
          ],
          "mfs": [
            [
              {
                "stn": "rivers"
              },
              {
                "dla": [],
                "la": [],
                "ea": [
                  {
                    "etn": "Cotter_River"
                  }
                ],
                "eta": []
              }
            ],
            [
              {
                "stn": "locations"
              },
              {
                "dla": [],
                "la": [],
                "ea": [
                  {
                    "etn": "Australian_Capital_Territory"
                  }
                ],
                "eta": []
              }
            ],
            [
              {
                "stn": "openingYears"
              },
              {
                "dla": [
                  {
                    "txt": {
                      "sff": "1961"
                    },
                    "et": {
                      "etn": "Year"
                    },
                    "dp": {
                      "off": 520
                    }
                  }
                ],
                "la": [],
                "ea": [],
                "eta": []
              }
            ],
            [
              {
                "stn": "buildingStartYears"
              },
              {
                "dla": [],
                "la": [],
                "ea": [],
                "eta": []
              }
            ],
            [
              {
                "stn": "countries"
              },
              {
                "dla": [],
                "la": [],
                "ea": [
                  {
                    "etn": "Australia"
                  }
                ],
                "eta": []
              }
            ]
          ]
        }
      ]
    }
  }
]
