[
  {
    "context": "TRAIN",
    "doc": {
      "id": "Benutan_Dam",
      "tl": [
        {
          "si": 0,
          "sti": 0,
          "dti": 0,
          "sco": 0,
          "dco": 0,
          "txt": "Benutan"
        },
        {
          "si": 0,
          "sti": 1,
          "dti": 1,
          "sco": 8,
          "dco": 8,
          "txt": "Dam"
        },
        {
          "si": 0,
          "sti": 2,
          "dti": 2,
          "sco": 11,
          "dco": 11,
          "txt": "."
        },
        {
          "si": 1,
          "sti": 0,
          "dti": 3,
          "sco": 0,
          "dco": 13,
          "txt": "The"
        },
        {
          "si": 1,
          "sti": 1,
          "dti": 4,
          "sco": 4,
          "dco": 17,
          "txt": "Benutan"
        },
        {
          "si": 1,
          "sti": 2,
          "dti": 5,
          "sco": 12,
          "dco": 25,
          "txt": "Dam"
        },
        {
          "si": 1,
          "sti": 3,
          "dti": 6,
          "sco": 15,
          "dco": 28,
          "txt": ","
        },
        {
          "si": 1,
          "sti": 4,
          "dti": 7,
          "sco": 17,
          "dco": 30,
          "txt": "also"
        },
        {
          "si": 1,
          "sti": 5,
          "dti": 8,
          "sco": 22,
          "dco": 35,
          "txt": "spelled"
        },
        {
          "si": 1,
          "sti": 6,
          "dti": 9,
          "sco": 30,
          "dco": 43,
          "txt": "Binutan"
        },
        {
          "si": 1,
          "sti": 7,
          "dti": 10,
          "sco": 37,
          "dco": 50,
          "txt": ","
        },
        {
          "si": 1,
          "sti": 8,
          "dti": 11,
          "sco": 39,
          "dco": 52,
          "txt": "is"
        },
        {
          "si": 1,
          "sti": 9,
          "dti": 12,
          "sco": 42,
          "dco": 55,
          "txt": "an"
        },
        {
          "si": 1,
          "sti": 10,
          "dti": 13,
          "sco": 45,
          "dco": 58,
          "txt": "embankment"
        },
        {
          "si": 1,
          "sti": 11,
          "dti": 14,
          "sco": 56,
          "dco": 69,
          "txt": "dam"
        },
        {
          "si": 1,
          "sti": 12,
          "dti": 15,
          "sco": 60,
          "dco": 73,
          "txt": "on"
        },
        {
          "si": 1,
          "sti": 13,
          "dti": 16,
          "sco": 63,
          "dco": 76,
          "txt": "the"
        },
        {
          "si": 1,
          "sti": 14,
          "dti": 17,
          "sco": 67,
          "dco": 80,
          "txt": "Benutan"
        },
        {
          "si": 1,
          "sti": 15,
          "dti": 18,
          "sco": 75,
          "dco": 88,
          "txt": "River"
        },
        {
          "si": 1,
          "sti": 16,
          "dti": 19,
          "sco": 81,
          "dco": 94,
          "txt": "in"
        },
        {
          "si": 1,
          "sti": 17,
          "dti": 20,
          "sco": 84,
          "dco": 97,
          "txt": "Tutong"
        },
        {
          "si": 1,
          "sti": 18,
          "dti": 21,
          "sco": 91,
          "dco": 104,
          "txt": "District"
        },
        {
          "si": 1,
          "sti": 19,
          "dti": 22,
          "sco": 99,
          "dco": 112,
          "txt": ","
        },
        {
          "si": 1,
          "sti": 20,
          "dti": 23,
          "sco": 101,
          "dco": 114,
          "txt": "Brunei"
        },
        {
          "si": 1,
          "sti": 21,
          "dti": 24,
          "sco": 107,
          "dco": 120,
          "txt": "."
        },
        {
          "si": 2,
          "sti": 0,
          "dti": 25,
          "sco": 0,
          "dco": 122,
          "txt": "The"
        },
        {
          "si": 2,
          "sti": 1,
          "dti": 26,
          "sco": 4,
          "dco": 126,
          "txt": "dam"
        },
        {
          "si": 2,
          "sti": 2,
          "dti": 27,
          "sco": 8,
          "dco": 130,
          "txt": "was"
        },
        {
          "si": 2,
          "sti": 3,
          "dti": 28,
          "sco": 12,
          "dco": 134,
          "txt": "completed"
        },
        {
          "si": 2,
          "sti": 4,
          "dti": 29,
          "sco": 22,
          "dco": 144,
          "txt": "in"
        },
        {
          "si": 2,
          "sti": 5,
          "dti": 30,
          "sco": 25,
          "dco": 147,
          "txt": "1988"
        },
        {
          "si": 2,
          "sti": 6,
          "dti": 31,
          "sco": 30,
          "dco": 152,
          "txt": "with"
        },
        {
          "si": 2,
          "sti": 7,
          "dti": 32,
          "sco": 35,
          "dco": 157,
          "txt": "the"
        },
        {
          "si": 2,
          "sti": 8,
          "dti": 33,
          "sco": 39,
          "dco": 161,
          "txt": "primary"
        },
        {
          "si": 2,
          "sti": 9,
          "dti": 34,
          "sco": 47,
          "dco": 169,
          "txt": "purpose"
        },
        {
          "si": 2,
          "sti": 10,
          "dti": 35,
          "sco": 55,
          "dco": 177,
          "txt": "of"
        },
        {
          "si": 2,
          "sti": 11,
          "dti": 36,
          "sco": 58,
          "dco": 180,
          "txt": "increasing"
        },
        {
          "si": 2,
          "sti": 12,
          "dti": 37,
          "sco": 69,
          "dco": 191,
          "txt": "water"
        },
        {
          "si": 2,
          "sti": 13,
          "dti": 38,
          "sco": 75,
          "dco": 197,
          "txt": "supply"
        },
        {
          "si": 2,
          "sti": 14,
          "dti": 39,
          "sco": 82,
          "dco": 204,
          "txt": "to"
        },
        {
          "si": 2,
          "sti": 15,
          "dti": 40,
          "sco": 85,
          "dco": 207,
          "txt": "the"
        },
        {
          "si": 2,
          "sti": 16,
          "dti": 41,
          "sco": 89,
          "dco": 211,
          "txt": "capital"
        },
        {
          "si": 2,
          "sti": 17,
          "dti": 42,
          "sco": 97,
          "dco": 219,
          "txt": "of"
        },
        {
          "si": 2,
          "sti": 18,
          "dti": 43,
          "sco": 100,
          "dco": 222,
          "txt": "Brunei"
        },
        {
          "si": 2,
          "sti": 19,
          "dti": 44,
          "sco": 106,
          "dco": 228,
          "txt": ","
        },
        {
          "si": 2,
          "sti": 20,
          "dti": 45,
          "sco": 108,
          "dco": 230,
          "txt": "Bandar"
        },
        {
          "si": 2,
          "sti": 21,
          "dti": 46,
          "sco": 115,
          "dco": 237,
          "txt": "Seri"
        },
        {
          "si": 2,
          "sti": 22,
          "dti": 47,
          "sco": 120,
          "dco": 242,
          "txt": "Begawan"
        },
        {
          "si": 2,
          "sti": 23,
          "dti": 48,
          "sco": 127,
          "dco": 249,
          "txt": "."
        },
        {
          "si": 3,
          "sti": 0,
          "dti": 49,
          "sco": 0,
          "dco": 251,
          "txt": "It"
        },
        {
          "si": 3,
          "sti": 1,
          "dti": 50,
          "sco": 3,
          "dco": 254,
          "txt": "has"
        },
        {
          "si": 3,
          "sti": 2,
          "dti": 51,
          "sco": 7,
          "dco": 258,
          "txt": "a"
        },
        {
          "si": 3,
          "sti": 3,
          "dti": 52,
          "sco": 9,
          "dco": 260,
          "txt": "normal"
        },
        {
          "si": 3,
          "sti": 4,
          "dti": 53,
          "sco": 16,
          "dco": 267,
          "txt": "reservoir"
        },
        {
          "si": 3,
          "sti": 5,
          "dti": 54,
          "sco": 26,
          "dco": 277,
          "txt": "volume"
        },
        {
          "si": 3,
          "sti": 6,
          "dti": 55,
          "sco": 33,
          "dco": 284,
          "txt": "of"
        },
        {
          "si": 3,
          "sti": 7,
          "dti": 56,
          "sco": 35,
          "dco": 286,
          "txt": "."
        }
      ]
    },
    "ganns": {
      "dla": [],
      "la": [],
      "ea": [],
      "eta": [
        {
          "ra": {
            "ea": {
              "etn": "Benutan_Dam"
            }
          },
          "sfs": [
            [
              {
                "stn": "status"
              },
              {}
            ]
          ],
          "mfs": [
            [
              {
                "stn": "rivers"
              },
              {
                "dla": [],
                "la": [],
                "ea": [
                  {
                    "etn": "Benutan_River"
                  }
                ],
                "eta": []
              }
            ],
            [
              {
                "stn": "locations"
              },
              {
                "dla": [],
                "la": [],
                "ea": [
                  {
                    "etn": "Tutong_District"
                  }
                ],
                "eta": []
              }
            ],
            [
              {
                "stn": "openingYears"
              },
              {
                "dla": [
                  {
                    "txt": {
                      "sff": "1988"
                    },
                    "et": {
                      "etn": "Year"
                    },
                    "dp": {
                      "off": 147
                    }
                  }
                ],
                "la": [],
                "ea": [],
                "eta": []
              }
            ],
            [
              {
                "stn": "buildingStartYears"
              },
              {
                "dla": [],
                "la": [],
                "ea": [],
                "eta": []
              }
            ],
            [
              {
                "stn": "countries"
              },
              {
                "dla": [],
                "la": [],
                "ea": [
                  {
                    "etn": "Brunei"
                  }
                ],
                "eta": []
              }
            ]
          ]
        }
      ]
    }
  }
]
