[
  {
    "context": "TRAIN",
    "doc": {
      "id": "Blowering_Dam",
      "tl": [
        {
          "si": 0,
          "sti": 0,
          "dti": 0,
          "sco": 0,
          "dco": 0,
          "txt": "Blowering"
        },
        {
          "si": 0,
          "sti": 1,
          "dti": 1,
          "sco": 10,
          "dco": 10,
          "txt": "Dam"
        },
        {
          "si": 0,
          "sti": 2,
          "dti": 2,
          "sco": 13,
          "dco": 13,
          "txt": "."
        },
        {
          "si": 1,
          "sti": 0,
          "dti": 3,
          "sco": 0,
          "dco": 15,
          "txt": "Blowering"
        },
        {
          "si": 1,
          "sti": 1,
          "dti": 4,
          "sco": 10,
          "dco": 25,
          "txt": "Dam"
        },
        {
          "si": 1,
          "sti": 2,
          "dti": 5,
          "sco": 14,
          "dco": 29,
          "txt": "is"
        },
        {
          "si": 1,
          "sti": 3,
          "dti": 6,
          "sco": 17,
          "dco": 32,
          "txt": "a"
        },
        {
          "si": 1,
          "sti": 4,
          "dti": 7,
          "sco": 19,
          "dco": 34,
          "txt": "major"
        },
        {
          "si": 1,
          "sti": 5,
          "dti": 8,
          "sco": 25,
          "dco": 40,
          "txt": "ungated"
        },
        {
          "si": 1,
          "sti": 6,
          "dti": 9,
          "sco": 33,
          "dco": 48,
          "txt": "rock"
        },
        {
          "si": 1,
          "sti": 7,
          "dti": 10,
          "sco": 38,
          "dco": 53,
          "txt": "fill"
        },
        {
          "si": 1,
          "sti": 8,
          "dti": 11,
          "sco": 43,
          "dco": 58,
          "txt": "with"
        },
        {
          "si": 1,
          "sti": 9,
          "dti": 12,
          "sco": 48,
          "dco": 63,
          "txt": "clay"
        },
        {
          "si": 1,
          "sti": 10,
          "dti": 13,
          "sco": 53,
          "dco": 68,
          "txt": "core"
        },
        {
          "si": 1,
          "sti": 11,
          "dti": 14,
          "sco": 58,
          "dco": 73,
          "txt": "embankment"
        },
        {
          "si": 1,
          "sti": 12,
          "dti": 15,
          "sco": 69,
          "dco": 84,
          "txt": "dam"
        },
        {
          "si": 1,
          "sti": 13,
          "dti": 16,
          "sco": 73,
          "dco": 88,
          "txt": "with"
        },
        {
          "si": 1,
          "sti": 14,
          "dti": 17,
          "sco": 78,
          "dco": 93,
          "txt": "concrete"
        },
        {
          "si": 1,
          "sti": 15,
          "dti": 18,
          "sco": 87,
          "dco": 102,
          "txt": "chute"
        },
        {
          "si": 1,
          "sti": 16,
          "dti": 19,
          "sco": 93,
          "dco": 108,
          "txt": "spillway"
        },
        {
          "si": 1,
          "sti": 17,
          "dti": 20,
          "sco": 102,
          "dco": 117,
          "txt": "across"
        },
        {
          "si": 1,
          "sti": 18,
          "dti": 21,
          "sco": 109,
          "dco": 124,
          "txt": "the"
        },
        {
          "si": 1,
          "sti": 19,
          "dti": 22,
          "sco": 113,
          "dco": 128,
          "txt": "Tumut"
        },
        {
          "si": 1,
          "sti": 20,
          "dti": 23,
          "sco": 119,
          "dco": 134,
          "txt": "River"
        },
        {
          "si": 1,
          "sti": 21,
          "dti": 24,
          "sco": 125,
          "dco": 140,
          "txt": "upstream"
        },
        {
          "si": 1,
          "sti": 22,
          "dti": 25,
          "sco": 134,
          "dco": 149,
          "txt": "of"
        },
        {
          "si": 1,
          "sti": 23,
          "dti": 26,
          "sco": 137,
          "dco": 152,
          "txt": "Tumut"
        },
        {
          "si": 1,
          "sti": 24,
          "dti": 27,
          "sco": 143,
          "dco": 158,
          "txt": "in"
        },
        {
          "si": 1,
          "sti": 25,
          "dti": 28,
          "sco": 146,
          "dco": 161,
          "txt": "the"
        },
        {
          "si": 1,
          "sti": 26,
          "dti": 29,
          "sco": 150,
          "dco": 165,
          "txt": "Snowy"
        },
        {
          "si": 1,
          "sti": 27,
          "dti": 30,
          "sco": 156,
          "dco": 171,
          "txt": "Mountains"
        },
        {
          "si": 1,
          "sti": 28,
          "dti": 31,
          "sco": 166,
          "dco": 181,
          "txt": "region"
        },
        {
          "si": 1,
          "sti": 29,
          "dti": 32,
          "sco": 173,
          "dco": 188,
          "txt": "of"
        },
        {
          "si": 1,
          "sti": 30,
          "dti": 33,
          "sco": 176,
          "dco": 191,
          "txt": "New"
        },
        {
          "si": 1,
          "sti": 31,
          "dti": 34,
          "sco": 180,
          "dco": 195,
          "txt": "South"
        },
        {
          "si": 1,
          "sti": 32,
          "dti": 35,
          "sco": 186,
          "dco": 201,
          "txt": "Wales"
        },
        {
          "si": 1,
          "sti": 33,
          "dti": 36,
          "sco": 191,
          "dco": 206,
          "txt": ","
        },
        {
          "si": 1,
          "sti": 34,
          "dti": 37,
          "sco": 193,
          "dco": 208,
          "txt": "Australia"
        },
        {
          "si": 1,
          "sti": 35,
          "dti": 38,
          "sco": 202,
          "dco": 217,
          "txt": "."
        },
        {
          "si": 2,
          "sti": 0,
          "dti": 39,
          "sco": 0,
          "dco": 219,
          "txt": "The"
        },
        {
          "si": 2,
          "sti": 1,
          "dti": 40,
          "sco": 4,
          "dco": 223,
          "txt": "dam"
        },
        {
          "si": 2,
          "sti": 2,
          "dti": 41,
          "sco": 7,
          "dco": 226,
          "txt": "'"
        },
        {
          "si": 2,
          "sti": 3,
          "dti": 42,
          "sco": 8,
          "dco": 227,
          "txt": "s"
        },
        {
          "si": 2,
          "sti": 4,
          "dti": 43,
          "sco": 10,
          "dco": 229,
          "txt": "purpose"
        },
        {
          "si": 2,
          "sti": 5,
          "dti": 44,
          "sco": 18,
          "dco": 237,
          "txt": "includes"
        },
        {
          "si": 2,
          "sti": 6,
          "dti": 45,
          "sco": 27,
          "dco": 246,
          "txt": "flood"
        },
        {
          "si": 2,
          "sti": 7,
          "dti": 46,
          "sco": 33,
          "dco": 252,
          "txt": "mitigation"
        },
        {
          "si": 2,
          "sti": 8,
          "dti": 47,
          "sco": 43,
          "dco": 262,
          "txt": ","
        },
        {
          "si": 2,
          "sti": 9,
          "dti": 48,
          "sco": 45,
          "dco": 264,
          "txt": "hydro"
        },
        {
          "si": 2,
          "sti": 10,
          "dti": 49,
          "sco": 50,
          "dco": 269,
          "txt": "-"
        },
        {
          "si": 2,
          "sti": 11,
          "dti": 50,
          "sco": 51,
          "dco": 270,
          "txt": "power"
        },
        {
          "si": 2,
          "sti": 12,
          "dti": 51,
          "sco": 56,
          "dco": 275,
          "txt": ","
        },
        {
          "si": 2,
          "sti": 13,
          "dti": 52,
          "sco": 58,
          "dco": 277,
          "txt": "irrigation"
        },
        {
          "si": 2,
          "sti": 14,
          "dti": 53,
          "sco": 68,
          "dco": 287,
          "txt": ","
        },
        {
          "si": 2,
          "sti": 15,
          "dti": 54,
          "sco": 70,
          "dco": 289,
          "txt": "water"
        },
        {
          "si": 2,
          "sti": 16,
          "dti": 55,
          "sco": 76,
          "dco": 295,
          "txt": "supply"
        },
        {
          "si": 2,
          "sti": 17,
          "dti": 56,
          "sco": 83,
          "dco": 302,
          "txt": "and"
        },
        {
          "si": 2,
          "sti": 18,
          "dti": 57,
          "sco": 87,
          "dco": 306,
          "txt": "conservation"
        },
        {
          "si": 2,
          "sti": 19,
          "dti": 58,
          "sco": 99,
          "dco": 318,
          "txt": "."
        },
        {
          "si": 3,
          "sti": 0,
          "dti": 59,
          "sco": 0,
          "dco": 320,
          "txt": "The"
        },
        {
          "si": 3,
          "sti": 1,
          "dti": 60,
          "sco": 4,
          "dco": 324,
          "txt": "dam"
        },
        {
          "si": 3,
          "sti": 2,
          "dti": 61,
          "sco": 8,
          "dco": 328,
          "txt": "is"
        },
        {
          "si": 3,
          "sti": 3,
          "dti": 62,
          "sco": 11,
          "dco": 331,
          "txt": "part"
        },
        {
          "si": 3,
          "sti": 4,
          "dti": 63,
          "sco": 16,
          "dco": 336,
          "txt": "of"
        },
        {
          "si": 3,
          "sti": 5,
          "dti": 64,
          "sco": 19,
          "dco": 339,
          "txt": "the"
        },
        {
          "si": 3,
          "sti": 6,
          "dti": 65,
          "sco": 23,
          "dco": 343,
          "txt": "Snowy"
        },
        {
          "si": 3,
          "sti": 7,
          "dti": 66,
          "sco": 29,
          "dco": 349,
          "txt": "Mountains"
        },
        {
          "si": 3,
          "sti": 8,
          "dti": 67,
          "sco": 39,
          "dco": 359,
          "txt": "Scheme"
        },
        {
          "si": 3,
          "sti": 9,
          "dti": 68,
          "sco": 45,
          "dco": 365,
          "txt": ","
        },
        {
          "si": 3,
          "sti": 10,
          "dti": 69,
          "sco": 47,
          "dco": 367,
          "txt": "a"
        },
        {
          "si": 3,
          "sti": 11,
          "dti": 70,
          "sco": 49,
          "dco": 369,
          "txt": "vast"
        },
        {
          "si": 3,
          "sti": 12,
          "dti": 71,
          "sco": 54,
          "dco": 374,
          "txt": "hydroelectricity"
        },
        {
          "si": 3,
          "sti": 13,
          "dti": 72,
          "sco": 71,
          "dco": 391,
          "txt": "and"
        },
        {
          "si": 3,
          "sti": 14,
          "dti": 73,
          "sco": 75,
          "dco": 395,
          "txt": "irrigation"
        },
        {
          "si": 3,
          "sti": 15,
          "dti": 74,
          "sco": 86,
          "dco": 406,
          "txt": "complex"
        },
        {
          "si": 3,
          "sti": 16,
          "dti": 75,
          "sco": 94,
          "dco": 414,
          "txt": "constructed"
        },
        {
          "si": 3,
          "sti": 17,
          "dti": 76,
          "sco": 106,
          "dco": 426,
          "txt": "in"
        },
        {
          "si": 3,
          "sti": 18,
          "dti": 77,
          "sco": 109,
          "dco": 429,
          "txt": "south"
        },
        {
          "si": 3,
          "sti": 19,
          "dti": 78,
          "sco": 114,
          "dco": 434,
          "txt": "-"
        },
        {
          "si": 3,
          "sti": 20,
          "dti": 79,
          "sco": 115,
          "dco": 435,
          "txt": "east"
        },
        {
          "si": 3,
          "sti": 21,
          "dti": 80,
          "sco": 120,
          "dco": 440,
          "txt": "Australia"
        },
        {
          "si": 3,
          "sti": 22,
          "dti": 81,
          "sco": 130,
          "dco": 450,
          "txt": "between"
        },
        {
          "si": 3,
          "sti": 23,
          "dti": 82,
          "sco": 138,
          "dco": 458,
          "txt": "1949"
        },
        {
          "si": 3,
          "sti": 24,
          "dti": 83,
          "sco": 143,
          "dco": 463,
          "txt": "and"
        },
        {
          "si": 3,
          "sti": 25,
          "dti": 84,
          "sco": 147,
          "dco": 467,
          "txt": "1974"
        },
        {
          "si": 3,
          "sti": 26,
          "dti": 85,
          "sco": 152,
          "dco": 472,
          "txt": "and"
        },
        {
          "si": 3,
          "sti": 27,
          "dti": 86,
          "sco": 156,
          "dco": 476,
          "txt": "now"
        },
        {
          "si": 3,
          "sti": 28,
          "dti": 87,
          "sco": 160,
          "dco": 480,
          "txt": "run"
        },
        {
          "si": 3,
          "sti": 29,
          "dti": 88,
          "sco": 164,
          "dco": 484,
          "txt": "by"
        },
        {
          "si": 3,
          "sti": 30,
          "dti": 89,
          "sco": 167,
          "dco": 487,
          "txt": "Snowy"
        },
        {
          "si": 3,
          "sti": 31,
          "dti": 90,
          "sco": 173,
          "dco": 493,
          "txt": "Hydro"
        },
        {
          "si": 3,
          "sti": 32,
          "dti": 91,
          "sco": 178,
          "dco": 498,
          "txt": "."
        },
        {
          "si": 4,
          "sti": 0,
          "dti": 92,
          "sco": 0,
          "dco": 500,
          "txt": "The"
        },
        {
          "si": 4,
          "sti": 1,
          "dti": 93,
          "sco": 4,
          "dco": 504,
          "txt": "impounded"
        },
        {
          "si": 4,
          "sti": 2,
          "dti": 94,
          "sco": 14,
          "dco": 514,
          "txt": "reservoir"
        },
        {
          "si": 4,
          "sti": 3,
          "dti": 95,
          "sco": 24,
          "dco": 524,
          "txt": "is"
        },
        {
          "si": 4,
          "sti": 4,
          "dti": 96,
          "sco": 27,
          "dco": 527,
          "txt": "called"
        },
        {
          "si": 4,
          "sti": 5,
          "dti": 97,
          "sco": 34,
          "dco": 534,
          "txt": "Blowering"
        },
        {
          "si": 4,
          "sti": 6,
          "dti": 98,
          "sco": 44,
          "dco": 544,
          "txt": "Reservoir"
        },
        {
          "si": 4,
          "sti": 7,
          "dti": 99,
          "sco": 53,
          "dco": 553,
          "txt": "."
        },
        {
          "si": 5,
          "sti": 0,
          "dti": 100,
          "sco": 0,
          "dco": 555,
          "txt": "Location"
        },
        {
          "si": 5,
          "sti": 1,
          "dti": 101,
          "sco": 9,
          "dco": 564,
          "txt": "and"
        },
        {
          "si": 5,
          "sti": 2,
          "dti": 102,
          "sco": 13,
          "dco": 568,
          "txt": "features"
        },
        {
          "si": 5,
          "sti": 3,
          "dti": 103,
          "sco": 21,
          "dco": 576,
          "txt": "."
        },
        {
          "si": 6,
          "sti": 0,
          "dti": 104,
          "sco": 0,
          "dco": 578,
          "txt": "Commenced"
        },
        {
          "si": 6,
          "sti": 1,
          "dti": 105,
          "sco": 10,
          "dco": 588,
          "txt": "in"
        },
        {
          "si": 6,
          "sti": 2,
          "dti": 106,
          "sco": 13,
          "dco": 591,
          "txt": "1964"
        },
        {
          "si": 6,
          "sti": 3,
          "dti": 107,
          "sco": 17,
          "dco": 595,
          "txt": ","
        },
        {
          "si": 6,
          "sti": 4,
          "dti": 108,
          "sco": 19,
          "dco": 597,
          "txt": "completed"
        },
        {
          "si": 6,
          "sti": 5,
          "dti": 109,
          "sco": 29,
          "dco": 607,
          "txt": "in"
        },
        {
          "si": 6,
          "sti": 6,
          "dti": 110,
          "sco": 32,
          "dco": 610,
          "txt": "1968"
        },
        {
          "si": 6,
          "sti": 7,
          "dti": 111,
          "sco": 36,
          "dco": 614,
          "txt": ","
        },
        {
          "si": 6,
          "sti": 8,
          "dti": 112,
          "sco": 38,
          "dco": 616,
          "txt": "and"
        },
        {
          "si": 6,
          "sti": 9,
          "dti": 113,
          "sco": 42,
          "dco": 620,
          "txt": "upgraded"
        },
        {
          "si": 6,
          "sti": 10,
          "dti": 114,
          "sco": 51,
          "dco": 629,
          "txt": "in"
        },
        {
          "si": 6,
          "sti": 11,
          "dti": 115,
          "sco": 54,
          "dco": 632,
          "txt": "2010"
        },
        {
          "si": 6,
          "sti": 12,
          "dti": 116,
          "sco": 58,
          "dco": 636,
          "txt": ","
        },
        {
          "si": 6,
          "sti": 13,
          "dti": 117,
          "sco": 60,
          "dco": 638,
          "txt": "the"
        },
        {
          "si": 6,
          "sti": 14,
          "dti": 118,
          "sco": 64,
          "dco": 642,
          "txt": "Blowering"
        },
        {
          "si": 6,
          "sti": 15,
          "dti": 119,
          "sco": 74,
          "dco": 652,
          "txt": "Dam"
        },
        {
          "si": 6,
          "sti": 16,
          "dti": 120,
          "sco": 78,
          "dco": 656,
          "txt": "is"
        },
        {
          "si": 6,
          "sti": 17,
          "dti": 121,
          "sco": 81,
          "dco": 659,
          "txt": "a"
        },
        {
          "si": 6,
          "sti": 18,
          "dti": 122,
          "sco": 83,
          "dco": 661,
          "txt": "major"
        },
        {
          "si": 6,
          "sti": 19,
          "dti": 123,
          "sco": 89,
          "dco": 667,
          "txt": "ungated"
        },
        {
          "si": 6,
          "sti": 20,
          "dti": 124,
          "sco": 97,
          "dco": 675,
          "txt": "dam"
        },
        {
          "si": 6,
          "sti": 21,
          "dti": 125,
          "sco": 100,
          "dco": 678,
          "txt": ","
        },
        {
          "si": 6,
          "sti": 22,
          "dti": 126,
          "sco": 102,
          "dco": 680,
          "txt": "located"
        },
        {
          "si": 6,
          "sti": 23,
          "dti": 127,
          "sco": 110,
          "dco": 688,
          "txt": "approximately"
        },
        {
          "si": 6,
          "sti": 24,
          "dti": 128,
          "sco": 124,
          "dco": 702,
          "txt": "south"
        },
        {
          "si": 6,
          "sti": 25,
          "dti": 129,
          "sco": 130,
          "dco": 708,
          "txt": "of"
        },
        {
          "si": 6,
          "sti": 26,
          "dti": 130,
          "sco": 133,
          "dco": 711,
          "txt": "Tumut"
        },
        {
          "si": 6,
          "sti": 27,
          "dti": 131,
          "sco": 138,
          "dco": 716,
          "txt": "."
        },
        {
          "si": 7,
          "sti": 0,
          "dti": 132,
          "sco": 0,
          "dco": 718,
          "txt": "The"
        },
        {
          "si": 7,
          "sti": 1,
          "dti": 133,
          "sco": 4,
          "dco": 722,
          "txt": "dam"
        },
        {
          "si": 7,
          "sti": 2,
          "dti": 134,
          "sco": 8,
          "dco": 726,
          "txt": "was"
        },
        {
          "si": 7,
          "sti": 3,
          "dti": 135,
          "sco": 12,
          "dco": 730,
          "txt": "built"
        },
        {
          "si": 7,
          "sti": 4,
          "dti": 136,
          "sco": 18,
          "dco": 736,
          "txt": "by"
        },
        {
          "si": 7,
          "sti": 5,
          "dti": 137,
          "sco": 21,
          "dco": 739,
          "txt": "consortium"
        },
        {
          "si": 7,
          "sti": 6,
          "dti": 138,
          "sco": 32,
          "dco": 750,
          "txt": "including"
        },
        {
          "si": 7,
          "sti": 7,
          "dti": 139,
          "sco": 42,
          "dco": 760,
          "txt": "Morrison"
        },
        {
          "si": 7,
          "sti": 8,
          "dti": 140,
          "sco": 50,
          "dco": 768,
          "txt": ","
        },
        {
          "si": 7,
          "sti": 9,
          "dti": 141,
          "sco": 52,
          "dco": 770,
          "txt": "Knudsen"
        },
        {
          "si": 7,
          "sti": 10,
          "dti": 142,
          "sco": 59,
          "dco": 777,
          "txt": ","
        },
        {
          "si": 7,
          "sti": 11,
          "dti": 143,
          "sco": 61,
          "dco": 779,
          "txt": "Utah"
        },
        {
          "si": 7,
          "sti": 12,
          "dti": 144,
          "sco": 66,
          "dco": 784,
          "txt": "and"
        },
        {
          "si": 7,
          "sti": 13,
          "dti": 145,
          "sco": 70,
          "dco": 788,
          "txt": "Mcdonald"
        },
        {
          "si": 7,
          "sti": 14,
          "dti": 146,
          "sco": 79,
          "dco": 797,
          "txt": "on"
        },
        {
          "si": 7,
          "sti": 15,
          "dti": 147,
          "sco": 82,
          "dco": 800,
          "txt": "behalf"
        },
        {
          "si": 7,
          "sti": 16,
          "dti": 148,
          "sco": 89,
          "dco": 807,
          "txt": "of"
        },
        {
          "si": 7,
          "sti": 17,
          "dti": 149,
          "sco": 92,
          "dco": 810,
          "txt": "the"
        },
        {
          "si": 7,
          "sti": 18,
          "dti": 150,
          "sco": 96,
          "dco": 814,
          "txt": "New"
        },
        {
          "si": 7,
          "sti": 19,
          "dti": 151,
          "sco": 100,
          "dco": 818,
          "txt": "South"
        },
        {
          "si": 7,
          "sti": 20,
          "dti": 152,
          "sco": 106,
          "dco": 824,
          "txt": "Wales"
        },
        {
          "si": 7,
          "sti": 21,
          "dti": 153,
          "sco": 112,
          "dco": 830,
          "txt": "Department"
        },
        {
          "si": 7,
          "sti": 22,
          "dti": 154,
          "sco": 123,
          "dco": 841,
          "txt": "of"
        },
        {
          "si": 7,
          "sti": 23,
          "dti": 155,
          "sco": 126,
          "dco": 844,
          "txt": "Land"
        },
        {
          "si": 7,
          "sti": 24,
          "dti": 156,
          "sco": 131,
          "dco": 849,
          "txt": "and"
        },
        {
          "si": 7,
          "sti": 25,
          "dti": 157,
          "sco": 135,
          "dco": 853,
          "txt": "Water"
        },
        {
          "si": 7,
          "sti": 26,
          "dti": 158,
          "sco": 141,
          "dco": 859,
          "txt": "Conservation"
        },
        {
          "si": 7,
          "sti": 27,
          "dti": 159,
          "sco": 154,
          "dco": 872,
          "txt": "for"
        },
        {
          "si": 7,
          "sti": 28,
          "dti": 160,
          "sco": 158,
          "dco": 876,
          "txt": "town"
        },
        {
          "si": 7,
          "sti": 29,
          "dti": 161,
          "sco": 163,
          "dco": 881,
          "txt": "water"
        },
        {
          "si": 7,
          "sti": 30,
          "dti": 162,
          "sco": 169,
          "dco": 887,
          "txt": "supplies"
        },
        {
          "si": 7,
          "sti": 31,
          "dti": 163,
          "sco": 177,
          "dco": 895,
          "txt": ","
        },
        {
          "si": 7,
          "sti": 32,
          "dti": 164,
          "sco": 179,
          "dco": 897,
          "txt": "river"
        },
        {
          "si": 7,
          "sti": 33,
          "dti": 165,
          "sco": 185,
          "dco": 903,
          "txt": "flows"
        },
        {
          "si": 7,
          "sti": 34,
          "dti": 166,
          "sco": 191,
          "dco": 909,
          "txt": "and"
        },
        {
          "si": 7,
          "sti": 35,
          "dti": 167,
          "sco": 195,
          "dco": 913,
          "txt": "domestic"
        },
        {
          "si": 7,
          "sti": 36,
          "dti": 168,
          "sco": 204,
          "dco": 922,
          "txt": "requirements"
        },
        {
          "si": 7,
          "sti": 37,
          "dti": 169,
          "sco": 216,
          "dco": 934,
          "txt": ","
        },
        {
          "si": 7,
          "sti": 38,
          "dti": 170,
          "sco": 218,
          "dco": 936,
          "txt": "irrigated"
        },
        {
          "si": 7,
          "sti": 39,
          "dti": 171,
          "sco": 228,
          "dco": 946,
          "txt": "agriculture"
        },
        {
          "si": 7,
          "sti": 40,
          "dti": 172,
          "sco": 239,
          "dco": 957,
          "txt": ","
        },
        {
          "si": 7,
          "sti": 41,
          "dti": 173,
          "sco": 241,
          "dco": 959,
          "txt": "industry"
        },
        {
          "si": 7,
          "sti": 42,
          "dti": 174,
          "sco": 249,
          "dco": 967,
          "txt": ","
        },
        {
          "si": 7,
          "sti": 43,
          "dti": 175,
          "sco": 251,
          "dco": 969,
          "txt": "flood"
        },
        {
          "si": 7,
          "sti": 44,
          "dti": 176,
          "sco": 257,
          "dco": 975,
          "txt": "mitigation"
        },
        {
          "si": 7,
          "sti": 45,
          "dti": 177,
          "sco": 268,
          "dco": 986,
          "txt": "and"
        },
        {
          "si": 7,
          "sti": 46,
          "dti": 178,
          "sco": 272,
          "dco": 990,
          "txt": "environmental"
        },
        {
          "si": 7,
          "sti": 47,
          "dti": 179,
          "sco": 286,
          "dco": 1004,
          "txt": "flows"
        },
        {
          "si": 7,
          "sti": 48,
          "dti": 180,
          "sco": 291,
          "dco": 1009,
          "txt": "."
        },
        {
          "si": 8,
          "sti": 0,
          "dti": 181,
          "sco": 0,
          "dco": 1011,
          "txt": "Together"
        },
        {
          "si": 8,
          "sti": 1,
          "dti": 182,
          "sco": 9,
          "dco": 1020,
          "txt": "with"
        },
        {
          "si": 8,
          "sti": 2,
          "dti": 183,
          "sco": 14,
          "dco": 1025,
          "txt": "releases"
        },
        {
          "si": 8,
          "sti": 3,
          "dti": 184,
          "sco": 23,
          "dco": 1034,
          "txt": "from"
        },
        {
          "si": 8,
          "sti": 4,
          "dti": 185,
          "sco": 28,
          "dco": 1039,
          "txt": "Burrinjuck"
        },
        {
          "si": 8,
          "sti": 5,
          "dti": 186,
          "sco": 39,
          "dco": 1050,
          "txt": "Dam"
        },
        {
          "si": 8,
          "sti": 6,
          "dti": 187,
          "sco": 42,
          "dco": 1053,
          "txt": ","
        },
        {
          "si": 8,
          "sti": 7,
          "dti": 188,
          "sco": 44,
          "dco": 1055,
          "txt": "on"
        },
        {
          "si": 8,
          "sti": 8,
          "dti": 189,
          "sco": 47,
          "dco": 1058,
          "txt": "the"
        },
        {
          "si": 8,
          "sti": 9,
          "dti": 190,
          "sco": 51,
          "dco": 1062,
          "txt": "Murrumbidgee"
        },
        {
          "si": 8,
          "sti": 10,
          "dti": 191,
          "sco": 64,
          "dco": 1075,
          "txt": "River"
        },
        {
          "si": 8,
          "sti": 11,
          "dti": 192,
          "sco": 69,
          "dco": 1080,
          "txt": ","
        },
        {
          "si": 8,
          "sti": 12,
          "dti": 193,
          "sco": 71,
          "dco": 1082,
          "txt": "Blowering"
        },
        {
          "si": 8,
          "sti": 13,
          "dti": 194,
          "sco": 81,
          "dco": 1092,
          "txt": "Dam"
        },
        {
          "si": 8,
          "sti": 14,
          "dti": 195,
          "sco": 85,
          "dco": 1096,
          "txt": "also"
        },
        {
          "si": 8,
          "sti": 15,
          "dti": 196,
          "sco": 90,
          "dco": 1101,
          "txt": "provides"
        },
        {
          "si": 8,
          "sti": 16,
          "dti": 197,
          "sco": 99,
          "dco": 1110,
          "txt": "a"
        },
        {
          "si": 8,
          "sti": 17,
          "dti": 198,
          "sco": 101,
          "dco": 1112,
          "txt": "regulated"
        },
        {
          "si": 8,
          "sti": 18,
          "dti": 199,
          "sco": 111,
          "dco": 1122,
          "txt": "flow"
        },
        {
          "si": 8,
          "sti": 19,
          "dti": 200,
          "sco": 116,
          "dco": 1127,
          "txt": "of"
        },
        {
          "si": 8,
          "sti": 20,
          "dti": 201,
          "sco": 119,
          "dco": 1130,
          "txt": "water"
        },
        {
          "si": 8,
          "sti": 21,
          "dti": 202,
          "sco": 125,
          "dco": 1136,
          "txt": "for"
        },
        {
          "si": 8,
          "sti": 22,
          "dti": 203,
          "sco": 129,
          "dco": 1140,
          "txt": "the"
        },
        {
          "si": 8,
          "sti": 23,
          "dti": 204,
          "sco": 133,
          "dco": 1144,
          "txt": "Coleambally"
        },
        {
          "si": 8,
          "sti": 24,
          "dti": 205,
          "sco": 145,
          "dco": 1156,
          "txt": "and"
        },
        {
          "si": 8,
          "sti": 25,
          "dti": 206,
          "sco": 149,
          "dco": 1160,
          "txt": "Murrumbidgee"
        },
        {
          "si": 8,
          "sti": 26,
          "dti": 207,
          "sco": 162,
          "dco": 1173,
          "txt": "Irrigation"
        },
        {
          "si": 8,
          "sti": 27,
          "dti": 208,
          "sco": 173,
          "dco": 1184,
          "txt": "Areas"
        },
        {
          "si": 8,
          "sti": 28,
          "dti": 209,
          "sco": 178,
          "dco": 1189,
          "txt": "."
        },
        {
          "si": 9,
          "sti": 0,
          "dti": 210,
          "sco": 0,
          "dco": 1191,
          "txt": "The"
        },
        {
          "si": 9,
          "sti": 1,
          "dti": 211,
          "sco": 4,
          "dco": 1195,
          "txt": "dam"
        },
        {
          "si": 9,
          "sti": 2,
          "dti": 212,
          "sco": 8,
          "dco": 1199,
          "txt": "wall"
        },
        {
          "si": 9,
          "sti": 3,
          "dti": 213,
          "sco": 13,
          "dco": 1204,
          "txt": "constructed"
        },
        {
          "si": 9,
          "sti": 4,
          "dti": 214,
          "sco": 25,
          "dco": 1216,
          "txt": "with"
        },
        {
          "si": 9,
          "sti": 5,
          "dti": 215,
          "sco": 30,
          "dco": 1221,
          "txt": "of"
        },
        {
          "si": 9,
          "sti": 6,
          "dti": 216,
          "sco": 33,
          "dco": 1224,
          "txt": "rock"
        },
        {
          "si": 9,
          "sti": 7,
          "dti": 217,
          "sco": 38,
          "dco": 1229,
          "txt": "fill"
        },
        {
          "si": 9,
          "sti": 8,
          "dti": 218,
          "sco": 43,
          "dco": 1234,
          "txt": "with"
        },
        {
          "si": 9,
          "sti": 9,
          "dti": 219,
          "sco": 48,
          "dco": 1239,
          "txt": "clay"
        },
        {
          "si": 9,
          "sti": 10,
          "dti": 220,
          "sco": 53,
          "dco": 1244,
          "txt": "core"
        },
        {
          "si": 9,
          "sti": 11,
          "dti": 221,
          "sco": 58,
          "dco": 1249,
          "txt": "is"
        },
        {
          "si": 9,
          "sti": 12,
          "dti": 222,
          "sco": 61,
          "dco": 1252,
          "txt": "high"
        },
        {
          "si": 9,
          "sti": 13,
          "dti": 223,
          "sco": 66,
          "dco": 1257,
          "txt": "and"
        },
        {
          "si": 9,
          "sti": 14,
          "dti": 224,
          "sco": 70,
          "dco": 1261,
          "txt": "long"
        },
        {
          "si": 9,
          "sti": 15,
          "dti": 225,
          "sco": 74,
          "dco": 1265,
          "txt": "."
        },
        {
          "si": 10,
          "sti": 0,
          "dti": 226,
          "sco": 0,
          "dco": 1267,
          "txt": "The"
        },
        {
          "si": 10,
          "sti": 1,
          "dti": 227,
          "sco": 4,
          "dco": 1271,
          "txt": "maximum"
        },
        {
          "si": 10,
          "sti": 2,
          "dti": 228,
          "sco": 12,
          "dco": 1279,
          "txt": "water"
        },
        {
          "si": 10,
          "sti": 3,
          "dti": 229,
          "sco": 18,
          "dco": 1285,
          "txt": "depth"
        },
        {
          "si": 10,
          "sti": 4,
          "dti": 230,
          "sco": 24,
          "dco": 1291,
          "txt": "is"
        },
        {
          "si": 10,
          "sti": 5,
          "dti": 231,
          "sco": 27,
          "dco": 1294,
          "txt": "and"
        },
        {
          "si": 10,
          "sti": 6,
          "dti": 232,
          "sco": 31,
          "dco": 1298,
          "txt": "at"
        },
        {
          "si": 10,
          "sti": 7,
          "dti": 233,
          "sco": 34,
          "dco": 1301,
          "txt": "100"
        },
        {
          "si": 10,
          "sti": 8,
          "dti": 234,
          "sco": 37,
          "dco": 1304,
          "txt": "%"
        },
        {
          "si": 10,
          "sti": 9,
          "dti": 235,
          "sco": 39,
          "dco": 1306,
          "txt": "capacity"
        },
        {
          "si": 10,
          "sti": 10,
          "dti": 236,
          "sco": 48,
          "dco": 1315,
          "txt": "the"
        },
        {
          "si": 10,
          "sti": 11,
          "dti": 237,
          "sco": 52,
          "dco": 1319,
          "txt": "dam"
        },
        {
          "si": 10,
          "sti": 12,
          "dti": 238,
          "sco": 56,
          "dco": 1323,
          "txt": "wall"
        },
        {
          "si": 10,
          "sti": 13,
          "dti": 239,
          "sco": 61,
          "dco": 1328,
          "txt": "holds"
        },
        {
          "si": 10,
          "sti": 14,
          "dti": 240,
          "sco": 67,
          "dco": 1334,
          "txt": "back"
        },
        {
          "si": 10,
          "sti": 15,
          "dti": 241,
          "sco": 72,
          "dco": 1339,
          "txt": "of"
        },
        {
          "si": 10,
          "sti": 16,
          "dti": 242,
          "sco": 75,
          "dco": 1342,
          "txt": "water"
        },
        {
          "si": 10,
          "sti": 17,
          "dti": 243,
          "sco": 81,
          "dco": 1348,
          "txt": "at"
        },
        {
          "si": 10,
          "sti": 18,
          "dti": 244,
          "sco": 84,
          "dco": 1351,
          "txt": "AHD"
        },
        {
          "si": 10,
          "sti": 19,
          "dti": 245,
          "sco": 87,
          "dco": 1354,
          "txt": "."
        },
        {
          "si": 11,
          "sti": 0,
          "dti": 246,
          "sco": 0,
          "dco": 1356,
          "txt": "The"
        },
        {
          "si": 11,
          "sti": 1,
          "dti": 247,
          "sco": 4,
          "dco": 1360,
          "txt": "surface"
        },
        {
          "si": 11,
          "sti": 2,
          "dti": 248,
          "sco": 12,
          "dco": 1368,
          "txt": "area"
        },
        {
          "si": 11,
          "sti": 3,
          "dti": 249,
          "sco": 17,
          "dco": 1373,
          "txt": "of"
        },
        {
          "si": 11,
          "sti": 4,
          "dti": 250,
          "sco": 20,
          "dco": 1376,
          "txt": "the"
        },
        {
          "si": 11,
          "sti": 5,
          "dti": 251,
          "sco": 24,
          "dco": 1380,
          "txt": "Blowering"
        },
        {
          "si": 11,
          "sti": 6,
          "dti": 252,
          "sco": 34,
          "dco": 1390,
          "txt": "Reservoir"
        },
        {
          "si": 11,
          "sti": 7,
          "dti": 253,
          "sco": 44,
          "dco": 1400,
          "txt": "is"
        },
        {
          "si": 11,
          "sti": 8,
          "dti": 254,
          "sco": 47,
          "dco": 1403,
          "txt": "and"
        },
        {
          "si": 11,
          "sti": 9,
          "dti": 255,
          "sco": 51,
          "dco": 1407,
          "txt": "the"
        },
        {
          "si": 11,
          "sti": 10,
          "dti": 256,
          "sco": 55,
          "dco": 1411,
          "txt": "catchment"
        },
        {
          "si": 11,
          "sti": 11,
          "dti": 257,
          "sco": 65,
          "dco": 1421,
          "txt": "area"
        },
        {
          "si": 11,
          "sti": 12,
          "dti": 258,
          "sco": 70,
          "dco": 1426,
          "txt": "is"
        },
        {
          "si": 11,
          "sti": 13,
          "dti": 259,
          "sco": 72,
          "dco": 1428,
          "txt": "."
        },
        {
          "si": 12,
          "sti": 0,
          "dti": 260,
          "sco": 0,
          "dco": 1430,
          "txt": "The"
        },
        {
          "si": 12,
          "sti": 1,
          "dti": 261,
          "sco": 4,
          "dco": 1434,
          "txt": "uncontrolled"
        },
        {
          "si": 12,
          "sti": 2,
          "dti": 262,
          "sco": 17,
          "dco": 1447,
          "txt": "concrete"
        },
        {
          "si": 12,
          "sti": 3,
          "dti": 263,
          "sco": 26,
          "dco": 1456,
          "txt": "chute"
        },
        {
          "si": 12,
          "sti": 4,
          "dti": 264,
          "sco": 32,
          "dco": 1462,
          "txt": "spillway"
        },
        {
          "si": 12,
          "sti": 5,
          "dti": 265,
          "sco": 41,
          "dco": 1471,
          "txt": "is"
        },
        {
          "si": 12,
          "sti": 6,
          "dti": 266,
          "sco": 44,
          "dco": 1474,
          "txt": "capable"
        },
        {
          "si": 12,
          "sti": 7,
          "dti": 267,
          "sco": 52,
          "dco": 1482,
          "txt": "of"
        },
        {
          "si": 12,
          "sti": 8,
          "dti": 268,
          "sco": 55,
          "dco": 1485,
          "txt": "discharging"
        },
        {
          "si": 12,
          "sti": 9,
          "dti": 269,
          "sco": 66,
          "dco": 1496,
          "txt": "."
        },
        {
          "si": 13,
          "sti": 0,
          "dti": 270,
          "sco": 0,
          "dco": 1498,
          "txt": "A"
        },
        {
          "si": 13,
          "sti": 1,
          "dti": 271,
          "sco": 2,
          "dco": 1500,
          "txt": "33"
        },
        {
          "si": 13,
          "sti": 2,
          "dti": 272,
          "sco": 4,
          "dco": 1502,
          "txt": " "
        },
        {
          "si": 13,
          "sti": 3,
          "dti": 273,
          "sco": 5,
          "dco": 1503,
          "txt": "million"
        },
        {
          "si": 13,
          "sti": 4,
          "dti": 274,
          "sco": 13,
          "dco": 1511,
          "txt": "upgrade"
        },
        {
          "si": 13,
          "sti": 5,
          "dti": 275,
          "sco": 21,
          "dco": 1519,
          "txt": "of"
        },
        {
          "si": 13,
          "sti": 6,
          "dti": 276,
          "sco": 24,
          "dco": 1522,
          "txt": "facilities"
        },
        {
          "si": 13,
          "sti": 7,
          "dti": 277,
          "sco": 35,
          "dco": 1533,
          "txt": "was"
        },
        {
          "si": 13,
          "sti": 8,
          "dti": 278,
          "sco": 39,
          "dco": 1537,
          "txt": "completed"
        },
        {
          "si": 13,
          "sti": 9,
          "dti": 279,
          "sco": 49,
          "dco": 1547,
          "txt": "between"
        },
        {
          "si": 13,
          "sti": 10,
          "dti": 280,
          "sco": 57,
          "dco": 1555,
          "txt": "2009"
        },
        {
          "si": 13,
          "sti": 11,
          "dti": 281,
          "sco": 62,
          "dco": 1560,
          "txt": "and"
        },
        {
          "si": 13,
          "sti": 12,
          "dti": 282,
          "sco": 66,
          "dco": 1564,
          "txt": "2012"
        },
        {
          "si": 13,
          "sti": 13,
          "dti": 283,
          "sco": 70,
          "dco": 1568,
          "txt": ","
        },
        {
          "si": 13,
          "sti": 14,
          "dti": 284,
          "sco": 72,
          "dco": 1570,
          "txt": "and"
        },
        {
          "si": 13,
          "sti": 15,
          "dti": 285,
          "sco": 76,
          "dco": 1574,
          "txt": "involved"
        },
        {
          "si": 13,
          "sti": 16,
          "dti": 286,
          "sco": 85,
          "dco": 1583,
          "txt": "the"
        },
        {
          "si": 13,
          "sti": 17,
          "dti": 287,
          "sco": 89,
          "dco": 1587,
          "txt": "construction"
        },
        {
          "si": 13,
          "sti": 18,
          "dti": 288,
          "sco": 102,
          "dco": 1600,
          "txt": "of"
        },
        {
          "si": 13,
          "sti": 19,
          "dti": 289,
          "sco": 105,
          "dco": 1603,
          "txt": "a"
        },
        {
          "si": 13,
          "sti": 20,
          "dti": 290,
          "sco": 107,
          "dco": 1605,
          "txt": "parapet"
        },
        {
          "si": 13,
          "sti": 21,
          "dti": 291,
          "sco": 115,
          "dco": 1613,
          "txt": "wall"
        },
        {
          "si": 13,
          "sti": 22,
          "dti": 292,
          "sco": 120,
          "dco": 1618,
          "txt": "on"
        },
        {
          "si": 13,
          "sti": 23,
          "dti": 293,
          "sco": 123,
          "dco": 1621,
          "txt": "top"
        },
        {
          "si": 13,
          "sti": 24,
          "dti": 294,
          "sco": 127,
          "dco": 1625,
          "txt": "of"
        },
        {
          "si": 13,
          "sti": 25,
          "dti": 295,
          "sco": 130,
          "dco": 1628,
          "txt": "the"
        },
        {
          "si": 13,
          "sti": 26,
          "dti": 296,
          "sco": 134,
          "dco": 1632,
          "txt": "dam"
        },
        {
          "si": 13,
          "sti": 27,
          "dti": 297,
          "sco": 138,
          "dco": 1636,
          "txt": "wall"
        },
        {
          "si": 13,
          "sti": 28,
          "dti": 298,
          "sco": 143,
          "dco": 1641,
          "txt": "crest"
        },
        {
          "si": 13,
          "sti": 29,
          "dti": 299,
          "sco": 149,
          "dco": 1647,
          "txt": "and"
        },
        {
          "si": 13,
          "sti": 30,
          "dti": 300,
          "sco": 153,
          "dco": 1651,
          "txt": "raising"
        },
        {
          "si": 13,
          "sti": 31,
          "dti": 301,
          "sco": 161,
          "dco": 1659,
          "txt": "the"
        },
        {
          "si": 13,
          "sti": 32,
          "dti": 302,
          "sco": 165,
          "dco": 1663,
          "txt": "spillway"
        },
        {
          "si": 13,
          "sti": 33,
          "dti": 303,
          "sco": 174,
          "dco": 1672,
          "txt": "training"
        },
        {
          "si": 13,
          "sti": 34,
          "dti": 304,
          "sco": 183,
          "dco": 1681,
          "txt": "walls"
        },
        {
          "si": 13,
          "sti": 35,
          "dti": 305,
          "sco": 188,
          "dco": 1686,
          "txt": "."
        },
        {
          "si": 14,
          "sti": 0,
          "dti": 306,
          "sco": 0,
          "dco": 1688,
          "txt": "The"
        },
        {
          "si": 14,
          "sti": 1,
          "dti": 307,
          "sco": 4,
          "dco": 1692,
          "txt": "addition"
        },
        {
          "si": 14,
          "sti": 2,
          "dti": 308,
          "sco": 13,
          "dco": 1701,
          "txt": "of"
        },
        {
          "si": 14,
          "sti": 3,
          "dti": 309,
          "sco": 16,
          "dco": 1704,
          "txt": "the"
        },
        {
          "si": 14,
          "sti": 4,
          "dti": 310,
          "sco": 20,
          "dco": 1708,
          "txt": "parapet"
        },
        {
          "si": 14,
          "sti": 5,
          "dti": 311,
          "sco": 28,
          "dco": 1716,
          "txt": "wall"
        },
        {
          "si": 14,
          "sti": 6,
          "dti": 312,
          "sco": 33,
          "dco": 1721,
          "txt": "increased"
        },
        {
          "si": 14,
          "sti": 7,
          "dti": 313,
          "sco": 43,
          "dco": 1731,
          "txt": "the"
        },
        {
          "si": 14,
          "sti": 8,
          "dti": 314,
          "sco": 47,
          "dco": 1735,
          "txt": "crest"
        },
        {
          "si": 14,
          "sti": 9,
          "dti": 315,
          "sco": 53,
          "dco": 1741,
          "txt": "height"
        },
        {
          "si": 14,
          "sti": 10,
          "dti": 316,
          "sco": 60,
          "dco": 1748,
          "txt": "to"
        },
        {
          "si": 14,
          "sti": 11,
          "dti": 317,
          "sco": 62,
          "dco": 1750,
          "txt": "."
        },
        {
          "si": 15,
          "sti": 0,
          "dti": 318,
          "sco": 0,
          "dco": 1752,
          "txt": "Storage"
        },
        {
          "si": 15,
          "sti": 1,
          "dti": 319,
          "sco": 8,
          "dco": 1760,
          "txt": "capacity"
        },
        {
          "si": 15,
          "sti": 2,
          "dti": 320,
          "sco": 17,
          "dco": 1769,
          "txt": "and"
        },
        {
          "si": 15,
          "sti": 3,
          "dti": 321,
          "sco": 21,
          "dco": 1773,
          "txt": "water"
        },
        {
          "si": 15,
          "sti": 4,
          "dti": 322,
          "sco": 27,
          "dco": 1779,
          "txt": "releases"
        },
        {
          "si": 15,
          "sti": 5,
          "dti": 323,
          "sco": 36,
          "dco": 1788,
          "txt": "from"
        },
        {
          "si": 15,
          "sti": 6,
          "dti": 324,
          "sco": 41,
          "dco": 1793,
          "txt": "the"
        },
        {
          "si": 15,
          "sti": 7,
          "dti": 325,
          "sco": 45,
          "dco": 1797,
          "txt": "dam"
        },
        {
          "si": 15,
          "sti": 8,
          "dti": 326,
          "sco": 49,
          "dco": 1801,
          "txt": "were"
        },
        {
          "si": 15,
          "sti": 9,
          "dti": 327,
          "sco": 54,
          "dco": 1806,
          "txt": "not"
        },
        {
          "si": 15,
          "sti": 10,
          "dti": 328,
          "sco": 58,
          "dco": 1810,
          "txt": "altered"
        },
        {
          "si": 15,
          "sti": 11,
          "dti": 329,
          "sco": 66,
          "dco": 1818,
          "txt": "by"
        },
        {
          "si": 15,
          "sti": 12,
          "dti": 330,
          "sco": 69,
          "dco": 1821,
          "txt": "the"
        },
        {
          "si": 15,
          "sti": 13,
          "dti": 331,
          "sco": 73,
          "dco": 1825,
          "txt": "upgrade"
        },
        {
          "si": 15,
          "sti": 14,
          "dti": 332,
          "sco": 80,
          "dco": 1832,
          "txt": "."
        },
        {
          "si": 16,
          "sti": 0,
          "dti": 333,
          "sco": 0,
          "dco": 1834,
          "txt": "Power"
        },
        {
          "si": 16,
          "sti": 1,
          "dti": 334,
          "sco": 6,
          "dco": 1840,
          "txt": "generation"
        },
        {
          "si": 16,
          "sti": 2,
          "dti": 335,
          "sco": 16,
          "dco": 1850,
          "txt": "."
        },
        {
          "si": 17,
          "sti": 0,
          "dti": 336,
          "sco": 0,
          "dco": 1852,
          "txt": "The"
        },
        {
          "si": 17,
          "sti": 1,
          "dti": 337,
          "sco": 4,
          "dco": 1856,
          "txt": "dam"
        },
        {
          "si": 17,
          "sti": 2,
          "dti": 338,
          "sco": 8,
          "dco": 1860,
          "txt": "houses"
        },
        {
          "si": 17,
          "sti": 3,
          "dti": 339,
          "sco": 15,
          "dco": 1867,
          "txt": "a"
        },
        {
          "si": 17,
          "sti": 4,
          "dti": 340,
          "sco": 17,
          "dco": 1869,
          "txt": "hydroelectric"
        },
        {
          "si": 17,
          "sti": 5,
          "dti": 341,
          "sco": 31,
          "dco": 1883,
          "txt": "power"
        },
        {
          "si": 17,
          "sti": 6,
          "dti": 342,
          "sco": 37,
          "dco": 1889,
          "txt": "station"
        },
        {
          "si": 17,
          "sti": 7,
          "dti": 343,
          "sco": 45,
          "dco": 1897,
          "txt": "and"
        },
        {
          "si": 17,
          "sti": 8,
          "dti": 344,
          "sco": 49,
          "dco": 1901,
          "txt": "has"
        },
        {
          "si": 17,
          "sti": 9,
          "dti": 345,
          "sco": 53,
          "dco": 1905,
          "txt": "one"
        },
        {
          "si": 17,
          "sti": 10,
          "dti": 346,
          "sco": 57,
          "dco": 1909,
          "txt": "turbine"
        },
        {
          "si": 17,
          "sti": 11,
          "dti": 347,
          "sco": 65,
          "dco": 1917,
          "txt": "generator"
        },
        {
          "si": 17,
          "sti": 12,
          "dti": 348,
          "sco": 74,
          "dco": 1926,
          "txt": ","
        },
        {
          "si": 17,
          "sti": 13,
          "dti": 349,
          "sco": 76,
          "dco": 1928,
          "txt": "with"
        },
        {
          "si": 17,
          "sti": 14,
          "dti": 350,
          "sco": 81,
          "dco": 1933,
          "txt": "a"
        },
        {
          "si": 17,
          "sti": 15,
          "dti": 351,
          "sco": 83,
          "dco": 1935,
          "txt": "generating"
        },
        {
          "si": 17,
          "sti": 16,
          "dti": 352,
          "sco": 94,
          "dco": 1946,
          "txt": "capacity"
        },
        {
          "si": 17,
          "sti": 17,
          "dti": 353,
          "sco": 103,
          "dco": 1955,
          "txt": "of"
        },
        {
          "si": 17,
          "sti": 18,
          "dti": 354,
          "sco": 106,
          "dco": 1958,
          "txt": "of"
        },
        {
          "si": 17,
          "sti": 19,
          "dti": 355,
          "sco": 109,
          "dco": 1961,
          "txt": "electricity"
        },
        {
          "si": 17,
          "sti": 20,
          "dti": 356,
          "sco": 120,
          "dco": 1972,
          "txt": ";"
        },
        {
          "si": 17,
          "sti": 21,
          "dti": 357,
          "sco": 122,
          "dco": 1974,
          "txt": "with"
        },
        {
          "si": 17,
          "sti": 22,
          "dti": 358,
          "sco": 127,
          "dco": 1979,
          "txt": "a"
        },
        {
          "si": 17,
          "sti": 23,
          "dti": 359,
          "sco": 129,
          "dco": 1981,
          "txt": "net"
        },
        {
          "si": 17,
          "sti": 24,
          "dti": 360,
          "sco": 133,
          "dco": 1985,
          "txt": "generation"
        },
        {
          "si": 17,
          "sti": 25,
          "dti": 361,
          "sco": 144,
          "dco": 1996,
          "txt": "of"
        },
        {
          "si": 17,
          "sti": 26,
          "dti": 362,
          "sco": 147,
          "dco": 1999,
          "txt": "per"
        },
        {
          "si": 17,
          "sti": 27,
          "dti": 363,
          "sco": 151,
          "dco": 2003,
          "txt": "annum"
        },
        {
          "si": 17,
          "sti": 28,
          "dti": 364,
          "sco": 156,
          "dco": 2008,
          "txt": "."
        },
        {
          "si": 18,
          "sti": 0,
          "dti": 365,
          "sco": 0,
          "dco": 2010,
          "txt": "The"
        },
        {
          "si": 18,
          "sti": 1,
          "dti": 366,
          "sco": 4,
          "dco": 2014,
          "txt": "power"
        },
        {
          "si": 18,
          "sti": 2,
          "dti": 367,
          "sco": 10,
          "dco": 2020,
          "txt": "station"
        },
        {
          "si": 18,
          "sti": 3,
          "dti": 368,
          "sco": 18,
          "dco": 2028,
          "txt": "has"
        },
        {
          "si": 18,
          "sti": 4,
          "dti": 369,
          "sco": 22,
          "dco": 2032,
          "txt": "rated"
        },
        {
          "si": 18,
          "sti": 5,
          "dti": 370,
          "sco": 28,
          "dco": 2038,
          "txt": "hydraulic"
        },
        {
          "si": 18,
          "sti": 6,
          "dti": 371,
          "sco": 38,
          "dco": 2048,
          "txt": "head"
        },
        {
          "si": 18,
          "sti": 7,
          "dti": 372,
          "sco": 42,
          "dco": 2052,
          "txt": "."
        },
        {
          "si": 19,
          "sti": 0,
          "dti": 373,
          "sco": 0,
          "dco": 2054,
          "txt": "Recreation"
        },
        {
          "si": 19,
          "sti": 1,
          "dti": 374,
          "sco": 10,
          "dco": 2064,
          "txt": "."
        },
        {
          "si": 20,
          "sti": 0,
          "dti": 375,
          "sco": 0,
          "dco": 2066,
          "txt": "In"
        },
        {
          "si": 20,
          "sti": 1,
          "dti": 376,
          "sco": 3,
          "dco": 2069,
          "txt": "1978"
        },
        {
          "si": 20,
          "sti": 2,
          "dti": 377,
          "sco": 7,
          "dco": 2073,
          "txt": ","
        },
        {
          "si": 20,
          "sti": 3,
          "dti": 378,
          "sco": 9,
          "dco": 2075,
          "txt": "Ken"
        },
        {
          "si": 20,
          "sti": 4,
          "dti": 379,
          "sco": 13,
          "dco": 2079,
          "txt": "Warby"
        },
        {
          "si": 20,
          "sti": 5,
          "dti": 380,
          "sco": 19,
          "dco": 2085,
          "txt": "set"
        },
        {
          "si": 20,
          "sti": 6,
          "dti": 381,
          "sco": 23,
          "dco": 2089,
          "txt": "the"
        },
        {
          "si": 20,
          "sti": 7,
          "dti": 382,
          "sco": 27,
          "dco": 2093,
          "txt": "Water"
        },
        {
          "si": 20,
          "sti": 8,
          "dti": 383,
          "sco": 33,
          "dco": 2099,
          "txt": "speed"
        },
        {
          "si": 20,
          "sti": 9,
          "dti": 384,
          "sco": 39,
          "dco": 2105,
          "txt": "record"
        },
        {
          "si": 20,
          "sti": 10,
          "dti": 385,
          "sco": 46,
          "dco": 2112,
          "txt": "of"
        },
        {
          "si": 20,
          "sti": 11,
          "dti": 386,
          "sco": 49,
          "dco": 2115,
          "txt": "on"
        },
        {
          "si": 20,
          "sti": 12,
          "dti": 387,
          "sco": 52,
          "dco": 2118,
          "txt": "Blowering"
        },
        {
          "si": 20,
          "sti": 13,
          "dti": 388,
          "sco": 62,
          "dco": 2128,
          "txt": "Reservoir"
        },
        {
          "si": 20,
          "sti": 14,
          "dti": 389,
          "sco": 71,
          "dco": 2137,
          "txt": "."
        }
      ]
    },
    "ganns": {
      "dla": [],
      "la": [],
      "ea": [],
      "eta": [
        {
          "ra": {
            "ea": {
              "etn": "Blowering_Dam"
            }
          },
          "sfs": [
            [
              {
                "stn": "status"
              },
              {}
            ]
          ],
          "mfs": [
            [
              {
                "stn": "rivers"
              },
              {
                "dla": [],
                "la": [],
                "ea": [
                  {
                    "etn": "Tumut_River"
                  }
                ],
                "eta": []
              }
            ],
            [
              {
                "stn": "locations"
              },
              {
                "dla": [],
                "la": [],
                "ea": [
                  {
                    "etn": "New_South_Wales"
                  },
                  {
                    "etn": "Snowy_Mountains"
                  }
                ],
                "eta": []
              }
            ],
            [
              {
                "stn": "openingYears"
              },
              {
                "dla": [
                  {
                    "txt": {
                      "sff": "1968"
                    },
                    "et": {
                      "etn": "Year"
                    },
                    "dp": {
                      "off": 610
                    }
                  }
                ],
                "la": [],
                "ea": [],
                "eta": []
              }
            ],
            [
              {
                "stn": "buildingStartYears"
              },
              {
                "dla": [
                  {
                    "txt": {
                      "sff": "1964"
                    },
                    "et": {
                      "etn": "Year"
                    },
                    "dp": {
                      "off": 591
                    }
                  }
                ],
                "la": [],
                "ea": [],
                "eta": []
              }
            ],
            [
              {
                "stn": "countries"
              },
              {
                "dla": [],
                "la": [],
                "ea": [
                  {
                    "etn": "Australia"
                  }
                ],
                "eta": []
              }
            ]
          ]
        }
      ]
    }
  }
]
