[
  {
    "context": "TRAIN",
    "doc": {
      "id": "Blyderivierpoort_Dam",
      "tl": [
        {
          "si": 0,
          "sti": 0,
          "dti": 0,
          "sco": 0,
          "dco": 0,
          "txt": "Blyderivierpoort"
        },
        {
          "si": 0,
          "sti": 1,
          "dti": 1,
          "sco": 17,
          "dco": 17,
          "txt": "Dam"
        },
        {
          "si": 0,
          "sti": 2,
          "dti": 2,
          "sco": 20,
          "dco": 20,
          "txt": "."
        },
        {
          "si": 1,
          "sti": 0,
          "dti": 3,
          "sco": 0,
          "dco": 22,
          "txt": "Blyderivierpoort"
        },
        {
          "si": 1,
          "sti": 1,
          "dti": 4,
          "sco": 17,
          "dco": 39,
          "txt": "Dam"
        },
        {
          "si": 1,
          "sti": 2,
          "dti": 5,
          "sco": 21,
          "dco": 43,
          "txt": "is"
        },
        {
          "si": 1,
          "sti": 3,
          "dti": 6,
          "sco": 24,
          "dco": 46,
          "txt": "an"
        },
        {
          "si": 1,
          "sti": 4,
          "dti": 7,
          "sco": 27,
          "dco": 49,
          "txt": "gravity"
        },
        {
          "si": 1,
          "sti": 5,
          "dti": 8,
          "sco": 34,
          "dco": 56,
          "txt": "-"
        },
        {
          "si": 1,
          "sti": 6,
          "dti": 9,
          "sco": 35,
          "dco": 57,
          "txt": "arch"
        },
        {
          "si": 1,
          "sti": 7,
          "dti": 10,
          "sco": 40,
          "dco": 62,
          "txt": "dam"
        },
        {
          "si": 1,
          "sti": 8,
          "dti": 11,
          "sco": 44,
          "dco": 66,
          "txt": "on"
        },
        {
          "si": 1,
          "sti": 9,
          "dti": 12,
          "sco": 47,
          "dco": 69,
          "txt": "the"
        },
        {
          "si": 1,
          "sti": 10,
          "dti": 13,
          "sco": 51,
          "dco": 73,
          "txt": "Blyde"
        },
        {
          "si": 1,
          "sti": 11,
          "dti": 14,
          "sco": 57,
          "dco": 79,
          "txt": "River"
        },
        {
          "si": 1,
          "sti": 12,
          "dti": 15,
          "sco": 62,
          "dco": 84,
          "txt": ","
        },
        {
          "si": 1,
          "sti": 13,
          "dti": 16,
          "sco": 64,
          "dco": 86,
          "txt": "near"
        },
        {
          "si": 1,
          "sti": 14,
          "dti": 17,
          "sco": 69,
          "dco": 91,
          "txt": "Hoedspruit"
        },
        {
          "si": 1,
          "sti": 15,
          "dti": 18,
          "sco": 79,
          "dco": 101,
          "txt": ","
        },
        {
          "si": 1,
          "sti": 16,
          "dti": 19,
          "sco": 81,
          "dco": 103,
          "txt": "Mpumalanga"
        },
        {
          "si": 1,
          "sti": 17,
          "dti": 20,
          "sco": 91,
          "dco": 113,
          "txt": ","
        },
        {
          "si": 1,
          "sti": 18,
          "dti": 21,
          "sco": 93,
          "dco": 115,
          "txt": "South"
        },
        {
          "si": 1,
          "sti": 19,
          "dti": 22,
          "sco": 99,
          "dco": 121,
          "txt": "Africa"
        },
        {
          "si": 1,
          "sti": 20,
          "dti": 23,
          "sco": 105,
          "dco": 127,
          "txt": "."
        },
        {
          "si": 2,
          "sti": 0,
          "dti": 24,
          "sco": 0,
          "dco": 129,
          "txt": "The"
        },
        {
          "si": 2,
          "sti": 1,
          "dti": 25,
          "sco": 4,
          "dco": 133,
          "txt": "dam"
        },
        {
          "si": 2,
          "sti": 2,
          "dti": 26,
          "sco": 8,
          "dco": 137,
          "txt": "was"
        },
        {
          "si": 2,
          "sti": 3,
          "dti": 27,
          "sco": 12,
          "dco": 141,
          "txt": "completed"
        },
        {
          "si": 2,
          "sti": 4,
          "dti": 28,
          "sco": 22,
          "dco": 151,
          "txt": "in"
        },
        {
          "si": 2,
          "sti": 5,
          "dti": 29,
          "sco": 25,
          "dco": 154,
          "txt": "1975"
        },
        {
          "si": 2,
          "sti": 6,
          "dti": 30,
          "sco": 29,
          "dco": 158,
          "txt": "."
        },
        {
          "si": 3,
          "sti": 0,
          "dti": 31,
          "sco": 0,
          "dco": 160,
          "txt": "Its"
        },
        {
          "si": 3,
          "sti": 1,
          "dti": 32,
          "sco": 4,
          "dco": 164,
          "txt": "key"
        },
        {
          "si": 3,
          "sti": 2,
          "dti": 33,
          "sco": 8,
          "dco": 168,
          "txt": "purpose"
        },
        {
          "si": 3,
          "sti": 3,
          "dti": 34,
          "sco": 16,
          "dco": 176,
          "txt": "is"
        },
        {
          "si": 3,
          "sti": 4,
          "dti": 35,
          "sco": 19,
          "dco": 179,
          "txt": "industrial"
        },
        {
          "si": 3,
          "sti": 5,
          "dti": 36,
          "sco": 30,
          "dco": 190,
          "txt": "and"
        },
        {
          "si": 3,
          "sti": 6,
          "dti": 37,
          "sco": 34,
          "dco": 194,
          "txt": "municipal"
        },
        {
          "si": 3,
          "sti": 7,
          "dti": 38,
          "sco": 44,
          "dco": 204,
          "txt": "sanitation"
        },
        {
          "si": 3,
          "sti": 8,
          "dti": 39,
          "sco": 54,
          "dco": 214,
          "txt": "."
        }
      ]
    },
    "ganns": {
      "dla": [],
      "la": [],
      "ea": [],
      "eta": [
        {
          "ra": {
            "ea": {
              "etn": "Blyderivierpoort_Dam"
            }
          },
          "sfs": [
            [
              {
                "stn": "status"
              },
              {}
            ]
          ],
          "mfs": [
            [
              {
                "stn": "rivers"
              },
              {
                "dla": [],
                "la": [],
                "ea": [
                  {
                    "etn": "Blyde_River"
                  }
                ],
                "eta": []
              }
            ],
            [
              {
                "stn": "locations"
              },
              {
                "dla": [],
                "la": [],
                "ea": [
                  {
                    "etn": "Mpumalanga"
                  }
                ],
                "eta": []
              }
            ],
            [
              {
                "stn": "openingYears"
              },
              {
                "dla": [
                  {
                    "txt": {
                      "sff": "1975"
                    },
                    "et": {
                      "etn": "Year"
                    },
                    "dp": {
                      "off": 154
                    }
                  }
                ],
                "la": [],
                "ea": [],
                "eta": []
              }
            ],
            [
              {
                "stn": "buildingStartYears"
              },
              {
                "dla": [],
                "la": [],
                "ea": [],
                "eta": []
              }
            ],
            [
              {
                "stn": "countries"
              },
              {
                "dla": [],
                "la": [],
                "ea": [
                  {
                    "etn": "South_Africa"
                  }
                ],
                "eta": []
              }
            ]
          ]
        }
      ]
    }
  }
]
