[
  {
    "context": "TRAIN",
    "doc": {
      "id": "Boegoeberg_Dam",
      "tl": [
        {
          "si": 0,
          "sti": 0,
          "dti": 0,
          "sco": 0,
          "dco": 0,
          "txt": "Boegoeberg"
        },
        {
          "si": 0,
          "sti": 1,
          "dti": 1,
          "sco": 11,
          "dco": 11,
          "txt": "Dam"
        },
        {
          "si": 0,
          "sti": 2,
          "dti": 2,
          "sco": 14,
          "dco": 14,
          "txt": "."
        },
        {
          "si": 1,
          "sti": 0,
          "dti": 3,
          "sco": 0,
          "dco": 16,
          "txt": "Boegoeberg"
        },
        {
          "si": 1,
          "sti": 1,
          "dti": 4,
          "sco": 11,
          "dco": 27,
          "txt": "Dam"
        },
        {
          "si": 1,
          "sti": 2,
          "dti": 5,
          "sco": 15,
          "dco": 31,
          "txt": "is"
        },
        {
          "si": 1,
          "sti": 3,
          "dti": 6,
          "sco": 18,
          "dco": 34,
          "txt": "a"
        },
        {
          "si": 1,
          "sti": 4,
          "dti": 7,
          "sco": 20,
          "dco": 36,
          "txt": "gravity"
        },
        {
          "si": 1,
          "sti": 5,
          "dti": 8,
          "sco": 28,
          "dco": 44,
          "txt": "type"
        },
        {
          "si": 1,
          "sti": 6,
          "dti": 9,
          "sco": 33,
          "dco": 49,
          "txt": "dam"
        },
        {
          "si": 1,
          "sti": 7,
          "dti": 10,
          "sco": 37,
          "dco": 53,
          "txt": "on"
        },
        {
          "si": 1,
          "sti": 8,
          "dti": 11,
          "sco": 40,
          "dco": 56,
          "txt": "the"
        },
        {
          "si": 1,
          "sti": 9,
          "dti": 12,
          "sco": 44,
          "dco": 60,
          "txt": "Orange"
        },
        {
          "si": 1,
          "sti": 10,
          "dti": 13,
          "sco": 51,
          "dco": 67,
          "txt": "River"
        },
        {
          "si": 1,
          "sti": 11,
          "dti": 14,
          "sco": 56,
          "dco": 72,
          "txt": ","
        },
        {
          "si": 1,
          "sti": 12,
          "dti": 15,
          "sco": 58,
          "dco": 74,
          "txt": "near"
        },
        {
          "si": 1,
          "sti": 13,
          "dti": 16,
          "sco": 63,
          "dco": 79,
          "txt": "Prieska"
        },
        {
          "si": 1,
          "sti": 14,
          "dti": 17,
          "sco": 70,
          "dco": 86,
          "txt": ","
        },
        {
          "si": 1,
          "sti": 15,
          "dti": 18,
          "sco": 72,
          "dco": 88,
          "txt": "Northern"
        },
        {
          "si": 1,
          "sti": 16,
          "dti": 19,
          "sco": 81,
          "dco": 97,
          "txt": "Cape"
        },
        {
          "si": 1,
          "sti": 17,
          "dti": 20,
          "sco": 85,
          "dco": 101,
          "txt": ","
        },
        {
          "si": 1,
          "sti": 18,
          "dti": 21,
          "sco": 87,
          "dco": 103,
          "txt": "South"
        },
        {
          "si": 1,
          "sti": 19,
          "dti": 22,
          "sco": 93,
          "dco": 109,
          "txt": "Africa"
        },
        {
          "si": 1,
          "sti": 20,
          "dti": 23,
          "sco": 99,
          "dco": 115,
          "txt": "."
        },
        {
          "si": 2,
          "sti": 0,
          "dti": 24,
          "sco": 0,
          "dco": 117,
          "txt": "Building"
        },
        {
          "si": 2,
          "sti": 1,
          "dti": 25,
          "sco": 9,
          "dco": 126,
          "txt": "was"
        },
        {
          "si": 2,
          "sti": 2,
          "dti": 26,
          "sco": 13,
          "dco": 130,
          "txt": "started"
        },
        {
          "si": 2,
          "sti": 3,
          "dti": 27,
          "sco": 21,
          "dco": 138,
          "txt": "in"
        },
        {
          "si": 2,
          "sti": 4,
          "dti": 28,
          "sco": 24,
          "dco": 141,
          "txt": "1926"
        },
        {
          "si": 2,
          "sti": 5,
          "dti": 29,
          "sco": 29,
          "dco": 146,
          "txt": "and"
        },
        {
          "si": 2,
          "sti": 6,
          "dti": 30,
          "sco": 33,
          "dco": 150,
          "txt": "completed"
        },
        {
          "si": 2,
          "sti": 7,
          "dti": 31,
          "sco": 43,
          "dco": 160,
          "txt": "by"
        },
        {
          "si": 2,
          "sti": 8,
          "dti": 32,
          "sco": 46,
          "dco": 163,
          "txt": "1933"
        },
        {
          "si": 2,
          "sti": 9,
          "dti": 33,
          "sco": 50,
          "dco": 167,
          "txt": "."
        },
        {
          "si": 3,
          "sti": 0,
          "dti": 34,
          "sco": 0,
          "dco": 169,
          "txt": "Boegoeberg"
        },
        {
          "si": 3,
          "sti": 1,
          "dti": 35,
          "sco": 11,
          "dco": 180,
          "txt": "is"
        },
        {
          "si": 3,
          "sti": 2,
          "dti": 36,
          "sco": 14,
          "dco": 183,
          "txt": "named"
        },
        {
          "si": 3,
          "sti": 3,
          "dti": 37,
          "sco": 20,
          "dco": 189,
          "txt": "for"
        },
        {
          "si": 3,
          "sti": 4,
          "dti": 38,
          "sco": 24,
          "dco": 193,
          "txt": "the"
        },
        {
          "si": 3,
          "sti": 5,
          "dti": 39,
          "sco": 28,
          "dco": 197,
          "txt": "small"
        },
        {
          "si": 3,
          "sti": 6,
          "dti": 40,
          "sco": 34,
          "dco": 203,
          "txt": "tree"
        },
        {
          "si": 3,
          "sti": 7,
          "dti": 41,
          "sco": 39,
          "dco": 208,
          "txt": "\""
        },
        {
          "si": 3,
          "sti": 8,
          "dti": 42,
          "sco": 40,
          "dco": 209,
          "txt": "Croton"
        },
        {
          "si": 3,
          "sti": 9,
          "dti": 43,
          "sco": 47,
          "dco": 216,
          "txt": "gratissimus"
        },
        {
          "si": 3,
          "sti": 10,
          "dti": 44,
          "sco": 58,
          "dco": 227,
          "txt": "\""
        },
        {
          "si": 3,
          "sti": 11,
          "dti": 45,
          "sco": 59,
          "dco": 228,
          "txt": ","
        },
        {
          "si": 3,
          "sti": 12,
          "dti": 46,
          "sco": 61,
          "dco": 230,
          "txt": "also"
        },
        {
          "si": 3,
          "sti": 13,
          "dti": 47,
          "sco": 66,
          "dco": 235,
          "txt": "known"
        },
        {
          "si": 3,
          "sti": 14,
          "dti": 48,
          "sco": 72,
          "dco": 241,
          "txt": "as"
        },
        {
          "si": 3,
          "sti": 15,
          "dti": 49,
          "sco": 75,
          "dco": 244,
          "txt": "Bergboegoe"
        },
        {
          "si": 3,
          "sti": 16,
          "dti": 50,
          "sco": 85,
          "dco": 254,
          "txt": "."
        },
        {
          "si": 4,
          "sti": 0,
          "dti": 51,
          "sco": 0,
          "dco": 256,
          "txt": "Its"
        },
        {
          "si": 4,
          "sti": 1,
          "dti": 52,
          "sco": 4,
          "dco": 260,
          "txt": "primary"
        },
        {
          "si": 4,
          "sti": 2,
          "dti": 53,
          "sco": 12,
          "dco": 268,
          "txt": "purpose"
        },
        {
          "si": 4,
          "sti": 3,
          "dti": 54,
          "sco": 20,
          "dco": 276,
          "txt": "is"
        },
        {
          "si": 4,
          "sti": 4,
          "dti": 55,
          "sco": 23,
          "dco": 279,
          "txt": "for"
        },
        {
          "si": 4,
          "sti": 5,
          "dti": 56,
          "sco": 27,
          "dco": 283,
          "txt": "irrigation"
        },
        {
          "si": 4,
          "sti": 6,
          "dti": 57,
          "sco": 38,
          "dco": 294,
          "txt": "and"
        },
        {
          "si": 4,
          "sti": 7,
          "dti": 58,
          "sco": 42,
          "dco": 298,
          "txt": "it"
        },
        {
          "si": 4,
          "sti": 8,
          "dti": 59,
          "sco": 45,
          "dco": 301,
          "txt": "has"
        },
        {
          "si": 4,
          "sti": 9,
          "dti": 60,
          "sco": 49,
          "dco": 305,
          "txt": "a"
        },
        {
          "si": 4,
          "sti": 10,
          "dti": 61,
          "sco": 51,
          "dco": 307,
          "txt": "low"
        },
        {
          "si": 4,
          "sti": 11,
          "dti": 62,
          "sco": 55,
          "dco": 311,
          "txt": "hazard"
        },
        {
          "si": 4,
          "sti": 12,
          "dti": 63,
          "sco": 62,
          "dco": 318,
          "txt": "potential"
        },
        {
          "si": 4,
          "sti": 13,
          "dti": 64,
          "sco": 71,
          "dco": 327,
          "txt": "."
        }
      ]
    },
    "ganns": {
      "dla": [],
      "la": [],
      "ea": [],
      "eta": [
        {
          "ra": {
            "ea": {
              "etn": "Boegoeberg_Dam"
            }
          },
          "sfs": [
            [
              {
                "stn": "status"
              },
              {}
            ]
          ],
          "mfs": [
            [
              {
                "stn": "rivers"
              },
              {
                "dla": [],
                "la": [],
                "ea": [
                  {
                    "etn": "Orange_River"
                  }
                ],
                "eta": []
              }
            ],
            [
              {
                "stn": "locations"
              },
              {
                "dla": [],
                "la": [],
                "ea": [
                  {
                    "etn": "Prieska"
                  },
                  {
                    "etn": "Northern_Cape"
                  }
                ],
                "eta": []
              }
            ],
            [
              {
                "stn": "openingYears"
              },
              {
                "dla": [
                  {
                    "txt": {
                      "sff": "1933"
                    },
                    "et": {
                      "etn": "Year"
                    },
                    "dp": {
                      "off": 163
                    }
                  }
                ],
                "la": [],
                "ea": [],
                "eta": []
              }
            ],
            [
              {
                "stn": "buildingStartYears"
              },
              {
                "dla": [
                  {
                    "txt": {
                      "sff": "1926"
                    },
                    "et": {
                      "etn": "Year"
                    },
                    "dp": {
                      "off": 141
                    }
                  }
                ],
                "la": [],
                "ea": [],
                "eta": []
              }
            ],
            [
              {
                "stn": "countries"
              },
              {
                "dla": [],
                "la": [],
                "ea": [
                  {
                    "etn": "South_Africa"
                  }
                ],
                "eta": []
              }
            ]
          ]
        }
      ]
    }
  }
]
