[
  {
    "context": "TEST",
    "doc": {
      "id": "Boschmanskop_No_1_Dam",
      "tl": [
        {
          "si": 0,
          "sti": 0,
          "dti": 0,
          "sco": 0,
          "dco": 0,
          "txt": "Boschmanskop"
        },
        {
          "si": 0,
          "sti": 1,
          "dti": 1,
          "sco": 13,
          "dco": 13,
          "txt": "No"
        },
        {
          "si": 0,
          "sti": 2,
          "dti": 2,
          "sco": 16,
          "dco": 16,
          "txt": "1"
        },
        {
          "si": 0,
          "sti": 3,
          "dti": 3,
          "sco": 18,
          "dco": 18,
          "txt": "Dam"
        },
        {
          "si": 0,
          "sti": 4,
          "dti": 4,
          "sco": 21,
          "dco": 21,
          "txt": "."
        },
        {
          "si": 1,
          "sti": 0,
          "dti": 5,
          "sco": 0,
          "dco": 23,
          "txt": "Boschmanskop"
        },
        {
          "si": 1,
          "sti": 1,
          "dti": 6,
          "sco": 13,
          "dco": 36,
          "txt": "No"
        },
        {
          "si": 1,
          "sti": 2,
          "dti": 7,
          "sco": 16,
          "dco": 39,
          "txt": "1"
        },
        {
          "si": 1,
          "sti": 3,
          "dti": 8,
          "sco": 17,
          "dco": 40,
          "txt": "+"
        },
        {
          "si": 1,
          "sti": 4,
          "dti": 9,
          "sco": 18,
          "dco": 41,
          "txt": "2"
        },
        {
          "si": 1,
          "sti": 5,
          "dti": 10,
          "sco": 20,
          "dco": 43,
          "txt": "Dam"
        },
        {
          "si": 1,
          "sti": 6,
          "dti": 11,
          "sco": 23,
          "dco": 46,
          "txt": ","
        },
        {
          "si": 1,
          "sti": 7,
          "dti": 12,
          "sco": 25,
          "dco": 48,
          "txt": "is"
        },
        {
          "si": 1,
          "sti": 8,
          "dti": 13,
          "sco": 28,
          "dco": 51,
          "txt": "an"
        },
        {
          "si": 1,
          "sti": 9,
          "dti": 14,
          "sco": 31,
          "dco": 54,
          "txt": "earth"
        },
        {
          "si": 1,
          "sti": 10,
          "dti": 15,
          "sco": 36,
          "dco": 59,
          "txt": "-"
        },
        {
          "si": 1,
          "sti": 11,
          "dti": 16,
          "sco": 37,
          "dco": 60,
          "txt": "fill"
        },
        {
          "si": 1,
          "sti": 12,
          "dti": 17,
          "sco": 42,
          "dco": 65,
          "txt": "type"
        },
        {
          "si": 1,
          "sti": 13,
          "dti": 18,
          "sco": 47,
          "dco": 70,
          "txt": "dam"
        },
        {
          "si": 1,
          "sti": 14,
          "dti": 19,
          "sco": 51,
          "dco": 74,
          "txt": "on"
        },
        {
          "si": 1,
          "sti": 15,
          "dti": 20,
          "sco": 54,
          "dco": 77,
          "txt": "the"
        },
        {
          "si": 1,
          "sti": 16,
          "dti": 21,
          "sco": 58,
          "dco": 81,
          "txt": "Woes"
        },
        {
          "si": 1,
          "sti": 17,
          "dti": 22,
          "sco": 62,
          "dco": 85,
          "txt": "-"
        },
        {
          "si": 1,
          "sti": 18,
          "dti": 23,
          "sco": 63,
          "dco": 86,
          "txt": "Alleen"
        },
        {
          "si": 1,
          "sti": 19,
          "dti": 24,
          "sco": 70,
          "dco": 93,
          "txt": "River"
        },
        {
          "si": 1,
          "sti": 20,
          "dti": 25,
          "sco": 75,
          "dco": 98,
          "txt": ","
        },
        {
          "si": 1,
          "sti": 21,
          "dti": 26,
          "sco": 77,
          "dco": 100,
          "txt": "near"
        },
        {
          "si": 1,
          "sti": 22,
          "dti": 27,
          "sco": 82,
          "dco": 105,
          "txt": "Middelburg"
        },
        {
          "si": 1,
          "sti": 23,
          "dti": 28,
          "sco": 92,
          "dco": 115,
          "txt": ","
        },
        {
          "si": 1,
          "sti": 24,
          "dti": 29,
          "sco": 94,
          "dco": 117,
          "txt": "Mpumalanga"
        },
        {
          "si": 1,
          "sti": 25,
          "dti": 30,
          "sco": 104,
          "dco": 127,
          "txt": ","
        },
        {
          "si": 1,
          "sti": 26,
          "dti": 31,
          "sco": 106,
          "dco": 129,
          "txt": "South"
        },
        {
          "si": 1,
          "sti": 27,
          "dti": 32,
          "sco": 112,
          "dco": 135,
          "txt": "Africa"
        },
        {
          "si": 1,
          "sti": 28,
          "dti": 33,
          "sco": 118,
          "dco": 141,
          "txt": "."
        },
        {
          "si": 2,
          "sti": 0,
          "dti": 34,
          "sco": 0,
          "dco": 143,
          "txt": "It"
        },
        {
          "si": 2,
          "sti": 1,
          "dti": 35,
          "sco": 3,
          "dco": 146,
          "txt": "was"
        },
        {
          "si": 2,
          "sti": 2,
          "dti": 36,
          "sco": 7,
          "dco": 150,
          "txt": "established"
        },
        {
          "si": 2,
          "sti": 3,
          "dti": 37,
          "sco": 19,
          "dco": 162,
          "txt": "in"
        },
        {
          "si": 2,
          "sti": 4,
          "dti": 38,
          "sco": 22,
          "dco": 165,
          "txt": "1995"
        },
        {
          "si": 2,
          "sti": 5,
          "dti": 39,
          "sco": 26,
          "dco": 169,
          "txt": "."
        },
        {
          "si": 3,
          "sti": 0,
          "dti": 40,
          "sco": 0,
          "dco": 171,
          "txt": "Its"
        },
        {
          "si": 3,
          "sti": 1,
          "dti": 41,
          "sco": 4,
          "dco": 175,
          "txt": "primary"
        },
        {
          "si": 3,
          "sti": 2,
          "dti": 42,
          "sco": 12,
          "dco": 183,
          "txt": "purpose"
        },
        {
          "si": 3,
          "sti": 3,
          "dti": 43,
          "sco": 20,
          "dco": 191,
          "txt": "is"
        },
        {
          "si": 3,
          "sti": 4,
          "dti": 44,
          "sco": 23,
          "dco": 194,
          "txt": "flood"
        },
        {
          "si": 3,
          "sti": 5,
          "dti": 45,
          "sco": 29,
          "dco": 200,
          "txt": "control"
        },
        {
          "si": 3,
          "sti": 6,
          "dti": 46,
          "sco": 37,
          "dco": 208,
          "txt": "and"
        },
        {
          "si": 3,
          "sti": 7,
          "dti": 47,
          "sco": 41,
          "dco": 212,
          "txt": "it"
        },
        {
          "si": 3,
          "sti": 8,
          "dti": 48,
          "sco": 44,
          "dco": 215,
          "txt": "is"
        },
        {
          "si": 3,
          "sti": 9,
          "dti": 49,
          "sco": 47,
          "dco": 218,
          "txt": "owned"
        },
        {
          "si": 3,
          "sti": 10,
          "dti": 50,
          "sco": 53,
          "dco": 224,
          "txt": "by"
        },
        {
          "si": 3,
          "sti": 11,
          "dti": 51,
          "sco": 56,
          "dco": 227,
          "txt": "Optimum"
        },
        {
          "si": 3,
          "sti": 12,
          "dti": 52,
          "sco": 64,
          "dco": 235,
          "txt": "Colliery"
        },
        {
          "si": 3,
          "sti": 13,
          "dti": 53,
          "sco": 73,
          "dco": 244,
          "txt": "Pullen"
        },
        {
          "si": 3,
          "sti": 14,
          "dti": 54,
          "sco": 79,
          "dco": 250,
          "txt": "'"
        },
        {
          "si": 3,
          "sti": 15,
          "dti": 55,
          "sco": 80,
          "dco": 251,
          "txt": "s"
        },
        {
          "si": 3,
          "sti": 16,
          "dti": 56,
          "sco": 82,
          "dco": 253,
          "txt": "Hope"
        },
        {
          "si": 3,
          "sti": 17,
          "dti": 57,
          "sco": 86,
          "dco": 257,
          "txt": "."
        }
      ]
    },
    "ganns": {
      "dla": [],
      "la": [],
      "ea": [],
      "eta": [
        {
          "ra": {
            "ea": {
              "etn": "Boschmanskop_No_1_Dam"
            }
          },
          "sfs": [
            [
              {
                "stn": "status"
              },
              {}
            ]
          ],
          "mfs": [
            [
              {
                "stn": "rivers"
              },
              {
                "dla": [],
                "la": [],
                "ea": [
                  {
                    "etn": "Woes-Alleen_River"
                  }
                ],
                "eta": []
              }
            ],
            [
              {
                "stn": "locations"
              },
              {
                "dla": [],
                "la": [],
                "ea": [
                  {
                    "etn": "Middelburg,_Mpumalanga"
                  }
                ],
                "eta": []
              }
            ],
            [
              {
                "stn": "openingYears"
              },
              {
                "dla": [
                  {
                    "txt": {
                      "sff": "1995"
                    },
                    "et": {
                      "etn": "Year"
                    },
                    "dp": {
                      "off": 165
                    }
                  }
                ],
                "la": [],
                "ea": [],
                "eta": []
              }
            ],
            [
              {
                "stn": "buildingStartYears"
              },
              {
                "dla": [],
                "la": [],
                "ea": [],
                "eta": []
              }
            ],
            [
              {
                "stn": "countries"
              },
              {
                "dla": [],
                "la": [],
                "ea": [
                  {
                    "etn": "South_Africa"
                  }
                ],
                "eta": []
              }
            ]
          ]
        }
      ]
    }
  }
]
