[
  {
    "context": "TRAIN",
    "doc": {
      "id": "Brandvlei_Dam",
      "tl": [
        {
          "si": 0,
          "sti": 0,
          "dti": 0,
          "sco": 0,
          "dco": 0,
          "txt": "Brandvlei"
        },
        {
          "si": 0,
          "sti": 1,
          "dti": 1,
          "sco": 10,
          "dco": 10,
          "txt": "Dam"
        },
        {
          "si": 0,
          "sti": 2,
          "dti": 2,
          "sco": 13,
          "dco": 13,
          "txt": "."
        },
        {
          "si": 1,
          "sti": 0,
          "dti": 3,
          "sco": 0,
          "dco": 15,
          "txt": "Brandvlei"
        },
        {
          "si": 1,
          "sti": 1,
          "dti": 4,
          "sco": 10,
          "dco": 25,
          "txt": "Dam"
        },
        {
          "si": 1,
          "sti": 2,
          "dti": 5,
          "sco": 14,
          "dco": 29,
          "txt": "is"
        },
        {
          "si": 1,
          "sti": 3,
          "dti": 6,
          "sco": 17,
          "dco": 32,
          "txt": "an"
        },
        {
          "si": 1,
          "sti": 4,
          "dti": 7,
          "sco": 20,
          "dco": 35,
          "txt": "earth"
        },
        {
          "si": 1,
          "sti": 5,
          "dti": 8,
          "sco": 25,
          "dco": 40,
          "txt": "-"
        },
        {
          "si": 1,
          "sti": 6,
          "dti": 9,
          "sco": 26,
          "dco": 41,
          "txt": "fill"
        },
        {
          "si": 1,
          "sti": 7,
          "dti": 10,
          "sco": 31,
          "dco": 46,
          "txt": "type"
        },
        {
          "si": 1,
          "sti": 8,
          "dti": 11,
          "sco": 36,
          "dco": 51,
          "txt": "dam"
        },
        {
          "si": 1,
          "sti": 9,
          "dti": 12,
          "sco": 40,
          "dco": 55,
          "txt": "on"
        },
        {
          "si": 1,
          "sti": 10,
          "dti": 13,
          "sco": 43,
          "dco": 58,
          "txt": "the"
        },
        {
          "si": 1,
          "sti": 11,
          "dti": 14,
          "sco": 47,
          "dco": 62,
          "txt": "Lower"
        },
        {
          "si": 1,
          "sti": 12,
          "dti": 15,
          "sco": 53,
          "dco": 68,
          "txt": "Brandvlei"
        },
        {
          "si": 1,
          "sti": 13,
          "dti": 16,
          "sco": 63,
          "dco": 78,
          "txt": "River"
        },
        {
          "si": 1,
          "sti": 14,
          "dti": 17,
          "sco": 69,
          "dco": 84,
          "txt": "in"
        },
        {
          "si": 1,
          "sti": 15,
          "dti": 18,
          "sco": 72,
          "dco": 87,
          "txt": "Western"
        },
        {
          "si": 1,
          "sti": 16,
          "dti": 19,
          "sco": 80,
          "dco": 95,
          "txt": "Cape"
        },
        {
          "si": 1,
          "sti": 17,
          "dti": 20,
          "sco": 84,
          "dco": 99,
          "txt": ","
        },
        {
          "si": 1,
          "sti": 18,
          "dti": 21,
          "sco": 86,
          "dco": 101,
          "txt": "South"
        },
        {
          "si": 1,
          "sti": 19,
          "dti": 22,
          "sco": 92,
          "dco": 107,
          "txt": "Africa"
        },
        {
          "si": 1,
          "sti": 20,
          "dti": 23,
          "sco": 98,
          "dco": 113,
          "txt": "."
        },
        {
          "si": 2,
          "sti": 0,
          "dti": 24,
          "sco": 0,
          "dco": 115,
          "txt": "It"
        },
        {
          "si": 2,
          "sti": 1,
          "dti": 25,
          "sco": 3,
          "dco": 118,
          "txt": "was"
        },
        {
          "si": 2,
          "sti": 2,
          "dti": 26,
          "sco": 7,
          "dco": 122,
          "txt": "completed"
        },
        {
          "si": 2,
          "sti": 3,
          "dti": 27,
          "sco": 17,
          "dco": 132,
          "txt": "in"
        },
        {
          "si": 2,
          "sti": 4,
          "dti": 28,
          "sco": 20,
          "dco": 135,
          "txt": "1983"
        },
        {
          "si": 2,
          "sti": 5,
          "dti": 29,
          "sco": 25,
          "dco": 140,
          "txt": "and"
        },
        {
          "si": 2,
          "sti": 6,
          "dti": 30,
          "sco": 29,
          "dco": 144,
          "txt": "the"
        },
        {
          "si": 2,
          "sti": 7,
          "dti": 31,
          "sco": 33,
          "dco": 148,
          "txt": "inlet"
        },
        {
          "si": 2,
          "sti": 8,
          "dti": 32,
          "sco": 39,
          "dco": 154,
          "txt": "is"
        },
        {
          "si": 2,
          "sti": 9,
          "dti": 33,
          "sco": 42,
          "dco": 157,
          "txt": "the"
        },
        {
          "si": 2,
          "sti": 10,
          "dti": 34,
          "sco": 46,
          "dco": 161,
          "txt": "Holsloot"
        },
        {
          "si": 2,
          "sti": 11,
          "dti": 35,
          "sco": 55,
          "dco": 170,
          "txt": "river"
        },
        {
          "si": 2,
          "sti": 12,
          "dti": 36,
          "sco": 60,
          "dco": 175,
          "txt": "."
        },
        {
          "si": 3,
          "sti": 0,
          "dti": 37,
          "sco": 0,
          "dco": 177,
          "txt": "The"
        },
        {
          "si": 3,
          "sti": 1,
          "dti": 38,
          "sco": 4,
          "dco": 181,
          "txt": "Brandvlei"
        },
        {
          "si": 3,
          "sti": 2,
          "dti": 39,
          "sco": 14,
          "dco": 191,
          "txt": "Dam"
        },
        {
          "si": 3,
          "sti": 3,
          "dti": 40,
          "sco": 17,
          "dco": 194,
          "txt": ","
        },
        {
          "si": 3,
          "sti": 4,
          "dti": 41,
          "sco": 19,
          "dco": 196,
          "txt": "15"
        },
        {
          "si": 3,
          "sti": 5,
          "dti": 42,
          "sco": 21,
          "dco": 198,
          "txt": " "
        },
        {
          "si": 3,
          "sti": 6,
          "dti": 43,
          "sco": 22,
          "dco": 199,
          "txt": "km"
        },
        {
          "si": 3,
          "sti": 7,
          "dti": 44,
          "sco": 25,
          "dco": 202,
          "txt": "south"
        },
        {
          "si": 3,
          "sti": 8,
          "dti": 45,
          "sco": 31,
          "dco": 208,
          "txt": "of"
        },
        {
          "si": 3,
          "sti": 9,
          "dti": 46,
          "sco": 34,
          "dco": 211,
          "txt": "Worcester"
        },
        {
          "si": 3,
          "sti": 10,
          "dti": 47,
          "sco": 43,
          "dco": 220,
          "txt": ","
        },
        {
          "si": 3,
          "sti": 11,
          "dti": 48,
          "sco": 45,
          "dco": 222,
          "txt": "is"
        },
        {
          "si": 3,
          "sti": 12,
          "dti": 49,
          "sco": 48,
          "dco": 225,
          "txt": "often"
        },
        {
          "si": 3,
          "sti": 13,
          "dti": 50,
          "sco": 54,
          "dco": 231,
          "txt": "referred"
        },
        {
          "si": 3,
          "sti": 14,
          "dti": 51,
          "sco": 63,
          "dco": 240,
          "txt": "to"
        },
        {
          "si": 3,
          "sti": 15,
          "dti": 52,
          "sco": 66,
          "dco": 243,
          "txt": "as"
        },
        {
          "si": 3,
          "sti": 16,
          "dti": 53,
          "sco": 69,
          "dco": 246,
          "txt": "the"
        },
        {
          "si": 3,
          "sti": 17,
          "dti": 54,
          "sco": 73,
          "dco": 250,
          "txt": "Greater"
        },
        {
          "si": 3,
          "sti": 18,
          "dti": 55,
          "sco": 81,
          "dco": 258,
          "txt": "Brandvlei"
        },
        {
          "si": 3,
          "sti": 19,
          "dti": 56,
          "sco": 91,
          "dco": 268,
          "txt": "Dam"
        },
        {
          "si": 3,
          "sti": 20,
          "dti": 57,
          "sco": 94,
          "dco": 271,
          "txt": "."
        },
        {
          "si": 4,
          "sti": 0,
          "dti": 58,
          "sco": 0,
          "dco": 273,
          "txt": "When"
        },
        {
          "si": 4,
          "sti": 1,
          "dti": 59,
          "sco": 5,
          "dco": 278,
          "txt": "both"
        },
        {
          "si": 4,
          "sti": 2,
          "dti": 60,
          "sco": 10,
          "dco": 283,
          "txt": "it"
        },
        {
          "si": 4,
          "sti": 3,
          "dti": 61,
          "sco": 13,
          "dco": 286,
          "txt": "and"
        },
        {
          "si": 4,
          "sti": 4,
          "dti": 62,
          "sco": 17,
          "dco": 290,
          "txt": "the"
        },
        {
          "si": 4,
          "sti": 5,
          "dti": 63,
          "sco": 21,
          "dco": 294,
          "txt": "adjacent"
        },
        {
          "si": 4,
          "sti": 6,
          "dti": 64,
          "sco": 30,
          "dco": 303,
          "txt": "Kwaggaskloof"
        },
        {
          "si": 4,
          "sti": 7,
          "dti": 65,
          "sco": 43,
          "dco": 316,
          "txt": "Dams"
        },
        {
          "si": 4,
          "sti": 8,
          "dti": 66,
          "sco": 48,
          "dco": 321,
          "txt": "are"
        },
        {
          "si": 4,
          "sti": 9,
          "dti": 67,
          "sco": 52,
          "dco": 325,
          "txt": "full"
        },
        {
          "si": 4,
          "sti": 10,
          "dti": 68,
          "sco": 56,
          "dco": 329,
          "txt": ","
        },
        {
          "si": 4,
          "sti": 11,
          "dti": 69,
          "sco": 58,
          "dco": 331,
          "txt": "the"
        },
        {
          "si": 4,
          "sti": 12,
          "dti": 70,
          "sco": 62,
          "dco": 335,
          "txt": "wall"
        },
        {
          "si": 4,
          "sti": 13,
          "dti": 71,
          "sco": 67,
          "dco": 340,
          "txt": "that"
        },
        {
          "si": 4,
          "sti": 14,
          "dti": 72,
          "sco": 72,
          "dco": 345,
          "txt": "divides"
        },
        {
          "si": 4,
          "sti": 15,
          "dti": 73,
          "sco": 80,
          "dco": 353,
          "txt": "them"
        },
        {
          "si": 4,
          "sti": 16,
          "dti": 74,
          "sco": 85,
          "dco": 358,
          "txt": "is"
        },
        {
          "si": 4,
          "sti": 17,
          "dti": 75,
          "sco": 88,
          "dco": 361,
          "txt": "submerged"
        },
        {
          "si": 4,
          "sti": 18,
          "dti": 76,
          "sco": 97,
          "dco": 370,
          "txt": ","
        },
        {
          "si": 4,
          "sti": 19,
          "dti": 77,
          "sco": 99,
          "dco": 372,
          "txt": "making"
        },
        {
          "si": 4,
          "sti": 20,
          "dti": 78,
          "sco": 106,
          "dco": 379,
          "txt": "it"
        },
        {
          "si": 4,
          "sti": 21,
          "dti": 79,
          "sco": 109,
          "dco": 382,
          "txt": "one"
        },
        {
          "si": 4,
          "sti": 22,
          "dti": 80,
          "sco": 113,
          "dco": 386,
          "txt": "very"
        },
        {
          "si": 4,
          "sti": 23,
          "dti": 81,
          "sco": 118,
          "dco": 391,
          "txt": "large"
        },
        {
          "si": 4,
          "sti": 24,
          "dti": 82,
          "sco": 124,
          "dco": 397,
          "txt": "lake"
        },
        {
          "si": 4,
          "sti": 25,
          "dti": 83,
          "sco": 129,
          "dco": 402,
          "txt": "with"
        },
        {
          "si": 4,
          "sti": 26,
          "dti": 84,
          "sco": 134,
          "dco": 407,
          "txt": "a"
        },
        {
          "si": 4,
          "sti": 27,
          "dti": 85,
          "sco": 136,
          "dco": 409,
          "txt": "capacity"
        },
        {
          "si": 4,
          "sti": 28,
          "dti": 86,
          "sco": 145,
          "dco": 418,
          "txt": "of"
        },
        {
          "si": 4,
          "sti": 29,
          "dti": 87,
          "sco": 148,
          "dco": 421,
          "txt": "458"
        },
        {
          "si": 4,
          "sti": 30,
          "dti": 88,
          "sco": 152,
          "dco": 425,
          "txt": "million"
        },
        {
          "si": 4,
          "sti": 31,
          "dti": 89,
          "sco": 160,
          "dco": 433,
          "txt": "cubic"
        },
        {
          "si": 4,
          "sti": 32,
          "dti": 90,
          "sco": 166,
          "dco": 439,
          "txt": "metres"
        },
        {
          "si": 4,
          "sti": 33,
          "dti": 91,
          "sco": 172,
          "dco": 445,
          "txt": "."
        },
        {
          "si": 5,
          "sti": 0,
          "dti": 92,
          "sco": 0,
          "dco": 447,
          "txt": "It"
        },
        {
          "si": 5,
          "sti": 1,
          "dti": 93,
          "sco": 3,
          "dco": 450,
          "txt": "is"
        },
        {
          "si": 5,
          "sti": 2,
          "dti": 94,
          "sco": 6,
          "dco": 453,
          "txt": "reputedly"
        },
        {
          "si": 5,
          "sti": 3,
          "dti": 95,
          "sco": 16,
          "dco": 463,
          "txt": "the"
        },
        {
          "si": 5,
          "sti": 4,
          "dti": 96,
          "sco": 20,
          "dco": 467,
          "txt": "best"
        },
        {
          "si": 5,
          "sti": 5,
          "dti": 97,
          "sco": 25,
          "dco": 472,
          "txt": "Smallmouth"
        },
        {
          "si": 5,
          "sti": 6,
          "dti": 98,
          "sco": 36,
          "dco": 483,
          "txt": "Bass"
        },
        {
          "si": 5,
          "sti": 7,
          "dti": 99,
          "sco": 41,
          "dco": 488,
          "txt": "fishing"
        },
        {
          "si": 5,
          "sti": 8,
          "dti": 100,
          "sco": 49,
          "dco": 496,
          "txt": "area"
        },
        {
          "si": 5,
          "sti": 9,
          "dti": 101,
          "sco": 54,
          "dco": 501,
          "txt": "in"
        },
        {
          "si": 5,
          "sti": 10,
          "dti": 102,
          "sco": 57,
          "dco": 504,
          "txt": "the"
        },
        {
          "si": 5,
          "sti": 11,
          "dti": 103,
          "sco": 61,
          "dco": 508,
          "txt": "country"
        },
        {
          "si": 5,
          "sti": 12,
          "dti": 104,
          "sco": 68,
          "dco": 515,
          "txt": "."
        },
        {
          "si": 6,
          "sti": 0,
          "dti": 105,
          "sco": 0,
          "dco": 517,
          "txt": "Launching"
        },
        {
          "si": 6,
          "sti": 1,
          "dti": 106,
          "sco": 10,
          "dco": 527,
          "txt": "and"
        },
        {
          "si": 6,
          "sti": 2,
          "dti": 107,
          "sco": 14,
          "dco": 531,
          "txt": "camping"
        },
        {
          "si": 6,
          "sti": 3,
          "dti": 108,
          "sco": 22,
          "dco": 539,
          "txt": "facilities"
        },
        {
          "si": 6,
          "sti": 4,
          "dti": 109,
          "sco": 33,
          "dco": 550,
          "txt": "are"
        },
        {
          "si": 6,
          "sti": 5,
          "dti": 110,
          "sco": 37,
          "dco": 554,
          "txt": "available"
        },
        {
          "si": 6,
          "sti": 6,
          "dti": 111,
          "sco": 47,
          "dco": 564,
          "txt": "at"
        },
        {
          "si": 6,
          "sti": 7,
          "dti": 112,
          "sco": 50,
          "dco": 567,
          "txt": "both"
        },
        {
          "si": 6,
          "sti": 8,
          "dti": 113,
          "sco": 55,
          "dco": 572,
          "txt": "Brandvlei"
        },
        {
          "si": 6,
          "sti": 9,
          "dti": 114,
          "sco": 65,
          "dco": 582,
          "txt": "and"
        },
        {
          "si": 6,
          "sti": 10,
          "dti": 115,
          "sco": 69,
          "dco": 586,
          "txt": "Kwaggaskloof"
        },
        {
          "si": 6,
          "sti": 11,
          "dti": 116,
          "sco": 82,
          "dco": 599,
          "txt": "Dams"
        },
        {
          "si": 6,
          "sti": 12,
          "dti": 117,
          "sco": 87,
          "dco": 604,
          "txt": "and"
        },
        {
          "si": 6,
          "sti": 13,
          "dti": 118,
          "sco": 91,
          "dco": 608,
          "txt": "the"
        },
        {
          "si": 6,
          "sti": 14,
          "dti": 119,
          "sco": 95,
          "dco": 612,
          "txt": "Worcester"
        },
        {
          "si": 6,
          "sti": 15,
          "dti": 120,
          "sco": 105,
          "dco": 622,
          "txt": "Yacht"
        },
        {
          "si": 6,
          "sti": 16,
          "dti": 121,
          "sco": 111,
          "dco": 628,
          "txt": "Club"
        },
        {
          "si": 6,
          "sti": 17,
          "dti": 122,
          "sco": 116,
          "dco": 633,
          "txt": "is"
        },
        {
          "si": 6,
          "sti": 18,
          "dti": 123,
          "sco": 119,
          "dco": 636,
          "txt": "situated"
        },
        {
          "si": 6,
          "sti": 19,
          "dti": 124,
          "sco": 128,
          "dco": 645,
          "txt": "at"
        },
        {
          "si": 6,
          "sti": 20,
          "dti": 125,
          "sco": 131,
          "dco": 648,
          "txt": "the"
        },
        {
          "si": 6,
          "sti": 21,
          "dti": 126,
          "sco": 135,
          "dco": 652,
          "txt": "Brandvlei"
        },
        {
          "si": 6,
          "sti": 22,
          "dti": 127,
          "sco": 145,
          "dco": 662,
          "txt": "Dam"
        },
        {
          "si": 6,
          "sti": 23,
          "dti": 128,
          "sco": 148,
          "dco": 665,
          "txt": "."
        },
        {
          "si": 7,
          "sti": 0,
          "dti": 129,
          "sco": 0,
          "dco": 667,
          "txt": "Kwaggaskloof"
        },
        {
          "si": 7,
          "sti": 1,
          "dti": 130,
          "sco": 13,
          "dco": 680,
          "txt": "("
        },
        {
          "si": 7,
          "sti": 2,
          "dti": 131,
          "sco": 14,
          "dco": 681,
          "txt": "sometimes"
        },
        {
          "si": 7,
          "sti": 3,
          "dti": 132,
          "sco": 24,
          "dco": 691,
          "txt": "spelled"
        },
        {
          "si": 7,
          "sti": 4,
          "dti": 133,
          "sco": 32,
          "dco": 699,
          "txt": "Quaggaskloof"
        },
        {
          "si": 7,
          "sti": 5,
          "dti": 134,
          "sco": 44,
          "dco": 711,
          "txt": ")"
        },
        {
          "si": 7,
          "sti": 6,
          "dti": 135,
          "sco": 46,
          "dco": 713,
          "txt": "and"
        },
        {
          "si": 7,
          "sti": 7,
          "dti": 136,
          "sco": 50,
          "dco": 717,
          "txt": "Brandvlei"
        },
        {
          "si": 7,
          "sti": 8,
          "dti": 137,
          "sco": 60,
          "dco": 727,
          "txt": "Dam"
        },
        {
          "si": 7,
          "sti": 9,
          "dti": 138,
          "sco": 64,
          "dco": 731,
          "txt": "is"
        },
        {
          "si": 7,
          "sti": 10,
          "dti": 139,
          "sco": 67,
          "dco": 734,
          "txt": "considered"
        },
        {
          "si": 7,
          "sti": 11,
          "dti": 140,
          "sco": 78,
          "dco": 745,
          "txt": "by"
        },
        {
          "si": 7,
          "sti": 12,
          "dti": 141,
          "sco": 81,
          "dco": 748,
          "txt": "many"
        },
        {
          "si": 7,
          "sti": 13,
          "dti": 142,
          "sco": 86,
          "dco": 753,
          "txt": "to"
        },
        {
          "si": 7,
          "sti": 14,
          "dti": 143,
          "sco": 89,
          "dco": 756,
          "txt": "be"
        },
        {
          "si": 7,
          "sti": 15,
          "dti": 144,
          "sco": 92,
          "dco": 759,
          "txt": "one"
        },
        {
          "si": 7,
          "sti": 16,
          "dti": 145,
          "sco": 96,
          "dco": 763,
          "txt": "of"
        },
        {
          "si": 7,
          "sti": 17,
          "dti": 146,
          "sco": 99,
          "dco": 766,
          "txt": "the"
        },
        {
          "si": 7,
          "sti": 18,
          "dti": 147,
          "sco": 103,
          "dco": 770,
          "txt": "prime"
        },
        {
          "si": 7,
          "sti": 19,
          "dti": 148,
          "sco": 109,
          "dco": 776,
          "txt": "smalmouth"
        },
        {
          "si": 7,
          "sti": 20,
          "dti": 149,
          "sco": 119,
          "dco": 786,
          "txt": "bass"
        },
        {
          "si": 7,
          "sti": 21,
          "dti": 150,
          "sco": 124,
          "dco": 791,
          "txt": "waters"
        },
        {
          "si": 7,
          "sti": 22,
          "dti": 151,
          "sco": 131,
          "dco": 798,
          "txt": "in"
        },
        {
          "si": 7,
          "sti": 23,
          "dti": 152,
          "sco": 134,
          "dco": 801,
          "txt": "South"
        },
        {
          "si": 7,
          "sti": 24,
          "dti": 153,
          "sco": 140,
          "dco": 807,
          "txt": "Africa"
        },
        {
          "si": 7,
          "sti": 25,
          "dti": 154,
          "sco": 146,
          "dco": 813,
          "txt": ","
        },
        {
          "si": 7,
          "sti": 26,
          "dti": 155,
          "sco": 148,
          "dco": 815,
          "txt": "some"
        },
        {
          "si": 7,
          "sti": 27,
          "dti": 156,
          "sco": 153,
          "dco": 820,
          "txt": "would"
        },
        {
          "si": 7,
          "sti": 28,
          "dti": 157,
          "sco": 159,
          "dco": 826,
          "txt": "argue"
        },
        {
          "si": 7,
          "sti": 29,
          "dti": 158,
          "sco": 165,
          "dco": 832,
          "txt": "that"
        },
        {
          "si": 7,
          "sti": 30,
          "dti": 159,
          "sco": 170,
          "dco": 837,
          "txt": "it"
        },
        {
          "si": 7,
          "sti": 31,
          "dti": 160,
          "sco": 173,
          "dco": 840,
          "txt": "is"
        },
        {
          "si": 7,
          "sti": 32,
          "dti": 161,
          "sco": 176,
          "dco": 843,
          "txt": "THE"
        },
        {
          "si": 7,
          "sti": 33,
          "dti": 162,
          "sco": 180,
          "dco": 847,
          "txt": "prime"
        },
        {
          "si": 7,
          "sti": 34,
          "dti": 163,
          "sco": 186,
          "dco": 853,
          "txt": "smallmouth"
        },
        {
          "si": 7,
          "sti": 35,
          "dti": 164,
          "sco": 197,
          "dco": 864,
          "txt": "lake"
        },
        {
          "si": 7,
          "sti": 36,
          "dti": 165,
          "sco": 201,
          "dco": 868,
          "txt": "."
        },
        {
          "si": 8,
          "sti": 0,
          "dti": 166,
          "sco": 0,
          "dco": 870,
          "txt": "Regardless"
        },
        {
          "si": 8,
          "sti": 1,
          "dti": 167,
          "sco": 10,
          "dco": 880,
          "txt": ","
        },
        {
          "si": 8,
          "sti": 2,
          "dti": 168,
          "sco": 12,
          "dco": 882,
          "txt": "the"
        },
        {
          "si": 8,
          "sti": 3,
          "dti": 169,
          "sco": 16,
          "dco": 886,
          "txt": "lake"
        },
        {
          "si": 8,
          "sti": 4,
          "dti": 170,
          "sco": 21,
          "dco": 891,
          "txt": "is"
        },
        {
          "si": 8,
          "sti": 5,
          "dti": 171,
          "sco": 24,
          "dco": 894,
          "txt": "certainly"
        },
        {
          "si": 8,
          "sti": 6,
          "dti": 172,
          "sco": 34,
          "dco": 904,
          "txt": "one"
        },
        {
          "si": 8,
          "sti": 7,
          "dti": 173,
          "sco": 38,
          "dco": 908,
          "txt": "that"
        },
        {
          "si": 8,
          "sti": 8,
          "dti": 174,
          "sco": 43,
          "dco": 913,
          "txt": "has"
        },
        {
          "si": 8,
          "sti": 9,
          "dti": 175,
          "sco": 47,
          "dco": 917,
          "txt": "some"
        },
        {
          "si": 8,
          "sti": 10,
          "dti": 176,
          "sco": 52,
          "dco": 922,
          "txt": "BIG"
        },
        {
          "si": 8,
          "sti": 11,
          "dti": 177,
          "sco": 56,
          "dco": 926,
          "txt": "smallmouth"
        },
        {
          "si": 8,
          "sti": 12,
          "dti": 178,
          "sco": 67,
          "dco": 937,
          "txt": "bass"
        },
        {
          "si": 8,
          "sti": 13,
          "dti": 179,
          "sco": 71,
          "dco": 941,
          "txt": ","
        },
        {
          "si": 8,
          "sti": 14,
          "dti": 180,
          "sco": 73,
          "dco": 943,
          "txt": "until"
        },
        {
          "si": 8,
          "sti": 15,
          "dti": 181,
          "sco": 79,
          "dco": 949,
          "txt": "recently"
        },
        {
          "si": 8,
          "sti": 16,
          "dti": 182,
          "sco": 88,
          "dco": 958,
          "txt": "it"
        },
        {
          "si": 8,
          "sti": 17,
          "dti": 183,
          "sco": 91,
          "dco": 961,
          "txt": "was"
        },
        {
          "si": 8,
          "sti": 18,
          "dti": 184,
          "sco": 95,
          "dco": 965,
          "txt": "the"
        },
        {
          "si": 8,
          "sti": 19,
          "dti": 185,
          "sco": 99,
          "dco": 969,
          "txt": "holder"
        },
        {
          "si": 8,
          "sti": 20,
          "dti": 186,
          "sco": 106,
          "dco": 976,
          "txt": "of"
        },
        {
          "si": 8,
          "sti": 21,
          "dti": 187,
          "sco": 109,
          "dco": 979,
          "txt": "the"
        },
        {
          "si": 8,
          "sti": 22,
          "dti": 188,
          "sco": 113,
          "dco": 983,
          "txt": "South"
        },
        {
          "si": 8,
          "sti": 23,
          "dti": 189,
          "sco": 119,
          "dco": 989,
          "txt": "African"
        },
        {
          "si": 8,
          "sti": 24,
          "dti": 190,
          "sco": 127,
          "dco": 997,
          "txt": "record"
        },
        {
          "si": 8,
          "sti": 25,
          "dti": 191,
          "sco": 133,
          "dco": 1003,
          "txt": ","
        },
        {
          "si": 8,
          "sti": 26,
          "dti": 192,
          "sco": 135,
          "dco": 1005,
          "txt": "a"
        },
        {
          "si": 8,
          "sti": 27,
          "dti": 193,
          "sco": 137,
          "dco": 1007,
          "txt": "fish"
        },
        {
          "si": 8,
          "sti": 28,
          "dti": 194,
          "sco": 142,
          "dco": 1012,
          "txt": "of"
        },
        {
          "si": 8,
          "sti": 29,
          "dti": 195,
          "sco": 145,
          "dco": 1015,
          "txt": "3"
        },
        {
          "si": 8,
          "sti": 30,
          "dti": 196,
          "sco": 146,
          "dco": 1016,
          "txt": "."
        },
        {
          "si": 8,
          "sti": 31,
          "dti": 197,
          "sco": 147,
          "dco": 1017,
          "txt": "23"
        },
        {
          "si": 8,
          "sti": 32,
          "dti": 198,
          "sco": 149,
          "dco": 1019,
          "txt": " "
        },
        {
          "si": 8,
          "sti": 33,
          "dti": 199,
          "sco": 150,
          "dco": 1020,
          "txt": "kg"
        },
        {
          "si": 8,
          "sti": 34,
          "dti": 200,
          "sco": 153,
          "dco": 1023,
          "txt": "("
        },
        {
          "si": 8,
          "sti": 35,
          "dti": 201,
          "sco": 154,
          "dco": 1024,
          "txt": "7"
        },
        {
          "si": 8,
          "sti": 36,
          "dti": 202,
          "sco": 155,
          "dco": 1025,
          "txt": " "
        },
        {
          "si": 8,
          "sti": 37,
          "dti": 203,
          "sco": 156,
          "dco": 1026,
          "txt": "lbs"
        },
        {
          "si": 8,
          "sti": 38,
          "dti": 204,
          "sco": 159,
          "dco": 1029,
          "txt": ")"
        },
        {
          "si": 8,
          "sti": 39,
          "dti": 205,
          "sco": 161,
          "dco": 1031,
          "txt": "caught"
        },
        {
          "si": 8,
          "sti": 40,
          "dti": 206,
          "sco": 168,
          "dco": 1038,
          "txt": "on"
        },
        {
          "si": 8,
          "sti": 41,
          "dti": 207,
          "sco": 171,
          "dco": 1041,
          "txt": "a"
        },
        {
          "si": 8,
          "sti": 42,
          "dti": 208,
          "sco": 173,
          "dco": 1043,
          "txt": "crawdad"
        },
        {
          "si": 8,
          "sti": 43,
          "dti": 209,
          "sco": 181,
          "dco": 1051,
          "txt": "coloured"
        },
        {
          "si": 8,
          "sti": 44,
          "dti": 210,
          "sco": 190,
          "dco": 1060,
          "txt": "soft"
        },
        {
          "si": 8,
          "sti": 45,
          "dti": 211,
          "sco": 195,
          "dco": 1065,
          "txt": "plastic"
        },
        {
          "si": 8,
          "sti": 46,
          "dti": 212,
          "sco": 203,
          "dco": 1073,
          "txt": "worm"
        },
        {
          "si": 8,
          "sti": 47,
          "dti": 213,
          "sco": 208,
          "dco": 1078,
          "txt": "in"
        },
        {
          "si": 8,
          "sti": 48,
          "dti": 214,
          "sco": 211,
          "dco": 1081,
          "txt": "4"
        },
        {
          "si": 8,
          "sti": 49,
          "dti": 215,
          "sco": 213,
          "dco": 1083,
          "txt": "metres"
        },
        {
          "si": 8,
          "sti": 50,
          "dti": 216,
          "sco": 220,
          "dco": 1090,
          "txt": "("
        },
        {
          "si": 8,
          "sti": 51,
          "dti": 217,
          "sco": 221,
          "dco": 1091,
          "txt": "12"
        },
        {
          "si": 8,
          "sti": 52,
          "dti": 218,
          "sco": 224,
          "dco": 1094,
          "txt": "foot"
        },
        {
          "si": 8,
          "sti": 53,
          "dti": 219,
          "sco": 228,
          "dco": 1098,
          "txt": ")"
        },
        {
          "si": 8,
          "sti": 54,
          "dti": 220,
          "sco": 230,
          "dco": 1100,
          "txt": "of"
        },
        {
          "si": 8,
          "sti": 55,
          "dti": 221,
          "sco": 233,
          "dco": 1103,
          "txt": "water"
        },
        {
          "si": 8,
          "sti": 56,
          "dti": 222,
          "sco": 239,
          "dco": 1109,
          "txt": "in"
        },
        {
          "si": 8,
          "sti": 57,
          "dti": 223,
          "sco": 242,
          "dco": 1112,
          "txt": "September"
        },
        {
          "si": 8,
          "sti": 58,
          "dti": 224,
          "sco": 252,
          "dco": 1122,
          "txt": "1998"
        },
        {
          "si": 8,
          "sti": 59,
          "dti": 225,
          "sco": 256,
          "dco": 1126,
          "txt": "."
        },
        {
          "si": 9,
          "sti": 0,
          "dti": 226,
          "sco": 0,
          "dco": 1128,
          "txt": "When"
        },
        {
          "si": 9,
          "sti": 1,
          "dti": 227,
          "sco": 5,
          "dco": 1133,
          "txt": "full"
        },
        {
          "si": 9,
          "sti": 2,
          "dti": 228,
          "sco": 9,
          "dco": 1137,
          "txt": ","
        },
        {
          "si": 9,
          "sti": 3,
          "dti": 229,
          "sco": 11,
          "dco": 1139,
          "txt": "Kwaggaskloof"
        },
        {
          "si": 9,
          "sti": 4,
          "dti": 230,
          "sco": 24,
          "dco": 1152,
          "txt": "is"
        },
        {
          "si": 9,
          "sti": 5,
          "dti": 231,
          "sco": 27,
          "dco": 1155,
          "txt": "joined"
        },
        {
          "si": 9,
          "sti": 6,
          "dti": 232,
          "sco": 34,
          "dco": 1162,
          "txt": "to"
        },
        {
          "si": 9,
          "sti": 7,
          "dti": 233,
          "sco": 37,
          "dco": 1165,
          "txt": "neighbouring"
        },
        {
          "si": 9,
          "sti": 8,
          "dti": 234,
          "sco": 50,
          "dco": 1178,
          "txt": "Brandvlei"
        },
        {
          "si": 9,
          "sti": 9,
          "dti": 235,
          "sco": 60,
          "dco": 1188,
          "txt": "Dam"
        },
        {
          "si": 9,
          "sti": 10,
          "dti": 236,
          "sco": 64,
          "dco": 1192,
          "txt": "creating"
        },
        {
          "si": 9,
          "sti": 11,
          "dti": 237,
          "sco": 73,
          "dco": 1201,
          "txt": "one"
        },
        {
          "si": 9,
          "sti": 12,
          "dti": 238,
          "sco": 77,
          "dco": 1205,
          "txt": "massive"
        },
        {
          "si": 9,
          "sti": 13,
          "dti": 239,
          "sco": 85,
          "dco": 1213,
          "txt": "impoundment"
        },
        {
          "si": 9,
          "sti": 14,
          "dti": 240,
          "sco": 96,
          "dco": 1224,
          "txt": "."
        },
        {
          "si": 10,
          "sti": 0,
          "dti": 241,
          "sco": 0,
          "dco": 1226,
          "txt": "When"
        },
        {
          "si": 10,
          "sti": 1,
          "dti": 242,
          "sco": 5,
          "dco": 1231,
          "txt": "the"
        },
        {
          "si": 10,
          "sti": 2,
          "dti": 243,
          "sco": 9,
          "dco": 1235,
          "txt": "water"
        },
        {
          "si": 10,
          "sti": 3,
          "dti": 244,
          "sco": 15,
          "dco": 1241,
          "txt": "level"
        },
        {
          "si": 10,
          "sti": 4,
          "dti": 245,
          "sco": 21,
          "dco": 1247,
          "txt": "drops"
        },
        {
          "si": 10,
          "sti": 5,
          "dti": 246,
          "sco": 27,
          "dco": 1253,
          "txt": "the"
        },
        {
          "si": 10,
          "sti": 6,
          "dti": 247,
          "sco": 31,
          "dco": 1257,
          "txt": "wall"
        },
        {
          "si": 10,
          "sti": 7,
          "dti": 248,
          "sco": 36,
          "dco": 1262,
          "txt": "that"
        },
        {
          "si": 10,
          "sti": 8,
          "dti": 249,
          "sco": 41,
          "dco": 1267,
          "txt": "divides"
        },
        {
          "si": 10,
          "sti": 9,
          "dti": 250,
          "sco": 49,
          "dco": 1275,
          "txt": "the"
        },
        {
          "si": 10,
          "sti": 10,
          "dti": 251,
          "sco": 53,
          "dco": 1279,
          "txt": "2"
        },
        {
          "si": 10,
          "sti": 11,
          "dti": 252,
          "sco": 55,
          "dco": 1281,
          "txt": "is"
        },
        {
          "si": 10,
          "sti": 12,
          "dti": 253,
          "sco": 58,
          "dco": 1284,
          "txt": "exposed"
        },
        {
          "si": 10,
          "sti": 13,
          "dti": 254,
          "sco": 65,
          "dco": 1291,
          "txt": ","
        },
        {
          "si": 10,
          "sti": 14,
          "dti": 255,
          "sco": 67,
          "dco": 1293,
          "txt": "creating"
        },
        {
          "si": 10,
          "sti": 15,
          "dti": 256,
          "sco": 76,
          "dco": 1302,
          "txt": "separate"
        },
        {
          "si": 10,
          "sti": 16,
          "dti": 257,
          "sco": 85,
          "dco": 1311,
          "txt": "bodies"
        },
        {
          "si": 10,
          "sti": 17,
          "dti": 258,
          "sco": 92,
          "dco": 1318,
          "txt": "of"
        },
        {
          "si": 10,
          "sti": 18,
          "dti": 259,
          "sco": 95,
          "dco": 1321,
          "txt": "water"
        },
        {
          "si": 10,
          "sti": 19,
          "dti": 260,
          "sco": 100,
          "dco": 1326,
          "txt": "."
        },
        {
          "si": 11,
          "sti": 0,
          "dti": 261,
          "sco": 0,
          "dco": 1328,
          "txt": "The"
        },
        {
          "si": 11,
          "sti": 1,
          "dti": 262,
          "sco": 4,
          "dco": 1332,
          "txt": "\""
        },
        {
          "si": 11,
          "sti": 2,
          "dti": 263,
          "sco": 5,
          "dco": 1333,
          "txt": "wall"
        },
        {
          "si": 11,
          "sti": 3,
          "dti": 264,
          "sco": 9,
          "dco": 1337,
          "txt": "\""
        },
        {
          "si": 11,
          "sti": 4,
          "dti": 265,
          "sco": 11,
          "dco": 1339,
          "txt": "as"
        },
        {
          "si": 11,
          "sti": 5,
          "dti": 266,
          "sco": 14,
          "dco": 1342,
          "txt": "it"
        },
        {
          "si": 11,
          "sti": 6,
          "dti": 267,
          "sco": 17,
          "dco": 1345,
          "txt": "is"
        },
        {
          "si": 11,
          "sti": 7,
          "dti": 268,
          "sco": 20,
          "dco": 1348,
          "txt": "known"
        },
        {
          "si": 11,
          "sti": 8,
          "dti": 269,
          "sco": 26,
          "dco": 1354,
          "txt": "is"
        },
        {
          "si": 11,
          "sti": 9,
          "dti": 270,
          "sco": 29,
          "dco": 1357,
          "txt": "an"
        },
        {
          "si": 11,
          "sti": 10,
          "dti": 271,
          "sco": 32,
          "dco": 1360,
          "txt": "excellent"
        },
        {
          "si": 11,
          "sti": 11,
          "dti": 272,
          "sco": 42,
          "dco": 1370,
          "txt": "spot"
        },
        {
          "si": 11,
          "sti": 12,
          "dti": 273,
          "sco": 47,
          "dco": 1375,
          "txt": "to"
        },
        {
          "si": 11,
          "sti": 13,
          "dti": 274,
          "sco": 50,
          "dco": 1378,
          "txt": "catch"
        },
        {
          "si": 11,
          "sti": 14,
          "dti": 275,
          "sco": 56,
          "dco": 1384,
          "txt": "big"
        },
        {
          "si": 11,
          "sti": 15,
          "dti": 276,
          "sco": 60,
          "dco": 1388,
          "txt": "smallies"
        },
        {
          "si": 11,
          "sti": 16,
          "dti": 277,
          "sco": 68,
          "dco": 1396,
          "txt": ","
        },
        {
          "si": 11,
          "sti": 17,
          "dti": 278,
          "sco": 70,
          "dco": 1398,
          "txt": "fish"
        },
        {
          "si": 11,
          "sti": 18,
          "dti": 279,
          "sco": 75,
          "dco": 1403,
          "txt": "of"
        },
        {
          "si": 11,
          "sti": 19,
          "dti": 280,
          "sco": 78,
          "dco": 1406,
          "txt": "2"
        },
        {
          "si": 11,
          "sti": 20,
          "dti": 281,
          "sco": 79,
          "dco": 1407,
          "txt": "."
        },
        {
          "si": 11,
          "sti": 21,
          "dti": 282,
          "sco": 80,
          "dco": 1408,
          "txt": "5"
        },
        {
          "si": 11,
          "sti": 22,
          "dti": 283,
          "sco": 82,
          "dco": 1410,
          "txt": "to"
        },
        {
          "si": 11,
          "sti": 23,
          "dti": 284,
          "sco": 85,
          "dco": 1413,
          "txt": "3"
        },
        {
          "si": 11,
          "sti": 24,
          "dti": 285,
          "sco": 86,
          "dco": 1414,
          "txt": " "
        },
        {
          "si": 11,
          "sti": 25,
          "dti": 286,
          "sco": 87,
          "dco": 1415,
          "txt": "kg"
        },
        {
          "si": 11,
          "sti": 26,
          "dti": 287,
          "sco": 90,
          "dco": 1418,
          "txt": "are"
        },
        {
          "si": 11,
          "sti": 27,
          "dti": 288,
          "sco": 94,
          "dco": 1422,
          "txt": "regularly"
        },
        {
          "si": 11,
          "sti": 28,
          "dti": 289,
          "sco": 104,
          "dco": 1432,
          "txt": "taken"
        },
        {
          "si": 11,
          "sti": 29,
          "dti": 290,
          "sco": 110,
          "dco": 1438,
          "txt": "along"
        },
        {
          "si": 11,
          "sti": 30,
          "dti": 291,
          "sco": 116,
          "dco": 1444,
          "txt": "its"
        },
        {
          "si": 11,
          "sti": 31,
          "dti": 292,
          "sco": 120,
          "dco": 1448,
          "txt": "length"
        },
        {
          "si": 11,
          "sti": 32,
          "dti": 293,
          "sco": 126,
          "dco": 1454,
          "txt": "."
        },
        {
          "si": 12,
          "sti": 0,
          "dti": 294,
          "sco": 0,
          "dco": 1456,
          "txt": "Structure"
        },
        {
          "si": 12,
          "sti": 1,
          "dti": 295,
          "sco": 10,
          "dco": 1466,
          "txt": "is"
        },
        {
          "si": 12,
          "sti": 2,
          "dti": 296,
          "sco": 13,
          "dco": 1469,
          "txt": "not"
        },
        {
          "si": 12,
          "sti": 3,
          "dti": 297,
          "sco": 17,
          "dco": 1473,
          "txt": "immediately"
        },
        {
          "si": 12,
          "sti": 4,
          "dti": 298,
          "sco": 29,
          "dco": 1485,
          "txt": "apparent"
        },
        {
          "si": 12,
          "sti": 5,
          "dti": 299,
          "sco": 38,
          "dco": 1494,
          "txt": "on"
        },
        {
          "si": 12,
          "sti": 6,
          "dti": 300,
          "sco": 41,
          "dco": 1497,
          "txt": "this"
        },
        {
          "si": 12,
          "sti": 7,
          "dti": 301,
          "sco": 46,
          "dco": 1502,
          "txt": "lake"
        },
        {
          "si": 12,
          "sti": 8,
          "dti": 302,
          "sco": 51,
          "dco": 1507,
          "txt": "but"
        },
        {
          "si": 12,
          "sti": 9,
          "dti": 303,
          "sco": 55,
          "dco": 1511,
          "txt": "it"
        },
        {
          "si": 12,
          "sti": 10,
          "dti": 304,
          "sco": 58,
          "dco": 1514,
          "txt": "is"
        },
        {
          "si": 12,
          "sti": 11,
          "dti": 305,
          "sco": 61,
          "dco": 1517,
          "txt": "there"
        },
        {
          "si": 12,
          "sti": 12,
          "dti": 306,
          "sco": 66,
          "dco": 1522,
          "txt": ","
        },
        {
          "si": 12,
          "sti": 13,
          "dti": 307,
          "sco": 68,
          "dco": 1524,
          "txt": "much"
        },
        {
          "si": 12,
          "sti": 14,
          "dti": 308,
          "sco": 73,
          "dco": 1529,
          "txt": "of"
        },
        {
          "si": 12,
          "sti": 15,
          "dti": 309,
          "sco": 76,
          "dco": 1532,
          "txt": "it"
        },
        {
          "si": 12,
          "sti": 16,
          "dti": 310,
          "sco": 79,
          "dco": 1535,
          "txt": "is"
        },
        {
          "si": 12,
          "sti": 17,
          "dti": 311,
          "sco": 82,
          "dco": 1538,
          "txt": "in"
        },
        {
          "si": 12,
          "sti": 18,
          "dti": 312,
          "sco": 85,
          "dco": 1541,
          "txt": "the"
        },
        {
          "si": 12,
          "sti": 19,
          "dti": 313,
          "sco": 89,
          "dco": 1545,
          "txt": "form"
        },
        {
          "si": 12,
          "sti": 20,
          "dti": 314,
          "sco": 94,
          "dco": 1550,
          "txt": "of"
        },
        {
          "si": 12,
          "sti": 21,
          "dti": 315,
          "sco": 97,
          "dco": 1553,
          "txt": "deeper"
        },
        {
          "si": 12,
          "sti": 22,
          "dti": 316,
          "sco": 104,
          "dco": 1560,
          "txt": "ridges"
        },
        {
          "si": 12,
          "sti": 23,
          "dti": 317,
          "sco": 110,
          "dco": 1566,
          "txt": ","
        },
        {
          "si": 12,
          "sti": 24,
          "dti": 318,
          "sco": 112,
          "dco": 1568,
          "txt": "channels"
        },
        {
          "si": 12,
          "sti": 25,
          "dti": 319,
          "sco": 120,
          "dco": 1576,
          "txt": ","
        },
        {
          "si": 12,
          "sti": 26,
          "dti": 320,
          "sco": 122,
          "dco": 1578,
          "txt": "drop"
        },
        {
          "si": 12,
          "sti": 27,
          "dti": 321,
          "sco": 126,
          "dco": 1582,
          "txt": "-"
        },
        {
          "si": 12,
          "sti": 28,
          "dti": 322,
          "sco": 127,
          "dco": 1583,
          "txt": "ofs"
        },
        {
          "si": 12,
          "sti": 29,
          "dti": 323,
          "sco": 130,
          "dco": 1586,
          "txt": ","
        },
        {
          "si": 12,
          "sti": 30,
          "dti": 324,
          "sco": 132,
          "dco": 1588,
          "txt": "points"
        },
        {
          "si": 12,
          "sti": 31,
          "dti": 325,
          "sco": 138,
          "dco": 1594,
          "txt": ","
        },
        {
          "si": 12,
          "sti": 32,
          "dti": 326,
          "sco": 140,
          "dco": 1596,
          "txt": "old"
        },
        {
          "si": 12,
          "sti": 33,
          "dti": 327,
          "sco": 144,
          "dco": 1600,
          "txt": "quarries"
        },
        {
          "si": 12,
          "sti": 34,
          "dti": 328,
          "sco": 153,
          "dco": 1609,
          "txt": "and"
        },
        {
          "si": 12,
          "sti": 35,
          "dti": 329,
          "sco": 157,
          "dco": 1613,
          "txt": "humps"
        },
        {
          "si": 12,
          "sti": 36,
          "dti": 330,
          "sco": 162,
          "dco": 1618,
          "txt": ","
        },
        {
          "si": 12,
          "sti": 37,
          "dti": 331,
          "sco": 164,
          "dco": 1620,
          "txt": "a"
        },
        {
          "si": 12,
          "sti": 38,
          "dti": 332,
          "sco": 166,
          "dco": 1622,
          "txt": "boat"
        },
        {
          "si": 12,
          "sti": 39,
          "dti": 333,
          "sco": 171,
          "dco": 1627,
          "txt": "is"
        },
        {
          "si": 12,
          "sti": 40,
          "dti": 334,
          "sco": 174,
          "dco": 1630,
          "txt": "a"
        },
        {
          "si": 12,
          "sti": 41,
          "dti": 335,
          "sco": 176,
          "dco": 1632,
          "txt": "pretty"
        },
        {
          "si": 12,
          "sti": 42,
          "dti": 336,
          "sco": 183,
          "dco": 1639,
          "txt": "much"
        },
        {
          "si": 12,
          "sti": 43,
          "dti": 337,
          "sco": 188,
          "dco": 1644,
          "txt": "essential"
        },
        {
          "si": 12,
          "sti": 44,
          "dti": 338,
          "sco": 198,
          "dco": 1654,
          "txt": "to"
        },
        {
          "si": 12,
          "sti": 45,
          "dti": 339,
          "sco": 201,
          "dco": 1657,
          "txt": "fish"
        },
        {
          "si": 12,
          "sti": 46,
          "dti": 340,
          "sco": 206,
          "dco": 1662,
          "txt": "Kwaggskloof"
        },
        {
          "si": 12,
          "sti": 47,
          "dti": 341,
          "sco": 218,
          "dco": 1674,
          "txt": "properly"
        },
        {
          "si": 12,
          "sti": 48,
          "dti": 342,
          "sco": 227,
          "dco": 1683,
          "txt": "and"
        },
        {
          "si": 12,
          "sti": 49,
          "dti": 343,
          "sco": 231,
          "dco": 1687,
          "txt": "anglers"
        },
        {
          "si": 12,
          "sti": 50,
          "dti": 344,
          "sco": 239,
          "dco": 1695,
          "txt": "need"
        },
        {
          "si": 12,
          "sti": 51,
          "dti": 345,
          "sco": 244,
          "dco": 1700,
          "txt": "to"
        },
        {
          "si": 12,
          "sti": 52,
          "dti": 346,
          "sco": 247,
          "dco": 1703,
          "txt": "be"
        },
        {
          "si": 12,
          "sti": 53,
          "dti": 347,
          "sco": 250,
          "dco": 1706,
          "txt": "willing"
        },
        {
          "si": 12,
          "sti": 54,
          "dti": 348,
          "sco": 258,
          "dco": 1714,
          "txt": "and"
        },
        {
          "si": 12,
          "sti": 55,
          "dti": 349,
          "sco": 262,
          "dco": 1718,
          "txt": "able"
        },
        {
          "si": 12,
          "sti": 56,
          "dti": 350,
          "sco": 267,
          "dco": 1723,
          "txt": "to"
        },
        {
          "si": 12,
          "sti": 57,
          "dti": 351,
          "sco": 270,
          "dco": 1726,
          "txt": "read"
        },
        {
          "si": 12,
          "sti": 58,
          "dti": 352,
          "sco": 275,
          "dco": 1731,
          "txt": "their"
        },
        {
          "si": 12,
          "sti": 59,
          "dti": 353,
          "sco": 281,
          "dco": 1737,
          "txt": "electronics"
        },
        {
          "si": 12,
          "sti": 60,
          "dti": 354,
          "sco": 292,
          "dco": 1748,
          "txt": "."
        },
        {
          "si": 13,
          "sti": 0,
          "dti": 355,
          "sco": 0,
          "dco": 1750,
          "txt": "Visble"
        },
        {
          "si": 13,
          "sti": 1,
          "dti": 356,
          "sco": 7,
          "dco": 1757,
          "txt": "structure"
        },
        {
          "si": 13,
          "sti": 2,
          "dti": 357,
          "sco": 17,
          "dco": 1767,
          "txt": "is"
        },
        {
          "si": 13,
          "sti": 3,
          "dti": 358,
          "sco": 20,
          "dco": 1770,
          "txt": "there"
        },
        {
          "si": 13,
          "sti": 4,
          "dti": 359,
          "sco": 25,
          "dco": 1775,
          "txt": ","
        },
        {
          "si": 13,
          "sti": 5,
          "dti": 360,
          "sco": 27,
          "dco": 1777,
          "txt": "it"
        },
        {
          "si": 13,
          "sti": 6,
          "dti": 361,
          "sco": 29,
          "dco": 1779,
          "txt": "'"
        },
        {
          "si": 13,
          "sti": 7,
          "dti": 362,
          "sco": 30,
          "dco": 1780,
          "txt": "s"
        },
        {
          "si": 13,
          "sti": 8,
          "dti": 363,
          "sco": 32,
          "dco": 1782,
          "txt": "just"
        },
        {
          "si": 13,
          "sti": 9,
          "dti": 364,
          "sco": 37,
          "dco": 1787,
          "txt": "not"
        },
        {
          "si": 13,
          "sti": 10,
          "dti": 365,
          "sco": 41,
          "dco": 1791,
          "txt": "that"
        },
        {
          "si": 13,
          "sti": 11,
          "dti": 366,
          "sco": 46,
          "dco": 1796,
          "txt": "obvious"
        },
        {
          "si": 13,
          "sti": 12,
          "dti": 367,
          "sco": 53,
          "dco": 1803,
          "txt": ","
        },
        {
          "si": 13,
          "sti": 13,
          "dti": 368,
          "sco": 55,
          "dco": 1805,
          "txt": "mainly"
        },
        {
          "si": 13,
          "sti": 14,
          "dti": 369,
          "sco": 62,
          "dco": 1812,
          "txt": "along"
        },
        {
          "si": 13,
          "sti": 15,
          "dti": 370,
          "sco": 68,
          "dco": 1818,
          "txt": "the"
        },
        {
          "si": 13,
          "sti": 16,
          "dti": 371,
          "sco": 72,
          "dco": 1822,
          "txt": "South"
        },
        {
          "si": 13,
          "sti": 17,
          "dti": 372,
          "sco": 78,
          "dco": 1828,
          "txt": "Western"
        },
        {
          "si": 13,
          "sti": 18,
          "dti": 373,
          "sco": 86,
          "dco": 1836,
          "txt": "bank"
        },
        {
          "si": 13,
          "sti": 19,
          "dti": 374,
          "sco": 90,
          "dco": 1840,
          "txt": ","
        },
        {
          "si": 13,
          "sti": 20,
          "dti": 375,
          "sco": 92,
          "dco": 1842,
          "txt": "this"
        },
        {
          "si": 13,
          "sti": 21,
          "dti": 376,
          "sco": 97,
          "dco": 1847,
          "txt": "is"
        },
        {
          "si": 13,
          "sti": 22,
          "dti": 377,
          "sco": 100,
          "dco": 1850,
          "txt": "also"
        },
        {
          "si": 13,
          "sti": 23,
          "dti": 378,
          "sco": 105,
          "dco": 1855,
          "txt": "where"
        },
        {
          "si": 13,
          "sti": 24,
          "dti": 379,
          "sco": 111,
          "dco": 1861,
          "txt": "largemouth"
        },
        {
          "si": 13,
          "sti": 25,
          "dti": 380,
          "sco": 122,
          "dco": 1872,
          "txt": "bass"
        },
        {
          "si": 13,
          "sti": 26,
          "dti": 381,
          "sco": 127,
          "dco": 1877,
          "txt": "are"
        },
        {
          "si": 13,
          "sti": 27,
          "dti": 382,
          "sco": 131,
          "dco": 1881,
          "txt": "more"
        },
        {
          "si": 13,
          "sti": 28,
          "dti": 383,
          "sco": 136,
          "dco": 1886,
          "txt": "likely"
        },
        {
          "si": 13,
          "sti": 29,
          "dti": 384,
          "sco": 143,
          "dco": 1893,
          "txt": "to"
        },
        {
          "si": 13,
          "sti": 30,
          "dti": 385,
          "sco": 146,
          "dco": 1896,
          "txt": "fall"
        },
        {
          "si": 13,
          "sti": 31,
          "dti": 386,
          "sco": 151,
          "dco": 1901,
          "txt": "to"
        },
        {
          "si": 13,
          "sti": 32,
          "dti": 387,
          "sco": 154,
          "dco": 1904,
          "txt": "a"
        },
        {
          "si": 13,
          "sti": 33,
          "dti": 388,
          "sco": 156,
          "dco": 1906,
          "txt": "well"
        },
        {
          "si": 13,
          "sti": 34,
          "dti": 389,
          "sco": 161,
          "dco": 1911,
          "txt": "placed"
        },
        {
          "si": 13,
          "sti": 35,
          "dti": 390,
          "sco": 168,
          "dco": 1918,
          "txt": "spinnerbait"
        },
        {
          "si": 13,
          "sti": 36,
          "dti": 391,
          "sco": 180,
          "dco": 1930,
          "txt": "or"
        },
        {
          "si": 13,
          "sti": 37,
          "dti": 392,
          "sco": 183,
          "dco": 1933,
          "txt": "shallow"
        },
        {
          "si": 13,
          "sti": 38,
          "dti": 393,
          "sco": 191,
          "dco": 1941,
          "txt": "running"
        },
        {
          "si": 13,
          "sti": 39,
          "dti": 394,
          "sco": 199,
          "dco": 1949,
          "txt": "crankbait"
        },
        {
          "si": 13,
          "sti": 40,
          "dti": 395,
          "sco": 208,
          "dco": 1958,
          "txt": "."
        },
        {
          "si": 14,
          "sti": 0,
          "dti": 396,
          "sco": 0,
          "dco": 1960,
          "txt": "Another"
        },
        {
          "si": 14,
          "sti": 1,
          "dti": 397,
          "sco": 8,
          "dco": 1968,
          "txt": "choice"
        },
        {
          "si": 14,
          "sti": 2,
          "dti": 398,
          "sco": 15,
          "dco": 1975,
          "txt": "piece"
        },
        {
          "si": 14,
          "sti": 3,
          "dti": 399,
          "sco": 21,
          "dco": 1981,
          "txt": "of"
        },
        {
          "si": 14,
          "sti": 4,
          "dti": 400,
          "sco": 24,
          "dco": 1984,
          "txt": "structure"
        },
        {
          "si": 14,
          "sti": 5,
          "dti": 401,
          "sco": 34,
          "dco": 1994,
          "txt": "is"
        },
        {
          "si": 14,
          "sti": 6,
          "dti": 402,
          "sco": 37,
          "dco": 1997,
          "txt": "an"
        },
        {
          "si": 14,
          "sti": 7,
          "dti": 403,
          "sco": 40,
          "dco": 2000,
          "txt": "old"
        },
        {
          "si": 14,
          "sti": 8,
          "dti": 404,
          "sco": 44,
          "dco": 2004,
          "txt": "road"
        },
        {
          "si": 14,
          "sti": 9,
          "dti": 405,
          "sco": 49,
          "dco": 2009,
          "txt": "that"
        },
        {
          "si": 14,
          "sti": 10,
          "dti": 406,
          "sco": 54,
          "dco": 2014,
          "txt": "runs"
        },
        {
          "si": 14,
          "sti": 11,
          "dti": 407,
          "sco": 59,
          "dco": 2019,
          "txt": "into"
        },
        {
          "si": 14,
          "sti": 12,
          "dti": 408,
          "sco": 64,
          "dco": 2024,
          "txt": "the"
        },
        {
          "si": 14,
          "sti": 13,
          "dti": 409,
          "sco": 68,
          "dco": 2028,
          "txt": "lake"
        },
        {
          "si": 14,
          "sti": 14,
          "dti": 410,
          "sco": 73,
          "dco": 2033,
          "txt": "in"
        },
        {
          "si": 14,
          "sti": 15,
          "dti": 411,
          "sco": 76,
          "dco": 2036,
          "txt": "the"
        },
        {
          "si": 14,
          "sti": 16,
          "dti": 412,
          "sco": 80,
          "dco": 2040,
          "txt": "most"
        },
        {
          "si": 14,
          "sti": 17,
          "dti": 413,
          "sco": 85,
          "dco": 2045,
          "txt": "Southerly"
        },
        {
          "si": 14,
          "sti": 18,
          "dti": 414,
          "sco": 95,
          "dco": 2055,
          "txt": "corner"
        },
        {
          "si": 14,
          "sti": 19,
          "dti": 415,
          "sco": 102,
          "dco": 2062,
          "txt": "of"
        },
        {
          "si": 14,
          "sti": 20,
          "dti": 416,
          "sco": 105,
          "dco": 2065,
          "txt": "the"
        },
        {
          "si": 14,
          "sti": 21,
          "dti": 417,
          "sco": 109,
          "dco": 2069,
          "txt": "dam"
        },
        {
          "si": 14,
          "sti": 22,
          "dti": 418,
          "sco": 112,
          "dco": 2072,
          "txt": ","
        },
        {
          "si": 14,
          "sti": 23,
          "dti": 419,
          "sco": 114,
          "dco": 2074,
          "txt": "partially"
        },
        {
          "si": 14,
          "sti": 24,
          "dti": 420,
          "sco": 124,
          "dco": 2084,
          "txt": "exposed"
        },
        {
          "si": 14,
          "sti": 25,
          "dti": 421,
          "sco": 132,
          "dco": 2092,
          "txt": "at"
        },
        {
          "si": 14,
          "sti": 26,
          "dti": 422,
          "sco": 135,
          "dco": 2095,
          "txt": "low"
        },
        {
          "si": 14,
          "sti": 27,
          "dti": 423,
          "sco": 139,
          "dco": 2099,
          "txt": "water"
        },
        {
          "si": 14,
          "sti": 28,
          "dti": 424,
          "sco": 144,
          "dco": 2104,
          "txt": ","
        },
        {
          "si": 14,
          "sti": 29,
          "dti": 425,
          "sco": 146,
          "dco": 2106,
          "txt": "it"
        },
        {
          "si": 14,
          "sti": 30,
          "dti": 426,
          "sco": 148,
          "dco": 2108,
          "txt": "'"
        },
        {
          "si": 14,
          "sti": 31,
          "dti": 427,
          "sco": 149,
          "dco": 2109,
          "txt": "s"
        },
        {
          "si": 14,
          "sti": 32,
          "dti": 428,
          "sco": 151,
          "dco": 2111,
          "txt": "usually"
        },
        {
          "si": 14,
          "sti": 33,
          "dti": 429,
          "sco": 159,
          "dco": 2119,
          "txt": "submerged"
        },
        {
          "si": 14,
          "sti": 34,
          "dti": 430,
          "sco": 169,
          "dco": 2129,
          "txt": "and"
        },
        {
          "si": 14,
          "sti": 35,
          "dti": 431,
          "sco": 173,
          "dco": 2133,
          "txt": "can"
        },
        {
          "si": 14,
          "sti": 36,
          "dti": 432,
          "sco": 177,
          "dco": 2137,
          "txt": "easily"
        },
        {
          "si": 14,
          "sti": 37,
          "dti": 433,
          "sco": 184,
          "dco": 2144,
          "txt": "be"
        },
        {
          "si": 14,
          "sti": 38,
          "dti": 434,
          "sco": 187,
          "dco": 2147,
          "txt": "missed"
        },
        {
          "si": 14,
          "sti": 39,
          "dti": 435,
          "sco": 193,
          "dco": 2153,
          "txt": "."
        },
        {
          "si": 15,
          "sti": 0,
          "dti": 436,
          "sco": 0,
          "dco": 2155,
          "txt": "The"
        },
        {
          "si": 15,
          "sti": 1,
          "dti": 437,
          "sco": 4,
          "dco": 2159,
          "txt": "water"
        },
        {
          "si": 15,
          "sti": 2,
          "dti": 438,
          "sco": 10,
          "dco": 2165,
          "txt": "varies"
        },
        {
          "si": 15,
          "sti": 3,
          "dti": 439,
          "sco": 17,
          "dco": 2172,
          "txt": "from"
        },
        {
          "si": 15,
          "sti": 4,
          "dti": 440,
          "sco": 22,
          "dco": 2177,
          "txt": "quite"
        },
        {
          "si": 15,
          "sti": 5,
          "dti": 441,
          "sco": 28,
          "dco": 2183,
          "txt": "murky"
        },
        {
          "si": 15,
          "sti": 6,
          "dti": 442,
          "sco": 34,
          "dco": 2189,
          "txt": "after"
        },
        {
          "si": 15,
          "sti": 7,
          "dti": 443,
          "sco": 40,
          "dco": 2195,
          "txt": "heavy"
        },
        {
          "si": 15,
          "sti": 8,
          "dti": 444,
          "sco": 46,
          "dco": 2201,
          "txt": "rains"
        },
        {
          "si": 15,
          "sti": 9,
          "dti": 445,
          "sco": 52,
          "dco": 2207,
          "txt": "to"
        },
        {
          "si": 15,
          "sti": 10,
          "dti": 446,
          "sco": 55,
          "dco": 2210,
          "txt": "clear"
        },
        {
          "si": 15,
          "sti": 11,
          "dti": 447,
          "sco": 61,
          "dco": 2216,
          "txt": "in"
        },
        {
          "si": 15,
          "sti": 12,
          "dti": 448,
          "sco": 64,
          "dco": 2219,
          "txt": "the"
        },
        {
          "si": 15,
          "sti": 13,
          "dti": 449,
          "sco": 68,
          "dco": 2223,
          "txt": "summer"
        },
        {
          "si": 15,
          "sti": 14,
          "dti": 450,
          "sco": 75,
          "dco": 2230,
          "txt": "months"
        },
        {
          "si": 15,
          "sti": 15,
          "dti": 451,
          "sco": 81,
          "dco": 2236,
          "txt": "."
        },
        {
          "si": 16,
          "sti": 0,
          "dti": 452,
          "sco": 0,
          "dco": 2238,
          "txt": "Boat"
        },
        {
          "si": 16,
          "sti": 1,
          "dti": 453,
          "sco": 5,
          "dco": 2243,
          "txt": "traffic"
        },
        {
          "si": 16,
          "sti": 2,
          "dti": 454,
          "sco": 13,
          "dco": 2251,
          "txt": "can"
        },
        {
          "si": 16,
          "sti": 3,
          "dti": 455,
          "sco": 17,
          "dco": 2255,
          "txt": "be"
        },
        {
          "si": 16,
          "sti": 4,
          "dti": 456,
          "sco": 20,
          "dco": 2258,
          "txt": "heavy"
        },
        {
          "si": 16,
          "sti": 5,
          "dti": 457,
          "sco": 25,
          "dco": 2263,
          "txt": ","
        },
        {
          "si": 16,
          "sti": 6,
          "dti": 458,
          "sco": 27,
          "dco": 2265,
          "txt": "it"
        },
        {
          "si": 16,
          "sti": 7,
          "dti": 459,
          "sco": 29,
          "dco": 2267,
          "txt": "'"
        },
        {
          "si": 16,
          "sti": 8,
          "dti": 460,
          "sco": 30,
          "dco": 2268,
          "txt": "s"
        },
        {
          "si": 16,
          "sti": 9,
          "dti": 461,
          "sco": 32,
          "dco": 2270,
          "txt": "a"
        },
        {
          "si": 16,
          "sti": 10,
          "dti": 462,
          "sco": 34,
          "dco": 2272,
          "txt": "popular"
        },
        {
          "si": 16,
          "sti": 11,
          "dti": 463,
          "sco": 42,
          "dco": 2280,
          "txt": "venue"
        },
        {
          "si": 16,
          "sti": 12,
          "dti": 464,
          "sco": 48,
          "dco": 2286,
          "txt": "for"
        },
        {
          "si": 16,
          "sti": 13,
          "dti": 465,
          "sco": 52,
          "dco": 2290,
          "txt": "water"
        },
        {
          "si": 16,
          "sti": 14,
          "dti": 466,
          "sco": 58,
          "dco": 2296,
          "txt": "skiers"
        },
        {
          "si": 16,
          "sti": 15,
          "dti": 467,
          "sco": 64,
          "dco": 2302,
          "txt": ","
        },
        {
          "si": 16,
          "sti": 16,
          "dti": 468,
          "sco": 66,
          "dco": 2304,
          "txt": "inflatable"
        },
        {
          "si": 16,
          "sti": 17,
          "dti": 469,
          "sco": 77,
          "dco": 2315,
          "txt": "boat"
        },
        {
          "si": 16,
          "sti": 18,
          "dti": 470,
          "sco": 82,
          "dco": 2320,
          "txt": "races"
        },
        {
          "si": 16,
          "sti": 19,
          "dti": 471,
          "sco": 88,
          "dco": 2326,
          "txt": "are"
        },
        {
          "si": 16,
          "sti": 20,
          "dti": 472,
          "sco": 92,
          "dco": 2330,
          "txt": "sometimes"
        },
        {
          "si": 16,
          "sti": 21,
          "dti": 473,
          "sco": 102,
          "dco": 2340,
          "txt": "held"
        },
        {
          "si": 16,
          "sti": 22,
          "dti": 474,
          "sco": 107,
          "dco": 2345,
          "txt": "on"
        },
        {
          "si": 16,
          "sti": 23,
          "dti": 475,
          "sco": 110,
          "dco": 2348,
          "txt": "the"
        },
        {
          "si": 16,
          "sti": 24,
          "dti": 476,
          "sco": 114,
          "dco": 2352,
          "txt": "dam"
        },
        {
          "si": 16,
          "sti": 25,
          "dti": 477,
          "sco": 117,
          "dco": 2355,
          "txt": ","
        },
        {
          "si": 16,
          "sti": 26,
          "dti": 478,
          "sco": 119,
          "dco": 2357,
          "txt": "this"
        },
        {
          "si": 16,
          "sti": 27,
          "dti": 479,
          "sco": 124,
          "dco": 2362,
          "txt": "can"
        },
        {
          "si": 16,
          "sti": 28,
          "dti": 480,
          "sco": 128,
          "dco": 2366,
          "txt": "cause"
        },
        {
          "si": 16,
          "sti": 29,
          "dti": 481,
          "sco": 134,
          "dco": 2372,
          "txt": "havoc"
        },
        {
          "si": 16,
          "sti": 30,
          "dti": 482,
          "sco": 140,
          "dco": 2378,
          "txt": "for"
        },
        {
          "si": 16,
          "sti": 31,
          "dti": 483,
          "sco": 144,
          "dco": 2382,
          "txt": "bass"
        },
        {
          "si": 16,
          "sti": 32,
          "dti": 484,
          "sco": 149,
          "dco": 2387,
          "txt": "anglers"
        },
        {
          "si": 16,
          "sti": 33,
          "dti": 485,
          "sco": 156,
          "dco": 2394,
          "txt": "."
        },
        {
          "si": 17,
          "sti": 0,
          "dti": 486,
          "sco": 0,
          "dco": 2396,
          "txt": "It"
        },
        {
          "si": 17,
          "sti": 1,
          "dti": 487,
          "sco": 2,
          "dco": 2398,
          "txt": "'"
        },
        {
          "si": 17,
          "sti": 2,
          "dti": 488,
          "sco": 3,
          "dco": 2399,
          "txt": "s"
        },
        {
          "si": 17,
          "sti": 3,
          "dti": 489,
          "sco": 5,
          "dco": 2401,
          "txt": "worthwhile"
        },
        {
          "si": 17,
          "sti": 4,
          "dti": 490,
          "sco": 16,
          "dco": 2412,
          "txt": "checking"
        },
        {
          "si": 17,
          "sti": 5,
          "dti": 491,
          "sco": 25,
          "dco": 2421,
          "txt": "that"
        },
        {
          "si": 17,
          "sti": 6,
          "dti": 492,
          "sco": 30,
          "dco": 2426,
          "txt": "no"
        },
        {
          "si": 17,
          "sti": 7,
          "dti": 493,
          "sco": 33,
          "dco": 2429,
          "txt": "such"
        },
        {
          "si": 17,
          "sti": 8,
          "dti": 494,
          "sco": 38,
          "dco": 2434,
          "txt": "event"
        },
        {
          "si": 17,
          "sti": 9,
          "dti": 495,
          "sco": 44,
          "dco": 2440,
          "txt": "is"
        },
        {
          "si": 17,
          "sti": 10,
          "dti": 496,
          "sco": 47,
          "dco": 2443,
          "txt": "taking"
        },
        {
          "si": 17,
          "sti": 11,
          "dti": 497,
          "sco": 54,
          "dco": 2450,
          "txt": "place"
        },
        {
          "si": 17,
          "sti": 12,
          "dti": 498,
          "sco": 60,
          "dco": 2456,
          "txt": "if"
        },
        {
          "si": 17,
          "sti": 13,
          "dti": 499,
          "sco": 63,
          "dco": 2459,
          "txt": "a"
        },
        {
          "si": 17,
          "sti": 14,
          "dti": 500,
          "sco": 65,
          "dco": 2461,
          "txt": "visit"
        },
        {
          "si": 17,
          "sti": 15,
          "dti": 501,
          "sco": 71,
          "dco": 2467,
          "txt": "is"
        },
        {
          "si": 17,
          "sti": 16,
          "dti": 502,
          "sco": 74,
          "dco": 2470,
          "txt": "planned"
        },
        {
          "si": 17,
          "sti": 17,
          "dti": 503,
          "sco": 81,
          "dco": 2477,
          "txt": "."
        },
        {
          "si": 18,
          "sti": 0,
          "dti": 504,
          "sco": 0,
          "dco": 2479,
          "txt": "Towards"
        },
        {
          "si": 18,
          "sti": 1,
          "dti": 505,
          "sco": 8,
          "dco": 2487,
          "txt": "the"
        },
        {
          "si": 18,
          "sti": 2,
          "dti": 506,
          "sco": 12,
          "dco": 2491,
          "txt": "northwest"
        },
        {
          "si": 18,
          "sti": 3,
          "dti": 507,
          "sco": 22,
          "dco": 2501,
          "txt": "you"
        },
        {
          "si": 18,
          "sti": 4,
          "dti": 508,
          "sco": 26,
          "dco": 2505,
          "txt": "will"
        },
        {
          "si": 18,
          "sti": 5,
          "dti": 509,
          "sco": 31,
          "dco": 2510,
          "txt": "find"
        },
        {
          "si": 18,
          "sti": 6,
          "dti": 510,
          "sco": 36,
          "dco": 2515,
          "txt": "Brandvlei"
        },
        {
          "si": 18,
          "sti": 7,
          "dti": 511,
          "sco": 46,
          "dco": 2525,
          "txt": "Prison"
        },
        {
          "si": 18,
          "sti": 8,
          "dti": 512,
          "sco": 52,
          "dco": 2531,
          "txt": ","
        },
        {
          "si": 18,
          "sti": 9,
          "dti": 513,
          "sco": 54,
          "dco": 2533,
          "txt": "which"
        },
        {
          "si": 18,
          "sti": 10,
          "dti": 514,
          "sco": 60,
          "dco": 2539,
          "txt": "contains"
        },
        {
          "si": 18,
          "sti": 11,
          "dti": 515,
          "sco": 69,
          "dco": 2548,
          "txt": "a"
        },
        {
          "si": 18,
          "sti": 12,
          "dti": 516,
          "sco": 71,
          "dco": 2550,
          "txt": "hot"
        },
        {
          "si": 18,
          "sti": 13,
          "dti": 517,
          "sco": 75,
          "dco": 2554,
          "txt": "spring"
        },
        {
          "si": 18,
          "sti": 14,
          "dti": 518,
          "sco": 82,
          "dco": 2561,
          "txt": "with"
        },
        {
          "si": 18,
          "sti": 15,
          "dti": 519,
          "sco": 87,
          "dco": 2566,
          "txt": "temperatures"
        },
        {
          "si": 18,
          "sti": 16,
          "dti": 520,
          "sco": 100,
          "dco": 2579,
          "txt": "up"
        },
        {
          "si": 18,
          "sti": 17,
          "dti": 521,
          "sco": 103,
          "dco": 2582,
          "txt": "to"
        },
        {
          "si": 18,
          "sti": 18,
          "dti": 522,
          "sco": 106,
          "dco": 2585,
          "txt": "45"
        },
        {
          "si": 18,
          "sti": 19,
          "dti": 523,
          "sco": 108,
          "dco": 2587,
          "txt": " "
        },
        {
          "si": 18,
          "sti": 20,
          "dti": 524,
          "sco": 109,
          "dco": 2588,
          "txt": "°"
        },
        {
          "si": 18,
          "sti": 21,
          "dti": 525,
          "sco": 110,
          "dco": 2589,
          "txt": "C"
        },
        {
          "si": 18,
          "sti": 22,
          "dti": 526,
          "sco": 111,
          "dco": 2590,
          "txt": ","
        },
        {
          "si": 18,
          "sti": 23,
          "dti": 527,
          "sco": 113,
          "dco": 2592,
          "txt": "the"
        },
        {
          "si": 18,
          "sti": 24,
          "dti": 528,
          "sco": 117,
          "dco": 2596,
          "txt": "hottest"
        },
        {
          "si": 18,
          "sti": 25,
          "dti": 529,
          "sco": 125,
          "dco": 2604,
          "txt": "in"
        },
        {
          "si": 18,
          "sti": 26,
          "dti": 530,
          "sco": 128,
          "dco": 2607,
          "txt": "South"
        },
        {
          "si": 18,
          "sti": 27,
          "dti": 531,
          "sco": 134,
          "dco": 2613,
          "txt": "Africa"
        },
        {
          "si": 18,
          "sti": 28,
          "dti": 532,
          "sco": 140,
          "dco": 2619,
          "txt": "."
        },
        {
          "si": 19,
          "sti": 0,
          "dti": 533,
          "sco": 0,
          "dco": 2621,
          "txt": "The"
        },
        {
          "si": 19,
          "sti": 1,
          "dti": 534,
          "sco": 4,
          "dco": 2625,
          "txt": "Table"
        },
        {
          "si": 19,
          "sti": 2,
          "dti": 535,
          "sco": 10,
          "dco": 2631,
          "txt": "Mountain"
        },
        {
          "si": 19,
          "sti": 3,
          "dti": 536,
          "sco": 19,
          "dco": 2640,
          "txt": "Group"
        },
        {
          "si": 19,
          "sti": 4,
          "dti": 537,
          "sco": 25,
          "dco": 2646,
          "txt": "hot"
        },
        {
          "si": 19,
          "sti": 5,
          "dti": 538,
          "sco": 29,
          "dco": 2650,
          "txt": "water"
        },
        {
          "si": 19,
          "sti": 6,
          "dti": 539,
          "sco": 35,
          "dco": 2656,
          "txt": "springs"
        },
        {
          "si": 19,
          "sti": 7,
          "dti": 540,
          "sco": 43,
          "dco": 2664,
          "txt": "vary"
        },
        {
          "si": 19,
          "sti": 8,
          "dti": 541,
          "sco": 48,
          "dco": 2669,
          "txt": "between"
        },
        {
          "si": 19,
          "sti": 9,
          "dti": 542,
          "sco": 56,
          "dco": 2677,
          "txt": "35"
        },
        {
          "si": 19,
          "sti": 10,
          "dti": 543,
          "sco": 58,
          "dco": 2679,
          "txt": " "
        },
        {
          "si": 19,
          "sti": 11,
          "dti": 544,
          "sco": 59,
          "dco": 2680,
          "txt": "°"
        },
        {
          "si": 19,
          "sti": 12,
          "dti": 545,
          "sco": 60,
          "dco": 2681,
          "txt": "C"
        },
        {
          "si": 19,
          "sti": 13,
          "dti": 546,
          "sco": 62,
          "dco": 2683,
          "txt": "and"
        },
        {
          "si": 19,
          "sti": 14,
          "dti": 547,
          "sco": 66,
          "dco": 2687,
          "txt": "45"
        },
        {
          "si": 19,
          "sti": 15,
          "dti": 548,
          "sco": 68,
          "dco": 2689,
          "txt": " "
        },
        {
          "si": 19,
          "sti": 16,
          "dti": 549,
          "sco": 69,
          "dco": 2690,
          "txt": "°"
        },
        {
          "si": 19,
          "sti": 17,
          "dti": 550,
          "sco": 70,
          "dco": 2691,
          "txt": "C"
        },
        {
          "si": 19,
          "sti": 18,
          "dti": 551,
          "sco": 71,
          "dco": 2692,
          "txt": "."
        },
        {
          "si": 20,
          "sti": 0,
          "dti": 552,
          "sco": 0,
          "dco": 2694,
          "txt": "The"
        },
        {
          "si": 20,
          "sti": 1,
          "dti": 553,
          "sco": 4,
          "dco": 2698,
          "txt": "water"
        },
        {
          "si": 20,
          "sti": 2,
          "dti": 554,
          "sco": 10,
          "dco": 2704,
          "txt": "at"
        },
        {
          "si": 20,
          "sti": 3,
          "dti": 555,
          "sco": 13,
          "dco": 2707,
          "txt": "the"
        },
        {
          "si": 20,
          "sti": 4,
          "dti": 556,
          "sco": 17,
          "dco": 2711,
          "txt": "nearby"
        },
        {
          "si": 20,
          "sti": 5,
          "dti": 557,
          "sco": 24,
          "dco": 2718,
          "txt": "Goudini"
        },
        {
          "si": 20,
          "sti": 6,
          "dti": 558,
          "sco": 32,
          "dco": 2726,
          "txt": "and"
        },
        {
          "si": 20,
          "sti": 7,
          "dti": 559,
          "sco": 36,
          "dco": 2730,
          "txt": "the"
        },
        {
          "si": 20,
          "sti": 8,
          "dti": 560,
          "sco": 40,
          "dco": 2734,
          "txt": "Brandvlei"
        },
        {
          "si": 20,
          "sti": 9,
          "dti": 561,
          "sco": 50,
          "dco": 2744,
          "txt": "hot"
        },
        {
          "si": 20,
          "sti": 10,
          "dti": 562,
          "sco": 54,
          "dco": 2748,
          "txt": "springs"
        },
        {
          "si": 20,
          "sti": 11,
          "dti": 563,
          "sco": 62,
          "dco": 2756,
          "txt": "is"
        },
        {
          "si": 20,
          "sti": 12,
          "dti": 564,
          "sco": 65,
          "dco": 2759,
          "txt": "classified"
        },
        {
          "si": 20,
          "sti": 13,
          "dti": 565,
          "sco": 76,
          "dco": 2770,
          "txt": "as"
        },
        {
          "si": 20,
          "sti": 14,
          "dti": 566,
          "sco": 79,
          "dco": 2773,
          "txt": "\""
        },
        {
          "si": 20,
          "sti": 15,
          "dti": 567,
          "sco": 80,
          "dco": 2774,
          "txt": "pure"
        },
        {
          "si": 20,
          "sti": 16,
          "dti": 568,
          "sco": 84,
          "dco": 2778,
          "txt": "\""
        },
        {
          "si": 20,
          "sti": 17,
          "dti": 569,
          "sco": 86,
          "dco": 2780,
          "txt": "by"
        },
        {
          "si": 20,
          "sti": 18,
          "dti": 570,
          "sco": 89,
          "dco": 2783,
          "txt": "virtue"
        },
        {
          "si": 20,
          "sti": 19,
          "dti": 571,
          "sco": 96,
          "dco": 2790,
          "txt": "of"
        },
        {
          "si": 20,
          "sti": 20,
          "dti": 572,
          "sco": 99,
          "dco": 2793,
          "txt": "its"
        },
        {
          "si": 20,
          "sti": 21,
          "dti": 573,
          "sco": 103,
          "dco": 2797,
          "txt": "low"
        },
        {
          "si": 20,
          "sti": 22,
          "dti": 574,
          "sco": 107,
          "dco": 2801,
          "txt": "content"
        },
        {
          "si": 20,
          "sti": 23,
          "dti": 575,
          "sco": 115,
          "dco": 2809,
          "txt": "of"
        },
        {
          "si": 20,
          "sti": 24,
          "dti": 576,
          "sco": 118,
          "dco": 2812,
          "txt": "dissolved"
        },
        {
          "si": 20,
          "sti": 25,
          "dti": 577,
          "sco": 128,
          "dco": 2822,
          "txt": "mineral"
        },
        {
          "si": 20,
          "sti": 26,
          "dti": 578,
          "sco": 136,
          "dco": 2830,
          "txt": "matter"
        },
        {
          "si": 20,
          "sti": 27,
          "dti": 579,
          "sco": 142,
          "dco": 2836,
          "txt": "."
        },
        {
          "si": 21,
          "sti": 0,
          "dti": 580,
          "sco": 0,
          "dco": 2838,
          "txt": "You"
        },
        {
          "si": 21,
          "sti": 1,
          "dti": 581,
          "sco": 4,
          "dco": 2842,
          "txt": "cannot"
        },
        {
          "si": 21,
          "sti": 2,
          "dti": 582,
          "sco": 11,
          "dco": 2849,
          "txt": "visit"
        },
        {
          "si": 21,
          "sti": 3,
          "dti": 583,
          "sco": 17,
          "dco": 2855,
          "txt": "this"
        },
        {
          "si": 21,
          "sti": 4,
          "dti": 584,
          "sco": 22,
          "dco": 2860,
          "txt": "hot"
        },
        {
          "si": 21,
          "sti": 5,
          "dti": 585,
          "sco": 26,
          "dco": 2864,
          "txt": "spring"
        },
        {
          "si": 21,
          "sti": 6,
          "dti": 586,
          "sco": 33,
          "dco": 2871,
          "txt": "voluntarily"
        },
        {
          "si": 21,
          "sti": 7,
          "dti": 587,
          "sco": 45,
          "dco": 2883,
          "txt": "("
        },
        {
          "si": 21,
          "sti": 8,
          "dti": 588,
          "sco": 46,
          "dco": 2884,
          "txt": "unfortunately"
        },
        {
          "si": 21,
          "sti": 9,
          "dti": 589,
          "sco": 60,
          "dco": 2898,
          "txt": "it"
        },
        {
          "si": 21,
          "sti": 10,
          "dti": 590,
          "sco": 63,
          "dco": 2901,
          "txt": "is"
        },
        {
          "si": 21,
          "sti": 11,
          "dti": 591,
          "sco": 66,
          "dco": 2904,
          "txt": "situated"
        },
        {
          "si": 21,
          "sti": 12,
          "dti": 592,
          "sco": 75,
          "dco": 2913,
          "txt": "inside"
        },
        {
          "si": 21,
          "sti": 13,
          "dti": 593,
          "sco": 82,
          "dco": 2920,
          "txt": "the"
        },
        {
          "si": 21,
          "sti": 14,
          "dti": 594,
          "sco": 86,
          "dco": 2924,
          "txt": "prison"
        },
        {
          "si": 21,
          "sti": 15,
          "dti": 595,
          "sco": 93,
          "dco": 2931,
          "txt": "area"
        },
        {
          "si": 21,
          "sti": 16,
          "dti": 596,
          "sco": 97,
          "dco": 2935,
          "txt": ")"
        },
        {
          "si": 21,
          "sti": 17,
          "dti": 597,
          "sco": 98,
          "dco": 2936,
          "txt": "."
        },
        {
          "si": 22,
          "sti": 0,
          "dti": 598,
          "sco": 0,
          "dco": 2938,
          "txt": "\""
        },
        {
          "si": 22,
          "sti": 1,
          "dti": 599,
          "sco": 1,
          "dco": 2939,
          "txt": "Brandvlei"
        },
        {
          "si": 22,
          "sti": 2,
          "dti": 600,
          "sco": 10,
          "dco": 2948,
          "txt": "\""
        },
        {
          "si": 22,
          "sti": 3,
          "dti": 601,
          "sco": 12,
          "dco": 2950,
          "txt": "or"
        },
        {
          "si": 22,
          "sti": 4,
          "dti": 602,
          "sco": 15,
          "dco": 2953,
          "txt": "\""
        },
        {
          "si": 22,
          "sti": 5,
          "dti": 603,
          "sco": 16,
          "dco": 2954,
          "txt": "The"
        },
        {
          "si": 22,
          "sti": 6,
          "dti": 604,
          "sco": 20,
          "dco": 2958,
          "txt": "Burning"
        },
        {
          "si": 22,
          "sti": 7,
          "dti": 605,
          "sco": 28,
          "dco": 2966,
          "txt": "Marsh"
        },
        {
          "si": 22,
          "sti": 8,
          "dti": 606,
          "sco": 33,
          "dco": 2971,
          "txt": "\""
        },
        {
          "si": 22,
          "sti": 9,
          "dti": 607,
          "sco": 35,
          "dco": 2973,
          "txt": "was"
        },
        {
          "si": 22,
          "sti": 10,
          "dti": 608,
          "sco": 39,
          "dco": 2977,
          "txt": "named"
        },
        {
          "si": 22,
          "sti": 11,
          "dti": 609,
          "sco": 45,
          "dco": 2983,
          "txt": "after"
        },
        {
          "si": 22,
          "sti": 12,
          "dti": 610,
          "sco": 51,
          "dco": 2989,
          "txt": "the"
        },
        {
          "si": 22,
          "sti": 13,
          "dti": 611,
          "sco": 55,
          "dco": 2993,
          "txt": "regular"
        },
        {
          "si": 22,
          "sti": 14,
          "dti": 612,
          "sco": 63,
          "dco": 3001,
          "txt": "view"
        },
        {
          "si": 22,
          "sti": 15,
          "dti": 613,
          "sco": 68,
          "dco": 3006,
          "txt": "of"
        },
        {
          "si": 22,
          "sti": 16,
          "dti": 614,
          "sco": 71,
          "dco": 3009,
          "txt": "steam"
        },
        {
          "si": 22,
          "sti": 17,
          "dti": 615,
          "sco": 77,
          "dco": 3015,
          "txt": "rising"
        },
        {
          "si": 22,
          "sti": 18,
          "dti": 616,
          "sco": 84,
          "dco": 3022,
          "txt": "from"
        },
        {
          "si": 22,
          "sti": 19,
          "dti": 617,
          "sco": 89,
          "dco": 3027,
          "txt": "the"
        },
        {
          "si": 22,
          "sti": 20,
          "dti": 618,
          "sco": 93,
          "dco": 3031,
          "txt": "rivulet"
        },
        {
          "si": 22,
          "sti": 21,
          "dti": 619,
          "sco": 101,
          "dco": 3039,
          "txt": "flowing"
        },
        {
          "si": 22,
          "sti": 22,
          "dti": 620,
          "sco": 109,
          "dco": 3047,
          "txt": "into"
        },
        {
          "si": 22,
          "sti": 23,
          "dti": 621,
          "sco": 114,
          "dco": 3052,
          "txt": "the"
        },
        {
          "si": 22,
          "sti": 24,
          "dti": 622,
          "sco": 118,
          "dco": 3056,
          "txt": "dam"
        },
        {
          "si": 22,
          "sti": 25,
          "dti": 623,
          "sco": 121,
          "dco": 3059,
          "txt": ","
        },
        {
          "si": 22,
          "sti": 26,
          "dti": 624,
          "sco": 123,
          "dco": 3061,
          "txt": "especially"
        },
        {
          "si": 22,
          "sti": 27,
          "dti": 625,
          "sco": 134,
          "dco": 3072,
          "txt": "during"
        },
        {
          "si": 22,
          "sti": 28,
          "dti": 626,
          "sco": 141,
          "dco": 3079,
          "txt": "early"
        },
        {
          "si": 22,
          "sti": 29,
          "dti": 627,
          "sco": 147,
          "dco": 3085,
          "txt": "mornings"
        },
        {
          "si": 22,
          "sti": 30,
          "dti": 628,
          "sco": 155,
          "dco": 3093,
          "txt": "."
        }
      ]
    },
    "ganns": {
      "dla": [],
      "la": [],
      "ea": [],
      "eta": [
        {
          "ra": {
            "ea": {
              "etn": "Brandvlei_Dam"
            }
          },
          "sfs": [
            [
              {
                "stn": "status"
              },
              {}
            ]
          ],
          "mfs": [
            [
              {
                "stn": "rivers"
              },
              {
                "dla": [],
                "la": [],
                "ea": [
                  {
                    "etn": "Lower_Brandvlei_River"
                  }
                ],
                "eta": []
              }
            ],
            [
              {
                "stn": "locations"
              },
              {
                "dla": [],
                "la": [],
                "ea": [
                  {
                    "etn": "Western_Cape"
                  }
                ],
                "eta": []
              }
            ],
            [
              {
                "stn": "openingYears"
              },
              {
                "dla": [
                  {
                    "txt": {
                      "sff": "1983"
                    },
                    "et": {
                      "etn": "Year"
                    },
                    "dp": {
                      "off": 135
                    }
                  }
                ],
                "la": [],
                "ea": [],
                "eta": []
              }
            ],
            [
              {
                "stn": "buildingStartYears"
              },
              {
                "dla": [],
                "la": [],
                "ea": [],
                "eta": []
              }
            ],
            [
              {
                "stn": "countries"
              },
              {
                "dla": [],
                "la": [],
                "ea": [
                  {
                    "etn": "South_Africa"
                  }
                ],
                "eta": []
              }
            ]
          ]
        }
      ]
    }
  }
]
