[
  {
    "context": "TRAIN",
    "doc": {
      "id": "Bumbuna_Dam",
      "tl": [
        {
          "si": 0,
          "sti": 0,
          "dti": 0,
          "sco": 0,
          "dco": 0,
          "txt": "Bumbuna"
        },
        {
          "si": 0,
          "sti": 1,
          "dti": 1,
          "sco": 8,
          "dco": 8,
          "txt": "Dam"
        },
        {
          "si": 0,
          "sti": 2,
          "dti": 2,
          "sco": 11,
          "dco": 11,
          "txt": "."
        },
        {
          "si": 1,
          "sti": 0,
          "dti": 3,
          "sco": 0,
          "dco": 13,
          "txt": "The"
        },
        {
          "si": 1,
          "sti": 1,
          "dti": 4,
          "sco": 4,
          "dco": 17,
          "txt": "Bumbuna"
        },
        {
          "si": 1,
          "sti": 2,
          "dti": 5,
          "sco": 12,
          "dco": 25,
          "txt": "Dam"
        },
        {
          "si": 1,
          "sti": 3,
          "dti": 6,
          "sco": 16,
          "dco": 29,
          "txt": "is"
        },
        {
          "si": 1,
          "sti": 4,
          "dti": 7,
          "sco": 19,
          "dco": 32,
          "txt": "a"
        },
        {
          "si": 1,
          "sti": 5,
          "dti": 8,
          "sco": 21,
          "dco": 34,
          "txt": "concrete"
        },
        {
          "si": 1,
          "sti": 6,
          "dti": 9,
          "sco": 29,
          "dco": 42,
          "txt": "-"
        },
        {
          "si": 1,
          "sti": 7,
          "dti": 10,
          "sco": 30,
          "dco": 43,
          "txt": "face"
        },
        {
          "si": 1,
          "sti": 8,
          "dti": 11,
          "sco": 35,
          "dco": 48,
          "txt": "rock"
        },
        {
          "si": 1,
          "sti": 9,
          "dti": 12,
          "sco": 39,
          "dco": 52,
          "txt": "-"
        },
        {
          "si": 1,
          "sti": 10,
          "dti": 13,
          "sco": 40,
          "dco": 53,
          "txt": "fill"
        },
        {
          "si": 1,
          "sti": 11,
          "dti": 14,
          "sco": 45,
          "dco": 58,
          "txt": "dam"
        },
        {
          "si": 1,
          "sti": 12,
          "dti": 15,
          "sco": 49,
          "dco": 62,
          "txt": "on"
        },
        {
          "si": 1,
          "sti": 13,
          "dti": 16,
          "sco": 52,
          "dco": 65,
          "txt": "the"
        },
        {
          "si": 1,
          "sti": 14,
          "dti": 17,
          "sco": 56,
          "dco": 69,
          "txt": "Seli"
        },
        {
          "si": 1,
          "sti": 15,
          "dti": 18,
          "sco": 61,
          "dco": 74,
          "txt": "River"
        },
        {
          "si": 1,
          "sti": 16,
          "dti": 19,
          "sco": 67,
          "dco": 80,
          "txt": "near"
        },
        {
          "si": 1,
          "sti": 17,
          "dti": 20,
          "sco": 72,
          "dco": 85,
          "txt": "Bumbuna"
        },
        {
          "si": 1,
          "sti": 18,
          "dti": 21,
          "sco": 80,
          "dco": 93,
          "txt": "in"
        },
        {
          "si": 1,
          "sti": 19,
          "dti": 22,
          "sco": 83,
          "dco": 96,
          "txt": "Tonkolili"
        },
        {
          "si": 1,
          "sti": 20,
          "dti": 23,
          "sco": 93,
          "dco": 106,
          "txt": "District"
        },
        {
          "si": 1,
          "sti": 21,
          "dti": 24,
          "sco": 101,
          "dco": 114,
          "txt": ","
        },
        {
          "si": 1,
          "sti": 22,
          "dti": 25,
          "sco": 103,
          "dco": 116,
          "txt": "Sierra"
        },
        {
          "si": 1,
          "sti": 23,
          "dti": 26,
          "sco": 110,
          "dco": 123,
          "txt": "Leone"
        },
        {
          "si": 1,
          "sti": 24,
          "dti": 27,
          "sco": 115,
          "dco": 128,
          "txt": "."
        },
        {
          "si": 2,
          "sti": 0,
          "dti": 28,
          "sco": 0,
          "dco": 130,
          "txt": "The"
        },
        {
          "si": 2,
          "sti": 1,
          "dti": 29,
          "sco": 4,
          "dco": 134,
          "txt": "primary"
        },
        {
          "si": 2,
          "sti": 2,
          "dti": 30,
          "sco": 12,
          "dco": 142,
          "txt": "purpose"
        },
        {
          "si": 2,
          "sti": 3,
          "dti": 31,
          "sco": 20,
          "dco": 150,
          "txt": "of"
        },
        {
          "si": 2,
          "sti": 4,
          "dti": 32,
          "sco": 23,
          "dco": 153,
          "txt": "the"
        },
        {
          "si": 2,
          "sti": 5,
          "dti": 33,
          "sco": 27,
          "dco": 157,
          "txt": "dam"
        },
        {
          "si": 2,
          "sti": 6,
          "dti": 34,
          "sco": 31,
          "dco": 161,
          "txt": "is"
        },
        {
          "si": 2,
          "sti": 7,
          "dti": 35,
          "sco": 34,
          "dco": 164,
          "txt": "hydroelectric"
        },
        {
          "si": 2,
          "sti": 8,
          "dti": 36,
          "sco": 48,
          "dco": 178,
          "txt": "power"
        },
        {
          "si": 2,
          "sti": 9,
          "dti": 37,
          "sco": 54,
          "dco": 184,
          "txt": "generation"
        },
        {
          "si": 2,
          "sti": 10,
          "dti": 38,
          "sco": 65,
          "dco": 195,
          "txt": "and"
        },
        {
          "si": 2,
          "sti": 11,
          "dti": 39,
          "sco": 69,
          "dco": 199,
          "txt": "it"
        },
        {
          "si": 2,
          "sti": 12,
          "dti": 40,
          "sco": 72,
          "dco": 202,
          "txt": "supports"
        },
        {
          "si": 2,
          "sti": 13,
          "dti": 41,
          "sco": 81,
          "dco": 211,
          "txt": "a"
        },
        {
          "si": 2,
          "sti": 14,
          "dti": 42,
          "sco": 83,
          "dco": 213,
          "txt": "power"
        },
        {
          "si": 2,
          "sti": 15,
          "dti": 43,
          "sco": 89,
          "dco": 219,
          "txt": "station"
        },
        {
          "si": 2,
          "sti": 16,
          "dti": 44,
          "sco": 96,
          "dco": 226,
          "txt": "."
        },
        {
          "si": 3,
          "sti": 0,
          "dti": 45,
          "sco": 0,
          "dco": 228,
          "txt": "The"
        },
        {
          "si": 3,
          "sti": 1,
          "dti": 46,
          "sco": 4,
          "dco": 232,
          "txt": "site"
        },
        {
          "si": 3,
          "sti": 2,
          "dti": 47,
          "sco": 9,
          "dco": 237,
          "txt": "for"
        },
        {
          "si": 3,
          "sti": 3,
          "dti": 48,
          "sco": 13,
          "dco": 241,
          "txt": "the"
        },
        {
          "si": 3,
          "sti": 4,
          "dti": 49,
          "sco": 17,
          "dco": 245,
          "txt": "dam"
        },
        {
          "si": 3,
          "sti": 5,
          "dti": 50,
          "sco": 21,
          "dco": 249,
          "txt": "at"
        },
        {
          "si": 3,
          "sti": 6,
          "dti": 51,
          "sco": 24,
          "dco": 252,
          "txt": "Bumbuna"
        },
        {
          "si": 3,
          "sti": 7,
          "dti": 52,
          "sco": 32,
          "dco": 260,
          "txt": "Falls"
        },
        {
          "si": 3,
          "sti": 8,
          "dti": 53,
          "sco": 38,
          "dco": 266,
          "txt": "was"
        },
        {
          "si": 3,
          "sti": 9,
          "dti": 54,
          "sco": 42,
          "dco": 270,
          "txt": "first"
        },
        {
          "si": 3,
          "sti": 10,
          "dti": 55,
          "sco": 48,
          "dco": 276,
          "txt": "identified"
        },
        {
          "si": 3,
          "sti": 11,
          "dti": 56,
          "sco": 59,
          "dco": 287,
          "txt": "in"
        },
        {
          "si": 3,
          "sti": 12,
          "dti": 57,
          "sco": 62,
          "dco": 290,
          "txt": "1971"
        },
        {
          "si": 3,
          "sti": 13,
          "dti": 58,
          "sco": 67,
          "dco": 295,
          "txt": "and"
        },
        {
          "si": 3,
          "sti": 14,
          "dti": 59,
          "sco": 71,
          "dco": 299,
          "txt": "further"
        },
        {
          "si": 3,
          "sti": 15,
          "dti": 60,
          "sco": 79,
          "dco": 307,
          "txt": "studied"
        },
        {
          "si": 3,
          "sti": 16,
          "dti": 61,
          "sco": 87,
          "dco": 315,
          "txt": "in"
        },
        {
          "si": 3,
          "sti": 17,
          "dti": 62,
          "sco": 90,
          "dco": 318,
          "txt": "1980"
        },
        {
          "si": 3,
          "sti": 18,
          "dti": 63,
          "sco": 94,
          "dco": 322,
          "txt": "."
        },
        {
          "si": 4,
          "sti": 0,
          "dti": 64,
          "sco": 0,
          "dco": 324,
          "txt": "After"
        },
        {
          "si": 4,
          "sti": 1,
          "dti": 65,
          "sco": 6,
          "dco": 330,
          "txt": "funding"
        },
        {
          "si": 4,
          "sti": 2,
          "dti": 66,
          "sco": 14,
          "dco": 338,
          "txt": "was"
        },
        {
          "si": 4,
          "sti": 3,
          "dti": 67,
          "sco": 18,
          "dco": 342,
          "txt": "available"
        },
        {
          "si": 4,
          "sti": 4,
          "dti": 68,
          "sco": 27,
          "dco": 351,
          "txt": ","
        },
        {
          "si": 4,
          "sti": 5,
          "dti": 69,
          "sco": 29,
          "dco": 353,
          "txt": "construction"
        },
        {
          "si": 4,
          "sti": 6,
          "dti": 70,
          "sco": 42,
          "dco": 366,
          "txt": "began"
        },
        {
          "si": 4,
          "sti": 7,
          "dti": 71,
          "sco": 48,
          "dco": 372,
          "txt": "in"
        },
        {
          "si": 4,
          "sti": 8,
          "dti": 72,
          "sco": 51,
          "dco": 375,
          "txt": "1992"
        },
        {
          "si": 4,
          "sti": 9,
          "dti": 73,
          "sco": 55,
          "dco": 379,
          "txt": "."
        },
        {
          "si": 5,
          "sti": 0,
          "dti": 74,
          "sco": 0,
          "dco": 381,
          "txt": "Works"
        },
        {
          "si": 5,
          "sti": 1,
          "dti": 75,
          "sco": 6,
          "dco": 387,
          "txt": "halted"
        },
        {
          "si": 5,
          "sti": 2,
          "dti": 76,
          "sco": 13,
          "dco": 394,
          "txt": "in"
        },
        {
          "si": 5,
          "sti": 3,
          "dti": 77,
          "sco": 16,
          "dco": 397,
          "txt": "1997"
        },
        {
          "si": 5,
          "sti": 4,
          "dti": 78,
          "sco": 21,
          "dco": 402,
          "txt": "due"
        },
        {
          "si": 5,
          "sti": 5,
          "dti": 79,
          "sco": 25,
          "dco": 406,
          "txt": "to"
        },
        {
          "si": 5,
          "sti": 6,
          "dti": 80,
          "sco": 28,
          "dco": 409,
          "txt": "the"
        },
        {
          "si": 5,
          "sti": 7,
          "dti": 81,
          "sco": 32,
          "dco": 413,
          "txt": "Sierra"
        },
        {
          "si": 5,
          "sti": 8,
          "dti": 82,
          "sco": 39,
          "dco": 420,
          "txt": "Leone"
        },
        {
          "si": 5,
          "sti": 9,
          "dti": 83,
          "sco": 45,
          "dco": 426,
          "txt": "Civil"
        },
        {
          "si": 5,
          "sti": 10,
          "dti": 84,
          "sco": 51,
          "dco": 432,
          "txt": "War"
        },
        {
          "si": 5,
          "sti": 11,
          "dti": 85,
          "sco": 55,
          "dco": 436,
          "txt": "and"
        },
        {
          "si": 5,
          "sti": 12,
          "dti": 86,
          "sco": 59,
          "dco": 440,
          "txt": "were"
        },
        {
          "si": 5,
          "sti": 13,
          "dti": 87,
          "sco": 64,
          "dco": 445,
          "txt": "not"
        },
        {
          "si": 5,
          "sti": 14,
          "dti": 88,
          "sco": 68,
          "dco": 449,
          "txt": "able"
        },
        {
          "si": 5,
          "sti": 15,
          "dti": 89,
          "sco": 73,
          "dco": 454,
          "txt": "to"
        },
        {
          "si": 5,
          "sti": 16,
          "dti": 90,
          "sco": 76,
          "dco": 457,
          "txt": "restart"
        },
        {
          "si": 5,
          "sti": 17,
          "dti": 91,
          "sco": 84,
          "dco": 465,
          "txt": "until"
        },
        {
          "si": 5,
          "sti": 18,
          "dti": 92,
          "sco": 90,
          "dco": 471,
          "txt": "2002"
        },
        {
          "si": 5,
          "sti": 19,
          "dti": 93,
          "sco": 94,
          "dco": 475,
          "txt": "."
        },
        {
          "si": 6,
          "sti": 0,
          "dti": 94,
          "sco": 0,
          "dco": 477,
          "txt": "On"
        },
        {
          "si": 6,
          "sti": 1,
          "dti": 95,
          "sco": 3,
          "dco": 480,
          "txt": "17"
        },
        {
          "si": 6,
          "sti": 2,
          "dti": 96,
          "sco": 6,
          "dco": 483,
          "txt": "July"
        },
        {
          "si": 6,
          "sti": 3,
          "dti": 97,
          "sco": 11,
          "dco": 488,
          "txt": "2009"
        },
        {
          "si": 6,
          "sti": 4,
          "dti": 98,
          "sco": 15,
          "dco": 492,
          "txt": ","
        },
        {
          "si": 6,
          "sti": 5,
          "dti": 99,
          "sco": 17,
          "dco": 494,
          "txt": "the"
        },
        {
          "si": 6,
          "sti": 6,
          "dti": 100,
          "sco": 21,
          "dco": 498,
          "txt": "President"
        },
        {
          "si": 6,
          "sti": 7,
          "dti": 101,
          "sco": 31,
          "dco": 508,
          "txt": "of"
        },
        {
          "si": 6,
          "sti": 8,
          "dti": 102,
          "sco": 34,
          "dco": 511,
          "txt": "Sierra"
        },
        {
          "si": 6,
          "sti": 9,
          "dti": 103,
          "sco": 41,
          "dco": 518,
          "txt": "Leone"
        },
        {
          "si": 6,
          "sti": 10,
          "dti": 104,
          "sco": 46,
          "dco": 523,
          "txt": ","
        },
        {
          "si": 6,
          "sti": 11,
          "dti": 105,
          "sco": 48,
          "dco": 525,
          "txt": "Ernest"
        },
        {
          "si": 6,
          "sti": 12,
          "dti": 106,
          "sco": 55,
          "dco": 532,
          "txt": "Bai"
        },
        {
          "si": 6,
          "sti": 13,
          "dti": 107,
          "sco": 59,
          "dco": 536,
          "txt": "Koroma"
        },
        {
          "si": 6,
          "sti": 14,
          "dti": 108,
          "sco": 65,
          "dco": 542,
          "txt": ","
        },
        {
          "si": 6,
          "sti": 15,
          "dti": 109,
          "sco": 67,
          "dco": 544,
          "txt": "inaugurated"
        },
        {
          "si": 6,
          "sti": 16,
          "dti": 110,
          "sco": 79,
          "dco": 556,
          "txt": "the"
        },
        {
          "si": 6,
          "sti": 17,
          "dti": 111,
          "sco": 83,
          "dco": 560,
          "txt": "dam"
        },
        {
          "si": 6,
          "sti": 18,
          "dti": 112,
          "sco": 87,
          "dco": 564,
          "txt": "and"
        },
        {
          "si": 6,
          "sti": 19,
          "dti": 113,
          "sco": 91,
          "dco": 568,
          "txt": "power"
        },
        {
          "si": 6,
          "sti": 20,
          "dti": 114,
          "sco": 97,
          "dco": 574,
          "txt": "station"
        },
        {
          "si": 6,
          "sti": 21,
          "dti": 115,
          "sco": 104,
          "dco": 581,
          "txt": "."
        },
        {
          "si": 7,
          "sti": 0,
          "dti": 116,
          "sco": 0,
          "dco": 583,
          "txt": "A"
        },
        {
          "si": 7,
          "sti": 1,
          "dti": 117,
          "sco": 2,
          "dco": 585,
          "txt": "third"
        },
        {
          "si": 7,
          "sti": 2,
          "dti": 118,
          "sco": 8,
          "dco": 591,
          "txt": "of"
        },
        {
          "si": 7,
          "sti": 3,
          "dti": 119,
          "sco": 11,
          "dco": 594,
          "txt": "the"
        },
        {
          "si": 7,
          "sti": 4,
          "dti": 120,
          "sco": 15,
          "dco": 598,
          "txt": "dam"
        },
        {
          "si": 7,
          "sti": 5,
          "dti": 121,
          "sco": 18,
          "dco": 601,
          "txt": "'"
        },
        {
          "si": 7,
          "sti": 6,
          "dti": 122,
          "sco": 19,
          "dco": 602,
          "txt": "s"
        },
        {
          "si": 7,
          "sti": 7,
          "dti": 123,
          "sco": 21,
          "dco": 604,
          "txt": "US"
        },
        {
          "si": 7,
          "sti": 8,
          "dti": 124,
          "sco": 23,
          "dco": 606,
          "txt": "$"
        },
        {
          "si": 7,
          "sti": 9,
          "dti": 125,
          "sco": 24,
          "dco": 607,
          "txt": "327"
        },
        {
          "si": 7,
          "sti": 10,
          "dti": 126,
          "sco": 28,
          "dco": 611,
          "txt": "million"
        },
        {
          "si": 7,
          "sti": 11,
          "dti": 127,
          "sco": 36,
          "dco": 619,
          "txt": "cost"
        },
        {
          "si": 7,
          "sti": 12,
          "dti": 128,
          "sco": 41,
          "dco": 624,
          "txt": "was"
        },
        {
          "si": 7,
          "sti": 13,
          "dti": 129,
          "sco": 45,
          "dco": 628,
          "txt": "supplied"
        },
        {
          "si": 7,
          "sti": 14,
          "dti": 130,
          "sco": 54,
          "dco": 637,
          "txt": "by"
        },
        {
          "si": 7,
          "sti": 15,
          "dti": 131,
          "sco": 57,
          "dco": 640,
          "txt": "the"
        },
        {
          "si": 7,
          "sti": 16,
          "dti": 132,
          "sco": 61,
          "dco": 644,
          "txt": "African"
        },
        {
          "si": 7,
          "sti": 17,
          "dti": 133,
          "sco": 69,
          "dco": 652,
          "txt": "Development"
        },
        {
          "si": 7,
          "sti": 18,
          "dti": 134,
          "sco": 81,
          "dco": 664,
          "txt": "Bank"
        },
        {
          "si": 7,
          "sti": 19,
          "dti": 135,
          "sco": 85,
          "dco": 668,
          "txt": "."
        },
        {
          "si": 8,
          "sti": 0,
          "dti": 136,
          "sco": 0,
          "dco": 670,
          "txt": "Another"
        },
        {
          "si": 8,
          "sti": 1,
          "dti": 137,
          "sco": 8,
          "dco": 678,
          "txt": "phase"
        },
        {
          "si": 8,
          "sti": 2,
          "dti": 138,
          "sco": 14,
          "dco": 684,
          "txt": "of"
        },
        {
          "si": 8,
          "sti": 3,
          "dti": 139,
          "sco": 17,
          "dco": 687,
          "txt": "the"
        },
        {
          "si": 8,
          "sti": 4,
          "dti": 140,
          "sco": 21,
          "dco": 691,
          "txt": "project"
        },
        {
          "si": 8,
          "sti": 5,
          "dti": 141,
          "sco": 29,
          "dco": 699,
          "txt": "is"
        },
        {
          "si": 8,
          "sti": 6,
          "dti": 142,
          "sco": 32,
          "dco": 702,
          "txt": "planned"
        },
        {
          "si": 8,
          "sti": 7,
          "dti": 143,
          "sco": 39,
          "dco": 709,
          "txt": ","
        },
        {
          "si": 8,
          "sti": 8,
          "dti": 144,
          "sco": 41,
          "dco": 711,
          "txt": "for"
        },
        {
          "si": 8,
          "sti": 9,
          "dti": 145,
          "sco": 45,
          "dco": 715,
          "txt": "a"
        },
        {
          "si": 8,
          "sti": 10,
          "dti": 146,
          "sco": 47,
          "dco": 717,
          "txt": "power"
        },
        {
          "si": 8,
          "sti": 11,
          "dti": 147,
          "sco": 53,
          "dco": 723,
          "txt": "station"
        },
        {
          "si": 8,
          "sti": 12,
          "dti": 148,
          "sco": 60,
          "dco": 730,
          "txt": "."
        }
      ]
    },
    "ganns": {
      "dla": [],
      "la": [],
      "ea": [],
      "eta": [
        {
          "ra": {
            "ea": {
              "etn": "Bumbuna_Dam"
            }
          },
          "sfs": [
            [
              {
                "stn": "status"
              },
              {}
            ]
          ],
          "mfs": [
            [
              {
                "stn": "rivers"
              },
              {
                "dla": [],
                "la": [],
                "ea": [],
                "eta": []
              }
            ],
            [
              {
                "stn": "locations"
              },
              {
                "dla": [],
                "la": [],
                "ea": [
                  {
                    "etn": "Bumbuna"
                  }
                ],
                "eta": []
              }
            ],
            [
              {
                "stn": "openingYears"
              },
              {
                "dla": [
                  {
                    "txt": {
                      "sff": "2009"
                    },
                    "et": {
                      "etn": "Year"
                    },
                    "dp": {
                      "off": 488
                    }
                  }
                ],
                "la": [],
                "ea": [],
                "eta": []
              }
            ],
            [
              {
                "stn": "buildingStartYears"
              },
              {
                "dla": [],
                "la": [],
                "ea": [],
                "eta": []
              }
            ],
            [
              {
                "stn": "countries"
              },
              {
                "dla": [],
                "la": [],
                "ea": [
                  {
                    "etn": "Sierra_Leone"
                  }
                ],
                "eta": []
              }
            ]
          ]
        }
      ]
    }
  }
]
