[
  {
    "context": "TRAIN",
    "doc": {
      "id": "Conchas_Dam",
      "tl": [
        {
          "si": 0,
          "sti": 0,
          "dti": 0,
          "sco": 0,
          "dco": 0,
          "txt": "Conchas"
        },
        {
          "si": 0,
          "sti": 1,
          "dti": 1,
          "sco": 8,
          "dco": 8,
          "txt": "Dam"
        },
        {
          "si": 0,
          "sti": 2,
          "dti": 2,
          "sco": 11,
          "dco": 11,
          "txt": "."
        },
        {
          "si": 1,
          "sti": 0,
          "dti": 3,
          "sco": 0,
          "dco": 13,
          "txt": "Conchas"
        },
        {
          "si": 1,
          "sti": 1,
          "dti": 4,
          "sco": 8,
          "dco": 21,
          "txt": "Dam"
        },
        {
          "si": 1,
          "sti": 2,
          "dti": 5,
          "sco": 12,
          "dco": 25,
          "txt": "is"
        },
        {
          "si": 1,
          "sti": 3,
          "dti": 6,
          "sco": 15,
          "dco": 28,
          "txt": "a"
        },
        {
          "si": 1,
          "sti": 4,
          "dti": 7,
          "sco": 17,
          "dco": 30,
          "txt": "dam"
        },
        {
          "si": 1,
          "sti": 5,
          "dti": 8,
          "sco": 21,
          "dco": 34,
          "txt": "on"
        },
        {
          "si": 1,
          "sti": 6,
          "dti": 9,
          "sco": 24,
          "dco": 37,
          "txt": "the"
        },
        {
          "si": 1,
          "sti": 7,
          "dti": 10,
          "sco": 28,
          "dco": 41,
          "txt": "Canadian"
        },
        {
          "si": 1,
          "sti": 8,
          "dti": 11,
          "sco": 37,
          "dco": 50,
          "txt": "River"
        },
        {
          "si": 1,
          "sti": 9,
          "dti": 12,
          "sco": 43,
          "dco": 56,
          "txt": "in"
        },
        {
          "si": 1,
          "sti": 10,
          "dti": 13,
          "sco": 46,
          "dco": 59,
          "txt": "San"
        },
        {
          "si": 1,
          "sti": 11,
          "dti": 14,
          "sco": 50,
          "dco": 63,
          "txt": "Miguel"
        },
        {
          "si": 1,
          "sti": 12,
          "dti": 15,
          "sco": 57,
          "dco": 70,
          "txt": "County"
        },
        {
          "si": 1,
          "sti": 13,
          "dti": 16,
          "sco": 63,
          "dco": 76,
          "txt": ","
        },
        {
          "si": 1,
          "sti": 14,
          "dti": 17,
          "sco": 65,
          "dco": 78,
          "txt": "New"
        },
        {
          "si": 1,
          "sti": 15,
          "dti": 18,
          "sco": 69,
          "dco": 82,
          "txt": "Mexico"
        },
        {
          "si": 1,
          "sti": 16,
          "dti": 19,
          "sco": 76,
          "dco": 89,
          "txt": "in"
        },
        {
          "si": 1,
          "sti": 17,
          "dti": 20,
          "sco": 79,
          "dco": 92,
          "txt": "the"
        },
        {
          "si": 1,
          "sti": 18,
          "dti": 21,
          "sco": 83,
          "dco": 96,
          "txt": "United"
        },
        {
          "si": 1,
          "sti": 19,
          "dti": 22,
          "sco": 90,
          "dco": 103,
          "txt": "States"
        },
        {
          "si": 1,
          "sti": 20,
          "dti": 23,
          "sco": 96,
          "dco": 109,
          "txt": ","
        },
        {
          "si": 1,
          "sti": 21,
          "dti": 24,
          "sco": 98,
          "dco": 111,
          "txt": "about"
        },
        {
          "si": 1,
          "sti": 22,
          "dti": 25,
          "sco": 104,
          "dco": 117,
          "txt": "northeast"
        },
        {
          "si": 1,
          "sti": 23,
          "dti": 26,
          "sco": 114,
          "dco": 127,
          "txt": "of"
        },
        {
          "si": 1,
          "sti": 24,
          "dti": 27,
          "sco": 117,
          "dco": 130,
          "txt": "Santa"
        },
        {
          "si": 1,
          "sti": 25,
          "dti": 28,
          "sco": 123,
          "dco": 136,
          "txt": "Rosa"
        },
        {
          "si": 1,
          "sti": 26,
          "dti": 29,
          "sco": 127,
          "dco": 140,
          "txt": "."
        },
        {
          "si": 2,
          "sti": 0,
          "dti": 30,
          "sco": 0,
          "dco": 142,
          "txt": "Forming"
        },
        {
          "si": 2,
          "sti": 1,
          "dti": 31,
          "sco": 8,
          "dco": 150,
          "txt": "Conchas"
        },
        {
          "si": 2,
          "sti": 2,
          "dti": 32,
          "sco": 16,
          "dco": 158,
          "txt": "Lake"
        },
        {
          "si": 2,
          "sti": 3,
          "dti": 33,
          "sco": 20,
          "dco": 162,
          "txt": ","
        },
        {
          "si": 2,
          "sti": 4,
          "dti": 34,
          "sco": 22,
          "dco": 164,
          "txt": "it"
        },
        {
          "si": 2,
          "sti": 5,
          "dti": 35,
          "sco": 25,
          "dco": 167,
          "txt": "is"
        },
        {
          "si": 2,
          "sti": 6,
          "dti": 36,
          "sco": 28,
          "dco": 170,
          "txt": "a"
        },
        {
          "si": 2,
          "sti": 7,
          "dti": 37,
          "sco": 30,
          "dco": 172,
          "txt": "concrete"
        },
        {
          "si": 2,
          "sti": 8,
          "dti": 38,
          "sco": 39,
          "dco": 181,
          "txt": "gravity"
        },
        {
          "si": 2,
          "sti": 9,
          "dti": 39,
          "sco": 47,
          "dco": 189,
          "txt": "dam"
        },
        {
          "si": 2,
          "sti": 10,
          "dti": 40,
          "sco": 51,
          "dco": 193,
          "txt": "flanked"
        },
        {
          "si": 2,
          "sti": 11,
          "dti": 41,
          "sco": 59,
          "dco": 201,
          "txt": "by"
        },
        {
          "si": 2,
          "sti": 12,
          "dti": 42,
          "sco": 62,
          "dco": 204,
          "txt": "earthen"
        },
        {
          "si": 2,
          "sti": 13,
          "dti": 43,
          "sco": 70,
          "dco": 212,
          "txt": "wing"
        },
        {
          "si": 2,
          "sti": 14,
          "dti": 44,
          "sco": 75,
          "dco": 217,
          "txt": "dikes"
        },
        {
          "si": 2,
          "sti": 15,
          "dti": 45,
          "sco": 80,
          "dco": 222,
          "txt": ","
        },
        {
          "si": 2,
          "sti": 16,
          "dti": 46,
          "sco": 82,
          "dco": 224,
          "txt": "standing"
        },
        {
          "si": 2,
          "sti": 17,
          "dti": 47,
          "sco": 91,
          "dco": 233,
          "txt": "high"
        },
        {
          "si": 2,
          "sti": 18,
          "dti": 48,
          "sco": 96,
          "dco": 238,
          "txt": "with"
        },
        {
          "si": 2,
          "sti": 19,
          "dti": 49,
          "sco": 101,
          "dco": 243,
          "txt": "a"
        },
        {
          "si": 2,
          "sti": 20,
          "dti": 50,
          "sco": 103,
          "dco": 245,
          "txt": "total"
        },
        {
          "si": 2,
          "sti": 21,
          "dti": 51,
          "sco": 109,
          "dco": 251,
          "txt": "length"
        },
        {
          "si": 2,
          "sti": 22,
          "dti": 52,
          "sco": 116,
          "dco": 258,
          "txt": "of"
        },
        {
          "si": 2,
          "sti": 23,
          "dti": 53,
          "sco": 118,
          "dco": 260,
          "txt": "."
        },
        {
          "si": 3,
          "sti": 0,
          "dti": 54,
          "sco": 0,
          "dco": 262,
          "txt": "The"
        },
        {
          "si": 3,
          "sti": 1,
          "dti": 55,
          "sco": 4,
          "dco": 266,
          "txt": "dam"
        },
        {
          "si": 3,
          "sti": 2,
          "dti": 56,
          "sco": 8,
          "dco": 270,
          "txt": "serves"
        },
        {
          "si": 3,
          "sti": 3,
          "dti": 57,
          "sco": 15,
          "dco": 277,
          "txt": "mainly"
        },
        {
          "si": 3,
          "sti": 4,
          "dti": 58,
          "sco": 22,
          "dco": 284,
          "txt": "for"
        },
        {
          "si": 3,
          "sti": 5,
          "dti": 59,
          "sco": 26,
          "dco": 288,
          "txt": "irrigation"
        },
        {
          "si": 3,
          "sti": 6,
          "dti": 60,
          "sco": 37,
          "dco": 299,
          "txt": "water"
        },
        {
          "si": 3,
          "sti": 7,
          "dti": 61,
          "sco": 43,
          "dco": 305,
          "txt": "supply"
        },
        {
          "si": 3,
          "sti": 8,
          "dti": 62,
          "sco": 50,
          "dco": 312,
          "txt": "and"
        },
        {
          "si": 3,
          "sti": 9,
          "dti": 63,
          "sco": 54,
          "dco": 316,
          "txt": "flood"
        },
        {
          "si": 3,
          "sti": 10,
          "dti": 64,
          "sco": 60,
          "dco": 322,
          "txt": "control"
        },
        {
          "si": 3,
          "sti": 11,
          "dti": 65,
          "sco": 68,
          "dco": 330,
          "txt": "and"
        },
        {
          "si": 3,
          "sti": 12,
          "dti": 66,
          "sco": 72,
          "dco": 334,
          "txt": "is"
        },
        {
          "si": 3,
          "sti": 13,
          "dti": 67,
          "sco": 75,
          "dco": 337,
          "txt": "operated"
        },
        {
          "si": 3,
          "sti": 14,
          "dti": 68,
          "sco": 84,
          "dco": 346,
          "txt": "by"
        },
        {
          "si": 3,
          "sti": 15,
          "dti": 69,
          "sco": 87,
          "dco": 349,
          "txt": "the"
        },
        {
          "si": 3,
          "sti": 16,
          "dti": 70,
          "sco": 91,
          "dco": 353,
          "txt": "U"
        },
        {
          "si": 3,
          "sti": 17,
          "dti": 71,
          "sco": 92,
          "dco": 354,
          "txt": "."
        },
        {
          "si": 3,
          "sti": 18,
          "dti": 72,
          "sco": 93,
          "dco": 355,
          "txt": "S"
        },
        {
          "si": 3,
          "sti": 19,
          "dti": 73,
          "sco": 94,
          "dco": 356,
          "txt": "."
        },
        {
          "si": 4,
          "sti": 0,
          "dti": 74,
          "sco": 0,
          "dco": 358,
          "txt": "Army"
        },
        {
          "si": 4,
          "sti": 1,
          "dti": 75,
          "sco": 5,
          "dco": 363,
          "txt": "Corps"
        },
        {
          "si": 4,
          "sti": 2,
          "dti": 76,
          "sco": 11,
          "dco": 369,
          "txt": "of"
        },
        {
          "si": 4,
          "sti": 3,
          "dti": 77,
          "sco": 14,
          "dco": 372,
          "txt": "Engineers"
        },
        {
          "si": 4,
          "sti": 4,
          "dti": 78,
          "sco": 23,
          "dco": 381,
          "txt": "."
        },
        {
          "si": 5,
          "sti": 0,
          "dti": 79,
          "sco": 0,
          "dco": 383,
          "txt": "First"
        },
        {
          "si": 5,
          "sti": 1,
          "dti": 80,
          "sco": 6,
          "dco": 389,
          "txt": "proposed"
        },
        {
          "si": 5,
          "sti": 2,
          "dti": 81,
          "sco": 15,
          "dco": 398,
          "txt": "in"
        },
        {
          "si": 5,
          "sti": 3,
          "dti": 82,
          "sco": 18,
          "dco": 401,
          "txt": "the"
        },
        {
          "si": 5,
          "sti": 4,
          "dti": 83,
          "sco": 22,
          "dco": 405,
          "txt": "early"
        },
        {
          "si": 5,
          "sti": 5,
          "dti": 84,
          "sco": 28,
          "dco": 411,
          "txt": "1930"
        },
        {
          "si": 5,
          "sti": 6,
          "dti": 85,
          "sco": 32,
          "dco": 415,
          "txt": "s"
        },
        {
          "si": 5,
          "sti": 7,
          "dti": 86,
          "sco": 33,
          "dco": 416,
          "txt": ","
        },
        {
          "si": 5,
          "sti": 8,
          "dti": 87,
          "sco": 35,
          "dco": 418,
          "txt": "the"
        },
        {
          "si": 5,
          "sti": 9,
          "dti": 88,
          "sco": 39,
          "dco": 422,
          "txt": "dam"
        },
        {
          "si": 5,
          "sti": 10,
          "dti": 89,
          "sco": 43,
          "dco": 426,
          "txt": "was"
        },
        {
          "si": 5,
          "sti": 11,
          "dti": 90,
          "sco": 47,
          "dco": 430,
          "txt": "initially"
        },
        {
          "si": 5,
          "sti": 12,
          "dti": 91,
          "sco": 57,
          "dco": 440,
          "txt": "rejected"
        },
        {
          "si": 5,
          "sti": 13,
          "dti": 92,
          "sco": 66,
          "dco": 449,
          "txt": "because"
        },
        {
          "si": 5,
          "sti": 14,
          "dti": 93,
          "sco": 74,
          "dco": 457,
          "txt": "of"
        },
        {
          "si": 5,
          "sti": 15,
          "dti": 94,
          "sco": 77,
          "dco": 460,
          "txt": "its"
        },
        {
          "si": 5,
          "sti": 16,
          "dti": 95,
          "sco": 81,
          "dco": 464,
          "txt": "remote"
        },
        {
          "si": 5,
          "sti": 17,
          "dti": 96,
          "sco": 88,
          "dco": 471,
          "txt": "site"
        },
        {
          "si": 5,
          "sti": 18,
          "dti": 97,
          "sco": 93,
          "dco": 476,
          "txt": "and"
        },
        {
          "si": 5,
          "sti": 19,
          "dti": 98,
          "sco": 97,
          "dco": 480,
          "txt": "Depression"
        },
        {
          "si": 5,
          "sti": 20,
          "dti": 99,
          "sco": 108,
          "dco": 491,
          "txt": "conditions"
        },
        {
          "si": 5,
          "sti": 21,
          "dti": 100,
          "sco": 119,
          "dco": 502,
          "txt": "in"
        },
        {
          "si": 5,
          "sti": 22,
          "dti": 101,
          "sco": 122,
          "dco": 505,
          "txt": "New"
        },
        {
          "si": 5,
          "sti": 23,
          "dti": 102,
          "sco": 126,
          "dco": 509,
          "txt": "Mexico"
        },
        {
          "si": 5,
          "sti": 24,
          "dti": 103,
          "sco": 132,
          "dco": 515,
          "txt": "."
        },
        {
          "si": 6,
          "sti": 0,
          "dti": 104,
          "sco": 0,
          "dco": 517,
          "txt": "However"
        },
        {
          "si": 6,
          "sti": 1,
          "dti": 105,
          "sco": 7,
          "dco": 524,
          "txt": ","
        },
        {
          "si": 6,
          "sti": 2,
          "dti": 106,
          "sco": 9,
          "dco": 526,
          "txt": "the"
        },
        {
          "si": 6,
          "sti": 3,
          "dti": 107,
          "sco": 13,
          "dco": 530,
          "txt": "dam"
        },
        {
          "si": 6,
          "sti": 4,
          "dti": 108,
          "sco": 17,
          "dco": 534,
          "txt": "was"
        },
        {
          "si": 6,
          "sti": 5,
          "dti": 109,
          "sco": 21,
          "dco": 538,
          "txt": "made"
        },
        {
          "si": 6,
          "sti": 6,
          "dti": 110,
          "sco": 26,
          "dco": 543,
          "txt": "a"
        },
        {
          "si": 6,
          "sti": 7,
          "dti": 111,
          "sco": 28,
          "dco": 545,
          "txt": "possibility"
        },
        {
          "si": 6,
          "sti": 8,
          "dti": 112,
          "sco": 40,
          "dco": 557,
          "txt": "in"
        },
        {
          "si": 6,
          "sti": 9,
          "dti": 113,
          "sco": 43,
          "dco": 560,
          "txt": "1935"
        },
        {
          "si": 6,
          "sti": 10,
          "dti": 114,
          "sco": 48,
          "dco": 565,
          "txt": "with"
        },
        {
          "si": 6,
          "sti": 11,
          "dti": 115,
          "sco": 53,
          "dco": 570,
          "txt": "the"
        },
        {
          "si": 6,
          "sti": 12,
          "dti": 116,
          "sco": 57,
          "dco": 574,
          "txt": "passage"
        },
        {
          "si": 6,
          "sti": 13,
          "dti": 117,
          "sco": 65,
          "dco": 582,
          "txt": "of"
        },
        {
          "si": 6,
          "sti": 14,
          "dti": 118,
          "sco": 68,
          "dco": 585,
          "txt": "the"
        },
        {
          "si": 6,
          "sti": 15,
          "dti": 119,
          "sco": 72,
          "dco": 589,
          "txt": "Emergency"
        },
        {
          "si": 6,
          "sti": 16,
          "dti": 120,
          "sco": 82,
          "dco": 599,
          "txt": "Relief"
        },
        {
          "si": 6,
          "sti": 17,
          "dti": 121,
          "sco": 89,
          "dco": 606,
          "txt": "Appropriation"
        },
        {
          "si": 6,
          "sti": 18,
          "dti": 122,
          "sco": 103,
          "dco": 620,
          "txt": "Act"
        },
        {
          "si": 6,
          "sti": 19,
          "dti": 123,
          "sco": 106,
          "dco": 623,
          "txt": ","
        },
        {
          "si": 6,
          "sti": 20,
          "dti": 124,
          "sco": 108,
          "dco": 625,
          "txt": "which"
        },
        {
          "si": 6,
          "sti": 21,
          "dti": 125,
          "sco": 114,
          "dco": 631,
          "txt": "authorized"
        },
        {
          "si": 6,
          "sti": 22,
          "dti": 126,
          "sco": 125,
          "dco": 642,
          "txt": "several"
        },
        {
          "si": 6,
          "sti": 23,
          "dti": 127,
          "sco": 133,
          "dco": 650,
          "txt": "public"
        },
        {
          "si": 6,
          "sti": 24,
          "dti": 128,
          "sco": 140,
          "dco": 657,
          "txt": "works"
        },
        {
          "si": 6,
          "sti": 25,
          "dti": 129,
          "sco": 146,
          "dco": 663,
          "txt": "projects"
        },
        {
          "si": 6,
          "sti": 26,
          "dti": 130,
          "sco": 155,
          "dco": 672,
          "txt": "in"
        },
        {
          "si": 6,
          "sti": 27,
          "dti": 131,
          "sco": 158,
          "dco": 675,
          "txt": "New"
        },
        {
          "si": 6,
          "sti": 28,
          "dti": 132,
          "sco": 162,
          "dco": 679,
          "txt": "Mexico"
        },
        {
          "si": 6,
          "sti": 29,
          "dti": 133,
          "sco": 169,
          "dco": 686,
          "txt": "to"
        },
        {
          "si": 6,
          "sti": 30,
          "dti": 134,
          "sco": 172,
          "dco": 689,
          "txt": "provide"
        },
        {
          "si": 6,
          "sti": 31,
          "dti": 135,
          "sco": 180,
          "dco": 697,
          "txt": "relief"
        },
        {
          "si": 6,
          "sti": 32,
          "dti": 136,
          "sco": 187,
          "dco": 704,
          "txt": "to"
        },
        {
          "si": 6,
          "sti": 33,
          "dti": 137,
          "sco": 190,
          "dco": 707,
          "txt": "unemployment"
        },
        {
          "si": 6,
          "sti": 34,
          "dti": 138,
          "sco": 202,
          "dco": 719,
          "txt": "."
        },
        {
          "si": 7,
          "sti": 0,
          "dti": 139,
          "sco": 0,
          "dco": 721,
          "txt": "Initial"
        },
        {
          "si": 7,
          "sti": 1,
          "dti": 140,
          "sco": 8,
          "dco": 729,
          "txt": "site"
        },
        {
          "si": 7,
          "sti": 2,
          "dti": 141,
          "sco": 13,
          "dco": 734,
          "txt": "work"
        },
        {
          "si": 7,
          "sti": 3,
          "dti": 142,
          "sco": 18,
          "dco": 739,
          "txt": "began"
        },
        {
          "si": 7,
          "sti": 4,
          "dti": 143,
          "sco": 24,
          "dco": 745,
          "txt": "in"
        },
        {
          "si": 7,
          "sti": 5,
          "dti": 144,
          "sco": 27,
          "dco": 748,
          "txt": "1935"
        },
        {
          "si": 7,
          "sti": 6,
          "dti": 145,
          "sco": 32,
          "dco": 753,
          "txt": "with"
        },
        {
          "si": 7,
          "sti": 7,
          "dti": 146,
          "sco": 37,
          "dco": 758,
          "txt": "construction"
        },
        {
          "si": 7,
          "sti": 8,
          "dti": 147,
          "sco": 50,
          "dco": 771,
          "txt": "on"
        },
        {
          "si": 7,
          "sti": 9,
          "dti": 148,
          "sco": 53,
          "dco": 774,
          "txt": "the"
        },
        {
          "si": 7,
          "sti": 10,
          "dti": 149,
          "sco": 57,
          "dco": 778,
          "txt": "actual"
        },
        {
          "si": 7,
          "sti": 11,
          "dti": 150,
          "sco": 64,
          "dco": 785,
          "txt": "dam"
        },
        {
          "si": 7,
          "sti": 12,
          "dti": 151,
          "sco": 68,
          "dco": 789,
          "txt": "starting"
        },
        {
          "si": 7,
          "sti": 13,
          "dti": 152,
          "sco": 77,
          "dco": 798,
          "txt": "in"
        },
        {
          "si": 7,
          "sti": 14,
          "dti": 153,
          "sco": 80,
          "dco": 801,
          "txt": "1936"
        },
        {
          "si": 7,
          "sti": 15,
          "dti": 154,
          "sco": 84,
          "dco": 805,
          "txt": "."
        },
        {
          "si": 8,
          "sti": 0,
          "dti": 155,
          "sco": 0,
          "dco": 807,
          "txt": "In"
        },
        {
          "si": 8,
          "sti": 1,
          "dti": 156,
          "sco": 3,
          "dco": 810,
          "txt": "1939"
        },
        {
          "si": 8,
          "sti": 2,
          "dti": 157,
          "sco": 8,
          "dco": 815,
          "txt": "construction"
        },
        {
          "si": 8,
          "sti": 3,
          "dti": 158,
          "sco": 21,
          "dco": 828,
          "txt": "was"
        },
        {
          "si": 8,
          "sti": 4,
          "dti": 159,
          "sco": 25,
          "dco": 832,
          "txt": "completed"
        },
        {
          "si": 8,
          "sti": 5,
          "dti": 160,
          "sco": 35,
          "dco": 842,
          "txt": "at"
        },
        {
          "si": 8,
          "sti": 6,
          "dti": 161,
          "sco": 38,
          "dco": 845,
          "txt": "a"
        },
        {
          "si": 8,
          "sti": 7,
          "dti": 162,
          "sco": 40,
          "dco": 847,
          "txt": "cost"
        },
        {
          "si": 8,
          "sti": 8,
          "dti": 163,
          "sco": 45,
          "dco": 852,
          "txt": "of"
        },
        {
          "si": 8,
          "sti": 9,
          "dti": 164,
          "sco": 48,
          "dco": 855,
          "txt": "$"
        },
        {
          "si": 8,
          "sti": 10,
          "dti": 165,
          "sco": 49,
          "dco": 856,
          "txt": "15"
        },
        {
          "si": 8,
          "sti": 11,
          "dti": 166,
          "sco": 51,
          "dco": 858,
          "txt": "."
        },
        {
          "si": 8,
          "sti": 12,
          "dti": 167,
          "sco": 52,
          "dco": 859,
          "txt": "8"
        },
        {
          "si": 8,
          "sti": 13,
          "dti": 168,
          "sco": 54,
          "dco": 861,
          "txt": "million"
        },
        {
          "si": 8,
          "sti": 14,
          "dti": 169,
          "sco": 61,
          "dco": 868,
          "txt": "."
        },
        {
          "si": 9,
          "sti": 0,
          "dti": 170,
          "sco": 0,
          "dco": 870,
          "txt": "Conchas"
        },
        {
          "si": 9,
          "sti": 1,
          "dti": 171,
          "sco": 8,
          "dco": 878,
          "txt": "Dam"
        },
        {
          "si": 9,
          "sti": 2,
          "dti": 172,
          "sco": 12,
          "dco": 882,
          "txt": "holds"
        },
        {
          "si": 9,
          "sti": 3,
          "dti": 173,
          "sco": 18,
          "dco": 888,
          "txt": "back"
        },
        {
          "si": 9,
          "sti": 4,
          "dti": 174,
          "sco": 23,
          "dco": 893,
          "txt": "a"
        },
        {
          "si": 9,
          "sti": 5,
          "dti": 175,
          "sco": 25,
          "dco": 895,
          "txt": "permanent"
        },
        {
          "si": 9,
          "sti": 6,
          "dti": 176,
          "sco": 35,
          "dco": 905,
          "txt": "pool"
        },
        {
          "si": 9,
          "sti": 7,
          "dti": 177,
          "sco": 40,
          "dco": 910,
          "txt": "of"
        },
        {
          "si": 9,
          "sti": 8,
          "dti": 178,
          "sco": 42,
          "dco": 912,
          "txt": ","
        },
        {
          "si": 9,
          "sti": 9,
          "dti": 179,
          "sco": 44,
          "dco": 914,
          "txt": "with"
        },
        {
          "si": 9,
          "sti": 10,
          "dti": 180,
          "sco": 49,
          "dco": 919,
          "txt": "a"
        },
        {
          "si": 9,
          "sti": 11,
          "dti": 181,
          "sco": 51,
          "dco": 921,
          "txt": "maximum"
        },
        {
          "si": 9,
          "sti": 12,
          "dti": 182,
          "sco": 59,
          "dco": 929,
          "txt": "flood"
        },
        {
          "si": 9,
          "sti": 13,
          "dti": 183,
          "sco": 64,
          "dco": 934,
          "txt": "-"
        },
        {
          "si": 9,
          "sti": 14,
          "dti": 184,
          "sco": 65,
          "dco": 935,
          "txt": "control"
        },
        {
          "si": 9,
          "sti": 15,
          "dti": 185,
          "sco": 73,
          "dco": 943,
          "txt": "capacity"
        },
        {
          "si": 9,
          "sti": 16,
          "dti": 186,
          "sco": 82,
          "dco": 952,
          "txt": "of"
        },
        {
          "si": 9,
          "sti": 17,
          "dti": 187,
          "sco": 84,
          "dco": 954,
          "txt": "."
        },
        {
          "si": 10,
          "sti": 0,
          "dti": 188,
          "sco": 0,
          "dco": 956,
          "txt": "At"
        },
        {
          "si": 10,
          "sti": 1,
          "dti": 189,
          "sco": 3,
          "dco": 959,
          "txt": "normal"
        },
        {
          "si": 10,
          "sti": 2,
          "dti": 190,
          "sco": 10,
          "dco": 966,
          "txt": "water"
        },
        {
          "si": 10,
          "sti": 3,
          "dti": 191,
          "sco": 16,
          "dco": 972,
          "txt": "levels"
        },
        {
          "si": 10,
          "sti": 4,
          "dti": 192,
          "sco": 23,
          "dco": 979,
          "txt": "the"
        },
        {
          "si": 10,
          "sti": 5,
          "dti": 193,
          "sco": 27,
          "dco": 983,
          "txt": "reservoir"
        },
        {
          "si": 10,
          "sti": 6,
          "dti": 194,
          "sco": 37,
          "dco": 993,
          "txt": "has"
        },
        {
          "si": 10,
          "sti": 7,
          "dti": 195,
          "sco": 41,
          "dco": 997,
          "txt": "a"
        },
        {
          "si": 10,
          "sti": 8,
          "dti": 196,
          "sco": 43,
          "dco": 999,
          "txt": "surface"
        },
        {
          "si": 10,
          "sti": 9,
          "dti": 197,
          "sco": 51,
          "dco": 1007,
          "txt": "area"
        },
        {
          "si": 10,
          "sti": 10,
          "dti": 198,
          "sco": 56,
          "dco": 1012,
          "txt": "of"
        },
        {
          "si": 10,
          "sti": 11,
          "dti": 199,
          "sco": 58,
          "dco": 1014,
          "txt": ","
        },
        {
          "si": 10,
          "sti": 12,
          "dti": 200,
          "sco": 60,
          "dco": 1016,
          "txt": "increasing"
        },
        {
          "si": 10,
          "sti": 13,
          "dti": 201,
          "sco": 71,
          "dco": 1027,
          "txt": "to"
        },
        {
          "si": 10,
          "sti": 14,
          "dti": 202,
          "sco": 74,
          "dco": 1030,
          "txt": "at"
        },
        {
          "si": 10,
          "sti": 15,
          "dti": 203,
          "sco": 77,
          "dco": 1033,
          "txt": "full"
        },
        {
          "si": 10,
          "sti": 16,
          "dti": 204,
          "sco": 82,
          "dco": 1038,
          "txt": "pool"
        },
        {
          "si": 10,
          "sti": 17,
          "dti": 205,
          "sco": 86,
          "dco": 1042,
          "txt": "."
        },
        {
          "si": 11,
          "sti": 0,
          "dti": 206,
          "sco": 0,
          "dco": 1044,
          "txt": "The"
        },
        {
          "si": 11,
          "sti": 1,
          "dti": 207,
          "sco": 4,
          "dco": 1048,
          "txt": "dam"
        },
        {
          "si": 11,
          "sti": 2,
          "dti": 208,
          "sco": 8,
          "dco": 1052,
          "txt": "and"
        },
        {
          "si": 11,
          "sti": 3,
          "dti": 209,
          "sco": 12,
          "dco": 1056,
          "txt": "reservoir"
        },
        {
          "si": 11,
          "sti": 4,
          "dti": 210,
          "sco": 22,
          "dco": 1066,
          "txt": "are"
        },
        {
          "si": 11,
          "sti": 5,
          "dti": 211,
          "sco": 26,
          "dco": 1070,
          "txt": "the"
        },
        {
          "si": 11,
          "sti": 6,
          "dti": 212,
          "sco": 30,
          "dco": 1074,
          "txt": "primary"
        },
        {
          "si": 11,
          "sti": 7,
          "dti": 213,
          "sco": 38,
          "dco": 1082,
          "txt": "feature"
        },
        {
          "si": 11,
          "sti": 8,
          "dti": 214,
          "sco": 46,
          "dco": 1090,
          "txt": "of"
        },
        {
          "si": 11,
          "sti": 9,
          "dti": 215,
          "sco": 49,
          "dco": 1093,
          "txt": "the"
        },
        {
          "si": 11,
          "sti": 10,
          "dti": 216,
          "sco": 53,
          "dco": 1097,
          "txt": "Tucumcari"
        },
        {
          "si": 11,
          "sti": 11,
          "dti": 217,
          "sco": 63,
          "dco": 1107,
          "txt": "Irrigation"
        },
        {
          "si": 11,
          "sti": 12,
          "dti": 218,
          "sco": 74,
          "dco": 1118,
          "txt": "Project"
        },
        {
          "si": 11,
          "sti": 13,
          "dti": 219,
          "sco": 81,
          "dco": 1125,
          "txt": "."
        },
        {
          "si": 12,
          "sti": 0,
          "dti": 220,
          "sco": 0,
          "dco": 1127,
          "txt": "Water"
        },
        {
          "si": 12,
          "sti": 1,
          "dti": 221,
          "sco": 6,
          "dco": 1133,
          "txt": "released"
        },
        {
          "si": 12,
          "sti": 2,
          "dti": 222,
          "sco": 15,
          "dco": 1142,
          "txt": "from"
        },
        {
          "si": 12,
          "sti": 3,
          "dti": 223,
          "sco": 20,
          "dco": 1147,
          "txt": "the"
        },
        {
          "si": 12,
          "sti": 4,
          "dti": 224,
          "sco": 24,
          "dco": 1151,
          "txt": "dam"
        },
        {
          "si": 12,
          "sti": 5,
          "dti": 225,
          "sco": 28,
          "dco": 1155,
          "txt": "is"
        },
        {
          "si": 12,
          "sti": 6,
          "dti": 226,
          "sco": 31,
          "dco": 1158,
          "txt": "diverted"
        },
        {
          "si": 12,
          "sti": 7,
          "dti": 227,
          "sco": 40,
          "dco": 1167,
          "txt": "into"
        },
        {
          "si": 12,
          "sti": 8,
          "dti": 228,
          "sco": 45,
          "dco": 1172,
          "txt": "of"
        },
        {
          "si": 12,
          "sti": 9,
          "dti": 229,
          "sco": 48,
          "dco": 1175,
          "txt": "canals"
        },
        {
          "si": 12,
          "sti": 10,
          "dti": 230,
          "sco": 55,
          "dco": 1182,
          "txt": "which"
        },
        {
          "si": 12,
          "sti": 11,
          "dti": 231,
          "sco": 61,
          "dco": 1188,
          "txt": "irrigate"
        },
        {
          "si": 12,
          "sti": 12,
          "dti": 232,
          "sco": 70,
          "dco": 1197,
          "txt": "of"
        },
        {
          "si": 12,
          "sti": 13,
          "dti": 233,
          "sco": 73,
          "dco": 1200,
          "txt": "land"
        },
        {
          "si": 12,
          "sti": 14,
          "dti": 234,
          "sco": 78,
          "dco": 1205,
          "txt": "in"
        },
        {
          "si": 12,
          "sti": 15,
          "dti": 235,
          "sco": 81,
          "dco": 1208,
          "txt": "the"
        },
        {
          "si": 12,
          "sti": 16,
          "dti": 236,
          "sco": 85,
          "dco": 1212,
          "txt": "Canadian"
        },
        {
          "si": 12,
          "sti": 17,
          "dti": 237,
          "sco": 94,
          "dco": 1221,
          "txt": "River"
        },
        {
          "si": 12,
          "sti": 18,
          "dti": 238,
          "sco": 100,
          "dco": 1227,
          "txt": "valley"
        },
        {
          "si": 12,
          "sti": 19,
          "dti": 239,
          "sco": 106,
          "dco": 1233,
          "txt": "."
        },
        {
          "si": 13,
          "sti": 0,
          "dti": 240,
          "sco": 0,
          "dco": 1235,
          "txt": "The"
        },
        {
          "si": 13,
          "sti": 1,
          "dti": 241,
          "sco": 4,
          "dco": 1239,
          "txt": "irrigation"
        },
        {
          "si": 13,
          "sti": 2,
          "dti": 242,
          "sco": 15,
          "dco": 1250,
          "txt": "works"
        },
        {
          "si": 13,
          "sti": 3,
          "dti": 243,
          "sco": 21,
          "dco": 1256,
          "txt": "were"
        },
        {
          "si": 13,
          "sti": 4,
          "dti": 244,
          "sco": 26,
          "dco": 1261,
          "txt": "built"
        },
        {
          "si": 13,
          "sti": 5,
          "dti": 245,
          "sco": 32,
          "dco": 1267,
          "txt": "by"
        },
        {
          "si": 13,
          "sti": 6,
          "dti": 246,
          "sco": 35,
          "dco": 1270,
          "txt": "the"
        },
        {
          "si": 13,
          "sti": 7,
          "dti": 247,
          "sco": 39,
          "dco": 1274,
          "txt": "U"
        },
        {
          "si": 13,
          "sti": 8,
          "dti": 248,
          "sco": 40,
          "dco": 1275,
          "txt": "."
        },
        {
          "si": 13,
          "sti": 9,
          "dti": 249,
          "sco": 41,
          "dco": 1276,
          "txt": "S"
        },
        {
          "si": 13,
          "sti": 10,
          "dti": 250,
          "sco": 42,
          "dco": 1277,
          "txt": "."
        },
        {
          "si": 14,
          "sti": 0,
          "dti": 251,
          "sco": 0,
          "dco": 1279,
          "txt": "Bureau"
        },
        {
          "si": 14,
          "sti": 1,
          "dti": 252,
          "sco": 7,
          "dco": 1286,
          "txt": "of"
        },
        {
          "si": 14,
          "sti": 2,
          "dti": 253,
          "sco": 10,
          "dco": 1289,
          "txt": "Reclamation"
        },
        {
          "si": 14,
          "sti": 3,
          "dti": 254,
          "sco": 22,
          "dco": 1301,
          "txt": "from"
        },
        {
          "si": 14,
          "sti": 4,
          "dti": 255,
          "sco": 27,
          "dco": 1306,
          "txt": "1940"
        },
        {
          "si": 14,
          "sti": 5,
          "dti": 256,
          "sco": 31,
          "dco": 1310,
          "txt": "–"
        },
        {
          "si": 14,
          "sti": 6,
          "dti": 257,
          "sco": 32,
          "dco": 1311,
          "txt": "1942"
        },
        {
          "si": 14,
          "sti": 7,
          "dti": 258,
          "sco": 37,
          "dco": 1316,
          "txt": "and"
        },
        {
          "si": 14,
          "sti": 8,
          "dti": 259,
          "sco": 41,
          "dco": 1320,
          "txt": "were"
        },
        {
          "si": 14,
          "sti": 9,
          "dti": 260,
          "sco": 46,
          "dco": 1325,
          "txt": "turned"
        },
        {
          "si": 14,
          "sti": 10,
          "dti": 261,
          "sco": 53,
          "dco": 1332,
          "txt": "over"
        },
        {
          "si": 14,
          "sti": 11,
          "dti": 262,
          "sco": 58,
          "dco": 1337,
          "txt": "to"
        },
        {
          "si": 14,
          "sti": 12,
          "dti": 263,
          "sco": 61,
          "dco": 1340,
          "txt": "the"
        },
        {
          "si": 14,
          "sti": 13,
          "dti": 264,
          "sco": 65,
          "dco": 1344,
          "txt": "Arch"
        },
        {
          "si": 14,
          "sti": 14,
          "dti": 265,
          "sco": 70,
          "dco": 1349,
          "txt": "Hurley"
        },
        {
          "si": 14,
          "sti": 15,
          "dti": 266,
          "sco": 77,
          "dco": 1356,
          "txt": "Conservancy"
        },
        {
          "si": 14,
          "sti": 16,
          "dti": 267,
          "sco": 89,
          "dco": 1368,
          "txt": "District"
        },
        {
          "si": 14,
          "sti": 17,
          "dti": 268,
          "sco": 98,
          "dco": 1377,
          "txt": "in"
        },
        {
          "si": 14,
          "sti": 18,
          "dti": 269,
          "sco": 101,
          "dco": 1380,
          "txt": "1954"
        },
        {
          "si": 14,
          "sti": 19,
          "dti": 270,
          "sco": 105,
          "dco": 1384,
          "txt": "."
        }
      ]
    },
    "ganns": {
      "dla": [],
      "la": [],
      "ea": [],
      "eta": [
        {
          "ra": {
            "ea": {
              "etn": "Conchas_Dam"
            }
          },
          "sfs": [
            [
              {
                "stn": "status"
              },
              {}
            ]
          ],
          "mfs": [
            [
              {
                "stn": "rivers"
              },
              {
                "dla": [],
                "la": [],
                "ea": [
                  {
                    "etn": "Canadian_River"
                  }
                ],
                "eta": []
              }
            ],
            [
              {
                "stn": "locations"
              },
              {
                "dla": [],
                "la": [],
                "ea": [
                  {
                    "etn": "New_Mexico"
                  },
                  {
                    "etn": "San_Miguel_County,_New_Mexico"
                  }
                ],
                "eta": []
              }
            ],
            [
              {
                "stn": "openingYears"
              },
              {
                "dla": [
                  {
                    "txt": {
                      "sff": "1939"
                    },
                    "et": {
                      "etn": "Year"
                    },
                    "dp": {
                      "off": 810
                    }
                  }
                ],
                "la": [],
                "ea": [],
                "eta": []
              }
            ],
            [
              {
                "stn": "buildingStartYears"
              },
              {
                "dla": [
                  {
                    "txt": {
                      "sff": "1935"
                    },
                    "et": {
                      "etn": "Year"
                    },
                    "dp": {
                      "off": 560
                    }
                  }
                ],
                "la": [],
                "ea": [],
                "eta": []
              }
            ],
            [
              {
                "stn": "countries"
              },
              {
                "dla": [],
                "la": [],
                "ea": [
                  {
                    "etn": "United_States"
                  }
                ],
                "eta": []
              }
            ]
          ]
        }
      ]
    }
  }
]
