[
  {
    "context": "DEVELOPMENT",
    "doc": {
      "id": "Fukuji_Dam",
      "tl": [
        {
          "si": 0,
          "sti": 0,
          "dti": 0,
          "sco": 0,
          "dco": 0,
          "txt": "Fukuji"
        },
        {
          "si": 0,
          "sti": 1,
          "dti": 1,
          "sco": 7,
          "dco": 7,
          "txt": "Dam"
        },
        {
          "si": 0,
          "sti": 2,
          "dti": 2,
          "sco": 10,
          "dco": 10,
          "txt": "."
        },
        {
          "si": 1,
          "sti": 0,
          "dti": 3,
          "sco": 0,
          "dco": 12,
          "txt": "The"
        },
        {
          "si": 1,
          "sti": 1,
          "dti": 4,
          "sco": 4,
          "dco": 16,
          "txt": "or"
        },
        {
          "si": 1,
          "sti": 2,
          "dti": 5,
          "sco": 7,
          "dco": 19,
          "txt": "Fukuchi"
        },
        {
          "si": 1,
          "sti": 3,
          "dti": 6,
          "sco": 15,
          "dco": 27,
          "txt": "Dam"
        },
        {
          "si": 1,
          "sti": 4,
          "dti": 7,
          "sco": 19,
          "dco": 31,
          "txt": "is"
        },
        {
          "si": 1,
          "sti": 5,
          "dti": 8,
          "sco": 22,
          "dco": 34,
          "txt": "a"
        },
        {
          "si": 1,
          "sti": 6,
          "dti": 9,
          "sco": 24,
          "dco": 36,
          "txt": "rock"
        },
        {
          "si": 1,
          "sti": 7,
          "dti": 10,
          "sco": 28,
          "dco": 40,
          "txt": "-"
        },
        {
          "si": 1,
          "sti": 8,
          "dti": 11,
          "sco": 29,
          "dco": 41,
          "txt": "fill"
        },
        {
          "si": 1,
          "sti": 9,
          "dti": 12,
          "sco": 34,
          "dco": 46,
          "txt": "embankment"
        },
        {
          "si": 1,
          "sti": 10,
          "dti": 13,
          "sco": 45,
          "dco": 57,
          "txt": "dam"
        },
        {
          "si": 1,
          "sti": 11,
          "dti": 14,
          "sco": 49,
          "dco": 61,
          "txt": "on"
        },
        {
          "si": 1,
          "sti": 12,
          "dti": 15,
          "sco": 52,
          "dco": 64,
          "txt": "the"
        },
        {
          "si": 1,
          "sti": 13,
          "dti": 16,
          "sco": 56,
          "dco": 68,
          "txt": "Fukuchi"
        },
        {
          "si": 1,
          "sti": 14,
          "dti": 17,
          "sco": 64,
          "dco": 76,
          "txt": "River"
        },
        {
          "si": 1,
          "sti": 15,
          "dti": 18,
          "sco": 70,
          "dco": 82,
          "txt": "northeast"
        },
        {
          "si": 1,
          "sti": 16,
          "dti": 19,
          "sco": 80,
          "dco": 92,
          "txt": "of"
        },
        {
          "si": 1,
          "sti": 17,
          "dti": 20,
          "sco": 83,
          "dco": 95,
          "txt": "Higashi"
        },
        {
          "si": 1,
          "sti": 18,
          "dti": 21,
          "sco": 90,
          "dco": 102,
          "txt": ","
        },
        {
          "si": 1,
          "sti": 19,
          "dti": 22,
          "sco": 92,
          "dco": 104,
          "txt": "Okinawa"
        },
        {
          "si": 1,
          "sti": 20,
          "dti": 23,
          "sco": 100,
          "dco": 112,
          "txt": "Prefecture"
        },
        {
          "si": 1,
          "sti": 21,
          "dti": 24,
          "sco": 110,
          "dco": 122,
          "txt": ","
        },
        {
          "si": 1,
          "sti": 22,
          "dti": 25,
          "sco": 112,
          "dco": 124,
          "txt": "Japan"
        },
        {
          "si": 1,
          "sti": 23,
          "dti": 26,
          "sco": 117,
          "dco": 129,
          "txt": "."
        },
        {
          "si": 2,
          "sti": 0,
          "dti": 27,
          "sco": 0,
          "dco": 131,
          "txt": "The"
        },
        {
          "si": 2,
          "sti": 1,
          "dti": 28,
          "sco": 4,
          "dco": 135,
          "txt": "purpose"
        },
        {
          "si": 2,
          "sti": 2,
          "dti": 29,
          "sco": 12,
          "dco": 143,
          "txt": "of"
        },
        {
          "si": 2,
          "sti": 3,
          "dti": 30,
          "sco": 15,
          "dco": 146,
          "txt": "the"
        },
        {
          "si": 2,
          "sti": 4,
          "dti": 31,
          "sco": 19,
          "dco": 150,
          "txt": "dam"
        },
        {
          "si": 2,
          "sti": 5,
          "dti": 32,
          "sco": 22,
          "dco": 153,
          "txt": ","
        },
        {
          "si": 2,
          "sti": 6,
          "dti": 33,
          "sco": 24,
          "dco": 155,
          "txt": "the"
        },
        {
          "si": 2,
          "sti": 7,
          "dti": 34,
          "sco": 28,
          "dco": 159,
          "txt": "tallest"
        },
        {
          "si": 2,
          "sti": 8,
          "dti": 35,
          "sco": 36,
          "dco": 167,
          "txt": "in"
        },
        {
          "si": 2,
          "sti": 9,
          "dti": 36,
          "sco": 39,
          "dco": 170,
          "txt": "Okinawa"
        },
        {
          "si": 2,
          "sti": 10,
          "dti": 37,
          "sco": 46,
          "dco": 177,
          "txt": ","
        },
        {
          "si": 2,
          "sti": 11,
          "dti": 38,
          "sco": 48,
          "dco": 179,
          "txt": "is"
        },
        {
          "si": 2,
          "sti": 12,
          "dti": 39,
          "sco": 51,
          "dco": 182,
          "txt": "water"
        },
        {
          "si": 2,
          "sti": 13,
          "dti": 40,
          "sco": 57,
          "dco": 188,
          "txt": "supply"
        },
        {
          "si": 2,
          "sti": 14,
          "dti": 41,
          "sco": 64,
          "dco": 195,
          "txt": "and"
        },
        {
          "si": 2,
          "sti": 15,
          "dti": 42,
          "sco": 68,
          "dco": 199,
          "txt": "flood"
        },
        {
          "si": 2,
          "sti": 16,
          "dti": 43,
          "sco": 74,
          "dco": 205,
          "txt": "control"
        },
        {
          "si": 2,
          "sti": 17,
          "dti": 44,
          "sco": 81,
          "dco": 212,
          "txt": "."
        },
        {
          "si": 3,
          "sti": 0,
          "dti": 45,
          "sco": 0,
          "dco": 214,
          "txt": "Background"
        },
        {
          "si": 3,
          "sti": 1,
          "dti": 46,
          "sco": 10,
          "dco": 224,
          "txt": "."
        },
        {
          "si": 4,
          "sti": 0,
          "dti": 47,
          "sco": 0,
          "dco": 226,
          "txt": "Under"
        },
        {
          "si": 4,
          "sti": 1,
          "dti": 48,
          "sco": 6,
          "dco": 232,
          "txt": "the"
        },
        {
          "si": 4,
          "sti": 2,
          "dti": 49,
          "sco": 10,
          "dco": 236,
          "txt": "Ryukyu"
        },
        {
          "si": 4,
          "sti": 3,
          "dti": 50,
          "sco": 17,
          "dco": 243,
          "txt": "Domestic"
        },
        {
          "si": 4,
          "sti": 4,
          "dti": 51,
          "sco": 26,
          "dco": 252,
          "txt": "Water"
        },
        {
          "si": 4,
          "sti": 5,
          "dti": 52,
          "sco": 32,
          "dco": 258,
          "txt": "Corporation"
        },
        {
          "si": 4,
          "sti": 6,
          "dti": 53,
          "sco": 43,
          "dco": 269,
          "txt": ","
        },
        {
          "si": 4,
          "sti": 7,
          "dti": 54,
          "sco": 45,
          "dco": 271,
          "txt": "the"
        },
        {
          "si": 4,
          "sti": 8,
          "dti": 55,
          "sco": 49,
          "dco": 275,
          "txt": "U"
        },
        {
          "si": 4,
          "sti": 9,
          "dti": 56,
          "sco": 50,
          "dco": 276,
          "txt": "."
        },
        {
          "si": 4,
          "sti": 10,
          "dti": 57,
          "sco": 51,
          "dco": 277,
          "txt": "S"
        },
        {
          "si": 4,
          "sti": 11,
          "dti": 58,
          "sco": 52,
          "dco": 278,
          "txt": "."
        },
        {
          "si": 5,
          "sti": 0,
          "dti": 59,
          "sco": 0,
          "dco": 280,
          "txt": "Army"
        },
        {
          "si": 5,
          "sti": 1,
          "dti": 60,
          "sco": 5,
          "dco": 285,
          "txt": "Corps"
        },
        {
          "si": 5,
          "sti": 2,
          "dti": 61,
          "sco": 11,
          "dco": 291,
          "txt": "of"
        },
        {
          "si": 5,
          "sti": 3,
          "dti": 62,
          "sco": 14,
          "dco": 294,
          "txt": "Engineers"
        },
        {
          "si": 5,
          "sti": 4,
          "dti": 63,
          "sco": 24,
          "dco": 304,
          "txt": "began"
        },
        {
          "si": 5,
          "sti": 5,
          "dti": 64,
          "sco": 30,
          "dco": 310,
          "txt": "constructing"
        },
        {
          "si": 5,
          "sti": 6,
          "dti": 65,
          "sco": 43,
          "dco": 323,
          "txt": "the"
        },
        {
          "si": 5,
          "sti": 7,
          "dti": 66,
          "sco": 47,
          "dco": 327,
          "txt": "dam"
        },
        {
          "si": 5,
          "sti": 8,
          "dti": 67,
          "sco": 51,
          "dco": 331,
          "txt": "in"
        },
        {
          "si": 5,
          "sti": 9,
          "dti": 68,
          "sco": 54,
          "dco": 334,
          "txt": "1969"
        },
        {
          "si": 5,
          "sti": 10,
          "dti": 69,
          "sco": 58,
          "dco": 338,
          "txt": "."
        },
        {
          "si": 6,
          "sti": 0,
          "dti": 70,
          "sco": 0,
          "dco": 340,
          "txt": "After"
        },
        {
          "si": 6,
          "sti": 1,
          "dti": 71,
          "sco": 6,
          "dco": 346,
          "txt": "the"
        },
        {
          "si": 6,
          "sti": 2,
          "dti": 72,
          "sco": 10,
          "dco": 350,
          "txt": "United"
        },
        {
          "si": 6,
          "sti": 3,
          "dti": 73,
          "sco": 17,
          "dco": 357,
          "txt": "States"
        },
        {
          "si": 6,
          "sti": 4,
          "dti": 74,
          "sco": 24,
          "dco": 364,
          "txt": "Civil"
        },
        {
          "si": 6,
          "sti": 5,
          "dti": 75,
          "sco": 30,
          "dco": 370,
          "txt": "Administration"
        },
        {
          "si": 6,
          "sti": 6,
          "dti": 76,
          "sco": 45,
          "dco": 385,
          "txt": "of"
        },
        {
          "si": 6,
          "sti": 7,
          "dti": 77,
          "sco": 48,
          "dco": 388,
          "txt": "the"
        },
        {
          "si": 6,
          "sti": 8,
          "dti": 78,
          "sco": 52,
          "dco": 392,
          "txt": "Ryukyu"
        },
        {
          "si": 6,
          "sti": 9,
          "dti": 79,
          "sco": 59,
          "dco": 399,
          "txt": "Islands"
        },
        {
          "si": 6,
          "sti": 10,
          "dti": 80,
          "sco": 67,
          "dco": 407,
          "txt": "returned"
        },
        {
          "si": 6,
          "sti": 11,
          "dti": 81,
          "sco": 76,
          "dco": 416,
          "txt": "administration"
        },
        {
          "si": 6,
          "sti": 12,
          "dti": 82,
          "sco": 91,
          "dco": 431,
          "txt": "of"
        },
        {
          "si": 6,
          "sti": 13,
          "dti": 83,
          "sco": 94,
          "dco": 434,
          "txt": "Okinawa"
        },
        {
          "si": 6,
          "sti": 14,
          "dti": 84,
          "sco": 102,
          "dco": 442,
          "txt": "back"
        },
        {
          "si": 6,
          "sti": 15,
          "dti": 85,
          "sco": 107,
          "dco": 447,
          "txt": "to"
        },
        {
          "si": 6,
          "sti": 16,
          "dti": 86,
          "sco": 110,
          "dco": 450,
          "txt": "Japan"
        },
        {
          "si": 6,
          "sti": 17,
          "dti": 87,
          "sco": 116,
          "dco": 456,
          "txt": "in"
        },
        {
          "si": 6,
          "sti": 18,
          "dti": 88,
          "sco": 119,
          "dco": 459,
          "txt": "1972"
        },
        {
          "si": 6,
          "sti": 19,
          "dti": 89,
          "sco": 123,
          "dco": 463,
          "txt": ","
        },
        {
          "si": 6,
          "sti": 20,
          "dti": 90,
          "sco": 125,
          "dco": 465,
          "txt": "construction"
        },
        {
          "si": 6,
          "sti": 21,
          "dti": 91,
          "sco": 138,
          "dco": 478,
          "txt": "became"
        },
        {
          "si": 6,
          "sti": 22,
          "dti": 92,
          "sco": 145,
          "dco": 485,
          "txt": "the"
        },
        {
          "si": 6,
          "sti": 23,
          "dti": 93,
          "sco": 149,
          "dco": 489,
          "txt": "responsibility"
        },
        {
          "si": 6,
          "sti": 24,
          "dti": 94,
          "sco": 164,
          "dco": 504,
          "txt": "of"
        },
        {
          "si": 6,
          "sti": 25,
          "dti": 95,
          "sco": 167,
          "dco": 507,
          "txt": "the"
        },
        {
          "si": 6,
          "sti": 26,
          "dti": 96,
          "sco": 171,
          "dco": 511,
          "txt": "Japanese"
        },
        {
          "si": 6,
          "sti": 27,
          "dti": 97,
          "sco": 180,
          "dco": 520,
          "txt": "government"
        },
        {
          "si": 6,
          "sti": 28,
          "dti": 98,
          "sco": 190,
          "dco": 530,
          "txt": "."
        },
        {
          "si": 7,
          "sti": 0,
          "dti": 99,
          "sco": 0,
          "dco": 532,
          "txt": "The"
        },
        {
          "si": 7,
          "sti": 1,
          "dti": 100,
          "sco": 4,
          "dco": 536,
          "txt": "dam"
        },
        {
          "si": 7,
          "sti": 2,
          "dti": 101,
          "sco": 8,
          "dco": 540,
          "txt": "was"
        },
        {
          "si": 7,
          "sti": 3,
          "dti": 102,
          "sco": 12,
          "dco": 544,
          "txt": "completed"
        },
        {
          "si": 7,
          "sti": 4,
          "dti": 103,
          "sco": 22,
          "dco": 554,
          "txt": "in"
        },
        {
          "si": 7,
          "sti": 5,
          "dti": 104,
          "sco": 25,
          "dco": 557,
          "txt": "1972"
        },
        {
          "si": 7,
          "sti": 6,
          "dti": 105,
          "sco": 29,
          "dco": 561,
          "txt": ","
        },
        {
          "si": 7,
          "sti": 7,
          "dti": 106,
          "sco": 31,
          "dco": 563,
          "txt": "and"
        },
        {
          "si": 7,
          "sti": 8,
          "dti": 107,
          "sco": 35,
          "dco": 567,
          "txt": "the"
        },
        {
          "si": 7,
          "sti": 9,
          "dti": 108,
          "sco": 39,
          "dco": 571,
          "txt": "auxiliary"
        },
        {
          "si": 7,
          "sti": 10,
          "dti": 109,
          "sco": 49,
          "dco": 581,
          "txt": "spillway"
        },
        {
          "si": 7,
          "sti": 11,
          "dti": 110,
          "sco": 58,
          "dco": 590,
          "txt": "in"
        },
        {
          "si": 7,
          "sti": 12,
          "dti": 111,
          "sco": 61,
          "dco": 593,
          "txt": "December"
        },
        {
          "si": 7,
          "sti": 13,
          "dti": 112,
          "sco": 70,
          "dco": 602,
          "txt": "1974"
        },
        {
          "si": 7,
          "sti": 14,
          "dti": 113,
          "sco": 74,
          "dco": 606,
          "txt": "."
        },
        {
          "si": 8,
          "sti": 0,
          "dti": 114,
          "sco": 0,
          "dco": 608,
          "txt": "The"
        },
        {
          "si": 8,
          "sti": 1,
          "dti": 115,
          "sco": 4,
          "dco": 612,
          "txt": "dam"
        },
        {
          "si": 8,
          "sti": 2,
          "dti": 116,
          "sco": 8,
          "dco": 616,
          "txt": "was"
        },
        {
          "si": 8,
          "sti": 3,
          "dti": 117,
          "sco": 12,
          "dco": 620,
          "txt": "later"
        },
        {
          "si": 8,
          "sti": 4,
          "dti": 118,
          "sco": 18,
          "dco": 626,
          "txt": "raised"
        },
        {
          "si": 8,
          "sti": 5,
          "dti": 119,
          "sco": 25,
          "dco": 633,
          "txt": "to"
        },
        {
          "si": 8,
          "sti": 6,
          "dti": 120,
          "sco": 28,
          "dco": 636,
          "txt": "accommodate"
        },
        {
          "si": 8,
          "sti": 7,
          "dti": 121,
          "sco": 40,
          "dco": 648,
          "txt": "an"
        },
        {
          "si": 8,
          "sti": 8,
          "dti": 122,
          "sco": 43,
          "dco": 651,
          "txt": "improved"
        },
        {
          "si": 8,
          "sti": 9,
          "dti": 123,
          "sco": 52,
          "dco": 660,
          "txt": "intake"
        },
        {
          "si": 8,
          "sti": 10,
          "dti": 124,
          "sco": 59,
          "dco": 667,
          "txt": "and"
        },
        {
          "si": 8,
          "sti": 11,
          "dti": 125,
          "sco": 63,
          "dco": 671,
          "txt": "an"
        },
        {
          "si": 8,
          "sti": 12,
          "dti": 126,
          "sco": 66,
          "dco": 674,
          "txt": "additional"
        },
        {
          "si": 8,
          "sti": 13,
          "dti": 127,
          "sco": 77,
          "dco": 685,
          "txt": "in"
        },
        {
          "si": 8,
          "sti": 14,
          "dti": 128,
          "sco": 80,
          "dco": 688,
          "txt": "water"
        },
        {
          "si": 8,
          "sti": 15,
          "dti": 129,
          "sco": 86,
          "dco": 694,
          "txt": "elevation"
        },
        {
          "si": 8,
          "sti": 16,
          "dti": 130,
          "sco": 95,
          "dco": 703,
          "txt": "."
        },
        {
          "si": 9,
          "sti": 0,
          "dti": 131,
          "sco": 0,
          "dco": 705,
          "txt": "This"
        },
        {
          "si": 9,
          "sti": 1,
          "dti": 132,
          "sco": 5,
          "dco": 710,
          "txt": "additional"
        },
        {
          "si": 9,
          "sti": 2,
          "dti": 133,
          "sco": 16,
          "dco": 721,
          "txt": "work"
        },
        {
          "si": 9,
          "sti": 3,
          "dti": 134,
          "sco": 21,
          "dco": 726,
          "txt": "was"
        },
        {
          "si": 9,
          "sti": 4,
          "dti": 135,
          "sco": 25,
          "dco": 730,
          "txt": "completed"
        },
        {
          "si": 9,
          "sti": 5,
          "dti": 136,
          "sco": 35,
          "dco": 740,
          "txt": "in"
        },
        {
          "si": 9,
          "sti": 6,
          "dti": 137,
          "sco": 38,
          "dco": 743,
          "txt": "1991"
        },
        {
          "si": 9,
          "sti": 7,
          "dti": 138,
          "sco": 42,
          "dco": 747,
          "txt": "."
        },
        {
          "si": 10,
          "sti": 0,
          "dti": 139,
          "sco": 0,
          "dco": 749,
          "txt": "Design"
        },
        {
          "si": 10,
          "sti": 1,
          "dti": 140,
          "sco": 6,
          "dco": 755,
          "txt": "."
        },
        {
          "si": 11,
          "sti": 0,
          "dti": 141,
          "sco": 0,
          "dco": 757,
          "txt": "The"
        },
        {
          "si": 11,
          "sti": 1,
          "dti": 142,
          "sco": 4,
          "dco": 761,
          "txt": "dam"
        },
        {
          "si": 11,
          "sti": 2,
          "dti": 143,
          "sco": 8,
          "dco": 765,
          "txt": "is"
        },
        {
          "si": 11,
          "sti": 3,
          "dti": 144,
          "sco": 11,
          "dco": 768,
          "txt": "a"
        },
        {
          "si": 11,
          "sti": 4,
          "dti": 145,
          "sco": 13,
          "dco": 770,
          "txt": "tall"
        },
        {
          "si": 11,
          "sti": 5,
          "dti": 146,
          "sco": 18,
          "dco": 775,
          "txt": "and"
        },
        {
          "si": 11,
          "sti": 6,
          "dti": 147,
          "sco": 22,
          "dco": 779,
          "txt": "long"
        },
        {
          "si": 11,
          "sti": 7,
          "dti": 148,
          "sco": 27,
          "dco": 784,
          "txt": "rock"
        },
        {
          "si": 11,
          "sti": 8,
          "dti": 149,
          "sco": 31,
          "dco": 788,
          "txt": "-"
        },
        {
          "si": 11,
          "sti": 9,
          "dti": 150,
          "sco": 32,
          "dco": 789,
          "txt": "fill"
        },
        {
          "si": 11,
          "sti": 10,
          "dti": 151,
          "sco": 37,
          "dco": 794,
          "txt": "embankment"
        },
        {
          "si": 11,
          "sti": 11,
          "dti": 152,
          "sco": 48,
          "dco": 805,
          "txt": "type"
        },
        {
          "si": 11,
          "sti": 12,
          "dti": 153,
          "sco": 53,
          "dco": 810,
          "txt": "with"
        },
        {
          "si": 11,
          "sti": 13,
          "dti": 154,
          "sco": 58,
          "dco": 815,
          "txt": "a"
        },
        {
          "si": 11,
          "sti": 14,
          "dti": 155,
          "sco": 60,
          "dco": 817,
          "txt": "structural"
        },
        {
          "si": 11,
          "sti": 15,
          "dti": 156,
          "sco": 71,
          "dco": 828,
          "txt": "volume"
        },
        {
          "si": 11,
          "sti": 16,
          "dti": 157,
          "sco": 78,
          "dco": 835,
          "txt": "of"
        },
        {
          "si": 11,
          "sti": 17,
          "dti": 158,
          "sco": 81,
          "dco": 838,
          "txt": "and"
        },
        {
          "si": 11,
          "sti": 18,
          "dti": 159,
          "sco": 85,
          "dco": 842,
          "txt": "a"
        },
        {
          "si": 11,
          "sti": 19,
          "dti": 160,
          "sco": 87,
          "dco": 844,
          "txt": "crest"
        },
        {
          "si": 11,
          "sti": 20,
          "dti": 161,
          "sco": 93,
          "dco": 850,
          "txt": "elevation"
        },
        {
          "si": 11,
          "sti": 21,
          "dti": 162,
          "sco": 103,
          "dco": 860,
          "txt": "of"
        },
        {
          "si": 11,
          "sti": 22,
          "dti": 163,
          "sco": 105,
          "dco": 862,
          "txt": "."
        },
        {
          "si": 12,
          "sti": 0,
          "dti": 164,
          "sco": 0,
          "dco": 864,
          "txt": "The"
        },
        {
          "si": 12,
          "sti": 1,
          "dti": 165,
          "sco": 4,
          "dco": 868,
          "txt": "dam"
        },
        {
          "si": 12,
          "sti": 2,
          "dti": 166,
          "sco": 8,
          "dco": 872,
          "txt": "sits"
        },
        {
          "si": 12,
          "sti": 3,
          "dti": 167,
          "sco": 13,
          "dco": 877,
          "txt": "at"
        },
        {
          "si": 12,
          "sti": 4,
          "dti": 168,
          "sco": 16,
          "dco": 880,
          "txt": "the"
        },
        {
          "si": 12,
          "sti": 5,
          "dti": 169,
          "sco": 20,
          "dco": 884,
          "txt": "head"
        },
        {
          "si": 12,
          "sti": 6,
          "dti": 170,
          "sco": 25,
          "dco": 889,
          "txt": "of"
        },
        {
          "si": 12,
          "sti": 7,
          "dti": 171,
          "sco": 28,
          "dco": 892,
          "txt": "a"
        },
        {
          "si": 12,
          "sti": 8,
          "dti": 172,
          "sco": 30,
          "dco": 894,
          "txt": "catchment"
        },
        {
          "si": 12,
          "sti": 9,
          "dti": 173,
          "sco": 40,
          "dco": 904,
          "txt": "area"
        },
        {
          "si": 12,
          "sti": 10,
          "dti": 174,
          "sco": 45,
          "dco": 909,
          "txt": "and"
        },
        {
          "si": 12,
          "sti": 11,
          "dti": 175,
          "sco": 49,
          "dco": 913,
          "txt": "its"
        },
        {
          "si": 12,
          "sti": 12,
          "dti": 176,
          "sco": 53,
          "dco": 917,
          "txt": "reservoir"
        },
        {
          "si": 12,
          "sti": 13,
          "dti": 177,
          "sco": 63,
          "dco": 927,
          "txt": "has"
        },
        {
          "si": 12,
          "sti": 14,
          "dti": 178,
          "sco": 67,
          "dco": 931,
          "txt": "a"
        },
        {
          "si": 12,
          "sti": 15,
          "dti": 179,
          "sco": 69,
          "dco": 933,
          "txt": "surface"
        },
        {
          "si": 12,
          "sti": 16,
          "dti": 180,
          "sco": 77,
          "dco": 941,
          "txt": "area"
        },
        {
          "si": 12,
          "sti": 17,
          "dti": 181,
          "sco": 82,
          "dco": 946,
          "txt": "of"
        },
        {
          "si": 12,
          "sti": 18,
          "dti": 182,
          "sco": 84,
          "dco": 948,
          "txt": "."
        },
        {
          "si": 13,
          "sti": 0,
          "dti": 183,
          "sco": 0,
          "dco": 950,
          "txt": "The"
        },
        {
          "si": 13,
          "sti": 1,
          "dti": 184,
          "sco": 4,
          "dco": 954,
          "txt": "reservoir"
        },
        {
          "si": 13,
          "sti": 2,
          "dti": 185,
          "sco": 13,
          "dco": 963,
          "txt": "'"
        },
        {
          "si": 13,
          "sti": 3,
          "dti": 186,
          "sco": 14,
          "dco": 964,
          "txt": "s"
        },
        {
          "si": 13,
          "sti": 4,
          "dti": 187,
          "sco": 16,
          "dco": 966,
          "txt": "capacity"
        },
        {
          "si": 13,
          "sti": 5,
          "dti": 188,
          "sco": 25,
          "dco": 975,
          "txt": "is"
        },
        {
          "si": 13,
          "sti": 6,
          "dti": 189,
          "sco": 28,
          "dco": 978,
          "txt": "while"
        },
        {
          "si": 13,
          "sti": 7,
          "dti": 190,
          "sco": 34,
          "dco": 984,
          "txt": "serves"
        },
        {
          "si": 13,
          "sti": 8,
          "dti": 191,
          "sco": 41,
          "dco": 991,
          "txt": "as"
        },
        {
          "si": 13,
          "sti": 9,
          "dti": 192,
          "sco": 44,
          "dco": 994,
          "txt": "active"
        },
        {
          "si": 13,
          "sti": 10,
          "dti": 193,
          "sco": 51,
          "dco": 1001,
          "txt": "("
        },
        {
          "si": 13,
          "sti": 11,
          "dti": 194,
          "sco": 52,
          "dco": 1002,
          "txt": "or"
        },
        {
          "si": 13,
          "sti": 12,
          "dti": 195,
          "sco": 55,
          "dco": 1005,
          "txt": "\""
        },
        {
          "si": 13,
          "sti": 13,
          "dti": 196,
          "sco": 56,
          "dco": 1006,
          "txt": "useful"
        },
        {
          "si": 13,
          "sti": 14,
          "dti": 197,
          "sco": 62,
          "dco": 1012,
          "txt": "\""
        },
        {
          "si": 13,
          "sti": 15,
          "dti": 198,
          "sco": 63,
          "dco": 1013,
          "txt": ")"
        },
        {
          "si": 13,
          "sti": 16,
          "dti": 199,
          "sco": 65,
          "dco": 1015,
          "txt": "capacity"
        },
        {
          "si": 13,
          "sti": 17,
          "dti": 200,
          "sco": 73,
          "dco": 1023,
          "txt": "."
        },
        {
          "si": 14,
          "sti": 0,
          "dti": 201,
          "sco": 0,
          "dco": 1025,
          "txt": "The"
        },
        {
          "si": 14,
          "sti": 1,
          "dti": 202,
          "sco": 4,
          "dco": 1029,
          "txt": "dam"
        },
        {
          "si": 14,
          "sti": 2,
          "dti": 203,
          "sco": 8,
          "dco": 1033,
          "txt": "is"
        },
        {
          "si": 14,
          "sti": 3,
          "dti": 204,
          "sco": 11,
          "dco": 1036,
          "txt": "equipped"
        },
        {
          "si": 14,
          "sti": 4,
          "dti": 205,
          "sco": 20,
          "dco": 1045,
          "txt": "with"
        },
        {
          "si": 14,
          "sti": 5,
          "dti": 206,
          "sco": 25,
          "dco": 1050,
          "txt": "a"
        },
        {
          "si": 14,
          "sti": 6,
          "dti": 207,
          "sco": 27,
          "dco": 1052,
          "txt": "drum"
        },
        {
          "si": 14,
          "sti": 7,
          "dti": 208,
          "sco": 32,
          "dco": 1057,
          "txt": "gate"
        },
        {
          "si": 14,
          "sti": 8,
          "dti": 209,
          "sco": 36,
          "dco": 1061,
          "txt": "-"
        },
        {
          "si": 14,
          "sti": 9,
          "dti": 210,
          "sco": 37,
          "dco": 1062,
          "txt": "controlled"
        },
        {
          "si": 14,
          "sti": 10,
          "dti": 211,
          "sco": 48,
          "dco": 1073,
          "txt": "chute"
        },
        {
          "si": 14,
          "sti": 11,
          "dti": 212,
          "sco": 54,
          "dco": 1079,
          "txt": "spillway"
        },
        {
          "si": 14,
          "sti": 12,
          "dti": 213,
          "sco": 62,
          "dco": 1087,
          "txt": "."
        },
        {
          "si": 15,
          "sti": 0,
          "dti": 214,
          "sco": 0,
          "dco": 1089,
          "txt": "On"
        },
        {
          "si": 15,
          "sti": 1,
          "dti": 215,
          "sco": 3,
          "dco": 1092,
          "txt": "the"
        },
        {
          "si": 15,
          "sti": 2,
          "dti": 216,
          "sco": 7,
          "dco": 1096,
          "txt": "eastern"
        },
        {
          "si": 15,
          "sti": 3,
          "dti": 217,
          "sco": 15,
          "dco": 1104,
          "txt": "edge"
        },
        {
          "si": 15,
          "sti": 4,
          "dti": 218,
          "sco": 20,
          "dco": 1109,
          "txt": "of"
        },
        {
          "si": 15,
          "sti": 5,
          "dti": 219,
          "sco": 23,
          "dco": 1112,
          "txt": "the"
        },
        {
          "si": 15,
          "sti": 6,
          "dti": 220,
          "sco": 27,
          "dco": 1116,
          "txt": "reservoir"
        },
        {
          "si": 15,
          "sti": 7,
          "dti": 221,
          "sco": 36,
          "dco": 1125,
          "txt": ","
        },
        {
          "si": 15,
          "sti": 8,
          "dti": 222,
          "sco": 38,
          "dco": 1127,
          "txt": "east"
        },
        {
          "si": 15,
          "sti": 9,
          "dti": 223,
          "sco": 43,
          "dco": 1132,
          "txt": "of"
        },
        {
          "si": 15,
          "sti": 10,
          "dti": 224,
          "sco": 46,
          "dco": 1135,
          "txt": "the"
        },
        {
          "si": 15,
          "sti": 11,
          "dti": 225,
          "sco": 50,
          "dco": 1139,
          "txt": "dam"
        },
        {
          "si": 15,
          "sti": 12,
          "dti": 226,
          "sco": 53,
          "dco": 1142,
          "txt": ","
        },
        {
          "si": 15,
          "sti": 13,
          "dti": 227,
          "sco": 55,
          "dco": 1144,
          "txt": "there"
        },
        {
          "si": 15,
          "sti": 14,
          "dti": 228,
          "sco": 61,
          "dco": 1150,
          "txt": "is"
        },
        {
          "si": 15,
          "sti": 15,
          "dti": 229,
          "sco": 64,
          "dco": 1153,
          "txt": "an"
        },
        {
          "si": 15,
          "sti": 16,
          "dti": 230,
          "sco": 67,
          "dco": 1156,
          "txt": "auxiliary"
        },
        {
          "si": 15,
          "sti": 17,
          "dti": 231,
          "sco": 77,
          "dco": 1166,
          "txt": "spillway"
        },
        {
          "si": 15,
          "sti": 18,
          "dti": 232,
          "sco": 86,
          "dco": 1175,
          "txt": "at"
        },
        {
          "si": 15,
          "sti": 19,
          "dti": 233,
          "sco": 88,
          "dco": 1177,
          "txt": "."
        },
        {
          "si": 16,
          "sti": 0,
          "dti": 234,
          "sco": 0,
          "dco": 1179,
          "txt": "This"
        },
        {
          "si": 16,
          "sti": 1,
          "dti": 235,
          "sco": 5,
          "dco": 1184,
          "txt": "spillway"
        },
        {
          "si": 16,
          "sti": 2,
          "dti": 236,
          "sco": 14,
          "dco": 1193,
          "txt": "is"
        },
        {
          "si": 16,
          "sti": 3,
          "dti": 237,
          "sco": 17,
          "dco": 1196,
          "txt": "a"
        },
        {
          "si": 16,
          "sti": 4,
          "dti": 238,
          "sco": 19,
          "dco": 1198,
          "txt": "siphon"
        },
        {
          "si": 16,
          "sti": 5,
          "dti": 239,
          "sco": 25,
          "dco": 1204,
          "txt": "-"
        },
        {
          "si": 16,
          "sti": 6,
          "dti": 240,
          "sco": 26,
          "dco": 1205,
          "txt": "type"
        },
        {
          "si": 16,
          "sti": 7,
          "dti": 241,
          "sco": 31,
          "dco": 1210,
          "txt": "and"
        },
        {
          "si": 16,
          "sti": 8,
          "dti": 242,
          "sco": 35,
          "dco": 1214,
          "txt": "operates"
        },
        {
          "si": 16,
          "sti": 9,
          "dti": 243,
          "sco": 44,
          "dco": 1223,
          "txt": "automatically"
        },
        {
          "si": 16,
          "sti": 10,
          "dti": 244,
          "sco": 58,
          "dco": 1237,
          "txt": "to"
        },
        {
          "si": 16,
          "sti": 11,
          "dti": 245,
          "sco": 61,
          "dco": 1240,
          "txt": "help"
        },
        {
          "si": 16,
          "sti": 12,
          "dti": 246,
          "sco": 66,
          "dco": 1245,
          "txt": "drain"
        },
        {
          "si": 16,
          "sti": 13,
          "dti": 247,
          "sco": 72,
          "dco": 1251,
          "txt": "the"
        },
        {
          "si": 16,
          "sti": 14,
          "dti": 248,
          "sco": 76,
          "dco": 1255,
          "txt": "reservoir"
        },
        {
          "si": 16,
          "sti": 15,
          "dti": 249,
          "sco": 86,
          "dco": 1265,
          "txt": "during"
        },
        {
          "si": 16,
          "sti": 16,
          "dti": 250,
          "sco": 93,
          "dco": 1272,
          "txt": "flooding"
        },
        {
          "si": 16,
          "sti": 17,
          "dti": 251,
          "sco": 101,
          "dco": 1280,
          "txt": "."
        },
        {
          "si": 17,
          "sti": 0,
          "dti": 252,
          "sco": 0,
          "dco": 1282,
          "txt": "It"
        },
        {
          "si": 17,
          "sti": 1,
          "dti": 253,
          "sco": 3,
          "dco": 1285,
          "txt": "has"
        },
        {
          "si": 17,
          "sti": 2,
          "dti": 254,
          "sco": 7,
          "dco": 1289,
          "txt": "a"
        },
        {
          "si": 17,
          "sti": 3,
          "dti": 255,
          "sco": 9,
          "dco": 1291,
          "txt": "capacity"
        },
        {
          "si": 17,
          "sti": 4,
          "dti": 256,
          "sco": 18,
          "dco": 1300,
          "txt": "and"
        },
        {
          "si": 17,
          "sti": 5,
          "dti": 257,
          "sco": 22,
          "dco": 1304,
          "txt": "discharges"
        },
        {
          "si": 17,
          "sti": 6,
          "dti": 258,
          "sco": 33,
          "dco": 1315,
          "txt": "directly"
        },
        {
          "si": 17,
          "sti": 7,
          "dti": 259,
          "sco": 42,
          "dco": 1324,
          "txt": "into"
        },
        {
          "si": 17,
          "sti": 8,
          "dti": 260,
          "sco": 47,
          "dco": 1329,
          "txt": "the"
        },
        {
          "si": 17,
          "sti": 9,
          "dti": 261,
          "sco": 51,
          "dco": 1333,
          "txt": "Pacific"
        },
        {
          "si": 17,
          "sti": 10,
          "dti": 262,
          "sco": 59,
          "dco": 1341,
          "txt": "Ocean"
        },
        {
          "si": 17,
          "sti": 11,
          "dti": 263,
          "sco": 64,
          "dco": 1346,
          "txt": "."
        }
      ]
    },
    "ganns": {
      "dla": [],
      "la": [],
      "ea": [],
      "eta": [
        {
          "ra": {
            "ea": {
              "etn": "Fukuji_Dam"
            }
          },
          "sfs": [
            [
              {
                "stn": "status"
              },
              {}
            ]
          ],
          "mfs": [
            [
              {
                "stn": "rivers"
              },
              {
                "dla": [],
                "la": [],
                "ea": [],
                "eta": []
              }
            ],
            [
              {
                "stn": "locations"
              },
              {
                "dla": [],
                "la": [],
                "ea": [
                  {
                    "etn": "Higashi,_Okinawa"
                  }
                ],
                "eta": []
              }
            ],
            [
              {
                "stn": "openingYears"
              },
              {
                "dla": [
                  {
                    "txt": {
                      "sff": "1974"
                    },
                    "et": {
                      "etn": "Year"
                    },
                    "dp": {
                      "off": 602
                    }
                  }
                ],
                "la": [],
                "ea": [],
                "eta": []
              }
            ],
            [
              {
                "stn": "buildingStartYears"
              },
              {
                "dla": [
                  {
                    "txt": {
                      "sff": "1969"
                    },
                    "et": {
                      "etn": "Year"
                    },
                    "dp": {
                      "off": 334
                    }
                  }
                ],
                "la": [],
                "ea": [],
                "eta": []
              }
            ],
            [
              {
                "stn": "countries"
              },
              {
                "dla": [],
                "la": [],
                "ea": [
                  {
                    "etn": "Japan"
                  }
                ],
                "eta": []
              }
            ]
          ]
        }
      ]
    }
  }
]
