[
  {
    "context": "TRAIN",
    "doc": {
      "id": "Hanabanilla_Dam",
      "tl": [
        {
          "si": 0,
          "sti": 0,
          "dti": 0,
          "sco": 0,
          "dco": 0,
          "txt": "Hanabanilla"
        },
        {
          "si": 0,
          "sti": 1,
          "dti": 1,
          "sco": 12,
          "dco": 12,
          "txt": "Dam"
        },
        {
          "si": 0,
          "sti": 2,
          "dti": 2,
          "sco": 15,
          "dco": 15,
          "txt": "."
        },
        {
          "si": 1,
          "sti": 0,
          "dti": 3,
          "sco": 0,
          "dco": 17,
          "txt": "The"
        },
        {
          "si": 1,
          "sti": 1,
          "dti": 4,
          "sco": 4,
          "dco": 21,
          "txt": "Hanabanilla"
        },
        {
          "si": 1,
          "sti": 2,
          "dti": 5,
          "sco": 16,
          "dco": 33,
          "txt": "Dam"
        },
        {
          "si": 1,
          "sti": 3,
          "dti": 6,
          "sco": 20,
          "dco": 37,
          "txt": "is"
        },
        {
          "si": 1,
          "sti": 4,
          "dti": 7,
          "sco": 23,
          "dco": 40,
          "txt": "an"
        },
        {
          "si": 1,
          "sti": 5,
          "dti": 8,
          "sco": 26,
          "dco": 43,
          "txt": "embankment"
        },
        {
          "si": 1,
          "sti": 6,
          "dti": 9,
          "sco": 37,
          "dco": 54,
          "txt": "dam"
        },
        {
          "si": 1,
          "sti": 7,
          "dti": 10,
          "sco": 41,
          "dco": 58,
          "txt": "on"
        },
        {
          "si": 1,
          "sti": 8,
          "dti": 11,
          "sco": 44,
          "dco": 61,
          "txt": "the"
        },
        {
          "si": 1,
          "sti": 9,
          "dti": 12,
          "sco": 48,
          "dco": 65,
          "txt": "Hanabanilla"
        },
        {
          "si": 1,
          "sti": 10,
          "dti": 13,
          "sco": 60,
          "dco": 77,
          "txt": "River"
        },
        {
          "si": 1,
          "sti": 11,
          "dti": 14,
          "sco": 66,
          "dco": 83,
          "txt": "near"
        },
        {
          "si": 1,
          "sti": 12,
          "dti": 15,
          "sco": 71,
          "dco": 88,
          "txt": "the"
        },
        {
          "si": 1,
          "sti": 13,
          "dti": 16,
          "sco": 75,
          "dco": 92,
          "txt": "village"
        },
        {
          "si": 1,
          "sti": 14,
          "dti": 17,
          "sco": 83,
          "dco": 100,
          "txt": "of"
        },
        {
          "si": 1,
          "sti": 15,
          "dti": 18,
          "sco": 86,
          "dco": 103,
          "txt": "El"
        },
        {
          "si": 1,
          "sti": 16,
          "dti": 19,
          "sco": 89,
          "dco": 106,
          "txt": "Salto"
        },
        {
          "si": 1,
          "sti": 17,
          "dti": 20,
          "sco": 95,
          "dco": 112,
          "txt": "del"
        },
        {
          "si": 1,
          "sti": 18,
          "dti": 21,
          "sco": 99,
          "dco": 116,
          "txt": "Hanabanilla"
        },
        {
          "si": 1,
          "sti": 19,
          "dti": 22,
          "sco": 111,
          "dco": 128,
          "txt": "in"
        },
        {
          "si": 1,
          "sti": 20,
          "dti": 23,
          "sco": 114,
          "dco": 131,
          "txt": "Villa"
        },
        {
          "si": 1,
          "sti": 21,
          "dti": 24,
          "sco": 120,
          "dco": 137,
          "txt": "Clara"
        },
        {
          "si": 1,
          "sti": 22,
          "dti": 25,
          "sco": 126,
          "dco": 143,
          "txt": "Province"
        },
        {
          "si": 1,
          "sti": 23,
          "dti": 26,
          "sco": 134,
          "dco": 151,
          "txt": ","
        },
        {
          "si": 1,
          "sti": 24,
          "dti": 27,
          "sco": 136,
          "dco": 153,
          "txt": "Cuba"
        },
        {
          "si": 1,
          "sti": 25,
          "dti": 28,
          "sco": 140,
          "dco": 157,
          "txt": "."
        },
        {
          "si": 2,
          "sti": 0,
          "dti": 29,
          "sco": 0,
          "dco": 159,
          "txt": "The"
        },
        {
          "si": 2,
          "sti": 1,
          "dti": 30,
          "sco": 4,
          "dco": 163,
          "txt": "purpose"
        },
        {
          "si": 2,
          "sti": 2,
          "dti": 31,
          "sco": 12,
          "dco": 171,
          "txt": "of"
        },
        {
          "si": 2,
          "sti": 3,
          "dti": 32,
          "sco": 15,
          "dco": 174,
          "txt": "the"
        },
        {
          "si": 2,
          "sti": 4,
          "dti": 33,
          "sco": 19,
          "dco": 178,
          "txt": "dam"
        },
        {
          "si": 2,
          "sti": 5,
          "dti": 34,
          "sco": 23,
          "dco": 182,
          "txt": "is"
        },
        {
          "si": 2,
          "sti": 6,
          "dti": 35,
          "sco": 26,
          "dco": 185,
          "txt": "to"
        },
        {
          "si": 2,
          "sti": 7,
          "dti": 36,
          "sco": 29,
          "dco": 188,
          "txt": "provide"
        },
        {
          "si": 2,
          "sti": 8,
          "dti": 37,
          "sco": 37,
          "dco": 196,
          "txt": "water"
        },
        {
          "si": 2,
          "sti": 9,
          "dti": 38,
          "sco": 43,
          "dco": 202,
          "txt": "for"
        },
        {
          "si": 2,
          "sti": 10,
          "dti": 39,
          "sco": 47,
          "dco": 206,
          "txt": "irrigation"
        },
        {
          "si": 2,
          "sti": 11,
          "dti": 40,
          "sco": 58,
          "dco": 217,
          "txt": "and"
        },
        {
          "si": 2,
          "sti": 12,
          "dti": 41,
          "sco": 62,
          "dco": 221,
          "txt": "municipal"
        },
        {
          "si": 2,
          "sti": 13,
          "dti": 42,
          "sco": 72,
          "dco": 231,
          "txt": "uses"
        },
        {
          "si": 2,
          "sti": 14,
          "dti": 43,
          "sco": 77,
          "dco": 236,
          "txt": "and"
        },
        {
          "si": 2,
          "sti": 15,
          "dti": 44,
          "sco": 81,
          "dco": 240,
          "txt": "to"
        },
        {
          "si": 2,
          "sti": 16,
          "dti": 45,
          "sco": 84,
          "dco": 243,
          "txt": "generate"
        },
        {
          "si": 2,
          "sti": 17,
          "dti": 46,
          "sco": 93,
          "dco": 252,
          "txt": "hydroelectric"
        },
        {
          "si": 2,
          "sti": 18,
          "dti": 47,
          "sco": 107,
          "dco": 266,
          "txt": "power"
        },
        {
          "si": 2,
          "sti": 19,
          "dti": 48,
          "sco": 112,
          "dco": 271,
          "txt": "."
        },
        {
          "si": 3,
          "sti": 0,
          "dti": 49,
          "sco": 0,
          "dco": 273,
          "txt": "Overview"
        },
        {
          "si": 3,
          "sti": 1,
          "dti": 50,
          "sco": 8,
          "dco": 281,
          "txt": "."
        },
        {
          "si": 4,
          "sti": 0,
          "dti": 51,
          "sco": 0,
          "dco": 283,
          "txt": "The"
        },
        {
          "si": 4,
          "sti": 1,
          "dti": 52,
          "sco": 4,
          "dco": 287,
          "txt": "dam"
        },
        {
          "si": 4,
          "sti": 2,
          "dti": 53,
          "sco": 8,
          "dco": 291,
          "txt": "withholds"
        },
        {
          "si": 4,
          "sti": 3,
          "dti": 54,
          "sco": 18,
          "dco": 301,
          "txt": "a"
        },
        {
          "si": 4,
          "sti": 4,
          "dti": 55,
          "sco": 20,
          "dco": 303,
          "txt": "reservoir"
        },
        {
          "si": 4,
          "sti": 5,
          "dti": 56,
          "sco": 30,
          "dco": 313,
          "txt": "of"
        },
        {
          "si": 4,
          "sti": 6,
          "dti": 57,
          "sco": 33,
          "dco": 316,
          "txt": "and"
        },
        {
          "si": 4,
          "sti": 7,
          "dti": 58,
          "sco": 37,
          "dco": 320,
          "txt": "the"
        },
        {
          "si": 4,
          "sti": 8,
          "dti": 59,
          "sco": 41,
          "dco": 324,
          "txt": "power"
        },
        {
          "si": 4,
          "sti": 9,
          "dti": 60,
          "sco": 47,
          "dco": 330,
          "txt": "station"
        },
        {
          "si": 4,
          "sti": 10,
          "dti": 61,
          "sco": 54,
          "dco": 337,
          "txt": ","
        },
        {
          "si": 4,
          "sti": 11,
          "dti": 62,
          "sco": 56,
          "dco": 339,
          "txt": "located"
        },
        {
          "si": 4,
          "sti": 12,
          "dti": 63,
          "sco": 64,
          "dco": 347,
          "txt": "near"
        },
        {
          "si": 4,
          "sti": 13,
          "dti": 64,
          "sco": 69,
          "dco": 352,
          "txt": "its"
        },
        {
          "si": 4,
          "sti": 14,
          "dti": 65,
          "sco": 73,
          "dco": 356,
          "txt": "base"
        },
        {
          "si": 4,
          "sti": 15,
          "dti": 66,
          "sco": 77,
          "dco": 360,
          "txt": ","
        },
        {
          "si": 4,
          "sti": 16,
          "dti": 67,
          "sco": 79,
          "dco": 362,
          "txt": "has"
        },
        {
          "si": 4,
          "sti": 17,
          "dti": 68,
          "sco": 83,
          "dco": 366,
          "txt": "an"
        },
        {
          "si": 4,
          "sti": 18,
          "dti": 69,
          "sco": 86,
          "dco": 369,
          "txt": "installed"
        },
        {
          "si": 4,
          "sti": 19,
          "dti": 70,
          "sco": 96,
          "dco": 379,
          "txt": "capacity"
        },
        {
          "si": 4,
          "sti": 20,
          "dti": 71,
          "sco": 105,
          "dco": 388,
          "txt": "of"
        },
        {
          "si": 4,
          "sti": 21,
          "dti": 72,
          "sco": 108,
          "dco": 391,
          "txt": "43"
        },
        {
          "si": 4,
          "sti": 22,
          "dti": 73,
          "sco": 111,
          "dco": 394,
          "txt": "MW"
        },
        {
          "si": 4,
          "sti": 23,
          "dti": 74,
          "sco": 113,
          "dco": 396,
          "txt": "."
        },
        {
          "si": 5,
          "sti": 0,
          "dti": 75,
          "sco": 0,
          "dco": 398,
          "txt": "It"
        },
        {
          "si": 5,
          "sti": 1,
          "dti": 76,
          "sco": 3,
          "dco": 401,
          "txt": "is"
        },
        {
          "si": 5,
          "sti": 2,
          "dti": 77,
          "sco": 6,
          "dco": 404,
          "txt": "the"
        },
        {
          "si": 5,
          "sti": 3,
          "dti": 78,
          "sco": 10,
          "dco": 408,
          "txt": "largest"
        },
        {
          "si": 5,
          "sti": 4,
          "dti": 79,
          "sco": 18,
          "dco": 416,
          "txt": "hydroelectric"
        },
        {
          "si": 5,
          "sti": 5,
          "dti": 80,
          "sco": 32,
          "dco": 430,
          "txt": "power"
        },
        {
          "si": 5,
          "sti": 6,
          "dti": 81,
          "sco": 38,
          "dco": 436,
          "txt": "station"
        },
        {
          "si": 5,
          "sti": 7,
          "dti": 82,
          "sco": 46,
          "dco": 444,
          "txt": "in"
        },
        {
          "si": 5,
          "sti": 8,
          "dti": 83,
          "sco": 49,
          "dco": 447,
          "txt": "the"
        },
        {
          "si": 5,
          "sti": 9,
          "dti": 84,
          "sco": 53,
          "dco": 451,
          "txt": "country"
        },
        {
          "si": 5,
          "sti": 10,
          "dti": 85,
          "sco": 60,
          "dco": 458,
          "txt": "."
        },
        {
          "si": 6,
          "sti": 0,
          "dti": 86,
          "sco": 0,
          "dco": 460,
          "txt": "Near"
        },
        {
          "si": 6,
          "sti": 1,
          "dti": 87,
          "sco": 5,
          "dco": 465,
          "txt": "the"
        },
        {
          "si": 6,
          "sti": 2,
          "dti": 88,
          "sco": 9,
          "dco": 469,
          "txt": "southern"
        },
        {
          "si": 6,
          "sti": 3,
          "dti": 89,
          "sco": 18,
          "dco": 478,
          "txt": "end"
        },
        {
          "si": 6,
          "sti": 4,
          "dti": 90,
          "sco": 22,
          "dco": 482,
          "txt": "of"
        },
        {
          "si": 6,
          "sti": 5,
          "dti": 91,
          "sco": 25,
          "dco": 485,
          "txt": "the"
        },
        {
          "si": 6,
          "sti": 6,
          "dti": 92,
          "sco": 29,
          "dco": 489,
          "txt": "reservoir"
        },
        {
          "si": 6,
          "sti": 7,
          "dti": 93,
          "sco": 39,
          "dco": 499,
          "txt": "is"
        },
        {
          "si": 6,
          "sti": 8,
          "dti": 94,
          "sco": 42,
          "dco": 502,
          "txt": "Jibacoa"
        },
        {
          "si": 6,
          "sti": 9,
          "dti": 95,
          "sco": 50,
          "dco": 510,
          "txt": "Dam"
        },
        {
          "si": 6,
          "sti": 10,
          "dti": 96,
          "sco": 53,
          "dco": 513,
          "txt": ","
        },
        {
          "si": 6,
          "sti": 11,
          "dti": 97,
          "sco": 55,
          "dco": 515,
          "txt": "an"
        },
        {
          "si": 6,
          "sti": 12,
          "dti": 98,
          "sco": 58,
          "dco": 518,
          "txt": "auxiliary"
        },
        {
          "si": 6,
          "sti": 13,
          "dti": 99,
          "sco": 68,
          "dco": 528,
          "txt": "dam"
        },
        {
          "si": 6,
          "sti": 14,
          "dti": 100,
          "sco": 71,
          "dco": 531,
          "txt": ","
        },
        {
          "si": 6,
          "sti": 15,
          "dti": 101,
          "sco": 73,
          "dco": 533,
          "txt": "which"
        },
        {
          "si": 6,
          "sti": 16,
          "dti": 102,
          "sco": 79,
          "dco": 539,
          "txt": "closes"
        },
        {
          "si": 6,
          "sti": 17,
          "dti": 103,
          "sco": 86,
          "dco": 546,
          "txt": "off"
        },
        {
          "si": 6,
          "sti": 18,
          "dti": 104,
          "sco": 90,
          "dco": 550,
          "txt": "one"
        },
        {
          "si": 6,
          "sti": 19,
          "dti": 105,
          "sco": 94,
          "dco": 554,
          "txt": "valley"
        },
        {
          "si": 6,
          "sti": 20,
          "dti": 106,
          "sco": 101,
          "dco": 561,
          "txt": "to"
        },
        {
          "si": 6,
          "sti": 21,
          "dti": 107,
          "sco": 104,
          "dco": 564,
          "txt": "create"
        },
        {
          "si": 6,
          "sti": 22,
          "dti": 108,
          "sco": 111,
          "dco": 571,
          "txt": "the"
        },
        {
          "si": 6,
          "sti": 23,
          "dti": 109,
          "sco": 115,
          "dco": 575,
          "txt": "existing"
        },
        {
          "si": 6,
          "sti": 24,
          "dti": 110,
          "sco": 124,
          "dco": 584,
          "txt": "large"
        },
        {
          "si": 6,
          "sti": 25,
          "dti": 111,
          "sco": 130,
          "dco": 590,
          "txt": "reservoir"
        },
        {
          "si": 6,
          "sti": 26,
          "dti": 112,
          "sco": 139,
          "dco": 599,
          "txt": "."
        },
        {
          "si": 7,
          "sti": 0,
          "dti": 113,
          "sco": 0,
          "dco": 601,
          "txt": "The"
        },
        {
          "si": 7,
          "sti": 1,
          "dti": 114,
          "sco": 4,
          "dco": 605,
          "txt": "dam"
        },
        {
          "si": 7,
          "sti": 2,
          "dti": 115,
          "sco": 8,
          "dco": 609,
          "txt": "was"
        },
        {
          "si": 7,
          "sti": 3,
          "dti": 116,
          "sco": 12,
          "dco": 613,
          "txt": "constructed"
        },
        {
          "si": 7,
          "sti": 4,
          "dti": 117,
          "sco": 24,
          "dco": 625,
          "txt": "between"
        },
        {
          "si": 7,
          "sti": 5,
          "dti": 118,
          "sco": 32,
          "dco": 633,
          "txt": "1958"
        },
        {
          "si": 7,
          "sti": 6,
          "dti": 119,
          "sco": 37,
          "dco": 638,
          "txt": "and"
        },
        {
          "si": 7,
          "sti": 7,
          "dti": 120,
          "sco": 41,
          "dco": 642,
          "txt": "1961"
        },
        {
          "si": 7,
          "sti": 8,
          "dti": 121,
          "sco": 45,
          "dco": 646,
          "txt": "."
        },
        {
          "si": 8,
          "sti": 0,
          "dti": 122,
          "sco": 0,
          "dco": 648,
          "txt": "The"
        },
        {
          "si": 8,
          "sti": 1,
          "dti": 123,
          "sco": 4,
          "dco": 652,
          "txt": "power"
        },
        {
          "si": 8,
          "sti": 2,
          "dti": 124,
          "sco": 10,
          "dco": 658,
          "txt": "station"
        },
        {
          "si": 8,
          "sti": 3,
          "dti": 125,
          "sco": 18,
          "dco": 666,
          "txt": "was"
        },
        {
          "si": 8,
          "sti": 4,
          "dti": 126,
          "sco": 22,
          "dco": 670,
          "txt": "commissioned"
        },
        {
          "si": 8,
          "sti": 5,
          "dti": 127,
          "sco": 35,
          "dco": 683,
          "txt": "in"
        },
        {
          "si": 8,
          "sti": 6,
          "dti": 128,
          "sco": 38,
          "dco": 686,
          "txt": "1963"
        },
        {
          "si": 8,
          "sti": 7,
          "dti": 129,
          "sco": 42,
          "dco": 690,
          "txt": "."
        },
        {
          "si": 9,
          "sti": 0,
          "dti": 130,
          "sco": 0,
          "dco": 692,
          "txt": "In"
        },
        {
          "si": 9,
          "sti": 1,
          "dti": 131,
          "sco": 3,
          "dco": 695,
          "txt": "March"
        },
        {
          "si": 9,
          "sti": 2,
          "dti": 132,
          "sco": 9,
          "dco": 701,
          "txt": "2014"
        },
        {
          "si": 9,
          "sti": 3,
          "dti": 133,
          "sco": 14,
          "dco": 706,
          "txt": "a"
        },
        {
          "si": 9,
          "sti": 4,
          "dti": 134,
          "sco": 16,
          "dco": 708,
          "txt": "rehabilitation"
        },
        {
          "si": 9,
          "sti": 5,
          "dti": 135,
          "sco": 31,
          "dco": 723,
          "txt": "of"
        },
        {
          "si": 9,
          "sti": 6,
          "dti": 136,
          "sco": 34,
          "dco": 726,
          "txt": "the"
        },
        {
          "si": 9,
          "sti": 7,
          "dti": 137,
          "sco": 38,
          "dco": 730,
          "txt": "power"
        },
        {
          "si": 9,
          "sti": 8,
          "dti": 138,
          "sco": 44,
          "dco": 736,
          "txt": "station"
        },
        {
          "si": 9,
          "sti": 9,
          "dti": 139,
          "sco": 52,
          "dco": 744,
          "txt": "began"
        },
        {
          "si": 9,
          "sti": 10,
          "dti": 140,
          "sco": 57,
          "dco": 749,
          "txt": "."
        }
      ]
    },
    "ganns": {
      "dla": [],
      "la": [],
      "ea": [],
      "eta": [
        {
          "ra": {
            "ea": {
              "etn": "Hanabanilla_Dam"
            }
          },
          "sfs": [
            [
              {
                "stn": "status"
              },
              {}
            ]
          ],
          "mfs": [
            [
              {
                "stn": "rivers"
              },
              {
                "dla": [],
                "la": [],
                "ea": [
                  {
                    "etn": "Hanabanilla_River"
                  }
                ],
                "eta": []
              }
            ],
            [
              {
                "stn": "locations"
              },
              {
                "dla": [],
                "la": [],
                "ea": [
                  {
                    "etn": "Villa_Clara_Province"
                  },
                  {
                    "etn": "El_Salto_del_Hanabanilla"
                  }
                ],
                "eta": []
              }
            ],
            [
              {
                "stn": "openingYears"
              },
              {
                "dla": [
                  {
                    "txt": {
                      "sff": "1961"
                    },
                    "et": {
                      "etn": "Year"
                    },
                    "dp": {
                      "off": 642
                    }
                  }
                ],
                "la": [],
                "ea": [],
                "eta": []
              }
            ],
            [
              {
                "stn": "buildingStartYears"
              },
              {
                "dla": [
                  {
                    "txt": {
                      "sff": "1958"
                    },
                    "et": {
                      "etn": "Year"
                    },
                    "dp": {
                      "off": 633
                    }
                  }
                ],
                "la": [],
                "ea": [],
                "eta": []
              }
            ],
            [
              {
                "stn": "countries"
              },
              {
                "dla": [],
                "la": [],
                "ea": [
                  {
                    "etn": "Cuba"
                  }
                ],
                "eta": []
              }
            ]
          ]
        }
      ]
    }
  }
]
