[
  {
    "context": "TRAIN",
    "doc": {
      "id": "Hongshi_Dam",
      "tl": [
        {
          "si": 0,
          "sti": 0,
          "dti": 0,
          "sco": 0,
          "dco": 0,
          "txt": "Hongshi"
        },
        {
          "si": 0,
          "sti": 1,
          "dti": 1,
          "sco": 8,
          "dco": 8,
          "txt": "Dam"
        },
        {
          "si": 0,
          "sti": 2,
          "dti": 2,
          "sco": 11,
          "dco": 11,
          "txt": "."
        },
        {
          "si": 1,
          "sti": 0,
          "dti": 3,
          "sco": 0,
          "dco": 13,
          "txt": "The"
        },
        {
          "si": 1,
          "sti": 1,
          "dti": 4,
          "sco": 4,
          "dco": 17,
          "txt": "Hongshi"
        },
        {
          "si": 1,
          "sti": 2,
          "dti": 5,
          "sco": 12,
          "dco": 25,
          "txt": "Dam"
        },
        {
          "si": 1,
          "sti": 3,
          "dti": 6,
          "sco": 16,
          "dco": 29,
          "txt": "is"
        },
        {
          "si": 1,
          "sti": 4,
          "dti": 7,
          "sco": 19,
          "dco": 32,
          "txt": "a"
        },
        {
          "si": 1,
          "sti": 5,
          "dti": 8,
          "sco": 21,
          "dco": 34,
          "txt": "gravity"
        },
        {
          "si": 1,
          "sti": 6,
          "dti": 9,
          "sco": 29,
          "dco": 42,
          "txt": "dam"
        },
        {
          "si": 1,
          "sti": 7,
          "dti": 10,
          "sco": 33,
          "dco": 46,
          "txt": "on"
        },
        {
          "si": 1,
          "sti": 8,
          "dti": 11,
          "sco": 36,
          "dco": 49,
          "txt": "the"
        },
        {
          "si": 1,
          "sti": 9,
          "dti": 12,
          "sco": 40,
          "dco": 53,
          "txt": "Second"
        },
        {
          "si": 1,
          "sti": 10,
          "dti": 13,
          "sco": 47,
          "dco": 60,
          "txt": "Songhua"
        },
        {
          "si": 1,
          "sti": 11,
          "dti": 14,
          "sco": 55,
          "dco": 68,
          "txt": "River"
        },
        {
          "si": 1,
          "sti": 12,
          "dti": 15,
          "sco": 61,
          "dco": 74,
          "txt": "located"
        },
        {
          "si": 1,
          "sti": 13,
          "dti": 16,
          "sco": 69,
          "dco": 82,
          "txt": "east"
        },
        {
          "si": 1,
          "sti": 14,
          "dti": 17,
          "sco": 74,
          "dco": 87,
          "txt": "of"
        },
        {
          "si": 1,
          "sti": 15,
          "dti": 18,
          "sco": 77,
          "dco": 90,
          "txt": "Huadian"
        },
        {
          "si": 1,
          "sti": 16,
          "dti": 19,
          "sco": 85,
          "dco": 98,
          "txt": "in"
        },
        {
          "si": 1,
          "sti": 17,
          "dti": 20,
          "sco": 88,
          "dco": 101,
          "txt": "Jilin"
        },
        {
          "si": 1,
          "sti": 18,
          "dti": 21,
          "sco": 94,
          "dco": 107,
          "txt": "Province"
        },
        {
          "si": 1,
          "sti": 19,
          "dti": 22,
          "sco": 102,
          "dco": 115,
          "txt": ","
        },
        {
          "si": 1,
          "sti": 20,
          "dti": 23,
          "sco": 104,
          "dco": 117,
          "txt": "China"
        },
        {
          "si": 1,
          "sti": 21,
          "dti": 24,
          "sco": 109,
          "dco": 122,
          "txt": "."
        },
        {
          "si": 2,
          "sti": 0,
          "dti": 25,
          "sco": 0,
          "dco": 124,
          "txt": "The"
        },
        {
          "si": 2,
          "sti": 1,
          "dti": 26,
          "sco": 4,
          "dco": 128,
          "txt": "primary"
        },
        {
          "si": 2,
          "sti": 2,
          "dti": 27,
          "sco": 12,
          "dco": 136,
          "txt": "purpose"
        },
        {
          "si": 2,
          "sti": 3,
          "dti": 28,
          "sco": 20,
          "dco": 144,
          "txt": "of"
        },
        {
          "si": 2,
          "sti": 4,
          "dti": 29,
          "sco": 23,
          "dco": 147,
          "txt": "the"
        },
        {
          "si": 2,
          "sti": 5,
          "dti": 30,
          "sco": 27,
          "dco": 151,
          "txt": "dam"
        },
        {
          "si": 2,
          "sti": 6,
          "dti": 31,
          "sco": 31,
          "dco": 155,
          "txt": "is"
        },
        {
          "si": 2,
          "sti": 7,
          "dti": 32,
          "sco": 34,
          "dco": 158,
          "txt": "hydroelectric"
        },
        {
          "si": 2,
          "sti": 8,
          "dti": 33,
          "sco": 48,
          "dco": 172,
          "txt": "power"
        },
        {
          "si": 2,
          "sti": 9,
          "dti": 34,
          "sco": 54,
          "dco": 178,
          "txt": "generation"
        },
        {
          "si": 2,
          "sti": 10,
          "dti": 35,
          "sco": 65,
          "dco": 189,
          "txt": "and"
        },
        {
          "si": 2,
          "sti": 11,
          "dti": 36,
          "sco": 69,
          "dco": 193,
          "txt": "its"
        },
        {
          "si": 2,
          "sti": 12,
          "dti": 37,
          "sco": 73,
          "dco": 197,
          "txt": "power"
        },
        {
          "si": 2,
          "sti": 13,
          "dti": 38,
          "sco": 79,
          "dco": 203,
          "txt": "plant"
        },
        {
          "si": 2,
          "sti": 14,
          "dti": 39,
          "sco": 85,
          "dco": 209,
          "txt": "has"
        },
        {
          "si": 2,
          "sti": 15,
          "dti": 40,
          "sco": 89,
          "dco": 213,
          "txt": "an"
        },
        {
          "si": 2,
          "sti": 16,
          "dti": 41,
          "sco": 92,
          "dco": 216,
          "txt": "installed"
        },
        {
          "si": 2,
          "sti": 17,
          "dti": 42,
          "sco": 102,
          "dco": 226,
          "txt": "capacity"
        },
        {
          "si": 2,
          "sti": 18,
          "dti": 43,
          "sco": 111,
          "dco": 235,
          "txt": "of"
        },
        {
          "si": 2,
          "sti": 19,
          "dti": 44,
          "sco": 114,
          "dco": 238,
          "txt": "200"
        },
        {
          "si": 2,
          "sti": 20,
          "dti": 45,
          "sco": 118,
          "dco": 242,
          "txt": "MW"
        },
        {
          "si": 2,
          "sti": 21,
          "dti": 46,
          "sco": 120,
          "dco": 244,
          "txt": "."
        },
        {
          "si": 3,
          "sti": 0,
          "dti": 47,
          "sco": 0,
          "dco": 246,
          "txt": "Construction"
        },
        {
          "si": 3,
          "sti": 1,
          "dti": 48,
          "sco": 13,
          "dco": 259,
          "txt": "on"
        },
        {
          "si": 3,
          "sti": 2,
          "dti": 49,
          "sco": 16,
          "dco": 262,
          "txt": "the"
        },
        {
          "si": 3,
          "sti": 3,
          "dti": 50,
          "sco": 20,
          "dco": 266,
          "txt": "dam"
        },
        {
          "si": 3,
          "sti": 4,
          "dti": 51,
          "sco": 24,
          "dco": 270,
          "txt": "began"
        },
        {
          "si": 3,
          "sti": 5,
          "dti": 52,
          "sco": 30,
          "dco": 276,
          "txt": "in"
        },
        {
          "si": 3,
          "sti": 6,
          "dti": 53,
          "sco": 33,
          "dco": 279,
          "txt": "1982"
        },
        {
          "si": 3,
          "sti": 7,
          "dti": 54,
          "sco": 38,
          "dco": 284,
          "txt": "and"
        },
        {
          "si": 3,
          "sti": 8,
          "dti": 55,
          "sco": 42,
          "dco": 288,
          "txt": "the"
        },
        {
          "si": 3,
          "sti": 9,
          "dti": 56,
          "sco": 46,
          "dco": 292,
          "txt": "reservoir"
        },
        {
          "si": 3,
          "sti": 10,
          "dti": 57,
          "sco": 56,
          "dco": 302,
          "txt": "began"
        },
        {
          "si": 3,
          "sti": 11,
          "dti": 58,
          "sco": 62,
          "dco": 308,
          "txt": "to"
        },
        {
          "si": 3,
          "sti": 12,
          "dti": 59,
          "sco": 65,
          "dco": 311,
          "txt": "fill"
        },
        {
          "si": 3,
          "sti": 13,
          "dti": 60,
          "sco": 70,
          "dco": 316,
          "txt": "in"
        },
        {
          "si": 3,
          "sti": 14,
          "dti": 61,
          "sco": 73,
          "dco": 319,
          "txt": "November"
        },
        {
          "si": 3,
          "sti": 15,
          "dti": 62,
          "sco": 82,
          "dco": 328,
          "txt": "1985"
        },
        {
          "si": 3,
          "sti": 16,
          "dti": 63,
          "sco": 86,
          "dco": 332,
          "txt": "."
        },
        {
          "si": 4,
          "sti": 0,
          "dti": 64,
          "sco": 0,
          "dco": 334,
          "txt": "The"
        },
        {
          "si": 4,
          "sti": 1,
          "dti": 65,
          "sco": 4,
          "dco": 338,
          "txt": "first"
        },
        {
          "si": 4,
          "sti": 2,
          "dti": 66,
          "sco": 10,
          "dco": 344,
          "txt": "generator"
        },
        {
          "si": 4,
          "sti": 3,
          "dti": 67,
          "sco": 20,
          "dco": 354,
          "txt": "was"
        },
        {
          "si": 4,
          "sti": 4,
          "dti": 68,
          "sco": 24,
          "dco": 358,
          "txt": "operational"
        },
        {
          "si": 4,
          "sti": 5,
          "dti": 69,
          "sco": 36,
          "dco": 370,
          "txt": "in"
        },
        {
          "si": 4,
          "sti": 6,
          "dti": 70,
          "sco": 39,
          "dco": 373,
          "txt": "December"
        },
        {
          "si": 4,
          "sti": 7,
          "dti": 71,
          "sco": 48,
          "dco": 382,
          "txt": "1985"
        },
        {
          "si": 4,
          "sti": 8,
          "dti": 72,
          "sco": 53,
          "dco": 387,
          "txt": "and"
        },
        {
          "si": 4,
          "sti": 9,
          "dti": 73,
          "sco": 57,
          "dco": 391,
          "txt": "the"
        },
        {
          "si": 4,
          "sti": 10,
          "dti": 74,
          "sco": 61,
          "dco": 395,
          "txt": "last"
        },
        {
          "si": 4,
          "sti": 11,
          "dti": 75,
          "sco": 66,
          "dco": 400,
          "txt": "in"
        },
        {
          "si": 4,
          "sti": 12,
          "dti": 76,
          "sco": 69,
          "dco": 403,
          "txt": "October"
        },
        {
          "si": 4,
          "sti": 13,
          "dti": 77,
          "sco": 77,
          "dco": 411,
          "txt": "1987"
        },
        {
          "si": 4,
          "sti": 14,
          "dti": 78,
          "sco": 81,
          "dco": 415,
          "txt": "."
        },
        {
          "si": 5,
          "sti": 0,
          "dti": 79,
          "sco": 0,
          "dco": 417,
          "txt": "The"
        },
        {
          "si": 5,
          "sti": 1,
          "dti": 80,
          "sco": 4,
          "dco": 421,
          "txt": "tall"
        },
        {
          "si": 5,
          "sti": 2,
          "dti": 81,
          "sco": 9,
          "dco": 426,
          "txt": "dam"
        },
        {
          "si": 5,
          "sti": 3,
          "dti": 82,
          "sco": 13,
          "dco": 430,
          "txt": "creates"
        },
        {
          "si": 5,
          "sti": 4,
          "dti": 83,
          "sco": 21,
          "dco": 438,
          "txt": "a"
        },
        {
          "si": 5,
          "sti": 5,
          "dti": 84,
          "sco": 23,
          "dco": 440,
          "txt": "reservoir"
        },
        {
          "si": 5,
          "sti": 6,
          "dti": 85,
          "sco": 33,
          "dco": 450,
          "txt": "with"
        },
        {
          "si": 5,
          "sti": 7,
          "dti": 86,
          "sco": 38,
          "dco": 455,
          "txt": "a"
        },
        {
          "si": 5,
          "sti": 8,
          "dti": 87,
          "sco": 40,
          "dco": 457,
          "txt": "normal"
        },
        {
          "si": 5,
          "sti": 9,
          "dti": 88,
          "sco": 47,
          "dco": 464,
          "txt": "storage"
        },
        {
          "si": 5,
          "sti": 10,
          "dti": 89,
          "sco": 55,
          "dco": 472,
          "txt": "capacity"
        },
        {
          "si": 5,
          "sti": 11,
          "dti": 90,
          "sco": 64,
          "dco": 481,
          "txt": "of"
        },
        {
          "si": 5,
          "sti": 12,
          "dti": 91,
          "sco": 66,
          "dco": 483,
          "txt": "."
        },
        {
          "si": 6,
          "sti": 0,
          "dti": 92,
          "sco": 0,
          "dco": 485,
          "txt": "The"
        },
        {
          "si": 6,
          "sti": 1,
          "dti": 93,
          "sco": 4,
          "dco": 489,
          "txt": "dam"
        },
        {
          "si": 6,
          "sti": 2,
          "dti": 94,
          "sco": 8,
          "dco": 493,
          "txt": "is"
        },
        {
          "si": 6,
          "sti": 3,
          "dti": 95,
          "sco": 11,
          "dco": 496,
          "txt": "named"
        },
        {
          "si": 6,
          "sti": 4,
          "dti": 96,
          "sco": 17,
          "dco": 502,
          "txt": "after"
        },
        {
          "si": 6,
          "sti": 5,
          "dti": 97,
          "sco": 23,
          "dco": 508,
          "txt": "the"
        },
        {
          "si": 6,
          "sti": 6,
          "dti": 98,
          "sco": 27,
          "dco": 512,
          "txt": "town"
        },
        {
          "si": 6,
          "sti": 7,
          "dti": 99,
          "sco": 32,
          "dco": 517,
          "txt": "of"
        },
        {
          "si": 6,
          "sti": 8,
          "dti": 100,
          "sco": 35,
          "dco": 520,
          "txt": "Hongshi"
        },
        {
          "si": 6,
          "sti": 9,
          "dti": 101,
          "sco": 42,
          "dco": 527,
          "txt": ","
        },
        {
          "si": 6,
          "sti": 10,
          "dti": 102,
          "sco": 44,
          "dco": 529,
          "txt": "located"
        },
        {
          "si": 6,
          "sti": 11,
          "dti": 103,
          "sco": 52,
          "dco": 537,
          "txt": "downstream"
        },
        {
          "si": 6,
          "sti": 12,
          "dti": 104,
          "sco": 62,
          "dco": 547,
          "txt": "."
        },
        {
          "si": 7,
          "sti": 0,
          "dti": 105,
          "sco": 0,
          "dco": 549,
          "txt": "The"
        },
        {
          "si": 7,
          "sti": 1,
          "dti": 106,
          "sco": 4,
          "dco": 553,
          "txt": "Baishan"
        },
        {
          "si": 7,
          "sti": 2,
          "dti": 107,
          "sco": 12,
          "dco": 561,
          "txt": "Dam"
        },
        {
          "si": 7,
          "sti": 3,
          "dti": 108,
          "sco": 16,
          "dco": 565,
          "txt": "is"
        },
        {
          "si": 7,
          "sti": 4,
          "dti": 109,
          "sco": 19,
          "dco": 568,
          "txt": "located"
        },
        {
          "si": 7,
          "sti": 5,
          "dti": 110,
          "sco": 27,
          "dco": 576,
          "txt": "upstream"
        },
        {
          "si": 7,
          "sti": 6,
          "dti": 111,
          "sco": 36,
          "dco": 585,
          "txt": "and"
        },
        {
          "si": 7,
          "sti": 7,
          "dti": 112,
          "sco": 40,
          "dco": 589,
          "txt": "the"
        },
        {
          "si": 7,
          "sti": 8,
          "dti": 113,
          "sco": 44,
          "dco": 593,
          "txt": "Fengman"
        },
        {
          "si": 7,
          "sti": 9,
          "dti": 114,
          "sco": 52,
          "dco": 601,
          "txt": "Dam"
        },
        {
          "si": 7,
          "sti": 10,
          "dti": 115,
          "sco": 56,
          "dco": 605,
          "txt": "downstream"
        },
        {
          "si": 7,
          "sti": 11,
          "dti": 116,
          "sco": 66,
          "dco": 615,
          "txt": "."
        }
      ]
    },
    "ganns": {
      "dla": [],
      "la": [],
      "ea": [],
      "eta": [
        {
          "ra": {
            "ea": {
              "etn": "Hongshi_Dam"
            }
          },
          "sfs": [
            [
              {
                "stn": "status"
              },
              {}
            ]
          ],
          "mfs": [
            [
              {
                "stn": "rivers"
              },
              {
                "dla": [],
                "la": [],
                "ea": [
                  {
                    "etn": "Second_Songhua_River"
                  }
                ],
                "eta": []
              }
            ],
            [
              {
                "stn": "locations"
              },
              {
                "dla": [],
                "la": [],
                "ea": [
                  {
                    "etn": "Huadian,_Jilin"
                  }
                ],
                "eta": []
              }
            ],
            [
              {
                "stn": "openingYears"
              },
              {
                "dla": [
                  {
                    "txt": {
                      "sff": "1985"
                    },
                    "et": {
                      "etn": "Year"
                    },
                    "dp": {
                      "off": 328
                    }
                  }
                ],
                "la": [],
                "ea": [],
                "eta": []
              }
            ],
            [
              {
                "stn": "buildingStartYears"
              },
              {
                "dla": [
                  {
                    "txt": {
                      "sff": "1982"
                    },
                    "et": {
                      "etn": "Year"
                    },
                    "dp": {
                      "off": 279
                    }
                  }
                ],
                "la": [],
                "ea": [],
                "eta": []
              }
            ],
            [
              {
                "stn": "countries"
              },
              {
                "dla": [],
                "la": [],
                "ea": [],
                "eta": []
              }
            ]
          ]
        }
      ]
    }
  }
]
