[
  {
    "context": "TRAIN",
    "doc": {
      "id": "Hoover_Dam_(Ohio)",
      "tl": [
        {
          "si": 0,
          "sti": 0,
          "dti": 0,
          "sco": 0,
          "dco": 0,
          "txt": "Hoover"
        },
        {
          "si": 0,
          "sti": 1,
          "dti": 1,
          "sco": 7,
          "dco": 7,
          "txt": "Dam"
        },
        {
          "si": 0,
          "sti": 2,
          "dti": 2,
          "sco": 11,
          "dco": 11,
          "txt": "("
        },
        {
          "si": 0,
          "sti": 3,
          "dti": 3,
          "sco": 12,
          "dco": 12,
          "txt": "Ohio"
        },
        {
          "si": 0,
          "sti": 4,
          "dti": 4,
          "sco": 16,
          "dco": 16,
          "txt": ")"
        },
        {
          "si": 0,
          "sti": 5,
          "dti": 5,
          "sco": 17,
          "dco": 17,
          "txt": "."
        },
        {
          "si": 1,
          "sti": 0,
          "dti": 6,
          "sco": 0,
          "dco": 19,
          "txt": "Hoover"
        },
        {
          "si": 1,
          "sti": 1,
          "dti": 7,
          "sco": 7,
          "dco": 26,
          "txt": "Dam"
        },
        {
          "si": 1,
          "sti": 2,
          "dti": 8,
          "sco": 10,
          "dco": 29,
          "txt": ","
        },
        {
          "si": 1,
          "sti": 3,
          "dti": 9,
          "sco": 12,
          "dco": 31,
          "txt": "in"
        },
        {
          "si": 1,
          "sti": 4,
          "dti": 10,
          "sco": 15,
          "dco": 34,
          "txt": "Blendon"
        },
        {
          "si": 1,
          "sti": 5,
          "dti": 11,
          "sco": 23,
          "dco": 42,
          "txt": "Township"
        },
        {
          "si": 1,
          "sti": 6,
          "dti": 12,
          "sco": 31,
          "dco": 50,
          "txt": ","
        },
        {
          "si": 1,
          "sti": 7,
          "dti": 13,
          "sco": 33,
          "dco": 52,
          "txt": "near"
        },
        {
          "si": 1,
          "sti": 8,
          "dti": 14,
          "sco": 38,
          "dco": 57,
          "txt": "Westerville"
        },
        {
          "si": 1,
          "sti": 9,
          "dti": 15,
          "sco": 49,
          "dco": 68,
          "txt": ","
        },
        {
          "si": 1,
          "sti": 10,
          "dti": 16,
          "sco": 51,
          "dco": 70,
          "txt": "Ohio"
        },
        {
          "si": 1,
          "sti": 11,
          "dti": 17,
          "sco": 55,
          "dco": 74,
          "txt": ","
        },
        {
          "si": 1,
          "sti": 12,
          "dti": 18,
          "sco": 57,
          "dco": 76,
          "txt": "dams"
        },
        {
          "si": 1,
          "sti": 13,
          "dti": 19,
          "sco": 62,
          "dco": 81,
          "txt": "the"
        },
        {
          "si": 1,
          "sti": 14,
          "dti": 20,
          "sco": 66,
          "dco": 85,
          "txt": "Big"
        },
        {
          "si": 1,
          "sti": 15,
          "dti": 21,
          "sco": 70,
          "dco": 89,
          "txt": "Walnut"
        },
        {
          "si": 1,
          "sti": 16,
          "dti": 22,
          "sco": 77,
          "dco": 96,
          "txt": "Creek"
        },
        {
          "si": 1,
          "sti": 17,
          "dti": 23,
          "sco": 83,
          "dco": 102,
          "txt": "to"
        },
        {
          "si": 1,
          "sti": 18,
          "dti": 24,
          "sco": 86,
          "dco": 105,
          "txt": "form"
        },
        {
          "si": 1,
          "sti": 19,
          "dti": 25,
          "sco": 91,
          "dco": 110,
          "txt": "the"
        },
        {
          "si": 1,
          "sti": 20,
          "dti": 26,
          "sco": 95,
          "dco": 114,
          "txt": "Hoover"
        },
        {
          "si": 1,
          "sti": 21,
          "dti": 27,
          "sco": 102,
          "dco": 121,
          "txt": "Memorial"
        },
        {
          "si": 1,
          "sti": 22,
          "dti": 28,
          "sco": 111,
          "dco": 130,
          "txt": "Reservoir"
        },
        {
          "si": 1,
          "sti": 23,
          "dti": 29,
          "sco": 120,
          "dco": 139,
          "txt": "."
        },
        {
          "si": 2,
          "sti": 0,
          "dti": 30,
          "sco": 0,
          "dco": 141,
          "txt": "This"
        },
        {
          "si": 2,
          "sti": 1,
          "dti": 31,
          "sco": 5,
          "dco": 146,
          "txt": "reservoir"
        },
        {
          "si": 2,
          "sti": 2,
          "dti": 32,
          "sco": 15,
          "dco": 156,
          "txt": "is"
        },
        {
          "si": 2,
          "sti": 3,
          "dti": 33,
          "sco": 18,
          "dco": 159,
          "txt": "a"
        },
        {
          "si": 2,
          "sti": 4,
          "dti": 34,
          "sco": 20,
          "dco": 161,
          "txt": "major"
        },
        {
          "si": 2,
          "sti": 5,
          "dti": 35,
          "sco": 26,
          "dco": 167,
          "txt": "water"
        },
        {
          "si": 2,
          "sti": 6,
          "dti": 36,
          "sco": 32,
          "dco": 173,
          "txt": "source"
        },
        {
          "si": 2,
          "sti": 7,
          "dti": 37,
          "sco": 39,
          "dco": 180,
          "txt": "for"
        },
        {
          "si": 2,
          "sti": 8,
          "dti": 38,
          "sco": 43,
          "dco": 184,
          "txt": "the"
        },
        {
          "si": 2,
          "sti": 9,
          "dti": 39,
          "sco": 47,
          "dco": 188,
          "txt": "city"
        },
        {
          "si": 2,
          "sti": 10,
          "dti": 40,
          "sco": 52,
          "dco": 193,
          "txt": "of"
        },
        {
          "si": 2,
          "sti": 11,
          "dti": 41,
          "sco": 55,
          "dco": 196,
          "txt": "Columbus"
        },
        {
          "si": 2,
          "sti": 12,
          "dti": 42,
          "sco": 63,
          "dco": 204,
          "txt": ","
        },
        {
          "si": 2,
          "sti": 13,
          "dti": 43,
          "sco": 65,
          "dco": 206,
          "txt": "Ohio"
        },
        {
          "si": 2,
          "sti": 14,
          "dti": 44,
          "sco": 69,
          "dco": 210,
          "txt": "."
        },
        {
          "si": 3,
          "sti": 0,
          "dti": 45,
          "sco": 0,
          "dco": 212,
          "txt": "It"
        },
        {
          "si": 3,
          "sti": 1,
          "dti": 46,
          "sco": 3,
          "dco": 215,
          "txt": "holds"
        },
        {
          "si": 3,
          "sti": 2,
          "dti": 47,
          "sco": 9,
          "dco": 221,
          "txt": "of"
        },
        {
          "si": 3,
          "sti": 3,
          "dti": 48,
          "sco": 12,
          "dco": 224,
          "txt": "water"
        },
        {
          "si": 3,
          "sti": 4,
          "dti": 49,
          "sco": 18,
          "dco": 230,
          "txt": "and"
        },
        {
          "si": 3,
          "sti": 5,
          "dti": 50,
          "sco": 22,
          "dco": 234,
          "txt": "has"
        },
        {
          "si": 3,
          "sti": 6,
          "dti": 51,
          "sco": 26,
          "dco": 238,
          "txt": "a"
        },
        {
          "si": 3,
          "sti": 7,
          "dti": 52,
          "sco": 28,
          "dco": 240,
          "txt": "surface"
        },
        {
          "si": 3,
          "sti": 8,
          "dti": 53,
          "sco": 36,
          "dco": 248,
          "txt": "area"
        },
        {
          "si": 3,
          "sti": 9,
          "dti": 54,
          "sco": 41,
          "dco": 253,
          "txt": "of"
        },
        {
          "si": 3,
          "sti": 10,
          "dti": 55,
          "sco": 43,
          "dco": 255,
          "txt": ","
        },
        {
          "si": 3,
          "sti": 11,
          "dti": 56,
          "sco": 45,
          "dco": 257,
          "txt": "or"
        },
        {
          "si": 3,
          "sti": 12,
          "dti": 57,
          "sco": 48,
          "dco": 260,
          "txt": "about"
        },
        {
          "si": 3,
          "sti": 13,
          "dti": 58,
          "sco": 54,
          "dco": 266,
          "txt": "five"
        },
        {
          "si": 3,
          "sti": 14,
          "dti": 59,
          "sco": 59,
          "dco": 271,
          "txt": "square"
        },
        {
          "si": 3,
          "sti": 15,
          "dti": 60,
          "sco": 66,
          "dco": 278,
          "txt": "miles"
        },
        {
          "si": 3,
          "sti": 16,
          "dti": 61,
          "sco": 71,
          "dco": 283,
          "txt": "."
        },
        {
          "si": 4,
          "sti": 0,
          "dti": 62,
          "sco": 0,
          "dco": 285,
          "txt": "Construction"
        },
        {
          "si": 4,
          "sti": 1,
          "dti": 63,
          "sco": 13,
          "dco": 298,
          "txt": "began"
        },
        {
          "si": 4,
          "sti": 2,
          "dti": 64,
          "sco": 19,
          "dco": 304,
          "txt": "during"
        },
        {
          "si": 4,
          "sti": 3,
          "dti": 65,
          "sco": 26,
          "dco": 311,
          "txt": "1953"
        },
        {
          "si": 4,
          "sti": 4,
          "dti": 66,
          "sco": 31,
          "dco": 316,
          "txt": "due"
        },
        {
          "si": 4,
          "sti": 5,
          "dti": 67,
          "sco": 35,
          "dco": 320,
          "txt": "to"
        },
        {
          "si": 4,
          "sti": 6,
          "dti": 68,
          "sco": 38,
          "dco": 323,
          "txt": "the"
        },
        {
          "si": 4,
          "sti": 7,
          "dti": 69,
          "sco": 42,
          "dco": 327,
          "txt": "increased"
        },
        {
          "si": 4,
          "sti": 8,
          "dti": 70,
          "sco": 52,
          "dco": 337,
          "txt": "water"
        },
        {
          "si": 4,
          "sti": 9,
          "dti": 71,
          "sco": 58,
          "dco": 343,
          "txt": "demand"
        },
        {
          "si": 4,
          "sti": 10,
          "dti": 72,
          "sco": 65,
          "dco": 350,
          "txt": "of"
        },
        {
          "si": 4,
          "sti": 11,
          "dti": 73,
          "sco": 68,
          "dco": 353,
          "txt": "post"
        },
        {
          "si": 4,
          "sti": 12,
          "dti": 74,
          "sco": 72,
          "dco": 357,
          "txt": "-"
        },
        {
          "si": 4,
          "sti": 13,
          "dti": 75,
          "sco": 73,
          "dco": 358,
          "txt": "war"
        },
        {
          "si": 4,
          "sti": 14,
          "dti": 76,
          "sco": 77,
          "dco": 362,
          "txt": "Columbus"
        },
        {
          "si": 4,
          "sti": 15,
          "dti": 77,
          "sco": 85,
          "dco": 370,
          "txt": "."
        },
        {
          "si": 5,
          "sti": 0,
          "dti": 78,
          "sco": 0,
          "dco": 372,
          "txt": "The"
        },
        {
          "si": 5,
          "sti": 1,
          "dti": 79,
          "sco": 4,
          "dco": 376,
          "txt": "project"
        },
        {
          "si": 5,
          "sti": 2,
          "dti": 80,
          "sco": 12,
          "dco": 384,
          "txt": "was"
        },
        {
          "si": 5,
          "sti": 3,
          "dti": 81,
          "sco": 16,
          "dco": 388,
          "txt": "completed"
        },
        {
          "si": 5,
          "sti": 4,
          "dti": 82,
          "sco": 26,
          "dco": 398,
          "txt": "and"
        },
        {
          "si": 5,
          "sti": 5,
          "dti": 83,
          "sco": 30,
          "dco": 402,
          "txt": "dedicated"
        },
        {
          "si": 5,
          "sti": 6,
          "dti": 84,
          "sco": 40,
          "dco": 412,
          "txt": "in"
        },
        {
          "si": 5,
          "sti": 7,
          "dti": 85,
          "sco": 43,
          "dco": 415,
          "txt": "1955"
        },
        {
          "si": 5,
          "sti": 8,
          "dti": 86,
          "sco": 48,
          "dco": 420,
          "txt": "and"
        },
        {
          "si": 5,
          "sti": 9,
          "dti": 87,
          "sco": 52,
          "dco": 424,
          "txt": "the"
        },
        {
          "si": 5,
          "sti": 10,
          "dti": 88,
          "sco": 56,
          "dco": 428,
          "txt": "dam"
        },
        {
          "si": 5,
          "sti": 11,
          "dti": 89,
          "sco": 60,
          "dco": 432,
          "txt": "officially"
        },
        {
          "si": 5,
          "sti": 12,
          "dti": 90,
          "sco": 71,
          "dco": 443,
          "txt": "opened"
        },
        {
          "si": 5,
          "sti": 13,
          "dti": 91,
          "sco": 78,
          "dco": 450,
          "txt": "in"
        },
        {
          "si": 5,
          "sti": 14,
          "dti": 92,
          "sco": 81,
          "dco": 453,
          "txt": "1958"
        },
        {
          "si": 5,
          "sti": 15,
          "dti": 93,
          "sco": 85,
          "dco": 457,
          "txt": "."
        },
        {
          "si": 6,
          "sti": 0,
          "dti": 94,
          "sco": 0,
          "dco": 459,
          "txt": "It"
        },
        {
          "si": 6,
          "sti": 1,
          "dti": 95,
          "sco": 3,
          "dco": 462,
          "txt": "was"
        },
        {
          "si": 6,
          "sti": 2,
          "dti": 96,
          "sco": 7,
          "dco": 466,
          "txt": "named"
        },
        {
          "si": 6,
          "sti": 3,
          "dti": 97,
          "sco": 13,
          "dco": 472,
          "txt": "for"
        },
        {
          "si": 6,
          "sti": 4,
          "dti": 98,
          "sco": 17,
          "dco": 476,
          "txt": "two"
        },
        {
          "si": 6,
          "sti": 5,
          "dti": 99,
          "sco": 21,
          "dco": 480,
          "txt": "brothers"
        },
        {
          "si": 6,
          "sti": 6,
          "dti": 100,
          "sco": 29,
          "dco": 488,
          "txt": ","
        },
        {
          "si": 6,
          "sti": 7,
          "dti": 101,
          "sco": 31,
          "dco": 490,
          "txt": "Charles"
        },
        {
          "si": 6,
          "sti": 8,
          "dti": 102,
          "sco": 39,
          "dco": 498,
          "txt": "P"
        },
        {
          "si": 6,
          "sti": 9,
          "dti": 103,
          "sco": 40,
          "dco": 499,
          "txt": "."
        },
        {
          "si": 7,
          "sti": 0,
          "dti": 104,
          "sco": 0,
          "dco": 501,
          "txt": "Hoover"
        },
        {
          "si": 7,
          "sti": 1,
          "dti": 105,
          "sco": 7,
          "dco": 508,
          "txt": "and"
        },
        {
          "si": 7,
          "sti": 2,
          "dti": 106,
          "sco": 11,
          "dco": 512,
          "txt": "Clarence"
        },
        {
          "si": 7,
          "sti": 3,
          "dti": 107,
          "sco": 20,
          "dco": 521,
          "txt": "B"
        },
        {
          "si": 7,
          "sti": 4,
          "dti": 108,
          "sco": 21,
          "dco": 522,
          "txt": "."
        },
        {
          "si": 8,
          "sti": 0,
          "dti": 109,
          "sco": 0,
          "dco": 524,
          "txt": "Hoover"
        },
        {
          "si": 8,
          "sti": 1,
          "dti": 110,
          "sco": 6,
          "dco": 530,
          "txt": ","
        },
        {
          "si": 8,
          "sti": 2,
          "dti": 111,
          "sco": 8,
          "dco": 532,
          "txt": "to"
        },
        {
          "si": 8,
          "sti": 3,
          "dti": 112,
          "sco": 11,
          "dco": 535,
          "txt": "honor"
        },
        {
          "si": 8,
          "sti": 4,
          "dti": 113,
          "sco": 17,
          "dco": 541,
          "txt": "their"
        },
        {
          "si": 8,
          "sti": 5,
          "dti": 114,
          "sco": 23,
          "dco": 547,
          "txt": "careers"
        },
        {
          "si": 8,
          "sti": 6,
          "dti": 115,
          "sco": 31,
          "dco": 555,
          "txt": "with"
        },
        {
          "si": 8,
          "sti": 7,
          "dti": 116,
          "sco": 36,
          "dco": 560,
          "txt": "the"
        },
        {
          "si": 8,
          "sti": 8,
          "dti": 117,
          "sco": 40,
          "dco": 564,
          "txt": "City"
        },
        {
          "si": 8,
          "sti": 9,
          "dti": 118,
          "sco": 45,
          "dco": 569,
          "txt": "of"
        },
        {
          "si": 8,
          "sti": 10,
          "dti": 119,
          "sco": 48,
          "dco": 572,
          "txt": "Columbus"
        },
        {
          "si": 8,
          "sti": 11,
          "dti": 120,
          "sco": 57,
          "dco": 581,
          "txt": "Waterworks"
        },
        {
          "si": 8,
          "sti": 12,
          "dti": 121,
          "sco": 67,
          "dco": 591,
          "txt": "."
        }
      ]
    },
    "ganns": {
      "dla": [],
      "la": [],
      "ea": [],
      "eta": [
        {
          "ra": {
            "ea": {
              "etn": "Hoover_Dam_(Ohio)"
            }
          },
          "sfs": [
            [
              {
                "stn": "status"
              },
              {}
            ]
          ],
          "mfs": [
            [
              {
                "stn": "rivers"
              },
              {
                "dla": [],
                "la": [],
                "ea": [
                  {
                    "etn": "Big_Walnut_Creek"
                  }
                ],
                "eta": []
              }
            ],
            [
              {
                "stn": "locations"
              },
              {
                "dla": [],
                "la": [],
                "ea": [
                  {
                    "etn": "Blendon_Township,_Franklin_County,_Ohio"
                  },
                  {
                    "etn": "Westerville,_Ohio"
                  }
                ],
                "eta": []
              }
            ],
            [
              {
                "stn": "openingYears"
              },
              {
                "dla": [
                  {
                    "txt": {
                      "sff": "1955"
                    },
                    "et": {
                      "etn": "Year"
                    },
                    "dp": {
                      "off": 415
                    }
                  }
                ],
                "la": [],
                "ea": [],
                "eta": []
              }
            ],
            [
              {
                "stn": "buildingStartYears"
              },
              {
                "dla": [],
                "la": [],
                "ea": [],
                "eta": []
              }
            ],
            [
              {
                "stn": "countries"
              },
              {
                "dla": [],
                "la": [],
                "ea": [],
                "eta": []
              }
            ]
          ]
        }
      ]
    }
  }
]
