[
  {
    "context": "TRAIN",
    "doc": {
      "id": "Imaichi_Dam",
      "tl": [
        {
          "si": 0,
          "sti": 0,
          "dti": 0,
          "sco": 0,
          "dco": 0,
          "txt": "Imaichi"
        },
        {
          "si": 0,
          "sti": 1,
          "dti": 1,
          "sco": 8,
          "dco": 8,
          "txt": "Dam"
        },
        {
          "si": 0,
          "sti": 2,
          "dti": 2,
          "sco": 11,
          "dco": 11,
          "txt": "."
        },
        {
          "si": 1,
          "sti": 0,
          "dti": 3,
          "sco": 0,
          "dco": 13,
          "txt": "The"
        },
        {
          "si": 1,
          "sti": 1,
          "dti": 4,
          "sco": 4,
          "dco": 17,
          "txt": "Imaichi"
        },
        {
          "si": 1,
          "sti": 2,
          "dti": 5,
          "sco": 12,
          "dco": 25,
          "txt": "Dam"
        },
        {
          "si": 1,
          "sti": 3,
          "dti": 6,
          "sco": 16,
          "dco": 29,
          "txt": "("
        },
        {
          "si": 1,
          "sti": 4,
          "dti": 7,
          "sco": 17,
          "dco": 30,
          "txt": "今"
        },
        {
          "si": 1,
          "sti": 5,
          "dti": 8,
          "sco": 18,
          "dco": 31,
          "txt": "市"
        },
        {
          "si": 1,
          "sti": 6,
          "dti": 9,
          "sco": 19,
          "dco": 32,
          "txt": "ダ"
        },
        {
          "si": 1,
          "sti": 7,
          "dti": 10,
          "sco": 20,
          "dco": 33,
          "txt": "ム"
        },
        {
          "si": 1,
          "sti": 8,
          "dti": 11,
          "sco": 21,
          "dco": 34,
          "txt": ")"
        },
        {
          "si": 1,
          "sti": 9,
          "dti": 12,
          "sco": 23,
          "dco": 36,
          "txt": "is"
        },
        {
          "si": 1,
          "sti": 10,
          "dti": 13,
          "sco": 26,
          "dco": 39,
          "txt": "a"
        },
        {
          "si": 1,
          "sti": 11,
          "dti": 14,
          "sco": 28,
          "dco": 41,
          "txt": "concrete"
        },
        {
          "si": 1,
          "sti": 12,
          "dti": 15,
          "sco": 37,
          "dco": 50,
          "txt": "gravity"
        },
        {
          "si": 1,
          "sti": 13,
          "dti": 16,
          "sco": 45,
          "dco": 58,
          "txt": "dam"
        },
        {
          "si": 1,
          "sti": 14,
          "dti": 17,
          "sco": 49,
          "dco": 62,
          "txt": "on"
        },
        {
          "si": 1,
          "sti": 15,
          "dti": 18,
          "sco": 52,
          "dco": 65,
          "txt": "the"
        },
        {
          "si": 1,
          "sti": 16,
          "dti": 19,
          "sco": 56,
          "dco": 69,
          "txt": "Togawa"
        },
        {
          "si": 1,
          "sti": 17,
          "dti": 20,
          "sco": 63,
          "dco": 76,
          "txt": "River"
        },
        {
          "si": 1,
          "sti": 18,
          "dti": 21,
          "sco": 69,
          "dco": 82,
          "txt": "located"
        },
        {
          "si": 1,
          "sti": 19,
          "dti": 22,
          "sco": 77,
          "dco": 90,
          "txt": "west"
        },
        {
          "si": 1,
          "sti": 20,
          "dti": 23,
          "sco": 82,
          "dco": 95,
          "txt": "of"
        },
        {
          "si": 1,
          "sti": 21,
          "dti": 24,
          "sco": 85,
          "dco": 98,
          "txt": "Nikk"
        },
        {
          "si": 1,
          "sti": 22,
          "dti": 25,
          "sco": 89,
          "dco": 102,
          "txt": "ō"
        },
        {
          "si": 1,
          "sti": 23,
          "dti": 26,
          "sco": 91,
          "dco": 104,
          "txt": "in"
        },
        {
          "si": 1,
          "sti": 24,
          "dti": 27,
          "sco": 94,
          "dco": 107,
          "txt": "Tochigi"
        },
        {
          "si": 1,
          "sti": 25,
          "dti": 28,
          "sco": 102,
          "dco": 115,
          "txt": "Prefecture"
        },
        {
          "si": 1,
          "sti": 26,
          "dti": 29,
          "sco": 112,
          "dco": 125,
          "txt": ","
        },
        {
          "si": 1,
          "sti": 27,
          "dti": 30,
          "sco": 114,
          "dco": 127,
          "txt": "Japan"
        },
        {
          "si": 1,
          "sti": 28,
          "dti": 31,
          "sco": 119,
          "dco": 132,
          "txt": "."
        },
        {
          "si": 2,
          "sti": 0,
          "dti": 32,
          "sco": 0,
          "dco": 134,
          "txt": "The"
        },
        {
          "si": 2,
          "sti": 1,
          "dti": 33,
          "sco": 4,
          "dco": 138,
          "txt": "dam"
        },
        {
          "si": 2,
          "sti": 2,
          "dti": 34,
          "sco": 8,
          "dco": 142,
          "txt": "serves"
        },
        {
          "si": 2,
          "sti": 3,
          "dti": 35,
          "sco": 15,
          "dco": 149,
          "txt": "as"
        },
        {
          "si": 2,
          "sti": 4,
          "dti": 36,
          "sco": 18,
          "dco": 152,
          "txt": "the"
        },
        {
          "si": 2,
          "sti": 5,
          "dti": 37,
          "sco": 22,
          "dco": 156,
          "txt": "lower"
        },
        {
          "si": 2,
          "sti": 6,
          "dti": 38,
          "sco": 28,
          "dco": 162,
          "txt": "reservoir"
        },
        {
          "si": 2,
          "sti": 7,
          "dti": 39,
          "sco": 38,
          "dco": 172,
          "txt": "for"
        },
        {
          "si": 2,
          "sti": 8,
          "dti": 40,
          "sco": 42,
          "dco": 176,
          "txt": "the"
        },
        {
          "si": 2,
          "sti": 9,
          "dti": 41,
          "sco": 46,
          "dco": 180,
          "txt": "Imaichi"
        },
        {
          "si": 2,
          "sti": 10,
          "dti": 42,
          "sco": 54,
          "dco": 188,
          "txt": "Pumped"
        },
        {
          "si": 2,
          "sti": 11,
          "dti": 43,
          "sco": 61,
          "dco": 195,
          "txt": "Storage"
        },
        {
          "si": 2,
          "sti": 12,
          "dti": 44,
          "sco": 69,
          "dco": 203,
          "txt": "Power"
        },
        {
          "si": 2,
          "sti": 13,
          "dti": 45,
          "sco": 75,
          "dco": 209,
          "txt": "Station"
        },
        {
          "si": 2,
          "sti": 14,
          "dti": 46,
          "sco": 82,
          "dco": 216,
          "txt": ","
        },
        {
          "si": 2,
          "sti": 15,
          "dti": 47,
          "sco": 84,
          "dco": 218,
          "txt": "while"
        },
        {
          "si": 2,
          "sti": 16,
          "dti": 48,
          "sco": 90,
          "dco": 224,
          "txt": "the"
        },
        {
          "si": 2,
          "sti": 17,
          "dti": 49,
          "sco": 94,
          "dco": 228,
          "txt": "Kuriyama"
        },
        {
          "si": 2,
          "sti": 18,
          "dti": 50,
          "sco": 103,
          "dco": 237,
          "txt": "Dam"
        },
        {
          "si": 2,
          "sti": 19,
          "dti": 51,
          "sco": 107,
          "dco": 241,
          "txt": "forms"
        },
        {
          "si": 2,
          "sti": 20,
          "dti": 52,
          "sco": 113,
          "dco": 247,
          "txt": "the"
        },
        {
          "si": 2,
          "sti": 21,
          "dti": 53,
          "sco": 117,
          "dco": 251,
          "txt": "upper"
        },
        {
          "si": 2,
          "sti": 22,
          "dti": 54,
          "sco": 122,
          "dco": 256,
          "txt": "."
        },
        {
          "si": 3,
          "sti": 0,
          "dti": 55,
          "sco": 0,
          "dco": 258,
          "txt": "It"
        },
        {
          "si": 3,
          "sti": 1,
          "dti": 56,
          "sco": 3,
          "dco": 261,
          "txt": "is"
        },
        {
          "si": 3,
          "sti": 2,
          "dti": 57,
          "sco": 6,
          "dco": 264,
          "txt": "owned"
        },
        {
          "si": 3,
          "sti": 3,
          "dti": 58,
          "sco": 12,
          "dco": 270,
          "txt": "by"
        },
        {
          "si": 3,
          "sti": 4,
          "dti": 59,
          "sco": 15,
          "dco": 273,
          "txt": "TEPCO"
        },
        {
          "si": 3,
          "sti": 5,
          "dti": 60,
          "sco": 21,
          "dco": 279,
          "txt": "and"
        },
        {
          "si": 3,
          "sti": 6,
          "dti": 61,
          "sco": 25,
          "dco": 283,
          "txt": "was"
        },
        {
          "si": 3,
          "sti": 7,
          "dti": 62,
          "sco": 29,
          "dco": 287,
          "txt": "constructed"
        },
        {
          "si": 3,
          "sti": 8,
          "dti": 63,
          "sco": 41,
          "dco": 299,
          "txt": "between"
        },
        {
          "si": 3,
          "sti": 9,
          "dti": 64,
          "sco": 49,
          "dco": 307,
          "txt": "1979"
        },
        {
          "si": 3,
          "sti": 10,
          "dti": 65,
          "sco": 54,
          "dco": 312,
          "txt": "and"
        },
        {
          "si": 3,
          "sti": 11,
          "dti": 66,
          "sco": 58,
          "dco": 316,
          "txt": "1986"
        },
        {
          "si": 3,
          "sti": 12,
          "dti": 67,
          "sco": 62,
          "dco": 320,
          "txt": ","
        },
        {
          "si": 3,
          "sti": 13,
          "dti": 68,
          "sco": 64,
          "dco": 322,
          "txt": "with"
        },
        {
          "si": 3,
          "sti": 14,
          "dti": 69,
          "sco": 69,
          "dco": 327,
          "txt": "the"
        },
        {
          "si": 3,
          "sti": 15,
          "dti": 70,
          "sco": 73,
          "dco": 331,
          "txt": "first"
        },
        {
          "si": 3,
          "sti": 16,
          "dti": 71,
          "sco": 79,
          "dco": 337,
          "txt": "generator"
        },
        {
          "si": 3,
          "sti": 17,
          "dti": 72,
          "sco": 89,
          "dco": 347,
          "txt": "commissioned"
        },
        {
          "si": 3,
          "sti": 18,
          "dti": 73,
          "sco": 102,
          "dco": 360,
          "txt": "in"
        },
        {
          "si": 3,
          "sti": 19,
          "dti": 74,
          "sco": 105,
          "dco": 363,
          "txt": "1988"
        },
        {
          "si": 3,
          "sti": 20,
          "dti": 75,
          "sco": 109,
          "dco": 367,
          "txt": "."
        },
        {
          "si": 4,
          "sti": 0,
          "dti": 76,
          "sco": 0,
          "dco": 369,
          "txt": "Its"
        },
        {
          "si": 4,
          "sti": 1,
          "dti": 77,
          "sco": 4,
          "dco": 373,
          "txt": "reservoir"
        },
        {
          "si": 4,
          "sti": 2,
          "dti": 78,
          "sco": 14,
          "dco": 383,
          "txt": "can"
        },
        {
          "si": 4,
          "sti": 3,
          "dti": 79,
          "sco": 18,
          "dco": 387,
          "txt": "store"
        },
        {
          "si": 4,
          "sti": 4,
          "dti": 80,
          "sco": 24,
          "dco": 393,
          "txt": "of"
        },
        {
          "si": 4,
          "sti": 5,
          "dti": 81,
          "sco": 27,
          "dco": 396,
          "txt": "water"
        },
        {
          "si": 4,
          "sti": 6,
          "dti": 82,
          "sco": 32,
          "dco": 401,
          "txt": "."
        },
        {
          "si": 5,
          "sti": 0,
          "dti": 83,
          "sco": 0,
          "dco": 403,
          "txt": "Of"
        },
        {
          "si": 5,
          "sti": 1,
          "dti": 84,
          "sco": 3,
          "dco": 406,
          "txt": "that"
        },
        {
          "si": 5,
          "sti": 2,
          "dti": 85,
          "sco": 8,
          "dco": 411,
          "txt": "storage"
        },
        {
          "si": 5,
          "sti": 3,
          "dti": 86,
          "sco": 16,
          "dco": 419,
          "txt": "volume"
        },
        {
          "si": 5,
          "sti": 4,
          "dti": 87,
          "sco": 22,
          "dco": 425,
          "txt": ","
        },
        {
          "si": 5,
          "sti": 5,
          "dti": 88,
          "sco": 24,
          "dco": 427,
          "txt": "can"
        },
        {
          "si": 5,
          "sti": 6,
          "dti": 89,
          "sco": 28,
          "dco": 431,
          "txt": "be"
        },
        {
          "si": 5,
          "sti": 7,
          "dti": 90,
          "sco": 31,
          "dco": 434,
          "txt": "used"
        },
        {
          "si": 5,
          "sti": 8,
          "dti": 91,
          "sco": 36,
          "dco": 439,
          "txt": "for"
        },
        {
          "si": 5,
          "sti": 9,
          "dti": 92,
          "sco": 40,
          "dco": 443,
          "txt": "power"
        },
        {
          "si": 5,
          "sti": 10,
          "dti": 93,
          "sco": 46,
          "dco": 449,
          "txt": "generation"
        },
        {
          "si": 5,
          "sti": 11,
          "dti": 94,
          "sco": 56,
          "dco": 459,
          "txt": "."
        },
        {
          "si": 6,
          "sti": 0,
          "dti": 95,
          "sco": 0,
          "dco": 461,
          "txt": "Imaichi"
        },
        {
          "si": 6,
          "sti": 1,
          "dti": 96,
          "sco": 8,
          "dco": 469,
          "txt": "Pumped"
        },
        {
          "si": 6,
          "sti": 2,
          "dti": 97,
          "sco": 15,
          "dco": 476,
          "txt": "Storage"
        },
        {
          "si": 6,
          "sti": 3,
          "dti": 98,
          "sco": 23,
          "dco": 484,
          "txt": "Power"
        },
        {
          "si": 6,
          "sti": 4,
          "dti": 99,
          "sco": 29,
          "dco": 490,
          "txt": "Station"
        },
        {
          "si": 6,
          "sti": 5,
          "dti": 100,
          "sco": 36,
          "dco": 497,
          "txt": "."
        },
        {
          "si": 7,
          "sti": 0,
          "dti": 101,
          "sco": 0,
          "dco": 499,
          "txt": "The"
        },
        {
          "si": 7,
          "sti": 1,
          "dti": 102,
          "sco": 4,
          "dco": 503,
          "txt": "power"
        },
        {
          "si": 7,
          "sti": 2,
          "dti": 103,
          "sco": 10,
          "dco": 509,
          "txt": "plant"
        },
        {
          "si": 7,
          "sti": 3,
          "dti": 104,
          "sco": 16,
          "dco": 515,
          "txt": "operates"
        },
        {
          "si": 7,
          "sti": 4,
          "dti": 105,
          "sco": 25,
          "dco": 524,
          "txt": "using"
        },
        {
          "si": 7,
          "sti": 5,
          "dti": 106,
          "sco": 31,
          "dco": 530,
          "txt": "the"
        },
        {
          "si": 7,
          "sti": 6,
          "dti": 107,
          "sco": 35,
          "dco": 534,
          "txt": "pumped"
        },
        {
          "si": 7,
          "sti": 7,
          "dti": 108,
          "sco": 42,
          "dco": 541,
          "txt": "storage"
        },
        {
          "si": 7,
          "sti": 8,
          "dti": 109,
          "sco": 50,
          "dco": 549,
          "txt": "hydroelectric"
        },
        {
          "si": 7,
          "sti": 9,
          "dti": 110,
          "sco": 64,
          "dco": 563,
          "txt": "method"
        },
        {
          "si": 7,
          "sti": 10,
          "dti": 111,
          "sco": 70,
          "dco": 569,
          "txt": "."
        },
        {
          "si": 8,
          "sti": 0,
          "dti": 112,
          "sco": 0,
          "dco": 571,
          "txt": "During"
        },
        {
          "si": 8,
          "sti": 1,
          "dti": 113,
          "sco": 7,
          "dco": 578,
          "txt": "periods"
        },
        {
          "si": 8,
          "sti": 2,
          "dti": 114,
          "sco": 15,
          "dco": 586,
          "txt": "of"
        },
        {
          "si": 8,
          "sti": 3,
          "dti": 115,
          "sco": 18,
          "dco": 589,
          "txt": "high"
        },
        {
          "si": 8,
          "sti": 4,
          "dti": 116,
          "sco": 23,
          "dco": 594,
          "txt": "electricity"
        },
        {
          "si": 8,
          "sti": 5,
          "dti": 117,
          "sco": 35,
          "dco": 606,
          "txt": "demand"
        },
        {
          "si": 8,
          "sti": 6,
          "dti": 118,
          "sco": 41,
          "dco": 612,
          "txt": ","
        },
        {
          "si": 8,
          "sti": 7,
          "dti": 119,
          "sco": 43,
          "dco": 614,
          "txt": "water"
        },
        {
          "si": 8,
          "sti": 8,
          "dti": 120,
          "sco": 49,
          "dco": 620,
          "txt": "is"
        },
        {
          "si": 8,
          "sti": 9,
          "dti": 121,
          "sco": 52,
          "dco": 623,
          "txt": "sent"
        },
        {
          "si": 8,
          "sti": 10,
          "dti": 122,
          "sco": 57,
          "dco": 628,
          "txt": "from"
        },
        {
          "si": 8,
          "sti": 11,
          "dti": 123,
          "sco": 62,
          "dco": 633,
          "txt": "the"
        },
        {
          "si": 8,
          "sti": 12,
          "dti": 124,
          "sco": 66,
          "dco": 637,
          "txt": "upper"
        },
        {
          "si": 8,
          "sti": 13,
          "dti": 125,
          "sco": 72,
          "dco": 643,
          "txt": "Kuriyama"
        },
        {
          "si": 8,
          "sti": 14,
          "dti": 126,
          "sco": 81,
          "dco": 652,
          "txt": "Reservoir"
        },
        {
          "si": 8,
          "sti": 15,
          "dti": 127,
          "sco": 91,
          "dco": 662,
          "txt": "to"
        },
        {
          "si": 8,
          "sti": 16,
          "dti": 128,
          "sco": 94,
          "dco": 665,
          "txt": "the"
        },
        {
          "si": 8,
          "sti": 17,
          "dti": 129,
          "sco": 98,
          "dco": 669,
          "txt": "power"
        },
        {
          "si": 8,
          "sti": 18,
          "dti": 130,
          "sco": 104,
          "dco": 675,
          "txt": "plant"
        },
        {
          "si": 8,
          "sti": 19,
          "dti": 131,
          "sco": 110,
          "dco": 681,
          "txt": "which"
        },
        {
          "si": 8,
          "sti": 20,
          "dti": 132,
          "sco": 116,
          "dco": 687,
          "txt": "contains"
        },
        {
          "si": 8,
          "sti": 21,
          "dti": 133,
          "sco": 125,
          "dco": 696,
          "txt": "3"
        },
        {
          "si": 8,
          "sti": 22,
          "dti": 134,
          "sco": 127,
          "dco": 698,
          "txt": "x"
        },
        {
          "si": 8,
          "sti": 23,
          "dti": 135,
          "sco": 129,
          "dco": 700,
          "txt": "Francis"
        },
        {
          "si": 8,
          "sti": 24,
          "dti": 136,
          "sco": 137,
          "dco": 708,
          "txt": "pump"
        },
        {
          "si": 8,
          "sti": 25,
          "dti": 137,
          "sco": 142,
          "dco": 713,
          "txt": "turbines"
        },
        {
          "si": 8,
          "sti": 26,
          "dti": 138,
          "sco": 150,
          "dco": 721,
          "txt": "."
        },
        {
          "si": 9,
          "sti": 0,
          "dti": 139,
          "sco": 0,
          "dco": 723,
          "txt": "Water"
        },
        {
          "si": 9,
          "sti": 1,
          "dti": 140,
          "sco": 6,
          "dco": 729,
          "txt": "discharged"
        },
        {
          "si": 9,
          "sti": 2,
          "dti": 141,
          "sco": 17,
          "dco": 740,
          "txt": "from"
        },
        {
          "si": 9,
          "sti": 3,
          "dti": 142,
          "sco": 22,
          "dco": 745,
          "txt": "the"
        },
        {
          "si": 9,
          "sti": 4,
          "dti": 143,
          "sco": 26,
          "dco": 749,
          "txt": "power"
        },
        {
          "si": 9,
          "sti": 5,
          "dti": 144,
          "sco": 32,
          "dco": 755,
          "txt": "plant"
        },
        {
          "si": 9,
          "sti": 6,
          "dti": 145,
          "sco": 38,
          "dco": 761,
          "txt": "then"
        },
        {
          "si": 9,
          "sti": 7,
          "dti": 146,
          "sco": 43,
          "dco": 766,
          "txt": "enters"
        },
        {
          "si": 9,
          "sti": 8,
          "dti": 147,
          "sco": 50,
          "dco": 773,
          "txt": "the"
        },
        {
          "si": 9,
          "sti": 9,
          "dti": 148,
          "sco": 54,
          "dco": 777,
          "txt": "Imaichi"
        },
        {
          "si": 9,
          "sti": 10,
          "dti": 149,
          "sco": 62,
          "dco": 785,
          "txt": "Reservoir"
        },
        {
          "si": 9,
          "sti": 11,
          "dti": 150,
          "sco": 71,
          "dco": 794,
          "txt": "."
        },
        {
          "si": 10,
          "sti": 0,
          "dti": 151,
          "sco": 0,
          "dco": 796,
          "txt": "When"
        },
        {
          "si": 10,
          "sti": 1,
          "dti": 152,
          "sco": 5,
          "dco": 801,
          "txt": "demand"
        },
        {
          "si": 10,
          "sti": 2,
          "dti": 153,
          "sco": 12,
          "dco": 808,
          "txt": "is"
        },
        {
          "si": 10,
          "sti": 3,
          "dti": 154,
          "sco": 15,
          "dco": 811,
          "txt": "low"
        },
        {
          "si": 10,
          "sti": 4,
          "dti": 155,
          "sco": 18,
          "dco": 814,
          "txt": ","
        },
        {
          "si": 10,
          "sti": 5,
          "dti": 156,
          "sco": 20,
          "dco": 816,
          "txt": "the"
        },
        {
          "si": 10,
          "sti": 6,
          "dti": 157,
          "sco": 24,
          "dco": 820,
          "txt": "pump"
        },
        {
          "si": 10,
          "sti": 7,
          "dti": 158,
          "sco": 28,
          "dco": 824,
          "txt": "-"
        },
        {
          "si": 10,
          "sti": 8,
          "dti": 159,
          "sco": 29,
          "dco": 825,
          "txt": "generators"
        },
        {
          "si": 10,
          "sti": 9,
          "dti": 160,
          "sco": 40,
          "dco": 836,
          "txt": "reverse"
        },
        {
          "si": 10,
          "sti": 10,
          "dti": 161,
          "sco": 48,
          "dco": 844,
          "txt": "mode"
        },
        {
          "si": 10,
          "sti": 11,
          "dti": 162,
          "sco": 53,
          "dco": 849,
          "txt": "and"
        },
        {
          "si": 10,
          "sti": 12,
          "dti": 163,
          "sco": 57,
          "dco": 853,
          "txt": "pump"
        },
        {
          "si": 10,
          "sti": 13,
          "dti": 164,
          "sco": 62,
          "dco": 858,
          "txt": "water"
        },
        {
          "si": 10,
          "sti": 14,
          "dti": 165,
          "sco": 68,
          "dco": 864,
          "txt": "from"
        },
        {
          "si": 10,
          "sti": 15,
          "dti": 166,
          "sco": 73,
          "dco": 869,
          "txt": "the"
        },
        {
          "si": 10,
          "sti": 16,
          "dti": 167,
          "sco": 77,
          "dco": 873,
          "txt": "lower"
        },
        {
          "si": 10,
          "sti": 17,
          "dti": 168,
          "sco": 83,
          "dco": 879,
          "txt": "reservoir"
        },
        {
          "si": 10,
          "sti": 18,
          "dti": 169,
          "sco": 93,
          "dco": 889,
          "txt": "back"
        },
        {
          "si": 10,
          "sti": 19,
          "dti": 170,
          "sco": 98,
          "dco": 894,
          "txt": "up"
        },
        {
          "si": 10,
          "sti": 20,
          "dti": 171,
          "sco": 101,
          "dco": 897,
          "txt": "to"
        },
        {
          "si": 10,
          "sti": 21,
          "dti": 172,
          "sco": 104,
          "dco": 900,
          "txt": "the"
        },
        {
          "si": 10,
          "sti": 22,
          "dti": 173,
          "sco": 108,
          "dco": 904,
          "txt": "upper"
        },
        {
          "si": 10,
          "sti": 23,
          "dti": 174,
          "sco": 113,
          "dco": 909,
          "txt": "."
        },
        {
          "si": 11,
          "sti": 0,
          "dti": 175,
          "sco": 0,
          "dco": 911,
          "txt": "The"
        },
        {
          "si": 11,
          "sti": 1,
          "dti": 176,
          "sco": 4,
          "dco": 915,
          "txt": "process"
        },
        {
          "si": 11,
          "sti": 2,
          "dti": 177,
          "sco": 12,
          "dco": 923,
          "txt": "repeats"
        },
        {
          "si": 11,
          "sti": 3,
          "dti": 178,
          "sco": 20,
          "dco": 931,
          "txt": "as"
        },
        {
          "si": 11,
          "sti": 4,
          "dti": 179,
          "sco": 23,
          "dco": 934,
          "txt": "needed"
        },
        {
          "si": 11,
          "sti": 5,
          "dti": 180,
          "sco": 29,
          "dco": 940,
          "txt": "."
        }
      ]
    },
    "ganns": {
      "dla": [],
      "la": [],
      "ea": [],
      "eta": [
        {
          "ra": {
            "ea": {
              "etn": "Imaichi_Dam"
            }
          },
          "sfs": [
            [
              {
                "stn": "status"
              },
              {}
            ]
          ],
          "mfs": [
            [
              {
                "stn": "rivers"
              },
              {
                "dla": [],
                "la": [],
                "ea": [
                  {
                    "etn": "Togawa_River"
                  }
                ],
                "eta": []
              }
            ],
            [
              {
                "stn": "locations"
              },
              {
                "dla": [],
                "la": [],
                "ea": [
                  {
                    "etn": "Tochigi_Prefecture"
                  }
                ],
                "eta": []
              }
            ],
            [
              {
                "stn": "openingYears"
              },
              {
                "dla": [
                  {
                    "txt": {
                      "sff": "1986"
                    },
                    "et": {
                      "etn": "Year"
                    },
                    "dp": {
                      "off": 316
                    }
                  }
                ],
                "la": [],
                "ea": [],
                "eta": []
              }
            ],
            [
              {
                "stn": "buildingStartYears"
              },
              {
                "dla": [
                  {
                    "txt": {
                      "sff": "1979"
                    },
                    "et": {
                      "etn": "Year"
                    },
                    "dp": {
                      "off": 307
                    }
                  }
                ],
                "la": [],
                "ea": [],
                "eta": []
              }
            ],
            [
              {
                "stn": "countries"
              },
              {
                "dla": [],
                "la": [],
                "ea": [],
                "eta": []
              }
            ]
          ]
        }
      ]
    }
  }
]
