[
  {
    "context": "TEST",
    "doc": {
      "id": "Inguri_Dam",
      "tl": [
        {
          "si": 0,
          "sti": 0,
          "dti": 0,
          "sco": 0,
          "dco": 0,
          "txt": "Inguri"
        },
        {
          "si": 0,
          "sti": 1,
          "dti": 1,
          "sco": 7,
          "dco": 7,
          "txt": "Dam"
        },
        {
          "si": 0,
          "sti": 2,
          "dti": 2,
          "sco": 10,
          "dco": 10,
          "txt": "."
        },
        {
          "si": 1,
          "sti": 0,
          "dti": 3,
          "sco": 0,
          "dco": 12,
          "txt": "The"
        },
        {
          "si": 1,
          "sti": 1,
          "dti": 4,
          "sco": 4,
          "dco": 16,
          "txt": "Inguri"
        },
        {
          "si": 1,
          "sti": 2,
          "dti": 5,
          "sco": 11,
          "dco": 23,
          "txt": "Dam"
        },
        {
          "si": 1,
          "sti": 3,
          "dti": 6,
          "sco": 15,
          "dco": 27,
          "txt": "is"
        },
        {
          "si": 1,
          "sti": 4,
          "dti": 7,
          "sco": 18,
          "dco": 30,
          "txt": "a"
        },
        {
          "si": 1,
          "sti": 5,
          "dti": 8,
          "sco": 20,
          "dco": 32,
          "txt": "hydroelectric"
        },
        {
          "si": 1,
          "sti": 6,
          "dti": 9,
          "sco": 34,
          "dco": 46,
          "txt": "dam"
        },
        {
          "si": 1,
          "sti": 7,
          "dti": 10,
          "sco": 38,
          "dco": 50,
          "txt": "on"
        },
        {
          "si": 1,
          "sti": 8,
          "dti": 11,
          "sco": 41,
          "dco": 53,
          "txt": "the"
        },
        {
          "si": 1,
          "sti": 9,
          "dti": 12,
          "sco": 45,
          "dco": 57,
          "txt": "Inguri"
        },
        {
          "si": 1,
          "sti": 10,
          "dti": 13,
          "sco": 52,
          "dco": 64,
          "txt": "River"
        },
        {
          "si": 1,
          "sti": 11,
          "dti": 14,
          "sco": 58,
          "dco": 70,
          "txt": "in"
        },
        {
          "si": 1,
          "sti": 12,
          "dti": 15,
          "sco": 61,
          "dco": 73,
          "txt": "Georgia"
        },
        {
          "si": 1,
          "sti": 13,
          "dti": 16,
          "sco": 68,
          "dco": 80,
          "txt": "."
        },
        {
          "si": 2,
          "sti": 0,
          "dti": 17,
          "sco": 0,
          "dco": 82,
          "txt": "Currently"
        },
        {
          "si": 2,
          "sti": 1,
          "dti": 18,
          "sco": 10,
          "dco": 92,
          "txt": "it"
        },
        {
          "si": 2,
          "sti": 2,
          "dti": 19,
          "sco": 13,
          "dco": 95,
          "txt": "is"
        },
        {
          "si": 2,
          "sti": 3,
          "dti": 20,
          "sco": 16,
          "dco": 98,
          "txt": "the"
        },
        {
          "si": 2,
          "sti": 4,
          "dti": 21,
          "sco": 20,
          "dco": 102,
          "txt": "world"
        },
        {
          "si": 2,
          "sti": 5,
          "dti": 22,
          "sco": 25,
          "dco": 107,
          "txt": "'"
        },
        {
          "si": 2,
          "sti": 6,
          "dti": 23,
          "sco": 26,
          "dco": 108,
          "txt": "s"
        },
        {
          "si": 2,
          "sti": 7,
          "dti": 24,
          "sco": 28,
          "dco": 110,
          "txt": "second"
        },
        {
          "si": 2,
          "sti": 8,
          "dti": 25,
          "sco": 35,
          "dco": 117,
          "txt": "highest"
        },
        {
          "si": 2,
          "sti": 9,
          "dti": 26,
          "sco": 43,
          "dco": 125,
          "txt": "concrete"
        },
        {
          "si": 2,
          "sti": 10,
          "dti": 27,
          "sco": 52,
          "dco": 134,
          "txt": "arch"
        },
        {
          "si": 2,
          "sti": 11,
          "dti": 28,
          "sco": 57,
          "dco": 139,
          "txt": "dam"
        },
        {
          "si": 2,
          "sti": 12,
          "dti": 29,
          "sco": 61,
          "dco": 143,
          "txt": "with"
        },
        {
          "si": 2,
          "sti": 13,
          "dti": 30,
          "sco": 66,
          "dco": 148,
          "txt": "a"
        },
        {
          "si": 2,
          "sti": 14,
          "dti": 31,
          "sco": 68,
          "dco": 150,
          "txt": "height"
        },
        {
          "si": 2,
          "sti": 15,
          "dti": 32,
          "sco": 75,
          "dco": 157,
          "txt": "of"
        },
        {
          "si": 2,
          "sti": 16,
          "dti": 33,
          "sco": 77,
          "dco": 159,
          "txt": "."
        },
        {
          "si": 3,
          "sti": 0,
          "dti": 34,
          "sco": 0,
          "dco": 161,
          "txt": "It"
        },
        {
          "si": 3,
          "sti": 1,
          "dti": 35,
          "sco": 3,
          "dco": 164,
          "txt": "is"
        },
        {
          "si": 3,
          "sti": 2,
          "dti": 36,
          "sco": 6,
          "dco": 167,
          "txt": "located"
        },
        {
          "si": 3,
          "sti": 3,
          "dti": 37,
          "sco": 14,
          "dco": 175,
          "txt": "north"
        },
        {
          "si": 3,
          "sti": 4,
          "dti": 38,
          "sco": 20,
          "dco": 181,
          "txt": "of"
        },
        {
          "si": 3,
          "sti": 5,
          "dti": 39,
          "sco": 23,
          "dco": 184,
          "txt": "the"
        },
        {
          "si": 3,
          "sti": 6,
          "dti": 40,
          "sco": 27,
          "dco": 188,
          "txt": "town"
        },
        {
          "si": 3,
          "sti": 7,
          "dti": 41,
          "sco": 32,
          "dco": 193,
          "txt": "Jvari"
        },
        {
          "si": 3,
          "sti": 8,
          "dti": 42,
          "sco": 37,
          "dco": 198,
          "txt": "."
        },
        {
          "si": 4,
          "sti": 0,
          "dti": 43,
          "sco": 0,
          "dco": 200,
          "txt": "It"
        },
        {
          "si": 4,
          "sti": 1,
          "dti": 44,
          "sco": 3,
          "dco": 203,
          "txt": "is"
        },
        {
          "si": 4,
          "sti": 2,
          "dti": 45,
          "sco": 6,
          "dco": 206,
          "txt": "part"
        },
        {
          "si": 4,
          "sti": 3,
          "dti": 46,
          "sco": 11,
          "dco": 211,
          "txt": "of"
        },
        {
          "si": 4,
          "sti": 4,
          "dti": 47,
          "sco": 14,
          "dco": 214,
          "txt": "the"
        },
        {
          "si": 4,
          "sti": 5,
          "dti": 48,
          "sco": 18,
          "dco": 218,
          "txt": "Inguri"
        },
        {
          "si": 4,
          "sti": 6,
          "dti": 49,
          "sco": 25,
          "dco": 225,
          "txt": "hydroelectric"
        },
        {
          "si": 4,
          "sti": 7,
          "dti": 50,
          "sco": 39,
          "dco": 239,
          "txt": "power"
        },
        {
          "si": 4,
          "sti": 8,
          "dti": 51,
          "sco": 45,
          "dco": 245,
          "txt": "station"
        },
        {
          "si": 4,
          "sti": 9,
          "dti": 52,
          "sco": 53,
          "dco": 253,
          "txt": "("
        },
        {
          "si": 4,
          "sti": 10,
          "dti": 53,
          "sco": 54,
          "dco": 254,
          "txt": "HES"
        },
        {
          "si": 4,
          "sti": 11,
          "dti": 54,
          "sco": 57,
          "dco": 257,
          "txt": ")"
        },
        {
          "si": 4,
          "sti": 12,
          "dti": 55,
          "sco": 59,
          "dco": 259,
          "txt": "which"
        },
        {
          "si": 4,
          "sti": 13,
          "dti": 56,
          "sco": 65,
          "dco": 265,
          "txt": "is"
        },
        {
          "si": 4,
          "sti": 14,
          "dti": 57,
          "sco": 68,
          "dco": 268,
          "txt": "partially"
        },
        {
          "si": 4,
          "sti": 15,
          "dti": 58,
          "sco": 78,
          "dco": 278,
          "txt": "located"
        },
        {
          "si": 4,
          "sti": 16,
          "dti": 59,
          "sco": 86,
          "dco": 286,
          "txt": "in"
        },
        {
          "si": 4,
          "sti": 17,
          "dti": 60,
          "sco": 89,
          "dco": 289,
          "txt": "Abkhazia"
        },
        {
          "si": 4,
          "sti": 18,
          "dti": 61,
          "sco": 97,
          "dco": 297,
          "txt": ","
        },
        {
          "si": 4,
          "sti": 19,
          "dti": 62,
          "sco": 99,
          "dco": 299,
          "txt": "the"
        },
        {
          "si": 4,
          "sti": 20,
          "dti": 63,
          "sco": 103,
          "dco": 303,
          "txt": "separatist"
        },
        {
          "si": 4,
          "sti": 21,
          "dti": 64,
          "sco": 114,
          "dco": 314,
          "txt": "region"
        },
        {
          "si": 4,
          "sti": 22,
          "dti": 65,
          "sco": 121,
          "dco": 321,
          "txt": "of"
        },
        {
          "si": 4,
          "sti": 23,
          "dti": 66,
          "sco": 124,
          "dco": 324,
          "txt": "Georgia"
        },
        {
          "si": 4,
          "sti": 24,
          "dti": 67,
          "sco": 131,
          "dco": 331,
          "txt": "."
        },
        {
          "si": 5,
          "sti": 0,
          "dti": 68,
          "sco": 0,
          "dco": 333,
          "txt": "History"
        },
        {
          "si": 5,
          "sti": 1,
          "dti": 69,
          "sco": 7,
          "dco": 340,
          "txt": "."
        },
        {
          "si": 6,
          "sti": 0,
          "dti": 70,
          "sco": 0,
          "dco": 342,
          "txt": "Soviet"
        },
        {
          "si": 6,
          "sti": 1,
          "dti": 71,
          "sco": 7,
          "dco": 349,
          "txt": "President"
        },
        {
          "si": 6,
          "sti": 2,
          "dti": 72,
          "sco": 17,
          "dco": 359,
          "txt": "Nikita"
        },
        {
          "si": 6,
          "sti": 3,
          "dti": 73,
          "sco": 24,
          "dco": 366,
          "txt": "Khrushchev"
        },
        {
          "si": 6,
          "sti": 4,
          "dti": 74,
          "sco": 35,
          "dco": 377,
          "txt": "initially"
        },
        {
          "si": 6,
          "sti": 5,
          "dti": 75,
          "sco": 45,
          "dco": 387,
          "txt": "proposed"
        },
        {
          "si": 6,
          "sti": 6,
          "dti": 76,
          "sco": 54,
          "dco": 396,
          "txt": "a"
        },
        {
          "si": 6,
          "sti": 7,
          "dti": 77,
          "sco": 56,
          "dco": 398,
          "txt": "major"
        },
        {
          "si": 6,
          "sti": 8,
          "dti": 78,
          "sco": 62,
          "dco": 404,
          "txt": "dam"
        },
        {
          "si": 6,
          "sti": 9,
          "dti": 79,
          "sco": 66,
          "dco": 408,
          "txt": "and"
        },
        {
          "si": 6,
          "sti": 10,
          "dti": 80,
          "sco": 70,
          "dco": 412,
          "txt": "hydroelectric"
        },
        {
          "si": 6,
          "sti": 11,
          "dti": 81,
          "sco": 84,
          "dco": 426,
          "txt": "power"
        },
        {
          "si": 6,
          "sti": 12,
          "dti": 82,
          "sco": 90,
          "dco": 432,
          "txt": "scheme"
        },
        {
          "si": 6,
          "sti": 13,
          "dti": 83,
          "sco": 97,
          "dco": 439,
          "txt": "on"
        },
        {
          "si": 6,
          "sti": 14,
          "dti": 84,
          "sco": 100,
          "dco": 442,
          "txt": "the"
        },
        {
          "si": 6,
          "sti": 15,
          "dti": 85,
          "sco": 104,
          "dco": 446,
          "txt": "Bzyb"
        },
        {
          "si": 6,
          "sti": 16,
          "dti": 86,
          "sco": 109,
          "dco": 451,
          "txt": "River"
        },
        {
          "si": 6,
          "sti": 17,
          "dti": 87,
          "sco": 115,
          "dco": 457,
          "txt": "as"
        },
        {
          "si": 6,
          "sti": 18,
          "dti": 88,
          "sco": 118,
          "dco": 460,
          "txt": "his"
        },
        {
          "si": 6,
          "sti": 19,
          "dti": 89,
          "sco": 122,
          "dco": 464,
          "txt": "favourite"
        },
        {
          "si": 6,
          "sti": 20,
          "dti": 90,
          "sco": 132,
          "dco": 474,
          "txt": "resort"
        },
        {
          "si": 6,
          "sti": 21,
          "dti": 91,
          "sco": 139,
          "dco": 481,
          "txt": "was"
        },
        {
          "si": 6,
          "sti": 22,
          "dti": 92,
          "sco": 143,
          "dco": 485,
          "txt": "located"
        },
        {
          "si": 6,
          "sti": 23,
          "dti": 93,
          "sco": 151,
          "dco": 493,
          "txt": "near"
        },
        {
          "si": 6,
          "sti": 24,
          "dti": 94,
          "sco": 156,
          "dco": 498,
          "txt": "the"
        },
        {
          "si": 6,
          "sti": 25,
          "dti": 95,
          "sco": 160,
          "dco": 502,
          "txt": "mouth"
        },
        {
          "si": 6,
          "sti": 26,
          "dti": 96,
          "sco": 166,
          "dco": 508,
          "txt": "of"
        },
        {
          "si": 6,
          "sti": 27,
          "dti": 97,
          "sco": 169,
          "dco": 511,
          "txt": "the"
        },
        {
          "si": 6,
          "sti": 28,
          "dti": 98,
          "sco": 173,
          "dco": 515,
          "txt": "river"
        },
        {
          "si": 6,
          "sti": 29,
          "dti": 99,
          "sco": 179,
          "dco": 521,
          "txt": "at"
        },
        {
          "si": 6,
          "sti": 30,
          "dti": 100,
          "sco": 182,
          "dco": 524,
          "txt": "Pitsunda"
        },
        {
          "si": 6,
          "sti": 31,
          "dti": 101,
          "sco": 190,
          "dco": 532,
          "txt": "."
        },
        {
          "si": 7,
          "sti": 0,
          "dti": 102,
          "sco": 0,
          "dco": 534,
          "txt": "However"
        },
        {
          "si": 7,
          "sti": 1,
          "dti": 103,
          "sco": 7,
          "dco": 541,
          "txt": ","
        },
        {
          "si": 7,
          "sti": 2,
          "dti": 104,
          "sco": 9,
          "dco": 543,
          "txt": "his"
        },
        {
          "si": 7,
          "sti": 3,
          "dti": 105,
          "sco": 13,
          "dco": 547,
          "txt": "experts"
        },
        {
          "si": 7,
          "sti": 4,
          "dti": 106,
          "sco": 21,
          "dco": 555,
          "txt": "informed"
        },
        {
          "si": 7,
          "sti": 5,
          "dti": 107,
          "sco": 30,
          "dco": 564,
          "txt": "him"
        },
        {
          "si": 7,
          "sti": 6,
          "dti": 108,
          "sco": 34,
          "dco": 568,
          "txt": "that"
        },
        {
          "si": 7,
          "sti": 7,
          "dti": 109,
          "sco": 39,
          "dco": 573,
          "txt": "a"
        },
        {
          "si": 7,
          "sti": 8,
          "dti": 110,
          "sco": 41,
          "dco": 575,
          "txt": "dam"
        },
        {
          "si": 7,
          "sti": 9,
          "dti": 111,
          "sco": 45,
          "dco": 579,
          "txt": "built"
        },
        {
          "si": 7,
          "sti": 10,
          "dti": 112,
          "sco": 51,
          "dco": 585,
          "txt": "on"
        },
        {
          "si": 7,
          "sti": 11,
          "dti": 113,
          "sco": 54,
          "dco": 588,
          "txt": "the"
        },
        {
          "si": 7,
          "sti": 12,
          "dti": 114,
          "sco": 58,
          "dco": 592,
          "txt": "Bzyb"
        },
        {
          "si": 7,
          "sti": 13,
          "dti": 115,
          "sco": 63,
          "dco": 597,
          "txt": "River"
        },
        {
          "si": 7,
          "sti": 14,
          "dti": 116,
          "sco": 69,
          "dco": 603,
          "txt": "would"
        },
        {
          "si": 7,
          "sti": 15,
          "dti": 117,
          "sco": 75,
          "dco": 609,
          "txt": "have"
        },
        {
          "si": 7,
          "sti": 16,
          "dti": 118,
          "sco": 80,
          "dco": 614,
          "txt": "had"
        },
        {
          "si": 7,
          "sti": 17,
          "dti": 119,
          "sco": 84,
          "dco": 618,
          "txt": "catastrophic"
        },
        {
          "si": 7,
          "sti": 18,
          "dti": 120,
          "sco": 97,
          "dco": 631,
          "txt": "effects"
        },
        {
          "si": 7,
          "sti": 19,
          "dti": 121,
          "sco": 105,
          "dco": 639,
          "txt": "in"
        },
        {
          "si": 7,
          "sti": 20,
          "dti": 122,
          "sco": 108,
          "dco": 642,
          "txt": "causing"
        },
        {
          "si": 7,
          "sti": 21,
          "dti": 123,
          "sco": 116,
          "dco": 650,
          "txt": "beach"
        },
        {
          "si": 7,
          "sti": 22,
          "dti": 124,
          "sco": 122,
          "dco": 656,
          "txt": "erosion"
        },
        {
          "si": 7,
          "sti": 23,
          "dti": 125,
          "sco": 130,
          "dco": 664,
          "txt": "at"
        },
        {
          "si": 7,
          "sti": 24,
          "dti": 126,
          "sco": 133,
          "dco": 667,
          "txt": "Pitsunda"
        },
        {
          "si": 7,
          "sti": 25,
          "dti": 127,
          "sco": 141,
          "dco": 675,
          "txt": ","
        },
        {
          "si": 7,
          "sti": 26,
          "dti": 128,
          "sco": 143,
          "dco": 677,
          "txt": "so"
        },
        {
          "si": 7,
          "sti": 27,
          "dti": 129,
          "sco": 146,
          "dco": 680,
          "txt": "in"
        },
        {
          "si": 7,
          "sti": 28,
          "dti": 130,
          "sco": 149,
          "dco": 683,
          "txt": "the"
        },
        {
          "si": 7,
          "sti": 29,
          "dti": 131,
          "sco": 153,
          "dco": 687,
          "txt": "end"
        },
        {
          "si": 7,
          "sti": 30,
          "dti": 132,
          "sco": 157,
          "dco": 691,
          "txt": "the"
        },
        {
          "si": 7,
          "sti": 31,
          "dti": 133,
          "sco": 161,
          "dco": 695,
          "txt": "dam"
        },
        {
          "si": 7,
          "sti": 32,
          "dti": 134,
          "sco": 165,
          "dco": 699,
          "txt": "was"
        },
        {
          "si": 7,
          "sti": 33,
          "dti": 135,
          "sco": 169,
          "dco": 703,
          "txt": "built"
        },
        {
          "si": 7,
          "sti": 34,
          "dti": 136,
          "sco": 175,
          "dco": 709,
          "txt": "on"
        },
        {
          "si": 7,
          "sti": 35,
          "dti": 137,
          "sco": 178,
          "dco": 712,
          "txt": "the"
        },
        {
          "si": 7,
          "sti": 36,
          "dti": 138,
          "sco": 182,
          "dco": 716,
          "txt": "Inguri"
        },
        {
          "si": 7,
          "sti": 37,
          "dti": 139,
          "sco": 189,
          "dco": 723,
          "txt": "River"
        },
        {
          "si": 7,
          "sti": 38,
          "dti": 140,
          "sco": 195,
          "dco": 729,
          "txt": "instead"
        },
        {
          "si": 7,
          "sti": 39,
          "dti": 141,
          "sco": 202,
          "dco": 736,
          "txt": ","
        },
        {
          "si": 7,
          "sti": 40,
          "dti": 142,
          "sco": 204,
          "dco": 738,
          "txt": "where"
        },
        {
          "si": 7,
          "sti": 41,
          "dti": 143,
          "sco": 210,
          "dco": 744,
          "txt": "the"
        },
        {
          "si": 7,
          "sti": 42,
          "dti": 144,
          "sco": 214,
          "dco": 748,
          "txt": "impact"
        },
        {
          "si": 7,
          "sti": 43,
          "dti": 145,
          "sco": 221,
          "dco": 755,
          "txt": "upon"
        },
        {
          "si": 7,
          "sti": 44,
          "dti": 146,
          "sco": 226,
          "dco": 760,
          "txt": "the"
        },
        {
          "si": 7,
          "sti": 45,
          "dti": 147,
          "sco": 230,
          "dco": 764,
          "txt": "coastline"
        },
        {
          "si": 7,
          "sti": 46,
          "dti": 148,
          "sco": 240,
          "dco": 774,
          "txt": "was"
        },
        {
          "si": 7,
          "sti": 47,
          "dti": 149,
          "sco": 244,
          "dco": 778,
          "txt": "assessed"
        },
        {
          "si": 7,
          "sti": 48,
          "dti": 150,
          "sco": 253,
          "dco": 787,
          "txt": "to"
        },
        {
          "si": 7,
          "sti": 49,
          "dti": 151,
          "sco": 256,
          "dco": 790,
          "txt": "be"
        },
        {
          "si": 7,
          "sti": 50,
          "dti": 152,
          "sco": 259,
          "dco": 793,
          "txt": "considerably"
        },
        {
          "si": 7,
          "sti": 51,
          "dti": 153,
          "sco": 272,
          "dco": 806,
          "txt": "less"
        },
        {
          "si": 7,
          "sti": 52,
          "dti": 154,
          "sco": 277,
          "dco": 811,
          "txt": "pronounced"
        },
        {
          "si": 7,
          "sti": 53,
          "dti": 155,
          "sco": 287,
          "dco": 821,
          "txt": "."
        },
        {
          "si": 8,
          "sti": 0,
          "dti": 156,
          "sco": 0,
          "dco": 823,
          "txt": "Construction"
        },
        {
          "si": 8,
          "sti": 1,
          "dti": 157,
          "sco": 13,
          "dco": 836,
          "txt": "of"
        },
        {
          "si": 8,
          "sti": 2,
          "dti": 158,
          "sco": 16,
          "dco": 839,
          "txt": "the"
        },
        {
          "si": 8,
          "sti": 3,
          "dti": 159,
          "sco": 20,
          "dco": 843,
          "txt": "Inguri"
        },
        {
          "si": 8,
          "sti": 4,
          "dti": 160,
          "sco": 27,
          "dco": 850,
          "txt": "dam"
        },
        {
          "si": 8,
          "sti": 5,
          "dti": 161,
          "sco": 31,
          "dco": 854,
          "txt": "began"
        },
        {
          "si": 8,
          "sti": 6,
          "dti": 162,
          "sco": 37,
          "dco": 860,
          "txt": "in"
        },
        {
          "si": 8,
          "sti": 7,
          "dti": 163,
          "sco": 40,
          "dco": 863,
          "txt": "1961"
        },
        {
          "si": 8,
          "sti": 8,
          "dti": 164,
          "sco": 44,
          "dco": 867,
          "txt": "."
        },
        {
          "si": 9,
          "sti": 0,
          "dti": 165,
          "sco": 0,
          "dco": 869,
          "txt": "The"
        },
        {
          "si": 9,
          "sti": 1,
          "dti": 166,
          "sco": 4,
          "dco": 873,
          "txt": "dam"
        },
        {
          "si": 9,
          "sti": 2,
          "dti": 167,
          "sco": 8,
          "dco": 877,
          "txt": "became"
        },
        {
          "si": 9,
          "sti": 3,
          "dti": 168,
          "sco": 15,
          "dco": 884,
          "txt": "temporarily"
        },
        {
          "si": 9,
          "sti": 4,
          "dti": 169,
          "sco": 27,
          "dco": 896,
          "txt": "operational"
        },
        {
          "si": 9,
          "sti": 5,
          "dti": 170,
          "sco": 39,
          "dco": 908,
          "txt": "in"
        },
        {
          "si": 9,
          "sti": 6,
          "dti": 171,
          "sco": 42,
          "dco": 911,
          "txt": "1978"
        },
        {
          "si": 9,
          "sti": 7,
          "dti": 172,
          "sco": 46,
          "dco": 915,
          "txt": ","
        },
        {
          "si": 9,
          "sti": 8,
          "dti": 173,
          "sco": 48,
          "dco": 917,
          "txt": "and"
        },
        {
          "si": 9,
          "sti": 9,
          "dti": 174,
          "sco": 52,
          "dco": 921,
          "txt": "was"
        },
        {
          "si": 9,
          "sti": 10,
          "dti": 175,
          "sco": 56,
          "dco": 925,
          "txt": "completed"
        },
        {
          "si": 9,
          "sti": 11,
          "dti": 176,
          "sco": 66,
          "dco": 935,
          "txt": "in"
        },
        {
          "si": 9,
          "sti": 12,
          "dti": 177,
          "sco": 69,
          "dco": 938,
          "txt": "1987"
        },
        {
          "si": 9,
          "sti": 13,
          "dti": 178,
          "sco": 73,
          "dco": 942,
          "txt": "."
        },
        {
          "si": 10,
          "sti": 0,
          "dti": 179,
          "sco": 0,
          "dco": 944,
          "txt": "In"
        },
        {
          "si": 10,
          "sti": 1,
          "dti": 180,
          "sco": 3,
          "dco": 947,
          "txt": "1994"
        },
        {
          "si": 10,
          "sti": 2,
          "dti": 181,
          "sco": 7,
          "dco": 951,
          "txt": ","
        },
        {
          "si": 10,
          "sti": 3,
          "dti": 182,
          "sco": 9,
          "dco": 953,
          "txt": "the"
        },
        {
          "si": 10,
          "sti": 4,
          "dti": 183,
          "sco": 13,
          "dco": 957,
          "txt": "dam"
        },
        {
          "si": 10,
          "sti": 5,
          "dti": 184,
          "sco": 17,
          "dco": 961,
          "txt": "was"
        },
        {
          "si": 10,
          "sti": 6,
          "dti": 185,
          "sco": 21,
          "dco": 965,
          "txt": "inspected"
        },
        {
          "si": 10,
          "sti": 7,
          "dti": 186,
          "sco": 31,
          "dco": 975,
          "txt": "by"
        },
        {
          "si": 10,
          "sti": 8,
          "dti": 187,
          "sco": 34,
          "dco": 978,
          "txt": "engineers"
        },
        {
          "si": 10,
          "sti": 9,
          "dti": 188,
          "sco": 44,
          "dco": 988,
          "txt": "of"
        },
        {
          "si": 10,
          "sti": 10,
          "dti": 189,
          "sco": 47,
          "dco": 991,
          "txt": "Hydro"
        },
        {
          "si": 10,
          "sti": 11,
          "dti": 190,
          "sco": 52,
          "dco": 996,
          "txt": "-"
        },
        {
          "si": 10,
          "sti": 12,
          "dti": 191,
          "sco": 53,
          "dco": 997,
          "txt": "Qu"
        },
        {
          "si": 10,
          "sti": 13,
          "dti": 192,
          "sco": 55,
          "dco": 999,
          "txt": "é"
        },
        {
          "si": 10,
          "sti": 14,
          "dti": 193,
          "sco": 56,
          "dco": 1000,
          "txt": "bec"
        },
        {
          "si": 10,
          "sti": 15,
          "dti": 194,
          "sco": 59,
          "dco": 1003,
          "txt": ","
        },
        {
          "si": 10,
          "sti": 16,
          "dti": 195,
          "sco": 61,
          "dco": 1005,
          "txt": "who"
        },
        {
          "si": 10,
          "sti": 17,
          "dti": 196,
          "sco": 65,
          "dco": 1009,
          "txt": "found"
        },
        {
          "si": 10,
          "sti": 18,
          "dti": 197,
          "sco": 71,
          "dco": 1015,
          "txt": "that"
        },
        {
          "si": 10,
          "sti": 19,
          "dti": 198,
          "sco": 76,
          "dco": 1020,
          "txt": "the"
        },
        {
          "si": 10,
          "sti": 20,
          "dti": 199,
          "sco": 80,
          "dco": 1024,
          "txt": "dam"
        },
        {
          "si": 10,
          "sti": 21,
          "dti": 200,
          "sco": 84,
          "dco": 1028,
          "txt": "was"
        },
        {
          "si": 10,
          "sti": 22,
          "dti": 201,
          "sco": 88,
          "dco": 1032,
          "txt": "\""
        },
        {
          "si": 10,
          "sti": 23,
          "dti": 202,
          "sco": 89,
          "dco": 1033,
          "txt": "in"
        },
        {
          "si": 10,
          "sti": 24,
          "dti": 203,
          "sco": 92,
          "dco": 1036,
          "txt": "a"
        },
        {
          "si": 10,
          "sti": 25,
          "dti": 204,
          "sco": 94,
          "dco": 1038,
          "txt": "rare"
        },
        {
          "si": 10,
          "sti": 26,
          "dti": 205,
          "sco": 99,
          "dco": 1043,
          "txt": "state"
        },
        {
          "si": 10,
          "sti": 27,
          "dti": 206,
          "sco": 105,
          "dco": 1049,
          "txt": "of"
        },
        {
          "si": 10,
          "sti": 28,
          "dti": 207,
          "sco": 108,
          "dco": 1052,
          "txt": "dilapidation"
        },
        {
          "si": 10,
          "sti": 29,
          "dti": 208,
          "sco": 120,
          "dco": 1064,
          "txt": "\""
        },
        {
          "si": 10,
          "sti": 30,
          "dti": 209,
          "sco": 121,
          "dco": 1065,
          "txt": "."
        },
        {
          "si": 11,
          "sti": 0,
          "dti": 210,
          "sco": 0,
          "dco": 1067,
          "txt": "In"
        },
        {
          "si": 11,
          "sti": 1,
          "dti": 211,
          "sco": 3,
          "dco": 1070,
          "txt": "1999"
        },
        {
          "si": 11,
          "sti": 2,
          "dti": 212,
          "sco": 7,
          "dco": 1074,
          "txt": ","
        },
        {
          "si": 11,
          "sti": 3,
          "dti": 213,
          "sco": 9,
          "dco": 1076,
          "txt": "the"
        },
        {
          "si": 11,
          "sti": 4,
          "dti": 214,
          "sco": 13,
          "dco": 1080,
          "txt": "European"
        },
        {
          "si": 11,
          "sti": 5,
          "dti": 215,
          "sco": 22,
          "dco": 1089,
          "txt": "Commission"
        },
        {
          "si": 11,
          "sti": 6,
          "dti": 216,
          "sco": 33,
          "dco": 1100,
          "txt": "granted"
        },
        {
          "si": 11,
          "sti": 7,
          "dti": 217,
          "sco": 41,
          "dco": 1108,
          "txt": "€"
        },
        {
          "si": 11,
          "sti": 8,
          "dti": 218,
          "sco": 42,
          "dco": 1109,
          "txt": "9"
        },
        {
          "si": 11,
          "sti": 9,
          "dti": 219,
          "sco": 43,
          "dco": 1110,
          "txt": "."
        },
        {
          "si": 11,
          "sti": 10,
          "dti": 220,
          "sco": 44,
          "dco": 1111,
          "txt": "4"
        },
        {
          "si": 11,
          "sti": 11,
          "dti": 221,
          "sco": 45,
          "dco": 1112,
          "txt": " "
        },
        {
          "si": 11,
          "sti": 12,
          "dti": 222,
          "sco": 46,
          "dco": 1113,
          "txt": "million"
        },
        {
          "si": 11,
          "sti": 13,
          "dti": 223,
          "sco": 54,
          "dco": 1121,
          "txt": "to"
        },
        {
          "si": 11,
          "sti": 14,
          "dti": 224,
          "sco": 57,
          "dco": 1124,
          "txt": "Georgia"
        },
        {
          "si": 11,
          "sti": 15,
          "dti": 225,
          "sco": 65,
          "dco": 1132,
          "txt": "for"
        },
        {
          "si": 11,
          "sti": 16,
          "dti": 226,
          "sco": 69,
          "dco": 1136,
          "txt": "urgent"
        },
        {
          "si": 11,
          "sti": 17,
          "dti": 227,
          "sco": 76,
          "dco": 1143,
          "txt": "repairs"
        },
        {
          "si": 11,
          "sti": 18,
          "dti": 228,
          "sco": 84,
          "dco": 1151,
          "txt": "at"
        },
        {
          "si": 11,
          "sti": 19,
          "dti": 229,
          "sco": 87,
          "dco": 1154,
          "txt": "the"
        },
        {
          "si": 11,
          "sti": 20,
          "dti": 230,
          "sco": 91,
          "dco": 1158,
          "txt": "EInguri"
        },
        {
          "si": 11,
          "sti": 21,
          "dti": 231,
          "sco": 99,
          "dco": 1166,
          "txt": "HES"
        },
        {
          "si": 11,
          "sti": 22,
          "dti": 232,
          "sco": 102,
          "dco": 1169,
          "txt": ","
        },
        {
          "si": 11,
          "sti": 23,
          "dti": 233,
          "sco": 104,
          "dco": 1171,
          "txt": "including"
        },
        {
          "si": 11,
          "sti": 24,
          "dti": 234,
          "sco": 114,
          "dco": 1181,
          "txt": "replacing"
        },
        {
          "si": 11,
          "sti": 25,
          "dti": 235,
          "sco": 124,
          "dco": 1191,
          "txt": "the"
        },
        {
          "si": 11,
          "sti": 26,
          "dti": 236,
          "sco": 128,
          "dco": 1195,
          "txt": "stoplog"
        },
        {
          "si": 11,
          "sti": 27,
          "dti": 237,
          "sco": 136,
          "dco": 1203,
          "txt": "at"
        },
        {
          "si": 11,
          "sti": 28,
          "dti": 238,
          "sco": 139,
          "dco": 1206,
          "txt": "the"
        },
        {
          "si": 11,
          "sti": 29,
          "dti": 239,
          "sco": 143,
          "dco": 1210,
          "txt": "arch"
        },
        {
          "si": 11,
          "sti": 30,
          "dti": 240,
          "sco": 148,
          "dco": 1215,
          "txt": "dam"
        },
        {
          "si": 11,
          "sti": 31,
          "dti": 241,
          "sco": 152,
          "dco": 1219,
          "txt": "on"
        },
        {
          "si": 11,
          "sti": 32,
          "dti": 242,
          "sco": 155,
          "dco": 1222,
          "txt": "the"
        },
        {
          "si": 11,
          "sti": 33,
          "dti": 243,
          "sco": 159,
          "dco": 1226,
          "txt": "Georgian"
        },
        {
          "si": 11,
          "sti": 34,
          "dti": 244,
          "sco": 168,
          "dco": 1235,
          "txt": "side"
        },
        {
          "si": 11,
          "sti": 35,
          "dti": 245,
          "sco": 173,
          "dco": 1240,
          "txt": "and"
        },
        {
          "si": 11,
          "sti": 36,
          "dti": 246,
          "sco": 176,
          "dco": 1243,
          "txt": ","
        },
        {
          "si": 11,
          "sti": 37,
          "dti": 247,
          "sco": 178,
          "dco": 1245,
          "txt": "refurbishing"
        },
        {
          "si": 11,
          "sti": 38,
          "dti": 248,
          "sco": 191,
          "dco": 1258,
          "txt": "one"
        },
        {
          "si": 11,
          "sti": 39,
          "dti": 249,
          "sco": 195,
          "dco": 1262,
          "txt": "of"
        },
        {
          "si": 11,
          "sti": 40,
          "dti": 250,
          "sco": 198,
          "dco": 1265,
          "txt": "the"
        },
        {
          "si": 11,
          "sti": 41,
          "dti": 251,
          "sco": 202,
          "dco": 1269,
          "txt": "five"
        },
        {
          "si": 11,
          "sti": 42,
          "dti": 252,
          "sco": 207,
          "dco": 1274,
          "txt": "generators"
        },
        {
          "si": 11,
          "sti": 43,
          "dti": 253,
          "sco": 218,
          "dco": 1285,
          "txt": "of"
        },
        {
          "si": 11,
          "sti": 44,
          "dti": 254,
          "sco": 221,
          "dco": 1288,
          "txt": "the"
        },
        {
          "si": 11,
          "sti": 45,
          "dti": 255,
          "sco": 225,
          "dco": 1292,
          "txt": "power"
        },
        {
          "si": 11,
          "sti": 46,
          "dti": 256,
          "sco": 231,
          "dco": 1298,
          "txt": "station"
        },
        {
          "si": 11,
          "sti": 47,
          "dti": 257,
          "sco": 239,
          "dco": 1306,
          "txt": "at"
        },
        {
          "si": 11,
          "sti": 48,
          "dti": 258,
          "sco": 242,
          "dco": 1309,
          "txt": "the"
        },
        {
          "si": 11,
          "sti": 49,
          "dti": 259,
          "sco": 246,
          "dco": 1313,
          "txt": "Abkhaz"
        },
        {
          "si": 11,
          "sti": 50,
          "dti": 260,
          "sco": 253,
          "dco": 1320,
          "txt": "side"
        },
        {
          "si": 11,
          "sti": 51,
          "dti": 261,
          "sco": 257,
          "dco": 1324,
          "txt": "."
        },
        {
          "si": 12,
          "sti": 0,
          "dti": 262,
          "sco": 0,
          "dco": 1326,
          "txt": "In"
        },
        {
          "si": 12,
          "sti": 1,
          "dti": 263,
          "sco": 3,
          "dco": 1329,
          "txt": "total"
        },
        {
          "si": 12,
          "sti": 2,
          "dti": 264,
          "sco": 8,
          "dco": 1334,
          "txt": ","
        },
        {
          "si": 12,
          "sti": 3,
          "dti": 265,
          "sco": 10,
          "dco": 1336,
          "txt": "€"
        },
        {
          "si": 12,
          "sti": 4,
          "dti": 266,
          "sco": 11,
          "dco": 1337,
          "txt": "116"
        },
        {
          "si": 12,
          "sti": 5,
          "dti": 267,
          "sco": 14,
          "dco": 1340,
          "txt": " "
        },
        {
          "si": 12,
          "sti": 6,
          "dti": 268,
          "sco": 15,
          "dco": 1341,
          "txt": "million"
        },
        {
          "si": 12,
          "sti": 7,
          "dti": 269,
          "sco": 23,
          "dco": 1349,
          "txt": "loans"
        },
        {
          "si": 12,
          "sti": 8,
          "dti": 270,
          "sco": 29,
          "dco": 1355,
          "txt": "were"
        },
        {
          "si": 12,
          "sti": 9,
          "dti": 271,
          "sco": 34,
          "dco": 1360,
          "txt": "granted"
        },
        {
          "si": 12,
          "sti": 10,
          "dti": 272,
          "sco": 42,
          "dco": 1368,
          "txt": "by"
        },
        {
          "si": 12,
          "sti": 11,
          "dti": 273,
          "sco": 45,
          "dco": 1371,
          "txt": "the"
        },
        {
          "si": 12,
          "sti": 12,
          "dti": 274,
          "sco": 49,
          "dco": 1375,
          "txt": "EBRD"
        },
        {
          "si": 12,
          "sti": 13,
          "dti": 275,
          "sco": 53,
          "dco": 1379,
          "txt": ","
        },
        {
          "si": 12,
          "sti": 14,
          "dti": 276,
          "sco": 55,
          "dco": 1381,
          "txt": "the"
        },
        {
          "si": 12,
          "sti": 15,
          "dti": 277,
          "sco": 59,
          "dco": 1385,
          "txt": "European"
        },
        {
          "si": 12,
          "sti": 16,
          "dti": 278,
          "sco": 68,
          "dco": 1394,
          "txt": "Union"
        },
        {
          "si": 12,
          "sti": 17,
          "dti": 279,
          "sco": 73,
          "dco": 1399,
          "txt": ","
        },
        {
          "si": 12,
          "sti": 18,
          "dti": 280,
          "sco": 75,
          "dco": 1401,
          "txt": "the"
        },
        {
          "si": 12,
          "sti": 19,
          "dti": 281,
          "sco": 79,
          "dco": 1405,
          "txt": "Japanese"
        },
        {
          "si": 12,
          "sti": 20,
          "dti": 282,
          "sco": 88,
          "dco": 1414,
          "txt": "Government"
        },
        {
          "si": 12,
          "sti": 21,
          "dti": 283,
          "sco": 98,
          "dco": 1424,
          "txt": ","
        },
        {
          "si": 12,
          "sti": 22,
          "dti": 284,
          "sco": 100,
          "dco": 1426,
          "txt": "KfW"
        },
        {
          "si": 12,
          "sti": 23,
          "dti": 285,
          "sco": 104,
          "dco": 1430,
          "txt": "and"
        },
        {
          "si": 12,
          "sti": 24,
          "dti": 286,
          "sco": 108,
          "dco": 1434,
          "txt": "Government"
        },
        {
          "si": 12,
          "sti": 25,
          "dti": 287,
          "sco": 119,
          "dco": 1445,
          "txt": "of"
        },
        {
          "si": 12,
          "sti": 26,
          "dti": 288,
          "sco": 122,
          "dco": 1448,
          "txt": "Georgia"
        },
        {
          "si": 12,
          "sti": 27,
          "dti": 289,
          "sco": 129,
          "dco": 1455,
          "txt": "."
        },
        {
          "si": 13,
          "sti": 0,
          "dti": 290,
          "sco": 0,
          "dco": 1457,
          "txt": "In"
        },
        {
          "si": 13,
          "sti": 1,
          "dti": 291,
          "sco": 3,
          "dco": 1460,
          "txt": "2011"
        },
        {
          "si": 13,
          "sti": 2,
          "dti": 292,
          "sco": 8,
          "dco": 1465,
          "txt": "The"
        },
        {
          "si": 13,
          "sti": 3,
          "dti": 293,
          "sco": 12,
          "dco": 1469,
          "txt": "European"
        },
        {
          "si": 13,
          "sti": 4,
          "dti": 294,
          "sco": 21,
          "dco": 1478,
          "txt": "Investment"
        },
        {
          "si": 13,
          "sti": 5,
          "dti": 295,
          "sco": 32,
          "dco": 1489,
          "txt": "Bank"
        },
        {
          "si": 13,
          "sti": 6,
          "dti": 296,
          "sco": 37,
          "dco": 1494,
          "txt": "("
        },
        {
          "si": 13,
          "sti": 7,
          "dti": 297,
          "sco": 38,
          "dco": 1495,
          "txt": "EIB"
        },
        {
          "si": 13,
          "sti": 8,
          "dti": 298,
          "sco": 41,
          "dco": 1498,
          "txt": ")"
        },
        {
          "si": 13,
          "sti": 9,
          "dti": 299,
          "sco": 43,
          "dco": 1500,
          "txt": "loaned"
        },
        {
          "si": 13,
          "sti": 10,
          "dti": 300,
          "sco": 50,
          "dco": 1507,
          "txt": "€"
        },
        {
          "si": 13,
          "sti": 11,
          "dti": 301,
          "sco": 51,
          "dco": 1508,
          "txt": "20"
        },
        {
          "si": 13,
          "sti": 12,
          "dti": 302,
          "sco": 54,
          "dco": 1511,
          "txt": "million"
        },
        {
          "si": 13,
          "sti": 13,
          "dti": 303,
          "sco": 62,
          "dco": 1519,
          "txt": "in"
        },
        {
          "si": 13,
          "sti": 14,
          "dti": 304,
          "sco": 65,
          "dco": 1522,
          "txt": "order"
        },
        {
          "si": 13,
          "sti": 15,
          "dti": 305,
          "sco": 71,
          "dco": 1528,
          "txt": "to"
        },
        {
          "si": 13,
          "sti": 16,
          "dti": 306,
          "sco": 74,
          "dco": 1531,
          "txt": "complete"
        },
        {
          "si": 13,
          "sti": 17,
          "dti": 307,
          "sco": 83,
          "dco": 1540,
          "txt": "the"
        },
        {
          "si": 13,
          "sti": 18,
          "dti": 308,
          "sco": 87,
          "dco": 1544,
          "txt": "rehabilitation"
        },
        {
          "si": 13,
          "sti": 19,
          "dti": 309,
          "sco": 102,
          "dco": 1559,
          "txt": "of"
        },
        {
          "si": 13,
          "sti": 20,
          "dti": 310,
          "sco": 105,
          "dco": 1562,
          "txt": "the"
        },
        {
          "si": 13,
          "sti": 21,
          "dti": 311,
          "sco": 109,
          "dco": 1566,
          "txt": "Enguri"
        },
        {
          "si": 13,
          "sti": 22,
          "dti": 312,
          "sco": 116,
          "dco": 1573,
          "txt": "hydropower"
        },
        {
          "si": 13,
          "sti": 23,
          "dti": 313,
          "sco": 127,
          "dco": 1584,
          "txt": "plant"
        },
        {
          "si": 13,
          "sti": 24,
          "dti": 314,
          "sco": 133,
          "dco": 1590,
          "txt": "and"
        },
        {
          "si": 13,
          "sti": 25,
          "dti": 315,
          "sco": 137,
          "dco": 1594,
          "txt": "to"
        },
        {
          "si": 13,
          "sti": 26,
          "dti": 316,
          "sco": 140,
          "dco": 1597,
          "txt": "ensure"
        },
        {
          "si": 13,
          "sti": 27,
          "dti": 317,
          "sco": 147,
          "dco": 1604,
          "txt": "safe"
        },
        {
          "si": 13,
          "sti": 28,
          "dti": 318,
          "sco": 152,
          "dco": 1609,
          "txt": "water"
        },
        {
          "si": 13,
          "sti": 29,
          "dti": 319,
          "sco": 158,
          "dco": 1615,
          "txt": "evacuation"
        },
        {
          "si": 13,
          "sti": 30,
          "dti": 320,
          "sco": 169,
          "dco": 1626,
          "txt": "towards"
        },
        {
          "si": 13,
          "sti": 31,
          "dti": 321,
          "sco": 177,
          "dco": 1634,
          "txt": "the"
        },
        {
          "si": 13,
          "sti": 32,
          "dti": 322,
          "sco": 181,
          "dco": 1638,
          "txt": "Black"
        },
        {
          "si": 13,
          "sti": 33,
          "dti": 323,
          "sco": 187,
          "dco": 1644,
          "txt": "Sea"
        },
        {
          "si": 13,
          "sti": 34,
          "dti": 324,
          "sco": 191,
          "dco": 1648,
          "txt": "at"
        },
        {
          "si": 13,
          "sti": 35,
          "dti": 325,
          "sco": 194,
          "dco": 1651,
          "txt": "the"
        },
        {
          "si": 13,
          "sti": 36,
          "dti": 326,
          "sco": 198,
          "dco": 1655,
          "txt": "Vardnili"
        },
        {
          "si": 13,
          "sti": 37,
          "dti": 327,
          "sco": 207,
          "dco": 1664,
          "txt": "hydropower"
        },
        {
          "si": 13,
          "sti": 38,
          "dti": 328,
          "sco": 218,
          "dco": 1675,
          "txt": "cascade"
        },
        {
          "si": 13,
          "sti": 39,
          "dti": 329,
          "sco": 225,
          "dco": 1682,
          "txt": "."
        },
        {
          "si": 14,
          "sti": 0,
          "dti": 330,
          "sco": 0,
          "dco": 1684,
          "txt": "Technical"
        },
        {
          "si": 14,
          "sti": 1,
          "dti": 331,
          "sco": 10,
          "dco": 1694,
          "txt": "features"
        },
        {
          "si": 14,
          "sti": 2,
          "dti": 332,
          "sco": 18,
          "dco": 1702,
          "txt": "."
        },
        {
          "si": 15,
          "sti": 0,
          "dti": 333,
          "sco": 0,
          "dco": 1704,
          "txt": "The"
        },
        {
          "si": 15,
          "sti": 1,
          "dti": 334,
          "sco": 4,
          "dco": 1708,
          "txt": "Inguri"
        },
        {
          "si": 15,
          "sti": 2,
          "dti": 335,
          "sco": 11,
          "dco": 1715,
          "txt": "hydroelectric"
        },
        {
          "si": 15,
          "sti": 3,
          "dti": 336,
          "sco": 25,
          "dco": 1729,
          "txt": "power"
        },
        {
          "si": 15,
          "sti": 4,
          "dti": 337,
          "sco": 31,
          "dco": 1735,
          "txt": "station"
        },
        {
          "si": 15,
          "sti": 5,
          "dti": 338,
          "sco": 39,
          "dco": 1743,
          "txt": "("
        },
        {
          "si": 15,
          "sti": 6,
          "dti": 339,
          "sco": 40,
          "dco": 1744,
          "txt": "HES"
        },
        {
          "si": 15,
          "sti": 7,
          "dti": 340,
          "sco": 43,
          "dco": 1747,
          "txt": ")"
        },
        {
          "si": 15,
          "sti": 8,
          "dti": 341,
          "sco": 45,
          "dco": 1749,
          "txt": "is"
        },
        {
          "si": 15,
          "sti": 9,
          "dti": 342,
          "sco": 48,
          "dco": 1752,
          "txt": "a"
        },
        {
          "si": 15,
          "sti": 10,
          "dti": 343,
          "sco": 50,
          "dco": 1754,
          "txt": "cascade"
        },
        {
          "si": 15,
          "sti": 11,
          "dti": 344,
          "sco": 58,
          "dco": 1762,
          "txt": "of"
        },
        {
          "si": 15,
          "sti": 12,
          "dti": 345,
          "sco": 61,
          "dco": 1765,
          "txt": "hydroelectric"
        },
        {
          "si": 15,
          "sti": 13,
          "dti": 346,
          "sco": 75,
          "dco": 1779,
          "txt": "facilities"
        },
        {
          "si": 15,
          "sti": 14,
          "dti": 347,
          "sco": 86,
          "dco": 1790,
          "txt": "including"
        },
        {
          "si": 15,
          "sti": 15,
          "dti": 348,
          "sco": 95,
          "dco": 1799,
          "txt": ","
        },
        {
          "si": 15,
          "sti": 16,
          "dti": 349,
          "sco": 97,
          "dco": 1801,
          "txt": "in"
        },
        {
          "si": 15,
          "sti": 17,
          "dti": 350,
          "sco": 100,
          "dco": 1804,
          "txt": "addition"
        },
        {
          "si": 15,
          "sti": 18,
          "dti": 351,
          "sco": 109,
          "dco": 1813,
          "txt": "to"
        },
        {
          "si": 15,
          "sti": 19,
          "dti": 352,
          "sco": 112,
          "dco": 1816,
          "txt": "the"
        },
        {
          "si": 15,
          "sti": 20,
          "dti": 353,
          "sco": 116,
          "dco": 1820,
          "txt": "dam"
        },
        {
          "si": 15,
          "sti": 21,
          "dti": 354,
          "sco": 120,
          "dco": 1824,
          "txt": "-"
        },
        {
          "si": 15,
          "sti": 22,
          "dti": 355,
          "sco": 122,
          "dco": 1826,
          "txt": "diversion"
        },
        {
          "si": 15,
          "sti": 23,
          "dti": 356,
          "sco": 132,
          "dco": 1836,
          "txt": "installation"
        },
        {
          "si": 15,
          "sti": 24,
          "dti": 357,
          "sco": 145,
          "dco": 1849,
          "txt": "of"
        },
        {
          "si": 15,
          "sti": 25,
          "dti": 358,
          "sco": 148,
          "dco": 1852,
          "txt": "the"
        },
        {
          "si": 15,
          "sti": 26,
          "dti": 359,
          "sco": 152,
          "dco": 1856,
          "txt": "Inguri"
        },
        {
          "si": 15,
          "sti": 27,
          "dti": 360,
          "sco": 159,
          "dco": 1863,
          "txt": "HES"
        },
        {
          "si": 15,
          "sti": 28,
          "dti": 361,
          "sco": 163,
          "dco": 1867,
          "txt": "proper"
        },
        {
          "si": 15,
          "sti": 29,
          "dti": 362,
          "sco": 169,
          "dco": 1873,
          "txt": ","
        },
        {
          "si": 15,
          "sti": 30,
          "dti": 363,
          "sco": 171,
          "dco": 1875,
          "txt": "the"
        },
        {
          "si": 15,
          "sti": 31,
          "dti": 364,
          "sco": 175,
          "dco": 1879,
          "txt": "near"
        },
        {
          "si": 15,
          "sti": 32,
          "dti": 365,
          "sco": 179,
          "dco": 1883,
          "txt": "-"
        },
        {
          "si": 15,
          "sti": 33,
          "dti": 366,
          "sco": 180,
          "dco": 1884,
          "txt": "dam"
        },
        {
          "si": 15,
          "sti": 34,
          "dti": 367,
          "sco": 184,
          "dco": 1888,
          "txt": "installation"
        },
        {
          "si": 15,
          "sti": 35,
          "dti": 368,
          "sco": 197,
          "dco": 1901,
          "txt": "of"
        },
        {
          "si": 15,
          "sti": 36,
          "dti": 369,
          "sco": 200,
          "dco": 1904,
          "txt": "the"
        },
        {
          "si": 15,
          "sti": 37,
          "dti": 370,
          "sco": 204,
          "dco": 1908,
          "txt": "Perepad"
        },
        {
          "si": 15,
          "sti": 38,
          "dti": 371,
          "sco": 212,
          "dco": 1916,
          "txt": "HES"
        },
        {
          "si": 15,
          "sti": 39,
          "dti": 372,
          "sco": 215,
          "dco": 1919,
          "txt": "-"
        },
        {
          "si": 15,
          "sti": 40,
          "dti": 373,
          "sco": 216,
          "dco": 1920,
          "txt": "1"
        },
        {
          "si": 15,
          "sti": 41,
          "dti": 374,
          "sco": 218,
          "dco": 1922,
          "txt": "and"
        },
        {
          "si": 15,
          "sti": 42,
          "dti": 375,
          "sco": 222,
          "dco": 1926,
          "txt": "three"
        },
        {
          "si": 15,
          "sti": 43,
          "dti": 376,
          "sco": 228,
          "dco": 1932,
          "txt": "similar"
        },
        {
          "si": 15,
          "sti": 44,
          "dti": 377,
          "sco": 236,
          "dco": 1940,
          "txt": "channel"
        },
        {
          "si": 15,
          "sti": 45,
          "dti": 378,
          "sco": 244,
          "dco": 1948,
          "txt": "installations"
        },
        {
          "si": 15,
          "sti": 46,
          "dti": 379,
          "sco": 258,
          "dco": 1962,
          "txt": "of"
        },
        {
          "si": 15,
          "sti": 47,
          "dti": 380,
          "sco": 261,
          "dco": 1965,
          "txt": "the"
        },
        {
          "si": 15,
          "sti": 48,
          "dti": 381,
          "sco": 265,
          "dco": 1969,
          "txt": "Perepad"
        },
        {
          "si": 15,
          "sti": 49,
          "dti": 382,
          "sco": 273,
          "dco": 1977,
          "txt": "HESs"
        },
        {
          "si": 15,
          "sti": 50,
          "dti": 383,
          "sco": 277,
          "dco": 1981,
          "txt": "-"
        },
        {
          "si": 15,
          "sti": 51,
          "dti": 384,
          "sco": 278,
          "dco": 1982,
          "txt": "2"
        },
        {
          "si": 15,
          "sti": 52,
          "dti": 385,
          "sco": 279,
          "dco": 1983,
          "txt": ","
        },
        {
          "si": 15,
          "sti": 53,
          "dti": 386,
          "sco": 281,
          "dco": 1985,
          "txt": "-"
        },
        {
          "si": 15,
          "sti": 54,
          "dti": 387,
          "sco": 282,
          "dco": 1986,
          "txt": "3"
        },
        {
          "si": 15,
          "sti": 55,
          "dti": 388,
          "sco": 283,
          "dco": 1987,
          "txt": ","
        },
        {
          "si": 15,
          "sti": 56,
          "dti": 389,
          "sco": 285,
          "dco": 1989,
          "txt": "and"
        },
        {
          "si": 15,
          "sti": 57,
          "dti": 390,
          "sco": 289,
          "dco": 1993,
          "txt": "-"
        },
        {
          "si": 15,
          "sti": 58,
          "dti": 391,
          "sco": 290,
          "dco": 1994,
          "txt": "4"
        },
        {
          "si": 15,
          "sti": 59,
          "dti": 392,
          "sco": 292,
          "dco": 1996,
          "txt": "located"
        },
        {
          "si": 15,
          "sti": 60,
          "dti": 393,
          "sco": 300,
          "dco": 2004,
          "txt": "on"
        },
        {
          "si": 15,
          "sti": 61,
          "dti": 394,
          "sco": 303,
          "dco": 2007,
          "txt": "the"
        },
        {
          "si": 15,
          "sti": 62,
          "dti": 395,
          "sco": 307,
          "dco": 2011,
          "txt": "tailrace"
        },
        {
          "si": 15,
          "sti": 63,
          "dti": 396,
          "sco": 316,
          "dco": 2020,
          "txt": "emptying"
        },
        {
          "si": 15,
          "sti": 64,
          "dti": 397,
          "sco": 325,
          "dco": 2029,
          "txt": "into"
        },
        {
          "si": 15,
          "sti": 65,
          "dti": 398,
          "sco": 330,
          "dco": 2034,
          "txt": "the"
        },
        {
          "si": 15,
          "sti": 66,
          "dti": 399,
          "sco": 334,
          "dco": 2038,
          "txt": "Black"
        },
        {
          "si": 15,
          "sti": 67,
          "dti": 400,
          "sco": 340,
          "dco": 2044,
          "txt": "Sea"
        },
        {
          "si": 15,
          "sti": 68,
          "dti": 401,
          "sco": 343,
          "dco": 2047,
          "txt": "."
        },
        {
          "si": 16,
          "sti": 0,
          "dti": 402,
          "sco": 0,
          "dco": 2049,
          "txt": "While"
        },
        {
          "si": 16,
          "sti": 1,
          "dti": 403,
          "sco": 6,
          "dco": 2055,
          "txt": "the"
        },
        {
          "si": 16,
          "sti": 2,
          "dti": 404,
          "sco": 10,
          "dco": 2059,
          "txt": "arch"
        },
        {
          "si": 16,
          "sti": 3,
          "dti": 405,
          "sco": 15,
          "dco": 2064,
          "txt": "dam"
        },
        {
          "si": 16,
          "sti": 4,
          "dti": 406,
          "sco": 19,
          "dco": 2068,
          "txt": "is"
        },
        {
          "si": 16,
          "sti": 5,
          "dti": 407,
          "sco": 22,
          "dco": 2071,
          "txt": "located"
        },
        {
          "si": 16,
          "sti": 6,
          "dti": 408,
          "sco": 30,
          "dco": 2079,
          "txt": "on"
        },
        {
          "si": 16,
          "sti": 7,
          "dti": 409,
          "sco": 33,
          "dco": 2082,
          "txt": "the"
        },
        {
          "si": 16,
          "sti": 8,
          "dti": 410,
          "sco": 37,
          "dco": 2086,
          "txt": "Georgian"
        },
        {
          "si": 16,
          "sti": 9,
          "dti": 411,
          "sco": 46,
          "dco": 2095,
          "txt": "controlled"
        },
        {
          "si": 16,
          "sti": 10,
          "dti": 412,
          "sco": 57,
          "dco": 2106,
          "txt": "territory"
        },
        {
          "si": 16,
          "sti": 11,
          "dti": 413,
          "sco": 67,
          "dco": 2116,
          "txt": "in"
        },
        {
          "si": 16,
          "sti": 12,
          "dti": 414,
          "sco": 70,
          "dco": 2119,
          "txt": "Upper"
        },
        {
          "si": 16,
          "sti": 13,
          "dti": 415,
          "sco": 76,
          "dco": 2125,
          "txt": "Svanetia"
        },
        {
          "si": 16,
          "sti": 14,
          "dti": 416,
          "sco": 84,
          "dco": 2133,
          "txt": ","
        },
        {
          "si": 16,
          "sti": 15,
          "dti": 417,
          "sco": 86,
          "dco": 2135,
          "txt": "the"
        },
        {
          "si": 16,
          "sti": 16,
          "dti": 418,
          "sco": 90,
          "dco": 2139,
          "txt": "power"
        },
        {
          "si": 16,
          "sti": 17,
          "dti": 419,
          "sco": 96,
          "dco": 2145,
          "txt": "station"
        },
        {
          "si": 16,
          "sti": 18,
          "dti": 420,
          "sco": 104,
          "dco": 2153,
          "txt": "is"
        },
        {
          "si": 16,
          "sti": 19,
          "dti": 421,
          "sco": 107,
          "dco": 2156,
          "txt": "located"
        },
        {
          "si": 16,
          "sti": 20,
          "dti": 422,
          "sco": 115,
          "dco": 2164,
          "txt": "in"
        },
        {
          "si": 16,
          "sti": 21,
          "dti": 423,
          "sco": 118,
          "dco": 2167,
          "txt": "the"
        },
        {
          "si": 16,
          "sti": 22,
          "dti": 424,
          "sco": 122,
          "dco": 2171,
          "txt": "Gali"
        },
        {
          "si": 16,
          "sti": 23,
          "dti": 425,
          "sco": 127,
          "dco": 2176,
          "txt": "District"
        },
        {
          "si": 16,
          "sti": 24,
          "dti": 426,
          "sco": 136,
          "dco": 2185,
          "txt": "of"
        },
        {
          "si": 16,
          "sti": 25,
          "dti": 427,
          "sco": 139,
          "dco": 2188,
          "txt": "region"
        },
        {
          "si": 16,
          "sti": 26,
          "dti": 428,
          "sco": 146,
          "dco": 2195,
          "txt": "Abkhazia"
        },
        {
          "si": 16,
          "sti": 27,
          "dti": 429,
          "sco": 155,
          "dco": 2204,
          "txt": "of"
        },
        {
          "si": 16,
          "sti": 28,
          "dti": 430,
          "sco": 158,
          "dco": 2207,
          "txt": "Georgia"
        },
        {
          "si": 16,
          "sti": 29,
          "dti": 431,
          "sco": 165,
          "dco": 2214,
          "txt": "."
        },
        {
          "si": 17,
          "sti": 0,
          "dti": 432,
          "sco": 0,
          "dco": 2216,
          "txt": "Inguri"
        },
        {
          "si": 17,
          "sti": 1,
          "dti": 433,
          "sco": 7,
          "dco": 2223,
          "txt": "HES"
        },
        {
          "si": 17,
          "sti": 2,
          "dti": 434,
          "sco": 11,
          "dco": 2227,
          "txt": "has"
        },
        {
          "si": 17,
          "sti": 3,
          "dti": 435,
          "sco": 15,
          "dco": 2231,
          "txt": "20"
        },
        {
          "si": 17,
          "sti": 4,
          "dti": 436,
          "sco": 17,
          "dco": 2233,
          "txt": " "
        },
        {
          "si": 17,
          "sti": 5,
          "dti": 437,
          "sco": 18,
          "dco": 2234,
          "txt": "turbines"
        },
        {
          "si": 17,
          "sti": 6,
          "dti": 438,
          "sco": 27,
          "dco": 2243,
          "txt": "with"
        },
        {
          "si": 17,
          "sti": 7,
          "dti": 439,
          "sco": 32,
          "dco": 2248,
          "txt": "a"
        },
        {
          "si": 17,
          "sti": 8,
          "dti": 440,
          "sco": 34,
          "dco": 2250,
          "txt": "nominal"
        },
        {
          "si": 17,
          "sti": 9,
          "dti": 441,
          "sco": 42,
          "dco": 2258,
          "txt": "capacity"
        },
        {
          "si": 17,
          "sti": 10,
          "dti": 442,
          "sco": 51,
          "dco": 2267,
          "txt": "of"
        },
        {
          "si": 17,
          "sti": 11,
          "dti": 443,
          "sco": 54,
          "dco": 2270,
          "txt": "66"
        },
        {
          "si": 17,
          "sti": 12,
          "dti": 444,
          "sco": 56,
          "dco": 2272,
          "txt": " "
        },
        {
          "si": 17,
          "sti": 13,
          "dti": 445,
          "sco": 57,
          "dco": 2273,
          "txt": "MW"
        },
        {
          "si": 17,
          "sti": 14,
          "dti": 446,
          "sco": 60,
          "dco": 2276,
          "txt": "each"
        },
        {
          "si": 17,
          "sti": 15,
          "dti": 447,
          "sco": 64,
          "dco": 2280,
          "txt": ","
        },
        {
          "si": 17,
          "sti": 16,
          "dti": 448,
          "sco": 66,
          "dco": 2282,
          "txt": "resulting"
        },
        {
          "si": 17,
          "sti": 17,
          "dti": 449,
          "sco": 76,
          "dco": 2292,
          "txt": "in"
        },
        {
          "si": 17,
          "sti": 18,
          "dti": 450,
          "sco": 79,
          "dco": 2295,
          "txt": "a"
        },
        {
          "si": 17,
          "sti": 19,
          "dti": 451,
          "sco": 81,
          "dco": 2297,
          "txt": "total"
        },
        {
          "si": 17,
          "sti": 20,
          "dti": 452,
          "sco": 87,
          "dco": 2303,
          "txt": "capacity"
        },
        {
          "si": 17,
          "sti": 21,
          "dti": 453,
          "sco": 96,
          "dco": 2312,
          "txt": "of"
        },
        {
          "si": 17,
          "sti": 22,
          "dti": 454,
          "sco": 99,
          "dco": 2315,
          "txt": "1"
        },
        {
          "si": 17,
          "sti": 23,
          "dti": 455,
          "sco": 100,
          "dco": 2316,
          "txt": ","
        },
        {
          "si": 17,
          "sti": 24,
          "dti": 456,
          "sco": 101,
          "dco": 2317,
          "txt": "320"
        },
        {
          "si": 17,
          "sti": 25,
          "dti": 457,
          "sco": 105,
          "dco": 2321,
          "txt": "MW"
        },
        {
          "si": 17,
          "sti": 26,
          "dti": 458,
          "sco": 107,
          "dco": 2323,
          "txt": "."
        },
        {
          "si": 18,
          "sti": 0,
          "dti": 459,
          "sco": 0,
          "dco": 2325,
          "txt": "Its"
        },
        {
          "si": 18,
          "sti": 1,
          "dti": 460,
          "sco": 4,
          "dco": 2329,
          "txt": "average"
        },
        {
          "si": 18,
          "sti": 2,
          "dti": 461,
          "sco": 12,
          "dco": 2337,
          "txt": "annual"
        },
        {
          "si": 18,
          "sti": 3,
          "dti": 462,
          "sco": 19,
          "dco": 2344,
          "txt": "capacity"
        },
        {
          "si": 18,
          "sti": 4,
          "dti": 463,
          "sco": 28,
          "dco": 2353,
          "txt": "is"
        },
        {
          "si": 18,
          "sti": 5,
          "dti": 464,
          "sco": 31,
          "dco": 2356,
          "txt": "3"
        },
        {
          "si": 18,
          "sti": 6,
          "dti": 465,
          "sco": 32,
          "dco": 2357,
          "txt": "."
        },
        {
          "si": 18,
          "sti": 7,
          "dti": 466,
          "sco": 33,
          "dco": 2358,
          "txt": "8"
        },
        {
          "si": 18,
          "sti": 8,
          "dti": 467,
          "sco": 35,
          "dco": 2360,
          "txt": "TW"
        },
        {
          "si": 18,
          "sti": 9,
          "dti": 468,
          "sco": 37,
          "dco": 2362,
          "txt": "/"
        },
        {
          "si": 18,
          "sti": 10,
          "dti": 469,
          "sco": 38,
          "dco": 2363,
          "txt": "h"
        },
        {
          "si": 18,
          "sti": 11,
          "dti": 470,
          "sco": 39,
          "dco": 2364,
          "txt": ","
        },
        {
          "si": 18,
          "sti": 12,
          "dti": 471,
          "sco": 41,
          "dco": 2366,
          "txt": "which"
        },
        {
          "si": 18,
          "sti": 13,
          "dti": 472,
          "sco": 47,
          "dco": 2372,
          "txt": "is"
        },
        {
          "si": 18,
          "sti": 14,
          "dti": 473,
          "sco": 50,
          "dco": 2375,
          "txt": "approximately"
        },
        {
          "si": 18,
          "sti": 15,
          "dti": 474,
          "sco": 64,
          "dco": 2389,
          "txt": "46"
        },
        {
          "si": 18,
          "sti": 16,
          "dti": 475,
          "sco": 66,
          "dco": 2391,
          "txt": "%"
        },
        {
          "si": 18,
          "sti": 17,
          "dti": 476,
          "sco": 68,
          "dco": 2393,
          "txt": "of"
        },
        {
          "si": 18,
          "sti": 18,
          "dti": 477,
          "sco": 71,
          "dco": 2396,
          "txt": "the"
        },
        {
          "si": 18,
          "sti": 19,
          "dti": 478,
          "sco": 75,
          "dco": 2400,
          "txt": "total"
        },
        {
          "si": 18,
          "sti": 20,
          "dti": 479,
          "sco": 81,
          "dco": 2406,
          "txt": "electricity"
        },
        {
          "si": 18,
          "sti": 21,
          "dti": 480,
          "sco": 93,
          "dco": 2418,
          "txt": "supply"
        },
        {
          "si": 18,
          "sti": 22,
          "dti": 481,
          "sco": 100,
          "dco": 2425,
          "txt": "in"
        },
        {
          "si": 18,
          "sti": 23,
          "dti": 482,
          "sco": 103,
          "dco": 2428,
          "txt": "Georgia"
        },
        {
          "si": 18,
          "sti": 24,
          "dti": 483,
          "sco": 111,
          "dco": 2436,
          "txt": "as"
        },
        {
          "si": 18,
          "sti": 25,
          "dti": 484,
          "sco": 114,
          "dco": 2439,
          "txt": "of"
        },
        {
          "si": 18,
          "sti": 26,
          "dti": 485,
          "sco": 117,
          "dco": 2442,
          "txt": "2007"
        },
        {
          "si": 18,
          "sti": 27,
          "dti": 486,
          "sco": 121,
          "dco": 2446,
          "txt": "."
        }
      ]
    },
    "ganns": {
      "dla": [],
      "la": [],
      "ea": [],
      "eta": [
        {
          "ra": {
            "ea": {
              "etn": "Inguri_Dam"
            }
          },
          "sfs": [
            [
              {
                "stn": "status"
              },
              {}
            ]
          ],
          "mfs": [
            [
              {
                "stn": "rivers"
              },
              {
                "dla": [],
                "la": [],
                "ea": [
                  {
                    "etn": "Inguri_River"
                  }
                ],
                "eta": []
              }
            ],
            [
              {
                "stn": "locations"
              },
              {
                "dla": [],
                "la": [],
                "ea": [
                  {
                    "etn": "Jvari_(town)"
                  }
                ],
                "eta": []
              }
            ],
            [
              {
                "stn": "openingYears"
              },
              {
                "dla": [
                  {
                    "txt": {
                      "sff": "1987"
                    },
                    "et": {
                      "etn": "Year"
                    },
                    "dp": {
                      "off": 938
                    }
                  }
                ],
                "la": [],
                "ea": [],
                "eta": []
              }
            ],
            [
              {
                "stn": "buildingStartYears"
              },
              {
                "dla": [
                  {
                    "txt": {
                      "sff": "1961"
                    },
                    "et": {
                      "etn": "Year"
                    },
                    "dp": {
                      "off": 863
                    }
                  }
                ],
                "la": [],
                "ea": [],
                "eta": []
              }
            ],
            [
              {
                "stn": "countries"
              },
              {
                "dla": [],
                "la": [],
                "ea": [
                  {
                    "etn": "Georgia_(country)"
                  }
                ],
                "eta": []
              }
            ]
          ]
        }
      ]
    }
  }
]
