[
  {
    "context": "TRAIN",
    "doc": {
      "id": "Ishibuchi_Dam",
      "tl": [
        {
          "si": 0,
          "sti": 0,
          "dti": 0,
          "sco": 0,
          "dco": 0,
          "txt": "Ishibuchi"
        },
        {
          "si": 0,
          "sti": 1,
          "dti": 1,
          "sco": 10,
          "dco": 10,
          "txt": "Dam"
        },
        {
          "si": 0,
          "sti": 2,
          "dti": 2,
          "sco": 13,
          "dco": 13,
          "txt": "."
        },
        {
          "si": 0,
          "sti": 3,
          "dti": 3,
          "sco": 15,
          "dco": 15,
          "txt": "was"
        },
        {
          "si": 0,
          "sti": 4,
          "dti": 4,
          "sco": 19,
          "dco": 19,
          "txt": "an"
        },
        {
          "si": 0,
          "sti": 5,
          "dti": 5,
          "sco": 22,
          "dco": 22,
          "txt": "embankment"
        },
        {
          "si": 0,
          "sti": 6,
          "dti": 6,
          "sco": 33,
          "dco": 33,
          "txt": "dam"
        },
        {
          "si": 0,
          "sti": 7,
          "dti": 7,
          "sco": 37,
          "dco": 37,
          "txt": "on"
        },
        {
          "si": 0,
          "sti": 8,
          "dti": 8,
          "sco": 40,
          "dco": 40,
          "txt": "the"
        },
        {
          "si": 0,
          "sti": 9,
          "dti": 9,
          "sco": 44,
          "dco": 44,
          "txt": "Isawa"
        },
        {
          "si": 0,
          "sti": 10,
          "dti": 10,
          "sco": 50,
          "dco": 50,
          "txt": "River"
        },
        {
          "si": 0,
          "sti": 11,
          "dti": 11,
          "sco": 56,
          "dco": 56,
          "txt": "in"
        },
        {
          "si": 0,
          "sti": 12,
          "dti": 12,
          "sco": 59,
          "dco": 59,
          "txt": "Iwate"
        },
        {
          "si": 0,
          "sti": 13,
          "dti": 13,
          "sco": 65,
          "dco": 65,
          "txt": "Prefecture"
        },
        {
          "si": 0,
          "sti": 14,
          "dti": 14,
          "sco": 75,
          "dco": 75,
          "txt": ","
        },
        {
          "si": 0,
          "sti": 15,
          "dti": 15,
          "sco": 77,
          "dco": 77,
          "txt": "Japan"
        },
        {
          "si": 0,
          "sti": 16,
          "dti": 16,
          "sco": 82,
          "dco": 82,
          "txt": ","
        },
        {
          "si": 0,
          "sti": 17,
          "dti": 17,
          "sco": 84,
          "dco": 84,
          "txt": "constructed"
        },
        {
          "si": 0,
          "sti": 18,
          "dti": 18,
          "sco": 96,
          "dco": 96,
          "txt": "between"
        },
        {
          "si": 0,
          "sti": 19,
          "dti": 19,
          "sco": 104,
          "dco": 104,
          "txt": "1945"
        },
        {
          "si": 0,
          "sti": 20,
          "dti": 20,
          "sco": 109,
          "dco": 109,
          "txt": "and"
        },
        {
          "si": 0,
          "sti": 21,
          "dti": 21,
          "sco": 113,
          "dco": 113,
          "txt": "1953"
        },
        {
          "si": 0,
          "sti": 22,
          "dti": 22,
          "sco": 117,
          "dco": 117,
          "txt": "."
        },
        {
          "si": 1,
          "sti": 0,
          "dti": 23,
          "sco": 0,
          "dco": 119,
          "txt": "It"
        },
        {
          "si": 1,
          "sti": 1,
          "dti": 24,
          "sco": 3,
          "dco": 122,
          "txt": "was"
        },
        {
          "si": 1,
          "sti": 2,
          "dti": 25,
          "sco": 7,
          "dco": 126,
          "txt": "submerged"
        },
        {
          "si": 1,
          "sti": 3,
          "dti": 26,
          "sco": 17,
          "dco": 136,
          "txt": "by"
        },
        {
          "si": 1,
          "sti": 4,
          "dti": 27,
          "sco": 20,
          "dco": 139,
          "txt": "the"
        },
        {
          "si": 1,
          "sti": 5,
          "dti": 28,
          "sco": 24,
          "dco": 143,
          "txt": "reservoir"
        },
        {
          "si": 1,
          "sti": 6,
          "dti": 29,
          "sco": 34,
          "dco": 153,
          "txt": "of"
        },
        {
          "si": 1,
          "sti": 7,
          "dti": 30,
          "sco": 37,
          "dco": 156,
          "txt": "the"
        },
        {
          "si": 1,
          "sti": 8,
          "dti": 31,
          "sco": 41,
          "dco": 160,
          "txt": "taller"
        },
        {
          "si": 1,
          "sti": 9,
          "dti": 32,
          "sco": 48,
          "dco": 167,
          "txt": "and"
        },
        {
          "si": 1,
          "sti": 10,
          "dti": 33,
          "sco": 52,
          "dco": 171,
          "txt": "larger"
        },
        {
          "si": 1,
          "sti": 11,
          "dti": 34,
          "sco": 59,
          "dco": 178,
          "txt": "Isawa"
        },
        {
          "si": 1,
          "sti": 12,
          "dti": 35,
          "sco": 65,
          "dco": 184,
          "txt": "Dam"
        },
        {
          "si": 1,
          "sti": 13,
          "dti": 36,
          "sco": 69,
          "dco": 188,
          "txt": "downstream"
        },
        {
          "si": 1,
          "sti": 14,
          "dti": 37,
          "sco": 80,
          "dco": 199,
          "txt": "in"
        },
        {
          "si": 1,
          "sti": 15,
          "dti": 38,
          "sco": 83,
          "dco": 202,
          "txt": "2013"
        },
        {
          "si": 1,
          "sti": 16,
          "dti": 39,
          "sco": 87,
          "dco": 206,
          "txt": "."
        }
      ]
    },
    "ganns": {
      "dla": [],
      "la": [],
      "ea": [],
      "eta": [
        {
          "ra": {
            "ea": {
              "etn": "Ishibuchi_Dam"
            }
          },
          "sfs": [
            [
              {
                "stn": "status"
              },
              {}
            ]
          ],
          "mfs": [
            [
              {
                "stn": "rivers"
              },
              {
                "dla": [],
                "la": [],
                "ea": [
                  {
                    "etn": "Isawa_River"
                  }
                ],
                "eta": []
              }
            ],
            [
              {
                "stn": "locations"
              },
              {
                "dla": [],
                "la": [],
                "ea": [
                  {
                    "etn": "Japan"
                  },
                  {
                    "etn": "Iwate_Prefecture"
                  }
                ],
                "eta": []
              }
            ],
            [
              {
                "stn": "openingYears"
              },
              {
                "dla": [
                  {
                    "txt": {
                      "sff": "1953"
                    },
                    "et": {
                      "etn": "Year"
                    },
                    "dp": {
                      "off": 113
                    }
                  }
                ],
                "la": [],
                "ea": [],
                "eta": []
              }
            ],
            [
              {
                "stn": "buildingStartYears"
              },
              {
                "dla": [
                  {
                    "txt": {
                      "sff": "1945"
                    },
                    "et": {
                      "etn": "Year"
                    },
                    "dp": {
                      "off": 104
                    }
                  }
                ],
                "la": [],
                "ea": [],
                "eta": []
              }
            ],
            [
              {
                "stn": "countries"
              },
              {
                "dla": [],
                "la": [],
                "ea": [
                  {
                    "etn": "Japan"
                  }
                ],
                "eta": []
              }
            ]
          ]
        }
      ]
    }
  }
]
