[
  {
    "context": "TRAIN",
    "doc": {
      "id": "Jackson_Lake_Dam",
      "tl": [
        {
          "si": 0,
          "sti": 0,
          "dti": 0,
          "sco": 0,
          "dco": 0,
          "txt": "Jackson"
        },
        {
          "si": 0,
          "sti": 1,
          "dti": 1,
          "sco": 8,
          "dco": 8,
          "txt": "Lake"
        },
        {
          "si": 0,
          "sti": 2,
          "dti": 2,
          "sco": 13,
          "dco": 13,
          "txt": "Dam"
        },
        {
          "si": 0,
          "sti": 3,
          "dti": 3,
          "sco": 16,
          "dco": 16,
          "txt": "."
        },
        {
          "si": 1,
          "sti": 0,
          "dti": 4,
          "sco": 0,
          "dco": 18,
          "txt": "Jackson"
        },
        {
          "si": 1,
          "sti": 1,
          "dti": 5,
          "sco": 8,
          "dco": 26,
          "txt": "Lake"
        },
        {
          "si": 1,
          "sti": 2,
          "dti": 6,
          "sco": 13,
          "dco": 31,
          "txt": "Dam"
        },
        {
          "si": 1,
          "sti": 3,
          "dti": 7,
          "sco": 17,
          "dco": 35,
          "txt": "is"
        },
        {
          "si": 1,
          "sti": 4,
          "dti": 8,
          "sco": 20,
          "dco": 38,
          "txt": "a"
        },
        {
          "si": 1,
          "sti": 5,
          "dti": 9,
          "sco": 22,
          "dco": 40,
          "txt": "concrete"
        },
        {
          "si": 1,
          "sti": 6,
          "dti": 10,
          "sco": 31,
          "dco": 49,
          "txt": "and"
        },
        {
          "si": 1,
          "sti": 7,
          "dti": 11,
          "sco": 35,
          "dco": 53,
          "txt": "earth"
        },
        {
          "si": 1,
          "sti": 8,
          "dti": 12,
          "sco": 40,
          "dco": 58,
          "txt": "-"
        },
        {
          "si": 1,
          "sti": 9,
          "dti": 13,
          "sco": 41,
          "dco": 59,
          "txt": "fill"
        },
        {
          "si": 1,
          "sti": 10,
          "dti": 14,
          "sco": 46,
          "dco": 64,
          "txt": "dam"
        },
        {
          "si": 1,
          "sti": 11,
          "dti": 15,
          "sco": 50,
          "dco": 68,
          "txt": "at"
        },
        {
          "si": 1,
          "sti": 12,
          "dti": 16,
          "sco": 53,
          "dco": 71,
          "txt": "the"
        },
        {
          "si": 1,
          "sti": 13,
          "dti": 17,
          "sco": 57,
          "dco": 75,
          "txt": "outlet"
        },
        {
          "si": 1,
          "sti": 14,
          "dti": 18,
          "sco": 64,
          "dco": 82,
          "txt": "of"
        },
        {
          "si": 1,
          "sti": 15,
          "dti": 19,
          "sco": 67,
          "dco": 85,
          "txt": "Jackson"
        },
        {
          "si": 1,
          "sti": 16,
          "dti": 20,
          "sco": 75,
          "dco": 93,
          "txt": "Lake"
        },
        {
          "si": 1,
          "sti": 17,
          "dti": 21,
          "sco": 80,
          "dco": 98,
          "txt": "in"
        },
        {
          "si": 1,
          "sti": 18,
          "dti": 22,
          "sco": 83,
          "dco": 101,
          "txt": "northwestern"
        },
        {
          "si": 1,
          "sti": 19,
          "dti": 23,
          "sco": 96,
          "dco": 114,
          "txt": "Wyoming"
        },
        {
          "si": 1,
          "sti": 20,
          "dti": 24,
          "sco": 103,
          "dco": 121,
          "txt": ","
        },
        {
          "si": 1,
          "sti": 21,
          "dti": 25,
          "sco": 105,
          "dco": 123,
          "txt": "USA"
        },
        {
          "si": 1,
          "sti": 22,
          "dti": 26,
          "sco": 108,
          "dco": 126,
          "txt": "."
        },
        {
          "si": 2,
          "sti": 0,
          "dti": 27,
          "sco": 0,
          "dco": 128,
          "txt": "The"
        },
        {
          "si": 2,
          "sti": 1,
          "dti": 28,
          "sco": 4,
          "dco": 132,
          "txt": "lake"
        },
        {
          "si": 2,
          "sti": 2,
          "dti": 29,
          "sco": 9,
          "dco": 137,
          "txt": "and"
        },
        {
          "si": 2,
          "sti": 3,
          "dti": 30,
          "sco": 13,
          "dco": 141,
          "txt": "dam"
        },
        {
          "si": 2,
          "sti": 4,
          "dti": 31,
          "sco": 17,
          "dco": 145,
          "txt": "are"
        },
        {
          "si": 2,
          "sti": 5,
          "dti": 32,
          "sco": 21,
          "dco": 149,
          "txt": "situated"
        },
        {
          "si": 2,
          "sti": 6,
          "dti": 33,
          "sco": 30,
          "dco": 158,
          "txt": "within"
        },
        {
          "si": 2,
          "sti": 7,
          "dti": 34,
          "sco": 37,
          "dco": 165,
          "txt": "Grand"
        },
        {
          "si": 2,
          "sti": 8,
          "dti": 35,
          "sco": 43,
          "dco": 171,
          "txt": "Teton"
        },
        {
          "si": 2,
          "sti": 9,
          "dti": 36,
          "sco": 49,
          "dco": 177,
          "txt": "National"
        },
        {
          "si": 2,
          "sti": 10,
          "dti": 37,
          "sco": 58,
          "dco": 186,
          "txt": "Park"
        },
        {
          "si": 2,
          "sti": 11,
          "dti": 38,
          "sco": 63,
          "dco": 191,
          "txt": "in"
        },
        {
          "si": 2,
          "sti": 12,
          "dti": 39,
          "sco": 66,
          "dco": 194,
          "txt": "Teton"
        },
        {
          "si": 2,
          "sti": 13,
          "dti": 40,
          "sco": 72,
          "dco": 200,
          "txt": "County"
        },
        {
          "si": 2,
          "sti": 14,
          "dti": 41,
          "sco": 78,
          "dco": 206,
          "txt": "."
        },
        {
          "si": 3,
          "sti": 0,
          "dti": 42,
          "sco": 0,
          "dco": 208,
          "txt": "The"
        },
        {
          "si": 3,
          "sti": 1,
          "dti": 43,
          "sco": 4,
          "dco": 212,
          "txt": "Snake"
        },
        {
          "si": 3,
          "sti": 2,
          "dti": 44,
          "sco": 10,
          "dco": 218,
          "txt": "River"
        },
        {
          "si": 3,
          "sti": 3,
          "dti": 45,
          "sco": 16,
          "dco": 224,
          "txt": "emerges"
        },
        {
          "si": 3,
          "sti": 4,
          "dti": 46,
          "sco": 24,
          "dco": 232,
          "txt": "from"
        },
        {
          "si": 3,
          "sti": 5,
          "dti": 47,
          "sco": 29,
          "dco": 237,
          "txt": "the"
        },
        {
          "si": 3,
          "sti": 6,
          "dti": 48,
          "sco": 33,
          "dco": 241,
          "txt": "dam"
        },
        {
          "si": 3,
          "sti": 7,
          "dti": 49,
          "sco": 37,
          "dco": 245,
          "txt": "and"
        },
        {
          "si": 3,
          "sti": 8,
          "dti": 50,
          "sco": 41,
          "dco": 249,
          "txt": "flows"
        },
        {
          "si": 3,
          "sti": 9,
          "dti": 51,
          "sco": 47,
          "dco": 255,
          "txt": "about"
        },
        {
          "si": 3,
          "sti": 10,
          "dti": 52,
          "sco": 53,
          "dco": 261,
          "txt": "through"
        },
        {
          "si": 3,
          "sti": 11,
          "dti": 53,
          "sco": 61,
          "dco": 269,
          "txt": "Wyoming"
        },
        {
          "si": 3,
          "sti": 12,
          "dti": 54,
          "sco": 68,
          "dco": 276,
          "txt": ","
        },
        {
          "si": 3,
          "sti": 13,
          "dti": 55,
          "sco": 70,
          "dco": 278,
          "txt": "Idaho"
        },
        {
          "si": 3,
          "sti": 14,
          "dti": 56,
          "sco": 75,
          "dco": 283,
          "txt": ","
        },
        {
          "si": 3,
          "sti": 15,
          "dti": 57,
          "sco": 77,
          "dco": 285,
          "txt": "Oregon"
        },
        {
          "si": 3,
          "sti": 16,
          "dti": 58,
          "sco": 83,
          "dco": 291,
          "txt": ","
        },
        {
          "si": 3,
          "sti": 17,
          "dti": 59,
          "sco": 85,
          "dco": 293,
          "txt": "and"
        },
        {
          "si": 3,
          "sti": 18,
          "dti": 60,
          "sco": 89,
          "dco": 297,
          "txt": "Washington"
        },
        {
          "si": 3,
          "sti": 19,
          "dti": 61,
          "sco": 100,
          "dco": 308,
          "txt": "to"
        },
        {
          "si": 3,
          "sti": 20,
          "dti": 62,
          "sco": 103,
          "dco": 311,
          "txt": "its"
        },
        {
          "si": 3,
          "sti": 21,
          "dti": 63,
          "sco": 107,
          "dco": 315,
          "txt": "mouth"
        },
        {
          "si": 3,
          "sti": 22,
          "dti": 64,
          "sco": 113,
          "dco": 321,
          "txt": "on"
        },
        {
          "si": 3,
          "sti": 23,
          "dti": 65,
          "sco": 116,
          "dco": 324,
          "txt": "the"
        },
        {
          "si": 3,
          "sti": 24,
          "dti": 66,
          "sco": 120,
          "dco": 328,
          "txt": "Columbia"
        },
        {
          "si": 3,
          "sti": 25,
          "dti": 67,
          "sco": 129,
          "dco": 337,
          "txt": "River"
        },
        {
          "si": 3,
          "sti": 26,
          "dti": 68,
          "sco": 135,
          "dco": 343,
          "txt": "in"
        },
        {
          "si": 3,
          "sti": 27,
          "dti": 69,
          "sco": 138,
          "dco": 346,
          "txt": "eastern"
        },
        {
          "si": 3,
          "sti": 28,
          "dti": 70,
          "sco": 146,
          "dco": 354,
          "txt": "Washington"
        },
        {
          "si": 3,
          "sti": 29,
          "dti": 71,
          "sco": 156,
          "dco": 364,
          "txt": "."
        },
        {
          "si": 4,
          "sti": 0,
          "dti": 72,
          "sco": 0,
          "dco": 366,
          "txt": "The"
        },
        {
          "si": 4,
          "sti": 1,
          "dti": 73,
          "sco": 4,
          "dco": 370,
          "txt": "chief"
        },
        {
          "si": 4,
          "sti": 2,
          "dti": 74,
          "sco": 10,
          "dco": 376,
          "txt": "purpose"
        },
        {
          "si": 4,
          "sti": 3,
          "dti": 75,
          "sco": 18,
          "dco": 384,
          "txt": "of"
        },
        {
          "si": 4,
          "sti": 4,
          "dti": 76,
          "sco": 21,
          "dco": 387,
          "txt": "the"
        },
        {
          "si": 4,
          "sti": 5,
          "dti": 77,
          "sco": 25,
          "dco": 391,
          "txt": "dam"
        },
        {
          "si": 4,
          "sti": 6,
          "dti": 78,
          "sco": 29,
          "dco": 395,
          "txt": "is"
        },
        {
          "si": 4,
          "sti": 7,
          "dti": 79,
          "sco": 32,
          "dco": 398,
          "txt": "to"
        },
        {
          "si": 4,
          "sti": 8,
          "dti": 80,
          "sco": 35,
          "dco": 401,
          "txt": "provide"
        },
        {
          "si": 4,
          "sti": 9,
          "dti": 81,
          "sco": 43,
          "dco": 409,
          "txt": "water"
        },
        {
          "si": 4,
          "sti": 10,
          "dti": 82,
          "sco": 49,
          "dco": 415,
          "txt": "storage"
        },
        {
          "si": 4,
          "sti": 11,
          "dti": 83,
          "sco": 57,
          "dco": 423,
          "txt": "for"
        },
        {
          "si": 4,
          "sti": 12,
          "dti": 84,
          "sco": 61,
          "dco": 427,
          "txt": "irrigation"
        },
        {
          "si": 4,
          "sti": 13,
          "dti": 85,
          "sco": 72,
          "dco": 438,
          "txt": "in"
        },
        {
          "si": 4,
          "sti": 14,
          "dti": 86,
          "sco": 75,
          "dco": 441,
          "txt": "the"
        },
        {
          "si": 4,
          "sti": 15,
          "dti": 87,
          "sco": 79,
          "dco": 445,
          "txt": "Snake"
        },
        {
          "si": 4,
          "sti": 16,
          "dti": 88,
          "sco": 85,
          "dco": 451,
          "txt": "River"
        },
        {
          "si": 4,
          "sti": 17,
          "dti": 89,
          "sco": 91,
          "dco": 457,
          "txt": "basin"
        },
        {
          "si": 4,
          "sti": 18,
          "dti": 90,
          "sco": 97,
          "dco": 463,
          "txt": "in"
        },
        {
          "si": 4,
          "sti": 19,
          "dti": 91,
          "sco": 100,
          "dco": 466,
          "txt": "the"
        },
        {
          "si": 4,
          "sti": 20,
          "dti": 92,
          "sco": 104,
          "dco": 470,
          "txt": "state"
        },
        {
          "si": 4,
          "sti": 21,
          "dti": 93,
          "sco": 110,
          "dco": 476,
          "txt": "of"
        },
        {
          "si": 4,
          "sti": 22,
          "dti": 94,
          "sco": 113,
          "dco": 479,
          "txt": "Idaho"
        },
        {
          "si": 4,
          "sti": 23,
          "dti": 95,
          "sco": 119,
          "dco": 485,
          "txt": "as"
        },
        {
          "si": 4,
          "sti": 24,
          "dti": 96,
          "sco": 122,
          "dco": 488,
          "txt": "part"
        },
        {
          "si": 4,
          "sti": 25,
          "dti": 97,
          "sco": 127,
          "dco": 493,
          "txt": "of"
        },
        {
          "si": 4,
          "sti": 26,
          "dti": 98,
          "sco": 130,
          "dco": 496,
          "txt": "the"
        },
        {
          "si": 4,
          "sti": 27,
          "dti": 99,
          "sco": 134,
          "dco": 500,
          "txt": "Minidoka"
        },
        {
          "si": 4,
          "sti": 28,
          "dti": 100,
          "sco": 143,
          "dco": 509,
          "txt": "Project"
        },
        {
          "si": 4,
          "sti": 29,
          "dti": 101,
          "sco": 150,
          "dco": 516,
          "txt": "."
        },
        {
          "si": 5,
          "sti": 0,
          "dti": 102,
          "sco": 0,
          "dco": 518,
          "txt": "Jackson"
        },
        {
          "si": 5,
          "sti": 1,
          "dti": 103,
          "sco": 8,
          "dco": 526,
          "txt": "Lake"
        },
        {
          "si": 5,
          "sti": 2,
          "dti": 104,
          "sco": 13,
          "dco": 531,
          "txt": "is"
        },
        {
          "si": 5,
          "sti": 3,
          "dti": 105,
          "sco": 16,
          "dco": 534,
          "txt": "a"
        },
        {
          "si": 5,
          "sti": 4,
          "dti": 106,
          "sco": 18,
          "dco": 536,
          "txt": "natural"
        },
        {
          "si": 5,
          "sti": 5,
          "dti": 107,
          "sco": 26,
          "dco": 544,
          "txt": "lake"
        },
        {
          "si": 5,
          "sti": 6,
          "dti": 108,
          "sco": 31,
          "dco": 549,
          "txt": "but"
        },
        {
          "si": 5,
          "sti": 7,
          "dti": 109,
          "sco": 35,
          "dco": 553,
          "txt": "its"
        },
        {
          "si": 5,
          "sti": 8,
          "dti": 110,
          "sco": 39,
          "dco": 557,
          "txt": "depth"
        },
        {
          "si": 5,
          "sti": 9,
          "dti": 111,
          "sco": 45,
          "dco": 563,
          "txt": "was"
        },
        {
          "si": 5,
          "sti": 10,
          "dti": 112,
          "sco": 49,
          "dco": 567,
          "txt": "increased"
        },
        {
          "si": 5,
          "sti": 11,
          "dti": 113,
          "sco": 59,
          "dco": 577,
          "txt": "by"
        },
        {
          "si": 5,
          "sti": 12,
          "dti": 114,
          "sco": 62,
          "dco": 580,
          "txt": "the"
        },
        {
          "si": 5,
          "sti": 13,
          "dti": 115,
          "sco": 66,
          "dco": 584,
          "txt": "dam"
        },
        {
          "si": 5,
          "sti": 14,
          "dti": 116,
          "sco": 70,
          "dco": 588,
          "txt": "to"
        },
        {
          "si": 5,
          "sti": 15,
          "dti": 117,
          "sco": 73,
          "dco": 591,
          "txt": "provide"
        },
        {
          "si": 5,
          "sti": 16,
          "dti": 118,
          "sco": 81,
          "dco": 599,
          "txt": "water"
        },
        {
          "si": 5,
          "sti": 17,
          "dti": 119,
          "sco": 87,
          "dco": 605,
          "txt": "storage"
        },
        {
          "si": 5,
          "sti": 18,
          "dti": 120,
          "sco": 94,
          "dco": 612,
          "txt": "."
        },
        {
          "si": 6,
          "sti": 0,
          "dti": 121,
          "sco": 0,
          "dco": 614,
          "txt": "History"
        },
        {
          "si": 6,
          "sti": 1,
          "dti": 122,
          "sco": 7,
          "dco": 621,
          "txt": "."
        },
        {
          "si": 7,
          "sti": 0,
          "dti": 123,
          "sco": 0,
          "dco": 623,
          "txt": "The"
        },
        {
          "si": 7,
          "sti": 1,
          "dti": 124,
          "sco": 4,
          "dco": 627,
          "txt": "first"
        },
        {
          "si": 7,
          "sti": 2,
          "dti": 125,
          "sco": 10,
          "dco": 633,
          "txt": "Jackson"
        },
        {
          "si": 7,
          "sti": 3,
          "dti": 126,
          "sco": 18,
          "dco": 641,
          "txt": "Lake"
        },
        {
          "si": 7,
          "sti": 4,
          "dti": 127,
          "sco": 23,
          "dco": 646,
          "txt": "Dam"
        },
        {
          "si": 7,
          "sti": 5,
          "dti": 128,
          "sco": 27,
          "dco": 650,
          "txt": "was"
        },
        {
          "si": 7,
          "sti": 6,
          "dti": 129,
          "sco": 31,
          "dco": 654,
          "txt": "a"
        },
        {
          "si": 7,
          "sti": 7,
          "dti": 130,
          "sco": 33,
          "dco": 656,
          "txt": "log"
        },
        {
          "si": 7,
          "sti": 8,
          "dti": 131,
          "sco": 36,
          "dco": 659,
          "txt": "-"
        },
        {
          "si": 7,
          "sti": 9,
          "dti": 132,
          "sco": 37,
          "dco": 660,
          "txt": "crib"
        },
        {
          "si": 7,
          "sti": 10,
          "dti": 133,
          "sco": 42,
          "dco": 665,
          "txt": "dam"
        },
        {
          "si": 7,
          "sti": 11,
          "dti": 134,
          "sco": 46,
          "dco": 669,
          "txt": "constructed"
        },
        {
          "si": 7,
          "sti": 12,
          "dti": 135,
          "sco": 58,
          "dco": 681,
          "txt": "in"
        },
        {
          "si": 7,
          "sti": 13,
          "dti": 136,
          "sco": 61,
          "dco": 684,
          "txt": "1906"
        },
        {
          "si": 7,
          "sti": 14,
          "dti": 137,
          "sco": 65,
          "dco": 688,
          "txt": "-"
        },
        {
          "si": 7,
          "sti": 15,
          "dti": 138,
          "sco": 66,
          "dco": 689,
          "txt": "7"
        },
        {
          "si": 7,
          "sti": 16,
          "dti": 139,
          "sco": 68,
          "dco": 691,
          "txt": "across"
        },
        {
          "si": 7,
          "sti": 17,
          "dti": 140,
          "sco": 75,
          "dco": 698,
          "txt": "the"
        },
        {
          "si": 7,
          "sti": 18,
          "dti": 141,
          "sco": 79,
          "dco": 702,
          "txt": "outlet"
        },
        {
          "si": 7,
          "sti": 19,
          "dti": 142,
          "sco": 86,
          "dco": 709,
          "txt": "of"
        },
        {
          "si": 7,
          "sti": 20,
          "dti": 143,
          "sco": 89,
          "dco": 712,
          "txt": "Jackson"
        },
        {
          "si": 7,
          "sti": 21,
          "dti": 144,
          "sco": 97,
          "dco": 720,
          "txt": "Lake"
        },
        {
          "si": 7,
          "sti": 22,
          "dti": 145,
          "sco": 101,
          "dco": 724,
          "txt": ","
        },
        {
          "si": 7,
          "sti": 23,
          "dti": 146,
          "sco": 103,
          "dco": 726,
          "txt": "a"
        },
        {
          "si": 7,
          "sti": 24,
          "dti": 147,
          "sco": 105,
          "dco": 728,
          "txt": "natural"
        },
        {
          "si": 7,
          "sti": 25,
          "dti": 148,
          "sco": 113,
          "dco": 736,
          "txt": "lake"
        },
        {
          "si": 7,
          "sti": 26,
          "dti": 149,
          "sco": 117,
          "dco": 740,
          "txt": "."
        },
        {
          "si": 8,
          "sti": 0,
          "dti": 150,
          "sco": 0,
          "dco": 742,
          "txt": "That"
        },
        {
          "si": 8,
          "sti": 1,
          "dti": 151,
          "sco": 5,
          "dco": 747,
          "txt": "dam"
        },
        {
          "si": 8,
          "sti": 2,
          "dti": 152,
          "sco": 9,
          "dco": 751,
          "txt": "raised"
        },
        {
          "si": 8,
          "sti": 3,
          "dti": 153,
          "sco": 16,
          "dco": 758,
          "txt": "the"
        },
        {
          "si": 8,
          "sti": 4,
          "dti": 154,
          "sco": 20,
          "dco": 762,
          "txt": "lake"
        },
        {
          "si": 8,
          "sti": 5,
          "dti": 155,
          "sco": 25,
          "dco": 767,
          "txt": "level"
        },
        {
          "si": 8,
          "sti": 6,
          "dti": 156,
          "sco": 31,
          "dco": 773,
          "txt": "by"
        },
        {
          "si": 8,
          "sti": 7,
          "dti": 157,
          "sco": 33,
          "dco": 775,
          "txt": ","
        },
        {
          "si": 8,
          "sti": 8,
          "dti": 158,
          "sco": 35,
          "dco": 777,
          "txt": "but"
        },
        {
          "si": 8,
          "sti": 9,
          "dti": 159,
          "sco": 39,
          "dco": 781,
          "txt": "the"
        },
        {
          "si": 8,
          "sti": 10,
          "dti": 160,
          "sco": 43,
          "dco": 785,
          "txt": "dam"
        },
        {
          "si": 8,
          "sti": 11,
          "dti": 161,
          "sco": 47,
          "dco": 789,
          "txt": "failed"
        },
        {
          "si": 8,
          "sti": 12,
          "dti": 162,
          "sco": 54,
          "dco": 796,
          "txt": "in"
        },
        {
          "si": 8,
          "sti": 13,
          "dti": 163,
          "sco": 57,
          "dco": 799,
          "txt": "1910"
        },
        {
          "si": 8,
          "sti": 14,
          "dti": 164,
          "sco": 61,
          "dco": 803,
          "txt": "."
        },
        {
          "si": 9,
          "sti": 0,
          "dti": 165,
          "sco": 0,
          "dco": 805,
          "txt": "A"
        },
        {
          "si": 9,
          "sti": 1,
          "dti": 166,
          "sco": 2,
          "dco": 807,
          "txt": "new"
        },
        {
          "si": 9,
          "sti": 2,
          "dti": 167,
          "sco": 6,
          "dco": 811,
          "txt": "concrete"
        },
        {
          "si": 9,
          "sti": 3,
          "dti": 168,
          "sco": 15,
          "dco": 820,
          "txt": "and"
        },
        {
          "si": 9,
          "sti": 4,
          "dti": 169,
          "sco": 19,
          "dco": 824,
          "txt": "earthen"
        },
        {
          "si": 9,
          "sti": 5,
          "dti": 170,
          "sco": 27,
          "dco": 832,
          "txt": "dam"
        },
        {
          "si": 9,
          "sti": 6,
          "dti": 171,
          "sco": 31,
          "dco": 836,
          "txt": "was"
        },
        {
          "si": 9,
          "sti": 7,
          "dti": 172,
          "sco": 35,
          "dco": 840,
          "txt": "constructed"
        },
        {
          "si": 9,
          "sti": 8,
          "dti": 173,
          "sco": 47,
          "dco": 852,
          "txt": "in"
        },
        {
          "si": 9,
          "sti": 9,
          "dti": 174,
          "sco": 50,
          "dco": 855,
          "txt": "stages"
        },
        {
          "si": 9,
          "sti": 10,
          "dti": 175,
          "sco": 57,
          "dco": 862,
          "txt": "between"
        },
        {
          "si": 9,
          "sti": 11,
          "dti": 176,
          "sco": 65,
          "dco": 870,
          "txt": "1911"
        },
        {
          "si": 9,
          "sti": 12,
          "dti": 177,
          "sco": 70,
          "dco": 875,
          "txt": "and"
        },
        {
          "si": 9,
          "sti": 13,
          "dti": 178,
          "sco": 74,
          "dco": 879,
          "txt": "1916"
        },
        {
          "si": 9,
          "sti": 14,
          "dti": 179,
          "sco": 78,
          "dco": 883,
          "txt": ","
        },
        {
          "si": 9,
          "sti": 15,
          "dti": 180,
          "sco": 80,
          "dco": 885,
          "txt": "raising"
        },
        {
          "si": 9,
          "sti": 16,
          "dti": 181,
          "sco": 88,
          "dco": 893,
          "txt": "the"
        },
        {
          "si": 9,
          "sti": 17,
          "dti": 182,
          "sco": 92,
          "dco": 897,
          "txt": "maximum"
        },
        {
          "si": 9,
          "sti": 18,
          "dti": 183,
          "sco": 100,
          "dco": 905,
          "txt": "lake"
        },
        {
          "si": 9,
          "sti": 19,
          "dti": 184,
          "sco": 105,
          "dco": 910,
          "txt": "level"
        },
        {
          "si": 9,
          "sti": 20,
          "dti": 185,
          "sco": 111,
          "dco": 916,
          "txt": "to"
        },
        {
          "si": 9,
          "sti": 21,
          "dti": 186,
          "sco": 114,
          "dco": 919,
          "txt": "above"
        },
        {
          "si": 9,
          "sti": 22,
          "dti": 187,
          "sco": 120,
          "dco": 925,
          "txt": "the"
        },
        {
          "si": 9,
          "sti": 23,
          "dti": 188,
          "sco": 124,
          "dco": 929,
          "txt": "lake"
        },
        {
          "si": 9,
          "sti": 24,
          "dti": 189,
          "sco": 128,
          "dco": 933,
          "txt": "'"
        },
        {
          "si": 9,
          "sti": 25,
          "dti": 190,
          "sco": 129,
          "dco": 934,
          "txt": "s"
        },
        {
          "si": 9,
          "sti": 26,
          "dti": 191,
          "sco": 131,
          "dco": 936,
          "txt": "natural"
        },
        {
          "si": 9,
          "sti": 27,
          "dti": 192,
          "sco": 139,
          "dco": 944,
          "txt": "elevation"
        },
        {
          "si": 9,
          "sti": 28,
          "dti": 193,
          "sco": 148,
          "dco": 953,
          "txt": ","
        },
        {
          "si": 9,
          "sti": 29,
          "dti": 194,
          "sco": 150,
          "dco": 955,
          "txt": "providing"
        },
        {
          "si": 9,
          "sti": 30,
          "dti": 195,
          "sco": 160,
          "dco": 965,
          "txt": "a"
        },
        {
          "si": 9,
          "sti": 31,
          "dti": 196,
          "sco": 162,
          "dco": 967,
          "txt": "storage"
        },
        {
          "si": 9,
          "sti": 32,
          "dti": 197,
          "sco": 170,
          "dco": 975,
          "txt": "capacity"
        },
        {
          "si": 9,
          "sti": 33,
          "dti": 198,
          "sco": 179,
          "dco": 984,
          "txt": "of"
        },
        {
          "si": 9,
          "sti": 34,
          "dti": 199,
          "sco": 181,
          "dco": 986,
          "txt": "."
        },
        {
          "si": 10,
          "sti": 0,
          "dti": 200,
          "sco": 0,
          "dco": 988,
          "txt": "The"
        },
        {
          "si": 10,
          "sti": 1,
          "dti": 201,
          "sco": 4,
          "dco": 992,
          "txt": "new"
        },
        {
          "si": 10,
          "sti": 2,
          "dti": 202,
          "sco": 8,
          "dco": 996,
          "txt": "dam"
        },
        {
          "si": 10,
          "sti": 3,
          "dti": 203,
          "sco": 12,
          "dco": 1000,
          "txt": "was"
        },
        {
          "si": 10,
          "sti": 4,
          "dti": 204,
          "sco": 16,
          "dco": 1004,
          "txt": "designed"
        },
        {
          "si": 10,
          "sti": 5,
          "dti": 205,
          "sco": 25,
          "dco": 1013,
          "txt": "by"
        },
        {
          "si": 10,
          "sti": 6,
          "dti": 206,
          "sco": 28,
          "dco": 1016,
          "txt": "Frank"
        },
        {
          "si": 10,
          "sti": 7,
          "dti": 207,
          "sco": 34,
          "dco": 1022,
          "txt": "A"
        },
        {
          "si": 10,
          "sti": 8,
          "dti": 208,
          "sco": 35,
          "dco": 1023,
          "txt": "."
        },
        {
          "si": 11,
          "sti": 0,
          "dti": 209,
          "sco": 0,
          "dco": 1025,
          "txt": "Banks"
        },
        {
          "si": 11,
          "sti": 1,
          "dti": 210,
          "sco": 5,
          "dco": 1030,
          "txt": ","
        },
        {
          "si": 11,
          "sti": 2,
          "dti": 211,
          "sco": 7,
          "dco": 1032,
          "txt": "who"
        },
        {
          "si": 11,
          "sti": 3,
          "dti": 212,
          "sco": 11,
          "dco": 1036,
          "txt": "would"
        },
        {
          "si": 11,
          "sti": 4,
          "dti": 213,
          "sco": 17,
          "dco": 1042,
          "txt": "later"
        },
        {
          "si": 11,
          "sti": 5,
          "dti": 214,
          "sco": 23,
          "dco": 1048,
          "txt": "supervise"
        },
        {
          "si": 11,
          "sti": 6,
          "dti": 215,
          "sco": 33,
          "dco": 1058,
          "txt": "the"
        },
        {
          "si": 11,
          "sti": 7,
          "dti": 216,
          "sco": 37,
          "dco": 1062,
          "txt": "construction"
        },
        {
          "si": 11,
          "sti": 8,
          "dti": 217,
          "sco": 50,
          "dco": 1075,
          "txt": "of"
        },
        {
          "si": 11,
          "sti": 9,
          "dti": 218,
          "sco": 53,
          "dco": 1078,
          "txt": "Grand"
        },
        {
          "si": 11,
          "sti": 10,
          "dti": 219,
          "sco": 59,
          "dco": 1084,
          "txt": "Coulee"
        },
        {
          "si": 11,
          "sti": 11,
          "dti": 220,
          "sco": 66,
          "dco": 1091,
          "txt": "Dam"
        },
        {
          "si": 11,
          "sti": 12,
          "dti": 221,
          "sco": 69,
          "dco": 1094,
          "txt": "."
        },
        {
          "si": 12,
          "sti": 0,
          "dti": 222,
          "sco": 0,
          "dco": 1096,
          "txt": "The"
        },
        {
          "si": 12,
          "sti": 1,
          "dti": 223,
          "sco": 4,
          "dco": 1100,
          "txt": "reservoir"
        },
        {
          "si": 12,
          "sti": 2,
          "dti": 224,
          "sco": 14,
          "dco": 1110,
          "txt": "was"
        },
        {
          "si": 12,
          "sti": 3,
          "dti": 225,
          "sco": 18,
          "dco": 1114,
          "txt": "created"
        },
        {
          "si": 12,
          "sti": 4,
          "dti": 226,
          "sco": 26,
          "dco": 1122,
          "txt": "by"
        },
        {
          "si": 12,
          "sti": 5,
          "dti": 227,
          "sco": 29,
          "dco": 1125,
          "txt": "damming"
        },
        {
          "si": 12,
          "sti": 6,
          "dti": 228,
          "sco": 37,
          "dco": 1133,
          "txt": "the"
        },
        {
          "si": 12,
          "sti": 7,
          "dti": 229,
          "sco": 41,
          "dco": 1137,
          "txt": "outlet"
        },
        {
          "si": 12,
          "sti": 8,
          "dti": 230,
          "sco": 48,
          "dco": 1144,
          "txt": "of"
        },
        {
          "si": 12,
          "sti": 9,
          "dti": 231,
          "sco": 51,
          "dco": 1147,
          "txt": "the"
        },
        {
          "si": 12,
          "sti": 10,
          "dti": 232,
          "sco": 55,
          "dco": 1151,
          "txt": "natural"
        },
        {
          "si": 12,
          "sti": 11,
          "dti": 233,
          "sco": 63,
          "dco": 1159,
          "txt": "glacial"
        },
        {
          "si": 12,
          "sti": 12,
          "dti": 234,
          "sco": 71,
          "dco": 1167,
          "txt": "Jackson"
        },
        {
          "si": 12,
          "sti": 13,
          "dti": 235,
          "sco": 79,
          "dco": 1175,
          "txt": "Lake"
        },
        {
          "si": 12,
          "sti": 14,
          "dti": 236,
          "sco": 83,
          "dco": 1179,
          "txt": ","
        },
        {
          "si": 12,
          "sti": 15,
          "dti": 237,
          "sco": 85,
          "dco": 1181,
          "txt": "with"
        },
        {
          "si": 12,
          "sti": 16,
          "dti": 238,
          "sco": 90,
          "dco": 1186,
          "txt": "the"
        },
        {
          "si": 12,
          "sti": 17,
          "dti": 239,
          "sco": 94,
          "dco": 1190,
          "txt": "additional"
        },
        {
          "si": 12,
          "sti": 18,
          "dti": 240,
          "sco": 105,
          "dco": 1201,
          "txt": "height"
        },
        {
          "si": 12,
          "sti": 19,
          "dti": 241,
          "sco": 112,
          "dco": 1208,
          "txt": "creating"
        },
        {
          "si": 12,
          "sti": 20,
          "dti": 242,
          "sco": 121,
          "dco": 1217,
          "txt": "a"
        },
        {
          "si": 12,
          "sti": 21,
          "dti": 243,
          "sco": 123,
          "dco": 1219,
          "txt": "storage"
        },
        {
          "si": 12,
          "sti": 22,
          "dti": 244,
          "sco": 131,
          "dco": 1227,
          "txt": "pool"
        },
        {
          "si": 12,
          "sti": 23,
          "dti": 245,
          "sco": 136,
          "dco": 1232,
          "txt": "for"
        },
        {
          "si": 12,
          "sti": 24,
          "dti": 246,
          "sco": 140,
          "dco": 1236,
          "txt": "the"
        },
        {
          "si": 12,
          "sti": 25,
          "dti": 247,
          "sco": 144,
          "dco": 1240,
          "txt": "Minidoka"
        },
        {
          "si": 12,
          "sti": 26,
          "dti": 248,
          "sco": 153,
          "dco": 1249,
          "txt": "Project"
        },
        {
          "si": 12,
          "sti": 27,
          "dti": 249,
          "sco": 160,
          "dco": 1256,
          "txt": ","
        },
        {
          "si": 12,
          "sti": 28,
          "dti": 250,
          "sco": 162,
          "dco": 1258,
          "txt": "which"
        },
        {
          "si": 12,
          "sti": 29,
          "dti": 251,
          "sco": 168,
          "dco": 1264,
          "txt": "provides"
        },
        {
          "si": 12,
          "sti": 30,
          "dti": 252,
          "sco": 177,
          "dco": 1273,
          "txt": "irrigation"
        },
        {
          "si": 12,
          "sti": 31,
          "dti": 253,
          "sco": 188,
          "dco": 1284,
          "txt": "water"
        },
        {
          "si": 12,
          "sti": 32,
          "dti": 254,
          "sco": 194,
          "dco": 1290,
          "txt": "from"
        },
        {
          "si": 12,
          "sti": 33,
          "dti": 255,
          "sco": 199,
          "dco": 1295,
          "txt": "the"
        },
        {
          "si": 12,
          "sti": 34,
          "dti": 256,
          "sco": 203,
          "dco": 1299,
          "txt": "Snake"
        },
        {
          "si": 12,
          "sti": 35,
          "dti": 257,
          "sco": 209,
          "dco": 1305,
          "txt": "River"
        },
        {
          "si": 12,
          "sti": 36,
          "dti": 258,
          "sco": 215,
          "dco": 1311,
          "txt": "for"
        },
        {
          "si": 12,
          "sti": 37,
          "dti": 259,
          "sco": 219,
          "dco": 1315,
          "txt": "farmlands"
        },
        {
          "si": 12,
          "sti": 38,
          "dti": 260,
          "sco": 229,
          "dco": 1325,
          "txt": "in"
        },
        {
          "si": 12,
          "sti": 39,
          "dti": 261,
          "sco": 232,
          "dco": 1328,
          "txt": "Idaho"
        },
        {
          "si": 12,
          "sti": 40,
          "dti": 262,
          "sco": 237,
          "dco": 1333,
          "txt": "."
        },
        {
          "si": 13,
          "sti": 0,
          "dti": 263,
          "sco": 0,
          "dco": 1335,
          "txt": "Jackson"
        },
        {
          "si": 13,
          "sti": 1,
          "dti": 264,
          "sco": 8,
          "dco": 1343,
          "txt": "Lake"
        },
        {
          "si": 13,
          "sti": 2,
          "dti": 265,
          "sco": 13,
          "dco": 1348,
          "txt": "stores"
        },
        {
          "si": 13,
          "sti": 3,
          "dti": 266,
          "sco": 20,
          "dco": 1355,
          "txt": "and"
        },
        {
          "si": 13,
          "sti": 4,
          "dti": 267,
          "sco": 24,
          "dco": 1359,
          "txt": "releases"
        },
        {
          "si": 13,
          "sti": 5,
          "dti": 268,
          "sco": 33,
          "dco": 1368,
          "txt": "water"
        },
        {
          "si": 13,
          "sti": 6,
          "dti": 269,
          "sco": 39,
          "dco": 1374,
          "txt": "which"
        },
        {
          "si": 13,
          "sti": 7,
          "dti": 270,
          "sco": 45,
          "dco": 1380,
          "txt": "is"
        },
        {
          "si": 13,
          "sti": 8,
          "dti": 271,
          "sco": 48,
          "dco": 1383,
          "txt": "collected"
        },
        {
          "si": 13,
          "sti": 9,
          "dti": 272,
          "sco": 58,
          "dco": 1393,
          "txt": "by"
        },
        {
          "si": 13,
          "sti": 10,
          "dti": 273,
          "sco": 61,
          "dco": 1396,
          "txt": "Minidoka"
        },
        {
          "si": 13,
          "sti": 11,
          "dti": 274,
          "sco": 70,
          "dco": 1405,
          "txt": "Dam"
        },
        {
          "si": 13,
          "sti": 12,
          "dti": 275,
          "sco": 74,
          "dco": 1409,
          "txt": "and"
        },
        {
          "si": 13,
          "sti": 13,
          "dti": 276,
          "sco": 78,
          "dco": 1413,
          "txt": "American"
        },
        {
          "si": 13,
          "sti": 14,
          "dti": 277,
          "sco": 87,
          "dco": 1422,
          "txt": "Falls"
        },
        {
          "si": 13,
          "sti": 15,
          "dti": 278,
          "sco": 93,
          "dco": 1428,
          "txt": "Dam"
        },
        {
          "si": 13,
          "sti": 16,
          "dti": 279,
          "sco": 97,
          "dco": 1432,
          "txt": "more"
        },
        {
          "si": 13,
          "sti": 17,
          "dti": 280,
          "sco": 102,
          "dco": 1437,
          "txt": "than"
        },
        {
          "si": 13,
          "sti": 18,
          "dti": 281,
          "sco": 107,
          "dco": 1442,
          "txt": "downstream"
        },
        {
          "si": 13,
          "sti": 19,
          "dti": 282,
          "sco": 118,
          "dco": 1453,
          "txt": "for"
        },
        {
          "si": 13,
          "sti": 20,
          "dti": 283,
          "sco": 122,
          "dco": 1457,
          "txt": "diversion"
        },
        {
          "si": 13,
          "sti": 21,
          "dti": 284,
          "sco": 132,
          "dco": 1467,
          "txt": "to"
        },
        {
          "si": 13,
          "sti": 22,
          "dti": 285,
          "sco": 135,
          "dco": 1470,
          "txt": "distribution"
        },
        {
          "si": 13,
          "sti": 23,
          "dti": 286,
          "sco": 148,
          "dco": 1483,
          "txt": "canals"
        },
        {
          "si": 13,
          "sti": 24,
          "dti": 287,
          "sco": 154,
          "dco": 1489,
          "txt": "."
        },
        {
          "si": 14,
          "sti": 0,
          "dti": 288,
          "sco": 0,
          "dco": 1491,
          "txt": "At"
        },
        {
          "si": 14,
          "sti": 1,
          "dti": 289,
          "sco": 3,
          "dco": 1494,
          "txt": "the"
        },
        {
          "si": 14,
          "sti": 2,
          "dti": 290,
          "sco": 7,
          "dco": 1498,
          "txt": "time"
        },
        {
          "si": 14,
          "sti": 3,
          "dti": 291,
          "sco": 12,
          "dco": 1503,
          "txt": "of"
        },
        {
          "si": 14,
          "sti": 4,
          "dti": 292,
          "sco": 15,
          "dco": 1506,
          "txt": "the"
        },
        {
          "si": 14,
          "sti": 5,
          "dti": 293,
          "sco": 19,
          "dco": 1510,
          "txt": "dam"
        },
        {
          "si": 14,
          "sti": 6,
          "dti": 294,
          "sco": 22,
          "dco": 1513,
          "txt": "'"
        },
        {
          "si": 14,
          "sti": 7,
          "dti": 295,
          "sco": 23,
          "dco": 1514,
          "txt": "s"
        },
        {
          "si": 14,
          "sti": 8,
          "dti": 296,
          "sco": 25,
          "dco": 1516,
          "txt": "construction"
        },
        {
          "si": 14,
          "sti": 9,
          "dti": 297,
          "sco": 37,
          "dco": 1528,
          "txt": ","
        },
        {
          "si": 14,
          "sti": 10,
          "dti": 298,
          "sco": 39,
          "dco": 1530,
          "txt": "Jackson"
        },
        {
          "si": 14,
          "sti": 11,
          "dti": 299,
          "sco": 47,
          "dco": 1538,
          "txt": "Hole"
        },
        {
          "si": 14,
          "sti": 12,
          "dti": 300,
          "sco": 52,
          "dco": 1543,
          "txt": "and"
        },
        {
          "si": 14,
          "sti": 13,
          "dti": 301,
          "sco": 56,
          "dco": 1547,
          "txt": "the"
        },
        {
          "si": 14,
          "sti": 14,
          "dti": 302,
          "sco": 60,
          "dco": 1551,
          "txt": "Teton"
        },
        {
          "si": 14,
          "sti": 15,
          "dti": 303,
          "sco": 66,
          "dco": 1557,
          "txt": "Range"
        },
        {
          "si": 14,
          "sti": 16,
          "dti": 304,
          "sco": 72,
          "dco": 1563,
          "txt": "were"
        },
        {
          "si": 14,
          "sti": 17,
          "dti": 305,
          "sco": 77,
          "dco": 1568,
          "txt": "as"
        },
        {
          "si": 14,
          "sti": 18,
          "dti": 306,
          "sco": 80,
          "dco": 1571,
          "txt": "yet"
        },
        {
          "si": 14,
          "sti": 19,
          "dti": 307,
          "sco": 84,
          "dco": 1575,
          "txt": "unprotected"
        },
        {
          "si": 14,
          "sti": 20,
          "dti": 308,
          "sco": 96,
          "dco": 1587,
          "txt": "from"
        },
        {
          "si": 14,
          "sti": 21,
          "dti": 309,
          "sco": 101,
          "dco": 1592,
          "txt": "development"
        },
        {
          "si": 14,
          "sti": 22,
          "dti": 310,
          "sco": 112,
          "dco": 1603,
          "txt": "."
        },
        {
          "si": 15,
          "sti": 0,
          "dti": 311,
          "sco": 0,
          "dco": 1605,
          "txt": "Grand"
        },
        {
          "si": 15,
          "sti": 1,
          "dti": 312,
          "sco": 6,
          "dco": 1611,
          "txt": "Teton"
        },
        {
          "si": 15,
          "sti": 2,
          "dti": 313,
          "sco": 12,
          "dco": 1617,
          "txt": "National"
        },
        {
          "si": 15,
          "sti": 3,
          "dti": 314,
          "sco": 21,
          "dco": 1626,
          "txt": "Park"
        },
        {
          "si": 15,
          "sti": 4,
          "dti": 315,
          "sco": 26,
          "dco": 1631,
          "txt": "was"
        },
        {
          "si": 15,
          "sti": 5,
          "dti": 316,
          "sco": 30,
          "dco": 1635,
          "txt": "established"
        },
        {
          "si": 15,
          "sti": 6,
          "dti": 317,
          "sco": 42,
          "dco": 1647,
          "txt": "in"
        },
        {
          "si": 15,
          "sti": 7,
          "dti": 318,
          "sco": 45,
          "dco": 1650,
          "txt": "1929"
        },
        {
          "si": 15,
          "sti": 8,
          "dti": 319,
          "sco": 49,
          "dco": 1654,
          "txt": ","
        },
        {
          "si": 15,
          "sti": 9,
          "dti": 320,
          "sco": 51,
          "dco": 1656,
          "txt": "and"
        },
        {
          "si": 15,
          "sti": 10,
          "dti": 321,
          "sco": 55,
          "dco": 1660,
          "txt": "excluded"
        },
        {
          "si": 15,
          "sti": 11,
          "dti": 322,
          "sco": 64,
          "dco": 1669,
          "txt": "Jackson"
        },
        {
          "si": 15,
          "sti": 12,
          "dti": 323,
          "sco": 72,
          "dco": 1677,
          "txt": "Lake"
        },
        {
          "si": 15,
          "sti": 13,
          "dti": 324,
          "sco": 76,
          "dco": 1681,
          "txt": "."
        },
        {
          "si": 16,
          "sti": 0,
          "dti": 325,
          "sco": 0,
          "dco": 1683,
          "txt": "The"
        },
        {
          "si": 16,
          "sti": 1,
          "dti": 326,
          "sco": 4,
          "dco": 1687,
          "txt": "lake"
        },
        {
          "si": 16,
          "sti": 2,
          "dti": 327,
          "sco": 9,
          "dco": 1692,
          "txt": "was"
        },
        {
          "si": 16,
          "sti": 3,
          "dti": 328,
          "sco": 13,
          "dco": 1696,
          "txt": "incorporated"
        },
        {
          "si": 16,
          "sti": 4,
          "dti": 329,
          "sco": 26,
          "dco": 1709,
          "txt": "into"
        },
        {
          "si": 16,
          "sti": 5,
          "dti": 330,
          "sco": 31,
          "dco": 1714,
          "txt": "Jackson"
        },
        {
          "si": 16,
          "sti": 6,
          "dti": 331,
          "sco": 39,
          "dco": 1722,
          "txt": "Hole"
        },
        {
          "si": 16,
          "sti": 7,
          "dti": 332,
          "sco": 44,
          "dco": 1727,
          "txt": "National"
        },
        {
          "si": 16,
          "sti": 8,
          "dti": 333,
          "sco": 53,
          "dco": 1736,
          "txt": "Monument"
        },
        {
          "si": 16,
          "sti": 9,
          "dti": 334,
          "sco": 62,
          "dco": 1745,
          "txt": "when"
        },
        {
          "si": 16,
          "sti": 10,
          "dti": 335,
          "sco": 67,
          "dco": 1750,
          "txt": "it"
        },
        {
          "si": 16,
          "sti": 11,
          "dti": 336,
          "sco": 70,
          "dco": 1753,
          "txt": "was"
        },
        {
          "si": 16,
          "sti": 12,
          "dti": 337,
          "sco": 74,
          "dco": 1757,
          "txt": "proclaimed"
        },
        {
          "si": 16,
          "sti": 13,
          "dti": 338,
          "sco": 85,
          "dco": 1768,
          "txt": "by"
        },
        {
          "si": 16,
          "sti": 14,
          "dti": 339,
          "sco": 88,
          "dco": 1771,
          "txt": "President"
        },
        {
          "si": 16,
          "sti": 15,
          "dti": 340,
          "sco": 98,
          "dco": 1781,
          "txt": "Franklin"
        },
        {
          "si": 16,
          "sti": 16,
          "dti": 341,
          "sco": 107,
          "dco": 1790,
          "txt": "D"
        },
        {
          "si": 16,
          "sti": 17,
          "dti": 342,
          "sco": 108,
          "dco": 1791,
          "txt": "."
        },
        {
          "si": 17,
          "sti": 0,
          "dti": 343,
          "sco": 0,
          "dco": 1793,
          "txt": "Roosevelt"
        },
        {
          "si": 17,
          "sti": 1,
          "dti": 344,
          "sco": 10,
          "dco": 1803,
          "txt": "under"
        },
        {
          "si": 17,
          "sti": 2,
          "dti": 345,
          "sco": 16,
          "dco": 1809,
          "txt": "the"
        },
        {
          "si": 17,
          "sti": 3,
          "dti": 346,
          "sco": 20,
          "dco": 1813,
          "txt": "Antiquities"
        },
        {
          "si": 17,
          "sti": 4,
          "dti": 347,
          "sco": 32,
          "dco": 1825,
          "txt": "Act"
        },
        {
          "si": 17,
          "sti": 5,
          "dti": 348,
          "sco": 35,
          "dco": 1828,
          "txt": ","
        },
        {
          "si": 17,
          "sti": 6,
          "dti": 349,
          "sco": 37,
          "dco": 1830,
          "txt": "and"
        },
        {
          "si": 17,
          "sti": 7,
          "dti": 350,
          "sco": 41,
          "dco": 1834,
          "txt": "became"
        },
        {
          "si": 17,
          "sti": 8,
          "dti": 351,
          "sco": 48,
          "dco": 1841,
          "txt": "a"
        },
        {
          "si": 17,
          "sti": 9,
          "dti": 352,
          "sco": 50,
          "dco": 1843,
          "txt": "part"
        },
        {
          "si": 17,
          "sti": 10,
          "dti": 353,
          "sco": 55,
          "dco": 1848,
          "txt": "of"
        },
        {
          "si": 17,
          "sti": 11,
          "dti": 354,
          "sco": 58,
          "dco": 1851,
          "txt": "Grand"
        },
        {
          "si": 17,
          "sti": 12,
          "dti": 355,
          "sco": 64,
          "dco": 1857,
          "txt": "Teton"
        },
        {
          "si": 17,
          "sti": 13,
          "dti": 356,
          "sco": 70,
          "dco": 1863,
          "txt": "National"
        },
        {
          "si": 17,
          "sti": 14,
          "dti": 357,
          "sco": 79,
          "dco": 1872,
          "txt": "Park"
        },
        {
          "si": 17,
          "sti": 15,
          "dti": 358,
          "sco": 84,
          "dco": 1877,
          "txt": "in"
        },
        {
          "si": 17,
          "sti": 16,
          "dti": 359,
          "sco": 87,
          "dco": 1880,
          "txt": "1950"
        },
        {
          "si": 17,
          "sti": 17,
          "dti": 360,
          "sco": 92,
          "dco": 1885,
          "txt": "when"
        },
        {
          "si": 17,
          "sti": 18,
          "dti": 361,
          "sco": 97,
          "dco": 1890,
          "txt": "the"
        },
        {
          "si": 17,
          "sti": 19,
          "dti": 362,
          "sco": 101,
          "dco": 1894,
          "txt": "park"
        },
        {
          "si": 17,
          "sti": 20,
          "dti": 363,
          "sco": 106,
          "dco": 1899,
          "txt": "was"
        },
        {
          "si": 17,
          "sti": 21,
          "dti": 364,
          "sco": 110,
          "dco": 1903,
          "txt": "expanded"
        },
        {
          "si": 17,
          "sti": 22,
          "dti": 365,
          "sco": 119,
          "dco": 1912,
          "txt": "to"
        },
        {
          "si": 17,
          "sti": 23,
          "dti": 366,
          "sco": 122,
          "dco": 1915,
          "txt": "encompass"
        },
        {
          "si": 17,
          "sti": 24,
          "dti": 367,
          "sco": 132,
          "dco": 1925,
          "txt": "the"
        },
        {
          "si": 17,
          "sti": 25,
          "dti": 368,
          "sco": 136,
          "dco": 1929,
          "txt": "national"
        },
        {
          "si": 17,
          "sti": 26,
          "dti": 369,
          "sco": 145,
          "dco": 1938,
          "txt": "monument"
        },
        {
          "si": 17,
          "sti": 27,
          "dti": 370,
          "sco": 154,
          "dco": 1947,
          "txt": "lands"
        },
        {
          "si": 17,
          "sti": 28,
          "dti": 371,
          "sco": 159,
          "dco": 1952,
          "txt": "."
        },
        {
          "si": 18,
          "sti": 0,
          "dti": 372,
          "sco": 0,
          "dco": 1954,
          "txt": "When"
        },
        {
          "si": 18,
          "sti": 1,
          "dti": 373,
          "sco": 5,
          "dco": 1959,
          "txt": "the"
        },
        {
          "si": 18,
          "sti": 2,
          "dti": 374,
          "sco": 9,
          "dco": 1963,
          "txt": "dam"
        },
        {
          "si": 18,
          "sti": 3,
          "dti": 375,
          "sco": 13,
          "dco": 1967,
          "txt": "was"
        },
        {
          "si": 18,
          "sti": 4,
          "dti": 376,
          "sco": 17,
          "dco": 1971,
          "txt": "built"
        },
        {
          "si": 18,
          "sti": 5,
          "dti": 377,
          "sco": 23,
          "dco": 1977,
          "txt": "there"
        },
        {
          "si": 18,
          "sti": 6,
          "dti": 378,
          "sco": 29,
          "dco": 1983,
          "txt": "was"
        },
        {
          "si": 18,
          "sti": 7,
          "dti": 379,
          "sco": 33,
          "dco": 1987,
          "txt": "no"
        },
        {
          "si": 18,
          "sti": 8,
          "dti": 380,
          "sco": 36,
          "dco": 1990,
          "txt": "attempt"
        },
        {
          "si": 18,
          "sti": 9,
          "dti": 381,
          "sco": 44,
          "dco": 1998,
          "txt": "to"
        },
        {
          "si": 18,
          "sti": 10,
          "dti": 382,
          "sco": 47,
          "dco": 2001,
          "txt": "clear"
        },
        {
          "si": 18,
          "sti": 11,
          "dti": 383,
          "sco": 53,
          "dco": 2007,
          "txt": "the"
        },
        {
          "si": 18,
          "sti": 12,
          "dti": 384,
          "sco": 57,
          "dco": 2011,
          "txt": "shores"
        },
        {
          "si": 18,
          "sti": 13,
          "dti": 385,
          "sco": 64,
          "dco": 2018,
          "txt": "of"
        },
        {
          "si": 18,
          "sti": 14,
          "dti": 386,
          "sco": 67,
          "dco": 2021,
          "txt": "the"
        },
        {
          "si": 18,
          "sti": 15,
          "dti": 387,
          "sco": 71,
          "dco": 2025,
          "txt": "lake"
        },
        {
          "si": 18,
          "sti": 16,
          "dti": 388,
          "sco": 76,
          "dco": 2030,
          "txt": "of"
        },
        {
          "si": 18,
          "sti": 17,
          "dti": 389,
          "sco": 79,
          "dco": 2033,
          "txt": "standing"
        },
        {
          "si": 18,
          "sti": 18,
          "dti": 390,
          "sco": 88,
          "dco": 2042,
          "txt": "timber"
        },
        {
          "si": 18,
          "sti": 19,
          "dti": 391,
          "sco": 94,
          "dco": 2048,
          "txt": ","
        },
        {
          "si": 18,
          "sti": 20,
          "dti": 392,
          "sco": 96,
          "dco": 2050,
          "txt": "resulting"
        },
        {
          "si": 18,
          "sti": 21,
          "dti": 393,
          "sco": 106,
          "dco": 2060,
          "txt": "in"
        },
        {
          "si": 18,
          "sti": 22,
          "dti": 394,
          "sco": 109,
          "dco": 2063,
          "txt": "an"
        },
        {
          "si": 18,
          "sti": 23,
          "dti": 395,
          "sco": 112,
          "dco": 2066,
          "txt": "unsightly"
        },
        {
          "si": 18,
          "sti": 24,
          "dti": 396,
          "sco": 122,
          "dco": 2076,
          "txt": "band"
        },
        {
          "si": 18,
          "sti": 25,
          "dti": 397,
          "sco": 127,
          "dco": 2081,
          "txt": "of"
        },
        {
          "si": 18,
          "sti": 26,
          "dti": 398,
          "sco": 130,
          "dco": 2084,
          "txt": "dead"
        },
        {
          "si": 18,
          "sti": 27,
          "dti": 399,
          "sco": 135,
          "dco": 2089,
          "txt": "trees"
        },
        {
          "si": 18,
          "sti": 28,
          "dti": 400,
          "sco": 141,
          "dco": 2095,
          "txt": "when"
        },
        {
          "si": 18,
          "sti": 29,
          "dti": 401,
          "sco": 146,
          "dco": 2100,
          "txt": "the"
        },
        {
          "si": 18,
          "sti": 30,
          "dti": 402,
          "sco": 150,
          "dco": 2104,
          "txt": "waters"
        },
        {
          "si": 18,
          "sti": 31,
          "dti": 403,
          "sco": 157,
          "dco": 2111,
          "txt": "rose"
        },
        {
          "si": 18,
          "sti": 32,
          "dti": 404,
          "sco": 161,
          "dco": 2115,
          "txt": "."
        },
        {
          "si": 19,
          "sti": 0,
          "dti": 405,
          "sco": 0,
          "dco": 2117,
          "txt": "This"
        },
        {
          "si": 19,
          "sti": 1,
          "dti": 406,
          "sco": 5,
          "dco": 2122,
          "txt": "vista"
        },
        {
          "si": 19,
          "sti": 2,
          "dti": 407,
          "sco": 10,
          "dco": 2127,
          "txt": ","
        },
        {
          "si": 19,
          "sti": 3,
          "dti": 408,
          "sco": 12,
          "dco": 2129,
          "txt": "and"
        },
        {
          "si": 19,
          "sti": 4,
          "dti": 409,
          "sco": 16,
          "dco": 2133,
          "txt": "the"
        },
        {
          "si": 19,
          "sti": 5,
          "dti": 410,
          "sco": 20,
          "dco": 2137,
          "txt": "mudflats"
        },
        {
          "si": 19,
          "sti": 6,
          "dti": 411,
          "sco": 29,
          "dco": 2146,
          "txt": "created"
        },
        {
          "si": 19,
          "sti": 7,
          "dti": 412,
          "sco": 37,
          "dco": 2154,
          "txt": "by"
        },
        {
          "si": 19,
          "sti": 8,
          "dti": 413,
          "sco": 40,
          "dco": 2157,
          "txt": "drawdown"
        },
        {
          "si": 19,
          "sti": 9,
          "dti": 414,
          "sco": 49,
          "dco": 2166,
          "txt": "of"
        },
        {
          "si": 19,
          "sti": 10,
          "dti": 415,
          "sco": 52,
          "dco": 2169,
          "txt": "lake"
        },
        {
          "si": 19,
          "sti": 11,
          "dti": 416,
          "sco": 57,
          "dco": 2174,
          "txt": "waters"
        },
        {
          "si": 19,
          "sti": 12,
          "dti": 417,
          "sco": 63,
          "dco": 2180,
          "txt": ","
        },
        {
          "si": 19,
          "sti": 13,
          "dti": 418,
          "sco": 65,
          "dco": 2182,
          "txt": "were"
        },
        {
          "si": 19,
          "sti": 14,
          "dti": 419,
          "sco": 70,
          "dco": 2187,
          "txt": "cited"
        },
        {
          "si": 19,
          "sti": 15,
          "dti": 420,
          "sco": 76,
          "dco": 2193,
          "txt": "in"
        },
        {
          "si": 19,
          "sti": 16,
          "dti": 421,
          "sco": 79,
          "dco": 2196,
          "txt": "later"
        },
        {
          "si": 19,
          "sti": 17,
          "dti": 422,
          "sco": 85,
          "dco": 2202,
          "txt": "years"
        },
        {
          "si": 19,
          "sti": 18,
          "dti": 423,
          "sco": 91,
          "dco": 2208,
          "txt": "in"
        },
        {
          "si": 19,
          "sti": 19,
          "dti": 424,
          "sco": 94,
          "dco": 2211,
          "txt": "successful"
        },
        {
          "si": 19,
          "sti": 20,
          "dti": 425,
          "sco": 105,
          "dco": 2222,
          "txt": "arguments"
        },
        {
          "si": 19,
          "sti": 21,
          "dti": 426,
          "sco": 115,
          "dco": 2232,
          "txt": "against"
        },
        {
          "si": 19,
          "sti": 22,
          "dti": 427,
          "sco": 123,
          "dco": 2240,
          "txt": "reservoirs"
        },
        {
          "si": 19,
          "sti": 23,
          "dti": 428,
          "sco": 134,
          "dco": 2251,
          "txt": "in"
        },
        {
          "si": 19,
          "sti": 24,
          "dti": 429,
          "sco": 137,
          "dco": 2254,
          "txt": "Yellowstone"
        },
        {
          "si": 19,
          "sti": 25,
          "dti": 430,
          "sco": 149,
          "dco": 2266,
          "txt": "National"
        },
        {
          "si": 19,
          "sti": 26,
          "dti": 431,
          "sco": 158,
          "dco": 2275,
          "txt": "Park"
        },
        {
          "si": 19,
          "sti": 27,
          "dti": 432,
          "sco": 162,
          "dco": 2279,
          "txt": "."
        },
        {
          "si": 20,
          "sti": 0,
          "dti": 433,
          "sco": 0,
          "dco": 2281,
          "txt": "Construction"
        },
        {
          "si": 20,
          "sti": 1,
          "dti": 434,
          "sco": 13,
          "dco": 2294,
          "txt": "personnel"
        },
        {
          "si": 20,
          "sti": 2,
          "dti": 435,
          "sco": 23,
          "dco": 2304,
          "txt": "for"
        },
        {
          "si": 20,
          "sti": 3,
          "dti": 436,
          "sco": 27,
          "dco": 2308,
          "txt": "the"
        },
        {
          "si": 20,
          "sti": 4,
          "dti": 437,
          "sco": 31,
          "dco": 2312,
          "txt": "dam"
        },
        {
          "si": 20,
          "sti": 5,
          "dti": 438,
          "sco": 35,
          "dco": 2316,
          "txt": "were"
        },
        {
          "si": 20,
          "sti": 6,
          "dti": 439,
          "sco": 40,
          "dco": 2321,
          "txt": "housed"
        },
        {
          "si": 20,
          "sti": 7,
          "dti": 440,
          "sco": 47,
          "dco": 2328,
          "txt": "at"
        },
        {
          "si": 20,
          "sti": 8,
          "dti": 441,
          "sco": 50,
          "dco": 2331,
          "txt": "a"
        },
        {
          "si": 20,
          "sti": 9,
          "dti": 442,
          "sco": 52,
          "dco": 2333,
          "txt": "temporary"
        },
        {
          "si": 20,
          "sti": 10,
          "dti": 443,
          "sco": 62,
          "dco": 2343,
          "txt": "camp"
        },
        {
          "si": 20,
          "sti": 11,
          "dti": 444,
          "sco": 67,
          "dco": 2348,
          "txt": "that"
        },
        {
          "si": 20,
          "sti": 12,
          "dti": 445,
          "sco": 72,
          "dco": 2353,
          "txt": "dwarfed"
        },
        {
          "si": 20,
          "sti": 13,
          "dti": 446,
          "sco": 80,
          "dco": 2361,
          "txt": "the"
        },
        {
          "si": 20,
          "sti": 14,
          "dti": 447,
          "sco": 84,
          "dco": 2365,
          "txt": "nearby"
        },
        {
          "si": 20,
          "sti": 15,
          "dti": 448,
          "sco": 91,
          "dco": 2372,
          "txt": "town"
        },
        {
          "si": 20,
          "sti": 16,
          "dti": 449,
          "sco": 96,
          "dco": 2377,
          "txt": "of"
        },
        {
          "si": 20,
          "sti": 17,
          "dti": 450,
          "sco": 99,
          "dco": 2380,
          "txt": "Moran"
        },
        {
          "si": 20,
          "sti": 18,
          "dti": 451,
          "sco": 104,
          "dco": 2385,
          "txt": ","
        },
        {
          "si": 20,
          "sti": 19,
          "dti": 452,
          "sco": 106,
          "dco": 2387,
          "txt": "Wyoming"
        },
        {
          "si": 20,
          "sti": 20,
          "dti": 453,
          "sco": 113,
          "dco": 2394,
          "txt": "."
        },
        {
          "si": 21,
          "sti": 0,
          "dti": 454,
          "sco": 0,
          "dco": 2396,
          "txt": "Supplies"
        },
        {
          "si": 21,
          "sti": 1,
          "dti": 455,
          "sco": 9,
          "dco": 2405,
          "txt": "came"
        },
        {
          "si": 21,
          "sti": 2,
          "dti": 456,
          "sco": 14,
          "dco": 2410,
          "txt": "in"
        },
        {
          "si": 21,
          "sti": 3,
          "dti": 457,
          "sco": 17,
          "dco": 2413,
          "txt": "from"
        },
        {
          "si": 21,
          "sti": 4,
          "dti": 458,
          "sco": 22,
          "dco": 2418,
          "txt": "the"
        },
        {
          "si": 21,
          "sti": 5,
          "dti": 459,
          "sco": 26,
          "dco": 2422,
          "txt": "Grassy"
        },
        {
          "si": 21,
          "sti": 6,
          "dti": 460,
          "sco": 33,
          "dco": 2429,
          "txt": "Lake"
        },
        {
          "si": 21,
          "sti": 7,
          "dti": 461,
          "sco": 38,
          "dco": 2434,
          "txt": "Road"
        },
        {
          "si": 21,
          "sti": 8,
          "dti": 462,
          "sco": 43,
          "dco": 2439,
          "txt": "north"
        },
        {
          "si": 21,
          "sti": 9,
          "dti": 463,
          "sco": 49,
          "dco": 2445,
          "txt": "of"
        },
        {
          "si": 21,
          "sti": 10,
          "dti": 464,
          "sco": 52,
          "dco": 2448,
          "txt": "the"
        },
        {
          "si": 21,
          "sti": 11,
          "dti": 465,
          "sco": 56,
          "dco": 2452,
          "txt": "park"
        },
        {
          "si": 21,
          "sti": 12,
          "dti": 466,
          "sco": 60,
          "dco": 2456,
          "txt": ","
        },
        {
          "si": 21,
          "sti": 13,
          "dti": 467,
          "sco": 62,
          "dco": 2458,
          "txt": "which"
        },
        {
          "si": 21,
          "sti": 14,
          "dti": 468,
          "sco": 68,
          "dco": 2464,
          "txt": "runs"
        },
        {
          "si": 21,
          "sti": 15,
          "dti": 469,
          "sco": 73,
          "dco": 2469,
          "txt": "west"
        },
        {
          "si": 21,
          "sti": 16,
          "dti": 470,
          "sco": 78,
          "dco": 2474,
          "txt": "into"
        },
        {
          "si": 21,
          "sti": 17,
          "dti": 471,
          "sco": 83,
          "dco": 2479,
          "txt": "Idaho"
        },
        {
          "si": 21,
          "sti": 18,
          "dti": 472,
          "sco": 89,
          "dco": 2485,
          "txt": "to"
        },
        {
          "si": 21,
          "sti": 19,
          "dti": 473,
          "sco": 92,
          "dco": 2488,
          "txt": "meet"
        },
        {
          "si": 21,
          "sti": 20,
          "dti": 474,
          "sco": 97,
          "dco": 2493,
          "txt": "the"
        },
        {
          "si": 21,
          "sti": 21,
          "dti": 475,
          "sco": 101,
          "dco": 2497,
          "txt": "nearest"
        },
        {
          "si": 21,
          "sti": 22,
          "dti": 476,
          "sco": 109,
          "dco": 2505,
          "txt": "railhead"
        },
        {
          "si": 21,
          "sti": 23,
          "dti": 477,
          "sco": 118,
          "dco": 2514,
          "txt": "at"
        },
        {
          "si": 21,
          "sti": 24,
          "dti": 478,
          "sco": 121,
          "dco": 2517,
          "txt": "Ashton"
        },
        {
          "si": 21,
          "sti": 25,
          "dti": 479,
          "sco": 127,
          "dco": 2523,
          "txt": ","
        },
        {
          "si": 21,
          "sti": 26,
          "dti": 480,
          "sco": 129,
          "dco": 2525,
          "txt": "Idaho"
        },
        {
          "si": 21,
          "sti": 27,
          "dti": 481,
          "sco": 134,
          "dco": 2530,
          "txt": "."
        },
        {
          "si": 22,
          "sti": 0,
          "dti": 482,
          "sco": 0,
          "dco": 2532,
          "txt": "Reinforcement"
        },
        {
          "si": 22,
          "sti": 1,
          "dti": 483,
          "sco": 13,
          "dco": 2545,
          "txt": "."
        },
        {
          "si": 23,
          "sti": 0,
          "dti": 484,
          "sco": 0,
          "dco": 2547,
          "txt": "The"
        },
        {
          "si": 23,
          "sti": 1,
          "dti": 485,
          "sco": 4,
          "dco": 2551,
          "txt": "U"
        },
        {
          "si": 23,
          "sti": 2,
          "dti": 486,
          "sco": 5,
          "dco": 2552,
          "txt": "."
        },
        {
          "si": 23,
          "sti": 3,
          "dti": 487,
          "sco": 6,
          "dco": 2553,
          "txt": "S"
        },
        {
          "si": 23,
          "sti": 4,
          "dti": 488,
          "sco": 7,
          "dco": 2554,
          "txt": "."
        },
        {
          "si": 24,
          "sti": 0,
          "dti": 489,
          "sco": 0,
          "dco": 2556,
          "txt": "Bureau"
        },
        {
          "si": 24,
          "sti": 1,
          "dti": 490,
          "sco": 7,
          "dco": 2563,
          "txt": "of"
        },
        {
          "si": 24,
          "sti": 2,
          "dti": 491,
          "sco": 10,
          "dco": 2566,
          "txt": "Reclamation"
        },
        {
          "si": 24,
          "sti": 3,
          "dti": 492,
          "sco": 22,
          "dco": 2578,
          "txt": "conducted"
        },
        {
          "si": 24,
          "sti": 4,
          "dti": 493,
          "sco": 32,
          "dco": 2588,
          "txt": "studies"
        },
        {
          "si": 24,
          "sti": 5,
          "dti": 494,
          "sco": 40,
          "dco": 2596,
          "txt": "on"
        },
        {
          "si": 24,
          "sti": 6,
          "dti": 495,
          "sco": 43,
          "dco": 2599,
          "txt": "dams"
        },
        {
          "si": 24,
          "sti": 7,
          "dti": 496,
          "sco": 48,
          "dco": 2604,
          "txt": "in"
        },
        {
          "si": 24,
          "sti": 8,
          "dti": 497,
          "sco": 51,
          "dco": 2607,
          "txt": "1976"
        },
        {
          "si": 24,
          "sti": 9,
          "dti": 498,
          "sco": 56,
          "dco": 2612,
          "txt": "and"
        },
        {
          "si": 24,
          "sti": 10,
          "dti": 499,
          "sco": 60,
          "dco": 2616,
          "txt": "determined"
        },
        {
          "si": 24,
          "sti": 11,
          "dti": 500,
          "sco": 71,
          "dco": 2627,
          "txt": "that"
        },
        {
          "si": 24,
          "sti": 12,
          "dti": 501,
          "sco": 76,
          "dco": 2632,
          "txt": "Jackson"
        },
        {
          "si": 24,
          "sti": 13,
          "dti": 502,
          "sco": 84,
          "dco": 2640,
          "txt": "Lake"
        },
        {
          "si": 24,
          "sti": 14,
          "dti": 503,
          "sco": 89,
          "dco": 2645,
          "txt": "Dam"
        },
        {
          "si": 24,
          "sti": 15,
          "dti": 504,
          "sco": 93,
          "dco": 2649,
          "txt": "was"
        },
        {
          "si": 24,
          "sti": 16,
          "dti": 505,
          "sco": 97,
          "dco": 2653,
          "txt": "susceptible"
        },
        {
          "si": 24,
          "sti": 17,
          "dti": 506,
          "sco": 109,
          "dco": 2665,
          "txt": "to"
        },
        {
          "si": 24,
          "sti": 18,
          "dti": 507,
          "sco": 112,
          "dco": 2668,
          "txt": "failure"
        },
        {
          "si": 24,
          "sti": 19,
          "dti": 508,
          "sco": 120,
          "dco": 2676,
          "txt": "in"
        },
        {
          "si": 24,
          "sti": 20,
          "dti": 509,
          "sco": 123,
          "dco": 2679,
          "txt": "case"
        },
        {
          "si": 24,
          "sti": 21,
          "dti": 510,
          "sco": 128,
          "dco": 2684,
          "txt": "of"
        },
        {
          "si": 24,
          "sti": 22,
          "dti": 511,
          "sco": 131,
          "dco": 2687,
          "txt": "an"
        },
        {
          "si": 24,
          "sti": 23,
          "dti": 512,
          "sco": 134,
          "dco": 2690,
          "txt": "earthquake"
        },
        {
          "si": 24,
          "sti": 24,
          "dti": 513,
          "sco": 145,
          "dco": 2701,
          "txt": "of"
        },
        {
          "si": 24,
          "sti": 25,
          "dti": 514,
          "sco": 148,
          "dco": 2704,
          "txt": "magnitude"
        },
        {
          "si": 24,
          "sti": 26,
          "dti": 515,
          "sco": 158,
          "dco": 2714,
          "txt": "5"
        },
        {
          "si": 24,
          "sti": 27,
          "dti": 516,
          "sco": 159,
          "dco": 2715,
          "txt": "."
        },
        {
          "si": 24,
          "sti": 28,
          "dti": 517,
          "sco": 160,
          "dco": 2716,
          "txt": "5"
        },
        {
          "si": 24,
          "sti": 29,
          "dti": 518,
          "sco": 162,
          "dco": 2718,
          "txt": "or"
        },
        {
          "si": 24,
          "sti": 30,
          "dti": 519,
          "sco": 165,
          "dco": 2721,
          "txt": "greater"
        },
        {
          "si": 24,
          "sti": 31,
          "dti": 520,
          "sco": 172,
          "dco": 2728,
          "txt": "."
        },
        {
          "si": 25,
          "sti": 0,
          "dti": 521,
          "sco": 0,
          "dco": 2730,
          "txt": "The"
        },
        {
          "si": 25,
          "sti": 1,
          "dti": 522,
          "sco": 4,
          "dco": 2734,
          "txt": "dam"
        },
        {
          "si": 25,
          "sti": 2,
          "dti": 523,
          "sco": 8,
          "dco": 2738,
          "txt": "was"
        },
        {
          "si": 25,
          "sti": 3,
          "dti": 524,
          "sco": 12,
          "dco": 2742,
          "txt": "upgraded"
        },
        {
          "si": 25,
          "sti": 4,
          "dti": 525,
          "sco": 21,
          "dco": 2751,
          "txt": "during"
        },
        {
          "si": 25,
          "sti": 5,
          "dti": 526,
          "sco": 28,
          "dco": 2758,
          "txt": "1986"
        },
        {
          "si": 25,
          "sti": 6,
          "dti": 527,
          "sco": 32,
          "dco": 2762,
          "txt": "-"
        },
        {
          "si": 25,
          "sti": 7,
          "dti": 528,
          "sco": 33,
          "dco": 2763,
          "txt": "1989"
        },
        {
          "si": 25,
          "sti": 8,
          "dti": 529,
          "sco": 37,
          "dco": 2767,
          "txt": ","
        },
        {
          "si": 25,
          "sti": 9,
          "dti": 530,
          "sco": 39,
          "dco": 2769,
          "txt": "and"
        },
        {
          "si": 25,
          "sti": 10,
          "dti": 531,
          "sco": 43,
          "dco": 2773,
          "txt": "the"
        },
        {
          "si": 25,
          "sti": 11,
          "dti": 532,
          "sco": 47,
          "dco": 2777,
          "txt": "Bureau"
        },
        {
          "si": 25,
          "sti": 12,
          "dti": 533,
          "sco": 54,
          "dco": 2784,
          "txt": "of"
        },
        {
          "si": 25,
          "sti": 13,
          "dti": 534,
          "sco": 57,
          "dco": 2787,
          "txt": "Reclamation"
        },
        {
          "si": 25,
          "sti": 14,
          "dti": 535,
          "sco": 69,
          "dco": 2799,
          "txt": "believed"
        },
        {
          "si": 25,
          "sti": 15,
          "dti": 536,
          "sco": 78,
          "dco": 2808,
          "txt": "it"
        },
        {
          "si": 25,
          "sti": 16,
          "dti": 537,
          "sco": 81,
          "dco": 2811,
          "txt": "could"
        },
        {
          "si": 25,
          "sti": 17,
          "dti": 538,
          "sco": 87,
          "dco": 2817,
          "txt": "withstand"
        },
        {
          "si": 25,
          "sti": 18,
          "dti": 539,
          "sco": 97,
          "dco": 2827,
          "txt": "the"
        },
        {
          "si": 25,
          "sti": 19,
          "dti": 540,
          "sco": 101,
          "dco": 2831,
          "txt": "\""
        },
        {
          "si": 25,
          "sti": 20,
          "dti": 541,
          "sco": 102,
          "dco": 2832,
          "txt": "maximum"
        },
        {
          "si": 25,
          "sti": 21,
          "dti": 542,
          "sco": 110,
          "dco": 2840,
          "txt": "credible"
        },
        {
          "si": 25,
          "sti": 22,
          "dti": 543,
          "sco": 119,
          "dco": 2849,
          "txt": "earthquake"
        },
        {
          "si": 25,
          "sti": 23,
          "dti": 544,
          "sco": 129,
          "dco": 2859,
          "txt": ","
        },
        {
          "si": 25,
          "sti": 24,
          "dti": 545,
          "sco": 130,
          "dco": 2860,
          "txt": "\""
        },
        {
          "si": 25,
          "sti": 25,
          "dti": 546,
          "sco": 132,
          "dco": 2862,
          "txt": "a"
        },
        {
          "si": 25,
          "sti": 26,
          "dti": 547,
          "sco": 134,
          "dco": 2864,
          "txt": "magnitude"
        },
        {
          "si": 25,
          "sti": 27,
          "dti": 548,
          "sco": 144,
          "dco": 2874,
          "txt": "7"
        },
        {
          "si": 25,
          "sti": 28,
          "dti": 549,
          "sco": 145,
          "dco": 2875,
          "txt": "."
        },
        {
          "si": 25,
          "sti": 29,
          "dti": 550,
          "sco": 146,
          "dco": 2876,
          "txt": "5"
        },
        {
          "si": 25,
          "sti": 30,
          "dti": 551,
          "sco": 148,
          "dco": 2878,
          "txt": "quake"
        },
        {
          "si": 25,
          "sti": 31,
          "dti": 552,
          "sco": 154,
          "dco": 2884,
          "txt": "on"
        },
        {
          "si": 25,
          "sti": 32,
          "dti": 553,
          "sco": 157,
          "dco": 2887,
          "txt": "the"
        },
        {
          "si": 25,
          "sti": 33,
          "dti": 554,
          "sco": 161,
          "dco": 2891,
          "txt": "Teton"
        },
        {
          "si": 25,
          "sti": 34,
          "dti": 555,
          "sco": 167,
          "dco": 2897,
          "txt": "fault"
        },
        {
          "si": 25,
          "sti": 35,
          "dti": 556,
          "sco": 172,
          "dco": 2902,
          "txt": "."
        },
        {
          "si": 26,
          "sti": 0,
          "dti": 557,
          "sco": 0,
          "dco": 2904,
          "txt": "Since"
        },
        {
          "si": 26,
          "sti": 1,
          "dti": 558,
          "sco": 6,
          "dco": 2910,
          "txt": "then"
        },
        {
          "si": 26,
          "sti": 2,
          "dti": 559,
          "sco": 11,
          "dco": 2915,
          "txt": "various"
        },
        {
          "si": 26,
          "sti": 3,
          "dti": 560,
          "sco": 19,
          "dco": 2923,
          "txt": "studies"
        },
        {
          "si": 26,
          "sti": 4,
          "dti": 561,
          "sco": 27,
          "dco": 2931,
          "txt": "have"
        },
        {
          "si": 26,
          "sti": 5,
          "dti": 562,
          "sco": 32,
          "dco": 2936,
          "txt": "cast"
        },
        {
          "si": 26,
          "sti": 6,
          "dti": 563,
          "sco": 37,
          "dco": 2941,
          "txt": "doubt"
        },
        {
          "si": 26,
          "sti": 7,
          "dti": 564,
          "sco": 43,
          "dco": 2947,
          "txt": "on"
        },
        {
          "si": 26,
          "sti": 8,
          "dti": 565,
          "sco": 46,
          "dco": 2950,
          "txt": "this"
        },
        {
          "si": 26,
          "sti": 9,
          "dti": 566,
          "sco": 51,
          "dco": 2955,
          "txt": "belief"
        },
        {
          "si": 26,
          "sti": 10,
          "dti": 567,
          "sco": 57,
          "dco": 2961,
          "txt": "."
        },
        {
          "si": 27,
          "sti": 0,
          "dti": 568,
          "sco": 0,
          "dco": 2963,
          "txt": "Dam"
        },
        {
          "si": 27,
          "sti": 1,
          "dti": 569,
          "sco": 4,
          "dco": 2967,
          "txt": "facts"
        },
        {
          "si": 27,
          "sti": 2,
          "dti": 570,
          "sco": 10,
          "dco": 2973,
          "txt": "and"
        },
        {
          "si": 27,
          "sti": 3,
          "dti": 571,
          "sco": 14,
          "dco": 2977,
          "txt": "figures"
        },
        {
          "si": 27,
          "sti": 4,
          "dti": 572,
          "sco": 21,
          "dco": 2984,
          "txt": "."
        },
        {
          "si": 28,
          "sti": 0,
          "dti": 573,
          "sco": 0,
          "dco": 2986,
          "txt": "The"
        },
        {
          "si": 28,
          "sti": 1,
          "dti": 574,
          "sco": 4,
          "dco": 2990,
          "txt": "dam"
        },
        {
          "si": 28,
          "sti": 2,
          "dti": 575,
          "sco": 8,
          "dco": 2994,
          "txt": "is"
        },
        {
          "si": 28,
          "sti": 3,
          "dti": 576,
          "sco": 11,
          "dco": 2997,
          "txt": "owned"
        },
        {
          "si": 28,
          "sti": 4,
          "dti": 577,
          "sco": 17,
          "dco": 3003,
          "txt": "and"
        },
        {
          "si": 28,
          "sti": 5,
          "dti": 578,
          "sco": 21,
          "dco": 3007,
          "txt": "operated"
        },
        {
          "si": 28,
          "sti": 6,
          "dti": 579,
          "sco": 30,
          "dco": 3016,
          "txt": "by"
        },
        {
          "si": 28,
          "sti": 7,
          "dti": 580,
          "sco": 33,
          "dco": 3019,
          "txt": "the"
        },
        {
          "si": 28,
          "sti": 8,
          "dti": 581,
          "sco": 37,
          "dco": 3023,
          "txt": "U"
        },
        {
          "si": 28,
          "sti": 9,
          "dti": 582,
          "sco": 38,
          "dco": 3024,
          "txt": "."
        },
        {
          "si": 28,
          "sti": 10,
          "dti": 583,
          "sco": 39,
          "dco": 3025,
          "txt": "S"
        },
        {
          "si": 28,
          "sti": 11,
          "dti": 584,
          "sco": 40,
          "dco": 3026,
          "txt": "."
        },
        {
          "si": 29,
          "sti": 0,
          "dti": 585,
          "sco": 0,
          "dco": 3028,
          "txt": "Bureau"
        },
        {
          "si": 29,
          "sti": 1,
          "dti": 586,
          "sco": 7,
          "dco": 3035,
          "txt": "of"
        },
        {
          "si": 29,
          "sti": 2,
          "dti": 587,
          "sco": 10,
          "dco": 3038,
          "txt": "Reclamation"
        },
        {
          "si": 29,
          "sti": 3,
          "dti": 588,
          "sco": 21,
          "dco": 3049,
          "txt": ","
        },
        {
          "si": 29,
          "sti": 4,
          "dti": 589,
          "sco": 23,
          "dco": 3051,
          "txt": "which"
        },
        {
          "si": 29,
          "sti": 5,
          "dti": 590,
          "sco": 29,
          "dco": 3057,
          "txt": "maintains"
        },
        {
          "si": 29,
          "sti": 6,
          "dti": 591,
          "sco": 39,
          "dco": 3067,
          "txt": "the"
        },
        {
          "si": 29,
          "sti": 7,
          "dti": 592,
          "sco": 43,
          "dco": 3071,
          "txt": "water"
        },
        {
          "si": 29,
          "sti": 8,
          "dti": 593,
          "sco": 49,
          "dco": 3077,
          "txt": "level"
        },
        {
          "si": 29,
          "sti": 9,
          "dti": 594,
          "sco": 55,
          "dco": 3083,
          "txt": "above"
        },
        {
          "si": 29,
          "sti": 10,
          "dti": 595,
          "sco": 61,
          "dco": 3089,
          "txt": "the"
        },
        {
          "si": 29,
          "sti": 11,
          "dti": 596,
          "sco": 65,
          "dco": 3093,
          "txt": "lake"
        },
        {
          "si": 29,
          "sti": 12,
          "dti": 597,
          "sco": 69,
          "dco": 3097,
          "txt": "’"
        },
        {
          "si": 29,
          "sti": 13,
          "dti": 598,
          "sco": 70,
          "dco": 3098,
          "txt": "s"
        },
        {
          "si": 29,
          "sti": 14,
          "dti": 599,
          "sco": 72,
          "dco": 3100,
          "txt": "natural"
        },
        {
          "si": 29,
          "sti": 15,
          "dti": 600,
          "sco": 80,
          "dco": 3108,
          "txt": "elevation"
        },
        {
          "si": 29,
          "sti": 16,
          "dti": 601,
          "sco": 90,
          "dco": 3118,
          "txt": "for"
        },
        {
          "si": 29,
          "sti": 17,
          "dti": 602,
          "sco": 94,
          "dco": 3122,
          "txt": "downstream"
        },
        {
          "si": 29,
          "sti": 18,
          "dti": 603,
          "sco": 105,
          "dco": 3133,
          "txt": "irrigation"
        },
        {
          "si": 29,
          "sti": 19,
          "dti": 604,
          "sco": 115,
          "dco": 3143,
          "txt": "."
        }
      ]
    },
    "ganns": {
      "dla": [],
      "la": [],
      "ea": [],
      "eta": [
        {
          "ra": {
            "ea": {
              "etn": "Jackson_Lake_Dam"
            }
          },
          "sfs": [
            [
              {
                "stn": "status"
              },
              {}
            ]
          ],
          "mfs": [
            [
              {
                "stn": "rivers"
              },
              {
                "dla": [],
                "la": [],
                "ea": [
                  {
                    "etn": "Snake_River"
                  }
                ],
                "eta": []
              }
            ],
            [
              {
                "stn": "locations"
              },
              {
                "dla": [],
                "la": [],
                "ea": [
                  {
                    "etn": "Teton_County,_Wyoming"
                  },
                  {
                    "etn": "Grand_Teton_National_Park"
                  }
                ],
                "eta": []
              }
            ],
            [
              {
                "stn": "openingYears"
              },
              {
                "dla": [
                  {
                    "txt": {
                      "sff": "1916"
                    },
                    "et": {
                      "etn": "Year"
                    },
                    "dp": {
                      "off": 879
                    }
                  }
                ],
                "la": [],
                "ea": [],
                "eta": []
              }
            ],
            [
              {
                "stn": "buildingStartYears"
              },
              {
                "dla": [
                  {
                    "txt": {
                      "sff": "1911"
                    },
                    "et": {
                      "etn": "Year"
                    },
                    "dp": {
                      "off": 870
                    }
                  }
                ],
                "la": [],
                "ea": [],
                "eta": []
              }
            ],
            [
              {
                "stn": "countries"
              },
              {
                "dla": [],
                "la": [],
                "ea": [],
                "eta": []
              }
            ]
          ]
        }
      ]
    }
  }
]
