[
  {
    "context": "TRAIN",
    "doc": {
      "id": "Jatiluhur_Dam",
      "tl": [
        {
          "si": 0,
          "sti": 0,
          "dti": 0,
          "sco": 0,
          "dco": 0,
          "txt": "Jatiluhur"
        },
        {
          "si": 0,
          "sti": 1,
          "dti": 1,
          "sco": 10,
          "dco": 10,
          "txt": "Dam"
        },
        {
          "si": 0,
          "sti": 2,
          "dti": 2,
          "sco": 13,
          "dco": 13,
          "txt": "."
        },
        {
          "si": 1,
          "sti": 0,
          "dti": 3,
          "sco": 0,
          "dco": 15,
          "txt": "The"
        },
        {
          "si": 1,
          "sti": 1,
          "dti": 4,
          "sco": 4,
          "dco": 19,
          "txt": "Jatiluhur"
        },
        {
          "si": 1,
          "sti": 2,
          "dti": 5,
          "sco": 14,
          "dco": 29,
          "txt": "Dam"
        },
        {
          "si": 1,
          "sti": 3,
          "dti": 6,
          "sco": 18,
          "dco": 33,
          "txt": "is"
        },
        {
          "si": 1,
          "sti": 4,
          "dti": 7,
          "sco": 21,
          "dco": 36,
          "txt": "a"
        },
        {
          "si": 1,
          "sti": 5,
          "dti": 8,
          "sco": 23,
          "dco": 38,
          "txt": "multi"
        },
        {
          "si": 1,
          "sti": 6,
          "dti": 9,
          "sco": 28,
          "dco": 43,
          "txt": "-"
        },
        {
          "si": 1,
          "sti": 7,
          "dti": 10,
          "sco": 29,
          "dco": 44,
          "txt": "purpose"
        },
        {
          "si": 1,
          "sti": 8,
          "dti": 11,
          "sco": 37,
          "dco": 52,
          "txt": "embankment"
        },
        {
          "si": 1,
          "sti": 9,
          "dti": 12,
          "sco": 48,
          "dco": 63,
          "txt": "dam"
        },
        {
          "si": 1,
          "sti": 10,
          "dti": 13,
          "sco": 52,
          "dco": 67,
          "txt": "on"
        },
        {
          "si": 1,
          "sti": 11,
          "dti": 14,
          "sco": 55,
          "dco": 70,
          "txt": "the"
        },
        {
          "si": 1,
          "sti": 12,
          "dti": 15,
          "sco": 59,
          "dco": 74,
          "txt": "Citarum"
        },
        {
          "si": 1,
          "sti": 13,
          "dti": 16,
          "sco": 67,
          "dco": 82,
          "txt": "River"
        },
        {
          "si": 1,
          "sti": 14,
          "dti": 17,
          "sco": 73,
          "dco": 88,
          "txt": "in"
        },
        {
          "si": 1,
          "sti": 15,
          "dti": 18,
          "sco": 76,
          "dco": 91,
          "txt": "West"
        },
        {
          "si": 1,
          "sti": 16,
          "dti": 19,
          "sco": 81,
          "dco": 96,
          "txt": "Java"
        },
        {
          "si": 1,
          "sti": 17,
          "dti": 20,
          "sco": 85,
          "dco": 100,
          "txt": ","
        },
        {
          "si": 1,
          "sti": 18,
          "dti": 21,
          "sco": 87,
          "dco": 102,
          "txt": "Indonesia"
        },
        {
          "si": 1,
          "sti": 19,
          "dti": 22,
          "sco": 96,
          "dco": 111,
          "txt": "."
        },
        {
          "si": 2,
          "sti": 0,
          "dti": 23,
          "sco": 0,
          "dco": 113,
          "txt": "It"
        },
        {
          "si": 2,
          "sti": 1,
          "dti": 24,
          "sco": 3,
          "dco": 116,
          "txt": "is"
        },
        {
          "si": 2,
          "sti": 2,
          "dti": 25,
          "sco": 6,
          "dco": 119,
          "txt": "located"
        },
        {
          "si": 2,
          "sti": 3,
          "dti": 26,
          "sco": 14,
          "dco": 127,
          "txt": "east"
        },
        {
          "si": 2,
          "sti": 4,
          "dti": 27,
          "sco": 19,
          "dco": 132,
          "txt": "of"
        },
        {
          "si": 2,
          "sti": 5,
          "dti": 28,
          "sco": 22,
          "dco": 135,
          "txt": "Jakarta"
        },
        {
          "si": 2,
          "sti": 6,
          "dti": 29,
          "sco": 29,
          "dco": 142,
          "txt": ","
        },
        {
          "si": 2,
          "sti": 7,
          "dti": 30,
          "sco": 31,
          "dco": 144,
          "txt": "close"
        },
        {
          "si": 2,
          "sti": 8,
          "dti": 31,
          "sco": 37,
          "dco": 150,
          "txt": "to"
        },
        {
          "si": 2,
          "sti": 9,
          "dti": 32,
          "sco": 40,
          "dco": 153,
          "txt": "the"
        },
        {
          "si": 2,
          "sti": 10,
          "dti": 33,
          "sco": 44,
          "dco": 157,
          "txt": "medium"
        },
        {
          "si": 2,
          "sti": 11,
          "dti": 34,
          "sco": 50,
          "dco": 163,
          "txt": "-"
        },
        {
          "si": 2,
          "sti": 12,
          "dti": 35,
          "sco": 51,
          "dco": 164,
          "txt": "size"
        },
        {
          "si": 2,
          "sti": 13,
          "dti": 36,
          "sco": 56,
          "dco": 169,
          "txt": "town"
        },
        {
          "si": 2,
          "sti": 14,
          "dti": 37,
          "sco": 61,
          "dco": 174,
          "txt": "of"
        },
        {
          "si": 2,
          "sti": 15,
          "dti": 38,
          "sco": 64,
          "dco": 177,
          "txt": "Purwakarta"
        },
        {
          "si": 2,
          "sti": 16,
          "dti": 39,
          "sco": 74,
          "dco": 187,
          "txt": "."
        },
        {
          "si": 3,
          "sti": 0,
          "dti": 40,
          "sco": 0,
          "dco": 189,
          "txt": "Jatiluhur"
        },
        {
          "si": 3,
          "sti": 1,
          "dti": 41,
          "sco": 10,
          "dco": 199,
          "txt": "Dam"
        },
        {
          "si": 3,
          "sti": 2,
          "dti": 42,
          "sco": 14,
          "dco": 203,
          "txt": "was"
        },
        {
          "si": 3,
          "sti": 3,
          "dti": 43,
          "sco": 18,
          "dco": 207,
          "txt": "designed"
        },
        {
          "si": 3,
          "sti": 4,
          "dti": 44,
          "sco": 27,
          "dco": 216,
          "txt": "by"
        },
        {
          "si": 3,
          "sti": 5,
          "dti": 45,
          "sco": 30,
          "dco": 219,
          "txt": "Coyne"
        },
        {
          "si": 3,
          "sti": 6,
          "dti": 46,
          "sco": 36,
          "dco": 225,
          "txt": "et"
        },
        {
          "si": 3,
          "sti": 7,
          "dti": 47,
          "sco": 39,
          "dco": 228,
          "txt": "Bellier"
        },
        {
          "si": 3,
          "sti": 8,
          "dti": 48,
          "sco": 47,
          "dco": 236,
          "txt": "and"
        },
        {
          "si": 3,
          "sti": 9,
          "dti": 49,
          "sco": 51,
          "dco": 240,
          "txt": "was"
        },
        {
          "si": 3,
          "sti": 10,
          "dti": 50,
          "sco": 55,
          "dco": 244,
          "txt": "constructed"
        },
        {
          "si": 3,
          "sti": 11,
          "dti": 51,
          "sco": 67,
          "dco": 256,
          "txt": "between"
        },
        {
          "si": 3,
          "sti": 12,
          "dti": 52,
          "sco": 75,
          "dco": 264,
          "txt": "1957"
        },
        {
          "si": 3,
          "sti": 13,
          "dti": 53,
          "sco": 80,
          "dco": 269,
          "txt": "and"
        },
        {
          "si": 3,
          "sti": 14,
          "dti": 54,
          "sco": 84,
          "dco": 273,
          "txt": "1965"
        },
        {
          "si": 3,
          "sti": 15,
          "dti": 55,
          "sco": 89,
          "dco": 278,
          "txt": "while"
        },
        {
          "si": 3,
          "sti": 16,
          "dti": 56,
          "sco": 95,
          "dco": 284,
          "txt": "the"
        },
        {
          "si": 3,
          "sti": 17,
          "dti": 57,
          "sco": 99,
          "dco": 288,
          "txt": "power"
        },
        {
          "si": 3,
          "sti": 18,
          "dti": 58,
          "sco": 105,
          "dco": 294,
          "txt": "station"
        },
        {
          "si": 3,
          "sti": 19,
          "dti": 59,
          "sco": 113,
          "dco": 302,
          "txt": "become"
        },
        {
          "si": 3,
          "sti": 20,
          "dti": 60,
          "sco": 120,
          "dco": 309,
          "txt": "operational"
        },
        {
          "si": 3,
          "sti": 21,
          "dti": 61,
          "sco": 132,
          "dco": 321,
          "txt": "in"
        },
        {
          "si": 3,
          "sti": 22,
          "dti": 62,
          "sco": 135,
          "dco": 324,
          "txt": "1967"
        },
        {
          "si": 3,
          "sti": 23,
          "dti": 63,
          "sco": 139,
          "dco": 328,
          "txt": "."
        },
        {
          "si": 4,
          "sti": 0,
          "dti": 64,
          "sco": 0,
          "dco": 330,
          "txt": "The"
        },
        {
          "si": 4,
          "sti": 1,
          "dti": 65,
          "sco": 4,
          "dco": 334,
          "txt": "dam"
        },
        {
          "si": 4,
          "sti": 2,
          "dti": 66,
          "sco": 8,
          "dco": 338,
          "txt": "serves"
        },
        {
          "si": 4,
          "sti": 3,
          "dti": 67,
          "sco": 15,
          "dco": 345,
          "txt": "several"
        },
        {
          "si": 4,
          "sti": 4,
          "dti": 68,
          "sco": 23,
          "dco": 353,
          "txt": "purposes"
        },
        {
          "si": 4,
          "sti": 5,
          "dti": 69,
          "sco": 32,
          "dco": 362,
          "txt": "including"
        },
        {
          "si": 4,
          "sti": 6,
          "dti": 70,
          "sco": 42,
          "dco": 372,
          "txt": "the"
        },
        {
          "si": 4,
          "sti": 7,
          "dti": 71,
          "sco": 46,
          "dco": 376,
          "txt": "provision"
        },
        {
          "si": 4,
          "sti": 8,
          "dti": 72,
          "sco": 56,
          "dco": 386,
          "txt": "of"
        },
        {
          "si": 4,
          "sti": 9,
          "dti": 73,
          "sco": 59,
          "dco": 389,
          "txt": "hydroelectric"
        },
        {
          "si": 4,
          "sti": 10,
          "dti": 74,
          "sco": 73,
          "dco": 403,
          "txt": "power"
        },
        {
          "si": 4,
          "sti": 11,
          "dti": 75,
          "sco": 79,
          "dco": 409,
          "txt": "generation"
        },
        {
          "si": 4,
          "sti": 12,
          "dti": 76,
          "sco": 89,
          "dco": 419,
          "txt": ","
        },
        {
          "si": 4,
          "sti": 13,
          "dti": 77,
          "sco": 91,
          "dco": 421,
          "txt": "water"
        },
        {
          "si": 4,
          "sti": 14,
          "dti": 78,
          "sco": 97,
          "dco": 427,
          "txt": "supply"
        },
        {
          "si": 4,
          "sti": 15,
          "dti": 79,
          "sco": 103,
          "dco": 433,
          "txt": ","
        },
        {
          "si": 4,
          "sti": 16,
          "dti": 80,
          "sco": 105,
          "dco": 435,
          "txt": "flood"
        },
        {
          "si": 4,
          "sti": 17,
          "dti": 81,
          "sco": 111,
          "dco": 441,
          "txt": "control"
        },
        {
          "si": 4,
          "sti": 18,
          "dti": 82,
          "sco": 118,
          "dco": 448,
          "txt": ","
        },
        {
          "si": 4,
          "sti": 19,
          "dti": 83,
          "sco": 120,
          "dco": 450,
          "txt": "irrigation"
        },
        {
          "si": 4,
          "sti": 20,
          "dti": 84,
          "sco": 131,
          "dco": 461,
          "txt": "and"
        },
        {
          "si": 4,
          "sti": 21,
          "dti": 85,
          "sco": 135,
          "dco": 465,
          "txt": "aquaculture"
        },
        {
          "si": 4,
          "sti": 22,
          "dti": 86,
          "sco": 146,
          "dco": 476,
          "txt": "."
        },
        {
          "si": 5,
          "sti": 0,
          "dti": 87,
          "sco": 0,
          "dco": 478,
          "txt": "The"
        },
        {
          "si": 5,
          "sti": 1,
          "dti": 88,
          "sco": 4,
          "dco": 482,
          "txt": "power"
        },
        {
          "si": 5,
          "sti": 2,
          "dti": 89,
          "sco": 10,
          "dco": 488,
          "txt": "station"
        },
        {
          "si": 5,
          "sti": 3,
          "dti": 90,
          "sco": 18,
          "dco": 496,
          "txt": "has"
        },
        {
          "si": 5,
          "sti": 4,
          "dti": 91,
          "sco": 22,
          "dco": 500,
          "txt": "an"
        },
        {
          "si": 5,
          "sti": 5,
          "dti": 92,
          "sco": 25,
          "dco": 503,
          "txt": "installed"
        },
        {
          "si": 5,
          "sti": 6,
          "dti": 93,
          "sco": 35,
          "dco": 513,
          "txt": "capacity"
        },
        {
          "si": 5,
          "sti": 7,
          "dti": 94,
          "sco": 44,
          "dco": 522,
          "txt": "of"
        },
        {
          "si": 5,
          "sti": 8,
          "dti": 95,
          "sco": 47,
          "dco": 525,
          "txt": "186"
        },
        {
          "si": 5,
          "sti": 9,
          "dti": 96,
          "sco": 50,
          "dco": 528,
          "txt": "."
        },
        {
          "si": 5,
          "sti": 10,
          "dti": 97,
          "sco": 51,
          "dco": 529,
          "txt": "5"
        },
        {
          "si": 5,
          "sti": 11,
          "dti": 98,
          "sco": 53,
          "dco": 531,
          "txt": "MW"
        },
        {
          "si": 5,
          "sti": 12,
          "dti": 99,
          "sco": 56,
          "dco": 534,
          "txt": "which"
        },
        {
          "si": 5,
          "sti": 13,
          "dti": 100,
          "sco": 62,
          "dco": 540,
          "txt": "feeds"
        },
        {
          "si": 5,
          "sti": 14,
          "dti": 101,
          "sco": 68,
          "dco": 546,
          "txt": "into"
        },
        {
          "si": 5,
          "sti": 15,
          "dti": 102,
          "sco": 73,
          "dco": 551,
          "txt": "the"
        },
        {
          "si": 5,
          "sti": 16,
          "dti": 103,
          "sco": 77,
          "dco": 555,
          "txt": "Java"
        },
        {
          "si": 5,
          "sti": 17,
          "dti": 104,
          "sco": 82,
          "dco": 560,
          "txt": "grid"
        },
        {
          "si": 5,
          "sti": 18,
          "dti": 105,
          "sco": 87,
          "dco": 565,
          "txt": "managed"
        },
        {
          "si": 5,
          "sti": 19,
          "dti": 106,
          "sco": 95,
          "dco": 573,
          "txt": "by"
        },
        {
          "si": 5,
          "sti": 20,
          "dti": 107,
          "sco": 98,
          "dco": 576,
          "txt": "the"
        },
        {
          "si": 5,
          "sti": 21,
          "dti": 108,
          "sco": 102,
          "dco": 580,
          "txt": "state"
        },
        {
          "si": 5,
          "sti": 22,
          "dti": 109,
          "sco": 107,
          "dco": 585,
          "txt": "-"
        },
        {
          "si": 5,
          "sti": 23,
          "dti": 110,
          "sco": 108,
          "dco": 586,
          "txt": "owned"
        },
        {
          "si": 5,
          "sti": 24,
          "dti": 111,
          "sco": 114,
          "dco": 592,
          "txt": "electricity"
        },
        {
          "si": 5,
          "sti": 25,
          "dti": 112,
          "sco": 126,
          "dco": 604,
          "txt": "company"
        },
        {
          "si": 5,
          "sti": 26,
          "dti": 113,
          "sco": 134,
          "dco": 612,
          "txt": "\""
        },
        {
          "si": 5,
          "sti": 27,
          "dti": 114,
          "sco": 135,
          "dco": 613,
          "txt": "Perusahaan"
        },
        {
          "si": 5,
          "sti": 28,
          "dti": 115,
          "sco": 146,
          "dco": 624,
          "txt": "Listrik"
        },
        {
          "si": 5,
          "sti": 29,
          "dti": 116,
          "sco": 154,
          "dco": 632,
          "txt": "Negara"
        },
        {
          "si": 5,
          "sti": 30,
          "dti": 117,
          "sco": 160,
          "dco": 638,
          "txt": "\""
        },
        {
          "si": 5,
          "sti": 31,
          "dti": 118,
          "sco": 161,
          "dco": 639,
          "txt": "."
        },
        {
          "si": 6,
          "sti": 0,
          "dti": 119,
          "sco": 0,
          "dco": 641,
          "txt": "The"
        },
        {
          "si": 6,
          "sti": 1,
          "dti": 120,
          "sco": 4,
          "dco": 645,
          "txt": "Jatiluhur"
        },
        {
          "si": 6,
          "sti": 2,
          "dti": 121,
          "sco": 14,
          "dco": 655,
          "txt": "reservoir"
        },
        {
          "si": 6,
          "sti": 3,
          "dti": 122,
          "sco": 24,
          "dco": 665,
          "txt": "helps"
        },
        {
          "si": 6,
          "sti": 4,
          "dti": 123,
          "sco": 30,
          "dco": 671,
          "txt": "irrigate"
        },
        {
          "si": 6,
          "sti": 5,
          "dti": 124,
          "sco": 39,
          "dco": 680,
          "txt": "of"
        },
        {
          "si": 6,
          "sti": 6,
          "dti": 125,
          "sco": 42,
          "dco": 683,
          "txt": "rice"
        },
        {
          "si": 6,
          "sti": 7,
          "dti": 126,
          "sco": 47,
          "dco": 688,
          "txt": "fields"
        },
        {
          "si": 6,
          "sti": 8,
          "dti": 127,
          "sco": 53,
          "dco": 694,
          "txt": "."
        },
        {
          "si": 7,
          "sti": 0,
          "dti": 128,
          "sco": 0,
          "dco": 696,
          "txt": "The"
        },
        {
          "si": 7,
          "sti": 1,
          "dti": 129,
          "sco": 4,
          "dco": 700,
          "txt": "earth"
        },
        {
          "si": 7,
          "sti": 2,
          "dti": 130,
          "sco": 9,
          "dco": 705,
          "txt": "-"
        },
        {
          "si": 7,
          "sti": 3,
          "dti": 131,
          "sco": 10,
          "dco": 706,
          "txt": "fill"
        },
        {
          "si": 7,
          "sti": 4,
          "dti": 132,
          "sco": 15,
          "dco": 711,
          "txt": "dam"
        },
        {
          "si": 7,
          "sti": 5,
          "dti": 133,
          "sco": 19,
          "dco": 715,
          "txt": "is"
        },
        {
          "si": 7,
          "sti": 6,
          "dti": 134,
          "sco": 22,
          "dco": 718,
          "txt": "high"
        },
        {
          "si": 7,
          "sti": 7,
          "dti": 135,
          "sco": 27,
          "dco": 723,
          "txt": "and"
        },
        {
          "si": 7,
          "sti": 8,
          "dti": 136,
          "sco": 31,
          "dco": 727,
          "txt": "withholds"
        },
        {
          "si": 7,
          "sti": 9,
          "dti": 137,
          "sco": 41,
          "dco": 737,
          "txt": "a"
        },
        {
          "si": 7,
          "sti": 10,
          "dti": 138,
          "sco": 43,
          "dco": 739,
          "txt": "reservoir"
        },
        {
          "si": 7,
          "sti": 11,
          "dti": 139,
          "sco": 53,
          "dco": 749,
          "txt": "of"
        },
        {
          "si": 7,
          "sti": 12,
          "dti": 140,
          "sco": 55,
          "dco": 751,
          "txt": ","
        },
        {
          "si": 7,
          "sti": 13,
          "dti": 141,
          "sco": 57,
          "dco": 753,
          "txt": "the"
        },
        {
          "si": 7,
          "sti": 14,
          "dti": 142,
          "sco": 61,
          "dco": 757,
          "txt": "largest"
        },
        {
          "si": 7,
          "sti": 15,
          "dti": 143,
          "sco": 69,
          "dco": 765,
          "txt": "in"
        },
        {
          "si": 7,
          "sti": 16,
          "dti": 144,
          "sco": 72,
          "dco": 768,
          "txt": "the"
        },
        {
          "si": 7,
          "sti": 17,
          "dti": 145,
          "sco": 76,
          "dco": 772,
          "txt": "country"
        },
        {
          "si": 7,
          "sti": 18,
          "dti": 146,
          "sco": 83,
          "dco": 779,
          "txt": "."
        }
      ]
    },
    "ganns": {
      "dla": [],
      "la": [],
      "ea": [],
      "eta": [
        {
          "ra": {
            "ea": {
              "etn": "Jatiluhur_Dam"
            }
          },
          "sfs": [
            [
              {
                "stn": "status"
              },
              {}
            ]
          ],
          "mfs": [
            [
              {
                "stn": "rivers"
              },
              {
                "dla": [],
                "la": [],
                "ea": [
                  {
                    "etn": "Citarum_River"
                  }
                ],
                "eta": []
              }
            ],
            [
              {
                "stn": "locations"
              },
              {
                "dla": [],
                "la": [],
                "ea": [
                  {
                    "etn": "Purwakarta"
                  }
                ],
                "eta": []
              }
            ],
            [
              {
                "stn": "openingYears"
              },
              {
                "dla": [
                  {
                    "txt": {
                      "sff": "1965"
                    },
                    "et": {
                      "etn": "Year"
                    },
                    "dp": {
                      "off": 273
                    }
                  }
                ],
                "la": [],
                "ea": [],
                "eta": []
              }
            ],
            [
              {
                "stn": "buildingStartYears"
              },
              {
                "dla": [
                  {
                    "txt": {
                      "sff": "1957"
                    },
                    "et": {
                      "etn": "Year"
                    },
                    "dp": {
                      "off": 264
                    }
                  }
                ],
                "la": [],
                "ea": [],
                "eta": []
              }
            ],
            [
              {
                "stn": "countries"
              },
              {
                "dla": [],
                "la": [],
                "ea": [],
                "eta": []
              }
            ]
          ]
        }
      ]
    }
  }
]
