[
  {
    "context": "TRAIN",
    "doc": {
      "id": "Jericho_Dam",
      "tl": [
        {
          "si": 0,
          "sti": 0,
          "dti": 0,
          "sco": 0,
          "dco": 0,
          "txt": "Jericho"
        },
        {
          "si": 0,
          "sti": 1,
          "dti": 1,
          "sco": 8,
          "dco": 8,
          "txt": "Dam"
        },
        {
          "si": 0,
          "sti": 2,
          "dti": 2,
          "sco": 11,
          "dco": 11,
          "txt": "."
        },
        {
          "si": 1,
          "sti": 0,
          "dti": 3,
          "sco": 0,
          "dco": 13,
          "txt": "Jericho"
        },
        {
          "si": 1,
          "sti": 1,
          "dti": 4,
          "sco": 8,
          "dco": 21,
          "txt": "Dam"
        },
        {
          "si": 1,
          "sti": 2,
          "dti": 5,
          "sco": 12,
          "dco": 25,
          "txt": "is"
        },
        {
          "si": 1,
          "sti": 3,
          "dti": 6,
          "sco": 15,
          "dco": 28,
          "txt": "a"
        },
        {
          "si": 1,
          "sti": 4,
          "dti": 7,
          "sco": 17,
          "dco": 30,
          "txt": "combined"
        },
        {
          "si": 1,
          "sti": 5,
          "dti": 8,
          "sco": 26,
          "dco": 39,
          "txt": "concrete"
        },
        {
          "si": 1,
          "sti": 6,
          "dti": 9,
          "sco": 35,
          "dco": 48,
          "txt": "gravity"
        },
        {
          "si": 1,
          "sti": 7,
          "dti": 10,
          "sco": 43,
          "dco": 56,
          "txt": "and"
        },
        {
          "si": 1,
          "sti": 8,
          "dti": 11,
          "sco": 47,
          "dco": 60,
          "txt": "earth"
        },
        {
          "si": 1,
          "sti": 9,
          "dti": 12,
          "sco": 52,
          "dco": 65,
          "txt": "-"
        },
        {
          "si": 1,
          "sti": 10,
          "dti": 13,
          "sco": 53,
          "dco": 66,
          "txt": "fill"
        },
        {
          "si": 1,
          "sti": 11,
          "dti": 14,
          "sco": 58,
          "dco": 71,
          "txt": "type"
        },
        {
          "si": 1,
          "sti": 12,
          "dti": 15,
          "sco": 63,
          "dco": 76,
          "txt": "dam"
        },
        {
          "si": 1,
          "sti": 13,
          "dti": 16,
          "sco": 67,
          "dco": 80,
          "txt": "located"
        },
        {
          "si": 1,
          "sti": 14,
          "dti": 17,
          "sco": 75,
          "dco": 88,
          "txt": "on"
        },
        {
          "si": 1,
          "sti": 15,
          "dti": 18,
          "sco": 78,
          "dco": 91,
          "txt": "the"
        },
        {
          "si": 1,
          "sti": 16,
          "dti": 19,
          "sco": 82,
          "dco": 95,
          "txt": "Mpama"
        },
        {
          "si": 1,
          "sti": 17,
          "dti": 20,
          "sco": 88,
          "dco": 101,
          "txt": "River"
        },
        {
          "si": 1,
          "sti": 18,
          "dti": 21,
          "sco": 93,
          "dco": 106,
          "txt": ","
        },
        {
          "si": 1,
          "sti": 19,
          "dti": 22,
          "sco": 95,
          "dco": 108,
          "txt": "near"
        },
        {
          "si": 1,
          "sti": 20,
          "dti": 23,
          "sco": 100,
          "dco": 113,
          "txt": "Amsterdam"
        },
        {
          "si": 1,
          "sti": 21,
          "dti": 24,
          "sco": 109,
          "dco": 122,
          "txt": ","
        },
        {
          "si": 1,
          "sti": 22,
          "dti": 25,
          "sco": 111,
          "dco": 124,
          "txt": "Mpumalanga"
        },
        {
          "si": 1,
          "sti": 23,
          "dti": 26,
          "sco": 121,
          "dco": 134,
          "txt": ","
        },
        {
          "si": 1,
          "sti": 24,
          "dti": 27,
          "sco": 123,
          "dco": 136,
          "txt": "South"
        },
        {
          "si": 1,
          "sti": 25,
          "dti": 28,
          "sco": 129,
          "dco": 142,
          "txt": "Africa"
        },
        {
          "si": 1,
          "sti": 26,
          "dti": 29,
          "sco": 135,
          "dco": 148,
          "txt": "."
        },
        {
          "si": 2,
          "sti": 0,
          "dti": 30,
          "sco": 0,
          "dco": 150,
          "txt": "It"
        },
        {
          "si": 2,
          "sti": 1,
          "dti": 31,
          "sco": 3,
          "dco": 153,
          "txt": "was"
        },
        {
          "si": 2,
          "sti": 2,
          "dti": 32,
          "sco": 7,
          "dco": 157,
          "txt": "established"
        },
        {
          "si": 2,
          "sti": 3,
          "dti": 33,
          "sco": 19,
          "dco": 169,
          "txt": "in"
        },
        {
          "si": 2,
          "sti": 4,
          "dti": 34,
          "sco": 22,
          "dco": 172,
          "txt": "1966"
        },
        {
          "si": 2,
          "sti": 5,
          "dti": 35,
          "sco": 26,
          "dco": 176,
          "txt": "/"
        },
        {
          "si": 2,
          "sti": 6,
          "dti": 36,
          "sco": 27,
          "dco": 177,
          "txt": "68"
        },
        {
          "si": 2,
          "sti": 7,
          "dti": 37,
          "sco": 30,
          "dco": 180,
          "txt": "and"
        },
        {
          "si": 2,
          "sti": 8,
          "dti": 38,
          "sco": 34,
          "dco": 184,
          "txt": "its"
        },
        {
          "si": 2,
          "sti": 9,
          "dti": 39,
          "sco": 38,
          "dco": 188,
          "txt": "primary"
        },
        {
          "si": 2,
          "sti": 10,
          "dti": 40,
          "sco": 46,
          "dco": 196,
          "txt": "purpose"
        },
        {
          "si": 2,
          "sti": 11,
          "dti": 41,
          "sco": 54,
          "dco": 204,
          "txt": "is"
        },
        {
          "si": 2,
          "sti": 12,
          "dti": 42,
          "sco": 57,
          "dco": 207,
          "txt": "to"
        },
        {
          "si": 2,
          "sti": 13,
          "dti": 43,
          "sco": 60,
          "dco": 210,
          "txt": "serve"
        },
        {
          "si": 2,
          "sti": 14,
          "dti": 44,
          "sco": 66,
          "dco": 216,
          "txt": "for"
        },
        {
          "si": 2,
          "sti": 15,
          "dti": 45,
          "sco": 70,
          "dco": 220,
          "txt": "municipal"
        },
        {
          "si": 2,
          "sti": 16,
          "dti": 46,
          "sco": 80,
          "dco": 230,
          "txt": "and"
        },
        {
          "si": 2,
          "sti": 17,
          "dti": 47,
          "sco": 84,
          "dco": 234,
          "txt": "industrial"
        },
        {
          "si": 2,
          "sti": 18,
          "dti": 48,
          "sco": 95,
          "dco": 245,
          "txt": "use"
        },
        {
          "si": 2,
          "sti": 19,
          "dti": 49,
          "sco": 98,
          "dco": 248,
          "txt": "."
        },
        {
          "si": 3,
          "sti": 0,
          "dti": 50,
          "sco": 0,
          "dco": 250,
          "txt": "Its"
        },
        {
          "si": 3,
          "sti": 1,
          "dti": 51,
          "sco": 4,
          "dco": 254,
          "txt": "hazard"
        },
        {
          "si": 3,
          "sti": 2,
          "dti": 52,
          "sco": 11,
          "dco": 261,
          "txt": "potential"
        },
        {
          "si": 3,
          "sti": 3,
          "dti": 53,
          "sco": 21,
          "dco": 271,
          "txt": "has"
        },
        {
          "si": 3,
          "sti": 4,
          "dti": 54,
          "sco": 25,
          "dco": 275,
          "txt": "been"
        },
        {
          "si": 3,
          "sti": 5,
          "dti": 55,
          "sco": 30,
          "dco": 280,
          "txt": "ranked"
        },
        {
          "si": 3,
          "sti": 6,
          "dti": 56,
          "sco": 37,
          "dco": 287,
          "txt": "high"
        },
        {
          "si": 3,
          "sti": 7,
          "dti": 57,
          "sco": 42,
          "dco": 292,
          "txt": "("
        },
        {
          "si": 3,
          "sti": 8,
          "dti": 58,
          "sco": 43,
          "dco": 293,
          "txt": "3"
        },
        {
          "si": 3,
          "sti": 9,
          "dti": 59,
          "sco": 44,
          "dco": 294,
          "txt": ")"
        },
        {
          "si": 3,
          "sti": 10,
          "dti": 60,
          "sco": 45,
          "dco": 295,
          "txt": "."
        }
      ]
    },
    "ganns": {
      "dla": [],
      "la": [],
      "ea": [],
      "eta": [
        {
          "ra": {
            "ea": {
              "etn": "Jericho_Dam"
            }
          },
          "sfs": [
            [
              {
                "stn": "status"
              },
              {}
            ]
          ],
          "mfs": [
            [
              {
                "stn": "rivers"
              },
              {
                "dla": [],
                "la": [],
                "ea": [
                  {
                    "etn": "Mpama_River"
                  }
                ],
                "eta": []
              }
            ],
            [
              {
                "stn": "locations"
              },
              {
                "dla": [],
                "la": [],
                "ea": [
                  {
                    "etn": "Amsterdam,_Mpumalanga"
                  }
                ],
                "eta": []
              }
            ],
            [
              {
                "stn": "openingYears"
              },
              {
                "dla": [
                  {
                    "txt": {
                      "sff": "1966"
                    },
                    "et": {
                      "etn": "Year"
                    },
                    "dp": {
                      "off": 172
                    }
                  }
                ],
                "la": [],
                "ea": [],
                "eta": []
              }
            ],
            [
              {
                "stn": "buildingStartYears"
              },
              {
                "dla": [],
                "la": [],
                "ea": [],
                "eta": []
              }
            ],
            [
              {
                "stn": "countries"
              },
              {
                "dla": [],
                "la": [],
                "ea": [
                  {
                    "etn": "South_Africa"
                  }
                ],
                "eta": []
              }
            ]
          ]
        }
      ]
    }
  }
]
