[
  {
    "context": "TRAIN",
    "doc": {
      "id": "Kwena_Dam",
      "tl": [
        {
          "si": 0,
          "sti": 0,
          "dti": 0,
          "sco": 0,
          "dco": 0,
          "txt": "Kwena"
        },
        {
          "si": 0,
          "sti": 1,
          "dti": 1,
          "sco": 6,
          "dco": 6,
          "txt": "Dam"
        },
        {
          "si": 0,
          "sti": 2,
          "dti": 2,
          "sco": 9,
          "dco": 9,
          "txt": "."
        },
        {
          "si": 1,
          "sti": 0,
          "dti": 3,
          "sco": 0,
          "dco": 11,
          "txt": "Kwena"
        },
        {
          "si": 1,
          "sti": 1,
          "dti": 4,
          "sco": 6,
          "dco": 17,
          "txt": "Dam"
        },
        {
          "si": 1,
          "sti": 2,
          "dti": 5,
          "sco": 10,
          "dco": 21,
          "txt": "is"
        },
        {
          "si": 1,
          "sti": 3,
          "dti": 6,
          "sco": 13,
          "dco": 24,
          "txt": "a"
        },
        {
          "si": 1,
          "sti": 4,
          "dti": 7,
          "sco": 15,
          "dco": 26,
          "txt": "combined"
        },
        {
          "si": 1,
          "sti": 5,
          "dti": 8,
          "sco": 24,
          "dco": 35,
          "txt": "gravity"
        },
        {
          "si": 1,
          "sti": 6,
          "dti": 9,
          "sco": 32,
          "dco": 43,
          "txt": "&"
        },
        {
          "si": 1,
          "sti": 7,
          "dti": 10,
          "sco": 34,
          "dco": 45,
          "txt": "arch"
        },
        {
          "si": 1,
          "sti": 8,
          "dti": 11,
          "sco": 39,
          "dco": 50,
          "txt": "type"
        },
        {
          "si": 1,
          "sti": 9,
          "dti": 12,
          "sco": 44,
          "dco": 55,
          "txt": "dam"
        },
        {
          "si": 1,
          "sti": 10,
          "dti": 13,
          "sco": 48,
          "dco": 59,
          "txt": "located"
        },
        {
          "si": 1,
          "sti": 11,
          "dti": 14,
          "sco": 56,
          "dco": 67,
          "txt": "on"
        },
        {
          "si": 1,
          "sti": 12,
          "dti": 15,
          "sco": 59,
          "dco": 70,
          "txt": "the"
        },
        {
          "si": 1,
          "sti": 13,
          "dti": 16,
          "sco": 63,
          "dco": 74,
          "txt": "Crocodile"
        },
        {
          "si": 1,
          "sti": 14,
          "dti": 17,
          "sco": 73,
          "dco": 84,
          "txt": "River"
        },
        {
          "si": 1,
          "sti": 15,
          "dti": 18,
          "sco": 78,
          "dco": 89,
          "txt": ","
        },
        {
          "si": 1,
          "sti": 16,
          "dti": 19,
          "sco": 80,
          "dco": 91,
          "txt": "near"
        },
        {
          "si": 1,
          "sti": 17,
          "dti": 20,
          "sco": 85,
          "dco": 96,
          "txt": "Lydenburg"
        },
        {
          "si": 1,
          "sti": 18,
          "dti": 21,
          "sco": 94,
          "dco": 105,
          "txt": ","
        },
        {
          "si": 1,
          "sti": 19,
          "dti": 22,
          "sco": 96,
          "dco": 107,
          "txt": "Mpumalanga"
        },
        {
          "si": 1,
          "sti": 20,
          "dti": 23,
          "sco": 106,
          "dco": 117,
          "txt": ","
        },
        {
          "si": 1,
          "sti": 21,
          "dti": 24,
          "sco": 108,
          "dco": 119,
          "txt": "South"
        },
        {
          "si": 1,
          "sti": 22,
          "dti": 25,
          "sco": 114,
          "dco": 125,
          "txt": "Africa"
        },
        {
          "si": 1,
          "sti": 23,
          "dti": 26,
          "sco": 120,
          "dco": 131,
          "txt": "."
        },
        {
          "si": 2,
          "sti": 0,
          "dti": 27,
          "sco": 0,
          "dco": 133,
          "txt": "It"
        },
        {
          "si": 2,
          "sti": 1,
          "dti": 28,
          "sco": 3,
          "dco": 136,
          "txt": "was"
        },
        {
          "si": 2,
          "sti": 2,
          "dti": 29,
          "sco": 7,
          "dco": 140,
          "txt": "established"
        },
        {
          "si": 2,
          "sti": 3,
          "dti": 30,
          "sco": 19,
          "dco": 152,
          "txt": "in"
        },
        {
          "si": 2,
          "sti": 4,
          "dti": 31,
          "sco": 22,
          "dco": 155,
          "txt": "1984"
        },
        {
          "si": 2,
          "sti": 5,
          "dti": 32,
          "sco": 27,
          "dco": 160,
          "txt": "and"
        },
        {
          "si": 2,
          "sti": 6,
          "dti": 33,
          "sco": 31,
          "dco": 164,
          "txt": "its"
        },
        {
          "si": 2,
          "sti": 7,
          "dti": 34,
          "sco": 35,
          "dco": 168,
          "txt": "serves"
        },
        {
          "si": 2,
          "sti": 8,
          "dti": 35,
          "sco": 42,
          "dco": 175,
          "txt": "mainly"
        },
        {
          "si": 2,
          "sti": 9,
          "dti": 36,
          "sco": 49,
          "dco": 182,
          "txt": "for"
        },
        {
          "si": 2,
          "sti": 10,
          "dti": 37,
          "sco": 53,
          "dco": 186,
          "txt": "irrigation"
        },
        {
          "si": 2,
          "sti": 11,
          "dti": 38,
          "sco": 64,
          "dco": 197,
          "txt": "purposes"
        },
        {
          "si": 2,
          "sti": 12,
          "dti": 39,
          "sco": 72,
          "dco": 205,
          "txt": "."
        },
        {
          "si": 3,
          "sti": 0,
          "dti": 40,
          "sco": 0,
          "dco": 207,
          "txt": "The"
        },
        {
          "si": 3,
          "sti": 1,
          "dti": 41,
          "sco": 4,
          "dco": 211,
          "txt": "hazard"
        },
        {
          "si": 3,
          "sti": 2,
          "dti": 42,
          "sco": 11,
          "dco": 218,
          "txt": "potential"
        },
        {
          "si": 3,
          "sti": 3,
          "dti": 43,
          "sco": 21,
          "dco": 228,
          "txt": "of"
        },
        {
          "si": 3,
          "sti": 4,
          "dti": 44,
          "sco": 24,
          "dco": 231,
          "txt": "the"
        },
        {
          "si": 3,
          "sti": 5,
          "dti": 45,
          "sco": 28,
          "dco": 235,
          "txt": "dam"
        },
        {
          "si": 3,
          "sti": 6,
          "dti": 46,
          "sco": 32,
          "dco": 239,
          "txt": "has"
        },
        {
          "si": 3,
          "sti": 7,
          "dti": 47,
          "sco": 36,
          "dco": 243,
          "txt": "been"
        },
        {
          "si": 3,
          "sti": 8,
          "dti": 48,
          "sco": 41,
          "dco": 248,
          "txt": "ranked"
        },
        {
          "si": 3,
          "sti": 9,
          "dti": 49,
          "sco": 48,
          "dco": 255,
          "txt": "high"
        },
        {
          "si": 3,
          "sti": 10,
          "dti": 50,
          "sco": 53,
          "dco": 260,
          "txt": "("
        },
        {
          "si": 3,
          "sti": 11,
          "dti": 51,
          "sco": 54,
          "dco": 261,
          "txt": "3"
        },
        {
          "si": 3,
          "sti": 12,
          "dti": 52,
          "sco": 55,
          "dco": 262,
          "txt": ")"
        },
        {
          "si": 3,
          "sti": 13,
          "dti": 53,
          "sco": 56,
          "dco": 263,
          "txt": "."
        }
      ]
    },
    "ganns": {
      "dla": [],
      "la": [],
      "ea": [],
      "eta": [
        {
          "ra": {
            "ea": {
              "etn": "Kwena_Dam"
            }
          },
          "sfs": [
            [
              {
                "stn": "status"
              },
              {}
            ]
          ],
          "mfs": [
            [
              {
                "stn": "rivers"
              },
              {
                "dla": [],
                "la": [],
                "ea": [
                  {
                    "etn": "Crocodile_River_(Mpumalanga)"
                  }
                ],
                "eta": []
              }
            ],
            [
              {
                "stn": "locations"
              },
              {
                "dla": [],
                "la": [],
                "ea": [
                  {
                    "etn": "Mpumalanga"
                  },
                  {
                    "etn": "Lydenburg"
                  }
                ],
                "eta": []
              }
            ],
            [
              {
                "stn": "openingYears"
              },
              {
                "dla": [
                  {
                    "txt": {
                      "sff": "1984"
                    },
                    "et": {
                      "etn": "Year"
                    },
                    "dp": {
                      "off": 155
                    }
                  }
                ],
                "la": [],
                "ea": [],
                "eta": []
              }
            ],
            [
              {
                "stn": "buildingStartYears"
              },
              {
                "dla": [],
                "la": [],
                "ea": [],
                "eta": []
              }
            ],
            [
              {
                "stn": "countries"
              },
              {
                "dla": [],
                "la": [],
                "ea": [
                  {
                    "etn": "South_Africa"
                  }
                ],
                "eta": []
              }
            ]
          ]
        }
      ]
    }
  }
]
