[
  {
    "context": "TEST",
    "doc": {
      "id": "Lom_Pangar_Dam",
      "tl": [
        {
          "si": 0,
          "sti": 0,
          "dti": 0,
          "sco": 0,
          "dco": 0,
          "txt": "Lom"
        },
        {
          "si": 0,
          "sti": 1,
          "dti": 1,
          "sco": 4,
          "dco": 4,
          "txt": "Pangar"
        },
        {
          "si": 0,
          "sti": 2,
          "dti": 2,
          "sco": 11,
          "dco": 11,
          "txt": "Dam"
        },
        {
          "si": 0,
          "sti": 3,
          "dti": 3,
          "sco": 14,
          "dco": 14,
          "txt": "."
        },
        {
          "si": 1,
          "sti": 0,
          "dti": 4,
          "sco": 0,
          "dco": 16,
          "txt": "The"
        },
        {
          "si": 1,
          "sti": 1,
          "dti": 5,
          "sco": 4,
          "dco": 20,
          "txt": "Lom"
        },
        {
          "si": 1,
          "sti": 2,
          "dti": 6,
          "sco": 8,
          "dco": 24,
          "txt": "Pangar"
        },
        {
          "si": 1,
          "sti": 3,
          "dti": 7,
          "sco": 15,
          "dco": 31,
          "txt": "Dam"
        },
        {
          "si": 1,
          "sti": 4,
          "dti": 8,
          "sco": 19,
          "dco": 35,
          "txt": "is"
        },
        {
          "si": 1,
          "sti": 5,
          "dti": 9,
          "sco": 22,
          "dco": 38,
          "txt": "an"
        },
        {
          "si": 1,
          "sti": 6,
          "dti": 10,
          "sco": 25,
          "dco": 41,
          "txt": "embankment"
        },
        {
          "si": 1,
          "sti": 7,
          "dti": 11,
          "sco": 36,
          "dco": 52,
          "txt": "dam"
        },
        {
          "si": 1,
          "sti": 8,
          "dti": 12,
          "sco": 40,
          "dco": 56,
          "txt": "with"
        },
        {
          "si": 1,
          "sti": 9,
          "dti": 13,
          "sco": 45,
          "dco": 61,
          "txt": "a"
        },
        {
          "si": 1,
          "sti": 10,
          "dti": 14,
          "sco": 47,
          "dco": 63,
          "txt": "center"
        },
        {
          "si": 1,
          "sti": 11,
          "dti": 15,
          "sco": 54,
          "dco": 70,
          "txt": "gravity"
        },
        {
          "si": 1,
          "sti": 12,
          "dti": 16,
          "sco": 62,
          "dco": 78,
          "txt": "dam"
        },
        {
          "si": 1,
          "sti": 13,
          "dti": 17,
          "sco": 66,
          "dco": 82,
          "txt": "section"
        },
        {
          "si": 1,
          "sti": 14,
          "dti": 18,
          "sco": 74,
          "dco": 90,
          "txt": "currently"
        },
        {
          "si": 1,
          "sti": 15,
          "dti": 19,
          "sco": 84,
          "dco": 100,
          "txt": "under"
        },
        {
          "si": 1,
          "sti": 16,
          "dti": 20,
          "sco": 90,
          "dco": 106,
          "txt": "construction"
        },
        {
          "si": 1,
          "sti": 17,
          "dti": 21,
          "sco": 103,
          "dco": 119,
          "txt": "on"
        },
        {
          "si": 1,
          "sti": 18,
          "dti": 22,
          "sco": 106,
          "dco": 122,
          "txt": "the"
        },
        {
          "si": 1,
          "sti": 19,
          "dti": 23,
          "sco": 110,
          "dco": 126,
          "txt": "Lom"
        },
        {
          "si": 1,
          "sti": 20,
          "dti": 24,
          "sco": 114,
          "dco": 130,
          "txt": "River"
        },
        {
          "si": 1,
          "sti": 21,
          "dti": 25,
          "sco": 120,
          "dco": 136,
          "txt": "about"
        },
        {
          "si": 1,
          "sti": 22,
          "dti": 26,
          "sco": 126,
          "dco": 142,
          "txt": "north"
        },
        {
          "si": 1,
          "sti": 23,
          "dti": 27,
          "sco": 132,
          "dco": 148,
          "txt": "of"
        },
        {
          "si": 1,
          "sti": 24,
          "dti": 28,
          "sco": 135,
          "dco": 151,
          "txt": "Bertoua"
        },
        {
          "si": 1,
          "sti": 25,
          "dti": 29,
          "sco": 143,
          "dco": 159,
          "txt": "in"
        },
        {
          "si": 1,
          "sti": 26,
          "dti": 30,
          "sco": 146,
          "dco": 162,
          "txt": "the"
        },
        {
          "si": 1,
          "sti": 27,
          "dti": 31,
          "sco": 150,
          "dco": 166,
          "txt": "East"
        },
        {
          "si": 1,
          "sti": 28,
          "dti": 32,
          "sco": 155,
          "dco": 171,
          "txt": "Region"
        },
        {
          "si": 1,
          "sti": 29,
          "dti": 33,
          "sco": 162,
          "dco": 178,
          "txt": "of"
        },
        {
          "si": 1,
          "sti": 30,
          "dti": 34,
          "sco": 165,
          "dco": 181,
          "txt": "Cameroon"
        },
        {
          "si": 1,
          "sti": 31,
          "dti": 35,
          "sco": 173,
          "dco": 189,
          "txt": "."
        },
        {
          "si": 2,
          "sti": 0,
          "dti": 36,
          "sco": 0,
          "dco": 191,
          "txt": "It"
        },
        {
          "si": 2,
          "sti": 1,
          "dti": 37,
          "sco": 3,
          "dco": 194,
          "txt": "is"
        },
        {
          "si": 2,
          "sti": 2,
          "dti": 38,
          "sco": 6,
          "dco": 197,
          "txt": "located"
        },
        {
          "si": 2,
          "sti": 3,
          "dti": 39,
          "sco": 14,
          "dco": 205,
          "txt": "about"
        },
        {
          "si": 2,
          "sti": 4,
          "dti": 40,
          "sco": 20,
          "dco": 211,
          "txt": "downstream"
        },
        {
          "si": 2,
          "sti": 5,
          "dti": 41,
          "sco": 31,
          "dco": 222,
          "txt": "of"
        },
        {
          "si": 2,
          "sti": 6,
          "dti": 42,
          "sco": 34,
          "dco": 225,
          "txt": "the"
        },
        {
          "si": 2,
          "sti": 7,
          "dti": 43,
          "sco": 38,
          "dco": 229,
          "txt": "Lom"
        },
        {
          "si": 2,
          "sti": 8,
          "dti": 44,
          "sco": 42,
          "dco": 233,
          "txt": "River"
        },
        {
          "si": 2,
          "sti": 9,
          "dti": 45,
          "sco": 47,
          "dco": 238,
          "txt": "'"
        },
        {
          "si": 2,
          "sti": 10,
          "dti": 46,
          "sco": 48,
          "dco": 239,
          "txt": "s"
        },
        {
          "si": 2,
          "sti": 11,
          "dti": 47,
          "sco": 50,
          "dco": 241,
          "txt": "confluence"
        },
        {
          "si": 2,
          "sti": 12,
          "dti": 48,
          "sco": 61,
          "dco": 252,
          "txt": "with"
        },
        {
          "si": 2,
          "sti": 13,
          "dti": 49,
          "sco": 66,
          "dco": 257,
          "txt": "the"
        },
        {
          "si": 2,
          "sti": 14,
          "dti": 50,
          "sco": 70,
          "dco": 261,
          "txt": "Pangar"
        },
        {
          "si": 2,
          "sti": 15,
          "dti": 51,
          "sco": 77,
          "dco": 268,
          "txt": "River"
        },
        {
          "si": 2,
          "sti": 16,
          "dti": 52,
          "sco": 83,
          "dco": 274,
          "txt": "and"
        },
        {
          "si": 2,
          "sti": 17,
          "dti": 53,
          "sco": 87,
          "dco": 278,
          "txt": "about"
        },
        {
          "si": 2,
          "sti": 18,
          "dti": 54,
          "sco": 93,
          "dco": 284,
          "txt": "upstream"
        },
        {
          "si": 2,
          "sti": 19,
          "dti": 55,
          "sco": 102,
          "dco": 293,
          "txt": "of"
        },
        {
          "si": 2,
          "sti": 20,
          "dti": 56,
          "sco": 105,
          "dco": 296,
          "txt": "where"
        },
        {
          "si": 2,
          "sti": 21,
          "dti": 57,
          "sco": 111,
          "dco": 302,
          "txt": "the"
        },
        {
          "si": 2,
          "sti": 22,
          "dti": 58,
          "sco": 115,
          "dco": 306,
          "txt": "Lom"
        },
        {
          "si": 2,
          "sti": 23,
          "dti": 59,
          "sco": 119,
          "dco": 310,
          "txt": "joins"
        },
        {
          "si": 2,
          "sti": 24,
          "dti": 60,
          "sco": 125,
          "dco": 316,
          "txt": "the"
        },
        {
          "si": 2,
          "sti": 25,
          "dti": 61,
          "sco": 129,
          "dco": 320,
          "txt": "Sanaga"
        },
        {
          "si": 2,
          "sti": 26,
          "dti": 62,
          "sco": 136,
          "dco": 327,
          "txt": "River"
        },
        {
          "si": 2,
          "sti": 27,
          "dti": 63,
          "sco": 141,
          "dco": 332,
          "txt": "."
        },
        {
          "si": 3,
          "sti": 0,
          "dti": 64,
          "sco": 0,
          "dco": 334,
          "txt": "The"
        },
        {
          "si": 3,
          "sti": 1,
          "dti": 65,
          "sco": 4,
          "dco": 338,
          "txt": "purpose"
        },
        {
          "si": 3,
          "sti": 2,
          "dti": 66,
          "sco": 12,
          "dco": 346,
          "txt": "of"
        },
        {
          "si": 3,
          "sti": 3,
          "dti": 67,
          "sco": 15,
          "dco": 349,
          "txt": "the"
        },
        {
          "si": 3,
          "sti": 4,
          "dti": 68,
          "sco": 19,
          "dco": 353,
          "txt": "dam"
        },
        {
          "si": 3,
          "sti": 5,
          "dti": 69,
          "sco": 23,
          "dco": 357,
          "txt": "is"
        },
        {
          "si": 3,
          "sti": 6,
          "dti": 70,
          "sco": 26,
          "dco": 360,
          "txt": "to"
        },
        {
          "si": 3,
          "sti": 7,
          "dti": 71,
          "sco": 29,
          "dco": 363,
          "txt": "produce"
        },
        {
          "si": 3,
          "sti": 8,
          "dti": 72,
          "sco": 37,
          "dco": 371,
          "txt": "hydroelectric"
        },
        {
          "si": 3,
          "sti": 9,
          "dti": 73,
          "sco": 51,
          "dco": 385,
          "txt": "power"
        },
        {
          "si": 3,
          "sti": 10,
          "dti": 74,
          "sco": 57,
          "dco": 391,
          "txt": "and"
        },
        {
          "si": 3,
          "sti": 11,
          "dti": 75,
          "sco": 61,
          "dco": 395,
          "txt": "to"
        },
        {
          "si": 3,
          "sti": 12,
          "dti": 76,
          "sco": 64,
          "dco": 398,
          "txt": "regulate"
        },
        {
          "si": 3,
          "sti": 13,
          "dti": 77,
          "sco": 73,
          "dco": 407,
          "txt": "water"
        },
        {
          "si": 3,
          "sti": 14,
          "dti": 78,
          "sco": 79,
          "dco": 413,
          "txt": "flows"
        },
        {
          "si": 3,
          "sti": 15,
          "dti": 79,
          "sco": 85,
          "dco": 419,
          "txt": "along"
        },
        {
          "si": 3,
          "sti": 16,
          "dti": 80,
          "sco": 91,
          "dco": 425,
          "txt": "the"
        },
        {
          "si": 3,
          "sti": 17,
          "dti": 81,
          "sco": 95,
          "dco": 429,
          "txt": "Sanaga"
        },
        {
          "si": 3,
          "sti": 18,
          "dti": 82,
          "sco": 102,
          "dco": 436,
          "txt": "River"
        },
        {
          "si": 3,
          "sti": 19,
          "dti": 83,
          "sco": 107,
          "dco": 441,
          "txt": "."
        },
        {
          "si": 4,
          "sti": 0,
          "dti": 84,
          "sco": 0,
          "dco": 443,
          "txt": "It"
        },
        {
          "si": 4,
          "sti": 1,
          "dti": 85,
          "sco": 3,
          "dco": 446,
          "txt": "is"
        },
        {
          "si": 4,
          "sti": 2,
          "dti": 86,
          "sco": 6,
          "dco": 449,
          "txt": "potentially"
        },
        {
          "si": 4,
          "sti": 3,
          "dti": 87,
          "sco": 18,
          "dco": 461,
          "txt": "part"
        },
        {
          "si": 4,
          "sti": 4,
          "dti": 88,
          "sco": 23,
          "dco": 466,
          "txt": "of"
        },
        {
          "si": 4,
          "sti": 5,
          "dti": 89,
          "sco": 26,
          "dco": 469,
          "txt": "a"
        },
        {
          "si": 4,
          "sti": 6,
          "dti": 90,
          "sco": 28,
          "dco": 471,
          "txt": "larger"
        },
        {
          "si": 4,
          "sti": 7,
          "dti": 91,
          "sco": 35,
          "dco": 478,
          "txt": "dam"
        },
        {
          "si": 4,
          "sti": 8,
          "dti": 92,
          "sco": 39,
          "dco": 482,
          "txt": "cascade"
        },
        {
          "si": 4,
          "sti": 9,
          "dti": 93,
          "sco": 47,
          "dco": 490,
          "txt": "on"
        },
        {
          "si": 4,
          "sti": 10,
          "dti": 94,
          "sco": 50,
          "dco": 493,
          "txt": "the"
        },
        {
          "si": 4,
          "sti": 11,
          "dti": 95,
          "sco": 54,
          "dco": 497,
          "txt": "Sanaga"
        },
        {
          "si": 4,
          "sti": 12,
          "dti": 96,
          "sco": 60,
          "dco": 503,
          "txt": "."
        },
        {
          "si": 5,
          "sti": 0,
          "dti": 97,
          "sco": 0,
          "dco": 505,
          "txt": "Funding"
        },
        {
          "si": 5,
          "sti": 1,
          "dti": 98,
          "sco": 8,
          "dco": 513,
          "txt": "and"
        },
        {
          "si": 5,
          "sti": 2,
          "dti": 99,
          "sco": 12,
          "dco": 517,
          "txt": "development"
        },
        {
          "si": 5,
          "sti": 3,
          "dti": 100,
          "sco": 23,
          "dco": 528,
          "txt": "."
        },
        {
          "si": 6,
          "sti": 0,
          "dti": 101,
          "sco": 0,
          "dco": 530,
          "txt": "The"
        },
        {
          "si": 6,
          "sti": 1,
          "dti": 102,
          "sco": 4,
          "dco": 534,
          "txt": "African"
        },
        {
          "si": 6,
          "sti": 2,
          "dti": 103,
          "sco": 12,
          "dco": 542,
          "txt": "Development"
        },
        {
          "si": 6,
          "sti": 3,
          "dti": 104,
          "sco": 24,
          "dco": 554,
          "txt": "Bank"
        },
        {
          "si": 6,
          "sti": 4,
          "dti": 105,
          "sco": 29,
          "dco": 559,
          "txt": "issued"
        },
        {
          "si": 6,
          "sti": 5,
          "dti": 106,
          "sco": 36,
          "dco": 566,
          "txt": "a"
        },
        {
          "si": 6,
          "sti": 6,
          "dti": 107,
          "sco": 38,
          "dco": 568,
          "txt": "US"
        },
        {
          "si": 6,
          "sti": 7,
          "dti": 108,
          "sco": 40,
          "dco": 570,
          "txt": "$"
        },
        {
          "si": 6,
          "sti": 8,
          "dti": 109,
          "sco": 41,
          "dco": 571,
          "txt": "71"
        },
        {
          "si": 6,
          "sti": 9,
          "dti": 110,
          "sco": 43,
          "dco": 573,
          "txt": "."
        },
        {
          "si": 6,
          "sti": 10,
          "dti": 111,
          "sco": 44,
          "dco": 574,
          "txt": "1"
        },
        {
          "si": 6,
          "sti": 11,
          "dti": 112,
          "sco": 46,
          "dco": 576,
          "txt": "million"
        },
        {
          "si": 6,
          "sti": 12,
          "dti": 113,
          "sco": 54,
          "dco": 584,
          "txt": "loan"
        },
        {
          "si": 6,
          "sti": 13,
          "dti": 114,
          "sco": 59,
          "dco": 589,
          "txt": "for"
        },
        {
          "si": 6,
          "sti": 14,
          "dti": 115,
          "sco": 63,
          "dco": 593,
          "txt": "the"
        },
        {
          "si": 6,
          "sti": 15,
          "dti": 116,
          "sco": 67,
          "dco": 597,
          "txt": "project"
        },
        {
          "si": 6,
          "sti": 16,
          "dti": 117,
          "sco": 75,
          "dco": 605,
          "txt": "in"
        },
        {
          "si": 6,
          "sti": 17,
          "dti": 118,
          "sco": 78,
          "dco": 608,
          "txt": "November"
        },
        {
          "si": 6,
          "sti": 18,
          "dti": 119,
          "sco": 87,
          "dco": 617,
          "txt": "2011"
        },
        {
          "si": 6,
          "sti": 19,
          "dti": 120,
          "sco": 91,
          "dco": 621,
          "txt": "."
        },
        {
          "si": 7,
          "sti": 0,
          "dti": 121,
          "sco": 0,
          "dco": 623,
          "txt": "The"
        },
        {
          "si": 7,
          "sti": 1,
          "dti": 122,
          "sco": 4,
          "dco": 627,
          "txt": "World"
        },
        {
          "si": 7,
          "sti": 2,
          "dti": 123,
          "sco": 10,
          "dco": 633,
          "txt": "Bank"
        },
        {
          "si": 7,
          "sti": 3,
          "dti": 124,
          "sco": 15,
          "dco": 638,
          "txt": "also"
        },
        {
          "si": 7,
          "sti": 4,
          "dti": 125,
          "sco": 20,
          "dco": 643,
          "txt": "approved"
        },
        {
          "si": 7,
          "sti": 5,
          "dti": 126,
          "sco": 29,
          "dco": 652,
          "txt": "a"
        },
        {
          "si": 7,
          "sti": 6,
          "dti": 127,
          "sco": 31,
          "dco": 654,
          "txt": "US"
        },
        {
          "si": 7,
          "sti": 7,
          "dti": 128,
          "sco": 33,
          "dco": 656,
          "txt": "$"
        },
        {
          "si": 7,
          "sti": 8,
          "dti": 129,
          "sco": 34,
          "dco": 657,
          "txt": "132"
        },
        {
          "si": 7,
          "sti": 9,
          "dti": 130,
          "sco": 38,
          "dco": 661,
          "txt": "million"
        },
        {
          "si": 7,
          "sti": 10,
          "dti": 131,
          "sco": 46,
          "dco": 669,
          "txt": "loan"
        },
        {
          "si": 7,
          "sti": 11,
          "dti": 132,
          "sco": 51,
          "dco": 674,
          "txt": "March"
        },
        {
          "si": 7,
          "sti": 12,
          "dti": 133,
          "sco": 57,
          "dco": 680,
          "txt": "2012"
        },
        {
          "si": 7,
          "sti": 13,
          "dti": 134,
          "sco": 62,
          "dco": 685,
          "txt": "and"
        },
        {
          "si": 7,
          "sti": 14,
          "dti": 135,
          "sco": 66,
          "dco": 689,
          "txt": "the"
        },
        {
          "si": 7,
          "sti": 15,
          "dti": 136,
          "sco": 70,
          "dco": 693,
          "txt": "President"
        },
        {
          "si": 7,
          "sti": 16,
          "dti": 137,
          "sco": 80,
          "dco": 703,
          "txt": "of"
        },
        {
          "si": 7,
          "sti": 17,
          "dti": 138,
          "sco": 83,
          "dco": 706,
          "txt": "Cameroon"
        },
        {
          "si": 7,
          "sti": 18,
          "dti": 139,
          "sco": 91,
          "dco": 714,
          "txt": ","
        },
        {
          "si": 7,
          "sti": 19,
          "dti": 140,
          "sco": 93,
          "dco": 716,
          "txt": "Paul"
        },
        {
          "si": 7,
          "sti": 20,
          "dti": 141,
          "sco": 98,
          "dco": 721,
          "txt": "Biya"
        },
        {
          "si": 7,
          "sti": 21,
          "dti": 142,
          "sco": 102,
          "dco": 725,
          "txt": ","
        },
        {
          "si": 7,
          "sti": 22,
          "dti": 143,
          "sco": 104,
          "dco": 727,
          "txt": "laid"
        },
        {
          "si": 7,
          "sti": 23,
          "dti": 144,
          "sco": 109,
          "dco": 732,
          "txt": "the"
        },
        {
          "si": 7,
          "sti": 24,
          "dti": 145,
          "sco": 113,
          "dco": 736,
          "txt": "foundation"
        },
        {
          "si": 7,
          "sti": 25,
          "dti": 146,
          "sco": 124,
          "dco": 747,
          "txt": "stone"
        },
        {
          "si": 7,
          "sti": 26,
          "dti": 147,
          "sco": 130,
          "dco": 753,
          "txt": "for"
        },
        {
          "si": 7,
          "sti": 27,
          "dti": 148,
          "sco": 134,
          "dco": 757,
          "txt": "the"
        },
        {
          "si": 7,
          "sti": 28,
          "dti": 149,
          "sco": 138,
          "dco": 761,
          "txt": "dam"
        },
        {
          "si": 7,
          "sti": 29,
          "dti": 150,
          "sco": 142,
          "dco": 765,
          "txt": "on"
        },
        {
          "si": 7,
          "sti": 30,
          "dti": 151,
          "sco": 145,
          "dco": 768,
          "txt": "3"
        },
        {
          "si": 7,
          "sti": 31,
          "dti": 152,
          "sco": 147,
          "dco": 770,
          "txt": "August"
        },
        {
          "si": 7,
          "sti": 32,
          "dti": 153,
          "sco": 154,
          "dco": 777,
          "txt": "2012"
        },
        {
          "si": 7,
          "sti": 33,
          "dti": 154,
          "sco": 158,
          "dco": 781,
          "txt": "."
        },
        {
          "si": 8,
          "sti": 0,
          "dti": 155,
          "sco": 0,
          "dco": 783,
          "txt": "The"
        },
        {
          "si": 8,
          "sti": 1,
          "dti": 156,
          "sco": 4,
          "dco": 787,
          "txt": "European"
        },
        {
          "si": 8,
          "sti": 2,
          "dti": 157,
          "sco": 13,
          "dco": 796,
          "txt": "Investment"
        },
        {
          "si": 8,
          "sti": 3,
          "dti": 158,
          "sco": 24,
          "dco": 807,
          "txt": "Bank"
        },
        {
          "si": 8,
          "sti": 4,
          "dti": 159,
          "sco": 29,
          "dco": 812,
          "txt": "approved"
        },
        {
          "si": 8,
          "sti": 5,
          "dti": 160,
          "sco": 38,
          "dco": 821,
          "txt": "a"
        },
        {
          "si": 8,
          "sti": 6,
          "dti": 161,
          "sco": 40,
          "dco": 823,
          "txt": "US"
        },
        {
          "si": 8,
          "sti": 7,
          "dti": 162,
          "sco": 42,
          "dco": 825,
          "txt": "$"
        },
        {
          "si": 8,
          "sti": 8,
          "dti": 163,
          "sco": 43,
          "dco": 826,
          "txt": "39"
        },
        {
          "si": 8,
          "sti": 9,
          "dti": 164,
          "sco": 46,
          "dco": 829,
          "txt": "million"
        },
        {
          "si": 8,
          "sti": 10,
          "dti": 165,
          "sco": 54,
          "dco": 837,
          "txt": "loan"
        },
        {
          "si": 8,
          "sti": 11,
          "dti": 166,
          "sco": 59,
          "dco": 842,
          "txt": "in"
        },
        {
          "si": 8,
          "sti": 12,
          "dti": 167,
          "sco": 62,
          "dco": 845,
          "txt": "October"
        },
        {
          "si": 8,
          "sti": 13,
          "dti": 168,
          "sco": 70,
          "dco": 853,
          "txt": "of"
        },
        {
          "si": 8,
          "sti": 14,
          "dti": 169,
          "sco": 73,
          "dco": 856,
          "txt": "the"
        },
        {
          "si": 8,
          "sti": 15,
          "dti": 170,
          "sco": 77,
          "dco": 860,
          "txt": "same"
        },
        {
          "si": 8,
          "sti": 16,
          "dti": 171,
          "sco": 82,
          "dco": 865,
          "txt": "year"
        },
        {
          "si": 8,
          "sti": 17,
          "dti": 172,
          "sco": 86,
          "dco": 869,
          "txt": "."
        },
        {
          "si": 9,
          "sti": 0,
          "dti": 173,
          "sco": 0,
          "dco": 871,
          "txt": "China"
        },
        {
          "si": 9,
          "sti": 1,
          "dti": 174,
          "sco": 6,
          "dco": 877,
          "txt": "International"
        },
        {
          "si": 9,
          "sti": 2,
          "dti": 175,
          "sco": 20,
          "dco": 891,
          "txt": "Water"
        },
        {
          "si": 9,
          "sti": 3,
          "dti": 176,
          "sco": 26,
          "dco": 897,
          "txt": "&"
        },
        {
          "si": 9,
          "sti": 4,
          "dti": 177,
          "sco": 28,
          "dco": 899,
          "txt": "Electric"
        },
        {
          "si": 9,
          "sti": 5,
          "dti": 178,
          "sco": 37,
          "dco": 908,
          "txt": "Corporation"
        },
        {
          "si": 9,
          "sti": 6,
          "dti": 179,
          "sco": 49,
          "dco": 920,
          "txt": "is"
        },
        {
          "si": 9,
          "sti": 7,
          "dti": 180,
          "sco": 52,
          "dco": 923,
          "txt": "constructing"
        },
        {
          "si": 9,
          "sti": 8,
          "dti": 181,
          "sco": 65,
          "dco": 936,
          "txt": "the"
        },
        {
          "si": 9,
          "sti": 9,
          "dti": 182,
          "sco": 69,
          "dco": 940,
          "txt": "dam"
        },
        {
          "si": 9,
          "sti": 10,
          "dti": 183,
          "sco": 73,
          "dco": 944,
          "txt": "and"
        },
        {
          "si": 9,
          "sti": 11,
          "dti": 184,
          "sco": 77,
          "dco": 948,
          "txt": "power"
        },
        {
          "si": 9,
          "sti": 12,
          "dti": 185,
          "sco": 83,
          "dco": 954,
          "txt": "plant"
        },
        {
          "si": 9,
          "sti": 13,
          "dti": 186,
          "sco": 88,
          "dco": 959,
          "txt": "."
        },
        {
          "si": 10,
          "sti": 0,
          "dti": 187,
          "sco": 0,
          "dco": 961,
          "txt": "A"
        },
        {
          "si": 10,
          "sti": 1,
          "dti": 188,
          "sco": 2,
          "dco": 963,
          "txt": "coffer"
        },
        {
          "si": 10,
          "sti": 2,
          "dti": 189,
          "sco": 9,
          "dco": 970,
          "txt": "dam"
        },
        {
          "si": 10,
          "sti": 3,
          "dti": 190,
          "sco": 13,
          "dco": 974,
          "txt": "to"
        },
        {
          "si": 10,
          "sti": 4,
          "dti": 191,
          "sco": 16,
          "dco": 977,
          "txt": "divert"
        },
        {
          "si": 10,
          "sti": 5,
          "dti": 192,
          "sco": 23,
          "dco": 984,
          "txt": "the"
        },
        {
          "si": 10,
          "sti": 6,
          "dti": 193,
          "sco": 27,
          "dco": 988,
          "txt": "river"
        },
        {
          "si": 10,
          "sti": 7,
          "dti": 194,
          "sco": 33,
          "dco": 994,
          "txt": "around"
        },
        {
          "si": 10,
          "sti": 8,
          "dti": 195,
          "sco": 40,
          "dco": 1001,
          "txt": "the"
        },
        {
          "si": 10,
          "sti": 9,
          "dti": 196,
          "sco": 44,
          "dco": 1005,
          "txt": "dam"
        },
        {
          "si": 10,
          "sti": 10,
          "dti": 197,
          "sco": 48,
          "dco": 1009,
          "txt": "foundation"
        },
        {
          "si": 10,
          "sti": 11,
          "dti": 198,
          "sco": 59,
          "dco": 1020,
          "txt": "was"
        },
        {
          "si": 10,
          "sti": 12,
          "dti": 199,
          "sco": 63,
          "dco": 1024,
          "txt": "completed"
        },
        {
          "si": 10,
          "sti": 13,
          "dti": 200,
          "sco": 73,
          "dco": 1034,
          "txt": "in"
        },
        {
          "si": 10,
          "sti": 14,
          "dti": 201,
          "sco": 76,
          "dco": 1037,
          "txt": "July"
        },
        {
          "si": 10,
          "sti": 15,
          "dti": 202,
          "sco": 81,
          "dco": 1042,
          "txt": "2013"
        },
        {
          "si": 10,
          "sti": 16,
          "dti": 203,
          "sco": 85,
          "dco": 1046,
          "txt": "."
        },
        {
          "si": 11,
          "sti": 0,
          "dti": 204,
          "sco": 0,
          "dco": 1048,
          "txt": "The"
        },
        {
          "si": 11,
          "sti": 1,
          "dti": 205,
          "sco": 4,
          "dco": 1052,
          "txt": "project"
        },
        {
          "si": 11,
          "sti": 2,
          "dti": 206,
          "sco": 12,
          "dco": 1060,
          "txt": "is"
        },
        {
          "si": 11,
          "sti": 3,
          "dti": 207,
          "sco": 15,
          "dco": 1063,
          "txt": "expected"
        },
        {
          "si": 11,
          "sti": 4,
          "dti": 208,
          "sco": 24,
          "dco": 1072,
          "txt": "to"
        },
        {
          "si": 11,
          "sti": 5,
          "dti": 209,
          "sco": 27,
          "dco": 1075,
          "txt": "be"
        },
        {
          "si": 11,
          "sti": 6,
          "dti": 210,
          "sco": 30,
          "dco": 1078,
          "txt": "complete"
        },
        {
          "si": 11,
          "sti": 7,
          "dti": 211,
          "sco": 39,
          "dco": 1087,
          "txt": "in"
        },
        {
          "si": 11,
          "sti": 8,
          "dti": 212,
          "sco": 42,
          "dco": 1090,
          "txt": "March"
        },
        {
          "si": 11,
          "sti": 9,
          "dti": 213,
          "sco": 48,
          "dco": 1096,
          "txt": "2016"
        },
        {
          "si": 11,
          "sti": 10,
          "dti": 214,
          "sco": 52,
          "dco": 1100,
          "txt": "."
        }
      ]
    },
    "ganns": {
      "dla": [],
      "la": [],
      "ea": [],
      "eta": [
        {
          "ra": {
            "ea": {
              "etn": "Lom_Pangar_Dam"
            }
          },
          "sfs": [
            [
              {
                "stn": "status"
              },
              {}
            ]
          ],
          "mfs": [
            [
              {
                "stn": "rivers"
              },
              {
                "dla": [],
                "la": [],
                "ea": [
                  {
                    "etn": "Lom_River_(Cameroon)"
                  }
                ],
                "eta": []
              }
            ],
            [
              {
                "stn": "locations"
              },
              {
                "dla": [],
                "la": [],
                "ea": [
                  {
                    "etn": "Bertoua"
                  }
                ],
                "eta": []
              }
            ],
            [
              {
                "stn": "openingYears"
              },
              {
                "dla": [
                  {
                    "txt": {
                      "sff": "2016"
                    },
                    "et": {
                      "etn": "Year"
                    },
                    "dp": {
                      "off": 1096
                    }
                  }
                ],
                "la": [],
                "ea": [],
                "eta": []
              }
            ],
            [
              {
                "stn": "buildingStartYears"
              },
              {
                "dla": [
                  {
                    "txt": {
                      "sff": "2012"
                    },
                    "et": {
                      "etn": "Year"
                    },
                    "dp": {
                      "off": 680
                    }
                  }
                ],
                "la": [],
                "ea": [],
                "eta": []
              }
            ],
            [
              {
                "stn": "countries"
              },
              {
                "dla": [],
                "la": [],
                "ea": [
                  {
                    "etn": "Cameroon"
                  }
                ],
                "eta": []
              }
            ]
          ]
        }
      ]
    }
  }
]
