[
  {
    "context": "TEST",
    "doc": {
      "id": "Loskop_Dam",
      "tl": [
        {
          "si": 0,
          "sti": 0,
          "dti": 0,
          "sco": 0,
          "dco": 0,
          "txt": "Loskop"
        },
        {
          "si": 0,
          "sti": 1,
          "dti": 1,
          "sco": 7,
          "dco": 7,
          "txt": "Dam"
        },
        {
          "si": 0,
          "sti": 2,
          "dti": 2,
          "sco": 10,
          "dco": 10,
          "txt": "."
        },
        {
          "si": 1,
          "sti": 0,
          "dti": 3,
          "sco": 0,
          "dco": 12,
          "txt": "Loskop"
        },
        {
          "si": 1,
          "sti": 1,
          "dti": 4,
          "sco": 7,
          "dco": 19,
          "txt": "Dam"
        },
        {
          "si": 1,
          "sti": 2,
          "dti": 5,
          "sco": 11,
          "dco": 23,
          "txt": "is"
        },
        {
          "si": 1,
          "sti": 3,
          "dti": 6,
          "sco": 14,
          "dco": 26,
          "txt": "a"
        },
        {
          "si": 1,
          "sti": 4,
          "dti": 7,
          "sco": 16,
          "dco": 28,
          "txt": "combined"
        },
        {
          "si": 1,
          "sti": 5,
          "dti": 8,
          "sco": 25,
          "dco": 37,
          "txt": "gravity"
        },
        {
          "si": 1,
          "sti": 6,
          "dti": 9,
          "sco": 33,
          "dco": 45,
          "txt": "&"
        },
        {
          "si": 1,
          "sti": 7,
          "dti": 10,
          "sco": 35,
          "dco": 47,
          "txt": "arch"
        },
        {
          "si": 1,
          "sti": 8,
          "dti": 11,
          "sco": 40,
          "dco": 52,
          "txt": "type"
        },
        {
          "si": 1,
          "sti": 9,
          "dti": 12,
          "sco": 45,
          "dco": 57,
          "txt": "dam"
        },
        {
          "si": 1,
          "sti": 10,
          "dti": 13,
          "sco": 49,
          "dco": 61,
          "txt": "located"
        },
        {
          "si": 1,
          "sti": 11,
          "dti": 14,
          "sco": 57,
          "dco": 69,
          "txt": "on"
        },
        {
          "si": 1,
          "sti": 12,
          "dti": 15,
          "sco": 60,
          "dco": 72,
          "txt": "the"
        },
        {
          "si": 1,
          "sti": 13,
          "dti": 16,
          "sco": 64,
          "dco": 76,
          "txt": "Olifants"
        },
        {
          "si": 1,
          "sti": 14,
          "dti": 17,
          "sco": 73,
          "dco": 85,
          "txt": "River"
        },
        {
          "si": 1,
          "sti": 15,
          "dti": 18,
          "sco": 78,
          "dco": 90,
          "txt": ","
        },
        {
          "si": 1,
          "sti": 16,
          "dti": 19,
          "sco": 80,
          "dco": 92,
          "txt": "near"
        },
        {
          "si": 1,
          "sti": 17,
          "dti": 20,
          "sco": 85,
          "dco": 97,
          "txt": "Groblersdal"
        },
        {
          "si": 1,
          "sti": 18,
          "dti": 21,
          "sco": 96,
          "dco": 108,
          "txt": ","
        },
        {
          "si": 1,
          "sti": 19,
          "dti": 22,
          "sco": 98,
          "dco": 110,
          "txt": "Mpumalanga"
        },
        {
          "si": 1,
          "sti": 20,
          "dti": 23,
          "sco": 108,
          "dco": 120,
          "txt": ","
        },
        {
          "si": 1,
          "sti": 21,
          "dti": 24,
          "sco": 110,
          "dco": 122,
          "txt": "South"
        },
        {
          "si": 1,
          "sti": 22,
          "dti": 25,
          "sco": 116,
          "dco": 128,
          "txt": "Africa"
        },
        {
          "si": 1,
          "sti": 23,
          "dti": 26,
          "sco": 122,
          "dco": 134,
          "txt": "."
        },
        {
          "si": 2,
          "sti": 0,
          "dti": 27,
          "sco": 0,
          "dco": 136,
          "txt": "It"
        },
        {
          "si": 2,
          "sti": 1,
          "dti": 28,
          "sco": 3,
          "dco": 139,
          "txt": "was"
        },
        {
          "si": 2,
          "sti": 2,
          "dti": 29,
          "sco": 7,
          "dco": 143,
          "txt": "established"
        },
        {
          "si": 2,
          "sti": 3,
          "dti": 30,
          "sco": 19,
          "dco": 155,
          "txt": "in"
        },
        {
          "si": 2,
          "sti": 4,
          "dti": 31,
          "sco": 22,
          "dco": 158,
          "txt": "1939"
        },
        {
          "si": 2,
          "sti": 5,
          "dti": 32,
          "sco": 27,
          "dco": 163,
          "txt": "and"
        },
        {
          "si": 2,
          "sti": 6,
          "dti": 33,
          "sco": 31,
          "dco": 167,
          "txt": "has"
        },
        {
          "si": 2,
          "sti": 7,
          "dti": 34,
          "sco": 35,
          "dco": 171,
          "txt": "been"
        },
        {
          "si": 2,
          "sti": 8,
          "dti": 35,
          "sco": 40,
          "dco": 176,
          "txt": "renovated"
        },
        {
          "si": 2,
          "sti": 9,
          "dti": 36,
          "sco": 50,
          "dco": 186,
          "txt": "in"
        },
        {
          "si": 2,
          "sti": 10,
          "dti": 37,
          "sco": 53,
          "dco": 189,
          "txt": "1979"
        },
        {
          "si": 2,
          "sti": 11,
          "dti": 38,
          "sco": 57,
          "dco": 193,
          "txt": "."
        },
        {
          "si": 3,
          "sti": 0,
          "dti": 39,
          "sco": 0,
          "dco": 195,
          "txt": "The"
        },
        {
          "si": 3,
          "sti": 1,
          "dti": 40,
          "sco": 4,
          "dco": 199,
          "txt": "dam"
        },
        {
          "si": 3,
          "sti": 2,
          "dti": 41,
          "sco": 8,
          "dco": 203,
          "txt": "is"
        },
        {
          "si": 3,
          "sti": 3,
          "dti": 42,
          "sco": 11,
          "dco": 206,
          "txt": "situated"
        },
        {
          "si": 3,
          "sti": 4,
          "dti": 43,
          "sco": 20,
          "dco": 215,
          "txt": "in"
        },
        {
          "si": 3,
          "sti": 5,
          "dti": 44,
          "sco": 23,
          "dco": 218,
          "txt": "the"
        },
        {
          "si": 3,
          "sti": 6,
          "dti": 45,
          "sco": 27,
          "dco": 222,
          "txt": "Loskop"
        },
        {
          "si": 3,
          "sti": 7,
          "dti": 46,
          "sco": 34,
          "dco": 229,
          "txt": "Dam"
        },
        {
          "si": 3,
          "sti": 8,
          "dti": 47,
          "sco": 38,
          "dco": 233,
          "txt": "Nature"
        },
        {
          "si": 3,
          "sti": 9,
          "dti": 48,
          "sco": 45,
          "dco": 240,
          "txt": "Reserve"
        },
        {
          "si": 3,
          "sti": 10,
          "dti": 49,
          "sco": 53,
          "dco": 248,
          "txt": "and"
        },
        {
          "si": 3,
          "sti": 11,
          "dti": 50,
          "sco": 57,
          "dco": 252,
          "txt": "it"
        },
        {
          "si": 3,
          "sti": 12,
          "dti": 51,
          "sco": 60,
          "dco": 255,
          "txt": "serves"
        },
        {
          "si": 3,
          "sti": 13,
          "dti": 52,
          "sco": 67,
          "dco": 262,
          "txt": "mainly"
        },
        {
          "si": 3,
          "sti": 14,
          "dti": 53,
          "sco": 74,
          "dco": 269,
          "txt": "for"
        },
        {
          "si": 3,
          "sti": 15,
          "dti": 54,
          "sco": 78,
          "dco": 273,
          "txt": "irrigation"
        },
        {
          "si": 3,
          "sti": 16,
          "dti": 55,
          "sco": 89,
          "dco": 284,
          "txt": "purposes"
        },
        {
          "si": 3,
          "sti": 17,
          "dti": 56,
          "sco": 97,
          "dco": 292,
          "txt": "."
        },
        {
          "si": 4,
          "sti": 0,
          "dti": 57,
          "sco": 0,
          "dco": 294,
          "txt": "The"
        },
        {
          "si": 4,
          "sti": 1,
          "dti": 58,
          "sco": 4,
          "dco": 298,
          "txt": "hazard"
        },
        {
          "si": 4,
          "sti": 2,
          "dti": 59,
          "sco": 11,
          "dco": 305,
          "txt": "potential"
        },
        {
          "si": 4,
          "sti": 3,
          "dti": 60,
          "sco": 21,
          "dco": 315,
          "txt": "of"
        },
        {
          "si": 4,
          "sti": 4,
          "dti": 61,
          "sco": 24,
          "dco": 318,
          "txt": "the"
        },
        {
          "si": 4,
          "sti": 5,
          "dti": 62,
          "sco": 28,
          "dco": 322,
          "txt": "dam"
        },
        {
          "si": 4,
          "sti": 6,
          "dti": 63,
          "sco": 32,
          "dco": 326,
          "txt": "has"
        },
        {
          "si": 4,
          "sti": 7,
          "dti": 64,
          "sco": 36,
          "dco": 330,
          "txt": "been"
        },
        {
          "si": 4,
          "sti": 8,
          "dti": 65,
          "sco": 41,
          "dco": 335,
          "txt": "ranked"
        },
        {
          "si": 4,
          "sti": 9,
          "dti": 66,
          "sco": 48,
          "dco": 342,
          "txt": "high"
        },
        {
          "si": 4,
          "sti": 10,
          "dti": 67,
          "sco": 53,
          "dco": 347,
          "txt": "("
        },
        {
          "si": 4,
          "sti": 11,
          "dti": 68,
          "sco": 54,
          "dco": 348,
          "txt": "3"
        },
        {
          "si": 4,
          "sti": 12,
          "dti": 69,
          "sco": 55,
          "dco": 349,
          "txt": ")"
        },
        {
          "si": 4,
          "sti": 13,
          "dti": 70,
          "sco": 56,
          "dco": 350,
          "txt": "."
        }
      ]
    },
    "ganns": {
      "dla": [],
      "la": [],
      "ea": [],
      "eta": [
        {
          "ra": {
            "ea": {
              "etn": "Loskop_Dam"
            }
          },
          "sfs": [
            [
              {
                "stn": "status"
              },
              {}
            ]
          ],
          "mfs": [
            [
              {
                "stn": "rivers"
              },
              {
                "dla": [],
                "la": [],
                "ea": [
                  {
                    "etn": "Olifants_River_(Limpopo)"
                  }
                ],
                "eta": []
              }
            ],
            [
              {
                "stn": "locations"
              },
              {
                "dla": [],
                "la": [],
                "ea": [
                  {
                    "etn": "Mpumalanga"
                  }
                ],
                "eta": []
              }
            ],
            [
              {
                "stn": "openingYears"
              },
              {
                "dla": [
                  {
                    "txt": {
                      "sff": "1939"
                    },
                    "et": {
                      "etn": "Year"
                    },
                    "dp": {
                      "off": 158
                    }
                  }
                ],
                "la": [],
                "ea": [],
                "eta": []
              }
            ],
            [
              {
                "stn": "buildingStartYears"
              },
              {
                "dla": [],
                "la": [],
                "ea": [],
                "eta": []
              }
            ],
            [
              {
                "stn": "countries"
              },
              {
                "dla": [],
                "la": [],
                "ea": [
                  {
                    "etn": "South_Africa"
                  }
                ],
                "eta": []
              }
            ]
          ]
        }
      ]
    }
  }
]
