[
  {
    "context": "TRAIN",
    "doc": {
      "id": "Lostock_Dam",
      "tl": [
        {
          "si": 0,
          "sti": 0,
          "dti": 0,
          "sco": 0,
          "dco": 0,
          "txt": "Lostock"
        },
        {
          "si": 0,
          "sti": 1,
          "dti": 1,
          "sco": 8,
          "dco": 8,
          "txt": "Dam"
        },
        {
          "si": 0,
          "sti": 2,
          "dti": 2,
          "sco": 11,
          "dco": 11,
          "txt": "."
        },
        {
          "si": 1,
          "sti": 0,
          "dti": 3,
          "sco": 0,
          "dco": 13,
          "txt": "Lostock"
        },
        {
          "si": 1,
          "sti": 1,
          "dti": 4,
          "sco": 8,
          "dco": 21,
          "txt": "Dam"
        },
        {
          "si": 1,
          "sti": 2,
          "dti": 5,
          "sco": 12,
          "dco": 25,
          "txt": "is"
        },
        {
          "si": 1,
          "sti": 3,
          "dti": 6,
          "sco": 15,
          "dco": 28,
          "txt": "a"
        },
        {
          "si": 1,
          "sti": 4,
          "dti": 7,
          "sco": 17,
          "dco": 30,
          "txt": "minor"
        },
        {
          "si": 1,
          "sti": 5,
          "dti": 8,
          "sco": 23,
          "dco": 36,
          "txt": "rockfill"
        },
        {
          "si": 1,
          "sti": 6,
          "dti": 9,
          "sco": 32,
          "dco": 45,
          "txt": "and"
        },
        {
          "si": 1,
          "sti": 7,
          "dti": 10,
          "sco": 36,
          "dco": 49,
          "txt": "clay"
        },
        {
          "si": 1,
          "sti": 8,
          "dti": 11,
          "sco": 41,
          "dco": 54,
          "txt": "core"
        },
        {
          "si": 1,
          "sti": 9,
          "dti": 12,
          "sco": 46,
          "dco": 59,
          "txt": "embankment"
        },
        {
          "si": 1,
          "sti": 10,
          "dti": 13,
          "sco": 57,
          "dco": 70,
          "txt": "dam"
        },
        {
          "si": 1,
          "sti": 11,
          "dti": 14,
          "sco": 61,
          "dco": 74,
          "txt": "with"
        },
        {
          "si": 1,
          "sti": 12,
          "dti": 15,
          "sco": 66,
          "dco": 79,
          "txt": "a"
        },
        {
          "si": 1,
          "sti": 13,
          "dti": 16,
          "sco": 68,
          "dco": 81,
          "txt": "concrete"
        },
        {
          "si": 1,
          "sti": 14,
          "dti": 17,
          "sco": 77,
          "dco": 90,
          "txt": "lined"
        },
        {
          "si": 1,
          "sti": 15,
          "dti": 18,
          "sco": 82,
          "dco": 95,
          "txt": ","
        },
        {
          "si": 1,
          "sti": 16,
          "dti": 19,
          "sco": 84,
          "dco": 97,
          "txt": "flip"
        },
        {
          "si": 1,
          "sti": 17,
          "dti": 20,
          "sco": 89,
          "dco": 102,
          "txt": "bucket"
        },
        {
          "si": 1,
          "sti": 18,
          "dti": 21,
          "sco": 96,
          "dco": 109,
          "txt": "spillway"
        },
        {
          "si": 1,
          "sti": 19,
          "dti": 22,
          "sco": 105,
          "dco": 118,
          "txt": "across"
        },
        {
          "si": 1,
          "sti": 20,
          "dti": 23,
          "sco": 112,
          "dco": 125,
          "txt": "the"
        },
        {
          "si": 1,
          "sti": 21,
          "dti": 24,
          "sco": 116,
          "dco": 129,
          "txt": "Paterson"
        },
        {
          "si": 1,
          "sti": 22,
          "dti": 25,
          "sco": 125,
          "dco": 138,
          "txt": "River"
        },
        {
          "si": 1,
          "sti": 23,
          "dti": 26,
          "sco": 131,
          "dco": 144,
          "txt": "upstream"
        },
        {
          "si": 1,
          "sti": 24,
          "dti": 27,
          "sco": 140,
          "dco": 153,
          "txt": "of"
        },
        {
          "si": 1,
          "sti": 25,
          "dti": 28,
          "sco": 143,
          "dco": 156,
          "txt": "the"
        },
        {
          "si": 1,
          "sti": 26,
          "dti": 29,
          "sco": 147,
          "dco": 160,
          "txt": "village"
        },
        {
          "si": 1,
          "sti": 27,
          "dti": 30,
          "sco": 155,
          "dco": 168,
          "txt": "of"
        },
        {
          "si": 1,
          "sti": 28,
          "dti": 31,
          "sco": 158,
          "dco": 171,
          "txt": "East"
        },
        {
          "si": 1,
          "sti": 29,
          "dti": 32,
          "sco": 163,
          "dco": 176,
          "txt": "Gresford"
        },
        {
          "si": 1,
          "sti": 30,
          "dti": 33,
          "sco": 172,
          "dco": 185,
          "txt": "in"
        },
        {
          "si": 1,
          "sti": 31,
          "dti": 34,
          "sco": 175,
          "dco": 188,
          "txt": "the"
        },
        {
          "si": 1,
          "sti": 32,
          "dti": 35,
          "sco": 179,
          "dco": 192,
          "txt": "Hunter"
        },
        {
          "si": 1,
          "sti": 33,
          "dti": 36,
          "sco": 186,
          "dco": 199,
          "txt": "region"
        },
        {
          "si": 1,
          "sti": 34,
          "dti": 37,
          "sco": 193,
          "dco": 206,
          "txt": "of"
        },
        {
          "si": 1,
          "sti": 35,
          "dti": 38,
          "sco": 196,
          "dco": 209,
          "txt": "New"
        },
        {
          "si": 1,
          "sti": 36,
          "dti": 39,
          "sco": 200,
          "dco": 213,
          "txt": "South"
        },
        {
          "si": 1,
          "sti": 37,
          "dti": 40,
          "sco": 206,
          "dco": 219,
          "txt": "Wales"
        },
        {
          "si": 1,
          "sti": 38,
          "dti": 41,
          "sco": 211,
          "dco": 224,
          "txt": ","
        },
        {
          "si": 1,
          "sti": 39,
          "dti": 42,
          "sco": 213,
          "dco": 226,
          "txt": "Australia"
        },
        {
          "si": 1,
          "sti": 40,
          "dti": 43,
          "sco": 222,
          "dco": 235,
          "txt": "."
        },
        {
          "si": 2,
          "sti": 0,
          "dti": 44,
          "sco": 0,
          "dco": 237,
          "txt": "The"
        },
        {
          "si": 2,
          "sti": 1,
          "dti": 45,
          "sco": 4,
          "dco": 241,
          "txt": "dam"
        },
        {
          "si": 2,
          "sti": 2,
          "dti": 46,
          "sco": 7,
          "dco": 244,
          "txt": "'"
        },
        {
          "si": 2,
          "sti": 3,
          "dti": 47,
          "sco": 8,
          "dco": 245,
          "txt": "s"
        },
        {
          "si": 2,
          "sti": 4,
          "dti": 48,
          "sco": 10,
          "dco": 247,
          "txt": "purpose"
        },
        {
          "si": 2,
          "sti": 5,
          "dti": 49,
          "sco": 18,
          "dco": 255,
          "txt": "includes"
        },
        {
          "si": 2,
          "sti": 6,
          "dti": 50,
          "sco": 27,
          "dco": 264,
          "txt": "flood"
        },
        {
          "si": 2,
          "sti": 7,
          "dti": 51,
          "sco": 33,
          "dco": 270,
          "txt": "mitigation"
        },
        {
          "si": 2,
          "sti": 8,
          "dti": 52,
          "sco": 43,
          "dco": 280,
          "txt": ","
        },
        {
          "si": 2,
          "sti": 9,
          "dti": 53,
          "sco": 45,
          "dco": 282,
          "txt": "irrigation"
        },
        {
          "si": 2,
          "sti": 10,
          "dti": 54,
          "sco": 55,
          "dco": 292,
          "txt": ","
        },
        {
          "si": 2,
          "sti": 11,
          "dti": 55,
          "sco": 57,
          "dco": 294,
          "txt": "water"
        },
        {
          "si": 2,
          "sti": 12,
          "dti": 56,
          "sco": 63,
          "dco": 300,
          "txt": "supply"
        },
        {
          "si": 2,
          "sti": 13,
          "dti": 57,
          "sco": 70,
          "dco": 307,
          "txt": "and"
        },
        {
          "si": 2,
          "sti": 14,
          "dti": 58,
          "sco": 74,
          "dco": 311,
          "txt": "conservation"
        },
        {
          "si": 2,
          "sti": 15,
          "dti": 59,
          "sco": 86,
          "dco": 323,
          "txt": "."
        },
        {
          "si": 3,
          "sti": 0,
          "dti": 60,
          "sco": 0,
          "dco": 325,
          "txt": "Mini"
        },
        {
          "si": 3,
          "sti": 1,
          "dti": 61,
          "sco": 5,
          "dco": 330,
          "txt": "hydro"
        },
        {
          "si": 3,
          "sti": 2,
          "dti": 62,
          "sco": 10,
          "dco": 335,
          "txt": "-"
        },
        {
          "si": 3,
          "sti": 3,
          "dti": 63,
          "sco": 11,
          "dco": 336,
          "txt": "power"
        },
        {
          "si": 3,
          "sti": 4,
          "dti": 64,
          "sco": 17,
          "dco": 342,
          "txt": "facilities"
        },
        {
          "si": 3,
          "sti": 5,
          "dti": 65,
          "sco": 28,
          "dco": 353,
          "txt": "were"
        },
        {
          "si": 3,
          "sti": 6,
          "dti": 66,
          "sco": 33,
          "dco": 358,
          "txt": "retrofitted"
        },
        {
          "si": 3,
          "sti": 7,
          "dti": 67,
          "sco": 45,
          "dco": 370,
          "txt": "in"
        },
        {
          "si": 3,
          "sti": 8,
          "dti": 68,
          "sco": 48,
          "dco": 373,
          "txt": "2010"
        },
        {
          "si": 3,
          "sti": 9,
          "dti": 69,
          "sco": 52,
          "dco": 377,
          "txt": "."
        },
        {
          "si": 4,
          "sti": 0,
          "dti": 70,
          "sco": 0,
          "dco": 379,
          "txt": "The"
        },
        {
          "si": 4,
          "sti": 1,
          "dti": 71,
          "sco": 4,
          "dco": 383,
          "txt": "impounded"
        },
        {
          "si": 4,
          "sti": 2,
          "dti": 72,
          "sco": 14,
          "dco": 393,
          "txt": "reservoir"
        },
        {
          "si": 4,
          "sti": 3,
          "dti": 73,
          "sco": 24,
          "dco": 403,
          "txt": "is"
        },
        {
          "si": 4,
          "sti": 4,
          "dti": 74,
          "sco": 27,
          "dco": 406,
          "txt": "also"
        },
        {
          "si": 4,
          "sti": 5,
          "dti": 75,
          "sco": 32,
          "dco": 411,
          "txt": "called"
        },
        {
          "si": 4,
          "sti": 6,
          "dti": 76,
          "sco": 39,
          "dco": 418,
          "txt": "Lostock"
        },
        {
          "si": 4,
          "sti": 7,
          "dti": 77,
          "sco": 47,
          "dco": 426,
          "txt": "Dam"
        },
        {
          "si": 4,
          "sti": 8,
          "dti": 78,
          "sco": 50,
          "dco": 429,
          "txt": "."
        },
        {
          "si": 5,
          "sti": 0,
          "dti": 79,
          "sco": 0,
          "dco": 431,
          "txt": "Location"
        },
        {
          "si": 5,
          "sti": 1,
          "dti": 80,
          "sco": 9,
          "dco": 440,
          "txt": "and"
        },
        {
          "si": 5,
          "sti": 2,
          "dti": 81,
          "sco": 13,
          "dco": 444,
          "txt": "features"
        },
        {
          "si": 5,
          "sti": 3,
          "dti": 82,
          "sco": 21,
          "dco": 452,
          "txt": "."
        },
        {
          "si": 6,
          "sti": 0,
          "dti": 83,
          "sco": 0,
          "dco": 454,
          "txt": "Commenced"
        },
        {
          "si": 6,
          "sti": 1,
          "dti": 84,
          "sco": 10,
          "dco": 464,
          "txt": "in"
        },
        {
          "si": 6,
          "sti": 2,
          "dti": 85,
          "sco": 13,
          "dco": 467,
          "txt": "1969"
        },
        {
          "si": 6,
          "sti": 3,
          "dti": 86,
          "sco": 18,
          "dco": 472,
          "txt": "and"
        },
        {
          "si": 6,
          "sti": 4,
          "dti": 87,
          "sco": 22,
          "dco": 476,
          "txt": "completed"
        },
        {
          "si": 6,
          "sti": 5,
          "dti": 88,
          "sco": 32,
          "dco": 486,
          "txt": "in"
        },
        {
          "si": 6,
          "sti": 6,
          "dti": 89,
          "sco": 35,
          "dco": 489,
          "txt": "1971"
        },
        {
          "si": 6,
          "sti": 7,
          "dti": 90,
          "sco": 39,
          "dco": 493,
          "txt": ","
        },
        {
          "si": 6,
          "sti": 8,
          "dti": 91,
          "sco": 41,
          "dco": 495,
          "txt": "the"
        },
        {
          "si": 6,
          "sti": 9,
          "dti": 92,
          "sco": 45,
          "dco": 499,
          "txt": "Lostock"
        },
        {
          "si": 6,
          "sti": 10,
          "dti": 93,
          "sco": 53,
          "dco": 507,
          "txt": "Dam"
        },
        {
          "si": 6,
          "sti": 11,
          "dti": 94,
          "sco": 57,
          "dco": 511,
          "txt": "is"
        },
        {
          "si": 6,
          "sti": 12,
          "dti": 95,
          "sco": 60,
          "dco": 514,
          "txt": "a"
        },
        {
          "si": 6,
          "sti": 13,
          "dti": 96,
          "sco": 62,
          "dco": 516,
          "txt": "minor"
        },
        {
          "si": 6,
          "sti": 14,
          "dti": 97,
          "sco": 68,
          "dco": 522,
          "txt": "dam"
        },
        {
          "si": 6,
          "sti": 15,
          "dti": 98,
          "sco": 72,
          "dco": 526,
          "txt": "on"
        },
        {
          "si": 6,
          "sti": 16,
          "dti": 99,
          "sco": 75,
          "dco": 529,
          "txt": "the"
        },
        {
          "si": 6,
          "sti": 17,
          "dti": 100,
          "sco": 79,
          "dco": 533,
          "txt": "Paterson"
        },
        {
          "si": 6,
          "sti": 18,
          "dti": 101,
          "sco": 88,
          "dco": 542,
          "txt": "River"
        },
        {
          "si": 6,
          "sti": 19,
          "dti": 102,
          "sco": 93,
          "dco": 547,
          "txt": ","
        },
        {
          "si": 6,
          "sti": 20,
          "dti": 103,
          "sco": 95,
          "dco": 549,
          "txt": "a"
        },
        {
          "si": 6,
          "sti": 21,
          "dti": 104,
          "sco": 97,
          "dco": 551,
          "txt": "tributary"
        },
        {
          "si": 6,
          "sti": 22,
          "dti": 105,
          "sco": 107,
          "dco": 561,
          "txt": "of"
        },
        {
          "si": 6,
          "sti": 23,
          "dti": 106,
          "sco": 110,
          "dco": 564,
          "txt": "the"
        },
        {
          "si": 6,
          "sti": 24,
          "dti": 107,
          "sco": 114,
          "dco": 568,
          "txt": "Hunter"
        },
        {
          "si": 6,
          "sti": 25,
          "dti": 108,
          "sco": 121,
          "dco": 575,
          "txt": "River"
        },
        {
          "si": 6,
          "sti": 26,
          "dti": 109,
          "sco": 126,
          "dco": 580,
          "txt": ","
        },
        {
          "si": 6,
          "sti": 27,
          "dti": 110,
          "sco": 128,
          "dco": 582,
          "txt": "and"
        },
        {
          "si": 6,
          "sti": 28,
          "dti": 111,
          "sco": 132,
          "dco": 586,
          "txt": "is"
        },
        {
          "si": 6,
          "sti": 29,
          "dti": 112,
          "sco": 135,
          "dco": 589,
          "txt": "located"
        },
        {
          "si": 6,
          "sti": 30,
          "dti": 113,
          "sco": 143,
          "dco": 597,
          "txt": "approximately"
        },
        {
          "si": 6,
          "sti": 31,
          "dti": 114,
          "sco": 157,
          "dco": 611,
          "txt": "from"
        },
        {
          "si": 6,
          "sti": 32,
          "dti": 115,
          "sco": 162,
          "dco": 616,
          "txt": "both"
        },
        {
          "si": 6,
          "sti": 33,
          "dti": 116,
          "sco": 167,
          "dco": 621,
          "txt": "Maitland"
        },
        {
          "si": 6,
          "sti": 34,
          "dti": 117,
          "sco": 176,
          "dco": 630,
          "txt": "and"
        },
        {
          "si": 6,
          "sti": 35,
          "dti": 118,
          "sco": 180,
          "dco": 634,
          "txt": "Singleton"
        },
        {
          "si": 6,
          "sti": 36,
          "dti": 119,
          "sco": 189,
          "dco": 643,
          "txt": ","
        },
        {
          "si": 6,
          "sti": 37,
          "dti": 120,
          "sco": 191,
          "dco": 645,
          "txt": "and"
        },
        {
          "si": 6,
          "sti": 38,
          "dti": 121,
          "sco": 195,
          "dco": 649,
          "txt": "also"
        },
        {
          "si": 6,
          "sti": 39,
          "dti": 122,
          "sco": 200,
          "dco": 654,
          "txt": "north"
        },
        {
          "si": 6,
          "sti": 40,
          "dti": 123,
          "sco": 205,
          "dco": 659,
          "txt": "-"
        },
        {
          "si": 6,
          "sti": 41,
          "dti": 124,
          "sco": 206,
          "dco": 660,
          "txt": "west"
        },
        {
          "si": 6,
          "sti": 42,
          "dti": 125,
          "sco": 211,
          "dco": 665,
          "txt": "of"
        },
        {
          "si": 6,
          "sti": 43,
          "dti": 126,
          "sco": 214,
          "dco": 668,
          "txt": "Newcastle"
        },
        {
          "si": 6,
          "sti": 44,
          "dti": 127,
          "sco": 223,
          "dco": 677,
          "txt": ","
        },
        {
          "si": 6,
          "sti": 45,
          "dti": 128,
          "sco": 225,
          "dco": 679,
          "txt": "on"
        },
        {
          "si": 6,
          "sti": 46,
          "dti": 129,
          "sco": 228,
          "dco": 682,
          "txt": "the"
        },
        {
          "si": 6,
          "sti": 47,
          "dti": 130,
          "sco": 232,
          "dco": 686,
          "txt": "upper"
        },
        {
          "si": 6,
          "sti": 48,
          "dti": 131,
          "sco": 238,
          "dco": 692,
          "txt": "reaches"
        },
        {
          "si": 6,
          "sti": 49,
          "dti": 132,
          "sco": 246,
          "dco": 700,
          "txt": "of"
        },
        {
          "si": 6,
          "sti": 50,
          "dti": 133,
          "sco": 249,
          "dco": 703,
          "txt": "the"
        },
        {
          "si": 6,
          "sti": 51,
          "dti": 134,
          "sco": 253,
          "dco": 707,
          "txt": "river"
        },
        {
          "si": 6,
          "sti": 52,
          "dti": 135,
          "sco": 258,
          "dco": 712,
          "txt": "."
        },
        {
          "si": 7,
          "sti": 0,
          "dti": 136,
          "sco": 0,
          "dco": 714,
          "txt": "The"
        },
        {
          "si": 7,
          "sti": 1,
          "dti": 137,
          "sco": 4,
          "dco": 718,
          "txt": "dam"
        },
        {
          "si": 7,
          "sti": 2,
          "dti": 138,
          "sco": 8,
          "dco": 722,
          "txt": "was"
        },
        {
          "si": 7,
          "sti": 3,
          "dti": 139,
          "sco": 12,
          "dco": 726,
          "txt": "built"
        },
        {
          "si": 7,
          "sti": 4,
          "dti": 140,
          "sco": 18,
          "dco": 732,
          "txt": "by"
        },
        {
          "si": 7,
          "sti": 5,
          "dti": 141,
          "sco": 21,
          "dco": 735,
          "txt": "Dumez"
        },
        {
          "si": 7,
          "sti": 6,
          "dti": 142,
          "sco": 27,
          "dco": 741,
          "txt": "Australia"
        },
        {
          "si": 7,
          "sti": 7,
          "dti": 143,
          "sco": 37,
          "dco": 751,
          "txt": "under"
        },
        {
          "si": 7,
          "sti": 8,
          "dti": 144,
          "sco": 43,
          "dco": 757,
          "txt": "contract"
        },
        {
          "si": 7,
          "sti": 9,
          "dti": 145,
          "sco": 52,
          "dco": 766,
          "txt": "to"
        },
        {
          "si": 7,
          "sti": 10,
          "dti": 146,
          "sco": 55,
          "dco": 769,
          "txt": "the"
        },
        {
          "si": 7,
          "sti": 11,
          "dti": 147,
          "sco": 59,
          "dco": 773,
          "txt": "New"
        },
        {
          "si": 7,
          "sti": 12,
          "dti": 148,
          "sco": 63,
          "dco": 777,
          "txt": "South"
        },
        {
          "si": 7,
          "sti": 13,
          "dti": 149,
          "sco": 69,
          "dco": 783,
          "txt": "Wales"
        },
        {
          "si": 7,
          "sti": 14,
          "dti": 150,
          "sco": 75,
          "dco": 789,
          "txt": "Water"
        },
        {
          "si": 7,
          "sti": 15,
          "dti": 151,
          "sco": 81,
          "dco": 795,
          "txt": "Department"
        },
        {
          "si": 7,
          "sti": 16,
          "dti": 152,
          "sco": 92,
          "dco": 806,
          "txt": "of"
        },
        {
          "si": 7,
          "sti": 17,
          "dti": 153,
          "sco": 95,
          "dco": 809,
          "txt": "Land"
        },
        {
          "si": 7,
          "sti": 18,
          "dti": 154,
          "sco": 100,
          "dco": 814,
          "txt": "and"
        },
        {
          "si": 7,
          "sti": 19,
          "dti": 155,
          "sco": 104,
          "dco": 818,
          "txt": "Water"
        },
        {
          "si": 7,
          "sti": 20,
          "dti": 156,
          "sco": 110,
          "dco": 824,
          "txt": "Conservation"
        },
        {
          "si": 7,
          "sti": 21,
          "dti": 157,
          "sco": 123,
          "dco": 837,
          "txt": "following"
        },
        {
          "si": 7,
          "sti": 22,
          "dti": 158,
          "sco": 133,
          "dco": 847,
          "txt": "the"
        },
        {
          "si": 7,
          "sti": 23,
          "dti": 159,
          "sco": 137,
          "dco": 851,
          "txt": "drought"
        },
        {
          "si": 7,
          "sti": 24,
          "dti": 160,
          "sco": 145,
          "dco": 859,
          "txt": "of"
        },
        {
          "si": 7,
          "sti": 25,
          "dti": 161,
          "sco": 148,
          "dco": 862,
          "txt": "1964"
        },
        {
          "si": 7,
          "sti": 26,
          "dti": 162,
          "sco": 152,
          "dco": 866,
          "txt": "-"
        },
        {
          "si": 7,
          "sti": 27,
          "dti": 163,
          "sco": 153,
          "dco": 867,
          "txt": "66"
        },
        {
          "si": 7,
          "sti": 28,
          "dti": 164,
          "sco": 155,
          "dco": 869,
          "txt": "."
        },
        {
          "si": 8,
          "sti": 0,
          "dti": 165,
          "sco": 0,
          "dco": 871,
          "txt": "At"
        },
        {
          "si": 8,
          "sti": 1,
          "dti": 166,
          "sco": 3,
          "dco": 874,
          "txt": "that"
        },
        {
          "si": 8,
          "sti": 2,
          "dti": 167,
          "sco": 8,
          "dco": 879,
          "txt": "time"
        },
        {
          "si": 8,
          "sti": 3,
          "dti": 168,
          "sco": 13,
          "dco": 884,
          "txt": "there"
        },
        {
          "si": 8,
          "sti": 4,
          "dti": 169,
          "sco": 19,
          "dco": 890,
          "txt": "was"
        },
        {
          "si": 8,
          "sti": 5,
          "dti": 170,
          "sco": 23,
          "dco": 894,
          "txt": "a"
        },
        {
          "si": 8,
          "sti": 6,
          "dti": 171,
          "sco": 25,
          "dco": 896,
          "txt": "need"
        },
        {
          "si": 8,
          "sti": 7,
          "dti": 172,
          "sco": 30,
          "dco": 901,
          "txt": "for"
        },
        {
          "si": 8,
          "sti": 8,
          "dti": 173,
          "sco": 34,
          "dco": 905,
          "txt": "a"
        },
        {
          "si": 8,
          "sti": 9,
          "dti": 174,
          "sco": 36,
          "dco": 907,
          "txt": "water"
        },
        {
          "si": 8,
          "sti": 10,
          "dti": 175,
          "sco": 42,
          "dco": 913,
          "txt": "conservation"
        },
        {
          "si": 8,
          "sti": 11,
          "dti": 176,
          "sco": 55,
          "dco": 926,
          "txt": "storage"
        },
        {
          "si": 8,
          "sti": 12,
          "dti": 177,
          "sco": 63,
          "dco": 934,
          "txt": "in"
        },
        {
          "si": 8,
          "sti": 13,
          "dti": 178,
          "sco": 66,
          "dco": 937,
          "txt": "the"
        },
        {
          "si": 8,
          "sti": 14,
          "dti": 179,
          "sco": 70,
          "dco": 941,
          "txt": "Paterson"
        },
        {
          "si": 8,
          "sti": 15,
          "dti": 180,
          "sco": 79,
          "dco": 950,
          "txt": "Valley"
        },
        {
          "si": 8,
          "sti": 16,
          "dti": 181,
          "sco": 86,
          "dco": 957,
          "txt": "to"
        },
        {
          "si": 8,
          "sti": 17,
          "dti": 182,
          "sco": 89,
          "dco": 960,
          "txt": "stabilise"
        },
        {
          "si": 8,
          "sti": 18,
          "dti": 183,
          "sco": 99,
          "dco": 970,
          "txt": "and"
        },
        {
          "si": 8,
          "sti": 19,
          "dti": 184,
          "sco": 103,
          "dco": 974,
          "txt": "further"
        },
        {
          "si": 8,
          "sti": 20,
          "dti": 185,
          "sco": 111,
          "dco": 982,
          "txt": "develop"
        },
        {
          "si": 8,
          "sti": 21,
          "dti": 186,
          "sco": 119,
          "dco": 990,
          "txt": "rural"
        },
        {
          "si": 8,
          "sti": 22,
          "dti": 187,
          "sco": 125,
          "dco": 996,
          "txt": "productivity"
        },
        {
          "si": 8,
          "sti": 23,
          "dti": 188,
          "sco": 137,
          "dco": 1008,
          "txt": "."
        },
        {
          "si": 9,
          "sti": 0,
          "dti": 189,
          "sco": 0,
          "dco": 1010,
          "txt": "The"
        },
        {
          "si": 9,
          "sti": 1,
          "dti": 190,
          "sco": 4,
          "dco": 1014,
          "txt": "dam"
        },
        {
          "si": 9,
          "sti": 2,
          "dti": 191,
          "sco": 8,
          "dco": 1018,
          "txt": "wall"
        },
        {
          "si": 9,
          "sti": 3,
          "dti": 192,
          "sco": 13,
          "dco": 1023,
          "txt": "height"
        },
        {
          "si": 9,
          "sti": 4,
          "dti": 193,
          "sco": 20,
          "dco": 1030,
          "txt": "is"
        },
        {
          "si": 9,
          "sti": 5,
          "dti": 194,
          "sco": 23,
          "dco": 1033,
          "txt": "and"
        },
        {
          "si": 9,
          "sti": 6,
          "dti": 195,
          "sco": 27,
          "dco": 1037,
          "txt": "is"
        },
        {
          "si": 9,
          "sti": 7,
          "dti": 196,
          "sco": 30,
          "dco": 1040,
          "txt": "long"
        },
        {
          "si": 9,
          "sti": 8,
          "dti": 197,
          "sco": 34,
          "dco": 1044,
          "txt": "."
        },
        {
          "si": 10,
          "sti": 0,
          "dti": 198,
          "sco": 0,
          "dco": 1046,
          "txt": "The"
        },
        {
          "si": 10,
          "sti": 1,
          "dti": 199,
          "sco": 4,
          "dco": 1050,
          "txt": "maximum"
        },
        {
          "si": 10,
          "sti": 2,
          "dti": 200,
          "sco": 12,
          "dco": 1058,
          "txt": "water"
        },
        {
          "si": 10,
          "sti": 3,
          "dti": 201,
          "sco": 18,
          "dco": 1064,
          "txt": "depth"
        },
        {
          "si": 10,
          "sti": 4,
          "dti": 202,
          "sco": 24,
          "dco": 1070,
          "txt": "is"
        },
        {
          "si": 10,
          "sti": 5,
          "dti": 203,
          "sco": 27,
          "dco": 1073,
          "txt": "and"
        },
        {
          "si": 10,
          "sti": 6,
          "dti": 204,
          "sco": 31,
          "dco": 1077,
          "txt": "at"
        },
        {
          "si": 10,
          "sti": 7,
          "dti": 205,
          "sco": 34,
          "dco": 1080,
          "txt": "100"
        },
        {
          "si": 10,
          "sti": 8,
          "dti": 206,
          "sco": 37,
          "dco": 1083,
          "txt": "%"
        },
        {
          "si": 10,
          "sti": 9,
          "dti": 207,
          "sco": 39,
          "dco": 1085,
          "txt": "capacity"
        },
        {
          "si": 10,
          "sti": 10,
          "dti": 208,
          "sco": 48,
          "dco": 1094,
          "txt": "the"
        },
        {
          "si": 10,
          "sti": 11,
          "dti": 209,
          "sco": 52,
          "dco": 1098,
          "txt": "dam"
        },
        {
          "si": 10,
          "sti": 12,
          "dti": 210,
          "sco": 56,
          "dco": 1102,
          "txt": "wall"
        },
        {
          "si": 10,
          "sti": 13,
          "dti": 211,
          "sco": 61,
          "dco": 1107,
          "txt": "holds"
        },
        {
          "si": 10,
          "sti": 14,
          "dti": 212,
          "sco": 67,
          "dco": 1113,
          "txt": "back"
        },
        {
          "si": 10,
          "sti": 15,
          "dti": 213,
          "sco": 72,
          "dco": 1118,
          "txt": "of"
        },
        {
          "si": 10,
          "sti": 16,
          "dti": 214,
          "sco": 75,
          "dco": 1121,
          "txt": "water"
        },
        {
          "si": 10,
          "sti": 17,
          "dti": 215,
          "sco": 81,
          "dco": 1127,
          "txt": "at"
        },
        {
          "si": 10,
          "sti": 18,
          "dti": 216,
          "sco": 84,
          "dco": 1130,
          "txt": "AHD"
        },
        {
          "si": 10,
          "sti": 19,
          "dti": 217,
          "sco": 87,
          "dco": 1133,
          "txt": "."
        },
        {
          "si": 11,
          "sti": 0,
          "dti": 218,
          "sco": 0,
          "dco": 1135,
          "txt": "The"
        },
        {
          "si": 11,
          "sti": 1,
          "dti": 219,
          "sco": 4,
          "dco": 1139,
          "txt": "surface"
        },
        {
          "si": 11,
          "sti": 2,
          "dti": 220,
          "sco": 12,
          "dco": 1147,
          "txt": "area"
        },
        {
          "si": 11,
          "sti": 3,
          "dti": 221,
          "sco": 17,
          "dco": 1152,
          "txt": "of"
        },
        {
          "si": 11,
          "sti": 4,
          "dti": 222,
          "sco": 20,
          "dco": 1155,
          "txt": "the"
        },
        {
          "si": 11,
          "sti": 5,
          "dti": 223,
          "sco": 24,
          "dco": 1159,
          "txt": "reservoir"
        },
        {
          "si": 11,
          "sti": 6,
          "dti": 224,
          "sco": 34,
          "dco": 1169,
          "txt": "is"
        },
        {
          "si": 11,
          "sti": 7,
          "dti": 225,
          "sco": 37,
          "dco": 1172,
          "txt": "and"
        },
        {
          "si": 11,
          "sti": 8,
          "dti": 226,
          "sco": 41,
          "dco": 1176,
          "txt": "the"
        },
        {
          "si": 11,
          "sti": 9,
          "dti": 227,
          "sco": 45,
          "dco": 1180,
          "txt": "catchment"
        },
        {
          "si": 11,
          "sti": 10,
          "dti": 228,
          "sco": 55,
          "dco": 1190,
          "txt": "area"
        },
        {
          "si": 11,
          "sti": 11,
          "dti": 229,
          "sco": 60,
          "dco": 1195,
          "txt": "is"
        },
        {
          "si": 11,
          "sti": 12,
          "dti": 230,
          "sco": 62,
          "dco": 1197,
          "txt": "."
        },
        {
          "si": 12,
          "sti": 0,
          "dti": 231,
          "sco": 0,
          "dco": 1199,
          "txt": "The"
        },
        {
          "si": 12,
          "sti": 1,
          "dti": 232,
          "sco": 4,
          "dco": 1203,
          "txt": "ungated"
        },
        {
          "si": 12,
          "sti": 2,
          "dti": 233,
          "sco": 12,
          "dco": 1211,
          "txt": "concrete"
        },
        {
          "si": 12,
          "sti": 3,
          "dti": 234,
          "sco": 21,
          "dco": 1220,
          "txt": "lined"
        },
        {
          "si": 12,
          "sti": 4,
          "dti": 235,
          "sco": 26,
          "dco": 1225,
          "txt": ","
        },
        {
          "si": 12,
          "sti": 5,
          "dti": 236,
          "sco": 28,
          "dco": 1227,
          "txt": "flip"
        },
        {
          "si": 12,
          "sti": 6,
          "dti": 237,
          "sco": 33,
          "dco": 1232,
          "txt": "bucket"
        },
        {
          "si": 12,
          "sti": 7,
          "dti": 238,
          "sco": 40,
          "dco": 1239,
          "txt": "chute"
        },
        {
          "si": 12,
          "sti": 8,
          "dti": 239,
          "sco": 46,
          "dco": 1245,
          "txt": "spillway"
        },
        {
          "si": 12,
          "sti": 9,
          "dti": 240,
          "sco": 55,
          "dco": 1254,
          "txt": "is"
        },
        {
          "si": 12,
          "sti": 10,
          "dti": 241,
          "sco": 58,
          "dco": 1257,
          "txt": "capable"
        },
        {
          "si": 12,
          "sti": 11,
          "dti": 242,
          "sco": 66,
          "dco": 1265,
          "txt": "of"
        },
        {
          "si": 12,
          "sti": 12,
          "dti": 243,
          "sco": 69,
          "dco": 1268,
          "txt": "discharging"
        },
        {
          "si": 12,
          "sti": 13,
          "dti": 244,
          "sco": 80,
          "dco": 1279,
          "txt": "."
        },
        {
          "si": 13,
          "sti": 0,
          "dti": 245,
          "sco": 0,
          "dco": 1281,
          "txt": "The"
        },
        {
          "si": 13,
          "sti": 1,
          "dti": 246,
          "sco": 4,
          "dco": 1285,
          "txt": "name"
        },
        {
          "si": 13,
          "sti": 2,
          "dti": 247,
          "sco": 9,
          "dco": 1290,
          "txt": "of"
        },
        {
          "si": 13,
          "sti": 3,
          "dti": 248,
          "sco": 12,
          "dco": 1293,
          "txt": "the"
        },
        {
          "si": 13,
          "sti": 4,
          "dti": 249,
          "sco": 16,
          "dco": 1297,
          "txt": "dam"
        },
        {
          "si": 13,
          "sti": 5,
          "dti": 250,
          "sco": 20,
          "dco": 1301,
          "txt": "originates"
        },
        {
          "si": 13,
          "sti": 6,
          "dti": 251,
          "sco": 31,
          "dco": 1312,
          "txt": "from"
        },
        {
          "si": 13,
          "sti": 7,
          "dti": 252,
          "sco": 36,
          "dco": 1317,
          "txt": "the"
        },
        {
          "si": 13,
          "sti": 8,
          "dti": 253,
          "sco": 40,
          "dco": 1321,
          "txt": "village"
        },
        {
          "si": 13,
          "sti": 9,
          "dti": 254,
          "sco": 48,
          "dco": 1329,
          "txt": "of"
        },
        {
          "si": 13,
          "sti": 10,
          "dti": 255,
          "sco": 51,
          "dco": 1332,
          "txt": "the"
        },
        {
          "si": 13,
          "sti": 11,
          "dti": 256,
          "sco": 55,
          "dco": 1336,
          "txt": "same"
        },
        {
          "si": 13,
          "sti": 12,
          "dti": 257,
          "sco": 60,
          "dco": 1341,
          "txt": "name"
        },
        {
          "si": 13,
          "sti": 13,
          "dti": 258,
          "sco": 64,
          "dco": 1345,
          "txt": ","
        },
        {
          "si": 13,
          "sti": 14,
          "dti": 259,
          "sco": 66,
          "dco": 1347,
          "txt": "located"
        },
        {
          "si": 13,
          "sti": 15,
          "dti": 260,
          "sco": 74,
          "dco": 1355,
          "txt": "approximately"
        },
        {
          "si": 13,
          "sti": 16,
          "dti": 261,
          "sco": 88,
          "dco": 1369,
          "txt": "downstream"
        },
        {
          "si": 13,
          "sti": 17,
          "dti": 262,
          "sco": 99,
          "dco": 1380,
          "txt": "from"
        },
        {
          "si": 13,
          "sti": 18,
          "dti": 263,
          "sco": 104,
          "dco": 1385,
          "txt": "the"
        },
        {
          "si": 13,
          "sti": 19,
          "dti": 264,
          "sco": 108,
          "dco": 1389,
          "txt": "dam"
        },
        {
          "si": 13,
          "sti": 20,
          "dti": 265,
          "sco": 112,
          "dco": 1393,
          "txt": "wall"
        },
        {
          "si": 13,
          "sti": 21,
          "dti": 266,
          "sco": 116,
          "dco": 1397,
          "txt": "."
        },
        {
          "si": 14,
          "sti": 0,
          "dti": 267,
          "sco": 0,
          "dco": 1399,
          "txt": "Power"
        },
        {
          "si": 14,
          "sti": 1,
          "dti": 268,
          "sco": 6,
          "dco": 1405,
          "txt": "generation"
        },
        {
          "si": 14,
          "sti": 2,
          "dti": 269,
          "sco": 16,
          "dco": 1415,
          "txt": "."
        },
        {
          "si": 15,
          "sti": 0,
          "dti": 270,
          "sco": 0,
          "dco": 1417,
          "txt": "A"
        },
        {
          "si": 15,
          "sti": 1,
          "dti": 271,
          "sco": 2,
          "dco": 1419,
          "txt": "mini"
        },
        {
          "si": 15,
          "sti": 2,
          "dti": 272,
          "sco": 7,
          "dco": 1424,
          "txt": "hydro"
        },
        {
          "si": 15,
          "sti": 3,
          "dti": 273,
          "sco": 12,
          "dco": 1429,
          "txt": "-"
        },
        {
          "si": 15,
          "sti": 4,
          "dti": 274,
          "sco": 13,
          "dco": 1430,
          "txt": "electric"
        },
        {
          "si": 15,
          "sti": 5,
          "dti": 275,
          "sco": 22,
          "dco": 1439,
          "txt": "power"
        },
        {
          "si": 15,
          "sti": 6,
          "dti": 276,
          "sco": 28,
          "dco": 1445,
          "txt": "station"
        },
        {
          "si": 15,
          "sti": 7,
          "dti": 277,
          "sco": 36,
          "dco": 1453,
          "txt": "generates"
        },
        {
          "si": 15,
          "sti": 8,
          "dti": 278,
          "sco": 46,
          "dco": 1463,
          "txt": "up"
        },
        {
          "si": 15,
          "sti": 9,
          "dti": 279,
          "sco": 49,
          "dco": 1466,
          "txt": "to"
        },
        {
          "si": 15,
          "sti": 10,
          "dti": 280,
          "sco": 52,
          "dco": 1469,
          "txt": "of"
        },
        {
          "si": 15,
          "sti": 11,
          "dti": 281,
          "sco": 55,
          "dco": 1472,
          "txt": "electricity"
        },
        {
          "si": 15,
          "sti": 12,
          "dti": 282,
          "sco": 67,
          "dco": 1484,
          "txt": "from"
        },
        {
          "si": 15,
          "sti": 13,
          "dti": 283,
          "sco": 72,
          "dco": 1489,
          "txt": "the"
        },
        {
          "si": 15,
          "sti": 14,
          "dti": 284,
          "sco": 76,
          "dco": 1493,
          "txt": "flow"
        },
        {
          "si": 15,
          "sti": 15,
          "dti": 285,
          "sco": 81,
          "dco": 1498,
          "txt": "of"
        },
        {
          "si": 15,
          "sti": 16,
          "dti": 286,
          "sco": 84,
          "dco": 1501,
          "txt": "the"
        },
        {
          "si": 15,
          "sti": 17,
          "dti": 287,
          "sco": 88,
          "dco": 1505,
          "txt": "water"
        },
        {
          "si": 15,
          "sti": 18,
          "dti": 288,
          "sco": 94,
          "dco": 1511,
          "txt": "leaving"
        },
        {
          "si": 15,
          "sti": 19,
          "dti": 289,
          "sco": 102,
          "dco": 1519,
          "txt": "Lostock"
        },
        {
          "si": 15,
          "sti": 20,
          "dti": 290,
          "sco": 110,
          "dco": 1527,
          "txt": "Dam"
        },
        {
          "si": 15,
          "sti": 21,
          "dti": 291,
          "sco": 113,
          "dco": 1530,
          "txt": "."
        },
        {
          "si": 16,
          "sti": 0,
          "dti": 292,
          "sco": 0,
          "dco": 1532,
          "txt": "Constructed"
        },
        {
          "si": 16,
          "sti": 1,
          "dti": 293,
          "sco": 12,
          "dco": 1544,
          "txt": "by"
        },
        {
          "si": 16,
          "sti": 2,
          "dti": 294,
          "sco": 15,
          "dco": 1547,
          "txt": "Heidemann"
        },
        {
          "si": 16,
          "sti": 3,
          "dti": 295,
          "sco": 25,
          "dco": 1557,
          "txt": "Hydro"
        },
        {
          "si": 16,
          "sti": 4,
          "dti": 296,
          "sco": 31,
          "dco": 1563,
          "txt": "Australia"
        },
        {
          "si": 16,
          "sti": 5,
          "dti": 297,
          "sco": 40,
          "dco": 1572,
          "txt": ","
        },
        {
          "si": 16,
          "sti": 6,
          "dti": 298,
          "sco": 42,
          "dco": 1574,
          "txt": "the"
        },
        {
          "si": 16,
          "sti": 7,
          "dti": 299,
          "sco": 46,
          "dco": 1578,
          "txt": "facility"
        },
        {
          "si": 16,
          "sti": 8,
          "dti": 300,
          "sco": 55,
          "dco": 1587,
          "txt": "is"
        },
        {
          "si": 16,
          "sti": 9,
          "dti": 301,
          "sco": 58,
          "dco": 1590,
          "txt": "managed"
        },
        {
          "si": 16,
          "sti": 10,
          "dti": 302,
          "sco": 66,
          "dco": 1598,
          "txt": "by"
        },
        {
          "si": 16,
          "sti": 11,
          "dti": 303,
          "sco": 69,
          "dco": 1601,
          "txt": "Delta"
        },
        {
          "si": 16,
          "sti": 12,
          "dti": 304,
          "sco": 75,
          "dco": 1607,
          "txt": "Electricity"
        },
        {
          "si": 16,
          "sti": 13,
          "dti": 305,
          "sco": 86,
          "dco": 1618,
          "txt": "."
        }
      ]
    },
    "ganns": {
      "dla": [],
      "la": [],
      "ea": [],
      "eta": [
        {
          "ra": {
            "ea": {
              "etn": "Lostock_Dam"
            }
          },
          "sfs": [
            [
              {
                "stn": "status"
              },
              {}
            ]
          ],
          "mfs": [
            [
              {
                "stn": "rivers"
              },
              {
                "dla": [],
                "la": [],
                "ea": [
                  {
                    "etn": "Paterson_River"
                  }
                ],
                "eta": []
              }
            ],
            [
              {
                "stn": "locations"
              },
              {
                "dla": [],
                "la": [],
                "ea": [
                  {
                    "etn": "New_South_Wales"
                  },
                  {
                    "etn": "Hunter_Region"
                  }
                ],
                "eta": []
              }
            ],
            [
              {
                "stn": "openingYears"
              },
              {
                "dla": [
                  {
                    "txt": {
                      "sff": "1971"
                    },
                    "et": {
                      "etn": "Year"
                    },
                    "dp": {
                      "off": 489
                    }
                  }
                ],
                "la": [],
                "ea": [],
                "eta": []
              }
            ],
            [
              {
                "stn": "buildingStartYears"
              },
              {
                "dla": [
                  {
                    "txt": {
                      "sff": "1969"
                    },
                    "et": {
                      "etn": "Year"
                    },
                    "dp": {
                      "off": 467
                    }
                  }
                ],
                "la": [],
                "ea": [],
                "eta": []
              }
            ],
            [
              {
                "stn": "countries"
              },
              {
                "dla": [],
                "la": [],
                "ea": [
                  {
                    "etn": "Australia"
                  }
                ],
                "eta": []
              }
            ]
          ]
        }
      ]
    }
  }
]
