[
  {
    "context": "TRAIN",
    "doc": {
      "id": "Ma'an_Dam",
      "tl": [
        {
          "si": 0,
          "sti": 0,
          "dti": 0,
          "sco": 0,
          "dco": 0,
          "txt": "Ma"
        },
        {
          "si": 0,
          "sti": 1,
          "dti": 1,
          "sco": 2,
          "dco": 2,
          "txt": "'"
        },
        {
          "si": 0,
          "sti": 2,
          "dti": 2,
          "sco": 3,
          "dco": 3,
          "txt": "an"
        },
        {
          "si": 0,
          "sti": 3,
          "dti": 3,
          "sco": 6,
          "dco": 6,
          "txt": "Dam"
        },
        {
          "si": 0,
          "sti": 4,
          "dti": 4,
          "sco": 9,
          "dco": 9,
          "txt": "."
        },
        {
          "si": 1,
          "sti": 0,
          "dti": 5,
          "sco": 0,
          "dco": 11,
          "txt": "The"
        },
        {
          "si": 1,
          "sti": 1,
          "dti": 6,
          "sco": 4,
          "dco": 15,
          "txt": "Ma"
        },
        {
          "si": 1,
          "sti": 2,
          "dti": 7,
          "sco": 6,
          "dco": 17,
          "txt": "'"
        },
        {
          "si": 1,
          "sti": 3,
          "dti": 8,
          "sco": 7,
          "dco": 18,
          "txt": "an"
        },
        {
          "si": 1,
          "sti": 4,
          "dti": 9,
          "sco": 10,
          "dco": 21,
          "txt": "Dam"
        },
        {
          "si": 1,
          "sti": 5,
          "dti": 10,
          "sco": 14,
          "dco": 25,
          "txt": "("
        },
        {
          "si": 1,
          "sti": 6,
          "dti": 11,
          "sco": 15,
          "dco": 26,
          "txt": ")"
        },
        {
          "si": 1,
          "sti": 7,
          "dti": 12,
          "sco": 17,
          "dco": 28,
          "txt": "is"
        },
        {
          "si": 1,
          "sti": 8,
          "dti": 13,
          "sco": 20,
          "dco": 31,
          "txt": "a"
        },
        {
          "si": 1,
          "sti": 9,
          "dti": 14,
          "sco": 22,
          "dco": 33,
          "txt": "concrete"
        },
        {
          "si": 1,
          "sti": 10,
          "dti": 15,
          "sco": 31,
          "dco": 42,
          "txt": "gravity"
        },
        {
          "si": 1,
          "sti": 11,
          "dti": 16,
          "sco": 39,
          "dco": 50,
          "txt": "barrage"
        },
        {
          "si": 1,
          "sti": 12,
          "dti": 17,
          "sco": 47,
          "dco": 58,
          "txt": "dam"
        },
        {
          "si": 1,
          "sti": 13,
          "dti": 18,
          "sco": 51,
          "dco": 62,
          "txt": "on"
        },
        {
          "si": 1,
          "sti": 14,
          "dti": 19,
          "sco": 54,
          "dco": 65,
          "txt": "the"
        },
        {
          "si": 1,
          "sti": 15,
          "dti": 20,
          "sco": 58,
          "dco": 69,
          "txt": "Dajia"
        },
        {
          "si": 1,
          "sti": 16,
          "dti": 21,
          "sco": 64,
          "dco": 75,
          "txt": "River"
        },
        {
          "si": 1,
          "sti": 17,
          "dti": 22,
          "sco": 70,
          "dco": 81,
          "txt": "in"
        },
        {
          "si": 1,
          "sti": 18,
          "dti": 23,
          "sco": 73,
          "dco": 84,
          "txt": "Heping"
        },
        {
          "si": 1,
          "sti": 19,
          "dti": 24,
          "sco": 80,
          "dco": 91,
          "txt": "District"
        },
        {
          "si": 1,
          "sti": 20,
          "dti": 25,
          "sco": 88,
          "dco": 99,
          "txt": ","
        },
        {
          "si": 1,
          "sti": 21,
          "dti": 26,
          "sco": 90,
          "dco": 101,
          "txt": "Taichung"
        },
        {
          "si": 1,
          "sti": 22,
          "dti": 27,
          "sco": 98,
          "dco": 109,
          "txt": ","
        },
        {
          "si": 1,
          "sti": 23,
          "dti": 28,
          "sco": 100,
          "dco": 111,
          "txt": "Taiwan"
        },
        {
          "si": 1,
          "sti": 24,
          "dti": 29,
          "sco": 106,
          "dco": 117,
          "txt": "."
        },
        {
          "si": 2,
          "sti": 0,
          "dti": 30,
          "sco": 0,
          "dco": 119,
          "txt": "The"
        },
        {
          "si": 2,
          "sti": 1,
          "dti": 31,
          "sco": 4,
          "dco": 123,
          "txt": "dam"
        },
        {
          "si": 2,
          "sti": 2,
          "dti": 32,
          "sco": 8,
          "dco": 127,
          "txt": "is"
        },
        {
          "si": 2,
          "sti": 3,
          "dti": 33,
          "sco": 11,
          "dco": 130,
          "txt": "the"
        },
        {
          "si": 2,
          "sti": 4,
          "dti": 34,
          "sco": 15,
          "dco": 134,
          "txt": "final"
        },
        {
          "si": 2,
          "sti": 5,
          "dti": 35,
          "sco": 21,
          "dco": 140,
          "txt": "stage"
        },
        {
          "si": 2,
          "sti": 6,
          "dti": 36,
          "sco": 27,
          "dco": 146,
          "txt": "in"
        },
        {
          "si": 2,
          "sti": 7,
          "dti": 37,
          "sco": 30,
          "dco": 149,
          "txt": "a"
        },
        {
          "si": 2,
          "sti": 8,
          "dti": 38,
          "sco": 32,
          "dco": 151,
          "txt": "cascade"
        },
        {
          "si": 2,
          "sti": 9,
          "dti": 39,
          "sco": 40,
          "dco": 159,
          "txt": "of"
        },
        {
          "si": 2,
          "sti": 10,
          "dti": 40,
          "sco": 43,
          "dco": 162,
          "txt": "hydroelectric"
        },
        {
          "si": 2,
          "sti": 11,
          "dti": 41,
          "sco": 57,
          "dco": 176,
          "txt": "power"
        },
        {
          "si": 2,
          "sti": 12,
          "dti": 42,
          "sco": 63,
          "dco": 182,
          "txt": "plants"
        },
        {
          "si": 2,
          "sti": 13,
          "dti": 43,
          "sco": 70,
          "dco": 189,
          "txt": "along"
        },
        {
          "si": 2,
          "sti": 14,
          "dti": 44,
          "sco": 76,
          "dco": 195,
          "txt": "the"
        },
        {
          "si": 2,
          "sti": 15,
          "dti": 45,
          "sco": 80,
          "dco": 199,
          "txt": "Dajia"
        },
        {
          "si": 2,
          "sti": 16,
          "dti": 46,
          "sco": 86,
          "dco": 205,
          "txt": "River"
        },
        {
          "si": 2,
          "sti": 17,
          "dti": 47,
          "sco": 92,
          "dco": 211,
          "txt": "and"
        },
        {
          "si": 2,
          "sti": 18,
          "dti": 48,
          "sco": 96,
          "dco": 215,
          "txt": "is"
        },
        {
          "si": 2,
          "sti": 19,
          "dti": 49,
          "sco": 99,
          "dco": 218,
          "txt": "located"
        },
        {
          "si": 2,
          "sti": 20,
          "dti": 50,
          "sco": 107,
          "dco": 226,
          "txt": "below"
        },
        {
          "si": 2,
          "sti": 21,
          "dti": 51,
          "sco": 113,
          "dco": 232,
          "txt": "the"
        },
        {
          "si": 2,
          "sti": 22,
          "dti": 52,
          "sco": 117,
          "dco": 236,
          "txt": "Tienlun"
        },
        {
          "si": 2,
          "sti": 23,
          "dti": 53,
          "sco": 125,
          "dco": 244,
          "txt": "Dam"
        },
        {
          "si": 2,
          "sti": 24,
          "dti": 54,
          "sco": 128,
          "dco": 247,
          "txt": "."
        },
        {
          "si": 3,
          "sti": 0,
          "dti": 55,
          "sco": 0,
          "dco": 249,
          "txt": "Built"
        },
        {
          "si": 3,
          "sti": 1,
          "dti": 56,
          "sco": 6,
          "dco": 255,
          "txt": "from"
        },
        {
          "si": 3,
          "sti": 2,
          "dti": 57,
          "sco": 11,
          "dco": 260,
          "txt": "1992"
        },
        {
          "si": 3,
          "sti": 3,
          "dti": 58,
          "sco": 16,
          "dco": 265,
          "txt": "to"
        },
        {
          "si": 3,
          "sti": 4,
          "dti": 59,
          "sco": 19,
          "dco": 268,
          "txt": "1998"
        },
        {
          "si": 3,
          "sti": 5,
          "dti": 60,
          "sco": 23,
          "dco": 272,
          "txt": ","
        },
        {
          "si": 3,
          "sti": 6,
          "dti": 61,
          "sco": 25,
          "dco": 274,
          "txt": "the"
        },
        {
          "si": 3,
          "sti": 7,
          "dti": 62,
          "sco": 29,
          "dco": 278,
          "txt": "dam"
        },
        {
          "si": 3,
          "sti": 8,
          "dti": 63,
          "sco": 33,
          "dco": 282,
          "txt": "is"
        },
        {
          "si": 3,
          "sti": 9,
          "dti": 64,
          "sco": 36,
          "dco": 285,
          "txt": "high"
        },
        {
          "si": 3,
          "sti": 10,
          "dti": 65,
          "sco": 41,
          "dco": 290,
          "txt": "and"
        },
        {
          "si": 3,
          "sti": 11,
          "dti": 66,
          "sco": 45,
          "dco": 294,
          "txt": "long"
        },
        {
          "si": 3,
          "sti": 12,
          "dti": 67,
          "sco": 49,
          "dco": 298,
          "txt": ","
        },
        {
          "si": 3,
          "sti": 13,
          "dti": 68,
          "sco": 51,
          "dco": 300,
          "txt": "storing"
        },
        {
          "si": 3,
          "sti": 14,
          "dti": 69,
          "sco": 59,
          "dco": 308,
          "txt": "up"
        },
        {
          "si": 3,
          "sti": 15,
          "dti": 70,
          "sco": 62,
          "dco": 311,
          "txt": "to"
        },
        {
          "si": 3,
          "sti": 16,
          "dti": 71,
          "sco": 65,
          "dco": 314,
          "txt": "in"
        },
        {
          "si": 3,
          "sti": 17,
          "dti": 72,
          "sco": 68,
          "dco": 317,
          "txt": "its"
        },
        {
          "si": 3,
          "sti": 18,
          "dti": 73,
          "sco": 72,
          "dco": 321,
          "txt": "reservoir"
        },
        {
          "si": 3,
          "sti": 19,
          "dti": 74,
          "sco": 81,
          "dco": 330,
          "txt": "."
        },
        {
          "si": 4,
          "sti": 0,
          "dti": 75,
          "sco": 0,
          "dco": 332,
          "txt": "The"
        },
        {
          "si": 4,
          "sti": 1,
          "dti": 76,
          "sco": 4,
          "dco": 336,
          "txt": "service"
        },
        {
          "si": 4,
          "sti": 2,
          "dti": 77,
          "sco": 12,
          "dco": 344,
          "txt": "spillway"
        },
        {
          "si": 4,
          "sti": 3,
          "dti": 78,
          "sco": 21,
          "dco": 353,
          "txt": "of"
        },
        {
          "si": 4,
          "sti": 4,
          "dti": 79,
          "sco": 24,
          "dco": 356,
          "txt": "the"
        },
        {
          "si": 4,
          "sti": 5,
          "dti": 80,
          "sco": 28,
          "dco": 360,
          "txt": "dam"
        },
        {
          "si": 4,
          "sti": 6,
          "dti": 81,
          "sco": 32,
          "dco": 364,
          "txt": "consists"
        },
        {
          "si": 4,
          "sti": 7,
          "dti": 82,
          "sco": 41,
          "dco": 373,
          "txt": "of"
        },
        {
          "si": 4,
          "sti": 8,
          "dti": 83,
          "sco": 44,
          "dco": 376,
          "txt": "nine"
        },
        {
          "si": 4,
          "sti": 9,
          "dti": 84,
          "sco": 49,
          "dco": 381,
          "txt": "gates"
        },
        {
          "si": 4,
          "sti": 10,
          "dti": 85,
          "sco": 55,
          "dco": 387,
          "txt": "with"
        },
        {
          "si": 4,
          "sti": 11,
          "dti": 86,
          "sco": 60,
          "dco": 392,
          "txt": "a"
        },
        {
          "si": 4,
          "sti": 12,
          "dti": 87,
          "sco": 62,
          "dco": 394,
          "txt": "combined"
        },
        {
          "si": 4,
          "sti": 13,
          "dti": 88,
          "sco": 71,
          "dco": 403,
          "txt": "capacity"
        },
        {
          "si": 4,
          "sti": 14,
          "dti": 89,
          "sco": 80,
          "dco": 412,
          "txt": "of"
        },
        {
          "si": 4,
          "sti": 15,
          "dti": 90,
          "sco": 82,
          "dco": 414,
          "txt": "."
        },
        {
          "si": 5,
          "sti": 0,
          "dti": 91,
          "sco": 0,
          "dco": 416,
          "txt": "The"
        },
        {
          "si": 5,
          "sti": 1,
          "dti": 92,
          "sco": 4,
          "dco": 420,
          "txt": "dam"
        },
        {
          "si": 5,
          "sti": 2,
          "dti": 93,
          "sco": 8,
          "dco": 424,
          "txt": "supplies"
        },
        {
          "si": 5,
          "sti": 3,
          "dti": 94,
          "sco": 17,
          "dco": 433,
          "txt": "water"
        },
        {
          "si": 5,
          "sti": 4,
          "dti": 95,
          "sco": 23,
          "dco": 439,
          "txt": "through"
        },
        {
          "si": 5,
          "sti": 5,
          "dti": 96,
          "sco": 31,
          "dco": 447,
          "txt": "a"
        },
        {
          "si": 5,
          "sti": 6,
          "dti": 97,
          "sco": 33,
          "dco": 449,
          "txt": "tunnel"
        },
        {
          "si": 5,
          "sti": 7,
          "dti": 98,
          "sco": 40,
          "dco": 456,
          "txt": "to"
        },
        {
          "si": 5,
          "sti": 8,
          "dti": 99,
          "sco": 43,
          "dco": 459,
          "txt": "a"
        },
        {
          "si": 5,
          "sti": 9,
          "dti": 100,
          "sco": 45,
          "dco": 461,
          "txt": "133"
        },
        {
          "si": 5,
          "sti": 10,
          "dti": 101,
          "sco": 48,
          "dco": 464,
          "txt": "."
        },
        {
          "si": 5,
          "sti": 11,
          "dti": 102,
          "sco": 49,
          "dco": 465,
          "txt": "47"
        },
        {
          "si": 5,
          "sti": 12,
          "dti": 103,
          "sco": 51,
          "dco": 467,
          "txt": " "
        },
        {
          "si": 5,
          "sti": 13,
          "dti": 104,
          "sco": 52,
          "dco": 468,
          "txt": "MW"
        },
        {
          "si": 5,
          "sti": 14,
          "dti": 105,
          "sco": 55,
          "dco": 471,
          "txt": "power"
        },
        {
          "si": 5,
          "sti": 15,
          "dti": 106,
          "sco": 61,
          "dco": 477,
          "txt": "station"
        },
        {
          "si": 5,
          "sti": 16,
          "dti": 107,
          "sco": 69,
          "dco": 485,
          "txt": "near"
        },
        {
          "si": 5,
          "sti": 17,
          "dti": 108,
          "sco": 74,
          "dco": 490,
          "txt": "Xinshe"
        },
        {
          "si": 5,
          "sti": 18,
          "dti": 109,
          "sco": 81,
          "dco": 497,
          "txt": "with"
        },
        {
          "si": 5,
          "sti": 19,
          "dti": 110,
          "sco": 86,
          "dco": 502,
          "txt": "two"
        },
        {
          "si": 5,
          "sti": 20,
          "dti": 111,
          "sco": 90,
          "dco": 506,
          "txt": "66"
        },
        {
          "si": 5,
          "sti": 21,
          "dti": 112,
          "sco": 92,
          "dco": 508,
          "txt": "."
        },
        {
          "si": 5,
          "sti": 22,
          "dti": 113,
          "sco": 93,
          "dco": 509,
          "txt": "735"
        },
        {
          "si": 5,
          "sti": 23,
          "dti": 114,
          "sco": 96,
          "dco": 512,
          "txt": " "
        },
        {
          "si": 5,
          "sti": 24,
          "dti": 115,
          "sco": 97,
          "dco": 513,
          "txt": "MW"
        },
        {
          "si": 5,
          "sti": 25,
          "dti": 116,
          "sco": 100,
          "dco": 516,
          "txt": "turbines"
        },
        {
          "si": 5,
          "sti": 26,
          "dti": 117,
          "sco": 108,
          "dco": 524,
          "txt": ","
        },
        {
          "si": 5,
          "sti": 27,
          "dti": 118,
          "sco": 110,
          "dco": 526,
          "txt": "generating"
        },
        {
          "si": 5,
          "sti": 28,
          "dti": 119,
          "sco": 121,
          "dco": 537,
          "txt": "410"
        },
        {
          "si": 5,
          "sti": 29,
          "dti": 120,
          "sco": 124,
          "dco": 540,
          "txt": "."
        },
        {
          "si": 5,
          "sti": 30,
          "dti": 121,
          "sco": 125,
          "dco": 541,
          "txt": "2"
        },
        {
          "si": 5,
          "sti": 31,
          "dti": 122,
          "sco": 127,
          "dco": 543,
          "txt": "million"
        },
        {
          "si": 5,
          "sti": 32,
          "dti": 123,
          "sco": 135,
          "dco": 551,
          "txt": "kilowatt"
        },
        {
          "si": 5,
          "sti": 33,
          "dti": 124,
          "sco": 144,
          "dco": 560,
          "txt": "hours"
        },
        {
          "si": 5,
          "sti": 34,
          "dti": 125,
          "sco": 150,
          "dco": 566,
          "txt": "per"
        },
        {
          "si": 5,
          "sti": 35,
          "dti": 126,
          "sco": 154,
          "dco": 570,
          "txt": "year"
        },
        {
          "si": 5,
          "sti": 36,
          "dti": 127,
          "sco": 158,
          "dco": 574,
          "txt": "."
        }
      ]
    },
    "ganns": {
      "dla": [],
      "la": [],
      "ea": [],
      "eta": [
        {
          "ra": {
            "ea": {
              "etn": "Ma'an_Dam"
            }
          },
          "sfs": [
            [
              {
                "stn": "status"
              },
              {}
            ]
          ],
          "mfs": [
            [
              {
                "stn": "rivers"
              },
              {
                "dla": [],
                "la": [],
                "ea": [
                  {
                    "etn": "Dajia_River"
                  }
                ],
                "eta": []
              }
            ],
            [
              {
                "stn": "locations"
              },
              {
                "dla": [],
                "la": [],
                "ea": [
                  {
                    "etn": "Heping_District,_Taichung"
                  }
                ],
                "eta": []
              }
            ],
            [
              {
                "stn": "openingYears"
              },
              {
                "dla": [
                  {
                    "txt": {
                      "sff": "1998"
                    },
                    "et": {
                      "etn": "Year"
                    },
                    "dp": {
                      "off": 268
                    }
                  }
                ],
                "la": [],
                "ea": [],
                "eta": []
              }
            ],
            [
              {
                "stn": "buildingStartYears"
              },
              {
                "dla": [
                  {
                    "txt": {
                      "sff": "1992"
                    },
                    "et": {
                      "etn": "Year"
                    },
                    "dp": {
                      "off": 260
                    }
                  }
                ],
                "la": [],
                "ea": [],
                "eta": []
              }
            ],
            [
              {
                "stn": "countries"
              },
              {
                "dla": [],
                "la": [],
                "ea": [
                  {
                    "etn": "Taiwan"
                  }
                ],
                "eta": []
              }
            ]
          ]
        }
      ]
    }
  }
]
