[
  {
    "context": "TRAIN",
    "doc": {
      "id": "Matanoagawa_Dam",
      "tl": [
        {
          "si": 0,
          "sti": 0,
          "dti": 0,
          "sco": 0,
          "dco": 0,
          "txt": "Matanoagawa"
        },
        {
          "si": 0,
          "sti": 1,
          "dti": 1,
          "sco": 12,
          "dco": 12,
          "txt": "Dam"
        },
        {
          "si": 0,
          "sti": 2,
          "dti": 2,
          "sco": 15,
          "dco": 15,
          "txt": "."
        },
        {
          "si": 1,
          "sti": 0,
          "dti": 3,
          "sco": 0,
          "dco": 17,
          "txt": "The"
        },
        {
          "si": 1,
          "sti": 1,
          "dti": 4,
          "sco": 4,
          "dco": 21,
          "txt": "Matanoagawa"
        },
        {
          "si": 1,
          "sti": 2,
          "dti": 5,
          "sco": 16,
          "dco": 33,
          "txt": "Dam"
        },
        {
          "si": 1,
          "sti": 3,
          "dti": 6,
          "sco": 20,
          "dco": 37,
          "txt": "("
        },
        {
          "si": 1,
          "sti": 4,
          "dti": 7,
          "sco": 21,
          "dco": 38,
          "txt": "俣"
        },
        {
          "si": 1,
          "sti": 5,
          "dti": 8,
          "sco": 22,
          "dco": 39,
          "txt": "野"
        },
        {
          "si": 1,
          "sti": 6,
          "dti": 9,
          "sco": 23,
          "dco": 40,
          "txt": "川"
        },
        {
          "si": 1,
          "sti": 7,
          "dti": 10,
          "sco": 24,
          "dco": 41,
          "txt": "ダ"
        },
        {
          "si": 1,
          "sti": 8,
          "dti": 11,
          "sco": 25,
          "dco": 42,
          "txt": "ム"
        },
        {
          "si": 1,
          "sti": 9,
          "dti": 12,
          "sco": 26,
          "dco": 43,
          "txt": ")"
        },
        {
          "si": 1,
          "sti": 10,
          "dti": 13,
          "sco": 28,
          "dco": 45,
          "txt": "is"
        },
        {
          "si": 1,
          "sti": 11,
          "dti": 14,
          "sco": 31,
          "dco": 48,
          "txt": "a"
        },
        {
          "si": 1,
          "sti": 12,
          "dti": 15,
          "sco": 33,
          "dco": 50,
          "txt": "concrete"
        },
        {
          "si": 1,
          "sti": 13,
          "dti": 16,
          "sco": 42,
          "dco": 59,
          "txt": "gravity"
        },
        {
          "si": 1,
          "sti": 14,
          "dti": 17,
          "sco": 50,
          "dco": 67,
          "txt": "dam"
        },
        {
          "si": 1,
          "sti": 15,
          "dti": 18,
          "sco": 54,
          "dco": 71,
          "txt": "on"
        },
        {
          "si": 1,
          "sti": 16,
          "dti": 19,
          "sco": 57,
          "dco": 74,
          "txt": "a"
        },
        {
          "si": 1,
          "sti": 17,
          "dti": 20,
          "sco": 59,
          "dco": 76,
          "txt": "tributary"
        },
        {
          "si": 1,
          "sti": 18,
          "dti": 21,
          "sco": 69,
          "dco": 86,
          "txt": "of"
        },
        {
          "si": 1,
          "sti": 19,
          "dti": 22,
          "sco": 72,
          "dco": 89,
          "txt": "the"
        },
        {
          "si": 1,
          "sti": 20,
          "dti": 23,
          "sco": 76,
          "dco": 93,
          "txt": "Hino"
        },
        {
          "si": 1,
          "sti": 21,
          "dti": 24,
          "sco": 81,
          "dco": 98,
          "txt": "River"
        },
        {
          "si": 1,
          "sti": 22,
          "dti": 25,
          "sco": 87,
          "dco": 104,
          "txt": "located"
        },
        {
          "si": 1,
          "sti": 23,
          "dti": 26,
          "sco": 95,
          "dco": 112,
          "txt": "south"
        },
        {
          "si": 1,
          "sti": 24,
          "dti": 27,
          "sco": 101,
          "dco": 118,
          "txt": "of"
        },
        {
          "si": 1,
          "sti": 25,
          "dti": 28,
          "sco": 104,
          "dco": 121,
          "txt": "K"
        },
        {
          "si": 1,
          "sti": 26,
          "dti": 29,
          "sco": 105,
          "dco": 122,
          "txt": "ō"
        },
        {
          "si": 1,
          "sti": 27,
          "dti": 30,
          "sco": 106,
          "dco": 123,
          "txt": "fu"
        },
        {
          "si": 1,
          "sti": 28,
          "dti": 31,
          "sco": 109,
          "dco": 126,
          "txt": "in"
        },
        {
          "si": 1,
          "sti": 29,
          "dti": 32,
          "sco": 112,
          "dco": 129,
          "txt": "Tottori"
        },
        {
          "si": 1,
          "sti": 30,
          "dti": 33,
          "sco": 120,
          "dco": 137,
          "txt": "Prefecture"
        },
        {
          "si": 1,
          "sti": 31,
          "dti": 34,
          "sco": 130,
          "dco": 147,
          "txt": ","
        },
        {
          "si": 1,
          "sti": 32,
          "dti": 35,
          "sco": 132,
          "dco": 149,
          "txt": "Japan"
        },
        {
          "si": 1,
          "sti": 33,
          "dti": 36,
          "sco": 137,
          "dco": 154,
          "txt": "."
        },
        {
          "si": 2,
          "sti": 0,
          "dti": 37,
          "sco": 0,
          "dco": 156,
          "txt": "Construction"
        },
        {
          "si": 2,
          "sti": 1,
          "dti": 38,
          "sco": 13,
          "dco": 169,
          "txt": "on"
        },
        {
          "si": 2,
          "sti": 2,
          "dti": 39,
          "sco": 16,
          "dco": 172,
          "txt": "the"
        },
        {
          "si": 2,
          "sti": 3,
          "dti": 40,
          "sco": 20,
          "dco": 176,
          "txt": "dam"
        },
        {
          "si": 2,
          "sti": 4,
          "dti": 41,
          "sco": 24,
          "dco": 180,
          "txt": "began"
        },
        {
          "si": 2,
          "sti": 5,
          "dti": 42,
          "sco": 30,
          "dco": 186,
          "txt": "in"
        },
        {
          "si": 2,
          "sti": 6,
          "dti": 43,
          "sco": 33,
          "dco": 189,
          "txt": "1978"
        },
        {
          "si": 2,
          "sti": 7,
          "dti": 44,
          "sco": 38,
          "dco": 194,
          "txt": "and"
        },
        {
          "si": 2,
          "sti": 8,
          "dti": 45,
          "sco": 42,
          "dco": 198,
          "txt": "it"
        },
        {
          "si": 2,
          "sti": 9,
          "dti": 46,
          "sco": 45,
          "dco": 201,
          "txt": "was"
        },
        {
          "si": 2,
          "sti": 10,
          "dti": 47,
          "sco": 49,
          "dco": 205,
          "txt": "complete"
        },
        {
          "si": 2,
          "sti": 11,
          "dti": 48,
          "sco": 58,
          "dco": 214,
          "txt": "in"
        },
        {
          "si": 2,
          "sti": 12,
          "dti": 49,
          "sco": 61,
          "dco": 217,
          "txt": "1984"
        },
        {
          "si": 2,
          "sti": 13,
          "dti": 50,
          "sco": 65,
          "dco": 221,
          "txt": "."
        },
        {
          "si": 3,
          "sti": 0,
          "dti": 51,
          "sco": 0,
          "dco": 223,
          "txt": "The"
        },
        {
          "si": 3,
          "sti": 1,
          "dti": 52,
          "sco": 4,
          "dco": 227,
          "txt": "primary"
        },
        {
          "si": 3,
          "sti": 2,
          "dti": 53,
          "sco": 12,
          "dco": 235,
          "txt": "purpose"
        },
        {
          "si": 3,
          "sti": 3,
          "dti": 54,
          "sco": 20,
          "dco": 243,
          "txt": "of"
        },
        {
          "si": 3,
          "sti": 4,
          "dti": 55,
          "sco": 23,
          "dco": 246,
          "txt": "the"
        },
        {
          "si": 3,
          "sti": 5,
          "dti": 56,
          "sco": 27,
          "dco": 250,
          "txt": "dam"
        },
        {
          "si": 3,
          "sti": 6,
          "dti": 57,
          "sco": 31,
          "dco": 254,
          "txt": "is"
        },
        {
          "si": 3,
          "sti": 7,
          "dti": 58,
          "sco": 34,
          "dco": 257,
          "txt": "hydroelectric"
        },
        {
          "si": 3,
          "sti": 8,
          "dti": 59,
          "sco": 48,
          "dco": 271,
          "txt": "generation"
        },
        {
          "si": 3,
          "sti": 9,
          "dti": 60,
          "sco": 59,
          "dco": 282,
          "txt": "and"
        },
        {
          "si": 3,
          "sti": 10,
          "dti": 61,
          "sco": 63,
          "dco": 286,
          "txt": "it"
        },
        {
          "si": 3,
          "sti": 11,
          "dti": 62,
          "sco": 66,
          "dco": 289,
          "txt": "creates"
        },
        {
          "si": 3,
          "sti": 12,
          "dti": 63,
          "sco": 74,
          "dco": 297,
          "txt": "the"
        },
        {
          "si": 3,
          "sti": 13,
          "dti": 64,
          "sco": 78,
          "dco": 301,
          "txt": "lower"
        },
        {
          "si": 3,
          "sti": 14,
          "dti": 65,
          "sco": 84,
          "dco": 307,
          "txt": "reservoir"
        },
        {
          "si": 3,
          "sti": 15,
          "dti": 66,
          "sco": 94,
          "dco": 317,
          "txt": "for"
        },
        {
          "si": 3,
          "sti": 16,
          "dti": 67,
          "sco": 98,
          "dco": 321,
          "txt": "the"
        },
        {
          "si": 3,
          "sti": 17,
          "dti": 68,
          "sco": 102,
          "dco": 325,
          "txt": "Matanoagawa"
        },
        {
          "si": 3,
          "sti": 18,
          "dti": 69,
          "sco": 114,
          "dco": 337,
          "txt": "Pumped"
        },
        {
          "si": 3,
          "sti": 19,
          "dti": 70,
          "sco": 121,
          "dco": 344,
          "txt": "Storage"
        },
        {
          "si": 3,
          "sti": 20,
          "dti": 71,
          "sco": 129,
          "dco": 352,
          "txt": "Power"
        },
        {
          "si": 3,
          "sti": 21,
          "dti": 72,
          "sco": 135,
          "dco": 358,
          "txt": "Station"
        },
        {
          "si": 3,
          "sti": 22,
          "dti": 73,
          "sco": 143,
          "dco": 366,
          "txt": "("
        },
        {
          "si": 3,
          "sti": 23,
          "dti": 74,
          "sco": 144,
          "dco": 367,
          "txt": "俣"
        },
        {
          "si": 3,
          "sti": 24,
          "dti": 75,
          "sco": 145,
          "dco": 368,
          "txt": "野"
        },
        {
          "si": 3,
          "sti": 25,
          "dti": 76,
          "sco": 146,
          "dco": 369,
          "txt": "川"
        },
        {
          "si": 3,
          "sti": 26,
          "dti": 77,
          "sco": 147,
          "dco": 370,
          "txt": "発"
        },
        {
          "si": 3,
          "sti": 27,
          "dti": 78,
          "sco": 148,
          "dco": 371,
          "txt": "電"
        },
        {
          "si": 3,
          "sti": 28,
          "dti": 79,
          "sco": 149,
          "dco": 372,
          "txt": "所"
        },
        {
          "si": 3,
          "sti": 29,
          "dti": 80,
          "sco": 150,
          "dco": 373,
          "txt": ")"
        },
        {
          "si": 3,
          "sti": 30,
          "dti": 81,
          "sco": 151,
          "dco": 374,
          "txt": "."
        },
        {
          "si": 4,
          "sti": 0,
          "dti": 82,
          "sco": 0,
          "dco": 376,
          "txt": "It"
        },
        {
          "si": 4,
          "sti": 1,
          "dti": 83,
          "sco": 3,
          "dco": 379,
          "txt": "is"
        },
        {
          "si": 4,
          "sti": 2,
          "dti": 84,
          "sco": 6,
          "dco": 382,
          "txt": "tall"
        },
        {
          "si": 4,
          "sti": 3,
          "dti": 85,
          "sco": 11,
          "dco": 387,
          "txt": "and"
        },
        {
          "si": 4,
          "sti": 4,
          "dti": 86,
          "sco": 15,
          "dco": 391,
          "txt": "creates"
        },
        {
          "si": 4,
          "sti": 5,
          "dti": 87,
          "sco": 23,
          "dco": 399,
          "txt": "a"
        },
        {
          "si": 4,
          "sti": 6,
          "dti": 88,
          "sco": 25,
          "dco": 401,
          "txt": "reservoir"
        },
        {
          "si": 4,
          "sti": 7,
          "dti": 89,
          "sco": 35,
          "dco": 411,
          "txt": "with"
        },
        {
          "si": 4,
          "sti": 8,
          "dti": 90,
          "sco": 40,
          "dco": 416,
          "txt": "a"
        },
        {
          "si": 4,
          "sti": 9,
          "dti": 91,
          "sco": 42,
          "dco": 418,
          "txt": "storage"
        },
        {
          "si": 4,
          "sti": 10,
          "dti": 92,
          "sco": 50,
          "dco": 426,
          "txt": "capacity"
        },
        {
          "si": 4,
          "sti": 11,
          "dti": 93,
          "sco": 58,
          "dco": 434,
          "txt": "."
        },
        {
          "si": 5,
          "sti": 0,
          "dti": 94,
          "sco": 0,
          "dco": 436,
          "txt": "The"
        },
        {
          "si": 5,
          "sti": 1,
          "dti": 95,
          "sco": 4,
          "dco": 440,
          "txt": "power"
        },
        {
          "si": 5,
          "sti": 2,
          "dti": 96,
          "sco": 10,
          "dco": 446,
          "txt": "station"
        },
        {
          "si": 5,
          "sti": 3,
          "dti": 97,
          "sco": 18,
          "dco": 454,
          "txt": "is"
        },
        {
          "si": 5,
          "sti": 4,
          "dti": 98,
          "sco": 21,
          "dco": 457,
          "txt": "located"
        },
        {
          "si": 5,
          "sti": 5,
          "dti": 99,
          "sco": 29,
          "dco": 465,
          "txt": "on"
        },
        {
          "si": 5,
          "sti": 6,
          "dti": 100,
          "sco": 32,
          "dco": 468,
          "txt": "the"
        },
        {
          "si": 5,
          "sti": 7,
          "dti": 101,
          "sco": 36,
          "dco": 472,
          "txt": "southern"
        },
        {
          "si": 5,
          "sti": 8,
          "dti": 102,
          "sco": 45,
          "dco": 481,
          "txt": "bank"
        },
        {
          "si": 5,
          "sti": 9,
          "dti": 103,
          "sco": 50,
          "dco": 486,
          "txt": "of"
        },
        {
          "si": 5,
          "sti": 10,
          "dti": 104,
          "sco": 53,
          "dco": 489,
          "txt": "the"
        },
        {
          "si": 5,
          "sti": 11,
          "dti": 105,
          "sco": 57,
          "dco": 493,
          "txt": "reservoir"
        },
        {
          "si": 5,
          "sti": 12,
          "dti": 106,
          "sco": 67,
          "dco": 503,
          "txt": "and"
        },
        {
          "si": 5,
          "sti": 13,
          "dti": 107,
          "sco": 71,
          "dco": 507,
          "txt": "contains"
        },
        {
          "si": 5,
          "sti": 14,
          "dti": 108,
          "sco": 80,
          "dco": 516,
          "txt": "four"
        },
        {
          "si": 5,
          "sti": 15,
          "dti": 109,
          "sco": 85,
          "dco": 521,
          "txt": "Francis"
        },
        {
          "si": 5,
          "sti": 16,
          "dti": 110,
          "sco": 93,
          "dco": 529,
          "txt": "pump"
        },
        {
          "si": 5,
          "sti": 17,
          "dti": 111,
          "sco": 97,
          "dco": 533,
          "txt": "-"
        },
        {
          "si": 5,
          "sti": 18,
          "dti": 112,
          "sco": 98,
          "dco": 534,
          "txt": "turbine"
        },
        {
          "si": 5,
          "sti": 19,
          "dti": 113,
          "sco": 105,
          "dco": 541,
          "txt": "-"
        },
        {
          "si": 5,
          "sti": 20,
          "dti": 114,
          "sco": 106,
          "dco": 542,
          "txt": "generators"
        },
        {
          "si": 5,
          "sti": 21,
          "dti": 115,
          "sco": 116,
          "dco": 552,
          "txt": "."
        },
        {
          "si": 6,
          "sti": 0,
          "dti": 116,
          "sco": 0,
          "dco": 554,
          "txt": "The"
        },
        {
          "si": 6,
          "sti": 1,
          "dti": 117,
          "sco": 4,
          "dco": 558,
          "txt": "upper"
        },
        {
          "si": 6,
          "sti": 2,
          "dti": 118,
          "sco": 10,
          "dco": 564,
          "txt": "reservoir"
        },
        {
          "si": 6,
          "sti": 3,
          "dti": 119,
          "sco": 20,
          "dco": 574,
          "txt": "for"
        },
        {
          "si": 6,
          "sti": 4,
          "dti": 120,
          "sco": 24,
          "dco": 578,
          "txt": "the"
        },
        {
          "si": 6,
          "sti": 5,
          "dti": 121,
          "sco": 28,
          "dco": 582,
          "txt": "pumped"
        },
        {
          "si": 6,
          "sti": 6,
          "dti": 122,
          "sco": 34,
          "dco": 588,
          "txt": "-"
        },
        {
          "si": 6,
          "sti": 7,
          "dti": 123,
          "sco": 35,
          "dco": 589,
          "txt": "storage"
        },
        {
          "si": 6,
          "sti": 8,
          "dti": 124,
          "sco": 43,
          "dco": 597,
          "txt": "scheme"
        },
        {
          "si": 6,
          "sti": 9,
          "dti": 125,
          "sco": 50,
          "dco": 604,
          "txt": "is"
        },
        {
          "si": 6,
          "sti": 10,
          "dti": 126,
          "sco": 53,
          "dco": 607,
          "txt": "created"
        },
        {
          "si": 6,
          "sti": 11,
          "dti": 127,
          "sco": 61,
          "dco": 615,
          "txt": "by"
        },
        {
          "si": 6,
          "sti": 12,
          "dti": 128,
          "sco": 64,
          "dco": 618,
          "txt": "the"
        },
        {
          "si": 6,
          "sti": 13,
          "dti": 129,
          "sco": 68,
          "dco": 622,
          "txt": "Doyo"
        },
        {
          "si": 6,
          "sti": 14,
          "dti": 130,
          "sco": 73,
          "dco": 627,
          "txt": "Dam"
        },
        {
          "si": 6,
          "sti": 15,
          "dti": 131,
          "sco": 77,
          "dco": 631,
          "txt": "located"
        },
        {
          "si": 6,
          "sti": 16,
          "dti": 132,
          "sco": 85,
          "dco": 639,
          "txt": "to"
        },
        {
          "si": 6,
          "sti": 17,
          "dti": 133,
          "sco": 88,
          "dco": 642,
          "txt": "the"
        },
        {
          "si": 6,
          "sti": 18,
          "dti": 134,
          "sco": 92,
          "dco": 646,
          "txt": "southeast"
        },
        {
          "si": 6,
          "sti": 19,
          "dti": 135,
          "sco": 102,
          "dco": 656,
          "txt": "in"
        },
        {
          "si": 6,
          "sti": 20,
          "dti": 136,
          "sco": 105,
          "dco": 659,
          "txt": "Okayama"
        },
        {
          "si": 6,
          "sti": 21,
          "dti": 137,
          "sco": 113,
          "dco": 667,
          "txt": "Prefecture"
        },
        {
          "si": 6,
          "sti": 22,
          "dti": 138,
          "sco": 123,
          "dco": 677,
          "txt": "."
        },
        {
          "si": 7,
          "sti": 0,
          "dti": 139,
          "sco": 0,
          "dco": 679,
          "txt": "To"
        },
        {
          "si": 7,
          "sti": 1,
          "dti": 140,
          "sco": 3,
          "dco": 682,
          "txt": "generate"
        },
        {
          "si": 7,
          "sti": 2,
          "dti": 141,
          "sco": 12,
          "dco": 691,
          "txt": "power"
        },
        {
          "si": 7,
          "sti": 3,
          "dti": 142,
          "sco": 17,
          "dco": 696,
          "txt": ","
        },
        {
          "si": 7,
          "sti": 4,
          "dti": 143,
          "sco": 19,
          "dco": 698,
          "txt": "water"
        },
        {
          "si": 7,
          "sti": 5,
          "dti": 144,
          "sco": 25,
          "dco": 704,
          "txt": "from"
        },
        {
          "si": 7,
          "sti": 6,
          "dti": 145,
          "sco": 30,
          "dco": 709,
          "txt": "the"
        },
        {
          "si": 7,
          "sti": 7,
          "dti": 146,
          "sco": 34,
          "dco": 713,
          "txt": "Doyo"
        },
        {
          "si": 7,
          "sti": 8,
          "dti": 147,
          "sco": 39,
          "dco": 718,
          "txt": "Dam"
        },
        {
          "si": 7,
          "sti": 9,
          "dti": 148,
          "sco": 43,
          "dco": 722,
          "txt": "is"
        },
        {
          "si": 7,
          "sti": 10,
          "dti": 149,
          "sco": 46,
          "dco": 725,
          "txt": "sent"
        },
        {
          "si": 7,
          "sti": 11,
          "dti": 150,
          "sco": 51,
          "dco": 730,
          "txt": "to"
        },
        {
          "si": 7,
          "sti": 12,
          "dti": 151,
          "sco": 54,
          "dco": 733,
          "txt": "the"
        },
        {
          "si": 7,
          "sti": 13,
          "dti": 152,
          "sco": 58,
          "dco": 737,
          "txt": "power"
        },
        {
          "si": 7,
          "sti": 14,
          "dti": 153,
          "sco": 64,
          "dco": 743,
          "txt": "station"
        },
        {
          "si": 7,
          "sti": 15,
          "dti": 154,
          "sco": 71,
          "dco": 750,
          "txt": ","
        },
        {
          "si": 7,
          "sti": 16,
          "dti": 155,
          "sco": 73,
          "dco": 752,
          "txt": "used"
        },
        {
          "si": 7,
          "sti": 17,
          "dti": 156,
          "sco": 78,
          "dco": 757,
          "txt": "to"
        },
        {
          "si": 7,
          "sti": 18,
          "dti": 157,
          "sco": 81,
          "dco": 760,
          "txt": "generate"
        },
        {
          "si": 7,
          "sti": 19,
          "dti": 158,
          "sco": 90,
          "dco": 769,
          "txt": "electricity"
        },
        {
          "si": 7,
          "sti": 20,
          "dti": 159,
          "sco": 102,
          "dco": 781,
          "txt": "and"
        },
        {
          "si": 7,
          "sti": 21,
          "dti": 160,
          "sco": 106,
          "dco": 785,
          "txt": "then"
        },
        {
          "si": 7,
          "sti": 22,
          "dti": 161,
          "sco": 111,
          "dco": 790,
          "txt": "discharged"
        },
        {
          "si": 7,
          "sti": 23,
          "dti": 162,
          "sco": 122,
          "dco": 801,
          "txt": "into"
        },
        {
          "si": 7,
          "sti": 24,
          "dti": 163,
          "sco": 127,
          "dco": 806,
          "txt": "the"
        },
        {
          "si": 7,
          "sti": 25,
          "dti": 164,
          "sco": 131,
          "dco": 810,
          "txt": "Matanoagawa"
        },
        {
          "si": 7,
          "sti": 26,
          "dti": 165,
          "sco": 143,
          "dco": 822,
          "txt": "Reservoir"
        },
        {
          "si": 7,
          "sti": 27,
          "dti": 166,
          "sco": 152,
          "dco": 831,
          "txt": "."
        },
        {
          "si": 8,
          "sti": 0,
          "dti": 167,
          "sco": 0,
          "dco": 833,
          "txt": "This"
        },
        {
          "si": 8,
          "sti": 1,
          "dti": 168,
          "sco": 5,
          "dco": 838,
          "txt": "occurs"
        },
        {
          "si": 8,
          "sti": 2,
          "dti": 169,
          "sco": 12,
          "dco": 845,
          "txt": "when"
        },
        {
          "si": 8,
          "sti": 3,
          "dti": 170,
          "sco": 17,
          "dco": 850,
          "txt": "energy"
        },
        {
          "si": 8,
          "sti": 4,
          "dti": 171,
          "sco": 24,
          "dco": 857,
          "txt": "demand"
        },
        {
          "si": 8,
          "sti": 5,
          "dti": 172,
          "sco": 31,
          "dco": 864,
          "txt": "is"
        },
        {
          "si": 8,
          "sti": 6,
          "dti": 173,
          "sco": 34,
          "dco": 867,
          "txt": "high"
        },
        {
          "si": 8,
          "sti": 7,
          "dti": 174,
          "sco": 39,
          "dco": 872,
          "txt": "and"
        },
        {
          "si": 8,
          "sti": 8,
          "dti": 175,
          "sco": 43,
          "dco": 876,
          "txt": "when"
        },
        {
          "si": 8,
          "sti": 9,
          "dti": 176,
          "sco": 48,
          "dco": 881,
          "txt": "it"
        },
        {
          "si": 8,
          "sti": 10,
          "dti": 177,
          "sco": 51,
          "dco": 884,
          "txt": "is"
        },
        {
          "si": 8,
          "sti": 11,
          "dti": 178,
          "sco": 54,
          "dco": 887,
          "txt": "low"
        },
        {
          "si": 8,
          "sti": 12,
          "dti": 179,
          "sco": 57,
          "dco": 890,
          "txt": ","
        },
        {
          "si": 8,
          "sti": 13,
          "dti": 180,
          "sco": 59,
          "dco": 892,
          "txt": "water"
        },
        {
          "si": 8,
          "sti": 14,
          "dti": 181,
          "sco": 65,
          "dco": 898,
          "txt": "is"
        },
        {
          "si": 8,
          "sti": 15,
          "dti": 182,
          "sco": 68,
          "dco": 901,
          "txt": "pumped"
        },
        {
          "si": 8,
          "sti": 16,
          "dti": 183,
          "sco": 75,
          "dco": 908,
          "txt": "back"
        },
        {
          "si": 8,
          "sti": 17,
          "dti": 184,
          "sco": 80,
          "dco": 913,
          "txt": "up"
        },
        {
          "si": 8,
          "sti": 18,
          "dti": 185,
          "sco": 83,
          "dco": 916,
          "txt": "to"
        },
        {
          "si": 8,
          "sti": 19,
          "dti": 186,
          "sco": 86,
          "dco": 919,
          "txt": "the"
        },
        {
          "si": 8,
          "sti": 20,
          "dti": 187,
          "sco": 90,
          "dco": 923,
          "txt": "Doyo"
        },
        {
          "si": 8,
          "sti": 21,
          "dti": 188,
          "sco": 95,
          "dco": 928,
          "txt": "Dam"
        },
        {
          "si": 8,
          "sti": 22,
          "dti": 189,
          "sco": 99,
          "dco": 932,
          "txt": "as"
        },
        {
          "si": 8,
          "sti": 23,
          "dti": 190,
          "sco": 102,
          "dco": 935,
          "txt": "stored"
        },
        {
          "si": 8,
          "sti": 24,
          "dti": 191,
          "sco": 109,
          "dco": 942,
          "txt": "energy"
        },
        {
          "si": 8,
          "sti": 25,
          "dti": 192,
          "sco": 115,
          "dco": 948,
          "txt": "."
        },
        {
          "si": 9,
          "sti": 0,
          "dti": 193,
          "sco": 0,
          "dco": 950,
          "txt": "The"
        },
        {
          "si": 9,
          "sti": 1,
          "dti": 194,
          "sco": 4,
          "dco": 954,
          "txt": "same"
        },
        {
          "si": 9,
          "sti": 2,
          "dti": 195,
          "sco": 9,
          "dco": 959,
          "txt": "pump"
        },
        {
          "si": 9,
          "sti": 3,
          "dti": 196,
          "sco": 13,
          "dco": 963,
          "txt": "-"
        },
        {
          "si": 9,
          "sti": 4,
          "dti": 197,
          "sco": 14,
          "dco": 964,
          "txt": "generators"
        },
        {
          "si": 9,
          "sti": 5,
          "dti": 198,
          "sco": 25,
          "dco": 975,
          "txt": "that"
        },
        {
          "si": 9,
          "sti": 6,
          "dti": 199,
          "sco": 30,
          "dco": 980,
          "txt": "pump"
        },
        {
          "si": 9,
          "sti": 7,
          "dti": 200,
          "sco": 35,
          "dco": 985,
          "txt": "the"
        },
        {
          "si": 9,
          "sti": 8,
          "dti": 201,
          "sco": 39,
          "dco": 989,
          "txt": "water"
        },
        {
          "si": 9,
          "sti": 9,
          "dti": 202,
          "sco": 45,
          "dco": 995,
          "txt": "to"
        },
        {
          "si": 9,
          "sti": 10,
          "dti": 203,
          "sco": 48,
          "dco": 998,
          "txt": "Doyo"
        },
        {
          "si": 9,
          "sti": 11,
          "dti": 204,
          "sco": 53,
          "dco": 1003,
          "txt": "reverse"
        },
        {
          "si": 9,
          "sti": 12,
          "dti": 205,
          "sco": 61,
          "dco": 1011,
          "txt": "and"
        },
        {
          "si": 9,
          "sti": 13,
          "dti": 206,
          "sco": 65,
          "dco": 1015,
          "txt": "generate"
        },
        {
          "si": 9,
          "sti": 14,
          "dti": 207,
          "sco": 74,
          "dco": 1024,
          "txt": "electricity"
        },
        {
          "si": 9,
          "sti": 15,
          "dti": 208,
          "sco": 86,
          "dco": 1036,
          "txt": "when"
        },
        {
          "si": 9,
          "sti": 16,
          "dti": 209,
          "sco": 91,
          "dco": 1041,
          "txt": "it"
        },
        {
          "si": 9,
          "sti": 17,
          "dti": 210,
          "sco": 94,
          "dco": 1044,
          "txt": "is"
        },
        {
          "si": 9,
          "sti": 18,
          "dti": 211,
          "sco": 97,
          "dco": 1047,
          "txt": "sent"
        },
        {
          "si": 9,
          "sti": 19,
          "dti": 212,
          "sco": 102,
          "dco": 1052,
          "txt": "back"
        },
        {
          "si": 9,
          "sti": 20,
          "dti": 213,
          "sco": 107,
          "dco": 1057,
          "txt": "down"
        },
        {
          "si": 9,
          "sti": 21,
          "dti": 214,
          "sco": 111,
          "dco": 1061,
          "txt": "."
        },
        {
          "si": 10,
          "sti": 0,
          "dti": 215,
          "sco": 0,
          "dco": 1063,
          "txt": "The"
        },
        {
          "si": 10,
          "sti": 1,
          "dti": 216,
          "sco": 4,
          "dco": 1067,
          "txt": "first"
        },
        {
          "si": 10,
          "sti": 2,
          "dti": 217,
          "sco": 10,
          "dco": 1073,
          "txt": "generator"
        },
        {
          "si": 10,
          "sti": 3,
          "dti": 218,
          "sco": 20,
          "dco": 1083,
          "txt": "was"
        },
        {
          "si": 10,
          "sti": 4,
          "dti": 219,
          "sco": 24,
          "dco": 1087,
          "txt": "operational"
        },
        {
          "si": 10,
          "sti": 5,
          "dti": 220,
          "sco": 36,
          "dco": 1099,
          "txt": "in"
        },
        {
          "si": 10,
          "sti": 6,
          "dti": 221,
          "sco": 39,
          "dco": 1102,
          "txt": "1992"
        },
        {
          "si": 10,
          "sti": 7,
          "dti": 222,
          "sco": 44,
          "dco": 1107,
          "txt": "and"
        },
        {
          "si": 10,
          "sti": 8,
          "dti": 223,
          "sco": 48,
          "dco": 1111,
          "txt": "the"
        },
        {
          "si": 10,
          "sti": 9,
          "dti": 224,
          "sco": 52,
          "dco": 1115,
          "txt": "last"
        },
        {
          "si": 10,
          "sti": 10,
          "dti": 225,
          "sco": 57,
          "dco": 1120,
          "txt": "in"
        },
        {
          "si": 10,
          "sti": 11,
          "dti": 226,
          "sco": 60,
          "dco": 1123,
          "txt": "1996"
        },
        {
          "si": 10,
          "sti": 12,
          "dti": 227,
          "sco": 64,
          "dco": 1127,
          "txt": "."
        }
      ]
    },
    "ganns": {
      "dla": [],
      "la": [],
      "ea": [],
      "eta": [
        {
          "ra": {
            "ea": {
              "etn": "Matanoagawa_Dam"
            }
          },
          "sfs": [
            [
              {
                "stn": "status"
              },
              {}
            ]
          ],
          "mfs": [
            [
              {
                "stn": "rivers"
              },
              {
                "dla": [],
                "la": [],
                "ea": [
                  {
                    "etn": "Hino_River"
                  }
                ],
                "eta": []
              }
            ],
            [
              {
                "stn": "locations"
              },
              {
                "dla": [],
                "la": [],
                "ea": [],
                "eta": []
              }
            ],
            [
              {
                "stn": "openingYears"
              },
              {
                "dla": [
                  {
                    "txt": {
                      "sff": "1984"
                    },
                    "et": {
                      "etn": "Year"
                    },
                    "dp": {
                      "off": 217
                    }
                  }
                ],
                "la": [],
                "ea": [],
                "eta": []
              }
            ],
            [
              {
                "stn": "buildingStartYears"
              },
              {
                "dla": [
                  {
                    "txt": {
                      "sff": "1978"
                    },
                    "et": {
                      "etn": "Year"
                    },
                    "dp": {
                      "off": 189
                    }
                  }
                ],
                "la": [],
                "ea": [],
                "eta": []
              }
            ],
            [
              {
                "stn": "countries"
              },
              {
                "dla": [],
                "la": [],
                "ea": [],
                "eta": []
              }
            ]
          ]
        }
      ]
    }
  }
]
