[
  {
    "context": "TRAIN",
    "doc": {
      "id": "Miyagase_Dam",
      "tl": [
        {
          "si": 0,
          "sti": 0,
          "dti": 0,
          "sco": 0,
          "dco": 0,
          "txt": "Miyagase"
        },
        {
          "si": 0,
          "sti": 1,
          "dti": 1,
          "sco": 9,
          "dco": 9,
          "txt": "Dam"
        },
        {
          "si": 0,
          "sti": 2,
          "dti": 2,
          "sco": 12,
          "dco": 12,
          "txt": "."
        },
        {
          "si": 1,
          "sti": 0,
          "dti": 3,
          "sco": 0,
          "dco": 14,
          "txt": "The"
        },
        {
          "si": 1,
          "sti": 1,
          "dti": 4,
          "sco": 4,
          "dco": 18,
          "txt": "is"
        },
        {
          "si": 1,
          "sti": 2,
          "dti": 5,
          "sco": 7,
          "dco": 21,
          "txt": "a"
        },
        {
          "si": 1,
          "sti": 3,
          "dti": 6,
          "sco": 9,
          "dco": 23,
          "txt": "dam"
        },
        {
          "si": 1,
          "sti": 4,
          "dti": 7,
          "sco": 13,
          "dco": 27,
          "txt": "on"
        },
        {
          "si": 1,
          "sti": 5,
          "dti": 8,
          "sco": 16,
          "dco": 30,
          "txt": "the"
        },
        {
          "si": 1,
          "sti": 6,
          "dti": 9,
          "sco": 20,
          "dco": 34,
          "txt": "Nakatsu"
        },
        {
          "si": 1,
          "sti": 7,
          "dti": 10,
          "sco": 28,
          "dco": 42,
          "txt": "River"
        },
        {
          "si": 1,
          "sti": 8,
          "dti": 11,
          "sco": 33,
          "dco": 47,
          "txt": ","
        },
        {
          "si": 1,
          "sti": 9,
          "dti": 12,
          "sco": 35,
          "dco": 49,
          "txt": "a"
        },
        {
          "si": 1,
          "sti": 10,
          "dti": 13,
          "sco": 37,
          "dco": 51,
          "txt": "main"
        },
        {
          "si": 1,
          "sti": 11,
          "dti": 14,
          "sco": 42,
          "dco": 56,
          "txt": "tributary"
        },
        {
          "si": 1,
          "sti": 12,
          "dti": 15,
          "sco": 52,
          "dco": 66,
          "txt": "of"
        },
        {
          "si": 1,
          "sti": 13,
          "dti": 16,
          "sco": 55,
          "dco": 69,
          "txt": "the"
        },
        {
          "si": 1,
          "sti": 14,
          "dti": 17,
          "sco": 59,
          "dco": 73,
          "txt": "Sagami"
        },
        {
          "si": 1,
          "sti": 15,
          "dti": 18,
          "sco": 66,
          "dco": 80,
          "txt": "River"
        },
        {
          "si": 1,
          "sti": 16,
          "dti": 19,
          "sco": 72,
          "dco": 86,
          "txt": "in"
        },
        {
          "si": 1,
          "sti": 17,
          "dti": 20,
          "sco": 75,
          "dco": 89,
          "txt": "Aik"
        },
        {
          "si": 1,
          "sti": 18,
          "dti": 21,
          "sco": 78,
          "dco": 92,
          "txt": "ō"
        },
        {
          "si": 1,
          "sti": 19,
          "dti": 22,
          "sco": 80,
          "dco": 94,
          "txt": "District"
        },
        {
          "si": 1,
          "sti": 20,
          "dti": 23,
          "sco": 88,
          "dco": 102,
          "txt": ","
        },
        {
          "si": 1,
          "sti": 21,
          "dti": 24,
          "sco": 90,
          "dco": 104,
          "txt": "Kanagawa"
        },
        {
          "si": 1,
          "sti": 22,
          "dti": 25,
          "sco": 99,
          "dco": 113,
          "txt": "Prefecture"
        },
        {
          "si": 1,
          "sti": 23,
          "dti": 26,
          "sco": 110,
          "dco": 124,
          "txt": "on"
        },
        {
          "si": 1,
          "sti": 24,
          "dti": 27,
          "sco": 113,
          "dco": 127,
          "txt": "the"
        },
        {
          "si": 1,
          "sti": 25,
          "dti": 28,
          "sco": 117,
          "dco": 131,
          "txt": "island"
        },
        {
          "si": 1,
          "sti": 26,
          "dti": 29,
          "sco": 124,
          "dco": 138,
          "txt": "of"
        },
        {
          "si": 1,
          "sti": 27,
          "dti": 30,
          "sco": 127,
          "dco": 141,
          "txt": "Honsh"
        },
        {
          "si": 1,
          "sti": 28,
          "dti": 31,
          "sco": 132,
          "dco": 146,
          "txt": "ū"
        },
        {
          "si": 1,
          "sti": 29,
          "dti": 32,
          "sco": 133,
          "dco": 147,
          "txt": ","
        },
        {
          "si": 1,
          "sti": 30,
          "dti": 33,
          "sco": 135,
          "dco": 149,
          "txt": "Japan"
        },
        {
          "si": 1,
          "sti": 31,
          "dti": 34,
          "sco": 140,
          "dco": 154,
          "txt": "."
        },
        {
          "si": 2,
          "sti": 0,
          "dti": 35,
          "sco": 0,
          "dco": 156,
          "txt": "It"
        },
        {
          "si": 2,
          "sti": 1,
          "dti": 36,
          "sco": 3,
          "dco": 159,
          "txt": "straddles"
        },
        {
          "si": 2,
          "sti": 2,
          "dti": 37,
          "sco": 13,
          "dco": 169,
          "txt": "the"
        },
        {
          "si": 2,
          "sti": 3,
          "dti": 38,
          "sco": 17,
          "dco": 173,
          "txt": "border"
        },
        {
          "si": 2,
          "sti": 4,
          "dti": 39,
          "sco": 24,
          "dco": 180,
          "txt": "between"
        },
        {
          "si": 2,
          "sti": 5,
          "dti": 40,
          "sco": 32,
          "dco": 188,
          "txt": "the"
        },
        {
          "si": 2,
          "sti": 6,
          "dti": 41,
          "sco": 36,
          "dco": 192,
          "txt": "village"
        },
        {
          "si": 2,
          "sti": 7,
          "dti": 42,
          "sco": 44,
          "dco": 200,
          "txt": "of"
        },
        {
          "si": 2,
          "sti": 8,
          "dti": 43,
          "sco": 47,
          "dco": 203,
          "txt": "Kiyokawa"
        },
        {
          "si": 2,
          "sti": 9,
          "dti": 44,
          "sco": 55,
          "dco": 211,
          "txt": ","
        },
        {
          "si": 2,
          "sti": 10,
          "dti": 45,
          "sco": 57,
          "dco": 213,
          "txt": "town"
        },
        {
          "si": 2,
          "sti": 11,
          "dti": 46,
          "sco": 62,
          "dco": 218,
          "txt": "of"
        },
        {
          "si": 2,
          "sti": 12,
          "dti": 47,
          "sco": 65,
          "dco": 221,
          "txt": "Aikawa"
        },
        {
          "si": 2,
          "sti": 13,
          "dti": 48,
          "sco": 72,
          "dco": 228,
          "txt": "and"
        },
        {
          "si": 2,
          "sti": 14,
          "dti": 49,
          "sco": 76,
          "dco": 232,
          "txt": "the"
        },
        {
          "si": 2,
          "sti": 15,
          "dti": 50,
          "sco": 80,
          "dco": 236,
          "txt": "former"
        },
        {
          "si": 2,
          "sti": 16,
          "dti": 51,
          "sco": 87,
          "dco": 243,
          "txt": "town"
        },
        {
          "si": 2,
          "sti": 17,
          "dti": 52,
          "sco": 92,
          "dco": 248,
          "txt": "of"
        },
        {
          "si": 2,
          "sti": 18,
          "dti": 53,
          "sco": 95,
          "dco": 251,
          "txt": "Tsukui"
        },
        {
          "si": 2,
          "sti": 19,
          "dti": 54,
          "sco": 102,
          "dco": 258,
          "txt": "("
        },
        {
          "si": 2,
          "sti": 20,
          "dti": 55,
          "sco": 103,
          "dco": 259,
          "txt": "now"
        },
        {
          "si": 2,
          "sti": 21,
          "dti": 56,
          "sco": 107,
          "dco": 263,
          "txt": "part"
        },
        {
          "si": 2,
          "sti": 22,
          "dti": 57,
          "sco": 112,
          "dco": 268,
          "txt": "of"
        },
        {
          "si": 2,
          "sti": 23,
          "dti": 58,
          "sco": 115,
          "dco": 271,
          "txt": "the"
        },
        {
          "si": 2,
          "sti": 24,
          "dti": 59,
          "sco": 119,
          "dco": 275,
          "txt": "city"
        },
        {
          "si": 2,
          "sti": 25,
          "dti": 60,
          "sco": 124,
          "dco": 280,
          "txt": "of"
        },
        {
          "si": 2,
          "sti": 26,
          "dti": 61,
          "sco": 127,
          "dco": 283,
          "txt": "Sagamihara"
        },
        {
          "si": 2,
          "sti": 27,
          "dti": 62,
          "sco": 137,
          "dco": 293,
          "txt": ")"
        },
        {
          "si": 2,
          "sti": 28,
          "dti": 63,
          "sco": 138,
          "dco": 294,
          "txt": "."
        },
        {
          "si": 3,
          "sti": 0,
          "dti": 64,
          "sco": 0,
          "dco": 296,
          "txt": "History"
        },
        {
          "si": 3,
          "sti": 1,
          "dti": 65,
          "sco": 7,
          "dco": 303,
          "txt": "."
        },
        {
          "si": 4,
          "sti": 0,
          "dti": 66,
          "sco": 0,
          "dco": 305,
          "txt": "The"
        },
        {
          "si": 4,
          "sti": 1,
          "dti": 67,
          "sco": 4,
          "dco": 309,
          "txt": "potential"
        },
        {
          "si": 4,
          "sti": 2,
          "dti": 68,
          "sco": 14,
          "dco": 319,
          "txt": "of"
        },
        {
          "si": 4,
          "sti": 3,
          "dti": 69,
          "sco": 17,
          "dco": 322,
          "txt": "the"
        },
        {
          "si": 4,
          "sti": 4,
          "dti": 70,
          "sco": 21,
          "dco": 326,
          "txt": "Sagami"
        },
        {
          "si": 4,
          "sti": 5,
          "dti": 71,
          "sco": 28,
          "dco": 333,
          "txt": "River"
        },
        {
          "si": 4,
          "sti": 6,
          "dti": 72,
          "sco": 34,
          "dco": 339,
          "txt": "for"
        },
        {
          "si": 4,
          "sti": 7,
          "dti": 73,
          "sco": 38,
          "dco": 343,
          "txt": "hydroelectric"
        },
        {
          "si": 4,
          "sti": 8,
          "dti": 74,
          "sco": 52,
          "dco": 357,
          "txt": "power"
        },
        {
          "si": 4,
          "sti": 9,
          "dti": 75,
          "sco": 58,
          "dco": 363,
          "txt": "development"
        },
        {
          "si": 4,
          "sti": 10,
          "dti": 76,
          "sco": 70,
          "dco": 375,
          "txt": "began"
        },
        {
          "si": 4,
          "sti": 11,
          "dti": 77,
          "sco": 76,
          "dco": 381,
          "txt": "to"
        },
        {
          "si": 4,
          "sti": 12,
          "dti": 78,
          "sco": 79,
          "dco": 384,
          "txt": "be"
        },
        {
          "si": 4,
          "sti": 13,
          "dti": 79,
          "sco": 82,
          "dco": 387,
          "txt": "developed"
        },
        {
          "si": 4,
          "sti": 14,
          "dti": 80,
          "sco": 92,
          "dco": 397,
          "txt": "in"
        },
        {
          "si": 4,
          "sti": 15,
          "dti": 81,
          "sco": 95,
          "dco": 400,
          "txt": "the"
        },
        {
          "si": 4,
          "sti": 16,
          "dti": 82,
          "sco": 99,
          "dco": 404,
          "txt": "1930"
        },
        {
          "si": 4,
          "sti": 17,
          "dti": 83,
          "sco": 103,
          "dco": 408,
          "txt": "s"
        },
        {
          "si": 4,
          "sti": 18,
          "dti": 84,
          "sco": 104,
          "dco": 409,
          "txt": ","
        },
        {
          "si": 4,
          "sti": 19,
          "dti": 85,
          "sco": 106,
          "dco": 411,
          "txt": "with"
        },
        {
          "si": 4,
          "sti": 20,
          "dti": 86,
          "sco": 111,
          "dco": 416,
          "txt": "the"
        },
        {
          "si": 4,
          "sti": 21,
          "dti": 87,
          "sco": 115,
          "dco": 420,
          "txt": "growth"
        },
        {
          "si": 4,
          "sti": 22,
          "dti": 88,
          "sco": 122,
          "dco": 427,
          "txt": "of"
        },
        {
          "si": 4,
          "sti": 23,
          "dti": 89,
          "sco": 125,
          "dco": 430,
          "txt": "industry"
        },
        {
          "si": 4,
          "sti": 24,
          "dti": 90,
          "sco": 134,
          "dco": 439,
          "txt": "and"
        },
        {
          "si": 4,
          "sti": 25,
          "dti": 91,
          "sco": 138,
          "dco": 443,
          "txt": "electrical"
        },
        {
          "si": 4,
          "sti": 26,
          "dti": 92,
          "sco": 149,
          "dco": 454,
          "txt": "consumption"
        },
        {
          "si": 4,
          "sti": 27,
          "dti": 93,
          "sco": 161,
          "dco": 466,
          "txt": "in"
        },
        {
          "si": 4,
          "sti": 28,
          "dti": 94,
          "sco": 164,
          "dco": 469,
          "txt": "the"
        },
        {
          "si": 4,
          "sti": 29,
          "dti": 95,
          "sco": 168,
          "dco": 473,
          "txt": "Yokohama"
        },
        {
          "si": 4,
          "sti": 30,
          "dti": 96,
          "sco": 176,
          "dco": 481,
          "txt": "-"
        },
        {
          "si": 4,
          "sti": 31,
          "dti": 97,
          "sco": 177,
          "dco": 482,
          "txt": "Kanagawa"
        },
        {
          "si": 4,
          "sti": 32,
          "dti": 98,
          "sco": 186,
          "dco": 491,
          "txt": "industrial"
        },
        {
          "si": 4,
          "sti": 33,
          "dti": 99,
          "sco": 197,
          "dco": 502,
          "txt": "belt"
        },
        {
          "si": 4,
          "sti": 34,
          "dti": 100,
          "sco": 201,
          "dco": 506,
          "txt": "."
        },
        {
          "si": 5,
          "sti": 0,
          "dti": 101,
          "sco": 0,
          "dco": 508,
          "txt": "Work"
        },
        {
          "si": 5,
          "sti": 1,
          "dti": 102,
          "sco": 5,
          "dco": 513,
          "txt": "on"
        },
        {
          "si": 5,
          "sti": 2,
          "dti": 103,
          "sco": 8,
          "dco": 516,
          "txt": "the"
        },
        {
          "si": 5,
          "sti": 3,
          "dti": 104,
          "sco": 12,
          "dco": 520,
          "txt": "Sagami"
        },
        {
          "si": 5,
          "sti": 4,
          "dti": 105,
          "sco": 19,
          "dco": 527,
          "txt": "Dam"
        },
        {
          "si": 5,
          "sti": 5,
          "dti": 106,
          "sco": 22,
          "dco": 530,
          "txt": ","
        },
        {
          "si": 5,
          "sti": 6,
          "dti": 107,
          "sco": 24,
          "dco": 532,
          "txt": "the"
        },
        {
          "si": 5,
          "sti": 7,
          "dti": 108,
          "sco": 28,
          "dco": 536,
          "txt": "first"
        },
        {
          "si": 5,
          "sti": 8,
          "dti": 109,
          "sco": 34,
          "dco": 542,
          "txt": "dam"
        },
        {
          "si": 5,
          "sti": 9,
          "dti": 110,
          "sco": 38,
          "dco": 546,
          "txt": "on"
        },
        {
          "si": 5,
          "sti": 10,
          "dti": 111,
          "sco": 41,
          "dco": 549,
          "txt": "the"
        },
        {
          "si": 5,
          "sti": 11,
          "dti": 112,
          "sco": 45,
          "dco": 553,
          "txt": "main"
        },
        {
          "si": 5,
          "sti": 12,
          "dti": 113,
          "sco": 50,
          "dco": 558,
          "txt": "stream"
        },
        {
          "si": 5,
          "sti": 13,
          "dti": 114,
          "sco": 57,
          "dco": 565,
          "txt": "of"
        },
        {
          "si": 5,
          "sti": 14,
          "dti": 115,
          "sco": 60,
          "dco": 568,
          "txt": "the"
        },
        {
          "si": 5,
          "sti": 15,
          "dti": 116,
          "sco": 64,
          "dco": 572,
          "txt": "Sagami"
        },
        {
          "si": 5,
          "sti": 16,
          "dti": 117,
          "sco": 71,
          "dco": 579,
          "txt": "River"
        },
        {
          "si": 5,
          "sti": 17,
          "dti": 118,
          "sco": 77,
          "dco": 585,
          "txt": "began"
        },
        {
          "si": 5,
          "sti": 18,
          "dti": 119,
          "sco": 83,
          "dco": 591,
          "txt": "in"
        },
        {
          "si": 5,
          "sti": 19,
          "dti": 120,
          "sco": 86,
          "dco": 594,
          "txt": "1938"
        },
        {
          "si": 5,
          "sti": 20,
          "dti": 121,
          "sco": 90,
          "dco": 598,
          "txt": ";"
        },
        {
          "si": 5,
          "sti": 21,
          "dti": 122,
          "sco": 92,
          "dco": 600,
          "txt": "however"
        },
        {
          "si": 5,
          "sti": 22,
          "dti": 123,
          "sco": 99,
          "dco": 607,
          "txt": ","
        },
        {
          "si": 5,
          "sti": 23,
          "dti": 124,
          "sco": 101,
          "dco": 609,
          "txt": "lack"
        },
        {
          "si": 5,
          "sti": 24,
          "dti": 125,
          "sco": 106,
          "dco": 614,
          "txt": "of"
        },
        {
          "si": 5,
          "sti": 25,
          "dti": 126,
          "sco": 109,
          "dco": 617,
          "txt": "funding"
        },
        {
          "si": 5,
          "sti": 26,
          "dti": 127,
          "sco": 117,
          "dco": 625,
          "txt": "and"
        },
        {
          "si": 5,
          "sti": 27,
          "dti": 128,
          "sco": 121,
          "dco": 629,
          "txt": "the"
        },
        {
          "si": 5,
          "sti": 28,
          "dti": 129,
          "sco": 125,
          "dco": 633,
          "txt": "advent"
        },
        {
          "si": 5,
          "sti": 29,
          "dti": 130,
          "sco": 132,
          "dco": 640,
          "txt": "of"
        },
        {
          "si": 5,
          "sti": 30,
          "dti": 131,
          "sco": 135,
          "dco": 643,
          "txt": "World"
        },
        {
          "si": 5,
          "sti": 31,
          "dti": 132,
          "sco": 141,
          "dco": 649,
          "txt": "War"
        },
        {
          "si": 5,
          "sti": 32,
          "dti": 133,
          "sco": 145,
          "dco": 653,
          "txt": "II"
        },
        {
          "si": 5,
          "sti": 33,
          "dti": 134,
          "sco": 148,
          "dco": 656,
          "txt": "delayed"
        },
        {
          "si": 5,
          "sti": 34,
          "dti": 135,
          "sco": 156,
          "dco": 664,
          "txt": "completion"
        },
        {
          "si": 5,
          "sti": 35,
          "dti": 136,
          "sco": 167,
          "dco": 675,
          "txt": "until"
        },
        {
          "si": 5,
          "sti": 36,
          "dti": 137,
          "sco": 173,
          "dco": 681,
          "txt": "after"
        },
        {
          "si": 5,
          "sti": 37,
          "dti": 138,
          "sco": 179,
          "dco": 687,
          "txt": "the"
        },
        {
          "si": 5,
          "sti": 38,
          "dti": 139,
          "sco": 183,
          "dco": 691,
          "txt": "end"
        },
        {
          "si": 5,
          "sti": 39,
          "dti": 140,
          "sco": 187,
          "dco": 695,
          "txt": "of"
        },
        {
          "si": 5,
          "sti": 40,
          "dti": 141,
          "sco": 190,
          "dco": 698,
          "txt": "the"
        },
        {
          "si": 5,
          "sti": 41,
          "dti": 142,
          "sco": 194,
          "dco": 702,
          "txt": "war"
        },
        {
          "si": 5,
          "sti": 42,
          "dti": 143,
          "sco": 197,
          "dco": 705,
          "txt": "."
        },
        {
          "si": 6,
          "sti": 0,
          "dti": 144,
          "sco": 0,
          "dco": 707,
          "txt": "Work"
        },
        {
          "si": 6,
          "sti": 1,
          "dti": 145,
          "sco": 5,
          "dco": 712,
          "txt": "on"
        },
        {
          "si": 6,
          "sti": 2,
          "dti": 146,
          "sco": 8,
          "dco": 715,
          "txt": "the"
        },
        {
          "si": 6,
          "sti": 3,
          "dti": 147,
          "sco": 12,
          "dco": 719,
          "txt": "Shiroyama"
        },
        {
          "si": 6,
          "sti": 4,
          "dti": 148,
          "sco": 22,
          "dco": 729,
          "txt": "Dam"
        },
        {
          "si": 6,
          "sti": 5,
          "dti": 149,
          "sco": 26,
          "dco": 733,
          "txt": "was"
        },
        {
          "si": 6,
          "sti": 6,
          "dti": 150,
          "sco": 30,
          "dco": 737,
          "txt": "completed"
        },
        {
          "si": 6,
          "sti": 7,
          "dti": 151,
          "sco": 40,
          "dco": 747,
          "txt": "in"
        },
        {
          "si": 6,
          "sti": 8,
          "dti": 152,
          "sco": 43,
          "dco": 750,
          "txt": "1965"
        },
        {
          "si": 6,
          "sti": 9,
          "dti": 153,
          "sco": 47,
          "dco": 754,
          "txt": "."
        },
        {
          "si": 7,
          "sti": 0,
          "dti": 154,
          "sco": 0,
          "dco": 756,
          "txt": "The"
        },
        {
          "si": 7,
          "sti": 1,
          "dti": 155,
          "sco": 4,
          "dco": 760,
          "txt": "growth"
        },
        {
          "si": 7,
          "sti": 2,
          "dti": 156,
          "sco": 11,
          "dco": 767,
          "txt": "in"
        },
        {
          "si": 7,
          "sti": 3,
          "dti": 157,
          "sco": 14,
          "dco": 770,
          "txt": "population"
        },
        {
          "si": 7,
          "sti": 4,
          "dti": 158,
          "sco": 25,
          "dco": 781,
          "txt": "of"
        },
        {
          "si": 7,
          "sti": 5,
          "dti": 159,
          "sco": 28,
          "dco": 784,
          "txt": "nearby"
        },
        {
          "si": 7,
          "sti": 6,
          "dti": 160,
          "sco": 35,
          "dco": 791,
          "txt": "Atsugi"
        },
        {
          "si": 7,
          "sti": 7,
          "dti": 161,
          "sco": 42,
          "dco": 798,
          "txt": "and"
        },
        {
          "si": 7,
          "sti": 8,
          "dti": 162,
          "sco": 46,
          "dco": 802,
          "txt": "increased"
        },
        {
          "si": 7,
          "sti": 9,
          "dti": 163,
          "sco": 56,
          "dco": 812,
          "txt": "need"
        },
        {
          "si": 7,
          "sti": 10,
          "dti": 164,
          "sco": 61,
          "dco": 817,
          "txt": "for"
        },
        {
          "si": 7,
          "sti": 11,
          "dti": 165,
          "sco": 65,
          "dco": 821,
          "txt": "industrial"
        },
        {
          "si": 7,
          "sti": 12,
          "dti": 166,
          "sco": 76,
          "dco": 832,
          "txt": "and"
        },
        {
          "si": 7,
          "sti": 13,
          "dti": 167,
          "sco": 80,
          "dco": 836,
          "txt": "drinking"
        },
        {
          "si": 7,
          "sti": 14,
          "dti": 168,
          "sco": 89,
          "dco": 845,
          "txt": "water"
        },
        {
          "si": 7,
          "sti": 15,
          "dti": 169,
          "sco": 95,
          "dco": 851,
          "txt": "spurred"
        },
        {
          "si": 7,
          "sti": 16,
          "dti": 170,
          "sco": 103,
          "dco": 859,
          "txt": "plans"
        },
        {
          "si": 7,
          "sti": 17,
          "dti": 171,
          "sco": 109,
          "dco": 865,
          "txt": "for"
        },
        {
          "si": 7,
          "sti": 18,
          "dti": 172,
          "sco": 113,
          "dco": 869,
          "txt": "additional"
        },
        {
          "si": 7,
          "sti": 19,
          "dti": 173,
          "sco": 124,
          "dco": 880,
          "txt": "dams"
        },
        {
          "si": 7,
          "sti": 20,
          "dti": 174,
          "sco": 129,
          "dco": 885,
          "txt": "on"
        },
        {
          "si": 7,
          "sti": 21,
          "dti": 175,
          "sco": 132,
          "dco": 888,
          "txt": "the"
        },
        {
          "si": 7,
          "sti": 22,
          "dti": 176,
          "sco": 136,
          "dco": 892,
          "txt": "Sagami"
        },
        {
          "si": 7,
          "sti": 23,
          "dti": 177,
          "sco": 143,
          "dco": 899,
          "txt": "River"
        },
        {
          "si": 7,
          "sti": 24,
          "dti": 178,
          "sco": 148,
          "dco": 904,
          "txt": "’"
        },
        {
          "si": 7,
          "sti": 25,
          "dti": 179,
          "sco": 149,
          "dco": 905,
          "txt": "s"
        },
        {
          "si": 7,
          "sti": 26,
          "dti": 180,
          "sco": 151,
          "dco": 907,
          "txt": "tributaries"
        },
        {
          "si": 7,
          "sti": 27,
          "dti": 181,
          "sco": 162,
          "dco": 918,
          "txt": "."
        },
        {
          "si": 8,
          "sti": 0,
          "dti": 182,
          "sco": 0,
          "dco": 920,
          "txt": "Plans"
        },
        {
          "si": 8,
          "sti": 1,
          "dti": 183,
          "sco": 6,
          "dco": 926,
          "txt": "for"
        },
        {
          "si": 8,
          "sti": 2,
          "dti": 184,
          "sco": 10,
          "dco": 930,
          "txt": "the"
        },
        {
          "si": 8,
          "sti": 3,
          "dti": 185,
          "sco": 14,
          "dco": 934,
          "txt": "Miyagase"
        },
        {
          "si": 8,
          "sti": 4,
          "dti": 186,
          "sco": 23,
          "dco": 943,
          "txt": "Dam"
        },
        {
          "si": 8,
          "sti": 5,
          "dti": 187,
          "sco": 27,
          "dco": 947,
          "txt": "were"
        },
        {
          "si": 8,
          "sti": 6,
          "dti": 188,
          "sco": 32,
          "dco": 952,
          "txt": "finalized"
        },
        {
          "si": 8,
          "sti": 7,
          "dti": 189,
          "sco": 42,
          "dco": 962,
          "txt": "in"
        },
        {
          "si": 8,
          "sti": 8,
          "dti": 190,
          "sco": 45,
          "dco": 965,
          "txt": "1969"
        },
        {
          "si": 8,
          "sti": 9,
          "dti": 191,
          "sco": 50,
          "dco": 970,
          "txt": "with"
        },
        {
          "si": 8,
          "sti": 10,
          "dti": 192,
          "sco": 55,
          "dco": 975,
          "txt": "work"
        },
        {
          "si": 8,
          "sti": 11,
          "dti": 193,
          "sco": 60,
          "dco": 980,
          "txt": "commencing"
        },
        {
          "si": 8,
          "sti": 12,
          "dti": 194,
          "sco": 71,
          "dco": 991,
          "txt": "in"
        },
        {
          "si": 8,
          "sti": 13,
          "dti": 195,
          "sco": 74,
          "dco": 994,
          "txt": "1971"
        },
        {
          "si": 8,
          "sti": 14,
          "dti": 196,
          "sco": 78,
          "dco": 998,
          "txt": "."
        },
        {
          "si": 9,
          "sti": 0,
          "dti": 197,
          "sco": 0,
          "dco": 1000,
          "txt": "Due"
        },
        {
          "si": 9,
          "sti": 1,
          "dti": 198,
          "sco": 4,
          "dco": 1004,
          "txt": "to"
        },
        {
          "si": 9,
          "sti": 2,
          "dti": 199,
          "sco": 7,
          "dco": 1007,
          "txt": "the"
        },
        {
          "si": 9,
          "sti": 3,
          "dti": 200,
          "sco": 11,
          "dco": 1011,
          "txt": "huge"
        },
        {
          "si": 9,
          "sti": 4,
          "dti": 201,
          "sco": 16,
          "dco": 1016,
          "txt": "size"
        },
        {
          "si": 9,
          "sti": 5,
          "dti": 202,
          "sco": 21,
          "dco": 1021,
          "txt": "of"
        },
        {
          "si": 9,
          "sti": 6,
          "dti": 203,
          "sco": 24,
          "dco": 1024,
          "txt": "the"
        },
        {
          "si": 9,
          "sti": 7,
          "dti": 204,
          "sco": 28,
          "dco": 1028,
          "txt": "dam"
        },
        {
          "si": 9,
          "sti": 8,
          "dti": 205,
          "sco": 31,
          "dco": 1031,
          "txt": ","
        },
        {
          "si": 9,
          "sti": 9,
          "dti": 206,
          "sco": 33,
          "dco": 1033,
          "txt": "and"
        },
        {
          "si": 9,
          "sti": 10,
          "dti": 207,
          "sco": 37,
          "dco": 1037,
          "txt": "the"
        },
        {
          "si": 9,
          "sti": 11,
          "dti": 208,
          "sco": 41,
          "dco": 1041,
          "txt": "need"
        },
        {
          "si": 9,
          "sti": 12,
          "dti": 209,
          "sco": 46,
          "dco": 1046,
          "txt": "relocate"
        },
        {
          "si": 9,
          "sti": 13,
          "dti": 210,
          "sco": 55,
          "dco": 1055,
          "txt": "some"
        },
        {
          "si": 9,
          "sti": 14,
          "dti": 211,
          "sco": 60,
          "dco": 1060,
          "txt": "300"
        },
        {
          "si": 9,
          "sti": 15,
          "dti": 212,
          "sco": 64,
          "dco": 1064,
          "txt": "households"
        },
        {
          "si": 9,
          "sti": 16,
          "dti": 213,
          "sco": 75,
          "dco": 1075,
          "txt": "from"
        },
        {
          "si": 9,
          "sti": 17,
          "dti": 214,
          "sco": 80,
          "dco": 1080,
          "txt": "the"
        },
        {
          "si": 9,
          "sti": 18,
          "dti": 215,
          "sco": 84,
          "dco": 1084,
          "txt": "area"
        },
        {
          "si": 9,
          "sti": 19,
          "dti": 216,
          "sco": 89,
          "dco": 1089,
          "txt": "flooded"
        },
        {
          "si": 9,
          "sti": 20,
          "dti": 217,
          "sco": 97,
          "dco": 1097,
          "txt": "by"
        },
        {
          "si": 9,
          "sti": 21,
          "dti": 218,
          "sco": 100,
          "dco": 1100,
          "txt": "the"
        },
        {
          "si": 9,
          "sti": 22,
          "dti": 219,
          "sco": 104,
          "dco": 1104,
          "txt": "dam"
        },
        {
          "si": 9,
          "sti": 23,
          "dti": 220,
          "sco": 107,
          "dco": 1107,
          "txt": ","
        },
        {
          "si": 9,
          "sti": 24,
          "dti": 221,
          "sco": 109,
          "dco": 1109,
          "txt": "construction"
        },
        {
          "si": 9,
          "sti": 25,
          "dti": 222,
          "sco": 122,
          "dco": 1122,
          "txt": "was"
        },
        {
          "si": 9,
          "sti": 26,
          "dti": 223,
          "sco": 126,
          "dco": 1126,
          "txt": "not"
        },
        {
          "si": 9,
          "sti": 27,
          "dti": 224,
          "sco": 130,
          "dco": 1130,
          "txt": "completed"
        },
        {
          "si": 9,
          "sti": 28,
          "dti": 225,
          "sco": 140,
          "dco": 1140,
          "txt": "until"
        },
        {
          "si": 9,
          "sti": 29,
          "dti": 226,
          "sco": 146,
          "dco": 1146,
          "txt": "the"
        },
        {
          "si": 9,
          "sti": 30,
          "dti": 227,
          "sco": 150,
          "dco": 1150,
          "txt": "year"
        },
        {
          "si": 9,
          "sti": 31,
          "dti": 228,
          "sco": 155,
          "dco": 1155,
          "txt": "2000"
        },
        {
          "si": 9,
          "sti": 32,
          "dti": 229,
          "sco": 159,
          "dco": 1159,
          "txt": "."
        },
        {
          "si": 10,
          "sti": 0,
          "dti": 230,
          "sco": 0,
          "dco": 1161,
          "txt": "Design"
        },
        {
          "si": 10,
          "sti": 1,
          "dti": 231,
          "sco": 6,
          "dco": 1167,
          "txt": "."
        },
        {
          "si": 11,
          "sti": 0,
          "dti": 232,
          "sco": 0,
          "dco": 1169,
          "txt": "The"
        },
        {
          "si": 11,
          "sti": 1,
          "dti": 233,
          "sco": 4,
          "dco": 1173,
          "txt": "Miyagase"
        },
        {
          "si": 11,
          "sti": 2,
          "dti": 234,
          "sco": 13,
          "dco": 1182,
          "txt": "Dam"
        },
        {
          "si": 11,
          "sti": 3,
          "dti": 235,
          "sco": 17,
          "dco": 1186,
          "txt": "is"
        },
        {
          "si": 11,
          "sti": 4,
          "dti": 236,
          "sco": 20,
          "dco": 1189,
          "txt": "a"
        },
        {
          "si": 11,
          "sti": 5,
          "dti": 237,
          "sco": 22,
          "dco": 1191,
          "txt": "hollow"
        },
        {
          "si": 11,
          "sti": 6,
          "dti": 238,
          "sco": 28,
          "dco": 1197,
          "txt": "-"
        },
        {
          "si": 11,
          "sti": 7,
          "dti": 239,
          "sco": 29,
          "dco": 1198,
          "txt": "core"
        },
        {
          "si": 11,
          "sti": 8,
          "dti": 240,
          "sco": 34,
          "dco": 1203,
          "txt": "concrete"
        },
        {
          "si": 11,
          "sti": 9,
          "dti": 241,
          "sco": 43,
          "dco": 1212,
          "txt": "gravity"
        },
        {
          "si": 11,
          "sti": 10,
          "dti": 242,
          "sco": 51,
          "dco": 1220,
          "txt": "dam"
        },
        {
          "si": 11,
          "sti": 11,
          "dti": 243,
          "sco": 54,
          "dco": 1223,
          "txt": "."
        },
        {
          "si": 12,
          "sti": 0,
          "dti": 244,
          "sco": 0,
          "dco": 1225,
          "txt": "It"
        },
        {
          "si": 12,
          "sti": 1,
          "dti": 245,
          "sco": 3,
          "dco": 1228,
          "txt": "was"
        },
        {
          "si": 12,
          "sti": 2,
          "dti": 246,
          "sco": 7,
          "dco": 1232,
          "txt": "designed"
        },
        {
          "si": 12,
          "sti": 3,
          "dti": 247,
          "sco": 16,
          "dco": 1241,
          "txt": "and"
        },
        {
          "si": 12,
          "sti": 4,
          "dti": 248,
          "sco": 20,
          "dco": 1245,
          "txt": "built"
        },
        {
          "si": 12,
          "sti": 5,
          "dti": 249,
          "sco": 26,
          "dco": 1251,
          "txt": "by"
        },
        {
          "si": 12,
          "sti": 6,
          "dti": 250,
          "sco": 29,
          "dco": 1254,
          "txt": "a"
        },
        {
          "si": 12,
          "sti": 7,
          "dti": 251,
          "sco": 31,
          "dco": 1256,
          "txt": "consortium"
        },
        {
          "si": 12,
          "sti": 8,
          "dti": 252,
          "sco": 42,
          "dco": 1267,
          "txt": "of"
        },
        {
          "si": 12,
          "sti": 9,
          "dti": 253,
          "sco": 45,
          "dco": 1270,
          "txt": "the"
        },
        {
          "si": 12,
          "sti": 10,
          "dti": 254,
          "sco": 49,
          "dco": 1274,
          "txt": "Kajima"
        },
        {
          "si": 12,
          "sti": 11,
          "dti": 255,
          "sco": 56,
          "dco": 1281,
          "txt": "Construction"
        },
        {
          "si": 12,
          "sti": 12,
          "dti": 256,
          "sco": 68,
          "dco": 1293,
          "txt": ","
        },
        {
          "si": 12,
          "sti": 13,
          "dti": 257,
          "sco": 70,
          "dco": 1295,
          "txt": "Obayashi"
        },
        {
          "si": 12,
          "sti": 14,
          "dti": 258,
          "sco": 79,
          "dco": 1304,
          "txt": "Corp"
        },
        {
          "si": 12,
          "sti": 15,
          "dti": 259,
          "sco": 83,
          "dco": 1308,
          "txt": "."
        },
        {
          "si": 12,
          "sti": 16,
          "dti": 260,
          "sco": 85,
          "dco": 1310,
          "txt": "and"
        },
        {
          "si": 12,
          "sti": 17,
          "dti": 261,
          "sco": 89,
          "dco": 1314,
          "txt": "the"
        },
        {
          "si": 12,
          "sti": 18,
          "dti": 262,
          "sco": 93,
          "dco": 1318,
          "txt": "Toda"
        },
        {
          "si": 12,
          "sti": 19,
          "dti": 263,
          "sco": 98,
          "dco": 1323,
          "txt": "Corporation"
        },
        {
          "si": 12,
          "sti": 20,
          "dti": 264,
          "sco": 109,
          "dco": 1334,
          "txt": "."
        },
        {
          "si": 13,
          "sti": 0,
          "dti": 265,
          "sco": 0,
          "dco": 1336,
          "txt": "The"
        },
        {
          "si": 13,
          "sti": 1,
          "dti": 266,
          "sco": 4,
          "dco": 1340,
          "txt": "dam"
        },
        {
          "si": 13,
          "sti": 2,
          "dti": 267,
          "sco": 8,
          "dco": 1344,
          "txt": "was"
        },
        {
          "si": 13,
          "sti": 3,
          "dti": 268,
          "sco": 12,
          "dco": 1348,
          "txt": "designed"
        },
        {
          "si": 13,
          "sti": 4,
          "dti": 269,
          "sco": 21,
          "dco": 1357,
          "txt": "as"
        },
        {
          "si": 13,
          "sti": 5,
          "dti": 270,
          "sco": 24,
          "dco": 1360,
          "txt": "a"
        },
        {
          "si": 13,
          "sti": 6,
          "dti": 271,
          "sco": 26,
          "dco": 1362,
          "txt": "multi"
        },
        {
          "si": 13,
          "sti": 7,
          "dti": 272,
          "sco": 31,
          "dco": 1367,
          "txt": "-"
        },
        {
          "si": 13,
          "sti": 8,
          "dti": 273,
          "sco": 32,
          "dco": 1368,
          "txt": "purpose"
        },
        {
          "si": 13,
          "sti": 9,
          "dti": 274,
          "sco": 40,
          "dco": 1376,
          "txt": "dam"
        },
        {
          "si": 13,
          "sti": 10,
          "dti": 275,
          "sco": 43,
          "dco": 1379,
          "txt": "."
        },
        {
          "si": 14,
          "sti": 0,
          "dti": 276,
          "sco": 0,
          "dco": 1381,
          "txt": "In"
        },
        {
          "si": 14,
          "sti": 1,
          "dti": 277,
          "sco": 3,
          "dco": 1384,
          "txt": "addition"
        },
        {
          "si": 14,
          "sti": 2,
          "dti": 278,
          "sco": 12,
          "dco": 1393,
          "txt": "to"
        },
        {
          "si": 14,
          "sti": 3,
          "dti": 279,
          "sco": 15,
          "dco": 1396,
          "txt": "providing"
        },
        {
          "si": 14,
          "sti": 4,
          "dti": 280,
          "sco": 25,
          "dco": 1406,
          "txt": "flood"
        },
        {
          "si": 14,
          "sti": 5,
          "dti": 281,
          "sco": 31,
          "dco": 1412,
          "txt": "control"
        },
        {
          "si": 14,
          "sti": 6,
          "dti": 282,
          "sco": 38,
          "dco": 1419,
          "txt": ","
        },
        {
          "si": 14,
          "sti": 7,
          "dti": 283,
          "sco": 40,
          "dco": 1421,
          "txt": "it"
        },
        {
          "si": 14,
          "sti": 8,
          "dti": 284,
          "sco": 43,
          "dco": 1424,
          "txt": "provides"
        },
        {
          "si": 14,
          "sti": 9,
          "dti": 285,
          "sco": 52,
          "dco": 1433,
          "txt": "90"
        },
        {
          "si": 14,
          "sti": 10,
          "dti": 286,
          "sco": 54,
          "dco": 1435,
          "txt": "%"
        },
        {
          "si": 14,
          "sti": 11,
          "dti": 287,
          "sco": 56,
          "dco": 1437,
          "txt": "of"
        },
        {
          "si": 14,
          "sti": 12,
          "dti": 288,
          "sco": 59,
          "dco": 1440,
          "txt": "the"
        },
        {
          "si": 14,
          "sti": 13,
          "dti": 289,
          "sco": 63,
          "dco": 1444,
          "txt": "tap"
        },
        {
          "si": 14,
          "sti": 14,
          "dti": 290,
          "sco": 67,
          "dco": 1448,
          "txt": "water"
        },
        {
          "si": 14,
          "sti": 15,
          "dti": 291,
          "sco": 73,
          "dco": 1454,
          "txt": "to"
        },
        {
          "si": 14,
          "sti": 16,
          "dti": 292,
          "sco": 76,
          "dco": 1457,
          "txt": "two"
        },
        {
          "si": 14,
          "sti": 17,
          "dti": 293,
          "sco": 79,
          "dco": 1460,
          "txt": "-"
        },
        {
          "si": 14,
          "sti": 18,
          "dti": 294,
          "sco": 80,
          "dco": 1461,
          "txt": "thirds"
        },
        {
          "si": 14,
          "sti": 19,
          "dti": 295,
          "sco": 87,
          "dco": 1468,
          "txt": "of"
        },
        {
          "si": 14,
          "sti": 20,
          "dti": 296,
          "sco": 90,
          "dco": 1471,
          "txt": "the"
        },
        {
          "si": 14,
          "sti": 21,
          "dti": 297,
          "sco": 94,
          "dco": 1475,
          "txt": "population"
        },
        {
          "si": 14,
          "sti": 22,
          "dti": 298,
          "sco": 105,
          "dco": 1486,
          "txt": "of"
        },
        {
          "si": 14,
          "sti": 23,
          "dti": 299,
          "sco": 108,
          "dco": 1489,
          "txt": "Kanagawa"
        },
        {
          "si": 14,
          "sti": 24,
          "dti": 300,
          "sco": 117,
          "dco": 1498,
          "txt": "Prefecture"
        },
        {
          "si": 14,
          "sti": 25,
          "dti": 301,
          "sco": 127,
          "dco": 1508,
          "txt": ","
        },
        {
          "si": 14,
          "sti": 26,
          "dti": 302,
          "sco": 129,
          "dco": 1510,
          "txt": "including"
        },
        {
          "si": 14,
          "sti": 27,
          "dti": 303,
          "sco": 139,
          "dco": 1520,
          "txt": "the"
        },
        {
          "si": 14,
          "sti": 28,
          "dti": 304,
          "sco": 143,
          "dco": 1524,
          "txt": "cities"
        },
        {
          "si": 14,
          "sti": 29,
          "dti": 305,
          "sco": 150,
          "dco": 1531,
          "txt": "of"
        },
        {
          "si": 14,
          "sti": 30,
          "dti": 306,
          "sco": 153,
          "dco": 1534,
          "txt": "Kawasaki"
        },
        {
          "si": 14,
          "sti": 31,
          "dti": 307,
          "sco": 161,
          "dco": 1542,
          "txt": ","
        },
        {
          "si": 14,
          "sti": 32,
          "dti": 308,
          "sco": 163,
          "dco": 1544,
          "txt": "Yokohama"
        },
        {
          "si": 14,
          "sti": 33,
          "dti": 309,
          "sco": 172,
          "dco": 1553,
          "txt": "and"
        },
        {
          "si": 14,
          "sti": 34,
          "dti": 310,
          "sco": 176,
          "dco": 1557,
          "txt": "Yokosuka"
        },
        {
          "si": 14,
          "sti": 35,
          "dti": 311,
          "sco": 184,
          "dco": 1565,
          "txt": "."
        },
        {
          "si": 15,
          "sti": 0,
          "dti": 312,
          "sco": 0,
          "dco": 1567,
          "txt": "It"
        },
        {
          "si": 15,
          "sti": 1,
          "dti": 313,
          "sco": 3,
          "dco": 1570,
          "txt": "also"
        },
        {
          "si": 15,
          "sti": 2,
          "dti": 314,
          "sco": 8,
          "dco": 1575,
          "txt": "provides"
        },
        {
          "si": 15,
          "sti": 3,
          "dti": 315,
          "sco": 17,
          "dco": 1584,
          "txt": "water"
        },
        {
          "si": 15,
          "sti": 4,
          "dti": 316,
          "sco": 23,
          "dco": 1590,
          "txt": "to"
        },
        {
          "si": 15,
          "sti": 5,
          "dti": 317,
          "sco": 26,
          "dco": 1593,
          "txt": "the"
        },
        {
          "si": 15,
          "sti": 6,
          "dti": 318,
          "sco": 30,
          "dco": 1597,
          "txt": "associated"
        },
        {
          "si": 15,
          "sti": 7,
          "dti": 319,
          "sco": 41,
          "dco": 1608,
          "txt": "Aikawa"
        },
        {
          "si": 15,
          "sti": 8,
          "dti": 320,
          "sco": 48,
          "dco": 1615,
          "txt": "Hydroelectric"
        },
        {
          "si": 15,
          "sti": 9,
          "dti": 321,
          "sco": 62,
          "dco": 1629,
          "txt": "Power"
        },
        {
          "si": 15,
          "sti": 10,
          "dti": 322,
          "sco": 68,
          "dco": 1635,
          "txt": "Plant"
        },
        {
          "si": 15,
          "sti": 11,
          "dti": 323,
          "sco": 73,
          "dco": 1640,
          "txt": ","
        },
        {
          "si": 15,
          "sti": 12,
          "dti": 324,
          "sco": 75,
          "dco": 1642,
          "txt": "which"
        },
        {
          "si": 15,
          "sti": 13,
          "dti": 325,
          "sco": 81,
          "dco": 1648,
          "txt": "has"
        },
        {
          "si": 15,
          "sti": 14,
          "dti": 326,
          "sco": 85,
          "dco": 1652,
          "txt": "a"
        },
        {
          "si": 15,
          "sti": 15,
          "dti": 327,
          "sco": 87,
          "dco": 1654,
          "txt": "rated"
        },
        {
          "si": 15,
          "sti": 16,
          "dti": 328,
          "sco": 93,
          "dco": 1660,
          "txt": "capacity"
        },
        {
          "si": 15,
          "sti": 17,
          "dti": 329,
          "sco": 102,
          "dco": 1669,
          "txt": "of"
        },
        {
          "si": 15,
          "sti": 18,
          "dti": 330,
          "sco": 105,
          "dco": 1672,
          "txt": "24"
        },
        {
          "si": 15,
          "sti": 19,
          "dti": 331,
          "sco": 107,
          "dco": 1674,
          "txt": ","
        },
        {
          "si": 15,
          "sti": 20,
          "dti": 332,
          "sco": 108,
          "dco": 1675,
          "txt": "000"
        },
        {
          "si": 15,
          "sti": 21,
          "dti": 333,
          "sco": 112,
          "dco": 1679,
          "txt": "KW"
        },
        {
          "si": 15,
          "sti": 22,
          "dti": 334,
          "sco": 115,
          "dco": 1682,
          "txt": "of"
        },
        {
          "si": 15,
          "sti": 23,
          "dti": 335,
          "sco": 118,
          "dco": 1685,
          "txt": "power"
        },
        {
          "si": 15,
          "sti": 24,
          "dti": 336,
          "sco": 123,
          "dco": 1690,
          "txt": "."
        },
        {
          "si": 16,
          "sti": 0,
          "dti": 337,
          "sco": 0,
          "dco": 1692,
          "txt": "The"
        },
        {
          "si": 16,
          "sti": 1,
          "dti": 338,
          "sco": 4,
          "dco": 1696,
          "txt": "tall"
        },
        {
          "si": 16,
          "sti": 2,
          "dti": 339,
          "sco": 9,
          "dco": 1701,
          "txt": "dam"
        },
        {
          "si": 16,
          "sti": 3,
          "dti": 340,
          "sco": 13,
          "dco": 1705,
          "txt": "is"
        },
        {
          "si": 16,
          "sti": 4,
          "dti": 341,
          "sco": 16,
          "dco": 1708,
          "txt": "the"
        },
        {
          "si": 16,
          "sti": 5,
          "dti": 342,
          "sco": 20,
          "dco": 1712,
          "txt": "second"
        },
        {
          "si": 16,
          "sti": 6,
          "dti": 343,
          "sco": 27,
          "dco": 1719,
          "txt": "tallest"
        },
        {
          "si": 16,
          "sti": 7,
          "dti": 344,
          "sco": 35,
          "dco": 1727,
          "txt": "in"
        },
        {
          "si": 16,
          "sti": 8,
          "dti": 345,
          "sco": 38,
          "dco": 1730,
          "txt": "the"
        },
        {
          "si": 16,
          "sti": 9,
          "dti": 346,
          "sco": 42,
          "dco": 1734,
          "txt": "Kant"
        },
        {
          "si": 16,
          "sti": 10,
          "dti": 347,
          "sco": 46,
          "dco": 1738,
          "txt": "ō"
        },
        {
          "si": 16,
          "sti": 11,
          "dti": 348,
          "sco": 48,
          "dco": 1740,
          "txt": "region"
        },
        {
          "si": 16,
          "sti": 12,
          "dti": 349,
          "sco": 54,
          "dco": 1746,
          "txt": "."
        },
        {
          "si": 17,
          "sti": 0,
          "dti": 350,
          "sco": 0,
          "dco": 1748,
          "txt": "The"
        },
        {
          "si": 17,
          "sti": 1,
          "dti": 351,
          "sco": 4,
          "dco": 1752,
          "txt": "reservoir"
        },
        {
          "si": 17,
          "sti": 2,
          "dti": 352,
          "sco": 14,
          "dco": 1762,
          "txt": "created"
        },
        {
          "si": 17,
          "sti": 3,
          "dti": 353,
          "sco": 22,
          "dco": 1770,
          "txt": "by"
        },
        {
          "si": 17,
          "sti": 4,
          "dti": 354,
          "sco": 25,
          "dco": 1773,
          "txt": "the"
        },
        {
          "si": 17,
          "sti": 5,
          "dti": 355,
          "sco": 29,
          "dco": 1777,
          "txt": "dam"
        },
        {
          "si": 17,
          "sti": 6,
          "dti": 356,
          "sco": 32,
          "dco": 1780,
          "txt": ","
        },
        {
          "si": 17,
          "sti": 7,
          "dti": 357,
          "sco": 34,
          "dco": 1782,
          "txt": "is"
        },
        {
          "si": 17,
          "sti": 8,
          "dti": 358,
          "sco": 37,
          "dco": 1785,
          "txt": "a"
        },
        {
          "si": 17,
          "sti": 9,
          "dti": 359,
          "sco": 39,
          "dco": 1787,
          "txt": "popular"
        },
        {
          "si": 17,
          "sti": 10,
          "dti": 360,
          "sco": 47,
          "dco": 1795,
          "txt": "recreation"
        },
        {
          "si": 17,
          "sti": 11,
          "dti": 361,
          "sco": 58,
          "dco": 1806,
          "txt": "spot"
        },
        {
          "si": 17,
          "sti": 12,
          "dti": 362,
          "sco": 63,
          "dco": 1811,
          "txt": "in"
        },
        {
          "si": 17,
          "sti": 13,
          "dti": 363,
          "sco": 66,
          "dco": 1814,
          "txt": "Kanagawa"
        },
        {
          "si": 17,
          "sti": 14,
          "dti": 364,
          "sco": 75,
          "dco": 1823,
          "txt": "Prefecture"
        },
        {
          "si": 17,
          "sti": 15,
          "dti": 365,
          "sco": 85,
          "dco": 1833,
          "txt": "."
        },
        {
          "si": 18,
          "sti": 0,
          "dti": 366,
          "sco": 0,
          "dco": 1835,
          "txt": "Surroundings"
        },
        {
          "si": 18,
          "sti": 1,
          "dti": 367,
          "sco": 12,
          "dco": 1847,
          "txt": "."
        },
        {
          "si": 19,
          "sti": 0,
          "dti": 368,
          "sco": 0,
          "dco": 1849,
          "txt": "Public"
        },
        {
          "si": 19,
          "sti": 1,
          "dti": 369,
          "sco": 7,
          "dco": 1856,
          "txt": "access"
        },
        {
          "si": 19,
          "sti": 2,
          "dti": 370,
          "sco": 14,
          "dco": 1863,
          "txt": "to"
        },
        {
          "si": 19,
          "sti": 3,
          "dti": 371,
          "sco": 17,
          "dco": 1866,
          "txt": "the"
        },
        {
          "si": 19,
          "sti": 4,
          "dti": 372,
          "sco": 21,
          "dco": 1870,
          "txt": "dam"
        },
        {
          "si": 19,
          "sti": 5,
          "dti": 373,
          "sco": 25,
          "dco": 1874,
          "txt": "and"
        },
        {
          "si": 19,
          "sti": 6,
          "dti": 374,
          "sco": 29,
          "dco": 1878,
          "txt": "its"
        },
        {
          "si": 19,
          "sti": 7,
          "dti": 375,
          "sco": 33,
          "dco": 1882,
          "txt": "lake"
        },
        {
          "si": 19,
          "sti": 8,
          "dti": 376,
          "sco": 38,
          "dco": 1887,
          "txt": "are"
        },
        {
          "si": 19,
          "sti": 9,
          "dti": 377,
          "sco": 42,
          "dco": 1891,
          "txt": "by"
        },
        {
          "si": 19,
          "sti": 10,
          "dti": 378,
          "sco": 45,
          "dco": 1894,
          "txt": "Japan"
        },
        {
          "si": 19,
          "sti": 11,
          "dti": 379,
          "sco": 51,
          "dco": 1900,
          "txt": "National"
        },
        {
          "si": 19,
          "sti": 12,
          "dti": 380,
          "sco": 60,
          "dco": 1909,
          "txt": "Route"
        },
        {
          "si": 19,
          "sti": 13,
          "dti": 381,
          "sco": 66,
          "dco": 1915,
          "txt": "412"
        },
        {
          "si": 19,
          "sti": 14,
          "dti": 382,
          "sco": 69,
          "dco": 1918,
          "txt": "."
        }
      ]
    },
    "ganns": {
      "dla": [],
      "la": [],
      "ea": [],
      "eta": [
        {
          "ra": {
            "ea": {
              "etn": "Miyagase_Dam"
            }
          },
          "sfs": [
            [
              {
                "stn": "status"
              },
              {}
            ]
          ],
          "mfs": [
            [
              {
                "stn": "rivers"
              },
              {
                "dla": [],
                "la": [],
                "ea": [
                  {
                    "etn": "Nakatsu_River_(Kanagawa)"
                  }
                ],
                "eta": []
              }
            ],
            [
              {
                "stn": "locations"
              },
              {
                "dla": [],
                "la": [],
                "ea": [
                  {
                    "etn": "Japan"
                  },
                  {
                    "etn": "Kanagawa_Prefecture"
                  }
                ],
                "eta": []
              }
            ],
            [
              {
                "stn": "openingYears"
              },
              {
                "dla": [
                  {
                    "txt": {
                      "sff": "2000"
                    },
                    "et": {
                      "etn": "Year"
                    },
                    "dp": {
                      "off": 1155
                    }
                  }
                ],
                "la": [],
                "ea": [],
                "eta": []
              }
            ],
            [
              {
                "stn": "buildingStartYears"
              },
              {
                "dla": [
                  {
                    "txt": {
                      "sff": "1971"
                    },
                    "et": {
                      "etn": "Year"
                    },
                    "dp": {
                      "off": 994
                    }
                  }
                ],
                "la": [],
                "ea": [],
                "eta": []
              }
            ],
            [
              {
                "stn": "countries"
              },
              {
                "dla": [],
                "la": [],
                "ea": [],
                "eta": []
              }
            ]
          ]
        }
      ]
    }
  }
]
