[
  {
    "context": "DEVELOPMENT",
    "doc": {
      "id": "Murum_Dam",
      "tl": [
        {
          "si": 0,
          "sti": 0,
          "dti": 0,
          "sco": 0,
          "dco": 0,
          "txt": "Murum"
        },
        {
          "si": 0,
          "sti": 1,
          "dti": 1,
          "sco": 6,
          "dco": 6,
          "txt": "Dam"
        },
        {
          "si": 0,
          "sti": 2,
          "dti": 2,
          "sco": 9,
          "dco": 9,
          "txt": "."
        },
        {
          "si": 1,
          "sti": 0,
          "dti": 3,
          "sco": 0,
          "dco": 11,
          "txt": "The"
        },
        {
          "si": 1,
          "sti": 1,
          "dti": 4,
          "sco": 4,
          "dco": 15,
          "txt": "Murum"
        },
        {
          "si": 1,
          "sti": 2,
          "dti": 5,
          "sco": 10,
          "dco": 21,
          "txt": "Dam"
        },
        {
          "si": 1,
          "sti": 3,
          "dti": 6,
          "sco": 14,
          "dco": 25,
          "txt": "is"
        },
        {
          "si": 1,
          "sti": 4,
          "dti": 7,
          "sco": 17,
          "dco": 28,
          "txt": "a"
        },
        {
          "si": 1,
          "sti": 5,
          "dti": 8,
          "sco": 19,
          "dco": 30,
          "txt": "gravity"
        },
        {
          "si": 1,
          "sti": 6,
          "dti": 9,
          "sco": 27,
          "dco": 38,
          "txt": "dam"
        },
        {
          "si": 1,
          "sti": 7,
          "dti": 10,
          "sco": 31,
          "dco": 42,
          "txt": "on"
        },
        {
          "si": 1,
          "sti": 8,
          "dti": 11,
          "sco": 34,
          "dco": 45,
          "txt": "the"
        },
        {
          "si": 1,
          "sti": 9,
          "dti": 12,
          "sco": 38,
          "dco": 49,
          "txt": "Murum"
        },
        {
          "si": 1,
          "sti": 10,
          "dti": 13,
          "sco": 44,
          "dco": 55,
          "txt": "River"
        },
        {
          "si": 1,
          "sti": 11,
          "dti": 14,
          "sco": 50,
          "dco": 61,
          "txt": "in"
        },
        {
          "si": 1,
          "sti": 12,
          "dti": 15,
          "sco": 53,
          "dco": 64,
          "txt": "the"
        },
        {
          "si": 1,
          "sti": 13,
          "dti": 16,
          "sco": 57,
          "dco": 68,
          "txt": "province"
        },
        {
          "si": 1,
          "sti": 14,
          "dti": 17,
          "sco": 66,
          "dco": 77,
          "txt": "of"
        },
        {
          "si": 1,
          "sti": 15,
          "dti": 18,
          "sco": 69,
          "dco": 80,
          "txt": "Sarawak"
        },
        {
          "si": 1,
          "sti": 16,
          "dti": 19,
          "sco": 77,
          "dco": 88,
          "txt": "on"
        },
        {
          "si": 1,
          "sti": 17,
          "dti": 20,
          "sco": 80,
          "dco": 91,
          "txt": "the"
        },
        {
          "si": 1,
          "sti": 18,
          "dti": 21,
          "sco": 84,
          "dco": 95,
          "txt": "Malaysian"
        },
        {
          "si": 1,
          "sti": 19,
          "dti": 22,
          "sco": 94,
          "dco": 105,
          "txt": "island"
        },
        {
          "si": 1,
          "sti": 20,
          "dti": 23,
          "sco": 101,
          "dco": 112,
          "txt": "of"
        },
        {
          "si": 1,
          "sti": 21,
          "dti": 24,
          "sco": 104,
          "dco": 115,
          "txt": "Borneo"
        },
        {
          "si": 1,
          "sti": 22,
          "dti": 25,
          "sco": 110,
          "dco": 121,
          "txt": "."
        },
        {
          "si": 2,
          "sti": 0,
          "dti": 26,
          "sco": 0,
          "dco": 123,
          "txt": "Construction"
        },
        {
          "si": 2,
          "sti": 1,
          "dti": 27,
          "sco": 13,
          "dco": 136,
          "txt": "began"
        },
        {
          "si": 2,
          "sti": 2,
          "dti": 28,
          "sco": 19,
          "dco": 142,
          "txt": "in"
        },
        {
          "si": 2,
          "sti": 3,
          "dti": 29,
          "sco": 22,
          "dco": 145,
          "txt": "2008"
        },
        {
          "si": 2,
          "sti": 4,
          "dti": 30,
          "sco": 26,
          "dco": 149,
          "txt": "."
        },
        {
          "si": 3,
          "sti": 0,
          "dti": 31,
          "sco": 0,
          "dco": 151,
          "txt": "The"
        },
        {
          "si": 3,
          "sti": 1,
          "dti": 32,
          "sco": 4,
          "dco": 155,
          "txt": "dam"
        },
        {
          "si": 3,
          "sti": 2,
          "dti": 33,
          "sco": 7,
          "dco": 158,
          "txt": "'"
        },
        {
          "si": 3,
          "sti": 3,
          "dti": 34,
          "sco": 8,
          "dco": 159,
          "txt": "s"
        },
        {
          "si": 3,
          "sti": 4,
          "dti": 35,
          "sco": 10,
          "dco": 161,
          "txt": "reservoir"
        },
        {
          "si": 3,
          "sti": 5,
          "dti": 36,
          "sco": 20,
          "dco": 171,
          "txt": "began"
        },
        {
          "si": 3,
          "sti": 6,
          "dti": 37,
          "sco": 26,
          "dco": 177,
          "txt": "to"
        },
        {
          "si": 3,
          "sti": 7,
          "dti": 38,
          "sco": 29,
          "dco": 180,
          "txt": "fill"
        },
        {
          "si": 3,
          "sti": 8,
          "dti": 39,
          "sco": 34,
          "dco": 185,
          "txt": "in"
        },
        {
          "si": 3,
          "sti": 9,
          "dti": 40,
          "sco": 37,
          "dco": 188,
          "txt": "July"
        },
        {
          "si": 3,
          "sti": 10,
          "dti": 41,
          "sco": 42,
          "dco": 193,
          "txt": "2013"
        },
        {
          "si": 3,
          "sti": 11,
          "dti": 42,
          "sco": 47,
          "dco": 198,
          "txt": "and"
        },
        {
          "si": 3,
          "sti": 12,
          "dti": 43,
          "sco": 51,
          "dco": 202,
          "txt": "the"
        },
        {
          "si": 3,
          "sti": 13,
          "dti": 44,
          "sco": 55,
          "dco": 206,
          "txt": "first"
        },
        {
          "si": 3,
          "sti": 14,
          "dti": 45,
          "sco": 61,
          "dco": 212,
          "txt": "generator"
        },
        {
          "si": 3,
          "sti": 15,
          "dti": 46,
          "sco": 71,
          "dco": 222,
          "txt": "was"
        },
        {
          "si": 3,
          "sti": 16,
          "dti": 47,
          "sco": 75,
          "dco": 226,
          "txt": "commissioned"
        },
        {
          "si": 3,
          "sti": 17,
          "dti": 48,
          "sco": 88,
          "dco": 239,
          "txt": "in"
        },
        {
          "si": 3,
          "sti": 18,
          "dti": 49,
          "sco": 91,
          "dco": 242,
          "txt": "December"
        },
        {
          "si": 3,
          "sti": 19,
          "dti": 50,
          "sco": 100,
          "dco": 251,
          "txt": "2014"
        },
        {
          "si": 3,
          "sti": 20,
          "dti": 51,
          "sco": 104,
          "dco": 255,
          "txt": "."
        },
        {
          "si": 4,
          "sti": 0,
          "dti": 52,
          "sco": 0,
          "dco": 257,
          "txt": "The"
        },
        {
          "si": 4,
          "sti": 1,
          "dti": 53,
          "sco": 4,
          "dco": 261,
          "txt": "fourth"
        },
        {
          "si": 4,
          "sti": 2,
          "dti": 54,
          "sco": 11,
          "dco": 268,
          "txt": "and"
        },
        {
          "si": 4,
          "sti": 3,
          "dti": 55,
          "sco": 15,
          "dco": 272,
          "txt": "final"
        },
        {
          "si": 4,
          "sti": 4,
          "dti": 56,
          "sco": 21,
          "dco": 278,
          "txt": "turbine"
        },
        {
          "si": 4,
          "sti": 5,
          "dti": 57,
          "sco": 29,
          "dco": 286,
          "txt": "began"
        },
        {
          "si": 4,
          "sti": 6,
          "dti": 58,
          "sco": 35,
          "dco": 292,
          "txt": "operations"
        },
        {
          "si": 4,
          "sti": 7,
          "dti": 59,
          "sco": 46,
          "dco": 303,
          "txt": "on"
        },
        {
          "si": 4,
          "sti": 8,
          "dti": 60,
          "sco": 49,
          "dco": 306,
          "txt": "8"
        },
        {
          "si": 4,
          "sti": 9,
          "dti": 61,
          "sco": 51,
          "dco": 308,
          "txt": "June"
        },
        {
          "si": 4,
          "sti": 10,
          "dti": 62,
          "sco": 56,
          "dco": 313,
          "txt": "2015"
        },
        {
          "si": 4,
          "sti": 11,
          "dti": 63,
          "sco": 60,
          "dco": 317,
          "txt": "."
        },
        {
          "si": 5,
          "sti": 0,
          "dti": 64,
          "sco": 0,
          "dco": 319,
          "txt": "Concerns"
        },
        {
          "si": 5,
          "sti": 1,
          "dti": 65,
          "sco": 9,
          "dco": 328,
          "txt": "have"
        },
        {
          "si": 5,
          "sti": 2,
          "dti": 66,
          "sco": 14,
          "dco": 333,
          "txt": "been"
        },
        {
          "si": 5,
          "sti": 3,
          "dti": 67,
          "sco": 19,
          "dco": 338,
          "txt": "raised"
        },
        {
          "si": 5,
          "sti": 4,
          "dti": 68,
          "sco": 26,
          "dco": 345,
          "txt": "about"
        },
        {
          "si": 5,
          "sti": 5,
          "dti": 69,
          "sco": 32,
          "dco": 351,
          "txt": "the"
        },
        {
          "si": 5,
          "sti": 6,
          "dti": 70,
          "sco": 36,
          "dco": 355,
          "txt": "displacement"
        },
        {
          "si": 5,
          "sti": 7,
          "dti": 71,
          "sco": 49,
          "dco": 368,
          "txt": "of"
        },
        {
          "si": 5,
          "sti": 8,
          "dti": 72,
          "sco": 52,
          "dco": 371,
          "txt": "the"
        },
        {
          "si": 5,
          "sti": 9,
          "dti": 73,
          "sco": 56,
          "dco": 375,
          "txt": "Dayak"
        },
        {
          "si": 5,
          "sti": 10,
          "dti": 74,
          "sco": 62,
          "dco": 381,
          "txt": "people"
        },
        {
          "si": 5,
          "sti": 11,
          "dti": 75,
          "sco": 69,
          "dco": 388,
          "txt": "and"
        },
        {
          "si": 5,
          "sti": 12,
          "dti": 76,
          "sco": 73,
          "dco": 392,
          "txt": "the"
        },
        {
          "si": 5,
          "sti": 13,
          "dti": 77,
          "sco": 77,
          "dco": 396,
          "txt": "removal"
        },
        {
          "si": 5,
          "sti": 14,
          "dti": 78,
          "sco": 85,
          "dco": 404,
          "txt": "of"
        },
        {
          "si": 5,
          "sti": 15,
          "dti": 79,
          "sco": 88,
          "dco": 407,
          "txt": "rainforest"
        },
        {
          "si": 5,
          "sti": 16,
          "dti": 80,
          "sco": 99,
          "dco": 418,
          "txt": "due"
        },
        {
          "si": 5,
          "sti": 17,
          "dti": 81,
          "sco": 103,
          "dco": 422,
          "txt": "to"
        },
        {
          "si": 5,
          "sti": 18,
          "dti": 82,
          "sco": 106,
          "dco": 425,
          "txt": "the"
        },
        {
          "si": 5,
          "sti": 19,
          "dti": 83,
          "sco": 110,
          "dco": 429,
          "txt": "construction"
        },
        {
          "si": 5,
          "sti": 20,
          "dti": 84,
          "sco": 123,
          "dco": 442,
          "txt": "of"
        },
        {
          "si": 5,
          "sti": 21,
          "dti": 85,
          "sco": 126,
          "dco": 445,
          "txt": "the"
        },
        {
          "si": 5,
          "sti": 22,
          "dti": 86,
          "sco": 130,
          "dco": 449,
          "txt": "dam"
        },
        {
          "si": 5,
          "sti": 23,
          "dti": 87,
          "sco": 133,
          "dco": 452,
          "txt": "."
        },
        {
          "si": 6,
          "sti": 0,
          "dti": 88,
          "sco": 0,
          "dco": 454,
          "txt": "The"
        },
        {
          "si": 6,
          "sti": 1,
          "dti": 89,
          "sco": 4,
          "dco": 458,
          "txt": "dam"
        },
        {
          "si": 6,
          "sti": 2,
          "dti": 90,
          "sco": 8,
          "dco": 462,
          "txt": "site"
        },
        {
          "si": 6,
          "sti": 3,
          "dti": 91,
          "sco": 13,
          "dco": 467,
          "txt": "is"
        },
        {
          "si": 6,
          "sti": 4,
          "dti": 92,
          "sco": 16,
          "dco": 470,
          "txt": "located"
        },
        {
          "si": 6,
          "sti": 5,
          "dti": 93,
          "sco": 24,
          "dco": 478,
          "txt": "on"
        },
        {
          "si": 6,
          "sti": 6,
          "dti": 94,
          "sco": 27,
          "dco": 481,
          "txt": "the"
        },
        {
          "si": 6,
          "sti": 7,
          "dti": 95,
          "sco": 31,
          "dco": 485,
          "txt": "Murum"
        },
        {
          "si": 6,
          "sti": 8,
          "dti": 96,
          "sco": 37,
          "dco": 491,
          "txt": "River"
        },
        {
          "si": 6,
          "sti": 9,
          "dti": 97,
          "sco": 42,
          "dco": 496,
          "txt": ","
        },
        {
          "si": 6,
          "sti": 10,
          "dti": 98,
          "sco": 44,
          "dco": 498,
          "txt": "which"
        },
        {
          "si": 6,
          "sti": 11,
          "dti": 99,
          "sco": 50,
          "dco": 504,
          "txt": "is"
        },
        {
          "si": 6,
          "sti": 12,
          "dti": 100,
          "sco": 53,
          "dco": 507,
          "txt": "in"
        },
        {
          "si": 6,
          "sti": 13,
          "dti": 101,
          "sco": 56,
          "dco": 510,
          "txt": "the"
        },
        {
          "si": 6,
          "sti": 14,
          "dti": 102,
          "sco": 60,
          "dco": 514,
          "txt": "uppermost"
        },
        {
          "si": 6,
          "sti": 15,
          "dti": 103,
          "sco": 70,
          "dco": 524,
          "txt": "part"
        },
        {
          "si": 6,
          "sti": 16,
          "dti": 104,
          "sco": 75,
          "dco": 529,
          "txt": "of"
        },
        {
          "si": 6,
          "sti": 17,
          "dti": 105,
          "sco": 78,
          "dco": 532,
          "txt": "the"
        },
        {
          "si": 6,
          "sti": 18,
          "dti": 106,
          "sco": 82,
          "dco": 536,
          "txt": "Rajang"
        },
        {
          "si": 6,
          "sti": 19,
          "dti": 107,
          "sco": 89,
          "dco": 543,
          "txt": "River"
        },
        {
          "si": 6,
          "sti": 20,
          "dti": 108,
          "sco": 95,
          "dco": 549,
          "txt": "basin"
        },
        {
          "si": 6,
          "sti": 21,
          "dti": 109,
          "sco": 100,
          "dco": 554,
          "txt": ","
        },
        {
          "si": 6,
          "sti": 22,
          "dti": 110,
          "sco": 102,
          "dco": 556,
          "txt": "from"
        },
        {
          "si": 6,
          "sti": 23,
          "dti": 111,
          "sco": 107,
          "dco": 561,
          "txt": "Bintulu"
        },
        {
          "si": 6,
          "sti": 24,
          "dti": 112,
          "sco": 114,
          "dco": 568,
          "txt": "."
        },
        {
          "si": 7,
          "sti": 0,
          "dti": 113,
          "sco": 0,
          "dco": 570,
          "txt": "The"
        },
        {
          "si": 7,
          "sti": 1,
          "dti": 114,
          "sco": 4,
          "dco": 574,
          "txt": "upstream"
        },
        {
          "si": 7,
          "sti": 2,
          "dti": 115,
          "sco": 13,
          "dco": 583,
          "txt": "of"
        },
        {
          "si": 7,
          "sti": 3,
          "dti": 116,
          "sco": 16,
          "dco": 586,
          "txt": "Rajang"
        },
        {
          "si": 7,
          "sti": 4,
          "dti": 117,
          "sco": 23,
          "dco": 593,
          "txt": "river"
        },
        {
          "si": 7,
          "sti": 5,
          "dti": 118,
          "sco": 29,
          "dco": 599,
          "txt": "includes"
        },
        {
          "si": 7,
          "sti": 6,
          "dti": 119,
          "sco": 38,
          "dco": 608,
          "txt": "four"
        },
        {
          "si": 7,
          "sti": 7,
          "dti": 120,
          "sco": 43,
          "dco": 613,
          "txt": "steps"
        },
        {
          "si": 7,
          "sti": 8,
          "dti": 121,
          "sco": 48,
          "dco": 618,
          "txt": ","
        },
        {
          "si": 7,
          "sti": 9,
          "dti": 122,
          "sco": 50,
          "dco": 620,
          "txt": "which"
        },
        {
          "si": 7,
          "sti": 10,
          "dti": 123,
          "sco": 56,
          "dco": 626,
          "txt": "are"
        },
        {
          "si": 7,
          "sti": 11,
          "dti": 124,
          "sco": 60,
          "dco": 630,
          "txt": "Pelagus"
        },
        {
          "si": 7,
          "sti": 12,
          "dti": 125,
          "sco": 67,
          "dco": 637,
          "txt": ","
        },
        {
          "si": 7,
          "sti": 13,
          "dti": 126,
          "sco": 69,
          "dco": 639,
          "txt": "Bakun"
        },
        {
          "si": 7,
          "sti": 14,
          "dti": 127,
          "sco": 74,
          "dco": 644,
          "txt": ","
        },
        {
          "si": 7,
          "sti": 15,
          "dti": 128,
          "sco": 76,
          "dco": 646,
          "txt": "Murum"
        },
        {
          "si": 7,
          "sti": 16,
          "dti": 129,
          "sco": 81,
          "dco": 651,
          "txt": ","
        },
        {
          "si": 7,
          "sti": 17,
          "dti": 130,
          "sco": 83,
          "dco": 653,
          "txt": "and"
        },
        {
          "si": 7,
          "sti": 18,
          "dti": 131,
          "sco": 87,
          "dco": 657,
          "txt": "Belaga"
        },
        {
          "si": 7,
          "sti": 19,
          "dti": 132,
          "sco": 93,
          "dco": 663,
          "txt": "."
        },
        {
          "si": 8,
          "sti": 0,
          "dti": 133,
          "sco": 0,
          "dco": 665,
          "txt": "The"
        },
        {
          "si": 8,
          "sti": 1,
          "dti": 134,
          "sco": 4,
          "dco": 669,
          "txt": "Murum"
        },
        {
          "si": 8,
          "sti": 2,
          "dti": 135,
          "sco": 10,
          "dco": 675,
          "txt": "Hydroelectric"
        },
        {
          "si": 8,
          "sti": 3,
          "dti": 136,
          "sco": 24,
          "dco": 689,
          "txt": "Project"
        },
        {
          "si": 8,
          "sti": 4,
          "dti": 137,
          "sco": 32,
          "dco": 697,
          "txt": "is"
        },
        {
          "si": 8,
          "sti": 5,
          "dti": 138,
          "sco": 35,
          "dco": 700,
          "txt": "the"
        },
        {
          "si": 8,
          "sti": 6,
          "dti": 139,
          "sco": 39,
          "dco": 704,
          "txt": "second"
        },
        {
          "si": 8,
          "sti": 7,
          "dti": 140,
          "sco": 46,
          "dco": 711,
          "txt": "Step"
        },
        {
          "si": 8,
          "sti": 8,
          "dti": 141,
          "sco": 50,
          "dco": 715,
          "txt": "-"
        },
        {
          "si": 8,
          "sti": 9,
          "dti": 142,
          "sco": 51,
          "dco": 716,
          "txt": "Hydroelectric"
        },
        {
          "si": 8,
          "sti": 10,
          "dti": 143,
          "sco": 65,
          "dco": 730,
          "txt": "Project"
        },
        {
          "si": 8,
          "sti": 11,
          "dti": 144,
          "sco": 73,
          "dco": 738,
          "txt": "of"
        },
        {
          "si": 8,
          "sti": 12,
          "dti": 145,
          "sco": 76,
          "dco": 741,
          "txt": "the"
        },
        {
          "si": 8,
          "sti": 13,
          "dti": 146,
          "sco": 80,
          "dco": 745,
          "txt": "four"
        },
        {
          "si": 8,
          "sti": 14,
          "dti": 147,
          "sco": 85,
          "dco": 750,
          "txt": "steps"
        },
        {
          "si": 8,
          "sti": 15,
          "dti": 148,
          "sco": 90,
          "dco": 755,
          "txt": ","
        },
        {
          "si": 8,
          "sti": 16,
          "dti": 149,
          "sco": 92,
          "dco": 757,
          "txt": "and"
        },
        {
          "si": 8,
          "sti": 17,
          "dti": 150,
          "sco": 96,
          "dco": 761,
          "txt": "is"
        },
        {
          "si": 8,
          "sti": 18,
          "dti": 151,
          "sco": 99,
          "dco": 764,
          "txt": "from"
        },
        {
          "si": 8,
          "sti": 19,
          "dti": 152,
          "sco": 104,
          "dco": 769,
          "txt": "the"
        },
        {
          "si": 8,
          "sti": 20,
          "dti": 153,
          "sco": 108,
          "dco": 773,
          "txt": "constructing"
        },
        {
          "si": 8,
          "sti": 21,
          "dti": 154,
          "sco": 121,
          "dco": 786,
          "txt": "Bakun"
        },
        {
          "si": 8,
          "sti": 22,
          "dti": 155,
          "sco": 127,
          "dco": 792,
          "txt": "Hydroelectric"
        },
        {
          "si": 8,
          "sti": 23,
          "dti": 156,
          "sco": 141,
          "dco": 806,
          "txt": "Project"
        },
        {
          "si": 8,
          "sti": 24,
          "dti": 157,
          "sco": 149,
          "dco": 814,
          "txt": "downstream"
        },
        {
          "si": 8,
          "sti": 25,
          "dti": 158,
          "sco": 159,
          "dco": 824,
          "txt": "."
        }
      ]
    },
    "ganns": {
      "dla": [],
      "la": [],
      "ea": [],
      "eta": [
        {
          "ra": {
            "ea": {
              "etn": "Murum_Dam"
            }
          },
          "sfs": [
            [
              {
                "stn": "status"
              },
              {}
            ]
          ],
          "mfs": [
            [
              {
                "stn": "rivers"
              },
              {
                "dla": [],
                "la": [],
                "ea": [
                  {
                    "etn": "Murum_River"
                  }
                ],
                "eta": []
              }
            ],
            [
              {
                "stn": "locations"
              },
              {
                "dla": [],
                "la": [],
                "ea": [
                  {
                    "etn": "Borneo"
                  },
                  {
                    "etn": "Sarawak"
                  }
                ],
                "eta": []
              }
            ],
            [
              {
                "stn": "openingYears"
              },
              {
                "dla": [
                  {
                    "txt": {
                      "sff": "2014"
                    },
                    "et": {
                      "etn": "Year"
                    },
                    "dp": {
                      "off": 251
                    }
                  }
                ],
                "la": [],
                "ea": [],
                "eta": []
              }
            ],
            [
              {
                "stn": "buildingStartYears"
              },
              {
                "dla": [
                  {
                    "txt": {
                      "sff": "2008"
                    },
                    "et": {
                      "etn": "Year"
                    },
                    "dp": {
                      "off": 145
                    }
                  }
                ],
                "la": [],
                "ea": [],
                "eta": []
              }
            ],
            [
              {
                "stn": "countries"
              },
              {
                "dla": [],
                "la": [],
                "ea": [],
                "eta": []
              }
            ]
          ]
        }
      ]
    }
  }
]
