[
  {
    "context": "TEST",
    "doc": {
      "id": "Ncora_Dam",
      "tl": [
        {
          "si": 0,
          "sti": 0,
          "dti": 0,
          "sco": 0,
          "dco": 0,
          "txt": "Ncora"
        },
        {
          "si": 0,
          "sti": 1,
          "dti": 1,
          "sco": 6,
          "dco": 6,
          "txt": "Dam"
        },
        {
          "si": 0,
          "sti": 2,
          "dti": 2,
          "sco": 9,
          "dco": 9,
          "txt": "."
        },
        {
          "si": 1,
          "sti": 0,
          "dti": 3,
          "sco": 0,
          "dco": 11,
          "txt": "Ncora"
        },
        {
          "si": 1,
          "sti": 1,
          "dti": 4,
          "sco": 6,
          "dco": 17,
          "txt": "Dam"
        },
        {
          "si": 1,
          "sti": 2,
          "dti": 5,
          "sco": 10,
          "dco": 21,
          "txt": "is"
        },
        {
          "si": 1,
          "sti": 3,
          "dti": 6,
          "sco": 13,
          "dco": 24,
          "txt": "a"
        },
        {
          "si": 1,
          "sti": 4,
          "dti": 7,
          "sco": 15,
          "dco": 26,
          "txt": "gravity"
        },
        {
          "si": 1,
          "sti": 5,
          "dti": 8,
          "sco": 23,
          "dco": 34,
          "txt": "type"
        },
        {
          "si": 1,
          "sti": 6,
          "dti": 9,
          "sco": 28,
          "dco": 39,
          "txt": "dam"
        },
        {
          "si": 1,
          "sti": 7,
          "dti": 10,
          "sco": 32,
          "dco": 43,
          "txt": "located"
        },
        {
          "si": 1,
          "sti": 8,
          "dti": 11,
          "sco": 40,
          "dco": 51,
          "txt": "on"
        },
        {
          "si": 1,
          "sti": 9,
          "dti": 12,
          "sco": 43,
          "dco": 54,
          "txt": "the"
        },
        {
          "si": 1,
          "sti": 10,
          "dti": 13,
          "sco": 47,
          "dco": 58,
          "txt": "Tsomo"
        },
        {
          "si": 1,
          "sti": 11,
          "dti": 14,
          "sco": 53,
          "dco": 64,
          "txt": "River"
        },
        {
          "si": 1,
          "sti": 12,
          "dti": 15,
          "sco": 58,
          "dco": 69,
          "txt": ","
        },
        {
          "si": 1,
          "sti": 13,
          "dti": 16,
          "sco": 60,
          "dco": 71,
          "txt": "near"
        },
        {
          "si": 1,
          "sti": 14,
          "dti": 17,
          "sco": 65,
          "dco": 76,
          "txt": "Tsomo"
        },
        {
          "si": 1,
          "sti": 15,
          "dti": 18,
          "sco": 70,
          "dco": 81,
          "txt": ","
        },
        {
          "si": 1,
          "sti": 16,
          "dti": 19,
          "sco": 72,
          "dco": 83,
          "txt": "Eastern"
        },
        {
          "si": 1,
          "sti": 17,
          "dti": 20,
          "sco": 80,
          "dco": 91,
          "txt": "Cape"
        },
        {
          "si": 1,
          "sti": 18,
          "dti": 21,
          "sco": 84,
          "dco": 95,
          "txt": ","
        },
        {
          "si": 1,
          "sti": 19,
          "dti": 22,
          "sco": 86,
          "dco": 97,
          "txt": "South"
        },
        {
          "si": 1,
          "sti": 20,
          "dti": 23,
          "sco": 92,
          "dco": 103,
          "txt": "Africa"
        },
        {
          "si": 1,
          "sti": 21,
          "dti": 24,
          "sco": 98,
          "dco": 109,
          "txt": "."
        },
        {
          "si": 2,
          "sti": 0,
          "dti": 25,
          "sco": 0,
          "dco": 111,
          "txt": "It"
        },
        {
          "si": 2,
          "sti": 1,
          "dti": 26,
          "sco": 3,
          "dco": 114,
          "txt": "was"
        },
        {
          "si": 2,
          "sti": 2,
          "dti": 27,
          "sco": 7,
          "dco": 118,
          "txt": "established"
        },
        {
          "si": 2,
          "sti": 3,
          "dti": 28,
          "sco": 19,
          "dco": 130,
          "txt": "in"
        },
        {
          "si": 2,
          "sti": 4,
          "dti": 29,
          "sco": 22,
          "dco": 133,
          "txt": "1972"
        },
        {
          "si": 2,
          "sti": 5,
          "dti": 30,
          "sco": 27,
          "dco": 138,
          "txt": "and"
        },
        {
          "si": 2,
          "sti": 6,
          "dti": 31,
          "sco": 31,
          "dco": 142,
          "txt": "serves"
        },
        {
          "si": 2,
          "sti": 7,
          "dti": 32,
          "sco": 38,
          "dco": 149,
          "txt": "mainly"
        },
        {
          "si": 2,
          "sti": 8,
          "dti": 33,
          "sco": 45,
          "dco": 156,
          "txt": "for"
        },
        {
          "si": 2,
          "sti": 9,
          "dti": 34,
          "sco": 49,
          "dco": 160,
          "txt": "irrigation"
        },
        {
          "si": 2,
          "sti": 10,
          "dti": 35,
          "sco": 60,
          "dco": 171,
          "txt": "purposes"
        },
        {
          "si": 2,
          "sti": 11,
          "dti": 36,
          "sco": 68,
          "dco": 179,
          "txt": "."
        },
        {
          "si": 3,
          "sti": 0,
          "dti": 37,
          "sco": 0,
          "dco": 181,
          "txt": "The"
        },
        {
          "si": 3,
          "sti": 1,
          "dti": 38,
          "sco": 4,
          "dco": 185,
          "txt": "hazard"
        },
        {
          "si": 3,
          "sti": 2,
          "dti": 39,
          "sco": 11,
          "dco": 192,
          "txt": "potential"
        },
        {
          "si": 3,
          "sti": 3,
          "dti": 40,
          "sco": 21,
          "dco": 202,
          "txt": "of"
        },
        {
          "si": 3,
          "sti": 4,
          "dti": 41,
          "sco": 24,
          "dco": 205,
          "txt": "the"
        },
        {
          "si": 3,
          "sti": 5,
          "dti": 42,
          "sco": 28,
          "dco": 209,
          "txt": "dam"
        },
        {
          "si": 3,
          "sti": 6,
          "dti": 43,
          "sco": 32,
          "dco": 213,
          "txt": "has"
        },
        {
          "si": 3,
          "sti": 7,
          "dti": 44,
          "sco": 36,
          "dco": 217,
          "txt": "been"
        },
        {
          "si": 3,
          "sti": 8,
          "dti": 45,
          "sco": 41,
          "dco": 222,
          "txt": "ranked"
        },
        {
          "si": 3,
          "sti": 9,
          "dti": 46,
          "sco": 48,
          "dco": 229,
          "txt": "high"
        },
        {
          "si": 3,
          "sti": 10,
          "dti": 47,
          "sco": 53,
          "dco": 234,
          "txt": "("
        },
        {
          "si": 3,
          "sti": 11,
          "dti": 48,
          "sco": 54,
          "dco": 235,
          "txt": "3"
        },
        {
          "si": 3,
          "sti": 12,
          "dti": 49,
          "sco": 55,
          "dco": 236,
          "txt": ")"
        },
        {
          "si": 3,
          "sti": 13,
          "dti": 50,
          "sco": 56,
          "dco": 237,
          "txt": "."
        }
      ]
    },
    "ganns": {
      "dla": [],
      "la": [],
      "ea": [],
      "eta": [
        {
          "ra": {
            "ea": {
              "etn": "Ncora_Dam"
            }
          },
          "sfs": [
            [
              {
                "stn": "status"
              },
              {}
            ]
          ],
          "mfs": [
            [
              {
                "stn": "rivers"
              },
              {
                "dla": [],
                "la": [],
                "ea": [
                  {
                    "etn": "Tsomo_River"
                  }
                ],
                "eta": []
              }
            ],
            [
              {
                "stn": "locations"
              },
              {
                "dla": [],
                "la": [],
                "ea": [
                  {
                    "etn": "Eastern_Cape"
                  }
                ],
                "eta": []
              }
            ],
            [
              {
                "stn": "openingYears"
              },
              {
                "dla": [
                  {
                    "txt": {
                      "sff": "1972"
                    },
                    "et": {
                      "etn": "Year"
                    },
                    "dp": {
                      "off": 133
                    }
                  }
                ],
                "la": [],
                "ea": [],
                "eta": []
              }
            ],
            [
              {
                "stn": "buildingStartYears"
              },
              {
                "dla": [],
                "la": [],
                "ea": [],
                "eta": []
              }
            ],
            [
              {
                "stn": "countries"
              },
              {
                "dla": [],
                "la": [],
                "ea": [
                  {
                    "etn": "South_Africa"
                  }
                ],
                "eta": []
              }
            ]
          ]
        }
      ]
    }
  }
]
