[
  {
    "context": "TRAIN",
    "doc": {
      "id": "Nierji_Dam",
      "tl": [
        {
          "si": 0,
          "sti": 0,
          "dti": 0,
          "sco": 0,
          "dco": 0,
          "txt": "Nierji"
        },
        {
          "si": 0,
          "sti": 1,
          "dti": 1,
          "sco": 7,
          "dco": 7,
          "txt": "Dam"
        },
        {
          "si": 0,
          "sti": 2,
          "dti": 2,
          "sco": 10,
          "dco": 10,
          "txt": "."
        },
        {
          "si": 1,
          "sti": 0,
          "dti": 3,
          "sco": 0,
          "dco": 12,
          "txt": "The"
        },
        {
          "si": 1,
          "sti": 1,
          "dti": 4,
          "sco": 4,
          "dco": 16,
          "txt": "Nierji"
        },
        {
          "si": 1,
          "sti": 2,
          "dti": 5,
          "sco": 11,
          "dco": 23,
          "txt": "Dam"
        },
        {
          "si": 1,
          "sti": 3,
          "dti": 6,
          "sco": 15,
          "dco": 27,
          "txt": "is"
        },
        {
          "si": 1,
          "sti": 4,
          "dti": 7,
          "sco": 18,
          "dco": 30,
          "txt": "an"
        },
        {
          "si": 1,
          "sti": 5,
          "dti": 8,
          "sco": 21,
          "dco": 33,
          "txt": "embankment"
        },
        {
          "si": 1,
          "sti": 6,
          "dti": 9,
          "sco": 32,
          "dco": 44,
          "txt": "dam"
        },
        {
          "si": 1,
          "sti": 7,
          "dti": 10,
          "sco": 36,
          "dco": 48,
          "txt": "on"
        },
        {
          "si": 1,
          "sti": 8,
          "dti": 11,
          "sco": 39,
          "dco": 51,
          "txt": "the"
        },
        {
          "si": 1,
          "sti": 9,
          "dti": 12,
          "sco": 43,
          "dco": 55,
          "txt": "Nen"
        },
        {
          "si": 1,
          "sti": 10,
          "dti": 13,
          "sco": 47,
          "dco": 59,
          "txt": "River"
        },
        {
          "si": 1,
          "sti": 11,
          "dti": 14,
          "sco": 53,
          "dco": 65,
          "txt": "just"
        },
        {
          "si": 1,
          "sti": 12,
          "dti": 15,
          "sco": 58,
          "dco": 70,
          "txt": "north"
        },
        {
          "si": 1,
          "sti": 13,
          "dti": 16,
          "sco": 64,
          "dco": 76,
          "txt": "of"
        },
        {
          "si": 1,
          "sti": 14,
          "dti": 17,
          "sco": 67,
          "dco": 79,
          "txt": "Morin"
        },
        {
          "si": 1,
          "sti": 15,
          "dti": 18,
          "sco": 73,
          "dco": 85,
          "txt": "Dawa"
        },
        {
          "si": 1,
          "sti": 16,
          "dti": 19,
          "sco": 78,
          "dco": 90,
          "txt": "and"
        },
        {
          "si": 1,
          "sti": 17,
          "dti": 20,
          "sco": 82,
          "dco": 94,
          "txt": "on"
        },
        {
          "si": 1,
          "sti": 18,
          "dti": 21,
          "sco": 85,
          "dco": 97,
          "txt": "the"
        },
        {
          "si": 1,
          "sti": 19,
          "dti": 22,
          "sco": 89,
          "dco": 101,
          "txt": "border"
        },
        {
          "si": 1,
          "sti": 20,
          "dti": 23,
          "sco": 96,
          "dco": 108,
          "txt": "of"
        },
        {
          "si": 1,
          "sti": 21,
          "dti": 24,
          "sco": 99,
          "dco": 111,
          "txt": "Inner"
        },
        {
          "si": 1,
          "sti": 22,
          "dti": 25,
          "sco": 105,
          "dco": 117,
          "txt": "Mongolia"
        },
        {
          "si": 1,
          "sti": 23,
          "dti": 26,
          "sco": 114,
          "dco": 126,
          "txt": "and"
        },
        {
          "si": 1,
          "sti": 24,
          "dti": 27,
          "sco": 118,
          "dco": 130,
          "txt": "Heilongjiang"
        },
        {
          "si": 1,
          "sti": 25,
          "dti": 28,
          "sco": 131,
          "dco": 143,
          "txt": "Province"
        },
        {
          "si": 1,
          "sti": 26,
          "dti": 29,
          "sco": 139,
          "dco": 151,
          "txt": ","
        },
        {
          "si": 1,
          "sti": 27,
          "dti": 30,
          "sco": 141,
          "dco": 153,
          "txt": "China"
        },
        {
          "si": 1,
          "sti": 28,
          "dti": 31,
          "sco": 146,
          "dco": 158,
          "txt": "."
        },
        {
          "si": 2,
          "sti": 0,
          "dti": 32,
          "sco": 0,
          "dco": 160,
          "txt": "The"
        },
        {
          "si": 2,
          "sti": 1,
          "dti": 33,
          "sco": 4,
          "dco": 164,
          "txt": "dam"
        },
        {
          "si": 2,
          "sti": 2,
          "dti": 34,
          "sco": 8,
          "dco": 168,
          "txt": "was"
        },
        {
          "si": 2,
          "sti": 3,
          "dti": 35,
          "sco": 12,
          "dco": 172,
          "txt": "constructed"
        },
        {
          "si": 2,
          "sti": 4,
          "dti": 36,
          "sco": 24,
          "dco": 184,
          "txt": "between"
        },
        {
          "si": 2,
          "sti": 5,
          "dti": 37,
          "sco": 32,
          "dco": 192,
          "txt": "2001"
        },
        {
          "si": 2,
          "sti": 6,
          "dti": 38,
          "sco": 37,
          "dco": 197,
          "txt": "and"
        },
        {
          "si": 2,
          "sti": 7,
          "dti": 39,
          "sco": 41,
          "dco": 201,
          "txt": "2006"
        },
        {
          "si": 2,
          "sti": 8,
          "dti": 40,
          "sco": 46,
          "dco": 206,
          "txt": "for"
        },
        {
          "si": 2,
          "sti": 9,
          "dti": 41,
          "sco": 50,
          "dco": 210,
          "txt": "several"
        },
        {
          "si": 2,
          "sti": 10,
          "dti": 42,
          "sco": 58,
          "dco": 218,
          "txt": "purposes"
        },
        {
          "si": 2,
          "sti": 11,
          "dti": 43,
          "sco": 67,
          "dco": 227,
          "txt": "to"
        },
        {
          "si": 2,
          "sti": 12,
          "dti": 44,
          "sco": 70,
          "dco": 230,
          "txt": "include"
        },
        {
          "si": 2,
          "sti": 13,
          "dti": 45,
          "sco": 78,
          "dco": 238,
          "txt": "hydroelectric"
        },
        {
          "si": 2,
          "sti": 14,
          "dti": 46,
          "sco": 92,
          "dco": 252,
          "txt": "power"
        },
        {
          "si": 2,
          "sti": 15,
          "dti": 47,
          "sco": 98,
          "dco": 258,
          "txt": "generation"
        },
        {
          "si": 2,
          "sti": 16,
          "dti": 48,
          "sco": 108,
          "dco": 268,
          "txt": ","
        },
        {
          "si": 2,
          "sti": 17,
          "dti": 49,
          "sco": 110,
          "dco": 270,
          "txt": "flood"
        },
        {
          "si": 2,
          "sti": 18,
          "dti": 50,
          "sco": 116,
          "dco": 276,
          "txt": "control"
        },
        {
          "si": 2,
          "sti": 19,
          "dti": 51,
          "sco": 123,
          "dco": 283,
          "txt": ","
        },
        {
          "si": 2,
          "sti": 20,
          "dti": 52,
          "sco": 125,
          "dco": 285,
          "txt": "navigation"
        },
        {
          "si": 2,
          "sti": 21,
          "dti": 53,
          "sco": 136,
          "dco": 296,
          "txt": "and"
        },
        {
          "si": 2,
          "sti": 22,
          "dti": 54,
          "sco": 140,
          "dco": 300,
          "txt": "water"
        },
        {
          "si": 2,
          "sti": 23,
          "dti": 55,
          "sco": 146,
          "dco": 306,
          "txt": "supply"
        },
        {
          "si": 2,
          "sti": 24,
          "dti": 56,
          "sco": 152,
          "dco": 312,
          "txt": "."
        },
        {
          "si": 3,
          "sti": 0,
          "dti": 57,
          "sco": 0,
          "dco": 314,
          "txt": "Design"
        },
        {
          "si": 3,
          "sti": 1,
          "dti": 58,
          "sco": 6,
          "dco": 320,
          "txt": "."
        },
        {
          "si": 4,
          "sti": 0,
          "dti": 59,
          "sco": 0,
          "dco": 322,
          "txt": "The"
        },
        {
          "si": 4,
          "sti": 1,
          "dti": 60,
          "sco": 4,
          "dco": 326,
          "txt": "dam"
        },
        {
          "si": 4,
          "sti": 2,
          "dti": 61,
          "sco": 8,
          "dco": 330,
          "txt": "is"
        },
        {
          "si": 4,
          "sti": 3,
          "dti": 62,
          "sco": 11,
          "dco": 333,
          "txt": "a"
        },
        {
          "si": 4,
          "sti": 4,
          "dti": 63,
          "sco": 13,
          "dco": 335,
          "txt": "rock"
        },
        {
          "si": 4,
          "sti": 5,
          "dti": 64,
          "sco": 17,
          "dco": 339,
          "txt": "-"
        },
        {
          "si": 4,
          "sti": 6,
          "dti": 65,
          "sco": 18,
          "dco": 340,
          "txt": "fill"
        },
        {
          "si": 4,
          "sti": 7,
          "dti": 66,
          "sco": 23,
          "dco": 345,
          "txt": "type"
        },
        {
          "si": 4,
          "sti": 8,
          "dti": 67,
          "sco": 28,
          "dco": 350,
          "txt": "and"
        },
        {
          "si": 4,
          "sti": 9,
          "dti": 68,
          "sco": 32,
          "dco": 354,
          "txt": "tall"
        },
        {
          "si": 4,
          "sti": 10,
          "dti": 69,
          "sco": 37,
          "dco": 359,
          "txt": "at"
        },
        {
          "si": 4,
          "sti": 11,
          "dti": 70,
          "sco": 40,
          "dco": 362,
          "txt": "its"
        },
        {
          "si": 4,
          "sti": 12,
          "dti": 71,
          "sco": 44,
          "dco": 366,
          "txt": "highest"
        },
        {
          "si": 4,
          "sti": 13,
          "dti": 72,
          "sco": 52,
          "dco": 374,
          "txt": "point"
        },
        {
          "si": 4,
          "sti": 14,
          "dti": 73,
          "sco": 57,
          "dco": 379,
          "txt": "."
        },
        {
          "si": 5,
          "sti": 0,
          "dti": 74,
          "sco": 0,
          "dco": 381,
          "txt": "The"
        },
        {
          "si": 5,
          "sti": 1,
          "dti": 75,
          "sco": 4,
          "dco": 385,
          "txt": "total"
        },
        {
          "si": 5,
          "sti": 2,
          "dti": 76,
          "sco": 10,
          "dco": 391,
          "txt": "length"
        },
        {
          "si": 5,
          "sti": 3,
          "dti": 77,
          "sco": 17,
          "dco": 398,
          "txt": "of"
        },
        {
          "si": 5,
          "sti": 4,
          "dti": 78,
          "sco": 20,
          "dco": 401,
          "txt": "the"
        },
        {
          "si": 5,
          "sti": 5,
          "dti": 79,
          "sco": 24,
          "dco": 405,
          "txt": "dam"
        },
        {
          "si": 5,
          "sti": 6,
          "dti": 80,
          "sco": 28,
          "dco": 409,
          "txt": "is"
        },
        {
          "si": 5,
          "sti": 7,
          "dti": 81,
          "sco": 31,
          "dco": 412,
          "txt": "which"
        },
        {
          "si": 5,
          "sti": 8,
          "dti": 82,
          "sco": 37,
          "dco": 418,
          "txt": "includes"
        },
        {
          "si": 5,
          "sti": 9,
          "dti": 83,
          "sco": 46,
          "dco": 427,
          "txt": "the"
        },
        {
          "si": 5,
          "sti": 10,
          "dti": 84,
          "sco": 50,
          "dco": 431,
          "txt": "long"
        },
        {
          "si": 5,
          "sti": 11,
          "dti": 85,
          "sco": 55,
          "dco": 436,
          "txt": "main"
        },
        {
          "si": 5,
          "sti": 12,
          "dti": 86,
          "sco": 60,
          "dco": 441,
          "txt": "dam"
        },
        {
          "si": 5,
          "sti": 13,
          "dti": 87,
          "sco": 64,
          "dco": 445,
          "txt": "with"
        },
        {
          "si": 5,
          "sti": 14,
          "dti": 88,
          "sco": 69,
          "dco": 450,
          "txt": "an"
        },
        {
          "si": 5,
          "sti": 15,
          "dti": 89,
          "sco": 72,
          "dco": 453,
          "txt": "asphalt"
        },
        {
          "si": 5,
          "sti": 16,
          "dti": 90,
          "sco": 80,
          "dco": 461,
          "txt": "core"
        },
        {
          "si": 5,
          "sti": 17,
          "dti": 91,
          "sco": 84,
          "dco": 465,
          "txt": "."
        },
        {
          "si": 6,
          "sti": 0,
          "dti": 92,
          "sco": 0,
          "dco": 467,
          "txt": "The"
        },
        {
          "si": 6,
          "sti": 1,
          "dti": 93,
          "sco": 4,
          "dco": 471,
          "txt": "dam"
        },
        {
          "si": 6,
          "sti": 2,
          "dti": 94,
          "sco": 8,
          "dco": 475,
          "txt": "creates"
        },
        {
          "si": 6,
          "sti": 3,
          "dti": 95,
          "sco": 16,
          "dco": 483,
          "txt": "a"
        },
        {
          "si": 6,
          "sti": 4,
          "dti": 96,
          "sco": 18,
          "dco": 485,
          "txt": "reservoir"
        },
        {
          "si": 6,
          "sti": 5,
          "dti": 97,
          "sco": 28,
          "dco": 495,
          "txt": "with"
        },
        {
          "si": 6,
          "sti": 6,
          "dti": 98,
          "sco": 33,
          "dco": 500,
          "txt": "a"
        },
        {
          "si": 6,
          "sti": 7,
          "dti": 99,
          "sco": 35,
          "dco": 502,
          "txt": "capacity"
        },
        {
          "si": 6,
          "sti": 8,
          "dti": 100,
          "sco": 44,
          "dco": 511,
          "txt": "of"
        },
        {
          "si": 6,
          "sti": 9,
          "dti": 101,
          "sco": 47,
          "dco": 514,
          "txt": "and"
        },
        {
          "si": 6,
          "sti": 10,
          "dti": 102,
          "sco": 51,
          "dco": 518,
          "txt": "sits"
        },
        {
          "si": 6,
          "sti": 11,
          "dti": 103,
          "sco": 56,
          "dco": 523,
          "txt": "at"
        },
        {
          "si": 6,
          "sti": 12,
          "dti": 104,
          "sco": 59,
          "dco": 526,
          "txt": "the"
        },
        {
          "si": 6,
          "sti": 13,
          "dti": 105,
          "sco": 63,
          "dco": 530,
          "txt": "head"
        },
        {
          "si": 6,
          "sti": 14,
          "dti": 106,
          "sco": 68,
          "dco": 535,
          "txt": "of"
        },
        {
          "si": 6,
          "sti": 15,
          "dti": 107,
          "sco": 71,
          "dco": 538,
          "txt": "a"
        },
        {
          "si": 6,
          "sti": 16,
          "dti": 108,
          "sco": 73,
          "dco": 540,
          "txt": "catchment"
        },
        {
          "si": 6,
          "sti": 17,
          "dti": 109,
          "sco": 83,
          "dco": 550,
          "txt": "area"
        },
        {
          "si": 6,
          "sti": 18,
          "dti": 110,
          "sco": 87,
          "dco": 554,
          "txt": "."
        },
        {
          "si": 7,
          "sti": 0,
          "dti": 111,
          "sco": 0,
          "dco": 556,
          "txt": "The"
        },
        {
          "si": 7,
          "sti": 1,
          "dti": 112,
          "sco": 4,
          "dco": 560,
          "txt": "dam"
        },
        {
          "si": 7,
          "sti": 2,
          "dti": 113,
          "sco": 7,
          "dco": 563,
          "txt": "'"
        },
        {
          "si": 7,
          "sti": 3,
          "dti": 114,
          "sco": 8,
          "dco": 564,
          "txt": "s"
        },
        {
          "si": 7,
          "sti": 4,
          "dti": 115,
          "sco": 10,
          "dco": 566,
          "txt": "spillway"
        },
        {
          "si": 7,
          "sti": 5,
          "dti": 116,
          "sco": 19,
          "dco": 575,
          "txt": "consists"
        },
        {
          "si": 7,
          "sti": 6,
          "dti": 117,
          "sco": 28,
          "dco": 584,
          "txt": "of"
        },
        {
          "si": 7,
          "sti": 7,
          "dti": 118,
          "sco": 31,
          "dco": 587,
          "txt": "11"
        },
        {
          "si": 7,
          "sti": 8,
          "dti": 119,
          "sco": 34,
          "dco": 590,
          "txt": "floodgates"
        },
        {
          "si": 7,
          "sti": 9,
          "dti": 120,
          "sco": 45,
          "dco": 601,
          "txt": "and"
        },
        {
          "si": 7,
          "sti": 10,
          "dti": 121,
          "sco": 49,
          "dco": 605,
          "txt": "has"
        },
        {
          "si": 7,
          "sti": 11,
          "dti": 122,
          "sco": 53,
          "dco": 609,
          "txt": "a"
        },
        {
          "si": 7,
          "sti": 12,
          "dti": 123,
          "sco": 55,
          "dco": 611,
          "txt": "maximum"
        },
        {
          "si": 7,
          "sti": 13,
          "dti": 124,
          "sco": 63,
          "dco": 619,
          "txt": "discharge"
        },
        {
          "si": 7,
          "sti": 14,
          "dti": 125,
          "sco": 73,
          "dco": 629,
          "txt": "capacity"
        },
        {
          "si": 7,
          "sti": 15,
          "dti": 126,
          "sco": 82,
          "dco": 638,
          "txt": "of"
        },
        {
          "si": 7,
          "sti": 16,
          "dti": 127,
          "sco": 84,
          "dco": 640,
          "txt": "."
        },
        {
          "si": 8,
          "sti": 0,
          "dti": 128,
          "sco": 0,
          "dco": 642,
          "txt": "The"
        },
        {
          "si": 8,
          "sti": 1,
          "dti": 129,
          "sco": 4,
          "dco": 646,
          "txt": "dam"
        },
        {
          "si": 8,
          "sti": 2,
          "dti": 130,
          "sco": 7,
          "dco": 649,
          "txt": "'"
        },
        {
          "si": 8,
          "sti": 3,
          "dti": 131,
          "sco": 8,
          "dco": 650,
          "txt": "s"
        },
        {
          "si": 8,
          "sti": 4,
          "dti": 132,
          "sco": 10,
          "dco": 652,
          "txt": "power"
        },
        {
          "si": 8,
          "sti": 5,
          "dti": 133,
          "sco": 16,
          "dco": 658,
          "txt": "station"
        },
        {
          "si": 8,
          "sti": 6,
          "dti": 134,
          "sco": 24,
          "dco": 666,
          "txt": "contains"
        },
        {
          "si": 8,
          "sti": 7,
          "dti": 135,
          "sco": 33,
          "dco": 675,
          "txt": "four"
        },
        {
          "si": 8,
          "sti": 8,
          "dti": 136,
          "sco": 38,
          "dco": 680,
          "txt": "62"
        },
        {
          "si": 8,
          "sti": 9,
          "dti": 137,
          "sco": 40,
          "dco": 682,
          "txt": "."
        },
        {
          "si": 8,
          "sti": 10,
          "dti": 138,
          "sco": 41,
          "dco": 683,
          "txt": "5"
        },
        {
          "si": 8,
          "sti": 11,
          "dti": 139,
          "sco": 43,
          "dco": 685,
          "txt": "MW"
        },
        {
          "si": 8,
          "sti": 12,
          "dti": 140,
          "sco": 46,
          "dco": 688,
          "txt": "Kaplan"
        },
        {
          "si": 8,
          "sti": 13,
          "dti": 141,
          "sco": 53,
          "dco": 695,
          "txt": "turbine"
        },
        {
          "si": 8,
          "sti": 14,
          "dti": 142,
          "sco": 60,
          "dco": 702,
          "txt": "-"
        },
        {
          "si": 8,
          "sti": 15,
          "dti": 143,
          "sco": 61,
          "dco": 703,
          "txt": "generators"
        },
        {
          "si": 8,
          "sti": 16,
          "dti": 144,
          "sco": 72,
          "dco": 714,
          "txt": "for"
        },
        {
          "si": 8,
          "sti": 17,
          "dti": 145,
          "sco": 76,
          "dco": 718,
          "txt": "a"
        },
        {
          "si": 8,
          "sti": 18,
          "dti": 146,
          "sco": 78,
          "dco": 720,
          "txt": "total"
        },
        {
          "si": 8,
          "sti": 19,
          "dti": 147,
          "sco": 84,
          "dco": 726,
          "txt": "installed"
        },
        {
          "si": 8,
          "sti": 20,
          "dti": 148,
          "sco": 94,
          "dco": 736,
          "txt": "capacity"
        },
        {
          "si": 8,
          "sti": 21,
          "dti": 149,
          "sco": 103,
          "dco": 745,
          "txt": "of"
        },
        {
          "si": 8,
          "sti": 22,
          "dti": 150,
          "sco": 106,
          "dco": 748,
          "txt": "250"
        },
        {
          "si": 8,
          "sti": 23,
          "dti": 151,
          "sco": 110,
          "dco": 752,
          "txt": "MW"
        },
        {
          "si": 8,
          "sti": 24,
          "dti": 152,
          "sco": 112,
          "dco": 754,
          "txt": "."
        }
      ]
    },
    "ganns": {
      "dla": [],
      "la": [],
      "ea": [],
      "eta": [
        {
          "ra": {
            "ea": {
              "etn": "Nierji_Dam"
            }
          },
          "sfs": [
            [
              {
                "stn": "status"
              },
              {}
            ]
          ],
          "mfs": [
            [
              {
                "stn": "rivers"
              },
              {
                "dla": [],
                "la": [],
                "ea": [
                  {
                    "etn": "Nen_River"
                  }
                ],
                "eta": []
              }
            ],
            [
              {
                "stn": "locations"
              },
              {
                "dla": [],
                "la": [],
                "ea": [
                  {
                    "etn": "Morin_Dawa_Daur_Autonomous_Banner"
                  }
                ],
                "eta": []
              }
            ],
            [
              {
                "stn": "openingYears"
              },
              {
                "dla": [
                  {
                    "txt": {
                      "sff": "2006"
                    },
                    "et": {
                      "etn": "Year"
                    },
                    "dp": {
                      "off": 201
                    }
                  }
                ],
                "la": [],
                "ea": [],
                "eta": []
              }
            ],
            [
              {
                "stn": "buildingStartYears"
              },
              {
                "dla": [
                  {
                    "txt": {
                      "sff": "2001"
                    },
                    "et": {
                      "etn": "Year"
                    },
                    "dp": {
                      "off": 192
                    }
                  }
                ],
                "la": [],
                "ea": [],
                "eta": []
              }
            ],
            [
              {
                "stn": "countries"
              },
              {
                "dla": [],
                "la": [],
                "ea": [],
                "eta": []
              }
            ]
          ]
        }
      ]
    }
  }
]
