[
  {
    "context": "TEST",
    "doc": {
      "id": "Pinet_(power_station)",
      "tl": [
        {
          "si": 0,
          "sti": 0,
          "dti": 0,
          "sco": 0,
          "dco": 0,
          "txt": "Pinet"
        },
        {
          "si": 0,
          "sti": 1,
          "dti": 1,
          "sco": 6,
          "dco": 6,
          "txt": "("
        },
        {
          "si": 0,
          "sti": 2,
          "dti": 2,
          "sco": 7,
          "dco": 7,
          "txt": "power"
        },
        {
          "si": 0,
          "sti": 3,
          "dti": 3,
          "sco": 13,
          "dco": 13,
          "txt": "station"
        },
        {
          "si": 0,
          "sti": 4,
          "dti": 4,
          "sco": 20,
          "dco": 20,
          "txt": ")"
        },
        {
          "si": 0,
          "sti": 5,
          "dti": 5,
          "sco": 21,
          "dco": 21,
          "txt": "."
        },
        {
          "si": 1,
          "sti": 0,
          "dti": 6,
          "sco": 0,
          "dco": 23,
          "txt": "Pinet"
        },
        {
          "si": 1,
          "sti": 1,
          "dti": 7,
          "sco": 6,
          "dco": 29,
          "txt": "is"
        },
        {
          "si": 1,
          "sti": 2,
          "dti": 8,
          "sco": 9,
          "dco": 32,
          "txt": "a"
        },
        {
          "si": 1,
          "sti": 3,
          "dti": 9,
          "sco": 11,
          "dco": 34,
          "txt": "barrage"
        },
        {
          "si": 1,
          "sti": 4,
          "dti": 10,
          "sco": 19,
          "dco": 42,
          "txt": "and"
        },
        {
          "si": 1,
          "sti": 5,
          "dti": 11,
          "sco": 23,
          "dco": 46,
          "txt": "hydroelectric"
        },
        {
          "si": 1,
          "sti": 6,
          "dti": 12,
          "sco": 37,
          "dco": 60,
          "txt": "power"
        },
        {
          "si": 1,
          "sti": 7,
          "dti": 13,
          "sco": 43,
          "dco": 66,
          "txt": "station"
        },
        {
          "si": 1,
          "sti": 8,
          "dti": 14,
          "sco": 51,
          "dco": 74,
          "txt": "on"
        },
        {
          "si": 1,
          "sti": 9,
          "dti": 15,
          "sco": 54,
          "dco": 77,
          "txt": "the"
        },
        {
          "si": 1,
          "sti": 10,
          "dti": 16,
          "sco": 58,
          "dco": 81,
          "txt": "River"
        },
        {
          "si": 1,
          "sti": 11,
          "dti": 17,
          "sco": 64,
          "dco": 87,
          "txt": "Tarn"
        },
        {
          "si": 1,
          "sti": 12,
          "dti": 18,
          "sco": 69,
          "dco": 92,
          "txt": "in"
        },
        {
          "si": 1,
          "sti": 13,
          "dti": 19,
          "sco": 72,
          "dco": 95,
          "txt": "Saint"
        },
        {
          "si": 1,
          "sti": 14,
          "dti": 20,
          "sco": 77,
          "dco": 100,
          "txt": "-"
        },
        {
          "si": 1,
          "sti": 15,
          "dti": 21,
          "sco": 78,
          "dco": 101,
          "txt": "Victor"
        },
        {
          "si": 1,
          "sti": 16,
          "dti": 22,
          "sco": 84,
          "dco": 107,
          "txt": "-"
        },
        {
          "si": 1,
          "sti": 17,
          "dti": 23,
          "sco": 85,
          "dco": 108,
          "txt": "et"
        },
        {
          "si": 1,
          "sti": 18,
          "dti": 24,
          "sco": 87,
          "dco": 110,
          "txt": "-"
        },
        {
          "si": 1,
          "sti": 19,
          "dti": 25,
          "sco": 88,
          "dco": 111,
          "txt": "Melvieu"
        },
        {
          "si": 1,
          "sti": 20,
          "dti": 26,
          "sco": 96,
          "dco": 119,
          "txt": "in"
        },
        {
          "si": 1,
          "sti": 21,
          "dti": 27,
          "sco": 99,
          "dco": 122,
          "txt": "Aveyron"
        },
        {
          "si": 1,
          "sti": 22,
          "dti": 28,
          "sco": 106,
          "dco": 129,
          "txt": ","
        },
        {
          "si": 1,
          "sti": 23,
          "dti": 29,
          "sco": 108,
          "dco": 131,
          "txt": "southern"
        },
        {
          "si": 1,
          "sti": 24,
          "dti": 30,
          "sco": 117,
          "dco": 140,
          "txt": "France"
        },
        {
          "si": 1,
          "sti": 25,
          "dti": 31,
          "sco": 123,
          "dco": 146,
          "txt": "."
        },
        {
          "si": 2,
          "sti": 0,
          "dti": 32,
          "sco": 0,
          "dco": 148,
          "txt": "The"
        },
        {
          "si": 2,
          "sti": 1,
          "dti": 33,
          "sco": 4,
          "dco": 152,
          "txt": "barrage"
        },
        {
          "si": 2,
          "sti": 2,
          "dti": 34,
          "sco": 12,
          "dco": 160,
          "txt": "was"
        },
        {
          "si": 2,
          "sti": 3,
          "dti": 35,
          "sco": 16,
          "dco": 164,
          "txt": "built"
        },
        {
          "si": 2,
          "sti": 4,
          "dti": 36,
          "sco": 22,
          "dco": 170,
          "txt": "in"
        },
        {
          "si": 2,
          "sti": 5,
          "dti": 37,
          "sco": 25,
          "dco": 173,
          "txt": "1932"
        },
        {
          "si": 2,
          "sti": 6,
          "dti": 38,
          "sco": 29,
          "dco": 177,
          "txt": ","
        },
        {
          "si": 2,
          "sti": 7,
          "dti": 39,
          "sco": 31,
          "dco": 179,
          "txt": "and"
        },
        {
          "si": 2,
          "sti": 8,
          "dti": 40,
          "sco": 35,
          "dco": 183,
          "txt": "the"
        },
        {
          "si": 2,
          "sti": 9,
          "dti": 41,
          "sco": 39,
          "dco": 187,
          "txt": "station"
        },
        {
          "si": 2,
          "sti": 10,
          "dti": 42,
          "sco": 47,
          "dco": 195,
          "txt": "has"
        },
        {
          "si": 2,
          "sti": 11,
          "dti": 43,
          "sco": 51,
          "dco": 199,
          "txt": "five"
        },
        {
          "si": 2,
          "sti": 12,
          "dti": 44,
          "sco": 56,
          "dco": 204,
          "txt": "Francis"
        },
        {
          "si": 2,
          "sti": 13,
          "dti": 45,
          "sco": 64,
          "dco": 212,
          "txt": "turbines"
        },
        {
          "si": 2,
          "sti": 14,
          "dti": 46,
          "sco": 73,
          "dco": 221,
          "txt": "generating"
        },
        {
          "si": 2,
          "sti": 15,
          "dti": 47,
          "sco": 84,
          "dco": 232,
          "txt": "42"
        },
        {
          "si": 2,
          "sti": 16,
          "dti": 48,
          "sco": 86,
          "dco": 234,
          "txt": "."
        },
        {
          "si": 2,
          "sti": 17,
          "dti": 49,
          "sco": 87,
          "dco": 235,
          "txt": "5"
        },
        {
          "si": 2,
          "sti": 18,
          "dti": 50,
          "sco": 88,
          "dco": 236,
          "txt": "MW"
        },
        {
          "si": 2,
          "sti": 19,
          "dti": 51,
          "sco": 90,
          "dco": 238,
          "txt": "."
        },
        {
          "si": 3,
          "sti": 0,
          "dti": 52,
          "sco": 0,
          "dco": 240,
          "txt": "The"
        },
        {
          "si": 3,
          "sti": 1,
          "dti": 53,
          "sco": 4,
          "dco": 244,
          "txt": "dam"
        },
        {
          "si": 3,
          "sti": 2,
          "dti": 54,
          "sco": 8,
          "dco": 248,
          "txt": "is"
        },
        {
          "si": 3,
          "sti": 3,
          "dti": 55,
          "sco": 11,
          "dco": 251,
          "txt": "long"
        },
        {
          "si": 3,
          "sti": 4,
          "dti": 56,
          "sco": 16,
          "dco": 256,
          "txt": "and"
        },
        {
          "si": 3,
          "sti": 5,
          "dti": 57,
          "sco": 20,
          "dco": 260,
          "txt": "high"
        },
        {
          "si": 3,
          "sti": 6,
          "dti": 58,
          "sco": 24,
          "dco": 264,
          "txt": "."
        },
        {
          "si": 4,
          "sti": 0,
          "dti": 59,
          "sco": 0,
          "dco": 266,
          "txt": "The"
        },
        {
          "si": 4,
          "sti": 1,
          "dti": 60,
          "sco": 4,
          "dco": 270,
          "txt": "dam"
        },
        {
          "si": 4,
          "sti": 2,
          "dti": 61,
          "sco": 7,
          "dco": 273,
          "txt": "."
        },
        {
          "si": 5,
          "sti": 0,
          "dti": 62,
          "sco": 0,
          "dco": 275,
          "txt": "The"
        },
        {
          "si": 5,
          "sti": 1,
          "dti": 63,
          "sco": 4,
          "dco": 279,
          "txt": "dam"
        },
        {
          "si": 5,
          "sti": 2,
          "dti": 64,
          "sco": 8,
          "dco": 283,
          "txt": "constructed"
        },
        {
          "si": 5,
          "sti": 3,
          "dti": 65,
          "sco": 20,
          "dco": 295,
          "txt": "in"
        },
        {
          "si": 5,
          "sti": 4,
          "dti": 66,
          "sco": 23,
          "dco": 298,
          "txt": "1929"
        },
        {
          "si": 5,
          "sti": 5,
          "dti": 67,
          "sco": 28,
          "dco": 303,
          "txt": "was"
        },
        {
          "si": 5,
          "sti": 6,
          "dti": 68,
          "sco": 32,
          "dco": 307,
          "txt": "regulated"
        },
        {
          "si": 5,
          "sti": 7,
          "dti": 69,
          "sco": 42,
          "dco": 317,
          "txt": "by"
        },
        {
          "si": 5,
          "sti": 8,
          "dti": 70,
          "sco": 45,
          "dco": 320,
          "txt": "18"
        },
        {
          "si": 5,
          "sti": 9,
          "dti": 71,
          "sco": 48,
          "dco": 323,
          "txt": "groups"
        },
        {
          "si": 5,
          "sti": 10,
          "dti": 72,
          "sco": 55,
          "dco": 330,
          "txt": "of"
        },
        {
          "si": 5,
          "sti": 11,
          "dti": 73,
          "sco": 58,
          "dco": 333,
          "txt": "\""
        },
        {
          "si": 5,
          "sti": 12,
          "dti": 74,
          "sco": 59,
          "dco": 334,
          "txt": "vannes"
        },
        {
          "si": 5,
          "sti": 13,
          "dti": 75,
          "sco": 66,
          "dco": 341,
          "txt": "secteur"
        },
        {
          "si": 5,
          "sti": 14,
          "dti": 76,
          "sco": 73,
          "dco": 348,
          "txt": "\""
        },
        {
          "si": 5,
          "sti": 15,
          "dti": 77,
          "sco": 75,
          "dco": 350,
          "txt": "("
        },
        {
          "si": 5,
          "sti": 16,
          "dti": 78,
          "sco": 76,
          "dco": 351,
          "txt": "sluices"
        },
        {
          "si": 5,
          "sti": 17,
          "dti": 79,
          "sco": 83,
          "dco": 358,
          "txt": ")"
        },
        {
          "si": 5,
          "sti": 18,
          "dti": 80,
          "sco": 84,
          "dco": 359,
          "txt": "."
        },
        {
          "si": 6,
          "sti": 0,
          "dti": 81,
          "sco": 0,
          "dco": 361,
          "txt": "These"
        },
        {
          "si": 6,
          "sti": 1,
          "dti": 82,
          "sco": 6,
          "dco": 367,
          "txt": "were"
        },
        {
          "si": 6,
          "sti": 2,
          "dti": 83,
          "sco": 11,
          "dco": 372,
          "txt": "replaced"
        },
        {
          "si": 6,
          "sti": 3,
          "dti": 84,
          "sco": 20,
          "dco": 381,
          "txt": "by"
        },
        {
          "si": 6,
          "sti": 4,
          "dti": 85,
          "sco": 23,
          "dco": 384,
          "txt": "3"
        },
        {
          "si": 6,
          "sti": 5,
          "dti": 86,
          "sco": 25,
          "dco": 386,
          "txt": "\""
        },
        {
          "si": 6,
          "sti": 6,
          "dti": 87,
          "sco": 26,
          "dco": 387,
          "txt": "vannes"
        },
        {
          "si": 6,
          "sti": 7,
          "dti": 88,
          "sco": 32,
          "dco": 393,
          "txt": "-"
        },
        {
          "si": 6,
          "sti": 8,
          "dti": 89,
          "sco": 33,
          "dco": 394,
          "txt": "clapet"
        },
        {
          "si": 6,
          "sti": 9,
          "dti": 90,
          "sco": 39,
          "dco": 400,
          "txt": "\""
        },
        {
          "si": 6,
          "sti": 10,
          "dti": 91,
          "sco": 41,
          "dco": 402,
          "txt": "("
        },
        {
          "si": 6,
          "sti": 11,
          "dti": 92,
          "sco": 42,
          "dco": 403,
          "txt": "rising"
        },
        {
          "si": 6,
          "sti": 12,
          "dti": 93,
          "sco": 49,
          "dco": 410,
          "txt": "barriers"
        },
        {
          "si": 6,
          "sti": 13,
          "dti": 94,
          "sco": 57,
          "dco": 418,
          "txt": ")"
        },
        {
          "si": 6,
          "sti": 14,
          "dti": 95,
          "sco": 58,
          "dco": 419,
          "txt": ","
        },
        {
          "si": 6,
          "sti": 15,
          "dti": 96,
          "sco": 60,
          "dco": 421,
          "txt": "in"
        },
        {
          "si": 6,
          "sti": 16,
          "dti": 97,
          "sco": 63,
          "dco": 424,
          "txt": "dimension"
        },
        {
          "si": 6,
          "sti": 17,
          "dti": 98,
          "sco": 72,
          "dco": 433,
          "txt": "."
        },
        {
          "si": 7,
          "sti": 0,
          "dti": 99,
          "sco": 0,
          "dco": 435,
          "txt": "These"
        },
        {
          "si": 7,
          "sti": 1,
          "dti": 100,
          "sco": 6,
          "dco": 441,
          "txt": "gave"
        },
        {
          "si": 7,
          "sti": 2,
          "dti": 101,
          "sco": 11,
          "dco": 446,
          "txt": "the"
        },
        {
          "si": 7,
          "sti": 3,
          "dti": 102,
          "sco": 15,
          "dco": 450,
          "txt": "dam"
        },
        {
          "si": 7,
          "sti": 4,
          "dti": 103,
          "sco": 19,
          "dco": 454,
          "txt": "capacity"
        },
        {
          "si": 7,
          "sti": 5,
          "dti": 104,
          "sco": 28,
          "dco": 463,
          "txt": "to"
        },
        {
          "si": 7,
          "sti": 6,
          "dti": 105,
          "sco": 31,
          "dco": 466,
          "txt": "cope"
        },
        {
          "si": 7,
          "sti": 7,
          "dti": 106,
          "sco": 36,
          "dco": 471,
          "txt": "with"
        },
        {
          "si": 7,
          "sti": 8,
          "dti": 107,
          "sco": 41,
          "dco": 476,
          "txt": "\""
        },
        {
          "si": 7,
          "sti": 9,
          "dti": 108,
          "sco": 42,
          "dco": 477,
          "txt": "crues"
        },
        {
          "si": 7,
          "sti": 10,
          "dti": 109,
          "sco": 47,
          "dco": 482,
          "txt": "\""
        },
        {
          "si": 7,
          "sti": 11,
          "dti": 110,
          "sco": 49,
          "dco": 484,
          "txt": "("
        },
        {
          "si": 7,
          "sti": 12,
          "dti": 111,
          "sco": 50,
          "dco": 485,
          "txt": "floods"
        },
        {
          "si": 7,
          "sti": 13,
          "dti": 112,
          "sco": 56,
          "dco": 491,
          "txt": ")"
        },
        {
          "si": 7,
          "sti": 14,
          "dti": 113,
          "sco": 58,
          "dco": 493,
          "txt": "of"
        },
        {
          "si": 7,
          "sti": 15,
          "dti": 114,
          "sco": 61,
          "dco": 496,
          "txt": "up"
        },
        {
          "si": 7,
          "sti": 16,
          "dti": 115,
          "sco": 64,
          "dco": 499,
          "txt": "to"
        },
        {
          "si": 7,
          "sti": 17,
          "dti": 116,
          "sco": 67,
          "dco": 502,
          "txt": "4"
        },
        {
          "si": 7,
          "sti": 18,
          "dti": 117,
          "sco": 69,
          "dco": 504,
          "txt": "400"
        },
        {
          "si": 7,
          "sti": 19,
          "dti": 118,
          "sco": 73,
          "dco": 508,
          "txt": "m"
        },
        {
          "si": 7,
          "sti": 20,
          "dti": 119,
          "sco": 74,
          "dco": 509,
          "txt": "3"
        },
        {
          "si": 7,
          "sti": 21,
          "dti": 120,
          "sco": 75,
          "dco": 510,
          "txt": "/"
        },
        {
          "si": 7,
          "sti": 22,
          "dti": 121,
          "sco": 76,
          "dco": 511,
          "txt": "s"
        },
        {
          "si": 7,
          "sti": 23,
          "dti": 122,
          "sco": 77,
          "dco": 512,
          "txt": "."
        },
        {
          "si": 8,
          "sti": 0,
          "dti": 123,
          "sco": 0,
          "dco": 514,
          "txt": "The"
        },
        {
          "si": 8,
          "sti": 1,
          "dti": 124,
          "sco": 4,
          "dco": 518,
          "txt": "lake"
        },
        {
          "si": 8,
          "sti": 2,
          "dti": 125,
          "sco": 8,
          "dco": 522,
          "txt": "."
        },
        {
          "si": 9,
          "sti": 0,
          "dti": 126,
          "sco": 0,
          "dco": 524,
          "txt": "The"
        },
        {
          "si": 9,
          "sti": 1,
          "dti": 127,
          "sco": 4,
          "dco": 528,
          "txt": "barrage"
        },
        {
          "si": 9,
          "sti": 2,
          "dti": 128,
          "sco": 12,
          "dco": 536,
          "txt": "raises"
        },
        {
          "si": 9,
          "sti": 3,
          "dti": 129,
          "sco": 19,
          "dco": 543,
          "txt": "the"
        },
        {
          "si": 9,
          "sti": 4,
          "dti": 130,
          "sco": 23,
          "dco": 547,
          "txt": "level"
        },
        {
          "si": 9,
          "sti": 5,
          "dti": 131,
          "sco": 29,
          "dco": 553,
          "txt": "of"
        },
        {
          "si": 9,
          "sti": 6,
          "dti": 132,
          "sco": 32,
          "dco": 556,
          "txt": "the"
        },
        {
          "si": 9,
          "sti": 7,
          "dti": 133,
          "sco": 36,
          "dco": 560,
          "txt": "Tarn"
        },
        {
          "si": 9,
          "sti": 8,
          "dti": 134,
          "sco": 41,
          "dco": 565,
          "txt": "by"
        },
        {
          "si": 9,
          "sti": 9,
          "dti": 135,
          "sco": 44,
          "dco": 568,
          "txt": "40"
        },
        {
          "si": 9,
          "sti": 10,
          "dti": 136,
          "sco": 47,
          "dco": 571,
          "txt": "m"
        },
        {
          "si": 9,
          "sti": 11,
          "dti": 137,
          "sco": 49,
          "dco": 573,
          "txt": "and"
        },
        {
          "si": 9,
          "sti": 12,
          "dti": 138,
          "sco": 53,
          "dco": 577,
          "txt": "the"
        },
        {
          "si": 9,
          "sti": 13,
          "dti": 139,
          "sco": 57,
          "dco": 581,
          "txt": "lake"
        },
        {
          "si": 9,
          "sti": 14,
          "dti": 140,
          "sco": 62,
          "dco": 586,
          "txt": "formed"
        },
        {
          "si": 9,
          "sti": 15,
          "dti": 141,
          "sco": 68,
          "dco": 592,
          "txt": ","
        },
        {
          "si": 9,
          "sti": 16,
          "dti": 142,
          "sco": 70,
          "dco": 594,
          "txt": "the"
        },
        {
          "si": 9,
          "sti": 17,
          "dti": 143,
          "sco": 74,
          "dco": 598,
          "txt": "Lac"
        },
        {
          "si": 9,
          "sti": 18,
          "dti": 144,
          "sco": 78,
          "dco": 602,
          "txt": "de"
        },
        {
          "si": 9,
          "sti": 19,
          "dti": 145,
          "sco": 81,
          "dco": 605,
          "txt": "Pinet"
        },
        {
          "si": 9,
          "sti": 20,
          "dti": 146,
          "sco": 86,
          "dco": 610,
          "txt": ","
        },
        {
          "si": 9,
          "sti": 21,
          "dti": 147,
          "sco": 88,
          "dco": 612,
          "txt": "is"
        },
        {
          "si": 9,
          "sti": 22,
          "dti": 148,
          "sco": 91,
          "dco": 615,
          "txt": "at"
        },
        {
          "si": 9,
          "sti": 23,
          "dti": 149,
          "sco": 94,
          "dco": 618,
          "txt": "an"
        },
        {
          "si": 9,
          "sti": 24,
          "dti": 150,
          "sco": 97,
          "dco": 621,
          "txt": "altitude"
        },
        {
          "si": 9,
          "sti": 25,
          "dti": 151,
          "sco": 106,
          "dco": 630,
          "txt": "of"
        },
        {
          "si": 9,
          "sti": 26,
          "dti": 152,
          "sco": 109,
          "dco": 633,
          "txt": "320"
        },
        {
          "si": 9,
          "sti": 27,
          "dti": 153,
          "sco": 113,
          "dco": 637,
          "txt": "m"
        },
        {
          "si": 9,
          "sti": 28,
          "dti": 154,
          "sco": 115,
          "dco": 639,
          "txt": "and"
        },
        {
          "si": 9,
          "sti": 29,
          "dti": 155,
          "sco": 119,
          "dco": 643,
          "txt": "has"
        },
        {
          "si": 9,
          "sti": 30,
          "dti": 156,
          "sco": 123,
          "dco": 647,
          "txt": "a"
        },
        {
          "si": 9,
          "sti": 31,
          "dti": 157,
          "sco": 125,
          "dco": 649,
          "txt": "surface"
        },
        {
          "si": 9,
          "sti": 32,
          "dti": 158,
          "sco": 133,
          "dco": 657,
          "txt": "area"
        },
        {
          "si": 9,
          "sti": 33,
          "dti": 159,
          "sco": 138,
          "dco": 662,
          "txt": "is"
        },
        {
          "si": 9,
          "sti": 34,
          "dti": 160,
          "sco": 141,
          "dco": 665,
          "txt": "1"
        },
        {
          "si": 9,
          "sti": 35,
          "dti": 161,
          "sco": 142,
          "dco": 666,
          "txt": "."
        },
        {
          "si": 9,
          "sti": 36,
          "dti": 162,
          "sco": 143,
          "dco": 667,
          "txt": "09"
        },
        {
          "si": 9,
          "sti": 37,
          "dti": 163,
          "sco": 145,
          "dco": 669,
          "txt": " "
        },
        {
          "si": 9,
          "sti": 38,
          "dti": 164,
          "sco": 146,
          "dco": 670,
          "txt": "km"
        },
        {
          "si": 9,
          "sti": 39,
          "dti": 165,
          "sco": 148,
          "dco": 672,
          "txt": "²"
        },
        {
          "si": 9,
          "sti": 40,
          "dti": 166,
          "sco": 149,
          "dco": 673,
          "txt": "."
        },
        {
          "si": 10,
          "sti": 0,
          "dti": 167,
          "sco": 0,
          "dco": 675,
          "txt": "It"
        },
        {
          "si": 10,
          "sti": 1,
          "dti": 168,
          "sco": 3,
          "dco": 678,
          "txt": "lies"
        },
        {
          "si": 10,
          "sti": 2,
          "dti": 169,
          "sco": 8,
          "dco": 683,
          "txt": "in"
        },
        {
          "si": 10,
          "sti": 3,
          "dti": 170,
          "sco": 11,
          "dco": 686,
          "txt": "the"
        },
        {
          "si": 10,
          "sti": 4,
          "dti": 171,
          "sco": 15,
          "dco": 690,
          "txt": "communes"
        },
        {
          "si": 10,
          "sti": 5,
          "dti": 172,
          "sco": 24,
          "dco": 699,
          "txt": "of"
        },
        {
          "si": 10,
          "sti": 6,
          "dti": 173,
          "sco": 27,
          "dco": 702,
          "txt": "Saint"
        },
        {
          "si": 10,
          "sti": 7,
          "dti": 174,
          "sco": 32,
          "dco": 707,
          "txt": "-"
        },
        {
          "si": 10,
          "sti": 8,
          "dti": 175,
          "sco": 33,
          "dco": 708,
          "txt": "Rome"
        },
        {
          "si": 10,
          "sti": 9,
          "dti": 176,
          "sco": 37,
          "dco": 712,
          "txt": "-"
        },
        {
          "si": 10,
          "sti": 10,
          "dti": 177,
          "sco": 38,
          "dco": 713,
          "txt": "de"
        },
        {
          "si": 10,
          "sti": 11,
          "dti": 178,
          "sco": 40,
          "dco": 715,
          "txt": "-"
        },
        {
          "si": 10,
          "sti": 12,
          "dti": 179,
          "sco": 41,
          "dco": 716,
          "txt": "Tarn"
        },
        {
          "si": 10,
          "sti": 13,
          "dti": 180,
          "sco": 45,
          "dco": 720,
          "txt": ","
        },
        {
          "si": 10,
          "sti": 14,
          "dti": 181,
          "sco": 47,
          "dco": 722,
          "txt": "Viala"
        },
        {
          "si": 10,
          "sti": 15,
          "dti": 182,
          "sco": 52,
          "dco": 727,
          "txt": "-"
        },
        {
          "si": 10,
          "sti": 16,
          "dti": 183,
          "sco": 53,
          "dco": 728,
          "txt": "du"
        },
        {
          "si": 10,
          "sti": 17,
          "dti": 184,
          "sco": 55,
          "dco": 730,
          "txt": "-"
        },
        {
          "si": 10,
          "sti": 18,
          "dti": 185,
          "sco": 56,
          "dco": 731,
          "txt": "Tarn"
        },
        {
          "si": 10,
          "sti": 19,
          "dti": 186,
          "sco": 61,
          "dco": 736,
          "txt": "and"
        },
        {
          "si": 10,
          "sti": 20,
          "dti": 187,
          "sco": 65,
          "dco": 740,
          "txt": "Saint"
        },
        {
          "si": 10,
          "sti": 21,
          "dti": 188,
          "sco": 70,
          "dco": 745,
          "txt": "-"
        },
        {
          "si": 10,
          "sti": 22,
          "dti": 189,
          "sco": 71,
          "dco": 746,
          "txt": "Victor"
        },
        {
          "si": 10,
          "sti": 23,
          "dti": 190,
          "sco": 77,
          "dco": 752,
          "txt": "-"
        },
        {
          "si": 10,
          "sti": 24,
          "dti": 191,
          "sco": 78,
          "dco": 753,
          "txt": "et"
        },
        {
          "si": 10,
          "sti": 25,
          "dti": 192,
          "sco": 80,
          "dco": 755,
          "txt": "-"
        },
        {
          "si": 10,
          "sti": 26,
          "dti": 193,
          "sco": 81,
          "dco": 756,
          "txt": "Melvieu"
        },
        {
          "si": 10,
          "sti": 27,
          "dti": 194,
          "sco": 88,
          "dco": 763,
          "txt": "."
        },
        {
          "si": 11,
          "sti": 0,
          "dti": 195,
          "sco": 0,
          "dco": 765,
          "txt": "The"
        },
        {
          "si": 11,
          "sti": 1,
          "dti": 196,
          "sco": 4,
          "dco": 769,
          "txt": "turbine"
        },
        {
          "si": 11,
          "sti": 2,
          "dti": 197,
          "sco": 12,
          "dco": 777,
          "txt": "hall"
        },
        {
          "si": 11,
          "sti": 3,
          "dti": 198,
          "sco": 16,
          "dco": 781,
          "txt": "."
        },
        {
          "si": 12,
          "sti": 0,
          "dti": 199,
          "sco": 0,
          "dco": 783,
          "txt": "The"
        },
        {
          "si": 12,
          "sti": 1,
          "dti": 200,
          "sco": 4,
          "dco": 787,
          "txt": "turbine"
        },
        {
          "si": 12,
          "sti": 2,
          "dti": 201,
          "sco": 12,
          "dco": 795,
          "txt": "hall"
        },
        {
          "si": 12,
          "sti": 3,
          "dti": 202,
          "sco": 17,
          "dco": 800,
          "txt": "is"
        },
        {
          "si": 12,
          "sti": 4,
          "dti": 203,
          "sco": 20,
          "dco": 803,
          "txt": "downstream"
        },
        {
          "si": 12,
          "sti": 5,
          "dti": 204,
          "sco": 31,
          "dco": 814,
          "txt": "from"
        },
        {
          "si": 12,
          "sti": 6,
          "dti": 205,
          "sco": 36,
          "dco": 819,
          "txt": "the"
        },
        {
          "si": 12,
          "sti": 7,
          "dti": 206,
          "sco": 40,
          "dco": 823,
          "txt": "barrage"
        },
        {
          "si": 12,
          "sti": 8,
          "dti": 207,
          "sco": 47,
          "dco": 830,
          "txt": ","
        },
        {
          "si": 12,
          "sti": 9,
          "dti": 208,
          "sco": 49,
          "dco": 832,
          "txt": "it"
        },
        {
          "si": 12,
          "sti": 10,
          "dti": 209,
          "sco": 52,
          "dco": 835,
          "txt": "contains"
        },
        {
          "si": 12,
          "sti": 11,
          "dti": 210,
          "sco": 61,
          "dco": 844,
          "txt": "five"
        },
        {
          "si": 12,
          "sti": 12,
          "dti": 211,
          "sco": 66,
          "dco": 849,
          "txt": "Francis"
        },
        {
          "si": 12,
          "sti": 13,
          "dti": 212,
          "sco": 74,
          "dco": 857,
          "txt": "turbines"
        },
        {
          "si": 12,
          "sti": 14,
          "dti": 213,
          "sco": 83,
          "dco": 866,
          "txt": "which"
        },
        {
          "si": 12,
          "sti": 15,
          "dti": 214,
          "sco": 89,
          "dco": 872,
          "txt": "generate"
        },
        {
          "si": 12,
          "sti": 16,
          "dti": 215,
          "sco": 97,
          "dco": 880,
          "txt": "."
        }
      ]
    },
    "ganns": {
      "dla": [],
      "la": [],
      "ea": [],
      "eta": [
        {
          "ra": {
            "ea": {
              "etn": "Pinet_(power_station)"
            }
          },
          "sfs": [
            [
              {
                "stn": "status"
              },
              {}
            ]
          ],
          "mfs": [
            [
              {
                "stn": "rivers"
              },
              {
                "dla": [],
                "la": [],
                "ea": [],
                "eta": []
              }
            ],
            [
              {
                "stn": "locations"
              },
              {
                "dla": [],
                "la": [],
                "ea": [
                  {
                    "etn": "Aveyron"
                  }
                ],
                "eta": []
              }
            ],
            [
              {
                "stn": "openingYears"
              },
              {
                "dla": [
                  {
                    "txt": {
                      "sff": "1932"
                    },
                    "et": {
                      "etn": "Year"
                    },
                    "dp": {
                      "off": 173
                    }
                  }
                ],
                "la": [],
                "ea": [],
                "eta": []
              }
            ],
            [
              {
                "stn": "buildingStartYears"
              },
              {
                "dla": [
                  {
                    "txt": {
                      "sff": "1929"
                    },
                    "et": {
                      "etn": "Year"
                    },
                    "dp": {
                      "off": 298
                    }
                  }
                ],
                "la": [],
                "ea": [],
                "eta": []
              }
            ],
            [
              {
                "stn": "countries"
              },
              {
                "dla": [],
                "la": [],
                "ea": [
                  {
                    "etn": "France"
                  }
                ],
                "eta": []
              }
            ]
          ]
        }
      ]
    }
  }
]
