[
  {
    "context": "TEST",
    "doc": {
      "id": "Pongolapoort_Dam",
      "tl": [
        {
          "si": 0,
          "sti": 0,
          "dti": 0,
          "sco": 0,
          "dco": 0,
          "txt": "Pongolapoort"
        },
        {
          "si": 0,
          "sti": 1,
          "dti": 1,
          "sco": 13,
          "dco": 13,
          "txt": "Dam"
        },
        {
          "si": 0,
          "sti": 2,
          "dti": 2,
          "sco": 16,
          "dco": 16,
          "txt": "."
        },
        {
          "si": 1,
          "sti": 0,
          "dti": 3,
          "sco": 0,
          "dco": 18,
          "txt": "Pongolapoort"
        },
        {
          "si": 1,
          "sti": 1,
          "dti": 4,
          "sco": 13,
          "dco": 31,
          "txt": "Dam"
        },
        {
          "si": 1,
          "sti": 2,
          "dti": 5,
          "sco": 16,
          "dco": 34,
          "txt": ","
        },
        {
          "si": 1,
          "sti": 3,
          "dti": 6,
          "sco": 18,
          "dco": 36,
          "txt": "commonly"
        },
        {
          "si": 1,
          "sti": 4,
          "dti": 7,
          "sco": 27,
          "dco": 45,
          "txt": "referred"
        },
        {
          "si": 1,
          "sti": 5,
          "dti": 8,
          "sco": 36,
          "dco": 54,
          "txt": "to"
        },
        {
          "si": 1,
          "sti": 6,
          "dti": 9,
          "sco": 39,
          "dco": 57,
          "txt": "as"
        },
        {
          "si": 1,
          "sti": 7,
          "dti": 10,
          "sco": 42,
          "dco": 60,
          "txt": "Lake"
        },
        {
          "si": 1,
          "sti": 8,
          "dti": 11,
          "sco": 47,
          "dco": 65,
          "txt": "Jozini"
        },
        {
          "si": 1,
          "sti": 9,
          "dti": 12,
          "sco": 53,
          "dco": 71,
          "txt": ","
        },
        {
          "si": 1,
          "sti": 10,
          "dti": 13,
          "sco": 55,
          "dco": 73,
          "txt": "is"
        },
        {
          "si": 1,
          "sti": 11,
          "dti": 14,
          "sco": 58,
          "dco": 76,
          "txt": "an"
        },
        {
          "si": 1,
          "sti": 12,
          "dti": 15,
          "sco": 61,
          "dco": 79,
          "txt": "arch"
        },
        {
          "si": 1,
          "sti": 13,
          "dti": 16,
          "sco": 66,
          "dco": 84,
          "txt": "type"
        },
        {
          "si": 1,
          "sti": 14,
          "dti": 17,
          "sco": 71,
          "dco": 89,
          "txt": "dam"
        },
        {
          "si": 1,
          "sti": 15,
          "dti": 18,
          "sco": 75,
          "dco": 93,
          "txt": "in"
        },
        {
          "si": 1,
          "sti": 16,
          "dti": 19,
          "sco": 78,
          "dco": 96,
          "txt": "northern"
        },
        {
          "si": 1,
          "sti": 17,
          "dti": 20,
          "sco": 87,
          "dco": 105,
          "txt": "KwaZulu"
        },
        {
          "si": 1,
          "sti": 18,
          "dti": 21,
          "sco": 94,
          "dco": 112,
          "txt": "-"
        },
        {
          "si": 1,
          "sti": 19,
          "dti": 22,
          "sco": 95,
          "dco": 113,
          "txt": "Natal"
        },
        {
          "si": 1,
          "sti": 20,
          "dti": 23,
          "sco": 100,
          "dco": 118,
          "txt": ","
        },
        {
          "si": 1,
          "sti": 21,
          "dti": 24,
          "sco": 102,
          "dco": 120,
          "txt": "South"
        },
        {
          "si": 1,
          "sti": 22,
          "dti": 25,
          "sco": 108,
          "dco": 126,
          "txt": "Africa"
        },
        {
          "si": 1,
          "sti": 23,
          "dti": 26,
          "sco": 115,
          "dco": 133,
          "txt": "located"
        },
        {
          "si": 1,
          "sti": 24,
          "dti": 27,
          "sco": 123,
          "dco": 141,
          "txt": "on"
        },
        {
          "si": 1,
          "sti": 25,
          "dti": 28,
          "sco": 126,
          "dco": 144,
          "txt": "the"
        },
        {
          "si": 1,
          "sti": 26,
          "dti": 29,
          "sco": 130,
          "dco": 148,
          "txt": "Phongolo"
        },
        {
          "si": 1,
          "sti": 27,
          "dti": 30,
          "sco": 139,
          "dco": 157,
          "txt": "River"
        },
        {
          "si": 1,
          "sti": 28,
          "dti": 31,
          "sco": 144,
          "dco": 162,
          "txt": "."
        },
        {
          "si": 2,
          "sti": 0,
          "dti": 32,
          "sco": 0,
          "dco": 164,
          "txt": "The"
        },
        {
          "si": 2,
          "sti": 1,
          "dti": 33,
          "sco": 4,
          "dco": 168,
          "txt": "dam"
        },
        {
          "si": 2,
          "sti": 2,
          "dti": 34,
          "sco": 8,
          "dco": 172,
          "txt": "is"
        },
        {
          "si": 2,
          "sti": 3,
          "dti": 35,
          "sco": 11,
          "dco": 175,
          "txt": "situated"
        },
        {
          "si": 2,
          "sti": 4,
          "dti": 36,
          "sco": 20,
          "dco": 184,
          "txt": "280"
        },
        {
          "si": 2,
          "sti": 5,
          "dti": 37,
          "sco": 23,
          "dco": 187,
          "txt": " "
        },
        {
          "si": 2,
          "sti": 6,
          "dti": 38,
          "sco": 24,
          "dco": 188,
          "txt": "km"
        },
        {
          "si": 2,
          "sti": 7,
          "dti": 39,
          "sco": 27,
          "dco": 191,
          "txt": "north"
        },
        {
          "si": 2,
          "sti": 8,
          "dti": 40,
          "sco": 32,
          "dco": 196,
          "txt": "-"
        },
        {
          "si": 2,
          "sti": 9,
          "dti": 41,
          "sco": 33,
          "dco": 197,
          "txt": "east"
        },
        {
          "si": 2,
          "sti": 10,
          "dti": 42,
          "sco": 38,
          "dco": 202,
          "txt": "of"
        },
        {
          "si": 2,
          "sti": 11,
          "dti": 43,
          "sco": 41,
          "dco": 205,
          "txt": "the"
        },
        {
          "si": 2,
          "sti": 12,
          "dti": 44,
          "sco": 45,
          "dco": 209,
          "txt": "port"
        },
        {
          "si": 2,
          "sti": 13,
          "dti": 45,
          "sco": 50,
          "dco": 214,
          "txt": "city"
        },
        {
          "si": 2,
          "sti": 14,
          "dti": 46,
          "sco": 55,
          "dco": 219,
          "txt": "of"
        },
        {
          "si": 2,
          "sti": 15,
          "dti": 47,
          "sco": 58,
          "dco": 222,
          "txt": "Durban"
        },
        {
          "si": 2,
          "sti": 16,
          "dti": 48,
          "sco": 64,
          "dco": 228,
          "txt": "."
        },
        {
          "si": 3,
          "sti": 0,
          "dti": 49,
          "sco": 0,
          "dco": 230,
          "txt": "The"
        },
        {
          "si": 3,
          "sti": 1,
          "dti": 50,
          "sco": 4,
          "dco": 234,
          "txt": "dam"
        },
        {
          "si": 3,
          "sti": 2,
          "dti": 51,
          "sco": 8,
          "dco": 238,
          "txt": "was"
        },
        {
          "si": 3,
          "sti": 3,
          "dti": 52,
          "sco": 12,
          "dco": 242,
          "txt": "constructed"
        },
        {
          "si": 3,
          "sti": 4,
          "dti": 53,
          "sco": 24,
          "dco": 254,
          "txt": "in"
        },
        {
          "si": 3,
          "sti": 5,
          "dti": 54,
          "sco": 27,
          "dco": 257,
          "txt": "1973"
        },
        {
          "si": 3,
          "sti": 6,
          "dti": 55,
          "sco": 32,
          "dco": 262,
          "txt": "at"
        },
        {
          "si": 3,
          "sti": 7,
          "dti": 56,
          "sco": 35,
          "dco": 265,
          "txt": "the"
        },
        {
          "si": 3,
          "sti": 8,
          "dti": 57,
          "sco": 39,
          "dco": 269,
          "txt": "eastern"
        },
        {
          "si": 3,
          "sti": 9,
          "dti": 58,
          "sco": 47,
          "dco": 277,
          "txt": "end"
        },
        {
          "si": 3,
          "sti": 10,
          "dti": 59,
          "sco": 51,
          "dco": 281,
          "txt": "of"
        },
        {
          "si": 3,
          "sti": 11,
          "dti": 60,
          "sco": 54,
          "dco": 284,
          "txt": "the"
        },
        {
          "si": 3,
          "sti": 12,
          "dti": 61,
          "sco": 58,
          "dco": 288,
          "txt": "narrow"
        },
        {
          "si": 3,
          "sti": 13,
          "dti": 62,
          "sco": 65,
          "dco": 295,
          "txt": "gorge"
        },
        {
          "si": 3,
          "sti": 14,
          "dti": 63,
          "sco": 71,
          "dco": 301,
          "txt": "separating"
        },
        {
          "si": 3,
          "sti": 15,
          "dti": 64,
          "sco": 82,
          "dco": 312,
          "txt": "the"
        },
        {
          "si": 3,
          "sti": 16,
          "dti": 65,
          "sco": 86,
          "dco": 316,
          "txt": "Lebombo"
        },
        {
          "si": 3,
          "sti": 17,
          "dti": 66,
          "sco": 94,
          "dco": 324,
          "txt": "and"
        },
        {
          "si": 3,
          "sti": 18,
          "dti": 67,
          "sco": 98,
          "dco": 328,
          "txt": "Ubombo"
        },
        {
          "si": 3,
          "sti": 19,
          "dti": 68,
          "sco": 105,
          "dco": 335,
          "txt": "ranges"
        },
        {
          "si": 3,
          "sti": 20,
          "dti": 69,
          "sco": 112,
          "dco": 342,
          "txt": "and"
        },
        {
          "si": 3,
          "sti": 21,
          "dti": 70,
          "sco": 116,
          "dco": 346,
          "txt": "was"
        },
        {
          "si": 3,
          "sti": 22,
          "dti": 71,
          "sco": 120,
          "dco": 350,
          "txt": "the"
        },
        {
          "si": 3,
          "sti": 23,
          "dti": 72,
          "sco": 124,
          "dco": 354,
          "txt": "largest"
        },
        {
          "si": 3,
          "sti": 24,
          "dti": 73,
          "sco": 132,
          "dco": 362,
          "txt": "dam"
        },
        {
          "si": 3,
          "sti": 25,
          "dti": 74,
          "sco": 136,
          "dco": 366,
          "txt": "in"
        },
        {
          "si": 3,
          "sti": 26,
          "dti": 75,
          "sco": 139,
          "dco": 369,
          "txt": "South"
        },
        {
          "si": 3,
          "sti": 27,
          "dti": 76,
          "sco": 145,
          "dco": 375,
          "txt": "Africa"
        },
        {
          "si": 3,
          "sti": 28,
          "dti": 77,
          "sco": 152,
          "dco": 382,
          "txt": "at"
        },
        {
          "si": 3,
          "sti": 29,
          "dti": 78,
          "sco": 155,
          "dco": 385,
          "txt": "the"
        },
        {
          "si": 3,
          "sti": 30,
          "dti": 79,
          "sco": 159,
          "dco": 389,
          "txt": "time"
        },
        {
          "si": 3,
          "sti": 31,
          "dti": 80,
          "sco": 164,
          "dco": 394,
          "txt": "of"
        },
        {
          "si": 3,
          "sti": 32,
          "dti": 81,
          "sco": 167,
          "dco": 397,
          "txt": "its"
        },
        {
          "si": 3,
          "sti": 33,
          "dti": 82,
          "sco": 171,
          "dco": 401,
          "txt": "construction"
        },
        {
          "si": 3,
          "sti": 34,
          "dti": 83,
          "sco": 183,
          "dco": 413,
          "txt": "."
        },
        {
          "si": 4,
          "sti": 0,
          "dti": 84,
          "sco": 0,
          "dco": 415,
          "txt": "The"
        },
        {
          "si": 4,
          "sti": 1,
          "dti": 85,
          "sco": 4,
          "dco": 419,
          "txt": "dam"
        },
        {
          "si": 4,
          "sti": 2,
          "dti": 86,
          "sco": 8,
          "dco": 423,
          "txt": "mainly"
        },
        {
          "si": 4,
          "sti": 3,
          "dti": 87,
          "sco": 15,
          "dco": 430,
          "txt": "serves"
        },
        {
          "si": 4,
          "sti": 4,
          "dti": 88,
          "sco": 22,
          "dco": 437,
          "txt": "for"
        },
        {
          "si": 4,
          "sti": 5,
          "dti": 89,
          "sco": 26,
          "dco": 441,
          "txt": "irrigation"
        },
        {
          "si": 4,
          "sti": 6,
          "dti": 90,
          "sco": 37,
          "dco": 452,
          "txt": "purposes"
        },
        {
          "si": 4,
          "sti": 7,
          "dti": 91,
          "sco": 46,
          "dco": 461,
          "txt": "and"
        },
        {
          "si": 4,
          "sti": 8,
          "dti": 92,
          "sco": 50,
          "dco": 465,
          "txt": "its"
        },
        {
          "si": 4,
          "sti": 9,
          "dti": 93,
          "sco": 54,
          "dco": 469,
          "txt": "hazard"
        },
        {
          "si": 4,
          "sti": 10,
          "dti": 94,
          "sco": 61,
          "dco": 476,
          "txt": "potential"
        },
        {
          "si": 4,
          "sti": 11,
          "dti": 95,
          "sco": 71,
          "dco": 486,
          "txt": "has"
        },
        {
          "si": 4,
          "sti": 12,
          "dti": 96,
          "sco": 75,
          "dco": 490,
          "txt": "been"
        },
        {
          "si": 4,
          "sti": 13,
          "dti": 97,
          "sco": 80,
          "dco": 495,
          "txt": "ranked"
        },
        {
          "si": 4,
          "sti": 14,
          "dti": 98,
          "sco": 87,
          "dco": 502,
          "txt": "high"
        },
        {
          "si": 4,
          "sti": 15,
          "dti": 99,
          "sco": 92,
          "dco": 507,
          "txt": "("
        },
        {
          "si": 4,
          "sti": 16,
          "dti": 100,
          "sco": 93,
          "dco": 508,
          "txt": "3"
        },
        {
          "si": 4,
          "sti": 17,
          "dti": 101,
          "sco": 94,
          "dco": 509,
          "txt": ")"
        },
        {
          "si": 4,
          "sti": 18,
          "dti": 102,
          "sco": 95,
          "dco": 510,
          "txt": "."
        },
        {
          "si": 5,
          "sti": 0,
          "dti": 103,
          "sco": 0,
          "dco": 512,
          "txt": "The"
        },
        {
          "si": 5,
          "sti": 1,
          "dti": 104,
          "sco": 4,
          "dco": 516,
          "txt": "Phongolo"
        },
        {
          "si": 5,
          "sti": 2,
          "dti": 105,
          "sco": 13,
          "dco": 525,
          "txt": "River"
        },
        {
          "si": 5,
          "sti": 3,
          "dti": 106,
          "sco": 19,
          "dco": 531,
          "txt": "is"
        },
        {
          "si": 5,
          "sti": 4,
          "dti": 107,
          "sco": 22,
          "dco": 534,
          "txt": "the"
        },
        {
          "si": 5,
          "sti": 5,
          "dti": 108,
          "sco": 26,
          "dco": 538,
          "txt": "dams"
        },
        {
          "si": 5,
          "sti": 6,
          "dti": 109,
          "sco": 31,
          "dco": 543,
          "txt": "largest"
        },
        {
          "si": 5,
          "sti": 7,
          "dti": 110,
          "sco": 39,
          "dco": 551,
          "txt": "feeder"
        },
        {
          "si": 5,
          "sti": 8,
          "dti": 111,
          "sco": 46,
          "dco": 558,
          "txt": "as"
        },
        {
          "si": 5,
          "sti": 9,
          "dti": 112,
          "sco": 49,
          "dco": 561,
          "txt": "well"
        },
        {
          "si": 5,
          "sti": 10,
          "dti": 113,
          "sco": 54,
          "dco": 566,
          "txt": "as"
        },
        {
          "si": 5,
          "sti": 11,
          "dti": 114,
          "sco": 57,
          "dco": 569,
          "txt": "the"
        },
        {
          "si": 5,
          "sti": 12,
          "dti": 115,
          "sco": 61,
          "dco": 573,
          "txt": "dams"
        },
        {
          "si": 5,
          "sti": 13,
          "dti": 116,
          "sco": 66,
          "dco": 578,
          "txt": "only"
        },
        {
          "si": 5,
          "sti": 14,
          "dti": 117,
          "sco": 71,
          "dco": 583,
          "txt": "perennial"
        },
        {
          "si": 5,
          "sti": 15,
          "dti": 118,
          "sco": 81,
          "dco": 593,
          "txt": "feeder"
        },
        {
          "si": 5,
          "sti": 16,
          "dti": 119,
          "sco": 87,
          "dco": 599,
          "txt": "."
        },
        {
          "si": 6,
          "sti": 0,
          "dti": 120,
          "sco": 0,
          "dco": 601,
          "txt": "History"
        },
        {
          "si": 6,
          "sti": 1,
          "dti": 121,
          "sco": 7,
          "dco": 608,
          "txt": "."
        },
        {
          "si": 7,
          "sti": 0,
          "dti": 122,
          "sco": 0,
          "dco": 610,
          "txt": "Prior"
        },
        {
          "si": 7,
          "sti": 1,
          "dti": 123,
          "sco": 6,
          "dco": 616,
          "txt": "to"
        },
        {
          "si": 7,
          "sti": 2,
          "dti": 124,
          "sco": 9,
          "dco": 619,
          "txt": "the"
        },
        {
          "si": 7,
          "sti": 3,
          "dti": 125,
          "sco": 13,
          "dco": 623,
          "txt": "construction"
        },
        {
          "si": 7,
          "sti": 4,
          "dti": 126,
          "sco": 26,
          "dco": 636,
          "txt": "of"
        },
        {
          "si": 7,
          "sti": 5,
          "dti": 127,
          "sco": 29,
          "dco": 639,
          "txt": "the"
        },
        {
          "si": 7,
          "sti": 6,
          "dti": 128,
          "sco": 33,
          "dco": 643,
          "txt": "Pongolapoort"
        },
        {
          "si": 7,
          "sti": 7,
          "dti": 129,
          "sco": 46,
          "dco": 656,
          "txt": "Dam"
        },
        {
          "si": 7,
          "sti": 8,
          "dti": 130,
          "sco": 50,
          "dco": 660,
          "txt": "the"
        },
        {
          "si": 7,
          "sti": 9,
          "dti": 131,
          "sco": 54,
          "dco": 664,
          "txt": "land"
        },
        {
          "si": 7,
          "sti": 10,
          "dti": 132,
          "sco": 59,
          "dco": 669,
          "txt": "was"
        },
        {
          "si": 7,
          "sti": 11,
          "dti": 133,
          "sco": 63,
          "dco": 673,
          "txt": "Africa"
        },
        {
          "si": 7,
          "sti": 12,
          "dti": 134,
          "sco": 69,
          "dco": 679,
          "txt": "'"
        },
        {
          "si": 7,
          "sti": 13,
          "dti": 135,
          "sco": 70,
          "dco": 680,
          "txt": "s"
        },
        {
          "si": 7,
          "sti": 14,
          "dti": 136,
          "sco": 72,
          "dco": 682,
          "txt": "first"
        },
        {
          "si": 7,
          "sti": 15,
          "dti": 137,
          "sco": 78,
          "dco": 688,
          "txt": "formally"
        },
        {
          "si": 7,
          "sti": 16,
          "dti": 138,
          "sco": 87,
          "dco": 697,
          "txt": "recognised"
        },
        {
          "si": 7,
          "sti": 17,
          "dti": 139,
          "sco": 98,
          "dco": 708,
          "txt": "conservation"
        },
        {
          "si": 7,
          "sti": 18,
          "dti": 140,
          "sco": 111,
          "dco": 721,
          "txt": "area"
        },
        {
          "si": 7,
          "sti": 19,
          "dti": 141,
          "sco": 115,
          "dco": 725,
          "txt": "."
        },
        {
          "si": 8,
          "sti": 0,
          "dti": 142,
          "sco": 0,
          "dco": 727,
          "txt": "The"
        },
        {
          "si": 8,
          "sti": 1,
          "dti": 143,
          "sco": 4,
          "dco": 731,
          "txt": "Pongola"
        },
        {
          "si": 8,
          "sti": 2,
          "dti": 144,
          "sco": 12,
          "dco": 739,
          "txt": "Game"
        },
        {
          "si": 8,
          "sti": 3,
          "dti": 145,
          "sco": 17,
          "dco": 744,
          "txt": "Reserve"
        },
        {
          "si": 8,
          "sti": 4,
          "dti": 146,
          "sco": 25,
          "dco": 752,
          "txt": "was"
        },
        {
          "si": 8,
          "sti": 5,
          "dti": 147,
          "sco": 29,
          "dco": 756,
          "txt": "proclaimed"
        },
        {
          "si": 8,
          "sti": 6,
          "dti": 148,
          "sco": 40,
          "dco": 767,
          "txt": "in"
        },
        {
          "si": 8,
          "sti": 7,
          "dti": 149,
          "sco": 43,
          "dco": 770,
          "txt": "1894"
        },
        {
          "si": 8,
          "sti": 8,
          "dti": 150,
          "sco": 48,
          "dco": 775,
          "txt": "by"
        },
        {
          "si": 8,
          "sti": 9,
          "dti": 151,
          "sco": 51,
          "dco": 778,
          "txt": "the"
        },
        {
          "si": 8,
          "sti": 10,
          "dti": 152,
          "sco": 55,
          "dco": 782,
          "txt": "then"
        },
        {
          "si": 8,
          "sti": 11,
          "dti": 153,
          "sco": 60,
          "dco": 787,
          "txt": "President"
        },
        {
          "si": 8,
          "sti": 12,
          "dti": 154,
          "sco": 70,
          "dco": 797,
          "txt": "of"
        },
        {
          "si": 8,
          "sti": 13,
          "dti": 155,
          "sco": 73,
          "dco": 800,
          "txt": "the"
        },
        {
          "si": 8,
          "sti": 14,
          "dti": 156,
          "sco": 77,
          "dco": 804,
          "txt": "Transvaal"
        },
        {
          "si": 8,
          "sti": 15,
          "dti": 157,
          "sco": 87,
          "dco": 814,
          "txt": "Republic"
        },
        {
          "si": 8,
          "sti": 16,
          "dti": 158,
          "sco": 96,
          "dco": 823,
          "txt": "Paul"
        },
        {
          "si": 8,
          "sti": 17,
          "dti": 159,
          "sco": 101,
          "dco": 828,
          "txt": "Kruger"
        },
        {
          "si": 8,
          "sti": 18,
          "dti": 160,
          "sco": 107,
          "dco": 834,
          "txt": "."
        },
        {
          "si": 9,
          "sti": 0,
          "dti": 161,
          "sco": 0,
          "dco": 836,
          "txt": "This"
        },
        {
          "si": 9,
          "sti": 1,
          "dti": 162,
          "sco": 5,
          "dco": 841,
          "txt": "would"
        },
        {
          "si": 9,
          "sti": 2,
          "dti": 163,
          "sco": 11,
          "dco": 847,
          "txt": "ultimately"
        },
        {
          "si": 9,
          "sti": 3,
          "dti": 164,
          "sco": 22,
          "dco": 858,
          "txt": "lead"
        },
        {
          "si": 9,
          "sti": 4,
          "dti": 165,
          "sco": 27,
          "dco": 863,
          "txt": "to"
        },
        {
          "si": 9,
          "sti": 5,
          "dti": 166,
          "sco": 30,
          "dco": 866,
          "txt": "the"
        },
        {
          "si": 9,
          "sti": 6,
          "dti": 167,
          "sco": 34,
          "dco": 870,
          "txt": "proclamation"
        },
        {
          "si": 9,
          "sti": 7,
          "dti": 168,
          "sco": 47,
          "dco": 883,
          "txt": "of"
        },
        {
          "si": 9,
          "sti": 8,
          "dti": 169,
          "sco": 50,
          "dco": 886,
          "txt": "the"
        },
        {
          "si": 9,
          "sti": 9,
          "dti": 170,
          "sco": 54,
          "dco": 890,
          "txt": "Hluhluwe"
        },
        {
          "si": 9,
          "sti": 10,
          "dti": 171,
          "sco": 62,
          "dco": 898,
          "txt": "-"
        },
        {
          "si": 9,
          "sti": 11,
          "dti": 172,
          "sco": 63,
          "dco": 899,
          "txt": "Imfolozi"
        },
        {
          "si": 9,
          "sti": 12,
          "dti": 173,
          "sco": 71,
          "dco": 907,
          "txt": ","
        },
        {
          "si": 9,
          "sti": 13,
          "dti": 174,
          "sco": 73,
          "dco": 909,
          "txt": "Mkuze"
        },
        {
          "si": 9,
          "sti": 14,
          "dti": 175,
          "sco": 79,
          "dco": 915,
          "txt": "and"
        },
        {
          "si": 9,
          "sti": 15,
          "dti": 176,
          "sco": 83,
          "dco": 919,
          "txt": "Ndumo"
        },
        {
          "si": 9,
          "sti": 16,
          "dti": 177,
          "sco": 89,
          "dco": 925,
          "txt": "Game"
        },
        {
          "si": 9,
          "sti": 17,
          "dti": 178,
          "sco": 94,
          "dco": 930,
          "txt": "Reserves"
        },
        {
          "si": 9,
          "sti": 18,
          "dti": 179,
          "sco": 103,
          "dco": 939,
          "txt": "as"
        },
        {
          "si": 9,
          "sti": 19,
          "dti": 180,
          "sco": 106,
          "dco": 942,
          "txt": "well"
        },
        {
          "si": 9,
          "sti": 20,
          "dti": 181,
          "sco": 111,
          "dco": 947,
          "txt": "as"
        },
        {
          "si": 9,
          "sti": 21,
          "dti": 182,
          "sco": 114,
          "dco": 950,
          "txt": "one"
        },
        {
          "si": 9,
          "sti": 22,
          "dti": 183,
          "sco": 118,
          "dco": 954,
          "txt": "of"
        },
        {
          "si": 9,
          "sti": 23,
          "dti": 184,
          "sco": 121,
          "dco": 957,
          "txt": "Africa"
        },
        {
          "si": 9,
          "sti": 24,
          "dti": 185,
          "sco": 127,
          "dco": 963,
          "txt": "'"
        },
        {
          "si": 9,
          "sti": 25,
          "dti": 186,
          "sco": 128,
          "dco": 964,
          "txt": "s"
        },
        {
          "si": 9,
          "sti": 26,
          "dti": 187,
          "sco": 130,
          "dco": 966,
          "txt": "greatest"
        },
        {
          "si": 9,
          "sti": 27,
          "dti": 188,
          "sco": 139,
          "dco": 975,
          "txt": "wildlife"
        },
        {
          "si": 9,
          "sti": 28,
          "dti": 189,
          "sco": 148,
          "dco": 984,
          "txt": "conservation"
        },
        {
          "si": 9,
          "sti": 29,
          "dti": 190,
          "sco": 161,
          "dco": 997,
          "txt": "parks"
        },
        {
          "si": 9,
          "sti": 30,
          "dti": 191,
          "sco": 166,
          "dco": 1002,
          "txt": ","
        },
        {
          "si": 9,
          "sti": 31,
          "dti": 192,
          "sco": 168,
          "dco": 1004,
          "txt": "the"
        },
        {
          "si": 9,
          "sti": 32,
          "dti": 193,
          "sco": 172,
          "dco": 1008,
          "txt": "Kruger"
        },
        {
          "si": 9,
          "sti": 33,
          "dti": 194,
          "sco": 179,
          "dco": 1015,
          "txt": "National"
        },
        {
          "si": 9,
          "sti": 34,
          "dti": 195,
          "sco": 188,
          "dco": 1024,
          "txt": "Park"
        },
        {
          "si": 9,
          "sti": 35,
          "dti": 196,
          "sco": 192,
          "dco": 1028,
          "txt": "."
        },
        {
          "si": 10,
          "sti": 0,
          "dti": 197,
          "sco": 0,
          "dco": 1030,
          "txt": "Wildlife"
        },
        {
          "si": 10,
          "sti": 1,
          "dti": 198,
          "sco": 8,
          "dco": 1038,
          "txt": "."
        },
        {
          "si": 11,
          "sti": 0,
          "dti": 199,
          "sco": 0,
          "dco": 1040,
          "txt": "The"
        },
        {
          "si": 11,
          "sti": 1,
          "dti": 200,
          "sco": 4,
          "dco": 1044,
          "txt": "dam"
        },
        {
          "si": 11,
          "sti": 2,
          "dti": 201,
          "sco": 8,
          "dco": 1048,
          "txt": "is"
        },
        {
          "si": 11,
          "sti": 3,
          "dti": 202,
          "sco": 11,
          "dco": 1051,
          "txt": "flanked"
        },
        {
          "si": 11,
          "sti": 4,
          "dti": 203,
          "sco": 19,
          "dco": 1059,
          "txt": "by"
        },
        {
          "si": 11,
          "sti": 5,
          "dti": 204,
          "sco": 22,
          "dco": 1062,
          "txt": "private"
        },
        {
          "si": 11,
          "sti": 6,
          "dti": 205,
          "sco": 30,
          "dco": 1070,
          "txt": "wildlife"
        },
        {
          "si": 11,
          "sti": 7,
          "dti": 206,
          "sco": 39,
          "dco": 1079,
          "txt": "reserves"
        },
        {
          "si": 11,
          "sti": 8,
          "dti": 207,
          "sco": 48,
          "dco": 1088,
          "txt": "as"
        },
        {
          "si": 11,
          "sti": 9,
          "dti": 208,
          "sco": 51,
          "dco": 1091,
          "txt": "well"
        },
        {
          "si": 11,
          "sti": 10,
          "dti": 209,
          "sco": 56,
          "dco": 1096,
          "txt": "as"
        },
        {
          "si": 11,
          "sti": 11,
          "dti": 210,
          "sco": 59,
          "dco": 1099,
          "txt": "the"
        },
        {
          "si": 11,
          "sti": 12,
          "dti": 211,
          "sco": 63,
          "dco": 1103,
          "txt": "Pongola"
        },
        {
          "si": 11,
          "sti": 13,
          "dti": 212,
          "sco": 71,
          "dco": 1111,
          "txt": "Game"
        },
        {
          "si": 11,
          "sti": 14,
          "dti": 213,
          "sco": 76,
          "dco": 1116,
          "txt": "Reserve"
        },
        {
          "si": 11,
          "sti": 15,
          "dti": 214,
          "sco": 84,
          "dco": 1124,
          "txt": "which"
        },
        {
          "si": 11,
          "sti": 16,
          "dti": 215,
          "sco": 90,
          "dco": 1130,
          "txt": "has"
        },
        {
          "si": 11,
          "sti": 17,
          "dti": 216,
          "sco": 94,
          "dco": 1134,
          "txt": "many"
        },
        {
          "si": 11,
          "sti": 18,
          "dti": 217,
          "sco": 99,
          "dco": 1139,
          "txt": "private"
        },
        {
          "si": 11,
          "sti": 19,
          "dti": 218,
          "sco": 107,
          "dco": 1147,
          "txt": "lodges"
        },
        {
          "si": 11,
          "sti": 20,
          "dti": 219,
          "sco": 114,
          "dco": 1154,
          "txt": "as"
        },
        {
          "si": 11,
          "sti": 21,
          "dti": 220,
          "sco": 117,
          "dco": 1157,
          "txt": "well"
        },
        {
          "si": 11,
          "sti": 22,
          "dti": 221,
          "sco": 122,
          "dco": 1162,
          "txt": "campsite"
        },
        {
          "si": 11,
          "sti": 23,
          "dti": 222,
          "sco": 131,
          "dco": 1171,
          "txt": "for"
        },
        {
          "si": 11,
          "sti": 24,
          "dti": 223,
          "sco": 135,
          "dco": 1175,
          "txt": "fishing"
        },
        {
          "si": 11,
          "sti": 25,
          "dti": 224,
          "sco": 142,
          "dco": 1182,
          "txt": "."
        },
        {
          "si": 12,
          "sti": 0,
          "dti": 225,
          "sco": 0,
          "dco": 1184,
          "txt": "Wildlife"
        },
        {
          "si": 12,
          "sti": 1,
          "dti": 226,
          "sco": 9,
          "dco": 1193,
          "txt": "and"
        },
        {
          "si": 12,
          "sti": 2,
          "dti": 227,
          "sco": 13,
          "dco": 1197,
          "txt": "birdlife"
        },
        {
          "si": 12,
          "sti": 3,
          "dti": 228,
          "sco": 22,
          "dco": 1206,
          "txt": "abound"
        },
        {
          "si": 12,
          "sti": 4,
          "dti": 229,
          "sco": 29,
          "dco": 1213,
          "txt": "in"
        },
        {
          "si": 12,
          "sti": 5,
          "dti": 230,
          "sco": 32,
          "dco": 1216,
          "txt": "the"
        },
        {
          "si": 12,
          "sti": 6,
          "dti": 231,
          "sco": 36,
          "dco": 1220,
          "txt": "area"
        },
        {
          "si": 12,
          "sti": 7,
          "dti": 232,
          "sco": 40,
          "dco": 1224,
          "txt": "."
        },
        {
          "si": 13,
          "sti": 0,
          "dti": 233,
          "sco": 0,
          "dco": 1226,
          "txt": "Mammals"
        },
        {
          "si": 13,
          "sti": 1,
          "dti": 234,
          "sco": 8,
          "dco": 1234,
          "txt": "to"
        },
        {
          "si": 13,
          "sti": 2,
          "dti": 235,
          "sco": 11,
          "dco": 1237,
          "txt": "be"
        },
        {
          "si": 13,
          "sti": 3,
          "dti": 236,
          "sco": 14,
          "dco": 1240,
          "txt": "sought"
        },
        {
          "si": 13,
          "sti": 4,
          "dti": 237,
          "sco": 21,
          "dco": 1247,
          "txt": "include"
        },
        {
          "si": 13,
          "sti": 5,
          "dti": 238,
          "sco": 29,
          "dco": 1255,
          "txt": "elephant"
        },
        {
          "si": 13,
          "sti": 6,
          "dti": 239,
          "sco": 37,
          "dco": 1263,
          "txt": ","
        },
        {
          "si": 13,
          "sti": 7,
          "dti": 240,
          "sco": 39,
          "dco": 1265,
          "txt": "leopard"
        },
        {
          "si": 13,
          "sti": 8,
          "dti": 241,
          "sco": 46,
          "dco": 1272,
          "txt": ","
        },
        {
          "si": 13,
          "sti": 9,
          "dti": 242,
          "sco": 48,
          "dco": 1274,
          "txt": "white"
        },
        {
          "si": 13,
          "sti": 10,
          "dti": 243,
          "sco": 54,
          "dco": 1280,
          "txt": "and"
        },
        {
          "si": 13,
          "sti": 11,
          "dti": 244,
          "sco": 58,
          "dco": 1284,
          "txt": "black"
        },
        {
          "si": 13,
          "sti": 12,
          "dti": 245,
          "sco": 64,
          "dco": 1290,
          "txt": "rhinoceros"
        },
        {
          "si": 13,
          "sti": 13,
          "dti": 246,
          "sco": 74,
          "dco": 1300,
          "txt": ","
        },
        {
          "si": 13,
          "sti": 14,
          "dti": 247,
          "sco": 76,
          "dco": 1302,
          "txt": "buffalo"
        },
        {
          "si": 13,
          "sti": 15,
          "dti": 248,
          "sco": 83,
          "dco": 1309,
          "txt": ","
        },
        {
          "si": 13,
          "sti": 16,
          "dti": 249,
          "sco": 85,
          "dco": 1311,
          "txt": "hippopotamus"
        },
        {
          "si": 13,
          "sti": 17,
          "dti": 250,
          "sco": 97,
          "dco": 1323,
          "txt": ","
        },
        {
          "si": 13,
          "sti": 18,
          "dti": 251,
          "sco": 99,
          "dco": 1325,
          "txt": "waterbuck"
        },
        {
          "si": 13,
          "sti": 19,
          "dti": 252,
          "sco": 108,
          "dco": 1334,
          "txt": ","
        },
        {
          "si": 13,
          "sti": 20,
          "dti": 253,
          "sco": 110,
          "dco": 1336,
          "txt": "bushbuck"
        },
        {
          "si": 13,
          "sti": 21,
          "dti": 254,
          "sco": 118,
          "dco": 1344,
          "txt": ","
        },
        {
          "si": 13,
          "sti": 22,
          "dti": 255,
          "sco": 120,
          "dco": 1346,
          "txt": "nyala"
        },
        {
          "si": 13,
          "sti": 23,
          "dti": 256,
          "sco": 125,
          "dco": 1351,
          "txt": ","
        },
        {
          "si": 13,
          "sti": 24,
          "dti": 257,
          "sco": 127,
          "dco": 1353,
          "txt": "greater"
        },
        {
          "si": 13,
          "sti": 25,
          "dti": 258,
          "sco": 135,
          "dco": 1361,
          "txt": "kudu"
        },
        {
          "si": 13,
          "sti": 26,
          "dti": 259,
          "sco": 139,
          "dco": 1365,
          "txt": ","
        },
        {
          "si": 13,
          "sti": 27,
          "dti": 260,
          "sco": 141,
          "dco": 1367,
          "txt": "zebra"
        },
        {
          "si": 13,
          "sti": 28,
          "dti": 261,
          "sco": 146,
          "dco": 1372,
          "txt": ","
        },
        {
          "si": 13,
          "sti": 29,
          "dti": 262,
          "sco": 148,
          "dco": 1374,
          "txt": "giraffe"
        },
        {
          "si": 13,
          "sti": 30,
          "dti": 263,
          "sco": 156,
          "dco": 1382,
          "txt": "and"
        },
        {
          "si": 13,
          "sti": 31,
          "dti": 264,
          "sco": 160,
          "dco": 1386,
          "txt": "spotted"
        },
        {
          "si": 13,
          "sti": 32,
          "dti": 265,
          "sco": 168,
          "dco": 1394,
          "txt": "hyaena"
        },
        {
          "si": 13,
          "sti": 33,
          "dti": 266,
          "sco": 174,
          "dco": 1400,
          "txt": "."
        },
        {
          "si": 14,
          "sti": 0,
          "dti": 267,
          "sco": 0,
          "dco": 1402,
          "txt": "The"
        },
        {
          "si": 14,
          "sti": 1,
          "dti": 268,
          "sco": 4,
          "dco": 1406,
          "txt": "dam"
        },
        {
          "si": 14,
          "sti": 2,
          "dti": 269,
          "sco": 8,
          "dco": 1410,
          "txt": "and"
        },
        {
          "si": 14,
          "sti": 3,
          "dti": 270,
          "sco": 12,
          "dco": 1414,
          "txt": "its"
        },
        {
          "si": 14,
          "sti": 4,
          "dti": 271,
          "sco": 16,
          "dco": 1418,
          "txt": "surrounds"
        },
        {
          "si": 14,
          "sti": 5,
          "dti": 272,
          "sco": 26,
          "dco": 1428,
          "txt": "support"
        },
        {
          "si": 14,
          "sti": 6,
          "dti": 273,
          "sco": 34,
          "dco": 1436,
          "txt": "over"
        },
        {
          "si": 14,
          "sti": 7,
          "dti": 274,
          "sco": 39,
          "dco": 1441,
          "txt": "350"
        },
        {
          "si": 14,
          "sti": 8,
          "dti": 275,
          "sco": 43,
          "dco": 1445,
          "txt": "bird"
        },
        {
          "si": 14,
          "sti": 9,
          "dti": 276,
          "sco": 48,
          "dco": 1450,
          "txt": "species"
        },
        {
          "si": 14,
          "sti": 10,
          "dti": 277,
          "sco": 56,
          "dco": 1458,
          "txt": "which"
        },
        {
          "si": 14,
          "sti": 11,
          "dti": 278,
          "sco": 62,
          "dco": 1464,
          "txt": "includes"
        },
        {
          "si": 14,
          "sti": 12,
          "dti": 279,
          "sco": 71,
          "dco": 1473,
          "txt": "rarities"
        },
        {
          "si": 14,
          "sti": 13,
          "dti": 280,
          "sco": 80,
          "dco": 1482,
          "txt": "such"
        },
        {
          "si": 14,
          "sti": 14,
          "dti": 281,
          "sco": 85,
          "dco": 1487,
          "txt": "as"
        },
        {
          "si": 14,
          "sti": 15,
          "dti": 282,
          "sco": 88,
          "dco": 1490,
          "txt": "African"
        },
        {
          "si": 14,
          "sti": 16,
          "dti": 283,
          "sco": 96,
          "dco": 1498,
          "txt": "broadbill"
        },
        {
          "si": 14,
          "sti": 17,
          "dti": 284,
          "sco": 105,
          "dco": 1507,
          "txt": ","
        },
        {
          "si": 14,
          "sti": 18,
          "dti": 285,
          "sco": 107,
          "dco": 1509,
          "txt": "saddle"
        },
        {
          "si": 14,
          "sti": 19,
          "dti": 286,
          "sco": 113,
          "dco": 1515,
          "txt": "-"
        },
        {
          "si": 14,
          "sti": 20,
          "dti": 287,
          "sco": 114,
          "dco": 1516,
          "txt": "billed"
        },
        {
          "si": 14,
          "sti": 21,
          "dti": 288,
          "sco": 121,
          "dco": 1523,
          "txt": "and"
        },
        {
          "si": 14,
          "sti": 22,
          "dti": 289,
          "sco": 125,
          "dco": 1527,
          "txt": "yellow"
        },
        {
          "si": 14,
          "sti": 23,
          "dti": 290,
          "sco": 131,
          "dco": 1533,
          "txt": "-"
        },
        {
          "si": 14,
          "sti": 24,
          "dti": 291,
          "sco": 132,
          "dco": 1534,
          "txt": "billed"
        },
        {
          "si": 14,
          "sti": 25,
          "dti": 292,
          "sco": 139,
          "dco": 1541,
          "txt": "storks"
        },
        {
          "si": 14,
          "sti": 26,
          "dti": 293,
          "sco": 145,
          "dco": 1547,
          "txt": ","
        },
        {
          "si": 14,
          "sti": 27,
          "dti": 294,
          "sco": 147,
          "dco": 1549,
          "txt": "African"
        },
        {
          "si": 14,
          "sti": 28,
          "dti": 295,
          "sco": 155,
          "dco": 1557,
          "txt": "finfoot"
        },
        {
          "si": 14,
          "sti": 29,
          "dti": 296,
          "sco": 162,
          "dco": 1564,
          "txt": ","
        },
        {
          "si": 14,
          "sti": 30,
          "dti": 297,
          "sco": 164,
          "dco": 1566,
          "txt": "Pel"
        },
        {
          "si": 14,
          "sti": 31,
          "dti": 298,
          "sco": 167,
          "dco": 1569,
          "txt": "'"
        },
        {
          "si": 14,
          "sti": 32,
          "dti": 299,
          "sco": 168,
          "dco": 1570,
          "txt": "s"
        },
        {
          "si": 14,
          "sti": 33,
          "dti": 300,
          "sco": 170,
          "dco": 1572,
          "txt": "fishing"
        },
        {
          "si": 14,
          "sti": 34,
          "dti": 301,
          "sco": 178,
          "dco": 1580,
          "txt": "owl"
        },
        {
          "si": 14,
          "sti": 35,
          "dti": 302,
          "sco": 182,
          "dco": 1584,
          "txt": "and"
        },
        {
          "si": 14,
          "sti": 36,
          "dti": 303,
          "sco": 186,
          "dco": 1588,
          "txt": "Narina"
        },
        {
          "si": 14,
          "sti": 37,
          "dti": 304,
          "sco": 193,
          "dco": 1595,
          "txt": "trogon"
        },
        {
          "si": 14,
          "sti": 38,
          "dti": 305,
          "sco": 199,
          "dco": 1601,
          "txt": "."
        },
        {
          "si": 15,
          "sti": 0,
          "dti": 306,
          "sco": 0,
          "dco": 1603,
          "txt": "The"
        },
        {
          "si": 15,
          "sti": 1,
          "dti": 307,
          "sco": 4,
          "dco": 1607,
          "txt": "dam"
        },
        {
          "si": 15,
          "sti": 2,
          "dti": 308,
          "sco": 8,
          "dco": 1611,
          "txt": "also"
        },
        {
          "si": 15,
          "sti": 3,
          "dti": 309,
          "sco": 13,
          "dco": 1616,
          "txt": "supports"
        },
        {
          "si": 15,
          "sti": 4,
          "dti": 310,
          "sco": 22,
          "dco": 1625,
          "txt": "a"
        },
        {
          "si": 15,
          "sti": 5,
          "dti": 311,
          "sco": 24,
          "dco": 1627,
          "txt": "breeding"
        },
        {
          "si": 15,
          "sti": 6,
          "dti": 312,
          "sco": 33,
          "dco": 1636,
          "txt": "colony"
        },
        {
          "si": 15,
          "sti": 7,
          "dti": 313,
          "sco": 40,
          "dco": 1643,
          "txt": "of"
        },
        {
          "si": 15,
          "sti": 8,
          "dti": 314,
          "sco": 43,
          "dco": 1646,
          "txt": "pink"
        },
        {
          "si": 15,
          "sti": 9,
          "dti": 315,
          "sco": 47,
          "dco": 1650,
          "txt": "-"
        },
        {
          "si": 15,
          "sti": 10,
          "dti": 316,
          "sco": 48,
          "dco": 1651,
          "txt": "backed"
        },
        {
          "si": 15,
          "sti": 11,
          "dti": 317,
          "sco": 55,
          "dco": 1658,
          "txt": "and"
        },
        {
          "si": 15,
          "sti": 12,
          "dti": 318,
          "sco": 59,
          "dco": 1662,
          "txt": "great"
        },
        {
          "si": 15,
          "sti": 13,
          "dti": 319,
          "sco": 65,
          "dco": 1668,
          "txt": "white"
        },
        {
          "si": 15,
          "sti": 14,
          "dti": 320,
          "sco": 71,
          "dco": 1674,
          "txt": "pelicans"
        },
        {
          "si": 15,
          "sti": 15,
          "dti": 321,
          "sco": 79,
          "dco": 1682,
          "txt": "."
        },
        {
          "si": 16,
          "sti": 0,
          "dti": 322,
          "sco": 0,
          "dco": 1684,
          "txt": "Additionally"
        },
        {
          "si": 16,
          "sti": 1,
          "dti": 323,
          "sco": 13,
          "dco": 1697,
          "txt": "the"
        },
        {
          "si": 16,
          "sti": 2,
          "dti": 324,
          "sco": 17,
          "dco": 1701,
          "txt": "dam"
        },
        {
          "si": 16,
          "sti": 3,
          "dti": 325,
          "sco": 21,
          "dco": 1705,
          "txt": "supports"
        },
        {
          "si": 16,
          "sti": 4,
          "dti": 326,
          "sco": 30,
          "dco": 1714,
          "txt": "a"
        },
        {
          "si": 16,
          "sti": 5,
          "dti": 327,
          "sco": 32,
          "dco": 1716,
          "txt": "stable"
        },
        {
          "si": 16,
          "sti": 6,
          "dti": 328,
          "sco": 39,
          "dco": 1723,
          "txt": "population"
        },
        {
          "si": 16,
          "sti": 7,
          "dti": 329,
          "sco": 50,
          "dco": 1734,
          "txt": "of"
        },
        {
          "si": 16,
          "sti": 8,
          "dti": 330,
          "sco": 53,
          "dco": 1737,
          "txt": "Nile"
        },
        {
          "si": 16,
          "sti": 9,
          "dti": 331,
          "sco": 58,
          "dco": 1742,
          "txt": "crocodiles"
        },
        {
          "si": 16,
          "sti": 10,
          "dti": 332,
          "sco": 68,
          "dco": 1752,
          "txt": "."
        },
        {
          "si": 17,
          "sti": 0,
          "dti": 333,
          "sco": 0,
          "dco": 1754,
          "txt": "The"
        },
        {
          "si": 17,
          "sti": 1,
          "dti": 334,
          "sco": 4,
          "dco": 1758,
          "txt": "dam"
        },
        {
          "si": 17,
          "sti": 2,
          "dti": 335,
          "sco": 8,
          "dco": 1762,
          "txt": "is"
        },
        {
          "si": 17,
          "sti": 3,
          "dti": 336,
          "sco": 11,
          "dco": 1765,
          "txt": "also"
        },
        {
          "si": 17,
          "sti": 4,
          "dti": 337,
          "sco": 16,
          "dco": 1770,
          "txt": "home"
        },
        {
          "si": 17,
          "sti": 5,
          "dti": 338,
          "sco": 21,
          "dco": 1775,
          "txt": "to"
        },
        {
          "si": 17,
          "sti": 6,
          "dti": 339,
          "sco": 24,
          "dco": 1778,
          "txt": "the"
        },
        {
          "si": 17,
          "sti": 7,
          "dti": 340,
          "sco": 28,
          "dco": 1782,
          "txt": "southern"
        },
        {
          "si": 17,
          "sti": 8,
          "dti": 341,
          "sco": 37,
          "dco": 1791,
          "txt": "most"
        },
        {
          "si": 17,
          "sti": 9,
          "dti": 342,
          "sco": 42,
          "dco": 1796,
          "txt": "population"
        },
        {
          "si": 17,
          "sti": 10,
          "dti": 343,
          "sco": 53,
          "dco": 1807,
          "txt": "of"
        },
        {
          "si": 17,
          "sti": 11,
          "dti": 344,
          "sco": 56,
          "dco": 1810,
          "txt": "tigerfish"
        },
        {
          "si": 17,
          "sti": 12,
          "dti": 345,
          "sco": 65,
          "dco": 1819,
          "txt": "."
        },
        {
          "si": 18,
          "sti": 0,
          "dti": 346,
          "sco": 0,
          "dco": 1821,
          "txt": "Other"
        },
        {
          "si": 18,
          "sti": 1,
          "dti": 347,
          "sco": 6,
          "dco": 1827,
          "txt": "fish"
        },
        {
          "si": 18,
          "sti": 2,
          "dti": 348,
          "sco": 11,
          "dco": 1832,
          "txt": "species"
        },
        {
          "si": 18,
          "sti": 3,
          "dti": 349,
          "sco": 19,
          "dco": 1840,
          "txt": "include"
        },
        {
          "si": 18,
          "sti": 4,
          "dti": 350,
          "sco": 27,
          "dco": 1848,
          "txt": "catfish"
        },
        {
          "si": 18,
          "sti": 5,
          "dti": 351,
          "sco": 35,
          "dco": 1856,
          "txt": "and"
        },
        {
          "si": 18,
          "sti": 6,
          "dti": 352,
          "sco": 39,
          "dco": 1860,
          "txt": "kurper"
        },
        {
          "si": 18,
          "sti": 7,
          "dti": 353,
          "sco": 45,
          "dco": 1866,
          "txt": "."
        },
        {
          "si": 19,
          "sti": 0,
          "dti": 354,
          "sco": 0,
          "dco": 1868,
          "txt": "Water"
        },
        {
          "si": 19,
          "sti": 1,
          "dti": 355,
          "sco": 6,
          "dco": 1874,
          "txt": "quality"
        },
        {
          "si": 19,
          "sti": 2,
          "dti": 356,
          "sco": 13,
          "dco": 1881,
          "txt": "."
        },
        {
          "si": 20,
          "sti": 0,
          "dti": 357,
          "sco": 0,
          "dco": 1883,
          "txt": "No"
        },
        {
          "si": 20,
          "sti": 1,
          "dti": 358,
          "sco": 3,
          "dco": 1886,
          "txt": "information"
        },
        {
          "si": 20,
          "sti": 2,
          "dti": 359,
          "sco": 15,
          "dco": 1898,
          "txt": "regarding"
        },
        {
          "si": 20,
          "sti": 3,
          "dti": 360,
          "sco": 25,
          "dco": 1908,
          "txt": "the"
        },
        {
          "si": 20,
          "sti": 4,
          "dti": 361,
          "sco": 29,
          "dco": 1912,
          "txt": "water"
        },
        {
          "si": 20,
          "sti": 5,
          "dti": 362,
          "sco": 35,
          "dco": 1918,
          "txt": "quality"
        },
        {
          "si": 20,
          "sti": 6,
          "dti": 363,
          "sco": 43,
          "dco": 1926,
          "txt": "of"
        },
        {
          "si": 20,
          "sti": 7,
          "dti": 364,
          "sco": 46,
          "dco": 1929,
          "txt": "the"
        },
        {
          "si": 20,
          "sti": 8,
          "dti": 365,
          "sco": 50,
          "dco": 1933,
          "txt": "dam"
        },
        {
          "si": 20,
          "sti": 9,
          "dti": 366,
          "sco": 54,
          "dco": 1937,
          "txt": "but"
        },
        {
          "si": 20,
          "sti": 10,
          "dti": 367,
          "sco": 58,
          "dco": 1941,
          "txt": "can"
        },
        {
          "si": 20,
          "sti": 11,
          "dti": 368,
          "sco": 62,
          "dco": 1945,
          "txt": "be"
        },
        {
          "si": 20,
          "sti": 12,
          "dti": 369,
          "sco": 65,
          "dco": 1948,
          "txt": "assumed"
        },
        {
          "si": 20,
          "sti": 13,
          "dti": 370,
          "sco": 73,
          "dco": 1956,
          "txt": "to"
        },
        {
          "si": 20,
          "sti": 14,
          "dti": 371,
          "sco": 76,
          "dco": 1959,
          "txt": "be"
        },
        {
          "si": 20,
          "sti": 15,
          "dti": 372,
          "sco": 79,
          "dco": 1962,
          "txt": "fair"
        },
        {
          "si": 20,
          "sti": 16,
          "dti": 373,
          "sco": 83,
          "dco": 1966,
          "txt": "."
        },
        {
          "si": 21,
          "sti": 0,
          "dti": 374,
          "sco": 0,
          "dco": 1968,
          "txt": "The"
        },
        {
          "si": 21,
          "sti": 1,
          "dti": 375,
          "sco": 4,
          "dco": 1972,
          "txt": "Pongola"
        },
        {
          "si": 21,
          "sti": 2,
          "dti": 376,
          "sco": 12,
          "dco": 1980,
          "txt": "Rivers"
        },
        {
          "si": 21,
          "sti": 3,
          "dti": 377,
          "sco": 19,
          "dco": 1987,
          "txt": "major"
        },
        {
          "si": 21,
          "sti": 4,
          "dti": 378,
          "sco": 25,
          "dco": 1993,
          "txt": "form"
        },
        {
          "si": 21,
          "sti": 5,
          "dti": 379,
          "sco": 30,
          "dco": 1998,
          "txt": "of"
        },
        {
          "si": 21,
          "sti": 6,
          "dti": 380,
          "sco": 33,
          "dco": 2001,
          "txt": "pollution"
        },
        {
          "si": 21,
          "sti": 7,
          "dti": 381,
          "sco": 43,
          "dco": 2011,
          "txt": "is"
        },
        {
          "si": 21,
          "sti": 8,
          "dti": 382,
          "sco": 46,
          "dco": 2014,
          "txt": "agricultural"
        },
        {
          "si": 21,
          "sti": 9,
          "dti": 383,
          "sco": 59,
          "dco": 2027,
          "txt": "pesticides"
        },
        {
          "si": 21,
          "sti": 10,
          "dti": 384,
          "sco": 70,
          "dco": 2038,
          "txt": "which"
        },
        {
          "si": 21,
          "sti": 11,
          "dti": 385,
          "sco": 76,
          "dco": 2044,
          "txt": "make"
        },
        {
          "si": 21,
          "sti": 12,
          "dti": 386,
          "sco": 81,
          "dco": 2049,
          "txt": "their"
        },
        {
          "si": 21,
          "sti": 13,
          "dti": 387,
          "sco": 87,
          "dco": 2055,
          "txt": "way"
        },
        {
          "si": 21,
          "sti": 14,
          "dti": 388,
          "sco": 91,
          "dco": 2059,
          "txt": "into"
        },
        {
          "si": 21,
          "sti": 15,
          "dti": 389,
          "sco": 96,
          "dco": 2064,
          "txt": "the"
        },
        {
          "si": 21,
          "sti": 16,
          "dti": 390,
          "sco": 100,
          "dco": 2068,
          "txt": "river"
        },
        {
          "si": 21,
          "sti": 17,
          "dti": 391,
          "sco": 106,
          "dco": 2074,
          "txt": "due"
        },
        {
          "si": 21,
          "sti": 18,
          "dti": 392,
          "sco": 110,
          "dco": 2078,
          "txt": "to"
        },
        {
          "si": 21,
          "sti": 19,
          "dti": 393,
          "sco": 113,
          "dco": 2081,
          "txt": "the"
        },
        {
          "si": 21,
          "sti": 20,
          "dti": 394,
          "sco": 117,
          "dco": 2085,
          "txt": "heavy"
        },
        {
          "si": 21,
          "sti": 21,
          "dti": 395,
          "sco": 123,
          "dco": 2091,
          "txt": "use"
        },
        {
          "si": 21,
          "sti": 22,
          "dti": 396,
          "sco": 127,
          "dco": 2095,
          "txt": "of"
        },
        {
          "si": 21,
          "sti": 23,
          "dti": 397,
          "sco": 130,
          "dco": 2098,
          "txt": "land"
        },
        {
          "si": 21,
          "sti": 24,
          "dti": 398,
          "sco": 135,
          "dco": 2103,
          "txt": "for"
        },
        {
          "si": 21,
          "sti": 25,
          "dti": 399,
          "sco": 139,
          "dco": 2107,
          "txt": "agriculture"
        },
        {
          "si": 21,
          "sti": 26,
          "dti": 400,
          "sco": 151,
          "dco": 2119,
          "txt": "above"
        },
        {
          "si": 21,
          "sti": 27,
          "dti": 401,
          "sco": 157,
          "dco": 2125,
          "txt": "the"
        },
        {
          "si": 21,
          "sti": 28,
          "dti": 402,
          "sco": 161,
          "dco": 2129,
          "txt": "dam"
        },
        {
          "si": 21,
          "sti": 29,
          "dti": 403,
          "sco": 164,
          "dco": 2132,
          "txt": "."
        }
      ]
    },
    "ganns": {
      "dla": [],
      "la": [],
      "ea": [],
      "eta": [
        {
          "ra": {
            "ea": {
              "etn": "Pongolapoort_Dam"
            }
          },
          "sfs": [
            [
              {
                "stn": "status"
              },
              {}
            ]
          ],
          "mfs": [
            [
              {
                "stn": "rivers"
              },
              {
                "dla": [],
                "la": [],
                "ea": [
                  {
                    "etn": "Pongola_River"
                  }
                ],
                "eta": []
              }
            ],
            [
              {
                "stn": "locations"
              },
              {
                "dla": [],
                "la": [],
                "ea": [
                  {
                    "etn": "KwaZulu-Natal"
                  }
                ],
                "eta": []
              }
            ],
            [
              {
                "stn": "openingYears"
              },
              {
                "dla": [
                  {
                    "txt": {
                      "sff": "1973"
                    },
                    "et": {
                      "etn": "Year"
                    },
                    "dp": {
                      "off": 257
                    }
                  }
                ],
                "la": [],
                "ea": [],
                "eta": []
              }
            ],
            [
              {
                "stn": "buildingStartYears"
              },
              {
                "dla": [],
                "la": [],
                "ea": [],
                "eta": []
              }
            ],
            [
              {
                "stn": "countries"
              },
              {
                "dla": [],
                "la": [],
                "ea": [
                  {
                    "etn": "South_Africa"
                  }
                ],
                "eta": []
              }
            ]
          ]
        }
      ]
    }
  }
]
