[
  {
    "context": "TRAIN",
    "doc": {
      "id": "Qorlortorsuaq_Dam",
      "tl": [
        {
          "si": 0,
          "sti": 0,
          "dti": 0,
          "sco": 0,
          "dco": 0,
          "txt": "Qorlortorsuaq"
        },
        {
          "si": 0,
          "sti": 1,
          "dti": 1,
          "sco": 14,
          "dco": 14,
          "txt": "Dam"
        },
        {
          "si": 0,
          "sti": 2,
          "dti": 2,
          "sco": 17,
          "dco": 17,
          "txt": "."
        },
        {
          "si": 1,
          "sti": 0,
          "dti": 3,
          "sco": 0,
          "dco": 19,
          "txt": "Qorlortorsuaq"
        },
        {
          "si": 1,
          "sti": 1,
          "dti": 4,
          "sco": 14,
          "dco": 33,
          "txt": "Dam"
        },
        {
          "si": 1,
          "sti": 2,
          "dti": 5,
          "sco": 18,
          "dco": 37,
          "txt": "is"
        },
        {
          "si": 1,
          "sti": 3,
          "dti": 6,
          "sco": 21,
          "dco": 40,
          "txt": "a"
        },
        {
          "si": 1,
          "sti": 4,
          "dti": 7,
          "sco": 23,
          "dco": 42,
          "txt": "hydroelectric"
        },
        {
          "si": 1,
          "sti": 5,
          "dti": 8,
          "sco": 37,
          "dco": 56,
          "txt": "dam"
        },
        {
          "si": 1,
          "sti": 6,
          "dti": 9,
          "sco": 41,
          "dco": 60,
          "txt": "near"
        },
        {
          "si": 1,
          "sti": 7,
          "dti": 10,
          "sco": 46,
          "dco": 65,
          "txt": "Qorlortorsuaq"
        },
        {
          "si": 1,
          "sti": 8,
          "dti": 11,
          "sco": 60,
          "dco": 79,
          "txt": "in"
        },
        {
          "si": 1,
          "sti": 9,
          "dti": 12,
          "sco": 63,
          "dco": 82,
          "txt": "the"
        },
        {
          "si": 1,
          "sti": 10,
          "dti": 13,
          "sco": 67,
          "dco": 86,
          "txt": "Nanortalik"
        },
        {
          "si": 1,
          "sti": 11,
          "dti": 14,
          "sco": 78,
          "dco": 97,
          "txt": "district"
        },
        {
          "si": 1,
          "sti": 12,
          "dti": 15,
          "sco": 87,
          "dco": 106,
          "txt": "of"
        },
        {
          "si": 1,
          "sti": 13,
          "dti": 16,
          "sco": 90,
          "dco": 109,
          "txt": "the"
        },
        {
          "si": 1,
          "sti": 14,
          "dti": 17,
          "sco": 94,
          "dco": 113,
          "txt": "Kujalleq"
        },
        {
          "si": 1,
          "sti": 15,
          "dti": 18,
          "sco": 103,
          "dco": 122,
          "txt": "municipality"
        },
        {
          "si": 1,
          "sti": 16,
          "dti": 19,
          "sco": 116,
          "dco": 135,
          "txt": "in"
        },
        {
          "si": 1,
          "sti": 17,
          "dti": 20,
          "sco": 119,
          "dco": 138,
          "txt": "southern"
        },
        {
          "si": 1,
          "sti": 18,
          "dti": 21,
          "sco": 128,
          "dco": 147,
          "txt": "Greenland"
        },
        {
          "si": 1,
          "sti": 19,
          "dti": 22,
          "sco": 137,
          "dco": 156,
          "txt": "."
        },
        {
          "si": 2,
          "sti": 0,
          "dti": 23,
          "sco": 0,
          "dco": 158,
          "txt": "It"
        },
        {
          "si": 2,
          "sti": 1,
          "dti": 24,
          "sco": 3,
          "dco": 161,
          "txt": "has"
        },
        {
          "si": 2,
          "sti": 2,
          "dti": 25,
          "sco": 7,
          "dco": 165,
          "txt": "a"
        },
        {
          "si": 2,
          "sti": 3,
          "dti": 26,
          "sco": 9,
          "dco": 167,
          "txt": "capacity"
        },
        {
          "si": 2,
          "sti": 4,
          "dti": 27,
          "sco": 18,
          "dco": 176,
          "txt": "of"
        },
        {
          "si": 2,
          "sti": 5,
          "dti": 28,
          "sco": 21,
          "dco": 179,
          "txt": "7"
        },
        {
          "si": 2,
          "sti": 6,
          "dti": 29,
          "sco": 22,
          "dco": 180,
          "txt": "."
        },
        {
          "si": 2,
          "sti": 7,
          "dti": 30,
          "sco": 23,
          "dco": 181,
          "txt": "2"
        },
        {
          "si": 2,
          "sti": 8,
          "dti": 31,
          "sco": 24,
          "dco": 182,
          "txt": " "
        },
        {
          "si": 2,
          "sti": 9,
          "dti": 32,
          "sco": 25,
          "dco": 183,
          "txt": "MW"
        },
        {
          "si": 2,
          "sti": 10,
          "dti": 33,
          "sco": 28,
          "dco": 186,
          "txt": "and"
        },
        {
          "si": 2,
          "sti": 11,
          "dti": 34,
          "sco": 32,
          "dco": 190,
          "txt": "it"
        },
        {
          "si": 2,
          "sti": 12,
          "dti": 35,
          "sco": 35,
          "dco": 193,
          "txt": "generates"
        },
        {
          "si": 2,
          "sti": 13,
          "dti": 36,
          "sco": 45,
          "dco": 203,
          "txt": "power"
        },
        {
          "si": 2,
          "sti": 14,
          "dti": 37,
          "sco": 51,
          "dco": 209,
          "txt": "for"
        },
        {
          "si": 2,
          "sti": 15,
          "dti": 38,
          "sco": 55,
          "dco": 213,
          "txt": "the"
        },
        {
          "si": 2,
          "sti": 16,
          "dti": 39,
          "sco": 59,
          "dco": 217,
          "txt": "neighbouring"
        },
        {
          "si": 2,
          "sti": 17,
          "dti": 40,
          "sco": 72,
          "dco": 230,
          "txt": "towns"
        },
        {
          "si": 2,
          "sti": 18,
          "dti": 41,
          "sco": 78,
          "dco": 236,
          "txt": "of"
        },
        {
          "si": 2,
          "sti": 19,
          "dti": 42,
          "sco": 81,
          "dco": 239,
          "txt": "Qaqortoq"
        },
        {
          "si": 2,
          "sti": 20,
          "dti": 43,
          "sco": 90,
          "dco": 248,
          "txt": "and"
        },
        {
          "si": 2,
          "sti": 21,
          "dti": 44,
          "sco": 94,
          "dco": 252,
          "txt": "Narsaq"
        },
        {
          "si": 2,
          "sti": 22,
          "dti": 45,
          "sco": 100,
          "dco": 258,
          "txt": "."
        },
        {
          "si": 3,
          "sti": 0,
          "dti": 46,
          "sco": 0,
          "dco": 260,
          "txt": "History"
        },
        {
          "si": 3,
          "sti": 1,
          "dti": 47,
          "sco": 7,
          "dco": 267,
          "txt": "."
        },
        {
          "si": 4,
          "sti": 0,
          "dti": 48,
          "sco": 0,
          "dco": 269,
          "txt": "The"
        },
        {
          "si": 4,
          "sti": 1,
          "dti": 49,
          "sco": 4,
          "dco": 273,
          "txt": "construction"
        },
        {
          "si": 4,
          "sti": 2,
          "dti": 50,
          "sco": 17,
          "dco": 286,
          "txt": "of"
        },
        {
          "si": 4,
          "sti": 3,
          "dti": 51,
          "sco": 20,
          "dco": 289,
          "txt": "the"
        },
        {
          "si": 4,
          "sti": 4,
          "dti": 52,
          "sco": 24,
          "dco": 293,
          "txt": "power"
        },
        {
          "si": 4,
          "sti": 5,
          "dti": 53,
          "sco": 30,
          "dco": 299,
          "txt": "plant"
        },
        {
          "si": 4,
          "sti": 6,
          "dti": 54,
          "sco": 36,
          "dco": 305,
          "txt": "started"
        },
        {
          "si": 4,
          "sti": 7,
          "dti": 55,
          "sco": 44,
          "dco": 313,
          "txt": "in"
        },
        {
          "si": 4,
          "sti": 8,
          "dti": 56,
          "sco": 47,
          "dco": 316,
          "txt": "December"
        },
        {
          "si": 4,
          "sti": 9,
          "dti": 57,
          "sco": 56,
          "dco": 325,
          "txt": "2003"
        },
        {
          "si": 4,
          "sti": 10,
          "dti": 58,
          "sco": 61,
          "dco": 330,
          "txt": "and"
        },
        {
          "si": 4,
          "sti": 11,
          "dti": 59,
          "sco": 65,
          "dco": 334,
          "txt": "was"
        },
        {
          "si": 4,
          "sti": 12,
          "dti": 60,
          "sco": 69,
          "dco": 338,
          "txt": "completed"
        },
        {
          "si": 4,
          "sti": 13,
          "dti": 61,
          "sco": 79,
          "dco": 348,
          "txt": "in"
        },
        {
          "si": 4,
          "sti": 14,
          "dti": 62,
          "sco": 82,
          "dco": 351,
          "txt": "October"
        },
        {
          "si": 4,
          "sti": 15,
          "dti": 63,
          "sco": 90,
          "dco": 359,
          "txt": "2007"
        },
        {
          "si": 4,
          "sti": 16,
          "dti": 64,
          "sco": 94,
          "dco": 363,
          "txt": "."
        },
        {
          "si": 5,
          "sti": 0,
          "dti": 65,
          "sco": 0,
          "dco": 365,
          "txt": "It"
        },
        {
          "si": 5,
          "sti": 1,
          "dti": 66,
          "sco": 3,
          "dco": 368,
          "txt": "was"
        },
        {
          "si": 5,
          "sti": 2,
          "dti": 67,
          "sco": 7,
          "dco": 372,
          "txt": "built"
        },
        {
          "si": 5,
          "sti": 3,
          "dti": 68,
          "sco": 13,
          "dco": 378,
          "txt": "by"
        },
        {
          "si": 5,
          "sti": 4,
          "dti": 69,
          "sco": 16,
          "dco": 381,
          "txt": "consortium"
        },
        {
          "si": 5,
          "sti": 5,
          "dti": 70,
          "sco": 27,
          "dco": 392,
          "txt": "of"
        },
        {
          "si": 5,
          "sti": 6,
          "dti": 71,
          "sco": 30,
          "dco": 395,
          "txt": "E"
        },
        {
          "si": 5,
          "sti": 7,
          "dti": 72,
          "sco": 31,
          "dco": 396,
          "txt": "."
        },
        {
          "si": 6,
          "sti": 0,
          "dti": 73,
          "sco": 0,
          "dco": 398,
          "txt": "Pihl"
        },
        {
          "si": 6,
          "sti": 1,
          "dti": 74,
          "sco": 5,
          "dco": 403,
          "txt": "&"
        },
        {
          "si": 6,
          "sti": 2,
          "dti": 75,
          "sco": 7,
          "dco": 405,
          "txt": "Son"
        },
        {
          "si": 6,
          "sti": 3,
          "dti": 76,
          "sco": 11,
          "dco": 409,
          "txt": "AS"
        },
        {
          "si": 6,
          "sti": 4,
          "dti": 77,
          "sco": 14,
          "dco": 412,
          "txt": "("
        },
        {
          "si": 6,
          "sti": 5,
          "dti": 78,
          "sco": 15,
          "dco": 413,
          "txt": "51"
        },
        {
          "si": 6,
          "sti": 6,
          "dti": 79,
          "sco": 17,
          "dco": 415,
          "txt": "%"
        },
        {
          "si": 6,
          "sti": 7,
          "dti": 80,
          "sco": 18,
          "dco": 416,
          "txt": ")"
        },
        {
          "si": 6,
          "sti": 8,
          "dti": 81,
          "sco": 19,
          "dco": 417,
          "txt": ","
        },
        {
          "si": 6,
          "sti": 9,
          "dti": 82,
          "sco": 21,
          "dco": 419,
          "txt": "YIT"
        },
        {
          "si": 6,
          "sti": 10,
          "dti": 83,
          "sco": 25,
          "dco": 423,
          "txt": "("
        },
        {
          "si": 6,
          "sti": 11,
          "dti": 84,
          "sco": 26,
          "dco": 424,
          "txt": "34"
        },
        {
          "si": 6,
          "sti": 12,
          "dti": 85,
          "sco": 28,
          "dco": 426,
          "txt": "%"
        },
        {
          "si": 6,
          "sti": 13,
          "dti": 86,
          "sco": 29,
          "dco": 427,
          "txt": ")"
        },
        {
          "si": 6,
          "sti": 14,
          "dti": 87,
          "sco": 30,
          "dco": 428,
          "txt": ","
        },
        {
          "si": 6,
          "sti": 15,
          "dti": 88,
          "sco": 32,
          "dco": 430,
          "txt": "and"
        },
        {
          "si": 6,
          "sti": 16,
          "dti": 89,
          "sco": 36,
          "dco": 434,
          "txt": "Landsvirkjun"
        },
        {
          "si": 6,
          "sti": 17,
          "dti": 90,
          "sco": 49,
          "dco": 447,
          "txt": "("
        },
        {
          "si": 6,
          "sti": 18,
          "dti": 91,
          "sco": 50,
          "dco": 448,
          "txt": "15"
        },
        {
          "si": 6,
          "sti": 19,
          "dti": 92,
          "sco": 52,
          "dco": 450,
          "txt": "%"
        },
        {
          "si": 6,
          "sti": 20,
          "dti": 93,
          "sco": 53,
          "dco": 451,
          "txt": ")"
        },
        {
          "si": 6,
          "sti": 21,
          "dti": 94,
          "sco": 54,
          "dco": 452,
          "txt": "."
        },
        {
          "si": 7,
          "sti": 0,
          "dti": 95,
          "sco": 0,
          "dco": 454,
          "txt": "Landsvirkjun"
        },
        {
          "si": 7,
          "sti": 1,
          "dti": 96,
          "sco": 13,
          "dco": 467,
          "txt": "operates"
        },
        {
          "si": 7,
          "sti": 2,
          "dti": 97,
          "sco": 22,
          "dco": 476,
          "txt": "the"
        },
        {
          "si": 7,
          "sti": 3,
          "dti": 98,
          "sco": 26,
          "dco": 480,
          "txt": "power"
        },
        {
          "si": 7,
          "sti": 4,
          "dti": 99,
          "sco": 32,
          "dco": 486,
          "txt": "plant"
        },
        {
          "si": 7,
          "sti": 5,
          "dti": 100,
          "sco": 38,
          "dco": 492,
          "txt": "until"
        },
        {
          "si": 7,
          "sti": 6,
          "dti": 101,
          "sco": 44,
          "dco": 498,
          "txt": "2012"
        },
        {
          "si": 7,
          "sti": 7,
          "dti": 102,
          "sco": 48,
          "dco": 502,
          "txt": ","
        },
        {
          "si": 7,
          "sti": 8,
          "dti": 103,
          "sco": 50,
          "dco": 504,
          "txt": "when"
        },
        {
          "si": 7,
          "sti": 9,
          "dti": 104,
          "sco": 55,
          "dco": 509,
          "txt": "operation"
        },
        {
          "si": 7,
          "sti": 10,
          "dti": 105,
          "sco": 65,
          "dco": 519,
          "txt": "will"
        },
        {
          "si": 7,
          "sti": 11,
          "dti": 106,
          "sco": 70,
          "dco": 524,
          "txt": "be"
        },
        {
          "si": 7,
          "sti": 12,
          "dti": 107,
          "sco": 73,
          "dco": 527,
          "txt": "transferred"
        },
        {
          "si": 7,
          "sti": 13,
          "dti": 108,
          "sco": 85,
          "dco": 539,
          "txt": "to"
        },
        {
          "si": 7,
          "sti": 14,
          "dti": 109,
          "sco": 88,
          "dco": 542,
          "txt": "the"
        },
        {
          "si": 7,
          "sti": 15,
          "dti": 110,
          "sco": 92,
          "dco": 546,
          "txt": "Kujalleq"
        },
        {
          "si": 7,
          "sti": 16,
          "dti": 111,
          "sco": 101,
          "dco": 555,
          "txt": "municipality"
        },
        {
          "si": 7,
          "sti": 17,
          "dti": 112,
          "sco": 113,
          "dco": 567,
          "txt": "."
        },
        {
          "si": 8,
          "sti": 0,
          "dti": 113,
          "sco": 0,
          "dco": 569,
          "txt": "The"
        },
        {
          "si": 8,
          "sti": 1,
          "dti": 114,
          "sco": 4,
          "dco": 573,
          "txt": "design"
        },
        {
          "si": 8,
          "sti": 2,
          "dti": 115,
          "sco": 11,
          "dco": 580,
          "txt": "and"
        },
        {
          "si": 8,
          "sti": 3,
          "dti": 116,
          "sco": 15,
          "dco": 584,
          "txt": "engineering"
        },
        {
          "si": 8,
          "sti": 4,
          "dti": 117,
          "sco": 27,
          "dco": 596,
          "txt": "was"
        },
        {
          "si": 8,
          "sti": 5,
          "dti": 118,
          "sco": 31,
          "dco": 600,
          "txt": "performed"
        },
        {
          "si": 8,
          "sti": 6,
          "dti": 119,
          "sco": 41,
          "dco": 610,
          "txt": "by"
        },
        {
          "si": 8,
          "sti": 7,
          "dti": 120,
          "sco": 44,
          "dco": 613,
          "txt": "Icelandic"
        },
        {
          "si": 8,
          "sti": 8,
          "dti": 121,
          "sco": 54,
          "dco": 623,
          "txt": "companies"
        },
        {
          "si": 8,
          "sti": 9,
          "dti": 122,
          "sco": 64,
          "dco": 633,
          "txt": "Verk"
        },
        {
          "si": 8,
          "sti": 10,
          "dti": 123,
          "sco": 68,
          "dco": 637,
          "txt": "í"
        },
        {
          "si": 8,
          "sti": 11,
          "dti": 124,
          "sco": 69,
          "dco": 638,
          "txt": "s"
        },
        {
          "si": 8,
          "sti": 12,
          "dti": 125,
          "sco": 71,
          "dco": 640,
          "txt": "and"
        },
        {
          "si": 8,
          "sti": 13,
          "dti": 126,
          "sco": 75,
          "dco": 644,
          "txt": "Efla"
        },
        {
          "si": 8,
          "sti": 14,
          "dti": 127,
          "sco": 79,
          "dco": 648,
          "txt": "."
        },
        {
          "si": 9,
          "sti": 0,
          "dti": 128,
          "sco": 0,
          "dco": 650,
          "txt": "Description"
        },
        {
          "si": 9,
          "sti": 1,
          "dti": 129,
          "sco": 11,
          "dco": 661,
          "txt": "."
        },
        {
          "si": 10,
          "sti": 0,
          "dti": 130,
          "sco": 0,
          "dco": 663,
          "txt": "Qorlortorsuaq"
        },
        {
          "si": 10,
          "sti": 1,
          "dti": 131,
          "sco": 14,
          "dco": 677,
          "txt": "Dam"
        },
        {
          "si": 10,
          "sti": 2,
          "dti": 132,
          "sco": 18,
          "dco": 681,
          "txt": "is"
        },
        {
          "si": 10,
          "sti": 3,
          "dti": 133,
          "sco": 21,
          "dco": 684,
          "txt": "a"
        },
        {
          "si": 10,
          "sti": 4,
          "dti": 134,
          "sco": 23,
          "dco": 686,
          "txt": "concrete"
        },
        {
          "si": 10,
          "sti": 5,
          "dti": 135,
          "sco": 32,
          "dco": 695,
          "txt": "gravity"
        },
        {
          "si": 10,
          "sti": 6,
          "dti": 136,
          "sco": 40,
          "dco": 703,
          "txt": "dam"
        },
        {
          "si": 10,
          "sti": 7,
          "dti": 137,
          "sco": 44,
          "dco": 707,
          "txt": "with"
        },
        {
          "si": 10,
          "sti": 8,
          "dti": 138,
          "sco": 49,
          "dco": 712,
          "txt": "height"
        },
        {
          "si": 10,
          "sti": 9,
          "dti": 139,
          "sco": 56,
          "dco": 719,
          "txt": "of"
        },
        {
          "si": 10,
          "sti": 10,
          "dti": 140,
          "sco": 59,
          "dco": 722,
          "txt": "and"
        },
        {
          "si": 10,
          "sti": 11,
          "dti": 141,
          "sco": 63,
          "dco": 726,
          "txt": "crest"
        },
        {
          "si": 10,
          "sti": 12,
          "dti": 142,
          "sco": 69,
          "dco": 732,
          "txt": "length"
        },
        {
          "si": 10,
          "sti": 13,
          "dti": 143,
          "sco": 76,
          "dco": 739,
          "txt": "of"
        },
        {
          "si": 10,
          "sti": 14,
          "dti": 144,
          "sco": 78,
          "dco": 741,
          "txt": "."
        },
        {
          "si": 11,
          "sti": 0,
          "dti": 145,
          "sco": 0,
          "dco": 743,
          "txt": "It"
        },
        {
          "si": 11,
          "sti": 1,
          "dti": 146,
          "sco": 3,
          "dco": 746,
          "txt": "creates"
        },
        {
          "si": 11,
          "sti": 2,
          "dti": 147,
          "sco": 11,
          "dco": 754,
          "txt": "a"
        },
        {
          "si": 11,
          "sti": 3,
          "dti": 148,
          "sco": 13,
          "dco": 756,
          "txt": "reservoir"
        },
        {
          "si": 11,
          "sti": 4,
          "dti": 149,
          "sco": 23,
          "dco": 766,
          "txt": "with"
        },
        {
          "si": 11,
          "sti": 5,
          "dti": 150,
          "sco": 28,
          "dco": 771,
          "txt": "a"
        },
        {
          "si": 11,
          "sti": 6,
          "dti": 151,
          "sco": 30,
          "dco": 773,
          "txt": "capacity"
        },
        {
          "si": 11,
          "sti": 7,
          "dti": 152,
          "sco": 39,
          "dco": 782,
          "txt": "of"
        },
        {
          "si": 11,
          "sti": 8,
          "dti": 153,
          "sco": 42,
          "dco": 785,
          "txt": "108"
        },
        {
          "si": 11,
          "sti": 9,
          "dti": 154,
          "sco": 45,
          "dco": 788,
          "txt": " "
        },
        {
          "si": 11,
          "sti": 10,
          "dti": 155,
          "sco": 46,
          "dco": 789,
          "txt": "million"
        },
        {
          "si": 11,
          "sti": 11,
          "dti": 156,
          "sco": 54,
          "dco": 797,
          "txt": "cubic"
        },
        {
          "si": 11,
          "sti": 12,
          "dti": 157,
          "sco": 60,
          "dco": 803,
          "txt": "meters"
        },
        {
          "si": 11,
          "sti": 13,
          "dti": 158,
          "sco": 66,
          "dco": 809,
          "txt": "."
        },
        {
          "si": 12,
          "sti": 0,
          "dti": 159,
          "sco": 0,
          "dco": 811,
          "txt": "Its"
        },
        {
          "si": 12,
          "sti": 1,
          "dti": 160,
          "sco": 4,
          "dco": 815,
          "txt": "tunnel"
        },
        {
          "si": 12,
          "sti": 2,
          "dti": 161,
          "sco": 11,
          "dco": 822,
          "txt": "length"
        },
        {
          "si": 12,
          "sti": 3,
          "dti": 162,
          "sco": 18,
          "dco": 829,
          "txt": "is"
        },
        {
          "si": 12,
          "sti": 4,
          "dti": 163,
          "sco": 21,
          "dco": 832,
          "txt": "and"
        },
        {
          "si": 12,
          "sti": 5,
          "dti": 164,
          "sco": 25,
          "dco": 836,
          "txt": "pressure"
        },
        {
          "si": 12,
          "sti": 6,
          "dti": 165,
          "sco": 34,
          "dco": 845,
          "txt": "pipe"
        },
        {
          "si": 12,
          "sti": 7,
          "dti": 166,
          "sco": 39,
          "dco": 850,
          "txt": "is"
        },
        {
          "si": 12,
          "sti": 8,
          "dti": 167,
          "sco": 41,
          "dco": 852,
          "txt": "."
        },
        {
          "si": 13,
          "sti": 0,
          "dti": 168,
          "sco": 0,
          "dco": 854,
          "txt": "The"
        },
        {
          "si": 13,
          "sti": 1,
          "dti": 169,
          "sco": 4,
          "dco": 858,
          "txt": "flow"
        },
        {
          "si": 13,
          "sti": 2,
          "dti": 170,
          "sco": 9,
          "dco": 863,
          "txt": "rate"
        },
        {
          "si": 13,
          "sti": 3,
          "dti": 171,
          "sco": 14,
          "dco": 868,
          "txt": "is"
        },
        {
          "si": 13,
          "sti": 4,
          "dti": 172,
          "sco": 16,
          "dco": 870,
          "txt": "."
        },
        {
          "si": 14,
          "sti": 0,
          "dti": 173,
          "sco": 0,
          "dco": 872,
          "txt": "The"
        },
        {
          "si": 14,
          "sti": 1,
          "dti": 174,
          "sco": 4,
          "dco": 876,
          "txt": "power"
        },
        {
          "si": 14,
          "sti": 2,
          "dti": 175,
          "sco": 10,
          "dco": 882,
          "txt": "plant"
        },
        {
          "si": 14,
          "sti": 3,
          "dti": 176,
          "sco": 16,
          "dco": 888,
          "txt": "as"
        },
        {
          "si": 14,
          "sti": 4,
          "dti": 177,
          "sco": 19,
          "dco": 891,
          "txt": "two"
        },
        {
          "si": 14,
          "sti": 5,
          "dti": 178,
          "sco": 23,
          "dco": 895,
          "txt": "horizontal"
        },
        {
          "si": 14,
          "sti": 6,
          "dti": 179,
          "sco": 34,
          "dco": 906,
          "txt": "axis"
        },
        {
          "si": 14,
          "sti": 7,
          "dti": 180,
          "sco": 39,
          "dco": 911,
          "txt": "Francis"
        },
        {
          "si": 14,
          "sti": 8,
          "dti": 181,
          "sco": 47,
          "dco": 919,
          "txt": "turbines"
        },
        {
          "si": 14,
          "sti": 9,
          "dti": 182,
          "sco": 56,
          "dco": 928,
          "txt": "manufactured"
        },
        {
          "si": 14,
          "sti": 10,
          "dti": 183,
          "sco": 69,
          "dco": 941,
          "txt": "by"
        },
        {
          "si": 14,
          "sti": 11,
          "dti": 184,
          "sco": 72,
          "dco": 944,
          "txt": "K"
        },
        {
          "si": 14,
          "sti": 12,
          "dti": 185,
          "sco": 73,
          "dco": 945,
          "txt": "ö"
        },
        {
          "si": 14,
          "sti": 13,
          "dti": 186,
          "sco": 74,
          "dco": 946,
          "txt": "ssler"
        },
        {
          "si": 14,
          "sti": 14,
          "dti": 187,
          "sco": 80,
          "dco": 952,
          "txt": "with"
        },
        {
          "si": 14,
          "sti": 15,
          "dti": 188,
          "sco": 85,
          "dco": 957,
          "txt": "a"
        },
        {
          "si": 14,
          "sti": 16,
          "dti": 189,
          "sco": 87,
          "dco": 959,
          "txt": "total"
        },
        {
          "si": 14,
          "sti": 17,
          "dti": 190,
          "sco": 93,
          "dco": 965,
          "txt": "installed"
        },
        {
          "si": 14,
          "sti": 18,
          "dti": 191,
          "sco": 103,
          "dco": 975,
          "txt": "capacity"
        },
        {
          "si": 14,
          "sti": 19,
          "dti": 192,
          "sco": 112,
          "dco": 984,
          "txt": "of"
        },
        {
          "si": 14,
          "sti": 20,
          "dti": 193,
          "sco": 115,
          "dco": 987,
          "txt": "7"
        },
        {
          "si": 14,
          "sti": 21,
          "dti": 194,
          "sco": 116,
          "dco": 988,
          "txt": "."
        },
        {
          "si": 14,
          "sti": 22,
          "dti": 195,
          "sco": 117,
          "dco": 989,
          "txt": "6"
        },
        {
          "si": 14,
          "sti": 23,
          "dti": 196,
          "sco": 118,
          "dco": 990,
          "txt": " "
        },
        {
          "si": 14,
          "sti": 24,
          "dti": 197,
          "sco": 119,
          "dco": 991,
          "txt": "MW"
        },
        {
          "si": 14,
          "sti": 25,
          "dti": 198,
          "sco": 121,
          "dco": 993,
          "txt": "."
        },
        {
          "si": 15,
          "sti": 0,
          "dti": 199,
          "sco": 0,
          "dco": 995,
          "txt": "Its"
        },
        {
          "si": 15,
          "sti": 1,
          "dti": 200,
          "sco": 4,
          "dco": 999,
          "txt": "annual"
        },
        {
          "si": 15,
          "sti": 2,
          "dti": 201,
          "sco": 11,
          "dco": 1006,
          "txt": "generation"
        },
        {
          "si": 15,
          "sti": 3,
          "dti": 202,
          "sco": 22,
          "dco": 1017,
          "txt": "is"
        },
        {
          "si": 15,
          "sti": 4,
          "dti": 203,
          "sco": 25,
          "dco": 1020,
          "txt": "27"
        },
        {
          "si": 15,
          "sti": 5,
          "dti": 204,
          "sco": 27,
          "dco": 1022,
          "txt": " "
        },
        {
          "si": 15,
          "sti": 6,
          "dti": 205,
          "sco": 28,
          "dco": 1023,
          "txt": "GWh"
        },
        {
          "si": 15,
          "sti": 7,
          "dti": 206,
          "sco": 31,
          "dco": 1026,
          "txt": "."
        },
        {
          "si": 16,
          "sti": 0,
          "dti": 207,
          "sco": 0,
          "dco": 1028,
          "txt": "A"
        },
        {
          "si": 16,
          "sti": 1,
          "dti": 208,
          "sco": 2,
          "dco": 1030,
          "txt": "crew"
        },
        {
          "si": 16,
          "sti": 2,
          "dti": 209,
          "sco": 7,
          "dco": 1035,
          "txt": "of"
        },
        {
          "si": 16,
          "sti": 3,
          "dti": 210,
          "sco": 10,
          "dco": 1038,
          "txt": "four"
        },
        {
          "si": 16,
          "sti": 4,
          "dti": 211,
          "sco": 15,
          "dco": 1043,
          "txt": "maintains"
        },
        {
          "si": 16,
          "sti": 5,
          "dti": 212,
          "sco": 25,
          "dco": 1053,
          "txt": "the"
        },
        {
          "si": 16,
          "sti": 6,
          "dti": 213,
          "sco": 29,
          "dco": 1057,
          "txt": "power"
        },
        {
          "si": 16,
          "sti": 7,
          "dti": 214,
          "sco": 35,
          "dco": 1063,
          "txt": "plant"
        },
        {
          "si": 16,
          "sti": 8,
          "dti": 215,
          "sco": 40,
          "dco": 1068,
          "txt": "."
        },
        {
          "si": 17,
          "sti": 0,
          "dti": 216,
          "sco": 0,
          "dco": 1070,
          "txt": "Together"
        },
        {
          "si": 17,
          "sti": 1,
          "dti": 217,
          "sco": 9,
          "dco": 1079,
          "txt": "with"
        },
        {
          "si": 17,
          "sti": 2,
          "dti": 218,
          "sco": 14,
          "dco": 1084,
          "txt": "the"
        },
        {
          "si": 17,
          "sti": 3,
          "dti": 219,
          "sco": 18,
          "dco": 1088,
          "txt": "power"
        },
        {
          "si": 17,
          "sti": 4,
          "dti": 220,
          "sco": 24,
          "dco": 1094,
          "txt": "plant"
        },
        {
          "si": 17,
          "sti": 5,
          "dti": 221,
          "sco": 30,
          "dco": 1100,
          "txt": "a"
        },
        {
          "si": 17,
          "sti": 6,
          "dti": 222,
          "sco": 32,
          "dco": 1102,
          "txt": "long"
        },
        {
          "si": 17,
          "sti": 7,
          "dti": 223,
          "sco": 37,
          "dco": 1107,
          "txt": "high"
        },
        {
          "si": 17,
          "sti": 8,
          "dti": 224,
          "sco": 42,
          "dco": 1112,
          "txt": "voltage"
        },
        {
          "si": 17,
          "sti": 9,
          "dti": 225,
          "sco": 50,
          "dco": 1120,
          "txt": "("
        },
        {
          "si": 17,
          "sti": 10,
          "dti": 226,
          "sco": 51,
          "dco": 1121,
          "txt": "70"
        },
        {
          "si": 17,
          "sti": 11,
          "dti": 227,
          "sco": 53,
          "dco": 1123,
          "txt": " "
        },
        {
          "si": 17,
          "sti": 12,
          "dti": 228,
          "sco": 54,
          "dco": 1124,
          "txt": "kV"
        },
        {
          "si": 17,
          "sti": 13,
          "dti": 229,
          "sco": 56,
          "dco": 1126,
          "txt": ")"
        },
        {
          "si": 17,
          "sti": 14,
          "dti": 230,
          "sco": 58,
          "dco": 1128,
          "txt": "line"
        },
        {
          "si": 17,
          "sti": 15,
          "dti": 231,
          "sco": 63,
          "dco": 1133,
          "txt": "to"
        },
        {
          "si": 17,
          "sti": 16,
          "dti": 232,
          "sco": 66,
          "dco": 1136,
          "txt": "Qaqortoq"
        },
        {
          "si": 17,
          "sti": 17,
          "dti": 233,
          "sco": 75,
          "dco": 1145,
          "txt": "and"
        },
        {
          "si": 17,
          "sti": 18,
          "dti": 234,
          "sco": 79,
          "dco": 1149,
          "txt": "Narsaq"
        },
        {
          "si": 17,
          "sti": 19,
          "dti": 235,
          "sco": 86,
          "dco": 1156,
          "txt": "was"
        },
        {
          "si": 17,
          "sti": 20,
          "dti": 236,
          "sco": 90,
          "dco": 1160,
          "txt": "erected"
        },
        {
          "si": 17,
          "sti": 21,
          "dti": 237,
          "sco": 97,
          "dco": 1167,
          "txt": "."
        },
        {
          "si": 18,
          "sti": 0,
          "dti": 238,
          "sco": 0,
          "dco": 1169,
          "txt": "It"
        },
        {
          "si": 18,
          "sti": 1,
          "dti": 239,
          "sco": 3,
          "dco": 1172,
          "txt": "passes"
        },
        {
          "si": 18,
          "sti": 2,
          "dti": 240,
          "sco": 10,
          "dco": 1179,
          "txt": "the"
        },
        {
          "si": 18,
          "sti": 3,
          "dti": 241,
          "sco": 14,
          "dco": 1183,
          "txt": "Igaliko"
        },
        {
          "si": 18,
          "sti": 4,
          "dti": 242,
          "sco": 22,
          "dco": 1191,
          "txt": "Fjord"
        },
        {
          "si": 18,
          "sti": 5,
          "dti": 243,
          "sco": 27,
          "dco": 1196,
          "txt": ","
        },
        {
          "si": 18,
          "sti": 6,
          "dti": 244,
          "sco": 29,
          "dco": 1198,
          "txt": "a"
        },
        {
          "si": 18,
          "sti": 7,
          "dti": 245,
          "sco": 31,
          "dco": 1200,
          "txt": "more"
        },
        {
          "si": 18,
          "sti": 8,
          "dti": 246,
          "sco": 36,
          "dco": 1205,
          "txt": "than"
        },
        {
          "si": 18,
          "sti": 9,
          "dti": 247,
          "sco": 41,
          "dco": 1210,
          "txt": "2"
        },
        {
          "si": 18,
          "sti": 10,
          "dti": 248,
          "sco": 42,
          "dco": 1211,
          "txt": " "
        },
        {
          "si": 18,
          "sti": 11,
          "dti": 249,
          "sco": 43,
          "dco": 1212,
          "txt": "km"
        },
        {
          "si": 18,
          "sti": 12,
          "dti": 250,
          "sco": 46,
          "dco": 1215,
          "txt": "long"
        },
        {
          "si": 18,
          "sti": 13,
          "dti": 251,
          "sco": 51,
          "dco": 1220,
          "txt": "span"
        },
        {
          "si": 18,
          "sti": 14,
          "dti": 252,
          "sco": 55,
          "dco": 1224,
          "txt": ","
        },
        {
          "si": 18,
          "sti": 15,
          "dti": 253,
          "sco": 57,
          "dco": 1226,
          "txt": "approximate"
        },
        {
          "si": 18,
          "sti": 16,
          "dti": 254,
          "sco": 69,
          "dco": 1238,
          "txt": "between"
        },
        {
          "si": 18,
          "sti": 17,
          "dti": 255,
          "sco": 77,
          "dco": 1246,
          "txt": "these"
        },
        {
          "si": 18,
          "sti": 18,
          "dti": 256,
          "sco": 83,
          "dco": 1252,
          "txt": "two"
        },
        {
          "si": 18,
          "sti": 19,
          "dti": 257,
          "sco": 87,
          "dco": 1256,
          "txt": "pylons"
        },
        {
          "si": 18,
          "sti": 20,
          "dti": 258,
          "sco": 93,
          "dco": 1262,
          "txt": ":"
        },
        {
          "si": 18,
          "sti": 21,
          "dti": 259,
          "sco": 95,
          "dco": 1264,
          "txt": "and"
        },
        {
          "si": 18,
          "sti": 22,
          "dti": 260,
          "sco": 98,
          "dco": 1267,
          "txt": "."
        },
        {
          "si": 19,
          "sti": 0,
          "dti": 261,
          "sco": 0,
          "dco": 1269,
          "txt": "Green"
        },
        {
          "si": 19,
          "sti": 1,
          "dti": 262,
          "sco": 6,
          "dco": 1275,
          "txt": "Power"
        },
        {
          "si": 19,
          "sti": 2,
          "dti": 263,
          "sco": 12,
          "dco": 1281,
          "txt": "program"
        },
        {
          "si": 19,
          "sti": 3,
          "dti": 264,
          "sco": 19,
          "dco": 1288,
          "txt": "."
        },
        {
          "si": 20,
          "sti": 0,
          "dti": 265,
          "sco": 0,
          "dco": 1290,
          "txt": "The"
        },
        {
          "si": 20,
          "sti": 1,
          "dti": 266,
          "sco": 4,
          "dco": 1294,
          "txt": "hydropower"
        },
        {
          "si": 20,
          "sti": 2,
          "dti": 267,
          "sco": 15,
          "dco": 1305,
          "txt": "plant"
        },
        {
          "si": 20,
          "sti": 3,
          "dti": 268,
          "sco": 21,
          "dco": 1311,
          "txt": "is"
        },
        {
          "si": 20,
          "sti": 4,
          "dti": 269,
          "sco": 24,
          "dco": 1314,
          "txt": "part"
        },
        {
          "si": 20,
          "sti": 5,
          "dti": 270,
          "sco": 29,
          "dco": 1319,
          "txt": "of"
        },
        {
          "si": 20,
          "sti": 6,
          "dti": 271,
          "sco": 32,
          "dco": 1322,
          "txt": "the"
        },
        {
          "si": 20,
          "sti": 7,
          "dti": 272,
          "sco": 36,
          "dco": 1326,
          "txt": "plan"
        },
        {
          "si": 20,
          "sti": 8,
          "dti": 273,
          "sco": 41,
          "dco": 1331,
          "txt": "of"
        },
        {
          "si": 20,
          "sti": 9,
          "dti": 274,
          "sco": 44,
          "dco": 1334,
          "txt": "the"
        },
        {
          "si": 20,
          "sti": 10,
          "dti": 275,
          "sco": 48,
          "dco": 1338,
          "txt": "Greenland"
        },
        {
          "si": 20,
          "sti": 11,
          "dti": 276,
          "sco": 58,
          "dco": 1348,
          "txt": "Home"
        },
        {
          "si": 20,
          "sti": 12,
          "dti": 277,
          "sco": 63,
          "dco": 1353,
          "txt": "Rule"
        },
        {
          "si": 20,
          "sti": 13,
          "dti": 278,
          "sco": 68,
          "dco": 1358,
          "txt": "government"
        },
        {
          "si": 20,
          "sti": 14,
          "dti": 279,
          "sco": 79,
          "dco": 1369,
          "txt": "to"
        },
        {
          "si": 20,
          "sti": 15,
          "dti": 280,
          "sco": 82,
          "dco": 1372,
          "txt": "replace"
        },
        {
          "si": 20,
          "sti": 16,
          "dti": 281,
          "sco": 90,
          "dco": 1380,
          "txt": "fossil"
        },
        {
          "si": 20,
          "sti": 17,
          "dti": 282,
          "sco": 97,
          "dco": 1387,
          "txt": "fuelled"
        },
        {
          "si": 20,
          "sti": 18,
          "dti": 283,
          "sco": 105,
          "dco": 1395,
          "txt": "energy"
        },
        {
          "si": 20,
          "sti": 19,
          "dti": 284,
          "sco": 112,
          "dco": 1402,
          "txt": "production"
        },
        {
          "si": 20,
          "sti": 20,
          "dti": 285,
          "sco": 123,
          "dco": 1413,
          "txt": "and"
        },
        {
          "si": 20,
          "sti": 21,
          "dti": 286,
          "sco": 127,
          "dco": 1417,
          "txt": "storage"
        },
        {
          "si": 20,
          "sti": 22,
          "dti": 287,
          "sco": 135,
          "dco": 1425,
          "txt": "with"
        },
        {
          "si": 20,
          "sti": 23,
          "dti": 288,
          "sco": 140,
          "dco": 1430,
          "txt": "sustainable"
        },
        {
          "si": 20,
          "sti": 24,
          "dti": 289,
          "sco": 152,
          "dco": 1442,
          "txt": "power"
        },
        {
          "si": 20,
          "sti": 25,
          "dti": 290,
          "sco": 158,
          "dco": 1448,
          "txt": "production"
        },
        {
          "si": 20,
          "sti": 26,
          "dti": 291,
          "sco": 168,
          "dco": 1458,
          "txt": "."
        }
      ]
    },
    "ganns": {
      "dla": [],
      "la": [],
      "ea": [],
      "eta": [
        {
          "ra": {
            "ea": {
              "etn": "Qorlortorsuaq_Dam"
            }
          },
          "sfs": [
            [
              {
                "stn": "status"
              },
              {}
            ]
          ],
          "mfs": [
            [
              {
                "stn": "rivers"
              },
              {
                "dla": [],
                "la": [],
                "ea": [],
                "eta": []
              }
            ],
            [
              {
                "stn": "locations"
              },
              {
                "dla": [],
                "la": [],
                "ea": [],
                "eta": []
              }
            ],
            [
              {
                "stn": "openingYears"
              },
              {
                "dla": [
                  {
                    "txt": {
                      "sff": "2007"
                    },
                    "et": {
                      "etn": "Year"
                    },
                    "dp": {
                      "off": 359
                    }
                  }
                ],
                "la": [],
                "ea": [],
                "eta": []
              }
            ],
            [
              {
                "stn": "buildingStartYears"
              },
              {
                "dla": [
                  {
                    "txt": {
                      "sff": "2003"
                    },
                    "et": {
                      "etn": "Year"
                    },
                    "dp": {
                      "off": 325
                    }
                  }
                ],
                "la": [],
                "ea": [],
                "eta": []
              }
            ],
            [
              {
                "stn": "countries"
              },
              {
                "dla": [],
                "la": [],
                "ea": [
                  {
                    "etn": "Greenland"
                  }
                ],
                "eta": []
              }
            ]
          ]
        }
      ]
    }
  }
]
