[
  {
    "context": "DEVELOPMENT",
    "doc": {
      "id": "Roselend_Dam",
      "tl": [
        {
          "si": 0,
          "sti": 0,
          "dti": 0,
          "sco": 0,
          "dco": 0,
          "txt": "Roselend"
        },
        {
          "si": 0,
          "sti": 1,
          "dti": 1,
          "sco": 9,
          "dco": 9,
          "txt": "Dam"
        },
        {
          "si": 0,
          "sti": 2,
          "dti": 2,
          "sco": 12,
          "dco": 12,
          "txt": "."
        },
        {
          "si": 1,
          "sti": 0,
          "dti": 3,
          "sco": 0,
          "dco": 14,
          "txt": "The"
        },
        {
          "si": 1,
          "sti": 1,
          "dti": 4,
          "sco": 4,
          "dco": 18,
          "txt": "Roselend"
        },
        {
          "si": 1,
          "sti": 2,
          "dti": 5,
          "sco": 13,
          "dco": 27,
          "txt": "Dam"
        },
        {
          "si": 1,
          "sti": 3,
          "dti": 6,
          "sco": 17,
          "dco": 31,
          "txt": "is"
        },
        {
          "si": 1,
          "sti": 4,
          "dti": 7,
          "sco": 20,
          "dco": 34,
          "txt": "an"
        },
        {
          "si": 1,
          "sti": 5,
          "dti": 8,
          "sco": 23,
          "dco": 37,
          "txt": "arch"
        },
        {
          "si": 1,
          "sti": 6,
          "dti": 9,
          "sco": 27,
          "dco": 41,
          "txt": "-"
        },
        {
          "si": 1,
          "sti": 7,
          "dti": 10,
          "sco": 28,
          "dco": 42,
          "txt": "buttress"
        },
        {
          "si": 1,
          "sti": 8,
          "dti": 11,
          "sco": 37,
          "dco": 51,
          "txt": "dam"
        },
        {
          "si": 1,
          "sti": 9,
          "dti": 12,
          "sco": 41,
          "dco": 55,
          "txt": "located"
        },
        {
          "si": 1,
          "sti": 10,
          "dti": 13,
          "sco": 49,
          "dco": 63,
          "txt": "east"
        },
        {
          "si": 1,
          "sti": 11,
          "dti": 14,
          "sco": 54,
          "dco": 68,
          "txt": "of"
        },
        {
          "si": 1,
          "sti": 12,
          "dti": 15,
          "sco": 57,
          "dco": 71,
          "txt": "Beaufort"
        },
        {
          "si": 1,
          "sti": 13,
          "dti": 16,
          "sco": 66,
          "dco": 80,
          "txt": "in"
        },
        {
          "si": 1,
          "sti": 14,
          "dti": 17,
          "sco": 69,
          "dco": 83,
          "txt": "the"
        },
        {
          "si": 1,
          "sti": 15,
          "dti": 18,
          "sco": 73,
          "dco": 87,
          "txt": "Savoie"
        },
        {
          "si": 1,
          "sti": 16,
          "dti": 19,
          "sco": 80,
          "dco": 94,
          "txt": "department"
        },
        {
          "si": 1,
          "sti": 17,
          "dti": 20,
          "sco": 91,
          "dco": 105,
          "txt": "of"
        },
        {
          "si": 1,
          "sti": 18,
          "dti": 21,
          "sco": 94,
          "dco": 108,
          "txt": "the"
        },
        {
          "si": 1,
          "sti": 19,
          "dti": 22,
          "sco": 98,
          "dco": 112,
          "txt": "Rh"
        },
        {
          "si": 1,
          "sti": 20,
          "dti": 23,
          "sco": 100,
          "dco": 114,
          "txt": "ô"
        },
        {
          "si": 1,
          "sti": 21,
          "dti": 24,
          "sco": 101,
          "dco": 115,
          "txt": "ne"
        },
        {
          "si": 1,
          "sti": 22,
          "dti": 25,
          "sco": 103,
          "dco": 117,
          "txt": "-"
        },
        {
          "si": 1,
          "sti": 23,
          "dti": 26,
          "sco": 104,
          "dco": 118,
          "txt": "Alpes"
        },
        {
          "si": 1,
          "sti": 24,
          "dti": 27,
          "sco": 110,
          "dco": 124,
          "txt": "region"
        },
        {
          "si": 1,
          "sti": 25,
          "dti": 28,
          "sco": 117,
          "dco": 131,
          "txt": "in"
        },
        {
          "si": 1,
          "sti": 26,
          "dti": 29,
          "sco": 120,
          "dco": 134,
          "txt": "south"
        },
        {
          "si": 1,
          "sti": 27,
          "dti": 30,
          "sco": 125,
          "dco": 139,
          "txt": "-"
        },
        {
          "si": 1,
          "sti": 28,
          "dti": 31,
          "sco": 126,
          "dco": 140,
          "txt": "eastern"
        },
        {
          "si": 1,
          "sti": 29,
          "dti": 32,
          "sco": 134,
          "dco": 148,
          "txt": "France"
        },
        {
          "si": 1,
          "sti": 30,
          "dti": 33,
          "sco": 140,
          "dco": 154,
          "txt": "."
        },
        {
          "si": 2,
          "sti": 0,
          "dti": 34,
          "sco": 0,
          "dco": 156,
          "txt": "It"
        },
        {
          "si": 2,
          "sti": 1,
          "dti": 35,
          "sco": 3,
          "dco": 159,
          "txt": "is"
        },
        {
          "si": 2,
          "sti": 2,
          "dti": 36,
          "sco": 6,
          "dco": 162,
          "txt": "located"
        },
        {
          "si": 2,
          "sti": 3,
          "dti": 37,
          "sco": 14,
          "dco": 170,
          "txt": "just"
        },
        {
          "si": 2,
          "sti": 4,
          "dti": 38,
          "sco": 19,
          "dco": 175,
          "txt": "west"
        },
        {
          "si": 2,
          "sti": 5,
          "dti": 39,
          "sco": 24,
          "dco": 180,
          "txt": "and"
        },
        {
          "si": 2,
          "sti": 6,
          "dti": 40,
          "sco": 28,
          "dco": 184,
          "txt": "below"
        },
        {
          "si": 2,
          "sti": 7,
          "dti": 41,
          "sco": 34,
          "dco": 190,
          "txt": "the"
        },
        {
          "si": 2,
          "sti": 8,
          "dti": 42,
          "sco": 38,
          "dco": 194,
          "txt": "Cormet"
        },
        {
          "si": 2,
          "sti": 9,
          "dti": 43,
          "sco": 45,
          "dco": 201,
          "txt": "de"
        },
        {
          "si": 2,
          "sti": 10,
          "dti": 44,
          "sco": 48,
          "dco": 204,
          "txt": "Roselend"
        },
        {
          "si": 2,
          "sti": 11,
          "dti": 45,
          "sco": 57,
          "dco": 213,
          "txt": "mountain"
        },
        {
          "si": 2,
          "sti": 12,
          "dti": 46,
          "sco": 66,
          "dco": 222,
          "txt": "pass"
        },
        {
          "si": 2,
          "sti": 13,
          "dti": 47,
          "sco": 70,
          "dco": 226,
          "txt": "."
        },
        {
          "si": 3,
          "sti": 0,
          "dti": 48,
          "sco": 0,
          "dco": 228,
          "txt": "The"
        },
        {
          "si": 3,
          "sti": 1,
          "dti": 49,
          "sco": 4,
          "dco": 232,
          "txt": "dam"
        },
        {
          "si": 3,
          "sti": 2,
          "dti": 50,
          "sco": 8,
          "dco": 236,
          "txt": "was"
        },
        {
          "si": 3,
          "sti": 3,
          "dti": 51,
          "sco": 12,
          "dco": 240,
          "txt": "designed"
        },
        {
          "si": 3,
          "sti": 4,
          "dti": 52,
          "sco": 21,
          "dco": 249,
          "txt": "by"
        },
        {
          "si": 3,
          "sti": 5,
          "dti": 53,
          "sco": 24,
          "dco": 252,
          "txt": "Coyne"
        },
        {
          "si": 3,
          "sti": 6,
          "dti": 54,
          "sco": 30,
          "dco": 258,
          "txt": "et"
        },
        {
          "si": 3,
          "sti": 7,
          "dti": 55,
          "sco": 33,
          "dco": 261,
          "txt": "Bellier"
        },
        {
          "si": 3,
          "sti": 8,
          "dti": 56,
          "sco": 41,
          "dco": 269,
          "txt": "and"
        },
        {
          "si": 3,
          "sti": 9,
          "dti": 57,
          "sco": 45,
          "dco": 273,
          "txt": "construction"
        },
        {
          "si": 3,
          "sti": 10,
          "dti": 58,
          "sco": 58,
          "dco": 286,
          "txt": "began"
        },
        {
          "si": 3,
          "sti": 11,
          "dti": 59,
          "sco": 64,
          "dco": 292,
          "txt": "in"
        },
        {
          "si": 3,
          "sti": 12,
          "dti": 60,
          "sco": 67,
          "dco": 295,
          "txt": "1955"
        },
        {
          "si": 3,
          "sti": 13,
          "dti": 61,
          "sco": 71,
          "dco": 299,
          "txt": "."
        },
        {
          "si": 4,
          "sti": 0,
          "dti": 62,
          "sco": 0,
          "dco": 301,
          "txt": "The"
        },
        {
          "si": 4,
          "sti": 1,
          "dti": 63,
          "sco": 4,
          "dco": 305,
          "txt": "reservoir"
        },
        {
          "si": 4,
          "sti": 2,
          "dti": 64,
          "sco": 14,
          "dco": 315,
          "txt": "began"
        },
        {
          "si": 4,
          "sti": 3,
          "dti": 65,
          "sco": 20,
          "dco": 321,
          "txt": "to"
        },
        {
          "si": 4,
          "sti": 4,
          "dti": 66,
          "sco": 23,
          "dco": 324,
          "txt": "fill"
        },
        {
          "si": 4,
          "sti": 5,
          "dti": 67,
          "sco": 28,
          "dco": 329,
          "txt": "in"
        },
        {
          "si": 4,
          "sti": 6,
          "dti": 68,
          "sco": 31,
          "dco": 332,
          "txt": "1960"
        },
        {
          "si": 4,
          "sti": 7,
          "dti": 69,
          "sco": 35,
          "dco": 336,
          "txt": ","
        },
        {
          "si": 4,
          "sti": 8,
          "dti": 70,
          "sco": 37,
          "dco": 338,
          "txt": "the"
        },
        {
          "si": 4,
          "sti": 9,
          "dti": 71,
          "sco": 41,
          "dco": 342,
          "txt": "power"
        },
        {
          "si": 4,
          "sti": 10,
          "dti": 72,
          "sco": 47,
          "dco": 348,
          "txt": "station"
        },
        {
          "si": 4,
          "sti": 11,
          "dti": 73,
          "sco": 55,
          "dco": 356,
          "txt": "was"
        },
        {
          "si": 4,
          "sti": 12,
          "dti": 74,
          "sco": 59,
          "dco": 360,
          "txt": "operational"
        },
        {
          "si": 4,
          "sti": 13,
          "dti": 75,
          "sco": 71,
          "dco": 372,
          "txt": "in"
        },
        {
          "si": 4,
          "sti": 14,
          "dti": 76,
          "sco": 74,
          "dco": 375,
          "txt": "1961"
        },
        {
          "si": 4,
          "sti": 15,
          "dti": 77,
          "sco": 79,
          "dco": 380,
          "txt": "and"
        },
        {
          "si": 4,
          "sti": 16,
          "dti": 78,
          "sco": 83,
          "dco": 384,
          "txt": "the"
        },
        {
          "si": 4,
          "sti": 17,
          "dti": 79,
          "sco": 87,
          "dco": 388,
          "txt": "dam"
        },
        {
          "si": 4,
          "sti": 18,
          "dti": 80,
          "sco": 91,
          "dco": 392,
          "txt": "complete"
        },
        {
          "si": 4,
          "sti": 19,
          "dti": 81,
          "sco": 100,
          "dco": 401,
          "txt": "in"
        },
        {
          "si": 4,
          "sti": 20,
          "dti": 82,
          "sco": 103,
          "dco": 404,
          "txt": "1962"
        },
        {
          "si": 4,
          "sti": 21,
          "dti": 83,
          "sco": 107,
          "dco": 408,
          "txt": "."
        },
        {
          "si": 5,
          "sti": 0,
          "dti": 84,
          "sco": 0,
          "dco": 410,
          "txt": "It"
        },
        {
          "si": 5,
          "sti": 1,
          "dti": 85,
          "sco": 3,
          "dco": 413,
          "txt": "was"
        },
        {
          "si": 5,
          "sti": 2,
          "dti": 86,
          "sco": 7,
          "dco": 417,
          "txt": "constructed"
        },
        {
          "si": 5,
          "sti": 3,
          "dti": 87,
          "sco": 19,
          "dco": 429,
          "txt": "for"
        },
        {
          "si": 5,
          "sti": 4,
          "dti": 88,
          "sco": 23,
          "dco": 433,
          "txt": "the"
        },
        {
          "si": 5,
          "sti": 5,
          "dti": 89,
          "sco": 27,
          "dco": 437,
          "txt": "primary"
        },
        {
          "si": 5,
          "sti": 6,
          "dti": 90,
          "sco": 35,
          "dco": 445,
          "txt": "purpose"
        },
        {
          "si": 5,
          "sti": 7,
          "dti": 91,
          "sco": 43,
          "dco": 453,
          "txt": "of"
        },
        {
          "si": 5,
          "sti": 8,
          "dti": 92,
          "sco": 46,
          "dco": 456,
          "txt": "hydroelectric"
        },
        {
          "si": 5,
          "sti": 9,
          "dti": 93,
          "sco": 60,
          "dco": 470,
          "txt": "power"
        },
        {
          "si": 5,
          "sti": 10,
          "dti": 94,
          "sco": 66,
          "dco": 476,
          "txt": "generation"
        },
        {
          "si": 5,
          "sti": 11,
          "dti": 95,
          "sco": 77,
          "dco": 487,
          "txt": "and"
        },
        {
          "si": 5,
          "sti": 12,
          "dti": 96,
          "sco": 81,
          "dco": 491,
          "txt": "supports"
        },
        {
          "si": 5,
          "sti": 13,
          "dti": 97,
          "sco": 90,
          "dco": 500,
          "txt": "the"
        },
        {
          "si": 5,
          "sti": 14,
          "dti": 98,
          "sco": 94,
          "dco": 504,
          "txt": "546"
        },
        {
          "si": 5,
          "sti": 15,
          "dti": 99,
          "sco": 98,
          "dco": 508,
          "txt": "MW"
        },
        {
          "si": 5,
          "sti": 16,
          "dti": 100,
          "sco": 101,
          "dco": 511,
          "txt": "La"
        },
        {
          "si": 5,
          "sti": 17,
          "dti": 101,
          "sco": 104,
          "dco": 514,
          "txt": "B"
        },
        {
          "si": 5,
          "sti": 18,
          "dti": 102,
          "sco": 105,
          "dco": 515,
          "txt": "â"
        },
        {
          "si": 5,
          "sti": 19,
          "dti": 103,
          "sco": 106,
          "dco": 516,
          "txt": "thie"
        },
        {
          "si": 5,
          "sti": 20,
          "dti": 104,
          "sco": 111,
          "dco": 521,
          "txt": "Power"
        },
        {
          "si": 5,
          "sti": 21,
          "dti": 105,
          "sco": 117,
          "dco": 527,
          "txt": "Station"
        },
        {
          "si": 5,
          "sti": 22,
          "dti": 106,
          "sco": 124,
          "dco": 534,
          "txt": "."
        },
        {
          "si": 6,
          "sti": 0,
          "dti": 107,
          "sco": 0,
          "dco": 536,
          "txt": "Design"
        },
        {
          "si": 6,
          "sti": 1,
          "dti": 108,
          "sco": 7,
          "dco": 543,
          "txt": "and"
        },
        {
          "si": 6,
          "sti": 2,
          "dti": 109,
          "sco": 11,
          "dco": 547,
          "txt": "operation"
        },
        {
          "si": 6,
          "sti": 3,
          "dti": 110,
          "sco": 20,
          "dco": 556,
          "txt": "."
        },
        {
          "si": 7,
          "sti": 0,
          "dti": 111,
          "sco": 0,
          "dco": 558,
          "txt": "The"
        },
        {
          "si": 7,
          "sti": 1,
          "dti": 112,
          "sco": 4,
          "dco": 562,
          "txt": "dam"
        },
        {
          "si": 7,
          "sti": 2,
          "dti": 113,
          "sco": 8,
          "dco": 566,
          "txt": "has"
        },
        {
          "si": 7,
          "sti": 3,
          "dti": 114,
          "sco": 12,
          "dco": 570,
          "txt": "a"
        },
        {
          "si": 7,
          "sti": 4,
          "dti": 115,
          "sco": 14,
          "dco": 572,
          "txt": "maximum"
        },
        {
          "si": 7,
          "sti": 5,
          "dti": 116,
          "sco": 22,
          "dco": 580,
          "txt": "height"
        },
        {
          "si": 7,
          "sti": 6,
          "dti": 117,
          "sco": 29,
          "dco": 587,
          "txt": "of"
        },
        {
          "si": 7,
          "sti": 7,
          "dti": 118,
          "sco": 32,
          "dco": 590,
          "txt": "and"
        },
        {
          "si": 7,
          "sti": 8,
          "dti": 119,
          "sco": 36,
          "dco": 594,
          "txt": "a"
        },
        {
          "si": 7,
          "sti": 9,
          "dti": 120,
          "sco": 38,
          "dco": 596,
          "txt": "length"
        },
        {
          "si": 7,
          "sti": 10,
          "dti": 121,
          "sco": 45,
          "dco": 603,
          "txt": "of"
        },
        {
          "si": 7,
          "sti": 11,
          "dti": 122,
          "sco": 47,
          "dco": 605,
          "txt": "."
        },
        {
          "si": 8,
          "sti": 0,
          "dti": 123,
          "sco": 0,
          "dco": 607,
          "txt": "It"
        },
        {
          "si": 8,
          "sti": 1,
          "dti": 124,
          "sco": 3,
          "dco": 610,
          "txt": "is"
        },
        {
          "si": 8,
          "sti": 2,
          "dti": 125,
          "sco": 6,
          "dco": 613,
          "txt": "wide"
        },
        {
          "si": 8,
          "sti": 3,
          "dti": 126,
          "sco": 11,
          "dco": 618,
          "txt": "at"
        },
        {
          "si": 8,
          "sti": 4,
          "dti": 127,
          "sco": 14,
          "dco": 621,
          "txt": "its"
        },
        {
          "si": 8,
          "sti": 5,
          "dti": 128,
          "sco": 18,
          "dco": 625,
          "txt": "crest"
        },
        {
          "si": 8,
          "sti": 6,
          "dti": 129,
          "sco": 24,
          "dco": 631,
          "txt": "and"
        },
        {
          "si": 8,
          "sti": 7,
          "dti": 130,
          "sco": 28,
          "dco": 635,
          "txt": "wide"
        },
        {
          "si": 8,
          "sti": 8,
          "dti": 131,
          "sco": 33,
          "dco": 640,
          "txt": "at"
        },
        {
          "si": 8,
          "sti": 9,
          "dti": 132,
          "sco": 36,
          "dco": 643,
          "txt": "its"
        },
        {
          "si": 8,
          "sti": 10,
          "dti": 133,
          "sco": 40,
          "dco": 647,
          "txt": "base"
        },
        {
          "si": 8,
          "sti": 11,
          "dti": 134,
          "sco": 44,
          "dco": 651,
          "txt": "."
        },
        {
          "si": 9,
          "sti": 0,
          "dti": 135,
          "sco": 0,
          "dco": 653,
          "txt": "The"
        },
        {
          "si": 9,
          "sti": 1,
          "dti": 136,
          "sco": 4,
          "dco": 657,
          "txt": "dam"
        },
        {
          "si": 9,
          "sti": 2,
          "dti": 137,
          "sco": 8,
          "dco": 661,
          "txt": "has"
        },
        {
          "si": 9,
          "sti": 3,
          "dti": 138,
          "sco": 12,
          "dco": 665,
          "txt": "a"
        },
        {
          "si": 9,
          "sti": 4,
          "dti": 139,
          "sco": 14,
          "dco": 667,
          "txt": "structural"
        },
        {
          "si": 9,
          "sti": 5,
          "dti": 140,
          "sco": 25,
          "dco": 678,
          "txt": "volume"
        },
        {
          "si": 9,
          "sti": 6,
          "dti": 141,
          "sco": 32,
          "dco": 685,
          "txt": "of"
        },
        {
          "si": 9,
          "sti": 7,
          "dti": 142,
          "sco": 34,
          "dco": 687,
          "txt": "."
        },
        {
          "si": 10,
          "sti": 0,
          "dti": 143,
          "sco": 0,
          "dco": 689,
          "txt": "Its"
        },
        {
          "si": 10,
          "sti": 1,
          "dti": 144,
          "sco": 4,
          "dco": 693,
          "txt": "reservoir"
        },
        {
          "si": 10,
          "sti": 2,
          "dti": 145,
          "sco": 13,
          "dco": 702,
          "txt": ","
        },
        {
          "si": 10,
          "sti": 3,
          "dti": 146,
          "sco": 15,
          "dco": 704,
          "txt": "Lac"
        },
        {
          "si": 10,
          "sti": 4,
          "dti": 147,
          "sco": 19,
          "dco": 708,
          "txt": "de"
        },
        {
          "si": 10,
          "sti": 5,
          "dti": 148,
          "sco": 22,
          "dco": 711,
          "txt": "Roselend"
        },
        {
          "si": 10,
          "sti": 6,
          "dti": 149,
          "sco": 30,
          "dco": 719,
          "txt": ","
        },
        {
          "si": 10,
          "sti": 7,
          "dti": 150,
          "sco": 32,
          "dco": 721,
          "txt": "can"
        },
        {
          "si": 10,
          "sti": 8,
          "dti": 151,
          "sco": 36,
          "dco": 725,
          "txt": "store"
        },
        {
          "si": 10,
          "sti": 9,
          "dti": 152,
          "sco": 42,
          "dco": 731,
          "txt": "of"
        },
        {
          "si": 10,
          "sti": 10,
          "dti": 153,
          "sco": 45,
          "dco": 734,
          "txt": "water"
        },
        {
          "si": 10,
          "sti": 11,
          "dti": 154,
          "sco": 51,
          "dco": 740,
          "txt": "and"
        },
        {
          "si": 10,
          "sti": 12,
          "dti": 155,
          "sco": 55,
          "dco": 744,
          "txt": "has"
        },
        {
          "si": 10,
          "sti": 13,
          "dti": 156,
          "sco": 59,
          "dco": 748,
          "txt": "a"
        },
        {
          "si": 10,
          "sti": 14,
          "dti": 157,
          "sco": 61,
          "dco": 750,
          "txt": "surface"
        },
        {
          "si": 10,
          "sti": 15,
          "dti": 158,
          "sco": 69,
          "dco": 758,
          "txt": "area"
        },
        {
          "si": 10,
          "sti": 16,
          "dti": 159,
          "sco": 74,
          "dco": 763,
          "txt": "of"
        },
        {
          "si": 10,
          "sti": 17,
          "dti": 160,
          "sco": 76,
          "dco": 765,
          "txt": "."
        },
        {
          "si": 11,
          "sti": 0,
          "dti": 161,
          "sco": 0,
          "dco": 767,
          "txt": "Directly"
        },
        {
          "si": 11,
          "sti": 1,
          "dti": 162,
          "sco": 9,
          "dco": 776,
          "txt": "over"
        },
        {
          "si": 11,
          "sti": 2,
          "dti": 163,
          "sco": 14,
          "dco": 781,
          "txt": "the"
        },
        {
          "si": 11,
          "sti": 3,
          "dti": 164,
          "sco": 18,
          "dco": 785,
          "txt": "river"
        },
        {
          "si": 11,
          "sti": 4,
          "dti": 165,
          "sco": 24,
          "dco": 791,
          "txt": "bed"
        },
        {
          "si": 11,
          "sti": 5,
          "dti": 166,
          "sco": 28,
          "dco": 795,
          "txt": "is"
        },
        {
          "si": 11,
          "sti": 6,
          "dti": 167,
          "sco": 31,
          "dco": 798,
          "txt": "the"
        },
        {
          "si": 11,
          "sti": 7,
          "dti": 168,
          "sco": 35,
          "dco": 802,
          "txt": "dam"
        },
        {
          "si": 11,
          "sti": 8,
          "dti": 169,
          "sco": 38,
          "dco": 805,
          "txt": "'"
        },
        {
          "si": 11,
          "sti": 9,
          "dti": 170,
          "sco": 39,
          "dco": 806,
          "txt": "s"
        },
        {
          "si": 11,
          "sti": 10,
          "dti": 171,
          "sco": 41,
          "dco": 808,
          "txt": "concrete"
        },
        {
          "si": 11,
          "sti": 11,
          "dti": 172,
          "sco": 50,
          "dco": 817,
          "txt": "arch"
        },
        {
          "si": 11,
          "sti": 12,
          "dti": 173,
          "sco": 55,
          "dco": 822,
          "txt": "with"
        },
        {
          "si": 11,
          "sti": 13,
          "dti": 174,
          "sco": 60,
          "dco": 827,
          "txt": "a"
        },
        {
          "si": 11,
          "sti": 14,
          "dti": 175,
          "sco": 62,
          "dco": 829,
          "txt": "radius"
        },
        {
          "si": 11,
          "sti": 15,
          "dti": 176,
          "sco": 68,
          "dco": 835,
          "txt": "."
        },
        {
          "si": 12,
          "sti": 0,
          "dti": 177,
          "sco": 0,
          "dco": 837,
          "txt": "Flanking"
        },
        {
          "si": 12,
          "sti": 1,
          "dti": 178,
          "sco": 9,
          "dco": 846,
          "txt": "it"
        },
        {
          "si": 12,
          "sti": 2,
          "dti": 179,
          "sco": 12,
          "dco": 849,
          "txt": "on"
        },
        {
          "si": 12,
          "sti": 3,
          "dti": 180,
          "sco": 15,
          "dco": 852,
          "txt": "either"
        },
        {
          "si": 12,
          "sti": 4,
          "dti": 181,
          "sco": 22,
          "dco": 859,
          "txt": "side"
        },
        {
          "si": 12,
          "sti": 5,
          "dti": 182,
          "sco": 27,
          "dco": 864,
          "txt": "are"
        },
        {
          "si": 12,
          "sti": 6,
          "dti": 183,
          "sco": 31,
          "dco": 868,
          "txt": "concrete"
        },
        {
          "si": 12,
          "sti": 7,
          "dti": 184,
          "sco": 40,
          "dco": 877,
          "txt": "buttresses"
        },
        {
          "si": 12,
          "sti": 8,
          "dti": 185,
          "sco": 51,
          "dco": 888,
          "txt": "supporting"
        },
        {
          "si": 12,
          "sti": 9,
          "dti": 186,
          "sco": 62,
          "dco": 899,
          "txt": "the"
        },
        {
          "si": 12,
          "sti": 10,
          "dti": 187,
          "sco": 66,
          "dco": 903,
          "txt": "dam"
        },
        {
          "si": 12,
          "sti": 11,
          "dti": 188,
          "sco": 70,
          "dco": 907,
          "txt": "wall"
        },
        {
          "si": 12,
          "sti": 12,
          "dti": 189,
          "sco": 74,
          "dco": 911,
          "txt": "."
        },
        {
          "si": 13,
          "sti": 0,
          "dti": 190,
          "sco": 0,
          "dco": 913,
          "txt": "Water"
        },
        {
          "si": 13,
          "sti": 1,
          "dti": 191,
          "sco": 6,
          "dco": 919,
          "txt": "from"
        },
        {
          "si": 13,
          "sti": 2,
          "dti": 192,
          "sco": 11,
          "dco": 924,
          "txt": "the"
        },
        {
          "si": 13,
          "sti": 3,
          "dti": 193,
          "sco": 15,
          "dco": 928,
          "txt": "dam"
        },
        {
          "si": 13,
          "sti": 4,
          "dti": 194,
          "sco": 19,
          "dco": 932,
          "txt": "is"
        },
        {
          "si": 13,
          "sti": 5,
          "dti": 195,
          "sco": 22,
          "dco": 935,
          "txt": "transferred"
        },
        {
          "si": 13,
          "sti": 6,
          "dti": 196,
          "sco": 34,
          "dco": 947,
          "txt": "west"
        },
        {
          "si": 13,
          "sti": 7,
          "dti": 197,
          "sco": 39,
          "dco": 952,
          "txt": "via"
        },
        {
          "si": 13,
          "sti": 8,
          "dti": 198,
          "sco": 43,
          "dco": 956,
          "txt": "a"
        },
        {
          "si": 13,
          "sti": 9,
          "dti": 199,
          "sco": 45,
          "dco": 958,
          "txt": "long"
        },
        {
          "si": 13,
          "sti": 10,
          "dti": 200,
          "sco": 50,
          "dco": 963,
          "txt": "penstock"
        },
        {
          "si": 13,
          "sti": 11,
          "dti": 201,
          "sco": 59,
          "dco": 972,
          "txt": "to"
        },
        {
          "si": 13,
          "sti": 12,
          "dti": 202,
          "sco": 62,
          "dco": 975,
          "txt": "the"
        },
        {
          "si": 13,
          "sti": 13,
          "dti": 203,
          "sco": 66,
          "dco": 979,
          "txt": "underground"
        },
        {
          "si": 13,
          "sti": 14,
          "dti": 204,
          "sco": 78,
          "dco": 991,
          "txt": "power"
        },
        {
          "si": 13,
          "sti": 15,
          "dti": 205,
          "sco": 84,
          "dco": 997,
          "txt": "station"
        },
        {
          "si": 13,
          "sti": 16,
          "dti": 206,
          "sco": 92,
          "dco": 1005,
          "txt": "in"
        },
        {
          "si": 13,
          "sti": 17,
          "dti": 207,
          "sco": 95,
          "dco": 1008,
          "txt": "La"
        },
        {
          "si": 13,
          "sti": 18,
          "dti": 208,
          "sco": 98,
          "dco": 1011,
          "txt": "B"
        },
        {
          "si": 13,
          "sti": 19,
          "dti": 209,
          "sco": 99,
          "dco": 1012,
          "txt": "â"
        },
        {
          "si": 13,
          "sti": 20,
          "dti": 210,
          "sco": 100,
          "dco": 1013,
          "txt": "thie"
        },
        {
          "si": 13,
          "sti": 21,
          "dti": 211,
          "sco": 104,
          "dco": 1017,
          "txt": "."
        },
        {
          "si": 14,
          "sti": 0,
          "dti": 212,
          "sco": 0,
          "dco": 1019,
          "txt": "At"
        },
        {
          "si": 14,
          "sti": 1,
          "dti": 213,
          "sco": 3,
          "dco": 1022,
          "txt": "the"
        },
        {
          "si": 14,
          "sti": 2,
          "dti": 214,
          "sco": 7,
          "dco": 1026,
          "txt": "power"
        },
        {
          "si": 14,
          "sti": 3,
          "dti": 215,
          "sco": 13,
          "dco": 1032,
          "txt": "station"
        },
        {
          "si": 14,
          "sti": 4,
          "dti": 216,
          "sco": 20,
          "dco": 1039,
          "txt": ","
        },
        {
          "si": 14,
          "sti": 5,
          "dti": 217,
          "sco": 22,
          "dco": 1041,
          "txt": "the"
        },
        {
          "si": 14,
          "sti": 6,
          "dti": 218,
          "sco": 26,
          "dco": 1045,
          "txt": "water"
        },
        {
          "si": 14,
          "sti": 7,
          "dti": 219,
          "sco": 32,
          "dco": 1051,
          "txt": "feeds"
        },
        {
          "si": 14,
          "sti": 8,
          "dti": 220,
          "sco": 38,
          "dco": 1057,
          "txt": "six"
        },
        {
          "si": 14,
          "sti": 9,
          "dti": 221,
          "sco": 42,
          "dco": 1061,
          "txt": "91"
        },
        {
          "si": 14,
          "sti": 10,
          "dti": 222,
          "sco": 45,
          "dco": 1064,
          "txt": "MW"
        },
        {
          "si": 14,
          "sti": 11,
          "dti": 223,
          "sco": 48,
          "dco": 1067,
          "txt": "Pelton"
        },
        {
          "si": 14,
          "sti": 12,
          "dti": 224,
          "sco": 55,
          "dco": 1074,
          "txt": "turbine"
        },
        {
          "si": 14,
          "sti": 13,
          "dti": 225,
          "sco": 62,
          "dco": 1081,
          "txt": "-"
        },
        {
          "si": 14,
          "sti": 14,
          "dti": 226,
          "sco": 63,
          "dco": 1082,
          "txt": "generators"
        },
        {
          "si": 14,
          "sti": 15,
          "dti": 227,
          "sco": 73,
          "dco": 1092,
          "txt": "."
        },
        {
          "si": 15,
          "sti": 0,
          "dti": 228,
          "sco": 0,
          "dco": 1094,
          "txt": "The"
        },
        {
          "si": 15,
          "sti": 1,
          "dti": 229,
          "sco": 4,
          "dco": 1098,
          "txt": "difference"
        },
        {
          "si": 15,
          "sti": 2,
          "dti": 230,
          "sco": 15,
          "dco": 1109,
          "txt": "in"
        },
        {
          "si": 15,
          "sti": 3,
          "dti": 231,
          "sco": 18,
          "dco": 1112,
          "txt": "elevation"
        },
        {
          "si": 15,
          "sti": 4,
          "dti": 232,
          "sco": 28,
          "dco": 1122,
          "txt": "between"
        },
        {
          "si": 15,
          "sti": 5,
          "dti": 233,
          "sco": 36,
          "dco": 1130,
          "txt": "the"
        },
        {
          "si": 15,
          "sti": 6,
          "dti": 234,
          "sco": 40,
          "dco": 1134,
          "txt": "power"
        },
        {
          "si": 15,
          "sti": 7,
          "dti": 235,
          "sco": 46,
          "dco": 1140,
          "txt": "station"
        },
        {
          "si": 15,
          "sti": 8,
          "dti": 236,
          "sco": 54,
          "dco": 1148,
          "txt": "and"
        },
        {
          "si": 15,
          "sti": 9,
          "dti": 237,
          "sco": 58,
          "dco": 1152,
          "txt": "reservoir"
        },
        {
          "si": 15,
          "sti": 10,
          "dti": 238,
          "sco": 68,
          "dco": 1162,
          "txt": "affords"
        },
        {
          "si": 15,
          "sti": 11,
          "dti": 239,
          "sco": 76,
          "dco": 1170,
          "txt": "a"
        },
        {
          "si": 15,
          "sti": 12,
          "dti": 240,
          "sco": 78,
          "dco": 1172,
          "txt": "hydraulic"
        },
        {
          "si": 15,
          "sti": 13,
          "dti": 241,
          "sco": 88,
          "dco": 1182,
          "txt": "head"
        },
        {
          "si": 15,
          "sti": 14,
          "dti": 242,
          "sco": 93,
          "dco": 1187,
          "txt": "("
        },
        {
          "si": 15,
          "sti": 15,
          "dti": 243,
          "sco": 94,
          "dco": 1188,
          "txt": "drop"
        },
        {
          "si": 15,
          "sti": 16,
          "dti": 244,
          "sco": 98,
          "dco": 1192,
          "txt": ")"
        },
        {
          "si": 15,
          "sti": 17,
          "dti": 245,
          "sco": 100,
          "dco": 1194,
          "txt": "of"
        },
        {
          "si": 15,
          "sti": 18,
          "dti": 246,
          "sco": 102,
          "dco": 1196,
          "txt": "."
        },
        {
          "si": 16,
          "sti": 0,
          "dti": 247,
          "sco": 0,
          "dco": 1198,
          "txt": "Water"
        },
        {
          "si": 16,
          "sti": 1,
          "dti": 248,
          "sco": 6,
          "dco": 1204,
          "txt": "from"
        },
        {
          "si": 16,
          "sti": 2,
          "dti": 249,
          "sco": 11,
          "dco": 1209,
          "txt": "the"
        },
        {
          "si": 16,
          "sti": 3,
          "dti": 250,
          "sco": 15,
          "dco": 1213,
          "txt": "St"
        },
        {
          "si": 16,
          "sti": 4,
          "dti": 251,
          "sco": 17,
          "dco": 1215,
          "txt": "."
        },
        {
          "si": 17,
          "sti": 0,
          "dti": 252,
          "sco": 0,
          "dco": 1217,
          "txt": "Guerin"
        },
        {
          "si": 17,
          "sti": 1,
          "dti": 253,
          "sco": 7,
          "dco": 1224,
          "txt": "Dam"
        },
        {
          "si": 17,
          "sti": 2,
          "dti": 254,
          "sco": 10,
          "dco": 1227,
          "txt": ","
        },
        {
          "si": 17,
          "sti": 3,
          "dti": 255,
          "sco": 12,
          "dco": 1229,
          "txt": "to"
        },
        {
          "si": 17,
          "sti": 4,
          "dti": 256,
          "sco": 15,
          "dco": 1232,
          "txt": "the"
        },
        {
          "si": 17,
          "sti": 5,
          "dti": 257,
          "sco": 19,
          "dco": 1236,
          "txt": "southwest"
        },
        {
          "si": 17,
          "sti": 6,
          "dti": 258,
          "sco": 29,
          "dco": 1246,
          "txt": "at"
        },
        {
          "si": 17,
          "sti": 7,
          "dti": 259,
          "sco": 32,
          "dco": 1249,
          "txt": "and"
        },
        {
          "si": 17,
          "sti": 8,
          "dti": 260,
          "sco": 36,
          "dco": 1253,
          "txt": "Gittaz"
        },
        {
          "si": 17,
          "sti": 9,
          "dti": 261,
          "sco": 43,
          "dco": 1260,
          "txt": "Dam"
        },
        {
          "si": 17,
          "sti": 10,
          "dti": 262,
          "sco": 46,
          "dco": 1263,
          "txt": ","
        },
        {
          "si": 17,
          "sti": 11,
          "dti": 263,
          "sco": 48,
          "dco": 1265,
          "txt": "to"
        },
        {
          "si": 17,
          "sti": 12,
          "dti": 264,
          "sco": 51,
          "dco": 1268,
          "txt": "the"
        },
        {
          "si": 17,
          "sti": 13,
          "dti": 265,
          "sco": 55,
          "dco": 1272,
          "txt": "northeast"
        },
        {
          "si": 17,
          "sti": 14,
          "dti": 266,
          "sco": 65,
          "dco": 1282,
          "txt": "at"
        },
        {
          "si": 17,
          "sti": 15,
          "dti": 267,
          "sco": 67,
          "dco": 1284,
          "txt": ","
        },
        {
          "si": 17,
          "sti": 16,
          "dti": 268,
          "sco": 69,
          "dco": 1286,
          "txt": "provide"
        },
        {
          "si": 17,
          "sti": 17,
          "dti": 269,
          "sco": 77,
          "dco": 1294,
          "txt": "additional"
        },
        {
          "si": 17,
          "sti": 18,
          "dti": 270,
          "sco": 88,
          "dco": 1305,
          "txt": "water"
        },
        {
          "si": 17,
          "sti": 19,
          "dti": 271,
          "sco": 94,
          "dco": 1311,
          "txt": "to"
        },
        {
          "si": 17,
          "sti": 20,
          "dti": 272,
          "sco": 97,
          "dco": 1314,
          "txt": "Lac"
        },
        {
          "si": 17,
          "sti": 21,
          "dti": 273,
          "sco": 101,
          "dco": 1318,
          "txt": "de"
        },
        {
          "si": 17,
          "sti": 22,
          "dti": 274,
          "sco": 104,
          "dco": 1321,
          "txt": "Roseland"
        },
        {
          "si": 17,
          "sti": 23,
          "dti": 275,
          "sco": 113,
          "dco": 1330,
          "txt": "as"
        },
        {
          "si": 17,
          "sti": 24,
          "dti": 276,
          "sco": 116,
          "dco": 1333,
          "txt": "well"
        },
        {
          "si": 17,
          "sti": 25,
          "dti": 277,
          "sco": 120,
          "dco": 1337,
          "txt": "."
        }
      ]
    },
    "ganns": {
      "dla": [],
      "la": [],
      "ea": [],
      "eta": [
        {
          "ra": {
            "ea": {
              "etn": "Roselend_Dam"
            }
          },
          "sfs": [
            [
              {
                "stn": "status"
              },
              {}
            ]
          ],
          "mfs": [
            [
              {
                "stn": "rivers"
              },
              {
                "dla": [],
                "la": [],
                "ea": [],
                "eta": []
              }
            ],
            [
              {
                "stn": "locations"
              },
              {
                "dla": [],
                "la": [],
                "ea": [
                  {
                    "etn": "Beaufort,_Savoie"
                  }
                ],
                "eta": []
              }
            ],
            [
              {
                "stn": "openingYears"
              },
              {
                "dla": [
                  {
                    "txt": {
                      "sff": "1962"
                    },
                    "et": {
                      "etn": "Year"
                    },
                    "dp": {
                      "off": 404
                    }
                  }
                ],
                "la": [],
                "ea": [],
                "eta": []
              }
            ],
            [
              {
                "stn": "buildingStartYears"
              },
              {
                "dla": [
                  {
                    "txt": {
                      "sff": "1955"
                    },
                    "et": {
                      "etn": "Year"
                    },
                    "dp": {
                      "off": 295
                    }
                  }
                ],
                "la": [],
                "ea": [],
                "eta": []
              }
            ],
            [
              {
                "stn": "countries"
              },
              {
                "dla": [],
                "la": [],
                "ea": [
                  {
                    "etn": "France"
                  }
                ],
                "eta": []
              }
            ]
          ]
        }
      ]
    }
  }
]
