[
  {
    "context": "DEVELOPMENT",
    "doc": {
      "id": "Rust_de_Winter_Dam",
      "tl": [
        {
          "si": 0,
          "sti": 0,
          "dti": 0,
          "sco": 0,
          "dco": 0,
          "txt": "Rust"
        },
        {
          "si": 0,
          "sti": 1,
          "dti": 1,
          "sco": 5,
          "dco": 5,
          "txt": "de"
        },
        {
          "si": 0,
          "sti": 2,
          "dti": 2,
          "sco": 8,
          "dco": 8,
          "txt": "Winter"
        },
        {
          "si": 0,
          "sti": 3,
          "dti": 3,
          "sco": 15,
          "dco": 15,
          "txt": "Dam"
        },
        {
          "si": 0,
          "sti": 4,
          "dti": 4,
          "sco": 18,
          "dco": 18,
          "txt": "."
        },
        {
          "si": 1,
          "sti": 0,
          "dti": 5,
          "sco": 0,
          "dco": 20,
          "txt": "The"
        },
        {
          "si": 1,
          "sti": 1,
          "dti": 6,
          "sco": 4,
          "dco": 24,
          "txt": "Rust"
        },
        {
          "si": 1,
          "sti": 2,
          "dti": 7,
          "sco": 9,
          "dco": 29,
          "txt": "de"
        },
        {
          "si": 1,
          "sti": 3,
          "dti": 8,
          "sco": 12,
          "dco": 32,
          "txt": "Winter"
        },
        {
          "si": 1,
          "sti": 4,
          "dti": 9,
          "sco": 19,
          "dco": 39,
          "txt": "Dam"
        },
        {
          "si": 1,
          "sti": 5,
          "dti": 10,
          "sco": 23,
          "dco": 43,
          "txt": "is"
        },
        {
          "si": 1,
          "sti": 6,
          "dti": 11,
          "sco": 26,
          "dco": 46,
          "txt": "a"
        },
        {
          "si": 1,
          "sti": 7,
          "dti": 12,
          "sco": 28,
          "dco": 48,
          "txt": "dam"
        },
        {
          "si": 1,
          "sti": 8,
          "dti": 13,
          "sco": 32,
          "dco": 52,
          "txt": "located"
        },
        {
          "si": 1,
          "sti": 9,
          "dti": 14,
          "sco": 40,
          "dco": 60,
          "txt": "on"
        },
        {
          "si": 1,
          "sti": 10,
          "dti": 15,
          "sco": 43,
          "dco": 63,
          "txt": "the"
        },
        {
          "si": 1,
          "sti": 11,
          "dti": 16,
          "sco": 47,
          "dco": 67,
          "txt": "Elands"
        },
        {
          "si": 1,
          "sti": 12,
          "dti": 17,
          "sco": 54,
          "dco": 74,
          "txt": "River"
        },
        {
          "si": 1,
          "sti": 13,
          "dti": 18,
          "sco": 59,
          "dco": 79,
          "txt": ","
        },
        {
          "si": 1,
          "sti": 14,
          "dti": 19,
          "sco": 61,
          "dco": 81,
          "txt": "Limpopo"
        },
        {
          "si": 1,
          "sti": 15,
          "dti": 20,
          "sco": 68,
          "dco": 88,
          "txt": ","
        },
        {
          "si": 1,
          "sti": 16,
          "dti": 21,
          "sco": 70,
          "dco": 90,
          "txt": "South"
        },
        {
          "si": 1,
          "sti": 17,
          "dti": 22,
          "sco": 76,
          "dco": 96,
          "txt": "Africa"
        },
        {
          "si": 1,
          "sti": 18,
          "dti": 23,
          "sco": 82,
          "dco": 102,
          "txt": "."
        },
        {
          "si": 2,
          "sti": 0,
          "dti": 24,
          "sco": 0,
          "dco": 104,
          "txt": "It"
        },
        {
          "si": 2,
          "sti": 1,
          "dti": 25,
          "sco": 3,
          "dco": 107,
          "txt": "was"
        },
        {
          "si": 2,
          "sti": 2,
          "dti": 26,
          "sco": 7,
          "dco": 111,
          "txt": "established"
        },
        {
          "si": 2,
          "sti": 3,
          "dti": 27,
          "sco": 19,
          "dco": 123,
          "txt": "in"
        },
        {
          "si": 2,
          "sti": 4,
          "dti": 28,
          "sco": 22,
          "dco": 126,
          "txt": "1920"
        },
        {
          "si": 2,
          "sti": 5,
          "dti": 29,
          "sco": 27,
          "dco": 131,
          "txt": "and"
        },
        {
          "si": 2,
          "sti": 6,
          "dti": 30,
          "sco": 31,
          "dco": 135,
          "txt": "has"
        },
        {
          "si": 2,
          "sti": 7,
          "dti": 31,
          "sco": 35,
          "dco": 139,
          "txt": "a"
        },
        {
          "si": 2,
          "sti": 8,
          "dti": 32,
          "sco": 37,
          "dco": 141,
          "txt": "capacity"
        },
        {
          "si": 2,
          "sti": 9,
          "dti": 33,
          "sco": 46,
          "dco": 150,
          "txt": "of"
        },
        {
          "si": 2,
          "sti": 10,
          "dti": 34,
          "sco": 49,
          "dco": 153,
          "txt": "28"
        },
        {
          "si": 2,
          "sti": 11,
          "dti": 35,
          "sco": 52,
          "dco": 156,
          "txt": "million"
        },
        {
          "si": 2,
          "sti": 12,
          "dti": 36,
          "sco": 60,
          "dco": 164,
          "txt": "m"
        },
        {
          "si": 2,
          "sti": 13,
          "dti": 37,
          "sco": 61,
          "dco": 165,
          "txt": "3"
        },
        {
          "si": 2,
          "sti": 14,
          "dti": 38,
          "sco": 63,
          "dco": 167,
          "txt": "behind"
        },
        {
          "si": 2,
          "sti": 15,
          "dti": 39,
          "sco": 70,
          "dco": 174,
          "txt": "a"
        },
        {
          "si": 2,
          "sti": 16,
          "dti": 40,
          "sco": 72,
          "dco": 176,
          "txt": "wall"
        },
        {
          "si": 2,
          "sti": 17,
          "dti": 41,
          "sco": 77,
          "dco": 181,
          "txt": "of"
        },
        {
          "si": 2,
          "sti": 18,
          "dti": 42,
          "sco": 80,
          "dco": 184,
          "txt": "31"
        },
        {
          "si": 2,
          "sti": 19,
          "dti": 43,
          "sco": 82,
          "dco": 186,
          "txt": " "
        },
        {
          "si": 2,
          "sti": 20,
          "dti": 44,
          "sco": 83,
          "dco": 187,
          "txt": "m"
        },
        {
          "si": 2,
          "sti": 21,
          "dti": 45,
          "sco": 84,
          "dco": 188,
          "txt": "."
        },
        {
          "si": 3,
          "sti": 0,
          "dti": 46,
          "sco": 0,
          "dco": 190,
          "txt": "The"
        },
        {
          "si": 3,
          "sti": 1,
          "dti": 47,
          "sco": 4,
          "dco": 194,
          "txt": "dam"
        },
        {
          "si": 3,
          "sti": 2,
          "dti": 48,
          "sco": 8,
          "dco": 198,
          "txt": "is"
        },
        {
          "si": 3,
          "sti": 3,
          "dti": 49,
          "sco": 11,
          "dco": 201,
          "txt": "being"
        },
        {
          "si": 3,
          "sti": 4,
          "dti": 50,
          "sco": 17,
          "dco": 207,
          "txt": "used"
        },
        {
          "si": 3,
          "sti": 5,
          "dti": 51,
          "sco": 22,
          "dco": 212,
          "txt": "for"
        },
        {
          "si": 3,
          "sti": 6,
          "dti": 52,
          "sco": 26,
          "dco": 216,
          "txt": "irrigation"
        },
        {
          "si": 3,
          "sti": 7,
          "dti": 53,
          "sco": 37,
          "dco": 227,
          "txt": "of"
        },
        {
          "si": 3,
          "sti": 8,
          "dti": 54,
          "sco": 40,
          "dco": 230,
          "txt": "farms"
        },
        {
          "si": 3,
          "sti": 9,
          "dti": 55,
          "sco": 45,
          "dco": 235,
          "txt": "."
        }
      ]
    },
    "ganns": {
      "dla": [],
      "la": [],
      "ea": [],
      "eta": [
        {
          "ra": {
            "ea": {
              "etn": "Rust_de_Winter_Dam"
            }
          },
          "sfs": [
            [
              {
                "stn": "status"
              },
              {}
            ]
          ],
          "mfs": [
            [
              {
                "stn": "rivers"
              },
              {
                "dla": [],
                "la": [],
                "ea": [
                  {
                    "etn": "Elands_River_(Olifants)"
                  }
                ],
                "eta": []
              }
            ],
            [
              {
                "stn": "locations"
              },
              {
                "dla": [],
                "la": [],
                "ea": [
                  {
                    "etn": "Limpopo"
                  }
                ],
                "eta": []
              }
            ],
            [
              {
                "stn": "openingYears"
              },
              {
                "dla": [
                  {
                    "txt": {
                      "sff": "1920"
                    },
                    "et": {
                      "etn": "Year"
                    },
                    "dp": {
                      "off": 126
                    }
                  }
                ],
                "la": [],
                "ea": [],
                "eta": []
              }
            ],
            [
              {
                "stn": "buildingStartYears"
              },
              {
                "dla": [],
                "la": [],
                "ea": [],
                "eta": []
              }
            ],
            [
              {
                "stn": "countries"
              },
              {
                "dla": [],
                "la": [],
                "ea": [
                  {
                    "etn": "South_Africa"
                  }
                ],
                "eta": []
              }
            ]
          ]
        }
      ]
    }
  }
]
