[
  {
    "context": "TRAIN",
    "doc": {
      "id": "Sangtuda_2_Hydroelectric_Power_Plant",
      "tl": [
        {
          "si": 0,
          "sti": 0,
          "dti": 0,
          "sco": 0,
          "dco": 0,
          "txt": "Sangtuda"
        },
        {
          "si": 0,
          "sti": 1,
          "dti": 1,
          "sco": 9,
          "dco": 9,
          "txt": "2"
        },
        {
          "si": 0,
          "sti": 2,
          "dti": 2,
          "sco": 11,
          "dco": 11,
          "txt": "Hydroelectric"
        },
        {
          "si": 0,
          "sti": 3,
          "dti": 3,
          "sco": 25,
          "dco": 25,
          "txt": "Power"
        },
        {
          "si": 0,
          "sti": 4,
          "dti": 4,
          "sco": 31,
          "dco": 31,
          "txt": "Plant"
        },
        {
          "si": 0,
          "sti": 5,
          "dti": 5,
          "sco": 36,
          "dco": 36,
          "txt": "."
        },
        {
          "si": 1,
          "sti": 0,
          "dti": 6,
          "sco": 0,
          "dco": 38,
          "txt": "Sangtuda"
        },
        {
          "si": 1,
          "sti": 1,
          "dti": 7,
          "sco": 9,
          "dco": 47,
          "txt": "2"
        },
        {
          "si": 1,
          "sti": 2,
          "dti": 8,
          "sco": 11,
          "dco": 49,
          "txt": "Hydroelectric"
        },
        {
          "si": 1,
          "sti": 3,
          "dti": 9,
          "sco": 25,
          "dco": 63,
          "txt": "Power"
        },
        {
          "si": 1,
          "sti": 4,
          "dti": 10,
          "sco": 31,
          "dco": 69,
          "txt": "Plant"
        },
        {
          "si": 1,
          "sti": 5,
          "dti": 11,
          "sco": 37,
          "dco": 75,
          "txt": "is"
        },
        {
          "si": 1,
          "sti": 6,
          "dti": 12,
          "sco": 40,
          "dco": 78,
          "txt": "a"
        },
        {
          "si": 1,
          "sti": 7,
          "dti": 13,
          "sco": 42,
          "dco": 80,
          "txt": "Tajik"
        },
        {
          "si": 1,
          "sti": 8,
          "dti": 14,
          "sco": 48,
          "dco": 86,
          "txt": "hydroelectric"
        },
        {
          "si": 1,
          "sti": 9,
          "dti": 15,
          "sco": 62,
          "dco": 100,
          "txt": "power"
        },
        {
          "si": 1,
          "sti": 10,
          "dti": 16,
          "sco": 68,
          "dco": 106,
          "txt": "plant"
        },
        {
          "si": 1,
          "sti": 11,
          "dti": 17,
          "sco": 74,
          "dco": 112,
          "txt": "on"
        },
        {
          "si": 1,
          "sti": 12,
          "dti": 18,
          "sco": 77,
          "dco": 115,
          "txt": "the"
        },
        {
          "si": 1,
          "sti": 13,
          "dti": 19,
          "sco": 81,
          "dco": 119,
          "txt": "Vakhsh"
        },
        {
          "si": 1,
          "sti": 14,
          "dti": 20,
          "sco": 88,
          "dco": 126,
          "txt": "River"
        },
        {
          "si": 1,
          "sti": 15,
          "dti": 21,
          "sco": 93,
          "dco": 131,
          "txt": "."
        },
        {
          "si": 2,
          "sti": 0,
          "dti": 22,
          "sco": 0,
          "dco": 133,
          "txt": "History"
        },
        {
          "si": 2,
          "sti": 1,
          "dti": 23,
          "sco": 7,
          "dco": 140,
          "txt": "."
        },
        {
          "si": 3,
          "sti": 0,
          "dti": 24,
          "sco": 0,
          "dco": 142,
          "txt": "Construction"
        },
        {
          "si": 3,
          "sti": 1,
          "dti": 25,
          "sco": 13,
          "dco": 155,
          "txt": "commenced"
        },
        {
          "si": 3,
          "sti": 2,
          "dti": 26,
          "sco": 23,
          "dco": 165,
          "txt": "during"
        },
        {
          "si": 3,
          "sti": 3,
          "dti": 27,
          "sco": 30,
          "dco": 172,
          "txt": "the"
        },
        {
          "si": 3,
          "sti": 4,
          "dti": 28,
          "sco": 34,
          "dco": 176,
          "txt": "Soviet"
        },
        {
          "si": 3,
          "sti": 5,
          "dti": 29,
          "sco": 41,
          "dco": 183,
          "txt": "period"
        },
        {
          "si": 3,
          "sti": 6,
          "dti": 30,
          "sco": 48,
          "dco": 190,
          "txt": "in"
        },
        {
          "si": 3,
          "sti": 7,
          "dti": 31,
          "sco": 51,
          "dco": 193,
          "txt": "the"
        },
        {
          "si": 3,
          "sti": 8,
          "dti": 32,
          "sco": 55,
          "dco": 197,
          "txt": "1980"
        },
        {
          "si": 3,
          "sti": 9,
          "dti": 33,
          "sco": 59,
          "dco": 201,
          "txt": "s"
        },
        {
          "si": 3,
          "sti": 10,
          "dti": 34,
          "sco": 60,
          "dco": 202,
          "txt": ","
        },
        {
          "si": 3,
          "sti": 11,
          "dti": 35,
          "sco": 62,
          "dco": 204,
          "txt": "but"
        },
        {
          "si": 3,
          "sti": 12,
          "dti": 36,
          "sco": 66,
          "dco": 208,
          "txt": "halted"
        },
        {
          "si": 3,
          "sti": 13,
          "dti": 37,
          "sco": 73,
          "dco": 215,
          "txt": "in"
        },
        {
          "si": 3,
          "sti": 14,
          "dti": 38,
          "sco": 76,
          "dco": 218,
          "txt": "the"
        },
        {
          "si": 3,
          "sti": 15,
          "dti": 39,
          "sco": 80,
          "dco": 222,
          "txt": "beginning"
        },
        {
          "si": 3,
          "sti": 16,
          "dti": 40,
          "sco": 90,
          "dco": 232,
          "txt": "of"
        },
        {
          "si": 3,
          "sti": 17,
          "dti": 41,
          "sco": 93,
          "dco": 235,
          "txt": "the"
        },
        {
          "si": 3,
          "sti": 18,
          "dti": 42,
          "sco": 97,
          "dco": 239,
          "txt": "1990"
        },
        {
          "si": 3,
          "sti": 19,
          "dti": 43,
          "sco": 101,
          "dco": 243,
          "txt": "s"
        },
        {
          "si": 3,
          "sti": 20,
          "dti": 44,
          "sco": 103,
          "dco": 245,
          "txt": "due"
        },
        {
          "si": 3,
          "sti": 21,
          "dti": 45,
          "sco": 107,
          "dco": 249,
          "txt": "to"
        },
        {
          "si": 3,
          "sti": 22,
          "dti": 46,
          "sco": 110,
          "dco": 252,
          "txt": "lack"
        },
        {
          "si": 3,
          "sti": 23,
          "dti": 47,
          "sco": 115,
          "dco": 257,
          "txt": "of"
        },
        {
          "si": 3,
          "sti": 24,
          "dti": 48,
          "sco": 118,
          "dco": 260,
          "txt": "financing"
        },
        {
          "si": 3,
          "sti": 25,
          "dti": 49,
          "sco": 127,
          "dco": 269,
          "txt": "."
        },
        {
          "si": 4,
          "sti": 0,
          "dti": 50,
          "sco": 0,
          "dco": 271,
          "txt": "In"
        },
        {
          "si": 4,
          "sti": 1,
          "dti": 51,
          "sco": 3,
          "dco": 274,
          "txt": "1995"
        },
        {
          "si": 4,
          "sti": 2,
          "dti": 52,
          "sco": 7,
          "dco": 278,
          "txt": ","
        },
        {
          "si": 4,
          "sti": 3,
          "dti": 53,
          "sco": 9,
          "dco": 280,
          "txt": "Iran"
        },
        {
          "si": 4,
          "sti": 4,
          "dti": 54,
          "sco": 14,
          "dco": 285,
          "txt": "expressed"
        },
        {
          "si": 4,
          "sti": 5,
          "dti": 55,
          "sco": 24,
          "dco": 295,
          "txt": "interest"
        },
        {
          "si": 4,
          "sti": 6,
          "dti": 56,
          "sco": 33,
          "dco": 304,
          "txt": "in"
        },
        {
          "si": 4,
          "sti": 7,
          "dti": 57,
          "sco": 36,
          "dco": 307,
          "txt": "helping"
        },
        {
          "si": 4,
          "sti": 8,
          "dti": 58,
          "sco": 44,
          "dco": 315,
          "txt": "to"
        },
        {
          "si": 4,
          "sti": 9,
          "dti": 59,
          "sco": 47,
          "dco": 318,
          "txt": "finish"
        },
        {
          "si": 4,
          "sti": 10,
          "dti": 60,
          "sco": 54,
          "dco": 325,
          "txt": "the"
        },
        {
          "si": 4,
          "sti": 11,
          "dti": 61,
          "sco": 58,
          "dco": 329,
          "txt": "project"
        },
        {
          "si": 4,
          "sti": 12,
          "dti": 62,
          "sco": 65,
          "dco": 336,
          "txt": ","
        },
        {
          "si": 4,
          "sti": 13,
          "dti": 63,
          "sco": 67,
          "dco": 338,
          "txt": "but"
        },
        {
          "si": 4,
          "sti": 14,
          "dti": 64,
          "sco": 71,
          "dco": 342,
          "txt": "an"
        },
        {
          "si": 4,
          "sti": 15,
          "dti": 65,
          "sco": 74,
          "dco": 345,
          "txt": "agreement"
        },
        {
          "si": 4,
          "sti": 16,
          "dti": 66,
          "sco": 84,
          "dco": 355,
          "txt": "was"
        },
        {
          "si": 4,
          "sti": 17,
          "dti": 67,
          "sco": 88,
          "dco": 359,
          "txt": "not"
        },
        {
          "si": 4,
          "sti": 18,
          "dti": 68,
          "sco": 92,
          "dco": 363,
          "txt": "signed"
        },
        {
          "si": 4,
          "sti": 19,
          "dti": 69,
          "sco": 99,
          "dco": 370,
          "txt": "until"
        },
        {
          "si": 4,
          "sti": 20,
          "dti": 70,
          "sco": 105,
          "dco": 376,
          "txt": "2005"
        },
        {
          "si": 4,
          "sti": 21,
          "dti": 71,
          "sco": 109,
          "dco": 380,
          "txt": "."
        },
        {
          "si": 5,
          "sti": 0,
          "dti": 72,
          "sco": 0,
          "dco": 382,
          "txt": "Building"
        },
        {
          "si": 5,
          "sti": 1,
          "dti": 73,
          "sco": 9,
          "dco": 391,
          "txt": "work"
        },
        {
          "si": 5,
          "sti": 2,
          "dti": 74,
          "sco": 14,
          "dco": 396,
          "txt": "restarted"
        },
        {
          "si": 5,
          "sti": 3,
          "dti": 75,
          "sco": 24,
          "dco": 406,
          "txt": "on"
        },
        {
          "si": 5,
          "sti": 4,
          "dti": 76,
          "sco": 27,
          "dco": 409,
          "txt": "20"
        },
        {
          "si": 5,
          "sti": 5,
          "dti": 77,
          "sco": 30,
          "dco": 412,
          "txt": "December"
        },
        {
          "si": 5,
          "sti": 6,
          "dti": 78,
          "sco": 39,
          "dco": 421,
          "txt": "2006"
        },
        {
          "si": 5,
          "sti": 7,
          "dti": 79,
          "sco": 43,
          "dco": 425,
          "txt": "."
        },
        {
          "si": 6,
          "sti": 0,
          "dti": 80,
          "sco": 0,
          "dco": 427,
          "txt": "The"
        },
        {
          "si": 6,
          "sti": 1,
          "dti": 81,
          "sco": 4,
          "dco": 431,
          "txt": "first"
        },
        {
          "si": 6,
          "sti": 2,
          "dti": 82,
          "sco": 10,
          "dco": 437,
          "txt": "unit"
        },
        {
          "si": 6,
          "sti": 3,
          "dti": 83,
          "sco": 15,
          "dco": 442,
          "txt": "was"
        },
        {
          "si": 6,
          "sti": 4,
          "dti": 84,
          "sco": 19,
          "dco": 446,
          "txt": "inaugurated"
        },
        {
          "si": 6,
          "sti": 5,
          "dti": 85,
          "sco": 31,
          "dco": 458,
          "txt": "on"
        },
        {
          "si": 6,
          "sti": 6,
          "dti": 86,
          "sco": 34,
          "dco": 461,
          "txt": "6"
        },
        {
          "si": 6,
          "sti": 7,
          "dti": 87,
          "sco": 36,
          "dco": 463,
          "txt": "September"
        },
        {
          "si": 6,
          "sti": 8,
          "dti": 88,
          "sco": 46,
          "dco": 473,
          "txt": "2011"
        },
        {
          "si": 6,
          "sti": 9,
          "dti": 89,
          "sco": 51,
          "dco": 478,
          "txt": "by"
        },
        {
          "si": 6,
          "sti": 10,
          "dti": 90,
          "sco": 54,
          "dco": 481,
          "txt": "presidents"
        },
        {
          "si": 6,
          "sti": 11,
          "dti": 91,
          "sco": 65,
          "dco": 492,
          "txt": "Emomalii"
        },
        {
          "si": 6,
          "sti": 12,
          "dti": 92,
          "sco": 74,
          "dco": 501,
          "txt": "Rahmon"
        },
        {
          "si": 6,
          "sti": 13,
          "dti": 93,
          "sco": 81,
          "dco": 508,
          "txt": "and"
        },
        {
          "si": 6,
          "sti": 14,
          "dti": 94,
          "sco": 85,
          "dco": 512,
          "txt": "Mahmoud"
        },
        {
          "si": 6,
          "sti": 15,
          "dti": 95,
          "sco": 93,
          "dco": 520,
          "txt": "Ahmadinejad"
        },
        {
          "si": 6,
          "sti": 16,
          "dti": 96,
          "sco": 104,
          "dco": 531,
          "txt": "."
        },
        {
          "si": 7,
          "sti": 0,
          "dti": 97,
          "sco": 0,
          "dco": 533,
          "txt": "Description"
        },
        {
          "si": 7,
          "sti": 1,
          "dti": 98,
          "sco": 11,
          "dco": 544,
          "txt": "."
        },
        {
          "si": 8,
          "sti": 0,
          "dti": 99,
          "sco": 0,
          "dco": 546,
          "txt": "The"
        },
        {
          "si": 8,
          "sti": 1,
          "dti": 100,
          "sco": 4,
          "dco": 550,
          "txt": "power"
        },
        {
          "si": 8,
          "sti": 2,
          "dti": 101,
          "sco": 10,
          "dco": 556,
          "txt": "plant"
        },
        {
          "si": 8,
          "sti": 3,
          "dti": 102,
          "sco": 16,
          "dco": 562,
          "txt": "is"
        },
        {
          "si": 8,
          "sti": 4,
          "dti": 103,
          "sco": 19,
          "dco": 565,
          "txt": "built"
        },
        {
          "si": 8,
          "sti": 5,
          "dti": 104,
          "sco": 25,
          "dco": 571,
          "txt": "and"
        },
        {
          "si": 8,
          "sti": 6,
          "dti": 105,
          "sco": 29,
          "dco": 575,
          "txt": "operated"
        },
        {
          "si": 8,
          "sti": 7,
          "dti": 106,
          "sco": 38,
          "dco": 584,
          "txt": "Iranian"
        },
        {
          "si": 8,
          "sti": 8,
          "dti": 107,
          "sco": 46,
          "dco": 592,
          "txt": "company"
        },
        {
          "si": 8,
          "sti": 9,
          "dti": 108,
          "sco": 54,
          "dco": 600,
          "txt": "Sangob"
        },
        {
          "si": 8,
          "sti": 10,
          "dti": 109,
          "sco": 60,
          "dco": 606,
          "txt": "."
        },
        {
          "si": 9,
          "sti": 0,
          "dti": 110,
          "sco": 0,
          "dco": 608,
          "txt": "The"
        },
        {
          "si": 9,
          "sti": 1,
          "dti": 111,
          "sco": 4,
          "dco": 612,
          "txt": "turnkey"
        },
        {
          "si": 9,
          "sti": 2,
          "dti": 112,
          "sco": 12,
          "dco": 620,
          "txt": "contractor"
        },
        {
          "si": 9,
          "sti": 3,
          "dti": 113,
          "sco": 23,
          "dco": 631,
          "txt": "was"
        },
        {
          "si": 9,
          "sti": 4,
          "dti": 114,
          "sco": 27,
          "dco": 635,
          "txt": "International"
        },
        {
          "si": 9,
          "sti": 5,
          "dti": 115,
          "sco": 41,
          "dco": 649,
          "txt": "Farab"
        },
        {
          "si": 9,
          "sti": 6,
          "dti": 116,
          "sco": 47,
          "dco": 655,
          "txt": "Co"
        },
        {
          "si": 9,
          "sti": 7,
          "dti": 117,
          "sco": 49,
          "dco": 657,
          "txt": "."
        },
        {
          "si": 10,
          "sti": 0,
          "dti": 118,
          "sco": 0,
          "dco": 659,
          "txt": "The"
        },
        {
          "si": 10,
          "sti": 1,
          "dti": 119,
          "sco": 4,
          "dco": 663,
          "txt": "project"
        },
        {
          "si": 10,
          "sti": 2,
          "dti": 120,
          "sco": 12,
          "dco": 671,
          "txt": "was"
        },
        {
          "si": 10,
          "sti": 3,
          "dti": 121,
          "sco": 16,
          "dco": 675,
          "txt": "consulted"
        },
        {
          "si": 10,
          "sti": 4,
          "dti": 122,
          "sco": 26,
          "dco": 685,
          "txt": "by"
        },
        {
          "si": 10,
          "sti": 5,
          "dti": 123,
          "sco": 29,
          "dco": 688,
          "txt": "Mahab"
        },
        {
          "si": 10,
          "sti": 6,
          "dti": 124,
          "sco": 35,
          "dco": 694,
          "txt": "Ghods"
        },
        {
          "si": 10,
          "sti": 7,
          "dti": 125,
          "sco": 41,
          "dco": 700,
          "txt": "Engineering"
        },
        {
          "si": 10,
          "sti": 8,
          "dti": 126,
          "sco": 53,
          "dco": 712,
          "txt": "Company"
        },
        {
          "si": 10,
          "sti": 9,
          "dti": 127,
          "sco": 61,
          "dco": 720,
          "txt": "and"
        },
        {
          "si": 10,
          "sti": 10,
          "dti": 128,
          "sco": 65,
          "dco": 724,
          "txt": "the"
        },
        {
          "si": 10,
          "sti": 11,
          "dti": 129,
          "sco": 69,
          "dco": 728,
          "txt": "subcontractor"
        },
        {
          "si": 10,
          "sti": 12,
          "dti": 130,
          "sco": 83,
          "dco": 742,
          "txt": "was"
        },
        {
          "si": 10,
          "sti": 13,
          "dti": 131,
          "sco": 87,
          "dco": 746,
          "txt": "Omran"
        },
        {
          "si": 10,
          "sti": 14,
          "dti": 132,
          "sco": 93,
          "dco": 752,
          "txt": "Maroon"
        },
        {
          "si": 10,
          "sti": 15,
          "dti": 133,
          "sco": 100,
          "dco": 759,
          "txt": "Engineers"
        },
        {
          "si": 10,
          "sti": 16,
          "dti": 134,
          "sco": 110,
          "dco": 769,
          "txt": "Company"
        },
        {
          "si": 10,
          "sti": 17,
          "dti": 135,
          "sco": 117,
          "dco": 776,
          "txt": "."
        },
        {
          "si": 11,
          "sti": 0,
          "dti": 136,
          "sco": 0,
          "dco": 778,
          "txt": "It"
        },
        {
          "si": 11,
          "sti": 1,
          "dti": 137,
          "sco": 3,
          "dco": 781,
          "txt": "operates"
        },
        {
          "si": 11,
          "sti": 2,
          "dti": 138,
          "sco": 12,
          "dco": 790,
          "txt": "simultaneously"
        },
        {
          "si": 11,
          "sti": 3,
          "dti": 139,
          "sco": 27,
          "dco": 805,
          "txt": "with"
        },
        {
          "si": 11,
          "sti": 4,
          "dti": 140,
          "sco": 32,
          "dco": 810,
          "txt": "Sangtuda"
        },
        {
          "si": 11,
          "sti": 5,
          "dti": 141,
          "sco": 41,
          "dco": 819,
          "txt": "1"
        },
        {
          "si": 11,
          "sti": 6,
          "dti": 142,
          "sco": 43,
          "dco": 821,
          "txt": "Hydroelectric"
        },
        {
          "si": 11,
          "sti": 7,
          "dti": 143,
          "sco": 57,
          "dco": 835,
          "txt": "Power"
        },
        {
          "si": 11,
          "sti": 8,
          "dti": 144,
          "sco": 63,
          "dco": 841,
          "txt": "Plant"
        },
        {
          "si": 11,
          "sti": 9,
          "dti": 145,
          "sco": 68,
          "dco": 846,
          "txt": "."
        },
        {
          "si": 12,
          "sti": 0,
          "dti": 146,
          "sco": 0,
          "dco": 848,
          "txt": "It"
        },
        {
          "si": 12,
          "sti": 1,
          "dti": 147,
          "sco": 3,
          "dco": 851,
          "txt": "uses"
        },
        {
          "si": 12,
          "sti": 2,
          "dti": 148,
          "sco": 8,
          "dco": 856,
          "txt": "gates"
        },
        {
          "si": 12,
          "sti": 3,
          "dti": 149,
          "sco": 14,
          "dco": 862,
          "txt": "of"
        },
        {
          "si": 12,
          "sti": 4,
          "dti": 150,
          "sco": 17,
          "dco": 865,
          "txt": "Nurek"
        },
        {
          "si": 12,
          "sti": 5,
          "dti": 151,
          "sco": 23,
          "dco": 871,
          "txt": "reservoir"
        },
        {
          "si": 12,
          "sti": 6,
          "dti": 152,
          "sco": 32,
          "dco": 880,
          "txt": "."
        },
        {
          "si": 13,
          "sti": 0,
          "dti": 153,
          "sco": 0,
          "dco": 882,
          "txt": "The"
        },
        {
          "si": 13,
          "sti": 1,
          "dti": 154,
          "sco": 4,
          "dco": 886,
          "txt": "dam"
        },
        {
          "si": 13,
          "sti": 2,
          "dti": 155,
          "sco": 8,
          "dco": 890,
          "txt": "is"
        },
        {
          "si": 13,
          "sti": 3,
          "dti": 156,
          "sco": 11,
          "dco": 893,
          "txt": "an"
        },
        {
          "si": 13,
          "sti": 4,
          "dti": 157,
          "sco": 14,
          "dco": 896,
          "txt": "earth"
        },
        {
          "si": 13,
          "sti": 5,
          "dti": 158,
          "sco": 20,
          "dco": 902,
          "txt": "fill"
        },
        {
          "si": 13,
          "sti": 6,
          "dti": 159,
          "sco": 25,
          "dco": 907,
          "txt": "dam"
        },
        {
          "si": 13,
          "sti": 7,
          "dti": 160,
          "sco": 29,
          "dco": 911,
          "txt": "with"
        },
        {
          "si": 13,
          "sti": 8,
          "dti": 161,
          "sco": 34,
          "dco": 916,
          "txt": "clay"
        },
        {
          "si": 13,
          "sti": 9,
          "dti": 162,
          "sco": 39,
          "dco": 921,
          "txt": "core"
        },
        {
          "si": 13,
          "sti": 10,
          "dti": 163,
          "sco": 43,
          "dco": 925,
          "txt": "."
        },
        {
          "si": 14,
          "sti": 0,
          "dti": 164,
          "sco": 0,
          "dco": 927,
          "txt": "Its"
        },
        {
          "si": 14,
          "sti": 1,
          "dti": 165,
          "sco": 4,
          "dco": 931,
          "txt": "height"
        },
        {
          "si": 14,
          "sti": 2,
          "dti": 166,
          "sco": 11,
          "dco": 938,
          "txt": "from"
        },
        {
          "si": 14,
          "sti": 3,
          "dti": 167,
          "sco": 16,
          "dco": 943,
          "txt": "the"
        },
        {
          "si": 14,
          "sti": 4,
          "dti": 168,
          "sco": 20,
          "dco": 947,
          "txt": "river"
        },
        {
          "si": 14,
          "sti": 5,
          "dti": 169,
          "sco": 26,
          "dco": 953,
          "txt": "bed"
        },
        {
          "si": 14,
          "sti": 6,
          "dti": 170,
          "sco": 30,
          "dco": 957,
          "txt": "is"
        },
        {
          "si": 14,
          "sti": 7,
          "dti": 171,
          "sco": 33,
          "dco": 960,
          "txt": "and"
        },
        {
          "si": 14,
          "sti": 8,
          "dti": 172,
          "sco": 37,
          "dco": 964,
          "txt": "crest"
        },
        {
          "si": 14,
          "sti": 9,
          "dti": 173,
          "sco": 43,
          "dco": 970,
          "txt": "length"
        },
        {
          "si": 14,
          "sti": 10,
          "dti": 174,
          "sco": 50,
          "dco": 977,
          "txt": "is"
        },
        {
          "si": 14,
          "sti": 11,
          "dti": 175,
          "sco": 52,
          "dco": 979,
          "txt": "."
        },
        {
          "si": 15,
          "sti": 0,
          "dti": 176,
          "sco": 0,
          "dco": 981,
          "txt": "The"
        },
        {
          "si": 15,
          "sti": 1,
          "dti": 177,
          "sco": 4,
          "dco": 985,
          "txt": "run"
        },
        {
          "si": 15,
          "sti": 2,
          "dti": 178,
          "sco": 7,
          "dco": 988,
          "txt": "-"
        },
        {
          "si": 15,
          "sti": 3,
          "dti": 179,
          "sco": 8,
          "dco": 989,
          "txt": "of"
        },
        {
          "si": 15,
          "sti": 4,
          "dti": 180,
          "sco": 10,
          "dco": 991,
          "txt": "-"
        },
        {
          "si": 15,
          "sti": 5,
          "dti": 181,
          "sco": 11,
          "dco": 992,
          "txt": "river"
        },
        {
          "si": 15,
          "sti": 6,
          "dti": 182,
          "sco": 17,
          "dco": 998,
          "txt": "type"
        },
        {
          "si": 15,
          "sti": 7,
          "dti": 183,
          "sco": 22,
          "dco": 1003,
          "txt": "power"
        },
        {
          "si": 15,
          "sti": 8,
          "dti": 184,
          "sco": 28,
          "dco": 1009,
          "txt": "plant"
        },
        {
          "si": 15,
          "sti": 9,
          "dti": 185,
          "sco": 34,
          "dco": 1015,
          "txt": "consist"
        },
        {
          "si": 15,
          "sti": 10,
          "dti": 186,
          "sco": 42,
          "dco": 1023,
          "txt": "of"
        },
        {
          "si": 15,
          "sti": 11,
          "dti": 187,
          "sco": 45,
          "dco": 1026,
          "txt": "two"
        },
        {
          "si": 15,
          "sti": 12,
          "dti": 188,
          "sco": 49,
          "dco": 1030,
          "txt": "units"
        },
        {
          "si": 15,
          "sti": 13,
          "dti": 189,
          "sco": 55,
          "dco": 1036,
          "txt": "able"
        },
        {
          "si": 15,
          "sti": 14,
          "dti": 190,
          "sco": 60,
          "dco": 1041,
          "txt": "to"
        },
        {
          "si": 15,
          "sti": 15,
          "dti": 191,
          "sco": 63,
          "dco": 1044,
          "txt": "produce"
        },
        {
          "si": 15,
          "sti": 16,
          "dti": 192,
          "sco": 71,
          "dco": 1052,
          "txt": "1"
        },
        {
          "si": 15,
          "sti": 17,
          "dti": 193,
          "sco": 72,
          "dco": 1053,
          "txt": " "
        },
        {
          "si": 15,
          "sti": 18,
          "dti": 194,
          "sco": 73,
          "dco": 1054,
          "txt": "TWh"
        },
        {
          "si": 15,
          "sti": 19,
          "dti": 195,
          "sco": 77,
          "dco": 1058,
          "txt": "of"
        },
        {
          "si": 15,
          "sti": 20,
          "dti": 196,
          "sco": 80,
          "dco": 1061,
          "txt": "electricity"
        },
        {
          "si": 15,
          "sti": 21,
          "dti": 197,
          "sco": 92,
          "dco": 1073,
          "txt": "a"
        },
        {
          "si": 15,
          "sti": 22,
          "dti": 198,
          "sco": 94,
          "dco": 1075,
          "txt": "year"
        },
        {
          "si": 15,
          "sti": 23,
          "dti": 199,
          "sco": 98,
          "dco": 1079,
          "txt": "."
        },
        {
          "si": 16,
          "sti": 0,
          "dti": 200,
          "sco": 0,
          "dco": 1081,
          "txt": "The"
        },
        {
          "si": 16,
          "sti": 1,
          "dti": 201,
          "sco": 4,
          "dco": 1085,
          "txt": "generating"
        },
        {
          "si": 16,
          "sti": 2,
          "dti": 202,
          "sco": 15,
          "dco": 1096,
          "txt": "equipment"
        },
        {
          "si": 16,
          "sti": 3,
          "dti": 203,
          "sco": 25,
          "dco": 1106,
          "txt": "is"
        },
        {
          "si": 16,
          "sti": 4,
          "dti": 204,
          "sco": 28,
          "dco": 1109,
          "txt": "manufactured"
        },
        {
          "si": 16,
          "sti": 5,
          "dti": 205,
          "sco": 41,
          "dco": 1122,
          "txt": "in"
        },
        {
          "si": 16,
          "sti": 6,
          "dti": 206,
          "sco": 44,
          "dco": 1125,
          "txt": "China"
        },
        {
          "si": 16,
          "sti": 7,
          "dti": 207,
          "sco": 49,
          "dco": 1130,
          "txt": "."
        },
        {
          "si": 17,
          "sti": 0,
          "dti": 208,
          "sco": 0,
          "dco": 1132,
          "txt": "Revenues"
        },
        {
          "si": 17,
          "sti": 1,
          "dti": 209,
          "sco": 9,
          "dco": 1141,
          "txt": "during"
        },
        {
          "si": 17,
          "sti": 2,
          "dti": 210,
          "sco": 16,
          "dco": 1148,
          "txt": "first"
        },
        {
          "si": 17,
          "sti": 3,
          "dti": 211,
          "sco": 22,
          "dco": 1154,
          "txt": "12"
        },
        {
          "si": 17,
          "sti": 4,
          "dti": 212,
          "sco": 25,
          "dco": 1157,
          "txt": "years"
        },
        {
          "si": 17,
          "sti": 5,
          "dti": 213,
          "sco": 31,
          "dco": 1163,
          "txt": "would"
        },
        {
          "si": 17,
          "sti": 6,
          "dti": 214,
          "sco": 37,
          "dco": 1169,
          "txt": "be"
        },
        {
          "si": 17,
          "sti": 7,
          "dti": 215,
          "sco": 40,
          "dco": 1172,
          "txt": "paid"
        },
        {
          "si": 17,
          "sti": 8,
          "dti": 216,
          "sco": 45,
          "dco": 1177,
          "txt": "to"
        },
        {
          "si": 17,
          "sti": 9,
          "dti": 217,
          "sco": 48,
          "dco": 1180,
          "txt": "Iran"
        },
        {
          "si": 17,
          "sti": 10,
          "dti": 218,
          "sco": 53,
          "dco": 1185,
          "txt": "-"
        },
        {
          "si": 17,
          "sti": 11,
          "dti": 219,
          "sco": 55,
          "dco": 1187,
          "txt": "and"
        },
        {
          "si": 17,
          "sti": 12,
          "dti": 220,
          "sco": 59,
          "dco": 1191,
          "txt": "after"
        },
        {
          "si": 17,
          "sti": 13,
          "dti": 221,
          "sco": 65,
          "dco": 1197,
          "txt": "that"
        },
        {
          "si": 17,
          "sti": 14,
          "dti": 222,
          "sco": 69,
          "dco": 1201,
          "txt": ","
        },
        {
          "si": 17,
          "sti": 15,
          "dti": 223,
          "sco": 71,
          "dco": 1203,
          "txt": "ownership"
        },
        {
          "si": 17,
          "sti": 16,
          "dti": 224,
          "sco": 81,
          "dco": 1213,
          "txt": "would"
        },
        {
          "si": 17,
          "sti": 17,
          "dti": 225,
          "sco": 87,
          "dco": 1219,
          "txt": "be"
        },
        {
          "si": 17,
          "sti": 18,
          "dti": 226,
          "sco": 90,
          "dco": 1222,
          "txt": "transferred"
        },
        {
          "si": 17,
          "sti": 19,
          "dti": 227,
          "sco": 102,
          "dco": 1234,
          "txt": "to"
        },
        {
          "si": 17,
          "sti": 20,
          "dti": 228,
          "sco": 105,
          "dco": 1237,
          "txt": "Tajikistan"
        },
        {
          "si": 17,
          "sti": 21,
          "dti": 229,
          "sco": 115,
          "dco": 1247,
          "txt": "."
        }
      ]
    },
    "ganns": {
      "dla": [],
      "la": [],
      "ea": [],
      "eta": [
        {
          "ra": {
            "ea": {
              "etn": "Sangtuda_2_Hydroelectric_Power_Plant"
            }
          },
          "sfs": [
            [
              {
                "stn": "status"
              },
              {}
            ]
          ],
          "mfs": [
            [
              {
                "stn": "rivers"
              },
              {
                "dla": [],
                "la": [],
                "ea": [
                  {
                    "etn": "Vakhsh_River"
                  }
                ],
                "eta": []
              }
            ],
            [
              {
                "stn": "locations"
              },
              {
                "dla": [],
                "la": [],
                "ea": [],
                "eta": []
              }
            ],
            [
              {
                "stn": "openingYears"
              },
              {
                "dla": [
                  {
                    "txt": {
                      "sff": "2011"
                    },
                    "et": {
                      "etn": "Year"
                    },
                    "dp": {
                      "off": 473
                    }
                  }
                ],
                "la": [],
                "ea": [],
                "eta": []
              }
            ],
            [
              {
                "stn": "buildingStartYears"
              },
              {
                "dla": [
                  {
                    "txt": {
                      "sff": "2006"
                    },
                    "et": {
                      "etn": "Year"
                    },
                    "dp": {
                      "off": 421
                    }
                  }
                ],
                "la": [],
                "ea": [],
                "eta": []
              }
            ],
            [
              {
                "stn": "countries"
              },
              {
                "dla": [],
                "la": [],
                "ea": [
                  {
                    "etn": "Tajikistan"
                  }
                ],
                "eta": []
              }
            ]
          ]
        }
      ]
    }
  }
]
