[
  {
    "context": "TRAIN",
    "doc": {
      "id": "Santiago_Dam",
      "tl": [
        {
          "si": 0,
          "sti": 0,
          "dti": 0,
          "sco": 0,
          "dco": 0,
          "txt": "Santiago"
        },
        {
          "si": 0,
          "sti": 1,
          "dti": 1,
          "sco": 9,
          "dco": 9,
          "txt": "Dam"
        },
        {
          "si": 0,
          "sti": 2,
          "dti": 2,
          "sco": 12,
          "dco": 12,
          "txt": "."
        },
        {
          "si": 1,
          "sti": 0,
          "dti": 3,
          "sco": 0,
          "dco": 14,
          "txt": "Santiago"
        },
        {
          "si": 1,
          "sti": 1,
          "dti": 4,
          "sco": 9,
          "dco": 23,
          "txt": "Dam"
        },
        {
          "si": 1,
          "sti": 2,
          "dti": 5,
          "sco": 13,
          "dco": 27,
          "txt": "("
        },
        {
          "si": 1,
          "sti": 3,
          "dti": 6,
          "sco": 14,
          "dco": 28,
          "txt": "also"
        },
        {
          "si": 1,
          "sti": 4,
          "dti": 7,
          "sco": 19,
          "dco": 33,
          "txt": "known"
        },
        {
          "si": 1,
          "sti": 5,
          "dti": 8,
          "sco": 25,
          "dco": 39,
          "txt": "as"
        },
        {
          "si": 1,
          "sti": 6,
          "dti": 9,
          "sco": 28,
          "dco": 42,
          "txt": "Santiago"
        },
        {
          "si": 1,
          "sti": 7,
          "dti": 10,
          "sco": 37,
          "dco": 51,
          "txt": "Creek"
        },
        {
          "si": 1,
          "sti": 8,
          "dti": 11,
          "sco": 43,
          "dco": 57,
          "txt": "Dam"
        },
        {
          "si": 1,
          "sti": 9,
          "dti": 12,
          "sco": 46,
          "dco": 60,
          "txt": ")"
        },
        {
          "si": 1,
          "sti": 10,
          "dti": 13,
          "sco": 48,
          "dco": 62,
          "txt": "is"
        },
        {
          "si": 1,
          "sti": 11,
          "dti": 14,
          "sco": 51,
          "dco": 65,
          "txt": "an"
        },
        {
          "si": 1,
          "sti": 12,
          "dti": 15,
          "sco": 54,
          "dco": 68,
          "txt": "earth"
        },
        {
          "si": 1,
          "sti": 13,
          "dti": 16,
          "sco": 59,
          "dco": 73,
          "txt": "/"
        },
        {
          "si": 1,
          "sti": 14,
          "dti": 17,
          "sco": 60,
          "dco": 74,
          "txt": "rockfill"
        },
        {
          "si": 1,
          "sti": 15,
          "dti": 18,
          "sco": 69,
          "dco": 83,
          "txt": "dam"
        },
        {
          "si": 1,
          "sti": 16,
          "dti": 19,
          "sco": 73,
          "dco": 87,
          "txt": "across"
        },
        {
          "si": 1,
          "sti": 17,
          "dti": 20,
          "sco": 80,
          "dco": 94,
          "txt": "Santiago"
        },
        {
          "si": 1,
          "sti": 18,
          "dti": 21,
          "sco": 89,
          "dco": 103,
          "txt": "Creek"
        },
        {
          "si": 1,
          "sti": 19,
          "dti": 22,
          "sco": 95,
          "dco": 109,
          "txt": "in"
        },
        {
          "si": 1,
          "sti": 20,
          "dti": 23,
          "sco": 98,
          "dco": 112,
          "txt": "Orange"
        },
        {
          "si": 1,
          "sti": 21,
          "dti": 24,
          "sco": 105,
          "dco": 119,
          "txt": "County"
        },
        {
          "si": 1,
          "sti": 22,
          "dti": 25,
          "sco": 111,
          "dco": 125,
          "txt": ","
        },
        {
          "si": 1,
          "sti": 23,
          "dti": 26,
          "sco": 113,
          "dco": 127,
          "txt": "in"
        },
        {
          "si": 1,
          "sti": 24,
          "dti": 27,
          "sco": 116,
          "dco": 130,
          "txt": "the"
        },
        {
          "si": 1,
          "sti": 25,
          "dti": 28,
          "sco": 120,
          "dco": 134,
          "txt": "U"
        },
        {
          "si": 1,
          "sti": 26,
          "dti": 29,
          "sco": 121,
          "dco": 135,
          "txt": "."
        },
        {
          "si": 1,
          "sti": 27,
          "dti": 30,
          "sco": 122,
          "dco": 136,
          "txt": "S"
        },
        {
          "si": 1,
          "sti": 28,
          "dti": 31,
          "sco": 123,
          "dco": 137,
          "txt": "."
        },
        {
          "si": 1,
          "sti": 29,
          "dti": 32,
          "sco": 125,
          "dco": 139,
          "txt": "state"
        },
        {
          "si": 1,
          "sti": 30,
          "dti": 33,
          "sco": 131,
          "dco": 145,
          "txt": "of"
        },
        {
          "si": 1,
          "sti": 31,
          "dti": 34,
          "sco": 134,
          "dco": 148,
          "txt": "California"
        },
        {
          "si": 1,
          "sti": 32,
          "dti": 35,
          "sco": 144,
          "dco": 158,
          "txt": ","
        },
        {
          "si": 1,
          "sti": 33,
          "dti": 36,
          "sco": 146,
          "dco": 160,
          "txt": "forming"
        },
        {
          "si": 1,
          "sti": 34,
          "dti": 37,
          "sco": 154,
          "dco": 168,
          "txt": "Irvine"
        },
        {
          "si": 1,
          "sti": 35,
          "dti": 38,
          "sco": 161,
          "dco": 175,
          "txt": "Lake"
        },
        {
          "si": 1,
          "sti": 36,
          "dti": 39,
          "sco": 165,
          "dco": 179,
          "txt": "."
        },
        {
          "si": 2,
          "sti": 0,
          "dti": 40,
          "sco": 0,
          "dco": 181,
          "txt": "The"
        },
        {
          "si": 2,
          "sti": 1,
          "dti": 41,
          "sco": 4,
          "dco": 185,
          "txt": "earth"
        },
        {
          "si": 2,
          "sti": 2,
          "dti": 42,
          "sco": 10,
          "dco": 191,
          "txt": "dam"
        },
        {
          "si": 2,
          "sti": 3,
          "dti": 43,
          "sco": 14,
          "dco": 195,
          "txt": "and"
        },
        {
          "si": 2,
          "sti": 4,
          "dti": 44,
          "sco": 18,
          "dco": 199,
          "txt": "its"
        },
        {
          "si": 2,
          "sti": 5,
          "dti": 45,
          "sco": 22,
          "dco": 203,
          "txt": "reservoir"
        },
        {
          "si": 2,
          "sti": 6,
          "dti": 46,
          "sco": 32,
          "dco": 213,
          "txt": "serve"
        },
        {
          "si": 2,
          "sti": 7,
          "dti": 47,
          "sco": 38,
          "dco": 219,
          "txt": "for"
        },
        {
          "si": 2,
          "sti": 8,
          "dti": 48,
          "sco": 42,
          "dco": 223,
          "txt": "flood"
        },
        {
          "si": 2,
          "sti": 9,
          "dti": 49,
          "sco": 48,
          "dco": 229,
          "txt": "control"
        },
        {
          "si": 2,
          "sti": 10,
          "dti": 50,
          "sco": 56,
          "dco": 237,
          "txt": "and"
        },
        {
          "si": 2,
          "sti": 11,
          "dti": 51,
          "sco": 60,
          "dco": 241,
          "txt": "recreational"
        },
        {
          "si": 2,
          "sti": 12,
          "dti": 52,
          "sco": 73,
          "dco": 254,
          "txt": "purposes"
        },
        {
          "si": 2,
          "sti": 13,
          "dti": 53,
          "sco": 81,
          "dco": 262,
          "txt": "."
        },
        {
          "si": 3,
          "sti": 0,
          "dti": 54,
          "sco": 0,
          "dco": 264,
          "txt": "It"
        },
        {
          "si": 3,
          "sti": 1,
          "dti": 55,
          "sco": 3,
          "dco": 267,
          "txt": "lies"
        },
        {
          "si": 3,
          "sti": 2,
          "dti": 56,
          "sco": 8,
          "dco": 272,
          "txt": "upstream"
        },
        {
          "si": 3,
          "sti": 3,
          "dti": 57,
          "sco": 17,
          "dco": 281,
          "txt": "("
        },
        {
          "si": 3,
          "sti": 4,
          "dti": 58,
          "sco": 18,
          "dco": 282,
          "txt": "southeast"
        },
        {
          "si": 3,
          "sti": 5,
          "dti": 59,
          "sco": 27,
          "dco": 291,
          "txt": ")"
        },
        {
          "si": 3,
          "sti": 6,
          "dti": 60,
          "sco": 29,
          "dco": 293,
          "txt": "from"
        },
        {
          "si": 3,
          "sti": 7,
          "dti": 61,
          "sco": 34,
          "dco": 298,
          "txt": "the"
        },
        {
          "si": 3,
          "sti": 8,
          "dti": 62,
          "sco": 38,
          "dco": 302,
          "txt": "city"
        },
        {
          "si": 3,
          "sti": 9,
          "dti": 63,
          "sco": 43,
          "dco": 307,
          "txt": "of"
        },
        {
          "si": 3,
          "sti": 10,
          "dti": 64,
          "sco": 46,
          "dco": 310,
          "txt": "Orange"
        },
        {
          "si": 3,
          "sti": 11,
          "dti": 65,
          "sco": 53,
          "dco": 317,
          "txt": "and"
        },
        {
          "si": 3,
          "sti": 12,
          "dti": 66,
          "sco": 57,
          "dco": 321,
          "txt": "north"
        },
        {
          "si": 3,
          "sti": 13,
          "dti": 67,
          "sco": 63,
          "dco": 327,
          "txt": "of"
        },
        {
          "si": 3,
          "sti": 14,
          "dti": 68,
          "sco": 66,
          "dco": 330,
          "txt": "Irvine"
        },
        {
          "si": 3,
          "sti": 15,
          "dti": 69,
          "sco": 72,
          "dco": 336,
          "txt": "."
        },
        {
          "si": 4,
          "sti": 0,
          "dti": 70,
          "sco": 0,
          "dco": 338,
          "txt": "Irvine"
        },
        {
          "si": 4,
          "sti": 1,
          "dti": 71,
          "sco": 7,
          "dco": 345,
          "txt": "Lake"
        },
        {
          "si": 4,
          "sti": 2,
          "dti": 72,
          "sco": 12,
          "dco": 350,
          "txt": "is"
        },
        {
          "si": 4,
          "sti": 3,
          "dti": 73,
          "sco": 15,
          "dco": 353,
          "txt": "the"
        },
        {
          "si": 4,
          "sti": 4,
          "dti": 74,
          "sco": 19,
          "dco": 357,
          "txt": "largest"
        },
        {
          "si": 4,
          "sti": 5,
          "dti": 75,
          "sco": 27,
          "dco": 365,
          "txt": "body"
        },
        {
          "si": 4,
          "sti": 6,
          "dti": 76,
          "sco": 32,
          "dco": 370,
          "txt": "of"
        },
        {
          "si": 4,
          "sti": 7,
          "dti": 77,
          "sco": 35,
          "dco": 373,
          "txt": "fresh"
        },
        {
          "si": 4,
          "sti": 8,
          "dti": 78,
          "sco": 41,
          "dco": 379,
          "txt": "water"
        },
        {
          "si": 4,
          "sti": 9,
          "dti": 79,
          "sco": 47,
          "dco": 385,
          "txt": "entirely"
        },
        {
          "si": 4,
          "sti": 10,
          "dti": 80,
          "sco": 56,
          "dco": 394,
          "txt": "in"
        },
        {
          "si": 4,
          "sti": 11,
          "dti": 81,
          "sco": 59,
          "dco": 397,
          "txt": "Orange"
        },
        {
          "si": 4,
          "sti": 12,
          "dti": 82,
          "sco": 66,
          "dco": 404,
          "txt": "County"
        },
        {
          "si": 4,
          "sti": 13,
          "dti": 83,
          "sco": 72,
          "dco": 410,
          "txt": "."
        },
        {
          "si": 5,
          "sti": 0,
          "dti": 84,
          "sco": 0,
          "dco": 412,
          "txt": "History"
        },
        {
          "si": 5,
          "sti": 1,
          "dti": 85,
          "sco": 7,
          "dco": 419,
          "txt": "."
        },
        {
          "si": 6,
          "sti": 0,
          "dti": 86,
          "sco": 0,
          "dco": 421,
          "txt": "Construction"
        },
        {
          "si": 6,
          "sti": 1,
          "dti": 87,
          "sco": 13,
          "dco": 434,
          "txt": "on"
        },
        {
          "si": 6,
          "sti": 2,
          "dti": 88,
          "sco": 16,
          "dco": 437,
          "txt": "the"
        },
        {
          "si": 6,
          "sti": 3,
          "dti": 89,
          "sco": 20,
          "dco": 441,
          "txt": "dam"
        },
        {
          "si": 6,
          "sti": 4,
          "dti": 90,
          "sco": 24,
          "dco": 445,
          "txt": "started"
        },
        {
          "si": 6,
          "sti": 5,
          "dti": 91,
          "sco": 32,
          "dco": 453,
          "txt": "in"
        },
        {
          "si": 6,
          "sti": 6,
          "dti": 92,
          "sco": 35,
          "dco": 456,
          "txt": "1929"
        },
        {
          "si": 6,
          "sti": 7,
          "dti": 93,
          "sco": 40,
          "dco": 461,
          "txt": "with"
        },
        {
          "si": 6,
          "sti": 8,
          "dti": 94,
          "sco": 45,
          "dco": 466,
          "txt": "a"
        },
        {
          "si": 6,
          "sti": 9,
          "dti": 95,
          "sco": 47,
          "dco": 468,
          "txt": "joint"
        },
        {
          "si": 6,
          "sti": 10,
          "dti": 96,
          "sco": 53,
          "dco": 474,
          "txt": "venture"
        },
        {
          "si": 6,
          "sti": 11,
          "dti": 97,
          "sco": 61,
          "dco": 482,
          "txt": "by"
        },
        {
          "si": 6,
          "sti": 12,
          "dti": 98,
          "sco": 64,
          "dco": 485,
          "txt": "the"
        },
        {
          "si": 6,
          "sti": 13,
          "dti": 99,
          "sco": 68,
          "dco": 489,
          "txt": "Irvine"
        },
        {
          "si": 6,
          "sti": 14,
          "dti": 100,
          "sco": 75,
          "dco": 496,
          "txt": "Company"
        },
        {
          "si": 6,
          "sti": 15,
          "dti": 101,
          "sco": 83,
          "dco": 504,
          "txt": "and"
        },
        {
          "si": 6,
          "sti": 16,
          "dti": 102,
          "sco": 87,
          "dco": 508,
          "txt": "Serrano"
        },
        {
          "si": 6,
          "sti": 17,
          "dti": 103,
          "sco": 95,
          "dco": 516,
          "txt": "Irrigation"
        },
        {
          "si": 6,
          "sti": 18,
          "dti": 104,
          "sco": 106,
          "dco": 527,
          "txt": "District"
        },
        {
          "si": 6,
          "sti": 19,
          "dti": 105,
          "sco": 114,
          "dco": 535,
          "txt": "."
        },
        {
          "si": 7,
          "sti": 0,
          "dti": 106,
          "sco": 0,
          "dco": 537,
          "txt": "After"
        },
        {
          "si": 7,
          "sti": 1,
          "dti": 107,
          "sco": 6,
          "dco": 543,
          "txt": "the"
        },
        {
          "si": 7,
          "sti": 2,
          "dti": 108,
          "sco": 10,
          "dco": 547,
          "txt": "site"
        },
        {
          "si": 7,
          "sti": 3,
          "dti": 109,
          "sco": 15,
          "dco": 552,
          "txt": "was"
        },
        {
          "si": 7,
          "sti": 4,
          "dti": 110,
          "sco": 19,
          "dco": 556,
          "txt": "graded"
        },
        {
          "si": 7,
          "sti": 5,
          "dti": 111,
          "sco": 25,
          "dco": 562,
          "txt": ","
        },
        {
          "si": 7,
          "sti": 6,
          "dti": 112,
          "sco": 27,
          "dco": 564,
          "txt": "the"
        },
        {
          "si": 7,
          "sti": 7,
          "dti": 113,
          "sco": 31,
          "dco": 568,
          "txt": "dam"
        },
        {
          "si": 7,
          "sti": 8,
          "dti": 114,
          "sco": 35,
          "dco": 572,
          "txt": "was"
        },
        {
          "si": 7,
          "sti": 9,
          "dti": 115,
          "sco": 39,
          "dco": 576,
          "txt": "built"
        },
        {
          "si": 7,
          "sti": 10,
          "dti": 116,
          "sco": 45,
          "dco": 582,
          "txt": "using"
        },
        {
          "si": 7,
          "sti": 11,
          "dti": 117,
          "sco": 51,
          "dco": 588,
          "txt": "dirt"
        },
        {
          "si": 7,
          "sti": 12,
          "dti": 118,
          "sco": 56,
          "dco": 593,
          "txt": "and"
        },
        {
          "si": 7,
          "sti": 13,
          "dti": 119,
          "sco": 60,
          "dco": 597,
          "txt": "rock"
        },
        {
          "si": 7,
          "sti": 14,
          "dti": 120,
          "sco": 65,
          "dco": 602,
          "txt": "excavated"
        },
        {
          "si": 7,
          "sti": 15,
          "dti": 121,
          "sco": 75,
          "dco": 612,
          "txt": "from"
        },
        {
          "si": 7,
          "sti": 16,
          "dti": 122,
          "sco": 80,
          "dco": 617,
          "txt": "the"
        },
        {
          "si": 7,
          "sti": 17,
          "dti": 123,
          "sco": 84,
          "dco": 621,
          "txt": "sides"
        },
        {
          "si": 7,
          "sti": 18,
          "dti": 124,
          "sco": 90,
          "dco": 627,
          "txt": "of"
        },
        {
          "si": 7,
          "sti": 19,
          "dti": 125,
          "sco": 93,
          "dco": 630,
          "txt": "the"
        },
        {
          "si": 7,
          "sti": 20,
          "dti": 126,
          "sco": 97,
          "dco": 634,
          "txt": "canyon"
        },
        {
          "si": 7,
          "sti": 21,
          "dti": 127,
          "sco": 104,
          "dco": 641,
          "txt": "and"
        },
        {
          "si": 7,
          "sti": 22,
          "dti": 128,
          "sco": 108,
          "dco": 645,
          "txt": "from"
        },
        {
          "si": 7,
          "sti": 23,
          "dti": 129,
          "sco": 113,
          "dco": 650,
          "txt": "the"
        },
        {
          "si": 7,
          "sti": 24,
          "dti": 130,
          "sco": 117,
          "dco": 654,
          "txt": "streambed"
        },
        {
          "si": 7,
          "sti": 25,
          "dti": 131,
          "sco": 127,
          "dco": 664,
          "txt": "both"
        },
        {
          "si": 7,
          "sti": 26,
          "dti": 132,
          "sco": 132,
          "dco": 669,
          "txt": "above"
        },
        {
          "si": 7,
          "sti": 27,
          "dti": 133,
          "sco": 138,
          "dco": 675,
          "txt": "and"
        },
        {
          "si": 7,
          "sti": 28,
          "dti": 134,
          "sco": 142,
          "dco": 679,
          "txt": "below"
        },
        {
          "si": 7,
          "sti": 29,
          "dti": 135,
          "sco": 148,
          "dco": 685,
          "txt": "the"
        },
        {
          "si": 7,
          "sti": 30,
          "dti": 136,
          "sco": 152,
          "dco": 689,
          "txt": "dam"
        },
        {
          "si": 7,
          "sti": 31,
          "dti": 137,
          "sco": 156,
          "dco": 693,
          "txt": "site"
        },
        {
          "si": 7,
          "sti": 32,
          "dti": 138,
          "sco": 160,
          "dco": 697,
          "txt": "."
        },
        {
          "si": 8,
          "sti": 0,
          "dti": 139,
          "sco": 0,
          "dco": 699,
          "txt": "The"
        },
        {
          "si": 8,
          "sti": 1,
          "dti": 140,
          "sco": 4,
          "dco": 703,
          "txt": "structure"
        },
        {
          "si": 8,
          "sti": 2,
          "dti": 141,
          "sco": 14,
          "dco": 713,
          "txt": "was"
        },
        {
          "si": 8,
          "sti": 3,
          "dti": 142,
          "sco": 18,
          "dco": 717,
          "txt": "completed"
        },
        {
          "si": 8,
          "sti": 4,
          "dti": 143,
          "sco": 28,
          "dco": 727,
          "txt": "in"
        },
        {
          "si": 8,
          "sti": 5,
          "dti": 144,
          "sco": 31,
          "dco": 730,
          "txt": "1931"
        },
        {
          "si": 8,
          "sti": 6,
          "dti": 145,
          "sco": 36,
          "dco": 735,
          "txt": "at"
        },
        {
          "si": 8,
          "sti": 7,
          "dti": 146,
          "sco": 39,
          "dco": 738,
          "txt": "a"
        },
        {
          "si": 8,
          "sti": 8,
          "dti": 147,
          "sco": 41,
          "dco": 740,
          "txt": "cost"
        },
        {
          "si": 8,
          "sti": 9,
          "dti": 148,
          "sco": 46,
          "dco": 745,
          "txt": "of"
        },
        {
          "si": 8,
          "sti": 10,
          "dti": 149,
          "sco": 49,
          "dco": 748,
          "txt": "$"
        },
        {
          "si": 8,
          "sti": 11,
          "dti": 150,
          "sco": 50,
          "dco": 749,
          "txt": "1"
        },
        {
          "si": 8,
          "sti": 12,
          "dti": 151,
          "sco": 52,
          "dco": 751,
          "txt": "million"
        },
        {
          "si": 8,
          "sti": 13,
          "dti": 152,
          "sco": 59,
          "dco": 758,
          "txt": ","
        },
        {
          "si": 8,
          "sti": 14,
          "dti": 153,
          "sco": 61,
          "dco": 760,
          "txt": "and"
        },
        {
          "si": 8,
          "sti": 15,
          "dti": 154,
          "sco": 65,
          "dco": 764,
          "txt": "its"
        },
        {
          "si": 8,
          "sti": 16,
          "dti": 155,
          "sco": 69,
          "dco": 768,
          "txt": "reservoir"
        },
        {
          "si": 8,
          "sti": 17,
          "dti": 156,
          "sco": 78,
          "dco": 777,
          "txt": ","
        },
        {
          "si": 8,
          "sti": 18,
          "dti": 157,
          "sco": 80,
          "dco": 779,
          "txt": "Irvine"
        },
        {
          "si": 8,
          "sti": 19,
          "dti": 158,
          "sco": 87,
          "dco": 786,
          "txt": "Lake"
        },
        {
          "si": 8,
          "sti": 20,
          "dti": 159,
          "sco": 91,
          "dco": 790,
          "txt": ","
        },
        {
          "si": 8,
          "sti": 21,
          "dti": 160,
          "sco": 93,
          "dco": 792,
          "txt": "filled"
        },
        {
          "si": 8,
          "sti": 22,
          "dti": 161,
          "sco": 100,
          "dco": 799,
          "txt": "by"
        },
        {
          "si": 8,
          "sti": 23,
          "dti": 162,
          "sco": 103,
          "dco": 802,
          "txt": "1933"
        },
        {
          "si": 8,
          "sti": 24,
          "dti": 163,
          "sco": 107,
          "dco": 806,
          "txt": "."
        },
        {
          "si": 9,
          "sti": 0,
          "dti": 164,
          "sco": 0,
          "dco": 808,
          "txt": "In"
        },
        {
          "si": 9,
          "sti": 1,
          "dti": 165,
          "sco": 3,
          "dco": 811,
          "txt": "the"
        },
        {
          "si": 9,
          "sti": 2,
          "dti": 166,
          "sco": 7,
          "dco": 815,
          "txt": "late"
        },
        {
          "si": 9,
          "sti": 3,
          "dti": 167,
          "sco": 12,
          "dco": 820,
          "txt": "1930"
        },
        {
          "si": 9,
          "sti": 4,
          "dti": 168,
          "sco": 16,
          "dco": 824,
          "txt": "s"
        },
        {
          "si": 9,
          "sti": 5,
          "dti": 169,
          "sco": 17,
          "dco": 825,
          "txt": ","
        },
        {
          "si": 9,
          "sti": 6,
          "dti": 170,
          "sco": 19,
          "dco": 827,
          "txt": "the"
        },
        {
          "si": 9,
          "sti": 7,
          "dti": 171,
          "sco": 23,
          "dco": 831,
          "txt": "lake"
        },
        {
          "si": 9,
          "sti": 8,
          "dti": 172,
          "sco": 28,
          "dco": 836,
          "txt": "was"
        },
        {
          "si": 9,
          "sti": 9,
          "dti": 173,
          "sco": 32,
          "dco": 840,
          "txt": "stocked"
        },
        {
          "si": 9,
          "sti": 10,
          "dti": 174,
          "sco": 40,
          "dco": 848,
          "txt": "with"
        },
        {
          "si": 9,
          "sti": 11,
          "dti": 175,
          "sco": 45,
          "dco": 853,
          "txt": "fish"
        },
        {
          "si": 9,
          "sti": 12,
          "dti": 176,
          "sco": 49,
          "dco": 857,
          "txt": ","
        },
        {
          "si": 9,
          "sti": 13,
          "dti": 177,
          "sco": 51,
          "dco": 859,
          "txt": "and"
        },
        {
          "si": 9,
          "sti": 14,
          "dti": 178,
          "sco": 55,
          "dco": 863,
          "txt": "was"
        },
        {
          "si": 9,
          "sti": 15,
          "dti": 179,
          "sco": 59,
          "dco": 867,
          "txt": "opened"
        },
        {
          "si": 9,
          "sti": 16,
          "dti": 180,
          "sco": 66,
          "dco": 874,
          "txt": "to"
        },
        {
          "si": 9,
          "sti": 17,
          "dti": 181,
          "sco": 69,
          "dco": 877,
          "txt": "the"
        },
        {
          "si": 9,
          "sti": 18,
          "dti": 182,
          "sco": 73,
          "dco": 881,
          "txt": "public"
        },
        {
          "si": 9,
          "sti": 19,
          "dti": 183,
          "sco": 80,
          "dco": 888,
          "txt": "for"
        },
        {
          "si": 9,
          "sti": 20,
          "dti": 184,
          "sco": 84,
          "dco": 892,
          "txt": "recreational"
        },
        {
          "si": 9,
          "sti": 21,
          "dti": 185,
          "sco": 97,
          "dco": 905,
          "txt": "use"
        },
        {
          "si": 9,
          "sti": 22,
          "dti": 186,
          "sco": 101,
          "dco": 909,
          "txt": "in"
        },
        {
          "si": 9,
          "sti": 23,
          "dti": 187,
          "sco": 104,
          "dco": 912,
          "txt": "1941"
        },
        {
          "si": 9,
          "sti": 24,
          "dti": 188,
          "sco": 108,
          "dco": 916,
          "txt": "."
        },
        {
          "si": 10,
          "sti": 0,
          "dti": 189,
          "sco": 0,
          "dco": 918,
          "txt": "The"
        },
        {
          "si": 10,
          "sti": 1,
          "dti": 190,
          "sco": 4,
          "dco": 922,
          "txt": "dam"
        },
        {
          "si": 10,
          "sti": 2,
          "dti": 191,
          "sco": 8,
          "dco": 926,
          "txt": "was"
        },
        {
          "si": 10,
          "sti": 3,
          "dti": 192,
          "sco": 12,
          "dco": 930,
          "txt": "built"
        },
        {
          "si": 10,
          "sti": 4,
          "dti": 193,
          "sco": 18,
          "dco": 936,
          "txt": "to"
        },
        {
          "si": 10,
          "sti": 5,
          "dti": 194,
          "sco": 21,
          "dco": 939,
          "txt": "serve"
        },
        {
          "si": 10,
          "sti": 6,
          "dti": 195,
          "sco": 27,
          "dco": 945,
          "txt": "the"
        },
        {
          "si": 10,
          "sti": 7,
          "dti": 196,
          "sco": 31,
          "dco": 949,
          "txt": "purpose"
        },
        {
          "si": 10,
          "sti": 8,
          "dti": 197,
          "sco": 39,
          "dco": 957,
          "txt": "of"
        },
        {
          "si": 10,
          "sti": 9,
          "dti": 198,
          "sco": 42,
          "dco": 960,
          "txt": "flood"
        },
        {
          "si": 10,
          "sti": 10,
          "dti": 199,
          "sco": 48,
          "dco": 966,
          "txt": "control"
        },
        {
          "si": 10,
          "sti": 11,
          "dti": 200,
          "sco": 55,
          "dco": 973,
          "txt": ","
        },
        {
          "si": 10,
          "sti": 12,
          "dti": 201,
          "sco": 57,
          "dco": 975,
          "txt": "irrigation"
        },
        {
          "si": 10,
          "sti": 13,
          "dti": 202,
          "sco": 68,
          "dco": 986,
          "txt": "and"
        },
        {
          "si": 10,
          "sti": 14,
          "dti": 203,
          "sco": 72,
          "dco": 990,
          "txt": "municipal"
        },
        {
          "si": 10,
          "sti": 15,
          "dti": 204,
          "sco": 82,
          "dco": 1000,
          "txt": "water"
        },
        {
          "si": 10,
          "sti": 16,
          "dti": 205,
          "sco": 88,
          "dco": 1006,
          "txt": "use"
        },
        {
          "si": 10,
          "sti": 17,
          "dti": 206,
          "sco": 91,
          "dco": 1009,
          "txt": "."
        },
        {
          "si": 11,
          "sti": 0,
          "dti": 207,
          "sco": 0,
          "dco": 1011,
          "txt": "With"
        },
        {
          "si": 11,
          "sti": 1,
          "dti": 208,
          "sco": 5,
          "dco": 1016,
          "txt": "heavy"
        },
        {
          "si": 11,
          "sti": 2,
          "dti": 209,
          "sco": 11,
          "dco": 1022,
          "txt": "suburban"
        },
        {
          "si": 11,
          "sti": 3,
          "dti": 210,
          "sco": 20,
          "dco": 1031,
          "txt": "sprawl"
        },
        {
          "si": 11,
          "sti": 4,
          "dti": 211,
          "sco": 27,
          "dco": 1038,
          "txt": "downstream"
        },
        {
          "si": 11,
          "sti": 5,
          "dti": 212,
          "sco": 38,
          "dco": 1049,
          "txt": "encroaching"
        },
        {
          "si": 11,
          "sti": 6,
          "dti": 213,
          "sco": 50,
          "dco": 1061,
          "txt": "since"
        },
        {
          "si": 11,
          "sti": 7,
          "dti": 214,
          "sco": 56,
          "dco": 1067,
          "txt": "the"
        },
        {
          "si": 11,
          "sti": 8,
          "dti": 215,
          "sco": 60,
          "dco": 1071,
          "txt": "1960"
        },
        {
          "si": 11,
          "sti": 9,
          "dti": 216,
          "sco": 64,
          "dco": 1075,
          "txt": "s"
        },
        {
          "si": 11,
          "sti": 10,
          "dti": 217,
          "sco": 65,
          "dco": 1076,
          "txt": ","
        },
        {
          "si": 11,
          "sti": 11,
          "dti": 218,
          "sco": 67,
          "dco": 1078,
          "txt": "agriculture"
        },
        {
          "si": 11,
          "sti": 12,
          "dti": 219,
          "sco": 79,
          "dco": 1090,
          "txt": "along"
        },
        {
          "si": 11,
          "sti": 13,
          "dti": 220,
          "sco": 85,
          "dco": 1096,
          "txt": "lower"
        },
        {
          "si": 11,
          "sti": 14,
          "dti": 221,
          "sco": 91,
          "dco": 1102,
          "txt": "Santiago"
        },
        {
          "si": 11,
          "sti": 15,
          "dti": 222,
          "sco": 100,
          "dco": 1111,
          "txt": "Creek"
        },
        {
          "si": 11,
          "sti": 16,
          "dti": 223,
          "sco": 106,
          "dco": 1117,
          "txt": "has"
        },
        {
          "si": 11,
          "sti": 17,
          "dti": 224,
          "sco": 110,
          "dco": 1121,
          "txt": "practically"
        },
        {
          "si": 11,
          "sti": 18,
          "dti": 225,
          "sco": 122,
          "dco": 1133,
          "txt": "ceased"
        },
        {
          "si": 11,
          "sti": 19,
          "dti": 226,
          "sco": 128,
          "dco": 1139,
          "txt": "."
        },
        {
          "si": 12,
          "sti": 0,
          "dti": 227,
          "sco": 0,
          "dco": 1141,
          "txt": "It"
        },
        {
          "si": 12,
          "sti": 1,
          "dti": 228,
          "sco": 3,
          "dco": 1144,
          "txt": "is"
        },
        {
          "si": 12,
          "sti": 2,
          "dti": 229,
          "sco": 6,
          "dco": 1147,
          "txt": "currently"
        },
        {
          "si": 12,
          "sti": 3,
          "dti": 230,
          "sco": 16,
          "dco": 1157,
          "txt": "owned"
        },
        {
          "si": 12,
          "sti": 4,
          "dti": 231,
          "sco": 22,
          "dco": 1163,
          "txt": "by"
        },
        {
          "si": 12,
          "sti": 5,
          "dti": 232,
          "sco": 25,
          "dco": 1166,
          "txt": "the"
        },
        {
          "si": 12,
          "sti": 6,
          "dti": 233,
          "sco": 29,
          "dco": 1170,
          "txt": "Irvine"
        },
        {
          "si": 12,
          "sti": 7,
          "dti": 234,
          "sco": 36,
          "dco": 1177,
          "txt": "Ranch"
        },
        {
          "si": 12,
          "sti": 8,
          "dti": 235,
          "sco": 42,
          "dco": 1183,
          "txt": "Water"
        },
        {
          "si": 12,
          "sti": 9,
          "dti": 236,
          "sco": 48,
          "dco": 1189,
          "txt": "District"
        },
        {
          "si": 12,
          "sti": 10,
          "dti": 237,
          "sco": 57,
          "dco": 1198,
          "txt": "and"
        },
        {
          "si": 12,
          "sti": 11,
          "dti": 238,
          "sco": 61,
          "dco": 1202,
          "txt": "the"
        },
        {
          "si": 12,
          "sti": 12,
          "dti": 239,
          "sco": 65,
          "dco": 1206,
          "txt": "Serrano"
        },
        {
          "si": 12,
          "sti": 13,
          "dti": 240,
          "sco": 73,
          "dco": 1214,
          "txt": "Water"
        },
        {
          "si": 12,
          "sti": 14,
          "dti": 241,
          "sco": 79,
          "dco": 1220,
          "txt": "District"
        },
        {
          "si": 12,
          "sti": 15,
          "dti": 242,
          "sco": 88,
          "dco": 1229,
          "txt": "("
        },
        {
          "si": 12,
          "sti": 16,
          "dti": 243,
          "sco": 89,
          "dco": 1230,
          "txt": "the"
        },
        {
          "si": 12,
          "sti": 17,
          "dti": 244,
          "sco": 93,
          "dco": 1234,
          "txt": "former"
        },
        {
          "si": 12,
          "sti": 18,
          "dti": 245,
          "sco": 100,
          "dco": 1241,
          "txt": "Serrano"
        },
        {
          "si": 12,
          "sti": 19,
          "dti": 246,
          "sco": 108,
          "dco": 1249,
          "txt": "Irrigation"
        },
        {
          "si": 12,
          "sti": 20,
          "dti": 247,
          "sco": 119,
          "dco": 1260,
          "txt": "District"
        },
        {
          "si": 12,
          "sti": 21,
          "dti": 248,
          "sco": 127,
          "dco": 1268,
          "txt": ")"
        },
        {
          "si": 12,
          "sti": 22,
          "dti": 249,
          "sco": 128,
          "dco": 1269,
          "txt": "."
        },
        {
          "si": 13,
          "sti": 0,
          "dti": 250,
          "sco": 0,
          "dco": 1271,
          "txt": "Today"
        },
        {
          "si": 13,
          "sti": 1,
          "dti": 251,
          "sco": 6,
          "dco": 1277,
          "txt": "the"
        },
        {
          "si": 13,
          "sti": 2,
          "dti": 252,
          "sco": 10,
          "dco": 1281,
          "txt": "dam"
        },
        {
          "si": 13,
          "sti": 3,
          "dti": 253,
          "sco": 14,
          "dco": 1285,
          "txt": "marks"
        },
        {
          "si": 13,
          "sti": 4,
          "dti": 254,
          "sco": 20,
          "dco": 1291,
          "txt": "the"
        },
        {
          "si": 13,
          "sti": 5,
          "dti": 255,
          "sco": 24,
          "dco": 1295,
          "txt": "usual"
        },
        {
          "si": 13,
          "sti": 6,
          "dti": 256,
          "sco": 30,
          "dco": 1301,
          "txt": "ending"
        },
        {
          "si": 13,
          "sti": 7,
          "dti": 257,
          "sco": 37,
          "dco": 1308,
          "txt": "point"
        },
        {
          "si": 13,
          "sti": 8,
          "dti": 258,
          "sco": 43,
          "dco": 1314,
          "txt": "of"
        },
        {
          "si": 13,
          "sti": 9,
          "dti": 259,
          "sco": 46,
          "dco": 1317,
          "txt": "surface"
        },
        {
          "si": 13,
          "sti": 10,
          "dti": 260,
          "sco": 54,
          "dco": 1325,
          "txt": "flow"
        },
        {
          "si": 13,
          "sti": 11,
          "dti": 261,
          "sco": 59,
          "dco": 1330,
          "txt": "in"
        },
        {
          "si": 13,
          "sti": 12,
          "dti": 262,
          "sco": 62,
          "dco": 1333,
          "txt": "Santiago"
        },
        {
          "si": 13,
          "sti": 13,
          "dti": 263,
          "sco": 71,
          "dco": 1342,
          "txt": "Creek"
        },
        {
          "si": 13,
          "sti": 14,
          "dti": 264,
          "sco": 76,
          "dco": 1347,
          "txt": ","
        },
        {
          "si": 13,
          "sti": 15,
          "dti": 265,
          "sco": 78,
          "dco": 1349,
          "txt": "as"
        },
        {
          "si": 13,
          "sti": 16,
          "dti": 266,
          "sco": 81,
          "dco": 1352,
          "txt": "all"
        },
        {
          "si": 13,
          "sti": 17,
          "dti": 267,
          "sco": 85,
          "dco": 1356,
          "txt": "the"
        },
        {
          "si": 13,
          "sti": 18,
          "dti": 268,
          "sco": 89,
          "dco": 1360,
          "txt": "discharge"
        },
        {
          "si": 13,
          "sti": 19,
          "dti": 269,
          "sco": 99,
          "dco": 1370,
          "txt": "is"
        },
        {
          "si": 13,
          "sti": 20,
          "dti": 270,
          "sco": 102,
          "dco": 1373,
          "txt": "retained"
        },
        {
          "si": 13,
          "sti": 21,
          "dti": 271,
          "sco": 111,
          "dco": 1382,
          "txt": "in"
        },
        {
          "si": 13,
          "sti": 22,
          "dti": 272,
          "sco": 114,
          "dco": 1385,
          "txt": "the"
        },
        {
          "si": 13,
          "sti": 23,
          "dti": 273,
          "sco": 118,
          "dco": 1389,
          "txt": "reservoir"
        },
        {
          "si": 13,
          "sti": 24,
          "dti": 274,
          "sco": 128,
          "dco": 1399,
          "txt": "and"
        },
        {
          "si": 13,
          "sti": 25,
          "dti": 275,
          "sco": 132,
          "dco": 1403,
          "txt": "downstream"
        },
        {
          "si": 13,
          "sti": 26,
          "dti": 276,
          "sco": 143,
          "dco": 1414,
          "txt": "flow"
        },
        {
          "si": 13,
          "sti": 27,
          "dti": 277,
          "sco": 148,
          "dco": 1419,
          "txt": "is"
        },
        {
          "si": 13,
          "sti": 28,
          "dti": 278,
          "sco": 151,
          "dco": 1422,
          "txt": "limited"
        },
        {
          "si": 13,
          "sti": 29,
          "dti": 279,
          "sco": 159,
          "dco": 1430,
          "txt": "to"
        },
        {
          "si": 13,
          "sti": 30,
          "dti": 280,
          "sco": 162,
          "dco": 1433,
          "txt": "seepage"
        },
        {
          "si": 13,
          "sti": 31,
          "dti": 281,
          "sco": 170,
          "dco": 1441,
          "txt": "and"
        },
        {
          "si": 13,
          "sti": 32,
          "dti": 282,
          "sco": 174,
          "dco": 1445,
          "txt": "stormwater"
        },
        {
          "si": 13,
          "sti": 33,
          "dti": 283,
          "sco": 184,
          "dco": 1455,
          "txt": "."
        },
        {
          "si": 14,
          "sti": 0,
          "dti": 284,
          "sco": 0,
          "dco": 1457,
          "txt": "Statistics"
        },
        {
          "si": 14,
          "sti": 1,
          "dti": 285,
          "sco": 10,
          "dco": 1467,
          "txt": "."
        },
        {
          "si": 15,
          "sti": 0,
          "dti": 286,
          "sco": 0,
          "dco": 1469,
          "txt": "The"
        },
        {
          "si": 15,
          "sti": 1,
          "dti": 287,
          "sco": 4,
          "dco": 1473,
          "txt": "Santiago"
        },
        {
          "si": 15,
          "sti": 2,
          "dti": 288,
          "sco": 13,
          "dco": 1482,
          "txt": "Dam"
        },
        {
          "si": 15,
          "sti": 3,
          "dti": 289,
          "sco": 17,
          "dco": 1486,
          "txt": "is"
        },
        {
          "si": 15,
          "sti": 4,
          "dti": 290,
          "sco": 20,
          "dco": 1489,
          "txt": "a"
        },
        {
          "si": 15,
          "sti": 5,
          "dti": 291,
          "sco": 22,
          "dco": 1491,
          "txt": "roller"
        },
        {
          "si": 15,
          "sti": 6,
          "dti": 292,
          "sco": 29,
          "dco": 1498,
          "txt": "compacted"
        },
        {
          "si": 15,
          "sti": 7,
          "dti": 293,
          "sco": 39,
          "dco": 1508,
          "txt": "earth"
        },
        {
          "si": 15,
          "sti": 8,
          "dti": 294,
          "sco": 45,
          "dco": 1514,
          "txt": "and"
        },
        {
          "si": 15,
          "sti": 9,
          "dti": 295,
          "sco": 49,
          "dco": 1518,
          "txt": "rockfill"
        },
        {
          "si": 15,
          "sti": 10,
          "dti": 296,
          "sco": 58,
          "dco": 1527,
          "txt": "structure"
        },
        {
          "si": 15,
          "sti": 11,
          "dti": 297,
          "sco": 68,
          "dco": 1537,
          "txt": "high"
        },
        {
          "si": 15,
          "sti": 12,
          "dti": 298,
          "sco": 73,
          "dco": 1542,
          "txt": "and"
        },
        {
          "si": 15,
          "sti": 13,
          "dti": 299,
          "sco": 77,
          "dco": 1546,
          "txt": "long"
        },
        {
          "si": 15,
          "sti": 14,
          "dti": 300,
          "sco": 81,
          "dco": 1550,
          "txt": "."
        },
        {
          "si": 16,
          "sti": 0,
          "dti": 301,
          "sco": 0,
          "dco": 1552,
          "txt": "It"
        },
        {
          "si": 16,
          "sti": 1,
          "dti": 302,
          "sco": 3,
          "dco": 1555,
          "txt": "is"
        },
        {
          "si": 16,
          "sti": 2,
          "dti": 303,
          "sco": 6,
          "dco": 1558,
          "txt": "roughly"
        },
        {
          "si": 16,
          "sti": 3,
          "dti": 304,
          "sco": 14,
          "dco": 1566,
          "txt": "wide"
        },
        {
          "si": 16,
          "sti": 4,
          "dti": 305,
          "sco": 19,
          "dco": 1571,
          "txt": "at"
        },
        {
          "si": 16,
          "sti": 5,
          "dti": 306,
          "sco": 22,
          "dco": 1574,
          "txt": "the"
        },
        {
          "si": 16,
          "sti": 6,
          "dti": 307,
          "sco": 26,
          "dco": 1578,
          "txt": "base"
        },
        {
          "si": 16,
          "sti": 7,
          "dti": 308,
          "sco": 31,
          "dco": 1583,
          "txt": "and"
        },
        {
          "si": 16,
          "sti": 8,
          "dti": 309,
          "sco": 35,
          "dco": 1587,
          "txt": "contains"
        },
        {
          "si": 16,
          "sti": 9,
          "dti": 310,
          "sco": 44,
          "dco": 1596,
          "txt": "some"
        },
        {
          "si": 16,
          "sti": 10,
          "dti": 311,
          "sco": 49,
          "dco": 1601,
          "txt": "of"
        },
        {
          "si": 16,
          "sti": 11,
          "dti": 312,
          "sco": 52,
          "dco": 1604,
          "txt": "material"
        },
        {
          "si": 16,
          "sti": 12,
          "dti": 313,
          "sco": 60,
          "dco": 1612,
          "txt": "."
        },
        {
          "si": 17,
          "sti": 0,
          "dti": 314,
          "sco": 0,
          "dco": 1614,
          "txt": "The"
        },
        {
          "si": 17,
          "sti": 1,
          "dti": 315,
          "sco": 4,
          "dco": 1618,
          "txt": "dam"
        },
        {
          "si": 17,
          "sti": 2,
          "dti": 316,
          "sco": 7,
          "dco": 1621,
          "txt": "'"
        },
        {
          "si": 17,
          "sti": 3,
          "dti": 317,
          "sco": 8,
          "dco": 1622,
          "txt": "s"
        },
        {
          "si": 17,
          "sti": 4,
          "dti": 318,
          "sco": 10,
          "dco": 1624,
          "txt": "spillway"
        },
        {
          "si": 17,
          "sti": 5,
          "dti": 319,
          "sco": 19,
          "dco": 1633,
          "txt": "is"
        },
        {
          "si": 17,
          "sti": 6,
          "dti": 320,
          "sco": 22,
          "dco": 1636,
          "txt": "a"
        },
        {
          "si": 17,
          "sti": 7,
          "dti": 321,
          "sco": 24,
          "dco": 1638,
          "txt": "concrete"
        },
        {
          "si": 17,
          "sti": 8,
          "dti": 322,
          "sco": 33,
          "dco": 1647,
          "txt": "overflow"
        },
        {
          "si": 17,
          "sti": 9,
          "dti": 323,
          "sco": 42,
          "dco": 1656,
          "txt": "structure"
        },
        {
          "si": 17,
          "sti": 10,
          "dti": 324,
          "sco": 52,
          "dco": 1666,
          "txt": "to"
        },
        {
          "si": 17,
          "sti": 11,
          "dti": 325,
          "sco": 55,
          "dco": 1669,
          "txt": "the"
        },
        {
          "si": 17,
          "sti": 12,
          "dti": 326,
          "sco": 59,
          "dco": 1673,
          "txt": "left"
        },
        {
          "si": 17,
          "sti": 13,
          "dti": 327,
          "sco": 64,
          "dco": 1678,
          "txt": "side"
        },
        {
          "si": 17,
          "sti": 14,
          "dti": 328,
          "sco": 68,
          "dco": 1682,
          "txt": ","
        },
        {
          "si": 17,
          "sti": 15,
          "dti": 329,
          "sco": 70,
          "dco": 1684,
          "txt": "equipped"
        },
        {
          "si": 17,
          "sti": 16,
          "dti": 330,
          "sco": 79,
          "dco": 1693,
          "txt": "with"
        },
        {
          "si": 17,
          "sti": 17,
          "dti": 331,
          "sco": 84,
          "dco": 1698,
          "txt": "nine"
        },
        {
          "si": 17,
          "sti": 18,
          "dti": 332,
          "sco": 89,
          "dco": 1703,
          "txt": "openings"
        },
        {
          "si": 17,
          "sti": 19,
          "dti": 333,
          "sco": 98,
          "dco": 1712,
          "txt": "each"
        },
        {
          "si": 17,
          "sti": 20,
          "dti": 334,
          "sco": 103,
          "dco": 1717,
          "txt": "wide"
        },
        {
          "si": 17,
          "sti": 21,
          "dti": 335,
          "sco": 108,
          "dco": 1722,
          "txt": "and"
        },
        {
          "si": 17,
          "sti": 22,
          "dti": 336,
          "sco": 112,
          "dco": 1726,
          "txt": "high"
        },
        {
          "si": 17,
          "sti": 23,
          "dti": 337,
          "sco": 116,
          "dco": 1730,
          "txt": ","
        },
        {
          "si": 17,
          "sti": 24,
          "dti": 338,
          "sco": 118,
          "dco": 1732,
          "txt": "able"
        },
        {
          "si": 17,
          "sti": 25,
          "dti": 339,
          "sco": 123,
          "dco": 1737,
          "txt": "to"
        },
        {
          "si": 17,
          "sti": 26,
          "dti": 340,
          "sco": 126,
          "dco": 1740,
          "txt": "pass"
        },
        {
          "si": 17,
          "sti": 27,
          "dti": 341,
          "sco": 131,
          "dco": 1745,
          "txt": "a"
        },
        {
          "si": 17,
          "sti": 28,
          "dti": 342,
          "sco": 133,
          "dco": 1747,
          "txt": "flow"
        },
        {
          "si": 17,
          "sti": 29,
          "dti": 343,
          "sco": 138,
          "dco": 1752,
          "txt": "exceeding"
        },
        {
          "si": 17,
          "sti": 30,
          "dti": 344,
          "sco": 147,
          "dco": 1761,
          "txt": "."
        },
        {
          "si": 18,
          "sti": 0,
          "dti": 345,
          "sco": 0,
          "dco": 1763,
          "txt": "This"
        },
        {
          "si": 18,
          "sti": 1,
          "dti": 346,
          "sco": 5,
          "dco": 1768,
          "txt": "spillway"
        },
        {
          "si": 18,
          "sti": 2,
          "dti": 347,
          "sco": 14,
          "dco": 1777,
          "txt": "has"
        },
        {
          "si": 18,
          "sti": 3,
          "dti": 348,
          "sco": 18,
          "dco": 1781,
          "txt": "only"
        },
        {
          "si": 18,
          "sti": 4,
          "dti": 349,
          "sco": 23,
          "dco": 1786,
          "txt": "been"
        },
        {
          "si": 18,
          "sti": 5,
          "dti": 350,
          "sco": 28,
          "dco": 1791,
          "txt": "used"
        },
        {
          "si": 18,
          "sti": 6,
          "dti": 351,
          "sco": 33,
          "dco": 1796,
          "txt": "a"
        },
        {
          "si": 18,
          "sti": 7,
          "dti": 352,
          "sco": 35,
          "dco": 1798,
          "txt": "few"
        },
        {
          "si": 18,
          "sti": 8,
          "dti": 353,
          "sco": 39,
          "dco": 1802,
          "txt": "times"
        },
        {
          "si": 18,
          "sti": 9,
          "dti": 354,
          "sco": 44,
          "dco": 1807,
          "txt": ","
        },
        {
          "si": 18,
          "sti": 10,
          "dti": 355,
          "sco": 46,
          "dco": 1809,
          "txt": "such"
        },
        {
          "si": 18,
          "sti": 11,
          "dti": 356,
          "sco": 51,
          "dco": 1814,
          "txt": "as"
        },
        {
          "si": 18,
          "sti": 12,
          "dti": 357,
          "sco": 54,
          "dco": 1817,
          "txt": "the"
        },
        {
          "si": 18,
          "sti": 13,
          "dti": 358,
          "sco": 58,
          "dco": 1821,
          "txt": "floods"
        },
        {
          "si": 18,
          "sti": 14,
          "dti": 359,
          "sco": 65,
          "dco": 1828,
          "txt": "of"
        },
        {
          "si": 18,
          "sti": 15,
          "dti": 360,
          "sco": 68,
          "dco": 1831,
          "txt": "1938"
        },
        {
          "si": 18,
          "sti": 16,
          "dti": 361,
          "sco": 72,
          "dco": 1835,
          "txt": ","
        },
        {
          "si": 18,
          "sti": 17,
          "dti": 362,
          "sco": 74,
          "dco": 1837,
          "txt": "1969"
        },
        {
          "si": 18,
          "sti": 18,
          "dti": 363,
          "sco": 78,
          "dco": 1841,
          "txt": ","
        },
        {
          "si": 18,
          "sti": 19,
          "dti": 364,
          "sco": 80,
          "dco": 1843,
          "txt": "1983"
        },
        {
          "si": 18,
          "sti": 20,
          "dti": 365,
          "sco": 84,
          "dco": 1847,
          "txt": ","
        },
        {
          "si": 18,
          "sti": 21,
          "dti": 366,
          "sco": 86,
          "dco": 1849,
          "txt": "1998"
        },
        {
          "si": 18,
          "sti": 22,
          "dti": 367,
          "sco": 91,
          "dco": 1854,
          "txt": "and"
        },
        {
          "si": 18,
          "sti": 23,
          "dti": 368,
          "sco": 95,
          "dco": 1858,
          "txt": "2005"
        },
        {
          "si": 18,
          "sti": 24,
          "dti": 369,
          "sco": 99,
          "dco": 1862,
          "txt": "."
        },
        {
          "si": 19,
          "sti": 0,
          "dti": 370,
          "sco": 0,
          "dco": 1864,
          "txt": "The"
        },
        {
          "si": 19,
          "sti": 1,
          "dti": 371,
          "sco": 4,
          "dco": 1868,
          "txt": "dam"
        },
        {
          "si": 19,
          "sti": 2,
          "dti": 372,
          "sco": 8,
          "dco": 1872,
          "txt": "crest"
        },
        {
          "si": 19,
          "sti": 3,
          "dti": 373,
          "sco": 14,
          "dco": 1878,
          "txt": "is"
        },
        {
          "si": 19,
          "sti": 4,
          "dti": 374,
          "sco": 17,
          "dco": 1881,
          "txt": "above"
        },
        {
          "si": 19,
          "sti": 5,
          "dti": 375,
          "sco": 23,
          "dco": 1887,
          "txt": "sea"
        },
        {
          "si": 19,
          "sti": 6,
          "dti": 376,
          "sco": 27,
          "dco": 1891,
          "txt": "level"
        },
        {
          "si": 19,
          "sti": 7,
          "dti": 377,
          "sco": 32,
          "dco": 1896,
          "txt": "."
        },
        {
          "si": 20,
          "sti": 0,
          "dti": 378,
          "sco": 0,
          "dco": 1898,
          "txt": "Irvine"
        },
        {
          "si": 20,
          "sti": 1,
          "dti": 379,
          "sco": 7,
          "dco": 1905,
          "txt": "Lake"
        },
        {
          "si": 20,
          "sti": 2,
          "dti": 380,
          "sco": 12,
          "dco": 1910,
          "txt": "is"
        },
        {
          "si": 20,
          "sti": 3,
          "dti": 381,
          "sco": 15,
          "dco": 1913,
          "txt": "the"
        },
        {
          "si": 20,
          "sti": 4,
          "dti": 382,
          "sco": 19,
          "dco": 1917,
          "txt": "reservoir"
        },
        {
          "si": 20,
          "sti": 5,
          "dti": 383,
          "sco": 29,
          "dco": 1927,
          "txt": "formed"
        },
        {
          "si": 20,
          "sti": 6,
          "dti": 384,
          "sco": 36,
          "dco": 1934,
          "txt": "behind"
        },
        {
          "si": 20,
          "sti": 7,
          "dti": 385,
          "sco": 43,
          "dco": 1941,
          "txt": "the"
        },
        {
          "si": 20,
          "sti": 8,
          "dti": 386,
          "sco": 47,
          "dco": 1945,
          "txt": "dam"
        },
        {
          "si": 20,
          "sti": 9,
          "dti": 387,
          "sco": 50,
          "dco": 1948,
          "txt": ","
        },
        {
          "si": 20,
          "sti": 10,
          "dti": 388,
          "sco": 52,
          "dco": 1950,
          "txt": "and"
        },
        {
          "si": 20,
          "sti": 11,
          "dti": 389,
          "sco": 56,
          "dco": 1954,
          "txt": "has"
        },
        {
          "si": 20,
          "sti": 12,
          "dti": 390,
          "sco": 60,
          "dco": 1958,
          "txt": "a"
        },
        {
          "si": 20,
          "sti": 13,
          "dti": 391,
          "sco": 62,
          "dco": 1960,
          "txt": "normal"
        },
        {
          "si": 20,
          "sti": 14,
          "dti": 392,
          "sco": 69,
          "dco": 1967,
          "txt": "storage"
        },
        {
          "si": 20,
          "sti": 15,
          "dti": 393,
          "sco": 77,
          "dco": 1975,
          "txt": "of"
        },
        {
          "si": 20,
          "sti": 16,
          "dti": 394,
          "sco": 80,
          "dco": 1978,
          "txt": "at"
        },
        {
          "si": 20,
          "sti": 17,
          "dti": 395,
          "sco": 83,
          "dco": 1981,
          "txt": "elevation"
        },
        {
          "si": 20,
          "sti": 18,
          "dti": 396,
          "sco": 92,
          "dco": 1990,
          "txt": "."
        },
        {
          "si": 21,
          "sti": 0,
          "dti": 397,
          "sco": 0,
          "dco": 1992,
          "txt": "Maximum"
        },
        {
          "si": 21,
          "sti": 1,
          "dti": 398,
          "sco": 8,
          "dco": 2000,
          "txt": "storage"
        },
        {
          "si": 21,
          "sti": 2,
          "dti": 399,
          "sco": 16,
          "dco": 2008,
          "txt": "is"
        },
        {
          "si": 21,
          "sti": 3,
          "dti": 400,
          "sco": 19,
          "dco": 2011,
          "txt": "in"
        },
        {
          "si": 21,
          "sti": 4,
          "dti": 401,
          "sco": 22,
          "dco": 2014,
          "txt": "the"
        },
        {
          "si": 21,
          "sti": 5,
          "dti": 402,
          "sco": 26,
          "dco": 2018,
          "txt": "event"
        },
        {
          "si": 21,
          "sti": 6,
          "dti": 403,
          "sco": 32,
          "dco": 2024,
          "txt": "of"
        },
        {
          "si": 21,
          "sti": 7,
          "dti": 404,
          "sco": 35,
          "dco": 2027,
          "txt": "a"
        },
        {
          "si": 21,
          "sti": 8,
          "dti": 405,
          "sco": 37,
          "dco": 2029,
          "txt": "flood"
        },
        {
          "si": 21,
          "sti": 9,
          "dti": 406,
          "sco": 42,
          "dco": 2034,
          "txt": "."
        },
        {
          "si": 22,
          "sti": 0,
          "dti": 407,
          "sco": 0,
          "dco": 2036,
          "txt": "This"
        },
        {
          "si": 22,
          "sti": 1,
          "dti": 408,
          "sco": 5,
          "dco": 2041,
          "txt": "reservoir"
        },
        {
          "si": 22,
          "sti": 2,
          "dti": 409,
          "sco": 15,
          "dco": 2051,
          "txt": "is"
        },
        {
          "si": 22,
          "sti": 3,
          "dti": 410,
          "sco": 18,
          "dco": 2054,
          "txt": "not"
        },
        {
          "si": 22,
          "sti": 4,
          "dti": 411,
          "sco": 22,
          "dco": 2058,
          "txt": "only"
        },
        {
          "si": 22,
          "sti": 5,
          "dti": 412,
          "sco": 27,
          "dco": 2063,
          "txt": "the"
        },
        {
          "si": 22,
          "sti": 6,
          "dti": 413,
          "sco": 31,
          "dco": 2067,
          "txt": "largest"
        },
        {
          "si": 22,
          "sti": 7,
          "dti": 414,
          "sco": 39,
          "dco": 2075,
          "txt": "man"
        },
        {
          "si": 22,
          "sti": 8,
          "dti": 415,
          "sco": 42,
          "dco": 2078,
          "txt": "-"
        },
        {
          "si": 22,
          "sti": 9,
          "dti": 416,
          "sco": 43,
          "dco": 2079,
          "txt": "made"
        },
        {
          "si": 22,
          "sti": 10,
          "dti": 417,
          "sco": 48,
          "dco": 2084,
          "txt": "lake"
        },
        {
          "si": 22,
          "sti": 11,
          "dti": 418,
          "sco": 53,
          "dco": 2089,
          "txt": "in"
        },
        {
          "si": 22,
          "sti": 12,
          "dti": 419,
          "sco": 56,
          "dco": 2092,
          "txt": "Orange"
        },
        {
          "si": 22,
          "sti": 13,
          "dti": 420,
          "sco": 63,
          "dco": 2099,
          "txt": "County"
        },
        {
          "si": 22,
          "sti": 14,
          "dti": 421,
          "sco": 69,
          "dco": 2105,
          "txt": ","
        },
        {
          "si": 22,
          "sti": 15,
          "dti": 422,
          "sco": 71,
          "dco": 2107,
          "txt": "but"
        },
        {
          "si": 22,
          "sti": 16,
          "dti": 423,
          "sco": 75,
          "dco": 2111,
          "txt": "is"
        },
        {
          "si": 22,
          "sti": 17,
          "dti": 424,
          "sco": 78,
          "dco": 2114,
          "txt": "also"
        },
        {
          "si": 22,
          "sti": 18,
          "dti": 425,
          "sco": 83,
          "dco": 2119,
          "txt": "the"
        },
        {
          "si": 22,
          "sti": 19,
          "dti": 426,
          "sco": 87,
          "dco": 2123,
          "txt": "largest"
        },
        {
          "si": 22,
          "sti": 20,
          "dti": 427,
          "sco": 95,
          "dco": 2131,
          "txt": "body"
        },
        {
          "si": 22,
          "sti": 21,
          "dti": 428,
          "sco": 100,
          "dco": 2136,
          "txt": "of"
        },
        {
          "si": 22,
          "sti": 22,
          "dti": 429,
          "sco": 103,
          "dco": 2139,
          "txt": "fresh"
        },
        {
          "si": 22,
          "sti": 23,
          "dti": 430,
          "sco": 109,
          "dco": 2145,
          "txt": "water"
        },
        {
          "si": 22,
          "sti": 24,
          "dti": 431,
          "sco": 115,
          "dco": 2151,
          "txt": "entirely"
        },
        {
          "si": 22,
          "sti": 25,
          "dti": 432,
          "sco": 124,
          "dco": 2160,
          "txt": "in"
        },
        {
          "si": 22,
          "sti": 26,
          "dti": 433,
          "sco": 127,
          "dco": 2163,
          "txt": "the"
        },
        {
          "si": 22,
          "sti": 27,
          "dti": 434,
          "sco": 131,
          "dco": 2167,
          "txt": "county"
        },
        {
          "si": 22,
          "sti": 28,
          "dti": 435,
          "sco": 137,
          "dco": 2173,
          "txt": "."
        },
        {
          "si": 23,
          "sti": 0,
          "dti": 436,
          "sco": 0,
          "dco": 2175,
          "txt": "The"
        },
        {
          "si": 23,
          "sti": 1,
          "dti": 437,
          "sco": 4,
          "dco": 2179,
          "txt": "lake"
        },
        {
          "si": 23,
          "sti": 2,
          "dti": 438,
          "sco": 9,
          "dco": 2184,
          "txt": "covers"
        },
        {
          "si": 23,
          "sti": 3,
          "dti": 439,
          "sco": 16,
          "dco": 2191,
          "txt": "about"
        },
        {
          "si": 23,
          "sti": 4,
          "dti": 440,
          "sco": 22,
          "dco": 2197,
          "txt": "and"
        },
        {
          "si": 23,
          "sti": 5,
          "dti": 441,
          "sco": 26,
          "dco": 2201,
          "txt": "is"
        },
        {
          "si": 23,
          "sti": 6,
          "dti": 442,
          "sco": 29,
          "dco": 2204,
          "txt": "stocked"
        },
        {
          "si": 23,
          "sti": 7,
          "dti": 443,
          "sco": 37,
          "dco": 2212,
          "txt": "with"
        },
        {
          "si": 23,
          "sti": 8,
          "dti": 444,
          "sco": 42,
          "dco": 2217,
          "txt": "several"
        },
        {
          "si": 23,
          "sti": 9,
          "dti": 445,
          "sco": 50,
          "dco": 2225,
          "txt": "species"
        },
        {
          "si": 23,
          "sti": 10,
          "dti": 446,
          "sco": 58,
          "dco": 2233,
          "txt": "of"
        },
        {
          "si": 23,
          "sti": 11,
          "dti": 447,
          "sco": 61,
          "dco": 2236,
          "txt": "fish"
        },
        {
          "si": 23,
          "sti": 12,
          "dti": 448,
          "sco": 65,
          "dco": 2240,
          "txt": "."
        },
        {
          "si": 24,
          "sti": 0,
          "dti": 449,
          "sco": 0,
          "dco": 2242,
          "txt": "A"
        },
        {
          "si": 24,
          "sti": 1,
          "dti": 450,
          "sco": 2,
          "dco": 2244,
          "txt": "fishing"
        },
        {
          "si": 24,
          "sti": 2,
          "dti": 451,
          "sco": 10,
          "dco": 2252,
          "txt": "license"
        },
        {
          "si": 24,
          "sti": 3,
          "dti": 452,
          "sco": 18,
          "dco": 2260,
          "txt": "is"
        },
        {
          "si": 24,
          "sti": 4,
          "dti": 453,
          "sco": 21,
          "dco": 2263,
          "txt": "not"
        },
        {
          "si": 24,
          "sti": 5,
          "dti": 454,
          "sco": 25,
          "dco": 2267,
          "txt": "required"
        },
        {
          "si": 24,
          "sti": 6,
          "dti": 455,
          "sco": 33,
          "dco": 2275,
          "txt": "."
        },
        {
          "si": 25,
          "sti": 0,
          "dti": 456,
          "sco": 0,
          "dco": 2277,
          "txt": "The"
        },
        {
          "si": 25,
          "sti": 1,
          "dti": 457,
          "sco": 4,
          "dco": 2281,
          "txt": "dam"
        },
        {
          "si": 25,
          "sti": 2,
          "dti": 458,
          "sco": 8,
          "dco": 2285,
          "txt": "and"
        },
        {
          "si": 25,
          "sti": 3,
          "dti": 459,
          "sco": 12,
          "dco": 2289,
          "txt": "reservoir"
        },
        {
          "si": 25,
          "sti": 4,
          "dti": 460,
          "sco": 22,
          "dco": 2299,
          "txt": "receive"
        },
        {
          "si": 25,
          "sti": 5,
          "dti": 461,
          "sco": 30,
          "dco": 2307,
          "txt": "water"
        },
        {
          "si": 25,
          "sti": 6,
          "dti": 462,
          "sco": 36,
          "dco": 2313,
          "txt": "from"
        },
        {
          "si": 25,
          "sti": 7,
          "dti": 463,
          "sco": 41,
          "dco": 2318,
          "txt": "a"
        },
        {
          "si": 25,
          "sti": 8,
          "dti": 464,
          "sco": 43,
          "dco": 2320,
          "txt": "catchment"
        },
        {
          "si": 25,
          "sti": 9,
          "dti": 465,
          "sco": 53,
          "dco": 2330,
          "txt": "area"
        },
        {
          "si": 25,
          "sti": 10,
          "dti": 466,
          "sco": 58,
          "dco": 2335,
          "txt": "totaling"
        },
        {
          "si": 25,
          "sti": 11,
          "dti": 467,
          "sco": 66,
          "dco": 2343,
          "txt": ","
        },
        {
          "si": 25,
          "sti": 12,
          "dti": 468,
          "sco": 68,
          "dco": 2345,
          "txt": "controlling"
        },
        {
          "si": 25,
          "sti": 13,
          "dti": 469,
          "sco": 80,
          "dco": 2357,
          "txt": "water"
        },
        {
          "si": 25,
          "sti": 14,
          "dti": 470,
          "sco": 86,
          "dco": 2363,
          "txt": "from"
        },
        {
          "si": 25,
          "sti": 15,
          "dti": 471,
          "sco": 91,
          "dco": 2368,
          "txt": "about"
        },
        {
          "si": 25,
          "sti": 16,
          "dti": 472,
          "sco": 97,
          "dco": 2374,
          "txt": "two"
        },
        {
          "si": 25,
          "sti": 17,
          "dti": 473,
          "sco": 100,
          "dco": 2377,
          "txt": "-"
        },
        {
          "si": 25,
          "sti": 18,
          "dti": 474,
          "sco": 101,
          "dco": 2378,
          "txt": "thirds"
        },
        {
          "si": 25,
          "sti": 19,
          "dti": 475,
          "sco": 108,
          "dco": 2385,
          "txt": "of"
        },
        {
          "si": 25,
          "sti": 20,
          "dti": 476,
          "sco": 111,
          "dco": 2388,
          "txt": "the"
        },
        {
          "si": 25,
          "sti": 21,
          "dti": 477,
          "sco": 115,
          "dco": 2392,
          "txt": "Santiago"
        },
        {
          "si": 25,
          "sti": 22,
          "dti": 478,
          "sco": 124,
          "dco": 2401,
          "txt": "Creek"
        },
        {
          "si": 25,
          "sti": 23,
          "dti": 479,
          "sco": 130,
          "dco": 2407,
          "txt": "watershed"
        },
        {
          "si": 25,
          "sti": 24,
          "dti": 480,
          "sco": 139,
          "dco": 2416,
          "txt": "."
        },
        {
          "si": 26,
          "sti": 0,
          "dti": 481,
          "sco": 0,
          "dco": 2418,
          "txt": "Santiago"
        },
        {
          "si": 26,
          "sti": 1,
          "dti": 482,
          "sco": 9,
          "dco": 2427,
          "txt": "Dam"
        },
        {
          "si": 26,
          "sti": 2,
          "dti": 483,
          "sco": 13,
          "dco": 2431,
          "txt": "is"
        },
        {
          "si": 26,
          "sti": 3,
          "dti": 484,
          "sco": 16,
          "dco": 2434,
          "txt": "designed"
        },
        {
          "si": 26,
          "sti": 4,
          "dti": 485,
          "sco": 25,
          "dco": 2443,
          "txt": "to"
        },
        {
          "si": 26,
          "sti": 5,
          "dti": 486,
          "sco": 28,
          "dco": 2446,
          "txt": "contain"
        },
        {
          "si": 26,
          "sti": 6,
          "dti": 487,
          "sco": 36,
          "dco": 2454,
          "txt": "up"
        },
        {
          "si": 26,
          "sti": 7,
          "dti": 488,
          "sco": 39,
          "dco": 2457,
          "txt": "to"
        },
        {
          "si": 26,
          "sti": 8,
          "dti": 489,
          "sco": 42,
          "dco": 2460,
          "txt": "a"
        },
        {
          "si": 26,
          "sti": 9,
          "dti": 490,
          "sco": 44,
          "dco": 2462,
          "txt": "50"
        },
        {
          "si": 26,
          "sti": 10,
          "dti": 491,
          "sco": 46,
          "dco": 2464,
          "txt": "-"
        },
        {
          "si": 26,
          "sti": 11,
          "dti": 492,
          "sco": 47,
          "dco": 2465,
          "txt": "year"
        },
        {
          "si": 26,
          "sti": 12,
          "dti": 493,
          "sco": 52,
          "dco": 2470,
          "txt": "flood"
        },
        {
          "si": 26,
          "sti": 13,
          "dti": 494,
          "sco": 58,
          "dco": 2476,
          "txt": "and"
        },
        {
          "si": 26,
          "sti": 14,
          "dti": 495,
          "sco": 62,
          "dco": 2480,
          "txt": "withstand"
        },
        {
          "si": 26,
          "sti": 15,
          "dti": 496,
          "sco": 72,
          "dco": 2490,
          "txt": "a"
        },
        {
          "si": 26,
          "sti": 16,
          "dti": 497,
          "sco": 74,
          "dco": 2492,
          "txt": "500"
        },
        {
          "si": 26,
          "sti": 17,
          "dti": 498,
          "sco": 77,
          "dco": 2495,
          "txt": "-"
        },
        {
          "si": 26,
          "sti": 18,
          "dti": 499,
          "sco": 78,
          "dco": 2496,
          "txt": "year"
        },
        {
          "si": 26,
          "sti": 19,
          "dti": 500,
          "sco": 83,
          "dco": 2501,
          "txt": "flood"
        },
        {
          "si": 26,
          "sti": 20,
          "dti": 501,
          "sco": 89,
          "dco": 2507,
          "txt": "of"
        },
        {
          "si": 26,
          "sti": 21,
          "dti": 502,
          "sco": 92,
          "dco": 2510,
          "txt": "over"
        },
        {
          "si": 26,
          "sti": 22,
          "dti": 503,
          "sco": 96,
          "dco": 2514,
          "txt": "."
        },
        {
          "si": 27,
          "sti": 0,
          "dti": 504,
          "sco": 0,
          "dco": 2516,
          "txt": "Aside"
        },
        {
          "si": 27,
          "sti": 1,
          "dti": 505,
          "sco": 6,
          "dco": 2522,
          "txt": "from"
        },
        {
          "si": 27,
          "sti": 2,
          "dti": 506,
          "sco": 11,
          "dco": 2527,
          "txt": "Santiago"
        },
        {
          "si": 27,
          "sti": 3,
          "dti": 507,
          "sco": 20,
          "dco": 2536,
          "txt": "Creek"
        },
        {
          "si": 27,
          "sti": 4,
          "dti": 508,
          "sco": 25,
          "dco": 2541,
          "txt": ","
        },
        {
          "si": 27,
          "sti": 5,
          "dti": 509,
          "sco": 27,
          "dco": 2543,
          "txt": "Limestone"
        },
        {
          "si": 27,
          "sti": 6,
          "dti": 510,
          "sco": 37,
          "dco": 2553,
          "txt": "Wash"
        },
        {
          "si": 27,
          "sti": 7,
          "dti": 511,
          "sco": 42,
          "dco": 2558,
          "txt": "and"
        },
        {
          "si": 27,
          "sti": 8,
          "dti": 512,
          "sco": 46,
          "dco": 2562,
          "txt": "various"
        },
        {
          "si": 27,
          "sti": 9,
          "dti": 513,
          "sco": 54,
          "dco": 2570,
          "txt": "unnamed"
        },
        {
          "si": 27,
          "sti": 10,
          "dti": 514,
          "sco": 62,
          "dco": 2578,
          "txt": "streams"
        },
        {
          "si": 27,
          "sti": 11,
          "dti": 515,
          "sco": 70,
          "dco": 2586,
          "txt": "flow"
        },
        {
          "si": 27,
          "sti": 12,
          "dti": 516,
          "sco": 75,
          "dco": 2591,
          "txt": "into"
        },
        {
          "si": 27,
          "sti": 13,
          "dti": 517,
          "sco": 80,
          "dco": 2596,
          "txt": "the"
        },
        {
          "si": 27,
          "sti": 14,
          "dti": 518,
          "sco": 84,
          "dco": 2600,
          "txt": "reservoir"
        },
        {
          "si": 27,
          "sti": 15,
          "dti": 519,
          "sco": 93,
          "dco": 2609,
          "txt": "."
        },
        {
          "si": 28,
          "sti": 0,
          "dti": 520,
          "sco": 0,
          "dco": 2611,
          "txt": "Upstream"
        },
        {
          "si": 28,
          "sti": 1,
          "dti": 521,
          "sco": 9,
          "dco": 2620,
          "txt": "tributaries"
        },
        {
          "si": 28,
          "sti": 2,
          "dti": 522,
          "sco": 21,
          "dco": 2632,
          "txt": "of"
        },
        {
          "si": 28,
          "sti": 3,
          "dti": 523,
          "sco": 24,
          "dco": 2635,
          "txt": "Santiago"
        },
        {
          "si": 28,
          "sti": 4,
          "dti": 524,
          "sco": 33,
          "dco": 2644,
          "txt": "Creek"
        },
        {
          "si": 28,
          "sti": 5,
          "dti": 525,
          "sco": 39,
          "dco": 2650,
          "txt": "include"
        },
        {
          "si": 28,
          "sti": 6,
          "dti": 526,
          "sco": 47,
          "dco": 2658,
          "txt": "Silverado"
        },
        {
          "si": 28,
          "sti": 7,
          "dti": 527,
          "sco": 57,
          "dco": 2668,
          "txt": "and"
        },
        {
          "si": 28,
          "sti": 8,
          "dti": 528,
          "sco": 61,
          "dco": 2672,
          "txt": "Modjeska"
        },
        {
          "si": 28,
          "sti": 9,
          "dti": 529,
          "sco": 70,
          "dco": 2681,
          "txt": "Creeks"
        },
        {
          "si": 28,
          "sti": 10,
          "dti": 530,
          "sco": 76,
          "dco": 2687,
          "txt": "."
        },
        {
          "si": 29,
          "sti": 0,
          "dti": 531,
          "sco": 0,
          "dco": 2689,
          "txt": "The"
        },
        {
          "si": 29,
          "sti": 1,
          "dti": 532,
          "sco": 4,
          "dco": 2693,
          "txt": "dam"
        },
        {
          "si": 29,
          "sti": 2,
          "dti": 533,
          "sco": 8,
          "dco": 2697,
          "txt": "operates"
        },
        {
          "si": 29,
          "sti": 3,
          "dti": 534,
          "sco": 17,
          "dco": 2706,
          "txt": "in"
        },
        {
          "si": 29,
          "sti": 4,
          "dti": 535,
          "sco": 20,
          "dco": 2709,
          "txt": "conjunction"
        },
        {
          "si": 29,
          "sti": 5,
          "dti": 536,
          "sco": 32,
          "dco": 2721,
          "txt": "with"
        },
        {
          "si": 29,
          "sti": 6,
          "dti": 537,
          "sco": 37,
          "dco": 2726,
          "txt": "the"
        },
        {
          "si": 29,
          "sti": 7,
          "dti": 538,
          "sco": 41,
          "dco": 2730,
          "txt": "downstream"
        },
        {
          "si": 29,
          "sti": 8,
          "dti": 539,
          "sco": 52,
          "dco": 2741,
          "txt": "Villa"
        },
        {
          "si": 29,
          "sti": 9,
          "dti": 540,
          "sco": 58,
          "dco": 2747,
          "txt": "Park"
        },
        {
          "si": 29,
          "sti": 10,
          "dti": 541,
          "sco": 63,
          "dco": 2752,
          "txt": "Dam"
        },
        {
          "si": 29,
          "sti": 11,
          "dti": 542,
          "sco": 66,
          "dco": 2755,
          "txt": ","
        },
        {
          "si": 29,
          "sti": 12,
          "dti": 543,
          "sco": 68,
          "dco": 2757,
          "txt": "which"
        },
        {
          "si": 29,
          "sti": 13,
          "dti": 544,
          "sco": 74,
          "dco": 2763,
          "txt": "can"
        },
        {
          "si": 29,
          "sti": 14,
          "dti": 545,
          "sco": 78,
          "dco": 2767,
          "txt": "store"
        },
        {
          "si": 29,
          "sti": 15,
          "dti": 546,
          "sco": 84,
          "dco": 2773,
          "txt": "up"
        },
        {
          "si": 29,
          "sti": 16,
          "dti": 547,
          "sco": 87,
          "dco": 2776,
          "txt": "to"
        },
        {
          "si": 29,
          "sti": 17,
          "dti": 548,
          "sco": 89,
          "dco": 2778,
          "txt": "."
        },
        {
          "si": 30,
          "sti": 0,
          "dti": 549,
          "sco": 0,
          "dco": 2780,
          "txt": "Villa"
        },
        {
          "si": 30,
          "sti": 1,
          "dti": 550,
          "sco": 6,
          "dco": 2786,
          "txt": "Park"
        },
        {
          "si": 30,
          "sti": 2,
          "dti": 551,
          "sco": 11,
          "dco": 2791,
          "txt": "is"
        },
        {
          "si": 30,
          "sti": 3,
          "dti": 552,
          "sco": 14,
          "dco": 2794,
          "txt": "designed"
        },
        {
          "si": 30,
          "sti": 4,
          "dti": 553,
          "sco": 23,
          "dco": 2803,
          "txt": "to"
        },
        {
          "si": 30,
          "sti": 5,
          "dti": 554,
          "sco": 26,
          "dco": 2806,
          "txt": "stay"
        },
        {
          "si": 30,
          "sti": 6,
          "dti": 555,
          "sco": 31,
          "dco": 2811,
          "txt": "dry"
        },
        {
          "si": 30,
          "sti": 7,
          "dti": 556,
          "sco": 35,
          "dco": 2815,
          "txt": "during"
        },
        {
          "si": 30,
          "sti": 8,
          "dti": 557,
          "sco": 42,
          "dco": 2822,
          "txt": "normal"
        },
        {
          "si": 30,
          "sti": 9,
          "dti": 558,
          "sco": 49,
          "dco": 2829,
          "txt": "weather"
        },
        {
          "si": 30,
          "sti": 10,
          "dti": 559,
          "sco": 57,
          "dco": 2837,
          "txt": "conditions"
        },
        {
          "si": 30,
          "sti": 11,
          "dti": 560,
          "sco": 68,
          "dco": 2848,
          "txt": "and"
        },
        {
          "si": 30,
          "sti": 12,
          "dti": 561,
          "sco": 72,
          "dco": 2852,
          "txt": "hold"
        },
        {
          "si": 30,
          "sti": 13,
          "dti": 562,
          "sco": 77,
          "dco": 2857,
          "txt": "back"
        },
        {
          "si": 30,
          "sti": 14,
          "dti": 563,
          "sco": 82,
          "dco": 2862,
          "txt": "most"
        },
        {
          "si": 30,
          "sti": 15,
          "dti": 564,
          "sco": 87,
          "dco": 2867,
          "txt": "flood"
        },
        {
          "si": 30,
          "sti": 16,
          "dti": 565,
          "sco": 93,
          "dco": 2873,
          "txt": "releases"
        },
        {
          "si": 30,
          "sti": 17,
          "dti": 566,
          "sco": 102,
          "dco": 2882,
          "txt": "from"
        },
        {
          "si": 30,
          "sti": 18,
          "dti": 567,
          "sco": 107,
          "dco": 2887,
          "txt": "the"
        },
        {
          "si": 30,
          "sti": 19,
          "dti": 568,
          "sco": 111,
          "dco": 2891,
          "txt": "Santiago"
        },
        {
          "si": 30,
          "sti": 20,
          "dti": 569,
          "sco": 120,
          "dco": 2900,
          "txt": "Dam"
        },
        {
          "si": 30,
          "sti": 21,
          "dti": 570,
          "sco": 123,
          "dco": 2903,
          "txt": "."
        }
      ]
    },
    "ganns": {
      "dla": [],
      "la": [],
      "ea": [],
      "eta": [
        {
          "ra": {
            "ea": {
              "etn": "Santiago_Dam"
            }
          },
          "sfs": [
            [
              {
                "stn": "status"
              },
              {}
            ]
          ],
          "mfs": [
            [
              {
                "stn": "rivers"
              },
              {
                "dla": [],
                "la": [],
                "ea": [
                  {
                    "etn": "Santiago_Creek"
                  }
                ],
                "eta": []
              }
            ],
            [
              {
                "stn": "locations"
              },
              {
                "dla": [],
                "la": [],
                "ea": [
                  {
                    "etn": "California"
                  },
                  {
                    "etn": "Orange_County,_California"
                  }
                ],
                "eta": []
              }
            ],
            [
              {
                "stn": "openingYears"
              },
              {
                "dla": [
                  {
                    "txt": {
                      "sff": "1931"
                    },
                    "et": {
                      "etn": "Year"
                    },
                    "dp": {
                      "off": 730
                    }
                  }
                ],
                "la": [],
                "ea": [],
                "eta": []
              }
            ],
            [
              {
                "stn": "buildingStartYears"
              },
              {
                "dla": [
                  {
                    "txt": {
                      "sff": "1929"
                    },
                    "et": {
                      "etn": "Year"
                    },
                    "dp": {
                      "off": 456
                    }
                  }
                ],
                "la": [],
                "ea": [],
                "eta": []
              }
            ],
            [
              {
                "stn": "countries"
              },
              {
                "dla": [],
                "la": [],
                "ea": [],
                "eta": []
              }
            ]
          ]
        }
      ]
    }
  }
]
