[
  {
    "context": "TRAIN",
    "doc": {
      "id": "Sau_Reservoir",
      "tl": [
        {
          "si": 0,
          "sti": 0,
          "dti": 0,
          "sco": 0,
          "dco": 0,
          "txt": "Sau"
        },
        {
          "si": 0,
          "sti": 1,
          "dti": 1,
          "sco": 4,
          "dco": 4,
          "txt": "Reservoir"
        },
        {
          "si": 0,
          "sti": 2,
          "dti": 2,
          "sco": 13,
          "dco": 13,
          "txt": "."
        },
        {
          "si": 1,
          "sti": 0,
          "dti": 3,
          "sco": 0,
          "dco": 15,
          "txt": "Sau"
        },
        {
          "si": 1,
          "sti": 1,
          "dti": 4,
          "sco": 4,
          "dco": 19,
          "txt": "Reservoir"
        },
        {
          "si": 1,
          "sti": 2,
          "dti": 5,
          "sco": 14,
          "dco": 29,
          "txt": "("
        },
        {
          "si": 1,
          "sti": 3,
          "dti": 6,
          "sco": 15,
          "dco": 30,
          "txt": ")"
        },
        {
          "si": 1,
          "sti": 4,
          "dti": 7,
          "sco": 17,
          "dco": 32,
          "txt": "is"
        },
        {
          "si": 1,
          "sti": 5,
          "dti": 8,
          "sco": 20,
          "dco": 35,
          "txt": "a"
        },
        {
          "si": 1,
          "sti": 6,
          "dti": 9,
          "sco": 22,
          "dco": 37,
          "txt": "reservoir"
        },
        {
          "si": 1,
          "sti": 7,
          "dti": 10,
          "sco": 32,
          "dco": 47,
          "txt": "located"
        },
        {
          "si": 1,
          "sti": 8,
          "dti": 11,
          "sco": 40,
          "dco": 55,
          "txt": "on"
        },
        {
          "si": 1,
          "sti": 9,
          "dti": 12,
          "sco": 43,
          "dco": 58,
          "txt": "the"
        },
        {
          "si": 1,
          "sti": 10,
          "dti": 13,
          "sco": 47,
          "dco": 62,
          "txt": "Ter"
        },
        {
          "si": 1,
          "sti": 11,
          "dti": 14,
          "sco": 51,
          "dco": 66,
          "txt": "river"
        },
        {
          "si": 1,
          "sti": 12,
          "dti": 15,
          "sco": 56,
          "dco": 71,
          "txt": ","
        },
        {
          "si": 1,
          "sti": 13,
          "dti": 16,
          "sco": 58,
          "dco": 73,
          "txt": "near"
        },
        {
          "si": 1,
          "sti": 14,
          "dti": 17,
          "sco": 63,
          "dco": 78,
          "txt": "Vilanova"
        },
        {
          "si": 1,
          "sti": 15,
          "dti": 18,
          "sco": 72,
          "dco": 87,
          "txt": "de"
        },
        {
          "si": 1,
          "sti": 16,
          "dti": 19,
          "sco": 75,
          "dco": 90,
          "txt": "Sau"
        },
        {
          "si": 1,
          "sti": 17,
          "dti": 20,
          "sco": 78,
          "dco": 93,
          "txt": ","
        },
        {
          "si": 1,
          "sti": 18,
          "dti": 21,
          "sco": 80,
          "dco": 95,
          "txt": "Catalonia"
        },
        {
          "si": 1,
          "sti": 19,
          "dti": 22,
          "sco": 89,
          "dco": 104,
          "txt": ","
        },
        {
          "si": 1,
          "sti": 20,
          "dti": 23,
          "sco": 91,
          "dco": 106,
          "txt": "Spain"
        },
        {
          "si": 1,
          "sti": 21,
          "dti": 24,
          "sco": 96,
          "dco": 111,
          "txt": "."
        },
        {
          "si": 2,
          "sti": 0,
          "dti": 25,
          "sco": 0,
          "dco": 113,
          "txt": "The"
        },
        {
          "si": 2,
          "sti": 1,
          "dti": 26,
          "sco": 4,
          "dco": 117,
          "txt": "dam"
        },
        {
          "si": 2,
          "sti": 2,
          "dti": 27,
          "sco": 8,
          "dco": 121,
          "txt": "was"
        },
        {
          "si": 2,
          "sti": 3,
          "dti": 28,
          "sco": 12,
          "dco": 125,
          "txt": "completed"
        },
        {
          "si": 2,
          "sti": 4,
          "dti": 29,
          "sco": 22,
          "dco": 135,
          "txt": "in"
        },
        {
          "si": 2,
          "sti": 5,
          "dti": 30,
          "sco": 25,
          "dco": 138,
          "txt": "1962"
        },
        {
          "si": 2,
          "sti": 6,
          "dti": 31,
          "sco": 29,
          "dco": 142,
          "txt": ","
        },
        {
          "si": 2,
          "sti": 7,
          "dti": 32,
          "sco": 31,
          "dco": 144,
          "txt": "creating"
        },
        {
          "si": 2,
          "sti": 8,
          "dti": 33,
          "sco": 40,
          "dco": 153,
          "txt": "a"
        },
        {
          "si": 2,
          "sti": 9,
          "dti": 34,
          "sco": 42,
          "dco": 155,
          "txt": "reservoir"
        },
        {
          "si": 2,
          "sti": 10,
          "dti": 35,
          "sco": 52,
          "dco": 165,
          "txt": "with"
        },
        {
          "si": 2,
          "sti": 11,
          "dti": 36,
          "sco": 57,
          "dco": 170,
          "txt": "a"
        },
        {
          "si": 2,
          "sti": 12,
          "dti": 37,
          "sco": 59,
          "dco": 172,
          "txt": "storage"
        },
        {
          "si": 2,
          "sti": 13,
          "dti": 38,
          "sco": 67,
          "dco": 180,
          "txt": "capacity"
        },
        {
          "si": 2,
          "sti": 14,
          "dti": 39,
          "sco": 76,
          "dco": 189,
          "txt": "of"
        },
        {
          "si": 2,
          "sti": 15,
          "dti": 40,
          "sco": 79,
          "dco": 192,
          "txt": "151"
        },
        {
          "si": 2,
          "sti": 16,
          "dti": 41,
          "sco": 82,
          "dco": 195,
          "txt": "."
        },
        {
          "si": 2,
          "sti": 17,
          "dti": 42,
          "sco": 83,
          "dco": 196,
          "txt": "3"
        },
        {
          "si": 2,
          "sti": 18,
          "dti": 43,
          "sco": 85,
          "dco": 198,
          "txt": "hm"
        },
        {
          "si": 2,
          "sti": 19,
          "dti": 44,
          "sco": 87,
          "dco": 200,
          "txt": "³"
        },
        {
          "si": 2,
          "sti": 20,
          "dti": 45,
          "sco": 89,
          "dco": 202,
          "txt": "that"
        },
        {
          "si": 2,
          "sti": 21,
          "dti": 46,
          "sco": 94,
          "dco": 207,
          "txt": "covered"
        },
        {
          "si": 2,
          "sti": 22,
          "dti": 47,
          "sco": 102,
          "dco": 215,
          "txt": "the"
        },
        {
          "si": 2,
          "sti": 23,
          "dti": 48,
          "sco": 106,
          "dco": 219,
          "txt": "former"
        },
        {
          "si": 2,
          "sti": 24,
          "dti": 49,
          "sco": 113,
          "dco": 226,
          "txt": "town"
        },
        {
          "si": 2,
          "sti": 25,
          "dti": 50,
          "sco": 118,
          "dco": 231,
          "txt": "of"
        },
        {
          "si": 2,
          "sti": 26,
          "dti": 51,
          "sco": 121,
          "dco": 234,
          "txt": "Sant"
        },
        {
          "si": 2,
          "sti": 27,
          "dti": 52,
          "sco": 126,
          "dco": 239,
          "txt": "Rom"
        },
        {
          "si": 2,
          "sti": 28,
          "dti": 53,
          "sco": 129,
          "dco": 242,
          "txt": "à"
        },
        {
          "si": 2,
          "sti": 29,
          "dti": 54,
          "sco": 131,
          "dco": 244,
          "txt": "de"
        },
        {
          "si": 2,
          "sti": 30,
          "dti": 55,
          "sco": 134,
          "dco": 247,
          "txt": "Sau"
        },
        {
          "si": 2,
          "sti": 31,
          "dti": 56,
          "sco": 137,
          "dco": 250,
          "txt": "."
        },
        {
          "si": 3,
          "sti": 0,
          "dti": 57,
          "sco": 0,
          "dco": 252,
          "txt": "The"
        },
        {
          "si": 3,
          "sti": 1,
          "dti": 58,
          "sco": 4,
          "dco": 256,
          "txt": "Church"
        },
        {
          "si": 3,
          "sti": 2,
          "dti": 59,
          "sco": 11,
          "dco": 263,
          "txt": "of"
        },
        {
          "si": 3,
          "sti": 3,
          "dti": 60,
          "sco": 14,
          "dco": 266,
          "txt": "Sant"
        },
        {
          "si": 3,
          "sti": 4,
          "dti": 61,
          "sco": 19,
          "dco": 271,
          "txt": "Rom"
        },
        {
          "si": 3,
          "sti": 5,
          "dti": 62,
          "sco": 22,
          "dco": 274,
          "txt": "à"
        },
        {
          "si": 3,
          "sti": 6,
          "dti": 63,
          "sco": 24,
          "dco": 276,
          "txt": "is"
        },
        {
          "si": 3,
          "sti": 7,
          "dti": 64,
          "sco": 27,
          "dco": 279,
          "txt": "still"
        },
        {
          "si": 3,
          "sti": 8,
          "dti": 65,
          "sco": 33,
          "dco": 285,
          "txt": "visible"
        },
        {
          "si": 3,
          "sti": 9,
          "dti": 66,
          "sco": 41,
          "dco": 293,
          "txt": "when"
        },
        {
          "si": 3,
          "sti": 10,
          "dti": 67,
          "sco": 46,
          "dco": 298,
          "txt": "the"
        },
        {
          "si": 3,
          "sti": 11,
          "dti": 68,
          "sco": 50,
          "dco": 302,
          "txt": "water"
        },
        {
          "si": 3,
          "sti": 12,
          "dti": 69,
          "sco": 56,
          "dco": 308,
          "txt": "level"
        },
        {
          "si": 3,
          "sti": 13,
          "dti": 70,
          "sco": 62,
          "dco": 314,
          "txt": "is"
        },
        {
          "si": 3,
          "sti": 14,
          "dti": 71,
          "sco": 65,
          "dco": 317,
          "txt": "low"
        },
        {
          "si": 3,
          "sti": 15,
          "dti": 72,
          "sco": 68,
          "dco": 320,
          "txt": "."
        },
        {
          "si": 4,
          "sti": 0,
          "dti": 73,
          "sco": 0,
          "dco": 322,
          "txt": "The"
        },
        {
          "si": 4,
          "sti": 1,
          "dti": 74,
          "sco": 4,
          "dco": 326,
          "txt": "dam"
        },
        {
          "si": 4,
          "sti": 2,
          "dti": 75,
          "sco": 8,
          "dco": 330,
          "txt": "has"
        },
        {
          "si": 4,
          "sti": 3,
          "dti": 76,
          "sco": 12,
          "dco": 334,
          "txt": "a"
        },
        {
          "si": 4,
          "sti": 4,
          "dti": 77,
          "sco": 14,
          "dco": 336,
          "txt": "structural"
        },
        {
          "si": 4,
          "sti": 5,
          "dti": 78,
          "sco": 25,
          "dco": 347,
          "txt": "height"
        },
        {
          "si": 4,
          "sti": 6,
          "dti": 79,
          "sco": 32,
          "dco": 354,
          "txt": "of"
        },
        {
          "si": 4,
          "sti": 7,
          "dti": 80,
          "sco": 35,
          "dco": 357,
          "txt": "83"
        },
        {
          "si": 4,
          "sti": 8,
          "dti": 81,
          "sco": 38,
          "dco": 360,
          "txt": "m"
        },
        {
          "si": 4,
          "sti": 9,
          "dti": 82,
          "sco": 40,
          "dco": 362,
          "txt": "and"
        },
        {
          "si": 4,
          "sti": 10,
          "dti": 83,
          "sco": 44,
          "dco": 366,
          "txt": "a"
        },
        {
          "si": 4,
          "sti": 11,
          "dti": 84,
          "sco": 46,
          "dco": 368,
          "txt": "crest"
        },
        {
          "si": 4,
          "sti": 12,
          "dti": 85,
          "sco": 52,
          "dco": 374,
          "txt": "length"
        },
        {
          "si": 4,
          "sti": 13,
          "dti": 86,
          "sco": 59,
          "dco": 381,
          "txt": "of"
        },
        {
          "si": 4,
          "sti": 14,
          "dti": 87,
          "sco": 62,
          "dco": 384,
          "txt": "260"
        },
        {
          "si": 4,
          "sti": 15,
          "dti": 88,
          "sco": 66,
          "dco": 388,
          "txt": "m"
        },
        {
          "si": 4,
          "sti": 16,
          "dti": 89,
          "sco": 67,
          "dco": 389,
          "txt": "."
        }
      ]
    },
    "ganns": {
      "dla": [],
      "la": [],
      "ea": [],
      "eta": [
        {
          "ra": {
            "ea": {
              "etn": "Sau_Reservoir"
            }
          },
          "sfs": [
            [
              {
                "stn": "status"
              },
              {}
            ]
          ],
          "mfs": [
            [
              {
                "stn": "rivers"
              },
              {
                "dla": [],
                "la": [],
                "ea": [
                  {
                    "etn": "Ter_(river)"
                  }
                ],
                "eta": []
              }
            ],
            [
              {
                "stn": "locations"
              },
              {
                "dla": [],
                "la": [],
                "ea": [
                  {
                    "etn": "Vilanova_de_Sau"
                  },
                  {
                    "etn": "Catalonia"
                  }
                ],
                "eta": []
              }
            ],
            [
              {
                "stn": "openingYears"
              },
              {
                "dla": [
                  {
                    "txt": {
                      "sff": "1962"
                    },
                    "et": {
                      "etn": "Year"
                    },
                    "dp": {
                      "off": 138
                    }
                  }
                ],
                "la": [],
                "ea": [],
                "eta": []
              }
            ],
            [
              {
                "stn": "buildingStartYears"
              },
              {
                "dla": [],
                "la": [],
                "ea": [],
                "eta": []
              }
            ],
            [
              {
                "stn": "countries"
              },
              {
                "dla": [],
                "la": [],
                "ea": [
                  {
                    "etn": "Spain"
                  }
                ],
                "eta": []
              }
            ]
          ]
        }
      ]
    }
  }
]
