[
  {
    "context": "DEVELOPMENT",
    "doc": {
      "id": "Shiroyama_Dam",
      "tl": [
        {
          "si": 0,
          "sti": 0,
          "dti": 0,
          "sco": 0,
          "dco": 0,
          "txt": "Shiroyama"
        },
        {
          "si": 0,
          "sti": 1,
          "dti": 1,
          "sco": 10,
          "dco": 10,
          "txt": "Dam"
        },
        {
          "si": 0,
          "sti": 2,
          "dti": 2,
          "sco": 13,
          "dco": 13,
          "txt": "."
        },
        {
          "si": 1,
          "sti": 0,
          "dti": 3,
          "sco": 0,
          "dco": 15,
          "txt": "The"
        },
        {
          "si": 1,
          "sti": 1,
          "dti": 4,
          "sco": 4,
          "dco": 19,
          "txt": "is"
        },
        {
          "si": 1,
          "sti": 2,
          "dti": 5,
          "sco": 7,
          "dco": 22,
          "txt": "a"
        },
        {
          "si": 1,
          "sti": 3,
          "dti": 6,
          "sco": 9,
          "dco": 24,
          "txt": "multi"
        },
        {
          "si": 1,
          "sti": 4,
          "dti": 7,
          "sco": 14,
          "dco": 29,
          "txt": "-"
        },
        {
          "si": 1,
          "sti": 5,
          "dti": 8,
          "sco": 15,
          "dco": 30,
          "txt": "purpose"
        },
        {
          "si": 1,
          "sti": 6,
          "dti": 9,
          "sco": 23,
          "dco": 38,
          "txt": "dam"
        },
        {
          "si": 1,
          "sti": 7,
          "dti": 10,
          "sco": 27,
          "dco": 42,
          "txt": "on"
        },
        {
          "si": 1,
          "sti": 8,
          "dti": 11,
          "sco": 30,
          "dco": 45,
          "txt": "the"
        },
        {
          "si": 1,
          "sti": 9,
          "dti": 12,
          "sco": 34,
          "dco": 49,
          "txt": "main"
        },
        {
          "si": 1,
          "sti": 10,
          "dti": 13,
          "sco": 39,
          "dco": 54,
          "txt": "stream"
        },
        {
          "si": 1,
          "sti": 11,
          "dti": 14,
          "sco": 46,
          "dco": 61,
          "txt": "Sagami"
        },
        {
          "si": 1,
          "sti": 12,
          "dti": 15,
          "sco": 53,
          "dco": 68,
          "txt": "River"
        },
        {
          "si": 1,
          "sti": 13,
          "dti": 16,
          "sco": 59,
          "dco": 74,
          "txt": "in"
        },
        {
          "si": 1,
          "sti": 14,
          "dti": 17,
          "sco": 62,
          "dco": 77,
          "txt": "Sagamihara"
        },
        {
          "si": 1,
          "sti": 15,
          "dti": 18,
          "sco": 72,
          "dco": 87,
          "txt": ","
        },
        {
          "si": 1,
          "sti": 16,
          "dti": 19,
          "sco": 74,
          "dco": 89,
          "txt": "Kanagawa"
        },
        {
          "si": 1,
          "sti": 17,
          "dti": 20,
          "sco": 83,
          "dco": 98,
          "txt": "Prefecture"
        },
        {
          "si": 1,
          "sti": 18,
          "dti": 21,
          "sco": 94,
          "dco": 109,
          "txt": "on"
        },
        {
          "si": 1,
          "sti": 19,
          "dti": 22,
          "sco": 97,
          "dco": 112,
          "txt": "the"
        },
        {
          "si": 1,
          "sti": 20,
          "dti": 23,
          "sco": 101,
          "dco": 116,
          "txt": "island"
        },
        {
          "si": 1,
          "sti": 21,
          "dti": 24,
          "sco": 108,
          "dco": 123,
          "txt": "of"
        },
        {
          "si": 1,
          "sti": 22,
          "dti": 25,
          "sco": 111,
          "dco": 126,
          "txt": "Honsh"
        },
        {
          "si": 1,
          "sti": 23,
          "dti": 26,
          "sco": 116,
          "dco": 131,
          "txt": "ū"
        },
        {
          "si": 1,
          "sti": 24,
          "dti": 27,
          "sco": 117,
          "dco": 132,
          "txt": ","
        },
        {
          "si": 1,
          "sti": 25,
          "dti": 28,
          "sco": 119,
          "dco": 134,
          "txt": "Japan"
        },
        {
          "si": 1,
          "sti": 26,
          "dti": 29,
          "sco": 124,
          "dco": 139,
          "txt": "."
        },
        {
          "si": 2,
          "sti": 0,
          "dti": 30,
          "sco": 0,
          "dco": 141,
          "txt": "History"
        },
        {
          "si": 2,
          "sti": 1,
          "dti": 31,
          "sco": 7,
          "dco": 148,
          "txt": "."
        },
        {
          "si": 3,
          "sti": 0,
          "dti": 32,
          "sco": 0,
          "dco": 150,
          "txt": "The"
        },
        {
          "si": 3,
          "sti": 1,
          "dti": 33,
          "sco": 4,
          "dco": 154,
          "txt": "potential"
        },
        {
          "si": 3,
          "sti": 2,
          "dti": 34,
          "sco": 14,
          "dco": 164,
          "txt": "of"
        },
        {
          "si": 3,
          "sti": 3,
          "dti": 35,
          "sco": 17,
          "dco": 167,
          "txt": "the"
        },
        {
          "si": 3,
          "sti": 4,
          "dti": 36,
          "sco": 21,
          "dco": 171,
          "txt": "Sagami"
        },
        {
          "si": 3,
          "sti": 5,
          "dti": 37,
          "sco": 28,
          "dco": 178,
          "txt": "River"
        },
        {
          "si": 3,
          "sti": 6,
          "dti": 38,
          "sco": 34,
          "dco": 184,
          "txt": "valley"
        },
        {
          "si": 3,
          "sti": 7,
          "dti": 39,
          "sco": 41,
          "dco": 191,
          "txt": "for"
        },
        {
          "si": 3,
          "sti": 8,
          "dti": 40,
          "sco": 45,
          "dco": 195,
          "txt": "hydroelectric"
        },
        {
          "si": 3,
          "sti": 9,
          "dti": 41,
          "sco": 59,
          "dco": 209,
          "txt": "power"
        },
        {
          "si": 3,
          "sti": 10,
          "dti": 42,
          "sco": 65,
          "dco": 215,
          "txt": "development"
        },
        {
          "si": 3,
          "sti": 11,
          "dti": 43,
          "sco": 77,
          "dco": 227,
          "txt": "began"
        },
        {
          "si": 3,
          "sti": 12,
          "dti": 44,
          "sco": 83,
          "dco": 233,
          "txt": "to"
        },
        {
          "si": 3,
          "sti": 13,
          "dti": 45,
          "sco": 86,
          "dco": 236,
          "txt": "be"
        },
        {
          "si": 3,
          "sti": 14,
          "dti": 46,
          "sco": 89,
          "dco": 239,
          "txt": "developed"
        },
        {
          "si": 3,
          "sti": 15,
          "dti": 47,
          "sco": 99,
          "dco": 249,
          "txt": "in"
        },
        {
          "si": 3,
          "sti": 16,
          "dti": 48,
          "sco": 102,
          "dco": 252,
          "txt": "the"
        },
        {
          "si": 3,
          "sti": 17,
          "dti": 49,
          "sco": 106,
          "dco": 256,
          "txt": "1930"
        },
        {
          "si": 3,
          "sti": 18,
          "dti": 50,
          "sco": 110,
          "dco": 260,
          "txt": "s"
        },
        {
          "si": 3,
          "sti": 19,
          "dti": 51,
          "sco": 111,
          "dco": 261,
          "txt": ","
        },
        {
          "si": 3,
          "sti": 20,
          "dti": 52,
          "sco": 113,
          "dco": 263,
          "txt": "with"
        },
        {
          "si": 3,
          "sti": 21,
          "dti": 53,
          "sco": 118,
          "dco": 268,
          "txt": "the"
        },
        {
          "si": 3,
          "sti": 22,
          "dti": 54,
          "sco": 122,
          "dco": 272,
          "txt": "growth"
        },
        {
          "si": 3,
          "sti": 23,
          "dti": 55,
          "sco": 129,
          "dco": 279,
          "txt": "of"
        },
        {
          "si": 3,
          "sti": 24,
          "dti": 56,
          "sco": 132,
          "dco": 282,
          "txt": "industry"
        },
        {
          "si": 3,
          "sti": 25,
          "dti": 57,
          "sco": 141,
          "dco": 291,
          "txt": "and"
        },
        {
          "si": 3,
          "sti": 26,
          "dti": 58,
          "sco": 145,
          "dco": 295,
          "txt": "electrical"
        },
        {
          "si": 3,
          "sti": 27,
          "dti": 59,
          "sco": 156,
          "dco": 306,
          "txt": "consumption"
        },
        {
          "si": 3,
          "sti": 28,
          "dti": 60,
          "sco": 168,
          "dco": 318,
          "txt": "in"
        },
        {
          "si": 3,
          "sti": 29,
          "dti": 61,
          "sco": 171,
          "dco": 321,
          "txt": "the"
        },
        {
          "si": 3,
          "sti": 30,
          "dti": 62,
          "sco": 175,
          "dco": 325,
          "txt": "Yokohama"
        },
        {
          "si": 3,
          "sti": 31,
          "dti": 63,
          "sco": 183,
          "dco": 333,
          "txt": "-"
        },
        {
          "si": 3,
          "sti": 32,
          "dti": 64,
          "sco": 184,
          "dco": 334,
          "txt": "Kanagawa"
        },
        {
          "si": 3,
          "sti": 33,
          "dti": 65,
          "sco": 193,
          "dco": 343,
          "txt": "industrial"
        },
        {
          "si": 3,
          "sti": 34,
          "dti": 66,
          "sco": 204,
          "dco": 354,
          "txt": "belt"
        },
        {
          "si": 3,
          "sti": 35,
          "dti": 67,
          "sco": 208,
          "dco": 358,
          "txt": "."
        },
        {
          "si": 4,
          "sti": 0,
          "dti": 68,
          "sco": 0,
          "dco": 360,
          "txt": "Work"
        },
        {
          "si": 4,
          "sti": 1,
          "dti": 69,
          "sco": 5,
          "dco": 365,
          "txt": "on"
        },
        {
          "si": 4,
          "sti": 2,
          "dti": 70,
          "sco": 8,
          "dco": 368,
          "txt": "the"
        },
        {
          "si": 4,
          "sti": 3,
          "dti": 71,
          "sco": 12,
          "dco": 372,
          "txt": "Sagami"
        },
        {
          "si": 4,
          "sti": 4,
          "dti": 72,
          "sco": 19,
          "dco": 379,
          "txt": "Dam"
        },
        {
          "si": 4,
          "sti": 5,
          "dti": 73,
          "sco": 22,
          "dco": 382,
          "txt": ","
        },
        {
          "si": 4,
          "sti": 6,
          "dti": 74,
          "sco": 24,
          "dco": 384,
          "txt": "the"
        },
        {
          "si": 4,
          "sti": 7,
          "dti": 75,
          "sco": 28,
          "dco": 388,
          "txt": "first"
        },
        {
          "si": 4,
          "sti": 8,
          "dti": 76,
          "sco": 34,
          "dco": 394,
          "txt": "dam"
        },
        {
          "si": 4,
          "sti": 9,
          "dti": 77,
          "sco": 38,
          "dco": 398,
          "txt": "on"
        },
        {
          "si": 4,
          "sti": 10,
          "dti": 78,
          "sco": 41,
          "dco": 401,
          "txt": "the"
        },
        {
          "si": 4,
          "sti": 11,
          "dti": 79,
          "sco": 45,
          "dco": 405,
          "txt": "main"
        },
        {
          "si": 4,
          "sti": 12,
          "dti": 80,
          "sco": 50,
          "dco": 410,
          "txt": "stream"
        },
        {
          "si": 4,
          "sti": 13,
          "dti": 81,
          "sco": 57,
          "dco": 417,
          "txt": "of"
        },
        {
          "si": 4,
          "sti": 14,
          "dti": 82,
          "sco": 60,
          "dco": 420,
          "txt": "the"
        },
        {
          "si": 4,
          "sti": 15,
          "dti": 83,
          "sco": 64,
          "dco": 424,
          "txt": "Sagami"
        },
        {
          "si": 4,
          "sti": 16,
          "dti": 84,
          "sco": 71,
          "dco": 431,
          "txt": "River"
        },
        {
          "si": 4,
          "sti": 17,
          "dti": 85,
          "sco": 77,
          "dco": 437,
          "txt": "began"
        },
        {
          "si": 4,
          "sti": 18,
          "dti": 86,
          "sco": 83,
          "dco": 443,
          "txt": "in"
        },
        {
          "si": 4,
          "sti": 19,
          "dti": 87,
          "sco": 86,
          "dco": 446,
          "txt": "1938"
        },
        {
          "si": 4,
          "sti": 20,
          "dti": 88,
          "sco": 90,
          "dco": 450,
          "txt": ";"
        },
        {
          "si": 4,
          "sti": 21,
          "dti": 89,
          "sco": 92,
          "dco": 452,
          "txt": "however"
        },
        {
          "si": 4,
          "sti": 22,
          "dti": 90,
          "sco": 99,
          "dco": 459,
          "txt": ","
        },
        {
          "si": 4,
          "sti": 23,
          "dti": 91,
          "sco": 101,
          "dco": 461,
          "txt": "lack"
        },
        {
          "si": 4,
          "sti": 24,
          "dti": 92,
          "sco": 106,
          "dco": 466,
          "txt": "of"
        },
        {
          "si": 4,
          "sti": 25,
          "dti": 93,
          "sco": 109,
          "dco": 469,
          "txt": "funding"
        },
        {
          "si": 4,
          "sti": 26,
          "dti": 94,
          "sco": 117,
          "dco": 477,
          "txt": "and"
        },
        {
          "si": 4,
          "sti": 27,
          "dti": 95,
          "sco": 121,
          "dco": 481,
          "txt": "the"
        },
        {
          "si": 4,
          "sti": 28,
          "dti": 96,
          "sco": 125,
          "dco": 485,
          "txt": "advent"
        },
        {
          "si": 4,
          "sti": 29,
          "dti": 97,
          "sco": 132,
          "dco": 492,
          "txt": "of"
        },
        {
          "si": 4,
          "sti": 30,
          "dti": 98,
          "sco": 135,
          "dco": 495,
          "txt": "World"
        },
        {
          "si": 4,
          "sti": 31,
          "dti": 99,
          "sco": 141,
          "dco": 501,
          "txt": "War"
        },
        {
          "si": 4,
          "sti": 32,
          "dti": 100,
          "sco": 145,
          "dco": 505,
          "txt": "II"
        },
        {
          "si": 4,
          "sti": 33,
          "dti": 101,
          "sco": 148,
          "dco": 508,
          "txt": "delayed"
        },
        {
          "si": 4,
          "sti": 34,
          "dti": 102,
          "sco": 156,
          "dco": 516,
          "txt": "completion"
        },
        {
          "si": 4,
          "sti": 35,
          "dti": 103,
          "sco": 167,
          "dco": 527,
          "txt": "until"
        },
        {
          "si": 4,
          "sti": 36,
          "dti": 104,
          "sco": 173,
          "dco": 533,
          "txt": "after"
        },
        {
          "si": 4,
          "sti": 37,
          "dti": 105,
          "sco": 179,
          "dco": 539,
          "txt": "the"
        },
        {
          "si": 4,
          "sti": 38,
          "dti": 106,
          "sco": 183,
          "dco": 543,
          "txt": "end"
        },
        {
          "si": 4,
          "sti": 39,
          "dti": 107,
          "sco": 187,
          "dco": 547,
          "txt": "of"
        },
        {
          "si": 4,
          "sti": 40,
          "dti": 108,
          "sco": 190,
          "dco": 550,
          "txt": "the"
        },
        {
          "si": 4,
          "sti": 41,
          "dti": 109,
          "sco": 194,
          "dco": 554,
          "txt": "war"
        },
        {
          "si": 4,
          "sti": 42,
          "dti": 110,
          "sco": 197,
          "dco": 557,
          "txt": "."
        },
        {
          "si": 5,
          "sti": 0,
          "dti": 111,
          "sco": 0,
          "dco": 559,
          "txt": "Work"
        },
        {
          "si": 5,
          "sti": 1,
          "dti": 112,
          "sco": 5,
          "dco": 564,
          "txt": "on"
        },
        {
          "si": 5,
          "sti": 2,
          "dti": 113,
          "sco": 8,
          "dco": 567,
          "txt": "the"
        },
        {
          "si": 5,
          "sti": 3,
          "dti": 114,
          "sco": 12,
          "dco": 571,
          "txt": "Shiroyama"
        },
        {
          "si": 5,
          "sti": 4,
          "dti": 115,
          "sco": 22,
          "dco": 581,
          "txt": "Dam"
        },
        {
          "si": 5,
          "sti": 5,
          "dti": 116,
          "sco": 25,
          "dco": 584,
          "txt": ","
        },
        {
          "si": 5,
          "sti": 6,
          "dti": 117,
          "sco": 27,
          "dco": 586,
          "txt": "in"
        },
        {
          "si": 5,
          "sti": 7,
          "dti": 118,
          "sco": 30,
          "dco": 589,
          "txt": "the"
        },
        {
          "si": 5,
          "sti": 8,
          "dti": 119,
          "sco": 34,
          "dco": 593,
          "txt": "former"
        },
        {
          "si": 5,
          "sti": 9,
          "dti": 120,
          "sco": 41,
          "dco": 600,
          "txt": "town"
        },
        {
          "si": 5,
          "sti": 10,
          "dti": 121,
          "sco": 46,
          "dco": 605,
          "txt": "of"
        },
        {
          "si": 5,
          "sti": 11,
          "dti": 122,
          "sco": 49,
          "dco": 608,
          "txt": "Tsukui"
        },
        {
          "si": 5,
          "sti": 12,
          "dti": 123,
          "sco": 55,
          "dco": 614,
          "txt": ","
        },
        {
          "si": 5,
          "sti": 13,
          "dti": 124,
          "sco": 57,
          "dco": 616,
          "txt": "Tsukui"
        },
        {
          "si": 5,
          "sti": 14,
          "dti": 125,
          "sco": 64,
          "dco": 623,
          "txt": "District"
        },
        {
          "si": 5,
          "sti": 15,
          "dti": 126,
          "sco": 73,
          "dco": 632,
          "txt": "commenced"
        },
        {
          "si": 5,
          "sti": 16,
          "dti": 127,
          "sco": 83,
          "dco": 642,
          "txt": "in"
        },
        {
          "si": 5,
          "sti": 17,
          "dti": 128,
          "sco": 86,
          "dco": 645,
          "txt": "1960"
        },
        {
          "si": 5,
          "sti": 18,
          "dti": 129,
          "sco": 91,
          "dco": 650,
          "txt": "and"
        },
        {
          "si": 5,
          "sti": 19,
          "dti": 130,
          "sco": 95,
          "dco": 654,
          "txt": "was"
        },
        {
          "si": 5,
          "sti": 20,
          "dti": 131,
          "sco": 99,
          "dco": 658,
          "txt": "completed"
        },
        {
          "si": 5,
          "sti": 21,
          "dti": 132,
          "sco": 109,
          "dco": 668,
          "txt": "in"
        },
        {
          "si": 5,
          "sti": 22,
          "dti": 133,
          "sco": 112,
          "dco": 671,
          "txt": "1965"
        },
        {
          "si": 5,
          "sti": 23,
          "dti": 134,
          "sco": 117,
          "dco": 676,
          "txt": "by"
        },
        {
          "si": 5,
          "sti": 24,
          "dti": 135,
          "sco": 120,
          "dco": 679,
          "txt": "the"
        },
        {
          "si": 5,
          "sti": 25,
          "dti": 136,
          "sco": 124,
          "dco": 683,
          "txt": "Kumagai"
        },
        {
          "si": 5,
          "sti": 26,
          "dti": 137,
          "sco": 132,
          "dco": 691,
          "txt": "Gumi"
        },
        {
          "si": 5,
          "sti": 27,
          "dti": 138,
          "sco": 137,
          "dco": 696,
          "txt": "construction"
        },
        {
          "si": 5,
          "sti": 28,
          "dti": 139,
          "sco": 150,
          "dco": 709,
          "txt": "company"
        },
        {
          "si": 5,
          "sti": 29,
          "dti": 140,
          "sco": 157,
          "dco": 716,
          "txt": "."
        },
        {
          "si": 6,
          "sti": 0,
          "dti": 141,
          "sco": 0,
          "dco": 718,
          "txt": "Design"
        },
        {
          "si": 6,
          "sti": 1,
          "dti": 142,
          "sco": 6,
          "dco": 724,
          "txt": "."
        },
        {
          "si": 7,
          "sti": 0,
          "dti": 143,
          "sco": 0,
          "dco": 726,
          "txt": "The"
        },
        {
          "si": 7,
          "sti": 1,
          "dti": 144,
          "sco": 4,
          "dco": 730,
          "txt": "Shiroyama"
        },
        {
          "si": 7,
          "sti": 2,
          "dti": 145,
          "sco": 14,
          "dco": 740,
          "txt": "Dam"
        },
        {
          "si": 7,
          "sti": 3,
          "dti": 146,
          "sco": 18,
          "dco": 744,
          "txt": "is"
        },
        {
          "si": 7,
          "sti": 4,
          "dti": 147,
          "sco": 21,
          "dco": 747,
          "txt": "a"
        },
        {
          "si": 7,
          "sti": 5,
          "dti": 148,
          "sco": 23,
          "dco": 749,
          "txt": "hollow"
        },
        {
          "si": 7,
          "sti": 6,
          "dti": 149,
          "sco": 29,
          "dco": 755,
          "txt": "-"
        },
        {
          "si": 7,
          "sti": 7,
          "dti": 150,
          "sco": 30,
          "dco": 756,
          "txt": "core"
        },
        {
          "si": 7,
          "sti": 8,
          "dti": 151,
          "sco": 35,
          "dco": 761,
          "txt": "concrete"
        },
        {
          "si": 7,
          "sti": 9,
          "dti": 152,
          "sco": 44,
          "dco": 770,
          "txt": "gravity"
        },
        {
          "si": 7,
          "sti": 10,
          "dti": 153,
          "sco": 52,
          "dco": 778,
          "txt": "dam"
        },
        {
          "si": 7,
          "sti": 11,
          "dti": 154,
          "sco": 55,
          "dco": 781,
          "txt": "."
        },
        {
          "si": 8,
          "sti": 0,
          "dti": 155,
          "sco": 0,
          "dco": 783,
          "txt": "It"
        },
        {
          "si": 8,
          "sti": 1,
          "dti": 156,
          "sco": 3,
          "dco": 786,
          "txt": "was"
        },
        {
          "si": 8,
          "sti": 2,
          "dti": 157,
          "sco": 7,
          "dco": 790,
          "txt": "designed"
        },
        {
          "si": 8,
          "sti": 3,
          "dti": 158,
          "sco": 16,
          "dco": 799,
          "txt": "to"
        },
        {
          "si": 8,
          "sti": 4,
          "dti": 159,
          "sco": 19,
          "dco": 802,
          "txt": "provide"
        },
        {
          "si": 8,
          "sti": 5,
          "dti": 160,
          "sco": 27,
          "dco": 810,
          "txt": "flood"
        },
        {
          "si": 8,
          "sti": 6,
          "dti": 161,
          "sco": 33,
          "dco": 816,
          "txt": "control"
        },
        {
          "si": 8,
          "sti": 7,
          "dti": 162,
          "sco": 40,
          "dco": 823,
          "txt": ","
        },
        {
          "si": 8,
          "sti": 8,
          "dti": 163,
          "sco": 42,
          "dco": 825,
          "txt": "and"
        },
        {
          "si": 8,
          "sti": 9,
          "dti": 164,
          "sco": 46,
          "dco": 829,
          "txt": "industrial"
        },
        {
          "si": 8,
          "sti": 10,
          "dti": 165,
          "sco": 57,
          "dco": 840,
          "txt": "and"
        },
        {
          "si": 8,
          "sti": 11,
          "dti": 166,
          "sco": 61,
          "dco": 844,
          "txt": "drinking"
        },
        {
          "si": 8,
          "sti": 12,
          "dti": 167,
          "sco": 70,
          "dco": 853,
          "txt": "water"
        },
        {
          "si": 8,
          "sti": 13,
          "dti": 168,
          "sco": 76,
          "dco": 859,
          "txt": "to"
        },
        {
          "si": 8,
          "sti": 14,
          "dti": 169,
          "sco": 79,
          "dco": 862,
          "txt": "the"
        },
        {
          "si": 8,
          "sti": 15,
          "dti": 170,
          "sco": 83,
          "dco": 866,
          "txt": "cities"
        },
        {
          "si": 8,
          "sti": 16,
          "dti": 171,
          "sco": 90,
          "dco": 873,
          "txt": "of"
        },
        {
          "si": 8,
          "sti": 17,
          "dti": 172,
          "sco": 93,
          "dco": 876,
          "txt": "Yokohama"
        },
        {
          "si": 8,
          "sti": 18,
          "dti": 173,
          "sco": 101,
          "dco": 884,
          "txt": ","
        },
        {
          "si": 8,
          "sti": 19,
          "dti": 174,
          "sco": 103,
          "dco": 886,
          "txt": "Kawasaki"
        },
        {
          "si": 8,
          "sti": 20,
          "dti": 175,
          "sco": 111,
          "dco": 894,
          "txt": ","
        },
        {
          "si": 8,
          "sti": 21,
          "dti": 176,
          "sco": 113,
          "dco": 896,
          "txt": "Yokosuka"
        },
        {
          "si": 8,
          "sti": 22,
          "dti": 177,
          "sco": 122,
          "dco": 905,
          "txt": "and"
        },
        {
          "si": 8,
          "sti": 23,
          "dti": 178,
          "sco": 126,
          "dco": 909,
          "txt": "the"
        },
        {
          "si": 8,
          "sti": 24,
          "dti": 179,
          "sco": 130,
          "dco": 913,
          "txt": "Sh"
        },
        {
          "si": 8,
          "sti": 25,
          "dti": 180,
          "sco": 132,
          "dco": 915,
          "txt": "ō"
        },
        {
          "si": 8,
          "sti": 26,
          "dti": 181,
          "sco": 133,
          "dco": 916,
          "txt": "nan"
        },
        {
          "si": 8,
          "sti": 27,
          "dti": 182,
          "sco": 137,
          "dco": 920,
          "txt": "area"
        },
        {
          "si": 8,
          "sti": 28,
          "dti": 183,
          "sco": 141,
          "dco": 924,
          "txt": "."
        },
        {
          "si": 9,
          "sti": 0,
          "dti": 184,
          "sco": 0,
          "dco": 926,
          "txt": "It"
        },
        {
          "si": 9,
          "sti": 1,
          "dti": 185,
          "sco": 3,
          "dco": 929,
          "txt": "also"
        },
        {
          "si": 9,
          "sti": 2,
          "dti": 186,
          "sco": 8,
          "dco": 934,
          "txt": "serves"
        },
        {
          "si": 9,
          "sti": 3,
          "dti": 187,
          "sco": 15,
          "dco": 941,
          "txt": "as"
        },
        {
          "si": 9,
          "sti": 4,
          "dti": 188,
          "sco": 18,
          "dco": 944,
          "txt": "a"
        },
        {
          "si": 9,
          "sti": 5,
          "dti": 189,
          "sco": 20,
          "dco": 946,
          "txt": "Pumped"
        },
        {
          "si": 9,
          "sti": 6,
          "dti": 190,
          "sco": 26,
          "dco": 952,
          "txt": "-"
        },
        {
          "si": 9,
          "sti": 7,
          "dti": 191,
          "sco": 27,
          "dco": 953,
          "txt": "storage"
        },
        {
          "si": 9,
          "sti": 8,
          "dti": 192,
          "sco": 35,
          "dco": 961,
          "txt": "hydroelectricity"
        },
        {
          "si": 9,
          "sti": 9,
          "dti": 193,
          "sco": 52,
          "dco": 978,
          "txt": "facility"
        },
        {
          "si": 9,
          "sti": 10,
          "dti": 194,
          "sco": 61,
          "dco": 987,
          "txt": "in"
        },
        {
          "si": 9,
          "sti": 11,
          "dti": 195,
          "sco": 64,
          "dco": 990,
          "txt": "conjunction"
        },
        {
          "si": 9,
          "sti": 12,
          "dti": 196,
          "sco": 76,
          "dco": 1002,
          "txt": "with"
        },
        {
          "si": 9,
          "sti": 13,
          "dti": 197,
          "sco": 81,
          "dco": 1007,
          "txt": "the"
        },
        {
          "si": 9,
          "sti": 14,
          "dti": 198,
          "sco": 85,
          "dco": 1011,
          "txt": "Honzawa"
        },
        {
          "si": 9,
          "sti": 15,
          "dti": 199,
          "sco": 93,
          "dco": 1019,
          "txt": "Dam"
        },
        {
          "si": 9,
          "sti": 16,
          "dti": 200,
          "sco": 97,
          "dco": 1023,
          "txt": "further"
        },
        {
          "si": 9,
          "sti": 17,
          "dti": 201,
          "sco": 105,
          "dco": 1031,
          "txt": "upstream"
        },
        {
          "si": 9,
          "sti": 18,
          "dti": 202,
          "sco": 113,
          "dco": 1039,
          "txt": "."
        },
        {
          "si": 10,
          "sti": 0,
          "dti": 203,
          "sco": 0,
          "dco": 1041,
          "txt": "The"
        },
        {
          "si": 10,
          "sti": 1,
          "dti": 204,
          "sco": 4,
          "dco": 1045,
          "txt": "associated"
        },
        {
          "si": 10,
          "sti": 2,
          "dti": 205,
          "sco": 15,
          "dco": 1056,
          "txt": "Shiroyama"
        },
        {
          "si": 10,
          "sti": 3,
          "dti": 206,
          "sco": 25,
          "dco": 1066,
          "txt": "Hydroelectric"
        },
        {
          "si": 10,
          "sti": 4,
          "dti": 207,
          "sco": 39,
          "dco": 1080,
          "txt": "Power"
        },
        {
          "si": 10,
          "sti": 5,
          "dti": 208,
          "sco": 45,
          "dco": 1086,
          "txt": "Plant"
        },
        {
          "si": 10,
          "sti": 6,
          "dti": 209,
          "sco": 51,
          "dco": 1092,
          "txt": "has"
        },
        {
          "si": 10,
          "sti": 7,
          "dti": 210,
          "sco": 55,
          "dco": 1096,
          "txt": "a"
        },
        {
          "si": 10,
          "sti": 8,
          "dti": 211,
          "sco": 57,
          "dco": 1098,
          "txt": "rated"
        },
        {
          "si": 10,
          "sti": 9,
          "dti": 212,
          "sco": 63,
          "dco": 1104,
          "txt": "capacity"
        },
        {
          "si": 10,
          "sti": 10,
          "dti": 213,
          "sco": 72,
          "dco": 1113,
          "txt": "of"
        },
        {
          "si": 10,
          "sti": 11,
          "dti": 214,
          "sco": 75,
          "dco": 1116,
          "txt": "250"
        },
        {
          "si": 10,
          "sti": 12,
          "dti": 215,
          "sco": 78,
          "dco": 1119,
          "txt": ","
        },
        {
          "si": 10,
          "sti": 13,
          "dti": 216,
          "sco": 79,
          "dco": 1120,
          "txt": "000"
        },
        {
          "si": 10,
          "sti": 14,
          "dti": 217,
          "sco": 82,
          "dco": 1123,
          "txt": " "
        },
        {
          "si": 10,
          "sti": 15,
          "dti": 218,
          "sco": 83,
          "dco": 1124,
          "txt": "kW"
        },
        {
          "si": 10,
          "sti": 16,
          "dti": 219,
          "sco": 86,
          "dco": 1127,
          "txt": "of"
        },
        {
          "si": 10,
          "sti": 17,
          "dti": 220,
          "sco": 89,
          "dco": 1130,
          "txt": "power"
        },
        {
          "si": 10,
          "sti": 18,
          "dti": 221,
          "sco": 94,
          "dco": 1135,
          "txt": ","
        },
        {
          "si": 10,
          "sti": 19,
          "dti": 222,
          "sco": 96,
          "dco": 1137,
          "txt": "and"
        },
        {
          "si": 10,
          "sti": 20,
          "dti": 223,
          "sco": 100,
          "dco": 1141,
          "txt": "the"
        },
        {
          "si": 10,
          "sti": 21,
          "dti": 224,
          "sco": 104,
          "dco": 1145,
          "txt": "Tsukui"
        },
        {
          "si": 10,
          "sti": 22,
          "dti": 225,
          "sco": 111,
          "dco": 1152,
          "txt": "Hydroelectric"
        },
        {
          "si": 10,
          "sti": 23,
          "dti": 226,
          "sco": 125,
          "dco": 1166,
          "txt": "Power"
        },
        {
          "si": 10,
          "sti": 24,
          "dti": 227,
          "sco": 131,
          "dco": 1172,
          "txt": "Plant"
        },
        {
          "si": 10,
          "sti": 25,
          "dti": 228,
          "sco": 137,
          "dco": 1178,
          "txt": "has"
        },
        {
          "si": 10,
          "sti": 26,
          "dti": 229,
          "sco": 141,
          "dco": 1182,
          "txt": "an"
        },
        {
          "si": 10,
          "sti": 27,
          "dti": 230,
          "sco": 144,
          "dco": 1185,
          "txt": "additional"
        },
        {
          "si": 10,
          "sti": 28,
          "dti": 231,
          "sco": 155,
          "dco": 1196,
          "txt": "capacity"
        },
        {
          "si": 10,
          "sti": 29,
          "dti": 232,
          "sco": 164,
          "dco": 1205,
          "txt": "of"
        },
        {
          "si": 10,
          "sti": 30,
          "dti": 233,
          "sco": 167,
          "dco": 1208,
          "txt": "25"
        },
        {
          "si": 10,
          "sti": 31,
          "dti": 234,
          "sco": 169,
          "dco": 1210,
          "txt": ","
        },
        {
          "si": 10,
          "sti": 32,
          "dti": 235,
          "sco": 170,
          "dco": 1211,
          "txt": "000"
        },
        {
          "si": 10,
          "sti": 33,
          "dti": 236,
          "sco": 173,
          "dco": 1214,
          "txt": " "
        },
        {
          "si": 10,
          "sti": 34,
          "dti": 237,
          "sco": 174,
          "dco": 1215,
          "txt": "kW"
        },
        {
          "si": 10,
          "sti": 35,
          "dti": 238,
          "sco": 176,
          "dco": 1217,
          "txt": "."
        },
        {
          "si": 11,
          "sti": 0,
          "dti": 239,
          "sco": 0,
          "dco": 1219,
          "txt": "The"
        },
        {
          "si": 11,
          "sti": 1,
          "dti": 240,
          "sco": 4,
          "dco": 1223,
          "txt": "reversible"
        },
        {
          "si": 11,
          "sti": 2,
          "dti": 241,
          "sco": 15,
          "dco": 1234,
          "txt": "turbine"
        },
        {
          "si": 11,
          "sti": 3,
          "dti": 242,
          "sco": 23,
          "dco": 1242,
          "txt": "generators"
        },
        {
          "si": 11,
          "sti": 4,
          "dti": 243,
          "sco": 34,
          "dco": 1253,
          "txt": "at"
        },
        {
          "si": 11,
          "sti": 5,
          "dti": 244,
          "sco": 37,
          "dco": 1256,
          "txt": "the"
        },
        {
          "si": 11,
          "sti": 6,
          "dti": 245,
          "sco": 41,
          "dco": 1260,
          "txt": "Shiroyama"
        },
        {
          "si": 11,
          "sti": 7,
          "dti": 246,
          "sco": 51,
          "dco": 1270,
          "txt": "Power"
        },
        {
          "si": 11,
          "sti": 8,
          "dti": 247,
          "sco": 57,
          "dco": 1276,
          "txt": "Plant"
        },
        {
          "si": 11,
          "sti": 9,
          "dti": 248,
          "sco": 63,
          "dco": 1282,
          "txt": "were"
        },
        {
          "si": 11,
          "sti": 10,
          "dti": 249,
          "sco": 68,
          "dco": 1287,
          "txt": "designed"
        },
        {
          "si": 11,
          "sti": 11,
          "dti": 250,
          "sco": 77,
          "dco": 1296,
          "txt": "to"
        },
        {
          "si": 11,
          "sti": 12,
          "dti": 251,
          "sco": 80,
          "dco": 1299,
          "txt": "function"
        },
        {
          "si": 11,
          "sti": 13,
          "dti": 252,
          "sco": 89,
          "dco": 1308,
          "txt": "as"
        },
        {
          "si": 11,
          "sti": 14,
          "dti": 253,
          "sco": 92,
          "dco": 1311,
          "txt": "either"
        },
        {
          "si": 11,
          "sti": 15,
          "dti": 254,
          "sco": 99,
          "dco": 1318,
          "txt": "electrical"
        },
        {
          "si": 11,
          "sti": 16,
          "dti": 255,
          "sco": 110,
          "dco": 1329,
          "txt": "power"
        },
        {
          "si": 11,
          "sti": 17,
          "dti": 256,
          "sco": 116,
          "dco": 1335,
          "txt": "generators"
        },
        {
          "si": 11,
          "sti": 18,
          "dti": 257,
          "sco": 126,
          "dco": 1345,
          "txt": ","
        },
        {
          "si": 11,
          "sti": 19,
          "dti": 258,
          "sco": 128,
          "dco": 1347,
          "txt": "or"
        },
        {
          "si": 11,
          "sti": 20,
          "dti": 259,
          "sco": 131,
          "dco": 1350,
          "txt": "as"
        },
        {
          "si": 11,
          "sti": 21,
          "dti": 260,
          "sco": 134,
          "dco": 1353,
          "txt": "pumps"
        },
        {
          "si": 11,
          "sti": 22,
          "dti": 261,
          "sco": 139,
          "dco": 1358,
          "txt": ","
        },
        {
          "si": 11,
          "sti": 23,
          "dti": 262,
          "sco": 141,
          "dco": 1360,
          "txt": "to"
        },
        {
          "si": 11,
          "sti": 24,
          "dti": 263,
          "sco": 144,
          "dco": 1363,
          "txt": "reverse"
        },
        {
          "si": 11,
          "sti": 25,
          "dti": 264,
          "sco": 152,
          "dco": 1371,
          "txt": "the"
        },
        {
          "si": 11,
          "sti": 26,
          "dti": 265,
          "sco": 156,
          "dco": 1375,
          "txt": "flow"
        },
        {
          "si": 11,
          "sti": 27,
          "dti": 266,
          "sco": 161,
          "dco": 1380,
          "txt": "of"
        },
        {
          "si": 11,
          "sti": 28,
          "dti": 267,
          "sco": 164,
          "dco": 1383,
          "txt": "water"
        },
        {
          "si": 11,
          "sti": 29,
          "dti": 268,
          "sco": 170,
          "dco": 1389,
          "txt": "back"
        },
        {
          "si": 11,
          "sti": 30,
          "dti": 269,
          "sco": 175,
          "dco": 1394,
          "txt": "into"
        },
        {
          "si": 11,
          "sti": 31,
          "dti": 270,
          "sco": 180,
          "dco": 1399,
          "txt": "the"
        },
        {
          "si": 11,
          "sti": 32,
          "dti": 271,
          "sco": 184,
          "dco": 1403,
          "txt": "reservoir"
        },
        {
          "si": 11,
          "sti": 33,
          "dti": 272,
          "sco": 194,
          "dco": 1413,
          "txt": "of"
        },
        {
          "si": 11,
          "sti": 34,
          "dti": 273,
          "sco": 197,
          "dco": 1416,
          "txt": "the"
        },
        {
          "si": 11,
          "sti": 35,
          "dti": 274,
          "sco": 201,
          "dco": 1420,
          "txt": "Honzawa"
        },
        {
          "si": 11,
          "sti": 36,
          "dti": 275,
          "sco": 209,
          "dco": 1428,
          "txt": "Dam"
        },
        {
          "si": 11,
          "sti": 37,
          "dti": 276,
          "sco": 213,
          "dco": 1432,
          "txt": "in"
        },
        {
          "si": 11,
          "sti": 38,
          "dti": 277,
          "sco": 216,
          "dco": 1435,
          "txt": "times"
        },
        {
          "si": 11,
          "sti": 39,
          "dti": 278,
          "sco": 222,
          "dco": 1441,
          "txt": "of"
        },
        {
          "si": 11,
          "sti": 40,
          "dti": 279,
          "sco": 225,
          "dco": 1444,
          "txt": "low"
        },
        {
          "si": 11,
          "sti": 41,
          "dti": 280,
          "sco": 229,
          "dco": 1448,
          "txt": "demand"
        },
        {
          "si": 11,
          "sti": 42,
          "dti": 281,
          "sco": 235,
          "dco": 1454,
          "txt": "."
        },
        {
          "si": 11,
          "sti": 43,
          "dti": 282,
          "sco": 237,
          "dco": 1456,
          "txt": "created"
        },
        {
          "si": 11,
          "sti": 44,
          "dti": 283,
          "sco": 245,
          "dco": 1464,
          "txt": "by"
        },
        {
          "si": 11,
          "sti": 45,
          "dti": 284,
          "sco": 248,
          "dco": 1467,
          "txt": "the"
        },
        {
          "si": 11,
          "sti": 46,
          "dti": 285,
          "sco": 252,
          "dco": 1471,
          "txt": "dam"
        },
        {
          "si": 11,
          "sti": 47,
          "dti": 286,
          "sco": 256,
          "dco": 1475,
          "txt": "is"
        },
        {
          "si": 11,
          "sti": 48,
          "dti": 287,
          "sco": 259,
          "dco": 1478,
          "txt": "a"
        },
        {
          "si": 11,
          "sti": 49,
          "dti": 288,
          "sco": 261,
          "dco": 1480,
          "txt": "major"
        },
        {
          "si": 11,
          "sti": 50,
          "dti": 289,
          "sco": 267,
          "dco": 1486,
          "txt": "leisure"
        },
        {
          "si": 11,
          "sti": 51,
          "dti": 290,
          "sco": 275,
          "dco": 1494,
          "txt": "destination"
        },
        {
          "si": 11,
          "sti": 52,
          "dti": 291,
          "sco": 287,
          "dco": 1506,
          "txt": "in"
        },
        {
          "si": 11,
          "sti": 53,
          "dti": 292,
          "sco": 290,
          "dco": 1509,
          "txt": "Kanagawa"
        },
        {
          "si": 11,
          "sti": 54,
          "dti": 293,
          "sco": 299,
          "dco": 1518,
          "txt": "Prefecture"
        },
        {
          "si": 11,
          "sti": 55,
          "dti": 294,
          "sco": 309,
          "dco": 1528,
          "txt": ","
        },
        {
          "si": 11,
          "sti": 56,
          "dti": 295,
          "sco": 311,
          "dco": 1530,
          "txt": "popular"
        },
        {
          "si": 11,
          "sti": 57,
          "dti": 296,
          "sco": 319,
          "dco": 1538,
          "txt": "with"
        },
        {
          "si": 11,
          "sti": 58,
          "dti": 297,
          "sco": 324,
          "dco": 1543,
          "txt": "boaters"
        },
        {
          "si": 11,
          "sti": 59,
          "dti": 298,
          "sco": 331,
          "dco": 1550,
          "txt": ","
        },
        {
          "si": 11,
          "sti": 60,
          "dti": 299,
          "sco": 333,
          "dco": 1552,
          "txt": "fishers"
        },
        {
          "si": 11,
          "sti": 61,
          "dti": 300,
          "sco": 341,
          "dco": 1560,
          "txt": "and"
        },
        {
          "si": 11,
          "sti": 62,
          "dti": 301,
          "sco": 345,
          "dco": 1564,
          "txt": "campers"
        },
        {
          "si": 11,
          "sti": 63,
          "dti": 302,
          "sco": 352,
          "dco": 1571,
          "txt": "."
        },
        {
          "si": 12,
          "sti": 0,
          "dti": 303,
          "sco": 0,
          "dco": 1573,
          "txt": "Surroundings"
        },
        {
          "si": 12,
          "sti": 1,
          "dti": 304,
          "sco": 12,
          "dco": 1585,
          "txt": "."
        },
        {
          "si": 13,
          "sti": 0,
          "dti": 305,
          "sco": 0,
          "dco": 1587,
          "txt": "Public"
        },
        {
          "si": 13,
          "sti": 1,
          "dti": 306,
          "sco": 7,
          "dco": 1594,
          "txt": "access"
        },
        {
          "si": 13,
          "sti": 2,
          "dti": 307,
          "sco": 14,
          "dco": 1601,
          "txt": "to"
        },
        {
          "si": 13,
          "sti": 3,
          "dti": 308,
          "sco": 17,
          "dco": 1604,
          "txt": "the"
        },
        {
          "si": 13,
          "sti": 4,
          "dti": 309,
          "sco": 21,
          "dco": 1608,
          "txt": "Shiroyama"
        },
        {
          "si": 13,
          "sti": 5,
          "dti": 310,
          "sco": 31,
          "dco": 1618,
          "txt": "Dam"
        },
        {
          "si": 13,
          "sti": 6,
          "dti": 311,
          "sco": 35,
          "dco": 1622,
          "txt": "and"
        },
        {
          "si": 13,
          "sti": 7,
          "dti": 312,
          "sco": 39,
          "dco": 1626,
          "txt": "to"
        },
        {
          "si": 13,
          "sti": 8,
          "dti": 313,
          "sco": 42,
          "dco": 1629,
          "txt": "Lake"
        },
        {
          "si": 13,
          "sti": 9,
          "dti": 314,
          "sco": 47,
          "dco": 1634,
          "txt": "Tsukui"
        },
        {
          "si": 13,
          "sti": 10,
          "dti": 315,
          "sco": 54,
          "dco": 1641,
          "txt": "are"
        },
        {
          "si": 13,
          "sti": 11,
          "dti": 316,
          "sco": 58,
          "dco": 1645,
          "txt": "by"
        },
        {
          "si": 13,
          "sti": 12,
          "dti": 317,
          "sco": 61,
          "dco": 1648,
          "txt": "Japan"
        },
        {
          "si": 13,
          "sti": 13,
          "dti": 318,
          "sco": 67,
          "dco": 1654,
          "txt": "National"
        },
        {
          "si": 13,
          "sti": 14,
          "dti": 319,
          "sco": 76,
          "dco": 1663,
          "txt": "Route"
        },
        {
          "si": 13,
          "sti": 15,
          "dti": 320,
          "sco": 82,
          "dco": 1669,
          "txt": "413"
        },
        {
          "si": 13,
          "sti": 16,
          "dti": 321,
          "sco": 85,
          "dco": 1672,
          "txt": ","
        },
        {
          "si": 13,
          "sti": 17,
          "dti": 322,
          "sco": 87,
          "dco": 1674,
          "txt": "which"
        },
        {
          "si": 13,
          "sti": 18,
          "dti": 323,
          "sco": 93,
          "dco": 1680,
          "txt": "actually"
        },
        {
          "si": 13,
          "sti": 19,
          "dti": 324,
          "sco": 102,
          "dco": 1689,
          "txt": "runs"
        },
        {
          "si": 13,
          "sti": 20,
          "dti": 325,
          "sco": 107,
          "dco": 1694,
          "txt": "across"
        },
        {
          "si": 13,
          "sti": 21,
          "dti": 326,
          "sco": 114,
          "dco": 1701,
          "txt": "the"
        },
        {
          "si": 13,
          "sti": 22,
          "dti": 327,
          "sco": 118,
          "dco": 1705,
          "txt": "top"
        },
        {
          "si": 13,
          "sti": 23,
          "dti": 328,
          "sco": 122,
          "dco": 1709,
          "txt": "of"
        },
        {
          "si": 13,
          "sti": 24,
          "dti": 329,
          "sco": 125,
          "dco": 1712,
          "txt": "the"
        },
        {
          "si": 13,
          "sti": 25,
          "dti": 330,
          "sco": 129,
          "dco": 1716,
          "txt": "dam"
        },
        {
          "si": 13,
          "sti": 26,
          "dti": 331,
          "sco": 133,
          "dco": 1720,
          "txt": "itself"
        },
        {
          "si": 13,
          "sti": 27,
          "dti": 332,
          "sco": 139,
          "dco": 1726,
          "txt": "."
        }
      ]
    },
    "ganns": {
      "dla": [],
      "la": [],
      "ea": [],
      "eta": [
        {
          "ra": {
            "ea": {
              "etn": "Shiroyama_Dam"
            }
          },
          "sfs": [
            [
              {
                "stn": "status"
              },
              {}
            ]
          ],
          "mfs": [
            [
              {
                "stn": "rivers"
              },
              {
                "dla": [],
                "la": [],
                "ea": [
                  {
                    "etn": "Sagami_River"
                  }
                ],
                "eta": []
              }
            ],
            [
              {
                "stn": "locations"
              },
              {
                "dla": [],
                "la": [],
                "ea": [
                  {
                    "etn": "Japan"
                  },
                  {
                    "etn": "Kanagawa_Prefecture"
                  }
                ],
                "eta": []
              }
            ],
            [
              {
                "stn": "openingYears"
              },
              {
                "dla": [
                  {
                    "txt": {
                      "sff": "1965"
                    },
                    "et": {
                      "etn": "Year"
                    },
                    "dp": {
                      "off": 671
                    }
                  }
                ],
                "la": [],
                "ea": [],
                "eta": []
              }
            ],
            [
              {
                "stn": "buildingStartYears"
              },
              {
                "dla": [
                  {
                    "txt": {
                      "sff": "1960"
                    },
                    "et": {
                      "etn": "Year"
                    },
                    "dp": {
                      "off": 645
                    }
                  }
                ],
                "la": [],
                "ea": [],
                "eta": []
              }
            ],
            [
              {
                "stn": "countries"
              },
              {
                "dla": [],
                "la": [],
                "ea": [],
                "eta": []
              }
            ]
          ]
        }
      ]
    }
  }
]
