[
  {
    "context": "DEVELOPMENT",
    "doc": {
      "id": "Sidi_Salem_Dam",
      "tl": [
        {
          "si": 0,
          "sti": 0,
          "dti": 0,
          "sco": 0,
          "dco": 0,
          "txt": "Sidi"
        },
        {
          "si": 0,
          "sti": 1,
          "dti": 1,
          "sco": 5,
          "dco": 5,
          "txt": "Salem"
        },
        {
          "si": 0,
          "sti": 2,
          "dti": 2,
          "sco": 11,
          "dco": 11,
          "txt": "Dam"
        },
        {
          "si": 0,
          "sti": 3,
          "dti": 3,
          "sco": 14,
          "dco": 14,
          "txt": "."
        },
        {
          "si": 1,
          "sti": 0,
          "dti": 4,
          "sco": 0,
          "dco": 16,
          "txt": "The"
        },
        {
          "si": 1,
          "sti": 1,
          "dti": 5,
          "sco": 4,
          "dco": 20,
          "txt": "Sidi"
        },
        {
          "si": 1,
          "sti": 2,
          "dti": 6,
          "sco": 9,
          "dco": 25,
          "txt": "Salem"
        },
        {
          "si": 1,
          "sti": 3,
          "dti": 7,
          "sco": 15,
          "dco": 31,
          "txt": "Dam"
        },
        {
          "si": 1,
          "sti": 4,
          "dti": 8,
          "sco": 19,
          "dco": 35,
          "txt": "is"
        },
        {
          "si": 1,
          "sti": 5,
          "dti": 9,
          "sco": 22,
          "dco": 38,
          "txt": "the"
        },
        {
          "si": 1,
          "sti": 6,
          "dti": 10,
          "sco": 26,
          "dco": 42,
          "txt": "largest"
        },
        {
          "si": 1,
          "sti": 7,
          "dti": 11,
          "sco": 34,
          "dco": 50,
          "txt": "embankment"
        },
        {
          "si": 1,
          "sti": 8,
          "dti": 12,
          "sco": 45,
          "dco": 61,
          "txt": "dam"
        },
        {
          "si": 1,
          "sti": 9,
          "dti": 13,
          "sco": 49,
          "dco": 65,
          "txt": "in"
        },
        {
          "si": 1,
          "sti": 10,
          "dti": 14,
          "sco": 52,
          "dco": 68,
          "txt": "Tunisia"
        },
        {
          "si": 1,
          "sti": 11,
          "dti": 15,
          "sco": 60,
          "dco": 76,
          "txt": "located"
        },
        {
          "si": 1,
          "sti": 12,
          "dti": 16,
          "sco": 68,
          "dco": 84,
          "txt": "northwest"
        },
        {
          "si": 1,
          "sti": 13,
          "dti": 17,
          "sco": 78,
          "dco": 94,
          "txt": "of"
        },
        {
          "si": 1,
          "sti": 14,
          "dti": 18,
          "sco": 81,
          "dco": 97,
          "txt": "Testour"
        },
        {
          "si": 1,
          "sti": 15,
          "dti": 19,
          "sco": 89,
          "dco": 105,
          "txt": "on"
        },
        {
          "si": 1,
          "sti": 16,
          "dti": 20,
          "sco": 92,
          "dco": 108,
          "txt": "the"
        },
        {
          "si": 1,
          "sti": 17,
          "dti": 21,
          "sco": 96,
          "dco": 112,
          "txt": "Medjerda"
        },
        {
          "si": 1,
          "sti": 18,
          "dti": 22,
          "sco": 105,
          "dco": 121,
          "txt": "River"
        },
        {
          "si": 1,
          "sti": 19,
          "dti": 23,
          "sco": 111,
          "dco": 127,
          "txt": "in"
        },
        {
          "si": 1,
          "sti": 20,
          "dti": 24,
          "sco": 114,
          "dco": 130,
          "txt": "B"
        },
        {
          "si": 1,
          "sti": 21,
          "dti": 25,
          "sco": 115,
          "dco": 131,
          "txt": "é"
        },
        {
          "si": 1,
          "sti": 22,
          "dti": 26,
          "sco": 116,
          "dco": 132,
          "txt": "ja"
        },
        {
          "si": 1,
          "sti": 23,
          "dti": 27,
          "sco": 119,
          "dco": 135,
          "txt": "Governorate"
        },
        {
          "si": 1,
          "sti": 24,
          "dti": 28,
          "sco": 130,
          "dco": 146,
          "txt": ","
        },
        {
          "si": 1,
          "sti": 25,
          "dti": 29,
          "sco": 132,
          "dco": 148,
          "txt": "Tunisia"
        },
        {
          "si": 1,
          "sti": 26,
          "dti": 30,
          "sco": 139,
          "dco": 155,
          "txt": "."
        },
        {
          "si": 2,
          "sti": 0,
          "dti": 31,
          "sco": 0,
          "dco": 157,
          "txt": "Constructed"
        },
        {
          "si": 2,
          "sti": 1,
          "dti": 32,
          "sco": 12,
          "dco": 169,
          "txt": "between"
        },
        {
          "si": 2,
          "sti": 2,
          "dti": 33,
          "sco": 20,
          "dco": 177,
          "txt": "1977"
        },
        {
          "si": 2,
          "sti": 3,
          "dti": 34,
          "sco": 25,
          "dco": 182,
          "txt": "and"
        },
        {
          "si": 2,
          "sti": 4,
          "dti": 35,
          "sco": 29,
          "dco": 186,
          "txt": "1981"
        },
        {
          "si": 2,
          "sti": 5,
          "dti": 36,
          "sco": 33,
          "dco": 190,
          "txt": ","
        },
        {
          "si": 2,
          "sti": 6,
          "dti": 37,
          "sco": 35,
          "dco": 192,
          "txt": "the"
        },
        {
          "si": 2,
          "sti": 7,
          "dti": 38,
          "sco": 39,
          "dco": 196,
          "txt": "dams"
        },
        {
          "si": 2,
          "sti": 8,
          "dti": 39,
          "sco": 44,
          "dco": 201,
          "txt": "supplies"
        },
        {
          "si": 2,
          "sti": 9,
          "dti": 40,
          "sco": 53,
          "dco": 210,
          "txt": "water"
        },
        {
          "si": 2,
          "sti": 10,
          "dti": 41,
          "sco": 59,
          "dco": 216,
          "txt": "for"
        },
        {
          "si": 2,
          "sti": 11,
          "dti": 42,
          "sco": 63,
          "dco": 220,
          "txt": "irrigation"
        },
        {
          "si": 2,
          "sti": 12,
          "dti": 43,
          "sco": 74,
          "dco": 231,
          "txt": "and"
        },
        {
          "si": 2,
          "sti": 13,
          "dti": 44,
          "sco": 78,
          "dco": 235,
          "txt": "supports"
        },
        {
          "si": 2,
          "sti": 14,
          "dti": 45,
          "sco": 87,
          "dco": 244,
          "txt": "a"
        },
        {
          "si": 2,
          "sti": 15,
          "dti": 46,
          "sco": 89,
          "dco": 246,
          "txt": "power"
        },
        {
          "si": 2,
          "sti": 16,
          "dti": 47,
          "sco": 95,
          "dco": 252,
          "txt": "station"
        },
        {
          "si": 2,
          "sti": 17,
          "dti": 48,
          "sco": 102,
          "dco": 259,
          "txt": "."
        }
      ]
    },
    "ganns": {
      "dla": [],
      "la": [],
      "ea": [],
      "eta": [
        {
          "ra": {
            "ea": {
              "etn": "Sidi_Salem_Dam"
            }
          },
          "sfs": [
            [
              {
                "stn": "status"
              },
              {}
            ]
          ],
          "mfs": [
            [
              {
                "stn": "rivers"
              },
              {
                "dla": [],
                "la": [],
                "ea": [
                  {
                    "etn": "Medjerda_River"
                  }
                ],
                "eta": []
              }
            ],
            [
              {
                "stn": "locations"
              },
              {
                "dla": [],
                "la": [],
                "ea": [
                  {
                    "etn": "Testour"
                  }
                ],
                "eta": []
              }
            ],
            [
              {
                "stn": "openingYears"
              },
              {
                "dla": [
                  {
                    "txt": {
                      "sff": "1981"
                    },
                    "et": {
                      "etn": "Year"
                    },
                    "dp": {
                      "off": 186
                    }
                  }
                ],
                "la": [],
                "ea": [],
                "eta": []
              }
            ],
            [
              {
                "stn": "buildingStartYears"
              },
              {
                "dla": [
                  {
                    "txt": {
                      "sff": "1977"
                    },
                    "et": {
                      "etn": "Year"
                    },
                    "dp": {
                      "off": 177
                    }
                  }
                ],
                "la": [],
                "ea": [],
                "eta": []
              }
            ],
            [
              {
                "stn": "countries"
              },
              {
                "dla": [],
                "la": [],
                "ea": [],
                "eta": []
              }
            ]
          ]
        }
      ]
    }
  }
]
