[
  {
    "context": "DEVELOPMENT",
    "doc": {
      "id": "Spitskop_Dam",
      "tl": [
        {
          "si": 0,
          "sti": 0,
          "dti": 0,
          "sco": 0,
          "dco": 0,
          "txt": "Spitskop"
        },
        {
          "si": 0,
          "sti": 1,
          "dti": 1,
          "sco": 9,
          "dco": 9,
          "txt": "Dam"
        },
        {
          "si": 0,
          "sti": 2,
          "dti": 2,
          "sco": 12,
          "dco": 12,
          "txt": "."
        },
        {
          "si": 1,
          "sti": 0,
          "dti": 3,
          "sco": 0,
          "dco": 14,
          "txt": "Spitskop"
        },
        {
          "si": 1,
          "sti": 1,
          "dti": 4,
          "sco": 9,
          "dco": 23,
          "txt": "Dam"
        },
        {
          "si": 1,
          "sti": 2,
          "dti": 5,
          "sco": 13,
          "dco": 27,
          "txt": "is"
        },
        {
          "si": 1,
          "sti": 3,
          "dti": 6,
          "sco": 16,
          "dco": 30,
          "txt": "an"
        },
        {
          "si": 1,
          "sti": 4,
          "dti": 7,
          "sco": 19,
          "dco": 33,
          "txt": "earth"
        },
        {
          "si": 1,
          "sti": 5,
          "dti": 8,
          "sco": 24,
          "dco": 38,
          "txt": "-"
        },
        {
          "si": 1,
          "sti": 6,
          "dti": 9,
          "sco": 25,
          "dco": 39,
          "txt": "fill"
        },
        {
          "si": 1,
          "sti": 7,
          "dti": 10,
          "sco": 30,
          "dco": 44,
          "txt": "type"
        },
        {
          "si": 1,
          "sti": 8,
          "dti": 11,
          "sco": 35,
          "dco": 49,
          "txt": "dam"
        },
        {
          "si": 1,
          "sti": 9,
          "dti": 12,
          "sco": 39,
          "dco": 53,
          "txt": "located"
        },
        {
          "si": 1,
          "sti": 10,
          "dti": 13,
          "sco": 47,
          "dco": 61,
          "txt": "on"
        },
        {
          "si": 1,
          "sti": 11,
          "dti": 14,
          "sco": 50,
          "dco": 64,
          "txt": "the"
        },
        {
          "si": 1,
          "sti": 12,
          "dti": 15,
          "sco": 54,
          "dco": 68,
          "txt": "Harts"
        },
        {
          "si": 1,
          "sti": 13,
          "dti": 16,
          "sco": 60,
          "dco": 74,
          "txt": "River"
        },
        {
          "si": 1,
          "sti": 14,
          "dti": 17,
          "sco": 66,
          "dco": 80,
          "txt": "in"
        },
        {
          "si": 1,
          "sti": 15,
          "dti": 18,
          "sco": 69,
          "dco": 83,
          "txt": "the"
        },
        {
          "si": 1,
          "sti": 16,
          "dti": 19,
          "sco": 73,
          "dco": 87,
          "txt": "Northern"
        },
        {
          "si": 1,
          "sti": 17,
          "dti": 20,
          "sco": 82,
          "dco": 96,
          "txt": "Cape"
        },
        {
          "si": 1,
          "sti": 18,
          "dti": 21,
          "sco": 87,
          "dco": 101,
          "txt": "Province"
        },
        {
          "si": 1,
          "sti": 19,
          "dti": 22,
          "sco": 96,
          "dco": 110,
          "txt": "north"
        },
        {
          "si": 1,
          "sti": 20,
          "dti": 23,
          "sco": 102,
          "dco": 116,
          "txt": "of"
        },
        {
          "si": 1,
          "sti": 21,
          "dti": 24,
          "sco": 105,
          "dco": 119,
          "txt": "the"
        },
        {
          "si": 1,
          "sti": 22,
          "dti": 25,
          "sco": 109,
          "dco": 123,
          "txt": "city"
        },
        {
          "si": 1,
          "sti": 23,
          "dti": 26,
          "sco": 114,
          "dco": 128,
          "txt": "of"
        },
        {
          "si": 1,
          "sti": 24,
          "dti": 27,
          "sco": 117,
          "dco": 131,
          "txt": "Kimberley"
        },
        {
          "si": 1,
          "sti": 25,
          "dti": 28,
          "sco": 127,
          "dco": 141,
          "txt": "in"
        },
        {
          "si": 1,
          "sti": 26,
          "dti": 29,
          "sco": 130,
          "dco": 144,
          "txt": "South"
        },
        {
          "si": 1,
          "sti": 27,
          "dti": 30,
          "sco": 136,
          "dco": 150,
          "txt": "Africa"
        },
        {
          "si": 1,
          "sti": 28,
          "dti": 31,
          "sco": 142,
          "dco": 156,
          "txt": "."
        },
        {
          "si": 2,
          "sti": 0,
          "dti": 32,
          "sco": 0,
          "dco": 158,
          "txt": "It"
        },
        {
          "si": 2,
          "sti": 1,
          "dti": 33,
          "sco": 3,
          "dco": 161,
          "txt": "was"
        },
        {
          "si": 2,
          "sti": 2,
          "dti": 34,
          "sco": 7,
          "dco": 165,
          "txt": "established"
        },
        {
          "si": 2,
          "sti": 3,
          "dti": 35,
          "sco": 19,
          "dco": 177,
          "txt": "in"
        },
        {
          "si": 2,
          "sti": 4,
          "dti": 36,
          "sco": 22,
          "dco": 180,
          "txt": "1975"
        },
        {
          "si": 2,
          "sti": 5,
          "dti": 37,
          "sco": 27,
          "dco": 185,
          "txt": "and"
        },
        {
          "si": 2,
          "sti": 6,
          "dti": 38,
          "sco": 31,
          "dco": 189,
          "txt": "rebuilt"
        },
        {
          "si": 2,
          "sti": 7,
          "dti": 39,
          "sco": 39,
          "dco": 197,
          "txt": "in"
        },
        {
          "si": 2,
          "sti": 8,
          "dti": 40,
          "sco": 42,
          "dco": 200,
          "txt": "1989"
        },
        {
          "si": 2,
          "sti": 9,
          "dti": 41,
          "sco": 47,
          "dco": 205,
          "txt": "after"
        },
        {
          "si": 2,
          "sti": 10,
          "dti": 42,
          "sco": 53,
          "dco": 211,
          "txt": "breaching"
        },
        {
          "si": 2,
          "sti": 11,
          "dti": 43,
          "sco": 63,
          "dco": 221,
          "txt": "during"
        },
        {
          "si": 2,
          "sti": 12,
          "dti": 44,
          "sco": 70,
          "dco": 228,
          "txt": "a"
        },
        {
          "si": 2,
          "sti": 13,
          "dti": 45,
          "sco": 72,
          "dco": 230,
          "txt": "flood"
        },
        {
          "si": 2,
          "sti": 14,
          "dti": 46,
          "sco": 77,
          "dco": 235,
          "txt": "."
        },
        {
          "si": 3,
          "sti": 0,
          "dti": 47,
          "sco": 0,
          "dco": 237,
          "txt": "It"
        },
        {
          "si": 3,
          "sti": 1,
          "dti": 48,
          "sco": 3,
          "dco": 240,
          "txt": "has"
        },
        {
          "si": 3,
          "sti": 2,
          "dti": 49,
          "sco": 7,
          "dco": 244,
          "txt": "a"
        },
        {
          "si": 3,
          "sti": 3,
          "dti": 50,
          "sco": 9,
          "dco": 246,
          "txt": "full"
        },
        {
          "si": 3,
          "sti": 4,
          "dti": 51,
          "sco": 14,
          "dco": 251,
          "txt": "capacity"
        },
        {
          "si": 3,
          "sti": 5,
          "dti": 52,
          "sco": 23,
          "dco": 260,
          "txt": "of"
        },
        {
          "si": 3,
          "sti": 6,
          "dti": 53,
          "sco": 26,
          "dco": 263,
          "txt": "57"
        },
        {
          "si": 3,
          "sti": 7,
          "dti": 54,
          "sco": 28,
          "dco": 265,
          "txt": "."
        },
        {
          "si": 3,
          "sti": 8,
          "dti": 55,
          "sco": 29,
          "dco": 266,
          "txt": "887"
        },
        {
          "si": 3,
          "sti": 9,
          "dti": 56,
          "sco": 33,
          "dco": 270,
          "txt": "million"
        },
        {
          "si": 3,
          "sti": 10,
          "dti": 57,
          "sco": 41,
          "dco": 278,
          "txt": "cubic"
        },
        {
          "si": 3,
          "sti": 11,
          "dti": 58,
          "sco": 47,
          "dco": 284,
          "txt": "meters"
        },
        {
          "si": 3,
          "sti": 12,
          "dti": 59,
          "sco": 54,
          "dco": 291,
          "txt": "of"
        },
        {
          "si": 3,
          "sti": 13,
          "dti": 60,
          "sco": 57,
          "dco": 294,
          "txt": "water"
        },
        {
          "si": 3,
          "sti": 14,
          "dti": 61,
          "sco": 63,
          "dco": 300,
          "txt": "and"
        },
        {
          "si": 3,
          "sti": 15,
          "dti": 62,
          "sco": 67,
          "dco": 304,
          "txt": "serves"
        },
        {
          "si": 3,
          "sti": 16,
          "dti": 63,
          "sco": 74,
          "dco": 311,
          "txt": "primarily"
        },
        {
          "si": 3,
          "sti": 17,
          "dti": 64,
          "sco": 84,
          "dco": 321,
          "txt": "for"
        },
        {
          "si": 3,
          "sti": 18,
          "dti": 65,
          "sco": 88,
          "dco": 325,
          "txt": "irrigation"
        },
        {
          "si": 3,
          "sti": 19,
          "dti": 66,
          "sco": 99,
          "dco": 336,
          "txt": "purposes"
        },
        {
          "si": 3,
          "sti": 20,
          "dti": 67,
          "sco": 107,
          "dco": 344,
          "txt": "."
        },
        {
          "si": 4,
          "sti": 0,
          "dti": 68,
          "sco": 0,
          "dco": 346,
          "txt": "The"
        },
        {
          "si": 4,
          "sti": 1,
          "dti": 69,
          "sco": 4,
          "dco": 350,
          "txt": "hazard"
        },
        {
          "si": 4,
          "sti": 2,
          "dti": 70,
          "sco": 11,
          "dco": 357,
          "txt": "potential"
        },
        {
          "si": 4,
          "sti": 3,
          "dti": 71,
          "sco": 21,
          "dco": 367,
          "txt": "of"
        },
        {
          "si": 4,
          "sti": 4,
          "dti": 72,
          "sco": 24,
          "dco": 370,
          "txt": "the"
        },
        {
          "si": 4,
          "sti": 5,
          "dti": 73,
          "sco": 28,
          "dco": 374,
          "txt": "dam"
        },
        {
          "si": 4,
          "sti": 6,
          "dti": 74,
          "sco": 32,
          "dco": 378,
          "txt": "has"
        },
        {
          "si": 4,
          "sti": 7,
          "dti": 75,
          "sco": 36,
          "dco": 382,
          "txt": "been"
        },
        {
          "si": 4,
          "sti": 8,
          "dti": 76,
          "sco": 41,
          "dco": 387,
          "txt": "ranked"
        },
        {
          "si": 4,
          "sti": 9,
          "dti": 77,
          "sco": 48,
          "dco": 394,
          "txt": "high"
        },
        {
          "si": 4,
          "sti": 10,
          "dti": 78,
          "sco": 53,
          "dco": 399,
          "txt": "("
        },
        {
          "si": 4,
          "sti": 11,
          "dti": 79,
          "sco": 54,
          "dco": 400,
          "txt": "3"
        },
        {
          "si": 4,
          "sti": 12,
          "dti": 80,
          "sco": 55,
          "dco": 401,
          "txt": ")"
        },
        {
          "si": 4,
          "sti": 13,
          "dti": 81,
          "sco": 56,
          "dco": 402,
          "txt": "."
        }
      ]
    },
    "ganns": {
      "dla": [],
      "la": [],
      "ea": [],
      "eta": [
        {
          "ra": {
            "ea": {
              "etn": "Spitskop_Dam"
            }
          },
          "sfs": [
            [
              {
                "stn": "status"
              },
              {}
            ]
          ],
          "mfs": [
            [
              {
                "stn": "rivers"
              },
              {
                "dla": [],
                "la": [],
                "ea": [
                  {
                    "etn": "Harts_River"
                  }
                ],
                "eta": []
              }
            ],
            [
              {
                "stn": "locations"
              },
              {
                "dla": [],
                "la": [],
                "ea": [
                  {
                    "etn": "Kimberley,_Northern_Cape"
                  }
                ],
                "eta": []
              }
            ],
            [
              {
                "stn": "openingYears"
              },
              {
                "dla": [
                  {
                    "txt": {
                      "sff": "1975"
                    },
                    "et": {
                      "etn": "Year"
                    },
                    "dp": {
                      "off": 180
                    }
                  }
                ],
                "la": [],
                "ea": [],
                "eta": []
              }
            ],
            [
              {
                "stn": "buildingStartYears"
              },
              {
                "dla": [],
                "la": [],
                "ea": [],
                "eta": []
              }
            ],
            [
              {
                "stn": "countries"
              },
              {
                "dla": [],
                "la": [],
                "ea": [
                  {
                    "etn": "South_Africa"
                  }
                ],
                "eta": []
              }
            ]
          ]
        }
      ]
    }
  }
]
