[
  {
    "context": "DEVELOPMENT",
    "doc": {
      "id": "Spring_Creek_Dam_(New_South_Wales)",
      "tl": [
        {
          "si": 0,
          "sti": 0,
          "dti": 0,
          "sco": 0,
          "dco": 0,
          "txt": "Spring"
        },
        {
          "si": 0,
          "sti": 1,
          "dti": 1,
          "sco": 7,
          "dco": 7,
          "txt": "Creek"
        },
        {
          "si": 0,
          "sti": 2,
          "dti": 2,
          "sco": 13,
          "dco": 13,
          "txt": "Dam"
        },
        {
          "si": 0,
          "sti": 3,
          "dti": 3,
          "sco": 17,
          "dco": 17,
          "txt": "("
        },
        {
          "si": 0,
          "sti": 4,
          "dti": 4,
          "sco": 18,
          "dco": 18,
          "txt": "New"
        },
        {
          "si": 0,
          "sti": 5,
          "dti": 5,
          "sco": 22,
          "dco": 22,
          "txt": "South"
        },
        {
          "si": 0,
          "sti": 6,
          "dti": 6,
          "sco": 28,
          "dco": 28,
          "txt": "Wales"
        },
        {
          "si": 0,
          "sti": 7,
          "dti": 7,
          "sco": 33,
          "dco": 33,
          "txt": ")"
        },
        {
          "si": 0,
          "sti": 8,
          "dti": 8,
          "sco": 34,
          "dco": 34,
          "txt": "."
        },
        {
          "si": 1,
          "sti": 0,
          "dti": 9,
          "sco": 0,
          "dco": 36,
          "txt": "Spring"
        },
        {
          "si": 1,
          "sti": 1,
          "dti": 10,
          "sco": 7,
          "dco": 43,
          "txt": "Creek"
        },
        {
          "si": 1,
          "sti": 2,
          "dti": 11,
          "sco": 13,
          "dco": 49,
          "txt": "Dam"
        },
        {
          "si": 1,
          "sti": 3,
          "dti": 12,
          "sco": 17,
          "dco": 53,
          "txt": "is"
        },
        {
          "si": 1,
          "sti": 4,
          "dti": 13,
          "sco": 20,
          "dco": 56,
          "txt": "a"
        },
        {
          "si": 1,
          "sti": 5,
          "dti": 14,
          "sco": 22,
          "dco": 58,
          "txt": "minor"
        },
        {
          "si": 1,
          "sti": 6,
          "dti": 15,
          "sco": 28,
          "dco": 64,
          "txt": "embankment"
        },
        {
          "si": 1,
          "sti": 7,
          "dti": 16,
          "sco": 39,
          "dco": 75,
          "txt": "dam"
        },
        {
          "si": 1,
          "sti": 8,
          "dti": 17,
          "sco": 43,
          "dco": 79,
          "txt": "across"
        },
        {
          "si": 1,
          "sti": 9,
          "dti": 18,
          "sco": 50,
          "dco": 86,
          "txt": "the"
        },
        {
          "si": 1,
          "sti": 10,
          "dti": 19,
          "sco": 54,
          "dco": 90,
          "txt": "Spring"
        },
        {
          "si": 1,
          "sti": 11,
          "dti": 20,
          "sco": 61,
          "dco": 97,
          "txt": "Creek"
        },
        {
          "si": 1,
          "sti": 12,
          "dti": 21,
          "sco": 67,
          "dco": 103,
          "txt": "upstream"
        },
        {
          "si": 1,
          "sti": 13,
          "dti": 22,
          "sco": 76,
          "dco": 112,
          "txt": "of"
        },
        {
          "si": 1,
          "sti": 14,
          "dti": 23,
          "sco": 79,
          "dco": 115,
          "txt": "Orange"
        },
        {
          "si": 1,
          "sti": 15,
          "dti": 24,
          "sco": 86,
          "dco": 122,
          "txt": "in"
        },
        {
          "si": 1,
          "sti": 16,
          "dti": 25,
          "sco": 89,
          "dco": 125,
          "txt": "the"
        },
        {
          "si": 1,
          "sti": 17,
          "dti": 26,
          "sco": 93,
          "dco": 129,
          "txt": "central"
        },
        {
          "si": 1,
          "sti": 18,
          "dti": 27,
          "sco": 101,
          "dco": 137,
          "txt": "western"
        },
        {
          "si": 1,
          "sti": 19,
          "dti": 28,
          "sco": 109,
          "dco": 145,
          "txt": "region"
        },
        {
          "si": 1,
          "sti": 20,
          "dti": 29,
          "sco": 116,
          "dco": 152,
          "txt": "of"
        },
        {
          "si": 1,
          "sti": 21,
          "dti": 30,
          "sco": 119,
          "dco": 155,
          "txt": "New"
        },
        {
          "si": 1,
          "sti": 22,
          "dti": 31,
          "sco": 123,
          "dco": 159,
          "txt": "South"
        },
        {
          "si": 1,
          "sti": 23,
          "dti": 32,
          "sco": 129,
          "dco": 165,
          "txt": "Wales"
        },
        {
          "si": 1,
          "sti": 24,
          "dti": 33,
          "sco": 134,
          "dco": 170,
          "txt": ","
        },
        {
          "si": 1,
          "sti": 25,
          "dti": 34,
          "sco": 136,
          "dco": 172,
          "txt": "Australia"
        },
        {
          "si": 1,
          "sti": 26,
          "dti": 35,
          "sco": 145,
          "dco": 181,
          "txt": "."
        },
        {
          "si": 2,
          "sti": 0,
          "dti": 36,
          "sco": 0,
          "dco": 183,
          "txt": "The"
        },
        {
          "si": 2,
          "sti": 1,
          "dti": 37,
          "sco": 4,
          "dco": 187,
          "txt": "impounded"
        },
        {
          "si": 2,
          "sti": 2,
          "dti": 38,
          "sco": 14,
          "dco": 197,
          "txt": "reservoir"
        },
        {
          "si": 2,
          "sti": 3,
          "dti": 39,
          "sco": 24,
          "dco": 207,
          "txt": "is"
        },
        {
          "si": 2,
          "sti": 4,
          "dti": 40,
          "sco": 27,
          "dco": 210,
          "txt": "called"
        },
        {
          "si": 2,
          "sti": 5,
          "dti": 41,
          "sco": 34,
          "dco": 217,
          "txt": "the"
        },
        {
          "si": 2,
          "sti": 6,
          "dti": 42,
          "sco": 38,
          "dco": 221,
          "txt": "Spring"
        },
        {
          "si": 2,
          "sti": 7,
          "dti": 43,
          "sco": 45,
          "dco": 228,
          "txt": "Creek"
        },
        {
          "si": 2,
          "sti": 8,
          "dti": 44,
          "sco": 51,
          "dco": 234,
          "txt": "Reservoir"
        },
        {
          "si": 2,
          "sti": 9,
          "dti": 45,
          "sco": 60,
          "dco": 243,
          "txt": "."
        },
        {
          "si": 3,
          "sti": 0,
          "dti": 46,
          "sco": 0,
          "dco": 245,
          "txt": "Location"
        },
        {
          "si": 3,
          "sti": 1,
          "dti": 47,
          "sco": 9,
          "dco": 254,
          "txt": "and"
        },
        {
          "si": 3,
          "sti": 2,
          "dti": 48,
          "sco": 13,
          "dco": 258,
          "txt": "features"
        },
        {
          "si": 3,
          "sti": 3,
          "dti": 49,
          "sco": 21,
          "dco": 266,
          "txt": "."
        },
        {
          "si": 4,
          "sti": 0,
          "dti": 50,
          "sco": 0,
          "dco": 268,
          "txt": "Commenced"
        },
        {
          "si": 4,
          "sti": 1,
          "dti": 51,
          "sco": 10,
          "dco": 278,
          "txt": "in"
        },
        {
          "si": 4,
          "sti": 2,
          "dti": 52,
          "sco": 13,
          "dco": 281,
          "txt": "December"
        },
        {
          "si": 4,
          "sti": 3,
          "dti": 53,
          "sco": 22,
          "dco": 290,
          "txt": "1929"
        },
        {
          "si": 4,
          "sti": 4,
          "dti": 54,
          "sco": 27,
          "dco": 295,
          "txt": "and"
        },
        {
          "si": 4,
          "sti": 5,
          "dti": 55,
          "sco": 31,
          "dco": 299,
          "txt": "completed"
        },
        {
          "si": 4,
          "sti": 6,
          "dti": 56,
          "sco": 41,
          "dco": 309,
          "txt": "in"
        },
        {
          "si": 4,
          "sti": 7,
          "dti": 57,
          "sco": 44,
          "dco": 312,
          "txt": "1931"
        },
        {
          "si": 4,
          "sti": 8,
          "dti": 58,
          "sco": 48,
          "dco": 316,
          "txt": ","
        },
        {
          "si": 4,
          "sti": 9,
          "dti": 59,
          "sco": 50,
          "dco": 318,
          "txt": "the"
        },
        {
          "si": 4,
          "sti": 10,
          "dti": 60,
          "sco": 54,
          "dco": 322,
          "txt": "Spring"
        },
        {
          "si": 4,
          "sti": 11,
          "dti": 61,
          "sco": 61,
          "dco": 329,
          "txt": "Creek"
        },
        {
          "si": 4,
          "sti": 12,
          "dti": 62,
          "sco": 67,
          "dco": 335,
          "txt": "Dam"
        },
        {
          "si": 4,
          "sti": 13,
          "dti": 63,
          "sco": 71,
          "dco": 339,
          "txt": "is"
        },
        {
          "si": 4,
          "sti": 14,
          "dti": 64,
          "sco": 74,
          "dco": 342,
          "txt": "a"
        },
        {
          "si": 4,
          "sti": 15,
          "dti": 65,
          "sco": 76,
          "dco": 344,
          "txt": "minor"
        },
        {
          "si": 4,
          "sti": 16,
          "dti": 66,
          "sco": 82,
          "dco": 350,
          "txt": "dam"
        },
        {
          "si": 4,
          "sti": 17,
          "dti": 67,
          "sco": 86,
          "dco": 354,
          "txt": "on"
        },
        {
          "si": 4,
          "sti": 18,
          "dti": 68,
          "sco": 89,
          "dco": 357,
          "txt": "the"
        },
        {
          "si": 4,
          "sti": 19,
          "dti": 69,
          "sco": 93,
          "dco": 361,
          "txt": "Spring"
        },
        {
          "si": 4,
          "sti": 20,
          "dti": 70,
          "sco": 100,
          "dco": 368,
          "txt": "Creek"
        },
        {
          "si": 4,
          "sti": 21,
          "dti": 71,
          "sco": 105,
          "dco": 373,
          "txt": ","
        },
        {
          "si": 4,
          "sti": 22,
          "dti": 72,
          "sco": 107,
          "dco": 375,
          "txt": "located"
        },
        {
          "si": 4,
          "sti": 23,
          "dti": 73,
          "sco": 115,
          "dco": 383,
          "txt": "approximately"
        },
        {
          "si": 4,
          "sti": 24,
          "dti": 74,
          "sco": 129,
          "dco": 397,
          "txt": "south"
        },
        {
          "si": 4,
          "sti": 25,
          "dti": 75,
          "sco": 134,
          "dco": 402,
          "txt": "-"
        },
        {
          "si": 4,
          "sti": 26,
          "dti": 76,
          "sco": 135,
          "dco": 403,
          "txt": "east"
        },
        {
          "si": 4,
          "sti": 27,
          "dti": 77,
          "sco": 140,
          "dco": 408,
          "txt": "of"
        },
        {
          "si": 4,
          "sti": 28,
          "dti": 78,
          "sco": 143,
          "dco": 411,
          "txt": "the"
        },
        {
          "si": 4,
          "sti": 29,
          "dti": 79,
          "sco": 147,
          "dco": 415,
          "txt": "city"
        },
        {
          "si": 4,
          "sti": 30,
          "dti": 80,
          "sco": 152,
          "dco": 420,
          "txt": "of"
        },
        {
          "si": 4,
          "sti": 31,
          "dti": 81,
          "sco": 155,
          "dco": 423,
          "txt": "Orange"
        },
        {
          "si": 4,
          "sti": 32,
          "dti": 82,
          "sco": 161,
          "dco": 429,
          "txt": ";"
        },
        {
          "si": 4,
          "sti": 33,
          "dti": 83,
          "sco": 163,
          "dco": 431,
          "txt": "constructed"
        },
        {
          "si": 4,
          "sti": 34,
          "dti": 84,
          "sco": 175,
          "dco": 443,
          "txt": "by"
        },
        {
          "si": 4,
          "sti": 35,
          "dti": 85,
          "sco": 178,
          "dco": 446,
          "txt": "NSW"
        },
        {
          "si": 4,
          "sti": 36,
          "dti": 86,
          "sco": 182,
          "dco": 450,
          "txt": "Department"
        },
        {
          "si": 4,
          "sti": 37,
          "dti": 87,
          "sco": 193,
          "dco": 461,
          "txt": "of"
        },
        {
          "si": 4,
          "sti": 38,
          "dti": 88,
          "sco": 196,
          "dco": 464,
          "txt": "Public"
        },
        {
          "si": 4,
          "sti": 39,
          "dti": 89,
          "sco": 203,
          "dco": 471,
          "txt": "Works"
        },
        {
          "si": 4,
          "sti": 40,
          "dti": 90,
          "sco": 209,
          "dco": 477,
          "txt": "on"
        },
        {
          "si": 4,
          "sti": 41,
          "dti": 91,
          "sco": 212,
          "dco": 480,
          "txt": "behalf"
        },
        {
          "si": 4,
          "sti": 42,
          "dti": 92,
          "sco": 219,
          "dco": 487,
          "txt": "of"
        },
        {
          "si": 4,
          "sti": 43,
          "dti": 93,
          "sco": 222,
          "dco": 490,
          "txt": "the"
        },
        {
          "si": 4,
          "sti": 44,
          "dti": 94,
          "sco": 226,
          "dco": 494,
          "txt": "Orange"
        },
        {
          "si": 4,
          "sti": 45,
          "dti": 95,
          "sco": 233,
          "dco": 501,
          "txt": "City"
        },
        {
          "si": 4,
          "sti": 46,
          "dti": 96,
          "sco": 238,
          "dco": 506,
          "txt": "Council"
        },
        {
          "si": 4,
          "sti": 47,
          "dti": 97,
          "sco": 246,
          "dco": 514,
          "txt": "as"
        },
        {
          "si": 4,
          "sti": 48,
          "dti": 98,
          "sco": 249,
          "dco": 517,
          "txt": "the"
        },
        {
          "si": 4,
          "sti": 49,
          "dti": 99,
          "sco": 253,
          "dco": 521,
          "txt": "main"
        },
        {
          "si": 4,
          "sti": 50,
          "dti": 100,
          "sco": 258,
          "dco": 526,
          "txt": "water"
        },
        {
          "si": 4,
          "sti": 51,
          "dti": 101,
          "sco": 264,
          "dco": 532,
          "txt": "supply"
        },
        {
          "si": 4,
          "sti": 52,
          "dti": 102,
          "sco": 271,
          "dco": 539,
          "txt": "for"
        },
        {
          "si": 4,
          "sti": 53,
          "dti": 103,
          "sco": 275,
          "dco": 543,
          "txt": "Orange"
        },
        {
          "si": 4,
          "sti": 54,
          "dti": 104,
          "sco": 281,
          "dco": 549,
          "txt": "."
        },
        {
          "si": 5,
          "sti": 0,
          "dti": 105,
          "sco": 0,
          "dco": 551,
          "txt": "Additional"
        },
        {
          "si": 5,
          "sti": 1,
          "dti": 106,
          "sco": 11,
          "dco": 562,
          "txt": "dams"
        },
        {
          "si": 5,
          "sti": 2,
          "dti": 107,
          "sco": 16,
          "dco": 567,
          "txt": "for"
        },
        {
          "si": 5,
          "sti": 3,
          "dti": 108,
          "sco": 20,
          "dco": 571,
          "txt": "water"
        },
        {
          "si": 5,
          "sti": 4,
          "dti": 109,
          "sco": 26,
          "dco": 577,
          "txt": "supply"
        },
        {
          "si": 5,
          "sti": 5,
          "dti": 110,
          "sco": 33,
          "dco": 584,
          "txt": "were"
        },
        {
          "si": 5,
          "sti": 6,
          "dti": 111,
          "sco": 38,
          "dco": 589,
          "txt": "completed"
        },
        {
          "si": 5,
          "sti": 7,
          "dti": 112,
          "sco": 48,
          "dco": 599,
          "txt": "in"
        },
        {
          "si": 5,
          "sti": 8,
          "dti": 113,
          "sco": 51,
          "dco": 602,
          "txt": "1918"
        },
        {
          "si": 5,
          "sti": 9,
          "dti": 114,
          "sco": 56,
          "dco": 607,
          "txt": "at"
        },
        {
          "si": 5,
          "sti": 10,
          "dti": 115,
          "sco": 59,
          "dco": 610,
          "txt": "Meadow"
        },
        {
          "si": 5,
          "sti": 11,
          "dti": 116,
          "sco": 66,
          "dco": 617,
          "txt": "Creek"
        },
        {
          "si": 5,
          "sti": 12,
          "dti": 117,
          "sco": 72,
          "dco": 623,
          "txt": "Dam"
        },
        {
          "si": 5,
          "sti": 13,
          "dti": 118,
          "sco": 76,
          "dco": 627,
          "txt": "and"
        },
        {
          "si": 5,
          "sti": 14,
          "dti": 119,
          "sco": 80,
          "dco": 631,
          "txt": "the"
        },
        {
          "si": 5,
          "sti": 15,
          "dti": 120,
          "sco": 84,
          "dco": 635,
          "txt": "Gosling"
        },
        {
          "si": 5,
          "sti": 16,
          "dti": 121,
          "sco": 92,
          "dco": 643,
          "txt": "Creek"
        },
        {
          "si": 5,
          "sti": 17,
          "dti": 122,
          "sco": 98,
          "dco": 649,
          "txt": "Dam"
        },
        {
          "si": 5,
          "sti": 18,
          "dti": 123,
          "sco": 102,
          "dco": 653,
          "txt": "in"
        },
        {
          "si": 5,
          "sti": 19,
          "dti": 124,
          "sco": 105,
          "dco": 656,
          "txt": "1890"
        },
        {
          "si": 5,
          "sti": 20,
          "dti": 125,
          "sco": 109,
          "dco": 660,
          "txt": "."
        },
        {
          "si": 6,
          "sti": 0,
          "dti": 126,
          "sco": 0,
          "dco": 662,
          "txt": "Since"
        },
        {
          "si": 6,
          "sti": 1,
          "dti": 127,
          "sco": 6,
          "dco": 668,
          "txt": "the"
        },
        {
          "si": 6,
          "sti": 2,
          "dti": 128,
          "sco": 10,
          "dco": 672,
          "txt": "construction"
        },
        {
          "si": 6,
          "sti": 3,
          "dti": 129,
          "sco": 23,
          "dco": 685,
          "txt": "of"
        },
        {
          "si": 6,
          "sti": 4,
          "dti": 130,
          "sco": 26,
          "dco": 688,
          "txt": "Suma"
        },
        {
          "si": 6,
          "sti": 5,
          "dti": 131,
          "sco": 31,
          "dco": 693,
          "txt": "Park"
        },
        {
          "si": 6,
          "sti": 6,
          "dti": 132,
          "sco": 36,
          "dco": 698,
          "txt": "Dam"
        },
        {
          "si": 6,
          "sti": 7,
          "dti": 133,
          "sco": 39,
          "dco": 701,
          "txt": ","
        },
        {
          "si": 6,
          "sti": 8,
          "dti": 134,
          "sco": 41,
          "dco": 703,
          "txt": "completed"
        },
        {
          "si": 6,
          "sti": 9,
          "dti": 135,
          "sco": 51,
          "dco": 713,
          "txt": "in"
        },
        {
          "si": 6,
          "sti": 10,
          "dti": 136,
          "sco": 54,
          "dco": 716,
          "txt": "1962"
        },
        {
          "si": 6,
          "sti": 11,
          "dti": 137,
          "sco": 58,
          "dco": 720,
          "txt": ","
        },
        {
          "si": 6,
          "sti": 12,
          "dti": 138,
          "sco": 60,
          "dco": 722,
          "txt": "Spring"
        },
        {
          "si": 6,
          "sti": 13,
          "dti": 139,
          "sco": 67,
          "dco": 729,
          "txt": "Creek"
        },
        {
          "si": 6,
          "sti": 14,
          "dti": 140,
          "sco": 73,
          "dco": 735,
          "txt": "Dam"
        },
        {
          "si": 6,
          "sti": 15,
          "dti": 141,
          "sco": 77,
          "dco": 739,
          "txt": "has"
        },
        {
          "si": 6,
          "sti": 16,
          "dti": 142,
          "sco": 81,
          "dco": 743,
          "txt": "served"
        },
        {
          "si": 6,
          "sti": 17,
          "dti": 143,
          "sco": 88,
          "dco": 750,
          "txt": "as"
        },
        {
          "si": 6,
          "sti": 18,
          "dti": 144,
          "sco": 91,
          "dco": 753,
          "txt": "the"
        },
        {
          "si": 6,
          "sti": 19,
          "dti": 145,
          "sco": 95,
          "dco": 757,
          "txt": "secondary"
        },
        {
          "si": 6,
          "sti": 20,
          "dti": 146,
          "sco": 105,
          "dco": 767,
          "txt": "water"
        },
        {
          "si": 6,
          "sti": 21,
          "dti": 147,
          "sco": 111,
          "dco": 773,
          "txt": "supply"
        },
        {
          "si": 6,
          "sti": 22,
          "dti": 148,
          "sco": 118,
          "dco": 780,
          "txt": "for"
        },
        {
          "si": 6,
          "sti": 23,
          "dti": 149,
          "sco": 122,
          "dco": 784,
          "txt": "the"
        },
        {
          "si": 6,
          "sti": 24,
          "dti": 150,
          "sco": 126,
          "dco": 788,
          "txt": "city"
        },
        {
          "si": 6,
          "sti": 25,
          "dti": 151,
          "sco": 130,
          "dco": 792,
          "txt": "."
        },
        {
          "si": 7,
          "sti": 0,
          "dti": 152,
          "sco": 0,
          "dco": 794,
          "txt": "The"
        },
        {
          "si": 7,
          "sti": 1,
          "dti": 153,
          "sco": 4,
          "dco": 798,
          "txt": "embankment"
        },
        {
          "si": 7,
          "sti": 2,
          "dti": 154,
          "sco": 15,
          "dco": 809,
          "txt": "dam"
        },
        {
          "si": 7,
          "sti": 3,
          "dti": 155,
          "sco": 19,
          "dco": 813,
          "txt": "wall"
        },
        {
          "si": 7,
          "sti": 4,
          "dti": 156,
          "sco": 24,
          "dco": 818,
          "txt": "is"
        },
        {
          "si": 7,
          "sti": 5,
          "dti": 157,
          "sco": 27,
          "dco": 821,
          "txt": "high"
        },
        {
          "si": 7,
          "sti": 6,
          "dti": 158,
          "sco": 32,
          "dco": 826,
          "txt": "and"
        },
        {
          "si": 7,
          "sti": 7,
          "dti": 159,
          "sco": 36,
          "dco": 830,
          "txt": "is"
        },
        {
          "si": 7,
          "sti": 8,
          "dti": 160,
          "sco": 39,
          "dco": 833,
          "txt": "long"
        },
        {
          "si": 7,
          "sti": 9,
          "dti": 161,
          "sco": 43,
          "dco": 837,
          "txt": "."
        },
        {
          "si": 8,
          "sti": 0,
          "dti": 162,
          "sco": 0,
          "dco": 839,
          "txt": "At"
        },
        {
          "si": 8,
          "sti": 1,
          "dti": 163,
          "sco": 3,
          "dco": 842,
          "txt": "100"
        },
        {
          "si": 8,
          "sti": 2,
          "dti": 164,
          "sco": 6,
          "dco": 845,
          "txt": "%"
        },
        {
          "si": 8,
          "sti": 3,
          "dti": 165,
          "sco": 8,
          "dco": 847,
          "txt": "capacity"
        },
        {
          "si": 8,
          "sti": 4,
          "dti": 166,
          "sco": 17,
          "dco": 856,
          "txt": "the"
        },
        {
          "si": 8,
          "sti": 5,
          "dti": 167,
          "sco": 21,
          "dco": 860,
          "txt": "dam"
        },
        {
          "si": 8,
          "sti": 6,
          "dti": 168,
          "sco": 25,
          "dco": 864,
          "txt": "wall"
        },
        {
          "si": 8,
          "sti": 7,
          "dti": 169,
          "sco": 30,
          "dco": 869,
          "txt": "holds"
        },
        {
          "si": 8,
          "sti": 8,
          "dti": 170,
          "sco": 36,
          "dco": 875,
          "txt": "back"
        },
        {
          "si": 8,
          "sti": 9,
          "dti": 171,
          "sco": 41,
          "dco": 880,
          "txt": "of"
        },
        {
          "si": 8,
          "sti": 10,
          "dti": 172,
          "sco": 44,
          "dco": 883,
          "txt": "water"
        },
        {
          "si": 8,
          "sti": 11,
          "dti": 173,
          "sco": 49,
          "dco": 888,
          "txt": "."
        },
        {
          "si": 9,
          "sti": 0,
          "dti": 174,
          "sco": 0,
          "dco": 890,
          "txt": "The"
        },
        {
          "si": 9,
          "sti": 1,
          "dti": 175,
          "sco": 4,
          "dco": 894,
          "txt": "surface"
        },
        {
          "si": 9,
          "sti": 2,
          "dti": 176,
          "sco": 12,
          "dco": 902,
          "txt": "area"
        },
        {
          "si": 9,
          "sti": 3,
          "dti": 177,
          "sco": 17,
          "dco": 907,
          "txt": "of"
        },
        {
          "si": 9,
          "sti": 4,
          "dti": 178,
          "sco": 20,
          "dco": 910,
          "txt": "Spring"
        },
        {
          "si": 9,
          "sti": 5,
          "dti": 179,
          "sco": 27,
          "dco": 917,
          "txt": "Creek"
        },
        {
          "si": 9,
          "sti": 6,
          "dti": 180,
          "sco": 33,
          "dco": 923,
          "txt": "Reservoir"
        },
        {
          "si": 9,
          "sti": 7,
          "dti": 181,
          "sco": 43,
          "dco": 933,
          "txt": "is"
        },
        {
          "si": 9,
          "sti": 8,
          "dti": 182,
          "sco": 46,
          "dco": 936,
          "txt": "and"
        },
        {
          "si": 9,
          "sti": 9,
          "dti": 183,
          "sco": 50,
          "dco": 940,
          "txt": "the"
        },
        {
          "si": 9,
          "sti": 10,
          "dti": 184,
          "sco": 54,
          "dco": 944,
          "txt": "catchment"
        },
        {
          "si": 9,
          "sti": 11,
          "dti": 185,
          "sco": 64,
          "dco": 954,
          "txt": "area"
        },
        {
          "si": 9,
          "sti": 12,
          "dti": 186,
          "sco": 69,
          "dco": 959,
          "txt": "is"
        },
        {
          "si": 9,
          "sti": 13,
          "dti": 187,
          "sco": 71,
          "dco": 961,
          "txt": "."
        },
        {
          "si": 10,
          "sti": 0,
          "dti": 188,
          "sco": 0,
          "dco": 963,
          "txt": "The"
        },
        {
          "si": 10,
          "sti": 1,
          "dti": 189,
          "sco": 4,
          "dco": 967,
          "txt": "spillway"
        },
        {
          "si": 10,
          "sti": 2,
          "dti": 190,
          "sco": 13,
          "dco": 976,
          "txt": "is"
        },
        {
          "si": 10,
          "sti": 3,
          "dti": 191,
          "sco": 16,
          "dco": 979,
          "txt": "capable"
        },
        {
          "si": 10,
          "sti": 4,
          "dti": 192,
          "sco": 24,
          "dco": 987,
          "txt": "of"
        },
        {
          "si": 10,
          "sti": 5,
          "dti": 193,
          "sco": 27,
          "dco": 990,
          "txt": "discharging"
        },
        {
          "si": 10,
          "sti": 6,
          "dti": 194,
          "sco": 38,
          "dco": 1001,
          "txt": "."
        },
        {
          "si": 11,
          "sti": 0,
          "dti": 195,
          "sco": 0,
          "dco": 1003,
          "txt": "Recently"
        },
        {
          "si": 11,
          "sti": 1,
          "dti": 196,
          "sco": 9,
          "dco": 1012,
          "txt": "Orange"
        },
        {
          "si": 11,
          "sti": 2,
          "dti": 197,
          "sco": 16,
          "dco": 1019,
          "txt": "City"
        },
        {
          "si": 11,
          "sti": 3,
          "dti": 198,
          "sco": 21,
          "dco": 1024,
          "txt": "Council"
        },
        {
          "si": 11,
          "sti": 4,
          "dti": 199,
          "sco": 29,
          "dco": 1032,
          "txt": "has"
        },
        {
          "si": 11,
          "sti": 5,
          "dti": 200,
          "sco": 33,
          "dco": 1036,
          "txt": "strengthened"
        },
        {
          "si": 11,
          "sti": 6,
          "dti": 201,
          "sco": 46,
          "dco": 1049,
          "txt": "the"
        },
        {
          "si": 11,
          "sti": 7,
          "dti": 202,
          "sco": 50,
          "dco": 1053,
          "txt": "dam"
        },
        {
          "si": 11,
          "sti": 8,
          "dti": 203,
          "sco": 54,
          "dco": 1057,
          "txt": "wall"
        },
        {
          "si": 11,
          "sti": 9,
          "dti": 204,
          "sco": 58,
          "dco": 1061,
          "txt": "."
        },
        {
          "si": 12,
          "sti": 0,
          "dti": 205,
          "sco": 0,
          "dco": 1063,
          "txt": "Kinross"
        },
        {
          "si": 12,
          "sti": 1,
          "dti": 206,
          "sco": 8,
          "dco": 1071,
          "txt": "Wolaroi"
        },
        {
          "si": 12,
          "sti": 2,
          "dti": 207,
          "sco": 16,
          "dco": 1079,
          "txt": "School"
        },
        {
          "si": 12,
          "sti": 3,
          "dti": 208,
          "sco": 23,
          "dco": 1086,
          "txt": "also"
        },
        {
          "si": 12,
          "sti": 4,
          "dti": 209,
          "sco": 28,
          "dco": 1091,
          "txt": "uses"
        },
        {
          "si": 12,
          "sti": 5,
          "dti": 210,
          "sco": 33,
          "dco": 1096,
          "txt": "the"
        },
        {
          "si": 12,
          "sti": 6,
          "dti": 211,
          "sco": 37,
          "dco": 1100,
          "txt": "dam"
        },
        {
          "si": 12,
          "sti": 7,
          "dti": 212,
          "sco": 41,
          "dco": 1104,
          "txt": "for"
        },
        {
          "si": 12,
          "sti": 8,
          "dti": 213,
          "sco": 45,
          "dco": 1108,
          "txt": "the"
        },
        {
          "si": 12,
          "sti": 9,
          "dti": 214,
          "sco": 49,
          "dco": 1112,
          "txt": "sport"
        },
        {
          "si": 12,
          "sti": 10,
          "dti": 215,
          "sco": 55,
          "dco": 1118,
          "txt": "of"
        },
        {
          "si": 12,
          "sti": 11,
          "dti": 216,
          "sco": 58,
          "dco": 1121,
          "txt": "rowing"
        },
        {
          "si": 12,
          "sti": 12,
          "dti": 217,
          "sco": 64,
          "dco": 1127,
          "txt": "."
        }
      ]
    },
    "ganns": {
      "dla": [],
      "la": [],
      "ea": [],
      "eta": [
        {
          "ra": {
            "ea": {
              "etn": "Spring_Creek_Dam_(New_South_Wales)"
            }
          },
          "sfs": [
            [
              {
                "stn": "status"
              },
              {}
            ]
          ],
          "mfs": [
            [
              {
                "stn": "rivers"
              },
              {
                "dla": [],
                "la": [],
                "ea": [],
                "eta": []
              }
            ],
            [
              {
                "stn": "locations"
              },
              {
                "dla": [],
                "la": [],
                "ea": [
                  {
                    "etn": "New_South_Wales"
                  },
                  {
                    "etn": "Orange,_New_South_Wales"
                  }
                ],
                "eta": []
              }
            ],
            [
              {
                "stn": "openingYears"
              },
              {
                "dla": [
                  {
                    "txt": {
                      "sff": "1931"
                    },
                    "et": {
                      "etn": "Year"
                    },
                    "dp": {
                      "off": 312
                    }
                  }
                ],
                "la": [],
                "ea": [],
                "eta": []
              }
            ],
            [
              {
                "stn": "buildingStartYears"
              },
              {
                "dla": [],
                "la": [],
                "ea": [],
                "eta": []
              }
            ],
            [
              {
                "stn": "countries"
              },
              {
                "dla": [],
                "la": [],
                "ea": [
                  {
                    "etn": "Australia"
                  }
                ],
                "eta": []
              }
            ]
          ]
        }
      ]
    }
  }
]
