[
  {
    "context": "DEVELOPMENT",
    "doc": {
      "id": "Taki_Dam",
      "tl": [
        {
          "si": 0,
          "sti": 0,
          "dti": 0,
          "sco": 0,
          "dco": 0,
          "txt": "Taki"
        },
        {
          "si": 0,
          "sti": 1,
          "dti": 1,
          "sco": 5,
          "dco": 5,
          "txt": "Dam"
        },
        {
          "si": 0,
          "sti": 2,
          "dti": 2,
          "sco": 8,
          "dco": 8,
          "txt": "."
        },
        {
          "si": 0,
          "sti": 3,
          "dti": 3,
          "sco": 10,
          "dco": 10,
          "txt": "is"
        },
        {
          "si": 0,
          "sti": 4,
          "dti": 4,
          "sco": 13,
          "dco": 13,
          "txt": "a"
        },
        {
          "si": 0,
          "sti": 5,
          "dti": 5,
          "sco": 15,
          "dco": 15,
          "txt": "gravity"
        },
        {
          "si": 0,
          "sti": 6,
          "dti": 6,
          "sco": 23,
          "dco": 23,
          "txt": "dam"
        },
        {
          "si": 0,
          "sti": 7,
          "dti": 7,
          "sco": 27,
          "dco": 27,
          "txt": "on"
        },
        {
          "si": 0,
          "sti": 8,
          "dti": 8,
          "sco": 30,
          "dco": 30,
          "txt": "the"
        },
        {
          "si": 0,
          "sti": 9,
          "dti": 9,
          "sco": 34,
          "dco": 34,
          "txt": "Tadami"
        },
        {
          "si": 0,
          "sti": 10,
          "dti": 10,
          "sco": 41,
          "dco": 41,
          "txt": "River"
        },
        {
          "si": 0,
          "sti": 11,
          "dti": 11,
          "sco": 46,
          "dco": 46,
          "txt": ","
        },
        {
          "si": 0,
          "sti": 12,
          "dti": 12,
          "sco": 48,
          "dco": 48,
          "txt": "east"
        },
        {
          "si": 0,
          "sti": 13,
          "dti": 13,
          "sco": 53,
          "dco": 53,
          "txt": "of"
        },
        {
          "si": 0,
          "sti": 14,
          "dti": 14,
          "sco": 56,
          "dco": 56,
          "txt": "Tadami"
        },
        {
          "si": 0,
          "sti": 15,
          "dti": 15,
          "sco": 63,
          "dco": 63,
          "txt": "in"
        },
        {
          "si": 0,
          "sti": 16,
          "dti": 16,
          "sco": 66,
          "dco": 66,
          "txt": "Fukushima"
        },
        {
          "si": 0,
          "sti": 17,
          "dti": 17,
          "sco": 76,
          "dco": 76,
          "txt": "Prefecture"
        },
        {
          "si": 0,
          "sti": 18,
          "dti": 18,
          "sco": 86,
          "dco": 86,
          "txt": ","
        },
        {
          "si": 0,
          "sti": 19,
          "dti": 19,
          "sco": 88,
          "dco": 88,
          "txt": "Japan"
        },
        {
          "si": 0,
          "sti": 20,
          "dti": 20,
          "sco": 93,
          "dco": 93,
          "txt": "."
        },
        {
          "si": 1,
          "sti": 0,
          "dti": 21,
          "sco": 0,
          "dco": 95,
          "txt": "Surveys"
        },
        {
          "si": 1,
          "sti": 1,
          "dti": 22,
          "sco": 8,
          "dco": 103,
          "txt": "for"
        },
        {
          "si": 1,
          "sti": 2,
          "dti": 23,
          "sco": 12,
          "dco": 107,
          "txt": "the"
        },
        {
          "si": 1,
          "sti": 3,
          "dti": 24,
          "sco": 16,
          "dco": 111,
          "txt": "dam"
        },
        {
          "si": 1,
          "sti": 4,
          "dti": 25,
          "sco": 20,
          "dco": 115,
          "txt": "were"
        },
        {
          "si": 1,
          "sti": 5,
          "dti": 26,
          "sco": 25,
          "dco": 120,
          "txt": "carried"
        },
        {
          "si": 1,
          "sti": 6,
          "dti": 27,
          "sco": 33,
          "dco": 128,
          "txt": "out"
        },
        {
          "si": 1,
          "sti": 7,
          "dti": 28,
          "sco": 37,
          "dco": 132,
          "txt": "in"
        },
        {
          "si": 1,
          "sti": 8,
          "dti": 29,
          "sco": 40,
          "dco": 135,
          "txt": "1958"
        },
        {
          "si": 1,
          "sti": 9,
          "dti": 30,
          "sco": 44,
          "dco": 139,
          "txt": ","
        },
        {
          "si": 1,
          "sti": 10,
          "dti": 31,
          "sco": 46,
          "dco": 141,
          "txt": "construction"
        },
        {
          "si": 1,
          "sti": 11,
          "dti": 32,
          "sco": 59,
          "dco": 154,
          "txt": "began"
        },
        {
          "si": 1,
          "sti": 12,
          "dti": 33,
          "sco": 65,
          "dco": 160,
          "txt": "in"
        },
        {
          "si": 1,
          "sti": 13,
          "dti": 34,
          "sco": 68,
          "dco": 163,
          "txt": "1959"
        },
        {
          "si": 1,
          "sti": 14,
          "dti": 35,
          "sco": 73,
          "dco": 168,
          "txt": "and"
        },
        {
          "si": 1,
          "sti": 15,
          "dti": 36,
          "sco": 77,
          "dco": 172,
          "txt": "the"
        },
        {
          "si": 1,
          "sti": 16,
          "dti": 37,
          "sco": 81,
          "dco": 176,
          "txt": "dam"
        },
        {
          "si": 1,
          "sti": 17,
          "dti": 38,
          "sco": 85,
          "dco": 180,
          "txt": "was"
        },
        {
          "si": 1,
          "sti": 18,
          "dti": 39,
          "sco": 89,
          "dco": 184,
          "txt": "complete"
        },
        {
          "si": 1,
          "sti": 19,
          "dti": 40,
          "sco": 98,
          "dco": 193,
          "txt": "in"
        },
        {
          "si": 1,
          "sti": 20,
          "dti": 41,
          "sco": 101,
          "dco": 196,
          "txt": "1961"
        },
        {
          "si": 1,
          "sti": 21,
          "dti": 42,
          "sco": 105,
          "dco": 200,
          "txt": "."
        },
        {
          "si": 2,
          "sti": 0,
          "dti": 43,
          "sco": 0,
          "dco": 202,
          "txt": "The"
        },
        {
          "si": 2,
          "sti": 1,
          "dti": 44,
          "sco": 4,
          "dco": 206,
          "txt": "primary"
        },
        {
          "si": 2,
          "sti": 2,
          "dti": 45,
          "sco": 12,
          "dco": 214,
          "txt": "purpose"
        },
        {
          "si": 2,
          "sti": 3,
          "dti": 46,
          "sco": 20,
          "dco": 222,
          "txt": "of"
        },
        {
          "si": 2,
          "sti": 4,
          "dti": 47,
          "sco": 23,
          "dco": 225,
          "txt": "the"
        },
        {
          "si": 2,
          "sti": 5,
          "dti": 48,
          "sco": 27,
          "dco": 229,
          "txt": "dam"
        },
        {
          "si": 2,
          "sti": 6,
          "dti": 49,
          "sco": 31,
          "dco": 233,
          "txt": "is"
        },
        {
          "si": 2,
          "sti": 7,
          "dti": 50,
          "sco": 34,
          "dco": 236,
          "txt": "hydroelectric"
        },
        {
          "si": 2,
          "sti": 8,
          "dti": 51,
          "sco": 48,
          "dco": 250,
          "txt": "power"
        },
        {
          "si": 2,
          "sti": 9,
          "dti": 52,
          "sco": 54,
          "dco": 256,
          "txt": "generation"
        },
        {
          "si": 2,
          "sti": 10,
          "dti": 53,
          "sco": 65,
          "dco": 267,
          "txt": "and"
        },
        {
          "si": 2,
          "sti": 11,
          "dti": 54,
          "sco": 69,
          "dco": 271,
          "txt": "it"
        },
        {
          "si": 2,
          "sti": 12,
          "dti": 55,
          "sco": 72,
          "dco": 274,
          "txt": "supports"
        },
        {
          "si": 2,
          "sti": 13,
          "dti": 56,
          "sco": 81,
          "dco": 283,
          "txt": "a"
        },
        {
          "si": 2,
          "sti": 14,
          "dti": 57,
          "sco": 83,
          "dco": 285,
          "txt": "92"
        },
        {
          "si": 2,
          "sti": 15,
          "dti": 58,
          "sco": 86,
          "dco": 288,
          "txt": "MW"
        },
        {
          "si": 2,
          "sti": 16,
          "dti": 59,
          "sco": 89,
          "dco": 291,
          "txt": "power"
        },
        {
          "si": 2,
          "sti": 17,
          "dti": 60,
          "sco": 95,
          "dco": 297,
          "txt": "station"
        },
        {
          "si": 2,
          "sti": 18,
          "dti": 61,
          "sco": 103,
          "dco": 305,
          "txt": "consisting"
        },
        {
          "si": 2,
          "sti": 19,
          "dti": 62,
          "sco": 114,
          "dco": 316,
          "txt": "of"
        },
        {
          "si": 2,
          "sti": 20,
          "dti": 63,
          "sco": 117,
          "dco": 319,
          "txt": "2"
        },
        {
          "si": 2,
          "sti": 21,
          "dti": 64,
          "sco": 119,
          "dco": 321,
          "txt": "x"
        },
        {
          "si": 2,
          "sti": 22,
          "dti": 65,
          "sco": 121,
          "dco": 323,
          "txt": "46"
        },
        {
          "si": 2,
          "sti": 23,
          "dti": 66,
          "sco": 124,
          "dco": 326,
          "txt": "MW"
        },
        {
          "si": 2,
          "sti": 24,
          "dti": 67,
          "sco": 127,
          "dco": 329,
          "txt": "Kaplan"
        },
        {
          "si": 2,
          "sti": 25,
          "dti": 68,
          "sco": 134,
          "dco": 336,
          "txt": "turbines"
        },
        {
          "si": 2,
          "sti": 26,
          "dti": 69,
          "sco": 142,
          "dco": 344,
          "txt": "."
        },
        {
          "si": 3,
          "sti": 0,
          "dti": 70,
          "sco": 0,
          "dco": 346,
          "txt": "The"
        },
        {
          "si": 3,
          "sti": 1,
          "dti": 71,
          "sco": 4,
          "dco": 350,
          "txt": "dam"
        },
        {
          "si": 3,
          "sti": 2,
          "dti": 72,
          "sco": 8,
          "dco": 354,
          "txt": "is"
        },
        {
          "si": 3,
          "sti": 3,
          "dti": 73,
          "sco": 11,
          "dco": 357,
          "txt": "tall"
        },
        {
          "si": 3,
          "sti": 4,
          "dti": 74,
          "sco": 16,
          "dco": 362,
          "txt": "and"
        },
        {
          "si": 3,
          "sti": 5,
          "dti": 75,
          "sco": 20,
          "dco": 366,
          "txt": "long"
        },
        {
          "si": 3,
          "sti": 6,
          "dti": 76,
          "sco": 24,
          "dco": 370,
          "txt": "."
        },
        {
          "si": 4,
          "sti": 0,
          "dti": 77,
          "sco": 0,
          "dco": 372,
          "txt": "It"
        },
        {
          "si": 4,
          "sti": 1,
          "dti": 78,
          "sco": 3,
          "dco": 375,
          "txt": "creates"
        },
        {
          "si": 4,
          "sti": 2,
          "dti": 79,
          "sco": 11,
          "dco": 383,
          "txt": "a"
        },
        {
          "si": 4,
          "sti": 3,
          "dti": 80,
          "sco": 13,
          "dco": 385,
          "txt": "reservoir"
        },
        {
          "si": 4,
          "sti": 4,
          "dti": 81,
          "sco": 23,
          "dco": 395,
          "txt": "with"
        },
        {
          "si": 4,
          "sti": 5,
          "dti": 82,
          "sco": 28,
          "dco": 400,
          "txt": "a"
        },
        {
          "si": 4,
          "sti": 6,
          "dti": 83,
          "sco": 30,
          "dco": 402,
          "txt": "capacity"
        },
        {
          "si": 4,
          "sti": 7,
          "dti": 84,
          "sco": 38,
          "dco": 410,
          "txt": ","
        },
        {
          "si": 4,
          "sti": 8,
          "dti": 85,
          "sco": 40,
          "dco": 412,
          "txt": "of"
        },
        {
          "si": 4,
          "sti": 9,
          "dti": 86,
          "sco": 43,
          "dco": 415,
          "txt": "which"
        },
        {
          "si": 4,
          "sti": 10,
          "dti": 87,
          "sco": 49,
          "dco": 421,
          "txt": "is"
        },
        {
          "si": 4,
          "sti": 11,
          "dti": 88,
          "sco": 52,
          "dco": 424,
          "txt": "active"
        },
        {
          "si": 4,
          "sti": 12,
          "dti": 89,
          "sco": 59,
          "dco": 431,
          "txt": "("
        },
        {
          "si": 4,
          "sti": 13,
          "dti": 90,
          "sco": 60,
          "dco": 432,
          "txt": "or"
        },
        {
          "si": 4,
          "sti": 14,
          "dti": 91,
          "sco": 63,
          "dco": 435,
          "txt": "\""
        },
        {
          "si": 4,
          "sti": 15,
          "dti": 92,
          "sco": 64,
          "dco": 436,
          "txt": "useful"
        },
        {
          "si": 4,
          "sti": 16,
          "dti": 93,
          "sco": 70,
          "dco": 442,
          "txt": "\""
        },
        {
          "si": 4,
          "sti": 17,
          "dti": 94,
          "sco": 71,
          "dco": 443,
          "txt": ")"
        },
        {
          "si": 4,
          "sti": 18,
          "dti": 95,
          "sco": 73,
          "dco": 445,
          "txt": "for"
        },
        {
          "si": 4,
          "sti": 19,
          "dti": 96,
          "sco": 77,
          "dco": 449,
          "txt": "power"
        },
        {
          "si": 4,
          "sti": 20,
          "dti": 97,
          "sco": 83,
          "dco": 455,
          "txt": "generation"
        },
        {
          "si": 4,
          "sti": 21,
          "dti": 98,
          "sco": 93,
          "dco": 465,
          "txt": "."
        },
        {
          "si": 5,
          "sti": 0,
          "dti": 99,
          "sco": 0,
          "dco": 467,
          "txt": "The"
        },
        {
          "si": 5,
          "sti": 1,
          "dti": 100,
          "sco": 4,
          "dco": 471,
          "txt": "dam"
        },
        {
          "si": 5,
          "sti": 2,
          "dti": 101,
          "sco": 7,
          "dco": 474,
          "txt": "'"
        },
        {
          "si": 5,
          "sti": 3,
          "dti": 102,
          "sco": 8,
          "dco": 475,
          "txt": "s"
        },
        {
          "si": 5,
          "sti": 4,
          "dti": 103,
          "sco": 10,
          "dco": 477,
          "txt": "spillway"
        },
        {
          "si": 5,
          "sti": 5,
          "dti": 104,
          "sco": 19,
          "dco": 486,
          "txt": "is"
        },
        {
          "si": 5,
          "sti": 6,
          "dti": 105,
          "sco": 22,
          "dco": 489,
          "txt": "controlled"
        },
        {
          "si": 5,
          "sti": 7,
          "dti": 106,
          "sco": 33,
          "dco": 500,
          "txt": "by"
        },
        {
          "si": 5,
          "sti": 8,
          "dti": 107,
          "sco": 36,
          "dco": 503,
          "txt": "four"
        },
        {
          "si": 5,
          "sti": 9,
          "dti": 108,
          "sco": 41,
          "dco": 508,
          "txt": "sluice"
        },
        {
          "si": 5,
          "sti": 10,
          "dti": 109,
          "sco": 48,
          "dco": 515,
          "txt": "gates"
        },
        {
          "si": 5,
          "sti": 11,
          "dti": 110,
          "sco": 54,
          "dco": 521,
          "txt": "and"
        },
        {
          "si": 5,
          "sti": 12,
          "dti": 111,
          "sco": 58,
          "dco": 525,
          "txt": "has"
        },
        {
          "si": 5,
          "sti": 13,
          "dti": 112,
          "sco": 62,
          "dco": 529,
          "txt": "a"
        },
        {
          "si": 5,
          "sti": 14,
          "dti": 113,
          "sco": 64,
          "dco": 531,
          "txt": "discharge"
        },
        {
          "si": 5,
          "sti": 15,
          "dti": 114,
          "sco": 74,
          "dco": 541,
          "txt": "capacity"
        },
        {
          "si": 5,
          "sti": 16,
          "dti": 115,
          "sco": 82,
          "dco": 549,
          "txt": "."
        }
      ]
    },
    "ganns": {
      "dla": [],
      "la": [],
      "ea": [],
      "eta": [
        {
          "ra": {
            "ea": {
              "etn": "Taki_Dam"
            }
          },
          "sfs": [
            [
              {
                "stn": "status"
              },
              {}
            ]
          ],
          "mfs": [
            [
              {
                "stn": "rivers"
              },
              {
                "dla": [],
                "la": [],
                "ea": [
                  {
                    "etn": "Tadami_River"
                  }
                ],
                "eta": []
              }
            ],
            [
              {
                "stn": "locations"
              },
              {
                "dla": [],
                "la": [],
                "ea": [
                  {
                    "etn": "Tadami,_Fukushima"
                  }
                ],
                "eta": []
              }
            ],
            [
              {
                "stn": "openingYears"
              },
              {
                "dla": [
                  {
                    "txt": {
                      "sff": "1961"
                    },
                    "et": {
                      "etn": "Year"
                    },
                    "dp": {
                      "off": 196
                    }
                  }
                ],
                "la": [],
                "ea": [],
                "eta": []
              }
            ],
            [
              {
                "stn": "buildingStartYears"
              },
              {
                "dla": [
                  {
                    "txt": {
                      "sff": "1959"
                    },
                    "et": {
                      "etn": "Year"
                    },
                    "dp": {
                      "off": 163
                    }
                  }
                ],
                "la": [],
                "ea": [],
                "eta": []
              }
            ],
            [
              {
                "stn": "countries"
              },
              {
                "dla": [],
                "la": [],
                "ea": [
                  {
                    "etn": "Japan"
                  }
                ],
                "eta": []
              }
            ]
          ]
        }
      ]
    }
  }
]
