[
  {
    "context": "TEST",
    "doc": {
      "id": "Tala_Hydroelectric_Power_Station",
      "tl": [
        {
          "si": 0,
          "sti": 0,
          "dti": 0,
          "sco": 0,
          "dco": 0,
          "txt": "Tala"
        },
        {
          "si": 0,
          "sti": 1,
          "dti": 1,
          "sco": 5,
          "dco": 5,
          "txt": "Hydroelectric"
        },
        {
          "si": 0,
          "sti": 2,
          "dti": 2,
          "sco": 19,
          "dco": 19,
          "txt": "Power"
        },
        {
          "si": 0,
          "sti": 3,
          "dti": 3,
          "sco": 25,
          "dco": 25,
          "txt": "Station"
        },
        {
          "si": 0,
          "sti": 4,
          "dti": 4,
          "sco": 32,
          "dco": 32,
          "txt": "."
        },
        {
          "si": 1,
          "sti": 0,
          "dti": 5,
          "sco": 0,
          "dco": 34,
          "txt": "Tala"
        },
        {
          "si": 1,
          "sti": 1,
          "dti": 6,
          "sco": 5,
          "dco": 39,
          "txt": "Hydroelectric"
        },
        {
          "si": 1,
          "sti": 2,
          "dti": 7,
          "sco": 19,
          "dco": 53,
          "txt": "Power"
        },
        {
          "si": 1,
          "sti": 3,
          "dti": 8,
          "sco": 25,
          "dco": 59,
          "txt": "Station"
        },
        {
          "si": 1,
          "sti": 4,
          "dti": 9,
          "sco": 33,
          "dco": 67,
          "txt": "is"
        },
        {
          "si": 1,
          "sti": 5,
          "dti": 10,
          "sco": 36,
          "dco": 70,
          "txt": "a"
        },
        {
          "si": 1,
          "sti": 6,
          "dti": 11,
          "sco": 38,
          "dco": 72,
          "txt": "run"
        },
        {
          "si": 1,
          "sti": 7,
          "dti": 12,
          "sco": 41,
          "dco": 75,
          "txt": "-"
        },
        {
          "si": 1,
          "sti": 8,
          "dti": 13,
          "sco": 42,
          "dco": 76,
          "txt": "of"
        },
        {
          "si": 1,
          "sti": 9,
          "dti": 14,
          "sco": 44,
          "dco": 78,
          "txt": "-"
        },
        {
          "si": 1,
          "sti": 10,
          "dti": 15,
          "sco": 45,
          "dco": 79,
          "txt": "the"
        },
        {
          "si": 1,
          "sti": 11,
          "dti": 16,
          "sco": 48,
          "dco": 82,
          "txt": "-"
        },
        {
          "si": 1,
          "sti": 12,
          "dti": 17,
          "sco": 49,
          "dco": 83,
          "txt": "river"
        },
        {
          "si": 1,
          "sti": 13,
          "dti": 18,
          "sco": 55,
          "dco": 89,
          "txt": "type"
        },
        {
          "si": 1,
          "sti": 14,
          "dti": 19,
          "sco": 60,
          "dco": 94,
          "txt": "hydroelectric"
        },
        {
          "si": 1,
          "sti": 15,
          "dti": 20,
          "sco": 74,
          "dco": 108,
          "txt": "power"
        },
        {
          "si": 1,
          "sti": 16,
          "dti": 21,
          "sco": 80,
          "dco": 114,
          "txt": "station"
        },
        {
          "si": 1,
          "sti": 17,
          "dti": 22,
          "sco": 88,
          "dco": 122,
          "txt": "on"
        },
        {
          "si": 1,
          "sti": 18,
          "dti": 23,
          "sco": 91,
          "dco": 125,
          "txt": "the"
        },
        {
          "si": 1,
          "sti": 19,
          "dti": 24,
          "sco": 95,
          "dco": 129,
          "txt": "Wangchu"
        },
        {
          "si": 1,
          "sti": 20,
          "dti": 25,
          "sco": 103,
          "dco": 137,
          "txt": "River"
        },
        {
          "si": 1,
          "sti": 21,
          "dti": 26,
          "sco": 109,
          "dco": 143,
          "txt": "in"
        },
        {
          "si": 1,
          "sti": 22,
          "dti": 27,
          "sco": 112,
          "dco": 146,
          "txt": "Chukha"
        },
        {
          "si": 1,
          "sti": 23,
          "dti": 28,
          "sco": 119,
          "dco": 153,
          "txt": "District"
        },
        {
          "si": 1,
          "sti": 24,
          "dti": 29,
          "sco": 127,
          "dco": 161,
          "txt": ","
        },
        {
          "si": 1,
          "sti": 25,
          "dti": 30,
          "sco": 129,
          "dco": 163,
          "txt": "Bhutan"
        },
        {
          "si": 1,
          "sti": 26,
          "dti": 31,
          "sco": 135,
          "dco": 169,
          "txt": "."
        },
        {
          "si": 2,
          "sti": 0,
          "dti": 32,
          "sco": 0,
          "dco": 171,
          "txt": "The"
        },
        {
          "si": 2,
          "sti": 1,
          "dti": 33,
          "sco": 4,
          "dco": 175,
          "txt": "station"
        },
        {
          "si": 2,
          "sti": 2,
          "dti": 34,
          "sco": 12,
          "dco": 183,
          "txt": "consists"
        },
        {
          "si": 2,
          "sti": 3,
          "dti": 35,
          "sco": 21,
          "dco": 192,
          "txt": "of"
        },
        {
          "si": 2,
          "sti": 4,
          "dti": 36,
          "sco": 24,
          "dco": 195,
          "txt": "a"
        },
        {
          "si": 2,
          "sti": 5,
          "dti": 37,
          "sco": 26,
          "dco": 197,
          "txt": "tall"
        },
        {
          "si": 2,
          "sti": 6,
          "dti": 38,
          "sco": 31,
          "dco": 202,
          "txt": "gravity"
        },
        {
          "si": 2,
          "sti": 7,
          "dti": 39,
          "sco": 39,
          "dco": 210,
          "txt": "dam"
        },
        {
          "si": 2,
          "sti": 8,
          "dti": 40,
          "sco": 43,
          "dco": 214,
          "txt": "which"
        },
        {
          "si": 2,
          "sti": 9,
          "dti": 41,
          "sco": 49,
          "dco": 220,
          "txt": "diverts"
        },
        {
          "si": 2,
          "sti": 10,
          "dti": 42,
          "sco": 57,
          "dco": 228,
          "txt": "water"
        },
        {
          "si": 2,
          "sti": 11,
          "dti": 43,
          "sco": 63,
          "dco": 234,
          "txt": "through"
        },
        {
          "si": 2,
          "sti": 12,
          "dti": 44,
          "sco": 71,
          "dco": 242,
          "txt": "a"
        },
        {
          "si": 2,
          "sti": 13,
          "dti": 45,
          "sco": 73,
          "dco": 244,
          "txt": "long"
        },
        {
          "si": 2,
          "sti": 14,
          "dti": 46,
          "sco": 78,
          "dco": 249,
          "txt": "headrace"
        },
        {
          "si": 2,
          "sti": 15,
          "dti": 47,
          "sco": 87,
          "dco": 258,
          "txt": "tunnel"
        },
        {
          "si": 2,
          "sti": 16,
          "dti": 48,
          "sco": 94,
          "dco": 265,
          "txt": "to"
        },
        {
          "si": 2,
          "sti": 17,
          "dti": 49,
          "sco": 97,
          "dco": 268,
          "txt": "the"
        },
        {
          "si": 2,
          "sti": 18,
          "dti": 50,
          "sco": 101,
          "dco": 272,
          "txt": "power"
        },
        {
          "si": 2,
          "sti": 19,
          "dti": 51,
          "sco": 107,
          "dco": 278,
          "txt": "station"
        },
        {
          "si": 2,
          "sti": 20,
          "dti": 52,
          "sco": 115,
          "dco": 286,
          "txt": "("
        },
        {
          "si": 2,
          "sti": 21,
          "dti": 53,
          "sco": 116,
          "dco": 287,
          "txt": ")"
        },
        {
          "si": 2,
          "sti": 22,
          "dti": 54,
          "sco": 118,
          "dco": 289,
          "txt": "which"
        },
        {
          "si": 2,
          "sti": 23,
          "dti": 55,
          "sco": 124,
          "dco": 295,
          "txt": "contains"
        },
        {
          "si": 2,
          "sti": 24,
          "dti": 56,
          "sco": 133,
          "dco": 304,
          "txt": "six"
        },
        {
          "si": 2,
          "sti": 25,
          "dti": 57,
          "sco": 137,
          "dco": 308,
          "txt": "Pelton"
        },
        {
          "si": 2,
          "sti": 26,
          "dti": 58,
          "sco": 144,
          "dco": 315,
          "txt": "turbine"
        },
        {
          "si": 2,
          "sti": 27,
          "dti": 59,
          "sco": 151,
          "dco": 322,
          "txt": "-"
        },
        {
          "si": 2,
          "sti": 28,
          "dti": 60,
          "sco": 152,
          "dco": 323,
          "txt": "generators"
        },
        {
          "si": 2,
          "sti": 29,
          "dti": 61,
          "sco": 162,
          "dco": 333,
          "txt": "."
        },
        {
          "si": 3,
          "sti": 0,
          "dti": 62,
          "sco": 0,
          "dco": 335,
          "txt": "The"
        },
        {
          "si": 3,
          "sti": 1,
          "dti": 63,
          "sco": 4,
          "dco": 339,
          "txt": "difference"
        },
        {
          "si": 3,
          "sti": 2,
          "dti": 64,
          "sco": 15,
          "dco": 350,
          "txt": "in"
        },
        {
          "si": 3,
          "sti": 3,
          "dti": 65,
          "sco": 18,
          "dco": 353,
          "txt": "elevation"
        },
        {
          "si": 3,
          "sti": 4,
          "dti": 66,
          "sco": 28,
          "dco": 363,
          "txt": "between"
        },
        {
          "si": 3,
          "sti": 5,
          "dti": 67,
          "sco": 36,
          "dco": 371,
          "txt": "the"
        },
        {
          "si": 3,
          "sti": 6,
          "dti": 68,
          "sco": 40,
          "dco": 375,
          "txt": "dam"
        },
        {
          "si": 3,
          "sti": 7,
          "dti": 69,
          "sco": 44,
          "dco": 379,
          "txt": "and"
        },
        {
          "si": 3,
          "sti": 8,
          "dti": 70,
          "sco": 48,
          "dco": 383,
          "txt": "the"
        },
        {
          "si": 3,
          "sti": 9,
          "dti": 71,
          "sco": 52,
          "dco": 387,
          "txt": "power"
        },
        {
          "si": 3,
          "sti": 10,
          "dti": 72,
          "sco": 58,
          "dco": 393,
          "txt": "station"
        },
        {
          "si": 3,
          "sti": 11,
          "dti": 73,
          "sco": 66,
          "dco": 401,
          "txt": "affords"
        },
        {
          "si": 3,
          "sti": 12,
          "dti": 74,
          "sco": 74,
          "dco": 409,
          "txt": "the"
        },
        {
          "si": 3,
          "sti": 13,
          "dti": 75,
          "sco": 78,
          "dco": 413,
          "txt": "project"
        },
        {
          "si": 3,
          "sti": 14,
          "dti": 76,
          "sco": 86,
          "dco": 421,
          "txt": "a"
        },
        {
          "si": 3,
          "sti": 15,
          "dti": 77,
          "sco": 88,
          "dco": 423,
          "txt": "hydraulic"
        },
        {
          "si": 3,
          "sti": 16,
          "dti": 78,
          "sco": 98,
          "dco": 433,
          "txt": "head"
        },
        {
          "si": 3,
          "sti": 17,
          "dti": 79,
          "sco": 103,
          "dco": 438,
          "txt": "of"
        },
        {
          "si": 3,
          "sti": 18,
          "dti": 80,
          "sco": 105,
          "dco": 440,
          "txt": "."
        },
        {
          "si": 4,
          "sti": 0,
          "dti": 81,
          "sco": 0,
          "dco": 442,
          "txt": "Preliminary"
        },
        {
          "si": 4,
          "sti": 1,
          "dti": 82,
          "sco": 12,
          "dco": 454,
          "txt": "construction"
        },
        {
          "si": 4,
          "sti": 2,
          "dti": 83,
          "sco": 25,
          "dco": 467,
          "txt": "on"
        },
        {
          "si": 4,
          "sti": 3,
          "dti": 84,
          "sco": 28,
          "dco": 470,
          "txt": "the"
        },
        {
          "si": 4,
          "sti": 4,
          "dti": 85,
          "sco": 32,
          "dco": 474,
          "txt": "project"
        },
        {
          "si": 4,
          "sti": 5,
          "dti": 86,
          "sco": 40,
          "dco": 482,
          "txt": "began"
        },
        {
          "si": 4,
          "sti": 6,
          "dti": 87,
          "sco": 46,
          "dco": 488,
          "txt": "in"
        },
        {
          "si": 4,
          "sti": 7,
          "dti": 88,
          "sco": 49,
          "dco": 491,
          "txt": "1997"
        },
        {
          "si": 4,
          "sti": 8,
          "dti": 89,
          "sco": 54,
          "dco": 496,
          "txt": "and"
        },
        {
          "si": 4,
          "sti": 9,
          "dti": 90,
          "sco": 58,
          "dco": 500,
          "txt": "major"
        },
        {
          "si": 4,
          "sti": 10,
          "dti": 91,
          "sco": 64,
          "dco": 506,
          "txt": "works"
        },
        {
          "si": 4,
          "sti": 11,
          "dti": 92,
          "sco": 70,
          "dco": 512,
          "txt": "were"
        },
        {
          "si": 4,
          "sti": 12,
          "dti": 93,
          "sco": 75,
          "dco": 517,
          "txt": "underway"
        },
        {
          "si": 4,
          "sti": 13,
          "dti": 94,
          "sco": 84,
          "dco": 526,
          "txt": "by"
        },
        {
          "si": 4,
          "sti": 14,
          "dti": 95,
          "sco": 87,
          "dco": 529,
          "txt": "1999"
        },
        {
          "si": 4,
          "sti": 15,
          "dti": 96,
          "sco": 91,
          "dco": 533,
          "txt": "."
        },
        {
          "si": 5,
          "sti": 0,
          "dti": 97,
          "sco": 0,
          "dco": 535,
          "txt": "The"
        },
        {
          "si": 5,
          "sti": 1,
          "dti": 98,
          "sco": 4,
          "dco": 539,
          "txt": "first"
        },
        {
          "si": 5,
          "sti": 2,
          "dti": 99,
          "sco": 10,
          "dco": 545,
          "txt": "generator"
        },
        {
          "si": 5,
          "sti": 3,
          "dti": 100,
          "sco": 20,
          "dco": 555,
          "txt": "was"
        },
        {
          "si": 5,
          "sti": 4,
          "dti": 101,
          "sco": 24,
          "dco": 559,
          "txt": "commissioned"
        },
        {
          "si": 5,
          "sti": 5,
          "dti": 102,
          "sco": 37,
          "dco": 572,
          "txt": "on"
        },
        {
          "si": 5,
          "sti": 6,
          "dti": 103,
          "sco": 40,
          "dco": 575,
          "txt": "31"
        },
        {
          "si": 5,
          "sti": 7,
          "dti": 104,
          "sco": 43,
          "dco": 578,
          "txt": "July"
        },
        {
          "si": 5,
          "sti": 8,
          "dti": 105,
          "sco": 48,
          "dco": 583,
          "txt": "2006"
        },
        {
          "si": 5,
          "sti": 9,
          "dti": 106,
          "sco": 53,
          "dco": 588,
          "txt": "and"
        },
        {
          "si": 5,
          "sti": 10,
          "dti": 107,
          "sco": 57,
          "dco": 592,
          "txt": "the"
        },
        {
          "si": 5,
          "sti": 11,
          "dti": 108,
          "sco": 61,
          "dco": 596,
          "txt": "final"
        },
        {
          "si": 5,
          "sti": 12,
          "dti": 109,
          "sco": 67,
          "dco": 602,
          "txt": "on"
        },
        {
          "si": 5,
          "sti": 13,
          "dti": 110,
          "sco": 70,
          "dco": 605,
          "txt": "30"
        },
        {
          "si": 5,
          "sti": 14,
          "dti": 111,
          "sco": 73,
          "dco": 608,
          "txt": "March"
        },
        {
          "si": 5,
          "sti": 15,
          "dti": 112,
          "sco": 79,
          "dco": 614,
          "txt": "2007"
        },
        {
          "si": 5,
          "sti": 16,
          "dti": 113,
          "sco": 83,
          "dco": 618,
          "txt": "."
        },
        {
          "si": 6,
          "sti": 0,
          "dti": 114,
          "sco": 0,
          "dco": 620,
          "txt": "The"
        },
        {
          "si": 6,
          "sti": 1,
          "dti": 115,
          "sco": 4,
          "dco": 624,
          "txt": "project"
        },
        {
          "si": 6,
          "sti": 2,
          "dti": 116,
          "sco": 12,
          "dco": 632,
          "txt": "cost"
        },
        {
          "si": 6,
          "sti": 3,
          "dti": 117,
          "sco": 17,
          "dco": 637,
          "txt": "was"
        },
        {
          "si": 6,
          "sti": 4,
          "dti": 118,
          "sco": 21,
          "dco": 641,
          "txt": "about"
        },
        {
          "si": 6,
          "sti": 5,
          "dti": 119,
          "sco": 27,
          "dco": 647,
          "txt": "900"
        },
        {
          "si": 6,
          "sti": 6,
          "dti": 120,
          "sco": 31,
          "dco": 651,
          "txt": "million"
        },
        {
          "si": 6,
          "sti": 7,
          "dti": 121,
          "sco": 39,
          "dco": 659,
          "txt": "US"
        },
        {
          "si": 6,
          "sti": 8,
          "dti": 122,
          "sco": 42,
          "dco": 662,
          "txt": "dollars"
        },
        {
          "si": 6,
          "sti": 9,
          "dti": 123,
          "sco": 50,
          "dco": 670,
          "txt": "and"
        },
        {
          "si": 6,
          "sti": 10,
          "dti": 124,
          "sco": 54,
          "dco": 674,
          "txt": "was"
        },
        {
          "si": 6,
          "sti": 11,
          "dti": 125,
          "sco": 58,
          "dco": 678,
          "txt": "financed"
        },
        {
          "si": 6,
          "sti": 12,
          "dti": 126,
          "sco": 67,
          "dco": 687,
          "txt": "by"
        },
        {
          "si": 6,
          "sti": 13,
          "dti": 127,
          "sco": 70,
          "dco": 690,
          "txt": "India"
        },
        {
          "si": 6,
          "sti": 14,
          "dti": 128,
          "sco": 76,
          "dco": 696,
          "txt": "through"
        },
        {
          "si": 6,
          "sti": 15,
          "dti": 129,
          "sco": 84,
          "dco": 704,
          "txt": "grants"
        },
        {
          "si": 6,
          "sti": 16,
          "dti": 130,
          "sco": 91,
          "dco": 711,
          "txt": "and"
        },
        {
          "si": 6,
          "sti": 17,
          "dti": 131,
          "sco": 95,
          "dco": 715,
          "txt": "loan"
        },
        {
          "si": 6,
          "sti": 18,
          "dti": 132,
          "sco": 100,
          "dco": 720,
          "txt": "at"
        },
        {
          "si": 6,
          "sti": 19,
          "dti": 133,
          "sco": 103,
          "dco": 723,
          "txt": "a"
        },
        {
          "si": 6,
          "sti": 20,
          "dti": 134,
          "sco": 105,
          "dco": 725,
          "txt": "9"
        },
        {
          "si": 6,
          "sti": 21,
          "dti": 135,
          "sco": 106,
          "dco": 726,
          "txt": "%"
        },
        {
          "si": 6,
          "sti": 22,
          "dti": 136,
          "sco": 108,
          "dco": 728,
          "txt": "interest"
        },
        {
          "si": 6,
          "sti": 23,
          "dti": 137,
          "sco": 117,
          "dco": 737,
          "txt": "rate"
        },
        {
          "si": 6,
          "sti": 24,
          "dti": 138,
          "sco": 121,
          "dco": 741,
          "txt": "."
        },
        {
          "si": 7,
          "sti": 0,
          "dti": 139,
          "sco": 0,
          "dco": 743,
          "txt": "All"
        },
        {
          "si": 7,
          "sti": 1,
          "dti": 140,
          "sco": 4,
          "dco": 747,
          "txt": "of"
        },
        {
          "si": 7,
          "sti": 2,
          "dti": 141,
          "sco": 7,
          "dco": 750,
          "txt": "the"
        },
        {
          "si": 7,
          "sti": 3,
          "dti": 142,
          "sco": 11,
          "dco": 754,
          "txt": "electricity"
        },
        {
          "si": 7,
          "sti": 4,
          "dti": 143,
          "sco": 23,
          "dco": 766,
          "txt": "generated"
        },
        {
          "si": 7,
          "sti": 5,
          "dti": 144,
          "sco": 33,
          "dco": 776,
          "txt": "is"
        },
        {
          "si": 7,
          "sti": 6,
          "dti": 145,
          "sco": 36,
          "dco": 779,
          "txt": "exported"
        },
        {
          "si": 7,
          "sti": 7,
          "dti": 146,
          "sco": 45,
          "dco": 788,
          "txt": "to"
        },
        {
          "si": 7,
          "sti": 8,
          "dti": 147,
          "sco": 48,
          "dco": 791,
          "txt": "India"
        },
        {
          "si": 7,
          "sti": 9,
          "dti": 148,
          "sco": 54,
          "dco": 797,
          "txt": "through"
        },
        {
          "si": 7,
          "sti": 10,
          "dti": 149,
          "sco": 62,
          "dco": 805,
          "txt": "three"
        },
        {
          "si": 7,
          "sti": 11,
          "dti": 150,
          "sco": 68,
          "dco": 811,
          "txt": "440"
        },
        {
          "si": 7,
          "sti": 12,
          "dti": 151,
          "sco": 71,
          "dco": 814,
          "txt": "kV"
        },
        {
          "si": 7,
          "sti": 13,
          "dti": 152,
          "sco": 74,
          "dco": 817,
          "txt": "transmission"
        },
        {
          "si": 7,
          "sti": 14,
          "dti": 153,
          "sco": 87,
          "dco": 830,
          "txt": "lines"
        },
        {
          "si": 7,
          "sti": 15,
          "dti": 154,
          "sco": 92,
          "dco": 835,
          "txt": "."
        },
        {
          "si": 8,
          "sti": 0,
          "dti": 155,
          "sco": 0,
          "dco": 837,
          "txt": "The"
        },
        {
          "si": 8,
          "sti": 1,
          "dti": 156,
          "sco": 4,
          "dco": 841,
          "txt": "power"
        },
        {
          "si": 8,
          "sti": 2,
          "dti": 157,
          "sco": 10,
          "dco": 847,
          "txt": "station"
        },
        {
          "si": 8,
          "sti": 3,
          "dti": 158,
          "sco": 18,
          "dco": 855,
          "txt": "is"
        },
        {
          "si": 8,
          "sti": 4,
          "dti": 159,
          "sco": 21,
          "dco": 858,
          "txt": "the"
        },
        {
          "si": 8,
          "sti": 5,
          "dti": 160,
          "sco": 25,
          "dco": 862,
          "txt": "country"
        },
        {
          "si": 8,
          "sti": 6,
          "dti": 161,
          "sco": 32,
          "dco": 869,
          "txt": "'"
        },
        {
          "si": 8,
          "sti": 7,
          "dti": 162,
          "sco": 33,
          "dco": 870,
          "txt": "s"
        },
        {
          "si": 8,
          "sti": 8,
          "dti": 163,
          "sco": 35,
          "dco": 872,
          "txt": "fourth"
        },
        {
          "si": 8,
          "sti": 9,
          "dti": 164,
          "sco": 42,
          "dco": 879,
          "txt": "and"
        },
        {
          "si": 8,
          "sti": 10,
          "dti": 165,
          "sco": 46,
          "dco": 883,
          "txt": "biggest"
        },
        {
          "si": 8,
          "sti": 11,
          "dti": 166,
          "sco": 54,
          "dco": 891,
          "txt": "hydropower"
        },
        {
          "si": 8,
          "sti": 12,
          "dti": 167,
          "sco": 65,
          "dco": 902,
          "txt": "project"
        },
        {
          "si": 8,
          "sti": 13,
          "dti": 168,
          "sco": 73,
          "dco": 910,
          "txt": "after"
        },
        {
          "si": 8,
          "sti": 14,
          "dti": 169,
          "sco": 79,
          "dco": 916,
          "txt": "the"
        },
        {
          "si": 8,
          "sti": 15,
          "dti": 170,
          "sco": 83,
          "dco": 920,
          "txt": "336"
        },
        {
          "si": 8,
          "sti": 16,
          "dti": 171,
          "sco": 87,
          "dco": 924,
          "txt": "MW"
        },
        {
          "si": 8,
          "sti": 17,
          "dti": 172,
          "sco": 90,
          "dco": 927,
          "txt": "Chuka"
        },
        {
          "si": 8,
          "sti": 18,
          "dti": 173,
          "sco": 96,
          "dco": 933,
          "txt": "project"
        },
        {
          "si": 8,
          "sti": 19,
          "dti": 174,
          "sco": 104,
          "dco": 941,
          "txt": "commissioned"
        },
        {
          "si": 8,
          "sti": 20,
          "dti": 175,
          "sco": 117,
          "dco": 954,
          "txt": "in"
        },
        {
          "si": 8,
          "sti": 21,
          "dti": 176,
          "sco": 120,
          "dco": 957,
          "txt": "1988"
        },
        {
          "si": 8,
          "sti": 22,
          "dti": 177,
          "sco": 124,
          "dco": 961,
          "txt": ","
        },
        {
          "si": 8,
          "sti": 23,
          "dti": 178,
          "sco": 126,
          "dco": 963,
          "txt": "followed"
        },
        {
          "si": 8,
          "sti": 24,
          "dti": 179,
          "sco": 135,
          "dco": 972,
          "txt": "by"
        },
        {
          "si": 8,
          "sti": 25,
          "dti": 180,
          "sco": 138,
          "dco": 975,
          "txt": "Kurichhu"
        },
        {
          "si": 8,
          "sti": 26,
          "dti": 181,
          "sco": 147,
          "dco": 984,
          "txt": "("
        },
        {
          "si": 8,
          "sti": 27,
          "dti": 182,
          "sco": 148,
          "dco": 985,
          "txt": "60"
        },
        {
          "si": 8,
          "sti": 28,
          "dti": 183,
          "sco": 150,
          "dco": 987,
          "txt": "MW"
        },
        {
          "si": 8,
          "sti": 29,
          "dti": 184,
          "sco": 152,
          "dco": 989,
          "txt": ")"
        },
        {
          "si": 8,
          "sti": 30,
          "dti": 185,
          "sco": 154,
          "dco": 991,
          "txt": "in"
        },
        {
          "si": 8,
          "sti": 31,
          "dti": 186,
          "sco": 157,
          "dco": 994,
          "txt": "2001"
        },
        {
          "si": 8,
          "sti": 32,
          "dti": 187,
          "sco": 162,
          "dco": 999,
          "txt": "and"
        },
        {
          "si": 8,
          "sti": 33,
          "dti": 188,
          "sco": 166,
          "dco": 1003,
          "txt": "Basochho"
        },
        {
          "si": 8,
          "sti": 34,
          "dti": 189,
          "sco": 175,
          "dco": 1012,
          "txt": "("
        },
        {
          "si": 8,
          "sti": 35,
          "dti": 190,
          "sco": 176,
          "dco": 1013,
          "txt": "40"
        },
        {
          "si": 8,
          "sti": 36,
          "dti": 191,
          "sco": 178,
          "dco": 1015,
          "txt": "MW"
        },
        {
          "si": 8,
          "sti": 37,
          "dti": 192,
          "sco": 180,
          "dco": 1017,
          "txt": ")"
        },
        {
          "si": 8,
          "sti": 38,
          "dti": 193,
          "sco": 182,
          "dco": 1019,
          "txt": "in"
        },
        {
          "si": 8,
          "sti": 39,
          "dti": 194,
          "sco": 185,
          "dco": 1022,
          "txt": "2005"
        },
        {
          "si": 8,
          "sti": 40,
          "dti": 195,
          "sco": 189,
          "dco": 1026,
          "txt": "."
        },
        {
          "si": 9,
          "sti": 0,
          "dti": 196,
          "sco": 0,
          "dco": 1028,
          "txt": "Electricity"
        },
        {
          "si": 9,
          "sti": 1,
          "dti": 197,
          "sco": 12,
          "dco": 1040,
          "txt": "revenue"
        },
        {
          "si": 9,
          "sti": 2,
          "dti": 198,
          "sco": 20,
          "dco": 1048,
          "txt": "was"
        },
        {
          "si": 9,
          "sti": 3,
          "dti": 199,
          "sco": 24,
          "dco": 1052,
          "txt": "expected"
        },
        {
          "si": 9,
          "sti": 4,
          "dti": 200,
          "sco": 33,
          "dco": 1061,
          "txt": "to"
        },
        {
          "si": 9,
          "sti": 5,
          "dti": 201,
          "sco": 36,
          "dco": 1064,
          "txt": "provide"
        },
        {
          "si": 9,
          "sti": 6,
          "dti": 202,
          "sco": 44,
          "dco": 1072,
          "txt": "no"
        },
        {
          "si": 9,
          "sti": 7,
          "dti": 203,
          "sco": 47,
          "dco": 1075,
          "txt": "less"
        },
        {
          "si": 9,
          "sti": 8,
          "dti": 204,
          "sco": 52,
          "dco": 1080,
          "txt": "than"
        },
        {
          "si": 9,
          "sti": 9,
          "dti": 205,
          "sco": 57,
          "dco": 1085,
          "txt": "60"
        },
        {
          "si": 9,
          "sti": 10,
          "dti": 206,
          "sco": 59,
          "dco": 1087,
          "txt": "%"
        },
        {
          "si": 9,
          "sti": 11,
          "dti": 207,
          "sco": 61,
          "dco": 1089,
          "txt": "of"
        },
        {
          "si": 9,
          "sti": 12,
          "dti": 208,
          "sco": 64,
          "dco": 1092,
          "txt": "the"
        },
        {
          "si": 9,
          "sti": 13,
          "dti": 209,
          "sco": 68,
          "dco": 1096,
          "txt": "government"
        },
        {
          "si": 9,
          "sti": 14,
          "dti": 210,
          "sco": 78,
          "dco": 1106,
          "txt": "'"
        },
        {
          "si": 9,
          "sti": 15,
          "dti": 211,
          "sco": 79,
          "dco": 1107,
          "txt": "s"
        },
        {
          "si": 9,
          "sti": 16,
          "dti": 212,
          "sco": 81,
          "dco": 1109,
          "txt": "entire"
        },
        {
          "si": 9,
          "sti": 17,
          "dti": 213,
          "sco": 88,
          "dco": 1116,
          "txt": "revenue"
        },
        {
          "si": 9,
          "sti": 18,
          "dti": 214,
          "sco": 96,
          "dco": 1124,
          "txt": "in"
        },
        {
          "si": 9,
          "sti": 19,
          "dti": 215,
          "sco": 99,
          "dco": 1127,
          "txt": "2009"
        },
        {
          "si": 9,
          "sti": 20,
          "dti": 216,
          "sco": 103,
          "dco": 1131,
          "txt": "."
        },
        {
          "si": 10,
          "sti": 0,
          "dti": 217,
          "sco": 0,
          "dco": 1133,
          "txt": "Yet"
        },
        {
          "si": 10,
          "sti": 1,
          "dti": 218,
          "sco": 3,
          "dco": 1136,
          "txt": ","
        },
        {
          "si": 10,
          "sti": 2,
          "dti": 219,
          "sco": 5,
          "dco": 1138,
          "txt": "barely"
        },
        {
          "si": 10,
          "sti": 3,
          "dti": 220,
          "sco": 12,
          "dco": 1145,
          "txt": "66"
        },
        {
          "si": 10,
          "sti": 4,
          "dti": 221,
          "sco": 14,
          "dco": 1147,
          "txt": "%"
        },
        {
          "si": 10,
          "sti": 5,
          "dti": 222,
          "sco": 16,
          "dco": 1149,
          "txt": "of"
        },
        {
          "si": 10,
          "sti": 6,
          "dti": 223,
          "sco": 19,
          "dco": 1152,
          "txt": "Bhutanese"
        },
        {
          "si": 10,
          "sti": 7,
          "dti": 224,
          "sco": 29,
          "dco": 1162,
          "txt": "households"
        },
        {
          "si": 10,
          "sti": 8,
          "dti": 225,
          "sco": 40,
          "dco": 1173,
          "txt": "and"
        },
        {
          "si": 10,
          "sti": 9,
          "dti": 226,
          "sco": 44,
          "dco": 1177,
          "txt": "39"
        },
        {
          "si": 10,
          "sti": 10,
          "dti": 227,
          "sco": 46,
          "dco": 1179,
          "txt": "%"
        },
        {
          "si": 10,
          "sti": 11,
          "dti": 228,
          "sco": 48,
          "dco": 1181,
          "txt": "of"
        },
        {
          "si": 10,
          "sti": 12,
          "dti": 229,
          "sco": 51,
          "dco": 1184,
          "txt": "its"
        },
        {
          "si": 10,
          "sti": 13,
          "dti": 230,
          "sco": 55,
          "dco": 1188,
          "txt": "villages"
        },
        {
          "si": 10,
          "sti": 14,
          "dti": 231,
          "sco": 64,
          "dco": 1197,
          "txt": "are"
        },
        {
          "si": 10,
          "sti": 15,
          "dti": 232,
          "sco": 68,
          "dco": 1201,
          "txt": "electrified"
        },
        {
          "si": 10,
          "sti": 16,
          "dti": 233,
          "sco": 79,
          "dco": 1212,
          "txt": "."
        }
      ]
    },
    "ganns": {
      "dla": [],
      "la": [],
      "ea": [],
      "eta": [
        {
          "ra": {
            "ea": {
              "etn": "Tala_Hydroelectric_Power_Station"
            }
          },
          "sfs": [
            [
              {
                "stn": "status"
              },
              {}
            ]
          ],
          "mfs": [
            [
              {
                "stn": "rivers"
              },
              {
                "dla": [],
                "la": [],
                "ea": [],
                "eta": []
              }
            ],
            [
              {
                "stn": "locations"
              },
              {
                "dla": [],
                "la": [],
                "ea": [
                  {
                    "etn": "Chukha_District"
                  }
                ],
                "eta": []
              }
            ],
            [
              {
                "stn": "openingYears"
              },
              {
                "dla": [
                  {
                    "txt": {
                      "sff": "2007"
                    },
                    "et": {
                      "etn": "Year"
                    },
                    "dp": {
                      "off": 614
                    }
                  }
                ],
                "la": [],
                "ea": [],
                "eta": []
              }
            ],
            [
              {
                "stn": "buildingStartYears"
              },
              {
                "dla": [
                  {
                    "txt": {
                      "sff": "1997"
                    },
                    "et": {
                      "etn": "Year"
                    },
                    "dp": {
                      "off": 491
                    }
                  }
                ],
                "la": [],
                "ea": [],
                "eta": []
              }
            ],
            [
              {
                "stn": "countries"
              },
              {
                "dla": [],
                "la": [],
                "ea": [
                  {
                    "etn": "Bhutan"
                  }
                ],
                "eta": []
              }
            ]
          ]
        }
      ]
    }
  }
]
