[
  {
    "context": "TRAIN",
    "doc": {
      "id": "Tantangara_Dam",
      "tl": [
        {
          "si": 0,
          "sti": 0,
          "dti": 0,
          "sco": 0,
          "dco": 0,
          "txt": "Tantangara"
        },
        {
          "si": 0,
          "sti": 1,
          "dti": 1,
          "sco": 11,
          "dco": 11,
          "txt": "Dam"
        },
        {
          "si": 0,
          "sti": 2,
          "dti": 2,
          "sco": 14,
          "dco": 14,
          "txt": "."
        },
        {
          "si": 1,
          "sti": 0,
          "dti": 3,
          "sco": 0,
          "dco": 16,
          "txt": "Tantangara"
        },
        {
          "si": 1,
          "sti": 1,
          "dti": 4,
          "sco": 11,
          "dco": 27,
          "txt": "Dam"
        },
        {
          "si": 1,
          "sti": 2,
          "dti": 5,
          "sco": 15,
          "dco": 31,
          "txt": "is"
        },
        {
          "si": 1,
          "sti": 3,
          "dti": 6,
          "sco": 18,
          "dco": 34,
          "txt": "a"
        },
        {
          "si": 1,
          "sti": 4,
          "dti": 7,
          "sco": 20,
          "dco": 36,
          "txt": "major"
        },
        {
          "si": 1,
          "sti": 5,
          "dti": 8,
          "sco": 26,
          "dco": 42,
          "txt": "ungated"
        },
        {
          "si": 1,
          "sti": 6,
          "dti": 9,
          "sco": 34,
          "dco": 50,
          "txt": "concrete"
        },
        {
          "si": 1,
          "sti": 7,
          "dti": 10,
          "sco": 43,
          "dco": 59,
          "txt": "gravity"
        },
        {
          "si": 1,
          "sti": 8,
          "dti": 11,
          "sco": 51,
          "dco": 67,
          "txt": "dam"
        },
        {
          "si": 1,
          "sti": 9,
          "dti": 12,
          "sco": 55,
          "dco": 71,
          "txt": "with"
        },
        {
          "si": 1,
          "sti": 10,
          "dti": 13,
          "sco": 60,
          "dco": 76,
          "txt": "concrete"
        },
        {
          "si": 1,
          "sti": 11,
          "dti": 14,
          "sco": 69,
          "dco": 85,
          "txt": "chute"
        },
        {
          "si": 1,
          "sti": 12,
          "dti": 15,
          "sco": 75,
          "dco": 91,
          "txt": "spillway"
        },
        {
          "si": 1,
          "sti": 13,
          "dti": 16,
          "sco": 84,
          "dco": 100,
          "txt": "across"
        },
        {
          "si": 1,
          "sti": 14,
          "dti": 17,
          "sco": 91,
          "dco": 107,
          "txt": "the"
        },
        {
          "si": 1,
          "sti": 15,
          "dti": 18,
          "sco": 95,
          "dco": 111,
          "txt": "Murrumbidgee"
        },
        {
          "si": 1,
          "sti": 16,
          "dti": 19,
          "sco": 108,
          "dco": 124,
          "txt": "River"
        },
        {
          "si": 1,
          "sti": 17,
          "dti": 20,
          "sco": 114,
          "dco": 130,
          "txt": "upstream"
        },
        {
          "si": 1,
          "sti": 18,
          "dti": 21,
          "sco": 123,
          "dco": 139,
          "txt": "of"
        },
        {
          "si": 1,
          "sti": 19,
          "dti": 22,
          "sco": 126,
          "dco": 142,
          "txt": "Adaminaby"
        },
        {
          "si": 1,
          "sti": 20,
          "dti": 23,
          "sco": 136,
          "dco": 152,
          "txt": "in"
        },
        {
          "si": 1,
          "sti": 21,
          "dti": 24,
          "sco": 139,
          "dco": 155,
          "txt": "the"
        },
        {
          "si": 1,
          "sti": 22,
          "dti": 25,
          "sco": 143,
          "dco": 159,
          "txt": "Snowy"
        },
        {
          "si": 1,
          "sti": 23,
          "dti": 26,
          "sco": 149,
          "dco": 165,
          "txt": "Mountains"
        },
        {
          "si": 1,
          "sti": 24,
          "dti": 27,
          "sco": 159,
          "dco": 175,
          "txt": "region"
        },
        {
          "si": 1,
          "sti": 25,
          "dti": 28,
          "sco": 166,
          "dco": 182,
          "txt": "of"
        },
        {
          "si": 1,
          "sti": 26,
          "dti": 29,
          "sco": 169,
          "dco": 185,
          "txt": "New"
        },
        {
          "si": 1,
          "sti": 27,
          "dti": 30,
          "sco": 173,
          "dco": 189,
          "txt": "South"
        },
        {
          "si": 1,
          "sti": 28,
          "dti": 31,
          "sco": 179,
          "dco": 195,
          "txt": "Wales"
        },
        {
          "si": 1,
          "sti": 29,
          "dti": 32,
          "sco": 184,
          "dco": 200,
          "txt": ","
        },
        {
          "si": 1,
          "sti": 30,
          "dti": 33,
          "sco": 186,
          "dco": 202,
          "txt": "Australia"
        },
        {
          "si": 1,
          "sti": 31,
          "dti": 34,
          "sco": 195,
          "dco": 211,
          "txt": "."
        },
        {
          "si": 2,
          "sti": 0,
          "dti": 35,
          "sco": 0,
          "dco": 213,
          "txt": "The"
        },
        {
          "si": 2,
          "sti": 1,
          "dti": 36,
          "sco": 4,
          "dco": 217,
          "txt": "dam"
        },
        {
          "si": 2,
          "sti": 2,
          "dti": 37,
          "sco": 8,
          "dco": 221,
          "txt": "is"
        },
        {
          "si": 2,
          "sti": 3,
          "dti": 38,
          "sco": 11,
          "dco": 224,
          "txt": "part"
        },
        {
          "si": 2,
          "sti": 4,
          "dti": 39,
          "sco": 16,
          "dco": 229,
          "txt": "of"
        },
        {
          "si": 2,
          "sti": 5,
          "dti": 40,
          "sco": 19,
          "dco": 232,
          "txt": "the"
        },
        {
          "si": 2,
          "sti": 6,
          "dti": 41,
          "sco": 23,
          "dco": 236,
          "txt": "Snowy"
        },
        {
          "si": 2,
          "sti": 7,
          "dti": 42,
          "sco": 29,
          "dco": 242,
          "txt": "Mountains"
        },
        {
          "si": 2,
          "sti": 8,
          "dti": 43,
          "sco": 39,
          "dco": 252,
          "txt": "Scheme"
        },
        {
          "si": 2,
          "sti": 9,
          "dti": 44,
          "sco": 45,
          "dco": 258,
          "txt": ","
        },
        {
          "si": 2,
          "sti": 10,
          "dti": 45,
          "sco": 47,
          "dco": 260,
          "txt": "a"
        },
        {
          "si": 2,
          "sti": 11,
          "dti": 46,
          "sco": 49,
          "dco": 262,
          "txt": "vast"
        },
        {
          "si": 2,
          "sti": 12,
          "dti": 47,
          "sco": 54,
          "dco": 267,
          "txt": "hydroelectricity"
        },
        {
          "si": 2,
          "sti": 13,
          "dti": 48,
          "sco": 71,
          "dco": 284,
          "txt": "and"
        },
        {
          "si": 2,
          "sti": 14,
          "dti": 49,
          "sco": 75,
          "dco": 288,
          "txt": "irrigation"
        },
        {
          "si": 2,
          "sti": 15,
          "dti": 50,
          "sco": 86,
          "dco": 299,
          "txt": "complex"
        },
        {
          "si": 2,
          "sti": 16,
          "dti": 51,
          "sco": 94,
          "dco": 307,
          "txt": "constructed"
        },
        {
          "si": 2,
          "sti": 17,
          "dti": 52,
          "sco": 106,
          "dco": 319,
          "txt": "in"
        },
        {
          "si": 2,
          "sti": 18,
          "dti": 53,
          "sco": 109,
          "dco": 322,
          "txt": "south"
        },
        {
          "si": 2,
          "sti": 19,
          "dti": 54,
          "sco": 114,
          "dco": 327,
          "txt": "-"
        },
        {
          "si": 2,
          "sti": 20,
          "dti": 55,
          "sco": 115,
          "dco": 328,
          "txt": "east"
        },
        {
          "si": 2,
          "sti": 21,
          "dti": 56,
          "sco": 120,
          "dco": 333,
          "txt": "Australia"
        },
        {
          "si": 2,
          "sti": 22,
          "dti": 57,
          "sco": 130,
          "dco": 343,
          "txt": "between"
        },
        {
          "si": 2,
          "sti": 23,
          "dti": 58,
          "sco": 138,
          "dco": 351,
          "txt": "1949"
        },
        {
          "si": 2,
          "sti": 24,
          "dti": 59,
          "sco": 143,
          "dco": 356,
          "txt": "and"
        },
        {
          "si": 2,
          "sti": 25,
          "dti": 60,
          "sco": 147,
          "dco": 360,
          "txt": "1974"
        },
        {
          "si": 2,
          "sti": 26,
          "dti": 61,
          "sco": 152,
          "dco": 365,
          "txt": "and"
        },
        {
          "si": 2,
          "sti": 27,
          "dti": 62,
          "sco": 156,
          "dco": 369,
          "txt": "now"
        },
        {
          "si": 2,
          "sti": 28,
          "dti": 63,
          "sco": 160,
          "dco": 373,
          "txt": "run"
        },
        {
          "si": 2,
          "sti": 29,
          "dti": 64,
          "sco": 164,
          "dco": 377,
          "txt": "by"
        },
        {
          "si": 2,
          "sti": 30,
          "dti": 65,
          "sco": 167,
          "dco": 380,
          "txt": "Snowy"
        },
        {
          "si": 2,
          "sti": 31,
          "dti": 66,
          "sco": 173,
          "dco": 386,
          "txt": "Hydro"
        },
        {
          "si": 2,
          "sti": 32,
          "dti": 67,
          "sco": 178,
          "dco": 391,
          "txt": "."
        },
        {
          "si": 3,
          "sti": 0,
          "dti": 68,
          "sco": 0,
          "dco": 393,
          "txt": "The"
        },
        {
          "si": 3,
          "sti": 1,
          "dti": 69,
          "sco": 4,
          "dco": 397,
          "txt": "purpose"
        },
        {
          "si": 3,
          "sti": 2,
          "dti": 70,
          "sco": 12,
          "dco": 405,
          "txt": "of"
        },
        {
          "si": 3,
          "sti": 3,
          "dti": 71,
          "sco": 15,
          "dco": 408,
          "txt": "the"
        },
        {
          "si": 3,
          "sti": 4,
          "dti": 72,
          "sco": 19,
          "dco": 412,
          "txt": "dam"
        },
        {
          "si": 3,
          "sti": 5,
          "dti": 73,
          "sco": 23,
          "dco": 416,
          "txt": "includes"
        },
        {
          "si": 3,
          "sti": 6,
          "dti": 74,
          "sco": 32,
          "dco": 425,
          "txt": "water"
        },
        {
          "si": 3,
          "sti": 7,
          "dti": 75,
          "sco": 38,
          "dco": 431,
          "txt": "management"
        },
        {
          "si": 3,
          "sti": 8,
          "dti": 76,
          "sco": 49,
          "dco": 442,
          "txt": "and"
        },
        {
          "si": 3,
          "sti": 9,
          "dti": 77,
          "sco": 53,
          "dco": 446,
          "txt": "conservation"
        },
        {
          "si": 3,
          "sti": 10,
          "dti": 78,
          "sco": 65,
          "dco": 458,
          "txt": ","
        },
        {
          "si": 3,
          "sti": 11,
          "dti": 79,
          "sco": 67,
          "dco": 460,
          "txt": "with"
        },
        {
          "si": 3,
          "sti": 12,
          "dti": 80,
          "sco": 72,
          "dco": 465,
          "txt": "much"
        },
        {
          "si": 3,
          "sti": 13,
          "dti": 81,
          "sco": 77,
          "dco": 470,
          "txt": "of"
        },
        {
          "si": 3,
          "sti": 14,
          "dti": 82,
          "sco": 80,
          "dco": 473,
          "txt": "the"
        },
        {
          "si": 3,
          "sti": 15,
          "dti": 83,
          "sco": 84,
          "dco": 477,
          "txt": "impounded"
        },
        {
          "si": 3,
          "sti": 16,
          "dti": 84,
          "sco": 94,
          "dco": 487,
          "txt": "headwaters"
        },
        {
          "si": 3,
          "sti": 17,
          "dti": 85,
          "sco": 105,
          "dco": 498,
          "txt": "diverted"
        },
        {
          "si": 3,
          "sti": 18,
          "dti": 86,
          "sco": 114,
          "dco": 507,
          "txt": "to"
        },
        {
          "si": 3,
          "sti": 19,
          "dti": 87,
          "sco": 117,
          "dco": 510,
          "txt": "Lake"
        },
        {
          "si": 3,
          "sti": 20,
          "dti": 88,
          "sco": 122,
          "dco": 515,
          "txt": "Eucumbene"
        },
        {
          "si": 3,
          "sti": 21,
          "dti": 89,
          "sco": 131,
          "dco": 524,
          "txt": "."
        },
        {
          "si": 4,
          "sti": 0,
          "dti": 90,
          "sco": 0,
          "dco": 526,
          "txt": "The"
        },
        {
          "si": 4,
          "sti": 1,
          "dti": 91,
          "sco": 4,
          "dco": 530,
          "txt": "impounded"
        },
        {
          "si": 4,
          "sti": 2,
          "dti": 92,
          "sco": 14,
          "dco": 540,
          "txt": "reservoir"
        },
        {
          "si": 4,
          "sti": 3,
          "dti": 93,
          "sco": 24,
          "dco": 550,
          "txt": "is"
        },
        {
          "si": 4,
          "sti": 4,
          "dti": 94,
          "sco": 27,
          "dco": 553,
          "txt": "called"
        },
        {
          "si": 4,
          "sti": 5,
          "dti": 95,
          "sco": 34,
          "dco": 560,
          "txt": "Tantangara"
        },
        {
          "si": 4,
          "sti": 6,
          "dti": 96,
          "sco": 45,
          "dco": 571,
          "txt": "Reservoir"
        },
        {
          "si": 4,
          "sti": 7,
          "dti": 97,
          "sco": 54,
          "dco": 580,
          "txt": "."
        },
        {
          "si": 5,
          "sti": 0,
          "dti": 98,
          "sco": 0,
          "dco": 582,
          "txt": "Location"
        },
        {
          "si": 5,
          "sti": 1,
          "dti": 99,
          "sco": 9,
          "dco": 591,
          "txt": "and"
        },
        {
          "si": 5,
          "sti": 2,
          "dti": 100,
          "sco": 13,
          "dco": 595,
          "txt": "features"
        },
        {
          "si": 5,
          "sti": 3,
          "dti": 101,
          "sco": 21,
          "dco": 603,
          "txt": "."
        },
        {
          "si": 6,
          "sti": 0,
          "dti": 102,
          "sco": 0,
          "dco": 605,
          "txt": "Commenced"
        },
        {
          "si": 6,
          "sti": 1,
          "dti": 103,
          "sco": 10,
          "dco": 615,
          "txt": "in"
        },
        {
          "si": 6,
          "sti": 2,
          "dti": 104,
          "sco": 13,
          "dco": 618,
          "txt": "1958"
        },
        {
          "si": 6,
          "sti": 3,
          "dti": 105,
          "sco": 18,
          "dco": 623,
          "txt": "and"
        },
        {
          "si": 6,
          "sti": 4,
          "dti": 106,
          "sco": 22,
          "dco": 627,
          "txt": "completed"
        },
        {
          "si": 6,
          "sti": 5,
          "dti": 107,
          "sco": 32,
          "dco": 637,
          "txt": "in"
        },
        {
          "si": 6,
          "sti": 6,
          "dti": 108,
          "sco": 35,
          "dco": 640,
          "txt": "1960"
        },
        {
          "si": 6,
          "sti": 7,
          "dti": 109,
          "sco": 39,
          "dco": 644,
          "txt": ","
        },
        {
          "si": 6,
          "sti": 8,
          "dti": 110,
          "sco": 41,
          "dco": 646,
          "txt": "the"
        },
        {
          "si": 6,
          "sti": 9,
          "dti": 111,
          "sco": 45,
          "dco": 650,
          "txt": "Tantangara"
        },
        {
          "si": 6,
          "sti": 10,
          "dti": 112,
          "sco": 56,
          "dco": 661,
          "txt": "Dam"
        },
        {
          "si": 6,
          "sti": 11,
          "dti": 113,
          "sco": 60,
          "dco": 665,
          "txt": "is"
        },
        {
          "si": 6,
          "sti": 12,
          "dti": 114,
          "sco": 63,
          "dco": 668,
          "txt": "located"
        },
        {
          "si": 6,
          "sti": 13,
          "dti": 115,
          "sco": 71,
          "dco": 676,
          "txt": "on"
        },
        {
          "si": 6,
          "sti": 14,
          "dti": 116,
          "sco": 74,
          "dco": 679,
          "txt": "the"
        },
        {
          "si": 6,
          "sti": 15,
          "dti": 117,
          "sco": 78,
          "dco": 683,
          "txt": "Murrumbidgee"
        },
        {
          "si": 6,
          "sti": 16,
          "dti": 118,
          "sco": 91,
          "dco": 696,
          "txt": "River"
        },
        {
          "si": 6,
          "sti": 17,
          "dti": 119,
          "sco": 96,
          "dco": 701,
          "txt": ","
        },
        {
          "si": 6,
          "sti": 18,
          "dti": 120,
          "sco": 98,
          "dco": 703,
          "txt": "approximately"
        },
        {
          "si": 6,
          "sti": 19,
          "dti": 121,
          "sco": 112,
          "dco": 717,
          "txt": "downstream"
        },
        {
          "si": 6,
          "sti": 20,
          "dti": 122,
          "sco": 123,
          "dco": 728,
          "txt": "of"
        },
        {
          "si": 6,
          "sti": 21,
          "dti": 123,
          "sco": 126,
          "dco": 731,
          "txt": "its"
        },
        {
          "si": 6,
          "sti": 22,
          "dti": 124,
          "sco": 130,
          "dco": 735,
          "txt": "confluence"
        },
        {
          "si": 6,
          "sti": 23,
          "dti": 125,
          "sco": 141,
          "dco": 746,
          "txt": "with"
        },
        {
          "si": 6,
          "sti": 24,
          "dti": 126,
          "sco": 146,
          "dco": 751,
          "txt": "Gurrangorambla"
        },
        {
          "si": 6,
          "sti": 25,
          "dti": 127,
          "sco": 161,
          "dco": 766,
          "txt": "Creek"
        },
        {
          "si": 6,
          "sti": 26,
          "dti": 128,
          "sco": 167,
          "dco": 772,
          "txt": "and"
        },
        {
          "si": 6,
          "sti": 27,
          "dti": 129,
          "sco": 171,
          "dco": 776,
          "txt": "is"
        },
        {
          "si": 6,
          "sti": 28,
          "dti": 130,
          "sco": 174,
          "dco": 779,
          "txt": "wholly"
        },
        {
          "si": 6,
          "sti": 29,
          "dti": 131,
          "sco": 181,
          "dco": 786,
          "txt": "within"
        },
        {
          "si": 6,
          "sti": 30,
          "dti": 132,
          "sco": 188,
          "dco": 793,
          "txt": "the"
        },
        {
          "si": 6,
          "sti": 31,
          "dti": 133,
          "sco": 192,
          "dco": 797,
          "txt": "Kosciuszko"
        },
        {
          "si": 6,
          "sti": 32,
          "dti": 134,
          "sco": 203,
          "dco": 808,
          "txt": "National"
        },
        {
          "si": 6,
          "sti": 33,
          "dti": 135,
          "sco": 212,
          "dco": 817,
          "txt": "Park"
        },
        {
          "si": 6,
          "sti": 34,
          "dti": 136,
          "sco": 216,
          "dco": 821,
          "txt": "."
        },
        {
          "si": 7,
          "sti": 0,
          "dti": 137,
          "sco": 0,
          "dco": 823,
          "txt": "Her"
        },
        {
          "si": 7,
          "sti": 1,
          "dti": 138,
          "sco": 4,
          "dco": 827,
          "txt": "Royal"
        },
        {
          "si": 7,
          "sti": 2,
          "dti": 139,
          "sco": 10,
          "dco": 833,
          "txt": "Highness"
        },
        {
          "si": 7,
          "sti": 3,
          "dti": 140,
          "sco": 19,
          "dco": 842,
          "txt": "Princess"
        },
        {
          "si": 7,
          "sti": 4,
          "dti": 141,
          "sco": 28,
          "dco": 851,
          "txt": "Alexandra"
        },
        {
          "si": 7,
          "sti": 5,
          "dti": 142,
          "sco": 38,
          "dco": 861,
          "txt": "of"
        },
        {
          "si": 7,
          "sti": 6,
          "dti": 143,
          "sco": 41,
          "dco": 864,
          "txt": "Kent"
        },
        {
          "si": 7,
          "sti": 7,
          "dti": 144,
          "sco": 46,
          "dco": 869,
          "txt": "visited"
        },
        {
          "si": 7,
          "sti": 8,
          "dti": 145,
          "sco": 54,
          "dco": 877,
          "txt": "the"
        },
        {
          "si": 7,
          "sti": 9,
          "dti": 146,
          "sco": 58,
          "dco": 881,
          "txt": "dam"
        },
        {
          "si": 7,
          "sti": 10,
          "dti": 147,
          "sco": 62,
          "dco": 885,
          "txt": "in"
        },
        {
          "si": 7,
          "sti": 11,
          "dti": 148,
          "sco": 65,
          "dco": 888,
          "txt": "1959"
        },
        {
          "si": 7,
          "sti": 12,
          "dti": 149,
          "sco": 69,
          "dco": 892,
          "txt": ","
        },
        {
          "si": 7,
          "sti": 13,
          "dti": 150,
          "sco": 71,
          "dco": 894,
          "txt": "during"
        },
        {
          "si": 7,
          "sti": 14,
          "dti": 151,
          "sco": 78,
          "dco": 901,
          "txt": "its"
        },
        {
          "si": 7,
          "sti": 15,
          "dti": 152,
          "sco": 82,
          "dco": 905,
          "txt": "construction"
        },
        {
          "si": 7,
          "sti": 16,
          "dti": 153,
          "sco": 94,
          "dco": 917,
          "txt": "."
        },
        {
          "si": 8,
          "sti": 0,
          "dti": 154,
          "sco": 0,
          "dco": 919,
          "txt": "The"
        },
        {
          "si": 8,
          "sti": 1,
          "dti": 155,
          "sco": 4,
          "dco": 923,
          "txt": "dam"
        },
        {
          "si": 8,
          "sti": 2,
          "dti": 156,
          "sco": 8,
          "dco": 927,
          "txt": "was"
        },
        {
          "si": 8,
          "sti": 3,
          "dti": 157,
          "sco": 12,
          "dco": 931,
          "txt": "constructed"
        },
        {
          "si": 8,
          "sti": 4,
          "dti": 158,
          "sco": 24,
          "dco": 943,
          "txt": "by"
        },
        {
          "si": 8,
          "sti": 5,
          "dti": 159,
          "sco": 27,
          "dco": 946,
          "txt": "Utah"
        },
        {
          "si": 8,
          "sti": 6,
          "dti": 160,
          "sco": 31,
          "dco": 950,
          "txt": "-"
        },
        {
          "si": 8,
          "sti": 7,
          "dti": 161,
          "sco": 32,
          "dco": 951,
          "txt": "Brown"
        },
        {
          "si": 8,
          "sti": 8,
          "dti": 162,
          "sco": 38,
          "dco": 957,
          "txt": "&"
        },
        {
          "si": 8,
          "sti": 9,
          "dti": 163,
          "sco": 40,
          "dco": 959,
          "txt": "Root"
        },
        {
          "si": 8,
          "sti": 10,
          "dti": 164,
          "sco": 45,
          "dco": 964,
          "txt": "Sudamericana"
        },
        {
          "si": 8,
          "sti": 11,
          "dti": 165,
          "sco": 58,
          "dco": 977,
          "txt": "on"
        },
        {
          "si": 8,
          "sti": 12,
          "dti": 166,
          "sco": 61,
          "dco": 980,
          "txt": "behalf"
        },
        {
          "si": 8,
          "sti": 13,
          "dti": 167,
          "sco": 68,
          "dco": 987,
          "txt": "of"
        },
        {
          "si": 8,
          "sti": 14,
          "dti": 168,
          "sco": 71,
          "dco": 990,
          "txt": "the"
        },
        {
          "si": 8,
          "sti": 15,
          "dti": 169,
          "sco": 75,
          "dco": 994,
          "txt": "Snowy"
        },
        {
          "si": 8,
          "sti": 16,
          "dti": 170,
          "sco": 81,
          "dco": 1000,
          "txt": "Mountains"
        },
        {
          "si": 8,
          "sti": 17,
          "dti": 171,
          "sco": 91,
          "dco": 1010,
          "txt": "Hydro"
        },
        {
          "si": 8,
          "sti": 18,
          "dti": 172,
          "sco": 96,
          "dco": 1015,
          "txt": "-"
        },
        {
          "si": 8,
          "sti": 19,
          "dti": 173,
          "sco": 97,
          "dco": 1016,
          "txt": "Electric"
        },
        {
          "si": 8,
          "sti": 20,
          "dti": 174,
          "sco": 106,
          "dco": 1025,
          "txt": "Authority"
        },
        {
          "si": 8,
          "sti": 21,
          "dti": 175,
          "sco": 115,
          "dco": 1034,
          "txt": ","
        },
        {
          "si": 8,
          "sti": 22,
          "dti": 176,
          "sco": 117,
          "dco": 1036,
          "txt": "and"
        },
        {
          "si": 8,
          "sti": 23,
          "dti": 177,
          "sco": 121,
          "dco": 1040,
          "txt": "is"
        },
        {
          "si": 8,
          "sti": 24,
          "dti": 178,
          "sco": 124,
          "dco": 1043,
          "txt": "now"
        },
        {
          "si": 8,
          "sti": 25,
          "dti": 179,
          "sco": 128,
          "dco": 1047,
          "txt": "managed"
        },
        {
          "si": 8,
          "sti": 26,
          "dti": 180,
          "sco": 136,
          "dco": 1055,
          "txt": "by"
        },
        {
          "si": 8,
          "sti": 27,
          "dti": 181,
          "sco": 139,
          "dco": 1058,
          "txt": "Snowy"
        },
        {
          "si": 8,
          "sti": 28,
          "dti": 182,
          "sco": 145,
          "dco": 1064,
          "txt": "Hydro"
        },
        {
          "si": 8,
          "sti": 29,
          "dti": 183,
          "sco": 151,
          "dco": 1070,
          "txt": "Limited"
        },
        {
          "si": 8,
          "sti": 30,
          "dti": 184,
          "sco": 158,
          "dco": 1077,
          "txt": "."
        },
        {
          "si": 9,
          "sti": 0,
          "dti": 185,
          "sco": 0,
          "dco": 1079,
          "txt": "The"
        },
        {
          "si": 9,
          "sti": 1,
          "dti": 186,
          "sco": 4,
          "dco": 1083,
          "txt": "concrete"
        },
        {
          "si": 9,
          "sti": 2,
          "dti": 187,
          "sco": 13,
          "dco": 1092,
          "txt": "gravity"
        },
        {
          "si": 9,
          "sti": 3,
          "dti": 188,
          "sco": 21,
          "dco": 1100,
          "txt": "dam"
        },
        {
          "si": 9,
          "sti": 4,
          "dti": 189,
          "sco": 25,
          "dco": 1104,
          "txt": "of"
        },
        {
          "si": 9,
          "sti": 5,
          "dti": 190,
          "sco": 28,
          "dco": 1107,
          "txt": "is"
        },
        {
          "si": 9,
          "sti": 6,
          "dti": 191,
          "sco": 31,
          "dco": 1110,
          "txt": "high"
        },
        {
          "si": 9,
          "sti": 7,
          "dti": 192,
          "sco": 36,
          "dco": 1115,
          "txt": "with"
        },
        {
          "si": 9,
          "sti": 8,
          "dti": 193,
          "sco": 41,
          "dco": 1120,
          "txt": "a"
        },
        {
          "si": 9,
          "sti": 9,
          "dti": 194,
          "sco": 43,
          "dco": 1122,
          "txt": "crest"
        },
        {
          "si": 9,
          "sti": 10,
          "dti": 195,
          "sco": 49,
          "dco": 1128,
          "txt": "length"
        },
        {
          "si": 9,
          "sti": 11,
          "dti": 196,
          "sco": 56,
          "dco": 1135,
          "txt": "of"
        },
        {
          "si": 9,
          "sti": 12,
          "dti": 197,
          "sco": 58,
          "dco": 1137,
          "txt": "."
        },
        {
          "si": 10,
          "sti": 0,
          "dti": 198,
          "sco": 0,
          "dco": 1139,
          "txt": "At"
        },
        {
          "si": 10,
          "sti": 1,
          "dti": 199,
          "sco": 3,
          "dco": 1142,
          "txt": "100"
        },
        {
          "si": 10,
          "sti": 2,
          "dti": 200,
          "sco": 6,
          "dco": 1145,
          "txt": "%"
        },
        {
          "si": 10,
          "sti": 3,
          "dti": 201,
          "sco": 8,
          "dco": 1147,
          "txt": "capacity"
        },
        {
          "si": 10,
          "sti": 4,
          "dti": 202,
          "sco": 16,
          "dco": 1155,
          "txt": ","
        },
        {
          "si": 10,
          "sti": 5,
          "dti": 203,
          "sco": 18,
          "dco": 1157,
          "txt": "the"
        },
        {
          "si": 10,
          "sti": 6,
          "dti": 204,
          "sco": 22,
          "dco": 1161,
          "txt": "dam"
        },
        {
          "si": 10,
          "sti": 7,
          "dti": 205,
          "sco": 26,
          "dco": 1165,
          "txt": "wall"
        },
        {
          "si": 10,
          "sti": 8,
          "dti": 206,
          "sco": 31,
          "dco": 1170,
          "txt": "holds"
        },
        {
          "si": 10,
          "sti": 9,
          "dti": 207,
          "sco": 37,
          "dco": 1176,
          "txt": "back"
        },
        {
          "si": 10,
          "sti": 10,
          "dti": 208,
          "sco": 42,
          "dco": 1181,
          "txt": "of"
        },
        {
          "si": 10,
          "sti": 11,
          "dti": 209,
          "sco": 45,
          "dco": 1184,
          "txt": "water"
        },
        {
          "si": 10,
          "sti": 12,
          "dti": 210,
          "sco": 50,
          "dco": 1189,
          "txt": "."
        },
        {
          "si": 11,
          "sti": 0,
          "dti": 211,
          "sco": 0,
          "dco": 1191,
          "txt": "The"
        },
        {
          "si": 11,
          "sti": 1,
          "dti": 212,
          "sco": 4,
          "dco": 1195,
          "txt": "surface"
        },
        {
          "si": 11,
          "sti": 2,
          "dti": 213,
          "sco": 12,
          "dco": 1203,
          "txt": "area"
        },
        {
          "si": 11,
          "sti": 3,
          "dti": 214,
          "sco": 17,
          "dco": 1208,
          "txt": "of"
        },
        {
          "si": 11,
          "sti": 4,
          "dti": 215,
          "sco": 20,
          "dco": 1211,
          "txt": "Tantangara"
        },
        {
          "si": 11,
          "sti": 5,
          "dti": 216,
          "sco": 31,
          "dco": 1222,
          "txt": "Reservoir"
        },
        {
          "si": 11,
          "sti": 6,
          "dti": 217,
          "sco": 41,
          "dco": 1232,
          "txt": "is"
        },
        {
          "si": 11,
          "sti": 7,
          "dti": 218,
          "sco": 44,
          "dco": 1235,
          "txt": "and"
        },
        {
          "si": 11,
          "sti": 8,
          "dti": 219,
          "sco": 48,
          "dco": 1239,
          "txt": "the"
        },
        {
          "si": 11,
          "sti": 9,
          "dti": 220,
          "sco": 52,
          "dco": 1243,
          "txt": "catchment"
        },
        {
          "si": 11,
          "sti": 10,
          "dti": 221,
          "sco": 62,
          "dco": 1253,
          "txt": "area"
        },
        {
          "si": 11,
          "sti": 11,
          "dti": 222,
          "sco": 67,
          "dco": 1258,
          "txt": "is"
        },
        {
          "si": 11,
          "sti": 12,
          "dti": 223,
          "sco": 69,
          "dco": 1260,
          "txt": "."
        },
        {
          "si": 12,
          "sti": 0,
          "dti": 224,
          "sco": 0,
          "dco": 1262,
          "txt": "The"
        },
        {
          "si": 12,
          "sti": 1,
          "dti": 225,
          "sco": 4,
          "dco": 1266,
          "txt": "spillway"
        },
        {
          "si": 12,
          "sti": 2,
          "dti": 226,
          "sco": 13,
          "dco": 1275,
          "txt": "across"
        },
        {
          "si": 12,
          "sti": 3,
          "dti": 227,
          "sco": 20,
          "dco": 1282,
          "txt": "the"
        },
        {
          "si": 12,
          "sti": 4,
          "dti": 228,
          "sco": 24,
          "dco": 1286,
          "txt": "Murrumbidgee"
        },
        {
          "si": 12,
          "sti": 5,
          "dti": 229,
          "sco": 37,
          "dco": 1299,
          "txt": "River"
        },
        {
          "si": 12,
          "sti": 6,
          "dti": 230,
          "sco": 43,
          "dco": 1305,
          "txt": "is"
        },
        {
          "si": 12,
          "sti": 7,
          "dti": 231,
          "sco": 46,
          "dco": 1308,
          "txt": "capable"
        },
        {
          "si": 12,
          "sti": 8,
          "dti": 232,
          "sco": 54,
          "dco": 1316,
          "txt": "of"
        },
        {
          "si": 12,
          "sti": 9,
          "dti": 233,
          "sco": 57,
          "dco": 1319,
          "txt": "discharging"
        },
        {
          "si": 12,
          "sti": 10,
          "dti": 234,
          "sco": 68,
          "dco": 1330,
          "txt": "."
        },
        {
          "si": 13,
          "sti": 0,
          "dti": 235,
          "sco": 0,
          "dco": 1332,
          "txt": "Diverted"
        },
        {
          "si": 13,
          "sti": 1,
          "dti": 236,
          "sco": 9,
          "dco": 1341,
          "txt": "water"
        },
        {
          "si": 13,
          "sti": 2,
          "dti": 237,
          "sco": 15,
          "dco": 1347,
          "txt": "flows"
        },
        {
          "si": 13,
          "sti": 3,
          "dti": 238,
          "sco": 21,
          "dco": 1353,
          "txt": "from"
        },
        {
          "si": 13,
          "sti": 4,
          "dti": 239,
          "sco": 26,
          "dco": 1358,
          "txt": "Tantangara"
        },
        {
          "si": 13,
          "sti": 5,
          "dti": 240,
          "sco": 37,
          "dco": 1369,
          "txt": "Reservoir"
        },
        {
          "si": 13,
          "sti": 6,
          "dti": 241,
          "sco": 47,
          "dco": 1379,
          "txt": "are"
        },
        {
          "si": 13,
          "sti": 7,
          "dti": 242,
          "sco": 51,
          "dco": 1383,
          "txt": "also"
        },
        {
          "si": 13,
          "sti": 8,
          "dti": 243,
          "sco": 56,
          "dco": 1388,
          "txt": "pumped"
        },
        {
          "si": 13,
          "sti": 9,
          "dti": 244,
          "sco": 63,
          "dco": 1395,
          "txt": "to"
        },
        {
          "si": 13,
          "sti": 10,
          "dti": 245,
          "sco": 66,
          "dco": 1398,
          "txt": "Lake"
        },
        {
          "si": 13,
          "sti": 11,
          "dti": 246,
          "sco": 71,
          "dco": 1403,
          "txt": "Eucumbene"
        },
        {
          "si": 13,
          "sti": 12,
          "dti": 247,
          "sco": 81,
          "dco": 1413,
          "txt": "via"
        },
        {
          "si": 13,
          "sti": 13,
          "dti": 248,
          "sco": 85,
          "dco": 1417,
          "txt": "the"
        },
        {
          "si": 13,
          "sti": 14,
          "dti": 249,
          "sco": 89,
          "dco": 1421,
          "txt": "Murrumbidgee"
        },
        {
          "si": 13,
          "sti": 15,
          "dti": 250,
          "sco": 102,
          "dco": 1434,
          "txt": "Eucumbene"
        },
        {
          "si": 13,
          "sti": 16,
          "dti": 251,
          "sco": 112,
          "dco": 1444,
          "txt": "Haupt"
        },
        {
          "si": 13,
          "sti": 17,
          "dti": 252,
          "sco": 117,
          "dco": 1449,
          "txt": "-"
        },
        {
          "si": 13,
          "sti": 18,
          "dti": 253,
          "sco": 118,
          "dco": 1450,
          "txt": "tunnel"
        },
        {
          "si": 13,
          "sti": 19,
          "dti": 254,
          "sco": 124,
          "dco": 1456,
          "txt": ";"
        },
        {
          "si": 13,
          "sti": 20,
          "dti": 255,
          "sco": 126,
          "dco": 1458,
          "txt": "comprising"
        },
        {
          "si": 13,
          "sti": 21,
          "dti": 256,
          "sco": 137,
          "dco": 1469,
          "txt": "two"
        },
        {
          "si": 13,
          "sti": 22,
          "dti": 257,
          "sco": 141,
          "dco": 1473,
          "txt": "by"
        },
        {
          "si": 13,
          "sti": 23,
          "dti": 258,
          "sco": 144,
          "dco": 1476,
          "txt": "high"
        },
        {
          "si": 13,
          "sti": 24,
          "dti": 259,
          "sco": 149,
          "dco": 1481,
          "txt": "shafts"
        },
        {
          "si": 13,
          "sti": 25,
          "dti": 260,
          "sco": 155,
          "dco": 1487,
          "txt": ","
        },
        {
          "si": 13,
          "sti": 26,
          "dti": 261,
          "sco": 157,
          "dco": 1489,
          "txt": "from"
        },
        {
          "si": 13,
          "sti": 27,
          "dti": 262,
          "sco": 162,
          "dco": 1494,
          "txt": "the"
        },
        {
          "si": 13,
          "sti": 28,
          "dti": 263,
          "sco": 166,
          "dco": 1498,
          "txt": "outlet"
        },
        {
          "si": 13,
          "sti": 29,
          "dti": 264,
          "sco": 173,
          "dco": 1505,
          "txt": "works"
        },
        {
          "si": 13,
          "sti": 30,
          "dti": 265,
          "sco": 179,
          "dco": 1511,
          "txt": "tower"
        },
        {
          "si": 13,
          "sti": 31,
          "dti": 266,
          "sco": 185,
          "dco": 1517,
          "txt": "and"
        },
        {
          "si": 13,
          "sti": 32,
          "dti": 267,
          "sco": 189,
          "dco": 1521,
          "txt": "tapering"
        },
        {
          "si": 13,
          "sti": 33,
          "dti": 268,
          "sco": 198,
          "dco": 1530,
          "txt": "to"
        },
        {
          "si": 13,
          "sti": 34,
          "dti": 269,
          "sco": 201,
          "dco": 1533,
          "txt": "diameter"
        },
        {
          "si": 13,
          "sti": 35,
          "dti": 270,
          "sco": 210,
          "dco": 1542,
          "txt": "before"
        },
        {
          "si": 13,
          "sti": 36,
          "dti": 271,
          "sco": 217,
          "dco": 1549,
          "txt": "passing"
        },
        {
          "si": 13,
          "sti": 37,
          "dti": 272,
          "sco": 225,
          "dco": 1557,
          "txt": "through"
        },
        {
          "si": 13,
          "sti": 38,
          "dti": 273,
          "sco": 233,
          "dco": 1565,
          "txt": "a"
        },
        {
          "si": 13,
          "sti": 39,
          "dti": 274,
          "sco": 235,
          "dco": 1567,
          "txt": "diameter"
        },
        {
          "si": 13,
          "sti": 40,
          "dti": 275,
          "sco": 244,
          "dco": 1576,
          "txt": "nozzle"
        },
        {
          "si": 13,
          "sti": 41,
          "dti": 276,
          "sco": 251,
          "dco": 1583,
          "txt": "to"
        },
        {
          "si": 13,
          "sti": 42,
          "dti": 277,
          "sco": 254,
          "dco": 1586,
          "txt": "river"
        },
        {
          "si": 13,
          "sti": 43,
          "dti": 278,
          "sco": 260,
          "dco": 1592,
          "txt": "diversion"
        },
        {
          "si": 13,
          "sti": 44,
          "dti": 279,
          "sco": 270,
          "dco": 1602,
          "txt": "tunnel"
        },
        {
          "si": 13,
          "sti": 45,
          "dti": 280,
          "sco": 276,
          "dco": 1608,
          "txt": ","
        },
        {
          "si": 13,
          "sti": 46,
          "dti": 281,
          "sco": 278,
          "dco": 1610,
          "txt": "with"
        },
        {
          "si": 13,
          "sti": 47,
          "dti": 282,
          "sco": 283,
          "dco": 1615,
          "txt": "a"
        },
        {
          "si": 13,
          "sti": 48,
          "dti": 283,
          "sco": 285,
          "dco": 1617,
          "txt": "capacity"
        },
        {
          "si": 13,
          "sti": 49,
          "dti": 284,
          "sco": 294,
          "dco": 1626,
          "txt": "of"
        },
        {
          "si": 13,
          "sti": 50,
          "dti": 285,
          "sco": 297,
          "dco": 1629,
          "txt": "Water"
        },
        {
          "si": 13,
          "sti": 51,
          "dti": 286,
          "sco": 303,
          "dco": 1635,
          "txt": "flows"
        },
        {
          "si": 13,
          "sti": 52,
          "dti": 287,
          "sco": 308,
          "dco": 1640,
          "txt": "."
        },
        {
          "si": 14,
          "sti": 0,
          "dti": 288,
          "sco": 0,
          "dco": 1642,
          "txt": "In"
        },
        {
          "si": 14,
          "sti": 1,
          "dti": 289,
          "sco": 3,
          "dco": 1645,
          "txt": "2005"
        },
        {
          "si": 14,
          "sti": 2,
          "dti": 290,
          "sco": 7,
          "dco": 1649,
          "txt": ","
        },
        {
          "si": 14,
          "sti": 3,
          "dti": 291,
          "sco": 9,
          "dco": 1651,
          "txt": "the"
        },
        {
          "si": 14,
          "sti": 4,
          "dti": 292,
          "sco": 13,
          "dco": 1655,
          "txt": "Australian"
        },
        {
          "si": 14,
          "sti": 5,
          "dti": 293,
          "sco": 24,
          "dco": 1666,
          "txt": "Capital"
        },
        {
          "si": 14,
          "sti": 6,
          "dti": 294,
          "sco": 32,
          "dco": 1674,
          "txt": "Territory"
        },
        {
          "si": 14,
          "sti": 7,
          "dti": 295,
          "sco": 42,
          "dco": 1684,
          "txt": "Government"
        },
        {
          "si": 14,
          "sti": 8,
          "dti": 296,
          "sco": 53,
          "dco": 1695,
          "txt": "explored"
        },
        {
          "si": 14,
          "sti": 9,
          "dti": 297,
          "sco": 62,
          "dco": 1704,
          "txt": "the"
        },
        {
          "si": 14,
          "sti": 10,
          "dti": 298,
          "sco": 66,
          "dco": 1708,
          "txt": "options"
        },
        {
          "si": 14,
          "sti": 11,
          "dti": 299,
          "sco": 74,
          "dco": 1716,
          "txt": "of"
        },
        {
          "si": 14,
          "sti": 12,
          "dti": 300,
          "sco": 77,
          "dco": 1719,
          "txt": "augmenting"
        },
        {
          "si": 14,
          "sti": 13,
          "dti": 301,
          "sco": 88,
          "dco": 1730,
          "txt": "water"
        },
        {
          "si": 14,
          "sti": 14,
          "dti": 302,
          "sco": 94,
          "dco": 1736,
          "txt": "supply"
        },
        {
          "si": 14,
          "sti": 15,
          "dti": 303,
          "sco": 101,
          "dco": 1743,
          "txt": "for"
        },
        {
          "si": 14,
          "sti": 16,
          "dti": 304,
          "sco": 105,
          "dco": 1747,
          "txt": "Canberra"
        },
        {
          "si": 14,
          "sti": 17,
          "dti": 305,
          "sco": 114,
          "dco": 1756,
          "txt": "by"
        },
        {
          "si": 14,
          "sti": 18,
          "dti": 306,
          "sco": 117,
          "dco": 1759,
          "txt": "developing"
        },
        {
          "si": 14,
          "sti": 19,
          "dti": 307,
          "sco": 128,
          "dco": 1770,
          "txt": "a"
        },
        {
          "si": 14,
          "sti": 20,
          "dti": 308,
          "sco": 130,
          "dco": 1772,
          "txt": "long"
        },
        {
          "si": 14,
          "sti": 21,
          "dti": 309,
          "sco": 135,
          "dco": 1777,
          "txt": "tunnel"
        },
        {
          "si": 14,
          "sti": 22,
          "dti": 310,
          "sco": 142,
          "dco": 1784,
          "txt": "alternative"
        },
        {
          "si": 14,
          "sti": 23,
          "dti": 311,
          "sco": 154,
          "dco": 1796,
          "txt": "including"
        },
        {
          "si": 14,
          "sti": 24,
          "dti": 312,
          "sco": 164,
          "dco": 1806,
          "txt": "weir"
        },
        {
          "si": 14,
          "sti": 25,
          "dti": 313,
          "sco": 168,
          "dco": 1810,
          "txt": ","
        },
        {
          "si": 14,
          "sti": 26,
          "dti": 314,
          "sco": 170,
          "dco": 1812,
          "txt": "connecting"
        },
        {
          "si": 14,
          "sti": 27,
          "dti": 315,
          "sco": 181,
          "dco": 1823,
          "txt": "tunnel"
        },
        {
          "si": 14,
          "sti": 28,
          "dti": 316,
          "sco": 187,
          "dco": 1829,
          "txt": ","
        },
        {
          "si": 14,
          "sti": 29,
          "dti": 317,
          "sco": 189,
          "dco": 1831,
          "txt": "outflow"
        },
        {
          "si": 14,
          "sti": 30,
          "dti": 318,
          "sco": 197,
          "dco": 1839,
          "txt": "pipes"
        },
        {
          "si": 14,
          "sti": 31,
          "dti": 319,
          "sco": 202,
          "dco": 1844,
          "txt": ","
        },
        {
          "si": 14,
          "sti": 32,
          "dti": 320,
          "sco": 204,
          "dco": 1846,
          "txt": "and"
        },
        {
          "si": 14,
          "sti": 33,
          "dti": 321,
          "sco": 208,
          "dco": 1850,
          "txt": "hydro"
        },
        {
          "si": 14,
          "sti": 34,
          "dti": 322,
          "sco": 213,
          "dco": 1855,
          "txt": "-"
        },
        {
          "si": 14,
          "sti": 35,
          "dti": 323,
          "sco": 214,
          "dco": 1856,
          "txt": "power"
        },
        {
          "si": 14,
          "sti": 36,
          "dti": 324,
          "sco": 220,
          "dco": 1862,
          "txt": "plant"
        },
        {
          "si": 14,
          "sti": 37,
          "dti": 325,
          "sco": 226,
          "dco": 1868,
          "txt": "construction"
        },
        {
          "si": 14,
          "sti": 38,
          "dti": 326,
          "sco": 239,
          "dco": 1881,
          "txt": "to"
        },
        {
          "si": 14,
          "sti": 39,
          "dti": 327,
          "sco": 242,
          "dco": 1884,
          "txt": "link"
        },
        {
          "si": 14,
          "sti": 40,
          "dti": 328,
          "sco": 247,
          "dco": 1889,
          "txt": "the"
        },
        {
          "si": 14,
          "sti": 41,
          "dti": 329,
          "sco": 251,
          "dco": 1893,
          "txt": "Murrumbidgee"
        },
        {
          "si": 14,
          "sti": 42,
          "dti": 330,
          "sco": 264,
          "dco": 1906,
          "txt": "with"
        },
        {
          "si": 14,
          "sti": 43,
          "dti": 331,
          "sco": 269,
          "dco": 1911,
          "txt": "Corin"
        },
        {
          "si": 14,
          "sti": 44,
          "dti": 332,
          "sco": 275,
          "dco": 1917,
          "txt": "Reservoir"
        },
        {
          "si": 14,
          "sti": 45,
          "dti": 333,
          "sco": 284,
          "dco": 1926,
          "txt": ";"
        },
        {
          "si": 14,
          "sti": 46,
          "dti": 334,
          "sco": 286,
          "dco": 1928,
          "txt": "and"
        },
        {
          "si": 14,
          "sti": 47,
          "dti": 335,
          "sco": 289,
          "dco": 1931,
          "txt": "/"
        },
        {
          "si": 14,
          "sti": 48,
          "dti": 336,
          "sco": 290,
          "dco": 1932,
          "txt": "or"
        },
        {
          "si": 14,
          "sti": 49,
          "dti": 337,
          "sco": 293,
          "dco": 1935,
          "txt": "a"
        },
        {
          "si": 14,
          "sti": 50,
          "dti": 338,
          "sco": 295,
          "dco": 1937,
          "txt": "Murrumbidgee"
        },
        {
          "si": 14,
          "sti": 51,
          "dti": 339,
          "sco": 308,
          "dco": 1950,
          "txt": "River"
        },
        {
          "si": 14,
          "sti": 52,
          "dti": 340,
          "sco": 314,
          "dco": 1956,
          "txt": "flow"
        },
        {
          "si": 14,
          "sti": 53,
          "dti": 341,
          "sco": 319,
          "dco": 1961,
          "txt": "alternative"
        },
        {
          "si": 14,
          "sti": 54,
          "dti": 342,
          "sco": 331,
          "dco": 1973,
          "txt": "including"
        },
        {
          "si": 14,
          "sti": 55,
          "dti": 343,
          "sco": 341,
          "dco": 1983,
          "txt": "weir"
        },
        {
          "si": 14,
          "sti": 56,
          "dti": 344,
          "sco": 345,
          "dco": 1987,
          "txt": ","
        },
        {
          "si": 14,
          "sti": 57,
          "dti": 345,
          "sco": 347,
          "dco": 1989,
          "txt": "pumping"
        },
        {
          "si": 14,
          "sti": 58,
          "dti": 346,
          "sco": 355,
          "dco": 1997,
          "txt": "station"
        },
        {
          "si": 14,
          "sti": 59,
          "dti": 347,
          "sco": 363,
          "dco": 2005,
          "txt": "and"
        },
        {
          "si": 14,
          "sti": 60,
          "dti": 348,
          "sco": 367,
          "dco": 2009,
          "txt": "pipeline"
        },
        {
          "si": 14,
          "sti": 61,
          "dti": 349,
          "sco": 376,
          "dco": 2018,
          "txt": "construction"
        },
        {
          "si": 14,
          "sti": 62,
          "dti": 350,
          "sco": 389,
          "dco": 2031,
          "txt": "to"
        },
        {
          "si": 14,
          "sti": 63,
          "dti": 351,
          "sco": 392,
          "dco": 2034,
          "txt": "link"
        },
        {
          "si": 14,
          "sti": 64,
          "dti": 352,
          "sco": 397,
          "dco": 2039,
          "txt": "the"
        },
        {
          "si": 14,
          "sti": 65,
          "dti": 353,
          "sco": 401,
          "dco": 2043,
          "txt": "Murrumbidgee"
        },
        {
          "si": 14,
          "sti": 66,
          "dti": 354,
          "sco": 414,
          "dco": 2056,
          "txt": "with"
        },
        {
          "si": 14,
          "sti": 67,
          "dti": 355,
          "sco": 419,
          "dco": 2061,
          "txt": "Googong"
        },
        {
          "si": 14,
          "sti": 68,
          "dti": 356,
          "sco": 427,
          "dco": 2069,
          "txt": "Reservoir"
        },
        {
          "si": 14,
          "sti": 69,
          "dti": 357,
          "sco": 436,
          "dco": 2078,
          "txt": "."
        },
        {
          "si": 15,
          "sti": 0,
          "dti": 358,
          "sco": 0,
          "dco": 2080,
          "txt": "In"
        },
        {
          "si": 15,
          "sti": 1,
          "dti": 359,
          "sco": 3,
          "dco": 2083,
          "txt": "2009"
        },
        {
          "si": 15,
          "sti": 2,
          "dti": 360,
          "sco": 7,
          "dco": 2087,
          "txt": ","
        },
        {
          "si": 15,
          "sti": 3,
          "dti": 361,
          "sco": 9,
          "dco": 2089,
          "txt": "the"
        },
        {
          "si": 15,
          "sti": 4,
          "dti": 362,
          "sco": 13,
          "dco": 2093,
          "txt": "ACT"
        },
        {
          "si": 15,
          "sti": 5,
          "dti": 363,
          "sco": 17,
          "dco": 2097,
          "txt": "Government"
        },
        {
          "si": 15,
          "sti": 6,
          "dti": 364,
          "sco": 28,
          "dco": 2108,
          "txt": "endorsed"
        },
        {
          "si": 15,
          "sti": 7,
          "dti": 365,
          "sco": 37,
          "dco": 2117,
          "txt": "a"
        },
        {
          "si": 15,
          "sti": 8,
          "dti": 366,
          "sco": 39,
          "dco": 2119,
          "txt": "recommendation"
        },
        {
          "si": 15,
          "sti": 9,
          "dti": 367,
          "sco": 54,
          "dco": 2134,
          "txt": "from"
        },
        {
          "si": 15,
          "sti": 10,
          "dti": 368,
          "sco": 59,
          "dco": 2139,
          "txt": "ACTEW"
        },
        {
          "si": 15,
          "sti": 11,
          "dti": 369,
          "sco": 65,
          "dco": 2145,
          "txt": "for"
        },
        {
          "si": 15,
          "sti": 12,
          "dti": 370,
          "sco": 69,
          "dco": 2149,
          "txt": "implementation"
        },
        {
          "si": 15,
          "sti": 13,
          "dti": 371,
          "sco": 84,
          "dco": 2164,
          "txt": "of"
        },
        {
          "si": 15,
          "sti": 14,
          "dti": 372,
          "sco": 87,
          "dco": 2167,
          "txt": "the"
        },
        {
          "si": 15,
          "sti": 15,
          "dti": 373,
          "sco": 91,
          "dco": 2171,
          "txt": "Tantangara"
        },
        {
          "si": 15,
          "sti": 16,
          "dti": 374,
          "sco": 102,
          "dco": 2182,
          "txt": "Transfer"
        },
        {
          "si": 15,
          "sti": 17,
          "dti": 375,
          "sco": 111,
          "dco": 2191,
          "txt": "Project"
        },
        {
          "si": 15,
          "sti": 18,
          "dti": 376,
          "sco": 118,
          "dco": 2198,
          "txt": ","
        },
        {
          "si": 15,
          "sti": 19,
          "dti": 377,
          "sco": 120,
          "dco": 2200,
          "txt": "that"
        },
        {
          "si": 15,
          "sti": 20,
          "dti": 378,
          "sco": 125,
          "dco": 2205,
          "txt": "involves"
        },
        {
          "si": 15,
          "sti": 21,
          "dti": 379,
          "sco": 134,
          "dco": 2214,
          "txt": "transferring"
        },
        {
          "si": 15,
          "sti": 22,
          "dti": 380,
          "sco": 147,
          "dco": 2227,
          "txt": "water"
        },
        {
          "si": 15,
          "sti": 23,
          "dti": 381,
          "sco": 153,
          "dco": 2233,
          "txt": "from"
        },
        {
          "si": 15,
          "sti": 24,
          "dti": 382,
          "sco": 158,
          "dco": 2238,
          "txt": "the"
        },
        {
          "si": 15,
          "sti": 25,
          "dti": 383,
          "sco": 162,
          "dco": 2242,
          "txt": "Murrumbidgee"
        },
        {
          "si": 15,
          "sti": 26,
          "dti": 384,
          "sco": 175,
          "dco": 2255,
          "txt": "River"
        },
        {
          "si": 15,
          "sti": 27,
          "dti": 385,
          "sco": 181,
          "dco": 2261,
          "txt": "("
        },
        {
          "si": 15,
          "sti": 28,
          "dti": 386,
          "sco": 182,
          "dco": 2262,
          "txt": "below"
        },
        {
          "si": 15,
          "sti": 29,
          "dti": 387,
          "sco": 188,
          "dco": 2268,
          "txt": "the"
        },
        {
          "si": 15,
          "sti": 30,
          "dti": 388,
          "sco": 192,
          "dco": 2272,
          "txt": "Burrinjuck"
        },
        {
          "si": 15,
          "sti": 31,
          "dti": 389,
          "sco": 203,
          "dco": 2283,
          "txt": "and"
        },
        {
          "si": 15,
          "sti": 32,
          "dti": 390,
          "sco": 207,
          "dco": 2287,
          "txt": "Blowering"
        },
        {
          "si": 15,
          "sti": 33,
          "dti": 391,
          "sco": 217,
          "dco": 2297,
          "txt": "dams"
        },
        {
          "si": 15,
          "sti": 34,
          "dti": 392,
          "sco": 221,
          "dco": 2301,
          "txt": ")"
        },
        {
          "si": 15,
          "sti": 35,
          "dti": 393,
          "sco": 223,
          "dco": 2303,
          "txt": "in"
        },
        {
          "si": 15,
          "sti": 36,
          "dti": 394,
          "sco": 226,
          "dco": 2306,
          "txt": "New"
        },
        {
          "si": 15,
          "sti": 37,
          "dti": 395,
          "sco": 230,
          "dco": 2310,
          "txt": "South"
        },
        {
          "si": 15,
          "sti": 38,
          "dti": 396,
          "sco": 236,
          "dco": 2316,
          "txt": "Wales"
        },
        {
          "si": 15,
          "sti": 39,
          "dti": 397,
          "sco": 242,
          "dco": 2322,
          "txt": "to"
        },
        {
          "si": 15,
          "sti": 40,
          "dti": 398,
          "sco": 245,
          "dco": 2325,
          "txt": "the"
        },
        {
          "si": 15,
          "sti": 41,
          "dti": 399,
          "sco": 249,
          "dco": 2329,
          "txt": "ACT"
        },
        {
          "si": 15,
          "sti": 42,
          "dti": 400,
          "sco": 253,
          "dco": 2333,
          "txt": "via"
        },
        {
          "si": 15,
          "sti": 43,
          "dti": 401,
          "sco": 257,
          "dco": 2337,
          "txt": "the"
        },
        {
          "si": 15,
          "sti": 44,
          "dti": 402,
          "sco": 261,
          "dco": 2341,
          "txt": "Snowy"
        },
        {
          "si": 15,
          "sti": 45,
          "dti": 403,
          "sco": 267,
          "dco": 2347,
          "txt": "Mountains"
        },
        {
          "si": 15,
          "sti": 46,
          "dti": 404,
          "sco": 277,
          "dco": 2357,
          "txt": "Scheme"
        },
        {
          "si": 15,
          "sti": 47,
          "dti": 405,
          "sco": 283,
          "dco": 2363,
          "txt": "."
        },
        {
          "si": 16,
          "sti": 0,
          "dti": 406,
          "sco": 0,
          "dco": 2365,
          "txt": "A"
        },
        {
          "si": 16,
          "sti": 1,
          "dti": 407,
          "sco": 2,
          "dco": 2367,
          "txt": "2011"
        },
        {
          "si": 16,
          "sti": 2,
          "dti": 408,
          "sco": 7,
          "dco": 2372,
          "txt": "report"
        },
        {
          "si": 16,
          "sti": 3,
          "dti": 409,
          "sco": 14,
          "dco": 2379,
          "txt": "by"
        },
        {
          "si": 16,
          "sti": 4,
          "dti": 410,
          "sco": 17,
          "dco": 2382,
          "txt": "the"
        },
        {
          "si": 16,
          "sti": 5,
          "dti": 411,
          "sco": 21,
          "dco": 2386,
          "txt": "Snowy"
        },
        {
          "si": 16,
          "sti": 6,
          "dti": 412,
          "sco": 27,
          "dco": 2392,
          "txt": "Scientific"
        },
        {
          "si": 16,
          "sti": 7,
          "dti": 413,
          "sco": 38,
          "dco": 2403,
          "txt": "Committee"
        },
        {
          "si": 16,
          "sti": 8,
          "dti": 414,
          "sco": 48,
          "dco": 2413,
          "txt": "stated"
        },
        {
          "si": 16,
          "sti": 9,
          "dti": 415,
          "sco": 55,
          "dco": 2420,
          "txt": "that"
        },
        {
          "si": 16,
          "sti": 10,
          "dti": 416,
          "sco": 60,
          "dco": 2425,
          "txt": "the"
        },
        {
          "si": 16,
          "sti": 11,
          "dti": 417,
          "sco": 64,
          "dco": 2429,
          "txt": "Tantangara"
        },
        {
          "si": 16,
          "sti": 12,
          "dti": 418,
          "sco": 75,
          "dco": 2440,
          "txt": "Dam"
        },
        {
          "si": 16,
          "sti": 13,
          "dti": 419,
          "sco": 79,
          "dco": 2444,
          "txt": "was"
        },
        {
          "si": 16,
          "sti": 14,
          "dti": 420,
          "sco": 83,
          "dco": 2448,
          "txt": "starving"
        },
        {
          "si": 16,
          "sti": 15,
          "dti": 421,
          "sco": 92,
          "dco": 2457,
          "txt": "the"
        },
        {
          "si": 16,
          "sti": 16,
          "dti": 422,
          "sco": 96,
          "dco": 2461,
          "txt": "upper"
        },
        {
          "si": 16,
          "sti": 17,
          "dti": 423,
          "sco": 102,
          "dco": 2467,
          "txt": "Murrumbidgee"
        },
        {
          "si": 16,
          "sti": 18,
          "dti": 424,
          "sco": 115,
          "dco": 2480,
          "txt": "River"
        },
        {
          "si": 16,
          "sti": 19,
          "dti": 425,
          "sco": 121,
          "dco": 2486,
          "txt": "of"
        },
        {
          "si": 16,
          "sti": 20,
          "dti": 426,
          "sco": 124,
          "dco": 2489,
          "txt": "environmental"
        },
        {
          "si": 16,
          "sti": 21,
          "dti": 427,
          "sco": 138,
          "dco": 2503,
          "txt": "water"
        },
        {
          "si": 16,
          "sti": 22,
          "dti": 428,
          "sco": 144,
          "dco": 2509,
          "txt": "flows"
        },
        {
          "si": 16,
          "sti": 23,
          "dti": 429,
          "sco": 150,
          "dco": 2515,
          "txt": "from"
        },
        {
          "si": 16,
          "sti": 24,
          "dti": 430,
          "sco": 155,
          "dco": 2520,
          "txt": "the"
        },
        {
          "si": 16,
          "sti": 25,
          "dti": 431,
          "sco": 159,
          "dco": 2524,
          "txt": "Snowy"
        },
        {
          "si": 16,
          "sti": 26,
          "dti": 432,
          "sco": 165,
          "dco": 2530,
          "txt": "Mountains"
        },
        {
          "si": 16,
          "sti": 27,
          "dti": 433,
          "sco": 174,
          "dco": 2539,
          "txt": ";"
        },
        {
          "si": 16,
          "sti": 28,
          "dti": 434,
          "sco": 176,
          "dco": 2541,
          "txt": "needed"
        },
        {
          "si": 16,
          "sti": 29,
          "dti": 435,
          "sco": 183,
          "dco": 2548,
          "txt": "to"
        },
        {
          "si": 16,
          "sti": 30,
          "dti": 436,
          "sco": 186,
          "dco": 2551,
          "txt": "restore"
        },
        {
          "si": 16,
          "sti": 31,
          "dti": 437,
          "sco": 194,
          "dco": 2559,
          "txt": "river"
        },
        {
          "si": 16,
          "sti": 32,
          "dti": 438,
          "sco": 200,
          "dco": 2565,
          "txt": "health"
        },
        {
          "si": 16,
          "sti": 33,
          "dti": 439,
          "sco": 206,
          "dco": 2571,
          "txt": "."
        },
        {
          "si": 17,
          "sti": 0,
          "dti": 440,
          "sco": 0,
          "dco": 2573,
          "txt": "The"
        },
        {
          "si": 17,
          "sti": 1,
          "dti": 441,
          "sco": 4,
          "dco": 2577,
          "txt": "committee"
        },
        {
          "si": 17,
          "sti": 2,
          "dti": 442,
          "sco": 14,
          "dco": 2587,
          "txt": "claimed"
        },
        {
          "si": 17,
          "sti": 3,
          "dti": 443,
          "sco": 22,
          "dco": 2595,
          "txt": "that"
        },
        {
          "si": 17,
          "sti": 4,
          "dti": 444,
          "sco": 27,
          "dco": 2600,
          "txt": "there"
        },
        {
          "si": 17,
          "sti": 5,
          "dti": 445,
          "sco": 33,
          "dco": 2606,
          "txt": "was"
        },
        {
          "si": 17,
          "sti": 6,
          "dti": 446,
          "sco": 37,
          "dco": 2610,
          "txt": "an"
        },
        {
          "si": 17,
          "sti": 7,
          "dti": 447,
          "sco": 40,
          "dco": 2613,
          "txt": "apparent"
        },
        {
          "si": 17,
          "sti": 8,
          "dti": 448,
          "sco": 49,
          "dco": 2622,
          "txt": "\""
        },
        {
          "si": 17,
          "sti": 9,
          "dti": 449,
          "sco": 50,
          "dco": 2623,
          "txt": "administrative"
        },
        {
          "si": 17,
          "sti": 10,
          "dti": 450,
          "sco": 65,
          "dco": 2638,
          "txt": "and"
        },
        {
          "si": 17,
          "sti": 11,
          "dti": 451,
          "sco": 69,
          "dco": 2642,
          "txt": "managerial"
        },
        {
          "si": 17,
          "sti": 12,
          "dti": 452,
          "sco": 80,
          "dco": 2653,
          "txt": "void"
        },
        {
          "si": 17,
          "sti": 13,
          "dti": 453,
          "sco": 84,
          "dco": 2657,
          "txt": "\""
        },
        {
          "si": 17,
          "sti": 14,
          "dti": 454,
          "sco": 85,
          "dco": 2658,
          "txt": ","
        },
        {
          "si": 17,
          "sti": 15,
          "dti": 455,
          "sco": 87,
          "dco": 2660,
          "txt": "with"
        },
        {
          "si": 17,
          "sti": 16,
          "dti": 456,
          "sco": 92,
          "dco": 2665,
          "txt": "no"
        },
        {
          "si": 17,
          "sti": 17,
          "dti": 457,
          "sco": 95,
          "dco": 2668,
          "txt": "river"
        },
        {
          "si": 17,
          "sti": 18,
          "dti": 458,
          "sco": 101,
          "dco": 2674,
          "txt": "management"
        },
        {
          "si": 17,
          "sti": 19,
          "dti": 459,
          "sco": 112,
          "dco": 2685,
          "txt": "strategy"
        },
        {
          "si": 17,
          "sti": 20,
          "dti": 460,
          "sco": 121,
          "dco": 2694,
          "txt": "and"
        },
        {
          "si": 17,
          "sti": 21,
          "dti": 461,
          "sco": 125,
          "dco": 2698,
          "txt": "no"
        },
        {
          "si": 17,
          "sti": 22,
          "dti": 462,
          "sco": 128,
          "dco": 2701,
          "txt": "proper"
        },
        {
          "si": 17,
          "sti": 23,
          "dti": 463,
          "sco": 135,
          "dco": 2708,
          "txt": "monitoring"
        },
        {
          "si": 17,
          "sti": 24,
          "dti": 464,
          "sco": 146,
          "dco": 2719,
          "txt": "because"
        },
        {
          "si": 17,
          "sti": 25,
          "dti": 465,
          "sco": 154,
          "dco": 2727,
          "txt": "of"
        },
        {
          "si": 17,
          "sti": 26,
          "dti": 466,
          "sco": 157,
          "dco": 2730,
          "txt": "a"
        },
        {
          "si": 17,
          "sti": 27,
          "dti": 467,
          "sco": 159,
          "dco": 2732,
          "txt": "lack"
        },
        {
          "si": 17,
          "sti": 28,
          "dti": 468,
          "sco": 164,
          "dco": 2737,
          "txt": "of"
        },
        {
          "si": 17,
          "sti": 29,
          "dti": 469,
          "sco": 167,
          "dco": 2740,
          "txt": "regulatory"
        },
        {
          "si": 17,
          "sti": 30,
          "dti": 470,
          "sco": 178,
          "dco": 2751,
          "txt": "resources"
        },
        {
          "si": 17,
          "sti": 31,
          "dti": 471,
          "sco": 187,
          "dco": 2760,
          "txt": "."
        },
        {
          "si": 18,
          "sti": 0,
          "dti": 472,
          "sco": 0,
          "dco": 2762,
          "txt": "Recreation"
        },
        {
          "si": 18,
          "sti": 1,
          "dti": 473,
          "sco": 10,
          "dco": 2772,
          "txt": "."
        },
        {
          "si": 19,
          "sti": 0,
          "dti": 474,
          "sco": 0,
          "dco": 2774,
          "txt": "Despite"
        },
        {
          "si": 19,
          "sti": 1,
          "dti": 475,
          "sco": 8,
          "dco": 2782,
          "txt": "very"
        },
        {
          "si": 19,
          "sti": 2,
          "dti": 476,
          "sco": 13,
          "dco": 2787,
          "txt": "low"
        },
        {
          "si": 19,
          "sti": 3,
          "dti": 477,
          "sco": 17,
          "dco": 2791,
          "txt": "water"
        },
        {
          "si": 19,
          "sti": 4,
          "dti": 478,
          "sco": 23,
          "dco": 2797,
          "txt": "levels"
        },
        {
          "si": 19,
          "sti": 5,
          "dti": 479,
          "sco": 30,
          "dco": 2804,
          "txt": "in"
        },
        {
          "si": 19,
          "sti": 6,
          "dti": 480,
          "sco": 33,
          "dco": 2807,
          "txt": "the"
        },
        {
          "si": 19,
          "sti": 7,
          "dti": 481,
          "sco": 37,
          "dco": 2811,
          "txt": "Tantangara"
        },
        {
          "si": 19,
          "sti": 8,
          "dti": 482,
          "sco": 48,
          "dco": 2822,
          "txt": "Dam"
        },
        {
          "si": 19,
          "sti": 9,
          "dti": 483,
          "sco": 52,
          "dco": 2826,
          "txt": "for"
        },
        {
          "si": 19,
          "sti": 10,
          "dti": 484,
          "sco": 56,
          "dco": 2830,
          "txt": "a"
        },
        {
          "si": 19,
          "sti": 11,
          "dti": 485,
          "sco": 58,
          "dco": 2832,
          "txt": "number"
        },
        {
          "si": 19,
          "sti": 12,
          "dti": 486,
          "sco": 65,
          "dco": 2839,
          "txt": "of"
        },
        {
          "si": 19,
          "sti": 13,
          "dti": 487,
          "sco": 68,
          "dco": 2842,
          "txt": "years"
        },
        {
          "si": 19,
          "sti": 14,
          "dti": 488,
          "sco": 73,
          "dco": 2847,
          "txt": ","
        },
        {
          "si": 19,
          "sti": 15,
          "dti": 489,
          "sco": 75,
          "dco": 2849,
          "txt": "there"
        },
        {
          "si": 19,
          "sti": 16,
          "dti": 490,
          "sco": 81,
          "dco": 2855,
          "txt": "are"
        },
        {
          "si": 19,
          "sti": 17,
          "dti": 491,
          "sco": 85,
          "dco": 2859,
          "txt": "good"
        },
        {
          "si": 19,
          "sti": 18,
          "dti": 492,
          "sco": 90,
          "dco": 2864,
          "txt": "populations"
        },
        {
          "si": 19,
          "sti": 19,
          "dti": 493,
          "sco": 102,
          "dco": 2876,
          "txt": "of"
        },
        {
          "si": 19,
          "sti": 20,
          "dti": 494,
          "sco": 105,
          "dco": 2879,
          "txt": "both"
        },
        {
          "si": 19,
          "sti": 21,
          "dti": 495,
          "sco": 110,
          "dco": 2884,
          "txt": "brown"
        },
        {
          "si": 19,
          "sti": 22,
          "dti": 496,
          "sco": 116,
          "dco": 2890,
          "txt": "trout"
        },
        {
          "si": 19,
          "sti": 23,
          "dti": 497,
          "sco": 122,
          "dco": 2896,
          "txt": "and"
        },
        {
          "si": 19,
          "sti": 24,
          "dti": 498,
          "sco": 126,
          "dco": 2900,
          "txt": "rainbow"
        },
        {
          "si": 19,
          "sti": 25,
          "dti": 499,
          "sco": 134,
          "dco": 2908,
          "txt": "trout"
        },
        {
          "si": 19,
          "sti": 26,
          "dti": 500,
          "sco": 140,
          "dco": 2914,
          "txt": "within"
        },
        {
          "si": 19,
          "sti": 27,
          "dti": 501,
          "sco": 147,
          "dco": 2921,
          "txt": "the"
        },
        {
          "si": 19,
          "sti": 28,
          "dti": 502,
          "sco": 151,
          "dco": 2925,
          "txt": "reservoir"
        },
        {
          "si": 19,
          "sti": 29,
          "dti": 503,
          "sco": 160,
          "dco": 2934,
          "txt": "."
        }
      ]
    },
    "ganns": {
      "dla": [],
      "la": [],
      "ea": [],
      "eta": [
        {
          "ra": {
            "ea": {
              "etn": "Tantangara_Dam"
            }
          },
          "sfs": [
            [
              {
                "stn": "status"
              },
              {}
            ]
          ],
          "mfs": [
            [
              {
                "stn": "rivers"
              },
              {
                "dla": [],
                "la": [],
                "ea": [
                  {
                    "etn": "Murrumbidgee_River"
                  }
                ],
                "eta": []
              }
            ],
            [
              {
                "stn": "locations"
              },
              {
                "dla": [],
                "la": [],
                "ea": [
                  {
                    "etn": "New_South_Wales"
                  },
                  {
                    "etn": "Snowy_Mountains"
                  }
                ],
                "eta": []
              }
            ],
            [
              {
                "stn": "openingYears"
              },
              {
                "dla": [
                  {
                    "txt": {
                      "sff": "1960"
                    },
                    "et": {
                      "etn": "Year"
                    },
                    "dp": {
                      "off": 640
                    }
                  }
                ],
                "la": [],
                "ea": [],
                "eta": []
              }
            ],
            [
              {
                "stn": "buildingStartYears"
              },
              {
                "dla": [
                  {
                    "txt": {
                      "sff": "1958"
                    },
                    "et": {
                      "etn": "Year"
                    },
                    "dp": {
                      "off": 618
                    }
                  }
                ],
                "la": [],
                "ea": [],
                "eta": []
              }
            ],
            [
              {
                "stn": "countries"
              },
              {
                "dla": [],
                "la": [],
                "ea": [
                  {
                    "etn": "Australia"
                  }
                ],
                "eta": []
              }
            ]
          ]
        }
      ]
    }
  }
]
