[
  {
    "context": "TRAIN",
    "doc": {
      "id": "TaSang_Dam",
      "tl": [
        {
          "si": 0,
          "sti": 0,
          "dti": 0,
          "sco": 0,
          "dco": 0,
          "txt": "TaSang"
        },
        {
          "si": 0,
          "sti": 1,
          "dti": 1,
          "sco": 7,
          "dco": 7,
          "txt": "Dam"
        },
        {
          "si": 0,
          "sti": 2,
          "dti": 2,
          "sco": 10,
          "dco": 10,
          "txt": "."
        },
        {
          "si": 1,
          "sti": 0,
          "dti": 3,
          "sco": 0,
          "dco": 12,
          "txt": "The"
        },
        {
          "si": 1,
          "sti": 1,
          "dti": 4,
          "sco": 4,
          "dco": 16,
          "txt": "Tasang"
        },
        {
          "si": 1,
          "sti": 2,
          "dti": 5,
          "sco": 11,
          "dco": 23,
          "txt": "Dam"
        },
        {
          "si": 1,
          "sti": 3,
          "dti": 6,
          "sco": 15,
          "dco": 27,
          "txt": "("
        },
        {
          "si": 1,
          "sti": 4,
          "dti": 7,
          "sco": 16,
          "dco": 28,
          "txt": ")"
        },
        {
          "si": 1,
          "sti": 5,
          "dti": 8,
          "sco": 18,
          "dco": 30,
          "txt": "is"
        },
        {
          "si": 1,
          "sti": 6,
          "dti": 9,
          "sco": 21,
          "dco": 33,
          "txt": "a"
        },
        {
          "si": 1,
          "sti": 7,
          "dti": 10,
          "sco": 23,
          "dco": 35,
          "txt": "planned"
        },
        {
          "si": 1,
          "sti": 8,
          "dti": 11,
          "sco": 31,
          "dco": 43,
          "txt": "multi"
        },
        {
          "si": 1,
          "sti": 9,
          "dti": 12,
          "sco": 36,
          "dco": 48,
          "txt": "-"
        },
        {
          "si": 1,
          "sti": 10,
          "dti": 13,
          "sco": 37,
          "dco": 49,
          "txt": "purpose"
        },
        {
          "si": 1,
          "sti": 11,
          "dti": 14,
          "sco": 45,
          "dco": 57,
          "txt": "dam"
        },
        {
          "si": 1,
          "sti": 12,
          "dti": 15,
          "sco": 49,
          "dco": 61,
          "txt": "on"
        },
        {
          "si": 1,
          "sti": 13,
          "dti": 16,
          "sco": 52,
          "dco": 64,
          "txt": "the"
        },
        {
          "si": 1,
          "sti": 14,
          "dti": 17,
          "sco": 56,
          "dco": 68,
          "txt": "Salween"
        },
        {
          "si": 1,
          "sti": 15,
          "dti": 18,
          "sco": 64,
          "dco": 76,
          "txt": "River"
        },
        {
          "si": 1,
          "sti": 16,
          "dti": 19,
          "sco": 70,
          "dco": 82,
          "txt": "in"
        },
        {
          "si": 1,
          "sti": 17,
          "dti": 20,
          "sco": 73,
          "dco": 85,
          "txt": "the"
        },
        {
          "si": 1,
          "sti": 18,
          "dti": 21,
          "sco": 77,
          "dco": 89,
          "txt": "Shan"
        },
        {
          "si": 1,
          "sti": 19,
          "dti": 22,
          "sco": 82,
          "dco": 94,
          "txt": "State"
        },
        {
          "si": 1,
          "sti": 20,
          "dti": 23,
          "sco": 87,
          "dco": 99,
          "txt": ","
        },
        {
          "si": 1,
          "sti": 21,
          "dti": 24,
          "sco": 89,
          "dco": 101,
          "txt": "Burma"
        },
        {
          "si": 1,
          "sti": 22,
          "dti": 25,
          "sco": 94,
          "dco": 106,
          "txt": "."
        },
        {
          "si": 2,
          "sti": 0,
          "dti": 26,
          "sco": 0,
          "dco": 108,
          "txt": "The"
        },
        {
          "si": 2,
          "sti": 1,
          "dti": 27,
          "sco": 4,
          "dco": 112,
          "txt": "TaSang"
        },
        {
          "si": 2,
          "sti": 2,
          "dti": 28,
          "sco": 11,
          "dco": 119,
          "txt": "dam"
        },
        {
          "si": 2,
          "sti": 3,
          "dti": 29,
          "sco": 14,
          "dco": 122,
          "txt": "’"
        },
        {
          "si": 2,
          "sti": 4,
          "dti": 30,
          "sco": 15,
          "dco": 123,
          "txt": "s"
        },
        {
          "si": 2,
          "sti": 5,
          "dti": 31,
          "sco": 17,
          "dco": 125,
          "txt": "location"
        },
        {
          "si": 2,
          "sti": 6,
          "dti": 32,
          "sco": 26,
          "dco": 134,
          "txt": "will"
        },
        {
          "si": 2,
          "sti": 7,
          "dti": 33,
          "sco": 31,
          "dco": 139,
          "txt": "be"
        },
        {
          "si": 2,
          "sti": 8,
          "dti": 34,
          "sco": 34,
          "dco": 142,
          "txt": "northeast"
        },
        {
          "si": 2,
          "sti": 9,
          "dti": 35,
          "sco": 44,
          "dco": 152,
          "txt": "of"
        },
        {
          "si": 2,
          "sti": 10,
          "dti": 36,
          "sco": 47,
          "dco": 155,
          "txt": "Rangoon"
        },
        {
          "si": 2,
          "sti": 11,
          "dti": 37,
          "sco": 55,
          "dco": 163,
          "txt": "and"
        },
        {
          "si": 2,
          "sti": 12,
          "dti": 38,
          "sco": 59,
          "dco": 167,
          "txt": "west"
        },
        {
          "si": 2,
          "sti": 13,
          "dti": 39,
          "sco": 64,
          "dco": 172,
          "txt": "of"
        },
        {
          "si": 2,
          "sti": 14,
          "dti": 40,
          "sco": 67,
          "dco": 175,
          "txt": "Mongtong"
        },
        {
          "si": 2,
          "sti": 15,
          "dti": 41,
          "sco": 75,
          "dco": 183,
          "txt": "."
        },
        {
          "si": 3,
          "sti": 0,
          "dti": 42,
          "sco": 0,
          "dco": 185,
          "txt": "The"
        },
        {
          "si": 3,
          "sti": 1,
          "dti": 43,
          "sco": 4,
          "dco": 189,
          "txt": "TaSang"
        },
        {
          "si": 3,
          "sti": 2,
          "dti": 44,
          "sco": 11,
          "dco": 196,
          "txt": "Dam"
        },
        {
          "si": 3,
          "sti": 3,
          "dti": 45,
          "sco": 15,
          "dco": 200,
          "txt": "will"
        },
        {
          "si": 3,
          "sti": 4,
          "dti": 46,
          "sco": 20,
          "dco": 205,
          "txt": "be"
        },
        {
          "si": 3,
          "sti": 5,
          "dti": 47,
          "sco": 23,
          "dco": 208,
          "txt": "the"
        },
        {
          "si": 3,
          "sti": 6,
          "dti": 48,
          "sco": 27,
          "dco": 212,
          "txt": "first"
        },
        {
          "si": 3,
          "sti": 7,
          "dti": 49,
          "sco": 33,
          "dco": 218,
          "txt": "dam"
        },
        {
          "si": 3,
          "sti": 8,
          "dti": 50,
          "sco": 37,
          "dco": 222,
          "txt": "on"
        },
        {
          "si": 3,
          "sti": 9,
          "dti": 51,
          "sco": 40,
          "dco": 225,
          "txt": "the"
        },
        {
          "si": 3,
          "sti": 10,
          "dti": 52,
          "sco": 44,
          "dco": 229,
          "txt": "Salween"
        },
        {
          "si": 3,
          "sti": 11,
          "dti": 53,
          "sco": 52,
          "dco": 237,
          "txt": "River"
        },
        {
          "si": 3,
          "sti": 12,
          "dti": 54,
          "sco": 58,
          "dco": 243,
          "txt": "and"
        },
        {
          "si": 3,
          "sti": 13,
          "dti": 55,
          "sco": 62,
          "dco": 247,
          "txt": "will"
        },
        {
          "si": 3,
          "sti": 14,
          "dti": 56,
          "sco": 67,
          "dco": 252,
          "txt": "be"
        },
        {
          "si": 3,
          "sti": 15,
          "dti": 57,
          "sco": 70,
          "dco": 255,
          "txt": "the"
        },
        {
          "si": 3,
          "sti": 16,
          "dti": 58,
          "sco": 74,
          "dco": 259,
          "txt": "largest"
        },
        {
          "si": 3,
          "sti": 17,
          "dti": 59,
          "sco": 82,
          "dco": 267,
          "txt": "hydroelectric"
        },
        {
          "si": 3,
          "sti": 18,
          "dti": 60,
          "sco": 96,
          "dco": 281,
          "txt": "dam"
        },
        {
          "si": 3,
          "sti": 19,
          "dti": 61,
          "sco": 100,
          "dco": 285,
          "txt": "in"
        },
        {
          "si": 3,
          "sti": 20,
          "dti": 62,
          "sco": 103,
          "dco": 288,
          "txt": "Burma"
        },
        {
          "si": 3,
          "sti": 21,
          "dti": 63,
          "sco": 109,
          "dco": 294,
          "txt": "and"
        },
        {
          "si": 3,
          "sti": 22,
          "dti": 64,
          "sco": 113,
          "dco": 298,
          "txt": "the"
        },
        {
          "si": 3,
          "sti": 23,
          "dti": 65,
          "sco": 117,
          "dco": 302,
          "txt": "tallest"
        },
        {
          "si": 3,
          "sti": 24,
          "dti": 66,
          "sco": 125,
          "dco": 310,
          "txt": "dam"
        },
        {
          "si": 3,
          "sti": 25,
          "dti": 67,
          "sco": 129,
          "dco": 314,
          "txt": "in"
        },
        {
          "si": 3,
          "sti": 26,
          "dti": 68,
          "sco": 132,
          "dco": 317,
          "txt": "Southeast"
        },
        {
          "si": 3,
          "sti": 27,
          "dti": 69,
          "sco": 142,
          "dco": 327,
          "txt": "Asia"
        },
        {
          "si": 3,
          "sti": 28,
          "dti": 70,
          "sco": 147,
          "dco": 332,
          "txt": "if"
        },
        {
          "si": 3,
          "sti": 29,
          "dti": 71,
          "sco": 150,
          "dco": 335,
          "txt": "completed"
        },
        {
          "si": 3,
          "sti": 30,
          "dti": 72,
          "sco": 159,
          "dco": 344,
          "txt": "."
        },
        {
          "si": 4,
          "sti": 0,
          "dti": 73,
          "sco": 0,
          "dco": 346,
          "txt": "The"
        },
        {
          "si": 4,
          "sti": 1,
          "dti": 74,
          "sco": 4,
          "dco": 350,
          "txt": "TaSang"
        },
        {
          "si": 4,
          "sti": 2,
          "dti": 75,
          "sco": 11,
          "dco": 357,
          "txt": "will"
        },
        {
          "si": 4,
          "sti": 3,
          "dti": 76,
          "sco": 16,
          "dco": 362,
          "txt": "cost"
        },
        {
          "si": 4,
          "sti": 4,
          "dti": 77,
          "sco": 21,
          "dco": 367,
          "txt": "more"
        },
        {
          "si": 4,
          "sti": 5,
          "dti": 78,
          "sco": 26,
          "dco": 372,
          "txt": "than"
        },
        {
          "si": 4,
          "sti": 6,
          "dti": 79,
          "sco": 31,
          "dco": 377,
          "txt": "$"
        },
        {
          "si": 4,
          "sti": 7,
          "dti": 80,
          "sco": 32,
          "dco": 378,
          "txt": "6"
        },
        {
          "si": 4,
          "sti": 8,
          "dti": 81,
          "sco": 34,
          "dco": 380,
          "txt": "billion"
        },
        {
          "si": 4,
          "sti": 9,
          "dti": 82,
          "sco": 42,
          "dco": 388,
          "txt": "USD"
        },
        {
          "si": 4,
          "sti": 10,
          "dti": 83,
          "sco": 46,
          "dco": 392,
          "txt": "and"
        },
        {
          "si": 4,
          "sti": 11,
          "dti": 84,
          "sco": 50,
          "dco": 396,
          "txt": "is"
        },
        {
          "si": 4,
          "sti": 12,
          "dti": 85,
          "sco": 53,
          "dco": 399,
          "txt": "planned"
        },
        {
          "si": 4,
          "sti": 13,
          "dti": 86,
          "sco": 61,
          "dco": 407,
          "txt": "for"
        },
        {
          "si": 4,
          "sti": 14,
          "dti": 87,
          "sco": 65,
          "dco": 411,
          "txt": "completion"
        },
        {
          "si": 4,
          "sti": 15,
          "dti": 88,
          "sco": 76,
          "dco": 422,
          "txt": "in"
        },
        {
          "si": 4,
          "sti": 16,
          "dti": 89,
          "sco": 79,
          "dco": 425,
          "txt": "2022"
        },
        {
          "si": 4,
          "sti": 17,
          "dti": 90,
          "sco": 83,
          "dco": 429,
          "txt": "."
        },
        {
          "si": 5,
          "sti": 0,
          "dti": 91,
          "sco": 0,
          "dco": 431,
          "txt": "The"
        },
        {
          "si": 5,
          "sti": 1,
          "dti": 92,
          "sco": 4,
          "dco": 435,
          "txt": "groundbreaking"
        },
        {
          "si": 5,
          "sti": 2,
          "dti": 93,
          "sco": 19,
          "dco": 450,
          "txt": "ceremony"
        },
        {
          "si": 5,
          "sti": 3,
          "dti": 94,
          "sco": 28,
          "dco": 459,
          "txt": "was"
        },
        {
          "si": 5,
          "sti": 4,
          "dti": 95,
          "sco": 32,
          "dco": 463,
          "txt": "in"
        },
        {
          "si": 5,
          "sti": 5,
          "dti": 96,
          "sco": 35,
          "dco": 466,
          "txt": "March"
        },
        {
          "si": 5,
          "sti": 6,
          "dti": 97,
          "sco": 41,
          "dco": 472,
          "txt": "2007"
        },
        {
          "si": 5,
          "sti": 7,
          "dti": 98,
          "sco": 45,
          "dco": 476,
          "txt": ","
        },
        {
          "si": 5,
          "sti": 8,
          "dti": 99,
          "sco": 47,
          "dco": 478,
          "txt": "but"
        },
        {
          "si": 5,
          "sti": 9,
          "dti": 100,
          "sco": 51,
          "dco": 482,
          "txt": "construction"
        },
        {
          "si": 5,
          "sti": 10,
          "dti": 101,
          "sco": 64,
          "dco": 495,
          "txt": "has"
        },
        {
          "si": 5,
          "sti": 11,
          "dti": 102,
          "sco": 68,
          "dco": 499,
          "txt": "been"
        },
        {
          "si": 5,
          "sti": 12,
          "dti": 103,
          "sco": 73,
          "dco": 504,
          "txt": "stalled"
        },
        {
          "si": 5,
          "sti": 13,
          "dti": 104,
          "sco": 80,
          "dco": 511,
          "txt": ","
        },
        {
          "si": 5,
          "sti": 14,
          "dti": 105,
          "sco": 82,
          "dco": 513,
          "txt": "and"
        },
        {
          "si": 5,
          "sti": 15,
          "dti": 106,
          "sco": 86,
          "dco": 517,
          "txt": "there"
        },
        {
          "si": 5,
          "sti": 16,
          "dti": 107,
          "sco": 92,
          "dco": 523,
          "txt": "has"
        },
        {
          "si": 5,
          "sti": 17,
          "dti": 108,
          "sco": 96,
          "dco": 527,
          "txt": "been"
        },
        {
          "si": 5,
          "sti": 18,
          "dti": 109,
          "sco": 101,
          "dco": 532,
          "txt": "little"
        },
        {
          "si": 5,
          "sti": 19,
          "dti": 110,
          "sco": 108,
          "dco": 539,
          "txt": "activity"
        },
        {
          "si": 5,
          "sti": 20,
          "dti": 111,
          "sco": 117,
          "dco": 548,
          "txt": "at"
        },
        {
          "si": 5,
          "sti": 21,
          "dti": 112,
          "sco": 120,
          "dco": 551,
          "txt": "the"
        },
        {
          "si": 5,
          "sti": 22,
          "dti": 113,
          "sco": 124,
          "dco": 555,
          "txt": "dam"
        },
        {
          "si": 5,
          "sti": 23,
          "dti": 114,
          "sco": 128,
          "dco": 559,
          "txt": "site"
        },
        {
          "si": 5,
          "sti": 24,
          "dti": 115,
          "sco": 133,
          "dco": 564,
          "txt": "as"
        },
        {
          "si": 5,
          "sti": 25,
          "dti": 116,
          "sco": 136,
          "dco": 567,
          "txt": "of"
        },
        {
          "si": 5,
          "sti": 26,
          "dti": 117,
          "sco": 139,
          "dco": 570,
          "txt": "2008"
        },
        {
          "si": 5,
          "sti": 27,
          "dti": 118,
          "sco": 143,
          "dco": 574,
          "txt": "."
        },
        {
          "si": 6,
          "sti": 0,
          "dti": 119,
          "sco": 0,
          "dco": 576,
          "txt": "Substantial"
        },
        {
          "si": 6,
          "sti": 1,
          "dti": 120,
          "sco": 12,
          "dco": 588,
          "txt": "domestic"
        },
        {
          "si": 6,
          "sti": 2,
          "dti": 121,
          "sco": 21,
          "dco": 597,
          "txt": "and"
        },
        {
          "si": 6,
          "sti": 3,
          "dti": 122,
          "sco": 25,
          "dco": 601,
          "txt": "international"
        },
        {
          "si": 6,
          "sti": 4,
          "dti": 123,
          "sco": 39,
          "dco": 615,
          "txt": "controversy"
        },
        {
          "si": 6,
          "sti": 5,
          "dti": 124,
          "sco": 51,
          "dco": 627,
          "txt": "surrounds"
        },
        {
          "si": 6,
          "sti": 6,
          "dti": 125,
          "sco": 61,
          "dco": 637,
          "txt": "the"
        },
        {
          "si": 6,
          "sti": 7,
          "dti": 126,
          "sco": 65,
          "dco": 641,
          "txt": "TaSang"
        },
        {
          "si": 6,
          "sti": 8,
          "dti": 127,
          "sco": 72,
          "dco": 648,
          "txt": "Dam"
        },
        {
          "si": 6,
          "sti": 9,
          "dti": 128,
          "sco": 76,
          "dco": 652,
          "txt": "project"
        },
        {
          "si": 6,
          "sti": 10,
          "dti": 129,
          "sco": 83,
          "dco": 659,
          "txt": "."
        },
        {
          "si": 7,
          "sti": 0,
          "dti": 130,
          "sco": 0,
          "dco": 661,
          "txt": "The"
        },
        {
          "si": 7,
          "sti": 1,
          "dti": 131,
          "sco": 4,
          "dco": 665,
          "txt": "TaSang"
        },
        {
          "si": 7,
          "sti": 2,
          "dti": 132,
          "sco": 11,
          "dco": 672,
          "txt": "dam"
        },
        {
          "si": 7,
          "sti": 3,
          "dti": 133,
          "sco": 15,
          "dco": 676,
          "txt": "is"
        },
        {
          "si": 7,
          "sti": 4,
          "dti": 134,
          "sco": 18,
          "dco": 679,
          "txt": "one"
        },
        {
          "si": 7,
          "sti": 5,
          "dti": 135,
          "sco": 22,
          "dco": 683,
          "txt": "of"
        },
        {
          "si": 7,
          "sti": 6,
          "dti": 136,
          "sco": 25,
          "dco": 686,
          "txt": "five"
        },
        {
          "si": 7,
          "sti": 7,
          "dti": 137,
          "sco": 30,
          "dco": 691,
          "txt": "dams"
        },
        {
          "si": 7,
          "sti": 8,
          "dti": 138,
          "sco": 35,
          "dco": 696,
          "txt": "the"
        },
        {
          "si": 7,
          "sti": 9,
          "dti": 139,
          "sco": 39,
          "dco": 700,
          "txt": "Burmese"
        },
        {
          "si": 7,
          "sti": 10,
          "dti": 140,
          "sco": 47,
          "dco": 708,
          "txt": "Government"
        },
        {
          "si": 7,
          "sti": 11,
          "dti": 141,
          "sco": 58,
          "dco": 719,
          "txt": "plans"
        },
        {
          "si": 7,
          "sti": 12,
          "dti": 142,
          "sco": 64,
          "dco": 725,
          "txt": "to"
        },
        {
          "si": 7,
          "sti": 13,
          "dti": 143,
          "sco": 67,
          "dco": 728,
          "txt": "build"
        },
        {
          "si": 7,
          "sti": 14,
          "dti": 144,
          "sco": 73,
          "dco": 734,
          "txt": "on"
        },
        {
          "si": 7,
          "sti": 15,
          "dti": 145,
          "sco": 76,
          "dco": 737,
          "txt": "the"
        },
        {
          "si": 7,
          "sti": 16,
          "dti": 146,
          "sco": 80,
          "dco": 741,
          "txt": "Salween"
        },
        {
          "si": 7,
          "sti": 17,
          "dti": 147,
          "sco": 88,
          "dco": 749,
          "txt": "River"
        },
        {
          "si": 7,
          "sti": 18,
          "dti": 148,
          "sco": 93,
          "dco": 754,
          "txt": "."
        },
        {
          "si": 8,
          "sti": 0,
          "dti": 149,
          "sco": 0,
          "dco": 756,
          "txt": "Background"
        },
        {
          "si": 8,
          "sti": 1,
          "dti": 150,
          "sco": 10,
          "dco": 766,
          "txt": "."
        },
        {
          "si": 9,
          "sti": 0,
          "dti": 151,
          "sco": 0,
          "dco": 768,
          "txt": "Since"
        },
        {
          "si": 9,
          "sti": 1,
          "dti": 152,
          "sco": 6,
          "dco": 774,
          "txt": "the"
        },
        {
          "si": 9,
          "sti": 2,
          "dti": 153,
          "sco": 10,
          "dco": 778,
          "txt": "late"
        },
        {
          "si": 9,
          "sti": 3,
          "dti": 154,
          "sco": 15,
          "dco": 783,
          "txt": "1990"
        },
        {
          "si": 9,
          "sti": 4,
          "dti": 155,
          "sco": 19,
          "dco": 787,
          "txt": "s"
        },
        {
          "si": 9,
          "sti": 5,
          "dti": 156,
          "sco": 20,
          "dco": 788,
          "txt": ","
        },
        {
          "si": 9,
          "sti": 6,
          "dti": 157,
          "sco": 22,
          "dco": 790,
          "txt": "the"
        },
        {
          "si": 9,
          "sti": 7,
          "dti": 158,
          "sco": 26,
          "dco": 794,
          "txt": "Burmese"
        },
        {
          "si": 9,
          "sti": 8,
          "dti": 159,
          "sco": 34,
          "dco": 802,
          "txt": "Government"
        },
        {
          "si": 9,
          "sti": 9,
          "dti": 160,
          "sco": 45,
          "dco": 813,
          "txt": "proposed"
        },
        {
          "si": 9,
          "sti": 10,
          "dti": 161,
          "sco": 54,
          "dco": 822,
          "txt": "to"
        },
        {
          "si": 9,
          "sti": 11,
          "dti": 162,
          "sco": 57,
          "dco": 825,
          "txt": "build"
        },
        {
          "si": 9,
          "sti": 12,
          "dti": 163,
          "sco": 63,
          "dco": 831,
          "txt": "the"
        },
        {
          "si": 9,
          "sti": 13,
          "dti": 164,
          "sco": 67,
          "dco": 835,
          "txt": "TaSang"
        },
        {
          "si": 9,
          "sti": 14,
          "dti": 165,
          "sco": 74,
          "dco": 842,
          "txt": "dam"
        },
        {
          "si": 9,
          "sti": 15,
          "dti": 166,
          "sco": 78,
          "dco": 846,
          "txt": "but"
        },
        {
          "si": 9,
          "sti": 16,
          "dti": 167,
          "sco": 82,
          "dco": 850,
          "txt": "was"
        },
        {
          "si": 9,
          "sti": 17,
          "dti": 168,
          "sco": 86,
          "dco": 854,
          "txt": "unable"
        },
        {
          "si": 9,
          "sti": 18,
          "dti": 169,
          "sco": 93,
          "dco": 861,
          "txt": "to"
        },
        {
          "si": 9,
          "sti": 19,
          "dti": 170,
          "sco": 96,
          "dco": 864,
          "txt": "implement"
        },
        {
          "si": 9,
          "sti": 20,
          "dti": 171,
          "sco": 106,
          "dco": 874,
          "txt": "the"
        },
        {
          "si": 9,
          "sti": 21,
          "dti": 172,
          "sco": 110,
          "dco": 878,
          "txt": "construction"
        },
        {
          "si": 9,
          "sti": 22,
          "dti": 173,
          "sco": 123,
          "dco": 891,
          "txt": "plan"
        },
        {
          "si": 9,
          "sti": 23,
          "dti": 174,
          "sco": 128,
          "dco": 896,
          "txt": "until"
        },
        {
          "si": 9,
          "sti": 24,
          "dti": 175,
          "sco": 134,
          "dco": 902,
          "txt": "this"
        },
        {
          "si": 9,
          "sti": 25,
          "dti": 176,
          "sco": 139,
          "dco": 907,
          "txt": "decade"
        },
        {
          "si": 9,
          "sti": 26,
          "dti": 177,
          "sco": 146,
          "dco": 914,
          "txt": "because"
        },
        {
          "si": 9,
          "sti": 27,
          "dti": 178,
          "sco": 154,
          "dco": 922,
          "txt": "of"
        },
        {
          "si": 9,
          "sti": 28,
          "dti": 179,
          "sco": 157,
          "dco": 925,
          "txt": "civil"
        },
        {
          "si": 9,
          "sti": 29,
          "dti": 180,
          "sco": 163,
          "dco": 931,
          "txt": "unrest"
        },
        {
          "si": 9,
          "sti": 30,
          "dti": 181,
          "sco": 169,
          "dco": 937,
          "txt": "."
        },
        {
          "si": 10,
          "sti": 0,
          "dti": 182,
          "sco": 0,
          "dco": 939,
          "txt": "Nippon"
        },
        {
          "si": 10,
          "sti": 1,
          "dti": 183,
          "sco": 7,
          "dco": 946,
          "txt": "Koei"
        },
        {
          "si": 10,
          "sti": 2,
          "dti": 184,
          "sco": 11,
          "dco": 950,
          "txt": ","
        },
        {
          "si": 10,
          "sti": 3,
          "dti": 185,
          "sco": 13,
          "dco": 952,
          "txt": "a"
        },
        {
          "si": 10,
          "sti": 4,
          "dti": 186,
          "sco": 15,
          "dco": 954,
          "txt": "Japanese"
        },
        {
          "si": 10,
          "sti": 5,
          "dti": 187,
          "sco": 24,
          "dco": 963,
          "txt": "company"
        },
        {
          "si": 10,
          "sti": 6,
          "dti": 188,
          "sco": 32,
          "dco": 971,
          "txt": "conducted"
        },
        {
          "si": 10,
          "sti": 7,
          "dti": 189,
          "sco": 42,
          "dco": 981,
          "txt": "studies"
        },
        {
          "si": 10,
          "sti": 8,
          "dti": 190,
          "sco": 50,
          "dco": 989,
          "txt": "for"
        },
        {
          "si": 10,
          "sti": 9,
          "dti": 191,
          "sco": 54,
          "dco": 993,
          "txt": "the"
        },
        {
          "si": 10,
          "sti": 10,
          "dti": 192,
          "sco": 58,
          "dco": 997,
          "txt": "dam"
        },
        {
          "si": 10,
          "sti": 11,
          "dti": 193,
          "sco": 62,
          "dco": 1001,
          "txt": "in"
        },
        {
          "si": 10,
          "sti": 12,
          "dti": 194,
          "sco": 65,
          "dco": 1004,
          "txt": "1981"
        },
        {
          "si": 10,
          "sti": 13,
          "dti": 195,
          "sco": 70,
          "dco": 1009,
          "txt": "and"
        },
        {
          "si": 10,
          "sti": 14,
          "dti": 196,
          "sco": 74,
          "dco": 1013,
          "txt": "subsequent"
        },
        {
          "si": 10,
          "sti": 15,
          "dti": 197,
          "sco": 85,
          "dco": 1024,
          "txt": "studies"
        },
        {
          "si": 10,
          "sti": 16,
          "dti": 198,
          "sco": 93,
          "dco": 1032,
          "txt": "were"
        },
        {
          "si": 10,
          "sti": 17,
          "dti": 199,
          "sco": 98,
          "dco": 1037,
          "txt": "done"
        },
        {
          "si": 10,
          "sti": 18,
          "dti": 200,
          "sco": 103,
          "dco": 1042,
          "txt": "in"
        },
        {
          "si": 10,
          "sti": 19,
          "dti": 201,
          "sco": 106,
          "dco": 1045,
          "txt": "2002"
        },
        {
          "si": 10,
          "sti": 20,
          "dti": 202,
          "sco": 110,
          "dco": 1049,
          "txt": "."
        },
        {
          "si": 11,
          "sti": 0,
          "dti": 203,
          "sco": 0,
          "dco": 1051,
          "txt": "Thailand"
        },
        {
          "si": 11,
          "sti": 1,
          "dti": 204,
          "sco": 8,
          "dco": 1059,
          "txt": "’"
        },
        {
          "si": 11,
          "sti": 2,
          "dti": 205,
          "sco": 9,
          "dco": 1060,
          "txt": "s"
        },
        {
          "si": 11,
          "sti": 3,
          "dti": 206,
          "sco": 11,
          "dco": 1062,
          "txt": "MDX"
        },
        {
          "si": 11,
          "sti": 4,
          "dti": 207,
          "sco": 15,
          "dco": 1066,
          "txt": "Group"
        },
        {
          "si": 11,
          "sti": 5,
          "dti": 208,
          "sco": 21,
          "dco": 1072,
          "txt": "agreed"
        },
        {
          "si": 11,
          "sti": 6,
          "dti": 209,
          "sco": 28,
          "dco": 1079,
          "txt": "in"
        },
        {
          "si": 11,
          "sti": 7,
          "dti": 210,
          "sco": 31,
          "dco": 1082,
          "txt": "2002"
        },
        {
          "si": 11,
          "sti": 8,
          "dti": 211,
          "sco": 36,
          "dco": 1087,
          "txt": "to"
        },
        {
          "si": 11,
          "sti": 9,
          "dti": 212,
          "sco": 39,
          "dco": 1090,
          "txt": "develop"
        },
        {
          "si": 11,
          "sti": 10,
          "dti": 213,
          "sco": 47,
          "dco": 1098,
          "txt": "the"
        },
        {
          "si": 11,
          "sti": 11,
          "dti": 214,
          "sco": 51,
          "dco": 1102,
          "txt": "project"
        },
        {
          "si": 11,
          "sti": 12,
          "dti": 215,
          "sco": 58,
          "dco": 1109,
          "txt": "."
        },
        {
          "si": 12,
          "sti": 0,
          "dti": 216,
          "sco": 0,
          "dco": 1111,
          "txt": "Thailand"
        },
        {
          "si": 12,
          "sti": 1,
          "dti": 217,
          "sco": 9,
          "dco": 1120,
          "txt": "is"
        },
        {
          "si": 12,
          "sti": 2,
          "dti": 218,
          "sco": 12,
          "dco": 1123,
          "txt": "the"
        },
        {
          "si": 12,
          "sti": 3,
          "dti": 219,
          "sco": 16,
          "dco": 1127,
          "txt": "main"
        },
        {
          "si": 12,
          "sti": 4,
          "dti": 220,
          "sco": 21,
          "dco": 1132,
          "txt": "investor"
        },
        {
          "si": 12,
          "sti": 5,
          "dti": 221,
          "sco": 30,
          "dco": 1141,
          "txt": "in"
        },
        {
          "si": 12,
          "sti": 6,
          "dti": 222,
          "sco": 33,
          "dco": 1144,
          "txt": "the"
        },
        {
          "si": 12,
          "sti": 7,
          "dti": 223,
          "sco": 37,
          "dco": 1148,
          "txt": "dam"
        },
        {
          "si": 12,
          "sti": 8,
          "dti": 224,
          "sco": 41,
          "dco": 1152,
          "txt": "project"
        },
        {
          "si": 12,
          "sti": 9,
          "dti": 225,
          "sco": 49,
          "dco": 1160,
          "txt": "and"
        },
        {
          "si": 12,
          "sti": 10,
          "dti": 226,
          "sco": 53,
          "dco": 1164,
          "txt": "the"
        },
        {
          "si": 12,
          "sti": 11,
          "dti": 227,
          "sco": 57,
          "dco": 1168,
          "txt": "trade"
        },
        {
          "si": 12,
          "sti": 12,
          "dti": 228,
          "sco": 63,
          "dco": 1174,
          "txt": "of"
        },
        {
          "si": 12,
          "sti": 13,
          "dti": 229,
          "sco": 66,
          "dco": 1177,
          "txt": "the"
        },
        {
          "si": 12,
          "sti": 14,
          "dti": 230,
          "sco": 70,
          "dco": 1181,
          "txt": "TaSang"
        },
        {
          "si": 12,
          "sti": 15,
          "dti": 231,
          "sco": 76,
          "dco": 1187,
          "txt": "’"
        },
        {
          "si": 12,
          "sti": 16,
          "dti": 232,
          "sco": 77,
          "dco": 1188,
          "txt": "s"
        },
        {
          "si": 12,
          "sti": 17,
          "dti": 233,
          "sco": 79,
          "dco": 1190,
          "txt": "electricity"
        },
        {
          "si": 12,
          "sti": 18,
          "dti": 234,
          "sco": 91,
          "dco": 1202,
          "txt": "is"
        },
        {
          "si": 12,
          "sti": 19,
          "dti": 235,
          "sco": 94,
          "dco": 1205,
          "txt": "expected"
        },
        {
          "si": 12,
          "sti": 20,
          "dti": 236,
          "sco": 103,
          "dco": 1214,
          "txt": "to"
        },
        {
          "si": 12,
          "sti": 21,
          "dti": 237,
          "sco": 106,
          "dco": 1217,
          "txt": "help"
        },
        {
          "si": 12,
          "sti": 22,
          "dti": 238,
          "sco": 111,
          "dco": 1222,
          "txt": "relations"
        },
        {
          "si": 12,
          "sti": 23,
          "dti": 239,
          "sco": 121,
          "dco": 1232,
          "txt": "between"
        },
        {
          "si": 12,
          "sti": 24,
          "dti": 240,
          "sco": 129,
          "dco": 1240,
          "txt": "Thailand"
        },
        {
          "si": 12,
          "sti": 25,
          "dti": 241,
          "sco": 138,
          "dco": 1249,
          "txt": "and"
        },
        {
          "si": 12,
          "sti": 26,
          "dti": 242,
          "sco": 142,
          "dco": 1253,
          "txt": "Burma"
        },
        {
          "si": 12,
          "sti": 27,
          "dti": 243,
          "sco": 147,
          "dco": 1258,
          "txt": "."
        },
        {
          "si": 12,
          "sti": 28,
          "dti": 244,
          "sco": 149,
          "dco": 1260,
          "txt": "85"
        },
        {
          "si": 12,
          "sti": 29,
          "dti": 245,
          "sco": 151,
          "dco": 1262,
          "txt": "%"
        },
        {
          "si": 12,
          "sti": 30,
          "dti": 246,
          "sco": 153,
          "dco": 1264,
          "txt": "of"
        },
        {
          "si": 12,
          "sti": 31,
          "dti": 247,
          "sco": 156,
          "dco": 1267,
          "txt": "the"
        },
        {
          "si": 12,
          "sti": 32,
          "dti": 248,
          "sco": 160,
          "dco": 1271,
          "txt": "hydro"
        },
        {
          "si": 12,
          "sti": 33,
          "dti": 249,
          "sco": 165,
          "dco": 1276,
          "txt": "-"
        },
        {
          "si": 12,
          "sti": 34,
          "dti": 250,
          "sco": 166,
          "dco": 1277,
          "txt": "electricity"
        },
        {
          "si": 12,
          "sti": 35,
          "dti": 251,
          "sco": 178,
          "dco": 1289,
          "txt": "produced"
        },
        {
          "si": 12,
          "sti": 36,
          "dti": 252,
          "sco": 187,
          "dco": 1298,
          "txt": "is"
        },
        {
          "si": 12,
          "sti": 37,
          "dti": 253,
          "sco": 190,
          "dco": 1301,
          "txt": "expected"
        },
        {
          "si": 12,
          "sti": 38,
          "dti": 254,
          "sco": 199,
          "dco": 1310,
          "txt": "to"
        },
        {
          "si": 12,
          "sti": 39,
          "dti": 255,
          "sco": 202,
          "dco": 1313,
          "txt": "be"
        },
        {
          "si": 12,
          "sti": 40,
          "dti": 256,
          "sco": 205,
          "dco": 1316,
          "txt": "transmitted"
        },
        {
          "si": 12,
          "sti": 41,
          "dti": 257,
          "sco": 217,
          "dco": 1328,
          "txt": "to"
        },
        {
          "si": 12,
          "sti": 42,
          "dti": 258,
          "sco": 220,
          "dco": 1331,
          "txt": "Thailand"
        },
        {
          "si": 12,
          "sti": 43,
          "dti": 259,
          "sco": 228,
          "dco": 1339,
          "txt": "."
        },
        {
          "si": 13,
          "sti": 0,
          "dti": 260,
          "sco": 0,
          "dco": 1341,
          "txt": "Design"
        },
        {
          "si": 13,
          "sti": 1,
          "dti": 261,
          "sco": 6,
          "dco": 1347,
          "txt": "."
        },
        {
          "si": 14,
          "sti": 0,
          "dti": 262,
          "sco": 0,
          "dco": 1349,
          "txt": "The"
        },
        {
          "si": 14,
          "sti": 1,
          "dti": 263,
          "sco": 4,
          "dco": 1353,
          "txt": "TaSang"
        },
        {
          "si": 14,
          "sti": 2,
          "dti": 264,
          "sco": 11,
          "dco": 1360,
          "txt": "concrete"
        },
        {
          "si": 14,
          "sti": 3,
          "dti": 265,
          "sco": 19,
          "dco": 1368,
          "txt": "-"
        },
        {
          "si": 14,
          "sti": 4,
          "dti": 266,
          "sco": 20,
          "dco": 1369,
          "txt": "faced"
        },
        {
          "si": 14,
          "sti": 5,
          "dti": 267,
          "sco": 26,
          "dco": 1375,
          "txt": "rockfill"
        },
        {
          "si": 14,
          "sti": 6,
          "dti": 268,
          "sco": 35,
          "dco": 1384,
          "txt": "dam"
        },
        {
          "si": 14,
          "sti": 7,
          "dti": 269,
          "sco": 39,
          "dco": 1388,
          "txt": "is"
        },
        {
          "si": 14,
          "sti": 8,
          "dti": 270,
          "sco": 42,
          "dco": 1391,
          "txt": "designed"
        },
        {
          "si": 14,
          "sti": 9,
          "dti": 271,
          "sco": 51,
          "dco": 1400,
          "txt": "to"
        },
        {
          "si": 14,
          "sti": 10,
          "dti": 272,
          "sco": 54,
          "dco": 1403,
          "txt": "be"
        },
        {
          "si": 14,
          "sti": 11,
          "dti": 273,
          "sco": 57,
          "dco": 1406,
          "txt": "228"
        },
        {
          "si": 14,
          "sti": 12,
          "dti": 274,
          "sco": 61,
          "dco": 1410,
          "txt": "meters"
        },
        {
          "si": 14,
          "sti": 13,
          "dti": 275,
          "sco": 68,
          "dco": 1417,
          "txt": "tall"
        },
        {
          "si": 14,
          "sti": 14,
          "dti": 276,
          "sco": 73,
          "dco": 1422,
          "txt": "and"
        },
        {
          "si": 14,
          "sti": 15,
          "dti": 277,
          "sco": 77,
          "dco": 1426,
          "txt": "house"
        },
        {
          "si": 14,
          "sti": 16,
          "dti": 278,
          "sco": 83,
          "dco": 1432,
          "txt": "a"
        },
        {
          "si": 14,
          "sti": 17,
          "dti": 279,
          "sco": 85,
          "dco": 1434,
          "txt": "hydro"
        },
        {
          "si": 14,
          "sti": 18,
          "dti": 280,
          "sco": 90,
          "dco": 1439,
          "txt": "-"
        },
        {
          "si": 14,
          "sti": 19,
          "dti": 281,
          "sco": 91,
          "dco": 1440,
          "txt": "power"
        },
        {
          "si": 14,
          "sti": 20,
          "dti": 282,
          "sco": 97,
          "dco": 1446,
          "txt": "station"
        },
        {
          "si": 14,
          "sti": 21,
          "dti": 283,
          "sco": 105,
          "dco": 1454,
          "txt": "with"
        },
        {
          "si": 14,
          "sti": 22,
          "dti": 284,
          "sco": 110,
          "dco": 1459,
          "txt": "a"
        },
        {
          "si": 14,
          "sti": 23,
          "dti": 285,
          "sco": 112,
          "dco": 1461,
          "txt": "7"
        },
        {
          "si": 14,
          "sti": 24,
          "dti": 286,
          "sco": 113,
          "dco": 1462,
          "txt": ","
        },
        {
          "si": 14,
          "sti": 25,
          "dti": 287,
          "sco": 114,
          "dco": 1463,
          "txt": "110"
        },
        {
          "si": 14,
          "sti": 26,
          "dti": 288,
          "sco": 118,
          "dco": 1467,
          "txt": "MW"
        },
        {
          "si": 14,
          "sti": 27,
          "dti": 289,
          "sco": 121,
          "dco": 1470,
          "txt": "capacity"
        },
        {
          "si": 14,
          "sti": 28,
          "dti": 290,
          "sco": 130,
          "dco": 1479,
          "txt": "to"
        },
        {
          "si": 14,
          "sti": 29,
          "dti": 291,
          "sco": 133,
          "dco": 1482,
          "txt": "produce"
        },
        {
          "si": 14,
          "sti": 30,
          "dti": 292,
          "sco": 141,
          "dco": 1490,
          "txt": "35"
        },
        {
          "si": 14,
          "sti": 31,
          "dti": 293,
          "sco": 143,
          "dco": 1492,
          "txt": ","
        },
        {
          "si": 14,
          "sti": 32,
          "dti": 294,
          "sco": 144,
          "dco": 1493,
          "txt": "446"
        },
        {
          "si": 14,
          "sti": 33,
          "dti": 295,
          "sco": 148,
          "dco": 1497,
          "txt": "GWh"
        },
        {
          "si": 14,
          "sti": 34,
          "dti": 296,
          "sco": 152,
          "dco": 1501,
          "txt": "annually"
        },
        {
          "si": 14,
          "sti": 35,
          "dti": 297,
          "sco": 160,
          "dco": 1509,
          "txt": "."
        },
        {
          "si": 15,
          "sti": 0,
          "dti": 298,
          "sco": 0,
          "dco": 1511,
          "txt": "TaSang"
        },
        {
          "si": 15,
          "sti": 1,
          "dti": 299,
          "sco": 6,
          "dco": 1517,
          "txt": "’"
        },
        {
          "si": 15,
          "sti": 2,
          "dti": 300,
          "sco": 7,
          "dco": 1518,
          "txt": "s"
        },
        {
          "si": 15,
          "sti": 3,
          "dti": 301,
          "sco": 9,
          "dco": 1520,
          "txt": "reservoir"
        },
        {
          "si": 15,
          "sti": 4,
          "dti": 302,
          "sco": 19,
          "dco": 1530,
          "txt": "will"
        },
        {
          "si": 15,
          "sti": 5,
          "dti": 303,
          "sco": 24,
          "dco": 1535,
          "txt": "cut"
        },
        {
          "si": 15,
          "sti": 6,
          "dti": 304,
          "sco": 28,
          "dco": 1539,
          "txt": "the"
        },
        {
          "si": 15,
          "sti": 7,
          "dti": 305,
          "sco": 32,
          "dco": 1543,
          "txt": "majority"
        },
        {
          "si": 15,
          "sti": 8,
          "dti": 306,
          "sco": 41,
          "dco": 1552,
          "txt": "of"
        },
        {
          "si": 15,
          "sti": 9,
          "dti": 307,
          "sco": 44,
          "dco": 1555,
          "txt": "Shan"
        },
        {
          "si": 15,
          "sti": 10,
          "dti": 308,
          "sco": 49,
          "dco": 1560,
          "txt": "State"
        },
        {
          "si": 15,
          "sti": 11,
          "dti": 309,
          "sco": 55,
          "dco": 1566,
          "txt": "in"
        },
        {
          "si": 15,
          "sti": 12,
          "dti": 310,
          "sco": 58,
          "dco": 1569,
          "txt": "half"
        },
        {
          "si": 15,
          "sti": 13,
          "dti": 311,
          "sco": 62,
          "dco": 1573,
          "txt": ","
        },
        {
          "si": 15,
          "sti": 14,
          "dti": 312,
          "sco": 64,
          "dco": 1575,
          "txt": "preluding"
        },
        {
          "si": 15,
          "sti": 15,
          "dti": 313,
          "sco": 74,
          "dco": 1585,
          "txt": "serious"
        },
        {
          "si": 15,
          "sti": 16,
          "dti": 314,
          "sco": 82,
          "dco": 1593,
          "txt": "social"
        },
        {
          "si": 15,
          "sti": 17,
          "dti": 315,
          "sco": 89,
          "dco": 1600,
          "txt": "and"
        },
        {
          "si": 15,
          "sti": 18,
          "dti": 316,
          "sco": 93,
          "dco": 1604,
          "txt": "environmental"
        },
        {
          "si": 15,
          "sti": 19,
          "dti": 317,
          "sco": 107,
          "dco": 1618,
          "txt": "problems"
        },
        {
          "si": 15,
          "sti": 20,
          "dti": 318,
          "sco": 115,
          "dco": 1626,
          "txt": "."
        },
        {
          "si": 16,
          "sti": 0,
          "dti": 319,
          "sco": 0,
          "dco": 1628,
          "txt": "Construction"
        },
        {
          "si": 16,
          "sti": 1,
          "dti": 320,
          "sco": 12,
          "dco": 1640,
          "txt": "."
        },
        {
          "si": 17,
          "sti": 0,
          "dti": 321,
          "sco": 0,
          "dco": 1642,
          "txt": "Construction"
        },
        {
          "si": 17,
          "sti": 1,
          "dti": 322,
          "sco": 13,
          "dco": 1655,
          "txt": "on"
        },
        {
          "si": 17,
          "sti": 2,
          "dti": 323,
          "sco": 16,
          "dco": 1658,
          "txt": "the"
        },
        {
          "si": 17,
          "sti": 3,
          "dti": 324,
          "sco": 20,
          "dco": 1662,
          "txt": "dam"
        },
        {
          "si": 17,
          "sti": 4,
          "dti": 325,
          "sco": 24,
          "dco": 1666,
          "txt": "is"
        },
        {
          "si": 17,
          "sti": 5,
          "dti": 326,
          "sco": 27,
          "dco": 1669,
          "txt": "being"
        },
        {
          "si": 17,
          "sti": 6,
          "dti": 327,
          "sco": 33,
          "dco": 1675,
          "txt": "led"
        },
        {
          "si": 17,
          "sti": 7,
          "dti": 328,
          "sco": 37,
          "dco": 1679,
          "txt": "by"
        },
        {
          "si": 17,
          "sti": 8,
          "dti": 329,
          "sco": 40,
          "dco": 1682,
          "txt": "the"
        },
        {
          "si": 17,
          "sti": 9,
          "dti": 330,
          "sco": 44,
          "dco": 1686,
          "txt": "Thai"
        },
        {
          "si": 17,
          "sti": 10,
          "dti": 331,
          "sco": 49,
          "dco": 1691,
          "txt": "MDX"
        },
        {
          "si": 17,
          "sti": 11,
          "dti": 332,
          "sco": 53,
          "dco": 1695,
          "txt": "Group"
        },
        {
          "si": 17,
          "sti": 12,
          "dti": 333,
          "sco": 59,
          "dco": 1701,
          "txt": "along"
        },
        {
          "si": 17,
          "sti": 13,
          "dti": 334,
          "sco": 65,
          "dco": 1707,
          "txt": "with"
        },
        {
          "si": 17,
          "sti": 14,
          "dti": 335,
          "sco": 70,
          "dco": 1712,
          "txt": "the"
        },
        {
          "si": 17,
          "sti": 15,
          "dti": 336,
          "sco": 74,
          "dco": 1716,
          "txt": "China"
        },
        {
          "si": 17,
          "sti": 16,
          "dti": 337,
          "sco": 80,
          "dco": 1722,
          "txt": "Gezhouba"
        },
        {
          "si": 17,
          "sti": 17,
          "dti": 338,
          "sco": 89,
          "dco": 1731,
          "txt": "Group"
        },
        {
          "si": 17,
          "sti": 18,
          "dti": 339,
          "sco": 95,
          "dco": 1737,
          "txt": "Co"
        },
        {
          "si": 17,
          "sti": 19,
          "dti": 340,
          "sco": 97,
          "dco": 1739,
          "txt": "."
        },
        {
          "si": 17,
          "sti": 20,
          "dti": 341,
          "sco": 98,
          "dco": 1740,
          "txt": ","
        },
        {
          "si": 17,
          "sti": 21,
          "dti": 342,
          "sco": 100,
          "dco": 1742,
          "txt": "Sinohydro"
        },
        {
          "si": 17,
          "sti": 22,
          "dti": 343,
          "sco": 110,
          "dco": 1752,
          "txt": "Corporation"
        },
        {
          "si": 17,
          "sti": 23,
          "dti": 344,
          "sco": 121,
          "dco": 1763,
          "txt": ","
        },
        {
          "si": 17,
          "sti": 24,
          "dti": 345,
          "sco": 123,
          "dco": 1765,
          "txt": "China"
        },
        {
          "si": 17,
          "sti": 25,
          "dti": 346,
          "sco": 129,
          "dco": 1771,
          "txt": "Southern"
        },
        {
          "si": 17,
          "sti": 26,
          "dti": 347,
          "sco": 138,
          "dco": 1780,
          "txt": "Power"
        },
        {
          "si": 17,
          "sti": 27,
          "dti": 348,
          "sco": 144,
          "dco": 1786,
          "txt": "Grid"
        },
        {
          "si": 17,
          "sti": 28,
          "dti": 349,
          "sco": 149,
          "dco": 1791,
          "txt": "Company"
        },
        {
          "si": 17,
          "sti": 29,
          "dti": 350,
          "sco": 156,
          "dco": 1798,
          "txt": ","
        },
        {
          "si": 17,
          "sti": 30,
          "dti": 351,
          "sco": 158,
          "dco": 1800,
          "txt": "China"
        },
        {
          "si": 17,
          "sti": 31,
          "dti": 352,
          "sco": 164,
          "dco": 1806,
          "txt": "Three"
        },
        {
          "si": 17,
          "sti": 32,
          "dti": 353,
          "sco": 170,
          "dco": 1812,
          "txt": "Gorges"
        },
        {
          "si": 17,
          "sti": 33,
          "dti": 354,
          "sco": 177,
          "dco": 1819,
          "txt": "Project"
        },
        {
          "si": 17,
          "sti": 34,
          "dti": 355,
          "sco": 185,
          "dco": 1827,
          "txt": "Corporation"
        },
        {
          "si": 17,
          "sti": 35,
          "dti": 356,
          "sco": 197,
          "dco": 1839,
          "txt": "and"
        },
        {
          "si": 17,
          "sti": 36,
          "dti": 357,
          "sco": 201,
          "dco": 1843,
          "txt": "the"
        },
        {
          "si": 17,
          "sti": 37,
          "dti": 358,
          "sco": 205,
          "dco": 1847,
          "txt": "British"
        },
        {
          "si": 17,
          "sti": 38,
          "dti": 359,
          "sco": 213,
          "dco": 1855,
          "txt": "Malcolm"
        },
        {
          "si": 17,
          "sti": 39,
          "dti": 360,
          "sco": 221,
          "dco": 1863,
          "txt": "Dunstan"
        },
        {
          "si": 17,
          "sti": 40,
          "dti": 361,
          "sco": 229,
          "dco": 1871,
          "txt": "&"
        },
        {
          "si": 17,
          "sti": 41,
          "dti": 362,
          "sco": 231,
          "dco": 1873,
          "txt": "Associates"
        },
        {
          "si": 17,
          "sti": 42,
          "dti": 363,
          "sco": 241,
          "dco": 1883,
          "txt": "."
        },
        {
          "si": 18,
          "sti": 0,
          "dti": 364,
          "sco": 0,
          "dco": 1885,
          "txt": "The"
        },
        {
          "si": 18,
          "sti": 1,
          "dti": 365,
          "sco": 4,
          "dco": 1889,
          "txt": "groundbreaking"
        },
        {
          "si": 18,
          "sti": 2,
          "dti": 366,
          "sco": 19,
          "dco": 1904,
          "txt": "ceremony"
        },
        {
          "si": 18,
          "sti": 3,
          "dti": 367,
          "sco": 28,
          "dco": 1913,
          "txt": "for"
        },
        {
          "si": 18,
          "sti": 4,
          "dti": 368,
          "sco": 32,
          "dco": 1917,
          "txt": "the"
        },
        {
          "si": 18,
          "sti": 5,
          "dti": 369,
          "sco": 36,
          "dco": 1921,
          "txt": "dam"
        },
        {
          "si": 18,
          "sti": 6,
          "dti": 370,
          "sco": 40,
          "dco": 1925,
          "txt": "was"
        },
        {
          "si": 18,
          "sti": 7,
          "dti": 371,
          "sco": 44,
          "dco": 1929,
          "txt": "in"
        },
        {
          "si": 18,
          "sti": 8,
          "dti": 372,
          "sco": 47,
          "dco": 1932,
          "txt": "March"
        },
        {
          "si": 18,
          "sti": 9,
          "dti": 373,
          "sco": 53,
          "dco": 1938,
          "txt": "2007"
        },
        {
          "si": 18,
          "sti": 10,
          "dti": 374,
          "sco": 57,
          "dco": 1942,
          "txt": ","
        },
        {
          "si": 18,
          "sti": 11,
          "dti": 375,
          "sco": 59,
          "dco": 1944,
          "txt": "but"
        },
        {
          "si": 18,
          "sti": 12,
          "dti": 376,
          "sco": 63,
          "dco": 1948,
          "txt": "since"
        },
        {
          "si": 18,
          "sti": 13,
          "dti": 377,
          "sco": 69,
          "dco": 1954,
          "txt": "the"
        },
        {
          "si": 18,
          "sti": 14,
          "dti": 378,
          "sco": 73,
          "dco": 1958,
          "txt": "ceremony"
        },
        {
          "si": 18,
          "sti": 15,
          "dti": 379,
          "sco": 81,
          "dco": 1966,
          "txt": ","
        },
        {
          "si": 18,
          "sti": 16,
          "dti": 380,
          "sco": 83,
          "dco": 1968,
          "txt": "actual"
        },
        {
          "si": 18,
          "sti": 17,
          "dti": 381,
          "sco": 90,
          "dco": 1975,
          "txt": "construction"
        },
        {
          "si": 18,
          "sti": 18,
          "dti": 382,
          "sco": 103,
          "dco": 1988,
          "txt": "of"
        },
        {
          "si": 18,
          "sti": 19,
          "dti": 383,
          "sco": 106,
          "dco": 1991,
          "txt": "the"
        },
        {
          "si": 18,
          "sti": 20,
          "dti": 384,
          "sco": 110,
          "dco": 1995,
          "txt": "dam"
        },
        {
          "si": 18,
          "sti": 21,
          "dti": 385,
          "sco": 114,
          "dco": 1999,
          "txt": "has"
        },
        {
          "si": 18,
          "sti": 22,
          "dti": 386,
          "sco": 118,
          "dco": 2003,
          "txt": "been"
        },
        {
          "si": 18,
          "sti": 23,
          "dti": 387,
          "sco": 123,
          "dco": 2008,
          "txt": "stalled"
        },
        {
          "si": 18,
          "sti": 24,
          "dti": 388,
          "sco": 130,
          "dco": 2015,
          "txt": ","
        },
        {
          "si": 18,
          "sti": 25,
          "dti": 389,
          "sco": 132,
          "dco": 2017,
          "txt": "and"
        },
        {
          "si": 18,
          "sti": 26,
          "dti": 390,
          "sco": 136,
          "dco": 2021,
          "txt": "there"
        },
        {
          "si": 18,
          "sti": 27,
          "dti": 391,
          "sco": 142,
          "dco": 2027,
          "txt": "has"
        },
        {
          "si": 18,
          "sti": 28,
          "dti": 392,
          "sco": 146,
          "dco": 2031,
          "txt": "been"
        },
        {
          "si": 18,
          "sti": 29,
          "dti": 393,
          "sco": 151,
          "dco": 2036,
          "txt": "little"
        },
        {
          "si": 18,
          "sti": 30,
          "dti": 394,
          "sco": 158,
          "dco": 2043,
          "txt": "activity"
        },
        {
          "si": 18,
          "sti": 31,
          "dti": 395,
          "sco": 167,
          "dco": 2052,
          "txt": "at"
        },
        {
          "si": 18,
          "sti": 32,
          "dti": 396,
          "sco": 170,
          "dco": 2055,
          "txt": "the"
        },
        {
          "si": 18,
          "sti": 33,
          "dti": 397,
          "sco": 174,
          "dco": 2059,
          "txt": "dam"
        },
        {
          "si": 18,
          "sti": 34,
          "dti": 398,
          "sco": 177,
          "dco": 2062,
          "txt": "-"
        },
        {
          "si": 18,
          "sti": 35,
          "dti": 399,
          "sco": 178,
          "dco": 2063,
          "txt": "site"
        },
        {
          "si": 18,
          "sti": 36,
          "dti": 400,
          "sco": 182,
          "dco": 2067,
          "txt": "."
        },
        {
          "si": 19,
          "sti": 0,
          "dti": 401,
          "sco": 0,
          "dco": 2069,
          "txt": "Social"
        },
        {
          "si": 19,
          "sti": 1,
          "dti": 402,
          "sco": 7,
          "dco": 2076,
          "txt": "Impact"
        },
        {
          "si": 19,
          "sti": 2,
          "dti": 403,
          "sco": 13,
          "dco": 2082,
          "txt": "."
        },
        {
          "si": 20,
          "sti": 0,
          "dti": 404,
          "sco": 0,
          "dco": 2084,
          "txt": "Since"
        },
        {
          "si": 20,
          "sti": 1,
          "dti": 405,
          "sco": 6,
          "dco": 2090,
          "txt": "1996"
        },
        {
          "si": 20,
          "sti": 2,
          "dti": 406,
          "sco": 10,
          "dco": 2094,
          "txt": ","
        },
        {
          "si": 20,
          "sti": 3,
          "dti": 407,
          "sco": 12,
          "dco": 2096,
          "txt": "as"
        },
        {
          "si": 20,
          "sti": 4,
          "dti": 408,
          "sco": 15,
          "dco": 2099,
          "txt": "many"
        },
        {
          "si": 20,
          "sti": 5,
          "dti": 409,
          "sco": 20,
          "dco": 2104,
          "txt": "as"
        },
        {
          "si": 20,
          "sti": 6,
          "dti": 410,
          "sco": 23,
          "dco": 2107,
          "txt": "300"
        },
        {
          "si": 20,
          "sti": 7,
          "dti": 411,
          "sco": 26,
          "dco": 2110,
          "txt": ","
        },
        {
          "si": 20,
          "sti": 8,
          "dti": 412,
          "sco": 27,
          "dco": 2111,
          "txt": "000"
        },
        {
          "si": 20,
          "sti": 9,
          "dti": 413,
          "sco": 31,
          "dco": 2115,
          "txt": "villagers"
        },
        {
          "si": 20,
          "sti": 10,
          "dti": 414,
          "sco": 40,
          "dco": 2124,
          "txt": ","
        },
        {
          "si": 20,
          "sti": 11,
          "dti": 415,
          "sco": 42,
          "dco": 2126,
          "txt": "mostly"
        },
        {
          "si": 20,
          "sti": 12,
          "dti": 416,
          "sco": 49,
          "dco": 2133,
          "txt": "Shan"
        },
        {
          "si": 20,
          "sti": 13,
          "dti": 417,
          "sco": 54,
          "dco": 2138,
          "txt": "people"
        },
        {
          "si": 20,
          "sti": 14,
          "dti": 418,
          "sco": 61,
          "dco": 2145,
          "txt": "have"
        },
        {
          "si": 20,
          "sti": 15,
          "dti": 419,
          "sco": 66,
          "dco": 2150,
          "txt": "been"
        },
        {
          "si": 20,
          "sti": 16,
          "dti": 420,
          "sco": 71,
          "dco": 2155,
          "txt": "displaced"
        },
        {
          "si": 20,
          "sti": 17,
          "dti": 421,
          "sco": 81,
          "dco": 2165,
          "txt": "to"
        },
        {
          "si": 20,
          "sti": 18,
          "dti": 422,
          "sco": 84,
          "dco": 2168,
          "txt": "make"
        },
        {
          "si": 20,
          "sti": 19,
          "dti": 423,
          "sco": 89,
          "dco": 2173,
          "txt": "room"
        },
        {
          "si": 20,
          "sti": 20,
          "dti": 424,
          "sco": 94,
          "dco": 2178,
          "txt": "for"
        },
        {
          "si": 20,
          "sti": 21,
          "dti": 425,
          "sco": 98,
          "dco": 2182,
          "txt": "the"
        },
        {
          "si": 20,
          "sti": 22,
          "dti": 426,
          "sco": 102,
          "dco": 2186,
          "txt": "TaSang"
        },
        {
          "si": 20,
          "sti": 23,
          "dti": 427,
          "sco": 109,
          "dco": 2193,
          "txt": "Dam"
        },
        {
          "si": 20,
          "sti": 24,
          "dti": 428,
          "sco": 112,
          "dco": 2196,
          "txt": "’"
        },
        {
          "si": 20,
          "sti": 25,
          "dti": 429,
          "sco": 113,
          "dco": 2197,
          "txt": "s"
        },
        {
          "si": 20,
          "sti": 26,
          "dti": 430,
          "sco": 115,
          "dco": 2199,
          "txt": "reservoir"
        },
        {
          "si": 20,
          "sti": 27,
          "dti": 431,
          "sco": 124,
          "dco": 2208,
          "txt": "."
        },
        {
          "si": 21,
          "sti": 0,
          "dti": 432,
          "sco": 0,
          "dco": 2210,
          "txt": "Thousands"
        },
        {
          "si": 21,
          "sti": 1,
          "dti": 433,
          "sco": 10,
          "dco": 2220,
          "txt": "more"
        },
        {
          "si": 21,
          "sti": 2,
          "dti": 434,
          "sco": 15,
          "dco": 2225,
          "txt": "relocations"
        },
        {
          "si": 21,
          "sti": 3,
          "dti": 435,
          "sco": 27,
          "dco": 2237,
          "txt": "are"
        },
        {
          "si": 21,
          "sti": 4,
          "dti": 436,
          "sco": 31,
          "dco": 2241,
          "txt": "expected"
        },
        {
          "si": 21,
          "sti": 5,
          "dti": 437,
          "sco": 40,
          "dco": 2250,
          "txt": "as"
        },
        {
          "si": 21,
          "sti": 6,
          "dti": 438,
          "sco": 43,
          "dco": 2253,
          "txt": "construction"
        },
        {
          "si": 21,
          "sti": 7,
          "dti": 439,
          "sco": 56,
          "dco": 2266,
          "txt": "progresses"
        },
        {
          "si": 21,
          "sti": 8,
          "dti": 440,
          "sco": 66,
          "dco": 2276,
          "txt": "."
        },
        {
          "si": 22,
          "sti": 0,
          "dti": 441,
          "sco": 0,
          "dco": 2278,
          "txt": "The"
        },
        {
          "si": 22,
          "sti": 1,
          "dti": 442,
          "sco": 4,
          "dco": 2282,
          "txt": "dam"
        },
        {
          "si": 22,
          "sti": 2,
          "dti": 443,
          "sco": 7,
          "dco": 2285,
          "txt": "’"
        },
        {
          "si": 22,
          "sti": 3,
          "dti": 444,
          "sco": 8,
          "dco": 2286,
          "txt": "s"
        },
        {
          "si": 22,
          "sti": 4,
          "dti": 445,
          "sco": 10,
          "dco": 2288,
          "txt": "reservoir"
        },
        {
          "si": 22,
          "sti": 5,
          "dti": 446,
          "sco": 20,
          "dco": 2298,
          "txt": "will"
        },
        {
          "si": 22,
          "sti": 6,
          "dti": 447,
          "sco": 25,
          "dco": 2303,
          "txt": "dissect"
        },
        {
          "si": 22,
          "sti": 7,
          "dti": 448,
          "sco": 33,
          "dco": 2311,
          "txt": "Shan"
        },
        {
          "si": 22,
          "sti": 8,
          "dti": 449,
          "sco": 38,
          "dco": 2316,
          "txt": "State"
        },
        {
          "si": 22,
          "sti": 9,
          "dti": 450,
          "sco": 44,
          "dco": 2322,
          "txt": "in"
        },
        {
          "si": 22,
          "sti": 10,
          "dti": 451,
          "sco": 47,
          "dco": 2325,
          "txt": "half"
        },
        {
          "si": 22,
          "sti": 11,
          "dti": 452,
          "sco": 52,
          "dco": 2330,
          "txt": "–"
        },
        {
          "si": 22,
          "sti": 12,
          "dti": 453,
          "sco": 53,
          "dco": 2331,
          "txt": "almost"
        },
        {
          "si": 22,
          "sti": 13,
          "dti": 454,
          "sco": 60,
          "dco": 2338,
          "txt": "to"
        },
        {
          "si": 22,
          "sti": 14,
          "dti": 455,
          "sco": 63,
          "dco": 2341,
          "txt": "the"
        },
        {
          "si": 22,
          "sti": 15,
          "dti": 456,
          "sco": 67,
          "dco": 2345,
          "txt": "Chinese"
        },
        {
          "si": 22,
          "sti": 16,
          "dti": 457,
          "sco": 75,
          "dco": 2353,
          "txt": "border"
        },
        {
          "si": 22,
          "sti": 17,
          "dti": 458,
          "sco": 82,
          "dco": 2360,
          "txt": "–"
        },
        {
          "si": 22,
          "sti": 18,
          "dti": 459,
          "sco": 84,
          "dco": 2362,
          "txt": "and"
        },
        {
          "si": 22,
          "sti": 19,
          "dti": 460,
          "sco": 88,
          "dco": 2366,
          "txt": "will"
        },
        {
          "si": 22,
          "sti": 20,
          "dti": 461,
          "sco": 93,
          "dco": 2371,
          "txt": "negatively"
        },
        {
          "si": 22,
          "sti": 21,
          "dti": 462,
          "sco": 104,
          "dco": 2382,
          "txt": "impact"
        },
        {
          "si": 22,
          "sti": 22,
          "dti": 463,
          "sco": 111,
          "dco": 2389,
          "txt": "the"
        },
        {
          "si": 22,
          "sti": 23,
          "dti": 464,
          "sco": 115,
          "dco": 2393,
          "txt": "local"
        },
        {
          "si": 22,
          "sti": 24,
          "dti": 465,
          "sco": 121,
          "dco": 2399,
          "txt": "communities"
        },
        {
          "si": 22,
          "sti": 25,
          "dti": 466,
          "sco": 133,
          "dco": 2411,
          "txt": "and"
        },
        {
          "si": 22,
          "sti": 26,
          "dti": 467,
          "sco": 137,
          "dco": 2415,
          "txt": "ecosystems"
        },
        {
          "si": 22,
          "sti": 27,
          "dti": 468,
          "sco": 147,
          "dco": 2425,
          "txt": "."
        },
        {
          "si": 23,
          "sti": 0,
          "dti": 469,
          "sco": 0,
          "dco": 2427,
          "txt": "Burma"
        },
        {
          "si": 23,
          "sti": 1,
          "dti": 470,
          "sco": 5,
          "dco": 2432,
          "txt": "’"
        },
        {
          "si": 23,
          "sti": 2,
          "dti": 471,
          "sco": 6,
          "dco": 2433,
          "txt": "s"
        },
        {
          "si": 23,
          "sti": 3,
          "dti": 472,
          "sco": 8,
          "dco": 2435,
          "txt": "Junta"
        },
        {
          "si": 23,
          "sti": 4,
          "dti": 473,
          "sco": 14,
          "dco": 2441,
          "txt": "is"
        },
        {
          "si": 23,
          "sti": 5,
          "dti": 474,
          "sco": 17,
          "dco": 2444,
          "txt": "responsible"
        },
        {
          "si": 23,
          "sti": 6,
          "dti": 475,
          "sco": 29,
          "dco": 2456,
          "txt": "for"
        },
        {
          "si": 23,
          "sti": 7,
          "dti": 476,
          "sco": 33,
          "dco": 2460,
          "txt": "the"
        },
        {
          "si": 23,
          "sti": 8,
          "dti": 477,
          "sco": 37,
          "dco": 2464,
          "txt": "relocations"
        },
        {
          "si": 23,
          "sti": 9,
          "dti": 478,
          "sco": 49,
          "dco": 2476,
          "txt": "and"
        },
        {
          "si": 23,
          "sti": 10,
          "dti": 479,
          "sco": 53,
          "dco": 2480,
          "txt": "there"
        },
        {
          "si": 23,
          "sti": 11,
          "dti": 480,
          "sco": 59,
          "dco": 2486,
          "txt": "have"
        },
        {
          "si": 23,
          "sti": 12,
          "dti": 481,
          "sco": 64,
          "dco": 2491,
          "txt": "reports"
        },
        {
          "si": 23,
          "sti": 13,
          "dti": 482,
          "sco": 72,
          "dco": 2499,
          "txt": "of"
        },
        {
          "si": 23,
          "sti": 14,
          "dti": 483,
          "sco": 75,
          "dco": 2502,
          "txt": "serious"
        },
        {
          "si": 23,
          "sti": 15,
          "dti": 484,
          "sco": 83,
          "dco": 2510,
          "txt": "human"
        },
        {
          "si": 23,
          "sti": 16,
          "dti": 485,
          "sco": 89,
          "dco": 2516,
          "txt": "rights"
        },
        {
          "si": 23,
          "sti": 17,
          "dti": 486,
          "sco": 96,
          "dco": 2523,
          "txt": "violations"
        },
        {
          "si": 23,
          "sti": 18,
          "dti": 487,
          "sco": 107,
          "dco": 2534,
          "txt": "including"
        },
        {
          "si": 23,
          "sti": 19,
          "dti": 488,
          "sco": 117,
          "dco": 2544,
          "txt": "executions"
        },
        {
          "si": 23,
          "sti": 20,
          "dti": 489,
          "sco": 127,
          "dco": 2554,
          "txt": "."
        }
      ]
    },
    "ganns": {
      "dla": [],
      "la": [],
      "ea": [],
      "eta": [
        {
          "ra": {
            "ea": {
              "etn": "TaSang_Dam"
            }
          },
          "sfs": [
            [
              {
                "stn": "status"
              },
              {}
            ]
          ],
          "mfs": [
            [
              {
                "stn": "rivers"
              },
              {
                "dla": [],
                "la": [],
                "ea": [
                  {
                    "etn": "Salween_River"
                  }
                ],
                "eta": []
              }
            ],
            [
              {
                "stn": "locations"
              },
              {
                "dla": [],
                "la": [],
                "ea": [
                  {
                    "etn": "Shan_State"
                  },
                  {
                    "etn": "Burma"
                  }
                ],
                "eta": []
              }
            ],
            [
              {
                "stn": "openingYears"
              },
              {
                "dla": [
                  {
                    "txt": {
                      "sff": "2022"
                    },
                    "et": {
                      "etn": "Year"
                    },
                    "dp": {
                      "off": 425
                    }
                  }
                ],
                "la": [],
                "ea": [],
                "eta": []
              }
            ],
            [
              {
                "stn": "buildingStartYears"
              },
              {
                "dla": [
                  {
                    "txt": {
                      "sff": "2007"
                    },
                    "et": {
                      "etn": "Year"
                    },
                    "dp": {
                      "off": 472
                    }
                  }
                ],
                "la": [],
                "ea": [],
                "eta": []
              }
            ],
            [
              {
                "stn": "countries"
              },
              {
                "dla": [],
                "la": [],
                "ea": [],
                "eta": []
              }
            ]
          ]
        }
      ]
    }
  }
]
