[
  {
    "context": "TRAIN",
    "doc": {
      "id": "Thisavros_Dam",
      "tl": [
        {
          "si": 0,
          "sti": 0,
          "dti": 0,
          "sco": 0,
          "dco": 0,
          "txt": "Thisavros"
        },
        {
          "si": 0,
          "sti": 1,
          "dti": 1,
          "sco": 10,
          "dco": 10,
          "txt": "Dam"
        },
        {
          "si": 0,
          "sti": 2,
          "dti": 2,
          "sco": 13,
          "dco": 13,
          "txt": "."
        },
        {
          "si": 1,
          "sti": 0,
          "dti": 3,
          "sco": 0,
          "dco": 15,
          "txt": "The"
        },
        {
          "si": 1,
          "sti": 1,
          "dti": 4,
          "sco": 4,
          "dco": 19,
          "txt": "Thisavros"
        },
        {
          "si": 1,
          "sti": 2,
          "dti": 5,
          "sco": 14,
          "dco": 29,
          "txt": "Dam"
        },
        {
          "si": 1,
          "sti": 3,
          "dti": 6,
          "sco": 18,
          "dco": 33,
          "txt": "("
        },
        {
          "si": 1,
          "sti": 4,
          "dti": 7,
          "sco": 19,
          "dco": 34,
          "txt": ")"
        },
        {
          "si": 1,
          "sti": 5,
          "dti": 8,
          "sco": 21,
          "dco": 36,
          "txt": "is"
        },
        {
          "si": 1,
          "sti": 6,
          "dti": 9,
          "sco": 24,
          "dco": 39,
          "txt": "a"
        },
        {
          "si": 1,
          "sti": 7,
          "dti": 10,
          "sco": 26,
          "dco": 41,
          "txt": "rock"
        },
        {
          "si": 1,
          "sti": 8,
          "dti": 11,
          "sco": 30,
          "dco": 45,
          "txt": "-"
        },
        {
          "si": 1,
          "sti": 9,
          "dti": 12,
          "sco": 31,
          "dco": 46,
          "txt": "fill"
        },
        {
          "si": 1,
          "sti": 10,
          "dti": 13,
          "sco": 36,
          "dco": 51,
          "txt": "dam"
        },
        {
          "si": 1,
          "sti": 11,
          "dti": 14,
          "sco": 40,
          "dco": 55,
          "txt": "on"
        },
        {
          "si": 1,
          "sti": 12,
          "dti": 15,
          "sco": 43,
          "dco": 58,
          "txt": "the"
        },
        {
          "si": 1,
          "sti": 13,
          "dti": 16,
          "sco": 47,
          "dco": 62,
          "txt": "Nestos"
        },
        {
          "si": 1,
          "sti": 14,
          "dti": 17,
          "sco": 54,
          "dco": 69,
          "txt": "River"
        },
        {
          "si": 1,
          "sti": 15,
          "dti": 18,
          "sco": 60,
          "dco": 75,
          "txt": "in"
        },
        {
          "si": 1,
          "sti": 16,
          "dti": 19,
          "sco": 63,
          "dco": 78,
          "txt": "the"
        },
        {
          "si": 1,
          "sti": 17,
          "dti": 20,
          "sco": 67,
          "dco": 82,
          "txt": "regional"
        },
        {
          "si": 1,
          "sti": 18,
          "dti": 21,
          "sco": 76,
          "dco": 91,
          "txt": "unit"
        },
        {
          "si": 1,
          "sti": 19,
          "dti": 22,
          "sco": 81,
          "dco": 96,
          "txt": "of"
        },
        {
          "si": 1,
          "sti": 20,
          "dti": 23,
          "sco": 84,
          "dco": 99,
          "txt": "Drama"
        },
        {
          "si": 1,
          "sti": 21,
          "dti": 24,
          "sco": 90,
          "dco": 105,
          "txt": "in"
        },
        {
          "si": 1,
          "sti": 22,
          "dti": 25,
          "sco": 93,
          "dco": 108,
          "txt": "the"
        },
        {
          "si": 1,
          "sti": 23,
          "dti": 26,
          "sco": 97,
          "dco": 112,
          "txt": "northeastern"
        },
        {
          "si": 1,
          "sti": 24,
          "dti": 27,
          "sco": 110,
          "dco": 125,
          "txt": "portion"
        },
        {
          "si": 1,
          "sti": 25,
          "dti": 28,
          "sco": 118,
          "dco": 133,
          "txt": "of"
        },
        {
          "si": 1,
          "sti": 26,
          "dti": 29,
          "sco": 121,
          "dco": 136,
          "txt": "Greece"
        },
        {
          "si": 1,
          "sti": 27,
          "dti": 30,
          "sco": 127,
          "dco": 142,
          "txt": "."
        },
        {
          "si": 1,
          "sti": 28,
          "dti": 31,
          "sco": 129,
          "dco": 144,
          "txt": "it"
        },
        {
          "si": 1,
          "sti": 29,
          "dti": 32,
          "sco": 132,
          "dco": 147,
          "txt": "is"
        },
        {
          "si": 1,
          "sti": 30,
          "dti": 33,
          "sco": 135,
          "dco": 150,
          "txt": "north"
        },
        {
          "si": 1,
          "sti": 31,
          "dti": 34,
          "sco": 141,
          "dco": 156,
          "txt": "of"
        },
        {
          "si": 1,
          "sti": 32,
          "dti": 35,
          "sco": 144,
          "dco": 159,
          "txt": "Nikiforos"
        },
        {
          "si": 1,
          "sti": 33,
          "dti": 36,
          "sco": 154,
          "dco": 169,
          "txt": "and"
        },
        {
          "si": 1,
          "sti": 34,
          "dti": 37,
          "sco": 158,
          "dco": 173,
          "txt": "northeast"
        },
        {
          "si": 1,
          "sti": 35,
          "dti": 38,
          "sco": 168,
          "dco": 183,
          "txt": "of"
        },
        {
          "si": 1,
          "sti": 36,
          "dti": 39,
          "sco": 171,
          "dco": 186,
          "txt": "the"
        },
        {
          "si": 1,
          "sti": 37,
          "dti": 40,
          "sco": 175,
          "dco": 190,
          "txt": "town"
        },
        {
          "si": 1,
          "sti": 38,
          "dti": 41,
          "sco": 180,
          "dco": 195,
          "txt": "of"
        },
        {
          "si": 1,
          "sti": 39,
          "dti": 42,
          "sco": 183,
          "dco": 198,
          "txt": "Drama"
        },
        {
          "si": 1,
          "sti": 40,
          "dti": 43,
          "sco": 188,
          "dco": 203,
          "txt": "."
        },
        {
          "si": 2,
          "sti": 0,
          "dti": 44,
          "sco": 0,
          "dco": 205,
          "txt": "The"
        },
        {
          "si": 2,
          "sti": 1,
          "dti": 45,
          "sco": 4,
          "dco": 209,
          "txt": "high"
        },
        {
          "si": 2,
          "sti": 2,
          "dti": 46,
          "sco": 9,
          "dco": 214,
          "txt": "dam"
        },
        {
          "si": 2,
          "sti": 3,
          "dti": 47,
          "sco": 13,
          "dco": 218,
          "txt": "is"
        },
        {
          "si": 2,
          "sti": 4,
          "dti": 48,
          "sco": 16,
          "dco": 221,
          "txt": "the"
        },
        {
          "si": 2,
          "sti": 5,
          "dti": 49,
          "sco": 20,
          "dco": 225,
          "txt": "tallest"
        },
        {
          "si": 2,
          "sti": 6,
          "dti": 50,
          "sco": 28,
          "dco": 233,
          "txt": "in"
        },
        {
          "si": 2,
          "sti": 7,
          "dti": 51,
          "sco": 31,
          "dco": 236,
          "txt": "Greece"
        },
        {
          "si": 2,
          "sti": 8,
          "dti": 52,
          "sco": 37,
          "dco": 242,
          "txt": "."
        },
        {
          "si": 3,
          "sti": 0,
          "dti": 53,
          "sco": 0,
          "dco": 244,
          "txt": "It"
        },
        {
          "si": 3,
          "sti": 1,
          "dti": 54,
          "sco": 3,
          "dco": 247,
          "txt": "was"
        },
        {
          "si": 3,
          "sti": 2,
          "dti": 55,
          "sco": 7,
          "dco": 251,
          "txt": "constructed"
        },
        {
          "si": 3,
          "sti": 3,
          "dti": 56,
          "sco": 19,
          "dco": 263,
          "txt": "between"
        },
        {
          "si": 3,
          "sti": 4,
          "dti": 57,
          "sco": 27,
          "dco": 271,
          "txt": "1986"
        },
        {
          "si": 3,
          "sti": 5,
          "dti": 58,
          "sco": 32,
          "dco": 276,
          "txt": "and"
        },
        {
          "si": 3,
          "sti": 6,
          "dti": 59,
          "sco": 36,
          "dco": 280,
          "txt": "1996"
        },
        {
          "si": 3,
          "sti": 7,
          "dti": 60,
          "sco": 40,
          "dco": 284,
          "txt": "."
        },
        {
          "si": 4,
          "sti": 0,
          "dti": 61,
          "sco": 0,
          "dco": 286,
          "txt": "The"
        },
        {
          "si": 4,
          "sti": 1,
          "dti": 62,
          "sco": 4,
          "dco": 290,
          "txt": "purpose"
        },
        {
          "si": 4,
          "sti": 2,
          "dti": 63,
          "sco": 12,
          "dco": 298,
          "txt": "of"
        },
        {
          "si": 4,
          "sti": 3,
          "dti": 64,
          "sco": 15,
          "dco": 301,
          "txt": "the"
        },
        {
          "si": 4,
          "sti": 4,
          "dti": 65,
          "sco": 19,
          "dco": 305,
          "txt": "dam"
        },
        {
          "si": 4,
          "sti": 5,
          "dti": 66,
          "sco": 23,
          "dco": 309,
          "txt": "is"
        },
        {
          "si": 4,
          "sti": 6,
          "dti": 67,
          "sco": 26,
          "dco": 312,
          "txt": "irrigation"
        },
        {
          "si": 4,
          "sti": 7,
          "dti": 68,
          "sco": 37,
          "dco": 323,
          "txt": "and"
        },
        {
          "si": 4,
          "sti": 8,
          "dti": 69,
          "sco": 41,
          "dco": 327,
          "txt": "hydroelectric"
        },
        {
          "si": 4,
          "sti": 9,
          "dti": 70,
          "sco": 55,
          "dco": 341,
          "txt": "power"
        },
        {
          "si": 4,
          "sti": 10,
          "dti": 71,
          "sco": 61,
          "dco": 347,
          "txt": "production"
        },
        {
          "si": 4,
          "sti": 11,
          "dti": 72,
          "sco": 71,
          "dco": 357,
          "txt": "."
        },
        {
          "si": 5,
          "sti": 0,
          "dti": 73,
          "sco": 0,
          "dco": 359,
          "txt": "Its"
        },
        {
          "si": 5,
          "sti": 1,
          "dti": 74,
          "sco": 4,
          "dco": 363,
          "txt": "reservoirs"
        },
        {
          "si": 5,
          "sti": 2,
          "dti": 75,
          "sco": 15,
          "dco": 374,
          "txt": "helps"
        },
        {
          "si": 5,
          "sti": 3,
          "dti": 76,
          "sco": 21,
          "dco": 380,
          "txt": "irrigate"
        },
        {
          "si": 5,
          "sti": 4,
          "dti": 77,
          "sco": 30,
          "dco": 389,
          "txt": "and"
        },
        {
          "si": 5,
          "sti": 5,
          "dti": 78,
          "sco": 34,
          "dco": 393,
          "txt": "its"
        },
        {
          "si": 5,
          "sti": 6,
          "dti": 79,
          "sco": 38,
          "dco": 397,
          "txt": "power"
        },
        {
          "si": 5,
          "sti": 7,
          "dti": 80,
          "sco": 44,
          "dco": 403,
          "txt": "station"
        },
        {
          "si": 5,
          "sti": 8,
          "dti": 81,
          "sco": 52,
          "dco": 411,
          "txt": "has"
        },
        {
          "si": 5,
          "sti": 9,
          "dti": 82,
          "sco": 56,
          "dco": 415,
          "txt": "an"
        },
        {
          "si": 5,
          "sti": 10,
          "dti": 83,
          "sco": 59,
          "dco": 418,
          "txt": "installed"
        },
        {
          "si": 5,
          "sti": 11,
          "dti": 84,
          "sco": 69,
          "dco": 428,
          "txt": "capacity"
        },
        {
          "si": 5,
          "sti": 12,
          "dti": 85,
          "sco": 78,
          "dco": 437,
          "txt": "of"
        },
        {
          "si": 5,
          "sti": 13,
          "dti": 86,
          "sco": 80,
          "dco": 439,
          "txt": "."
        },
        {
          "si": 6,
          "sti": 0,
          "dti": 87,
          "sco": 0,
          "dco": 441,
          "txt": "The"
        },
        {
          "si": 6,
          "sti": 1,
          "dti": 88,
          "sco": 4,
          "dco": 445,
          "txt": "power"
        },
        {
          "si": 6,
          "sti": 2,
          "dti": 89,
          "sco": 10,
          "dco": 451,
          "txt": "station"
        },
        {
          "si": 6,
          "sti": 3,
          "dti": 90,
          "sco": 18,
          "dco": 459,
          "txt": "is"
        },
        {
          "si": 6,
          "sti": 4,
          "dti": 91,
          "sco": 21,
          "dco": 462,
          "txt": "a"
        },
        {
          "si": 6,
          "sti": 5,
          "dti": 92,
          "sco": 23,
          "dco": 464,
          "txt": "pumped"
        },
        {
          "si": 6,
          "sti": 6,
          "dti": 93,
          "sco": 29,
          "dco": 470,
          "txt": "-"
        },
        {
          "si": 6,
          "sti": 7,
          "dti": 94,
          "sco": 30,
          "dco": 471,
          "txt": "storage"
        },
        {
          "si": 6,
          "sti": 8,
          "dti": 95,
          "sco": 38,
          "dco": 479,
          "txt": "type"
        },
        {
          "si": 6,
          "sti": 9,
          "dti": 96,
          "sco": 43,
          "dco": 484,
          "txt": "which"
        },
        {
          "si": 6,
          "sti": 10,
          "dti": 97,
          "sco": 49,
          "dco": 490,
          "txt": "allows"
        },
        {
          "si": 6,
          "sti": 11,
          "dti": 98,
          "sco": 56,
          "dco": 497,
          "txt": "it"
        },
        {
          "si": 6,
          "sti": 12,
          "dti": 99,
          "sco": 59,
          "dco": 500,
          "txt": "to"
        },
        {
          "si": 6,
          "sti": 13,
          "dti": 100,
          "sco": 62,
          "dco": 503,
          "txt": "not"
        },
        {
          "si": 6,
          "sti": 14,
          "dti": 101,
          "sco": 66,
          "dco": 507,
          "txt": "only"
        },
        {
          "si": 6,
          "sti": 15,
          "dti": 102,
          "sco": 71,
          "dco": 512,
          "txt": "generate"
        },
        {
          "si": 6,
          "sti": 16,
          "dti": 103,
          "sco": 80,
          "dco": 521,
          "txt": "power"
        },
        {
          "si": 6,
          "sti": 17,
          "dti": 104,
          "sco": 86,
          "dco": 527,
          "txt": "but"
        },
        {
          "si": 6,
          "sti": 18,
          "dti": 105,
          "sco": 90,
          "dco": 531,
          "txt": "the"
        },
        {
          "si": 6,
          "sti": 19,
          "dti": 106,
          "sco": 94,
          "dco": 535,
          "txt": "turbines"
        },
        {
          "si": 6,
          "sti": 20,
          "dti": 107,
          "sco": 103,
          "dco": 544,
          "txt": "can"
        },
        {
          "si": 6,
          "sti": 21,
          "dti": 108,
          "sco": 107,
          "dco": 548,
          "txt": "reverse"
        },
        {
          "si": 6,
          "sti": 22,
          "dti": 109,
          "sco": 115,
          "dco": 556,
          "txt": "and"
        },
        {
          "si": 6,
          "sti": 23,
          "dti": 110,
          "sco": 119,
          "dco": 560,
          "txt": "pump"
        },
        {
          "si": 6,
          "sti": 24,
          "dti": 111,
          "sco": 124,
          "dco": 565,
          "txt": "water"
        },
        {
          "si": 6,
          "sti": 25,
          "dti": 112,
          "sco": 130,
          "dco": 571,
          "txt": "back"
        },
        {
          "si": 6,
          "sti": 26,
          "dti": 113,
          "sco": 135,
          "dco": 576,
          "txt": "into"
        },
        {
          "si": 6,
          "sti": 27,
          "dti": 114,
          "sco": 140,
          "dco": 581,
          "txt": "the"
        },
        {
          "si": 6,
          "sti": 28,
          "dti": 115,
          "sco": 144,
          "dco": 585,
          "txt": "reservoir"
        },
        {
          "si": 6,
          "sti": 29,
          "dti": 116,
          "sco": 153,
          "dco": 594,
          "txt": "."
        },
        {
          "si": 7,
          "sti": 0,
          "dti": 117,
          "sco": 0,
          "dco": 596,
          "txt": "Power"
        },
        {
          "si": 7,
          "sti": 1,
          "dti": 118,
          "sco": 6,
          "dco": 602,
          "txt": "generation"
        },
        {
          "si": 7,
          "sti": 2,
          "dti": 119,
          "sco": 17,
          "dco": 613,
          "txt": "occurs"
        },
        {
          "si": 7,
          "sti": 3,
          "dti": 120,
          "sco": 24,
          "dco": 620,
          "txt": "during"
        },
        {
          "si": 7,
          "sti": 4,
          "dti": 121,
          "sco": 31,
          "dco": 627,
          "txt": "periods"
        },
        {
          "si": 7,
          "sti": 5,
          "dti": 122,
          "sco": 39,
          "dco": 635,
          "txt": "of"
        },
        {
          "si": 7,
          "sti": 6,
          "dti": 123,
          "sco": 42,
          "dco": 638,
          "txt": "high"
        },
        {
          "si": 7,
          "sti": 7,
          "dti": 124,
          "sco": 47,
          "dco": 643,
          "txt": "demand"
        },
        {
          "si": 7,
          "sti": 8,
          "dti": 125,
          "sco": 54,
          "dco": 650,
          "txt": "and"
        },
        {
          "si": 7,
          "sti": 9,
          "dti": 126,
          "sco": 58,
          "dco": 654,
          "txt": "pumping"
        },
        {
          "si": 7,
          "sti": 10,
          "dti": 127,
          "sco": 66,
          "dco": 662,
          "txt": "during"
        },
        {
          "si": 7,
          "sti": 11,
          "dti": 128,
          "sco": 73,
          "dco": 669,
          "txt": "those"
        },
        {
          "si": 7,
          "sti": 12,
          "dti": 129,
          "sco": 79,
          "dco": 675,
          "txt": "of"
        },
        {
          "si": 7,
          "sti": 13,
          "dti": 130,
          "sco": 82,
          "dco": 678,
          "txt": "low"
        },
        {
          "si": 7,
          "sti": 14,
          "dti": 131,
          "sco": 86,
          "dco": 682,
          "txt": "demand"
        },
        {
          "si": 7,
          "sti": 15,
          "dti": 132,
          "sco": 93,
          "dco": 689,
          "txt": "such"
        },
        {
          "si": 7,
          "sti": 16,
          "dti": 133,
          "sco": 98,
          "dco": 694,
          "txt": "as"
        },
        {
          "si": 7,
          "sti": 17,
          "dti": 134,
          "sco": 101,
          "dco": 697,
          "txt": "at"
        },
        {
          "si": 7,
          "sti": 18,
          "dti": 135,
          "sco": 104,
          "dco": 700,
          "txt": "night"
        },
        {
          "si": 7,
          "sti": 19,
          "dti": 136,
          "sco": 109,
          "dco": 705,
          "txt": "."
        }
      ]
    },
    "ganns": {
      "dla": [],
      "la": [],
      "ea": [],
      "eta": [
        {
          "ra": {
            "ea": {
              "etn": "Thisavros_Dam"
            }
          },
          "sfs": [
            [
              {
                "stn": "status"
              },
              {}
            ]
          ],
          "mfs": [
            [
              {
                "stn": "rivers"
              },
              {
                "dla": [],
                "la": [],
                "ea": [
                  {
                    "etn": "Nestos_River"
                  }
                ],
                "eta": []
              }
            ],
            [
              {
                "stn": "locations"
              },
              {
                "dla": [],
                "la": [],
                "ea": [
                  {
                    "etn": "Nikiforos"
                  }
                ],
                "eta": []
              }
            ],
            [
              {
                "stn": "openingYears"
              },
              {
                "dla": [
                  {
                    "txt": {
                      "sff": "1996"
                    },
                    "et": {
                      "etn": "Year"
                    },
                    "dp": {
                      "off": 280
                    }
                  }
                ],
                "la": [],
                "ea": [],
                "eta": []
              }
            ],
            [
              {
                "stn": "buildingStartYears"
              },
              {
                "dla": [
                  {
                    "txt": {
                      "sff": "1986"
                    },
                    "et": {
                      "etn": "Year"
                    },
                    "dp": {
                      "off": 271
                    }
                  }
                ],
                "la": [],
                "ea": [],
                "eta": []
              }
            ],
            [
              {
                "stn": "countries"
              },
              {
                "dla": [],
                "la": [],
                "ea": [],
                "eta": []
              }
            ]
          ]
        }
      ]
    }
  }
]
