[
  {
    "context": "TRAIN",
    "doc": {
      "id": "Ust-Ilimsk_Hydroelectric_Power_Station",
      "tl": [
        {
          "si": 0,
          "sti": 0,
          "dti": 0,
          "sco": 0,
          "dco": 0,
          "txt": "Ust"
        },
        {
          "si": 0,
          "sti": 1,
          "dti": 1,
          "sco": 3,
          "dco": 3,
          "txt": "-"
        },
        {
          "si": 0,
          "sti": 2,
          "dti": 2,
          "sco": 4,
          "dco": 4,
          "txt": "Ilimsk"
        },
        {
          "si": 0,
          "sti": 3,
          "dti": 3,
          "sco": 11,
          "dco": 11,
          "txt": "Hydroelectric"
        },
        {
          "si": 0,
          "sti": 4,
          "dti": 4,
          "sco": 25,
          "dco": 25,
          "txt": "Power"
        },
        {
          "si": 0,
          "sti": 5,
          "dti": 5,
          "sco": 31,
          "dco": 31,
          "txt": "Station"
        },
        {
          "si": 0,
          "sti": 6,
          "dti": 6,
          "sco": 38,
          "dco": 38,
          "txt": "."
        },
        {
          "si": 1,
          "sti": 0,
          "dti": 7,
          "sco": 0,
          "dco": 40,
          "txt": "The"
        },
        {
          "si": 1,
          "sti": 1,
          "dti": 8,
          "sco": 4,
          "dco": 44,
          "txt": "Ust"
        },
        {
          "si": 1,
          "sti": 2,
          "dti": 9,
          "sco": 7,
          "dco": 47,
          "txt": "-"
        },
        {
          "si": 1,
          "sti": 3,
          "dti": 10,
          "sco": 8,
          "dco": 48,
          "txt": "Ilimsk"
        },
        {
          "si": 1,
          "sti": 4,
          "dti": 11,
          "sco": 15,
          "dco": 55,
          "txt": "Hydroelectric"
        },
        {
          "si": 1,
          "sti": 5,
          "dti": 12,
          "sco": 29,
          "dco": 69,
          "txt": "Power"
        },
        {
          "si": 1,
          "sti": 6,
          "dti": 13,
          "sco": 35,
          "dco": 75,
          "txt": "Station"
        },
        {
          "si": 1,
          "sti": 7,
          "dti": 14,
          "sco": 43,
          "dco": 83,
          "txt": "("
        },
        {
          "si": 1,
          "sti": 8,
          "dti": 15,
          "sco": 44,
          "dco": 84,
          "txt": "Ust"
        },
        {
          "si": 1,
          "sti": 9,
          "dti": 16,
          "sco": 47,
          "dco": 87,
          "txt": "-"
        },
        {
          "si": 1,
          "sti": 10,
          "dti": 17,
          "sco": 48,
          "dco": 88,
          "txt": "Ilimsk"
        },
        {
          "si": 1,
          "sti": 11,
          "dti": 18,
          "sco": 55,
          "dco": 95,
          "txt": "HPS"
        },
        {
          "si": 1,
          "sti": 12,
          "dti": 19,
          "sco": 58,
          "dco": 98,
          "txt": ")"
        },
        {
          "si": 1,
          "sti": 13,
          "dti": 20,
          "sco": 60,
          "dco": 100,
          "txt": "is"
        },
        {
          "si": 1,
          "sti": 14,
          "dti": 21,
          "sco": 63,
          "dco": 103,
          "txt": "a"
        },
        {
          "si": 1,
          "sti": 15,
          "dti": 22,
          "sco": 65,
          "dco": 105,
          "txt": "concrete"
        },
        {
          "si": 1,
          "sti": 16,
          "dti": 23,
          "sco": 74,
          "dco": 114,
          "txt": "gravity"
        },
        {
          "si": 1,
          "sti": 17,
          "dti": 24,
          "sco": 82,
          "dco": 122,
          "txt": "dam"
        },
        {
          "si": 1,
          "sti": 18,
          "dti": 25,
          "sco": 86,
          "dco": 126,
          "txt": "on"
        },
        {
          "si": 1,
          "sti": 19,
          "dti": 26,
          "sco": 89,
          "dco": 129,
          "txt": "the"
        },
        {
          "si": 1,
          "sti": 20,
          "dti": 27,
          "sco": 93,
          "dco": 133,
          "txt": "Angara"
        },
        {
          "si": 1,
          "sti": 21,
          "dti": 28,
          "sco": 100,
          "dco": 140,
          "txt": "River"
        },
        {
          "si": 1,
          "sti": 22,
          "dti": 29,
          "sco": 106,
          "dco": 146,
          "txt": "and"
        },
        {
          "si": 1,
          "sti": 23,
          "dti": 30,
          "sco": 110,
          "dco": 150,
          "txt": "adjacent"
        },
        {
          "si": 1,
          "sti": 24,
          "dti": 31,
          "sco": 119,
          "dco": 159,
          "txt": "hydroelectric"
        },
        {
          "si": 1,
          "sti": 25,
          "dti": 32,
          "sco": 133,
          "dco": 173,
          "txt": "power"
        },
        {
          "si": 1,
          "sti": 26,
          "dti": 33,
          "sco": 139,
          "dco": 179,
          "txt": "station"
        },
        {
          "si": 1,
          "sti": 27,
          "dti": 34,
          "sco": 146,
          "dco": 186,
          "txt": "."
        },
        {
          "si": 2,
          "sti": 0,
          "dti": 35,
          "sco": 0,
          "dco": 188,
          "txt": "It"
        },
        {
          "si": 2,
          "sti": 1,
          "dti": 36,
          "sco": 3,
          "dco": 191,
          "txt": "is"
        },
        {
          "si": 2,
          "sti": 2,
          "dti": 37,
          "sco": 6,
          "dco": 194,
          "txt": "located"
        },
        {
          "si": 2,
          "sti": 3,
          "dti": 38,
          "sco": 14,
          "dco": 202,
          "txt": "near"
        },
        {
          "si": 2,
          "sti": 4,
          "dti": 39,
          "sco": 19,
          "dco": 207,
          "txt": "Ust"
        },
        {
          "si": 2,
          "sti": 5,
          "dti": 40,
          "sco": 22,
          "dco": 210,
          "txt": "-"
        },
        {
          "si": 2,
          "sti": 6,
          "dti": 41,
          "sco": 23,
          "dco": 211,
          "txt": "Ilimsk"
        },
        {
          "si": 2,
          "sti": 7,
          "dti": 42,
          "sco": 29,
          "dco": 217,
          "txt": ","
        },
        {
          "si": 2,
          "sti": 8,
          "dti": 43,
          "sco": 31,
          "dco": 219,
          "txt": "Irkutsk"
        },
        {
          "si": 2,
          "sti": 9,
          "dti": 44,
          "sco": 39,
          "dco": 227,
          "txt": "Oblast"
        },
        {
          "si": 2,
          "sti": 10,
          "dti": 45,
          "sco": 46,
          "dco": 234,
          "txt": "in"
        },
        {
          "si": 2,
          "sti": 11,
          "dti": 46,
          "sco": 49,
          "dco": 237,
          "txt": "Russia"
        },
        {
          "si": 2,
          "sti": 12,
          "dti": 47,
          "sco": 56,
          "dco": 244,
          "txt": "and"
        },
        {
          "si": 2,
          "sti": 13,
          "dti": 48,
          "sco": 60,
          "dco": 248,
          "txt": "is"
        },
        {
          "si": 2,
          "sti": 14,
          "dti": 49,
          "sco": 63,
          "dco": 251,
          "txt": "the"
        },
        {
          "si": 2,
          "sti": 15,
          "dti": 50,
          "sco": 67,
          "dco": 255,
          "txt": "third"
        },
        {
          "si": 2,
          "sti": 16,
          "dti": 51,
          "sco": 73,
          "dco": 261,
          "txt": "and"
        },
        {
          "si": 2,
          "sti": 17,
          "dti": 52,
          "sco": 77,
          "dco": 265,
          "txt": "last"
        },
        {
          "si": 2,
          "sti": 18,
          "dti": 53,
          "sco": 82,
          "dco": 270,
          "txt": "dam"
        },
        {
          "si": 2,
          "sti": 19,
          "dti": 54,
          "sco": 86,
          "dco": 274,
          "txt": "on"
        },
        {
          "si": 2,
          "sti": 20,
          "dti": 55,
          "sco": 89,
          "dco": 277,
          "txt": "the"
        },
        {
          "si": 2,
          "sti": 21,
          "dti": 56,
          "sco": 93,
          "dco": 281,
          "txt": "Angara"
        },
        {
          "si": 2,
          "sti": 22,
          "dti": 57,
          "sco": 100,
          "dco": 288,
          "txt": "cascades"
        },
        {
          "si": 2,
          "sti": 23,
          "dti": 58,
          "sco": 108,
          "dco": 296,
          "txt": "."
        },
        {
          "si": 3,
          "sti": 0,
          "dti": 59,
          "sco": 0,
          "dco": 298,
          "txt": "Construction"
        },
        {
          "si": 3,
          "sti": 1,
          "dti": 60,
          "sco": 13,
          "dco": 311,
          "txt": "on"
        },
        {
          "si": 3,
          "sti": 2,
          "dti": 61,
          "sco": 16,
          "dco": 314,
          "txt": "the"
        },
        {
          "si": 3,
          "sti": 3,
          "dti": 62,
          "sco": 20,
          "dco": 318,
          "txt": "dam"
        },
        {
          "si": 3,
          "sti": 4,
          "dti": 63,
          "sco": 24,
          "dco": 322,
          "txt": "began"
        },
        {
          "si": 3,
          "sti": 5,
          "dti": 64,
          "sco": 30,
          "dco": 328,
          "txt": "in"
        },
        {
          "si": 3,
          "sti": 6,
          "dti": 65,
          "sco": 33,
          "dco": 331,
          "txt": "1963"
        },
        {
          "si": 3,
          "sti": 7,
          "dti": 66,
          "sco": 37,
          "dco": 335,
          "txt": ","
        },
        {
          "si": 3,
          "sti": 8,
          "dti": 67,
          "sco": 39,
          "dco": 337,
          "txt": "its"
        },
        {
          "si": 3,
          "sti": 9,
          "dti": 68,
          "sco": 43,
          "dco": 341,
          "txt": "reservoir"
        },
        {
          "si": 3,
          "sti": 10,
          "dti": 69,
          "sco": 53,
          "dco": 351,
          "txt": "began"
        },
        {
          "si": 3,
          "sti": 11,
          "dti": 70,
          "sco": 59,
          "dco": 357,
          "txt": "filling"
        },
        {
          "si": 3,
          "sti": 12,
          "dti": 71,
          "sco": 67,
          "dco": 365,
          "txt": "in"
        },
        {
          "si": 3,
          "sti": 13,
          "dti": 72,
          "sco": 70,
          "dco": 368,
          "txt": "1974"
        },
        {
          "si": 3,
          "sti": 14,
          "dti": 73,
          "sco": 75,
          "dco": 373,
          "txt": "and"
        },
        {
          "si": 3,
          "sti": 15,
          "dti": 74,
          "sco": 79,
          "dco": 377,
          "txt": "its"
        },
        {
          "si": 3,
          "sti": 16,
          "dti": 75,
          "sco": 83,
          "dco": 381,
          "txt": "power"
        },
        {
          "si": 3,
          "sti": 17,
          "dti": 76,
          "sco": 89,
          "dco": 387,
          "txt": "plant"
        },
        {
          "si": 3,
          "sti": 18,
          "dti": 77,
          "sco": 95,
          "dco": 393,
          "txt": "was"
        },
        {
          "si": 3,
          "sti": 19,
          "dti": 78,
          "sco": 99,
          "dco": 397,
          "txt": "commissioned"
        },
        {
          "si": 3,
          "sti": 20,
          "dti": 79,
          "sco": 112,
          "dco": 410,
          "txt": "in"
        },
        {
          "si": 3,
          "sti": 21,
          "dti": 80,
          "sco": 115,
          "dco": 413,
          "txt": "1980"
        },
        {
          "si": 3,
          "sti": 22,
          "dti": 81,
          "sco": 119,
          "dco": 417,
          "txt": "."
        },
        {
          "si": 4,
          "sti": 0,
          "dti": 82,
          "sco": 0,
          "dco": 419,
          "txt": "Background"
        },
        {
          "si": 4,
          "sti": 1,
          "dti": 83,
          "sco": 10,
          "dco": 429,
          "txt": "."
        },
        {
          "si": 5,
          "sti": 0,
          "dti": 84,
          "sco": 0,
          "dco": 431,
          "txt": "Between"
        },
        {
          "si": 5,
          "sti": 1,
          "dti": 85,
          "sco": 8,
          "dco": 439,
          "txt": "1951"
        },
        {
          "si": 5,
          "sti": 2,
          "dti": 86,
          "sco": 13,
          "dco": 444,
          "txt": "and"
        },
        {
          "si": 5,
          "sti": 3,
          "dti": 87,
          "sco": 17,
          "dco": 448,
          "txt": "1955"
        },
        {
          "si": 5,
          "sti": 4,
          "dti": 88,
          "sco": 21,
          "dco": 452,
          "txt": ","
        },
        {
          "si": 5,
          "sti": 5,
          "dti": 89,
          "sco": 23,
          "dco": 454,
          "txt": "construction"
        },
        {
          "si": 5,
          "sti": 6,
          "dti": 90,
          "sco": 36,
          "dco": 467,
          "txt": "of"
        },
        {
          "si": 5,
          "sti": 7,
          "dti": 91,
          "sco": 39,
          "dco": 470,
          "txt": "the"
        },
        {
          "si": 5,
          "sti": 8,
          "dti": 92,
          "sco": 43,
          "dco": 474,
          "txt": "Ust"
        },
        {
          "si": 5,
          "sti": 9,
          "dti": 93,
          "sco": 46,
          "dco": 477,
          "txt": "-"
        },
        {
          "si": 5,
          "sti": 10,
          "dti": 94,
          "sco": 47,
          "dco": 478,
          "txt": "Ilimsk"
        },
        {
          "si": 5,
          "sti": 11,
          "dti": 95,
          "sco": 54,
          "dco": 485,
          "txt": "HPS"
        },
        {
          "si": 5,
          "sti": 12,
          "dti": 96,
          "sco": 58,
          "dco": 489,
          "txt": "was"
        },
        {
          "si": 5,
          "sti": 13,
          "dti": 97,
          "sco": 62,
          "dco": 493,
          "txt": "designated"
        },
        {
          "si": 5,
          "sti": 14,
          "dti": 98,
          "sco": 73,
          "dco": 504,
          "txt": "as"
        },
        {
          "si": 5,
          "sti": 15,
          "dti": 99,
          "sco": 76,
          "dco": 507,
          "txt": "a"
        },
        {
          "si": 5,
          "sti": 16,
          "dti": 100,
          "sco": 78,
          "dco": 509,
          "txt": "priority"
        },
        {
          "si": 5,
          "sti": 17,
          "dti": 101,
          "sco": 87,
          "dco": 518,
          "txt": "and"
        },
        {
          "si": 5,
          "sti": 18,
          "dti": 102,
          "sco": 91,
          "dco": 522,
          "txt": "in"
        },
        {
          "si": 5,
          "sti": 19,
          "dti": 103,
          "sco": 94,
          "dco": 525,
          "txt": "September"
        },
        {
          "si": 5,
          "sti": 20,
          "dti": 104,
          "sco": 104,
          "dco": 535,
          "txt": "1960"
        },
        {
          "si": 5,
          "sti": 21,
          "dti": 105,
          "sco": 108,
          "dco": 539,
          "txt": ","
        },
        {
          "si": 5,
          "sti": 22,
          "dti": 106,
          "sco": 110,
          "dco": 541,
          "txt": "the"
        },
        {
          "si": 5,
          "sti": 23,
          "dti": 107,
          "sco": 114,
          "dco": 545,
          "txt": "State"
        },
        {
          "si": 5,
          "sti": 24,
          "dti": 108,
          "sco": 120,
          "dco": 551,
          "txt": "Commission"
        },
        {
          "si": 5,
          "sti": 25,
          "dti": 109,
          "sco": 131,
          "dco": 562,
          "txt": "determined"
        },
        {
          "si": 5,
          "sti": 26,
          "dti": 110,
          "sco": 142,
          "dco": 573,
          "txt": "the"
        },
        {
          "si": 5,
          "sti": 27,
          "dti": 111,
          "sco": 146,
          "dco": 577,
          "txt": "most"
        },
        {
          "si": 5,
          "sti": 28,
          "dti": 112,
          "sco": 151,
          "dco": 582,
          "txt": "suitable"
        },
        {
          "si": 5,
          "sti": 29,
          "dti": 113,
          "sco": 160,
          "dco": 591,
          "txt": "spot"
        },
        {
          "si": 5,
          "sti": 30,
          "dti": 114,
          "sco": 165,
          "dco": 596,
          "txt": "for"
        },
        {
          "si": 5,
          "sti": 31,
          "dti": 115,
          "sco": 169,
          "dco": 600,
          "txt": "the"
        },
        {
          "si": 5,
          "sti": 32,
          "dti": 116,
          "sco": 173,
          "dco": 604,
          "txt": "dam"
        },
        {
          "si": 5,
          "sti": 33,
          "dti": 117,
          "sco": 176,
          "dco": 607,
          "txt": "."
        },
        {
          "si": 6,
          "sti": 0,
          "dti": 118,
          "sco": 0,
          "dco": 609,
          "txt": "It"
        },
        {
          "si": 6,
          "sti": 1,
          "dti": 119,
          "sco": 3,
          "dco": 612,
          "txt": "would"
        },
        {
          "si": 6,
          "sti": 2,
          "dti": 120,
          "sco": 9,
          "dco": 618,
          "txt": "be"
        },
        {
          "si": 6,
          "sti": 3,
          "dti": 121,
          "sco": 12,
          "dco": 621,
          "txt": "constructed"
        },
        {
          "si": 6,
          "sti": 4,
          "dti": 122,
          "sco": 24,
          "dco": 633,
          "txt": "on"
        },
        {
          "si": 6,
          "sti": 5,
          "dti": 123,
          "sco": 27,
          "dco": 636,
          "txt": "the"
        },
        {
          "si": 6,
          "sti": 6,
          "dti": 124,
          "sco": 31,
          "dco": 640,
          "txt": "Angara"
        },
        {
          "si": 6,
          "sti": 7,
          "dti": 125,
          "sco": 38,
          "dco": 647,
          "txt": "River"
        },
        {
          "si": 6,
          "sti": 8,
          "dti": 126,
          "sco": 43,
          "dco": 652,
          "txt": ","
        },
        {
          "si": 6,
          "sti": 9,
          "dti": 127,
          "sco": 45,
          "dco": 654,
          "txt": "below"
        },
        {
          "si": 6,
          "sti": 10,
          "dti": 128,
          "sco": 51,
          "dco": 660,
          "txt": "the"
        },
        {
          "si": 6,
          "sti": 11,
          "dti": 129,
          "sco": 55,
          "dco": 664,
          "txt": "mouth"
        },
        {
          "si": 6,
          "sti": 12,
          "dti": 130,
          "sco": 61,
          "dco": 670,
          "txt": "of"
        },
        {
          "si": 6,
          "sti": 13,
          "dti": 131,
          "sco": 64,
          "dco": 673,
          "txt": "the"
        },
        {
          "si": 6,
          "sti": 14,
          "dti": 132,
          "sco": 68,
          "dco": 677,
          "txt": "Ilim"
        },
        {
          "si": 6,
          "sti": 15,
          "dti": 133,
          "sco": 73,
          "dco": 682,
          "txt": "River"
        },
        {
          "si": 6,
          "sti": 16,
          "dti": 134,
          "sco": 78,
          "dco": 687,
          "txt": "."
        },
        {
          "si": 7,
          "sti": 0,
          "dti": 135,
          "sco": 0,
          "dco": 689,
          "txt": "Gidroproekt"
        },
        {
          "si": 7,
          "sti": 1,
          "dti": 136,
          "sco": 12,
          "dco": 701,
          "txt": "All"
        },
        {
          "si": 7,
          "sti": 2,
          "dti": 137,
          "sco": 15,
          "dco": 704,
          "txt": "-"
        },
        {
          "si": 7,
          "sti": 3,
          "dti": 138,
          "sco": 16,
          "dco": 705,
          "txt": "Union"
        },
        {
          "si": 7,
          "sti": 4,
          "dti": 139,
          "sco": 22,
          "dco": 711,
          "txt": "Design"
        },
        {
          "si": 7,
          "sti": 5,
          "dti": 140,
          "sco": 29,
          "dco": 718,
          "txt": "and"
        },
        {
          "si": 7,
          "sti": 6,
          "dti": 141,
          "sco": 33,
          "dco": 722,
          "txt": "Exploratory"
        },
        {
          "si": 7,
          "sti": 7,
          "dti": 142,
          "sco": 45,
          "dco": 734,
          "txt": "Institute"
        },
        {
          "si": 7,
          "sti": 8,
          "dti": 143,
          "sco": 55,
          "dco": 744,
          "txt": "produced"
        },
        {
          "si": 7,
          "sti": 9,
          "dti": 144,
          "sco": 64,
          "dco": 753,
          "txt": "the"
        },
        {
          "si": 7,
          "sti": 10,
          "dti": 145,
          "sco": 68,
          "dco": 757,
          "txt": "design"
        },
        {
          "si": 7,
          "sti": 11,
          "dti": 146,
          "sco": 75,
          "dco": 764,
          "txt": "of"
        },
        {
          "si": 7,
          "sti": 12,
          "dti": 147,
          "sco": 78,
          "dco": 767,
          "txt": "the"
        },
        {
          "si": 7,
          "sti": 13,
          "dti": 148,
          "sco": 82,
          "dco": 771,
          "txt": "HPS"
        },
        {
          "si": 7,
          "sti": 14,
          "dti": 149,
          "sco": 86,
          "dco": 775,
          "txt": "and"
        },
        {
          "si": 7,
          "sti": 15,
          "dti": 150,
          "sco": 90,
          "dco": 779,
          "txt": "on"
        },
        {
          "si": 7,
          "sti": 16,
          "dti": 151,
          "sco": 93,
          "dco": 782,
          "txt": "June"
        },
        {
          "si": 7,
          "sti": 17,
          "dti": 152,
          "sco": 98,
          "dco": 787,
          "txt": "8"
        },
        {
          "si": 7,
          "sti": 18,
          "dti": 153,
          "sco": 99,
          "dco": 788,
          "txt": ","
        },
        {
          "si": 7,
          "sti": 19,
          "dti": 154,
          "sco": 101,
          "dco": 790,
          "txt": "1962"
        },
        {
          "si": 7,
          "sti": 20,
          "dti": 155,
          "sco": 105,
          "dco": 794,
          "txt": ","
        },
        {
          "si": 7,
          "sti": 21,
          "dti": 156,
          "sco": 107,
          "dco": 796,
          "txt": "the"
        },
        {
          "si": 7,
          "sti": 22,
          "dti": 157,
          "sco": 111,
          "dco": 800,
          "txt": "Central"
        },
        {
          "si": 7,
          "sti": 23,
          "dti": 158,
          "sco": 119,
          "dco": 808,
          "txt": "Committee"
        },
        {
          "si": 7,
          "sti": 24,
          "dti": 159,
          "sco": 129,
          "dco": 818,
          "txt": "of"
        },
        {
          "si": 7,
          "sti": 25,
          "dti": 160,
          "sco": 132,
          "dco": 821,
          "txt": "the"
        },
        {
          "si": 7,
          "sti": 26,
          "dti": 161,
          "sco": 136,
          "dco": 825,
          "txt": "CPSU"
        },
        {
          "si": 7,
          "sti": 27,
          "dti": 162,
          "sco": 141,
          "dco": 830,
          "txt": "and"
        },
        {
          "si": 7,
          "sti": 28,
          "dti": 163,
          "sco": 145,
          "dco": 834,
          "txt": "Ministerial"
        },
        {
          "si": 7,
          "sti": 29,
          "dti": 164,
          "sco": 157,
          "dco": 846,
          "txt": "Council"
        },
        {
          "si": 7,
          "sti": 30,
          "dti": 165,
          "sco": 165,
          "dco": 854,
          "txt": "of"
        },
        {
          "si": 7,
          "sti": 31,
          "dti": 166,
          "sco": 168,
          "dco": 857,
          "txt": "the"
        },
        {
          "si": 7,
          "sti": 32,
          "dti": 167,
          "sco": 172,
          "dco": 861,
          "txt": "USSR"
        },
        {
          "si": 7,
          "sti": 33,
          "dti": 168,
          "sco": 177,
          "dco": 866,
          "txt": "determined"
        },
        {
          "si": 7,
          "sti": 34,
          "dti": 169,
          "sco": 188,
          "dco": 877,
          "txt": "the"
        },
        {
          "si": 7,
          "sti": 35,
          "dti": 170,
          "sco": 192,
          "dco": 881,
          "txt": "schedule"
        },
        {
          "si": 7,
          "sti": 36,
          "dti": 171,
          "sco": 201,
          "dco": 890,
          "txt": "of"
        },
        {
          "si": 7,
          "sti": 37,
          "dti": 172,
          "sco": 204,
          "dco": 893,
          "txt": "construction"
        },
        {
          "si": 7,
          "sti": 38,
          "dti": 173,
          "sco": 217,
          "dco": 906,
          "txt": "and"
        },
        {
          "si": 7,
          "sti": 39,
          "dti": 174,
          "sco": 221,
          "dco": 910,
          "txt": "the"
        },
        {
          "si": 7,
          "sti": 40,
          "dti": 175,
          "sco": 225,
          "dco": 914,
          "txt": "project"
        },
        {
          "si": 7,
          "sti": 41,
          "dti": 176,
          "sco": 232,
          "dco": 921,
          "txt": "'"
        },
        {
          "si": 7,
          "sti": 42,
          "dti": 177,
          "sco": 233,
          "dco": 922,
          "txt": "s"
        },
        {
          "si": 7,
          "sti": 43,
          "dti": 178,
          "sco": 235,
          "dco": 924,
          "txt": "scope"
        },
        {
          "si": 7,
          "sti": 44,
          "dti": 179,
          "sco": 240,
          "dco": 929,
          "txt": "."
        },
        {
          "si": 8,
          "sti": 0,
          "dti": 180,
          "sco": 0,
          "dco": 931,
          "txt": "Construction"
        },
        {
          "si": 8,
          "sti": 1,
          "dti": 181,
          "sco": 12,
          "dco": 943,
          "txt": "."
        },
        {
          "si": 9,
          "sti": 0,
          "dti": 182,
          "sco": 0,
          "dco": 945,
          "txt": "Construction"
        },
        {
          "si": 9,
          "sti": 1,
          "dti": 183,
          "sco": 13,
          "dco": 958,
          "txt": "on"
        },
        {
          "si": 9,
          "sti": 2,
          "dti": 184,
          "sco": 16,
          "dco": 961,
          "txt": "Stage"
        },
        {
          "si": 9,
          "sti": 3,
          "dti": 185,
          "sco": 22,
          "dco": 967,
          "txt": "I"
        },
        {
          "si": 9,
          "sti": 4,
          "dti": 186,
          "sco": 24,
          "dco": 969,
          "txt": "of"
        },
        {
          "si": 9,
          "sti": 5,
          "dti": 187,
          "sco": 27,
          "dco": 972,
          "txt": "the"
        },
        {
          "si": 9,
          "sti": 6,
          "dti": 188,
          "sco": 31,
          "dco": 976,
          "txt": "HPS"
        },
        {
          "si": 9,
          "sti": 7,
          "dti": 189,
          "sco": 35,
          "dco": 980,
          "txt": "began"
        },
        {
          "si": 9,
          "sti": 8,
          "dti": 190,
          "sco": 41,
          "dco": 986,
          "txt": "in"
        },
        {
          "si": 9,
          "sti": 9,
          "dti": 191,
          "sco": 44,
          "dco": 989,
          "txt": "1963"
        },
        {
          "si": 9,
          "sti": 10,
          "dti": 192,
          "sco": 48,
          "dco": 993,
          "txt": "."
        },
        {
          "si": 10,
          "sti": 0,
          "dti": 193,
          "sco": 0,
          "dco": 995,
          "txt": "This"
        },
        {
          "si": 10,
          "sti": 1,
          "dti": 194,
          "sco": 5,
          "dco": 1000,
          "txt": "included"
        },
        {
          "si": 10,
          "sti": 2,
          "dti": 195,
          "sco": 14,
          "dco": 1009,
          "txt": "preparing"
        },
        {
          "si": 10,
          "sti": 3,
          "dti": 196,
          "sco": 24,
          "dco": 1019,
          "txt": "the"
        },
        {
          "si": 10,
          "sti": 4,
          "dti": 197,
          "sco": 28,
          "dco": 1023,
          "txt": "dam"
        },
        {
          "si": 10,
          "sti": 5,
          "dti": 198,
          "sco": 31,
          "dco": 1026,
          "txt": "'"
        },
        {
          "si": 10,
          "sti": 6,
          "dti": 199,
          "sco": 32,
          "dco": 1027,
          "txt": "s"
        },
        {
          "si": 10,
          "sti": 7,
          "dti": 200,
          "sco": 34,
          "dco": 1029,
          "txt": "foundation"
        },
        {
          "si": 10,
          "sti": 8,
          "dti": 201,
          "sco": 44,
          "dco": 1039,
          "txt": ","
        },
        {
          "si": 10,
          "sti": 9,
          "dti": 202,
          "sco": 46,
          "dco": 1041,
          "txt": "various"
        },
        {
          "si": 10,
          "sti": 10,
          "dti": 203,
          "sco": 54,
          "dco": 1049,
          "txt": "construction"
        },
        {
          "si": 10,
          "sti": 11,
          "dti": 204,
          "sco": 67,
          "dco": 1062,
          "txt": "facilities"
        },
        {
          "si": 10,
          "sti": 12,
          "dti": 205,
          "sco": 78,
          "dco": 1073,
          "txt": "and"
        },
        {
          "si": 10,
          "sti": 13,
          "dti": 206,
          "sco": 82,
          "dco": 1077,
          "txt": "220"
        },
        {
          "si": 10,
          "sti": 14,
          "dti": 207,
          "sco": 86,
          "dco": 1081,
          "txt": "kV"
        },
        {
          "si": 10,
          "sti": 15,
          "dti": 208,
          "sco": 89,
          "dco": 1084,
          "txt": "power"
        },
        {
          "si": 10,
          "sti": 16,
          "dti": 209,
          "sco": 95,
          "dco": 1090,
          "txt": "lines"
        },
        {
          "si": 10,
          "sti": 17,
          "dti": 210,
          "sco": 100,
          "dco": 1095,
          "txt": "."
        },
        {
          "si": 11,
          "sti": 0,
          "dti": 211,
          "sco": 0,
          "dco": 1097,
          "txt": "In"
        },
        {
          "si": 11,
          "sti": 1,
          "dti": 212,
          "sco": 3,
          "dco": 1100,
          "txt": "addition"
        },
        {
          "si": 11,
          "sti": 2,
          "dti": 213,
          "sco": 11,
          "dco": 1108,
          "txt": ","
        },
        {
          "si": 11,
          "sti": 3,
          "dti": 214,
          "sco": 13,
          "dco": 1110,
          "txt": "the"
        },
        {
          "si": 11,
          "sti": 4,
          "dti": 215,
          "sco": 17,
          "dco": 1114,
          "txt": "village"
        },
        {
          "si": 11,
          "sti": 5,
          "dti": 216,
          "sco": 25,
          "dco": 1122,
          "txt": "of"
        },
        {
          "si": 11,
          "sti": 6,
          "dti": 217,
          "sco": 28,
          "dco": 1125,
          "txt": "Ust"
        },
        {
          "si": 11,
          "sti": 7,
          "dti": 218,
          "sco": 31,
          "dco": 1128,
          "txt": "-"
        },
        {
          "si": 11,
          "sti": 8,
          "dti": 219,
          "sco": 32,
          "dco": 1129,
          "txt": "Ilimsk"
        },
        {
          "si": 11,
          "sti": 9,
          "dti": 220,
          "sco": 39,
          "dco": 1136,
          "txt": "was"
        },
        {
          "si": 11,
          "sti": 10,
          "dti": 221,
          "sco": 43,
          "dco": 1140,
          "txt": "created"
        },
        {
          "si": 11,
          "sti": 11,
          "dti": 222,
          "sco": 51,
          "dco": 1148,
          "txt": "as"
        },
        {
          "si": 11,
          "sti": 12,
          "dti": 223,
          "sco": 54,
          "dco": 1151,
          "txt": "well"
        },
        {
          "si": 11,
          "sti": 13,
          "dti": 224,
          "sco": 59,
          "dco": 1156,
          "txt": "to"
        },
        {
          "si": 11,
          "sti": 14,
          "dti": 225,
          "sco": 62,
          "dco": 1159,
          "txt": "support"
        },
        {
          "si": 11,
          "sti": 15,
          "dti": 226,
          "sco": 70,
          "dco": 1167,
          "txt": "workers"
        },
        {
          "si": 11,
          "sti": 16,
          "dti": 227,
          "sco": 78,
          "dco": 1175,
          "txt": "on"
        },
        {
          "si": 11,
          "sti": 17,
          "dti": 228,
          "sco": 81,
          "dco": 1178,
          "txt": "the"
        },
        {
          "si": 11,
          "sti": 18,
          "dti": 229,
          "sco": 85,
          "dco": 1182,
          "txt": "project"
        },
        {
          "si": 11,
          "sti": 19,
          "dti": 230,
          "sco": 92,
          "dco": 1189,
          "txt": "."
        },
        {
          "si": 12,
          "sti": 0,
          "dti": 231,
          "sco": 0,
          "dco": 1191,
          "txt": "By"
        },
        {
          "si": 12,
          "sti": 1,
          "dti": 232,
          "sco": 3,
          "dco": 1194,
          "txt": "1966"
        },
        {
          "si": 12,
          "sti": 2,
          "dti": 233,
          "sco": 7,
          "dco": 1198,
          "txt": ","
        },
        {
          "si": 12,
          "sti": 3,
          "dti": 234,
          "sco": 9,
          "dco": 1200,
          "txt": "the"
        },
        {
          "si": 12,
          "sti": 4,
          "dti": 235,
          "sco": 13,
          "dco": 1204,
          "txt": "Bratsk"
        },
        {
          "si": 12,
          "sti": 5,
          "dti": 236,
          "sco": 19,
          "dco": 1210,
          "txt": "-"
        },
        {
          "si": 12,
          "sti": 6,
          "dti": 237,
          "sco": 20,
          "dco": 1211,
          "txt": "Ust"
        },
        {
          "si": 12,
          "sti": 7,
          "dti": 238,
          "sco": 23,
          "dco": 1214,
          "txt": "-"
        },
        {
          "si": 12,
          "sti": 8,
          "dti": 239,
          "sco": 24,
          "dco": 1215,
          "txt": "Ilimsk"
        },
        {
          "si": 12,
          "sti": 9,
          "dti": 240,
          "sco": 31,
          "dco": 1222,
          "txt": "motorway"
        },
        {
          "si": 12,
          "sti": 10,
          "dti": 241,
          "sco": 40,
          "dco": 1231,
          "txt": "was"
        },
        {
          "si": 12,
          "sti": 11,
          "dti": 242,
          "sco": 44,
          "dco": 1235,
          "txt": "opened"
        },
        {
          "si": 12,
          "sti": 12,
          "dti": 243,
          "sco": 51,
          "dco": 1242,
          "txt": "to"
        },
        {
          "si": 12,
          "sti": 13,
          "dti": 244,
          "sco": 54,
          "dco": 1245,
          "txt": "traffic"
        },
        {
          "si": 12,
          "sti": 14,
          "dti": 245,
          "sco": 62,
          "dco": 1253,
          "txt": "and"
        },
        {
          "si": 12,
          "sti": 15,
          "dti": 246,
          "sco": 66,
          "dco": 1257,
          "txt": "in"
        },
        {
          "si": 12,
          "sti": 16,
          "dti": 247,
          "sco": 69,
          "dco": 1260,
          "txt": "March"
        },
        {
          "si": 12,
          "sti": 17,
          "dti": 248,
          "sco": 75,
          "dco": 1266,
          "txt": "of"
        },
        {
          "si": 12,
          "sti": 18,
          "dti": 249,
          "sco": 78,
          "dco": 1269,
          "txt": "that"
        },
        {
          "si": 12,
          "sti": 19,
          "dti": 250,
          "sco": 83,
          "dco": 1274,
          "txt": "year"
        },
        {
          "si": 12,
          "sti": 20,
          "dti": 251,
          "sco": 87,
          "dco": 1278,
          "txt": ","
        },
        {
          "si": 12,
          "sti": 21,
          "dti": 252,
          "sco": 89,
          "dco": 1280,
          "txt": "construction"
        },
        {
          "si": 12,
          "sti": 22,
          "dti": 253,
          "sco": 102,
          "dco": 1293,
          "txt": "began"
        },
        {
          "si": 12,
          "sti": 23,
          "dti": 254,
          "sco": 108,
          "dco": 1299,
          "txt": "on"
        },
        {
          "si": 12,
          "sti": 24,
          "dti": 255,
          "sco": 111,
          "dco": 1302,
          "txt": "the"
        },
        {
          "si": 12,
          "sti": 25,
          "dti": 256,
          "sco": 115,
          "dco": 1306,
          "txt": "actual"
        },
        {
          "si": 12,
          "sti": 26,
          "dti": 257,
          "sco": 122,
          "dco": 1313,
          "txt": "power"
        },
        {
          "si": 12,
          "sti": 27,
          "dti": 258,
          "sco": 128,
          "dco": 1319,
          "txt": "plant"
        },
        {
          "si": 12,
          "sti": 28,
          "dti": 259,
          "sco": 133,
          "dco": 1324,
          "txt": "."
        },
        {
          "si": 13,
          "sti": 0,
          "dti": 260,
          "sco": 0,
          "dco": 1326,
          "txt": "On"
        },
        {
          "si": 13,
          "sti": 1,
          "dti": 261,
          "sco": 3,
          "dco": 1329,
          "txt": "April"
        },
        {
          "si": 13,
          "sti": 2,
          "dti": 262,
          "sco": 9,
          "dco": 1335,
          "txt": "22"
        },
        {
          "si": 13,
          "sti": 3,
          "dti": 263,
          "sco": 11,
          "dco": 1337,
          "txt": ","
        },
        {
          "si": 13,
          "sti": 4,
          "dti": 264,
          "sco": 13,
          "dco": 1339,
          "txt": "1968"
        },
        {
          "si": 13,
          "sti": 5,
          "dti": 265,
          "sco": 17,
          "dco": 1343,
          "txt": ","
        },
        {
          "si": 13,
          "sti": 6,
          "dti": 266,
          "sco": 19,
          "dco": 1345,
          "txt": "the"
        },
        {
          "si": 13,
          "sti": 7,
          "dti": 267,
          "sco": 23,
          "dco": 1349,
          "txt": "first"
        },
        {
          "si": 13,
          "sti": 8,
          "dti": 268,
          "sco": 29,
          "dco": 1355,
          "txt": "concrete"
        },
        {
          "si": 13,
          "sti": 9,
          "dti": 269,
          "sco": 38,
          "dco": 1364,
          "txt": "was"
        },
        {
          "si": 13,
          "sti": 10,
          "dti": 270,
          "sco": 42,
          "dco": 1368,
          "txt": "poured"
        },
        {
          "si": 13,
          "sti": 11,
          "dti": 271,
          "sco": 49,
          "dco": 1375,
          "txt": "into"
        },
        {
          "si": 13,
          "sti": 12,
          "dti": 272,
          "sco": 54,
          "dco": 1380,
          "txt": "the"
        },
        {
          "si": 13,
          "sti": 13,
          "dti": 273,
          "sco": 58,
          "dco": 1384,
          "txt": "dam"
        },
        {
          "si": 13,
          "sti": 14,
          "dti": 274,
          "sco": 61,
          "dco": 1387,
          "txt": "'"
        },
        {
          "si": 13,
          "sti": 15,
          "dti": 275,
          "sco": 62,
          "dco": 1388,
          "txt": "s"
        },
        {
          "si": 13,
          "sti": 16,
          "dti": 276,
          "sco": 64,
          "dco": 1390,
          "txt": "foundation"
        },
        {
          "si": 13,
          "sti": 17,
          "dti": 277,
          "sco": 75,
          "dco": 1401,
          "txt": "and"
        },
        {
          "si": 13,
          "sti": 18,
          "dti": 278,
          "sco": 79,
          "dco": 1405,
          "txt": "by"
        },
        {
          "si": 13,
          "sti": 19,
          "dti": 279,
          "sco": 82,
          "dco": 1408,
          "txt": "October"
        },
        {
          "si": 13,
          "sti": 20,
          "dti": 280,
          "sco": 90,
          "dco": 1416,
          "txt": "3"
        },
        {
          "si": 13,
          "sti": 21,
          "dti": 281,
          "sco": 91,
          "dco": 1417,
          "txt": ","
        },
        {
          "si": 13,
          "sti": 22,
          "dti": 282,
          "sco": 93,
          "dco": 1419,
          "txt": "1974"
        },
        {
          "si": 13,
          "sti": 23,
          "dti": 283,
          "sco": 97,
          "dco": 1423,
          "txt": ","
        },
        {
          "si": 13,
          "sti": 24,
          "dti": 284,
          "sco": 99,
          "dco": 1425,
          "txt": "the"
        },
        {
          "si": 13,
          "sti": 25,
          "dti": 285,
          "sco": 103,
          "dco": 1429,
          "txt": "dam"
        },
        {
          "si": 13,
          "sti": 26,
          "dti": 286,
          "sco": 107,
          "dco": 1433,
          "txt": "began"
        },
        {
          "si": 13,
          "sti": 27,
          "dti": 287,
          "sco": 113,
          "dco": 1439,
          "txt": "to"
        },
        {
          "si": 13,
          "sti": 28,
          "dti": 288,
          "sco": 116,
          "dco": 1442,
          "txt": "inundate"
        },
        {
          "si": 13,
          "sti": 29,
          "dti": 289,
          "sco": 125,
          "dco": 1451,
          "txt": "the"
        },
        {
          "si": 13,
          "sti": 30,
          "dti": 290,
          "sco": 129,
          "dco": 1455,
          "txt": "Angara"
        },
        {
          "si": 13,
          "sti": 31,
          "dti": 291,
          "sco": 136,
          "dco": 1462,
          "txt": "River"
        },
        {
          "si": 13,
          "sti": 32,
          "dti": 292,
          "sco": 141,
          "dco": 1467,
          "txt": ","
        },
        {
          "si": 13,
          "sti": 33,
          "dti": 293,
          "sco": 143,
          "dco": 1469,
          "txt": "creating"
        },
        {
          "si": 13,
          "sti": 34,
          "dti": 294,
          "sco": 152,
          "dco": 1478,
          "txt": "its"
        },
        {
          "si": 13,
          "sti": 35,
          "dti": 295,
          "sco": 156,
          "dco": 1482,
          "txt": "reservoir"
        },
        {
          "si": 13,
          "sti": 36,
          "dti": 296,
          "sco": 165,
          "dco": 1491,
          "txt": "."
        },
        {
          "si": 14,
          "sti": 0,
          "dti": 297,
          "sco": 0,
          "dco": 1493,
          "txt": "The"
        },
        {
          "si": 14,
          "sti": 1,
          "dti": 298,
          "sco": 4,
          "dco": 1497,
          "txt": "dam"
        },
        {
          "si": 14,
          "sti": 2,
          "dti": 299,
          "sco": 8,
          "dco": 1501,
          "txt": "was"
        },
        {
          "si": 14,
          "sti": 3,
          "dti": 300,
          "sco": 12,
          "dco": 1505,
          "txt": "accepted"
        },
        {
          "si": 14,
          "sti": 4,
          "dti": 301,
          "sco": 21,
          "dco": 1514,
          "txt": "for"
        },
        {
          "si": 14,
          "sti": 5,
          "dti": 302,
          "sco": 25,
          "dco": 1518,
          "txt": "industrial"
        },
        {
          "si": 14,
          "sti": 6,
          "dti": 303,
          "sco": 36,
          "dco": 1529,
          "txt": "operation"
        },
        {
          "si": 14,
          "sti": 7,
          "dti": 304,
          "sco": 46,
          "dco": 1539,
          "txt": "in"
        },
        {
          "si": 14,
          "sti": 8,
          "dti": 305,
          "sco": 49,
          "dco": 1542,
          "txt": "1980"
        },
        {
          "si": 14,
          "sti": 9,
          "dti": 306,
          "sco": 53,
          "dco": 1546,
          "txt": "."
        },
        {
          "si": 15,
          "sti": 0,
          "dti": 307,
          "sco": 0,
          "dco": 1548,
          "txt": "Generation"
        },
        {
          "si": 15,
          "sti": 1,
          "dti": 308,
          "sco": 10,
          "dco": 1558,
          "txt": "."
        },
        {
          "si": 16,
          "sti": 0,
          "dti": 309,
          "sco": 0,
          "dco": 1560,
          "txt": "By"
        },
        {
          "si": 16,
          "sti": 1,
          "dti": 310,
          "sco": 3,
          "dco": 1563,
          "txt": "1981"
        },
        {
          "si": 16,
          "sti": 2,
          "dti": 311,
          "sco": 7,
          "dco": 1567,
          "txt": ","
        },
        {
          "si": 16,
          "sti": 3,
          "dti": 312,
          "sco": 9,
          "dco": 1569,
          "txt": "the"
        },
        {
          "si": 16,
          "sti": 4,
          "dti": 313,
          "sco": 13,
          "dco": 1573,
          "txt": "HPS"
        },
        {
          "si": 16,
          "sti": 5,
          "dti": 314,
          "sco": 17,
          "dco": 1577,
          "txt": "had"
        },
        {
          "si": 16,
          "sti": 6,
          "dti": 315,
          "sco": 21,
          "dco": 1581,
          "txt": "generated"
        },
        {
          "si": 16,
          "sti": 7,
          "dti": 316,
          "sco": 31,
          "dco": 1591,
          "txt": "its"
        },
        {
          "si": 16,
          "sti": 8,
          "dti": 317,
          "sco": 35,
          "dco": 1595,
          "txt": "first"
        },
        {
          "si": 16,
          "sti": 9,
          "dti": 318,
          "sco": 41,
          "dco": 1601,
          "txt": "100"
        },
        {
          "si": 16,
          "sti": 10,
          "dti": 319,
          "sco": 45,
          "dco": 1605,
          "txt": "billion"
        },
        {
          "si": 16,
          "sti": 11,
          "dti": 320,
          "sco": 53,
          "dco": 1613,
          "txt": "kWh"
        },
        {
          "si": 16,
          "sti": 12,
          "dti": 321,
          "sco": 57,
          "dco": 1617,
          "txt": "which"
        },
        {
          "si": 16,
          "sti": 13,
          "dti": 322,
          "sco": 63,
          "dco": 1623,
          "txt": "had"
        },
        {
          "si": 16,
          "sti": 14,
          "dti": 323,
          "sco": 67,
          "dco": 1627,
          "txt": "doubled"
        },
        {
          "si": 16,
          "sti": 15,
          "dti": 324,
          "sco": 75,
          "dco": 1635,
          "txt": "by"
        },
        {
          "si": 16,
          "sti": 16,
          "dti": 325,
          "sco": 78,
          "dco": 1638,
          "txt": "1986"
        },
        {
          "si": 16,
          "sti": 17,
          "dti": 326,
          "sco": 83,
          "dco": 1643,
          "txt": "and"
        },
        {
          "si": 16,
          "sti": 18,
          "dti": 327,
          "sco": 87,
          "dco": 1647,
          "txt": "doubled"
        },
        {
          "si": 16,
          "sti": 19,
          "dti": 328,
          "sco": 95,
          "dco": 1655,
          "txt": "again"
        },
        {
          "si": 16,
          "sti": 20,
          "dti": 329,
          "sco": 101,
          "dco": 1661,
          "txt": "by"
        },
        {
          "si": 16,
          "sti": 21,
          "dti": 330,
          "sco": 104,
          "dco": 1664,
          "txt": "1995"
        },
        {
          "si": 16,
          "sti": 22,
          "dti": 331,
          "sco": 109,
          "dco": 1669,
          "txt": "with"
        },
        {
          "si": 16,
          "sti": 23,
          "dti": 332,
          "sco": 114,
          "dco": 1674,
          "txt": "400"
        },
        {
          "si": 16,
          "sti": 24,
          "dti": 333,
          "sco": 118,
          "dco": 1678,
          "txt": "billion"
        },
        {
          "si": 16,
          "sti": 25,
          "dti": 334,
          "sco": 126,
          "dco": 1686,
          "txt": "kWh"
        },
        {
          "si": 16,
          "sti": 26,
          "dti": 335,
          "sco": 129,
          "dco": 1689,
          "txt": "."
        },
        {
          "si": 17,
          "sti": 0,
          "dti": 336,
          "sco": 0,
          "dco": 1691,
          "txt": "By"
        },
        {
          "si": 17,
          "sti": 1,
          "dti": 337,
          "sco": 3,
          "dco": 1694,
          "txt": "October"
        },
        {
          "si": 17,
          "sti": 2,
          "dti": 338,
          "sco": 11,
          "dco": 1702,
          "txt": "1"
        },
        {
          "si": 17,
          "sti": 3,
          "dti": 339,
          "sco": 12,
          "dco": 1703,
          "txt": ","
        },
        {
          "si": 17,
          "sti": 4,
          "dti": 340,
          "sco": 14,
          "dco": 1705,
          "txt": "2005"
        },
        {
          "si": 17,
          "sti": 5,
          "dti": 341,
          "sco": 18,
          "dco": 1709,
          "txt": ","
        },
        {
          "si": 17,
          "sti": 6,
          "dti": 342,
          "sco": 20,
          "dco": 1711,
          "txt": "it"
        },
        {
          "si": 17,
          "sti": 7,
          "dti": 343,
          "sco": 23,
          "dco": 1714,
          "txt": "had"
        },
        {
          "si": 17,
          "sti": 8,
          "dti": 344,
          "sco": 27,
          "dco": 1718,
          "txt": "produced"
        },
        {
          "si": 17,
          "sti": 9,
          "dti": 345,
          "sco": 36,
          "dco": 1727,
          "txt": "600"
        },
        {
          "si": 17,
          "sti": 10,
          "dti": 346,
          "sco": 40,
          "dco": 1731,
          "txt": "billion"
        },
        {
          "si": 17,
          "sti": 11,
          "dti": 347,
          "sco": 48,
          "dco": 1739,
          "txt": "kWh"
        },
        {
          "si": 17,
          "sti": 12,
          "dti": 348,
          "sco": 52,
          "dco": 1743,
          "txt": "of"
        },
        {
          "si": 17,
          "sti": 13,
          "dti": 349,
          "sco": 55,
          "dco": 1746,
          "txt": "electricity"
        },
        {
          "si": 17,
          "sti": 14,
          "dti": 350,
          "sco": 66,
          "dco": 1757,
          "txt": "."
        },
        {
          "si": 18,
          "sti": 0,
          "dti": 351,
          "sco": 0,
          "dco": 1759,
          "txt": "For"
        },
        {
          "si": 18,
          "sti": 1,
          "dti": 352,
          "sco": 4,
          "dco": 1763,
          "txt": "comparison"
        },
        {
          "si": 18,
          "sti": 2,
          "dti": 353,
          "sco": 14,
          "dco": 1773,
          "txt": ","
        },
        {
          "si": 18,
          "sti": 3,
          "dti": 354,
          "sco": 16,
          "dco": 1775,
          "txt": "in"
        },
        {
          "si": 18,
          "sti": 4,
          "dti": 355,
          "sco": 19,
          "dco": 1778,
          "txt": "2008"
        },
        {
          "si": 18,
          "sti": 5,
          "dti": 356,
          "sco": 23,
          "dco": 1782,
          "txt": ","
        },
        {
          "si": 18,
          "sti": 6,
          "dti": 357,
          "sco": 25,
          "dco": 1784,
          "txt": "U"
        },
        {
          "si": 18,
          "sti": 7,
          "dti": 358,
          "sco": 26,
          "dco": 1785,
          "txt": "."
        },
        {
          "si": 18,
          "sti": 8,
          "dti": 359,
          "sco": 27,
          "dco": 1786,
          "txt": "S"
        },
        {
          "si": 18,
          "sti": 9,
          "dti": 360,
          "sco": 28,
          "dco": 1787,
          "txt": "."
        },
        {
          "si": 18,
          "sti": 10,
          "dti": 361,
          "sco": 30,
          "dco": 1789,
          "txt": "residential"
        },
        {
          "si": 18,
          "sti": 11,
          "dti": 362,
          "sco": 42,
          "dco": 1801,
          "txt": "and"
        },
        {
          "si": 18,
          "sti": 12,
          "dti": 363,
          "sco": 46,
          "dco": 1805,
          "txt": "commercial"
        },
        {
          "si": 18,
          "sti": 13,
          "dti": 364,
          "sco": 57,
          "dco": 1816,
          "txt": "sectors"
        },
        {
          "si": 18,
          "sti": 14,
          "dti": 365,
          "sco": 65,
          "dco": 1824,
          "txt": "consumed"
        },
        {
          "si": 18,
          "sti": 15,
          "dti": 366,
          "sco": 74,
          "dco": 1833,
          "txt": "about"
        },
        {
          "si": 18,
          "sti": 16,
          "dti": 367,
          "sco": 80,
          "dco": 1839,
          "txt": "517"
        },
        {
          "si": 18,
          "sti": 17,
          "dti": 368,
          "sco": 84,
          "dco": 1843,
          "txt": "billion"
        },
        {
          "si": 18,
          "sti": 18,
          "dti": 369,
          "sco": 92,
          "dco": 1851,
          "txt": "kWh"
        },
        {
          "si": 18,
          "sti": 19,
          "dti": 370,
          "sco": 96,
          "dco": 1855,
          "txt": "for"
        },
        {
          "si": 18,
          "sti": 20,
          "dti": 371,
          "sco": 100,
          "dco": 1859,
          "txt": "lighting"
        },
        {
          "si": 18,
          "sti": 21,
          "dti": 372,
          "sco": 108,
          "dco": 1867,
          "txt": "."
        },
        {
          "si": 19,
          "sti": 0,
          "dti": 373,
          "sco": 0,
          "dco": 1869,
          "txt": "On"
        },
        {
          "si": 19,
          "sti": 1,
          "dti": 374,
          "sco": 3,
          "dco": 1872,
          "txt": "average"
        },
        {
          "si": 19,
          "sti": 2,
          "dti": 375,
          "sco": 10,
          "dco": 1879,
          "txt": ","
        },
        {
          "si": 19,
          "sti": 3,
          "dti": 376,
          "sco": 12,
          "dco": 1881,
          "txt": "the"
        },
        {
          "si": 19,
          "sti": 4,
          "dti": 377,
          "sco": 16,
          "dco": 1885,
          "txt": "station"
        },
        {
          "si": 19,
          "sti": 5,
          "dti": 378,
          "sco": 24,
          "dco": 1893,
          "txt": "produces"
        },
        {
          "si": 19,
          "sti": 6,
          "dti": 379,
          "sco": 33,
          "dco": 1902,
          "txt": "21"
        },
        {
          "si": 19,
          "sti": 7,
          "dti": 380,
          "sco": 35,
          "dco": 1904,
          "txt": "."
        },
        {
          "si": 19,
          "sti": 8,
          "dti": 381,
          "sco": 36,
          "dco": 1905,
          "txt": "7"
        },
        {
          "si": 19,
          "sti": 9,
          "dti": 382,
          "sco": 38,
          "dco": 1907,
          "txt": "billion"
        },
        {
          "si": 19,
          "sti": 10,
          "dti": 383,
          "sco": 46,
          "dco": 1915,
          "txt": "kWh"
        },
        {
          "si": 19,
          "sti": 11,
          "dti": 384,
          "sco": 50,
          "dco": 1919,
          "txt": "annually"
        },
        {
          "si": 19,
          "sti": 12,
          "dti": 385,
          "sco": 59,
          "dco": 1928,
          "txt": "and"
        },
        {
          "si": 19,
          "sti": 13,
          "dti": 386,
          "sco": 63,
          "dco": 1932,
          "txt": "utilizes"
        },
        {
          "si": 19,
          "sti": 14,
          "dti": 387,
          "sco": 72,
          "dco": 1941,
          "txt": "its"
        },
        {
          "si": 19,
          "sti": 15,
          "dti": 388,
          "sco": 76,
          "dco": 1945,
          "txt": "installed"
        },
        {
          "si": 19,
          "sti": 16,
          "dti": 389,
          "sco": 86,
          "dco": 1955,
          "txt": "capacity"
        },
        {
          "si": 19,
          "sti": 17,
          "dti": 390,
          "sco": 95,
          "dco": 1964,
          "txt": "for"
        },
        {
          "si": 19,
          "sti": 18,
          "dti": 391,
          "sco": 99,
          "dco": 1968,
          "txt": "5"
        },
        {
          "si": 19,
          "sti": 19,
          "dti": 392,
          "sco": 100,
          "dco": 1969,
          "txt": ","
        },
        {
          "si": 19,
          "sti": 20,
          "dti": 393,
          "sco": 101,
          "dco": 1970,
          "txt": "050"
        },
        {
          "si": 19,
          "sti": 21,
          "dti": 394,
          "sco": 105,
          "dco": 1974,
          "txt": "hours"
        },
        {
          "si": 19,
          "sti": 22,
          "dti": 395,
          "sco": 111,
          "dco": 1980,
          "txt": "out"
        },
        {
          "si": 19,
          "sti": 23,
          "dti": 396,
          "sco": 115,
          "dco": 1984,
          "txt": "of"
        },
        {
          "si": 19,
          "sti": 24,
          "dti": 397,
          "sco": 118,
          "dco": 1987,
          "txt": "8"
        },
        {
          "si": 19,
          "sti": 25,
          "dti": 398,
          "sco": 119,
          "dco": 1988,
          "txt": ","
        },
        {
          "si": 19,
          "sti": 26,
          "dti": 399,
          "sco": 120,
          "dco": 1989,
          "txt": "760"
        },
        {
          "si": 19,
          "sti": 27,
          "dti": 400,
          "sco": 124,
          "dco": 1993,
          "txt": "a"
        },
        {
          "si": 19,
          "sti": 28,
          "dti": 401,
          "sco": 126,
          "dco": 1995,
          "txt": "year"
        },
        {
          "si": 19,
          "sti": 29,
          "dti": 402,
          "sco": 130,
          "dco": 1999,
          "txt": "."
        },
        {
          "si": 20,
          "sti": 0,
          "dti": 403,
          "sco": 0,
          "dco": 2001,
          "txt": "Specifications"
        },
        {
          "si": 20,
          "sti": 1,
          "dti": 404,
          "sco": 14,
          "dco": 2015,
          "txt": "."
        },
        {
          "si": 21,
          "sti": 0,
          "dti": 405,
          "sco": 0,
          "dco": 2017,
          "txt": "The"
        },
        {
          "si": 21,
          "sti": 1,
          "dti": 406,
          "sco": 4,
          "dco": 2021,
          "txt": "main"
        },
        {
          "si": 21,
          "sti": 2,
          "dti": 407,
          "sco": 9,
          "dco": 2026,
          "txt": "dam"
        },
        {
          "si": 21,
          "sti": 3,
          "dti": 408,
          "sco": 13,
          "dco": 2030,
          "txt": "is"
        },
        {
          "si": 21,
          "sti": 4,
          "dti": 409,
          "sco": 16,
          "dco": 2033,
          "txt": "long"
        },
        {
          "si": 21,
          "sti": 5,
          "dti": 410,
          "sco": 21,
          "dco": 2038,
          "txt": "and"
        },
        {
          "si": 21,
          "sti": 6,
          "dti": 411,
          "sco": 25,
          "dco": 2042,
          "txt": "high"
        },
        {
          "si": 21,
          "sti": 7,
          "dti": 412,
          "sco": 30,
          "dco": 2047,
          "txt": "with"
        },
        {
          "si": 21,
          "sti": 8,
          "dti": 413,
          "sco": 35,
          "dco": 2052,
          "txt": "a"
        },
        {
          "si": 21,
          "sti": 9,
          "dti": 414,
          "sco": 37,
          "dco": 2054,
          "txt": "spillway"
        },
        {
          "si": 21,
          "sti": 10,
          "dti": 415,
          "sco": 46,
          "dco": 2063,
          "txt": "of"
        },
        {
          "si": 21,
          "sti": 11,
          "dti": 416,
          "sco": 49,
          "dco": 2066,
          "txt": "in"
        },
        {
          "si": 21,
          "sti": 12,
          "dti": 417,
          "sco": 52,
          "dco": 2069,
          "txt": "length"
        },
        {
          "si": 21,
          "sti": 13,
          "dti": 418,
          "sco": 58,
          "dco": 2075,
          "txt": "."
        },
        {
          "si": 22,
          "sti": 0,
          "dti": 419,
          "sco": 0,
          "dco": 2077,
          "txt": "It"
        },
        {
          "si": 22,
          "sti": 1,
          "dti": 420,
          "sco": 3,
          "dco": 2080,
          "txt": "is"
        },
        {
          "si": 22,
          "sti": 2,
          "dti": 421,
          "sco": 6,
          "dco": 2083,
          "txt": "flanked"
        },
        {
          "si": 22,
          "sti": 3,
          "dti": 422,
          "sco": 14,
          "dco": 2091,
          "txt": "by"
        },
        {
          "si": 22,
          "sti": 4,
          "dti": 423,
          "sco": 17,
          "dco": 2094,
          "txt": "two"
        },
        {
          "si": 22,
          "sti": 5,
          "dti": 424,
          "sco": 21,
          "dco": 2098,
          "txt": "earth"
        },
        {
          "si": 22,
          "sti": 6,
          "dti": 425,
          "sco": 26,
          "dco": 2103,
          "txt": "-"
        },
        {
          "si": 22,
          "sti": 7,
          "dti": 426,
          "sco": 27,
          "dco": 2104,
          "txt": "fill"
        },
        {
          "si": 22,
          "sti": 8,
          "dti": 427,
          "sco": 32,
          "dco": 2109,
          "txt": "auxiliary"
        },
        {
          "si": 22,
          "sti": 9,
          "dti": 428,
          "sco": 42,
          "dco": 2119,
          "txt": "dams"
        },
        {
          "si": 22,
          "sti": 10,
          "dti": 429,
          "sco": 46,
          "dco": 2123,
          "txt": ","
        },
        {
          "si": 22,
          "sti": 11,
          "dti": 430,
          "sco": 48,
          "dco": 2125,
          "txt": "the"
        },
        {
          "si": 22,
          "sti": 12,
          "dti": 431,
          "sco": 52,
          "dco": 2129,
          "txt": "one"
        },
        {
          "si": 22,
          "sti": 13,
          "dti": 432,
          "sco": 56,
          "dco": 2133,
          "txt": "on"
        },
        {
          "si": 22,
          "sti": 14,
          "dti": 433,
          "sco": 59,
          "dco": 2136,
          "txt": "its"
        },
        {
          "si": 22,
          "sti": 15,
          "dti": 434,
          "sco": 63,
          "dco": 2140,
          "txt": "left"
        },
        {
          "si": 22,
          "sti": 16,
          "dti": 435,
          "sco": 68,
          "dco": 2145,
          "txt": "("
        },
        {
          "si": 22,
          "sti": 17,
          "dti": 436,
          "sco": 69,
          "dco": 2146,
          "txt": "west"
        },
        {
          "si": 22,
          "sti": 18,
          "dti": 437,
          "sco": 73,
          "dco": 2150,
          "txt": ")"
        },
        {
          "si": 22,
          "sti": 19,
          "dti": 438,
          "sco": 75,
          "dco": 2152,
          "txt": "bank"
        },
        {
          "si": 22,
          "sti": 20,
          "dti": 439,
          "sco": 80,
          "dco": 2157,
          "txt": "that"
        },
        {
          "si": 22,
          "sti": 21,
          "dti": 440,
          "sco": 85,
          "dco": 2162,
          "txt": "is"
        },
        {
          "si": 22,
          "sti": 22,
          "dti": 441,
          "sco": 88,
          "dco": 2165,
          "txt": "long"
        },
        {
          "si": 22,
          "sti": 23,
          "dti": 442,
          "sco": 93,
          "dco": 2170,
          "txt": "and"
        },
        {
          "si": 22,
          "sti": 24,
          "dti": 443,
          "sco": 97,
          "dco": 2174,
          "txt": "high"
        },
        {
          "si": 22,
          "sti": 25,
          "dti": 444,
          "sco": 101,
          "dco": 2178,
          "txt": "."
        },
        {
          "si": 23,
          "sti": 0,
          "dti": 445,
          "sco": 0,
          "dco": 2180,
          "txt": "On"
        },
        {
          "si": 23,
          "sti": 1,
          "dti": 446,
          "sco": 3,
          "dco": 2183,
          "txt": "the"
        },
        {
          "si": 23,
          "sti": 2,
          "dti": 447,
          "sco": 7,
          "dco": 2187,
          "txt": "right"
        },
        {
          "si": 23,
          "sti": 3,
          "dti": 448,
          "sco": 13,
          "dco": 2193,
          "txt": "("
        },
        {
          "si": 23,
          "sti": 4,
          "dti": 449,
          "sco": 14,
          "dco": 2194,
          "txt": "east"
        },
        {
          "si": 23,
          "sti": 5,
          "dti": 450,
          "sco": 18,
          "dco": 2198,
          "txt": ")"
        },
        {
          "si": 23,
          "sti": 6,
          "dti": 451,
          "sco": 20,
          "dco": 2200,
          "txt": "bank"
        },
        {
          "si": 23,
          "sti": 7,
          "dti": 452,
          "sco": 24,
          "dco": 2204,
          "txt": ","
        },
        {
          "si": 23,
          "sti": 8,
          "dti": 453,
          "sco": 26,
          "dco": 2206,
          "txt": "the"
        },
        {
          "si": 23,
          "sti": 9,
          "dti": 454,
          "sco": 30,
          "dco": 2210,
          "txt": "auxiliary"
        },
        {
          "si": 23,
          "sti": 10,
          "dti": 455,
          "sco": 40,
          "dco": 2220,
          "txt": "dam"
        },
        {
          "si": 23,
          "sti": 11,
          "dti": 456,
          "sco": 44,
          "dco": 2224,
          "txt": "is"
        },
        {
          "si": 23,
          "sti": 12,
          "dti": 457,
          "sco": 47,
          "dco": 2227,
          "txt": "long"
        },
        {
          "si": 23,
          "sti": 13,
          "dti": 458,
          "sco": 52,
          "dco": 2232,
          "txt": "and"
        },
        {
          "si": 23,
          "sti": 14,
          "dti": 459,
          "sco": 56,
          "dco": 2236,
          "txt": "high"
        },
        {
          "si": 23,
          "sti": 15,
          "dti": 460,
          "sco": 60,
          "dco": 2240,
          "txt": "."
        },
        {
          "si": 24,
          "sti": 0,
          "dti": 461,
          "sco": 0,
          "dco": 2242,
          "txt": "The"
        },
        {
          "si": 24,
          "sti": 1,
          "dti": 462,
          "sco": 4,
          "dco": 2246,
          "txt": "power"
        },
        {
          "si": 24,
          "sti": 2,
          "dti": 463,
          "sco": 10,
          "dco": 2252,
          "txt": "station"
        },
        {
          "si": 24,
          "sti": 3,
          "dti": 464,
          "sco": 18,
          "dco": 2260,
          "txt": "is"
        },
        {
          "si": 24,
          "sti": 4,
          "dti": 465,
          "sco": 21,
          "dco": 2263,
          "txt": "located"
        },
        {
          "si": 24,
          "sti": 5,
          "dti": 466,
          "sco": 29,
          "dco": 2271,
          "txt": "on"
        },
        {
          "si": 24,
          "sti": 6,
          "dti": 467,
          "sco": 32,
          "dco": 2274,
          "txt": "the"
        },
        {
          "si": 24,
          "sti": 7,
          "dti": 468,
          "sco": 36,
          "dco": 2278,
          "txt": "right"
        },
        {
          "si": 24,
          "sti": 8,
          "dti": 469,
          "sco": 42,
          "dco": 2284,
          "txt": "("
        },
        {
          "si": 24,
          "sti": 9,
          "dti": 470,
          "sco": 43,
          "dco": 2285,
          "txt": "east"
        },
        {
          "si": 24,
          "sti": 10,
          "dti": 471,
          "sco": 47,
          "dco": 2289,
          "txt": ")"
        },
        {
          "si": 24,
          "sti": 11,
          "dti": 472,
          "sco": 49,
          "dco": 2291,
          "txt": "bank"
        },
        {
          "si": 24,
          "sti": 12,
          "dti": 473,
          "sco": 54,
          "dco": 2296,
          "txt": "and"
        },
        {
          "si": 24,
          "sti": 13,
          "dti": 474,
          "sco": 58,
          "dco": 2300,
          "txt": "is"
        },
        {
          "si": 24,
          "sti": 14,
          "dti": 475,
          "sco": 61,
          "dco": 2303,
          "txt": "long"
        },
        {
          "si": 24,
          "sti": 15,
          "dti": 476,
          "sco": 66,
          "dco": 2308,
          "txt": "and"
        },
        {
          "si": 24,
          "sti": 16,
          "dti": 477,
          "sco": 70,
          "dco": 2312,
          "txt": "houses"
        },
        {
          "si": 24,
          "sti": 17,
          "dti": 478,
          "sco": 77,
          "dco": 2319,
          "txt": "16"
        },
        {
          "si": 24,
          "sti": 18,
          "dti": 479,
          "sco": 80,
          "dco": 2322,
          "txt": "turbines"
        },
        {
          "si": 24,
          "sti": 19,
          "dti": 480,
          "sco": 89,
          "dco": 2331,
          "txt": "with"
        },
        {
          "si": 24,
          "sti": 20,
          "dti": 481,
          "sco": 94,
          "dco": 2336,
          "txt": "an"
        },
        {
          "si": 24,
          "sti": 21,
          "dti": 482,
          "sco": 97,
          "dco": 2339,
          "txt": "installed"
        },
        {
          "si": 24,
          "sti": 22,
          "dti": 483,
          "sco": 107,
          "dco": 2349,
          "txt": "capacity"
        },
        {
          "si": 24,
          "sti": 23,
          "dti": 484,
          "sco": 116,
          "dco": 2358,
          "txt": "of"
        },
        {
          "si": 24,
          "sti": 24,
          "dti": 485,
          "sco": 119,
          "dco": 2361,
          "txt": "3"
        },
        {
          "si": 24,
          "sti": 25,
          "dti": 486,
          "sco": 120,
          "dco": 2362,
          "txt": ","
        },
        {
          "si": 24,
          "sti": 26,
          "dti": 487,
          "sco": 121,
          "dco": 2363,
          "txt": "840"
        },
        {
          "si": 24,
          "sti": 27,
          "dti": 488,
          "sco": 125,
          "dco": 2367,
          "txt": "MW"
        },
        {
          "si": 24,
          "sti": 28,
          "dti": 489,
          "sco": 127,
          "dco": 2369,
          "txt": "."
        },
        {
          "si": 25,
          "sti": 0,
          "dti": 490,
          "sco": 0,
          "dco": 2371,
          "txt": "The"
        },
        {
          "si": 25,
          "sti": 1,
          "dti": 491,
          "sco": 4,
          "dco": 2375,
          "txt": "power"
        },
        {
          "si": 25,
          "sti": 2,
          "dti": 492,
          "sco": 10,
          "dco": 2381,
          "txt": "station"
        },
        {
          "si": 25,
          "sti": 3,
          "dti": 493,
          "sco": 18,
          "dco": 2389,
          "txt": "is"
        },
        {
          "si": 25,
          "sti": 4,
          "dti": 494,
          "sco": 21,
          "dco": 2392,
          "txt": "designed"
        },
        {
          "si": 25,
          "sti": 5,
          "dti": 495,
          "sco": 30,
          "dco": 2401,
          "txt": "to"
        },
        {
          "si": 25,
          "sti": 6,
          "dti": 496,
          "sco": 33,
          "dco": 2404,
          "txt": "support"
        },
        {
          "si": 25,
          "sti": 7,
          "dti": 497,
          "sco": 41,
          "dco": 2412,
          "txt": "another"
        },
        {
          "si": 25,
          "sti": 8,
          "dti": 498,
          "sco": 49,
          "dco": 2420,
          "txt": "two"
        },
        {
          "si": 25,
          "sti": 9,
          "dti": 499,
          "sco": 53,
          "dco": 2424,
          "txt": "turbines"
        },
        {
          "si": 25,
          "sti": 10,
          "dti": 500,
          "sco": 62,
          "dco": 2433,
          "txt": "which"
        },
        {
          "si": 25,
          "sti": 11,
          "dti": 501,
          "sco": 67,
          "dco": 2438,
          "txt": ","
        },
        {
          "si": 25,
          "sti": 12,
          "dti": 502,
          "sco": 69,
          "dco": 2440,
          "txt": "if"
        },
        {
          "si": 25,
          "sti": 13,
          "dti": 503,
          "sco": 72,
          "dco": 2443,
          "txt": "installed"
        },
        {
          "si": 25,
          "sti": 14,
          "dti": 504,
          "sco": 81,
          "dco": 2452,
          "txt": ","
        },
        {
          "si": 25,
          "sti": 15,
          "dti": 505,
          "sco": 83,
          "dco": 2454,
          "txt": "would"
        },
        {
          "si": 25,
          "sti": 16,
          "dti": 506,
          "sco": 89,
          "dco": 2460,
          "txt": "bring"
        },
        {
          "si": 25,
          "sti": 17,
          "dti": 507,
          "sco": 95,
          "dco": 2466,
          "txt": "its"
        },
        {
          "si": 25,
          "sti": 18,
          "dti": 508,
          "sco": 99,
          "dco": 2470,
          "txt": "capacity"
        },
        {
          "si": 25,
          "sti": 19,
          "dti": 509,
          "sco": 108,
          "dco": 2479,
          "txt": "up"
        },
        {
          "si": 25,
          "sti": 20,
          "dti": 510,
          "sco": 111,
          "dco": 2482,
          "txt": "to"
        },
        {
          "si": 25,
          "sti": 21,
          "dti": 511,
          "sco": 114,
          "dco": 2485,
          "txt": "4"
        },
        {
          "si": 25,
          "sti": 22,
          "dti": 512,
          "sco": 115,
          "dco": 2486,
          "txt": ","
        },
        {
          "si": 25,
          "sti": 23,
          "dti": 513,
          "sco": 116,
          "dco": 2487,
          "txt": "320"
        },
        {
          "si": 25,
          "sti": 24,
          "dti": 514,
          "sco": 120,
          "dco": 2491,
          "txt": "MW"
        },
        {
          "si": 25,
          "sti": 25,
          "dti": 515,
          "sco": 122,
          "dco": 2493,
          "txt": "."
        }
      ]
    },
    "ganns": {
      "dla": [],
      "la": [],
      "ea": [],
      "eta": [
        {
          "ra": {
            "ea": {
              "etn": "Ust-Ilimsk_Hydroelectric_Power_Station"
            }
          },
          "sfs": [
            [
              {
                "stn": "status"
              },
              {}
            ]
          ],
          "mfs": [
            [
              {
                "stn": "rivers"
              },
              {
                "dla": [],
                "la": [],
                "ea": [
                  {
                    "etn": "Angara_River"
                  }
                ],
                "eta": []
              }
            ],
            [
              {
                "stn": "locations"
              },
              {
                "dla": [],
                "la": [],
                "ea": [
                  {
                    "etn": "Ust-Ilimsk"
                  },
                  {
                    "etn": "Irkutsk_Oblast"
                  },
                  {
                    "etn": "Russia"
                  }
                ],
                "eta": []
              }
            ],
            [
              {
                "stn": "openingYears"
              },
              {
                "dla": [
                  {
                    "txt": {
                      "sff": "1974"
                    },
                    "et": {
                      "etn": "Year"
                    },
                    "dp": {
                      "off": 368
                    }
                  }
                ],
                "la": [],
                "ea": [],
                "eta": []
              }
            ],
            [
              {
                "stn": "buildingStartYears"
              },
              {
                "dla": [
                  {
                    "txt": {
                      "sff": "1963"
                    },
                    "et": {
                      "etn": "Year"
                    },
                    "dp": {
                      "off": 331
                    }
                  }
                ],
                "la": [],
                "ea": [],
                "eta": []
              }
            ],
            [
              {
                "stn": "countries"
              },
              {
                "dla": [],
                "la": [],
                "ea": [],
                "eta": []
              }
            ]
          ]
        }
      ]
    }
  }
]
