[
  {
    "context": "TRAIN",
    "doc": {
      "id": "Wadagawa_Dam",
      "tl": [
        {
          "si": 0,
          "sti": 0,
          "dti": 0,
          "sco": 0,
          "dco": 0,
          "txt": "Wadagawa"
        },
        {
          "si": 0,
          "sti": 1,
          "dti": 1,
          "sco": 9,
          "dco": 9,
          "txt": "Dam"
        },
        {
          "si": 0,
          "sti": 2,
          "dti": 2,
          "sco": 12,
          "dco": 12,
          "txt": "."
        },
        {
          "si": 1,
          "sti": 0,
          "dti": 3,
          "sco": 0,
          "dco": 14,
          "txt": "The"
        },
        {
          "si": 1,
          "sti": 1,
          "dti": 4,
          "sco": 4,
          "dco": 18,
          "txt": "Wadagawa"
        },
        {
          "si": 1,
          "sti": 2,
          "dti": 5,
          "sco": 13,
          "dco": 27,
          "txt": "Dam"
        },
        {
          "si": 1,
          "sti": 3,
          "dti": 6,
          "sco": 17,
          "dco": 31,
          "txt": "is"
        },
        {
          "si": 1,
          "sti": 4,
          "dti": 7,
          "sco": 20,
          "dco": 34,
          "txt": "a"
        },
        {
          "si": 1,
          "sti": 5,
          "dti": 8,
          "sco": 22,
          "dco": 36,
          "txt": "gravity"
        },
        {
          "si": 1,
          "sti": 6,
          "dti": 9,
          "sco": 30,
          "dco": 44,
          "txt": "dam"
        },
        {
          "si": 1,
          "sti": 7,
          "dti": 10,
          "sco": 34,
          "dco": 48,
          "txt": "on"
        },
        {
          "si": 1,
          "sti": 8,
          "dti": 11,
          "sco": 37,
          "dco": 51,
          "txt": "the"
        },
        {
          "si": 1,
          "sti": 9,
          "dti": 12,
          "sco": 41,
          "dco": 55,
          "txt": "Wadagawa"
        },
        {
          "si": 1,
          "sti": 10,
          "dti": 13,
          "sco": 50,
          "dco": 64,
          "txt": "River"
        },
        {
          "si": 1,
          "sti": 11,
          "dti": 14,
          "sco": 56,
          "dco": 70,
          "txt": "("
        },
        {
          "si": 1,
          "sti": 12,
          "dti": 15,
          "sco": 57,
          "dco": 71,
          "txt": "a"
        },
        {
          "si": 1,
          "sti": 13,
          "dti": 16,
          "sco": 59,
          "dco": 73,
          "txt": "tributary"
        },
        {
          "si": 1,
          "sti": 14,
          "dti": 17,
          "sco": 69,
          "dco": 83,
          "txt": "of"
        },
        {
          "si": 1,
          "sti": 15,
          "dti": 18,
          "sco": 72,
          "dco": 86,
          "txt": "the"
        },
        {
          "si": 1,
          "sti": 16,
          "dti": 19,
          "sco": 76,
          "dco": 90,
          "txt": "Sh"
        },
        {
          "si": 1,
          "sti": 17,
          "dti": 20,
          "sco": 78,
          "dco": 92,
          "txt": "ō"
        },
        {
          "si": 1,
          "sti": 18,
          "dti": 21,
          "sco": 80,
          "dco": 94,
          "txt": "River"
        },
        {
          "si": 1,
          "sti": 19,
          "dti": 22,
          "sco": 85,
          "dco": 99,
          "txt": ")"
        },
        {
          "si": 1,
          "sti": 20,
          "dti": 23,
          "sco": 87,
          "dco": 101,
          "txt": "in"
        },
        {
          "si": 1,
          "sti": 21,
          "dti": 24,
          "sco": 90,
          "dco": 104,
          "txt": "Tonami"
        },
        {
          "si": 1,
          "sti": 22,
          "dti": 25,
          "sco": 96,
          "dco": 110,
          "txt": ","
        },
        {
          "si": 1,
          "sti": 23,
          "dti": 26,
          "sco": 98,
          "dco": 112,
          "txt": "Toyama"
        },
        {
          "si": 1,
          "sti": 24,
          "dti": 27,
          "sco": 105,
          "dco": 119,
          "txt": "Prefecture"
        },
        {
          "si": 1,
          "sti": 25,
          "dti": 28,
          "sco": 115,
          "dco": 129,
          "txt": ","
        },
        {
          "si": 1,
          "sti": 26,
          "dti": 29,
          "sco": 117,
          "dco": 131,
          "txt": "Japan"
        },
        {
          "si": 1,
          "sti": 27,
          "dti": 30,
          "sco": 122,
          "dco": 136,
          "txt": "."
        },
        {
          "si": 2,
          "sti": 0,
          "dti": 31,
          "sco": 0,
          "dco": 138,
          "txt": "It"
        },
        {
          "si": 2,
          "sti": 1,
          "dti": 32,
          "sco": 3,
          "dco": 141,
          "txt": "was"
        },
        {
          "si": 2,
          "sti": 2,
          "dti": 33,
          "sco": 7,
          "dco": 145,
          "txt": "constructed"
        },
        {
          "si": 2,
          "sti": 3,
          "dti": 34,
          "sco": 19,
          "dco": 157,
          "txt": "between"
        },
        {
          "si": 2,
          "sti": 4,
          "dti": 35,
          "sco": 27,
          "dco": 165,
          "txt": "1962"
        },
        {
          "si": 2,
          "sti": 5,
          "dti": 36,
          "sco": 32,
          "dco": 170,
          "txt": "and"
        },
        {
          "si": 2,
          "sti": 6,
          "dti": 37,
          "sco": 36,
          "dco": 174,
          "txt": "1967"
        },
        {
          "si": 2,
          "sti": 7,
          "dti": 38,
          "sco": 40,
          "dco": 178,
          "txt": "."
        },
        {
          "si": 3,
          "sti": 0,
          "dti": 39,
          "sco": 0,
          "dco": 180,
          "txt": "The"
        },
        {
          "si": 3,
          "sti": 1,
          "dti": 40,
          "sco": 4,
          "dco": 184,
          "txt": "dam"
        },
        {
          "si": 3,
          "sti": 2,
          "dti": 41,
          "sco": 8,
          "dco": 188,
          "txt": "has"
        },
        {
          "si": 3,
          "sti": 3,
          "dti": 42,
          "sco": 12,
          "dco": 192,
          "txt": "an"
        },
        {
          "si": 3,
          "sti": 4,
          "dti": 43,
          "sco": 15,
          "dco": 195,
          "txt": "associated"
        },
        {
          "si": 3,
          "sti": 5,
          "dti": 44,
          "sco": 26,
          "dco": 206,
          "txt": "7"
        },
        {
          "si": 3,
          "sti": 6,
          "dti": 45,
          "sco": 27,
          "dco": 207,
          "txt": "."
        },
        {
          "si": 3,
          "sti": 7,
          "dti": 46,
          "sco": 28,
          "dco": 208,
          "txt": "4"
        },
        {
          "si": 3,
          "sti": 8,
          "dti": 47,
          "sco": 30,
          "dco": 210,
          "txt": "MW"
        },
        {
          "si": 3,
          "sti": 9,
          "dti": 48,
          "sco": 33,
          "dco": 213,
          "txt": "hydroelectric"
        },
        {
          "si": 3,
          "sti": 10,
          "dti": 49,
          "sco": 47,
          "dco": 227,
          "txt": "power"
        },
        {
          "si": 3,
          "sti": 11,
          "dti": 50,
          "sco": 53,
          "dco": 233,
          "txt": "station"
        },
        {
          "si": 3,
          "sti": 12,
          "dti": 51,
          "sco": 61,
          "dco": 241,
          "txt": "which"
        },
        {
          "si": 3,
          "sti": 13,
          "dti": 52,
          "sco": 67,
          "dco": 247,
          "txt": "was"
        },
        {
          "si": 3,
          "sti": 14,
          "dti": 53,
          "sco": 71,
          "dco": 251,
          "txt": "commissioned"
        },
        {
          "si": 3,
          "sti": 15,
          "dti": 54,
          "sco": 84,
          "dco": 264,
          "txt": "in"
        },
        {
          "si": 3,
          "sti": 16,
          "dti": 55,
          "sco": 87,
          "dco": 267,
          "txt": "1968"
        },
        {
          "si": 3,
          "sti": 17,
          "dti": 56,
          "sco": 91,
          "dco": 271,
          "txt": "."
        },
        {
          "si": 4,
          "sti": 0,
          "dti": 57,
          "sco": 0,
          "dco": 273,
          "txt": "Of"
        },
        {
          "si": 4,
          "sti": 1,
          "dti": 58,
          "sco": 3,
          "dco": 276,
          "txt": "the"
        },
        {
          "si": 4,
          "sti": 2,
          "dti": 59,
          "sco": 7,
          "dco": 280,
          "txt": "dams"
        },
        {
          "si": 4,
          "sti": 3,
          "dti": 60,
          "sco": 12,
          "dco": 285,
          "txt": "in"
        },
        {
          "si": 4,
          "sti": 4,
          "dti": 61,
          "sco": 15,
          "dco": 288,
          "txt": "the"
        },
        {
          "si": 4,
          "sti": 5,
          "dti": 62,
          "sco": 19,
          "dco": 292,
          "txt": "Sh"
        },
        {
          "si": 4,
          "sti": 6,
          "dti": 63,
          "sco": 21,
          "dco": 294,
          "txt": "ō"
        },
        {
          "si": 4,
          "sti": 7,
          "dti": 64,
          "sco": 23,
          "dco": 296,
          "txt": "River"
        },
        {
          "si": 4,
          "sti": 8,
          "dti": 65,
          "sco": 29,
          "dco": 302,
          "txt": "system"
        },
        {
          "si": 4,
          "sti": 9,
          "dti": 66,
          "sco": 35,
          "dco": 308,
          "txt": ","
        },
        {
          "si": 4,
          "sti": 10,
          "dti": 67,
          "sco": 37,
          "dco": 310,
          "txt": "it"
        },
        {
          "si": 4,
          "sti": 11,
          "dti": 68,
          "sco": 40,
          "dco": 313,
          "txt": "is"
        },
        {
          "si": 4,
          "sti": 12,
          "dti": 69,
          "sco": 43,
          "dco": 316,
          "txt": "the"
        },
        {
          "si": 4,
          "sti": 13,
          "dti": 70,
          "sco": 47,
          "dco": 320,
          "txt": "furthest"
        },
        {
          "si": 4,
          "sti": 14,
          "dti": 71,
          "sco": 56,
          "dco": 329,
          "txt": "downstream"
        },
        {
          "si": 4,
          "sti": 15,
          "dti": 72,
          "sco": 66,
          "dco": 339,
          "txt": "."
        }
      ]
    },
    "ganns": {
      "dla": [],
      "la": [],
      "ea": [],
      "eta": [
        {
          "ra": {
            "ea": {
              "etn": "Wadagawa_Dam"
            }
          },
          "sfs": [
            [
              {
                "stn": "status"
              },
              {}
            ]
          ],
          "mfs": [
            [
              {
                "stn": "rivers"
              },
              {
                "dla": [],
                "la": [],
                "ea": [
                  {
                    "etn": "Wadagawa_River"
                  }
                ],
                "eta": []
              }
            ],
            [
              {
                "stn": "locations"
              },
              {
                "dla": [],
                "la": [],
                "ea": [
                  {
                    "etn": "Toyama_Prefecture"
                  },
                  {
                    "etn": "Tonami,_Toyama"
                  }
                ],
                "eta": []
              }
            ],
            [
              {
                "stn": "openingYears"
              },
              {
                "dla": [
                  {
                    "txt": {
                      "sff": "1967"
                    },
                    "et": {
                      "etn": "Year"
                    },
                    "dp": {
                      "off": 174
                    }
                  }
                ],
                "la": [],
                "ea": [],
                "eta": []
              }
            ],
            [
              {
                "stn": "buildingStartYears"
              },
              {
                "dla": [
                  {
                    "txt": {
                      "sff": "1962"
                    },
                    "et": {
                      "etn": "Year"
                    },
                    "dp": {
                      "off": 165
                    }
                  }
                ],
                "la": [],
                "ea": [],
                "eta": []
              }
            ],
            [
              {
                "stn": "countries"
              },
              {
                "dla": [],
                "la": [],
                "ea": [
                  {
                    "etn": "Japan"
                  }
                ],
                "eta": []
              }
            ]
          ]
        }
      ]
    }
  }
]
