[
  {
    "context": "TRAIN",
    "doc": {
      "id": "Warsak_Dam",
      "tl": [
        {
          "si": 0,
          "sti": 0,
          "dti": 0,
          "sco": 0,
          "dco": 0,
          "txt": "Warsak"
        },
        {
          "si": 0,
          "sti": 1,
          "dti": 1,
          "sco": 7,
          "dco": 7,
          "txt": "Dam"
        },
        {
          "si": 0,
          "sti": 2,
          "dti": 2,
          "sco": 10,
          "dco": 10,
          "txt": "."
        },
        {
          "si": 1,
          "sti": 0,
          "dti": 3,
          "sco": 0,
          "dco": 12,
          "txt": "Warsak"
        },
        {
          "si": 1,
          "sti": 1,
          "dti": 4,
          "sco": 7,
          "dco": 19,
          "txt": "Dam"
        },
        {
          "si": 1,
          "sti": 2,
          "dti": 5,
          "sco": 11,
          "dco": 23,
          "txt": "is"
        },
        {
          "si": 1,
          "sti": 3,
          "dti": 6,
          "sco": 14,
          "dco": 26,
          "txt": "a"
        },
        {
          "si": 1,
          "sti": 4,
          "dti": 7,
          "sco": 16,
          "dco": 28,
          "txt": "mass"
        },
        {
          "si": 1,
          "sti": 5,
          "dti": 8,
          "sco": 21,
          "dco": 33,
          "txt": "concrete"
        },
        {
          "si": 1,
          "sti": 6,
          "dti": 9,
          "sco": 30,
          "dco": 42,
          "txt": "gravity"
        },
        {
          "si": 1,
          "sti": 7,
          "dti": 10,
          "sco": 38,
          "dco": 50,
          "txt": "dam"
        },
        {
          "si": 1,
          "sti": 8,
          "dti": 11,
          "sco": 42,
          "dco": 54,
          "txt": "located"
        },
        {
          "si": 1,
          "sti": 9,
          "dti": 12,
          "sco": 50,
          "dco": 62,
          "txt": "on"
        },
        {
          "si": 1,
          "sti": 10,
          "dti": 13,
          "sco": 53,
          "dco": 65,
          "txt": "the"
        },
        {
          "si": 1,
          "sti": 11,
          "dti": 14,
          "sco": 57,
          "dco": 69,
          "txt": "Kabul"
        },
        {
          "si": 1,
          "sti": 12,
          "dti": 15,
          "sco": 63,
          "dco": 75,
          "txt": "River"
        },
        {
          "si": 1,
          "sti": 13,
          "dti": 16,
          "sco": 69,
          "dco": 81,
          "txt": "approximately"
        },
        {
          "si": 1,
          "sti": 14,
          "dti": 17,
          "sco": 83,
          "dco": 95,
          "txt": "20"
        },
        {
          "si": 1,
          "sti": 15,
          "dti": 18,
          "sco": 85,
          "dco": 97,
          "txt": " "
        },
        {
          "si": 1,
          "sti": 16,
          "dti": 19,
          "sco": 86,
          "dco": 98,
          "txt": "km"
        },
        {
          "si": 1,
          "sti": 17,
          "dti": 20,
          "sco": 89,
          "dco": 101,
          "txt": "northwest"
        },
        {
          "si": 1,
          "sti": 18,
          "dti": 21,
          "sco": 99,
          "dco": 111,
          "txt": "of"
        },
        {
          "si": 1,
          "sti": 19,
          "dti": 22,
          "sco": 102,
          "dco": 114,
          "txt": "the"
        },
        {
          "si": 1,
          "sti": 20,
          "dti": 23,
          "sco": 106,
          "dco": 118,
          "txt": "city"
        },
        {
          "si": 1,
          "sti": 21,
          "dti": 24,
          "sco": 111,
          "dco": 123,
          "txt": "of"
        },
        {
          "si": 1,
          "sti": 22,
          "dti": 25,
          "sco": 114,
          "dco": 126,
          "txt": "Peshawar"
        },
        {
          "si": 1,
          "sti": 23,
          "dti": 26,
          "sco": 123,
          "dco": 135,
          "txt": "in"
        },
        {
          "si": 1,
          "sti": 24,
          "dti": 27,
          "sco": 126,
          "dco": 138,
          "txt": "Khyber"
        },
        {
          "si": 1,
          "sti": 25,
          "dti": 28,
          "sco": 133,
          "dco": 145,
          "txt": "Pakhtunkhwa"
        },
        {
          "si": 1,
          "sti": 26,
          "dti": 29,
          "sco": 145,
          "dco": 157,
          "txt": "province"
        },
        {
          "si": 1,
          "sti": 27,
          "dti": 30,
          "sco": 154,
          "dco": 166,
          "txt": "of"
        },
        {
          "si": 1,
          "sti": 28,
          "dti": 31,
          "sco": 157,
          "dco": 169,
          "txt": "Pakistan"
        },
        {
          "si": 1,
          "sti": 29,
          "dti": 32,
          "sco": 165,
          "dco": 177,
          "txt": "."
        },
        {
          "si": 2,
          "sti": 0,
          "dti": 33,
          "sco": 0,
          "dco": 179,
          "txt": "History"
        },
        {
          "si": 2,
          "sti": 1,
          "dti": 34,
          "sco": 7,
          "dco": 186,
          "txt": "."
        },
        {
          "si": 3,
          "sti": 0,
          "dti": 35,
          "sco": 0,
          "dco": 188,
          "txt": "Warsak"
        },
        {
          "si": 3,
          "sti": 1,
          "dti": 36,
          "sco": 7,
          "dco": 195,
          "txt": "Dam"
        },
        {
          "si": 3,
          "sti": 2,
          "dti": 37,
          "sco": 11,
          "dco": 199,
          "txt": "was"
        },
        {
          "si": 3,
          "sti": 3,
          "dti": 38,
          "sco": 15,
          "dco": 203,
          "txt": "completed"
        },
        {
          "si": 3,
          "sti": 4,
          "dti": 39,
          "sco": 25,
          "dco": 213,
          "txt": "under"
        },
        {
          "si": 3,
          "sti": 5,
          "dti": 40,
          "sco": 31,
          "dco": 219,
          "txt": "the"
        },
        {
          "si": 3,
          "sti": 6,
          "dti": 41,
          "sco": 35,
          "dco": 223,
          "txt": "Colombo"
        },
        {
          "si": 3,
          "sti": 7,
          "dti": 42,
          "sco": 43,
          "dco": 231,
          "txt": "Plan"
        },
        {
          "si": 3,
          "sti": 8,
          "dti": 43,
          "sco": 48,
          "dco": 236,
          "txt": "in"
        },
        {
          "si": 3,
          "sti": 9,
          "dti": 44,
          "sco": 51,
          "dco": 239,
          "txt": "two"
        },
        {
          "si": 3,
          "sti": 10,
          "dti": 45,
          "sco": 55,
          "dco": 243,
          "txt": "phases"
        },
        {
          "si": 3,
          "sti": 11,
          "dti": 46,
          "sco": 62,
          "dco": 250,
          "txt": "and"
        },
        {
          "si": 3,
          "sti": 12,
          "dti": 47,
          "sco": 66,
          "dco": 254,
          "txt": "financed"
        },
        {
          "si": 3,
          "sti": 13,
          "dti": 48,
          "sco": 75,
          "dco": 263,
          "txt": "by"
        },
        {
          "si": 3,
          "sti": 14,
          "dti": 49,
          "sco": 78,
          "dco": 266,
          "txt": "the"
        },
        {
          "si": 3,
          "sti": 15,
          "dti": 50,
          "sco": 82,
          "dco": 270,
          "txt": "Canadian"
        },
        {
          "si": 3,
          "sti": 16,
          "dti": 51,
          "sco": 91,
          "dco": 279,
          "txt": "Government"
        },
        {
          "si": 3,
          "sti": 17,
          "dti": 52,
          "sco": 101,
          "dco": 289,
          "txt": "."
        },
        {
          "si": 4,
          "sti": 0,
          "dti": 53,
          "sco": 0,
          "dco": 291,
          "txt": "The"
        },
        {
          "si": 4,
          "sti": 1,
          "dti": 54,
          "sco": 4,
          "dco": 295,
          "txt": "first"
        },
        {
          "si": 4,
          "sti": 2,
          "dti": 55,
          "sco": 10,
          "dco": 301,
          "txt": "phase"
        },
        {
          "si": 4,
          "sti": 3,
          "dti": 56,
          "sco": 16,
          "dco": 307,
          "txt": "was"
        },
        {
          "si": 4,
          "sti": 4,
          "dti": 57,
          "sco": 20,
          "dco": 311,
          "txt": "completed"
        },
        {
          "si": 4,
          "sti": 5,
          "dti": 58,
          "sco": 30,
          "dco": 321,
          "txt": "in"
        },
        {
          "si": 4,
          "sti": 6,
          "dti": 59,
          "sco": 33,
          "dco": 324,
          "txt": "1960"
        },
        {
          "si": 4,
          "sti": 7,
          "dti": 60,
          "sco": 38,
          "dco": 329,
          "txt": "and"
        },
        {
          "si": 4,
          "sti": 8,
          "dti": 61,
          "sco": 42,
          "dco": 333,
          "txt": "consisted"
        },
        {
          "si": 4,
          "sti": 9,
          "dti": 62,
          "sco": 52,
          "dco": 343,
          "txt": "of"
        },
        {
          "si": 4,
          "sti": 10,
          "dti": 63,
          "sco": 55,
          "dco": 346,
          "txt": "the"
        },
        {
          "si": 4,
          "sti": 11,
          "dti": 64,
          "sco": 59,
          "dco": 350,
          "txt": "construction"
        },
        {
          "si": 4,
          "sti": 12,
          "dti": 65,
          "sco": 72,
          "dco": 363,
          "txt": "of"
        },
        {
          "si": 4,
          "sti": 13,
          "dti": 66,
          "sco": 75,
          "dco": 366,
          "txt": "the"
        },
        {
          "si": 4,
          "sti": 14,
          "dti": 67,
          "sco": 79,
          "dco": 370,
          "txt": "dam"
        },
        {
          "si": 4,
          "sti": 15,
          "dti": 68,
          "sco": 82,
          "dco": 373,
          "txt": "."
        },
        {
          "si": 5,
          "sti": 0,
          "dti": 69,
          "sco": 0,
          "dco": 375,
          "txt": "Irrigation"
        },
        {
          "si": 5,
          "sti": 1,
          "dti": 70,
          "sco": 11,
          "dco": 386,
          "txt": "tunnels"
        },
        {
          "si": 5,
          "sti": 2,
          "dti": 71,
          "sco": 19,
          "dco": 394,
          "txt": "and"
        },
        {
          "si": 5,
          "sti": 3,
          "dti": 72,
          "sco": 23,
          "dco": 398,
          "txt": "installation"
        },
        {
          "si": 5,
          "sti": 4,
          "dti": 73,
          "sco": 36,
          "dco": 411,
          "txt": "of"
        },
        {
          "si": 5,
          "sti": 5,
          "dti": 74,
          "sco": 39,
          "dco": 414,
          "txt": "four"
        },
        {
          "si": 5,
          "sti": 6,
          "dti": 75,
          "sco": 44,
          "dco": 419,
          "txt": "power"
        },
        {
          "si": 5,
          "sti": 7,
          "dti": 76,
          "sco": 50,
          "dco": 425,
          "txt": "generating"
        },
        {
          "si": 5,
          "sti": 8,
          "dti": 77,
          "sco": 61,
          "dco": 436,
          "txt": "units"
        },
        {
          "si": 5,
          "sti": 9,
          "dti": 78,
          "sco": 66,
          "dco": 441,
          "txt": ","
        },
        {
          "si": 5,
          "sti": 10,
          "dti": 79,
          "sco": 68,
          "dco": 443,
          "txt": "each"
        },
        {
          "si": 5,
          "sti": 11,
          "dti": 80,
          "sco": 73,
          "dco": 448,
          "txt": "of"
        },
        {
          "si": 5,
          "sti": 12,
          "dti": 81,
          "sco": 76,
          "dco": 451,
          "txt": "40"
        },
        {
          "si": 5,
          "sti": 13,
          "dti": 82,
          "sco": 79,
          "dco": 454,
          "txt": "MW"
        },
        {
          "si": 5,
          "sti": 14,
          "dti": 83,
          "sco": 82,
          "dco": 457,
          "txt": "capacity"
        },
        {
          "si": 5,
          "sti": 15,
          "dti": 84,
          "sco": 91,
          "dco": 466,
          "txt": "with"
        },
        {
          "si": 5,
          "sti": 16,
          "dti": 85,
          "sco": 96,
          "dco": 471,
          "txt": "132"
        },
        {
          "si": 5,
          "sti": 17,
          "dti": 86,
          "sco": 100,
          "dco": 475,
          "txt": "KV"
        },
        {
          "si": 5,
          "sti": 18,
          "dti": 87,
          "sco": 103,
          "dco": 478,
          "txt": "transmission"
        },
        {
          "si": 5,
          "sti": 19,
          "dti": 88,
          "sco": 116,
          "dco": 491,
          "txt": "system"
        },
        {
          "si": 5,
          "sti": 20,
          "dti": 89,
          "sco": 122,
          "dco": 497,
          "txt": ","
        },
        {
          "si": 5,
          "sti": 21,
          "dti": 90,
          "sco": 124,
          "dco": 499,
          "txt": "were"
        },
        {
          "si": 5,
          "sti": 22,
          "dti": 91,
          "sco": 129,
          "dco": 504,
          "txt": "also"
        },
        {
          "si": 5,
          "sti": 23,
          "dti": 92,
          "sco": 134,
          "dco": 509,
          "txt": "completed"
        },
        {
          "si": 5,
          "sti": 24,
          "dti": 93,
          "sco": 144,
          "dco": 519,
          "txt": "in"
        },
        {
          "si": 5,
          "sti": 25,
          "dti": 94,
          "sco": 147,
          "dco": 522,
          "txt": "1960"
        },
        {
          "si": 5,
          "sti": 26,
          "dti": 95,
          "sco": 151,
          "dco": 526,
          "txt": "."
        },
        {
          "si": 6,
          "sti": 0,
          "dti": 96,
          "sco": 0,
          "dco": 528,
          "txt": "Two"
        },
        {
          "si": 6,
          "sti": 1,
          "dti": 97,
          "sco": 4,
          "dco": 532,
          "txt": "additional"
        },
        {
          "si": 6,
          "sti": 2,
          "dti": 98,
          "sco": 15,
          "dco": 543,
          "txt": "generating"
        },
        {
          "si": 6,
          "sti": 3,
          "dti": 99,
          "sco": 26,
          "dco": 554,
          "txt": "units"
        },
        {
          "si": 6,
          "sti": 4,
          "dti": 100,
          "sco": 32,
          "dco": 560,
          "txt": "of"
        },
        {
          "si": 6,
          "sti": 5,
          "dti": 101,
          "sco": 35,
          "dco": 563,
          "txt": "41"
        },
        {
          "si": 6,
          "sti": 6,
          "dti": 102,
          "sco": 37,
          "dco": 565,
          "txt": "."
        },
        {
          "si": 6,
          "sti": 7,
          "dti": 103,
          "sco": 38,
          "dco": 566,
          "txt": "48"
        },
        {
          "si": 6,
          "sti": 8,
          "dti": 104,
          "sco": 41,
          "dco": 569,
          "txt": "MW"
        },
        {
          "si": 6,
          "sti": 9,
          "dti": 105,
          "sco": 44,
          "dco": 572,
          "txt": "capacity"
        },
        {
          "si": 6,
          "sti": 10,
          "dti": 106,
          "sco": 53,
          "dco": 581,
          "txt": "each"
        },
        {
          "si": 6,
          "sti": 11,
          "dti": 107,
          "sco": 58,
          "dco": 586,
          "txt": "were"
        },
        {
          "si": 6,
          "sti": 12,
          "dti": 108,
          "sco": 63,
          "dco": 591,
          "txt": "added"
        },
        {
          "si": 6,
          "sti": 13,
          "dti": 109,
          "sco": 69,
          "dco": 597,
          "txt": "in"
        },
        {
          "si": 6,
          "sti": 14,
          "dti": 110,
          "sco": 72,
          "dco": 600,
          "txt": "1980"
        },
        {
          "si": 6,
          "sti": 15,
          "dti": 111,
          "sco": 76,
          "dco": 604,
          "txt": "-"
        },
        {
          "si": 6,
          "sti": 16,
          "dti": 112,
          "sco": 77,
          "dco": 605,
          "txt": "81"
        },
        {
          "si": 6,
          "sti": 17,
          "dti": 113,
          "sco": 80,
          "dco": 608,
          "txt": "in"
        },
        {
          "si": 6,
          "sti": 18,
          "dti": 114,
          "sco": 83,
          "dco": 611,
          "txt": "the"
        },
        {
          "si": 6,
          "sti": 19,
          "dti": 115,
          "sco": 87,
          "dco": 615,
          "txt": "second"
        },
        {
          "si": 6,
          "sti": 20,
          "dti": 116,
          "sco": 94,
          "dco": 622,
          "txt": "phase"
        },
        {
          "si": 6,
          "sti": 21,
          "dti": 117,
          "sco": 99,
          "dco": 627,
          "txt": "."
        },
        {
          "si": 7,
          "sti": 0,
          "dti": 118,
          "sco": 0,
          "dco": 629,
          "txt": "Capacity"
        },
        {
          "si": 7,
          "sti": 1,
          "dti": 119,
          "sco": 8,
          "dco": 637,
          "txt": "."
        },
        {
          "si": 8,
          "sti": 0,
          "dti": 120,
          "sco": 0,
          "dco": 639,
          "txt": "The"
        },
        {
          "si": 8,
          "sti": 1,
          "dti": 121,
          "sco": 4,
          "dco": 643,
          "txt": "total"
        },
        {
          "si": 8,
          "sti": 2,
          "dti": 122,
          "sco": 10,
          "dco": 649,
          "txt": "installed"
        },
        {
          "si": 8,
          "sti": 3,
          "dti": 123,
          "sco": 20,
          "dco": 659,
          "txt": "capacity"
        },
        {
          "si": 8,
          "sti": 4,
          "dti": 124,
          "sco": 29,
          "dco": 668,
          "txt": "of"
        },
        {
          "si": 8,
          "sti": 5,
          "dti": 125,
          "sco": 32,
          "dco": 671,
          "txt": "the"
        },
        {
          "si": 8,
          "sti": 6,
          "dti": 126,
          "sco": 36,
          "dco": 675,
          "txt": "Warsak"
        },
        {
          "si": 8,
          "sti": 7,
          "dti": 127,
          "sco": 43,
          "dco": 682,
          "txt": "Dam"
        },
        {
          "si": 8,
          "sti": 8,
          "dti": 128,
          "sco": 47,
          "dco": 686,
          "txt": "Hydropower"
        },
        {
          "si": 8,
          "sti": 9,
          "dti": 129,
          "sco": 58,
          "dco": 697,
          "txt": "Project"
        },
        {
          "si": 8,
          "sti": 10,
          "dti": 130,
          "sco": 66,
          "dco": 705,
          "txt": "is"
        },
        {
          "si": 8,
          "sti": 11,
          "dti": 131,
          "sco": 69,
          "dco": 708,
          "txt": "243"
        },
        {
          "si": 8,
          "sti": 12,
          "dti": 132,
          "sco": 73,
          "dco": 712,
          "txt": "MW"
        },
        {
          "si": 8,
          "sti": 13,
          "dti": 133,
          "sco": 75,
          "dco": 714,
          "txt": "."
        },
        {
          "si": 9,
          "sti": 0,
          "dti": 134,
          "sco": 0,
          "dco": 716,
          "txt": "In"
        },
        {
          "si": 9,
          "sti": 1,
          "dti": 135,
          "sco": 3,
          "dco": 719,
          "txt": "June"
        },
        {
          "si": 9,
          "sti": 2,
          "dti": 136,
          "sco": 8,
          "dco": 724,
          "txt": "2012"
        },
        {
          "si": 9,
          "sti": 3,
          "dti": 137,
          "sco": 12,
          "dco": 728,
          "txt": ","
        },
        {
          "si": 9,
          "sti": 4,
          "dti": 138,
          "sco": 14,
          "dco": 730,
          "txt": "the"
        },
        {
          "si": 9,
          "sti": 5,
          "dti": 139,
          "sco": 18,
          "dco": 734,
          "txt": "Pakistan"
        },
        {
          "si": 9,
          "sti": 6,
          "dti": 140,
          "sco": 27,
          "dco": 743,
          "txt": "Water"
        },
        {
          "si": 9,
          "sti": 7,
          "dti": 141,
          "sco": 33,
          "dco": 749,
          "txt": "and"
        },
        {
          "si": 9,
          "sti": 8,
          "dti": 142,
          "sco": 37,
          "dco": 753,
          "txt": "Power"
        },
        {
          "si": 9,
          "sti": 9,
          "dti": 143,
          "sco": 43,
          "dco": 759,
          "txt": "Development"
        },
        {
          "si": 9,
          "sti": 10,
          "dti": 144,
          "sco": 55,
          "dco": 771,
          "txt": "Authority"
        },
        {
          "si": 9,
          "sti": 11,
          "dti": 145,
          "sco": 65,
          "dco": 781,
          "txt": "("
        },
        {
          "si": 9,
          "sti": 12,
          "dti": 146,
          "sco": 66,
          "dco": 782,
          "txt": "WAPDA"
        },
        {
          "si": 9,
          "sti": 13,
          "dti": 147,
          "sco": 71,
          "dco": 787,
          "txt": ")"
        },
        {
          "si": 9,
          "sti": 14,
          "dti": 148,
          "sco": 73,
          "dco": 789,
          "txt": "decided"
        },
        {
          "si": 9,
          "sti": 15,
          "dti": 149,
          "sco": 81,
          "dco": 797,
          "txt": "to"
        },
        {
          "si": 9,
          "sti": 16,
          "dti": 150,
          "sco": 84,
          "dco": 800,
          "txt": "add"
        },
        {
          "si": 9,
          "sti": 17,
          "dti": 151,
          "sco": 88,
          "dco": 804,
          "txt": "a"
        },
        {
          "si": 9,
          "sti": 18,
          "dti": 152,
          "sco": 90,
          "dco": 806,
          "txt": "375"
        },
        {
          "si": 9,
          "sti": 19,
          "dti": 153,
          "sco": 94,
          "dco": 810,
          "txt": "MW"
        },
        {
          "si": 9,
          "sti": 20,
          "dti": 154,
          "sco": 97,
          "dco": 813,
          "txt": "powerhouse"
        },
        {
          "si": 9,
          "sti": 21,
          "dti": 155,
          "sco": 108,
          "dco": 824,
          "txt": "to"
        },
        {
          "si": 9,
          "sti": 22,
          "dti": 156,
          "sco": 111,
          "dco": 827,
          "txt": "Warsak"
        },
        {
          "si": 9,
          "sti": 23,
          "dti": 157,
          "sco": 117,
          "dco": 833,
          "txt": ","
        },
        {
          "si": 9,
          "sti": 24,
          "dti": 158,
          "sco": 119,
          "dco": 835,
          "txt": "which"
        },
        {
          "si": 9,
          "sti": 25,
          "dti": 159,
          "sco": 125,
          "dco": 841,
          "txt": "will"
        },
        {
          "si": 9,
          "sti": 26,
          "dti": 160,
          "sco": 130,
          "dco": 846,
          "txt": "raise"
        },
        {
          "si": 9,
          "sti": 27,
          "dti": 161,
          "sco": 136,
          "dco": 852,
          "txt": "Warsak"
        },
        {
          "si": 9,
          "sti": 28,
          "dti": 162,
          "sco": 142,
          "dco": 858,
          "txt": "'"
        },
        {
          "si": 9,
          "sti": 29,
          "dti": 163,
          "sco": 143,
          "dco": 859,
          "txt": "s"
        },
        {
          "si": 9,
          "sti": 30,
          "dti": 164,
          "sco": 145,
          "dco": 861,
          "txt": "total"
        },
        {
          "si": 9,
          "sti": 31,
          "dti": 165,
          "sco": 151,
          "dco": 867,
          "txt": "power"
        },
        {
          "si": 9,
          "sti": 32,
          "dti": 166,
          "sco": 157,
          "dco": 873,
          "txt": "generation"
        },
        {
          "si": 9,
          "sti": 33,
          "dti": 167,
          "sco": 168,
          "dco": 884,
          "txt": "capacity"
        },
        {
          "si": 9,
          "sti": 34,
          "dti": 168,
          "sco": 177,
          "dco": 893,
          "txt": "to"
        },
        {
          "si": 9,
          "sti": 35,
          "dti": 169,
          "sco": 180,
          "dco": 896,
          "txt": "525"
        },
        {
          "si": 9,
          "sti": 36,
          "dti": 170,
          "sco": 184,
          "dco": 900,
          "txt": "MW"
        },
        {
          "si": 9,
          "sti": 37,
          "dti": 171,
          "sco": 186,
          "dco": 902,
          "txt": "."
        },
        {
          "si": 10,
          "sti": 0,
          "dti": 172,
          "sco": 0,
          "dco": 904,
          "txt": "No"
        },
        {
          "si": 10,
          "sti": 1,
          "dti": 173,
          "sco": 3,
          "dco": 907,
          "txt": "date"
        },
        {
          "si": 10,
          "sti": 2,
          "dti": 174,
          "sco": 8,
          "dco": 912,
          "txt": "was"
        },
        {
          "si": 10,
          "sti": 3,
          "dti": 175,
          "sco": 12,
          "dco": 916,
          "txt": "given"
        },
        {
          "si": 10,
          "sti": 4,
          "dti": 176,
          "sco": 18,
          "dco": 922,
          "txt": "on"
        },
        {
          "si": 10,
          "sti": 5,
          "dti": 177,
          "sco": 21,
          "dco": 925,
          "txt": "when"
        },
        {
          "si": 10,
          "sti": 6,
          "dti": 178,
          "sco": 26,
          "dco": 930,
          "txt": "the"
        },
        {
          "si": 10,
          "sti": 7,
          "dti": 179,
          "sco": 30,
          "dco": 934,
          "txt": "project"
        },
        {
          "si": 10,
          "sti": 8,
          "dti": 180,
          "sco": 38,
          "dco": 942,
          "txt": "would"
        },
        {
          "si": 10,
          "sti": 9,
          "dti": 181,
          "sco": 44,
          "dco": 948,
          "txt": "be"
        },
        {
          "si": 10,
          "sti": 10,
          "dti": 182,
          "sco": 47,
          "dco": 951,
          "txt": "complete"
        },
        {
          "si": 10,
          "sti": 11,
          "dti": 183,
          "sco": 55,
          "dco": 959,
          "txt": "."
        },
        {
          "si": 11,
          "sti": 0,
          "dti": 184,
          "sco": 0,
          "dco": 961,
          "txt": "Rehabilitation"
        },
        {
          "si": 11,
          "sti": 1,
          "dti": 185,
          "sco": 14,
          "dco": 975,
          "txt": "."
        },
        {
          "si": 12,
          "sti": 0,
          "dti": 186,
          "sco": 0,
          "dco": 977,
          "txt": "Germany"
        },
        {
          "si": 12,
          "sti": 1,
          "dti": 187,
          "sco": 8,
          "dco": 985,
          "txt": "will"
        },
        {
          "si": 12,
          "sti": 2,
          "dti": 188,
          "sco": 13,
          "dco": 990,
          "txt": "loan"
        },
        {
          "si": 12,
          "sti": 3,
          "dti": 189,
          "sco": 18,
          "dco": 995,
          "txt": "40"
        },
        {
          "si": 12,
          "sti": 4,
          "dti": 190,
          "sco": 21,
          "dco": 998,
          "txt": "million"
        },
        {
          "si": 12,
          "sti": 5,
          "dti": 191,
          "sco": 29,
          "dco": 1006,
          "txt": "euros"
        },
        {
          "si": 12,
          "sti": 6,
          "dti": 192,
          "sco": 35,
          "dco": 1012,
          "txt": "to"
        },
        {
          "si": 12,
          "sti": 7,
          "dti": 193,
          "sco": 38,
          "dco": 1015,
          "txt": "Pakistan"
        },
        {
          "si": 12,
          "sti": 8,
          "dti": 194,
          "sco": 47,
          "dco": 1024,
          "txt": "for"
        },
        {
          "si": 12,
          "sti": 9,
          "dti": 195,
          "sco": 51,
          "dco": 1028,
          "txt": "the"
        },
        {
          "si": 12,
          "sti": 10,
          "dti": 196,
          "sco": 55,
          "dco": 1032,
          "txt": "rehabilitation"
        },
        {
          "si": 12,
          "sti": 11,
          "dti": 197,
          "sco": 70,
          "dco": 1047,
          "txt": "of"
        },
        {
          "si": 12,
          "sti": 12,
          "dti": 198,
          "sco": 73,
          "dco": 1050,
          "txt": "the"
        },
        {
          "si": 12,
          "sti": 13,
          "dti": 199,
          "sco": 77,
          "dco": 1054,
          "txt": "Warsak"
        },
        {
          "si": 12,
          "sti": 14,
          "dti": 200,
          "sco": 84,
          "dco": 1061,
          "txt": "hydroelectric"
        },
        {
          "si": 12,
          "sti": 15,
          "dti": 201,
          "sco": 98,
          "dco": 1075,
          "txt": "power"
        },
        {
          "si": 12,
          "sti": 16,
          "dti": 202,
          "sco": 104,
          "dco": 1081,
          "txt": "station"
        },
        {
          "si": 12,
          "sti": 17,
          "dti": 203,
          "sco": 112,
          "dco": 1089,
          "txt": "built"
        },
        {
          "si": 12,
          "sti": 18,
          "dti": 204,
          "sco": 118,
          "dco": 1095,
          "txt": "over"
        },
        {
          "si": 12,
          "sti": 19,
          "dti": 205,
          "sco": 123,
          "dco": 1100,
          "txt": "half"
        },
        {
          "si": 12,
          "sti": 20,
          "dti": 206,
          "sco": 128,
          "dco": 1105,
          "txt": "a"
        },
        {
          "si": 12,
          "sti": 21,
          "dti": 207,
          "sco": 130,
          "dco": 1107,
          "txt": "century"
        },
        {
          "si": 12,
          "sti": 22,
          "dti": 208,
          "sco": 138,
          "dco": 1115,
          "txt": "ago"
        },
        {
          "si": 12,
          "sti": 23,
          "dti": 209,
          "sco": 142,
          "dco": 1119,
          "txt": "on"
        },
        {
          "si": 12,
          "sti": 24,
          "dti": 210,
          "sco": 145,
          "dco": 1122,
          "txt": "Kabul"
        },
        {
          "si": 12,
          "sti": 25,
          "dti": 211,
          "sco": 151,
          "dco": 1128,
          "txt": "River"
        },
        {
          "si": 12,
          "sti": 26,
          "dti": 212,
          "sco": 157,
          "dco": 1134,
          "txt": "in"
        },
        {
          "si": 12,
          "sti": 27,
          "dti": 213,
          "sco": 160,
          "dco": 1137,
          "txt": "Khyber"
        },
        {
          "si": 12,
          "sti": 28,
          "dti": 214,
          "sco": 167,
          "dco": 1144,
          "txt": "Pakhtunkhwa"
        },
        {
          "si": 12,
          "sti": 29,
          "dti": 215,
          "sco": 178,
          "dco": 1155,
          "txt": "."
        },
        {
          "si": 13,
          "sti": 0,
          "dti": 216,
          "sco": 0,
          "dco": 1157,
          "txt": "According"
        },
        {
          "si": 13,
          "sti": 1,
          "dti": 217,
          "sco": 10,
          "dco": 1167,
          "txt": "to"
        },
        {
          "si": 13,
          "sti": 2,
          "dti": 218,
          "sco": 13,
          "dco": 1170,
          "txt": "Water"
        },
        {
          "si": 13,
          "sti": 3,
          "dti": 219,
          "sco": 19,
          "dco": 1176,
          "txt": "and"
        },
        {
          "si": 13,
          "sti": 4,
          "dti": 220,
          "sco": 23,
          "dco": 1180,
          "txt": "Power"
        },
        {
          "si": 13,
          "sti": 5,
          "dti": 221,
          "sco": 29,
          "dco": 1186,
          "txt": "Development"
        },
        {
          "si": 13,
          "sti": 6,
          "dti": 222,
          "sco": 41,
          "dco": 1198,
          "txt": "Authority"
        },
        {
          "si": 13,
          "sti": 7,
          "dti": 223,
          "sco": 50,
          "dco": 1207,
          "txt": ","
        },
        {
          "si": 13,
          "sti": 8,
          "dti": 224,
          "sco": 52,
          "dco": 1209,
          "txt": "this"
        },
        {
          "si": 13,
          "sti": 9,
          "dti": 225,
          "sco": 57,
          "dco": 1214,
          "txt": "is"
        },
        {
          "si": 13,
          "sti": 10,
          "dti": 226,
          "sco": 60,
          "dco": 1217,
          "txt": "the"
        },
        {
          "si": 13,
          "sti": 11,
          "dti": 227,
          "sco": 64,
          "dco": 1221,
          "txt": "second"
        },
        {
          "si": 13,
          "sti": 12,
          "dti": 228,
          "sco": 71,
          "dco": 1228,
          "txt": "time"
        },
        {
          "si": 13,
          "sti": 13,
          "dti": 229,
          "sco": 76,
          "dco": 1233,
          "txt": "that"
        },
        {
          "si": 13,
          "sti": 14,
          "dti": 230,
          "sco": 81,
          "dco": 1238,
          "txt": "Warsak"
        },
        {
          "si": 13,
          "sti": 15,
          "dti": 231,
          "sco": 88,
          "dco": 1245,
          "txt": "hydroelectric"
        },
        {
          "si": 13,
          "sti": 16,
          "dti": 232,
          "sco": 102,
          "dco": 1259,
          "txt": "power"
        },
        {
          "si": 13,
          "sti": 17,
          "dti": 233,
          "sco": 108,
          "dco": 1265,
          "txt": "station"
        },
        {
          "si": 13,
          "sti": 18,
          "dti": 234,
          "sco": 116,
          "dco": 1273,
          "txt": "will"
        },
        {
          "si": 13,
          "sti": 19,
          "dti": 235,
          "sco": 121,
          "dco": 1278,
          "txt": "be"
        },
        {
          "si": 13,
          "sti": 20,
          "dti": 236,
          "sco": 124,
          "dco": 1281,
          "txt": "renovated"
        },
        {
          "si": 13,
          "sti": 21,
          "dti": 237,
          "sco": 133,
          "dco": 1290,
          "txt": "."
        },
        {
          "si": 14,
          "sti": 0,
          "dti": 238,
          "sco": 0,
          "dco": 1292,
          "txt": "They"
        },
        {
          "si": 14,
          "sti": 1,
          "dti": 239,
          "sco": 5,
          "dco": 1297,
          "txt": "plan"
        },
        {
          "si": 14,
          "sti": 2,
          "dti": 240,
          "sco": 10,
          "dco": 1302,
          "txt": "to"
        },
        {
          "si": 14,
          "sti": 3,
          "dti": 241,
          "sco": 13,
          "dco": 1305,
          "txt": "overcome"
        },
        {
          "si": 14,
          "sti": 4,
          "dti": 242,
          "sco": 22,
          "dco": 1314,
          "txt": "several"
        },
        {
          "si": 14,
          "sti": 5,
          "dti": 243,
          "sco": 30,
          "dco": 1322,
          "txt": "problems"
        },
        {
          "si": 14,
          "sti": 6,
          "dti": 244,
          "sco": 38,
          "dco": 1330,
          "txt": ","
        },
        {
          "si": 14,
          "sti": 7,
          "dti": 245,
          "sco": 40,
          "dco": 1332,
          "txt": "including"
        },
        {
          "si": 14,
          "sti": 8,
          "dti": 246,
          "sco": 50,
          "dco": 1342,
          "txt": "regaining"
        },
        {
          "si": 14,
          "sti": 9,
          "dti": 247,
          "sco": 60,
          "dco": 1352,
          "txt": "the"
        },
        {
          "si": 14,
          "sti": 10,
          "dti": 248,
          "sco": 64,
          "dco": 1356,
          "txt": "capacity"
        },
        {
          "si": 14,
          "sti": 11,
          "dti": 249,
          "sco": 73,
          "dco": 1365,
          "txt": "loss"
        },
        {
          "si": 14,
          "sti": 12,
          "dti": 250,
          "sco": 78,
          "dco": 1370,
          "txt": "of"
        },
        {
          "si": 14,
          "sti": 13,
          "dti": 251,
          "sco": 81,
          "dco": 1373,
          "txt": "30"
        },
        {
          "si": 14,
          "sti": 14,
          "dti": 252,
          "sco": 83,
          "dco": 1375,
          "txt": "MW"
        },
        {
          "si": 14,
          "sti": 15,
          "dti": 253,
          "sco": 86,
          "dco": 1378,
          "txt": "with"
        },
        {
          "si": 14,
          "sti": 16,
          "dti": 254,
          "sco": 91,
          "dco": 1383,
          "txt": "reliable"
        },
        {
          "si": 14,
          "sti": 17,
          "dti": 255,
          "sco": 100,
          "dco": 1392,
          "txt": "annual"
        },
        {
          "si": 14,
          "sti": 18,
          "dti": 256,
          "sco": 107,
          "dco": 1399,
          "txt": "energy"
        },
        {
          "si": 14,
          "sti": 19,
          "dti": 257,
          "sco": 114,
          "dco": 1406,
          "txt": "generation"
        },
        {
          "si": 14,
          "sti": 20,
          "dti": 258,
          "sco": 125,
          "dco": 1417,
          "txt": "of"
        },
        {
          "si": 14,
          "sti": 21,
          "dti": 259,
          "sco": 128,
          "dco": 1420,
          "txt": "1"
        },
        {
          "si": 14,
          "sti": 22,
          "dti": 260,
          "sco": 129,
          "dco": 1421,
          "txt": ","
        },
        {
          "si": 14,
          "sti": 23,
          "dti": 261,
          "sco": 130,
          "dco": 1422,
          "txt": "144"
        },
        {
          "si": 14,
          "sti": 24,
          "dti": 262,
          "sco": 133,
          "dco": 1425,
          "txt": "GWh"
        },
        {
          "si": 14,
          "sti": 25,
          "dti": 263,
          "sco": 136,
          "dco": 1428,
          "txt": ","
        },
        {
          "si": 14,
          "sti": 26,
          "dti": 264,
          "sco": 138,
          "dco": 1430,
          "txt": "upgrade"
        },
        {
          "si": 14,
          "sti": 27,
          "dti": 265,
          "sco": 146,
          "dco": 1438,
          "txt": "and"
        },
        {
          "si": 14,
          "sti": 28,
          "dti": 266,
          "sco": 150,
          "dco": 1442,
          "txt": "modernise"
        },
        {
          "si": 14,
          "sti": 29,
          "dti": 267,
          "sco": 160,
          "dco": 1452,
          "txt": "the"
        },
        {
          "si": 14,
          "sti": 30,
          "dti": 268,
          "sco": 164,
          "dco": 1456,
          "txt": "old"
        },
        {
          "si": 14,
          "sti": 31,
          "dti": 269,
          "sco": 168,
          "dco": 1460,
          "txt": "system"
        },
        {
          "si": 14,
          "sti": 32,
          "dti": 270,
          "sco": 174,
          "dco": 1466,
          "txt": ","
        },
        {
          "si": 14,
          "sti": 33,
          "dti": 271,
          "sco": 176,
          "dco": 1468,
          "txt": "and"
        },
        {
          "si": 14,
          "sti": 34,
          "dti": 272,
          "sco": 180,
          "dco": 1472,
          "txt": "achieve"
        },
        {
          "si": 14,
          "sti": 35,
          "dti": 273,
          "sco": 188,
          "dco": 1480,
          "txt": "another"
        },
        {
          "si": 14,
          "sti": 36,
          "dti": 274,
          "sco": 196,
          "dco": 1488,
          "txt": "life"
        },
        {
          "si": 14,
          "sti": 37,
          "dti": 275,
          "sco": 201,
          "dco": 1493,
          "txt": "cycle"
        },
        {
          "si": 14,
          "sti": 38,
          "dti": 276,
          "sco": 207,
          "dco": 1499,
          "txt": "of"
        },
        {
          "si": 14,
          "sti": 39,
          "dti": 277,
          "sco": 210,
          "dco": 1502,
          "txt": "30"
        },
        {
          "si": 14,
          "sti": 40,
          "dti": 278,
          "sco": 213,
          "dco": 1505,
          "txt": "to"
        },
        {
          "si": 14,
          "sti": 41,
          "dti": 279,
          "sco": 216,
          "dco": 1508,
          "txt": "40"
        },
        {
          "si": 14,
          "sti": 42,
          "dti": 280,
          "sco": 219,
          "dco": 1511,
          "txt": "years"
        },
        {
          "si": 14,
          "sti": 43,
          "dti": 281,
          "sco": 224,
          "dco": 1516,
          "txt": "."
        },
        {
          "si": 15,
          "sti": 0,
          "dti": 282,
          "sco": 0,
          "dco": 1518,
          "txt": "The"
        },
        {
          "si": 15,
          "sti": 1,
          "dti": 283,
          "sco": 4,
          "dco": 1522,
          "txt": "current"
        },
        {
          "si": 15,
          "sti": 2,
          "dti": 284,
          "sco": 12,
          "dco": 1530,
          "txt": "rehabilitation"
        },
        {
          "si": 15,
          "sti": 3,
          "dti": 285,
          "sco": 27,
          "dco": 1545,
          "txt": "work"
        },
        {
          "si": 15,
          "sti": 4,
          "dti": 286,
          "sco": 32,
          "dco": 1550,
          "txt": "will"
        },
        {
          "si": 15,
          "sti": 5,
          "dti": 287,
          "sco": 37,
          "dco": 1555,
          "txt": "be"
        },
        {
          "si": 15,
          "sti": 6,
          "dti": 288,
          "sco": 40,
          "dco": 1558,
          "txt": "financed"
        },
        {
          "si": 15,
          "sti": 7,
          "dti": 289,
          "sco": 49,
          "dco": 1567,
          "txt": "by"
        },
        {
          "si": 15,
          "sti": 8,
          "dti": 290,
          "sco": 52,
          "dco": 1570,
          "txt": "Germany"
        },
        {
          "si": 15,
          "sti": 9,
          "dti": 291,
          "sco": 59,
          "dco": 1577,
          "txt": ","
        },
        {
          "si": 15,
          "sti": 10,
          "dti": 292,
          "sco": 61,
          "dco": 1579,
          "txt": "France"
        },
        {
          "si": 15,
          "sti": 11,
          "dti": 293,
          "sco": 68,
          "dco": 1586,
          "txt": "and"
        },
        {
          "si": 15,
          "sti": 12,
          "dti": 294,
          "sco": 72,
          "dco": 1590,
          "txt": "the"
        },
        {
          "si": 15,
          "sti": 13,
          "dti": 295,
          "sco": 76,
          "dco": 1594,
          "txt": "European"
        },
        {
          "si": 15,
          "sti": 14,
          "dti": 296,
          "sco": 85,
          "dco": 1603,
          "txt": "Union"
        },
        {
          "si": 15,
          "sti": 15,
          "dti": 297,
          "sco": 91,
          "dco": 1609,
          "txt": "Extension"
        },
        {
          "si": 15,
          "sti": 16,
          "dti": 298,
          "sco": 101,
          "dco": 1619,
          "txt": "is"
        },
        {
          "si": 15,
          "sti": 17,
          "dti": 299,
          "sco": 104,
          "dco": 1622,
          "txt": "being"
        },
        {
          "si": 15,
          "sti": 18,
          "dti": 300,
          "sco": 110,
          "dco": 1628,
          "txt": "planned"
        },
        {
          "si": 15,
          "sti": 19,
          "dti": 301,
          "sco": 117,
          "dco": 1635,
          "txt": "."
        },
        {
          "si": 15,
          "sti": 20,
          "dti": 302,
          "sco": 118,
          "dco": 1636,
          "txt": "Germany"
        },
        {
          "si": 15,
          "sti": 21,
          "dti": 303,
          "sco": 126,
          "dco": 1644,
          "txt": "and"
        },
        {
          "si": 15,
          "sti": 22,
          "dti": 304,
          "sco": 130,
          "dco": 1648,
          "txt": "France"
        },
        {
          "si": 15,
          "sti": 23,
          "dti": 305,
          "sco": 137,
          "dco": 1655,
          "txt": "will"
        },
        {
          "si": 15,
          "sti": 24,
          "dti": 306,
          "sco": 142,
          "dco": 1660,
          "txt": "loan"
        },
        {
          "si": 15,
          "sti": 25,
          "dti": 307,
          "sco": 147,
          "dco": 1665,
          "txt": "40"
        },
        {
          "si": 15,
          "sti": 26,
          "dti": 308,
          "sco": 150,
          "dco": 1668,
          "txt": "million"
        },
        {
          "si": 15,
          "sti": 27,
          "dti": 309,
          "sco": 158,
          "dco": 1676,
          "txt": "euros"
        },
        {
          "si": 15,
          "sti": 28,
          "dti": 310,
          "sco": 164,
          "dco": 1682,
          "txt": "each"
        },
        {
          "si": 15,
          "sti": 29,
          "dti": 311,
          "sco": 169,
          "dco": 1687,
          "txt": "to"
        },
        {
          "si": 15,
          "sti": 30,
          "dti": 312,
          "sco": 172,
          "dco": 1690,
          "txt": "Pakistan"
        },
        {
          "si": 15,
          "sti": 31,
          "dti": 313,
          "sco": 181,
          "dco": 1699,
          "txt": "for"
        },
        {
          "si": 15,
          "sti": 32,
          "dti": 314,
          "sco": 185,
          "dco": 1703,
          "txt": "the"
        },
        {
          "si": 15,
          "sti": 33,
          "dti": 315,
          "sco": 189,
          "dco": 1707,
          "txt": "rehabilitation"
        },
        {
          "si": 15,
          "sti": 34,
          "dti": 316,
          "sco": 204,
          "dco": 1722,
          "txt": "of"
        },
        {
          "si": 15,
          "sti": 35,
          "dti": 317,
          "sco": 207,
          "dco": 1725,
          "txt": "the"
        },
        {
          "si": 15,
          "sti": 36,
          "dti": 318,
          "sco": 211,
          "dco": 1729,
          "txt": "Dam"
        },
        {
          "si": 15,
          "sti": 37,
          "dti": 319,
          "sco": 214,
          "dco": 1732,
          "txt": "."
        },
        {
          "si": 16,
          "sti": 0,
          "dti": 320,
          "sco": 0,
          "dco": 1734,
          "txt": "The"
        },
        {
          "si": 16,
          "sti": 1,
          "dti": 321,
          "sco": 4,
          "dco": 1738,
          "txt": "total"
        },
        {
          "si": 16,
          "sti": 2,
          "dti": 322,
          "sco": 10,
          "dco": 1744,
          "txt": "cost"
        },
        {
          "si": 16,
          "sti": 3,
          "dti": 323,
          "sco": 15,
          "dco": 1749,
          "txt": "of"
        },
        {
          "si": 16,
          "sti": 4,
          "dti": 324,
          "sco": 18,
          "dco": 1752,
          "txt": "the"
        },
        {
          "si": 16,
          "sti": 5,
          "dti": 325,
          "sco": 22,
          "dco": 1756,
          "txt": "project"
        },
        {
          "si": 16,
          "sti": 6,
          "dti": 326,
          "sco": 30,
          "dco": 1764,
          "txt": "is"
        },
        {
          "si": 16,
          "sti": 7,
          "dti": 327,
          "sco": 33,
          "dco": 1767,
          "txt": "euro"
        },
        {
          "si": 16,
          "sti": 8,
          "dti": 328,
          "sco": 38,
          "dco": 1772,
          "txt": "162"
        },
        {
          "si": 16,
          "sti": 9,
          "dti": 329,
          "sco": 41,
          "dco": 1775,
          "txt": "m"
        },
        {
          "si": 16,
          "sti": 10,
          "dti": 330,
          "sco": 43,
          "dco": 1777,
          "txt": "and"
        },
        {
          "si": 16,
          "sti": 11,
          "dti": 331,
          "sco": 47,
          "dco": 1781,
          "txt": "it"
        },
        {
          "si": 16,
          "sti": 12,
          "dti": 332,
          "sco": 50,
          "dco": 1784,
          "txt": "is"
        },
        {
          "si": 16,
          "sti": 13,
          "dti": 333,
          "sco": 53,
          "dco": 1787,
          "txt": "being"
        },
        {
          "si": 16,
          "sti": 14,
          "dti": 334,
          "sco": 59,
          "dco": 1793,
          "txt": "co"
        },
        {
          "si": 16,
          "sti": 15,
          "dti": 335,
          "sco": 61,
          "dco": 1795,
          "txt": "-"
        },
        {
          "si": 16,
          "sti": 16,
          "dti": 336,
          "sco": 62,
          "dco": 1796,
          "txt": "financed"
        },
        {
          "si": 16,
          "sti": 17,
          "dti": 337,
          "sco": 71,
          "dco": 1805,
          "txt": "with"
        },
        {
          "si": 16,
          "sti": 18,
          "dti": 338,
          "sco": 76,
          "dco": 1810,
          "txt": "the"
        },
        {
          "si": 16,
          "sti": 19,
          "dti": 339,
          "sco": 80,
          "dco": 1814,
          "txt": "German"
        },
        {
          "si": 16,
          "sti": 20,
          "dti": 340,
          "sco": 87,
          "dco": 1821,
          "txt": "Development"
        },
        {
          "si": 16,
          "sti": 21,
          "dti": 341,
          "sco": 99,
          "dco": 1833,
          "txt": "Bank"
        },
        {
          "si": 16,
          "sti": 22,
          "dti": 342,
          "sco": 104,
          "dco": 1838,
          "txt": "("
        },
        {
          "si": 16,
          "sti": 23,
          "dti": 343,
          "sco": 105,
          "dco": 1839,
          "txt": "KfW"
        },
        {
          "si": 16,
          "sti": 24,
          "dti": 344,
          "sco": 108,
          "dco": 1842,
          "txt": ")"
        },
        {
          "si": 16,
          "sti": 25,
          "dti": 345,
          "sco": 109,
          "dco": 1843,
          "txt": ","
        },
        {
          "si": 16,
          "sti": 26,
          "dti": 346,
          "sco": 111,
          "dco": 1845,
          "txt": "European"
        },
        {
          "si": 16,
          "sti": 27,
          "dti": 347,
          "sco": 120,
          "dco": 1854,
          "txt": "Investment"
        },
        {
          "si": 16,
          "sti": 28,
          "dti": 348,
          "sco": 131,
          "dco": 1865,
          "txt": "Bank"
        },
        {
          "si": 16,
          "sti": 29,
          "dti": 349,
          "sco": 136,
          "dco": 1870,
          "txt": "("
        },
        {
          "si": 16,
          "sti": 30,
          "dti": 350,
          "sco": 137,
          "dco": 1871,
          "txt": "EIB"
        },
        {
          "si": 16,
          "sti": 31,
          "dti": 351,
          "sco": 140,
          "dco": 1874,
          "txt": ")"
        },
        {
          "si": 16,
          "sti": 32,
          "dti": 352,
          "sco": 141,
          "dco": 1875,
          "txt": ","
        },
        {
          "si": 16,
          "sti": 33,
          "dti": 353,
          "sco": 143,
          "dco": 1877,
          "txt": "French"
        },
        {
          "si": 16,
          "sti": 34,
          "dti": 354,
          "sco": 150,
          "dco": 1884,
          "txt": "Agency"
        },
        {
          "si": 16,
          "sti": 35,
          "dti": 355,
          "sco": 157,
          "dco": 1891,
          "txt": "for"
        },
        {
          "si": 16,
          "sti": 36,
          "dti": 356,
          "sco": 161,
          "dco": 1895,
          "txt": "Development"
        },
        {
          "si": 16,
          "sti": 37,
          "dti": 357,
          "sco": 173,
          "dco": 1907,
          "txt": "("
        },
        {
          "si": 16,
          "sti": 38,
          "dti": 358,
          "sco": 174,
          "dco": 1908,
          "txt": "AFD"
        },
        {
          "si": 16,
          "sti": 39,
          "dti": 359,
          "sco": 177,
          "dco": 1911,
          "txt": ")"
        },
        {
          "si": 16,
          "sti": 40,
          "dti": 360,
          "sco": 179,
          "dco": 1913,
          "txt": "and"
        },
        {
          "si": 16,
          "sti": 41,
          "dti": 361,
          "sco": 183,
          "dco": 1917,
          "txt": "Pakistan"
        },
        {
          "si": 16,
          "sti": 42,
          "dti": 362,
          "sco": 192,
          "dco": 1926,
          "txt": "government"
        },
        {
          "si": 16,
          "sti": 43,
          "dti": 363,
          "sco": 203,
          "dco": 1937,
          "txt": "contributions"
        },
        {
          "si": 16,
          "sti": 44,
          "dti": 364,
          "sco": 216,
          "dco": 1950,
          "txt": "."
        }
      ]
    },
    "ganns": {
      "dla": [],
      "la": [],
      "ea": [],
      "eta": [
        {
          "ra": {
            "ea": {
              "etn": "Warsak_Dam"
            }
          },
          "sfs": [
            [
              {
                "stn": "status"
              },
              {}
            ]
          ],
          "mfs": [
            [
              {
                "stn": "rivers"
              },
              {
                "dla": [],
                "la": [],
                "ea": [
                  {
                    "etn": "Kabul_River"
                  }
                ],
                "eta": []
              }
            ],
            [
              {
                "stn": "locations"
              },
              {
                "dla": [],
                "la": [],
                "ea": [
                  {
                    "etn": "Peshawar"
                  }
                ],
                "eta": []
              }
            ],
            [
              {
                "stn": "openingYears"
              },
              {
                "dla": [
                  {
                    "txt": {
                      "sff": "1960"
                    },
                    "et": {
                      "etn": "Year"
                    },
                    "dp": {
                      "off": 324
                    }
                  }
                ],
                "la": [],
                "ea": [],
                "eta": []
              }
            ],
            [
              {
                "stn": "buildingStartYears"
              },
              {
                "dla": [],
                "la": [],
                "ea": [],
                "eta": []
              }
            ],
            [
              {
                "stn": "countries"
              },
              {
                "dla": [],
                "la": [],
                "ea": [
                  {
                    "etn": "Pakistan"
                  }
                ],
                "eta": []
              }
            ]
          ]
        }
      ]
    }
  }
]
