[
  {
    "context": "DEVELOPMENT",
    "doc": {
      "id": "Yantan_Dam",
      "tl": [
        {
          "si": 0,
          "sti": 0,
          "dti": 0,
          "sco": 0,
          "dco": 0,
          "txt": "Yantan"
        },
        {
          "si": 0,
          "sti": 1,
          "dti": 1,
          "sco": 7,
          "dco": 7,
          "txt": "Dam"
        },
        {
          "si": 0,
          "sti": 2,
          "dti": 2,
          "sco": 10,
          "dco": 10,
          "txt": "."
        },
        {
          "si": 1,
          "sti": 0,
          "dti": 3,
          "sco": 0,
          "dco": 12,
          "txt": "The"
        },
        {
          "si": 1,
          "sti": 1,
          "dti": 4,
          "sco": 4,
          "dco": 16,
          "txt": "Yantan"
        },
        {
          "si": 1,
          "sti": 2,
          "dti": 5,
          "sco": 11,
          "dco": 23,
          "txt": "Dam"
        },
        {
          "si": 1,
          "sti": 3,
          "dti": 6,
          "sco": 15,
          "dco": 27,
          "txt": "("
        },
        {
          "si": 1,
          "sti": 4,
          "dti": 7,
          "sco": 16,
          "dco": 28,
          "txt": ")"
        },
        {
          "si": 1,
          "sti": 5,
          "dti": 8,
          "sco": 18,
          "dco": 30,
          "txt": "is"
        },
        {
          "si": 1,
          "sti": 6,
          "dti": 9,
          "sco": 21,
          "dco": 33,
          "txt": "a"
        },
        {
          "si": 1,
          "sti": 7,
          "dti": 10,
          "sco": 23,
          "dco": 35,
          "txt": "gravity"
        },
        {
          "si": 1,
          "sti": 8,
          "dti": 11,
          "sco": 31,
          "dco": 43,
          "txt": "dam"
        },
        {
          "si": 1,
          "sti": 9,
          "dti": 12,
          "sco": 35,
          "dco": 47,
          "txt": "on"
        },
        {
          "si": 1,
          "sti": 10,
          "dti": 13,
          "sco": 38,
          "dco": 50,
          "txt": "the"
        },
        {
          "si": 1,
          "sti": 11,
          "dti": 14,
          "sco": 42,
          "dco": 54,
          "txt": "Hongshui"
        },
        {
          "si": 1,
          "sti": 12,
          "dti": 15,
          "sco": 51,
          "dco": 63,
          "txt": "River"
        },
        {
          "si": 1,
          "sti": 13,
          "dti": 16,
          "sco": 57,
          "dco": 69,
          "txt": "near"
        },
        {
          "si": 1,
          "sti": 14,
          "dti": 17,
          "sco": 62,
          "dco": 74,
          "txt": "Dahua"
        },
        {
          "si": 1,
          "sti": 15,
          "dti": 18,
          "sco": 68,
          "dco": 80,
          "txt": "County"
        },
        {
          "si": 1,
          "sti": 16,
          "dti": 19,
          "sco": 74,
          "dco": 86,
          "txt": ","
        },
        {
          "si": 1,
          "sti": 17,
          "dti": 20,
          "sco": 76,
          "dco": 88,
          "txt": "Guangxi"
        },
        {
          "si": 1,
          "sti": 18,
          "dti": 21,
          "sco": 84,
          "dco": 96,
          "txt": "China"
        },
        {
          "si": 1,
          "sti": 19,
          "dti": 22,
          "sco": 89,
          "dco": 101,
          "txt": "."
        },
        {
          "si": 2,
          "sti": 0,
          "dti": 23,
          "sco": 0,
          "dco": 103,
          "txt": "The"
        },
        {
          "si": 2,
          "sti": 1,
          "dti": 24,
          "sco": 4,
          "dco": 107,
          "txt": "main"
        },
        {
          "si": 2,
          "sti": 2,
          "dti": 25,
          "sco": 9,
          "dco": 112,
          "txt": "purpose"
        },
        {
          "si": 2,
          "sti": 3,
          "dti": 26,
          "sco": 17,
          "dco": 120,
          "txt": "of"
        },
        {
          "si": 2,
          "sti": 4,
          "dti": 27,
          "sco": 20,
          "dco": 123,
          "txt": "the"
        },
        {
          "si": 2,
          "sti": 5,
          "dti": 28,
          "sco": 24,
          "dco": 127,
          "txt": "dam"
        },
        {
          "si": 2,
          "sti": 6,
          "dti": 29,
          "sco": 28,
          "dco": 131,
          "txt": "is"
        },
        {
          "si": 2,
          "sti": 7,
          "dti": 30,
          "sco": 31,
          "dco": 134,
          "txt": "hydroelectric"
        },
        {
          "si": 2,
          "sti": 8,
          "dti": 31,
          "sco": 45,
          "dco": 148,
          "txt": "power"
        },
        {
          "si": 2,
          "sti": 9,
          "dti": 32,
          "sco": 51,
          "dco": 154,
          "txt": "production"
        },
        {
          "si": 2,
          "sti": 10,
          "dti": 33,
          "sco": 62,
          "dco": 165,
          "txt": "and"
        },
        {
          "si": 2,
          "sti": 11,
          "dti": 34,
          "sco": 66,
          "dco": 169,
          "txt": "it"
        },
        {
          "si": 2,
          "sti": 12,
          "dti": 35,
          "sco": 69,
          "dco": 172,
          "txt": "has"
        },
        {
          "si": 2,
          "sti": 13,
          "dti": 36,
          "sco": 73,
          "dco": 176,
          "txt": "an"
        },
        {
          "si": 2,
          "sti": 14,
          "dti": 37,
          "sco": 76,
          "dco": 179,
          "txt": "associated"
        },
        {
          "si": 2,
          "sti": 15,
          "dti": 38,
          "sco": 87,
          "dco": 190,
          "txt": "1"
        },
        {
          "si": 2,
          "sti": 16,
          "dti": 39,
          "sco": 88,
          "dco": 191,
          "txt": ","
        },
        {
          "si": 2,
          "sti": 17,
          "dti": 40,
          "sco": 89,
          "dco": 192,
          "txt": "210"
        },
        {
          "si": 2,
          "sti": 18,
          "dti": 41,
          "sco": 93,
          "dco": 196,
          "txt": "MW"
        },
        {
          "si": 2,
          "sti": 19,
          "dti": 42,
          "sco": 96,
          "dco": 199,
          "txt": "power"
        },
        {
          "si": 2,
          "sti": 20,
          "dti": 43,
          "sco": 102,
          "dco": 205,
          "txt": "station"
        },
        {
          "si": 2,
          "sti": 21,
          "dti": 44,
          "sco": 110,
          "dco": 213,
          "txt": "consisting"
        },
        {
          "si": 2,
          "sti": 22,
          "dti": 45,
          "sco": 121,
          "dco": 224,
          "txt": "of"
        },
        {
          "si": 2,
          "sti": 23,
          "dti": 46,
          "sco": 124,
          "dco": 227,
          "txt": "4"
        },
        {
          "si": 2,
          "sti": 24,
          "dti": 47,
          "sco": 126,
          "dco": 229,
          "txt": "x"
        },
        {
          "si": 2,
          "sti": 25,
          "dti": 48,
          "sco": 128,
          "dco": 231,
          "txt": "302"
        },
        {
          "si": 2,
          "sti": 26,
          "dti": 49,
          "sco": 131,
          "dco": 234,
          "txt": "."
        },
        {
          "si": 2,
          "sti": 27,
          "dti": 50,
          "sco": 132,
          "dco": 235,
          "txt": "5"
        },
        {
          "si": 2,
          "sti": 28,
          "dti": 51,
          "sco": 134,
          "dco": 237,
          "txt": "MW"
        },
        {
          "si": 2,
          "sti": 29,
          "dti": 52,
          "sco": 137,
          "dco": 240,
          "txt": "Francis"
        },
        {
          "si": 2,
          "sti": 30,
          "dti": 53,
          "sco": 145,
          "dco": 248,
          "txt": "turbine"
        },
        {
          "si": 2,
          "sti": 31,
          "dti": 54,
          "sco": 152,
          "dco": 255,
          "txt": "-"
        },
        {
          "si": 2,
          "sti": 32,
          "dti": 55,
          "sco": 153,
          "dco": 256,
          "txt": "generators"
        },
        {
          "si": 2,
          "sti": 33,
          "dti": 56,
          "sco": 163,
          "dco": 266,
          "txt": "."
        },
        {
          "si": 3,
          "sti": 0,
          "dti": 57,
          "sco": 0,
          "dco": 268,
          "txt": "Construction"
        },
        {
          "si": 3,
          "sti": 1,
          "dti": 58,
          "sco": 12,
          "dco": 280,
          "txt": "."
        },
        {
          "si": 4,
          "sti": 0,
          "dti": 59,
          "sco": 0,
          "dco": 282,
          "txt": "The"
        },
        {
          "si": 4,
          "sti": 1,
          "dti": 60,
          "sco": 4,
          "dco": 286,
          "txt": "dam"
        },
        {
          "si": 4,
          "sti": 2,
          "dti": 61,
          "sco": 8,
          "dco": 290,
          "txt": "was"
        },
        {
          "si": 4,
          "sti": 3,
          "dti": 62,
          "sco": 12,
          "dco": 294,
          "txt": "placed"
        },
        {
          "si": 4,
          "sti": 4,
          "dti": 63,
          "sco": 19,
          "dco": 301,
          "txt": "on"
        },
        {
          "si": 4,
          "sti": 5,
          "dti": 64,
          "sco": 22,
          "dco": 304,
          "txt": "the"
        },
        {
          "si": 4,
          "sti": 6,
          "dti": 65,
          "sco": 26,
          "dco": 308,
          "txt": "state"
        },
        {
          "si": 4,
          "sti": 7,
          "dti": 66,
          "sco": 32,
          "dco": 314,
          "txt": "key"
        },
        {
          "si": 4,
          "sti": 8,
          "dti": 67,
          "sco": 36,
          "dco": 318,
          "txt": "project"
        },
        {
          "si": 4,
          "sti": 9,
          "dti": 68,
          "sco": 44,
          "dco": 326,
          "txt": "list"
        },
        {
          "si": 4,
          "sti": 10,
          "dti": 69,
          "sco": 49,
          "dco": 331,
          "txt": "in"
        },
        {
          "si": 4,
          "sti": 11,
          "dti": 70,
          "sco": 52,
          "dco": 334,
          "txt": "1984"
        },
        {
          "si": 4,
          "sti": 12,
          "dti": 71,
          "sco": 57,
          "dco": 339,
          "txt": "and"
        },
        {
          "si": 4,
          "sti": 13,
          "dti": 72,
          "sco": 61,
          "dco": 343,
          "txt": "construction"
        },
        {
          "si": 4,
          "sti": 14,
          "dti": 73,
          "sco": 74,
          "dco": 356,
          "txt": "began"
        },
        {
          "si": 4,
          "sti": 15,
          "dti": 74,
          "sco": 80,
          "dco": 362,
          "txt": "in"
        },
        {
          "si": 4,
          "sti": 16,
          "dti": 75,
          "sco": 83,
          "dco": 365,
          "txt": "March"
        },
        {
          "si": 4,
          "sti": 17,
          "dti": 76,
          "sco": 89,
          "dco": 371,
          "txt": "1985"
        },
        {
          "si": 4,
          "sti": 18,
          "dti": 77,
          "sco": 93,
          "dco": 375,
          "txt": "."
        },
        {
          "si": 5,
          "sti": 0,
          "dti": 78,
          "sco": 0,
          "dco": 377,
          "txt": "By"
        },
        {
          "si": 5,
          "sti": 1,
          "dti": 79,
          "sco": 3,
          "dco": 380,
          "txt": "November"
        },
        {
          "si": 5,
          "sti": 2,
          "dti": 80,
          "sco": 12,
          "dco": 389,
          "txt": "1987"
        },
        {
          "si": 5,
          "sti": 3,
          "dti": 81,
          "sco": 16,
          "dco": 393,
          "txt": ","
        },
        {
          "si": 5,
          "sti": 4,
          "dti": 82,
          "sco": 18,
          "dco": 395,
          "txt": "the"
        },
        {
          "si": 5,
          "sti": 5,
          "dti": 83,
          "sco": 22,
          "dco": 399,
          "txt": "river"
        },
        {
          "si": 5,
          "sti": 6,
          "dti": 84,
          "sco": 28,
          "dco": 405,
          "txt": "was"
        },
        {
          "si": 5,
          "sti": 7,
          "dti": 85,
          "sco": 32,
          "dco": 409,
          "txt": "diverted"
        },
        {
          "si": 5,
          "sti": 8,
          "dti": 86,
          "sco": 41,
          "dco": 418,
          "txt": "and"
        },
        {
          "si": 5,
          "sti": 9,
          "dti": 87,
          "sco": 45,
          "dco": 422,
          "txt": "in"
        },
        {
          "si": 5,
          "sti": 10,
          "dti": 88,
          "sco": 48,
          "dco": 425,
          "txt": "March"
        },
        {
          "si": 5,
          "sti": 11,
          "dti": 89,
          "sco": 54,
          "dco": 431,
          "txt": "1992"
        },
        {
          "si": 5,
          "sti": 12,
          "dti": 90,
          "sco": 58,
          "dco": 435,
          "txt": ","
        },
        {
          "si": 5,
          "sti": 13,
          "dti": 91,
          "sco": 60,
          "dco": 437,
          "txt": "the"
        },
        {
          "si": 5,
          "sti": 14,
          "dti": 92,
          "sco": 64,
          "dco": 441,
          "txt": "dam"
        },
        {
          "si": 5,
          "sti": 15,
          "dti": 93,
          "sco": 68,
          "dco": 445,
          "txt": "began"
        },
        {
          "si": 5,
          "sti": 16,
          "dti": 94,
          "sco": 74,
          "dco": 451,
          "txt": "to"
        },
        {
          "si": 5,
          "sti": 17,
          "dti": 95,
          "sco": 77,
          "dco": 454,
          "txt": "impound"
        },
        {
          "si": 5,
          "sti": 18,
          "dti": 96,
          "sco": 85,
          "dco": 462,
          "txt": "the"
        },
        {
          "si": 5,
          "sti": 19,
          "dti": 97,
          "sco": 89,
          "dco": 466,
          "txt": "reservoir"
        },
        {
          "si": 5,
          "sti": 20,
          "dti": 98,
          "sco": 98,
          "dco": 475,
          "txt": "."
        },
        {
          "si": 6,
          "sti": 0,
          "dti": 99,
          "sco": 0,
          "dco": 477,
          "txt": "On"
        },
        {
          "si": 6,
          "sti": 1,
          "dti": 100,
          "sco": 3,
          "dco": 480,
          "txt": "September"
        },
        {
          "si": 6,
          "sti": 2,
          "dti": 101,
          "sco": 13,
          "dco": 490,
          "txt": "16"
        },
        {
          "si": 6,
          "sti": 3,
          "dti": 102,
          "sco": 15,
          "dco": 492,
          "txt": ","
        },
        {
          "si": 6,
          "sti": 4,
          "dti": 103,
          "sco": 17,
          "dco": 494,
          "txt": "1992"
        },
        {
          "si": 6,
          "sti": 5,
          "dti": 104,
          "sco": 21,
          "dco": 498,
          "txt": ","
        },
        {
          "si": 6,
          "sti": 6,
          "dti": 105,
          "sco": 23,
          "dco": 500,
          "txt": "the"
        },
        {
          "si": 6,
          "sti": 7,
          "dti": 106,
          "sco": 27,
          "dco": 504,
          "txt": "first"
        },
        {
          "si": 6,
          "sti": 8,
          "dti": 107,
          "sco": 33,
          "dco": 510,
          "txt": "generator"
        },
        {
          "si": 6,
          "sti": 9,
          "dti": 108,
          "sco": 43,
          "dco": 520,
          "txt": "was"
        },
        {
          "si": 6,
          "sti": 10,
          "dti": 109,
          "sco": 47,
          "dco": 524,
          "txt": "operational"
        },
        {
          "si": 6,
          "sti": 11,
          "dti": 110,
          "sco": 59,
          "dco": 536,
          "txt": "nine"
        },
        {
          "si": 6,
          "sti": 12,
          "dti": 111,
          "sco": 64,
          "dco": 541,
          "txt": "months"
        },
        {
          "si": 6,
          "sti": 13,
          "dti": 112,
          "sco": 71,
          "dco": 548,
          "txt": "ahead"
        },
        {
          "si": 6,
          "sti": 14,
          "dti": 113,
          "sco": 77,
          "dco": 554,
          "txt": "of"
        },
        {
          "si": 6,
          "sti": 15,
          "dti": 114,
          "sco": 80,
          "dco": 557,
          "txt": "schedule"
        },
        {
          "si": 6,
          "sti": 16,
          "dti": 115,
          "sco": 88,
          "dco": 565,
          "txt": "."
        },
        {
          "si": 7,
          "sti": 0,
          "dti": 116,
          "sco": 0,
          "dco": 567,
          "txt": "The"
        },
        {
          "si": 7,
          "sti": 1,
          "dti": 117,
          "sco": 4,
          "dco": 571,
          "txt": "second"
        },
        {
          "si": 7,
          "sti": 2,
          "dti": 118,
          "sco": 11,
          "dco": 578,
          "txt": "generator"
        },
        {
          "si": 7,
          "sti": 3,
          "dti": 119,
          "sco": 21,
          "dco": 588,
          "txt": "was"
        },
        {
          "si": 7,
          "sti": 4,
          "dti": 120,
          "sco": 25,
          "dco": 592,
          "txt": "operation"
        },
        {
          "si": 7,
          "sti": 5,
          "dti": 121,
          "sco": 35,
          "dco": 602,
          "txt": "in"
        },
        {
          "si": 7,
          "sti": 6,
          "dti": 122,
          "sco": 38,
          "dco": 605,
          "txt": "August"
        },
        {
          "si": 7,
          "sti": 7,
          "dti": 123,
          "sco": 45,
          "dco": 612,
          "txt": "1993"
        },
        {
          "si": 7,
          "sti": 8,
          "dti": 124,
          "sco": 49,
          "dco": 616,
          "txt": ","
        },
        {
          "si": 7,
          "sti": 9,
          "dti": 125,
          "sco": 51,
          "dco": 618,
          "txt": "the"
        },
        {
          "si": 7,
          "sti": 10,
          "dti": 126,
          "sco": 55,
          "dco": 622,
          "txt": "third"
        },
        {
          "si": 7,
          "sti": 11,
          "dti": 127,
          "sco": 61,
          "dco": 628,
          "txt": "in"
        },
        {
          "si": 7,
          "sti": 12,
          "dti": 128,
          "sco": 64,
          "dco": 631,
          "txt": "June"
        },
        {
          "si": 7,
          "sti": 13,
          "dti": 129,
          "sco": 69,
          "dco": 636,
          "txt": "1994"
        },
        {
          "si": 7,
          "sti": 14,
          "dti": 130,
          "sco": 74,
          "dco": 641,
          "txt": "and"
        },
        {
          "si": 7,
          "sti": 15,
          "dti": 131,
          "sco": 78,
          "dco": 645,
          "txt": "the"
        },
        {
          "si": 7,
          "sti": 16,
          "dti": 132,
          "sco": 82,
          "dco": 649,
          "txt": "fourth"
        },
        {
          "si": 7,
          "sti": 17,
          "dti": 133,
          "sco": 89,
          "dco": 656,
          "txt": "in"
        },
        {
          "si": 7,
          "sti": 18,
          "dti": 134,
          "sco": 92,
          "dco": 659,
          "txt": "June"
        },
        {
          "si": 7,
          "sti": 19,
          "dti": 135,
          "sco": 97,
          "dco": 664,
          "txt": "1995"
        },
        {
          "si": 7,
          "sti": 20,
          "dti": 136,
          "sco": 101,
          "dco": 668,
          "txt": "."
        },
        {
          "si": 8,
          "sti": 0,
          "dti": 137,
          "sco": 0,
          "dco": 670,
          "txt": "By"
        },
        {
          "si": 8,
          "sti": 1,
          "dti": 138,
          "sco": 3,
          "dco": 673,
          "txt": "the"
        },
        {
          "si": 8,
          "sti": 2,
          "dti": 139,
          "sco": 7,
          "dco": 677,
          "txt": "end"
        },
        {
          "si": 8,
          "sti": 3,
          "dti": 140,
          "sco": 11,
          "dco": 681,
          "txt": "of"
        },
        {
          "si": 8,
          "sti": 4,
          "dti": 141,
          "sco": 14,
          "dco": 684,
          "txt": "1995"
        },
        {
          "si": 8,
          "sti": 5,
          "dti": 142,
          "sco": 18,
          "dco": 688,
          "txt": ","
        },
        {
          "si": 8,
          "sti": 6,
          "dti": 143,
          "sco": 20,
          "dco": 690,
          "txt": "the"
        },
        {
          "si": 8,
          "sti": 7,
          "dti": 144,
          "sco": 24,
          "dco": 694,
          "txt": "entire"
        },
        {
          "si": 8,
          "sti": 8,
          "dti": 145,
          "sco": 31,
          "dco": 701,
          "txt": "project"
        },
        {
          "si": 8,
          "sti": 9,
          "dti": 146,
          "sco": 39,
          "dco": 709,
          "txt": "was"
        },
        {
          "si": 8,
          "sti": 10,
          "dti": 147,
          "sco": 43,
          "dco": 713,
          "txt": "complete"
        },
        {
          "si": 8,
          "sti": 11,
          "dti": 148,
          "sco": 51,
          "dco": 721,
          "txt": "."
        },
        {
          "si": 9,
          "sti": 0,
          "dti": 149,
          "sco": 0,
          "dco": 723,
          "txt": "The"
        },
        {
          "si": 9,
          "sti": 1,
          "dti": 150,
          "sco": 4,
          "dco": 727,
          "txt": "dam"
        },
        {
          "si": 9,
          "sti": 2,
          "dti": 151,
          "sco": 8,
          "dco": 731,
          "txt": "is"
        },
        {
          "si": 9,
          "sti": 3,
          "dti": 152,
          "sco": 11,
          "dco": 734,
          "txt": "owned"
        },
        {
          "si": 9,
          "sti": 4,
          "dti": 153,
          "sco": 17,
          "dco": 740,
          "txt": "by"
        },
        {
          "si": 9,
          "sti": 5,
          "dti": 154,
          "sco": 20,
          "dco": 743,
          "txt": "Guangxi"
        },
        {
          "si": 9,
          "sti": 6,
          "dti": 155,
          "sco": 28,
          "dco": 751,
          "txt": "Electric"
        },
        {
          "si": 9,
          "sti": 7,
          "dti": 156,
          "sco": 37,
          "dco": 760,
          "txt": "Power"
        },
        {
          "si": 9,
          "sti": 8,
          "dti": 157,
          "sco": 43,
          "dco": 766,
          "txt": "Bureau"
        },
        {
          "si": 9,
          "sti": 9,
          "dti": 158,
          "sco": 50,
          "dco": 773,
          "txt": "while"
        },
        {
          "si": 9,
          "sti": 10,
          "dti": 159,
          "sco": 56,
          "dco": 779,
          "txt": "Guangxi"
        },
        {
          "si": 9,
          "sti": 11,
          "dti": 160,
          "sco": 64,
          "dco": 787,
          "txt": "Electricpower"
        },
        {
          "si": 9,
          "sti": 12,
          "dti": 161,
          "sco": 78,
          "dco": 801,
          "txt": "Investigation"
        },
        {
          "si": 9,
          "sti": 13,
          "dti": 162,
          "sco": 92,
          "dco": 815,
          "txt": "and"
        },
        {
          "si": 9,
          "sti": 14,
          "dti": 163,
          "sco": 96,
          "dco": 819,
          "txt": "Design"
        },
        {
          "si": 9,
          "sti": 15,
          "dti": 164,
          "sco": 103,
          "dco": 826,
          "txt": "Institute"
        },
        {
          "si": 9,
          "sti": 16,
          "dti": 165,
          "sco": 113,
          "dco": 836,
          "txt": "designed"
        },
        {
          "si": 9,
          "sti": 17,
          "dti": 166,
          "sco": 122,
          "dco": 845,
          "txt": "it"
        },
        {
          "si": 9,
          "sti": 18,
          "dti": 167,
          "sco": 125,
          "dco": 848,
          "txt": "and"
        },
        {
          "si": 9,
          "sti": 19,
          "dti": 168,
          "sco": 129,
          "dco": 852,
          "txt": "Guangxi"
        },
        {
          "si": 9,
          "sti": 20,
          "dti": 169,
          "sco": 137,
          "dco": 860,
          "txt": "Yantan"
        },
        {
          "si": 9,
          "sti": 21,
          "dti": 170,
          "sco": 144,
          "dco": 867,
          "txt": "Hydropower"
        },
        {
          "si": 9,
          "sti": 22,
          "dti": 171,
          "sco": 155,
          "dco": 878,
          "txt": "Project"
        },
        {
          "si": 9,
          "sti": 23,
          "dti": 172,
          "sco": 163,
          "dco": 886,
          "txt": "Construction"
        },
        {
          "si": 9,
          "sti": 24,
          "dti": 173,
          "sco": 176,
          "dco": 899,
          "txt": "Corporation"
        },
        {
          "si": 9,
          "sti": 25,
          "dti": 174,
          "sco": 188,
          "dco": 911,
          "txt": "constructed"
        },
        {
          "si": 9,
          "sti": 26,
          "dti": 175,
          "sco": 200,
          "dco": 923,
          "txt": "it"
        },
        {
          "si": 9,
          "sti": 27,
          "dti": 176,
          "sco": 202,
          "dco": 925,
          "txt": "."
        },
        {
          "si": 9,
          "sti": 28,
          "dti": 177,
          "sco": 204,
          "dco": 927,
          "txt": "43"
        },
        {
          "si": 9,
          "sti": 29,
          "dti": 178,
          "sco": 206,
          "dco": 929,
          "txt": ","
        },
        {
          "si": 9,
          "sti": 30,
          "dti": 179,
          "sco": 207,
          "dco": 930,
          "txt": "176"
        },
        {
          "si": 9,
          "sti": 31,
          "dti": 180,
          "sco": 211,
          "dco": 934,
          "txt": "people"
        },
        {
          "si": 9,
          "sti": 32,
          "dti": 181,
          "sco": 218,
          "dco": 941,
          "txt": "were"
        },
        {
          "si": 9,
          "sti": 33,
          "dti": 182,
          "sco": 223,
          "dco": 946,
          "txt": "relocated"
        },
        {
          "si": 9,
          "sti": 34,
          "dti": 183,
          "sco": 233,
          "dco": 956,
          "txt": "as"
        },
        {
          "si": 9,
          "sti": 35,
          "dti": 184,
          "sco": 236,
          "dco": 959,
          "txt": "a"
        },
        {
          "si": 9,
          "sti": 36,
          "dti": 185,
          "sco": 238,
          "dco": 961,
          "txt": "result"
        },
        {
          "si": 9,
          "sti": 37,
          "dti": 186,
          "sco": 245,
          "dco": 968,
          "txt": "of"
        },
        {
          "si": 9,
          "sti": 38,
          "dti": 187,
          "sco": 248,
          "dco": 971,
          "txt": "the"
        },
        {
          "si": 9,
          "sti": 39,
          "dti": 188,
          "sco": 252,
          "dco": 975,
          "txt": "project"
        },
        {
          "si": 9,
          "sti": 40,
          "dti": 189,
          "sco": 259,
          "dco": 982,
          "txt": "."
        },
        {
          "si": 10,
          "sti": 0,
          "dti": 190,
          "sco": 0,
          "dco": 984,
          "txt": "Design"
        },
        {
          "si": 10,
          "sti": 1,
          "dti": 191,
          "sco": 6,
          "dco": 990,
          "txt": "."
        },
        {
          "si": 11,
          "sti": 0,
          "dti": 192,
          "sco": 0,
          "dco": 992,
          "txt": "The"
        },
        {
          "si": 11,
          "sti": 1,
          "dti": 193,
          "sco": 4,
          "dco": 996,
          "txt": "facility"
        },
        {
          "si": 11,
          "sti": 2,
          "dti": 194,
          "sco": 13,
          "dco": 1005,
          "txt": "is"
        },
        {
          "si": 11,
          "sti": 3,
          "dti": 195,
          "sco": 16,
          "dco": 1008,
          "txt": "composed"
        },
        {
          "si": 11,
          "sti": 4,
          "dti": 196,
          "sco": 25,
          "dco": 1017,
          "txt": "of"
        },
        {
          "si": 11,
          "sti": 5,
          "dti": 197,
          "sco": 28,
          "dco": 1020,
          "txt": "the"
        },
        {
          "si": 11,
          "sti": 6,
          "dti": 198,
          "sco": 32,
          "dco": 1024,
          "txt": "dam"
        },
        {
          "si": 11,
          "sti": 7,
          "dti": 199,
          "sco": 35,
          "dco": 1027,
          "txt": ","
        },
        {
          "si": 11,
          "sti": 8,
          "dti": 200,
          "sco": 37,
          "dco": 1029,
          "txt": "its"
        },
        {
          "si": 11,
          "sti": 9,
          "dti": 201,
          "sco": 41,
          "dco": 1033,
          "txt": "power"
        },
        {
          "si": 11,
          "sti": 10,
          "dti": 202,
          "sco": 47,
          "dco": 1039,
          "txt": "station"
        },
        {
          "si": 11,
          "sti": 11,
          "dti": 203,
          "sco": 55,
          "dco": 1047,
          "txt": "and"
        },
        {
          "si": 11,
          "sti": 12,
          "dti": 204,
          "sco": 59,
          "dco": 1051,
          "txt": "a"
        },
        {
          "si": 11,
          "sti": 13,
          "dti": 205,
          "sco": 61,
          "dco": 1053,
          "txt": "ship"
        },
        {
          "si": 11,
          "sti": 14,
          "dti": 206,
          "sco": 66,
          "dco": 1058,
          "txt": "lift"
        },
        {
          "si": 11,
          "sti": 15,
          "dti": 207,
          "sco": 70,
          "dco": 1062,
          "txt": "."
        },
        {
          "si": 12,
          "sti": 0,
          "dti": 208,
          "sco": 0,
          "dco": 1064,
          "txt": "The"
        },
        {
          "si": 12,
          "sti": 1,
          "dti": 209,
          "sco": 4,
          "dco": 1068,
          "txt": "dam"
        },
        {
          "si": 12,
          "sti": 2,
          "dti": 210,
          "sco": 8,
          "dco": 1072,
          "txt": "is"
        },
        {
          "si": 12,
          "sti": 3,
          "dti": 211,
          "sco": 11,
          "dco": 1075,
          "txt": "a"
        },
        {
          "si": 12,
          "sti": 4,
          "dti": 212,
          "sco": 13,
          "dco": 1077,
          "txt": "high"
        },
        {
          "si": 12,
          "sti": 5,
          "dti": 213,
          "sco": 18,
          "dco": 1082,
          "txt": "and"
        },
        {
          "si": 12,
          "sti": 6,
          "dti": 214,
          "sco": 22,
          "dco": 1086,
          "txt": "long"
        },
        {
          "si": 12,
          "sti": 7,
          "dti": 215,
          "sco": 27,
          "dco": 1091,
          "txt": "gravity"
        },
        {
          "si": 12,
          "sti": 8,
          "dti": 216,
          "sco": 35,
          "dco": 1099,
          "txt": "dam"
        },
        {
          "si": 12,
          "sti": 9,
          "dti": 217,
          "sco": 38,
          "dco": 1102,
          "txt": "."
        },
        {
          "si": 13,
          "sti": 0,
          "dti": 218,
          "sco": 0,
          "dco": 1104,
          "txt": "It"
        },
        {
          "si": 13,
          "sti": 1,
          "dti": 219,
          "sco": 3,
          "dco": 1107,
          "txt": "withholds"
        },
        {
          "si": 13,
          "sti": 2,
          "dti": 220,
          "sco": 13,
          "dco": 1117,
          "txt": "a"
        },
        {
          "si": 13,
          "sti": 3,
          "dti": 221,
          "sco": 15,
          "dco": 1119,
          "txt": "reservoir"
        },
        {
          "si": 13,
          "sti": 4,
          "dti": 222,
          "sco": 25,
          "dco": 1129,
          "txt": "with"
        },
        {
          "si": 13,
          "sti": 5,
          "dti": 223,
          "sco": 30,
          "dco": 1134,
          "txt": "a"
        },
        {
          "si": 13,
          "sti": 6,
          "dti": 224,
          "sco": 32,
          "dco": 1136,
          "txt": "normal"
        },
        {
          "si": 13,
          "sti": 7,
          "dti": 225,
          "sco": 39,
          "dco": 1143,
          "txt": "capacity"
        },
        {
          "si": 13,
          "sti": 8,
          "dti": 226,
          "sco": 48,
          "dco": 1152,
          "txt": "of"
        },
        {
          "si": 13,
          "sti": 9,
          "dti": 227,
          "sco": 50,
          "dco": 1154,
          "txt": ","
        },
        {
          "si": 13,
          "sti": 10,
          "dti": 228,
          "sco": 52,
          "dco": 1156,
          "txt": "maximum"
        },
        {
          "si": 13,
          "sti": 11,
          "dti": 229,
          "sco": 60,
          "dco": 1164,
          "txt": "capacity"
        },
        {
          "si": 13,
          "sti": 12,
          "dti": 230,
          "sco": 69,
          "dco": 1173,
          "txt": "of"
        },
        {
          "si": 13,
          "sti": 13,
          "dti": 231,
          "sco": 72,
          "dco": 1176,
          "txt": "and"
        },
        {
          "si": 13,
          "sti": 14,
          "dti": 232,
          "sco": 76,
          "dco": 1180,
          "txt": "active"
        },
        {
          "si": 13,
          "sti": 15,
          "dti": 233,
          "sco": 83,
          "dco": 1187,
          "txt": "or"
        },
        {
          "si": 13,
          "sti": 16,
          "dti": 234,
          "sco": 86,
          "dco": 1190,
          "txt": "\""
        },
        {
          "si": 13,
          "sti": 17,
          "dti": 235,
          "sco": 87,
          "dco": 1191,
          "txt": "useful"
        },
        {
          "si": 13,
          "sti": 18,
          "dti": 236,
          "sco": 93,
          "dco": 1197,
          "txt": "\""
        },
        {
          "si": 13,
          "sti": 19,
          "dti": 237,
          "sco": 95,
          "dco": 1199,
          "txt": "storage"
        },
        {
          "si": 13,
          "sti": 20,
          "dti": 238,
          "sco": 103,
          "dco": 1207,
          "txt": "of"
        },
        {
          "si": 13,
          "sti": 21,
          "dti": 239,
          "sco": 105,
          "dco": 1209,
          "txt": "."
        },
        {
          "si": 14,
          "sti": 0,
          "dti": 240,
          "sco": 0,
          "dco": 1211,
          "txt": "The"
        },
        {
          "si": 14,
          "sti": 1,
          "dti": 241,
          "sco": 4,
          "dco": 1215,
          "txt": "dam"
        },
        {
          "si": 14,
          "sti": 2,
          "dti": 242,
          "sco": 7,
          "dco": 1218,
          "txt": "'"
        },
        {
          "si": 14,
          "sti": 3,
          "dti": 243,
          "sco": 8,
          "dco": 1219,
          "txt": "s"
        },
        {
          "si": 14,
          "sti": 4,
          "dti": 244,
          "sco": 10,
          "dco": 1221,
          "txt": "spillway"
        },
        {
          "si": 14,
          "sti": 5,
          "dti": 245,
          "sco": 19,
          "dco": 1230,
          "txt": "contains"
        },
        {
          "si": 14,
          "sti": 6,
          "dti": 246,
          "sco": 28,
          "dco": 1239,
          "txt": "seven"
        },
        {
          "si": 14,
          "sti": 7,
          "dti": 247,
          "sco": 34,
          "dco": 1245,
          "txt": "radial"
        },
        {
          "si": 14,
          "sti": 8,
          "dti": 248,
          "sco": 41,
          "dco": 1252,
          "txt": "steel"
        },
        {
          "si": 14,
          "sti": 9,
          "dti": 249,
          "sco": 47,
          "dco": 1258,
          "txt": "gates"
        },
        {
          "si": 14,
          "sti": 10,
          "dti": 250,
          "sco": 53,
          "dco": 1264,
          "txt": "with"
        },
        {
          "si": 14,
          "sti": 11,
          "dti": 251,
          "sco": 58,
          "dco": 1269,
          "txt": "a"
        },
        {
          "si": 14,
          "sti": 12,
          "dti": 252,
          "sco": 60,
          "dco": 1271,
          "txt": "maximum"
        },
        {
          "si": 14,
          "sti": 13,
          "dti": 253,
          "sco": 68,
          "dco": 1279,
          "txt": "discharge"
        },
        {
          "si": 14,
          "sti": 14,
          "dti": 254,
          "sco": 78,
          "dco": 1289,
          "txt": "capacity"
        },
        {
          "si": 14,
          "sti": 15,
          "dti": 255,
          "sco": 87,
          "dco": 1298,
          "txt": "of"
        },
        {
          "si": 14,
          "sti": 16,
          "dti": 256,
          "sco": 89,
          "dco": 1300,
          "txt": "."
        },
        {
          "si": 15,
          "sti": 0,
          "dti": 257,
          "sco": 0,
          "dco": 1302,
          "txt": "The"
        },
        {
          "si": 15,
          "sti": 1,
          "dti": 258,
          "sco": 4,
          "dco": 1306,
          "txt": "power"
        },
        {
          "si": 15,
          "sti": 2,
          "dti": 259,
          "sco": 10,
          "dco": 1312,
          "txt": "station"
        },
        {
          "si": 15,
          "sti": 3,
          "dti": 260,
          "sco": 18,
          "dco": 1320,
          "txt": "at"
        },
        {
          "si": 15,
          "sti": 4,
          "dti": 261,
          "sco": 21,
          "dco": 1323,
          "txt": "its"
        },
        {
          "si": 15,
          "sti": 5,
          "dti": 262,
          "sco": 25,
          "dco": 1327,
          "txt": "right"
        },
        {
          "si": 15,
          "sti": 6,
          "dti": 263,
          "sco": 31,
          "dco": 1333,
          "txt": "toe"
        },
        {
          "si": 15,
          "sti": 7,
          "dti": 264,
          "sco": 35,
          "dco": 1337,
          "txt": "is"
        },
        {
          "si": 15,
          "sti": 8,
          "dti": 265,
          "sco": 38,
          "dco": 1340,
          "txt": "long"
        },
        {
          "si": 15,
          "sti": 9,
          "dti": 266,
          "sco": 42,
          "dco": 1344,
          "txt": ","
        },
        {
          "si": 15,
          "sti": 10,
          "dti": 267,
          "sco": 44,
          "dco": 1346,
          "txt": "wide"
        },
        {
          "si": 15,
          "sti": 11,
          "dti": 268,
          "sco": 49,
          "dco": 1351,
          "txt": "and"
        },
        {
          "si": 15,
          "sti": 12,
          "dti": 269,
          "sco": 53,
          "dco": 1355,
          "txt": "high"
        },
        {
          "si": 15,
          "sti": 13,
          "dti": 270,
          "sco": 57,
          "dco": 1359,
          "txt": "."
        },
        {
          "si": 16,
          "sti": 0,
          "dti": 271,
          "sco": 0,
          "dco": 1361,
          "txt": "The"
        },
        {
          "si": 16,
          "sti": 1,
          "dti": 272,
          "sco": 4,
          "dco": 1365,
          "txt": "power"
        },
        {
          "si": 16,
          "sti": 2,
          "dti": 273,
          "sco": 10,
          "dco": 1371,
          "txt": "station"
        },
        {
          "si": 16,
          "sti": 3,
          "dti": 274,
          "sco": 18,
          "dco": 1379,
          "txt": "is"
        },
        {
          "si": 16,
          "sti": 4,
          "dti": 275,
          "sco": 21,
          "dco": 1382,
          "txt": "supported"
        },
        {
          "si": 16,
          "sti": 5,
          "dti": 276,
          "sco": 31,
          "dco": 1392,
          "txt": "by"
        },
        {
          "si": 16,
          "sti": 6,
          "dti": 277,
          "sco": 34,
          "dco": 1395,
          "txt": "four"
        },
        {
          "si": 16,
          "sti": 7,
          "dti": 278,
          "sco": 39,
          "dco": 1400,
          "txt": "intakes"
        },
        {
          "si": 16,
          "sti": 8,
          "dti": 279,
          "sco": 46,
          "dco": 1407,
          "txt": ","
        },
        {
          "si": 16,
          "sti": 9,
          "dti": 280,
          "sco": 48,
          "dco": 1409,
          "txt": "penstocks"
        },
        {
          "si": 16,
          "sti": 10,
          "dti": 281,
          "sco": 58,
          "dco": 1419,
          "txt": "and"
        },
        {
          "si": 16,
          "sti": 11,
          "dti": 282,
          "sco": 62,
          "dco": 1423,
          "txt": "tailraces"
        },
        {
          "si": 16,
          "sti": 12,
          "dti": 283,
          "sco": 71,
          "dco": 1432,
          "txt": "."
        },
        {
          "si": 17,
          "sti": 0,
          "dti": 284,
          "sco": 0,
          "dco": 1434,
          "txt": "It"
        },
        {
          "si": 17,
          "sti": 1,
          "dti": 285,
          "sco": 3,
          "dco": 1437,
          "txt": "contains"
        },
        {
          "si": 17,
          "sti": 2,
          "dti": 286,
          "sco": 12,
          "dco": 1446,
          "txt": "4"
        },
        {
          "si": 17,
          "sti": 3,
          "dti": 287,
          "sco": 14,
          "dco": 1448,
          "txt": "x"
        },
        {
          "si": 17,
          "sti": 4,
          "dti": 288,
          "sco": 16,
          "dco": 1450,
          "txt": "302"
        },
        {
          "si": 17,
          "sti": 5,
          "dti": 289,
          "sco": 19,
          "dco": 1453,
          "txt": "."
        },
        {
          "si": 17,
          "sti": 6,
          "dti": 290,
          "sco": 20,
          "dco": 1454,
          "txt": "5"
        },
        {
          "si": 17,
          "sti": 7,
          "dti": 291,
          "sco": 22,
          "dco": 1456,
          "txt": "MW"
        },
        {
          "si": 17,
          "sti": 8,
          "dti": 292,
          "sco": 25,
          "dco": 1459,
          "txt": "Francis"
        },
        {
          "si": 17,
          "sti": 9,
          "dti": 293,
          "sco": 33,
          "dco": 1467,
          "txt": "turbines"
        },
        {
          "si": 17,
          "sti": 10,
          "dti": 294,
          "sco": 42,
          "dco": 1476,
          "txt": "for"
        },
        {
          "si": 17,
          "sti": 11,
          "dti": 295,
          "sco": 46,
          "dco": 1480,
          "txt": "an"
        },
        {
          "si": 17,
          "sti": 12,
          "dti": 296,
          "sco": 49,
          "dco": 1483,
          "txt": "installed"
        },
        {
          "si": 17,
          "sti": 13,
          "dti": 297,
          "sco": 59,
          "dco": 1493,
          "txt": "capacity"
        },
        {
          "si": 17,
          "sti": 14,
          "dti": 298,
          "sco": 68,
          "dco": 1502,
          "txt": "of"
        },
        {
          "si": 17,
          "sti": 15,
          "dti": 299,
          "sco": 71,
          "dco": 1505,
          "txt": "1"
        },
        {
          "si": 17,
          "sti": 16,
          "dti": 300,
          "sco": 72,
          "dco": 1506,
          "txt": ","
        },
        {
          "si": 17,
          "sti": 17,
          "dti": 301,
          "sco": 73,
          "dco": 1507,
          "txt": "210"
        },
        {
          "si": 17,
          "sti": 18,
          "dti": 302,
          "sco": 77,
          "dco": 1511,
          "txt": "but"
        },
        {
          "si": 17,
          "sti": 19,
          "dti": 303,
          "sco": 81,
          "dco": 1515,
          "txt": "operates"
        },
        {
          "si": 17,
          "sti": 20,
          "dti": 304,
          "sco": 90,
          "dco": 1524,
          "txt": "at"
        },
        {
          "si": 17,
          "sti": 21,
          "dti": 305,
          "sco": 93,
          "dco": 1527,
          "txt": "a"
        },
        {
          "si": 17,
          "sti": 22,
          "dti": 306,
          "sco": 95,
          "dco": 1529,
          "txt": "firm"
        },
        {
          "si": 17,
          "sti": 23,
          "dti": 307,
          "sco": 100,
          "dco": 1534,
          "txt": "capacity"
        },
        {
          "si": 17,
          "sti": 24,
          "dti": 308,
          "sco": 109,
          "dco": 1543,
          "txt": "of"
        },
        {
          "si": 17,
          "sti": 25,
          "dti": 309,
          "sco": 112,
          "dco": 1546,
          "txt": "242"
        },
        {
          "si": 17,
          "sti": 26,
          "dti": 310,
          "sco": 116,
          "dco": 1550,
          "txt": "MW"
        },
        {
          "si": 17,
          "sti": 27,
          "dti": 311,
          "sco": 118,
          "dco": 1552,
          "txt": "."
        },
        {
          "si": 18,
          "sti": 0,
          "dti": 312,
          "sco": 0,
          "dco": 1554,
          "txt": "The"
        },
        {
          "si": 18,
          "sti": 1,
          "dti": 313,
          "sco": 4,
          "dco": 1558,
          "txt": "Yantan"
        },
        {
          "si": 18,
          "sti": 2,
          "dti": 314,
          "sco": 11,
          "dco": 1565,
          "txt": "Ship"
        },
        {
          "si": 18,
          "sti": 3,
          "dti": 315,
          "sco": 16,
          "dco": 1570,
          "txt": "Lift"
        },
        {
          "si": 18,
          "sti": 4,
          "dti": 316,
          "sco": 21,
          "dco": 1575,
          "txt": "is"
        },
        {
          "si": 18,
          "sti": 5,
          "dti": 317,
          "sco": 24,
          "dco": 1578,
          "txt": "a"
        },
        {
          "si": 18,
          "sti": 6,
          "dti": 318,
          "sco": 26,
          "dco": 1580,
          "txt": "vertical"
        },
        {
          "si": 18,
          "sti": 7,
          "dti": 319,
          "sco": 35,
          "dco": 1589,
          "txt": "lift"
        },
        {
          "si": 18,
          "sti": 8,
          "dti": 320,
          "sco": 40,
          "dco": 1594,
          "txt": "type"
        },
        {
          "si": 18,
          "sti": 9,
          "dti": 321,
          "sco": 45,
          "dco": 1599,
          "txt": "designed"
        },
        {
          "si": 18,
          "sti": 10,
          "dti": 322,
          "sco": 54,
          "dco": 1608,
          "txt": "for"
        },
        {
          "si": 18,
          "sti": 11,
          "dti": 323,
          "sco": 58,
          "dco": 1612,
          "txt": "a"
        },
        {
          "si": 18,
          "sti": 12,
          "dti": 324,
          "sco": 60,
          "dco": 1614,
          "txt": "maximum"
        },
        {
          "si": 18,
          "sti": 13,
          "dti": 325,
          "sco": 68,
          "dco": 1622,
          "txt": "250"
        },
        {
          "si": 18,
          "sti": 14,
          "dti": 326,
          "sco": 72,
          "dco": 1626,
          "txt": "ton"
        },
        {
          "si": 18,
          "sti": 15,
          "dti": 327,
          "sco": 76,
          "dco": 1630,
          "txt": "barge"
        },
        {
          "si": 18,
          "sti": 16,
          "dti": 328,
          "sco": 82,
          "dco": 1636,
          "txt": "vessel"
        },
        {
          "si": 18,
          "sti": 17,
          "dti": 329,
          "sco": 88,
          "dco": 1642,
          "txt": "."
        }
      ]
    },
    "ganns": {
      "dla": [],
      "la": [],
      "ea": [],
      "eta": [
        {
          "ra": {
            "ea": {
              "etn": "Yantan_Dam"
            }
          },
          "sfs": [
            [
              {
                "stn": "status"
              },
              {}
            ]
          ],
          "mfs": [
            [
              {
                "stn": "rivers"
              },
              {
                "dla": [],
                "la": [],
                "ea": [
                  {
                    "etn": "Hongshui_River"
                  }
                ],
                "eta": []
              }
            ],
            [
              {
                "stn": "locations"
              },
              {
                "dla": [],
                "la": [],
                "ea": [
                  {
                    "etn": "Dahua_Yao_Autonomous_County"
                  },
                  {
                    "etn": "Guangxi"
                  }
                ],
                "eta": []
              }
            ],
            [
              {
                "stn": "openingYears"
              },
              {
                "dla": [
                  {
                    "txt": {
                      "sff": "1995"
                    },
                    "et": {
                      "etn": "Year"
                    },
                    "dp": {
                      "off": 664
                    }
                  }
                ],
                "la": [],
                "ea": [],
                "eta": []
              }
            ],
            [
              {
                "stn": "buildingStartYears"
              },
              {
                "dla": [
                  {
                    "txt": {
                      "sff": "1985"
                    },
                    "et": {
                      "etn": "Year"
                    },
                    "dp": {
                      "off": 371
                    }
                  }
                ],
                "la": [],
                "ea": [],
                "eta": []
              }
            ],
            [
              {
                "stn": "countries"
              },
              {
                "dla": [],
                "la": [],
                "ea": [
                  {
                    "etn": "China"
                  }
                ],
                "eta": []
              }
            ]
          ]
        }
      ]
    }
  }
]
