[
  {
    "context": "DEVELOPMENT",
    "doc": {
      "id": "Yunfeng_Dam",
      "tl": [
        {
          "si": 0,
          "sti": 0,
          "dti": 0,
          "sco": 0,
          "dco": 0,
          "txt": "Yunfeng"
        },
        {
          "si": 0,
          "sti": 1,
          "dti": 1,
          "sco": 8,
          "dco": 8,
          "txt": "Dam"
        },
        {
          "si": 0,
          "sti": 2,
          "dti": 2,
          "sco": 11,
          "dco": 11,
          "txt": "."
        },
        {
          "si": 1,
          "sti": 0,
          "dti": 3,
          "sco": 0,
          "dco": 13,
          "txt": "The"
        },
        {
          "si": 1,
          "sti": 1,
          "dti": 4,
          "sco": 4,
          "dco": 17,
          "txt": "Yunfeng"
        },
        {
          "si": 1,
          "sti": 2,
          "dti": 5,
          "sco": 12,
          "dco": 25,
          "txt": "Dam"
        },
        {
          "si": 1,
          "sti": 3,
          "dti": 6,
          "sco": 16,
          "dco": 29,
          "txt": "is"
        },
        {
          "si": 1,
          "sti": 4,
          "dti": 7,
          "sco": 19,
          "dco": 32,
          "txt": "a"
        },
        {
          "si": 1,
          "sti": 5,
          "dti": 8,
          "sco": 21,
          "dco": 34,
          "txt": "concrete"
        },
        {
          "si": 1,
          "sti": 6,
          "dti": 9,
          "sco": 30,
          "dco": 43,
          "txt": "gravity"
        },
        {
          "si": 1,
          "sti": 7,
          "dti": 10,
          "sco": 38,
          "dco": 51,
          "txt": "dam"
        },
        {
          "si": 1,
          "sti": 8,
          "dti": 11,
          "sco": 42,
          "dco": 55,
          "txt": "on"
        },
        {
          "si": 1,
          "sti": 9,
          "dti": 12,
          "sco": 45,
          "dco": 58,
          "txt": "the"
        },
        {
          "si": 1,
          "sti": 10,
          "dti": 13,
          "sco": 49,
          "dco": 62,
          "txt": "Yalu"
        },
        {
          "si": 1,
          "sti": 11,
          "dti": 14,
          "sco": 54,
          "dco": 67,
          "txt": "River"
        },
        {
          "si": 1,
          "sti": 12,
          "dti": 15,
          "sco": 60,
          "dco": 73,
          "txt": "which"
        },
        {
          "si": 1,
          "sti": 13,
          "dti": 16,
          "sco": 66,
          "dco": 79,
          "txt": "borders"
        },
        {
          "si": 1,
          "sti": 14,
          "dti": 17,
          "sco": 74,
          "dco": 87,
          "txt": "China"
        },
        {
          "si": 1,
          "sti": 15,
          "dti": 18,
          "sco": 80,
          "dco": 93,
          "txt": "and"
        },
        {
          "si": 1,
          "sti": 16,
          "dti": 19,
          "sco": 84,
          "dco": 97,
          "txt": "North"
        },
        {
          "si": 1,
          "sti": 17,
          "dti": 20,
          "sco": 90,
          "dco": 103,
          "txt": "Korea"
        },
        {
          "si": 1,
          "sti": 18,
          "dti": 21,
          "sco": 95,
          "dco": 108,
          "txt": "."
        },
        {
          "si": 2,
          "sti": 0,
          "dti": 22,
          "sco": 0,
          "dco": 110,
          "txt": "It"
        },
        {
          "si": 2,
          "sti": 1,
          "dti": 23,
          "sco": 3,
          "dco": 113,
          "txt": "is"
        },
        {
          "si": 2,
          "sti": 2,
          "dti": 24,
          "sco": 6,
          "dco": 116,
          "txt": "located"
        },
        {
          "si": 2,
          "sti": 3,
          "dti": 25,
          "sco": 14,
          "dco": 124,
          "txt": "northeast"
        },
        {
          "si": 2,
          "sti": 4,
          "dti": 26,
          "sco": 24,
          "dco": 134,
          "txt": "of"
        },
        {
          "si": 2,
          "sti": 5,
          "dti": 27,
          "sco": 27,
          "dco": 137,
          "txt": "Ji"
        },
        {
          "si": 2,
          "sti": 6,
          "dti": 28,
          "sco": 29,
          "dco": 139,
          "txt": "'"
        },
        {
          "si": 2,
          "sti": 7,
          "dti": 29,
          "sco": 30,
          "dco": 140,
          "txt": "an"
        },
        {
          "si": 2,
          "sti": 8,
          "dti": 30,
          "sco": 33,
          "dco": 143,
          "txt": "in"
        },
        {
          "si": 2,
          "sti": 9,
          "dti": 31,
          "sco": 36,
          "dco": 146,
          "txt": "Jilin"
        },
        {
          "si": 2,
          "sti": 10,
          "dti": 32,
          "sco": 42,
          "dco": 152,
          "txt": "Province"
        },
        {
          "si": 2,
          "sti": 11,
          "dti": 33,
          "sco": 50,
          "dco": 160,
          "txt": ","
        },
        {
          "si": 2,
          "sti": 12,
          "dti": 34,
          "sco": 52,
          "dco": 162,
          "txt": "China"
        },
        {
          "si": 2,
          "sti": 13,
          "dti": 35,
          "sco": 58,
          "dco": 168,
          "txt": "and"
        },
        {
          "si": 2,
          "sti": 14,
          "dti": 36,
          "sco": 62,
          "dco": 172,
          "txt": "Manpo"
        },
        {
          "si": 2,
          "sti": 15,
          "dti": 37,
          "sco": 68,
          "dco": 178,
          "txt": "in"
        },
        {
          "si": 2,
          "sti": 16,
          "dti": 38,
          "sco": 71,
          "dco": 181,
          "txt": "Chagang"
        },
        {
          "si": 2,
          "sti": 17,
          "dti": 39,
          "sco": 79,
          "dco": 189,
          "txt": "Province"
        },
        {
          "si": 2,
          "sti": 18,
          "dti": 40,
          "sco": 87,
          "dco": 197,
          "txt": ","
        },
        {
          "si": 2,
          "sti": 19,
          "dti": 41,
          "sco": 89,
          "dco": 199,
          "txt": "North"
        },
        {
          "si": 2,
          "sti": 20,
          "dti": 42,
          "sco": 95,
          "dco": 205,
          "txt": "Korea"
        },
        {
          "si": 2,
          "sti": 21,
          "dti": 43,
          "sco": 100,
          "dco": 210,
          "txt": "."
        },
        {
          "si": 3,
          "sti": 0,
          "dti": 44,
          "sco": 0,
          "dco": 212,
          "txt": "The"
        },
        {
          "si": 3,
          "sti": 1,
          "dti": 45,
          "sco": 4,
          "dco": 216,
          "txt": "primary"
        },
        {
          "si": 3,
          "sti": 2,
          "dti": 46,
          "sco": 12,
          "dco": 224,
          "txt": "purpose"
        },
        {
          "si": 3,
          "sti": 3,
          "dti": 47,
          "sco": 20,
          "dco": 232,
          "txt": "of"
        },
        {
          "si": 3,
          "sti": 4,
          "dti": 48,
          "sco": 23,
          "dco": 235,
          "txt": "the"
        },
        {
          "si": 3,
          "sti": 5,
          "dti": 49,
          "sco": 27,
          "dco": 239,
          "txt": "dam"
        },
        {
          "si": 3,
          "sti": 6,
          "dti": 50,
          "sco": 31,
          "dco": 243,
          "txt": "is"
        },
        {
          "si": 3,
          "sti": 7,
          "dti": 51,
          "sco": 34,
          "dco": 246,
          "txt": "hydroelectric"
        },
        {
          "si": 3,
          "sti": 8,
          "dti": 52,
          "sco": 48,
          "dco": 260,
          "txt": "power"
        },
        {
          "si": 3,
          "sti": 9,
          "dti": 53,
          "sco": 54,
          "dco": 266,
          "txt": "generation"
        },
        {
          "si": 3,
          "sti": 10,
          "dti": 54,
          "sco": 65,
          "dco": 277,
          "txt": "and"
        },
        {
          "si": 3,
          "sti": 11,
          "dti": 55,
          "sco": 69,
          "dco": 281,
          "txt": "it"
        },
        {
          "si": 3,
          "sti": 12,
          "dti": 56,
          "sco": 72,
          "dco": 284,
          "txt": "supports"
        },
        {
          "si": 3,
          "sti": 13,
          "dti": 57,
          "sco": 81,
          "dco": 293,
          "txt": "a"
        },
        {
          "si": 3,
          "sti": 14,
          "dti": 58,
          "sco": 83,
          "dco": 295,
          "txt": "400"
        },
        {
          "si": 3,
          "sti": 15,
          "dti": 59,
          "sco": 87,
          "dco": 299,
          "txt": "MW"
        },
        {
          "si": 3,
          "sti": 16,
          "dti": 60,
          "sco": 90,
          "dco": 302,
          "txt": "power"
        },
        {
          "si": 3,
          "sti": 17,
          "dti": 61,
          "sco": 96,
          "dco": 308,
          "txt": "station"
        },
        {
          "si": 3,
          "sti": 18,
          "dti": 62,
          "sco": 103,
          "dco": 315,
          "txt": "."
        },
        {
          "si": 4,
          "sti": 0,
          "dti": 63,
          "sco": 0,
          "dco": 317,
          "txt": "Construction"
        },
        {
          "si": 4,
          "sti": 1,
          "dti": 64,
          "sco": 13,
          "dco": 330,
          "txt": "of"
        },
        {
          "si": 4,
          "sti": 2,
          "dti": 65,
          "sco": 16,
          "dco": 333,
          "txt": "the"
        },
        {
          "si": 4,
          "sti": 3,
          "dti": 66,
          "sco": 20,
          "dco": 337,
          "txt": "dam"
        },
        {
          "si": 4,
          "sti": 4,
          "dti": 67,
          "sco": 24,
          "dco": 341,
          "txt": "had"
        },
        {
          "si": 4,
          "sti": 5,
          "dti": 68,
          "sco": 28,
          "dco": 345,
          "txt": "initially"
        },
        {
          "si": 4,
          "sti": 6,
          "dti": 69,
          "sco": 38,
          "dco": 355,
          "txt": "began"
        },
        {
          "si": 4,
          "sti": 7,
          "dti": 70,
          "sco": 44,
          "dco": 361,
          "txt": "in"
        },
        {
          "si": 4,
          "sti": 8,
          "dti": 71,
          "sco": 47,
          "dco": 364,
          "txt": "August"
        },
        {
          "si": 4,
          "sti": 9,
          "dti": 72,
          "sco": 54,
          "dco": 371,
          "txt": "1942"
        },
        {
          "si": 4,
          "sti": 10,
          "dti": 73,
          "sco": 59,
          "dco": 376,
          "txt": "but"
        },
        {
          "si": 4,
          "sti": 11,
          "dti": 74,
          "sco": 63,
          "dco": 380,
          "txt": "was"
        },
        {
          "si": 4,
          "sti": 12,
          "dti": 75,
          "sco": 67,
          "dco": 384,
          "txt": "halted"
        },
        {
          "si": 4,
          "sti": 13,
          "dti": 76,
          "sco": 74,
          "dco": 391,
          "txt": "in"
        },
        {
          "si": 4,
          "sti": 14,
          "dti": 77,
          "sco": 77,
          "dco": 394,
          "txt": "1945"
        },
        {
          "si": 4,
          "sti": 15,
          "dti": 78,
          "sco": 82,
          "dco": 399,
          "txt": "after"
        },
        {
          "si": 4,
          "sti": 16,
          "dti": 79,
          "sco": 88,
          "dco": 405,
          "txt": "the"
        },
        {
          "si": 4,
          "sti": 17,
          "dti": 80,
          "sco": 92,
          "dco": 409,
          "txt": "surrender"
        },
        {
          "si": 4,
          "sti": 18,
          "dti": 81,
          "sco": 102,
          "dco": 419,
          "txt": "of"
        },
        {
          "si": 4,
          "sti": 19,
          "dti": 82,
          "sco": 105,
          "dco": 422,
          "txt": "Japan"
        },
        {
          "si": 4,
          "sti": 20,
          "dti": 83,
          "sco": 111,
          "dco": 428,
          "txt": "ending"
        },
        {
          "si": 4,
          "sti": 21,
          "dti": 84,
          "sco": 118,
          "dco": 435,
          "txt": "World"
        },
        {
          "si": 4,
          "sti": 22,
          "dti": 85,
          "sco": 124,
          "dco": 441,
          "txt": "War"
        },
        {
          "si": 4,
          "sti": 23,
          "dti": 86,
          "sco": 128,
          "dco": 445,
          "txt": "II"
        },
        {
          "si": 4,
          "sti": 24,
          "dti": 87,
          "sco": 130,
          "dco": 447,
          "txt": "."
        },
        {
          "si": 5,
          "sti": 0,
          "dti": 88,
          "sco": 0,
          "dco": 449,
          "txt": "In"
        },
        {
          "si": 5,
          "sti": 1,
          "dti": 89,
          "sco": 3,
          "dco": 452,
          "txt": "October"
        },
        {
          "si": 5,
          "sti": 2,
          "dti": 90,
          "sco": 11,
          "dco": 460,
          "txt": "1959"
        },
        {
          "si": 5,
          "sti": 3,
          "dti": 91,
          "sco": 15,
          "dco": 464,
          "txt": ","
        },
        {
          "si": 5,
          "sti": 4,
          "dti": 92,
          "sco": 17,
          "dco": 466,
          "txt": "construction"
        },
        {
          "si": 5,
          "sti": 5,
          "dti": 93,
          "sco": 30,
          "dco": 479,
          "txt": "on"
        },
        {
          "si": 5,
          "sti": 6,
          "dti": 94,
          "sco": 33,
          "dco": 482,
          "txt": "the"
        },
        {
          "si": 5,
          "sti": 7,
          "dti": 95,
          "sco": 37,
          "dco": 486,
          "txt": "dam"
        },
        {
          "si": 5,
          "sti": 8,
          "dti": 96,
          "sco": 41,
          "dco": 490,
          "txt": "recommenced"
        },
        {
          "si": 5,
          "sti": 9,
          "dti": 97,
          "sco": 53,
          "dco": 502,
          "txt": "and"
        },
        {
          "si": 5,
          "sti": 10,
          "dti": 98,
          "sco": 57,
          "dco": 506,
          "txt": "in"
        },
        {
          "si": 5,
          "sti": 11,
          "dti": 99,
          "sco": 60,
          "dco": 509,
          "txt": "September"
        },
        {
          "si": 5,
          "sti": 12,
          "dti": 100,
          "sco": 70,
          "dco": 519,
          "txt": "1965"
        },
        {
          "si": 5,
          "sti": 13,
          "dti": 101,
          "sco": 74,
          "dco": 523,
          "txt": ","
        },
        {
          "si": 5,
          "sti": 14,
          "dti": 102,
          "sco": 76,
          "dco": 525,
          "txt": "the"
        },
        {
          "si": 5,
          "sti": 15,
          "dti": 103,
          "sco": 80,
          "dco": 529,
          "txt": "first"
        },
        {
          "si": 5,
          "sti": 16,
          "dti": 104,
          "sco": 86,
          "dco": 535,
          "txt": "of"
        },
        {
          "si": 5,
          "sti": 17,
          "dti": 105,
          "sco": 89,
          "dco": 538,
          "txt": "the"
        },
        {
          "si": 5,
          "sti": 18,
          "dti": 106,
          "sco": 93,
          "dco": 542,
          "txt": "four"
        },
        {
          "si": 5,
          "sti": 19,
          "dti": 107,
          "sco": 98,
          "dco": 547,
          "txt": "100"
        },
        {
          "si": 5,
          "sti": 20,
          "dti": 108,
          "sco": 102,
          "dco": 551,
          "txt": "MW"
        },
        {
          "si": 5,
          "sti": 21,
          "dti": 109,
          "sco": 105,
          "dco": 554,
          "txt": "Francis"
        },
        {
          "si": 5,
          "sti": 22,
          "dti": 110,
          "sco": 113,
          "dco": 562,
          "txt": "turbine"
        },
        {
          "si": 5,
          "sti": 23,
          "dti": 111,
          "sco": 120,
          "dco": 569,
          "txt": "-"
        },
        {
          "si": 5,
          "sti": 24,
          "dti": 112,
          "sco": 121,
          "dco": 570,
          "txt": "generators"
        },
        {
          "si": 5,
          "sti": 25,
          "dti": 113,
          "sco": 132,
          "dco": 581,
          "txt": "was"
        },
        {
          "si": 5,
          "sti": 26,
          "dti": 114,
          "sco": 136,
          "dco": 585,
          "txt": "operational"
        },
        {
          "si": 5,
          "sti": 27,
          "dti": 115,
          "sco": 147,
          "dco": 596,
          "txt": "."
        },
        {
          "si": 6,
          "sti": 0,
          "dti": 116,
          "sco": 0,
          "dco": 598,
          "txt": "The"
        },
        {
          "si": 6,
          "sti": 1,
          "dti": 117,
          "sco": 4,
          "dco": 602,
          "txt": "last"
        },
        {
          "si": 6,
          "sti": 2,
          "dti": 118,
          "sco": 9,
          "dco": 607,
          "txt": "generator"
        },
        {
          "si": 6,
          "sti": 3,
          "dti": 119,
          "sco": 19,
          "dco": 617,
          "txt": "was"
        },
        {
          "si": 6,
          "sti": 4,
          "dti": 120,
          "sco": 23,
          "dco": 621,
          "txt": "operational"
        },
        {
          "si": 6,
          "sti": 5,
          "dti": 121,
          "sco": 35,
          "dco": 633,
          "txt": "on"
        },
        {
          "si": 6,
          "sti": 6,
          "dti": 122,
          "sco": 38,
          "dco": 636,
          "txt": "4"
        },
        {
          "si": 6,
          "sti": 7,
          "dti": 123,
          "sco": 40,
          "dco": 638,
          "txt": "April"
        },
        {
          "si": 6,
          "sti": 8,
          "dti": 124,
          "sco": 46,
          "dco": 644,
          "txt": "1967"
        },
        {
          "si": 6,
          "sti": 9,
          "dti": 125,
          "sco": 50,
          "dco": 648,
          "txt": "."
        },
        {
          "si": 7,
          "sti": 0,
          "dti": 126,
          "sco": 0,
          "dco": 650,
          "txt": "The"
        },
        {
          "si": 7,
          "sti": 1,
          "dti": 127,
          "sco": 4,
          "dco": 654,
          "txt": "tall"
        },
        {
          "si": 7,
          "sti": 2,
          "dti": 128,
          "sco": 9,
          "dco": 659,
          "txt": "dam"
        },
        {
          "si": 7,
          "sti": 3,
          "dti": 129,
          "sco": 13,
          "dco": 663,
          "txt": "creates"
        },
        {
          "si": 7,
          "sti": 4,
          "dti": 130,
          "sco": 21,
          "dco": 671,
          "txt": "a"
        },
        {
          "si": 7,
          "sti": 5,
          "dti": 131,
          "sco": 23,
          "dco": 673,
          "txt": "reservoir"
        },
        {
          "si": 7,
          "sti": 6,
          "dti": 132,
          "sco": 33,
          "dco": 683,
          "txt": "with"
        },
        {
          "si": 7,
          "sti": 7,
          "dti": 133,
          "sco": 38,
          "dco": 688,
          "txt": "a"
        },
        {
          "si": 7,
          "sti": 8,
          "dti": 134,
          "sco": 40,
          "dco": 690,
          "txt": "storage"
        },
        {
          "si": 7,
          "sti": 9,
          "dti": 135,
          "sco": 48,
          "dco": 698,
          "txt": "capacity"
        },
        {
          "si": 7,
          "sti": 10,
          "dti": 136,
          "sco": 57,
          "dco": 707,
          "txt": "of"
        },
        {
          "si": 7,
          "sti": 11,
          "dti": 137,
          "sco": 59,
          "dco": 709,
          "txt": "."
        },
        {
          "si": 8,
          "sti": 0,
          "dti": 138,
          "sco": 0,
          "dco": 711,
          "txt": "The"
        },
        {
          "si": 8,
          "sti": 1,
          "dti": 139,
          "sco": 4,
          "dco": 715,
          "txt": "dam"
        },
        {
          "si": 8,
          "sti": 2,
          "dti": 140,
          "sco": 7,
          "dco": 718,
          "txt": "'"
        },
        {
          "si": 8,
          "sti": 3,
          "dti": 141,
          "sco": 8,
          "dco": 719,
          "txt": "s"
        },
        {
          "si": 8,
          "sti": 4,
          "dti": 142,
          "sco": 10,
          "dco": 721,
          "txt": "spillway"
        },
        {
          "si": 8,
          "sti": 5,
          "dti": 143,
          "sco": 19,
          "dco": 730,
          "txt": "is"
        },
        {
          "si": 8,
          "sti": 6,
          "dti": 144,
          "sco": 22,
          "dco": 733,
          "txt": "an"
        },
        {
          "si": 8,
          "sti": 7,
          "dti": 145,
          "sco": 25,
          "dco": 736,
          "txt": "overflow"
        },
        {
          "si": 8,
          "sti": 8,
          "dti": 146,
          "sco": 34,
          "dco": 745,
          "txt": "type"
        },
        {
          "si": 8,
          "sti": 9,
          "dti": 147,
          "sco": 39,
          "dco": 750,
          "txt": "with"
        },
        {
          "si": 8,
          "sti": 10,
          "dti": 148,
          "sco": 44,
          "dco": 755,
          "txt": "21"
        },
        {
          "si": 8,
          "sti": 11,
          "dti": 149,
          "sco": 47,
          "dco": 758,
          "txt": "floodgates"
        },
        {
          "si": 8,
          "sti": 12,
          "dti": 150,
          "sco": 58,
          "dco": 769,
          "txt": "and"
        },
        {
          "si": 8,
          "sti": 13,
          "dti": 151,
          "sco": 62,
          "dco": 773,
          "txt": "has"
        },
        {
          "si": 8,
          "sti": 14,
          "dti": 152,
          "sco": 66,
          "dco": 777,
          "txt": "a"
        },
        {
          "si": 8,
          "sti": 15,
          "dti": 153,
          "sco": 68,
          "dco": 779,
          "txt": "maximum"
        },
        {
          "si": 8,
          "sti": 16,
          "dti": 154,
          "sco": 76,
          "dco": 787,
          "txt": "discharge"
        },
        {
          "si": 8,
          "sti": 17,
          "dti": 155,
          "sco": 86,
          "dco": 797,
          "txt": "of"
        },
        {
          "si": 8,
          "sti": 18,
          "dti": 156,
          "sco": 88,
          "dco": 799,
          "txt": "."
        },
        {
          "si": 9,
          "sti": 0,
          "dti": 157,
          "sco": 0,
          "dco": 801,
          "txt": "The"
        },
        {
          "si": 9,
          "sti": 1,
          "dti": 158,
          "sco": 4,
          "dco": 805,
          "txt": "dam"
        },
        {
          "si": 9,
          "sti": 2,
          "dti": 159,
          "sco": 8,
          "dco": 809,
          "txt": "is"
        },
        {
          "si": 9,
          "sti": 3,
          "dti": 160,
          "sco": 11,
          "dco": 812,
          "txt": "located"
        },
        {
          "si": 9,
          "sti": 4,
          "dti": 161,
          "sco": 19,
          "dco": 820,
          "txt": "before"
        },
        {
          "si": 9,
          "sti": 5,
          "dti": 162,
          "sco": 26,
          "dco": 827,
          "txt": "a"
        },
        {
          "si": 9,
          "sti": 6,
          "dti": 163,
          "sco": 28,
          "dco": 829,
          "txt": "bend"
        },
        {
          "si": 9,
          "sti": 7,
          "dti": 164,
          "sco": 33,
          "dco": 834,
          "txt": "in"
        },
        {
          "si": 9,
          "sti": 8,
          "dti": 165,
          "sco": 36,
          "dco": 837,
          "txt": "the"
        },
        {
          "si": 9,
          "sti": 9,
          "dti": 166,
          "sco": 40,
          "dco": 841,
          "txt": "river"
        },
        {
          "si": 9,
          "sti": 10,
          "dti": 167,
          "sco": 46,
          "dco": 847,
          "txt": "and"
        },
        {
          "si": 9,
          "sti": 11,
          "dti": 168,
          "sco": 50,
          "dco": 851,
          "txt": "its"
        },
        {
          "si": 9,
          "sti": 12,
          "dti": 169,
          "sco": 54,
          "dco": 855,
          "txt": "power"
        },
        {
          "si": 9,
          "sti": 13,
          "dti": 170,
          "sco": 60,
          "dco": 861,
          "txt": "station"
        },
        {
          "si": 9,
          "sti": 14,
          "dti": 171,
          "sco": 68,
          "dco": 869,
          "txt": "is"
        },
        {
          "si": 9,
          "sti": 15,
          "dti": 172,
          "sco": 71,
          "dco": 872,
          "txt": "located"
        },
        {
          "si": 9,
          "sti": 16,
          "dti": 173,
          "sco": 79,
          "dco": 880,
          "txt": "on"
        },
        {
          "si": 9,
          "sti": 17,
          "dti": 174,
          "sco": 82,
          "dco": 883,
          "txt": "the"
        },
        {
          "si": 9,
          "sti": 18,
          "dti": 175,
          "sco": 86,
          "dco": 887,
          "txt": "other"
        },
        {
          "si": 9,
          "sti": 19,
          "dti": 176,
          "sco": 92,
          "dco": 893,
          "txt": "side"
        },
        {
          "si": 9,
          "sti": 20,
          "dti": 177,
          "sco": 97,
          "dco": 898,
          "txt": "of"
        },
        {
          "si": 9,
          "sti": 21,
          "dti": 178,
          "sco": 100,
          "dco": 901,
          "txt": "a"
        },
        {
          "si": 9,
          "sti": 22,
          "dti": 179,
          "sco": 102,
          "dco": 903,
          "txt": "ridge"
        },
        {
          "si": 9,
          "sti": 23,
          "dti": 180,
          "sco": 108,
          "dco": 909,
          "txt": "that"
        },
        {
          "si": 9,
          "sti": 24,
          "dti": 181,
          "sco": 113,
          "dco": 914,
          "txt": "meets"
        },
        {
          "si": 9,
          "sti": 25,
          "dti": 182,
          "sco": 119,
          "dco": 920,
          "txt": "the"
        },
        {
          "si": 9,
          "sti": 26,
          "dti": 183,
          "sco": 123,
          "dco": 924,
          "txt": "dam"
        },
        {
          "si": 9,
          "sti": 27,
          "dti": 184,
          "sco": 126,
          "dco": 927,
          "txt": "’"
        },
        {
          "si": 9,
          "sti": 28,
          "dti": 185,
          "sco": 127,
          "dco": 928,
          "txt": "s"
        },
        {
          "si": 9,
          "sti": 29,
          "dti": 186,
          "sco": 129,
          "dco": 930,
          "txt": "right"
        },
        {
          "si": 9,
          "sti": 30,
          "dti": 187,
          "sco": 135,
          "dco": 936,
          "txt": "abutment"
        },
        {
          "si": 9,
          "sti": 31,
          "dti": 188,
          "sco": 143,
          "dco": 944,
          "txt": "."
        },
        {
          "si": 10,
          "sti": 0,
          "dti": 189,
          "sco": 0,
          "dco": 946,
          "txt": "Water"
        },
        {
          "si": 10,
          "sti": 1,
          "dti": 190,
          "sco": 6,
          "dco": 952,
          "txt": "is"
        },
        {
          "si": 10,
          "sti": 2,
          "dti": 191,
          "sco": 9,
          "dco": 955,
          "txt": "delivered"
        },
        {
          "si": 10,
          "sti": 3,
          "dti": 192,
          "sco": 19,
          "dco": 965,
          "txt": "to"
        },
        {
          "si": 10,
          "sti": 4,
          "dti": 193,
          "sco": 22,
          "dco": 968,
          "txt": "the"
        },
        {
          "si": 10,
          "sti": 5,
          "dti": 194,
          "sco": 26,
          "dco": 972,
          "txt": "power"
        },
        {
          "si": 10,
          "sti": 6,
          "dti": 195,
          "sco": 32,
          "dco": 978,
          "txt": "station"
        },
        {
          "si": 10,
          "sti": 7,
          "dti": 196,
          "sco": 40,
          "dco": 986,
          "txt": "via"
        },
        {
          "si": 10,
          "sti": 8,
          "dti": 197,
          "sco": 44,
          "dco": 990,
          "txt": "two"
        },
        {
          "si": 10,
          "sti": 9,
          "dti": 198,
          "sco": 48,
          "dco": 994,
          "txt": "tunnels"
        },
        {
          "si": 10,
          "sti": 10,
          "dti": 199,
          "sco": 55,
          "dco": 1001,
          "txt": ","
        },
        {
          "si": 10,
          "sti": 11,
          "dti": 200,
          "sco": 57,
          "dco": 1003,
          "txt": "and"
        },
        {
          "si": 10,
          "sti": 12,
          "dti": 201,
          "sco": 61,
          "dco": 1007,
          "txt": "long"
        },
        {
          "si": 10,
          "sti": 13,
          "dti": 202,
          "sco": 65,
          "dco": 1011,
          "txt": "."
        },
        {
          "si": 11,
          "sti": 0,
          "dti": 203,
          "sco": 0,
          "dco": 1013,
          "txt": "Generators"
        },
        {
          "si": 11,
          "sti": 1,
          "dti": 204,
          "sco": 11,
          "dco": 1024,
          "txt": "1"
        },
        {
          "si": 11,
          "sti": 2,
          "dti": 205,
          "sco": 13,
          "dco": 1026,
          "txt": "and"
        },
        {
          "si": 11,
          "sti": 3,
          "dti": 206,
          "sco": 17,
          "dco": 1030,
          "txt": "3"
        },
        {
          "si": 11,
          "sti": 4,
          "dti": 207,
          "sco": 19,
          "dco": 1032,
          "txt": "deliver"
        },
        {
          "si": 11,
          "sti": 5,
          "dti": 208,
          "sco": 27,
          "dco": 1040,
          "txt": "power"
        },
        {
          "si": 11,
          "sti": 6,
          "dti": 209,
          "sco": 33,
          "dco": 1046,
          "txt": "to"
        },
        {
          "si": 11,
          "sti": 7,
          "dti": 210,
          "sco": 36,
          "dco": 1049,
          "txt": "China"
        },
        {
          "si": 11,
          "sti": 8,
          "dti": 211,
          "sco": 42,
          "dco": 1055,
          "txt": "while"
        },
        {
          "si": 11,
          "sti": 9,
          "dti": 212,
          "sco": 48,
          "dco": 1061,
          "txt": "2"
        },
        {
          "si": 11,
          "sti": 10,
          "dti": 213,
          "sco": 50,
          "dco": 1063,
          "txt": "and"
        },
        {
          "si": 11,
          "sti": 11,
          "dti": 214,
          "sco": 54,
          "dco": 1067,
          "txt": "4"
        },
        {
          "si": 11,
          "sti": 12,
          "dti": 215,
          "sco": 56,
          "dco": 1069,
          "txt": "deliver"
        },
        {
          "si": 11,
          "sti": 13,
          "dti": 216,
          "sco": 64,
          "dco": 1077,
          "txt": "to"
        },
        {
          "si": 11,
          "sti": 14,
          "dti": 217,
          "sco": 67,
          "dco": 1080,
          "txt": "North"
        },
        {
          "si": 11,
          "sti": 15,
          "dti": 218,
          "sco": 73,
          "dco": 1086,
          "txt": "Korea"
        },
        {
          "si": 11,
          "sti": 16,
          "dti": 219,
          "sco": 78,
          "dco": 1091,
          "txt": "."
        }
      ]
    },
    "ganns": {
      "dla": [],
      "la": [],
      "ea": [],
      "eta": [
        {
          "ra": {
            "ea": {
              "etn": "Yunfeng_Dam"
            }
          },
          "sfs": [
            [
              {
                "stn": "status"
              },
              {}
            ]
          ],
          "mfs": [
            [
              {
                "stn": "rivers"
              },
              {
                "dla": [],
                "la": [],
                "ea": [
                  {
                    "etn": "Yalu_River"
                  }
                ],
                "eta": []
              }
            ],
            [
              {
                "stn": "locations"
              },
              {
                "dla": [],
                "la": [],
                "ea": [
                  {
                    "etn": "Ji'an,_Jilin"
                  }
                ],
                "eta": []
              }
            ],
            [
              {
                "stn": "openingYears"
              },
              {
                "dla": [
                  {
                    "txt": {
                      "sff": "1965"
                    },
                    "et": {
                      "etn": "Year"
                    },
                    "dp": {
                      "off": 519
                    }
                  }
                ],
                "la": [],
                "ea": [],
                "eta": []
              }
            ],
            [
              {
                "stn": "buildingStartYears"
              },
              {
                "dla": [
                  {
                    "txt": {
                      "sff": "1959"
                    },
                    "et": {
                      "etn": "Year"
                    },
                    "dp": {
                      "off": 460
                    }
                  }
                ],
                "la": [],
                "ea": [],
                "eta": []
              }
            ],
            [
              {
                "stn": "countries"
              },
              {
                "dla": [],
                "la": [],
                "ea": [],
                "eta": []
              }
            ]
          ]
        }
      ]
    }
  }
]
