[
  {
    "context": "TRAIN",
    "doc": {
      "id": "Zeya_Dam",
      "tl": [
        {
          "si": 0,
          "sti": 0,
          "dti": 0,
          "sco": 0,
          "dco": 0,
          "txt": "Zeya"
        },
        {
          "si": 0,
          "sti": 1,
          "dti": 1,
          "sco": 5,
          "dco": 5,
          "txt": "Dam"
        },
        {
          "si": 0,
          "sti": 2,
          "dti": 2,
          "sco": 8,
          "dco": 8,
          "txt": "."
        },
        {
          "si": 1,
          "sti": 0,
          "dti": 3,
          "sco": 0,
          "dco": 10,
          "txt": "The"
        },
        {
          "si": 1,
          "sti": 1,
          "dti": 4,
          "sco": 4,
          "dco": 14,
          "txt": "Zeya"
        },
        {
          "si": 1,
          "sti": 2,
          "dti": 5,
          "sco": 9,
          "dco": 19,
          "txt": "Dam"
        },
        {
          "si": 1,
          "sti": 3,
          "dti": 6,
          "sco": 13,
          "dco": 23,
          "txt": "is"
        },
        {
          "si": 1,
          "sti": 4,
          "dti": 7,
          "sco": 16,
          "dco": 26,
          "txt": "a"
        },
        {
          "si": 1,
          "sti": 5,
          "dti": 8,
          "sco": 18,
          "dco": 28,
          "txt": "concrete"
        },
        {
          "si": 1,
          "sti": 6,
          "dti": 9,
          "sco": 27,
          "dco": 37,
          "txt": "gravity"
        },
        {
          "si": 1,
          "sti": 7,
          "dti": 10,
          "sco": 35,
          "dco": 45,
          "txt": "dam"
        },
        {
          "si": 1,
          "sti": 8,
          "dti": 11,
          "sco": 39,
          "dco": 49,
          "txt": "on"
        },
        {
          "si": 1,
          "sti": 9,
          "dti": 12,
          "sco": 42,
          "dco": 52,
          "txt": "the"
        },
        {
          "si": 1,
          "sti": 10,
          "dti": 13,
          "sco": 46,
          "dco": 56,
          "txt": "Zeya"
        },
        {
          "si": 1,
          "sti": 11,
          "dti": 14,
          "sco": 51,
          "dco": 61,
          "txt": "River"
        },
        {
          "si": 1,
          "sti": 12,
          "dti": 15,
          "sco": 56,
          "dco": 66,
          "txt": ","
        },
        {
          "si": 1,
          "sti": 13,
          "dti": 16,
          "sco": 58,
          "dco": 68,
          "txt": "located"
        },
        {
          "si": 1,
          "sti": 14,
          "dti": 17,
          "sco": 66,
          "dco": 76,
          "txt": "by"
        },
        {
          "si": 1,
          "sti": 15,
          "dti": 18,
          "sco": 69,
          "dco": 79,
          "txt": "the"
        },
        {
          "si": 1,
          "sti": 16,
          "dti": 19,
          "sco": 73,
          "dco": 83,
          "txt": "town"
        },
        {
          "si": 1,
          "sti": 17,
          "dti": 20,
          "sco": 78,
          "dco": 88,
          "txt": "of"
        },
        {
          "si": 1,
          "sti": 18,
          "dti": 21,
          "sco": 81,
          "dco": 91,
          "txt": "Zeya"
        },
        {
          "si": 1,
          "sti": 19,
          "dti": 22,
          "sco": 85,
          "dco": 95,
          "txt": ","
        },
        {
          "si": 1,
          "sti": 20,
          "dti": 23,
          "sco": 87,
          "dco": 97,
          "txt": "Amur"
        },
        {
          "si": 1,
          "sti": 21,
          "dti": 24,
          "sco": 92,
          "dco": 102,
          "txt": "Oblast"
        },
        {
          "si": 1,
          "sti": 22,
          "dti": 25,
          "sco": 98,
          "dco": 108,
          "txt": ","
        },
        {
          "si": 1,
          "sti": 23,
          "dti": 26,
          "sco": 100,
          "dco": 110,
          "txt": "Russia"
        },
        {
          "si": 1,
          "sti": 24,
          "dti": 27,
          "sco": 106,
          "dco": 116,
          "txt": ","
        },
        {
          "si": 1,
          "sti": 25,
          "dti": 28,
          "sco": 108,
          "dco": 118,
          "txt": "north"
        },
        {
          "si": 1,
          "sti": 26,
          "dti": 29,
          "sco": 114,
          "dco": 124,
          "txt": "of"
        },
        {
          "si": 1,
          "sti": 27,
          "dti": 30,
          "sco": 117,
          "dco": 127,
          "txt": "the"
        },
        {
          "si": 1,
          "sti": 28,
          "dti": 31,
          "sco": 121,
          "dco": 131,
          "txt": "Chinese"
        },
        {
          "si": 1,
          "sti": 29,
          "dti": 32,
          "sco": 129,
          "dco": 139,
          "txt": "border"
        },
        {
          "si": 1,
          "sti": 30,
          "dti": 33,
          "sco": 135,
          "dco": 145,
          "txt": "."
        },
        {
          "si": 2,
          "sti": 0,
          "dti": 34,
          "sco": 0,
          "dco": 147,
          "txt": "On"
        },
        {
          "si": 2,
          "sti": 1,
          "dti": 35,
          "sco": 3,
          "dco": 150,
          "txt": "average"
        },
        {
          "si": 2,
          "sti": 2,
          "dti": 36,
          "sco": 11,
          "dco": 158,
          "txt": "the"
        },
        {
          "si": 2,
          "sti": 3,
          "dti": 37,
          "sco": 15,
          "dco": 162,
          "txt": "Zeya"
        },
        {
          "si": 2,
          "sti": 4,
          "dti": 38,
          "sco": 20,
          "dco": 167,
          "txt": "Hydroelectric"
        },
        {
          "si": 2,
          "sti": 5,
          "dti": 39,
          "sco": 34,
          "dco": 181,
          "txt": "Power"
        },
        {
          "si": 2,
          "sti": 6,
          "dti": 40,
          "sco": 40,
          "dco": 187,
          "txt": "Station"
        },
        {
          "si": 2,
          "sti": 7,
          "dti": 41,
          "sco": 48,
          "dco": 195,
          "txt": "generates"
        },
        {
          "si": 2,
          "sti": 8,
          "dti": 42,
          "sco": 58,
          "dco": 205,
          "txt": "4"
        },
        {
          "si": 2,
          "sti": 9,
          "dti": 43,
          "sco": 59,
          "dco": 206,
          "txt": "."
        },
        {
          "si": 2,
          "sti": 10,
          "dti": 44,
          "sco": 60,
          "dco": 207,
          "txt": "91"
        },
        {
          "si": 2,
          "sti": 11,
          "dti": 45,
          "sco": 62,
          "dco": 209,
          "txt": " "
        },
        {
          "si": 2,
          "sti": 12,
          "dti": 46,
          "sco": 63,
          "dco": 210,
          "txt": "TWh"
        },
        {
          "si": 2,
          "sti": 13,
          "dti": 47,
          "sco": 67,
          "dco": 214,
          "txt": "of"
        },
        {
          "si": 2,
          "sti": 14,
          "dti": 48,
          "sco": 70,
          "dco": 217,
          "txt": "electricity"
        },
        {
          "si": 2,
          "sti": 15,
          "dti": 49,
          "sco": 82,
          "dco": 229,
          "txt": "per"
        },
        {
          "si": 2,
          "sti": 16,
          "dti": 50,
          "sco": 86,
          "dco": 233,
          "txt": "year"
        },
        {
          "si": 2,
          "sti": 17,
          "dti": 51,
          "sco": 90,
          "dco": 237,
          "txt": "."
        },
        {
          "si": 3,
          "sti": 0,
          "dti": 52,
          "sco": 0,
          "dco": 239,
          "txt": "It"
        },
        {
          "si": 3,
          "sti": 1,
          "dti": 53,
          "sco": 3,
          "dco": 242,
          "txt": "is"
        },
        {
          "si": 3,
          "sti": 2,
          "dti": 54,
          "sco": 6,
          "dco": 245,
          "txt": "equipped"
        },
        {
          "si": 3,
          "sti": 3,
          "dti": 55,
          "sco": 15,
          "dco": 254,
          "txt": "with"
        },
        {
          "si": 3,
          "sti": 4,
          "dti": 56,
          "sco": 20,
          "dco": 259,
          "txt": "6"
        },
        {
          "si": 3,
          "sti": 5,
          "dti": 57,
          "sco": 21,
          "dco": 260,
          "txt": " "
        },
        {
          "si": 3,
          "sti": 6,
          "dti": 58,
          "sco": 22,
          "dco": 261,
          "txt": "hydro"
        },
        {
          "si": 3,
          "sti": 7,
          "dti": 59,
          "sco": 27,
          "dco": 266,
          "txt": "-"
        },
        {
          "si": 3,
          "sti": 8,
          "dti": 60,
          "sco": 28,
          "dco": 267,
          "txt": "turbines"
        },
        {
          "si": 3,
          "sti": 9,
          "dti": 61,
          "sco": 36,
          "dco": 275,
          "txt": ","
        },
        {
          "si": 3,
          "sti": 10,
          "dti": 62,
          "sco": 38,
          "dco": 277,
          "txt": "4"
        },
        {
          "si": 3,
          "sti": 11,
          "dti": 63,
          "sco": 40,
          "dco": 279,
          "txt": "with"
        },
        {
          "si": 3,
          "sti": 12,
          "dti": 64,
          "sco": 45,
          "dco": 284,
          "txt": "capacity"
        },
        {
          "si": 3,
          "sti": 13,
          "dti": 65,
          "sco": 54,
          "dco": 293,
          "txt": "of"
        },
        {
          "si": 3,
          "sti": 14,
          "dti": 66,
          "sco": 57,
          "dco": 296,
          "txt": "225"
        },
        {
          "si": 3,
          "sti": 15,
          "dti": 67,
          "sco": 60,
          "dco": 299,
          "txt": " "
        },
        {
          "si": 3,
          "sti": 16,
          "dti": 68,
          "sco": 61,
          "dco": 300,
          "txt": "MW"
        },
        {
          "si": 3,
          "sti": 17,
          "dti": 69,
          "sco": 64,
          "dco": 303,
          "txt": "and"
        },
        {
          "si": 3,
          "sti": 18,
          "dti": 70,
          "sco": 68,
          "dco": 307,
          "txt": "2"
        },
        {
          "si": 3,
          "sti": 19,
          "dti": 71,
          "sco": 70,
          "dco": 309,
          "txt": "with"
        },
        {
          "si": 3,
          "sti": 20,
          "dti": 72,
          "sco": 75,
          "dco": 314,
          "txt": "capacity"
        },
        {
          "si": 3,
          "sti": 21,
          "dti": 73,
          "sco": 84,
          "dco": 323,
          "txt": "of"
        },
        {
          "si": 3,
          "sti": 22,
          "dti": 74,
          "sco": 87,
          "dco": 326,
          "txt": "215"
        },
        {
          "si": 3,
          "sti": 23,
          "dti": 75,
          "sco": 90,
          "dco": 329,
          "txt": " "
        },
        {
          "si": 3,
          "sti": 24,
          "dti": 76,
          "sco": 91,
          "dco": 330,
          "txt": "MW"
        },
        {
          "si": 3,
          "sti": 25,
          "dti": 77,
          "sco": 93,
          "dco": 332,
          "txt": "."
        },
        {
          "si": 4,
          "sti": 0,
          "dti": 78,
          "sco": 0,
          "dco": 334,
          "txt": "The"
        },
        {
          "si": 4,
          "sti": 1,
          "dti": 79,
          "sco": 4,
          "dco": 338,
          "txt": "Zeya"
        },
        {
          "si": 4,
          "sti": 2,
          "dti": 80,
          "sco": 9,
          "dco": 343,
          "txt": "Reservoir"
        },
        {
          "si": 4,
          "sti": 3,
          "dti": 81,
          "sco": 19,
          "dco": 353,
          "txt": "("
        },
        {
          "si": 4,
          "sti": 4,
          "dti": 82,
          "sco": 20,
          "dco": 354,
          "txt": ")"
        },
        {
          "si": 4,
          "sti": 5,
          "dti": 83,
          "sco": 21,
          "dco": 355,
          "txt": ","
        },
        {
          "si": 4,
          "sti": 6,
          "dti": 84,
          "sco": 23,
          "dco": 357,
          "txt": "located"
        },
        {
          "si": 4,
          "sti": 7,
          "dti": 85,
          "sco": 31,
          "dco": 365,
          "txt": "upstream"
        },
        {
          "si": 4,
          "sti": 8,
          "dti": 86,
          "sco": 39,
          "dco": 373,
          "txt": ","
        },
        {
          "si": 4,
          "sti": 9,
          "dti": 87,
          "sco": 41,
          "dco": 375,
          "txt": "is"
        },
        {
          "si": 4,
          "sti": 10,
          "dti": 88,
          "sco": 44,
          "dco": 378,
          "txt": "kept"
        },
        {
          "si": 4,
          "sti": 11,
          "dti": 89,
          "sco": 49,
          "dco": 383,
          "txt": "at"
        },
        {
          "si": 4,
          "sti": 12,
          "dti": 90,
          "sco": 52,
          "dco": 386,
          "txt": "a"
        },
        {
          "si": 4,
          "sti": 13,
          "dti": 91,
          "sco": 54,
          "dco": 388,
          "txt": "regulated"
        },
        {
          "si": 4,
          "sti": 14,
          "dti": 92,
          "sco": 64,
          "dco": 398,
          "txt": "depth"
        },
        {
          "si": 4,
          "sti": 15,
          "dti": 93,
          "sco": 70,
          "dco": 404,
          "txt": "of"
        },
        {
          "si": 4,
          "sti": 16,
          "dti": 94,
          "sco": 72,
          "dco": 406,
          "txt": "."
        },
        {
          "si": 5,
          "sti": 0,
          "dti": 95,
          "sco": 0,
          "dco": 408,
          "txt": "A"
        },
        {
          "si": 5,
          "sti": 1,
          "dti": 96,
          "sco": 2,
          "dco": 410,
          "txt": "narrow"
        },
        {
          "si": 5,
          "sti": 2,
          "dti": 97,
          "sco": 8,
          "dco": 416,
          "txt": ","
        },
        {
          "si": 5,
          "sti": 3,
          "dti": 98,
          "sco": 10,
          "dco": 418,
          "txt": "long"
        },
        {
          "si": 5,
          "sti": 4,
          "dti": 99,
          "sco": 15,
          "dco": 423,
          "txt": "valley"
        },
        {
          "si": 5,
          "sti": 5,
          "dti": 100,
          "sco": 22,
          "dco": 430,
          "txt": "separates"
        },
        {
          "si": 5,
          "sti": 6,
          "dti": 101,
          "sco": 32,
          "dco": 440,
          "txt": "the"
        },
        {
          "si": 5,
          "sti": 7,
          "dti": 102,
          "sco": 36,
          "dco": 444,
          "txt": "dam"
        },
        {
          "si": 5,
          "sti": 8,
          "dti": 103,
          "sco": 40,
          "dco": 448,
          "txt": "water"
        },
        {
          "si": 5,
          "sti": 9,
          "dti": 104,
          "sco": 46,
          "dco": 454,
          "txt": "body"
        },
        {
          "si": 5,
          "sti": 10,
          "dti": 105,
          "sco": 51,
          "dco": 459,
          "txt": "from"
        },
        {
          "si": 5,
          "sti": 11,
          "dti": 106,
          "sco": 56,
          "dco": 464,
          "txt": "the"
        },
        {
          "si": 5,
          "sti": 12,
          "dti": 107,
          "sco": 60,
          "dco": 468,
          "txt": "vast"
        },
        {
          "si": 5,
          "sti": 13,
          "dti": 108,
          "sco": 65,
          "dco": 473,
          "txt": "surface"
        },
        {
          "si": 5,
          "sti": 14,
          "dti": 109,
          "sco": 73,
          "dco": 481,
          "txt": "of"
        },
        {
          "si": 5,
          "sti": 15,
          "dti": 110,
          "sco": 76,
          "dco": 484,
          "txt": "the"
        },
        {
          "si": 5,
          "sti": 16,
          "dti": 111,
          "sco": 80,
          "dco": 488,
          "txt": "reservoir"
        },
        {
          "si": 5,
          "sti": 17,
          "dti": 112,
          "sco": 89,
          "dco": 497,
          "txt": "."
        },
        {
          "si": 6,
          "sti": 0,
          "dti": 113,
          "sco": 0,
          "dco": 499,
          "txt": "The"
        },
        {
          "si": 6,
          "sti": 1,
          "dti": 114,
          "sco": 4,
          "dco": 503,
          "txt": "Baikal"
        },
        {
          "si": 6,
          "sti": 2,
          "dti": 115,
          "sco": 10,
          "dco": 509,
          "txt": "-"
        },
        {
          "si": 6,
          "sti": 3,
          "dti": 116,
          "sco": 11,
          "dco": 510,
          "txt": "Amur"
        },
        {
          "si": 6,
          "sti": 4,
          "dti": 117,
          "sco": 16,
          "dco": 515,
          "txt": "Mainline"
        },
        {
          "si": 6,
          "sti": 5,
          "dti": 118,
          "sco": 25,
          "dco": 524,
          "txt": "railway"
        },
        {
          "si": 6,
          "sti": 6,
          "dti": 119,
          "sco": 33,
          "dco": 532,
          "txt": "runs"
        },
        {
          "si": 6,
          "sti": 7,
          "dti": 120,
          "sco": 38,
          "dco": 537,
          "txt": "along"
        },
        {
          "si": 6,
          "sti": 8,
          "dti": 121,
          "sco": 44,
          "dco": 543,
          "txt": "the"
        },
        {
          "si": 6,
          "sti": 9,
          "dti": 122,
          "sco": 48,
          "dco": 547,
          "txt": "north"
        },
        {
          "si": 6,
          "sti": 10,
          "dti": 123,
          "sco": 54,
          "dco": 553,
          "txt": "shore"
        },
        {
          "si": 6,
          "sti": 11,
          "dti": 124,
          "sco": 59,
          "dco": 558,
          "txt": ","
        },
        {
          "si": 6,
          "sti": 12,
          "dti": 125,
          "sco": 61,
          "dco": 560,
          "txt": "where"
        },
        {
          "si": 6,
          "sti": 13,
          "dti": 126,
          "sco": 67,
          "dco": 566,
          "txt": "a"
        },
        {
          "si": 6,
          "sti": 14,
          "dti": 127,
          "sco": 69,
          "dco": 568,
          "txt": "long"
        },
        {
          "si": 6,
          "sti": 15,
          "dti": 128,
          "sco": 74,
          "dco": 573,
          "txt": "bridge"
        },
        {
          "si": 6,
          "sti": 16,
          "dti": 129,
          "sco": 81,
          "dco": 580,
          "txt": "has"
        },
        {
          "si": 6,
          "sti": 17,
          "dti": 130,
          "sco": 85,
          "dco": 584,
          "txt": "been"
        },
        {
          "si": 6,
          "sti": 18,
          "dti": 131,
          "sco": 90,
          "dco": 589,
          "txt": "constructed"
        },
        {
          "si": 6,
          "sti": 19,
          "dti": 132,
          "sco": 101,
          "dco": 600,
          "txt": "."
        },
        {
          "si": 7,
          "sti": 0,
          "dti": 133,
          "sco": 0,
          "dco": 602,
          "txt": "Settlements"
        },
        {
          "si": 7,
          "sti": 1,
          "dti": 134,
          "sco": 12,
          "dco": 614,
          "txt": "on"
        },
        {
          "si": 7,
          "sti": 2,
          "dti": 135,
          "sco": 15,
          "dco": 617,
          "txt": "the"
        },
        {
          "si": 7,
          "sti": 3,
          "dti": 136,
          "sco": 19,
          "dco": 621,
          "txt": "shore"
        },
        {
          "si": 7,
          "sti": 4,
          "dti": 137,
          "sco": 25,
          "dco": 627,
          "txt": "of"
        },
        {
          "si": 7,
          "sti": 5,
          "dti": 138,
          "sco": 28,
          "dco": 630,
          "txt": "Zeya"
        },
        {
          "si": 7,
          "sti": 6,
          "dti": 139,
          "sco": 33,
          "dco": 635,
          "txt": "Dam"
        },
        {
          "si": 7,
          "sti": 7,
          "dti": 140,
          "sco": 37,
          "dco": 639,
          "txt": "include"
        },
        {
          "si": 7,
          "sti": 8,
          "dti": 141,
          "sco": 45,
          "dco": 647,
          "txt": "Beregovoy"
        },
        {
          "si": 7,
          "sti": 9,
          "dti": 142,
          "sco": 54,
          "dco": 656,
          "txt": ","
        },
        {
          "si": 7,
          "sti": 10,
          "dti": 143,
          "sco": 56,
          "dco": 658,
          "txt": "Khvoyny"
        },
        {
          "si": 7,
          "sti": 11,
          "dti": 144,
          "sco": 63,
          "dco": 665,
          "txt": ","
        },
        {
          "si": 7,
          "sti": 12,
          "dti": 145,
          "sco": 65,
          "dco": 667,
          "txt": "Gorny"
        },
        {
          "si": 7,
          "sti": 13,
          "dti": 146,
          "sco": 70,
          "dco": 672,
          "txt": ","
        },
        {
          "si": 7,
          "sti": 14,
          "dti": 147,
          "sco": 72,
          "dco": 674,
          "txt": "Verknezeysk"
        },
        {
          "si": 7,
          "sti": 15,
          "dti": 148,
          "sco": 83,
          "dco": 685,
          "txt": ","
        },
        {
          "si": 7,
          "sti": 16,
          "dti": 149,
          "sco": 85,
          "dco": 687,
          "txt": "Bomnak"
        },
        {
          "si": 7,
          "sti": 17,
          "dti": 150,
          "sco": 92,
          "dco": 694,
          "txt": "and"
        },
        {
          "si": 7,
          "sti": 18,
          "dti": 151,
          "sco": 96,
          "dco": 698,
          "txt": "Snezhnogorsk"
        },
        {
          "si": 7,
          "sti": 19,
          "dti": 152,
          "sco": 108,
          "dco": 710,
          "txt": "."
        }
      ]
    },
    "ganns": {
      "dla": [],
      "la": [],
      "ea": [],
      "eta": [
        {
          "ra": {
            "ea": {
              "etn": "Zeya_Dam"
            }
          },
          "sfs": [
            [
              {
                "stn": "status"
              },
              {}
            ]
          ],
          "mfs": [
            [
              {
                "stn": "rivers"
              },
              {
                "dla": [],
                "la": [],
                "ea": [
                  {
                    "etn": "Zeya_River"
                  }
                ],
                "eta": []
              }
            ],
            [
              {
                "stn": "locations"
              },
              {
                "dla": [],
                "la": [],
                "ea": [
                  {
                    "etn": "Zeya,_Russia"
                  }
                ],
                "eta": []
              }
            ],
            [
              {
                "stn": "openingYears"
              },
              {
                "dla": [],
                "la": [],
                "ea": [],
                "eta": []
              }
            ],
            [
              {
                "stn": "buildingStartYears"
              },
              {
                "dla": [],
                "la": [],
                "ea": [],
                "eta": []
              }
            ],
            [
              {
                "stn": "countries"
              },
              {
                "dla": [],
                "la": [],
                "ea": [
                  {
                    "etn": "Russia"
                  }
                ],
                "eta": []
              }
            ]
          ]
        }
      ]
    }
  }
]
