#class	isLiteral
Niigata_Prefecture	false
Buffeljags_Dam	false
Haba_River	false
Olifantsnek_Dam	false
New_England_(New_South_Wales)	false
Boise_County,_Idaho	false
Togo	false
New_Waddell_Dam	false
Pretoria	false
Miel_I_Dam	false
Tumut_Pond_Dam	false
Narmada_River	false
Ratle	false
Franceville	false
Ter_(river)	false
Tuolumne_County,_California	false
Jiangya_Dam	false
Kadana_Dam	false
Periyar_(river)	false
West_Virginia	false
Senzoku_Dam	false
Clinch_River	false
Woronora_Dam	false
Niululing_Dam	false
La_Grange,_California	false
Rydal_Dam	false
Midelt	false
Bon_Accord_Dam	false
Har%C5%9Fit_River	false
Diama_Dam	false
Ulu_Tutong_Dam	false
Alvares_(river)	false
Mimi_River_(Japan)	false
Nanairo_Dam	false
Jilin_City	false
Yeruham_Dam	false
Andong	false
Wadi	false
Sakha_Republic	false
Corbara_Dam	false
Brokopondo_District	false
Mae_Wong_River	false
Chubut_River	false
Amsterdam,_Mpumalanga	false
Shahi_Nalla_River	false
Blendon_Township,_Franklin_County,_Ohio	false
Senegal_River	false
Yellow_River	false
New_Zealand	false
Kakhovka_Hydroelectric_Power_Plant	false
Jatigede_Dam	false
Okahandja	false
Darreh_Shahr_County	false
Klipkopjes_Dam	false
Nikk%C5%8D,_Tochigi	false
Kaligandaki_River	false
Angostura_Dam_(Mexico)	false
Longhua_County	false
Ruskin_Dam_and_Powerhouse	false
La_Paz_County,_Arizona	false
Cradock,_Eastern_Cape	false
Hindiya_Barrage	false
Pa_Sak_River	false
Luan_River	false
Solina_Dam	false
Saint_Lawrence_River	false
Afobaka_Dam	false
McGregor,_Western_Cape	false
Chase_County,_Nebraska	false
Flathead_County,_Montana	false
Santa_Catarina_(state)	false
Tuma_River	false
Khudoni_Hydro_Power_Plant	false
Pinal_County,_Arizona	false
Western_Cape	false
Babil_Governorate	false
Cunene_River	false
Okanogan_County,_Washington	false
Tokwe_River	false
North_West_Slopes	false
Santa_Barbara_County,_California	false
South_Coast_(New_South_Wales)	false
Votkinsk	false
Fort_Peck,_Montana	false
Danba_County	false
Hrazdan_River	false
Grande_de_Santiago_River	false
Bucaramanga	false
Kurobe_River	false
Waikato	false
Greytown,_KwaZulu-Natal	false
Monroe,_New_Hampshire	false
Rengali_Dam	false
Sogamoso_Dam	false
Oshirakawa_Dam	false
Khujand	false
Nickajack_Dam	false
Hansen_Dam	false
Guangdong	false
Val_Verde_County,_Texas	false
Nottely_River	false
Tadami,_Fukushima	false
Morrow_County,_Oregon	false
Kindia_Region	false
Kurobe_Dam	false
Mahi_Bajaj_Sagar_Dam	false
Boyabat	false
Hongjiadu_River	false
Himachal_Pradesh	false
Yele_Dam	false
Ust-Ilimsk_Hydroelectric_Power_Station	false
Pietermaritzburg	false
Wangat_River	false
Kremasta_Dam	false
Ou_River_(Zhejiang)	false
Merowe_Dam	false
Huambo_Province	false
Hubei	false
Tamahara_Dam	false
Trasona_Reservoir	false
K%C4%B1z%C4%B1l%C4%B1rmak_River	false
Svirstroy	false
Dungog,_New_South_Wales	false
Eufaula,_Oklahoma	false
Mitta_Mitta_River	false
Cumberland_River	false
Kilgen_River	false
Baysh_Dam	false
Minakami,_Gunma	false
Palo_Verde_Dam	false
Sabakzai_Dam	false
Sandile_Dam	false
Wyoming	false
Mianning_County	false
Cataract_Dam	false
Aleppo_Governorate	false
Miyagase_Dam	false
Shan_State	false
Grandas_de_Salime	false
Payette_River	false
Bhagirathi_River	false
Kettle_Generating_Station	false
Farkhad_Dam	false
Shuangjiangkou_Dam	false
Salween_River	false
Konkour%C3%A9_River	false
Victoria_(Australia)	false
Guizhou	false
Baksan_Hydroelectric_Power_Station	false
Molonglo_River	false
Porterville,_California	false
Summersville_Lake	false
Nile	false
Brazil	false
Coahuila	false
Roane_County,_Tennessee	false
Ncora_Dam	false
Shizukuishi_River	false
Machadinho	false
Watauga_River	false
Itezhi-Tezhi	false
S%C3%A1nchez_Ram%C3%ADrez_Province	false
You_River_(China)	false
Orontes_River	false
Sierra_Leone	false
Bivane_River	false
Newfoundland_and_Labrador	false
Bisha	false
Tzaneen	false
Ust-Ilimsk	false
Pactola_Dam	false
Fukuji_Dam	false
Yaque_del_Norte_River	false
Mae_Wong_Dam	false
Watts_River	false
Huadian,_Jilin	false
Italy	false
Inveruglas	false
Karkheh_Dam	false
Breisgau-Hochschwarzwald	false
Arizona	false
LaSalle_County,_Illinois	false
Han_River_(Shaanxi_&_Hubei)	false
Germany	false
Loushui_River	false
Nicholas_County,_West_Virginia	false
Keowee_River	false
Mahi_River	false
Hongjiang	false
Daecheong_Dam	false
Andekaleka_Dam	false
Dongjiang_Dam	false
Silopi_Dam	false
Scrivener_Dam	false
Garrard_County,_Kentucky	false
Soyama_Dam	false
Chao_Phraya_River	false
Sungai_Tutong_River	false
Jilin	false
Brogo_Dam	false
Blyde_River	false
Dominican_Republic	false
Simly_Dam	false
Soltanl%C4%B1	false
Umgeni_River	false
Helme	false
Central_Gippsland	false
Panchmahal_district	false
Quinebaug_River	false
Rust_de_Winter_Dam	false
Oudebaaskraal_Dam	false
Karapuzha_Dam	false
Alfonso_Lista,_Ifugao	false
Kazakhstan	false
Teton_Dam	false
Conghua_District	false
Qamata	false
Santiago_de_los_Caballeros	false
Naghlu_Dam	false
Kawachi_Dam	false
Olifants_River_(Western_Cape)	false
Tallapoosa_County,_Alabama	false
Belubula_River	false
Fengman_Dam	false
Wriggleswade_Dam	false
Hatton,_Sri_Lanka	false
Thomson_River_(Victoria)	false
Kantale	false
Kaligandaki_A_Hydroelectric_Power_Station	false
Jinotega_Department	false
Tooma_River	false
Apies_River	false
Tajikistan	false
Maxwell_Lock_&_Dam	false
Oulu	false
New_South_Wales	false
Seimare_River	false
Gauteng	false
Lijiang	false
Edersee_Dam	false
Talbingo_Dam	false
Oshirakawa_River	false
El_Salto_del_Hanabanilla	false
Jammu_and_Kashmir	false
Enoggera_Creek	false
Vajiralongkorn_Dam	false
Brogo_River	false
Boyabat_Dam	false
Santa_Fe_Dam	false
New_Don_Pedro_Dam	false
McMahons_Creek,_Victoria	false
Jhelum_River	false
Benghazi	false
Hatillo_Dam	false
Deir_ez-Zor_Governorate	false
Murum_Dam	false
Liuxihe_Dam	false
Zeya_Dam	false
Xinfeng_River	false
Lake_Cascade	false
Dadeville,_Alabama	false
Revivim_Stream	false
Koderma_district	false
India	false
Canberra	false
Zambezi	false
%C5%9E%C4%B1rnak_Province	false
Holston_River	false
Malutang_Dam	false
Purwakarta	false
Analamanga	false
Zengwen_Dam	false
Queanbeyan	false
Armenia_Dam	false
Uttarakhand	false
Maskeliya	false
Villiersdorp	false
Cirata_Dam	false
Zangmu_Dam	false
Berdan_Dam	false
Great_Brak_River_(Eastern_Cape)	false
Oconee_County,_South_Carolina	false
Jatiluhur_Dam	false
Amistad_Dam	false
Katrivier_Dam	false
Mangrove_Creek_(New_South_Wales)	false
Ghatghar	false
Kafue_River	false
Syria	false
Sturbridge,_Massachusetts	false
Marion_County,_Tennessee	false
Nanya_River	false
Mangla	false
Keiskammahoek	false
Tumut_Two_Dam	false
Yunfeng_Dam	false
Pa_Sak_Jolasid_Dam	false
Barakar_River	false
Karnaphuli_River	false
Fresno_County,_California	false
Batman_River	false
Huambo	false
Jamestown,_California	false
Stave_River	false
Arkansas	false
Samegrelo-Zemo_Svaneti	false
Bonte_River	false
Samanala_Dam	false
Khyber_Pakhtunkhwa	false
Shirakawa,_Gifu_(village)	false
River	false
Split_Rock_Dam	false
Russell_County,_Kentucky	false
Talwara	false
Sacramento_River	false
Tingzikou_Dam	false
San_Antonio_River_(California)	false
Switzerland	false
Orange,_New_South_Wales	false
White_River_(Witrivier)	false
Wolf_Creek_Dam	false
Truth_or_Consequences,_New_Mexico	false
Beaufort,_Savoie	false
Status	true
Bafing_River	false
Stellenbosch	false
Nikiforos	false
Sweetwater_River_(California)	false
Dnieper_River	false
Equatorial_Guinea	false
Bakolori_Dam	false
Castlereigh_Dam	false
Sebou_River	false
Mexico	false
Marshall_County,_Alabama	false
Dim_Dam	false
Wele-Nzas_Province	false
West_Java	false
Shirin,_Uzbekistan	false
KwaZulu-Natal	false
Starved_Rock_Lock_and_Dam	false
Tadami_Dam	false
Santa_Ana_River	false
Tujunga_Wash	false
Nilka_County	false
Inguri_Dam	false
Bongolo_Dam_(South_Africa)	false
Grand_Coulee,_Washington	false
Kubusi_River	false
Halabiye_Dam	false
Lishui_River	false
Carter_County,_Tennessee	false
Cambodia	false
Black_Eagle_Dam	false
Napa_County,_California	false
Zhob	false
La_Miel_River	false
Apalachia_Dam	false
Murrumbidgee_River	false
New_York	false
Idukki_Dam	false
Upper_Svir_Hydroelectric_Station	false
Prieska	false
Queanbeyan_River	false
Gauley_River	false
Helmand_River	false
Nadarivatu_Dam	false
Yunnan	false
Riverside_County,_California	false
Lom_River_(Cameroon)	false
Jinchuan_County	false
Martin_Dam	false
Grand_Teton_National_Park	false
Big_Walnut_Creek	false
Nabari_River	false
Shiyazi_Dam	false
Dibis_Dam	false
Namibia	false
Saudi_Arabia	false
Potchefstroom	false
Kabul_River	false
Kaiyang_County	false
Nestos_River	false
Otjozondjupa_Region	false
Tarka_River	false
Aburumagawa_Dam	false
Kaneyama,_Fukushima	false
Lower_Granite_Dam	false
Djibloho_Dam	false
Southern_Tablelands	false
Stewart_Mountain_Dam	false
Jinsha_River	false
Murum_River	false
Gorgol_River	false
Snowy_Mountains	false
Grant_County,_Washington	false
Heyuan	false
Pongolapoort_Dam	false
Dartmouth_Dam	false
Gillam,_Manitoba	false
Macalister_River	false
Anderson_County,_Tennessee	false
Northern_Region_(Ghana)	false
Blue_River_(Colorado)	false
Uwada_Dam	false
Nakhchivan_(city)	false
Khoda_Afarin_Dam	false
Eucumbene_Dam	false
Gifu_Prefecture	false
Stratos,_Greece	false
Blyderivierpoort_Dam	false
Bivane_Dam	false
Cambridge,_New_Zealand	false
Fremont_County,_Idaho	false
Contra_Dam	false
Nabari,_Mie	false
Dez_Dam	false
Komaki_Dam	false
Jizan_Region	false
Jackson_Lake_Dam	false
Ratle_Hydroelectric_Plant	false
Nakatsu_River_(Kanagawa)	false
Benutan_Dam	false
Mthatha_Dam	false
Woes-Alleen_River	false
Illinois_River	false
Zengwun_River	false
Brunei	false
Severn_River_(New_South_Wales)	false
Stutterheim	false
Isabela_(province)	false
Pulangi_River	false
Jinping_County,_Guizhou	false
Hobhouse,_Free_State	false
Nicaragua	false
Rio_Arriba_County,_New_Mexico	false
Yiling_District	false
Yellowtail_Dam	false
Damodar_River	false
Westville_Dam	false
Virgen_Dam	false
Duber_Khwar_Hydroelectric_Plant	false
Dagestan	false
Northern_Rivers	false
Matagalpa_Department	false
Kozan_Dam	false
Barnet,_Vermont	false
Wayanad_district	false
Willow_Creek_(Columbia_River)	false
Maricopa_County,_Arizona	false
Sokoto_River	false
Higashi,_Okinawa	false
Darbandikhan	false
Stave_Falls_Dam_and_Powerhouse	false
Zambia	false
Menihek_Hydroelectric_Generating_Station	false
Sanandaj	false
Kozluk	false
Sanbanxi_Dam	false
Hefeng_County	false
Sandouping	false
Kerala	false
Khwae_Noi_River	false
Kohistan_District,_Pakistan	false
Wawushan_Dam	false
Aetolia-Acarnania	false
Morin_Dawa_Daur_Autonomous_Banner	false
Texas	false
Tak_Province	false
Grabouw	false
Mullaperiyar_Dam	false
Jilebulake_Dam	false
Year	true
Tignes	false
Podporozhye,_Leningrad_Oblast	false
Keiskamma_River	false
Pindari_Dam	false
Toyama_Prefecture	false
Darunta_Dam	false
King_Fahad_Dam	false
Guinea	false
Karapuzha_River	false
Guanling_Buyei_and_Miao_Autonomous_County	false
Copeton_Dam	false
Tiber	false
Orange_County,_California	false
Peshawar	false
Itabitsu_River	false
Bhumibol_Dam	false
Seminoe_Dam	false
Caliraya_Dam	false
Russia	false
Samoa	false
Wadagawa_River	false
Mthatha	false
Waldeck-Frankenberg	false
Victoria_Dam_(Sri_Lanka)	false
Raid%C4%81k_River	false
Sagami_River	false
Greers_Ferry_Dam	false
Shiyan	false
Changuinola	false
Clay_County,_North_Carolina	false
Sagami_Dam	false
Waikato_River	false
Baram_River	false
Orange_River	false
Laguna_(province)	false
Cleburne_County,_Arkansas	false
Sumedang	false
Great_Brak_River_(river)	false
Kakhovka	false
Houziyan_Dam	false
Cudgegong_River	false
Suriname	false
Washington_County,_Pennsylvania	false
Inner_Mongolia	false
Yanaizu,_Fukushima	false
Los_Angeles_County,_California	false
Baksan_River	false
Rokel_River	false
Benishangul-Gumuz_Region	false
Melton_Hill_Dam	false
Grijalva_River	false
Mekong	false
Miyashita_Dam	false
Schluchsee	false
Thailand	false
Big_Horn_County,_Montana	false
Elands_River_(Olifants)	false
Saxony-Anhalt	false
Magat_Dam	false
Khancoban_Dam	false
Plateaux_Region,_Togo	false
Nen_River	false
Wuchuan_Gelao_and_Miao_Autonomous_County	false
Chagang_Province	false
Cotu%C3%AD	false
Doda_district	false
Mancotal_Dam	false
Wanquan_River	false
Khatlon_Province	false
Gyaca,_Tibet	false
Geum_River	false
Enders_Dam	false
Zhangjiajie	false
Kinjo_Dam	false
Garzan_River	false
Danjiangkou_Dam	false
Jordan_River	false
Andekaleka	false
Wadi_Qattara_Dam	false
Swampy_Plain_River	false
Botan_River	false
Torul	false
Dix_Dam	false
Australian_Capital_Territory	false
Shweli_I_Dam	false
Ghatghar_Dam	false
Ethiopia	false
Bonyic_Dam	false
Grodno_Hydroelectric_Power_Station	false
Hida,_Gifu	false
Mirani_Dam	false
Dongfang,_Hainan	false
Svir_River	false
Sulak_River	false
Norcasia,_Caldas	false
Central_Province,_Sri_Lanka	false
Cardinia_Reservoir	false
Rustenburg	false
Honna_Dam	false
Fort_Patrick_Henry_Dam	false
Boegoeberg_Dam	false
Jharkhand	false
San_Bernardino_County,_California	false
Stompdrift_Dam	false
Paranapanema_River	false
Bakhtiari_Dam	false
Vilanova_de_Sau	false
Mirmi	false
Pravara_River	false
Xinfengjiang_Dam	false
Rapide-Blanc_Generating_Station	false
Ukraine	false
Tokuyama_Dam	false
Oregon	false
Zhougonghe_River	false
Neman_River	false
Rance_Tidal_Power_Station	false
Karkheh_River	false
Snowy_River	false
Chichester_Dam	false
Bull_Shoals_Dam	false
Ar-Raqqah_Governorate	false
Andong_Dam	false
Chaharmahal_and_Bakhtiari_Province	false
Sri_Lanka	false
Degania_Alef	false
Mahaweli_River	false
Guangxi	false
Shikawa_Dam	false
Dassu,_Khyber_Pakhtunkhwa	false
Kelbra_Dam	false
Kozan,_Adana	false
Jilintai_I_Dam	false
Citarum_River	false
Ichari_Dam	false
Salma_Dam	false
Teton_County,_Wyoming	false
Greenland	false
Garfield_County,_Washington	false
Hassan_II_Dam	false
Kumano,_Mie	false
Quebec	false
Guangyuan	false
Stratos_Dam	false
Thomson_Dam	false
Burma	false
Sau_Reservoir	false
Hongshui_River	false
Pong_Dam	false
Kabul_Province	false
List_of_rivers_of_Sri_Lanka	false
Chenab_River	false
Saint_Andrew_Parish,_Jamaica	false
Oxkraal_Dam	false
Sam_Ngao_District	false
Shasta_Dam	false
Pine_Flat_Dam	false
Oroville_Dam	false
Susqueda_Reservoir	false
Teton_County,_Montana	false
Hume_Dam	false
Kwena_Dam	false
Angola	false
Kentucky_Dam	false
Medjerda_River	false
Syangja	false
Zeya_River	false
North_Utica,_Illinois	false
Irkutsk_Hydroelectric_Power_Station	false
Geehi_River	false
Rhea_County,_Tennessee	false
Massena,_New_York	false
Alphen_Dam	false
Manicouagan_Regional_County_Municipality	false
Katakado_Dam	false
Dakpathar	false
Santa_Ynez_River	false
Suma_Park_Dam	false
Jounama_Dam	false
Arrowrock_Dam	false
Tennessee	false
Alpe_Gera_Dam	false
Tons_River	false
Bureya_Dam	false
Ruskin,_British_Columbia	false
Los_Angeles_River	false
Inguri_River	false
Catalonia	false
Mangakino	false
Paterson_River	false
Afobaka	false
Krati%C3%A9_Province	false
Tankwa_River	false
Sidi_Salem_Dam	false
Campbell_County,_Tennessee	false
Alkumru_Dam	false
Lydenburg	false
Black_Volta	false
Degania_Dam	false
Hiroshima_Prefecture	false
Nakhon_Sawan_Province	false
Soyang_River	false
Cotter_River	false
Heping_District,_Taichung	false
Tochigi_Prefecture	false
Dhanbad_district	false
Brahmani_River	false
Magat_River	false
Settat	false
Guangzhao_Dam	false
Swellendam	false
Medell%C3%ADn_River	false
Grassridge_Dam	false
Lucky_Peak_Dam	false
Allal_al_Fassi_Dam	false
Cauca_River	false
Rio_Cobre	false
Ujjani_Dam	false
Mentone,_California	false
Pulangi_IV_Hydroelectric_Power_Plant	false
Jindabyne_Dam	false
Shasta_County,_California	false
Jiangpinghe_Dam	false
Yanaizu_Dam	false
Yuan_River	false
TaSang_Dam	false
Kanna_Dam	false
Capivara_Dam	false
Ta'elefaga	false
Beas_River	false
Nangarhar_Province	false
Madhya_Pradesh	false
Garzan_Dam	false
Keisies_River	false
Roselend_Dam	false
Argyll_and_Bute	false
Maskeliya_Dam	false
San_Luis_Creek_(California)	false
San_Antonio_Dam	false
Haskell_County,_Oklahoma	false
Machadinho_Hydroelectric_Power_Plant	false
Sullivan_County,_Tennessee	false
Brisbane	false
Baxter_County,_Arkansas	false
Harts_River	false
Brandvlei_Dam	false
Vilyuy_Dam	false
California	false
Lake_Arthur_Dam	false
Little_Falls_Dam	false
Corin_Dam	false
Willow_Creek_Dam_(Oregon)	false
Merikoski_Power_Plant	false
La_Yesca	false
Connecticut_River	false
Lower_Brandvlei_River	false
Rifaina	false
Oxkraal_River	false
Narude_Dam	false
Volta_River	false
Salime_Reservoir	false
Jamaica	false
Malaysia	false
Vaal_Barrage	false
Shahid_Rajaee_Dam	false
Cotter_Dam	false
Mercer_County,_Kentucky	false
Beni_Mellal	false
Ibi_District,_Gifu	false
Meghri_Dam	false
Zixing	false
Pickwick_Landing_Dam	false
Ma'an_Dam	false
Hanabanilla_Dam	false
Three_Gorges_Dam	false
Missouri_River	false
Oberon_Dam	false
Gove_Dam	false
Yangtze	false
O'Neill_Dam	false
Cardinia_Creek	false
Va'a-o-Fonoti	false
Whitman_County,_Washington	false
Colombia	false
West_Gippsland	false
Bumbuna	false
Baglihar_Dam	false
Dnieper_Hydroelectric_Station	false
Baram_Dam	false
Chichester_River	false
Nierji_Dam	false
Dajia_River	false
Bhote_Koshi_Power_Plant	false
Israel	false
Lawrence_County,_Alabama	false
Hotan_County	false
Nasinu	false
Panjiakou_Dam	false
Silin_Dam	false
Okurodani_Dam	false
Manicouagan_River	false
Kingsport,_Tennessee	false
Santiago_Dam	false
Taki_Dam	false
Zhangye	false
Rockview_Dam	false
Nanuku_River	false
Bhakra_Dam	false
Finland	false
Aveyron	false
Saint_Catherine_Parish	false
Hadrut_Province_(NKR)	false
Kirkuk_Governorate	false
Achelous_River	false
Wuluwati_Dam	false
Shimokotori_River	false
Otori_Dam	false
Komani_River	false
Shimian_County	false
Numata,_Gunma	false
Hiwassee_River	false
Jabrayil_District	false
Herat_Province	false
Surobi_District_(Kabul)	false
Centerville,_Washington_County,_Pennsylvania	false
Hesse	false
Foum_Gleita	false
Mangla_Dam	false
Nadroga-Navosa_Province	false
Boskop_Dam	false
Spitskop_Dam	false
Gongboxia_Dam	false
Indonesia	false
Kin,_Okinawa	false
South_West_Slopes	false
Idukki_district	false
American_River	false
Haut-Ogoou%C3%A9_Province	false
Bhimgoda_Barrage	false
Lower_Svir_Hydroelectric_Station	false
Hoover_Dam_(Ohio)	false
Klickitat_County,_Washington	false
Karapiro_Power_Station	false
Little_Falls,_Minnesota	false
San_Juan_Province,_Argentina	false
Sangtuda_2_Hydroelectric_Power_Plant	false
Sogamoso_River	false
Kayes_Region	false
Miyazaki_Prefecture	false
Syr_Darya	false
San_Bernardino_National_Forest	false
Tsukabaru_Dam	false
Helmand_Province	false
Zhenfeng_County	false
Okukubi_Dam	false
Los_Caracoles_Dam	false
Ontario	false
Red_Rock_Dam_(Iowa)	false
John_Day_Dam	false
Moulouya_River	false
Clanwilliam_Dam	false
Qianxi_County,_Hebei	false
Japan	false
Tokwe_Mukorsi_Dam	false
Sangtuda_1_Hydroelectric_Power_Plant	false
Tule_River	false
Clearwater_County,_Idaho	false
Eucumbene_River	false
Spring_Creek_Dam_(New_South_Wales)	false
Valley_County,_Idaho	false
Dahua_Yao_Autonomous_County	false
Duber_Khwar_River	false
Hongshi_Dam	false
Bushman's_River	false
Sartell,_Minnesota	false
Oroville,_California	false
Itezhi-Tezhi_Dam	false
Carcoar_Dam	false
Danjiangkou	false
Bakhtiari_River	false
Second_Songhua_River	false
Tankeng_Dam	false
Mishima,_Fukushima	false
Saguling_Dam	false
Sondrio	false
Tsomo_River	false
Balochistan,_Pakistan	false
Dim_River	false
Cuba	false
Huanglongtan_Dam	false
Hofmeyr	false
Dongfeng_Dam	false
North_Fork_Clearwater_River	false
Gongxi_River	false
North_West_(South_African_province)	false
La_Tuque,_Quebec	false
Whittlesea,_Eastern_Cape	false
Tilaiya_Dam	false
Binga_Dam	false
Argentina	false
Pathankot	false
Azerbaijan	false
Al_Massira_Dam	false
Pietersfontein_Dam	false
Elands_River_(Western_Cape)	false
Vohitra_River	false
Glenelg_River_(Victoria)	false
Pakistan	false
Vakhsh_River	false
Darlington_Dam	false
Pinet_(power_station)	false
McIntosh_County,_Oklahoma	false
Canadian_River	false
Mooi_River_(Vaal)	false
Aizubange,_Fukushima	false
Madera_County,_California	false
Brong-Ahafo_Region	false
Boise_River	false
Qingzhen	false
Teldeniya	false
Monterey_County,_California	false
Shwegyin_Dam	false
Kehelgamu_Oya	false
San_Juan_River_(Argentina)	false
Macarthur_(New_South_Wales)	false
Nahoon_Dam	false
San_Juan,_Argentina	false
Wagendrift_Dam	false
Kashgar_River	false
Bighorn_River	false
Namhkam_(Shan_State)	false
North_Platte_River	false
Taiwan	false
Togawa_River	false
Loskop_Dam	false
Kat_River	false
Little_Red_River_(Arkansas)	false
Southbridge,_Massachusetts	false
Kanchanaburi_Province	false
Ramon,_Isabela	false
Khomarlu	false
Afulilo_Dam	false
Shwegyin_River	false
Olifants_River_(Limpopo)	false
Hardin_County,_Tennessee	false
Sh%C5%8D_River	false
Pickens_County,_South_Carolina	false
Guangzhao	false
Zeya,_Russia	false
Tutong_District	false
Chishti_sharif_District	false
Benguet	false
Province_of_Terni	false
Alabama	false
Itogon,_Benguet	false
Votkinsk_Hydroelectric_Station	false
Kajaki_Dam	false
Campbells_River	false
Leeu_River	false
Armenia	false
Friant_Dam	false
Wollondilly_River	false
Summit_County,_Colorado	false
Carbon_County,_Wyoming	false
Kalene_Hill	false
Turkey	false
Verzasca_River	false
Sanmenxia_Dam	false
United_States	false
Chiapas	false
Kabardino-Balkaria	false
Vilyuy_River	false
Ranjit_Sagar_Dam	false
Tala_Hydroelectric_Power_Station	false
Beipan_River	false
Remscheid	false
Mpumalanga	false
Gila_River	false
Melbourne	false
Jialing_River	false
Shorenji_Dam	false
Gabon	false
Warsak_Dam	false
Dam	false
Chungju	false
Srinagarind_Dam	false
Marion_County,_Arkansas	false
Von_Bach_Dam	false
Navajo_Dam	false
Montana	false
Colorado_River	false
Minnesota	false
Asturias	false
San_Joaquin_River	false
Wellington,_New_South_Wales	false
Tignes_Dam	false
Solina,_Poland	false
Zengamina	false
Australia	false
Yenice_Dam	false
Ticino	false
Atasu_Dam	false
Phatthana_Nikhom_District	false
Sh%C5%8Dkawa,_Gifu	false
Morioka,_Iwate	false
'Asir_Region	false
Hino_River	false
Rangamati_Hill_District	false
Kalakashi_River	false
Khuzestan_Province	false
Swakop_River	false
Danghara_District	false
Monongahela_River	false
Bao_River	false
San_Gabriel_River_(California)	false
Manilla_River	false
Manpo	false
Ibi_River	false
Du_River	false
Volga_River	false
Qinghai	false
Queenstown,_Eastern_Cape	false
Mississippi_River	false
Grand_Poubara_Dam	false
New_Exchequer_Dam	false
Yenice,_Nall%C4%B1han	false
Bertoua	false
Enoggera_Dam	false
Mazandaran_Province	false
Mali	false
Craigie_Burn_Dam	false
Coolidge_Dam	false
Bin_el_Ouidane_Dam	false
Homs_Governorate	false
Chasong_County	false
Livingston_County,_Kentucky	false
Gezhen_Dam	false
Morocco	false
Dasu_Dam	false
Bailong_River	false
Madagascar	false
Foum_Gleita_Dam	false
Bao-Tavera_Dams	false
Gibson_Dam	false
Kama_River	false
Bhima_River	false
Marathon_Dam	false
Northern_Cape	false
Zimbabwe	false
Elmore_County,_Idaho	false
Kremenchuk	false
Agno_River	false
Sepulveda_Dam	false
Arzni	false
Is%C3%A8re_(river)	false
Techi_Dam	false
O'Shannassy_Reservoir	false
Ben_Chifley_Dam	false
Chatuge_Dam	false
Brittany	false
Wag_Water_River	false
Tajan_River	false
Jean-Lesage_generating_station	false
Baishan_Dam	false
Karun	false
South_Africa	false
Bikou	false
Tooma_Dam	false
Bilaspur_district,_Himachal_Pradesh	false
Philippines	false
Nigeria	false
Isawa_Dam	false
Florentino_Ameghino_Dam	false
Clearwater_River_(Idaho)	false
Fiji	false
Lubisi_Dam	false
Bureya_River	false
Kings_River_(California)	false
Elephant_Butte_Dam	false
Jericho_Dam	false
Tsubawara_Dam	false
Vaal_River	false
Bhote_Koshi	false
Rio_Cobre_Dam	false
Snake_River	false
Westerville,_Ohio	false
East_Brimfield_Dam	false
Thisavros_Dam	false
Wadagawa_Dam	false
Albert_Falls_Dam	false
O'Shannassy_River	false
Uitenhage	false
Garafiri_Dam	false
Middelburg,_Mpumalanga	false
Bandung	false
Volkhov_Hydroelectric_Station	false
Mnyamvubu_River	false
Bikou_Dam	false
Sari,_Iran	false
Afghanistan	false
Changhua_River	false
Jocassee_Dam	false
Porecatu	false
Togagawa_River	false
Poldasht	false
Nan_River	false
North_Korea	false
San_Fernando_Valley	false
Agua_Fria_River	false
Grootdraai_Dam	false
Putah_Creek	false
Cherokee_County,_North_Carolina	false
Merced_River	false
Mariposa_County,_California	false
Bangladesh	false
Megdovas	false
Central_Coast_(New_South_Wales)	false
Punta_Negra_Dam	false
Dez_River	false
Nangbeto_Dam	false
Eder	false
Great_Falls,_Montana	false
Meghri	false
Douglas_Dam	false
Asturias,_Nicaragua	false
Panlong_River	false
Silopi	false
Tennessee_River	false
Ohara_Dam	false
Masvingo	false
Sirikit_Dam	false
Matanoagawa_Dam	false
Blue_Nile	false
Habahe_County	false
Columbia_River	false
Georgia_(country)	false
Qingtian_County	false
Ji'an,_Jilin	false
Maramag,_Bukidnon	false
Susqueda	false
Marion_County,_Iowa	false
Nahoon_River	false
Chao_Phraya_Dam	false
O'Shaughnessy_Dam_(California)	false
Tibet_Autonomous_Region	false
San_Juan_County,_New_Mexico	false
Boone_Dam	false
Moses-Saunders_Power_Dam	false
Naitasiri_Province	false
Navia_(river)	false
Lewis_and_Clark_County,_Montana	false
Ginoza,_Okinawa	false
Chuncheon	false
Elandskloof_Dam	false
Chirkey_Dam	false
Tuolumne_River	false
France	false
Frenchman_Creek	false
Sartell_Dam	false
Burrendong_Dam	false
Tishrin_Dam	false
Sutlej	false
Fort_Loudoun_Dam	false
Zhiguli_Hydroelectric_Station	false
Merced_County,_California	false
Kitulgala	false
Marshall_County,_Kentucky	false
Nakdong_River	false
Fukushima_Prefecture	false
Maraetai_Power_Station	false
Leningrad_Oblast	false
Indus_River	false
Folsom,_California	false
Haridwar	false
Lake_Parramatta	false
Churchill_Falls_Generating_Station	false
Kech_District	false
Cataract_River_(Wollondilly)	false
Siirt	false
Irkutsk_Oblast	false
Island_Bend_Dam	false
Aras_River	false
Cimanuk_River	false
Jaguara_Dam	false
Washington_County,_Tennessee	false
Murray_River	false
Little_Zab	false
Grodno	false
Canyon_Ferry_Dam	false
Hellsgate_Dam	false
Villa_Clara_Province	false
Ya'an	false
Sevier_County,_Tennessee	false
Panama	false
Seven_Oaks_Dam	false
San_Miguel_County,_New_Mexico	false
Benutan_River	false
Coulee_Dam,_Washington	false
Norris_Dam	false
Toga_Dam	false
Sughd_Province	false
Pianguan_County	false
Sundays_River	false
Windamere_Dam	false
Ifugao	false
Ebenezer_Dam	false
Balochistan	false
Dadu_River_(Sichuan)	false
China	false
Hungry_Horse_Dam	false
Lom_Pangar_Dam	false
Tehri_Dam	false
Narva_Hydroelectric_Station	false
Togagawa_Dam	false
Isawa_River	false
Monasavu_Dam	false
Googong_Dam	false
Eastern_Cape	false
Salt_River_(Arizona)	false
Ceres,_Western_Cape	false
San_Diego_County,_California	false
Gosho_Dam	false
Dong_River_(China)	false
Volkhov_River	false
Warragamba_River	false
Akosombo_Dam	false
Sarawak	false
Ghana	false
Wu_River_(Yangtze_River_tributary)	false
Angara_River	false
Arzni_Hydro_Power_Plant	false
Rio_Grande	false
Bendora_Dam	false
Fayette_County,_Pennsylvania	false
Iran	false
Iraq	false
Gavoshan_Dam	false
Taichung_County	false
Idaho	false
Boschmanskop_No_1_Dam	false
Cangxi_County	false
Taipingwan_Dam	false
Dandong	false
Santiago_Province_(Dominican_Republic)	false
Sant_Hilari_Sacalm	false
Columbia_Falls,_Montana	false
Sefrou	false
Place	false
Shimokotori_Dam	false
Sudan	false
Khwae_Yai_River	false
New_Melones_Dam	false
Barra_Grande_Hydroelectric_Power_Plant	false
Grand_Coulee_Dam	false
Fukuyama	false
Fukuoka_Prefecture	false
Sindhulpalchok_District	false
Lorestan_Province	false
Kantale_Dam	false
Stave_Falls,_British_Columbia	false
Wanjiazhai_Dam	false
Guangzhou	false
Weiyuan_Dam	false
Geehi_Dam	false
Wheeler_Dam	false
Aras_Dam	false
Azad_Kashmir	false
Trasona	false
Houku_River	false
Zhigulyovsk	false
Pennsylvania	false
Loch_Sloy_Hydro-Electric_Scheme	false
Ituango_Dam	false
Indirasagar_Dam	false
Naha,_Okinawa	false
Dix_River	false
Green_Mountain_Reservoir	false
Boguchany_Dam	false
Celso_Ramos	false
Bhutan	false
Angul_district	false
Diyala_River	false
Kajaki_District	false
Pejar_Dam	false
Tone_River	false
Mae_Wong_District	false
Spain	false
Soyang_Dam	false
Ivangorod	false
Riverina	false
Uzbekistan	false
Iwate_Prefecture	false
Solapur_district	false
Lijiaxia_Dam	false
Bronkhorst_Spruit	false
Morris_Dam	false
White_River,_Mpumalanga	false
Kaptai_Dam	false
Yantan_Dam	false
Tabqa_Dam	false
North_Rhine-Westphalia	false
Spanish_Town	false
Monticello_Dam	false
Keepit_Dam	false
Summersville,_West_Virginia	false
Tonami,_Toyama	false
Sun_River	false
Hex_River_(Elands_River)	false
Iowa	false
Canada	false
Shwegyin_Township	false
Longshou_II_Dam	false
Elmore_County,_Alabama	false
South_Carolina	false
Meigs_County,_Tennessee	false
Suofengying_Dam	false
Watauga_Dam	false
Irkutsk	false
Kariba_Dam	false
Central_West_(New_South_Wales)	false
Lostock_Dam	false
Chungju_Dam	false
Eschbach_Dam	false
Blowering_Dam	false
Konings_River	false
Imaichi_Dam	false
Ishibuchi_Dam	false
Longchuan_County,_Guangdong	false
Bui_Dam	false
Aligudarz_County	false
Ibigawa,_Gifu	false
Per_Aru	false
Borneo	false
Banswara	false
Nottely_Dam	false
Porce_III_Dam	false
Rapid_Creek_(South_Dakota)	false
Watts_Bar_Dam	false
Uttaradit_Province	false
Klipplaat_River	false
Al-Rastan_Dam	false
Corbara_(Terni)	false
Glenmaggie_Dam	false
Kimberley,_Northern_Cape	false
Woronora_River	false
Batman,_Turkey	false
Shweli_River	false
Lauderdale_County,_Alabama	false
Bukidnon	false
Ada_County,_Idaho	false
Charadros	false
Jalalabad	false
Oum_Er-Rbia_River	false
Sydney	false
Broadlands_Dam	false
Pengshui_Dam	false
Cormor	false
Yeruham	false
Baath_Dam	false
Ravi_River	false
Estcourt	false
Testour	false
Frank_D._Comerford_Dam	false
Baksansky_District	false
Anderson_Ranch_Dam	false
Sanmenxia	false
Kremenchuk_Hydroelectric_Power_Plant	false
Country	false
Toonumbar_Dam	false
Al-Rastan	false
Bumbuna_Dam	false
Fish_River_(Oberon)	false
Baozhusi_Dam	false
Burrinjuck_Dam	false
Gosling_Creek_Dam	false
Sherman_County,_Oregon	false
Klip_River	false
Uonuma,_Niigata	false
Chukha_District	false
Mie_Prefecture	false
Oulujoki	false
Islamabad	false
Torul_Dam	false
Pennington_County,_South_Dakota	false
Hezil_Suyu	false
Warragamba_Dam	false
Dahuashui_Dam	false
Nadarivatu_District	false
Guntersville_Dam	false
Vryheid	false
Osor,_Girona	false
Balangoda	false
Waterdown_Dam	false
Gibraltar_Dam	false
Kodinsk	false
Shaanxi	false
San_Juan_River_(Colorado_River)	false
Klipberg_Dam	false
Maroondah_Dam	false
Hatogaya_Dam	false
Sichuan	false
Cornwall,_Ontario	false
Belarus	false
Central_Tablelands	false
Ituango	false
Sigatoka_River	false
K%C5%8Dfu,_Tottori	false
Darbandikhan_Dam	false
Zaporizhia	false
Shogawa_Goguchi_Dam	false
Mthatha_River	false
Wolwedans_Dam	false
Akosombo	false
Folsom_Dam	false
Yuna_River	false
Pongola_River	false
Wele_River	false
Qionghai	false
Gwydir_River	false
Rocklands_Reservoir	false
Mundi	false
Happy_Jacks_Dam	false
Loudon_County,_Tennessee	false
Mantasoa_Dam	false
Umbria	false
Grahamstown_Dam	false
Soan_River	false
Mauritania	false
Namhan_River	false
Ruo_Shui	false
Plastiras_Dam	false
Greece	false
Viejo_River	false
Barkam_County	false
Pelotas_River	false
Panchet_Dam	false
Union_County,_Georgia	false
Limpopo	false
Stony_Hill,_Jamaica	false
Rio_Grande_(Paran%C3%A1_River)	false
Far_Eastern_Federal_District	false
Hunter_Region	false
French_Broad_River	false
Yalu_River	false
Shardara_District	false
Churchill_River_(Atlantic)	false
Daguangba_Dam	false
Bronkhorstspruit_Dam	false
Ogoou%C3%A9_River	false
Tadami_River	false
Sweetwater_Dam	false
Jainca_County	false
Malipo_County	false
Eufaula_Dam	false
Mpama_River	false
Wimmera	false
Qorlortorsuaq_Dam	false
Hermitage_Dam	false
Palmiet_River	false
Dasht_River	false
Qingshuihe_River	false
Chubut_Province	false
Daejeon	false
Varahina-North_River	false
South_Holston_Dam	false
Sambor_Dam	false
Groot_Letaba_River	false
Yulongyan_Dam	false
Senegal	false
Mantasoa	false
Fujiwara_Dam	false
Narva_River	false
Kanagawa_Prefecture	false
Hanabanilla_River	false
Poland	false
Liuxihe_River	false
Baysh	false
Banieya_Dam	false
Ping_River	false
Nepal	false
Karun-4_Dam	false
New_Mexico	false
Kamo_River	false
Off-stream_reservoir	false
Batman_Dam	false
Nanhua_Dam	false
Seymour,_Eastern_Cape	false
Grand_Ethiopian_Renaissance_Dam	false
Merowe,_Sudan	false
East_Azerbaijan_Province	false
Fengtan_Dam	false
Berdan_River	false
Sinuiju	false
Si_Sawat_District	false
Sakarya_River	false
Buffeljags_River	false
Teton_River_(Idaho)	false
Dagangshan_Dam	false
Kaptai_Upazila	false
Fort_Peck_Dam	false
Volkhov	false
Tumut_River	false
Guthega_Dam	false
Bago_Region	false
Rio_Grande_do_Sul	false
Tallapoosa_River	false
Namoi_River	false
Success_Dam	false
Trabzon	false
Des_Moines_River	false
Nelson_River	false
Fengshuba_Dam	false
La_Yesca_Dam	false
Stanislaus_River	false
Feather_River	false
Dworshak_Dam	false
Marathon,_Greece	false
Maskeliya_Oya	false
Jvari_(town)	false
Gila_County,_Arizona	false
Conchas_Dam	false
Marmaris	false
Washington_(state)	false
Jinanqiao_Dam	false
Samou_River	false
Marmaris_Dam	false
Tantangara_Dam	false
Brahmaputra_River	false
Hinachi_Dam	false
Oyala	false
Boise_River_Diversion_Dam	false
Macquarie_River	false
Shogawa,_Toyama	false
Illinois	false
Seimare_Dam	false
Sirdaryo_Province	false
De_Rust	false
Manantali_Dam	false
South_Fork_Flathead_River	false
Crocodile_River_(Mpumalanga)	false
Acu%C3%B1a_Municipality	false
Azusa,_California	false
Shatuo_Dam	false
Hari_River,_Afghanistan	false
Carbon_Canyon_Dam	false
Cameroon	false
Santiago_Creek	false
Dongqing_Dam	false
Bonyic_River	false
Euphrates	false
Alanya	false
Indwe_River	false
Shiroyama_Dam	false
Carcoar,_New_South_Wales	false
Corvera_de_Asturias	false
Guiyang	false
Chardara_Dam	false
Carbon_Canyon_Creek	false
Mangrove_Creek_Dam	false

