#superClass	subClass
Place	Niigata_Prefecture
Dam	Buffeljags_Dam
River	Haba_River
Dam	Olifantsnek_Dam
Place	New_England_(New_South_Wales)
Place	Boise_County,_Idaho
Country	Togo
Dam	New_Waddell_Dam
Place	Pretoria
Dam	Miel_I_Dam
Dam	Tumut_Pond_Dam
River	Narmada_River
Place	Ratle
Place	Franceville
River	Ter_(river)
Place	Tuolumne_County,_California
Dam	Jiangya_Dam
Dam	Kadana_Dam
River	Periyar_(river)
Place	West_Virginia
Dam	Senzoku_Dam
River	Clinch_River
Dam	Woronora_Dam
Dam	Niululing_Dam
Place	La_Grange,_California
Dam	Rydal_Dam
Place	Midelt
Dam	Bon_Accord_Dam
River	Har%C5%9Fit_River
Dam	Diama_Dam
Dam	Ulu_Tutong_Dam
River	Alvares_(river)
River	Mimi_River_(Japan)
Dam	Nanairo_Dam
Place	Jilin_City
Dam	Yeruham_Dam
Place	Andong
River	Wadi
Place	Sakha_Republic
Dam	Corbara_Dam
Place	Brokopondo_District
River	Mae_Wong_River
River	Chubut_River
Place	Amsterdam,_Mpumalanga
River	Shahi_Nalla_River
Place	Blendon_Township,_Franklin_County,_Ohio
River	Senegal_River
River	Yellow_River
Country	New_Zealand
Dam	Kakhovka_Hydroelectric_Power_Plant
Dam	Jatigede_Dam
Place	Okahandja
Place	Darreh_Shahr_County
Dam	Klipkopjes_Dam
Place	Nikk%C5%8D,_Tochigi
River	Kaligandaki_River
Dam	Angostura_Dam_(Mexico)
Place	Longhua_County
Dam	Ruskin_Dam_and_Powerhouse
Place	La_Paz_County,_Arizona
Place	Cradock,_Eastern_Cape
Dam	Hindiya_Barrage
River	Pa_Sak_River
River	Luan_River
Dam	Solina_Dam
River	Saint_Lawrence_River
Dam	Afobaka_Dam
Place	McGregor,_Western_Cape
Place	Chase_County,_Nebraska
Place	Flathead_County,_Montana
Place	Santa_Catarina_(state)
River	Tuma_River
Dam	Khudoni_Hydro_Power_Plant
Place	Pinal_County,_Arizona
Place	Western_Cape
Place	Babil_Governorate
River	Cunene_River
Place	Okanogan_County,_Washington
River	Tokwe_River
Place	North_West_Slopes
Place	Santa_Barbara_County,_California
Place	South_Coast_(New_South_Wales)
Place	Votkinsk
Place	Fort_Peck,_Montana
Place	Danba_County
River	Hrazdan_River
River	Grande_de_Santiago_River
Place	Bucaramanga
River	Kurobe_River
Place	Waikato
Place	Greytown,_KwaZulu-Natal
Place	Monroe,_New_Hampshire
Dam	Rengali_Dam
Dam	Sogamoso_Dam
Dam	Oshirakawa_Dam
Place	Khujand
Dam	Nickajack_Dam
Dam	Hansen_Dam
Place	Guangdong
Place	Val_Verde_County,_Texas
River	Nottely_River
Place	Tadami,_Fukushima
Place	Morrow_County,_Oregon
Place	Kindia_Region
Dam	Kurobe_Dam
Dam	Mahi_Bajaj_Sagar_Dam
Place	Boyabat
River	Hongjiadu_River
Place	Himachal_Pradesh
Dam	Yele_Dam
Dam	Ust-Ilimsk_Hydroelectric_Power_Station
Place	Pietermaritzburg
River	Wangat_River
Dam	Kremasta_Dam
River	Ou_River_(Zhejiang)
Dam	Merowe_Dam
Place	Huambo_Province
Place	Hubei
Dam	Tamahara_Dam
Dam	Trasona_Reservoir
River	K%C4%B1z%C4%B1l%C4%B1rmak_River
Place	Svirstroy
Place	Dungog,_New_South_Wales
Place	Eufaula,_Oklahoma
River	Mitta_Mitta_River
River	Cumberland_River
River	Kilgen_River
Dam	Baysh_Dam
Place	Minakami,_Gunma
Dam	Palo_Verde_Dam
Dam	Sabakzai_Dam
Dam	Sandile_Dam
Place	Wyoming
Place	Mianning_County
Dam	Cataract_Dam
Place	Aleppo_Governorate
Dam	Miyagase_Dam
Place	Shan_State
Place	Grandas_de_Salime
River	Payette_River
River	Bhagirathi_River
Dam	Kettle_Generating_Station
Dam	Farkhad_Dam
Dam	Shuangjiangkou_Dam
River	Salween_River
River	Konkour%C3%A9_River
Place	Victoria_(Australia)
Place	Guizhou
Dam	Baksan_Hydroelectric_Power_Station
River	Molonglo_River
Place	Porterville,_California
Dam	Summersville_Lake
River	Nile
Country	Brazil
Place	Brazil
Place	Coahuila
Place	Roane_County,_Tennessee
Dam	Ncora_Dam
River	Shizukuishi_River
Place	Machadinho
River	Watauga_River
Place	Itezhi-Tezhi
Place	S%C3%A1nchez_Ram%C3%ADrez_Province
River	You_River_(China)
River	Orontes_River
Country	Sierra_Leone
River	Bivane_River
Place	Newfoundland_and_Labrador
Place	Bisha
Place	Tzaneen
Place	Ust-Ilimsk
Dam	Pactola_Dam
Dam	Fukuji_Dam
River	Yaque_del_Norte_River
Dam	Mae_Wong_Dam
River	Watts_River
Place	Huadian,_Jilin
Country	Italy
River	Inveruglas
Dam	Karkheh_Dam
Place	Breisgau-Hochschwarzwald
Place	Arizona
Place	LaSalle_County,_Illinois
River	Han_River_(Shaanxi_&_Hubei)
Country	Germany
River	Loushui_River
Place	Nicholas_County,_West_Virginia
River	Keowee_River
River	Mahi_River
Place	Hongjiang
Dam	Daecheong_Dam
Dam	Andekaleka_Dam
Dam	Dongjiang_Dam
Dam	Silopi_Dam
Dam	Scrivener_Dam
Place	Garrard_County,_Kentucky
Dam	Soyama_Dam
River	Chao_Phraya_River
River	Sungai_Tutong_River
Place	Jilin
Dam	Brogo_Dam
River	Blyde_River
Country	Dominican_Republic
Dam	Simly_Dam
Place	Soltanl%C4%B1
River	Umgeni_River
River	Helme
Place	Central_Gippsland
Place	Panchmahal_district
River	Quinebaug_River
Dam	Rust_de_Winter_Dam
Dam	Oudebaaskraal_Dam
Dam	Karapuzha_Dam
Place	Alfonso_Lista,_Ifugao
Country	Kazakhstan
Dam	Teton_Dam
Place	Conghua_District
Place	Qamata
Place	Santiago_de_los_Caballeros
Dam	Naghlu_Dam
Dam	Kawachi_Dam
River	Olifants_River_(Western_Cape)
Place	Tallapoosa_County,_Alabama
River	Belubula_River
Dam	Fengman_Dam
Dam	Wriggleswade_Dam
Place	Hatton,_Sri_Lanka
River	Thomson_River_(Victoria)
Place	Kantale
Dam	Kaligandaki_A_Hydroelectric_Power_Station
Place	Jinotega_Department
River	Tooma_River
River	Apies_River
Country	Tajikistan
Dam	Maxwell_Lock_&_Dam
Place	Oulu
Place	New_South_Wales
River	Seimare_River
Place	Gauteng
Place	Lijiang
Dam	Edersee_Dam
Dam	Talbingo_Dam
River	Oshirakawa_River
Place	El_Salto_del_Hanabanilla
Place	Jammu_and_Kashmir
River	Enoggera_Creek
Dam	Vajiralongkorn_Dam
River	Brogo_River
Dam	Boyabat_Dam
Dam	Santa_Fe_Dam
Dam	New_Don_Pedro_Dam
Place	McMahons_Creek,_Victoria
River	Jhelum_River
Place	Benghazi
Dam	Hatillo_Dam
Place	Deir_ez-Zor_Governorate
Dam	Murum_Dam
Dam	Liuxihe_Dam
Dam	Zeya_Dam
River	Xinfeng_River
Dam	Lake_Cascade
Place	Dadeville,_Alabama
River	Revivim_Stream
Place	Koderma_district
Country	India
Place	India
Place	Canberra
River	Zambezi
Place	%C5%9E%C4%B1rnak_Province
River	Holston_River
Dam	Malutang_Dam
Place	Purwakarta
Place	Analamanga
Dam	Zengwen_Dam
Place	Queanbeyan
Dam	Armenia_Dam
Place	Uttarakhand
Place	Maskeliya
Place	Villiersdorp
Dam	Cirata_Dam
Dam	Zangmu_Dam
Dam	Berdan_Dam
River	Great_Brak_River_(Eastern_Cape)
Place	Oconee_County,_South_Carolina
Dam	Jatiluhur_Dam
Dam	Amistad_Dam
Dam	Katrivier_Dam
River	Mangrove_Creek_(New_South_Wales)
Place	Ghatghar
River	Kafue_River
Country	Syria
Place	Syria
Place	Sturbridge,_Massachusetts
Place	Marion_County,_Tennessee
River	Nanya_River
Place	Mangla
Place	Keiskammahoek
Dam	Tumut_Two_Dam
Dam	Yunfeng_Dam
Dam	Pa_Sak_Jolasid_Dam
River	Barakar_River
River	Karnaphuli_River
Place	Fresno_County,_California
River	Batman_River
Place	Huambo
Place	Jamestown,_California
River	Stave_River
Place	Arkansas
Place	Samegrelo-Zemo_Svaneti
River	Bonte_River
Dam	Samanala_Dam
Place	Khyber_Pakhtunkhwa
Place	Shirakawa,_Gifu_(village)
Dam	Split_Rock_Dam
Place	Russell_County,_Kentucky
Place	Talwara
River	Sacramento_River
Dam	Tingzikou_Dam
River	San_Antonio_River_(California)
Place	Switzerland
Place	Orange,_New_South_Wales
River	White_River_(Witrivier)
Dam	Wolf_Creek_Dam
Place	Truth_or_Consequences,_New_Mexico
Place	Beaufort,_Savoie
River	Bafing_River
Place	Stellenbosch
Place	Nikiforos
River	Sweetwater_River_(California)
River	Dnieper_River
Country	Equatorial_Guinea
Dam	Bakolori_Dam
Dam	Castlereigh_Dam
River	Sebou_River
Country	Mexico
Place	Marshall_County,_Alabama
Dam	Dim_Dam
Place	Wele-Nzas_Province
Place	West_Java
Place	Shirin,_Uzbekistan
Place	KwaZulu-Natal
Dam	Starved_Rock_Lock_and_Dam
Dam	Tadami_Dam
River	Santa_Ana_River
River	Tujunga_Wash
Place	Nilka_County
Dam	Inguri_Dam
Dam	Bongolo_Dam_(South_Africa)
Place	Grand_Coulee,_Washington
River	Kubusi_River
Dam	Halabiye_Dam
River	Lishui_River
Place	Carter_County,_Tennessee
Country	Cambodia
Dam	Black_Eagle_Dam
Place	Napa_County,_California
Place	Zhob
River	La_Miel_River
Dam	Apalachia_Dam
River	Murrumbidgee_River
Place	New_York
Dam	Idukki_Dam
Dam	Upper_Svir_Hydroelectric_Station
Place	Prieska
River	Queanbeyan_River
River	Gauley_River
River	Helmand_River
Dam	Nadarivatu_Dam
Place	Yunnan
Place	Riverside_County,_California
River	Lom_River_(Cameroon)
Place	Jinchuan_County
Dam	Martin_Dam
Place	Grand_Teton_National_Park
River	Big_Walnut_Creek
River	Nabari_River
Dam	Shiyazi_Dam
Dam	Dibis_Dam
Place	Namibia
Country	Saudi_Arabia
Place	Potchefstroom
River	Kabul_River
Place	Kaiyang_County
River	Nestos_River
Place	Otjozondjupa_Region
River	Tarka_River
Dam	Aburumagawa_Dam
Place	Kaneyama,_Fukushima
Dam	Lower_Granite_Dam
Dam	Djibloho_Dam
Place	Southern_Tablelands
Dam	Stewart_Mountain_Dam
River	Jinsha_River
River	Murum_River
River	Gorgol_River
Place	Snowy_Mountains
Place	Grant_County,_Washington
Place	Heyuan
Dam	Pongolapoort_Dam
Dam	Dartmouth_Dam
Place	Gillam,_Manitoba
River	Macalister_River
Place	Anderson_County,_Tennessee
Place	Northern_Region_(Ghana)
River	Blue_River_(Colorado)
Dam	Uwada_Dam
Place	Nakhchivan_(city)
Dam	Khoda_Afarin_Dam
Dam	Eucumbene_Dam
Place	Gifu_Prefecture
Place	Stratos,_Greece
Dam	Blyderivierpoort_Dam
Dam	Bivane_Dam
Place	Cambridge,_New_Zealand
Place	Fremont_County,_Idaho
Dam	Contra_Dam
Place	Nabari,_Mie
Dam	Dez_Dam
Dam	Komaki_Dam
Place	Jizan_Region
Dam	Jackson_Lake_Dam
Dam	Ratle_Hydroelectric_Plant
River	Nakatsu_River_(Kanagawa)
Dam	Benutan_Dam
Dam	Mthatha_Dam
River	Woes-Alleen_River
River	Illinois_River
River	Zengwun_River
Country	Brunei
River	Severn_River_(New_South_Wales)
Place	Stutterheim
Place	Isabela_(province)
River	Pulangi_River
Place	Jinping_County,_Guizhou
Place	Hobhouse,_Free_State
Country	Nicaragua
Place	Rio_Arriba_County,_New_Mexico
Place	Yiling_District
Dam	Yellowtail_Dam
River	Damodar_River
Dam	Westville_Dam
Dam	Virgen_Dam
Dam	Duber_Khwar_Hydroelectric_Plant
Place	Dagestan
Place	Northern_Rivers
Place	Matagalpa_Department
Dam	Kozan_Dam
Place	Barnet,_Vermont
Place	Wayanad_district
River	Willow_Creek_(Columbia_River)
Place	Maricopa_County,_Arizona
River	Sokoto_River
Place	Higashi,_Okinawa
Place	Darbandikhan
Dam	Stave_Falls_Dam_and_Powerhouse
Country	Zambia
Place	Zambia
Dam	Menihek_Hydroelectric_Generating_Station
Place	Sanandaj
Place	Kozluk
Dam	Sanbanxi_Dam
Place	Hefeng_County
Place	Sandouping
Place	Kerala
River	Khwae_Noi_River
Place	Kohistan_District,_Pakistan
Dam	Wawushan_Dam
Place	Aetolia-Acarnania
Place	Morin_Dawa_Daur_Autonomous_Banner
Place	Texas
Place	Tak_Province
Place	Grabouw
Dam	Mullaperiyar_Dam
Dam	Jilebulake_Dam
Place	Tignes
Place	Podporozhye,_Leningrad_Oblast
River	Keiskamma_River
Dam	Pindari_Dam
Place	Toyama_Prefecture
Dam	Darunta_Dam
Dam	King_Fahad_Dam
Country	Guinea
River	Karapuzha_River
Place	Guanling_Buyei_and_Miao_Autonomous_County
Dam	Copeton_Dam
River	Tiber
Place	Orange_County,_California
Place	Peshawar
River	Itabitsu_River
Dam	Bhumibol_Dam
Dam	Seminoe_Dam
Dam	Caliraya_Dam
Country	Russia
Place	Russia
Country	Samoa
River	Wadagawa_River
Place	Mthatha
Place	Waldeck-Frankenberg
Dam	Victoria_Dam_(Sri_Lanka)
River	Raid%C4%81k_River
River	Sagami_River
Dam	Greers_Ferry_Dam
Place	Shiyan
Place	Changuinola
Place	Clay_County,_North_Carolina
Dam	Sagami_Dam
River	Waikato_River
River	Baram_River
River	Orange_River
Place	Laguna_(province)
Place	Cleburne_County,_Arkansas
Place	Sumedang
River	Great_Brak_River_(river)
Place	Kakhovka
Dam	Houziyan_Dam
River	Cudgegong_River
Country	Suriname
Place	Washington_County,_Pennsylvania
Place	Inner_Mongolia
Place	Yanaizu,_Fukushima
Place	Los_Angeles_County,_California
River	Baksan_River
River	Rokel_River
Place	Benishangul-Gumuz_Region
Dam	Melton_Hill_Dam
River	Grijalva_River
River	Mekong
Dam	Miyashita_Dam
Dam	Schluchsee
Country	Thailand
Place	Thailand
Place	Big_Horn_County,_Montana
River	Elands_River_(Olifants)
Place	Saxony-Anhalt
Dam	Magat_Dam
Dam	Khancoban_Dam
Place	Plateaux_Region,_Togo
River	Nen_River
Place	Wuchuan_Gelao_and_Miao_Autonomous_County
Place	Chagang_Province
Place	Cotu%C3%AD
Place	Doda_district
Dam	Mancotal_Dam
River	Wanquan_River
Place	Khatlon_Province
Place	Gyaca,_Tibet
River	Geum_River
Dam	Enders_Dam
Place	Zhangjiajie
Dam	Kinjo_Dam
River	Garzan_River
Dam	Danjiangkou_Dam
River	Jordan_River
Place	Andekaleka
Dam	Wadi_Qattara_Dam
River	Swampy_Plain_River
River	Botan_River
Place	Torul
Dam	Dix_Dam
Place	Australian_Capital_Territory
Dam	Shweli_I_Dam
Dam	Ghatghar_Dam
Country	Ethiopia
Dam	Bonyic_Dam
Dam	Grodno_Hydroelectric_Power_Station
Place	Hida,_Gifu
Dam	Mirani_Dam
Place	Dongfang,_Hainan
River	Svir_River
River	Sulak_River
Place	Norcasia,_Caldas
Place	Central_Province,_Sri_Lanka
Dam	Cardinia_Reservoir
Place	Rustenburg
Dam	Honna_Dam
Dam	Fort_Patrick_Henry_Dam
Dam	Boegoeberg_Dam
Place	Jharkhand
Place	San_Bernardino_County,_California
Dam	Stompdrift_Dam
River	Paranapanema_River
Dam	Bakhtiari_Dam
Place	Vilanova_de_Sau
Place	Mirmi
River	Pravara_River
Dam	Xinfengjiang_Dam
Dam	Rapide-Blanc_Generating_Station
Country	Ukraine
Place	Ukraine
Dam	Tokuyama_Dam
Place	Oregon
River	Zhougonghe_River
River	Neman_River
Dam	Rance_Tidal_Power_Station
River	Karkheh_River
River	Snowy_River
Dam	Chichester_Dam
Dam	Bull_Shoals_Dam
Place	Ar-Raqqah_Governorate
Dam	Andong_Dam
Place	Chaharmahal_and_Bakhtiari_Province
Country	Sri_Lanka
Place	Degania_Alef
River	Mahaweli_River
Place	Guangxi
Dam	Shikawa_Dam
Place	Dassu,_Khyber_Pakhtunkhwa
Dam	Kelbra_Dam
Place	Kozan,_Adana
Dam	Jilintai_I_Dam
River	Citarum_River
Dam	Ichari_Dam
Dam	Salma_Dam
Place	Teton_County,_Wyoming
Country	Greenland
Place	Garfield_County,_Washington
Dam	Hassan_II_Dam
Place	Kumano,_Mie
Place	Quebec
Place	Guangyuan
Dam	Stratos_Dam
Dam	Thomson_Dam
Country	Burma
Place	Burma
Dam	Sau_Reservoir
River	Hongshui_River
Dam	Pong_Dam
Place	Kabul_Province
River	List_of_rivers_of_Sri_Lanka
River	Chenab_River
Place	Saint_Andrew_Parish,_Jamaica
Dam	Oxkraal_Dam
Place	Sam_Ngao_District
Dam	Shasta_Dam
Dam	Pine_Flat_Dam
Dam	Oroville_Dam
Dam	Susqueda_Reservoir
Place	Teton_County,_Montana
Dam	Hume_Dam
Dam	Kwena_Dam
Country	Angola
Dam	Kentucky_Dam
River	Medjerda_River
Place	Syangja
River	Zeya_River
Place	North_Utica,_Illinois
Dam	Irkutsk_Hydroelectric_Power_Station
River	Geehi_River
Place	Rhea_County,_Tennessee
Place	Massena,_New_York
Dam	Alphen_Dam
Place	Manicouagan_Regional_County_Municipality
Dam	Katakado_Dam
Place	Dakpathar
River	Santa_Ynez_River
Dam	Suma_Park_Dam
Dam	Jounama_Dam
Dam	Arrowrock_Dam
Place	Tennessee
Dam	Alpe_Gera_Dam
River	Tons_River
Dam	Bureya_Dam
Place	Ruskin,_British_Columbia
River	Los_Angeles_River
River	Inguri_River
Place	Catalonia
Place	Mangakino
River	Paterson_River
Place	Afobaka
Place	Krati%C3%A9_Province
River	Tankwa_River
Dam	Sidi_Salem_Dam
Place	Campbell_County,_Tennessee
Dam	Alkumru_Dam
Place	Lydenburg
River	Black_Volta
Dam	Degania_Dam
Place	Hiroshima_Prefecture
Place	Nakhon_Sawan_Province
River	Soyang_River
River	Cotter_River
Place	Heping_District,_Taichung
Place	Tochigi_Prefecture
Place	Dhanbad_district
River	Brahmani_River
River	Magat_River
Place	Settat
Dam	Guangzhao_Dam
Place	Swellendam
River	Medell%C3%ADn_River
Dam	Grassridge_Dam
Dam	Lucky_Peak_Dam
Dam	Allal_al_Fassi_Dam
River	Cauca_River
River	Rio_Cobre
Dam	Ujjani_Dam
Place	Mentone,_California
Dam	Pulangi_IV_Hydroelectric_Power_Plant
Dam	Jindabyne_Dam
Place	Shasta_County,_California
Dam	Jiangpinghe_Dam
Dam	Yanaizu_Dam
River	Yuan_River
Dam	TaSang_Dam
Dam	Kanna_Dam
Dam	Capivara_Dam
Place	Ta'elefaga
River	Beas_River
Place	Nangarhar_Province
Place	Madhya_Pradesh
Dam	Garzan_Dam
River	Keisies_River
Dam	Roselend_Dam
Place	Argyll_and_Bute
Dam	Maskeliya_Dam
River	San_Luis_Creek_(California)
Dam	San_Antonio_Dam
Place	Haskell_County,_Oklahoma
Dam	Machadinho_Hydroelectric_Power_Plant
Place	Sullivan_County,_Tennessee
Place	Brisbane
Place	Baxter_County,_Arkansas
River	Harts_River
Dam	Brandvlei_Dam
Dam	Vilyuy_Dam
Place	California
Dam	Lake_Arthur_Dam
Dam	Little_Falls_Dam
Dam	Corin_Dam
Dam	Willow_Creek_Dam_(Oregon)
Dam	Merikoski_Power_Plant
Place	La_Yesca
River	Connecticut_River
River	Lower_Brandvlei_River
Place	Rifaina
River	Oxkraal_River
Dam	Narude_Dam
River	Volta_River
Dam	Salime_Reservoir
Country	Jamaica
Country	Malaysia
Dam	Vaal_Barrage
Dam	Shahid_Rajaee_Dam
Dam	Cotter_Dam
Place	Mercer_County,_Kentucky
Place	Beni_Mellal
Place	Ibi_District,_Gifu
Dam	Meghri_Dam
Place	Zixing
Dam	Pickwick_Landing_Dam
Dam	Ma'an_Dam
Dam	Hanabanilla_Dam
Dam	Three_Gorges_Dam
River	Missouri_River
Dam	Oberon_Dam
Dam	Gove_Dam
River	Yangtze
Dam	O'Neill_Dam
River	Cardinia_Creek
Place	Va'a-o-Fonoti
Place	Whitman_County,_Washington
Country	Colombia
Place	West_Gippsland
Place	Bumbuna
Dam	Baglihar_Dam
Dam	Dnieper_Hydroelectric_Station
Dam	Baram_Dam
River	Chichester_River
Dam	Nierji_Dam
River	Dajia_River
Dam	Bhote_Koshi_Power_Plant
Country	Israel
Place	Lawrence_County,_Alabama
Place	Hotan_County
Place	Nasinu
Dam	Panjiakou_Dam
Dam	Silin_Dam
Dam	Okurodani_Dam
River	Manicouagan_River
Place	Kingsport,_Tennessee
Dam	Santiago_Dam
Dam	Taki_Dam
Place	Zhangye
Dam	Rockview_Dam
River	Nanuku_River
Dam	Bhakra_Dam
Country	Finland
Place	Aveyron
Place	Saint_Catherine_Parish
Place	Hadrut_Province_(NKR)
Place	Kirkuk_Governorate
River	Achelous_River
Dam	Wuluwati_Dam
River	Shimokotori_River
Dam	Otori_Dam
River	Komani_River
Place	Shimian_County
Place	Numata,_Gunma
River	Hiwassee_River
Place	Jabrayil_District
Place	Herat_Province
Place	Surobi_District_(Kabul)
Place	Centerville,_Washington_County,_Pennsylvania
Place	Hesse
Place	Foum_Gleita
Dam	Mangla_Dam
Place	Nadroga-Navosa_Province
Dam	Boskop_Dam
Dam	Spitskop_Dam
Dam	Gongboxia_Dam
Country	Indonesia
Place	Kin,_Okinawa
Place	South_West_Slopes
Place	Idukki_district
River	American_River
Place	Haut-Ogoou%C3%A9_Province
Dam	Bhimgoda_Barrage
Dam	Lower_Svir_Hydroelectric_Station
Dam	Hoover_Dam_(Ohio)
Place	Klickitat_County,_Washington
Dam	Karapiro_Power_Station
Place	Little_Falls,_Minnesota
Place	San_Juan_Province,_Argentina
Dam	Sangtuda_2_Hydroelectric_Power_Plant
River	Sogamoso_River
Place	Kayes_Region
Place	Miyazaki_Prefecture
River	Syr_Darya
Place	San_Bernardino_National_Forest
Dam	Tsukabaru_Dam
Place	Helmand_Province
Place	Zhenfeng_County
Dam	Okukubi_Dam
Dam	Los_Caracoles_Dam
Place	Ontario
Dam	Red_Rock_Dam_(Iowa)
Dam	John_Day_Dam
River	Moulouya_River
Dam	Clanwilliam_Dam
Place	Qianxi_County,_Hebei
Country	Japan
Place	Japan
Dam	Tokwe_Mukorsi_Dam
Dam	Sangtuda_1_Hydroelectric_Power_Plant
River	Tule_River
Place	Clearwater_County,_Idaho
River	Eucumbene_River
Dam	Spring_Creek_Dam_(New_South_Wales)
Place	Valley_County,_Idaho
Place	Dahua_Yao_Autonomous_County
River	Duber_Khwar_River
Dam	Hongshi_Dam
River	Bushman's_River
Place	Sartell,_Minnesota
Place	Oroville,_California
Dam	Itezhi-Tezhi_Dam
Dam	Carcoar_Dam
Place	Danjiangkou
River	Bakhtiari_River
River	Second_Songhua_River
Dam	Tankeng_Dam
Place	Mishima,_Fukushima
Dam	Saguling_Dam
Place	Sondrio
River	Tsomo_River
Place	Balochistan,_Pakistan
River	Dim_River
Country	Cuba
Dam	Huanglongtan_Dam
Place	Hofmeyr
Dam	Dongfeng_Dam
River	North_Fork_Clearwater_River
River	Gongxi_River
Place	North_West_(South_African_province)
Place	La_Tuque,_Quebec
Place	Whittlesea,_Eastern_Cape
Dam	Tilaiya_Dam
Dam	Binga_Dam
Country	Argentina
Place	Pathankot
Country	Azerbaijan
Dam	Al_Massira_Dam
Dam	Pietersfontein_Dam
River	Elands_River_(Western_Cape)
River	Vohitra_River
River	Glenelg_River_(Victoria)
Country	Pakistan
Place	Pakistan
River	Vakhsh_River
Dam	Darlington_Dam
Dam	Pinet_(power_station)
Place	McIntosh_County,_Oklahoma
River	Canadian_River
River	Mooi_River_(Vaal)
Place	Aizubange,_Fukushima
Place	Madera_County,_California
Place	Brong-Ahafo_Region
River	Boise_River
Place	Qingzhen
Place	Teldeniya
Place	Monterey_County,_California
Dam	Shwegyin_Dam
River	Kehelgamu_Oya
River	San_Juan_River_(Argentina)
Place	Macarthur_(New_South_Wales)
Dam	Nahoon_Dam
Place	San_Juan,_Argentina
Dam	Wagendrift_Dam
River	Kashgar_River
River	Bighorn_River
Place	Namhkam_(Shan_State)
River	North_Platte_River
Country	Taiwan
Place	Taiwan
River	Togawa_River
Dam	Loskop_Dam
River	Kat_River
River	Little_Red_River_(Arkansas)
Place	Southbridge,_Massachusetts
Place	Kanchanaburi_Province
Place	Ramon,_Isabela
Place	Khomarlu
Dam	Afulilo_Dam
River	Shwegyin_River
River	Olifants_River_(Limpopo)
Place	Hardin_County,_Tennessee
River	Sh%C5%8D_River
Place	Pickens_County,_South_Carolina
Place	Guangzhao
Place	Zeya,_Russia
Place	Tutong_District
Place	Chishti_sharif_District
Place	Benguet
Place	Province_of_Terni
Place	Alabama
Place	Itogon,_Benguet
Dam	Votkinsk_Hydroelectric_Station
Dam	Kajaki_Dam
River	Campbells_River
River	Leeu_River
Country	Armenia
Dam	Friant_Dam
River	Wollondilly_River
Place	Summit_County,_Colorado
Place	Carbon_County,_Wyoming
Place	Kalene_Hill
Country	Turkey
Place	Turkey
River	Verzasca_River
Dam	Sanmenxia_Dam
Country	United_States
Place	United_States
Place	Chiapas
Country	Kabardino-Balkaria
River	Vilyuy_River
Dam	Ranjit_Sagar_Dam
Dam	Tala_Hydroelectric_Power_Station
River	Beipan_River
Place	Remscheid
Place	Mpumalanga
River	Gila_River
Place	Melbourne
River	Jialing_River
Dam	Shorenji_Dam
Country	Gabon
Dam	Warsak_Dam
Place	Chungju
Dam	Srinagarind_Dam
Place	Marion_County,_Arkansas
Dam	Von_Bach_Dam
Dam	Navajo_Dam
Place	Montana
River	Colorado_River
Place	Minnesota
Place	Asturias
River	San_Joaquin_River
Place	Wellington,_New_South_Wales
Dam	Tignes_Dam
Place	Solina,_Poland
Dam	Zengamina
Country	Australia
Place	Australia
Dam	Yenice_Dam
Place	Ticino
Dam	Atasu_Dam
Place	Phatthana_Nikhom_District
Place	Sh%C5%8Dkawa,_Gifu
Place	Morioka,_Iwate
Place	'Asir_Region
River	Hino_River
Place	Rangamati_Hill_District
River	Kalakashi_River
Place	Khuzestan_Province
River	Swakop_River
Place	Danghara_District
River	Monongahela_River
River	Bao_River
River	San_Gabriel_River_(California)
River	Manilla_River
Place	Manpo
River	Ibi_River
River	Du_River
River	Volga_River
Place	Qinghai
Place	Queenstown,_Eastern_Cape
River	Mississippi_River
Dam	Grand_Poubara_Dam
Dam	New_Exchequer_Dam
Place	Yenice,_Nall%C4%B1han
Place	Bertoua
Dam	Enoggera_Dam
Place	Mazandaran_Province
Place	Mali
Dam	Craigie_Burn_Dam
Dam	Coolidge_Dam
Dam	Bin_el_Ouidane_Dam
Place	Homs_Governorate
Place	Chasong_County
Place	Livingston_County,_Kentucky
Dam	Gezhen_Dam
Country	Morocco
Dam	Dasu_Dam
River	Bailong_River
Country	Madagascar
Dam	Foum_Gleita_Dam
Dam	Bao-Tavera_Dams
Dam	Gibson_Dam
River	Kama_River
River	Bhima_River
Dam	Marathon_Dam
Place	Northern_Cape
Country	Zimbabwe
Place	Zimbabwe
Place	Elmore_County,_Idaho
Place	Kremenchuk
River	Agno_River
Dam	Sepulveda_Dam
Place	Arzni
River	Is%C3%A8re_(river)
Dam	Techi_Dam
Dam	O'Shannassy_Reservoir
Dam	Ben_Chifley_Dam
Dam	Chatuge_Dam
Place	Brittany
River	Wag_Water_River
River	Tajan_River
Dam	Jean-Lesage_generating_station
Dam	Baishan_Dam
River	Karun
Country	South_Africa
Place	Bikou
Dam	Tooma_Dam
Place	Bilaspur_district,_Himachal_Pradesh
Country	Philippines
Place	Nigeria
Dam	Isawa_Dam
Dam	Florentino_Ameghino_Dam
River	Clearwater_River_(Idaho)
Country	Fiji
Dam	Lubisi_Dam
River	Bureya_River
River	Kings_River_(California)
Dam	Elephant_Butte_Dam
Dam	Jericho_Dam
Dam	Tsubawara_Dam
River	Vaal_River
River	Bhote_Koshi
Dam	Rio_Cobre_Dam
River	Snake_River
Place	Westerville,_Ohio
Dam	East_Brimfield_Dam
Dam	Thisavros_Dam
Dam	Wadagawa_Dam
Dam	Albert_Falls_Dam
River	O'Shannassy_River
Place	Uitenhage
Dam	Garafiri_Dam
Place	Middelburg,_Mpumalanga
Place	Bandung
Dam	Volkhov_Hydroelectric_Station
River	Mnyamvubu_River
Dam	Bikou_Dam
Place	Sari,_Iran
Country	Afghanistan
River	Changhua_River
Dam	Jocassee_Dam
Place	Porecatu
River	Togagawa_River
Place	Poldasht
River	Nan_River
Country	North_Korea
Place	North_Korea
Place	San_Fernando_Valley
River	Agua_Fria_River
Dam	Grootdraai_Dam
River	Putah_Creek
Place	Cherokee_County,_North_Carolina
River	Merced_River
Place	Mariposa_County,_California
Country	Bangladesh
River	Megdovas
Place	Central_Coast_(New_South_Wales)
Dam	Punta_Negra_Dam
River	Dez_River
Dam	Nangbeto_Dam
River	Eder
Place	Great_Falls,_Montana
Place	Meghri
Dam	Douglas_Dam
Place	Asturias,_Nicaragua
River	Panlong_River
Place	Silopi
River	Tennessee_River
Dam	Ohara_Dam
Place	Masvingo
Dam	Sirikit_Dam
Dam	Matanoagawa_Dam
River	Blue_Nile
Place	Habahe_County
River	Columbia_River
Country	Georgia_(country)
Place	Qingtian_County
Place	Ji'an,_Jilin
Place	Maramag,_Bukidnon
Place	Susqueda
Place	Marion_County,_Iowa
River	Nahoon_River
Dam	Chao_Phraya_Dam
Dam	O'Shaughnessy_Dam_(California)
Place	Tibet_Autonomous_Region
Place	San_Juan_County,_New_Mexico
Dam	Boone_Dam
Dam	Moses-Saunders_Power_Dam
Place	Naitasiri_Province
River	Navia_(river)
Place	Lewis_and_Clark_County,_Montana
Place	Ginoza,_Okinawa
Place	Chuncheon
Dam	Elandskloof_Dam
Dam	Chirkey_Dam
River	Tuolumne_River
Country	France
River	Frenchman_Creek
Dam	Sartell_Dam
Dam	Burrendong_Dam
Dam	Tishrin_Dam
River	Sutlej
Dam	Fort_Loudoun_Dam
Dam	Zhiguli_Hydroelectric_Station
Place	Merced_County,_California
Place	Kitulgala
Place	Marshall_County,_Kentucky
River	Nakdong_River
Place	Fukushima_Prefecture
Dam	Maraetai_Power_Station
Place	Leningrad_Oblast
River	Indus_River
Place	Folsom,_California
Place	Haridwar
Dam	Lake_Parramatta
Dam	Churchill_Falls_Generating_Station
Place	Kech_District
River	Cataract_River_(Wollondilly)
Place	Siirt
Place	Irkutsk_Oblast
Dam	Island_Bend_Dam
River	Aras_River
River	Cimanuk_River
Dam	Jaguara_Dam
Place	Washington_County,_Tennessee
River	Murray_River
River	Little_Zab
Place	Grodno
Dam	Canyon_Ferry_Dam
Dam	Hellsgate_Dam
Place	Villa_Clara_Province
Place	Ya'an
Place	Sevier_County,_Tennessee
Country	Panama
Dam	Seven_Oaks_Dam
Place	San_Miguel_County,_New_Mexico
River	Benutan_River
Place	Coulee_Dam,_Washington
Dam	Norris_Dam
Dam	Toga_Dam
Place	Sughd_Province
Place	Pianguan_County
River	Sundays_River
Dam	Windamere_Dam
Place	Ifugao
Dam	Ebenezer_Dam
Place	Balochistan
River	Dadu_River_(Sichuan)
Country	China
Place	China
Dam	Hungry_Horse_Dam
Dam	Lom_Pangar_Dam
Dam	Tehri_Dam
Dam	Narva_Hydroelectric_Station
Dam	Togagawa_Dam
River	Isawa_River
Dam	Monasavu_Dam
Dam	Googong_Dam
Place	Eastern_Cape
River	Salt_River_(Arizona)
Place	Ceres,_Western_Cape
Place	San_Diego_County,_California
Dam	Gosho_Dam
River	Dong_River_(China)
River	Volkhov_River
River	Warragamba_River
Dam	Akosombo_Dam
Place	Sarawak
Country	Ghana
Place	Ghana
River	Wu_River_(Yangtze_River_tributary)
River	Angara_River
Dam	Arzni_Hydro_Power_Plant
River	Rio_Grande
Dam	Bendora_Dam
Place	Fayette_County,_Pennsylvania
Country	Iran
Place	Iran
Country	Iraq
Place	Iraq
Dam	Gavoshan_Dam
Place	Taichung_County
Place	Idaho
Dam	Boschmanskop_No_1_Dam
Place	Cangxi_County
Dam	Taipingwan_Dam
Place	Dandong
Place	Santiago_Province_(Dominican_Republic)
Place	Sant_Hilari_Sacalm
Place	Columbia_Falls,_Montana
Place	Sefrou
Dam	Shimokotori_Dam
Place	Sudan
River	Khwae_Yai_River
Dam	New_Melones_Dam
Dam	Barra_Grande_Hydroelectric_Power_Plant
Dam	Grand_Coulee_Dam
Place	Fukuyama
Place	Fukuoka_Prefecture
Place	Sindhulpalchok_District
Place	Lorestan_Province
Dam	Kantale_Dam
Place	Stave_Falls,_British_Columbia
Dam	Wanjiazhai_Dam
Place	Guangzhou
Dam	Weiyuan_Dam
Dam	Geehi_Dam
Dam	Wheeler_Dam
Dam	Aras_Dam
Place	Azad_Kashmir
Place	Trasona
River	Houku_River
Place	Zhigulyovsk
Place	Pennsylvania
Dam	Loch_Sloy_Hydro-Electric_Scheme
Dam	Ituango_Dam
Dam	Indirasagar_Dam
Place	Naha,_Okinawa
River	Dix_River
Dam	Green_Mountain_Reservoir
Dam	Boguchany_Dam
Place	Celso_Ramos
Country	Bhutan
Place	Angul_district
River	Diyala_River
Place	Kajaki_District
Dam	Pejar_Dam
River	Tone_River
Place	Mae_Wong_District
Country	Spain
Dam	Soyang_Dam
Place	Ivangorod
Place	Riverina
Country	Uzbekistan
Place	Iwate_Prefecture
Place	Solapur_district
Dam	Lijiaxia_Dam
River	Bronkhorst_Spruit
Dam	Morris_Dam
Place	White_River,_Mpumalanga
Dam	Kaptai_Dam
Dam	Yantan_Dam
Dam	Tabqa_Dam
Place	North_Rhine-Westphalia
Place	Spanish_Town
Dam	Monticello_Dam
Dam	Keepit_Dam
Place	Summersville,_West_Virginia
Place	Tonami,_Toyama
River	Sun_River
River	Hex_River_(Elands_River)
Place	Iowa
Country	Canada
Place	Canada
Place	Shwegyin_Township
Dam	Longshou_II_Dam
Place	Elmore_County,_Alabama
Place	South_Carolina
Place	Meigs_County,_Tennessee
Dam	Suofengying_Dam
Dam	Watauga_Dam
Place	Irkutsk
Dam	Kariba_Dam
Place	Central_West_(New_South_Wales)
Dam	Lostock_Dam
Dam	Chungju_Dam
Dam	Eschbach_Dam
Dam	Blowering_Dam
River	Konings_River
Dam	Imaichi_Dam
Dam	Ishibuchi_Dam
Place	Longchuan_County,_Guangdong
Dam	Bui_Dam
Place	Aligudarz_County
Place	Ibigawa,_Gifu
River	Per_Aru
Place	Borneo
Place	Banswara
Dam	Nottely_Dam
Dam	Porce_III_Dam
River	Rapid_Creek_(South_Dakota)
Dam	Watts_Bar_Dam
Place	Uttaradit_Province
River	Klipplaat_River
Dam	Al-Rastan_Dam
Place	Corbara_(Terni)
Dam	Glenmaggie_Dam
Place	Kimberley,_Northern_Cape
River	Woronora_River
Place	Batman,_Turkey
River	Shweli_River
Place	Lauderdale_County,_Alabama
Place	Bukidnon
Place	Ada_County,_Idaho
River	Charadros
Place	Jalalabad
River	Oum_Er-Rbia_River
Place	Sydney
Dam	Broadlands_Dam
Dam	Pengshui_Dam
River	Cormor
Place	Yeruham
Dam	Baath_Dam
River	Ravi_River
Place	Estcourt
Place	Testour
Dam	Frank_D._Comerford_Dam
Place	Baksansky_District
Dam	Anderson_Ranch_Dam
Place	Sanmenxia
Dam	Kremenchuk_Hydroelectric_Power_Plant
Dam	Toonumbar_Dam
Place	Al-Rastan
Dam	Bumbuna_Dam
River	Fish_River_(Oberon)
Dam	Baozhusi_Dam
Dam	Burrinjuck_Dam
Dam	Gosling_Creek_Dam
Place	Sherman_County,_Oregon
River	Klip_River
Place	Uonuma,_Niigata
Place	Chukha_District
Place	Mie_Prefecture
River	Oulujoki
Place	Islamabad
Dam	Torul_Dam
Place	Pennington_County,_South_Dakota
River	Hezil_Suyu
Dam	Warragamba_Dam
Dam	Dahuashui_Dam
Place	Nadarivatu_District
Dam	Guntersville_Dam
Place	Vryheid
Place	Osor,_Girona
Place	Balangoda
Dam	Waterdown_Dam
Dam	Gibraltar_Dam
Place	Kodinsk
Place	Shaanxi
River	San_Juan_River_(Colorado_River)
Dam	Klipberg_Dam
Dam	Maroondah_Dam
Dam	Hatogaya_Dam
Place	Sichuan
Place	Cornwall,_Ontario
Country	Belarus
Place	Central_Tablelands
Place	Ituango
River	Sigatoka_River
Place	K%C5%8Dfu,_Tottori
Dam	Darbandikhan_Dam
Place	Zaporizhia
Dam	Shogawa_Goguchi_Dam
River	Mthatha_River
Dam	Wolwedans_Dam
Place	Akosombo
Dam	Folsom_Dam
River	Yuna_River
River	Pongola_River
River	Wele_River
Place	Qionghai
River	Gwydir_River
Dam	Rocklands_Reservoir
Place	Mundi
Dam	Happy_Jacks_Dam
Place	Loudon_County,_Tennessee
Dam	Mantasoa_Dam
Place	Umbria
Dam	Grahamstown_Dam
River	Soan_River
Country	Mauritania
River	Namhan_River
River	Ruo_Shui
Dam	Plastiras_Dam
Country	Greece
River	Viejo_River
Place	Barkam_County
River	Pelotas_River
Dam	Panchet_Dam
Place	Union_County,_Georgia
Place	Limpopo
Place	Stony_Hill,_Jamaica
River	Rio_Grande_(Paran%C3%A1_River)
Place	Far_Eastern_Federal_District
Place	Hunter_Region
River	French_Broad_River
River	Yalu_River
Place	Shardara_District
River	Churchill_River_(Atlantic)
Dam	Daguangba_Dam
Dam	Bronkhorstspruit_Dam
River	Ogoou%C3%A9_River
River	Tadami_River
Dam	Sweetwater_Dam
Place	Jainca_County
Place	Malipo_County
Dam	Eufaula_Dam
River	Mpama_River
Place	Wimmera
Dam	Qorlortorsuaq_Dam
Dam	Hermitage_Dam
River	Palmiet_River
River	Dasht_River
River	Qingshuihe_River
Place	Chubut_Province
Place	Daejeon
River	Varahina-North_River
Dam	South_Holston_Dam
Dam	Sambor_Dam
River	Groot_Letaba_River
Dam	Yulongyan_Dam
Country	Senegal
Place	Mantasoa
Dam	Fujiwara_Dam
River	Narva_River
Place	Kanagawa_Prefecture
River	Hanabanilla_River
Country	Poland
River	Liuxihe_River
Place	Baysh
Dam	Banieya_Dam
River	Ping_River
Country	Nepal
Dam	Karun-4_Dam
Place	New_Mexico
River	Kamo_River
River	Off-stream_reservoir
Dam	Batman_Dam
Dam	Nanhua_Dam
Place	Seymour,_Eastern_Cape
Dam	Grand_Ethiopian_Renaissance_Dam
Place	Merowe,_Sudan
Place	East_Azerbaijan_Province
Dam	Fengtan_Dam
River	Berdan_River
Place	Sinuiju
Place	Si_Sawat_District
River	Sakarya_River
River	Buffeljags_River
River	Teton_River_(Idaho)
Dam	Dagangshan_Dam
Place	Kaptai_Upazila
Dam	Fort_Peck_Dam
Place	Volkhov
River	Tumut_River
Dam	Guthega_Dam
Place	Bago_Region
Place	Rio_Grande_do_Sul
River	Tallapoosa_River
River	Namoi_River
Dam	Success_Dam
Place	Trabzon
River	Des_Moines_River
River	Nelson_River
Dam	Fengshuba_Dam
Dam	La_Yesca_Dam
River	Stanislaus_River
River	Feather_River
Dam	Dworshak_Dam
Place	Marathon,_Greece
River	Maskeliya_Oya
Place	Jvari_(town)
Place	Gila_County,_Arizona
Dam	Conchas_Dam
Place	Marmaris
Place	Washington_(state)
Dam	Jinanqiao_Dam
River	Samou_River
Dam	Marmaris_Dam
Dam	Tantangara_Dam
River	Brahmaputra_River
Dam	Hinachi_Dam
Place	Oyala
Dam	Boise_River_Diversion_Dam
River	Macquarie_River
Place	Shogawa,_Toyama
Place	Illinois
Dam	Seimare_Dam
Place	Sirdaryo_Province
Place	De_Rust
Dam	Manantali_Dam
River	South_Fork_Flathead_River
River	Crocodile_River_(Mpumalanga)
Place	Acu%C3%B1a_Municipality
Place	Azusa,_California
Dam	Shatuo_Dam
River	Hari_River,_Afghanistan
Dam	Carbon_Canyon_Dam
Country	Cameroon
River	Santiago_Creek
Dam	Dongqing_Dam
River	Bonyic_River
River	Euphrates
Place	Alanya
River	Indwe_River
Dam	Shiroyama_Dam
Place	Carcoar,_New_South_Wales
Place	Corvera_de_Asturias
Place	Guiyang
Dam	Chardara_Dam
River	Carbon_Canyon_Creek
Dam	Mangrove_Creek_Dam
