#class	isLiteral
Tudor_Revival_architecture	false
Miller_Hall_(Waynesburg_University)	false
Heathsville,_Virginia	false
Abbeville_County_Courthouse	false
C._Herrick_Hammond	false
J._Frederick_Kelly	false
Brown_Hotel_(Louisville,_Kentucky)	false
Clinton_Public_Library	false
John_T._Blair	false
United_States_Post_Office_(Lake_Placid,_New_York)	false
Plumbush	false
Old_Lakeland_High_School	false
Winchendon,_Massachusetts	false
Ralph_Modjeski	false
Casa_Oppenheimer	false
North_Adams,_Massachusetts	false
Ohio	false
Ely_Jacques_Kahn	false
The_Octagon_House	false
Walker_&_Gillette	false
Auburn_(Natchez,_Mississippi)	false
Lorimer_Rich	false
Renaissance_Revival_architecture	false
Fort_Worth,_Texas	false
Joseph_and_Lucy_Foster_Sexton_House	false
Northwest,_Washington,_D.C.	false
Marble_Collegiate_Church	false
Wirt_C._Rowland	false
Apex_Union_Depot	false
St._Matthew's_Cathedral_(Laramie,_Wyoming)	false
Haines_City,_Florida	false
Jamaica,_Queens	false
Gothic_architecture	false
Burk_Burnett_Building	false
Lancaster,_Massachusetts	false
Unity_Chapel	false
Carlton_(Falmouth,_Virginia)	false
Fort_Greene_Historic_District	false
Ralph_Adams_Cram	false
Pioneer_and_Endicott_Buildings	false
Balmville,_New_York	false
Ohio_Theatre_(Lima,_Ohio)	false
Church_of_the_Holy_Communion,_Episcopal	false
Joaquin_Miller	false
William_Warren_Sabin	false
Adrian,_Michigan	false
New_Castle,_Delaware	false
Missouri_Theater_and_Missouri_Theater_Building	false
Henry_M._Francis	false
Natchez,_Mississippi	false
Larkin_House	false
Red_Wing,_Minnesota	false
Glenside,_Pennsylvania	false
Grace_Church_(Manhattan)	false
Woodgrove	false
Edwardsville_Chapter_House	false
Westhope	false
G._Albert_Lansburgh	false
House_at_3_Crown_Street	false
Charles_Crapsey	false
Ogle_County_Courthouse	false
Aztec_Hotel	false
Betty_Willis	false
Harry_Packer_Mansion	false
W.G._Wilkins_Company	false
Walterboro,_South_Carolina	false
Philip_Embury	false
Standedge	false
Henry_Austin_(architect)	false
Glenn_Brown_(architect)	false
United_States_Post_Office_and_Courthouse_(Meridian,_Mississippi)	false
Solomon_D._Chase	false
Brunswick_County_Courthouse_Square	false
Auburn,_New_York	false
San_Marino,_California	false
Zane_Grey_Estate	false
Maryland	false
University_of_Oregon	false
Johnson_Hall_(Eugene,_Oregon)	false
Lord_&_Burnham	false
Hartwell_and_Richardson	false
United_States_Post_Office_(Tonawanda,_New_York)	false
Joliet,_Illinois	false
California_Hall	false
Neoclassical_architecture	false
Nathaniel_Dryden	false
Harry_W._Wachter	false
Miss_Willie's_House	false
Joseph_H._Brown_Elementary_School	false
Egyptian_Theatre_(DeKalb,_Illinois)	false
Calvin_Pollard	false
E._Tucker_Carlton	false
Ojai,_California	false
Old_Hendry_County_Courthouse	false
Legg_House_(Bloomington,_Indiana)	false
Litchfield,_Minnesota	false
James_M._McMichael	false
Canandaigua_(city),_New_York	false
New_Haven,_Connecticut	false
Villa_Verde_(Pasadena,_California)	false
Russell_Mills_(architect)	false
Ernest_Sanson	false
DeKalb,_Illinois	false
J._P._McKee_Lustron_House	false
Henry_Franklin_Kilburn	false
Old_Marine_Hospital	false
Summit_Avenue_(St._Paul)	false
Montopolis_Bridge	false
St._Armand,_New_York	false
Plattsburgh_(city),_New_York	false
Oxford_House_(Grand_Forks,_North_Dakota)	false
Clinton,_Iowa	false
Plaza_Hotel_(El_Paso,_Texas)	false
Altadena,_California	false
Eugene_T._Heiner	false
John_S._Baker_House	false
Richard_Henry_Dana,_Jr.	false
William_Halsey_Wood	false
Joaquin_Miller_Cabin	false
Goleta,_California	false
South_Huntingdon_Township,_Westmoreland_County,_Pennsylvania	false
Frank_Lloyd_Wright	false
Louis_Charles_Page	false
Bain_Commercial_Building	false
Saint_Mary_of_Good_Counsel_Catholic_Church_(Adrian,_Michigan)	false
Reliance_Building	false
Katherine_Emery_Estate	false
Arts_and_Crafts_movement	false
Founder's_Hall_(Lancaster,_Massachusetts)	false
Southwest,_Washington,_D.C.	false
Cleveland	false
Longfellow,_Alden_&_Harlow	false
Mifflin_E._Bell	false
Mayan_Revival_architecture	false
Boller_Brothers	false
Portland,_Oregon	false
Carolands	false
Ottumwa_City_Hall	false
Virginia_Bank_and_Trust_Building	false
Eggers_&_Higgins	false
Ohio_State_Reformatory	false
Forest_City,_North_Carolina	false
First_Unitarian_Church_of_Omaha	false
Charleston,_South_Carolina	false
Falmouth,_Virginia	false
Arthur_J._Dunham_House	false
Swanton_(village),_Vermont	false
Immaculate_Conception_Catholic_Church_(Celina,_Ohio)	false
Charles_N._Agree	false
Marine,_Illinois	false
Empire_Building_(Manhattan)	false
Milton_Armory	false
Fairfield_County_Courthouse_(Bridgeport,_Connecticut)	false
Hicksville,_Ohio	false
Eisenhower_Executive_Office_Building	false
Myron_Hunt	false
Washington,_D.C.	false
Manhattan	false
Nast_Trinity_United_Methodist_Church	false
Chambers_Street_(Manhattan)	false
Philadelphia	false
John_G._Haskell	false
Frederick_Law_Olmsted	false
Washington,_New_York	false
Grey_Towers_Castle	false
Thomas_Jefferson	false
Dawson_County_Courthouse_(Nebraska)	false
Cairnwood	false
Saint_Benedict_Joseph_Labre_Church_(Queens)	false
United_States_Post_Office-Springville_Main	false
Mobile,_Alabama	false
The_Birches_(Garrison,_New_York)	false
Apex,_North_Carolina	false
Lent_Cottage	false
Douglas_Orr	false
Charles_A._Miller_House	false
French_Colonial	false
Alfredo_Wiechers_Pieretti	false
Columbus_Park_(Chicago)	false
Frederick_C._Sauer	false
Jasper,_Texas	false
First_United_Methodist_Church_(London,_Ohio)	false
Peabody_School_(Eastman,_Georgia)	false
Adams_County_Courthouse_(North_Dakota)	false
North_Elba,_New_York	false
Clermont,_New_York	false
Aberdeen_City_Hall	false
Neely-Sieber_House	false
Nevada_City,_California	false
Dionicio_Rodriguez	false
Free_Public_Library_of_Petaluma	false
Grass_Valley,_California	false
Harry_Duncan	false
Regency_architecture	false
Youngerman_Block	false
Elmer_E._Dunlap	false
Uptown_Theater_(Philadelphia)	false
Barr_Hotel	false
Horace_Trumbauer	false
Wyoming,_Ohio	false
Meridian_City_Hall	false
Twelfth_Street_YMCA_Building	false
Saranac_Lake,_New_York	false
Prentis_Building_and_DeRoy_Auditorium_Complex	false
Seaside_Institute	false
William_R._Cotter_Federal_Building	false
Plymouth_Congregational_Church_(Lawrence,_Kansas)	false
Claverack-Red_Mills,_New_York	false
Mendocino,_California	false
Oak_Park,_Illinois	false
Venice,_Los_Angeles	false
Holy_Trinity_Church_(Central_Falls,_Rhode_Island)	false
Delphi,_Indiana	false
Thomas_P._Barber	false
Lockport_(city),_New_York	false
Petaluma,_California	false
Purcell_&_Elmslie	false
Yonkers,_New_York	false
Carlisle_Armory_(Carlisle,_Pennsylvania)	false
Charles_W._Noyes_House	false
Modern_architecture	false
Barnett,_Haynes_&_Barnett	false
Automobile_Club_of_Buffalo	false
Robert_W._Gibson	false
Queen_Anne_style_architecture	false
Austin,_Nevada	false
Barker_&_Nourse	false
Florida	false
William_Foster_(Iowa_architect)	false
St._John_Chrysostom_Church_(Delafield,_Wisconsin)	false
Gothic_Revival_architecture	false
Dr._William_Gifford_House	false
Art_Nouveau	false
Adolf_Cluss	false
Milton,_Pennsylvania	false
Prairie_du_Chien,_Wisconsin	false
Churrigueresque	false
Walter_Gropius	false
Sewickley_Township,_Westmoreland_County,_Pennsylvania	false
Theodore_Baird_Residence	false
Greenville,_Indiana	false
A._P._Johnson_House	false
St._Anthony's_Church_and_School_(Cedar_Rapids,_Nebraska)	false
Stephen_Decatur_Hatch	false
R._Stanley_Brown	false
Cray_House_(Stevensville,_Maryland)	false
Highland_Park,_Illinois	false
Hawkins_House_(Reno,_Nevada)	false
Barnard_College	false
Menominee_County_Courthouse	false
New_York_Avenue_(Washington,_D.C.)	false
Bremo_Bluff,_Virginia	false
Florence,_Arizona	false
United_States_Customhouse_(New_Bedford,_Massachusetts)	false
Defiance,_Ohio	false
Monterey_Colonial_architecture	false
Massachusetts	false
William_Hull	false
Madison_Avenue	false
Fort_Monroe	false
First_Bay_Tradition	false
Bethesda,_Maryland	false
Oskaloosa,_Iowa	false
Normal_School_for_Colored_Girls	false
North_Carolina	false
Helfensteller,_Hirsch_&_Watson	false
Delta,_Colorado	false
Erie_Armory	false
Chestertown,_Maryland	false
Ponce,_Puerto_Rico	false
William_Tubby	false
McClusky,_North_Dakota	false
Clarence,_New_York	false
Abbeville,_South_Carolina	false
Anthony_and_Caroline_Isermann_House	false
Richard_M._Upjohn	false
Charles_C._Haight	false
R._H._Robertson	false
Sanford_Grammar_School	false
William_Rudolf_O'Donovan	false
Phillip_W._Roos	false
University_of_Pennsylvania	false
Ottawa,_Ohio	false
Winona,_Minnesota	false
Ramey_House	false
First_Baptist_Church_(Cambridge,_Massachusetts)	false
Stiles_O._Clements	false
Massachusetts_Avenue_(Washington,_D.C.)	false
Portsmouth,_New_Hampshire	false
San_Antonio_Municipal_Auditorium	false
Blas_C._Silva_Boucher	false
Locust_Grove_(Samuel_F._B._Morse_House)	false
Harvey_P._Sutton_House	false
Nevada	false
Pennypack_Park	false
Cooperstown,_New_York	false
William_and_Ann_Bringhurst_House	false
North_Star_House_(Grass_Valley,_California)	false
Nebraska	false
Pythian_Castle_(Portsmouth,_Virginia)	false
Punxsutawney,_Pennsylvania	false
Kaysville,_Utah	false
Albion_(village),_New_York	false
Towson,_Maryland	false
William_Montgomery_House_(Lancaster,_Pennsylvania)	false
Glencoe,_Illinois	false
MacDougal-Sullivan_Gardens_Historic_District	false
Camp-Woods	false
Nelsonville,_New_York	false
Rice's_Hotel	false
Benton_County_Courthouse_(Arkansas)	false
Josephine_M._Hagerty_House	false
Louisiana	false
Waterbury,_Connecticut	false
Kenosha,_Wisconsin	false
Rhinebeck_(village),_New_York	false
Wytheville,_Virginia	false
Murdock_School	false
Trinity_Episcopal_Church_(Litchfield,_Minnesota)	false
William_Thornton	false
Brooklyn_Heights	false
Nehemiah_Royce_House	false
Juan_Bertoli_Calderoni	false
Merchants_National_Bank_(Saint_Paul)	false
Ponca_City,_Oklahoma	false
Dade_City,_Florida	false
Lexington,_Nebraska	false
Bungalow	false
New_Bedford_Historic_District	false
McCook,_Nebraska	false
Joseph_Raphael_De_Lamar_House	false
Savery_Hotel	false
Charles_Follen_McKim	false
Warren_and_Wetmore	false
Berryville,_Virginia	false
Gorham_A._Worth_House	false
Ponce_Cathedral	false
William_Sidney_Pittman	false
Robert_Stacy-Judd	false
Henderson_County_Courthouse_(North_Carolina)	false
First_Presbyterian_Church_(Napoleon,_Ohio)	false
Jacobean_architecture	false
Bullard_&_Bullard	false
Lyndhurst_(mansion)	false
Canton,_North_Carolina	false
New_York	false
Minneapolis	false
Edward_Overman	false
Maud_and_Belle_Ainsworth_House	false
Lancelot_Sukert	false
Springville,_Utah	false
Mission_Revival_architecture	false
Alexander_Jackson_Davis	false
London,_Ohio	false
Thomas_Telford	false
Spanish_Colonial_architecture	false
Greensboro,_North_Carolina	false
Bedford_Township,_Bedford_County,_Pennsylvania	false
Norfolk,_Virginia	false
Jerry_O'Mahony_Diner_Company	false
Charles_Henry_Niehaus	false
Erie,_Pennsylvania	false
Pittsfield,_Massachusetts	false
International_Style_(architecture)	false
Googie_architecture	false
Albany,_New_York	false
Howard_Van_Doren_Shaw	false
Federal_architecture	false
Unitarian_Universalist_Church_(Ann_Arbor,_Michigan)	false
Wyatt_&_Nolting	false
Middletown,_Delaware	false
William_Gray_Purcell	false
Frank_Packard	false
American_Bridge_Company	false
James_Knox_Taylor	false
United_States_Customhouse_(Old_Customhouse)_and_Post_Office	false
Wing_&_Mahurin	false
Randolph_Hotel_(Des_Moines,_Iowa)	false
James_Alexander_Veasey_House	false
Drake-Curtis_House	false
Hicks_Lumber_Company_Store	false
Central_Library_(Portland,_Oregon)	false
High_Victorian_Gothic	false
Canton_(village),_New_York	false
Athenwood_and_the_Thomas_W._Wood_Studio	false
Esenwein_&_Johnson	false
Stetson,_Maine	false
Newark,_New_Jersey	false
Lake_Shore_and_Michigan_Southern_Railway	false
Adamson_House	false
Little_Rock_United_States_Post_Office_and_Courthouse	false
United_States_Post_Office_(Cooperstown,_New_York)	false
Vanity_Ballroom_Building	false
Lawrenceville,_Virginia	false
National_Park_Service_rustic	false
Cass_Gilbert	false
Gate,_Fence_and_Hollow_Tree_Shelter_Designed_by_Dionicio_Rodriguez	false
Carlinville_Chapter_House	false
United_States_Post_Office_and_Federal_Courthouse-Colorado_Springs_Main	false
Spanish_Colonial_Revival_architecture	false
Wellsburg,_West_Virginia	false
James_Murphy_(architect)	false
John_C._Cochrane	false
Maurice_B._Biscoe	false
Stuart_W._Cramer	false
St._James_Episcopal_Church_(Oskaloosa,_Iowa)	false
Edward_T._Gignoux_United_States_Courthouse	false
Charles_Bulfinch	false
Lake_Shore_and_Michigan_Southern_Railway_Station_(Westfield,_New_York)	false
Indiana	false
Levi_Scofield	false
Sheridan_County_Courthouse_(North_Dakota)	false
Gordon_&_Kaelber	false
Savannah,_Georgia	false
Berwyn,_Illinois	false
Territorial_Revival_architecture	false
U.S._Route_83	false
Grace_Episcopal_Church_(Jamestown,_North_Dakota)	false
St._Stanislaus_Kostka_Church_(Pittsburgh)	false
David_Davis_Mansion	false
Frederick_Clarke_Withers	false
Residencia_Armstrong-Poventud	false
Joseph_Wohleb	false
University_of_California,_Berkeley	false
George_Edward_Harney	false
Proudfoot_&_Bird	false
Bemis_Hall_(Colorado_Springs,_Colorado)	false
Claude_Ashworth	false
Trost_&_Trost	false
Louis_H._Asbury	false
Mediterranean_Revival_architecture	false
Grant-Humphreys_Mansion	false
Tulsa,_Oklahoma	false
Hector,_New_York	false
Asherton,_Texas	false
Lake_George_Avenue_Historic_District	false
Newport,_Rhode_Island	false
Portland,_Maine	false
ArchitecturalStyle	false
Oregon,_Illinois	false
Kingman,_Arizona	false
First_Street_Tunnel	false
Detlef_Lienau	false
James_Brindley	false
Alfred_Oscar_Elzner	false
Glynwood,_Ohio	false
Texas	false
Waynesburg,_Pennsylvania	false
Romanesque_Revival_architecture	false
Monumental_Church	false
Samuel_Hannaford	false
James_M._Creighton	false
Salem,_Oregon	false
Corning_Armory	false
Ottumwa,_Iowa	false
James_B._Cook	false
Cramerton,_North_Carolina	false
First_Presbyterian_Church_(Lonoke,_Arkansas)	false
S._C._Bugbee_&_Son	false
Commonwealth_Building_(Portland,_Oregon)	false
John_Galen_Howard	false
Lynchburg,_Ohio	false
Blandwood_Mansion_and_Gardens	false
Bellefonte_Armory	false
Marcel_Breuer	false
Casa_Vives	false
First_Presbyterian_Church_(Hartford_City,_Indiana)	false
First_Congregational_Church_of_Sterling	false
Lovell_Beach_House	false
Victorian_architecture	false
Ted_Rogich	false
Louis_Sullivan	false
Thom_&_Wilson	false
Canton_Public_Library	false
William_Scott-Collins	false
Benjamin_Stoddert	false
American_Foursquare	false
Lord_&_Schryver	false
Peyton_Clark_Cottage	false
Lee_Plaza_(Detroit)	false
Former_Chicago_Historical_Society_Building	false
Iowa_State_Capitol	false
H._Neill_Wilson	false
Casa_Paoli	false
North_Grove_Street_Historic_District	false
Richmond_Hill,_Queens	false
South_Yorkshire	false
Detroit	false
St._Paul's_Episcopal_Church_(Rugby,_North_Dakota)	false
Cedar_Rapids,_Nebraska	false
Charles_W._Clinton	false
Purcellville,_Virginia	false
Webb_County_Courthouse_(Texas)	false
Ossining_(village),_New_York	false
Strand_Theatre_(Ithaca,_New_York)	false
Corbin_Building	false
Malheur_National_Wildlife_Refuge	false
Watson-Curtze_Mansion	false
Poughkeepsie_(town),_New_York	false
Jackson,_Alabama	false
Saratoga_Springs,_New_York	false
Florence_County_Courthouse_and_Jail	false
George_Madison_Millard_House	false
Defiance_Public_Library	false
Greenbelt_Knoll	false
Thomas_H._Atherton	false
U.S._Route_42	false
Mott_B._Schmidt	false
Egyptian_Revival_architecture	false
Napoleon,_Ohio	false
Edgehill_Church_of_Spuyten_Duyvil	false
Frank_and_Jane_Isermann_House	false
Anderson_County_Courthouse_(Texas)	false
Hoppin_&_Koen	false
Stephen_Hills	false
Rock_Creek_Park	false
Bells_Mills_Covered_Bridge	false
United_States_Customhouse_(Savannah,_Georgia)	false
Minard_Lafever	false
Santa_Barbara,_California	false
James_Keys_Wilson	false
House_at_8_Berkley_Drive	false
Lima,_Ohio	false
Roslyn,_New_York	false
Alfred_H._Piquenard	false
Umpqua_National_Forest	false
John_Rudolph_Niernsee	false
Forest_City_Baptist_Church	false
American_Renaissance	false
Standedge_Tunnels	false
Pasadena,_California	false
Thomas_Henry_Poole	false
Cortland_County_Courthouse	false
Elmira,_New_York	false
Bellefontaine,_Ohio	false
Maple_Lawn	false
Woodbury_County_Courthouse	false
James_W._Reid_(architect)	false
Robert_M._Lamp_House	false
Davidson_County_Courthouse_(Tennessee)	false
Franklin_Hotel_(Kent,_Ohio)	false
Leon_E._Dessez	false
United_States_Department_of_the_Treasury	false
Long_Beach_Main_Post_Office	false
Miss_Albany_Diner	false
Basilica_of_the_National_Shrine_of_the_Assumption_of_the_Blessed_Virgin_Mary	false
Oregon	false
James_Bogardus	false
Senior_Hall_(Berkeley,_California)	false
Claude_and_Starck	false
Bremo_Historic_District	false
Hull's_Trace_North_Huron_River_Corduroy_Segment	false
Keene,_New_York	false
Tarrytown,_New_York	false
Puerto_Rico	false
Lufkin,_Texas	false
Church_of_the_Holy_Apostles_(Manhattan)	false
Albright_Memorial_Building	false
Edward_Brickell_White	false
Oscar_Wenderoth	false
Louisa,_Virginia	false
William_Haugaard	false
Jacobethan	false
St._Philip's_Episcopal_Church_(Manhattan)	false
Hopkins_Store	false
Thomas_L._Allen	false
Daniel_P._Bell	false
United_States_Post_Office_(Canton,_New_York)	false
James_F._D._Lanier_Residence	false
Falcon,_North_Carolina	false
Christ_Church_Detroit	false
Meridian_Hall	false
National_Building_Museum	false
Christian_Miller_House	false
Spier_&_Rohns	false
Asher_and_Mary_Isabelle_Richardson_House	false
George_Oakley_Totten,_Jr.	false
George_Washington_Foster	false
Hendersonville,_North_Carolina	false
Faux_bois	false
Patrick_W._Ford	false
Francis_H._Kimball	false
Brandreth_Pill_Factory	false
Peter_Harrison_(architect)	false
Bonstelle_Theatre	false
James_Renwick,_Jr.	false
City_Hall_(Plattsburgh,_New_York)	false
Commodore_Hotel_(Portland,_Oregon)	false
Robert_Llewellyn_Wright_House	false
Richard_Upjohn	false
Raisin_Charter_Township,_Michigan	false
Stetson_Union_Church	false
Reading_Railroad_Freight_Station	false
Campus_of_the_University_of_California,_Berkeley	false
Joseph_A._Shannon	false
Bryn_Athyn,_Pennsylvania	false
LaBelle,_Florida	false
Eustatia	false
Julius_A._Culbreth	false
James_E._Clancy	false
Reno,_Nevada	false
St._Sebastian's_Catholic_Church_(Sebastian,_Ohio)	false
Captain_Stone_House	false
Bowers-Tripp_House	false
Hillsborough,_California	false
Neoclassicism	false
Starrett_&_van_Vleck	false
Joseph_Cruickshank_Talbot	false
Vancroft	false
Henry_E._Bonitz	false
Elmer_Grey	false
Corning_(city),_New_York	false
Inglewood,_California	false
Lynfeld	false
Romanesque_architecture	false
Charles_Klauder	false
Richard_Morris_Hunt	false
New_Haven_Lawn_Club	false
Buechner_&_Orth	false
Long_Beach,_New_York	false
Calais,_Maine	false
Campbell-Whittlesey_House	false
Barry_Byrne	false
Cummins_School	false
Muncie,_Indiana	false
Jefferson_County_Courthouse_(Florida)	false
Bridgeport,_Connecticut	false
Wapakoneta,_Ohio	false
Pilgrim_Memorial_Church_and_Parish_House	false
Marcus_F._Cummings	false
St._Paul's_Episcopal_Church_(Hicksville,_Ohio)	false
Judah_Woodruff	false
First_Congregational_Church,_Former_(Sioux_City,_Iowa)	false
Vermont_State_House	false
Wheaton,_Illinois	false
Sidney_Badgley	false
Gurdon_P._Randall	false
Joseph_Beale_House	false
First_Universalist_Church_(Rochester,_New_York)	false
Ashley,_North_Dakota	false
Vernacular_architecture	false
Texas_Department_of_Transportation	false
Alfred_Peck_Edgerton	false
Honolulu	false
Saint_Paul,_Minnesota	false
Edgar_M._Lazarus	false
Senator_Hotel	false
Poncan_Theatre	false
New_Bedford,_Massachusetts	false
Akron_Plan	false
Fort_Wayne_Old_City_Hall_Building	false
Bloomington,_Indiana	false
Road_Island_Diner	false
United_States_Post_Office_(Port_Jervis,_New_York)	false
Menominee,_Michigan	false
Montpelier,_Vermont	false
Vertner_Woodson_Tandy	false
New_Mexico_Supreme_Court_Building	false
Lancaster,_Pennsylvania	false
B._Harley_Bradley_House	false
Paterson,_New_Jersey	false
Davenport,_Iowa	false
Pittsburgh	false
Carpenter_Gothic	false
California	false
John_Eberson	false
Preston_J._Bradshaw	false
Gorham_A._Worth	false
Henry_Fernbach	false
Santiago_E._Campos_United_States_Courthouse	false
Wallingford,_Connecticut	false
Ithaca,_New_York	false
First_Presbyterian_Church_of_Hector	false
Odessa,_Texas	false
Richard_Henry_Dana_III	false
City_Market_(Charleston,_South_Carolina)	false
Finch_Building_(Scranton,_Pennsylvania)	false
William_Augustus_Edwards	false
Richardson_Olmsted_Complex	false
Peabody_and_Stearns	false
Frank_Chamberlain_Clark_House	false
United_States_Post_Office,_Courthouse,_and_Customhouse_(Wilmington,_Delaware)	false
Beacon,_New_York	false
Summit_Stake_Tabernacle	false
Joseph_Bell_DeRemer	false
Henry_Engelbert	false
Monterey,_California	false
Falcon_Tabernacle	false
Pasco_County_Courthouse	false
Art_Deco	false
Trenton,_New_Jersey	false
Fugina_House	false
Joseph_W._Yost	false
Atlanta	false
House_at_226_West_Penn_Street	false
Jackson_Branch_Bridge_No._15	false
Malibu,_California	false
DeKalb_County,_Illinois	false
Manuel_V._Domenech	false
Boardman_House_(Ithaca,_New_York)	false
Moriah_Town_Office_Building	false
Charles_Noble	false
Newton,_Massachusetts	false
Sanford,_Florida	false
Ammi_B._Young	false
Prince_W._Spears	false
D._Wiley_Anderson	false
Mansfield,_Ohio	false
Trowbridge_&_Livingston	false
Schenectady,_New_York	false
Old_Central_Grammar_School	false
Richard_Requa	false
Birmingham,_Alabama	false
Architect	false
George_W._Conable	false
Talladega,_Alabama	false
Maitland,_Florida	false
William_Adams_Delano	false
Gaineswood	false
Seaboard_Air_Line_Railroad	false
Edward_Parsons_(architect)	false
Boxley_Place	false
Ironton,_Ohio	false
Fredericksburg,_Texas	false
Potsdam,_New_York	false
Gate_City_Historic_District	false
Addison_Hutton	false
Ann_Arbor,_Michigan	false
Medford,_Oregon	false
Henry_C._Dudley	false
Jacob_Weinberger_United_States_Courthouse	false
Putnam_County_Courthouse_(Ohio)	false
St._Peters_Catholic_Church_(Worcester,_Massachusetts)	false
New_Orleans_Mint	false
Renaissance_Building_(Richmond,_Virginia)	false
Sebastian,_Ohio	false
Brainerd_Jones	false
The_Qube_(Detroit)	false
Kimball_&_Thompson	false
Mayworth_School	false
St._Anne's_Episcopal_Church_(Calais,_Maine)	false
Hanna_Hall_(Waynesburg_University)	false
St._Louis_Church_(Fall_River,_Massachusetts)	false
Greenwich_Town_Hall_(Connecticut)	false
Unity_Temple	false
Charles_A._Cregar	false
William_L._Steele	false
Scottdale_Armory	false
Doctors'_Building_(Cincinnati,_Ohio)	false
William_H._Corlett	false
San_Francisco	false
Burlington,_North_Carolina	false
Lonoke,_Arkansas	false
George_Hancock_(architect)	false
David_S._Creigh_House	false
Brownstown_Charter_Township,_Michigan	false
Nuits_(historic_house)	false
Prairie_School	false
Rich_Bottom_Farm	false
Springfield,_Ohio	false
Society_for_the_Lying-In_Hospital	false
MacPheadris-Warner_House	false
Alms_and_Doepke_Dry_Goods_Company	false
Simpson_Memorial_United_Methodist_Church_(Greenville,_Indiana)	false
Edward_Columbus_Hosford	false
Ben_and_Harriet_Schulein_House	false
D._H._Regan_House	false
Philipstown,_New_York	false
William_A._Glasner_House	false
Church_of_the_Good_Shepherd_(Maitland,_Florida)	false
Trinity_Chapel_Complex	false
DuPage_County_Courthouse	false
John_Kendrick_House	false
Meridian,_Mississippi	false
Julia_Morgan	false
Florence,_Alabama	false
George_O._Garnsey	false
Brooklyn	false
Center_School_(Omaha)	false
Wilmington,_Delaware	false
John_Wesley_Methodist_Church	false
Raymond_Hood	false
Willet_Titus_House	false
Jacob_M._Nachtigall	false
Shirley_Simons	false
Belleview,_Florida	false
James_A._Wetmore	false
Lynchburg_Covered_Bridge	false
Rincon_Center	false
David_R._Brown_(architect)	false
Peter_J._Barber	false
Mary_E._Switzer_Memorial_Building	false
Hampton,_Virginia	false
John_Henry_Devereux	false
Lewisburg,_Pennsylvania	false
Belleview_School	false
Mayfair_Mansions_Apartments	false
John_Russell_Pope	false
Barton_Academy	false
Marston,_Van_Pelt_&_Maybury	false
Richmond,_Virginia	false
Former_Emigrant_Industrial_Savings_Bank_building	false
John_Hawks_(architect)	false
Boal_and_Harnois	false
United_States_Post_Office_(Saratoga_Springs,_New_York)	false
Saint_Paul_Women's_City_Club	false
Dr._Luke_A._Port_House	false
Johnson_Manufacturing_Company	false
Palestine,_Texas	false
Frank_Chamberlain_Clark	false
Joaquin_Miller_House	false
Derbyshire	false
Alexandria_Hotel_and_Annex	false
Edwardsville,_Illinois	false
Casa_Font-Ubides	false
Herman_Brookman	false
Second_Empire_architecture	false
Gate_City,_Virginia	false
Asheville,_North_Carolina	false
Delafield,_Wisconsin	false
Daily_News_Building	false
Brentwood_S._Tolan	false
Richardsonian_Romanesque	false
Jacob_Wrey_Mould	false
Block_Realty-Baker_House	false
Thomas_Waterman_Wood	false
Michigan	false
Clergy_house	false
Wilbur_B._Talley	false
John_C._Fremont_Branch_Library,_Los_Angeles	false
Alabama	false
A._E._Doyle	false
Volta_Laboratory_and_Bureau	false
United_States_Post_Office_and_Courthouse_(Charleston,_South_Carolina)	false
Minoru_Yamasaki	false
Augusta,_Georgia	false
Old_Nassau_County_Courthouse_(New_York)	false
Albert_Schippel	false
David_W._Smouse_Opportunity_School	false
John_H._Duncan	false
Louis_Kahn	false
Fredericksburg_Memorial_Library_(Texas)	false
Perry_(village),_New_York	false
Luckett_and_Farley	false
Warren_R._Briggs	false
Broadway_(Manhattan)	false
United_States	false
Jackson_C._Gott	false
Wheeler_&_Runge	false
DeCurtins	false
Laredo,_Texas	false
Alexander_W._Arbuckle_I_House	false
Willard_Library	false
Cambridge,_Massachusetts	false
St._Mark's_Episcopal_Church_(Jim_Thorpe,_Pennsylvania)	false
Rochester,_New_York	false
Jens_Jensen_(landscape_architect)	false
Russell_Barr_Williamson	false
John_Parks_Almand	false
Merrick_County_Courthouse	false
Rudolph_Tietig	false
Gilsey_House	false
Baltimore	false
Lewisburg,_West_Virginia	false
Laramie,_Wyoming	false
Reedsburg,_Wisconsin	false
William_F._Gernandt	false
Napa,_California	false
Hamilton,_Virginia	false
Pennsylvania_Avenue_(Washington,_D.C.)	false
Brooklyn_Historical_Society	false
ArchitecturalStructure	false
Wilmette,_Illinois	false
Frederick_G._Clausen	false
Dr._Henry_Leetch_House	false
Macon,_Georgia	false
Oshkosh,_Nebraska	false
Grangeville,_Idaho	false
Lander_County_Courthouse	false
Batavia,_Illinois	false
Iuka,_Mississippi	false
Grand_Hotel_(New_York_City)	false
Minnesota	false
Phipps_Conservatory_and_Botanical_Gardens	false
Charles_Henry_Page	false
Usonia	false
Elk's_Lodge_No._468	false
Saint_Leonard_Catholic_Church_(Madison,_Nebraska)	false
Cincinnati	false
Italianate_architecture	false
Widehall	false
Harlem_Courthouse	false
Celina,_Ohio	false
Colorado_Springs,_Colorado	false
Old_Post_Office_and_Courthouse_(Auburn,_New_York)	false
Mowbray_and_Uffinger	false
William_Lawrence_House_(Bellefontaine,_Ohio)	false
Sioux_City,_Iowa	false
New_Hamburg,_New_York	false
Mecklenburg_County_Courthouse_(North_Carolina)	false
Oregon_State_Forester's_Office_Building	false
St._James_A._M._E._Church_(Sanford,_Florida)	false
Bela_Janowsky	false
Dr._J._W._S._Gallagher_House	false
St._Philip's_Church_in_the_Highlands	false
Canton,_Ohio	false
C._Howard_Crane	false
Ednam,_Virginia	false
Glenview_Mansion	false
Tyler,_Texas	false
Carlinville,_Illinois	false
Kent_Road_Village	false
Doris_Foley_Library_for_Historical_Research	false
Herbert_Woodley_Simpson	false
Sussex_County_Courthouse_Historic_District	false
Malcomson_and_Higginbotham	false
Louis_Magaziner	false
Bruce_Price_Cottage	false
Middletown,_Orange_County,_New_York	false
Leesburg,_Virginia	false
Richards_Medical_Research_Laboratories	false
Joseph_Lyman_Silsbee	false
Dingley_Building	false
George_Rodney_Willis	false
Connecticut	false
Cochran_Grange	false
Rock_Spring_Farm	false
Palladian_architecture	false
Gable	false
University_of_North_Dakota	false
Swanwyck	false
St._Hedwig's_Roman_Catholic_Church	false
Little_Rock,_Arkansas	false
Branch_House	false
Antebellum_architecture	false
Clermont_Academy	false
H.L._Stevens_&_Company	false
Austin,_Texas	false
Frank_Shaver_Allen	false
John_McDonald_(architect)	false
Rice_County_Courthouse_and_Jail	false
T._Thomas_and_Son	false
Shepley,_Rutan_and_Coolidge	false
Gordon_W._Lloyd	false
Wiscasset,_Maine	false
Royal_Mausoleum_of_Hawaii	false
Albany_City_Hall	false
Madison,_Wisconsin	false
Coalville,_Utah	false
Spuyten_Duyvil,_Bronx	false
Percy_Dwight_Bentley	false
Marble_House	false
Jules_Leffland	false
Maxwell_Hyde	false
East_Marlborough_Township,_Chester_County,_Pennsylvania	false
Edward_Brodhead_Green	false
Garden_County_Courthouse	false
Bentonville,_Arkansas	false
Faribault,_Minnesota	false
Wickliffe_Presbyterian_Church	false
Newburgh_(city),_New_York	false
Lake_Placid,_New_York	false
Nathan_Bryan_Whitfield	false
Charles_Babcock	false
Pietro_Belluschi	false
Benton_&_Benton	false
Northville,_Michigan	false
Mount_Kisco_Municipal_Complex	false
Kibler_High_School	false
Port_Henry,_New_York	false
John_Welch_(architect)	false
John_Valentine_House	false
Chester_Holmes_Aldrich	false
Kingsville,_Texas	false
Museum_of_Newport_History	false
Sussex,_Virginia	false
Fairfield_(Berryville,_Virginia)	false
Gaffney,_South_Carolina	false
Port_Jervis,_New_York	false
Valleau_Tavern	false
Aberdeen,_Mississippi	false
Mendocino_Presbyterian_Church	false
Elmer_F._Behrns	false
Samuel_A._Warner	false
Westfield_(village),_New_York	false
New_York_City	false
Year	true
Farmington,_Connecticut	false
Rhode_Island	false
Walter_Gale_House	false
Gilbert_Stanley_Underwood	false
Jordanville_Public_Library	false
St._Michael's_Church_(99th_Street,_Manhattan)	false
John_Wellborn_Root	false
Bloomington,_Illinois	false
Wappingers_Falls,_New_York	false
Gilbert_M._Simmons_Memorial_Library	false
Corduroy_road	false
Beverly_Hills,_California	false
Adolph_Brower_House	false
Film_Center_Building	false
P.J._Krouse	false
C._P._H._Gilbert	false
Rudolph_Schindler_(architect)	false
Demopolis,_Alabama	false
W._H._Weeks	false
Berkeley,_California	false
Round_Hill,_Loudoun_County,_Virginia	false
Detroit_Masonic_Temple	false
Jacob_Haish	false
Tiller_Ranger_Station	false
John_Latenser,_Sr.	false
Metropolitan_Baptist_Church_(New_York_City)	false
Ticonderoga_(hamlet),_New_York	false
Beaux-Arts_architecture	false
Henry_Delamater_House	false
William_Jennings_Bryan_House_(Asheville,_North_Carolina)	false
Rancho_La_Ballona	false
Peru,_New_York	false
St._Joseph,_Missouri	false
Hyde_Park,_New_York	false
Charles_D._McIver_School	false
Jim_Thorpe,_Pennsylvania	false
Rotch-Jones-Duff_House_and_Garden_Museum	false
Stuckman_Cottage	false
Dinnie_Brothers	false
Des_Moines,_Iowa	false
Garrison,_New_York	false
Norwood_Tunnel	false
Mrs._A._W._Gridley_House	false
Joseph_F._Kuntz	false
Minneapolis_City_Hall	false
Hartford_City,_Indiana	false
Elston_Hall	false
E._Townsend_Mix	false
Dallas	false
John_Street_Methodist_Church	false
Frederick_and_Della_Dunn_House	false
Patton_&_Miller	false
Albert_Cassell	false
St._Thomas_Aquinas_Chapel_(Ojai,_California)	false
George_Grant_Elmslie	false
Clinton_Avenue_Historic_District_(Albany,_New_York)	false
Evansville,_Indiana	false
Willis_Polk	false
Albert_O._Clark	false
Central_Congregational_Church_(Newton,_Massachusetts)	false
New_York_Mutual_Life_Insurance_Company_Building	false
St._Patrick's_Catholic_Church_(Glynwood,_Ohio)	false
Church_of_St._Luke_and_St._Matthew_(Brooklyn,_New_York)	false
United_States_Post_Office_(Garden_City,_New_York)	false
Masonic_Center_(Grand_Forks,_North_Dakota)	false
Lewiston,_Maine	false
John_W._Dunn_(architect)	false
16th_Street_Baptist_Church	false
Christ_Episcopal_Church_(Joliet,_Illinois)	false
Edwin_M._and_Emily_S._Johnston_House	false
West_Point_Rice_Mill	false
Alfred_B._Mullett	false
Lombardy_Apartment_Building	false
Amherst,_Massachusetts	false
St._Sophia_Home_of_the_Little_Sisters_of_the_Poor	false
J._Cleaveland_Cady	false
Tuxedo_Park,_New_York	false
Newport_Beach,_California	false
Daniel_Chester_French	false
Trenton_Battle_Monument	false
Wesley_Arnold	false
Villa_Anneslie	false
Irwin_T._Catharine	false
Central_Falls,_Rhode_Island	false
Robert_M._Ayres	false
Donaldson_and_Meier	false
T._M._Kurtz_House	false
Truss_bridge	false
Scarab_Club	false
United_States_Forest_Service	false
Fred_B._Jones_House	false
Clayton,_New_Mexico	false
Colonial_Revival_architecture	false
Old_Third_District_Courthouse	false
Log_cabin	false
Au_Sable,_New_York	false
Tonawanda_(city),_New_York	false
Newland,_North_Carolina	false
Alfred_Giles_(architect)	false
Maine	false
Grace_Episcopal_Church_Complex_(Queens)	false
Nevada_County,_California	false
Smith_&_Carrier	false
United_Lutheran_Church_(Grand_Forks,_North_Dakota)	false
Benjamin_Henry_Latrobe	false
Weil_Hall_(Gainesville,_Florida)	false
Friendship_Baptist_Church	false
John_B._Ragland_Mercantile_Company_Building	false
Victoria,_Texas	false
Harriet_Island_Pavilion	false
Portsmouth,_Virginia	false
Saturn_Club	false
Madison,_Nebraska	false
Long_and_Kees	false
South_Brook_Farm	false
Fountain_City,_Wisconsin	false
Paul_Philippe_Cret	false
Chapel_of_the_Centurion	false
Atlee_Ayres	false
Abraham_Brower_House	false
Lawrence,_Kansas	false
Ticonderoga,_New_York	false
Marine_Chapter_House	false
Wales_House_(Hyde_Park,_New_York)	false
Ninth_Avenue_(Manhattan)	false
United_States_Post_Office_(Burlington,_North_Carolina)	false
Irving_Gorman	false
Charles_B._Atwood	false
St._James'_Episcopal_Church_and_Parish_House	false
Oakland,_California	false
Thomas_O._Larkin	false
Sidney_D._Miller_Middle_School	false
Cortland,_New_York	false
Holy_Trinity_Episcopal_Church_(Swanton,_Vermont)	false
John_Rochester_Thomas	false
George_B._Post	false
Russell_Warren_(architect)	false
Dr._Susan_LaFlesche_Picotte_Memorial_Hospital	false
Monrovia,_California	false
Claude_Fayette_Bragdon	false
Place	false
Paramount_Theatre_(Middletown,_New_York)	false
Duane_Lyman	false
First_Presbyterian_Church_(Augusta,_Georgia)	false
Winton_Place_Methodist_Episcopal_Church	false
Henry_Blood_House	false
Scranton,_Pennsylvania	false
New_London_Public_Library	false
United_States_Post_Office_(Flatbush,_Brooklyn)	false
William_Strickland_(architect)	false
Benjamin_D._Price	false
Pennsylvania	false
Denver	false
Cathedral_Church_of_St._Paul_(Detroit)	false
Carlisle,_Pennsylvania	false
E._S._Hoyt_House	false
Tousley-Church_House	false
New_Bern,_North_Carolina	false
J._Clarence_Kind_House	false
Hubert_G._Ripley	false
Homer_(village),_New_York	false
Jasper_County_Courthouse_(Jasper,_Texas)	false
Edward_King_House	false
Ednam_House	false
Richard_Sharp_Smith	false
Levi_Weeks	false
Guy_Fulton	false
Solon_Spencer_Beman	false
Ford_Valve_Plant	false
Shingle_style_architecture	false
Central_City,_Nebraska	false
George_M._Coombs	false
Irvington,_New_York	false
Harold_C._Bradley_House	false
Ida_M._Rice_House	false
Lustron_house	false
Paradise,_Nevada	false
Schines_Auburn_Theatre	false
Hettinger,_North_Dakota	false
Winnie_Davis_Hall	false
Scottdale,_Pennsylvania	false
Worcester,_Massachusetts	false
Theodore_Heuck	false
Students'_Hall	false
Skyscraper	false
John_Mead_Howells	false
Buffalo,_New_York	false
First_Church_of_Christ,_Unitarian	false
Iowa	false
Chicago_school_(architecture)	false
John_C._Gregg	false
Seeberger-Loring-Kilburn_House	false
Dutch_Colonial_Revival_architecture	false
Ira_Rush	false
Nashville,_Tennessee	false
Woodward_Avenue_Presbyterian_Church	false
Joseph_Bell_DeRemer_House	false
Thomas_Eakins	false
P_Ranch	false
Bankers_Trust_Company_Building,_Detroit	false
El_Paso,_Texas	false
Kankakee,_Illinois	false
Malcolm_Willey_House	false
Johnston-Felton-Hay_House	false
Adolphus_Hotel	false
United_States_Post_Office_(Homer,_New_York)	false
Henry_Ives_Cobb	false
Sacramento,_California	false
Monticello,_Florida	false
Emanuel_United_Church_of_Christ_(Lincolnton,_North_Carolina)	false
Scarlet_Oaks	false
First_Church_of_Christ,_Congregational_(Farmington,_Connecticut)	false
Halcyon_House	false
Snowden_Ashford	false
Government_Street_Presbyterian_Church	false
Louis_A._Simon	false
Klingle_Valley_Bridge	false
Brookshire,_Houston-Yeates_House	false
Church_of_Our_Saviour_(Iuka,_Mississippi)	false
St._John's_Episcopal_Church_(Wytheville,_Virginia)	false
Villanova,_Pennsylvania	false
Olympia,_Washington	false
Alfred_E._Dickey_Free_Library	false
Long_Beach,_California	false
Frank_E._Wetherell	false
James_Gallier	false
William_Drago	false
Renaissance_architecture	false
Olmsted_Brothers	false
Sonnenberg_Gardens	false
Villa_Louis	false
Florida,_Orange_County,_New_York	false
Carpenter's_Flats_Bridge	false
Greenwich,_Connecticut	false
Grand_Army_of_the_Republic_Memorial_Hall_(Ironton,_Ohio)	false
Ranney_Bridge	false
James_H._Dakin	false
United_States_Post_Office_(Oil_City,_Pennsylvania)	false
Gainesville,_Florida	false
Lakeland,_Florida	false
Venice_of_America_House	false
First_Methodist_Episcopal_Church_of_Delta	false
Queen_Victoria	false
Cochecton,_New_York	false
Thomas_Silloway	false
Timber_framing	false
William_Douglas	false
Louisville,_Kentucky	false
Montgomery_C._Meigs	false
Brick_Presbyterian_Church_(Perry,_New_York)	false
William_Henry_Seward_Memorial	false
Wallace_Rayfield	false
Daniel_Burnham	false
Guy_Tilden	false
John_Wright_Stanly_House	false
San_Diego	false
St._Peter,_Minnesota	false
Bellefonte,_Pennsylvania	false
Charlotte,_North_Carolina	false
New_Haven_City_Hall_and_County_Courthouse	false
Barnum_Hotel	false
Partridge_Cottage	false
Douglas_County_Courthouse_(Nebraska)	false
William_Smith_House_(Hamilton,_Virginia)	false
Henry_Hobson_Richardson	false
Los_Angeles	false
Walthill,_Nebraska	false
St._Albans,_West_Virginia	false
Grant_Park,_Atlanta	false
Grand_Forks,_North_Dakota	false
Edward_R._Stearns_House	false
Welcome_to_Fabulous_Las_Vegas_sign	false
Chalybeate_Springs_Hotel	false
United_States_Post_Office_(Yonkers,_New_York)	false
Magnus_Jemne	false
Trinity_Evangelical_Lutheran_Church_of_Manhattan	false
Gethsemane_Evangelical_Lutheran_Church	false
Fort_Wayne,_Indiana	false
Florence_(CDP),_Wisconsin	false
John_J._Huddart	false
Pinal_County_Courthouse	false
Fall_River,_Massachusetts	false
Hibernia_Hall	false
George_A._Lougee_House	false
Robinson,_Illinois	false
Joseph_F._Glidden_House	false
Works_Progress_Administration	false
Liberty_Tower_(Manhattan)	false
Allen_County_Courthouse_(Indiana)	false
Hudson_River_State_Hospital	false
Community_Building_(Ticonderoga,_New_York)	false
Third_Presbyterian_Church_(Springfield,_Ohio)	false
Church_of_the_Ascension,_Episcopal_(Manhattan)	false
Virginia_Robinson_Gardens	false
Oakley,_Utah	false
Jamestown,_North_Dakota	false
Stevensville,_Maryland	false
River_Raisin	false
Dutch_Reformed_Church_(Newburgh,_New_York)	false
George_S._Mills	false
Edward_M._Hackett	false
Faith_Mission_(Santa_Barbara,_California)	false
Post-and-plank	false
Santa_Fe,_New_Mexico	false
Carroll_County_Courthouse_(Indiana)	false
Omaha,_Nebraska	false
First_Church_of_Christ,_Scientist_(New_Bern,_North_Carolina)	false
St._Joseph's_Catholic_Church_(Wapakoneta,_Ohio)	false
Streamline_Moderne	false
John_Hartwell_Cocke	false
Edward_Bassford	false
Robinson_High_School_Auditorium-Gymnasium	false
George_D._Mason	false
Cold_Spring,_New_York	false
Benjamin_S._Deane	false
Sterling,_Illinois	false
Touchdown_Tavern	false
Rundel_Memorial_Library	false
Delavan,_Wisconsin	false
Linn_A._Forrest	false
Wyoming,_Iowa_County,_Wisconsin	false
Frank_J._Baker_House	false
Bruce_Price	false
Henry_Martyn_Congdon	false
Hyde_Park_Railroad_Station	false
St._Albans_Post_Office	false
New_London,_Connecticut	false
Rosaly-Batiz_House	false
Colonial_Theater_(Canton,_North_Carolina)	false
Greek_Revival_architecture	false
Cohasset,_Massachusetts	false
Polk_County_Courthouse_(Iowa)	false
Rapp_and_Rapp	false
United_States_Post_Office_(Newburgh,_New_York)	false
Blue_Fox_Theatre	false
R._Brognard_Okie	false
Centinela_Adobe	false
Colleton_County_Courthouse	false
Army_Medical_Museum_and_Library	false
Trinity_Episcopal_Church_(Potsdam,_New_York)	false
Jordanville,_New_York	false
Garden_City,_New_York	false
Raymond_F._Almirall	false
Avery_County_Jail	false
Clarence_W._Wigington	false
Hennepin_Center_for_the_Arts	false
Washington,_North_Carolina	false
William_Allen_(Utah_architect)	false
Georgian_architecture	false
Montgomery_&_Bishop	false
Rosenbaum_House	false
New_Orleans	false
James_J._Hill_House	false
Calvert_Vaux	false
Rugby,_North_Dakota	false
Chicago	false
Stephen_Hogeboom_House	false
White-Pool_House	false
Emmons_H._Woolwine	false
John_Ariss	false
Robert_Mills_(architect)	false
Eastman,_Georgia	false
San_Antonio	false
Illinois	false
Buildings_at_104-116_West_Water_St.	false
Kent,_Ohio	false
Cloverfields	false
McIntosh_County_Courthouse_(North_Dakota)	false
Queen_Anne_style_architecture_in_the_United_States	false
Sather_Gate	false
Hartford,_Connecticut	false
Peterson-Dumesnil_House	false
American_Craftsman	false
William_C._Knighton	false
James_A._Boyce	false
First_Presbyterian_Church_(Detroit,_Michigan)	false
Mount_Kisco,_New_York	false
Lincolnton,_North_Carolina	false
United_States_Customhouse_(Portland,_Oregon)	false
Oil_City,_Pennsylvania	false
Albert_Kahn_(architect)	false

