#superClass	subClass
ArchitecturalStyle	Tudor_Revival_architecture
ArchitecturalStructure	Miller_Hall_(Waynesburg_University)
Place	Heathsville,_Virginia
ArchitecturalStructure	Abbeville_County_Courthouse
Architect	C._Herrick_Hammond
Architect	J._Frederick_Kelly
ArchitecturalStructure	Brown_Hotel_(Louisville,_Kentucky)
ArchitecturalStructure	Clinton_Public_Library
Architect	John_T._Blair
ArchitecturalStructure	United_States_Post_Office_(Lake_Placid,_New_York)
ArchitecturalStructure	Plumbush
ArchitecturalStructure	Old_Lakeland_High_School
Place	Winchendon,_Massachusetts
Architect	Ralph_Modjeski
ArchitecturalStructure	Casa_Oppenheimer
Place	North_Adams,_Massachusetts
Place	Ohio
Architect	Ely_Jacques_Kahn
ArchitecturalStructure	The_Octagon_House
Architect	Walker_&_Gillette
ArchitecturalStructure	Auburn_(Natchez,_Mississippi)
Architect	Lorimer_Rich
ArchitecturalStyle	Renaissance_Revival_architecture
Place	Fort_Worth,_Texas
ArchitecturalStructure	Joseph_and_Lucy_Foster_Sexton_House
Place	Northwest,_Washington,_D.C.
ArchitecturalStructure	Marble_Collegiate_Church
Architect	Wirt_C._Rowland
ArchitecturalStructure	Apex_Union_Depot
ArchitecturalStructure	St._Matthew's_Cathedral_(Laramie,_Wyoming)
Place	Haines_City,_Florida
Place	Jamaica,_Queens
ArchitecturalStyle	Gothic_architecture
ArchitecturalStructure	Burk_Burnett_Building
Place	Lancaster,_Massachusetts
ArchitecturalStructure	Unity_Chapel
ArchitecturalStructure	Carlton_(Falmouth,_Virginia)
ArchitecturalStructure	Fort_Greene_Historic_District
Architect	Ralph_Adams_Cram
ArchitecturalStructure	Pioneer_and_Endicott_Buildings
Place	Balmville,_New_York
ArchitecturalStructure	Ohio_Theatre_(Lima,_Ohio)
ArchitecturalStructure	Church_of_the_Holy_Communion,_Episcopal
Architect	Joaquin_Miller
Architect	William_Warren_Sabin
Place	Adrian,_Michigan
Place	New_Castle,_Delaware
ArchitecturalStructure	Missouri_Theater_and_Missouri_Theater_Building
Architect	Henry_M._Francis
Place	Natchez,_Mississippi
ArchitecturalStructure	Larkin_House
Place	Red_Wing,_Minnesota
Place	Glenside,_Pennsylvania
ArchitecturalStructure	Grace_Church_(Manhattan)
ArchitecturalStructure	Woodgrove
ArchitecturalStructure	Edwardsville_Chapter_House
ArchitecturalStructure	Westhope
Architect	G._Albert_Lansburgh
ArchitecturalStructure	House_at_3_Crown_Street
Architect	Charles_Crapsey
ArchitecturalStructure	Ogle_County_Courthouse
ArchitecturalStructure	Aztec_Hotel
Architect	Betty_Willis
ArchitecturalStructure	Harry_Packer_Mansion
Architect	W.G._Wilkins_Company
Place	Walterboro,_South_Carolina
Architect	Philip_Embury
Place	Standedge
Architect	Henry_Austin_(architect)
Architect	Glenn_Brown_(architect)
ArchitecturalStructure	United_States_Post_Office_and_Courthouse_(Meridian,_Mississippi)
Architect	Solomon_D._Chase
ArchitecturalStructure	Brunswick_County_Courthouse_Square
Place	Auburn,_New_York
Place	San_Marino,_California
ArchitecturalStructure	Zane_Grey_Estate
Place	Maryland
Place	University_of_Oregon
ArchitecturalStructure	Johnson_Hall_(Eugene,_Oregon)
Architect	Lord_&_Burnham
Architect	Hartwell_and_Richardson
ArchitecturalStructure	United_States_Post_Office_(Tonawanda,_New_York)
Place	Joliet,_Illinois
ArchitecturalStructure	California_Hall
ArchitecturalStyle	Neoclassical_architecture
Architect	Nathaniel_Dryden
Architect	Harry_W._Wachter
ArchitecturalStructure	Miss_Willie's_House
ArchitecturalStructure	Joseph_H._Brown_Elementary_School
ArchitecturalStructure	Egyptian_Theatre_(DeKalb,_Illinois)
Architect	Calvin_Pollard
Architect	E._Tucker_Carlton
Place	Ojai,_California
ArchitecturalStructure	Old_Hendry_County_Courthouse
ArchitecturalStructure	Legg_House_(Bloomington,_Indiana)
Place	Litchfield,_Minnesota
Architect	James_M._McMichael
Place	Canandaigua_(city),_New_York
Place	New_Haven,_Connecticut
ArchitecturalStructure	Villa_Verde_(Pasadena,_California)
Architect	Russell_Mills_(architect)
Architect	Ernest_Sanson
Place	DeKalb,_Illinois
ArchitecturalStructure	J._P._McKee_Lustron_House
Architect	Henry_Franklin_Kilburn
ArchitecturalStructure	Old_Marine_Hospital
Place	Summit_Avenue_(St._Paul)
ArchitecturalStructure	Montopolis_Bridge
Place	St._Armand,_New_York
Place	Plattsburgh_(city),_New_York
ArchitecturalStructure	Oxford_House_(Grand_Forks,_North_Dakota)
Place	Clinton,_Iowa
ArchitecturalStructure	Plaza_Hotel_(El_Paso,_Texas)
Place	Altadena,_California
Architect	Eugene_T._Heiner
ArchitecturalStructure	John_S._Baker_House
Architect	Richard_Henry_Dana,_Jr.
Architect	William_Halsey_Wood
ArchitecturalStructure	Joaquin_Miller_Cabin
Place	Goleta,_California
Place	South_Huntingdon_Township,_Westmoreland_County,_Pennsylvania
Architect	Frank_Lloyd_Wright
Architect	Louis_Charles_Page
ArchitecturalStructure	Bain_Commercial_Building
ArchitecturalStructure	Saint_Mary_of_Good_Counsel_Catholic_Church_(Adrian,_Michigan)
ArchitecturalStructure	Reliance_Building
ArchitecturalStructure	Katherine_Emery_Estate
ArchitecturalStyle	Arts_and_Crafts_movement
ArchitecturalStructure	Founder's_Hall_(Lancaster,_Massachusetts)
Place	Southwest,_Washington,_D.C.
Place	Cleveland
Architect	Longfellow,_Alden_&_Harlow
Architect	Mifflin_E._Bell
ArchitecturalStyle	Mayan_Revival_architecture
Architect	Boller_Brothers
Place	Portland,_Oregon
ArchitecturalStructure	Carolands
ArchitecturalStructure	Ottumwa_City_Hall
ArchitecturalStructure	Virginia_Bank_and_Trust_Building
Architect	Eggers_&_Higgins
ArchitecturalStructure	Ohio_State_Reformatory
Place	Forest_City,_North_Carolina
ArchitecturalStructure	First_Unitarian_Church_of_Omaha
Place	Charleston,_South_Carolina
Place	Falmouth,_Virginia
ArchitecturalStructure	Arthur_J._Dunham_House
Place	Swanton_(village),_Vermont
ArchitecturalStructure	Immaculate_Conception_Catholic_Church_(Celina,_Ohio)
Architect	Charles_N._Agree
Place	Marine,_Illinois
ArchitecturalStructure	Empire_Building_(Manhattan)
ArchitecturalStructure	Milton_Armory
ArchitecturalStructure	Fairfield_County_Courthouse_(Bridgeport,_Connecticut)
Place	Hicksville,_Ohio
ArchitecturalStructure	Eisenhower_Executive_Office_Building
Architect	Myron_Hunt
Place	Washington,_D.C.
Place	Manhattan
ArchitecturalStructure	Nast_Trinity_United_Methodist_Church
Place	Chambers_Street_(Manhattan)
Place	Philadelphia
Architect	John_G._Haskell
Architect	Frederick_Law_Olmsted
Place	Washington,_New_York
ArchitecturalStructure	Grey_Towers_Castle
Architect	Thomas_Jefferson
ArchitecturalStructure	Dawson_County_Courthouse_(Nebraska)
ArchitecturalStructure	Cairnwood
ArchitecturalStructure	Saint_Benedict_Joseph_Labre_Church_(Queens)
ArchitecturalStructure	United_States_Post_Office-Springville_Main
Place	Mobile,_Alabama
ArchitecturalStructure	The_Birches_(Garrison,_New_York)
Place	Apex,_North_Carolina
ArchitecturalStructure	Lent_Cottage
Architect	Douglas_Orr
ArchitecturalStructure	Charles_A._Miller_House
ArchitecturalStyle	French_Colonial
Architect	Alfredo_Wiechers_Pieretti
ArchitecturalStructure	Columbus_Park_(Chicago)
Architect	Frederick_C._Sauer
Place	Jasper,_Texas
ArchitecturalStructure	First_United_Methodist_Church_(London,_Ohio)
ArchitecturalStructure	Peabody_School_(Eastman,_Georgia)
ArchitecturalStructure	Adams_County_Courthouse_(North_Dakota)
Place	North_Elba,_New_York
Place	Clermont,_New_York
ArchitecturalStructure	Aberdeen_City_Hall
ArchitecturalStructure	Neely-Sieber_House
Place	Nevada_City,_California
Architect	Dionicio_Rodriguez
ArchitecturalStructure	Free_Public_Library_of_Petaluma
Place	Grass_Valley,_California
Architect	Harry_Duncan
ArchitecturalStyle	Regency_architecture
ArchitecturalStructure	Youngerman_Block
Architect	Elmer_E._Dunlap
ArchitecturalStructure	Uptown_Theater_(Philadelphia)
ArchitecturalStructure	Barr_Hotel
Architect	Horace_Trumbauer
Place	Wyoming,_Ohio
ArchitecturalStructure	Meridian_City_Hall
ArchitecturalStructure	Twelfth_Street_YMCA_Building
Place	Saranac_Lake,_New_York
ArchitecturalStructure	Prentis_Building_and_DeRoy_Auditorium_Complex
ArchitecturalStructure	Seaside_Institute
ArchitecturalStructure	William_R._Cotter_Federal_Building
ArchitecturalStructure	Plymouth_Congregational_Church_(Lawrence,_Kansas)
Place	Claverack-Red_Mills,_New_York
Place	Mendocino,_California
Place	Oak_Park,_Illinois
Place	Venice,_Los_Angeles
ArchitecturalStructure	Holy_Trinity_Church_(Central_Falls,_Rhode_Island)
Place	Delphi,_Indiana
Architect	Thomas_P._Barber
Place	Lockport_(city),_New_York
Place	Petaluma,_California
Architect	Purcell_&_Elmslie
Place	Yonkers,_New_York
ArchitecturalStructure	Carlisle_Armory_(Carlisle,_Pennsylvania)
ArchitecturalStructure	Charles_W._Noyes_House
ArchitecturalStyle	Modern_architecture
Architect	Barnett,_Haynes_&_Barnett
ArchitecturalStructure	Automobile_Club_of_Buffalo
Architect	Robert_W._Gibson
ArchitecturalStyle	Queen_Anne_style_architecture
Place	Austin,_Nevada
Architect	Barker_&_Nourse
Place	Florida
Architect	William_Foster_(Iowa_architect)
ArchitecturalStructure	St._John_Chrysostom_Church_(Delafield,_Wisconsin)
ArchitecturalStyle	Gothic_Revival_architecture
ArchitecturalStructure	Dr._William_Gifford_House
ArchitecturalStyle	Art_Nouveau
Architect	Adolf_Cluss
Place	Milton,_Pennsylvania
Place	Prairie_du_Chien,_Wisconsin
ArchitecturalStyle	Churrigueresque
Architect	Walter_Gropius
Place	Sewickley_Township,_Westmoreland_County,_Pennsylvania
ArchitecturalStructure	Theodore_Baird_Residence
Place	Greenville,_Indiana
ArchitecturalStructure	A._P._Johnson_House
ArchitecturalStructure	St._Anthony's_Church_and_School_(Cedar_Rapids,_Nebraska)
Architect	Stephen_Decatur_Hatch
Architect	R._Stanley_Brown
ArchitecturalStructure	Cray_House_(Stevensville,_Maryland)
Place	Highland_Park,_Illinois
ArchitecturalStructure	Hawkins_House_(Reno,_Nevada)
Place	Barnard_College
ArchitecturalStructure	Menominee_County_Courthouse
Place	New_York_Avenue_(Washington,_D.C.)
Place	Bremo_Bluff,_Virginia
Place	Florence,_Arizona
ArchitecturalStructure	United_States_Customhouse_(New_Bedford,_Massachusetts)
Place	Defiance,_Ohio
ArchitecturalStyle	Monterey_Colonial_architecture
Place	Massachusetts
Architect	William_Hull
Place	Madison_Avenue
Place	Fort_Monroe
ArchitecturalStyle	First_Bay_Tradition
Place	Bethesda,_Maryland
Place	Oskaloosa,_Iowa
ArchitecturalStructure	Normal_School_for_Colored_Girls
Place	North_Carolina
Architect	Helfensteller,_Hirsch_&_Watson
Place	Delta,_Colorado
ArchitecturalStructure	Erie_Armory
Place	Chestertown,_Maryland
Place	Ponce,_Puerto_Rico
Architect	William_Tubby
Place	McClusky,_North_Dakota
Place	Clarence,_New_York
Place	Abbeville,_South_Carolina
ArchitecturalStructure	Anthony_and_Caroline_Isermann_House
Architect	Richard_M._Upjohn
Architect	Charles_C._Haight
Architect	R._H._Robertson
ArchitecturalStructure	Sanford_Grammar_School
ArchitecturalStyle	William_Rudolf_O'Donovan
Architect	Phillip_W._Roos
Place	University_of_Pennsylvania
Place	Ottawa,_Ohio
Place	Winona,_Minnesota
ArchitecturalStructure	Ramey_House
ArchitecturalStructure	First_Baptist_Church_(Cambridge,_Massachusetts)
Architect	Stiles_O._Clements
Place	Massachusetts_Avenue_(Washington,_D.C.)
Place	Portsmouth,_New_Hampshire
ArchitecturalStructure	San_Antonio_Municipal_Auditorium
Architect	Blas_C._Silva_Boucher
ArchitecturalStructure	Locust_Grove_(Samuel_F._B._Morse_House)
ArchitecturalStructure	Harvey_P._Sutton_House
Place	Nevada
Place	Pennypack_Park
Place	Cooperstown,_New_York
ArchitecturalStructure	William_and_Ann_Bringhurst_House
ArchitecturalStructure	North_Star_House_(Grass_Valley,_California)
Place	Nebraska
ArchitecturalStructure	Pythian_Castle_(Portsmouth,_Virginia)
Place	Punxsutawney,_Pennsylvania
Place	Kaysville,_Utah
Place	Albion_(village),_New_York
Place	Towson,_Maryland
ArchitecturalStructure	William_Montgomery_House_(Lancaster,_Pennsylvania)
Place	Glencoe,_Illinois
ArchitecturalStructure	MacDougal-Sullivan_Gardens_Historic_District
ArchitecturalStructure	Camp-Woods
Place	Nelsonville,_New_York
ArchitecturalStructure	Rice's_Hotel
ArchitecturalStructure	Benton_County_Courthouse_(Arkansas)
ArchitecturalStructure	Josephine_M._Hagerty_House
Place	Louisiana
Place	Waterbury,_Connecticut
Place	Kenosha,_Wisconsin
Place	Rhinebeck_(village),_New_York
Place	Wytheville,_Virginia
ArchitecturalStructure	Murdock_School
ArchitecturalStructure	Trinity_Episcopal_Church_(Litchfield,_Minnesota)
Architect	William_Thornton
Place	Brooklyn_Heights
ArchitecturalStructure	Nehemiah_Royce_House
Architect	Juan_Bertoli_Calderoni
ArchitecturalStructure	Merchants_National_Bank_(Saint_Paul)
Place	Ponca_City,_Oklahoma
Place	Dade_City,_Florida
Place	Lexington,_Nebraska
ArchitecturalStyle	Bungalow
ArchitecturalStructure	New_Bedford_Historic_District
Place	McCook,_Nebraska
ArchitecturalStructure	Joseph_Raphael_De_Lamar_House
ArchitecturalStructure	Savery_Hotel
Architect	Charles_Follen_McKim
Architect	Warren_and_Wetmore
Place	Berryville,_Virginia
ArchitecturalStructure	Gorham_A._Worth_House
Place	Ponce_Cathedral
Architect	William_Sidney_Pittman
Architect	Robert_Stacy-Judd
ArchitecturalStructure	Henderson_County_Courthouse_(North_Carolina)
ArchitecturalStructure	First_Presbyterian_Church_(Napoleon,_Ohio)
ArchitecturalStyle	Jacobean_architecture
Architect	Bullard_&_Bullard
ArchitecturalStructure	Lyndhurst_(mansion)
Place	Canton,_North_Carolina
Place	New_York
Place	Minneapolis
Architect	Edward_Overman
ArchitecturalStructure	Maud_and_Belle_Ainsworth_House
Architect	Lancelot_Sukert
Place	Springville,_Utah
ArchitecturalStyle	Mission_Revival_architecture
Architect	Alexander_Jackson_Davis
Place	London,_Ohio
Architect	Thomas_Telford
ArchitecturalStyle	Spanish_Colonial_architecture
Place	Greensboro,_North_Carolina
Place	Bedford_Township,_Bedford_County,_Pennsylvania
Place	Norfolk,_Virginia
Architect	Jerry_O'Mahony_Diner_Company
ArchitecturalStyle	Charles_Henry_Niehaus
Place	Erie,_Pennsylvania
Place	Pittsfield,_Massachusetts
ArchitecturalStyle	International_Style_(architecture)
ArchitecturalStyle	Googie_architecture
Place	Albany,_New_York
Architect	Howard_Van_Doren_Shaw
ArchitecturalStyle	Federal_architecture
ArchitecturalStructure	Unitarian_Universalist_Church_(Ann_Arbor,_Michigan)
Architect	Wyatt_&_Nolting
Place	Middletown,_Delaware
Architect	William_Gray_Purcell
Architect	Frank_Packard
Architect	American_Bridge_Company
Architect	James_Knox_Taylor
ArchitecturalStructure	United_States_Customhouse_(Old_Customhouse)_and_Post_Office
Architect	Wing_&_Mahurin
ArchitecturalStructure	Randolph_Hotel_(Des_Moines,_Iowa)
ArchitecturalStructure	James_Alexander_Veasey_House
ArchitecturalStructure	Drake-Curtis_House
ArchitecturalStructure	Hicks_Lumber_Company_Store
ArchitecturalStructure	Central_Library_(Portland,_Oregon)
ArchitecturalStyle	High_Victorian_Gothic
Place	Canton_(village),_New_York
ArchitecturalStructure	Athenwood_and_the_Thomas_W._Wood_Studio
Architect	Esenwein_&_Johnson
Place	Stetson,_Maine
Place	Newark,_New_Jersey
Architect	Lake_Shore_and_Michigan_Southern_Railway
ArchitecturalStructure	Adamson_House
ArchitecturalStructure	Little_Rock_United_States_Post_Office_and_Courthouse
ArchitecturalStructure	United_States_Post_Office_(Cooperstown,_New_York)
ArchitecturalStructure	Vanity_Ballroom_Building
Place	Lawrenceville,_Virginia
ArchitecturalStyle	National_Park_Service_rustic
Architect	Cass_Gilbert
ArchitecturalStructure	Gate,_Fence_and_Hollow_Tree_Shelter_Designed_by_Dionicio_Rodriguez
ArchitecturalStructure	Carlinville_Chapter_House
ArchitecturalStructure	United_States_Post_Office_and_Federal_Courthouse-Colorado_Springs_Main
ArchitecturalStyle	Spanish_Colonial_Revival_architecture
Place	Wellsburg,_West_Virginia
Architect	James_Murphy_(architect)
Architect	John_C._Cochrane
Architect	Maurice_B._Biscoe
Architect	Stuart_W._Cramer
ArchitecturalStructure	St._James_Episcopal_Church_(Oskaloosa,_Iowa)
ArchitecturalStructure	Edward_T._Gignoux_United_States_Courthouse
Architect	Charles_Bulfinch
ArchitecturalStructure	Lake_Shore_and_Michigan_Southern_Railway_Station_(Westfield,_New_York)
Place	Indiana
Architect	Levi_Scofield
ArchitecturalStructure	Sheridan_County_Courthouse_(North_Dakota)
Architect	Gordon_&_Kaelber
Place	Savannah,_Georgia
Place	Berwyn,_Illinois
ArchitecturalStyle	Territorial_Revival_architecture
Place	U.S._Route_83
ArchitecturalStructure	Grace_Episcopal_Church_(Jamestown,_North_Dakota)
ArchitecturalStructure	St._Stanislaus_Kostka_Church_(Pittsburgh)
ArchitecturalStructure	David_Davis_Mansion
Architect	Frederick_Clarke_Withers
ArchitecturalStructure	Residencia_Armstrong-Poventud
Architect	Joseph_Wohleb
Place	University_of_California,_Berkeley
Architect	George_Edward_Harney
Architect	Proudfoot_&_Bird
ArchitecturalStructure	Bemis_Hall_(Colorado_Springs,_Colorado)
Architect	Claude_Ashworth
Architect	Trost_&_Trost
Architect	Louis_H._Asbury
ArchitecturalStyle	Mediterranean_Revival_architecture
ArchitecturalStructure	Grant-Humphreys_Mansion
Place	Tulsa,_Oklahoma
Place	Hector,_New_York
Place	Asherton,_Texas
ArchitecturalStructure	Lake_George_Avenue_Historic_District
Place	Newport,_Rhode_Island
Place	Portland,_Maine
Place	Oregon,_Illinois
Place	Kingman,_Arizona
ArchitecturalStructure	First_Street_Tunnel
Architect	Detlef_Lienau
Architect	James_Brindley
Architect	Alfred_Oscar_Elzner
Place	Glynwood,_Ohio
Place	Texas
Place	Waynesburg,_Pennsylvania
ArchitecturalStyle	Romanesque_Revival_architecture
ArchitecturalStructure	Monumental_Church
Architect	Samuel_Hannaford
Architect	James_M._Creighton
Place	Salem,_Oregon
ArchitecturalStructure	Corning_Armory
Place	Ottumwa,_Iowa
Architect	James_B._Cook
Place	Cramerton,_North_Carolina
ArchitecturalStructure	First_Presbyterian_Church_(Lonoke,_Arkansas)
Architect	S._C._Bugbee_&_Son
ArchitecturalStructure	Commonwealth_Building_(Portland,_Oregon)
Architect	John_Galen_Howard
Place	Lynchburg,_Ohio
ArchitecturalStructure	Blandwood_Mansion_and_Gardens
ArchitecturalStructure	Bellefonte_Armory
Architect	Marcel_Breuer
ArchitecturalStructure	Casa_Vives
ArchitecturalStructure	First_Presbyterian_Church_(Hartford_City,_Indiana)
ArchitecturalStructure	First_Congregational_Church_of_Sterling
ArchitecturalStructure	Lovell_Beach_House
ArchitecturalStyle	Victorian_architecture
Architect	Ted_Rogich
Architect	Louis_Sullivan
Architect	Thom_&_Wilson
ArchitecturalStructure	Canton_Public_Library
Architect	William_Scott-Collins
Architect	Benjamin_Stoddert
ArchitecturalStyle	American_Foursquare
Architect	Lord_&_Schryver
ArchitecturalStructure	Peyton_Clark_Cottage
ArchitecturalStructure	Lee_Plaza_(Detroit)
ArchitecturalStructure	Former_Chicago_Historical_Society_Building
ArchitecturalStructure	Iowa_State_Capitol
Architect	H._Neill_Wilson
ArchitecturalStructure	Casa_Paoli
ArchitecturalStructure	North_Grove_Street_Historic_District
Place	Richmond_Hill,_Queens
Place	South_Yorkshire
Place	Detroit
ArchitecturalStructure	St._Paul's_Episcopal_Church_(Rugby,_North_Dakota)
Place	Cedar_Rapids,_Nebraska
Architect	Charles_W._Clinton
Place	Purcellville,_Virginia
ArchitecturalStructure	Webb_County_Courthouse_(Texas)
Place	Ossining_(village),_New_York
ArchitecturalStructure	Strand_Theatre_(Ithaca,_New_York)
ArchitecturalStructure	Corbin_Building
Place	Malheur_National_Wildlife_Refuge
ArchitecturalStructure	Watson-Curtze_Mansion
Place	Poughkeepsie_(town),_New_York
Place	Jackson,_Alabama
Place	Saratoga_Springs,_New_York
ArchitecturalStructure	Florence_County_Courthouse_and_Jail
ArchitecturalStructure	George_Madison_Millard_House
ArchitecturalStructure	Defiance_Public_Library
ArchitecturalStructure	Greenbelt_Knoll
Architect	Thomas_H._Atherton
Place	U.S._Route_42
Architect	Mott_B._Schmidt
ArchitecturalStyle	Egyptian_Revival_architecture
Place	Napoleon,_Ohio
ArchitecturalStructure	Edgehill_Church_of_Spuyten_Duyvil
ArchitecturalStructure	Frank_and_Jane_Isermann_House
ArchitecturalStructure	Anderson_County_Courthouse_(Texas)
Architect	Hoppin_&_Koen
Architect	Stephen_Hills
Place	Rock_Creek_Park
ArchitecturalStructure	Bells_Mills_Covered_Bridge
ArchitecturalStructure	United_States_Customhouse_(Savannah,_Georgia)
Architect	Minard_Lafever
Place	Santa_Barbara,_California
Architect	James_Keys_Wilson
ArchitecturalStructure	House_at_8_Berkley_Drive
Place	Lima,_Ohio
Place	Roslyn,_New_York
Architect	Alfred_H._Piquenard
Place	Umpqua_National_Forest
Architect	John_Rudolph_Niernsee
ArchitecturalStructure	Forest_City_Baptist_Church
ArchitecturalStyle	American_Renaissance
ArchitecturalStructure	Standedge_Tunnels
Place	Pasadena,_California
Architect	Thomas_Henry_Poole
ArchitecturalStructure	Cortland_County_Courthouse
Place	Elmira,_New_York
Place	Bellefontaine,_Ohio
ArchitecturalStructure	Maple_Lawn
ArchitecturalStructure	Woodbury_County_Courthouse
Architect	James_W._Reid_(architect)
ArchitecturalStructure	Robert_M._Lamp_House
ArchitecturalStructure	Davidson_County_Courthouse_(Tennessee)
ArchitecturalStructure	Franklin_Hotel_(Kent,_Ohio)
Architect	Leon_E._Dessez
Architect	United_States_Department_of_the_Treasury
ArchitecturalStructure	Long_Beach_Main_Post_Office
ArchitecturalStructure	Miss_Albany_Diner
ArchitecturalStructure	Basilica_of_the_National_Shrine_of_the_Assumption_of_the_Blessed_Virgin_Mary
Place	Oregon
Architect	James_Bogardus
ArchitecturalStructure	Senior_Hall_(Berkeley,_California)
Architect	Claude_and_Starck
ArchitecturalStructure	Bremo_Historic_District
ArchitecturalStructure	Hull's_Trace_North_Huron_River_Corduroy_Segment
Place	Keene,_New_York
Place	Tarrytown,_New_York
Place	Puerto_Rico
Place	Lufkin,_Texas
ArchitecturalStructure	Church_of_the_Holy_Apostles_(Manhattan)
ArchitecturalStructure	Albright_Memorial_Building
Architect	Edward_Brickell_White
Architect	Oscar_Wenderoth
Place	Louisa,_Virginia
Architect	William_Haugaard
ArchitecturalStyle	Jacobethan
ArchitecturalStructure	St._Philip's_Episcopal_Church_(Manhattan)
ArchitecturalStructure	Hopkins_Store
Architect	Thomas_L._Allen
Architect	Daniel_P._Bell
ArchitecturalStructure	United_States_Post_Office_(Canton,_New_York)
ArchitecturalStructure	James_F._D._Lanier_Residence
Place	Falcon,_North_Carolina
ArchitecturalStructure	Christ_Church_Detroit
ArchitecturalStructure	Meridian_Hall
ArchitecturalStructure	National_Building_Museum
ArchitecturalStructure	Christian_Miller_House
Architect	Spier_&_Rohns
ArchitecturalStructure	Asher_and_Mary_Isabelle_Richardson_House
Architect	George_Oakley_Totten,_Jr.
Architect	George_Washington_Foster
Place	Hendersonville,_North_Carolina
ArchitecturalStyle	Faux_bois
Architect	Patrick_W._Ford
Architect	Francis_H._Kimball
ArchitecturalStructure	Brandreth_Pill_Factory
Architect	Peter_Harrison_(architect)
ArchitecturalStructure	Bonstelle_Theatre
Architect	James_Renwick,_Jr.
ArchitecturalStructure	City_Hall_(Plattsburgh,_New_York)
ArchitecturalStructure	Commodore_Hotel_(Portland,_Oregon)
ArchitecturalStructure	Robert_Llewellyn_Wright_House
Architect	Richard_Upjohn
Place	Raisin_Charter_Township,_Michigan
ArchitecturalStructure	Stetson_Union_Church
ArchitecturalStructure	Reading_Railroad_Freight_Station
Place	Campus_of_the_University_of_California,_Berkeley
Architect	Joseph_A._Shannon
Place	Bryn_Athyn,_Pennsylvania
Place	LaBelle,_Florida
ArchitecturalStructure	Eustatia
Architect	Julius_A._Culbreth
Architect	James_E._Clancy
Place	Reno,_Nevada
ArchitecturalStructure	St._Sebastian's_Catholic_Church_(Sebastian,_Ohio)
ArchitecturalStructure	Captain_Stone_House
ArchitecturalStructure	Bowers-Tripp_House
Place	Hillsborough,_California
ArchitecturalStyle	Neoclassicism
Architect	Starrett_&_van_Vleck
Architect	Joseph_Cruickshank_Talbot
ArchitecturalStructure	Vancroft
Architect	Henry_E._Bonitz
Architect	Elmer_Grey
Place	Corning_(city),_New_York
Place	Inglewood,_California
ArchitecturalStructure	Lynfeld
ArchitecturalStyle	Romanesque_architecture
Architect	Charles_Klauder
Architect	Richard_Morris_Hunt
ArchitecturalStructure	New_Haven_Lawn_Club
Architect	Buechner_&_Orth
Place	Long_Beach,_New_York
Place	Calais,_Maine
ArchitecturalStructure	Campbell-Whittlesey_House
Architect	Barry_Byrne
ArchitecturalStructure	Cummins_School
Place	Muncie,_Indiana
ArchitecturalStructure	Jefferson_County_Courthouse_(Florida)
Place	Bridgeport,_Connecticut
Place	Wapakoneta,_Ohio
ArchitecturalStructure	Pilgrim_Memorial_Church_and_Parish_House
Architect	Marcus_F._Cummings
ArchitecturalStructure	St._Paul's_Episcopal_Church_(Hicksville,_Ohio)
Architect	Judah_Woodruff
ArchitecturalStructure	First_Congregational_Church,_Former_(Sioux_City,_Iowa)
ArchitecturalStructure	Vermont_State_House
Place	Wheaton,_Illinois
Architect	Sidney_Badgley
Architect	Gurdon_P._Randall
ArchitecturalStructure	Joseph_Beale_House
ArchitecturalStructure	First_Universalist_Church_(Rochester,_New_York)
Place	Ashley,_North_Dakota
ArchitecturalStyle	Vernacular_architecture
Architect	Texas_Department_of_Transportation
Architect	Alfred_Peck_Edgerton
Place	Honolulu
Place	Saint_Paul,_Minnesota
Architect	Edgar_M._Lazarus
ArchitecturalStructure	Senator_Hotel
ArchitecturalStructure	Poncan_Theatre
Place	New_Bedford,_Massachusetts
ArchitecturalStyle	Akron_Plan
ArchitecturalStructure	Fort_Wayne_Old_City_Hall_Building
Place	Bloomington,_Indiana
ArchitecturalStructure	Road_Island_Diner
ArchitecturalStructure	United_States_Post_Office_(Port_Jervis,_New_York)
Place	Menominee,_Michigan
Place	Montpelier,_Vermont
Architect	Vertner_Woodson_Tandy
ArchitecturalStructure	New_Mexico_Supreme_Court_Building
Place	Lancaster,_Pennsylvania
ArchitecturalStructure	B._Harley_Bradley_House
Architect	Paterson,_New_Jersey
Place	Davenport,_Iowa
Place	Pittsburgh
ArchitecturalStyle	Carpenter_Gothic
Place	California
Architect	John_Eberson
Architect	Preston_J._Bradshaw
Architect	Gorham_A._Worth
Architect	Henry_Fernbach
ArchitecturalStructure	Santiago_E._Campos_United_States_Courthouse
Place	Wallingford,_Connecticut
Place	Ithaca,_New_York
ArchitecturalStructure	First_Presbyterian_Church_of_Hector
Place	Odessa,_Texas
Architect	Richard_Henry_Dana_III
ArchitecturalStructure	City_Market_(Charleston,_South_Carolina)
ArchitecturalStructure	Finch_Building_(Scranton,_Pennsylvania)
Architect	William_Augustus_Edwards
ArchitecturalStructure	Richardson_Olmsted_Complex
Architect	Peabody_and_Stearns
ArchitecturalStructure	Frank_Chamberlain_Clark_House
ArchitecturalStructure	United_States_Post_Office,_Courthouse,_and_Customhouse_(Wilmington,_Delaware)
Place	Beacon,_New_York
ArchitecturalStructure	Summit_Stake_Tabernacle
Architect	Joseph_Bell_DeRemer
Architect	Henry_Engelbert
Place	Monterey,_California
ArchitecturalStructure	Falcon_Tabernacle
ArchitecturalStructure	Pasco_County_Courthouse
ArchitecturalStyle	Art_Deco
Place	Trenton,_New_Jersey
ArchitecturalStructure	Fugina_House
Architect	Joseph_W._Yost
Place	Atlanta
ArchitecturalStructure	House_at_226_West_Penn_Street
ArchitecturalStructure	Jackson_Branch_Bridge_No._15
Place	Malibu,_California
Place	DeKalb_County,_Illinois
Architect	Manuel_V._Domenech
ArchitecturalStructure	Boardman_House_(Ithaca,_New_York)
ArchitecturalStructure	Moriah_Town_Office_Building
Architect	Charles_Noble
Place	Newton,_Massachusetts
Place	Sanford,_Florida
Architect	Ammi_B._Young
Architect	Prince_W._Spears
Architect	D._Wiley_Anderson
Place	Mansfield,_Ohio
Architect	Trowbridge_&_Livingston
Place	Schenectady,_New_York
ArchitecturalStructure	Old_Central_Grammar_School
Architect	Richard_Requa
Place	Birmingham,_Alabama
Architect	George_W._Conable
Place	Talladega,_Alabama
Place	Maitland,_Florida
Architect	William_Adams_Delano
ArchitecturalStructure	Gaineswood
Architect	Seaboard_Air_Line_Railroad
Architect	Edward_Parsons_(architect)
ArchitecturalStructure	Boxley_Place
Place	Ironton,_Ohio
Place	Fredericksburg,_Texas
Place	Potsdam,_New_York
ArchitecturalStructure	Gate_City_Historic_District
Architect	Addison_Hutton
Place	Ann_Arbor,_Michigan
Place	Medford,_Oregon
Architect	Henry_C._Dudley
ArchitecturalStructure	Jacob_Weinberger_United_States_Courthouse
ArchitecturalStructure	Putnam_County_Courthouse_(Ohio)
ArchitecturalStructure	St._Peters_Catholic_Church_(Worcester,_Massachusetts)
ArchitecturalStructure	New_Orleans_Mint
ArchitecturalStructure	Renaissance_Building_(Richmond,_Virginia)
Place	Sebastian,_Ohio
Architect	Brainerd_Jones
ArchitecturalStructure	The_Qube_(Detroit)
Architect	Kimball_&_Thompson
ArchitecturalStructure	Mayworth_School
ArchitecturalStructure	St._Anne's_Episcopal_Church_(Calais,_Maine)
ArchitecturalStructure	Hanna_Hall_(Waynesburg_University)
ArchitecturalStructure	St._Louis_Church_(Fall_River,_Massachusetts)
ArchitecturalStructure	Greenwich_Town_Hall_(Connecticut)
ArchitecturalStructure	Unity_Temple
Architect	Charles_A._Cregar
Architect	William_L._Steele
ArchitecturalStructure	Scottdale_Armory
ArchitecturalStructure	Doctors'_Building_(Cincinnati,_Ohio)
Architect	William_H._Corlett
Place	San_Francisco
Place	Burlington,_North_Carolina
Place	Lonoke,_Arkansas
Architect	George_Hancock_(architect)
ArchitecturalStructure	David_S._Creigh_House
Place	Brownstown_Charter_Township,_Michigan
ArchitecturalStructure	Nuits_(historic_house)
ArchitecturalStyle	Prairie_School
ArchitecturalStructure	Rich_Bottom_Farm
Place	Springfield,_Ohio
ArchitecturalStructure	Society_for_the_Lying-In_Hospital
ArchitecturalStructure	MacPheadris-Warner_House
ArchitecturalStructure	Alms_and_Doepke_Dry_Goods_Company
ArchitecturalStructure	Simpson_Memorial_United_Methodist_Church_(Greenville,_Indiana)
Architect	Edward_Columbus_Hosford
ArchitecturalStructure	Ben_and_Harriet_Schulein_House
ArchitecturalStructure	D._H._Regan_House
Place	Philipstown,_New_York
ArchitecturalStructure	William_A._Glasner_House
ArchitecturalStructure	Church_of_the_Good_Shepherd_(Maitland,_Florida)
ArchitecturalStructure	Trinity_Chapel_Complex
ArchitecturalStructure	DuPage_County_Courthouse
ArchitecturalStructure	John_Kendrick_House
Place	Meridian,_Mississippi
Architect	Julia_Morgan
Place	Florence,_Alabama
Architect	George_O._Garnsey
Place	Brooklyn
ArchitecturalStructure	Center_School_(Omaha)
Place	Wilmington,_Delaware
ArchitecturalStructure	John_Wesley_Methodist_Church
Architect	Raymond_Hood
ArchitecturalStructure	Willet_Titus_House
Architect	Jacob_M._Nachtigall
Architect	Shirley_Simons
Place	Belleview,_Florida
Architect	James_A._Wetmore
ArchitecturalStructure	Lynchburg_Covered_Bridge
ArchitecturalStructure	Rincon_Center
Architect	David_R._Brown_(architect)
Architect	Peter_J._Barber
ArchitecturalStructure	Mary_E._Switzer_Memorial_Building
Place	Hampton,_Virginia
Architect	John_Henry_Devereux
Place	Lewisburg,_Pennsylvania
ArchitecturalStructure	Belleview_School
ArchitecturalStructure	Mayfair_Mansions_Apartments
Architect	John_Russell_Pope
ArchitecturalStructure	Barton_Academy
Architect	Marston,_Van_Pelt_&_Maybury
Place	Richmond,_Virginia
ArchitecturalStructure	Former_Emigrant_Industrial_Savings_Bank_building
Architect	John_Hawks_(architect)
Architect	Boal_and_Harnois
ArchitecturalStructure	United_States_Post_Office_(Saratoga_Springs,_New_York)
ArchitecturalStructure	Saint_Paul_Women's_City_Club
ArchitecturalStructure	Dr._Luke_A._Port_House
ArchitecturalStructure	Johnson_Manufacturing_Company
Place	Palestine,_Texas
Architect	Frank_Chamberlain_Clark
ArchitecturalStructure	Joaquin_Miller_House
Place	Derbyshire
ArchitecturalStructure	Alexandria_Hotel_and_Annex
Place	Edwardsville,_Illinois
ArchitecturalStructure	Casa_Font-Ubides
Architect	Herman_Brookman
ArchitecturalStyle	Second_Empire_architecture
Place	Gate_City,_Virginia
Place	Asheville,_North_Carolina
Place	Delafield,_Wisconsin
ArchitecturalStructure	Daily_News_Building
Architect	Brentwood_S._Tolan
ArchitecturalStyle	Richardsonian_Romanesque
Architect	Jacob_Wrey_Mould
ArchitecturalStructure	Block_Realty-Baker_House
Architect	Thomas_Waterman_Wood
Place	Michigan
ArchitecturalStyle	Clergy_house
Architect	Wilbur_B._Talley
ArchitecturalStructure	John_C._Fremont_Branch_Library,_Los_Angeles
Place	Alabama
Architect	A._E._Doyle
ArchitecturalStructure	Volta_Laboratory_and_Bureau
ArchitecturalStructure	United_States_Post_Office_and_Courthouse_(Charleston,_South_Carolina)
Architect	Minoru_Yamasaki
Place	Augusta,_Georgia
ArchitecturalStructure	Old_Nassau_County_Courthouse_(New_York)
Architect	Albert_Schippel
ArchitecturalStructure	David_W._Smouse_Opportunity_School
Architect	John_H._Duncan
Architect	Louis_Kahn
ArchitecturalStructure	Fredericksburg_Memorial_Library_(Texas)
Place	Perry_(village),_New_York
Architect	Luckett_and_Farley
Architect	Warren_R._Briggs
Place	Broadway_(Manhattan)
Place	United_States
Architect	Jackson_C._Gott
Architect	Wheeler_&_Runge
Architect	DeCurtins
Place	Laredo,_Texas
ArchitecturalStructure	Alexander_W._Arbuckle_I_House
ArchitecturalStructure	Willard_Library
Place	Cambridge,_Massachusetts
ArchitecturalStructure	St._Mark's_Episcopal_Church_(Jim_Thorpe,_Pennsylvania)
Place	Rochester,_New_York
Architect	Jens_Jensen_(landscape_architect)
Architect	Russell_Barr_Williamson
Architect	John_Parks_Almand
ArchitecturalStructure	Merrick_County_Courthouse
Architect	Rudolph_Tietig
ArchitecturalStructure	Gilsey_House
Place	Baltimore
Place	Lewisburg,_West_Virginia
Place	Laramie,_Wyoming
Place	Reedsburg,_Wisconsin
Architect	William_F._Gernandt
Place	Napa,_California
Place	Hamilton,_Virginia
Place	Pennsylvania_Avenue_(Washington,_D.C.)
ArchitecturalStructure	Brooklyn_Historical_Society
Place	Wilmette,_Illinois
Architect	Frederick_G._Clausen
ArchitecturalStructure	Dr._Henry_Leetch_House
Place	Macon,_Georgia
Place	Oshkosh,_Nebraska
Place	Grangeville,_Idaho
ArchitecturalStructure	Lander_County_Courthouse
Place	Batavia,_Illinois
Place	Iuka,_Mississippi
ArchitecturalStructure	Grand_Hotel_(New_York_City)
Place	Minnesota
ArchitecturalStructure	Phipps_Conservatory_and_Botanical_Gardens
Architect	Charles_Henry_Page
ArchitecturalStyle	Usonia
ArchitecturalStructure	Elk's_Lodge_No._468
ArchitecturalStructure	Saint_Leonard_Catholic_Church_(Madison,_Nebraska)
Place	Cincinnati
ArchitecturalStyle	Italianate_architecture
ArchitecturalStructure	Widehall
ArchitecturalStructure	Harlem_Courthouse
Place	Celina,_Ohio
Place	Colorado_Springs,_Colorado
ArchitecturalStructure	Old_Post_Office_and_Courthouse_(Auburn,_New_York)
Architect	Mowbray_and_Uffinger
ArchitecturalStructure	William_Lawrence_House_(Bellefontaine,_Ohio)
Place	Sioux_City,_Iowa
Place	New_Hamburg,_New_York
ArchitecturalStructure	Mecklenburg_County_Courthouse_(North_Carolina)
ArchitecturalStructure	Oregon_State_Forester's_Office_Building
ArchitecturalStructure	St._James_A._M._E._Church_(Sanford,_Florida)
Architect	Bela_Janowsky
ArchitecturalStructure	Dr._J._W._S._Gallagher_House
ArchitecturalStructure	St._Philip's_Church_in_the_Highlands
Place	Canton,_Ohio
Architect	C._Howard_Crane
Place	Ednam,_Virginia
ArchitecturalStructure	Glenview_Mansion
Place	Tyler,_Texas
Place	Carlinville,_Illinois
ArchitecturalStructure	Kent_Road_Village
ArchitecturalStructure	Doris_Foley_Library_for_Historical_Research
Architect	Herbert_Woodley_Simpson
ArchitecturalStructure	Sussex_County_Courthouse_Historic_District
Architect	Malcomson_and_Higginbotham
Architect	Louis_Magaziner
ArchitecturalStructure	Bruce_Price_Cottage
Place	Middletown,_Orange_County,_New_York
Place	Leesburg,_Virginia
ArchitecturalStructure	Richards_Medical_Research_Laboratories
Architect	Joseph_Lyman_Silsbee
ArchitecturalStructure	Dingley_Building
Architect	George_Rodney_Willis
Place	Connecticut
ArchitecturalStructure	Cochran_Grange
ArchitecturalStructure	Rock_Spring_Farm
ArchitecturalStyle	Palladian_architecture
Architect	Gable
Place	University_of_North_Dakota
ArchitecturalStructure	Swanwyck
ArchitecturalStructure	St._Hedwig's_Roman_Catholic_Church
Place	Little_Rock,_Arkansas
ArchitecturalStructure	Branch_House
ArchitecturalStyle	Antebellum_architecture
ArchitecturalStructure	Clermont_Academy
Architect	H.L._Stevens_&_Company
Place	Austin,_Texas
Architect	Frank_Shaver_Allen
Architect	John_McDonald_(architect)
ArchitecturalStructure	Rice_County_Courthouse_and_Jail
Architect	T._Thomas_and_Son
Architect	Shepley,_Rutan_and_Coolidge
Architect	Gordon_W._Lloyd
Place	Wiscasset,_Maine
ArchitecturalStructure	Royal_Mausoleum_of_Hawaii
ArchitecturalStructure	Albany_City_Hall
Place	Madison,_Wisconsin
Place	Coalville,_Utah
Place	Spuyten_Duyvil,_Bronx
Architect	Percy_Dwight_Bentley
ArchitecturalStructure	Marble_House
Architect	Jules_Leffland
Architect	Maxwell_Hyde
Place	East_Marlborough_Township,_Chester_County,_Pennsylvania
Architect	Edward_Brodhead_Green
ArchitecturalStructure	Garden_County_Courthouse
Place	Bentonville,_Arkansas
Place	Faribault,_Minnesota
ArchitecturalStructure	Wickliffe_Presbyterian_Church
Place	Newburgh_(city),_New_York
Place	Lake_Placid,_New_York
Architect	Nathan_Bryan_Whitfield
Architect	Charles_Babcock
Architect	Pietro_Belluschi
Architect	Benton_&_Benton
Place	Northville,_Michigan
ArchitecturalStructure	Mount_Kisco_Municipal_Complex
ArchitecturalStructure	Kibler_High_School
Place	Port_Henry,_New_York
Architect	John_Welch_(architect)
ArchitecturalStructure	John_Valentine_House
Architect	Chester_Holmes_Aldrich
Place	Kingsville,_Texas
ArchitecturalStructure	Museum_of_Newport_History
Place	Sussex,_Virginia
ArchitecturalStructure	Fairfield_(Berryville,_Virginia)
Place	Gaffney,_South_Carolina
Place	Port_Jervis,_New_York
ArchitecturalStructure	Valleau_Tavern
Place	Aberdeen,_Mississippi
ArchitecturalStructure	Mendocino_Presbyterian_Church
Architect	Elmer_F._Behrns
Architect	Samuel_A._Warner
Place	Westfield_(village),_New_York
Place	New_York_City
Place	Farmington,_Connecticut
Place	Rhode_Island
ArchitecturalStructure	Walter_Gale_House
Architect	Gilbert_Stanley_Underwood
ArchitecturalStructure	Jordanville_Public_Library
ArchitecturalStructure	St._Michael's_Church_(99th_Street,_Manhattan)
Architect	John_Wellborn_Root
Place	Bloomington,_Illinois
Place	Wappingers_Falls,_New_York
ArchitecturalStructure	Gilbert_M._Simmons_Memorial_Library
ArchitecturalStyle	Corduroy_road
Place	Beverly_Hills,_California
ArchitecturalStructure	Adolph_Brower_House
ArchitecturalStructure	Film_Center_Building
Architect	P.J._Krouse
Architect	C._P._H._Gilbert
Architect	Rudolph_Schindler_(architect)
Place	Demopolis,_Alabama
Architect	W._H._Weeks
Place	Berkeley,_California
Place	Round_Hill,_Loudoun_County,_Virginia
ArchitecturalStructure	Detroit_Masonic_Temple
Architect	Jacob_Haish
ArchitecturalStructure	Tiller_Ranger_Station
Architect	John_Latenser,_Sr.
ArchitecturalStructure	Metropolitan_Baptist_Church_(New_York_City)
Place	Ticonderoga_(hamlet),_New_York
ArchitecturalStyle	Beaux-Arts_architecture
ArchitecturalStructure	Henry_Delamater_House
ArchitecturalStructure	William_Jennings_Bryan_House_(Asheville,_North_Carolina)
Architect	Rancho_La_Ballona
Place	Peru,_New_York
Place	St._Joseph,_Missouri
Place	Hyde_Park,_New_York
ArchitecturalStructure	Charles_D._McIver_School
Place	Jim_Thorpe,_Pennsylvania
ArchitecturalStructure	Rotch-Jones-Duff_House_and_Garden_Museum
ArchitecturalStructure	Stuckman_Cottage
Architect	Dinnie_Brothers
Place	Des_Moines,_Iowa
Place	Garrison,_New_York
ArchitecturalStructure	Norwood_Tunnel
ArchitecturalStructure	Mrs._A._W._Gridley_House
Architect	Joseph_F._Kuntz
ArchitecturalStructure	Minneapolis_City_Hall
Place	Hartford_City,_Indiana
ArchitecturalStructure	Elston_Hall
Architect	E._Townsend_Mix
Place	Dallas
ArchitecturalStructure	John_Street_Methodist_Church
ArchitecturalStructure	Frederick_and_Della_Dunn_House
Architect	Patton_&_Miller
Architect	Albert_Cassell
ArchitecturalStructure	St._Thomas_Aquinas_Chapel_(Ojai,_California)
Architect	George_Grant_Elmslie
ArchitecturalStructure	Clinton_Avenue_Historic_District_(Albany,_New_York)
Place	Evansville,_Indiana
Architect	Willis_Polk
Architect	Albert_O._Clark
ArchitecturalStructure	Central_Congregational_Church_(Newton,_Massachusetts)
ArchitecturalStructure	New_York_Mutual_Life_Insurance_Company_Building
ArchitecturalStructure	St._Patrick's_Catholic_Church_(Glynwood,_Ohio)
ArchitecturalStructure	Church_of_St._Luke_and_St._Matthew_(Brooklyn,_New_York)
ArchitecturalStructure	United_States_Post_Office_(Garden_City,_New_York)
ArchitecturalStructure	Masonic_Center_(Grand_Forks,_North_Dakota)
Place	Lewiston,_Maine
Architect	John_W._Dunn_(architect)
ArchitecturalStructure	16th_Street_Baptist_Church
ArchitecturalStructure	Christ_Episcopal_Church_(Joliet,_Illinois)
ArchitecturalStructure	Edwin_M._and_Emily_S._Johnston_House
ArchitecturalStructure	West_Point_Rice_Mill
Architect	Alfred_B._Mullett
ArchitecturalStructure	Lombardy_Apartment_Building
Place	Amherst,_Massachusetts
ArchitecturalStructure	St._Sophia_Home_of_the_Little_Sisters_of_the_Poor
Architect	J._Cleaveland_Cady
Place	Tuxedo_Park,_New_York
Place	Newport_Beach,_California
Architect	Daniel_Chester_French
ArchitecturalStructure	Trenton_Battle_Monument
Architect	Wesley_Arnold
ArchitecturalStructure	Villa_Anneslie
Architect	Irwin_T._Catharine
Place	Central_Falls,_Rhode_Island
Architect	Robert_M._Ayres
Architect	Donaldson_and_Meier
ArchitecturalStructure	T._M._Kurtz_House
ArchitecturalStyle	Truss_bridge
ArchitecturalStructure	Scarab_Club
Architect	United_States_Forest_Service
ArchitecturalStructure	Fred_B._Jones_House
Place	Clayton,_New_Mexico
ArchitecturalStyle	Colonial_Revival_architecture
ArchitecturalStructure	Old_Third_District_Courthouse
ArchitecturalStyle	Log_cabin
Place	Au_Sable,_New_York
Place	Tonawanda_(city),_New_York
Place	Newland,_North_Carolina
Architect	Alfred_Giles_(architect)
Place	Maine
ArchitecturalStructure	Grace_Episcopal_Church_Complex_(Queens)
Place	Nevada_County,_California
Architect	Smith_&_Carrier
ArchitecturalStructure	United_Lutheran_Church_(Grand_Forks,_North_Dakota)
Architect	Benjamin_Henry_Latrobe
ArchitecturalStructure	Weil_Hall_(Gainesville,_Florida)
ArchitecturalStructure	Friendship_Baptist_Church
ArchitecturalStructure	John_B._Ragland_Mercantile_Company_Building
Place	Victoria,_Texas
ArchitecturalStructure	Harriet_Island_Pavilion
Place	Portsmouth,_Virginia
ArchitecturalStructure	Saturn_Club
Place	Madison,_Nebraska
Architect	Long_and_Kees
ArchitecturalStructure	South_Brook_Farm
Place	Fountain_City,_Wisconsin
Architect	Paul_Philippe_Cret
ArchitecturalStructure	Chapel_of_the_Centurion
Architect	Atlee_Ayres
ArchitecturalStructure	Abraham_Brower_House
Place	Lawrence,_Kansas
Place	Ticonderoga,_New_York
ArchitecturalStructure	Marine_Chapter_House
ArchitecturalStructure	Wales_House_(Hyde_Park,_New_York)
Place	Ninth_Avenue_(Manhattan)
ArchitecturalStructure	United_States_Post_Office_(Burlington,_North_Carolina)
Architect	Irving_Gorman
Architect	Charles_B._Atwood
ArchitecturalStructure	St._James'_Episcopal_Church_and_Parish_House
Place	Oakland,_California
Architect	Thomas_O._Larkin
ArchitecturalStructure	Sidney_D._Miller_Middle_School
Place	Cortland,_New_York
ArchitecturalStructure	Holy_Trinity_Episcopal_Church_(Swanton,_Vermont)
Architect	John_Rochester_Thomas
Architect	George_B._Post
Architect	Russell_Warren_(architect)
ArchitecturalStructure	Dr._Susan_LaFlesche_Picotte_Memorial_Hospital
Place	Monrovia,_California
Architect	Claude_Fayette_Bragdon
ArchitecturalStructure	Paramount_Theatre_(Middletown,_New_York)
Architect	Duane_Lyman
ArchitecturalStructure	First_Presbyterian_Church_(Augusta,_Georgia)
ArchitecturalStructure	Winton_Place_Methodist_Episcopal_Church
ArchitecturalStructure	Henry_Blood_House
Place	Scranton,_Pennsylvania
ArchitecturalStructure	New_London_Public_Library
ArchitecturalStructure	United_States_Post_Office_(Flatbush,_Brooklyn)
Architect	William_Strickland_(architect)
Architect	Benjamin_D._Price
Place	Pennsylvania
Place	Denver
ArchitecturalStructure	Cathedral_Church_of_St._Paul_(Detroit)
Place	Carlisle,_Pennsylvania
ArchitecturalStructure	E._S._Hoyt_House
ArchitecturalStructure	Tousley-Church_House
Place	New_Bern,_North_Carolina
ArchitecturalStructure	J._Clarence_Kind_House
Architect	Hubert_G._Ripley
Place	Homer_(village),_New_York
ArchitecturalStructure	Jasper_County_Courthouse_(Jasper,_Texas)
ArchitecturalStructure	Edward_King_House
ArchitecturalStructure	Ednam_House
Architect	Richard_Sharp_Smith
Architect	Levi_Weeks
Architect	Guy_Fulton
Architect	Solon_Spencer_Beman
ArchitecturalStructure	Ford_Valve_Plant
ArchitecturalStyle	Shingle_style_architecture
Place	Central_City,_Nebraska
Architect	George_M._Coombs
Place	Irvington,_New_York
ArchitecturalStructure	Harold_C._Bradley_House
ArchitecturalStructure	Ida_M._Rice_House
ArchitecturalStyle	Lustron_house
Architect	Lustron_house
Place	Paradise,_Nevada
ArchitecturalStructure	Schines_Auburn_Theatre
Place	Hettinger,_North_Dakota
ArchitecturalStructure	Winnie_Davis_Hall
Place	Scottdale,_Pennsylvania
Place	Worcester,_Massachusetts
Architect	Theodore_Heuck
ArchitecturalStructure	Students'_Hall
ArchitecturalStyle	Skyscraper
Architect	John_Mead_Howells
Place	Buffalo,_New_York
ArchitecturalStructure	First_Church_of_Christ,_Unitarian
Place	Iowa
ArchitecturalStyle	Chicago_school_(architecture)
Architect	John_C._Gregg
ArchitecturalStructure	Seeberger-Loring-Kilburn_House
ArchitecturalStyle	Dutch_Colonial_Revival_architecture
Architect	Ira_Rush
Place	Nashville,_Tennessee
ArchitecturalStructure	Woodward_Avenue_Presbyterian_Church
ArchitecturalStructure	Joseph_Bell_DeRemer_House
ArchitecturalStyle	Thomas_Eakins
ArchitecturalStructure	P_Ranch
ArchitecturalStructure	Bankers_Trust_Company_Building,_Detroit
Place	El_Paso,_Texas
Place	Kankakee,_Illinois
ArchitecturalStructure	Malcolm_Willey_House
ArchitecturalStructure	Johnston-Felton-Hay_House
ArchitecturalStructure	Adolphus_Hotel
ArchitecturalStructure	United_States_Post_Office_(Homer,_New_York)
Architect	Henry_Ives_Cobb
Place	Sacramento,_California
Place	Monticello,_Florida
ArchitecturalStructure	Emanuel_United_Church_of_Christ_(Lincolnton,_North_Carolina)
ArchitecturalStructure	Scarlet_Oaks
ArchitecturalStructure	First_Church_of_Christ,_Congregational_(Farmington,_Connecticut)
ArchitecturalStructure	Halcyon_House
Architect	Snowden_Ashford
ArchitecturalStructure	Government_Street_Presbyterian_Church
Architect	Louis_A._Simon
ArchitecturalStructure	Klingle_Valley_Bridge
ArchitecturalStructure	Brookshire,_Houston-Yeates_House
ArchitecturalStructure	Church_of_Our_Saviour_(Iuka,_Mississippi)
ArchitecturalStructure	St._John's_Episcopal_Church_(Wytheville,_Virginia)
Place	Villanova,_Pennsylvania
Place	Olympia,_Washington
ArchitecturalStructure	Alfred_E._Dickey_Free_Library
Place	Long_Beach,_California
Architect	Frank_E._Wetherell
Architect	James_Gallier
Architect	William_Drago
ArchitecturalStyle	Renaissance_architecture
Architect	Olmsted_Brothers
ArchitecturalStructure	Sonnenberg_Gardens
ArchitecturalStructure	Villa_Louis
Place	Florida,_Orange_County,_New_York
ArchitecturalStructure	Carpenter's_Flats_Bridge
Place	Greenwich,_Connecticut
ArchitecturalStructure	Grand_Army_of_the_Republic_Memorial_Hall_(Ironton,_Ohio)
ArchitecturalStructure	Ranney_Bridge
Architect	James_H._Dakin
ArchitecturalStructure	United_States_Post_Office_(Oil_City,_Pennsylvania)
Place	Gainesville,_Florida
Place	Lakeland,_Florida
ArchitecturalStructure	Venice_of_America_House
ArchitecturalStructure	First_Methodist_Episcopal_Church_of_Delta
ArchitecturalStyle	Queen_Victoria
Place	Cochecton,_New_York
Architect	Thomas_Silloway
ArchitecturalStyle	Timber_framing
Architect	William_Douglas
Place	Louisville,_Kentucky
Architect	Montgomery_C._Meigs
ArchitecturalStructure	Brick_Presbyterian_Church_(Perry,_New_York)
ArchitecturalStructure	William_Henry_Seward_Memorial
Architect	Wallace_Rayfield
Architect	Daniel_Burnham
Architect	Guy_Tilden
ArchitecturalStructure	John_Wright_Stanly_House
Place	San_Diego
Place	St._Peter,_Minnesota
Place	Bellefonte,_Pennsylvania
Place	Charlotte,_North_Carolina
ArchitecturalStructure	New_Haven_City_Hall_and_County_Courthouse
ArchitecturalStructure	Barnum_Hotel
ArchitecturalStructure	Partridge_Cottage
ArchitecturalStructure	Douglas_County_Courthouse_(Nebraska)
ArchitecturalStructure	William_Smith_House_(Hamilton,_Virginia)
Architect	Henry_Hobson_Richardson
Place	Los_Angeles
Place	Walthill,_Nebraska
Place	St._Albans,_West_Virginia
ArchitecturalStructure	Grant_Park,_Atlanta
Place	Grand_Forks,_North_Dakota
ArchitecturalStructure	Edward_R._Stearns_House
ArchitecturalStructure	Welcome_to_Fabulous_Las_Vegas_sign
ArchitecturalStructure	Chalybeate_Springs_Hotel
ArchitecturalStructure	United_States_Post_Office_(Yonkers,_New_York)
Architect	Magnus_Jemne
ArchitecturalStructure	Trinity_Evangelical_Lutheran_Church_of_Manhattan
ArchitecturalStructure	Gethsemane_Evangelical_Lutheran_Church
Place	Fort_Wayne,_Indiana
Place	Florence_(CDP),_Wisconsin
Architect	John_J._Huddart
ArchitecturalStructure	Pinal_County_Courthouse
Place	Fall_River,_Massachusetts
ArchitecturalStructure	Hibernia_Hall
ArchitecturalStructure	George_A._Lougee_House
Place	Robinson,_Illinois
ArchitecturalStructure	Joseph_F._Glidden_House
Architect	Works_Progress_Administration
ArchitecturalStructure	Liberty_Tower_(Manhattan)
ArchitecturalStructure	Allen_County_Courthouse_(Indiana)
ArchitecturalStructure	Hudson_River_State_Hospital
ArchitecturalStructure	Community_Building_(Ticonderoga,_New_York)
ArchitecturalStructure	Third_Presbyterian_Church_(Springfield,_Ohio)
ArchitecturalStructure	Church_of_the_Ascension,_Episcopal_(Manhattan)
ArchitecturalStructure	Virginia_Robinson_Gardens
Place	Oakley,_Utah
Place	Jamestown,_North_Dakota
Place	Stevensville,_Maryland
Place	River_Raisin
ArchitecturalStructure	Dutch_Reformed_Church_(Newburgh,_New_York)
Architect	George_S._Mills
Architect	Edward_M._Hackett
ArchitecturalStructure	Faith_Mission_(Santa_Barbara,_California)
ArchitecturalStyle	Post-and-plank
Place	Santa_Fe,_New_Mexico
ArchitecturalStructure	Carroll_County_Courthouse_(Indiana)
Place	Omaha,_Nebraska
ArchitecturalStructure	First_Church_of_Christ,_Scientist_(New_Bern,_North_Carolina)
ArchitecturalStructure	St._Joseph's_Catholic_Church_(Wapakoneta,_Ohio)
ArchitecturalStyle	Streamline_Moderne
Architect	John_Hartwell_Cocke
Architect	Edward_Bassford
ArchitecturalStructure	Robinson_High_School_Auditorium-Gymnasium
Architect	George_D._Mason
Place	Cold_Spring,_New_York
Architect	Benjamin_S._Deane
Place	Sterling,_Illinois
ArchitecturalStructure	Touchdown_Tavern
ArchitecturalStructure	Rundel_Memorial_Library
Place	Delavan,_Wisconsin
Architect	Linn_A._Forrest
Place	Wyoming,_Iowa_County,_Wisconsin
ArchitecturalStructure	Frank_J._Baker_House
Architect	Bruce_Price
Architect	Henry_Martyn_Congdon
ArchitecturalStructure	Hyde_Park_Railroad_Station
ArchitecturalStructure	St._Albans_Post_Office
Place	New_London,_Connecticut
ArchitecturalStructure	Rosaly-Batiz_House
ArchitecturalStructure	Colonial_Theater_(Canton,_North_Carolina)
ArchitecturalStyle	Greek_Revival_architecture
Place	Cohasset,_Massachusetts
ArchitecturalStructure	Polk_County_Courthouse_(Iowa)
Architect	Rapp_and_Rapp
ArchitecturalStructure	United_States_Post_Office_(Newburgh,_New_York)
ArchitecturalStructure	Blue_Fox_Theatre
Architect	R._Brognard_Okie
ArchitecturalStructure	Centinela_Adobe
ArchitecturalStructure	Colleton_County_Courthouse
ArchitecturalStructure	Army_Medical_Museum_and_Library
ArchitecturalStructure	Trinity_Episcopal_Church_(Potsdam,_New_York)
Place	Jordanville,_New_York
Place	Garden_City,_New_York
Architect	Raymond_F._Almirall
ArchitecturalStructure	Avery_County_Jail
Architect	Clarence_W._Wigington
ArchitecturalStructure	Hennepin_Center_for_the_Arts
Place	Washington,_North_Carolina
Architect	William_Allen_(Utah_architect)
ArchitecturalStyle	Georgian_architecture
Architect	Montgomery_&_Bishop
ArchitecturalStructure	Rosenbaum_House
Place	New_Orleans
ArchitecturalStructure	James_J._Hill_House
Architect	Calvert_Vaux
Place	Rugby,_North_Dakota
Place	Chicago
ArchitecturalStructure	Stephen_Hogeboom_House
ArchitecturalStructure	White-Pool_House
Architect	Emmons_H._Woolwine
Architect	John_Ariss
Architect	Robert_Mills_(architect)
Place	Eastman,_Georgia
Place	San_Antonio
Place	Illinois
ArchitecturalStructure	Buildings_at_104-116_West_Water_St.
Place	Kent,_Ohio
ArchitecturalStructure	Cloverfields
ArchitecturalStructure	McIntosh_County_Courthouse_(North_Dakota)
ArchitecturalStyle	Queen_Anne_style_architecture_in_the_United_States
ArchitecturalStructure	Sather_Gate
Place	Hartford,_Connecticut
ArchitecturalStructure	Peterson-Dumesnil_House
ArchitecturalStyle	American_Craftsman
Architect	William_C._Knighton
Architect	James_A._Boyce
ArchitecturalStructure	First_Presbyterian_Church_(Detroit,_Michigan)
Place	Mount_Kisco,_New_York
Place	Lincolnton,_North_Carolina
ArchitecturalStructure	United_States_Customhouse_(Portland,_Oregon)
Place	Oil_City,_Pennsylvania
Architect	Albert_Kahn_(architect)

